timestamp,open,high,low,close,volume
2026-04-11T07:00:00+00:00,0.2507,0.2508,0.2503,0.2506,683163.74
2026-04-11T08:00:00+00:00,0.2506,0.2509,0.25,0.2503,549599.23
2026-04-11T09:00:00+00:00,0.2503,0.251,0.2492,0.2505,1076705.9
2026-04-11T10:00:00+00:00,0.2505,0.2507,0.2498,0.2498,237344.2
2026-04-11T11:00:00+00:00,0.2498,0.2501,0.2494,0.2499,424308.31
2026-04-11T12:00:00+00:00,0.2499,0.2505,0.2497,0.2503,210178.26
2026-04-11T13:00:00+00:00,0.2503,0.2503,0.2482,0.249,1856007.02
2026-04-11T14:00:00+00:00,0.249,0.2495,0.2466,0.2474,2623171.65
2026-04-11T15:00:00+00:00,0.2474,0.2488,0.2473,0.2483,503554.35
2026-04-11T16:00:00+00:00,0.2483,0.2509,0.2481,0.2503,2094930.09
2026-04-11T17:00:00+00:00,0.2503,0.2506,0.2484,0.2492,877947.69
2026-04-11T18:00:00+00:00,0.2492,0.2537,0.2483,0.2526,3256395.08
2026-04-11T19:00:00+00:00,0.2526,0.2556,0.2524,0.2545,1789378.94
2026-04-11T20:00:00+00:00,0.2545,0.2551,0.2511,0.2522,1464075.41
2026-04-11T21:00:00+00:00,0.2522,0.2533,0.2513,0.2521,521280.24
2026-04-11T22:00:00+00:00,0.2521,0.2536,0.2505,0.251,839290.92
2026-04-11T23:00:00+00:00,0.251,0.251,0.2487,0.2495,672596.61
2026-04-12T00:00:00+00:00,0.2495,0.2501,0.2485,0.25,523089.06
2026-04-12T01:00:00+00:00,0.25,0.2505,0.2425,0.2442,2998214.38
2026-04-12T02:00:00+00:00,0.2442,0.245,0.243,0.2445,1103919.34
2026-04-12T03:00:00+00:00,0.2445,0.2448,0.2435,0.2439,1268118.55
2026-04-12T04:00:00+00:00,0.2439,0.2441,0.2433,0.2436,1871376.8
2026-04-12T05:00:00+00:00,0.2436,0.2436,0.2422,0.2432,1429195.77
2026-04-12T06:00:00+00:00,0.2432,0.2435,0.2418,0.2422,818746.23
2026-04-12T07:00:00+00:00,0.2422,0.2425,0.2415,0.2415,701481.63
2026-04-12T08:00:00+00:00,0.2415,0.2416,0.2405,0.241,1474776.27
2026-04-12T09:00:00+00:00,0.241,0.241,0.2387,0.2401,1435062.54
2026-04-12T10:00:00+00:00,0.2401,0.2406,0.2393,0.24,1019715.06
2026-04-12T11:00:00+00:00,0.24,0.2409,0.2394,0.2407,441365.71
2026-04-12T12:00:00+00:00,0.2407,0.2411,0.2394,0.2397,594960.52
2026-04-12T13:00:00+00:00,0.2397,0.2402,0.2378,0.2382,993274.33
2026-04-12T14:00:00+00:00,0.2382,0.2393,0.2379,0.2386,912005.15
2026-04-12T15:00:00+00:00,0.2386,0.239,0.237,0.2385,1297806.49
2026-04-12T16:00:00+00:00,0.2385,0.2389,0.2377,0.2388,499617.53
2026-04-12T17:00:00+00:00,0.2388,0.24,0.2384,0.2396,477445.53
2026-04-12T18:00:00+00:00,0.2396,0.2401,0.2384,0.2385,300475.82
2026-04-12T19:00:00+00:00,0.2385,0.2393,0.2378,0.2382,539956.95
2026-04-12T20:00:00+00:00,0.2382,0.2399,0.2378,0.2392,702341.96
2026-04-12T21:00:00+00:00,0.2392,0.2399,0.2389,0.2397,431942.79
2026-04-12T22:00:00+00:00,0.2397,0.2397,0.2366,0.2379,931497.3
2026-04-12T23:00:00+00:00,0.2379,0.2379,0.2354,0.2362,882446.94
2026-04-13T00:00:00+00:00,0.2362,0.2386,0.2359,0.2381,576833.38
2026-04-13T01:00:00+00:00,0.2381,0.2387,0.238,0.2386,226674.54
2026-04-13T02:00:00+00:00,0.2386,0.2387,0.2369,0.2369,489215.83
2026-04-13T03:00:00+00:00,0.2369,0.2383,0.2366,0.2383,383367.9
2026-04-13T04:00:00+00:00,0.2383,0.2391,0.2372,0.2378,503744.53
2026-04-13T05:00:00+00:00,0.2378,0.2382,0.2373,0.2381,256918.95
2026-04-13T06:00:00+00:00,0.2381,0.2398,0.2381,0.2393,479338.31
2026-04-13T07:00:00+00:00,0.2393,0.2395,0.2377,0.2382,297299.53
2026-04-13T08:00:00+00:00,0.2382,0.2386,0.2375,0.2383,389102.68
2026-04-13T09:00:00+00:00,0.2383,0.2395,0.2383,0.2386,485361.06
2026-04-13T10:00:00+00:00,0.2386,0.2386,0.2377,0.2377,213971.41
2026-04-13T11:00:00+00:00,0.2377,0.2387,0.2377,0.2383,348458.81
2026-04-13T12:00:00+00:00,0.2383,0.2421,0.238,0.2411,1008534.18
2026-04-13T13:00:00+00:00,0.2411,0.2427,0.2392,0.2427,693077.84
2026-04-13T14:00:00+00:00,0.2427,0.2433,0.2406,0.243,1033110.59
2026-04-13T15:00:00+00:00,0.243,0.2431,0.239,0.2394,1538406.02
2026-04-13T16:00:00+00:00,0.2394,0.2407,0.2381,0.2394,856487.79
2026-04-13T17:00:00+00:00,0.2394,0.2408,0.2383,0.2383,793125.11
2026-04-13T18:00:00+00:00,0.2383,0.2391,0.2375,0.239,495482.46
2026-04-13T19:00:00+00:00,0.239,0.2419,0.2386,0.2415,1071380.45
2026-04-13T20:00:00+00:00,0.2415,0.2418,0.2391,0.2396,624530.92
2026-04-13T21:00:00+00:00,0.2396,0.2409,0.239,0.2404,395581.03
2026-04-13T22:00:00+00:00,0.2404,0.2485,0.2403,0.2474,3537306.32
2026-04-13T23:00:00+00:00,0.2474,0.249,0.2463,0.2487,3917143.42
2026-04-14T00:00:00+00:00,0.2487,0.2491,0.2449,0.2449,2129805.31
2026-04-14T01:00:00+00:00,0.2449,0.2459,0.2436,0.2453,685665.86
2026-04-14T02:00:00+00:00,0.2453,0.2461,0.2444,0.2446,726578.83
2026-04-14T03:00:00+00:00,0.2446,0.2456,0.2442,0.2446,852570.87
2026-04-14T04:00:00+00:00,0.2446,0.2456,0.2441,0.2441,471188.54
2026-04-14T05:00:00+00:00,0.2441,0.2442,0.2411,0.2419,854132.35
2026-04-14T06:00:00+00:00,0.2419,0.2438,0.2413,0.2436,652269.25
2026-04-14T07:00:00+00:00,0.2436,0.2455,0.243,0.2435,694139.5
2026-04-14T08:00:00+00:00,0.2435,0.2451,0.2425,0.2445,729718.24
2026-04-14T09:00:00+00:00,0.2445,0.2451,0.2433,0.2446,475659.66
2026-04-14T10:00:00+00:00,0.2446,0.245,0.2436,0.2436,950524.45
2026-04-14T11:00:00+00:00,0.2436,0.2447,0.243,0.2435,687094.89
2026-04-14T12:00:00+00:00,0.2435,0.2442,0.2428,0.2436,372170.11
2026-04-14T13:00:00+00:00,0.2436,0.2484,0.2432,0.2484,1588526.95
2026-04-14T14:00:00+00:00,0.2484,0.2496,0.2453,0.2454,1588698.12
2026-04-14T15:00:00+00:00,0.2454,0.2461,0.2434,0.2445,1681703.06
2026-04-14T16:00:00+00:00,0.2445,0.2461,0.2433,0.244,699820.28
2026-04-14T17:00:00+00:00,0.244,0.2455,0.2424,0.244,626549.58
2026-04-14T18:00:00+00:00,0.244,0.245,0.2397,0.2406,1288000.17
2026-04-14T19:00:00+00:00,0.2406,0.2413,0.2389,0.2405,858776.52
2026-04-14T20:00:00+00:00,0.2405,0.241,0.2399,0.2402,247845.48
2026-04-14T21:00:00+00:00,0.2402,0.2417,0.2402,0.2407,171240.45
2026-04-14T22:00:00+00:00,0.2407,0.2414,0.2393,0.2399,617965.97
2026-04-14T23:00:00+00:00,0.2399,0.2401,0.2387,0.2396,1373844.56
2026-04-15T00:00:00+00:00,0.2396,0.2409,0.2395,0.2403,643457.65
2026-04-15T01:00:00+00:00,0.2403,0.2411,0.24,0.2407,405366.76
2026-04-15T02:00:00+00:00,0.2407,0.2413,0.239,0.2396,616671.29
2026-04-15T03:00:00+00:00,0.2396,0.24,0.239,0.2398,296161.53
2026-04-15T04:00:00+00:00,0.2398,0.2411,0.2396,0.2409,513302.12
2026-04-15T05:00:00+00:00,0.2409,0.2419,0.2394,0.2399,609474.09
2026-04-15T06:00:00+00:00,0.2399,0.24,0.2383,0.2387,573546.55
2026-04-15T07:00:00+00:00,0.2387,0.2397,0.2382,0.2383,571503.21
2026-04-15T08:00:00+00:00,0.2383,0.2408,0.2383,0.2401,437986.08
2026-04-15T09:00:00+00:00,0.2401,0.2404,0.2395,0.2399,276815.17
2026-04-15T10:00:00+00:00,0.2399,0.2411,0.2389,0.2398,518143.32
2026-04-15T11:00:00+00:00,0.2398,0.2428,0.2398,0.2417,873306.48
2026-04-15T12:00:00+00:00,0.2417,0.2425,0.241,0.242,455618.61
2026-04-15T13:00:00+00:00,0.242,0.2428,0.2405,0.2412,676237.87
2026-04-15T14:00:00+00:00,0.2412,0.2438,0.2399,0.2435,931101.53
2026-04-15T15:00:00+00:00,0.2435,0.2439,0.2414,0.2427,799313.64
2026-04-15T16:00:00+00:00,0.2427,0.2462,0.2425,0.2454,1402893.54
2026-04-15T17:00:00+00:00,0.2454,0.2467,0.2446,0.2455,948353.77
2026-04-15T18:00:00+00:00,0.2455,0.2465,0.245,0.2463,563690.48
2026-04-15T19:00:00+00:00,0.2463,0.2506,0.246,0.249,2643669.06
2026-04-15T20:00:00+00:00,0.249,0.2491,0.2472,0.2477,708575.98
2026-04-15T21:00:00+00:00,0.2477,0.2486,0.2466,0.2482,418620.76
2026-04-15T22:00:00+00:00,0.2482,0.2499,0.2472,0.2473,1175188.05
2026-04-15T23:00:00+00:00,0.2473,0.2473,0.2449,0.246,948290.05
2026-04-16T00:00:00+00:00,0.246,0.2467,0.2446,0.2455,501131.11
2026-04-16T01:00:00+00:00,0.2455,0.246,0.2438,0.2455,359856.83
2026-04-16T02:00:00+00:00,0.2455,0.2495,0.2455,0.2484,964155.78
2026-04-16T03:00:00+00:00,0.2484,0.25,0.248,0.2492,821017.88
2026-04-16T04:00:00+00:00,0.2492,0.2512,0.2488,0.25,1781914.1
2026-04-16T05:00:00+00:00,0.25,0.2504,0.2491,0.2498,621199.37
2026-04-16T06:00:00+00:00,0.2498,0.2507,0.2486,0.2505,592675.69
2026-04-16T07:00:00+00:00,0.2505,0.2517,0.2494,0.25,2163153.35
2026-04-16T08:00:00+00:00,0.25,0.2506,0.2484,0.2485,880835.74
2026-04-16T09:00:00+00:00,0.2485,0.2506,0.2482,0.2488,1289626.5
2026-04-16T10:00:00+00:00,0.2488,0.249,0.2471,0.2479,594638.52
2026-04-16T11:00:00+00:00,0.2479,0.2489,0.247,0.2483,397569.85
2026-04-16T12:00:00+00:00,0.2483,0.2507,0.2483,0.2504,795384.0
2026-04-16T13:00:00+00:00,0.2504,0.2545,0.2471,0.2493,3352838.05
2026-04-16T14:00:00+00:00,0.2493,0.2495,0.2454,0.2478,1643138.64
2026-04-16T15:00:00+00:00,0.2478,0.2536,0.2476,0.2533,1741418.88
2026-04-16T16:00:00+00:00,0.2533,0.2553,0.2507,0.2516,2037192.04
2026-04-16T17:00:00+00:00,0.2516,0.2536,0.2508,0.2532,924160.91
2026-04-16T18:00:00+00:00,0.2532,0.2603,0.2532,0.2591,5324448.71
2026-04-16T19:00:00+00:00,0.2591,0.2607,0.2581,0.2603,1986123.41
2026-04-16T20:00:00+00:00,0.2603,0.2614,0.2567,0.2578,858308.16
2026-04-16T21:00:00+00:00,0.2578,0.2593,0.2569,0.2583,1023490.34
2026-04-16T22:00:00+00:00,0.2583,0.2597,0.258,0.2584,645589.04
2026-04-16T23:00:00+00:00,0.2584,0.2603,0.2581,0.2591,459810.3
2026-04-17T00:00:00+00:00,0.2591,0.2598,0.2578,0.2581,434016.24
2026-04-17T01:00:00+00:00,0.2581,0.259,0.2551,0.256,813803.65
2026-04-17T02:00:00+00:00,0.256,0.2564,0.254,0.2551,604008.82
2026-04-17T03:00:00+00:00,0.2551,0.2558,0.2543,0.255,350016.87
2026-04-17T04:00:00+00:00,0.255,0.2553,0.254,0.254,534252.89
2026-04-17T05:00:00+00:00,0.254,0.2541,0.2521,0.2522,507058.63
2026-04-17T06:00:00+00:00,0.2522,0.255,0.252,0.2549,452485.51
2026-04-17T07:00:00+00:00,0.2549,0.2564,0.2549,0.2561,916101.1
2026-04-17T08:00:00+00:00,0.2561,0.2582,0.2559,0.2573,2007945.44
2026-04-17T09:00:00+00:00,0.2573,0.2599,0.2561,0.2584,1607434.23
2026-04-17T10:00:00+00:00,0.2584,0.2585,0.2544,0.255,1227301.64
2026-04-17T11:00:00+00:00,0.255,0.2582,0.255,0.2575,472501.27
2026-04-17T12:00:00+00:00,0.2575,0.2609,0.2568,0.2605,2366118.75
2026-04-17T13:00:00+00:00,0.2605,0.2657,0.2597,0.2652,3674926.48
2026-04-17T14:00:00+00:00,0.2652,0.2679,0.2644,0.2663,1723067.04
2026-04-17T15:00:00+00:00,0.2663,0.2663,0.2623,0.2635,1243147.69
2026-04-17T16:00:00+00:00,0.2635,0.2661,0.2635,0.2661,739437.65
2026-04-17T17:00:00+00:00,0.2661,0.2661,0.2617,0.2636,1222203.93
2026-04-17T18:00:00+00:00,0.2636,0.264,0.2608,0.2613,757807.81
2026-04-17T19:00:00+00:00,0.2613,0.2625,0.2605,0.2611,345924.44
2026-04-17T20:00:00+00:00,0.2611,0.2616,0.2592,0.2605,565305.09
2026-04-17T21:00:00+00:00,0.2605,0.2615,0.2594,0.2605,407969.29
2026-04-17T22:00:00+00:00,0.2605,0.262,0.2599,0.2607,521294.48
2026-04-17T23:00:00+00:00,0.2607,0.2608,0.2575,0.2587,613670.58
2026-04-18T00:00:00+00:00,0.2587,0.2595,0.2571,0.2582,778183.14
2026-04-18T01:00:00+00:00,0.2582,0.2595,0.2569,0.2574,384663.15
2026-04-18T02:00:00+00:00,0.2574,0.259,0.2565,0.2579,474650.23
2026-04-18T03:00:00+00:00,0.2579,0.2582,0.2563,0.257,555364.67
2026-04-18T04:00:00+00:00,0.257,0.2577,0.256,0.2572,409662.83
2026-04-18T05:00:00+00:00,0.2572,0.2584,0.2568,0.2579,649699.26
2026-04-18T06:00:00+00:00,0.2579,0.2584,0.2572,0.2576,244354.29
2026-04-18T07:00:00+00:00,0.2576,0.2589,0.2573,0.2586,438113.76
2026-04-18T08:00:00+00:00,0.2586,0.2586,0.2538,0.2557,2224232.46
2026-04-18T09:00:00+00:00,0.2557,0.2557,0.2536,0.2543,2179883.29
2026-04-18T10:00:00+00:00,0.2543,0.2543,0.2519,0.2526,5219469.38
2026-04-18T11:00:00+00:00,0.2526,0.2528,0.2496,0.2512,2005880.22
2026-04-18T12:00:00+00:00,0.2512,0.252,0.2504,0.2517,1903438.98
2026-04-18T13:00:00+00:00,0.2517,0.2517,0.2497,0.2512,615116.06
2026-04-18T14:00:00+00:00,0.2512,0.252,0.2505,0.2516,600465.6
2026-04-18T15:00:00+00:00,0.2516,0.2522,0.2507,0.2511,266733.47
2026-04-18T16:00:00+00:00,0.2511,0.2511,0.249,0.2494,1190281.99
2026-04-18T17:00:00+00:00,0.2494,0.2498,0.2476,0.2495,796475.23
2026-04-18T18:00:00+00:00,0.2495,0.2497,0.2474,0.2478,960134.65
2026-04-18T19:00:00+00:00,0.2478,0.249,0.2478,0.2488,387778.46
2026-04-18T20:00:00+00:00,0.2488,0.2493,0.248,0.2489,263727.33
2026-04-18T21:00:00+00:00,0.2489,0.2502,0.2489,0.2501,470589.59
2026-04-18T22:00:00+00:00,0.2501,0.2501,0.249,0.2499,182502.7
2026-04-18T23:00:00+00:00,0.2499,0.2509,0.249,0.2491,547979.53
2026-04-19T00:00:00+00:00,0.2491,0.2494,0.2479,0.249,657419.86
2026-04-19T01:00:00+00:00,0.249,0.2498,0.248,0.2483,502248.89
2026-04-19T02:00:00+00:00,0.2483,0.2489,0.2469,0.2479,661049.43
2026-04-19T03:00:00+00:00,0.2479,0.2491,0.2469,0.2481,359391.75
2026-04-19T04:00:00+00:00,0.2481,0.249,0.2461,0.2478,639096.75
2026-04-19T05:00:00+00:00,0.2478,0.2489,0.2472,0.2472,346622.47
2026-04-19T06:00:00+00:00,0.2472,0.2479,0.2461,0.2473,935738.87
2026-04-19T07:00:00+00:00,0.2473,0.2473,0.2445,0.246,1739687.44
2026-04-19T08:00:00+00:00,0.246,0.2461,0.245,0.2454,856142.49
2026-04-19T09:00:00+00:00,0.2454,0.246,0.2447,0.245,480143.75
2026-04-19T10:00:00+00:00,0.245,0.2461,0.2446,0.2457,1271788.6
2026-04-19T11:00:00+00:00,0.2457,0.2483,0.2457,0.2474,691256.09
2026-04-19T12:00:00+00:00,0.2474,0.2488,0.2472,0.248,711493.98
2026-04-19T13:00:00+00:00,0.248,0.251,0.2479,0.2491,2233402.55
2026-04-19T14:00:00+00:00,0.2491,0.2511,0.248,0.2494,9131497.43
2026-04-19T15:00:00+00:00,0.2494,0.2497,0.2462,0.2489,17405981.91
2026-04-19T16:00:00+00:00,0.2489,0.2496,0.2464,0.247,7131058.54
2026-04-19T17:00:00+00:00,0.247,0.2471,0.2447,0.2451,7020385.19
2026-04-19T18:00:00+00:00,0.2451,0.2459,0.2444,0.2457,9419545.88
2026-04-19T19:00:00+00:00,0.2457,0.2478,0.2457,0.2467,10559774.01
2026-04-19T20:00:00+00:00,0.2467,0.2467,0.2444,0.2448,14801813.96
2026-04-19T21:00:00+00:00,0.2448,0.2461,0.2437,0.2441,14994482.15
2026-04-19T22:00:00+00:00,0.2441,0.2441,0.2408,0.2423,19212149.29
2026-04-19T23:00:00+00:00,0.2423,0.2428,0.2409,0.2424,8227431.39
2026-04-20T00:00:00+00:00,0.2424,0.2447,0.242,0.2441,11775053.08
2026-04-20T01:00:00+00:00,0.2441,0.2455,0.2433,0.2448,10728974.14
2026-04-20T02:00:00+00:00,0.2448,0.2459,0.2439,0.2454,3302142.67
2026-04-20T03:00:00+00:00,0.2454,0.2464,0.2443,0.2459,3569703.05
2026-04-20T04:00:00+00:00,0.2459,0.2466,0.2445,0.2459,6060427.9
2026-04-20T05:00:00+00:00,0.2459,0.2461,0.2433,0.2439,4189931.53
2026-04-20T06:00:00+00:00,0.2439,0.247,0.2436,0.2456,4055362.62
2026-04-20T07:00:00+00:00,0.2456,0.2493,0.2453,0.2467,10189179.65
2026-04-20T08:00:00+00:00,0.2467,0.2471,0.2452,0.2455,7753415.82
2026-04-20T09:00:00+00:00,0.2455,0.2476,0.2444,0.2468,5735441.83
2026-04-20T10:00:00+00:00,0.2468,0.2487,0.2462,0.2466,8994337.54
2026-04-20T11:00:00+00:00,0.2466,0.2471,0.2459,0.2466,3826646.08
2026-04-20T12:00:00+00:00,0.2466,0.2477,0.2456,0.2472,11635670.19
2026-04-20T13:00:00+00:00,0.2472,0.2482,0.2462,0.2479,10900664.47
2026-04-20T14:00:00+00:00,0.2479,0.2493,0.2452,0.2459,4491442.22
2026-04-20T15:00:00+00:00,0.2459,0.2491,0.2447,0.2476,2596366.08
2026-04-20T16:00:00+00:00,0.2476,0.2478,0.2456,0.2458,1441484.88
2026-04-20T17:00:00+00:00,0.2458,0.2483,0.2457,0.2481,4156709.92
2026-04-20T18:00:00+00:00,0.2481,0.2502,0.2481,0.2499,13128357.18
2026-04-20T19:00:00+00:00,0.2499,0.25,0.2482,0.2489,6386370.5
2026-04-20T20:00:00+00:00,0.2489,0.2506,0.2479,0.2501,12595092.7
2026-04-20T21:00:00+00:00,0.2501,0.2515,0.2489,0.2495,14634329.5
2026-04-20T22:00:00+00:00,0.2495,0.2502,0.2487,0.2488,4907687.4
2026-04-20T23:00:00+00:00,0.2488,0.2488,0.2474,0.2481,10961170.5
2026-04-21T00:00:00+00:00,0.2481,0.2492,0.2479,0.249,3381701.02
2026-04-21T01:00:00+00:00,0.249,0.2497,0.248,0.2482,4191496.75
2026-04-21T02:00:00+00:00,0.2482,0.2483,0.2469,0.2474,7572067.04
2026-04-21T03:00:00+00:00,0.2474,0.2477,0.2463,0.2471,4819472.74
2026-04-21T04:00:00+00:00,0.2471,0.2485,0.2468,0.2484,2556999.5
2026-04-21T05:00:00+00:00,0.2484,0.25,0.2484,0.249,5261947.93
2026-04-21T06:00:00+00:00,0.249,0.2503,0.2478,0.2488,3221711.99
2026-04-21T07:00:00+00:00,0.2488,0.2499,0.2478,0.2494,1549423.27
2026-04-21T08:00:00+00:00,0.2494,0.2524,0.2493,0.2502,1128274.45
2026-04-21T09:00:00+00:00,0.2502,0.251,0.2495,0.2507,1016295.5
2026-04-21T10:00:00+00:00,0.2507,0.2517,0.2501,0.2513,2690235.29
2026-04-21T11:00:00+00:00,0.2513,0.2513,0.2498,0.2502,1482678.16
2026-04-21T12:00:00+00:00,0.2502,0.2507,0.2479,0.2488,1063746.92
2026-04-21T13:00:00+00:00,0.2488,0.2492,0.2477,0.2488,381194.88
2026-04-21T14:00:00+00:00,0.2488,0.2505,0.2479,0.2483,900897.58
2026-04-21T15:00:00+00:00,0.2483,0.2494,0.2475,0.2489,1233632.53
2026-04-21T16:00:00+00:00,0.2489,0.2494,0.2468,0.247,735917.03
2026-04-21T17:00:00+00:00,0.247,0.2479,0.2442,0.2465,1559479.57
2026-04-21T18:00:00+00:00,0.2465,0.2469,0.2455,0.2468,822289.54
2026-04-21T19:00:00+00:00,0.2468,0.248,0.2441,0.2447,1028744.17
2026-04-21T20:00:00+00:00,0.2447,0.2482,0.2447,0.2477,1909514.89
2026-04-21T21:00:00+00:00,0.2477,0.2481,0.2468,0.2477,299407.51
2026-04-21T22:00:00+00:00,0.2477,0.2491,0.247,0.249,324426.88
2026-04-21T23:00:00+00:00,0.249,0.2502,0.2479,0.25,1328687.07
2026-04-22T00:00:00+00:00,0.25,0.2508,0.2495,0.2499,724615.37
2026-04-22T01:00:00+00:00,0.2499,0.2501,0.2489,0.2493,421632.67
2026-04-22T02:00:00+00:00,0.2493,0.2545,0.2489,0.2545,2103057.33
2026-04-22T03:00:00+00:00,0.2545,0.2554,0.2535,0.2542,1178494.73
2026-04-22T04:00:00+00:00,0.2542,0.2552,0.2532,0.2542,1778352.46
2026-04-22T05:00:00+00:00,0.2542,0.2575,0.2539,0.2558,2418950.79
2026-04-22T06:00:00+00:00,0.2558,0.2559,0.255,0.2557,4103221.4
2026-04-22T07:00:00+00:00,0.2557,0.2557,0.2543,0.2548,2469592.7
2026-04-22T08:00:00+00:00,0.2548,0.2554,0.2543,0.2548,2695804.77
2026-04-22T09:00:00+00:00,0.2548,0.2557,0.2546,0.255,1876129.16
2026-04-22T10:00:00+00:00,0.255,0.2563,0.2547,0.2556,664819.48
2026-04-22T11:00:00+00:00,0.2556,0.2564,0.255,0.2557,739449.26
2026-04-22T12:00:00+00:00,0.2557,0.256,0.2545,0.2547,683579.41
2026-04-22T13:00:00+00:00,0.2547,0.2562,0.254,0.2549,2063297.67
2026-04-22T14:00:00+00:00,0.2549,0.2562,0.2542,0.2555,1500600.15
2026-04-22T15:00:00+00:00,0.2555,0.2559,0.2545,0.2551,782963.83
2026-04-22T16:00:00+00:00,0.2551,0.2557,0.2527,0.2528,1136919.45
2026-04-22T17:00:00+00:00,0.2528,0.254,0.2524,0.2533,965781.23
2026-04-22T18:00:00+00:00,0.2533,0.2542,0.2533,0.2534,401433.89
2026-04-22T19:00:00+00:00,0.2534,0.2534,0.2513,0.2525,2474073.83
2026-04-22T20:00:00+00:00,0.2525,0.2526,0.251,0.2511,1329878.24
2026-04-22T21:00:00+00:00,0.2511,0.2524,0.2511,0.2522,712067.63
2026-04-22T22:00:00+00:00,0.2522,0.2522,0.25,0.2504,989521.84
2026-04-22T23:00:00+00:00,0.2504,0.2507,0.2482,0.2484,1147691.97
2026-04-23T00:00:00+00:00,0.2484,0.2496,0.2461,0.2487,2611572.11
2026-04-23T01:00:00+00:00,0.2487,0.2487,0.2472,0.2483,909059.24
2026-04-23T02:00:00+00:00,0.2483,0.2483,0.2457,0.2466,1666624.08
2026-04-23T03:00:00+00:00,0.2466,0.247,0.2452,0.2464,1204544.39
2026-04-23T04:00:00+00:00,0.2464,0.2473,0.2461,0.2469,851868.94
2026-04-23T05:00:00+00:00,0.2469,0.2476,0.2465,0.2473,1081160.48
2026-04-23T06:00:00+00:00,0.2473,0.2484,0.2472,0.2478,1015777.71
2026-04-23T07:00:00+00:00,0.2478,0.2479,0.2467,0.2469,1074650.37
2026-04-23T08:00:00+00:00,0.2469,0.2473,0.2463,0.247,749369.53
2026-04-23T09:00:00+00:00,0.247,0.247,0.2454,0.2461,1694359.37
2026-04-23T10:00:00+00:00,0.2461,0.2463,0.2449,0.2459,2242265.28
2026-04-23T11:00:00+00:00,0.2459,0.248,0.2459,0.2477,924787.82
2026-04-23T12:00:00+00:00,0.2477,0.2483,0.2469,0.2477,1547034.25
2026-04-23T13:00:00+00:00,0.2477,0.2481,0.2471,0.2474,1497020.07
2026-04-23T14:00:00+00:00,0.2474,0.2494,0.247,0.2492,1812406.7
2026-04-23T15:00:00+00:00,0.2492,0.2509,0.2485,0.2504,2608889.91
2026-04-23T16:00:00+00:00,0.2504,0.2509,0.249,0.2491,1278760.12
2026-04-23T17:00:00+00:00,0.2491,0.2493,0.2446,0.2467,5507499.37
2026-04-23T18:00:00+00:00,0.2467,0.2475,0.2459,0.2461,2559527.89
2026-04-23T19:00:00+00:00,0.2461,0.247,0.2455,0.2468,1815833.41
2026-04-23T20:00:00+00:00,0.2468,0.249,0.2466,0.2483,1375886.21
2026-04-23T21:00:00+00:00,0.2483,0.2494,0.248,0.2486,1021994.8
2026-04-23T22:00:00+00:00,0.2486,0.2501,0.2486,0.2493,682019.01
2026-04-23T23:00:00+00:00,0.2493,0.2503,0.2486,0.2498,721199.09
2026-04-24T00:00:00+00:00,0.2498,0.2518,0.2498,0.2517,1894640.56
2026-04-24T01:00:00+00:00,0.2517,0.2518,0.25,0.2516,2800008.63
2026-04-24T02:00:00+00:00,0.2516,0.2516,0.2498,0.25,2172204.24
2026-04-24T03:00:00+00:00,0.25,0.2501,0.2481,0.2485,3832530.06
2026-04-24T04:00:00+00:00,0.2485,0.2486,0.2476,0.2482,1867235.31
2026-04-24T05:00:00+00:00,0.2482,0.2491,0.2473,0.2485,1407306.71
2026-04-24T06:00:00+00:00,0.2485,0.2495,0.2484,0.2487,1277883.88
2026-04-24T07:00:00+00:00,0.2487,0.2494,0.2484,0.2489,958782.15
2026-04-24T08:00:00+00:00,0.2489,0.2501,0.2485,0.2495,1412909.22
2026-04-24T09:00:00+00:00,0.2495,0.2499,0.2482,0.2486,1330309.47
2026-04-24T10:00:00+00:00,0.2486,0.2507,0.2484,0.2502,1362335.67
2026-04-24T11:00:00+00:00,0.2502,0.2519,0.2502,0.2512,2174098.5
2026-04-24T12:00:00+00:00,0.2512,0.2516,0.2501,0.2506,1382720.67
2026-04-24T13:00:00+00:00,0.2506,0.2519,0.2501,0.2504,1315261.77
2026-04-24T14:00:00+00:00,0.2504,0.2512,0.2496,0.2504,1217204.78
2026-04-24T15:00:00+00:00,0.2504,0.2523,0.249,0.2522,2487255.85
2026-04-24T16:00:00+00:00,0.2522,0.2525,0.2512,0.2517,2313712.63
2026-04-24T17:00:00+00:00,0.2517,0.2524,0.2511,0.2519,1143479.66
2026-04-24T18:00:00+00:00,0.2519,0.252,0.2507,0.2518,957691.04
2026-04-24T19:00:00+00:00,0.2518,0.2523,0.2511,0.2517,767802.34
2026-04-24T20:00:00+00:00,0.2517,0.2526,0.2507,0.2524,845327.79
2026-04-24T21:00:00+00:00,0.2524,0.2529,0.2514,0.2517,1114866.95
2026-04-24T22:00:00+00:00,0.2517,0.2517,0.2501,0.2503,1046471.49
2026-04-24T23:00:00+00:00,0.2503,0.2506,0.2501,0.2504,240255.67
2026-04-25T00:00:00+00:00,0.2504,0.2504,0.2496,0.25,404330.08
2026-04-25T01:00:00+00:00,0.25,0.2517,0.2499,0.2515,1500949.01
2026-04-25T02:00:00+00:00,0.2515,0.252,0.2507,0.2511,1882800.32
2026-04-25T03:00:00+00:00,0.2511,0.2518,0.2507,0.2516,628552.4
2026-04-25T04:00:00+00:00,0.2516,0.2523,0.2511,0.2512,1587469.46
2026-04-25T05:00:00+00:00,0.2512,0.252,0.2503,0.2518,1208829.43
2026-04-25T06:00:00+00:00,0.2518,0.2528,0.2513,0.2513,1302700.61
2026-04-25T07:00:00+00:00,0.2513,0.2518,0.2508,0.2513,614820.93
2026-04-25T08:00:00+00:00,0.2513,0.2523,0.2513,0.2521,352748.49
2026-04-25T09:00:00+00:00,0.2521,0.2538,0.2521,0.2535,1029449.31
2026-04-25T10:00:00+00:00,0.2535,0.2539,0.2529,0.2535,748111.8
2026-04-25T11:00:00+00:00,0.2535,0.2536,0.2514,0.2517,1145134.01
2026-04-25T12:00:00+00:00,0.2517,0.2522,0.2512,0.2517,919748.37
2026-04-25T13:00:00+00:00,0.2517,0.2536,0.2517,0.2521,2918816.75
2026-04-25T14:00:00+00:00,0.2521,0.2521,0.2509,0.251,1479597.75
2026-04-25T15:00:00+00:00,0.251,0.2511,0.2497,0.2501,965807.22
2026-04-25T16:00:00+00:00,0.2501,0.2506,0.2488,0.2495,1080108.69
2026-04-25T17:00:00+00:00,0.2495,0.2497,0.2483,0.2486,721261.96
2026-04-25T18:00:00+00:00,0.2486,0.2492,0.2482,0.2488,557015.11
2026-04-25T19:00:00+00:00,0.2488,0.2492,0.2486,0.2491,523684.32
2026-04-25T20:00:00+00:00,0.2491,0.2498,0.249,0.2498,523005.7
2026-04-25T21:00:00+00:00,0.2498,0.2501,0.2491,0.2493,600060.06
2026-04-25T22:00:00+00:00,0.2493,0.2504,0.2493,0.2499,724114.65
2026-04-25T23:00:00+00:00,0.2499,0.2503,0.2497,0.2502,535376.81
2026-04-26T00:00:00+00:00,0.2502,0.2502,0.2489,0.2492,696505.11
2026-04-26T01:00:00+00:00,0.2492,0.2493,0.2485,0.2487,708102.17
2026-04-26T02:00:00+00:00,0.2487,0.2499,0.2487,0.2495,731620.51
2026-04-26T03:00:00+00:00,0.2495,0.2501,0.2488,0.2495,824005.83
2026-04-26T04:00:00+00:00,0.2495,0.2508,0.2489,0.2501,685377.77
2026-04-26T05:00:00+00:00,0.2501,0.2516,0.2499,0.2506,982969.29
2026-04-26T06:00:00+00:00,0.2506,0.252,0.2506,0.2514,806595.82
2026-04-26T07:00:00+00:00,0.2514,0.252,0.2511,0.2514,619747.8
2026-04-26T08:00:00+00:00,0.2514,0.2518,0.2501,0.2514,1776210.79
2026-04-26T09:00:00+00:00,0.2514,0.2531,0.2512,0.2521,2020086.35
2026-04-26T10:00:00+00:00,0.2521,0.2528,0.2519,0.2526,556823.39
2026-04-26T11:00:00+00:00,0.2526,0.2543,0.2525,0.2535,793861.82
2026-04-26T12:00:00+00:00,0.2535,0.2538,0.2519,0.2526,2709688.77
2026-04-26T13:00:00+00:00,0.2526,0.253,0.2518,0.2519,1282131.08
2026-04-26T14:00:00+00:00,0.2519,0.253,0.2515,0.2526,504141.98
2026-04-26T15:00:00+00:00,0.2526,0.2529,0.252,0.2528,405944.86
2026-04-26T16:00:00+00:00,0.2528,0.2529,0.2511,0.2517,921892.29
2026-04-26T17:00:00+00:00,0.2517,0.2521,0.2509,0.252,529776.03
2026-04-26T18:00:00+00:00,0.252,0.2531,0.2515,0.2526,800819.77
2026-04-26T19:00:00+00:00,0.2526,0.2535,0.2522,0.2523,547771.87
2026-04-26T20:00:00+00:00,0.2523,0.253,0.2518,0.2519,606874.95
2026-04-26T21:00:00+00:00,0.2519,0.2528,0.2507,0.2528,1727334.67
2026-04-26T22:00:00+00:00,0.2528,0.2534,0.2511,0.2518,847389.71
2026-04-26T23:00:00+00:00,0.2518,0.253,0.2511,0.2521,454915.68
2026-04-27T00:00:00+00:00,0.2521,0.255,0.2515,0.2547,1627319.0
2026-04-27T01:00:00+00:00,0.2547,0.2559,0.2536,0.2558,1472567.59
2026-04-27T02:00:00+00:00,0.2558,0.256,0.2544,0.2553,874224.46
2026-04-27T03:00:00+00:00,0.2553,0.2558,0.254,0.254,788684.51
2026-04-27T04:00:00+00:00,0.254,0.2545,0.2527,0.2531,2223065.05
2026-04-27T05:00:00+00:00,0.2531,0.2531,0.2479,0.2485,2986706.86
2026-04-27T06:00:00+00:00,0.2485,0.249,0.2464,0.2478,2595782.28
2026-04-27T07:00:00+00:00,0.2478,0.248,0.2469,0.247,1112069.9
2026-04-27T08:00:00+00:00,0.247,0.2477,0.2466,0.2477,1949374.91
2026-04-27T09:00:00+00:00,0.2477,0.2482,0.2474,0.2476,2284956.3
2026-04-27T10:00:00+00:00,0.2476,0.2482,0.2474,0.2478,593434.91
2026-04-27T11:00:00+00:00,0.2478,0.2479,0.247,0.2478,890910.68
2026-04-27T12:00:00+00:00,0.2478,0.2481,0.247,0.2477,1020186.33
2026-04-27T13:00:00+00:00,0.2477,0.2483,0.2457,0.247,2258149.36
2026-04-27T14:00:00+00:00,0.247,0.2487,0.2465,0.2477,1843865.96
2026-04-27T15:00:00+00:00,0.2477,0.2478,0.2431,0.2446,3252450.6
2026-04-27T16:00:00+00:00,0.2446,0.2454,0.2442,0.245,635858.38
2026-04-27T17:00:00+00:00,0.245,0.246,0.245,0.2451,1251280.38
2026-04-27T18:00:00+00:00,0.2451,0.246,0.2449,0.2458,241347.95
2026-04-27T19:00:00+00:00,0.2458,0.246,0.2444,0.2453,523685.34
2026-04-27T20:00:00+00:00,0.2453,0.2462,0.2453,0.2458,275358.24
2026-04-27T21:00:00+00:00,0.2458,0.2463,0.2451,0.2452,1006172.15
2026-04-27T22:00:00+00:00,0.2452,0.247,0.2451,0.2469,352680.46
2026-04-27T23:00:00+00:00,0.2469,0.2485,0.2469,0.2482,788405.15
2026-04-28T00:00:00+00:00,0.2482,0.2484,0.2474,0.2478,470534.38
2026-04-28T01:00:00+00:00,0.2478,0.2481,0.2475,0.2478,440366.17
2026-04-28T02:00:00+00:00,0.2478,0.2485,0.2466,0.2474,821660.6
2026-04-28T03:00:00+00:00,0.2474,0.2476,0.2469,0.2474,309930.13
2026-04-28T04:00:00+00:00,0.2474,0.2483,0.247,0.2476,697587.98
2026-04-28T05:00:00+00:00,0.2476,0.2489,0.2475,0.2477,733875.7
2026-04-28T06:00:00+00:00,0.2477,0.2483,0.2458,0.2464,680308.08
2026-04-28T07:00:00+00:00,0.2464,0.2479,0.2451,0.2471,1425528.89
2026-04-28T08:00:00+00:00,0.2471,0.2472,0.2459,0.2466,1724670.47
2026-04-28T09:00:00+00:00,0.2466,0.247,0.2455,0.246,528488.01
2026-04-28T10:00:00+00:00,0.246,0.2465,0.246,0.2465,476102.47
2026-04-28T11:00:00+00:00,0.2465,0.2466,0.2452,0.2455,558795.22
2026-04-28T12:00:00+00:00,0.2455,0.2465,0.2448,0.2463,1356307.4
2026-04-28T13:00:00+00:00,0.2463,0.2474,0.2449,0.2463,1692219.8
2026-04-28T14:00:00+00:00,0.2463,0.2463,0.2444,0.2462,1554875.48
2026-04-28T15:00:00+00:00,0.2462,0.2468,0.2452,0.2466,1666598.36
2026-04-28T16:00:00+00:00,0.2466,0.247,0.2458,0.2462,1452877.11
2026-04-28T17:00:00+00:00,0.2462,0.2467,0.2452,0.2462,631166.97
2026-04-28T18:00:00+00:00,0.2462,0.2472,0.246,0.2472,426133.99
2026-04-28T19:00:00+00:00,0.2472,0.2478,0.2466,0.2474,555556.55
2026-04-28T20:00:00+00:00,0.2474,0.2479,0.2472,0.2475,432924.03
2026-04-28T21:00:00+00:00,0.2475,0.2481,0.2475,0.2477,604766.93
2026-04-28T22:00:00+00:00,0.2477,0.2479,0.2467,0.2469,597556.15
2026-04-28T23:00:00+00:00,0.2469,0.247,0.2464,0.2469,383081.65
2026-04-29T00:00:00+00:00,0.2469,0.2473,0.2465,0.2471,371988.91
2026-04-29T01:00:00+00:00,0.2471,0.2476,0.2463,0.2473,653867.31
2026-04-29T02:00:00+00:00,0.2473,0.2478,0.2469,0.2473,675201.28
2026-04-29T03:00:00+00:00,0.2473,0.2495,0.2473,0.249,1894975.88
2026-04-29T04:00:00+00:00,0.249,0.2505,0.2486,0.2493,2719194.84
2026-04-29T05:00:00+00:00,0.2493,0.2499,0.2488,0.2496,2105019.71
2026-04-29T06:00:00+00:00,0.2496,0.2501,0.2485,0.2488,2160633.2
2026-04-29T07:00:00+00:00,0.2488,0.2505,0.2488,0.2495,2120313.95
2026-04-29T08:00:00+00:00,0.2495,0.25,0.2493,0.2495,1351506.68
2026-04-29T09:00:00+00:00,0.2495,0.2533,0.2492,0.2529,2337868.29
2026-04-29T10:00:00+00:00,0.2529,0.2541,0.2516,0.2525,2219997.92
2026-04-29T11:00:00+00:00,0.2525,0.2527,0.2512,0.2513,931102.66
2026-04-29T12:00:00+00:00,0.2513,0.2515,0.2483,0.2491,2128066.59
2026-04-29T13:00:00+00:00,0.2491,0.2493,0.2464,0.2477,1753406.12
2026-04-29T14:00:00+00:00,0.2477,0.2477,0.2461,0.2462,871911.21
2026-04-29T15:00:00+00:00,0.2462,0.2465,0.2434,0.2441,2256704.6
2026-04-29T16:00:00+00:00,0.2441,0.2449,0.2426,0.2435,2193760.12
2026-04-29T17:00:00+00:00,0.2435,0.2451,0.2434,0.2451,984013.67
2026-04-29T18:00:00+00:00,0.2451,0.2453,0.2384,0.2418,5355423.05
2026-04-29T19:00:00+00:00,0.2418,0.2422,0.2409,0.2417,1185570.62
2026-04-29T20:00:00+00:00,0.2417,0.2437,0.2415,0.2433,1312406.04
2026-04-29T21:00:00+00:00,0.2433,0.2451,0.2428,0.2444,706895.34
2026-04-29T22:00:00+00:00,0.2444,0.2448,0.244,0.2443,653171.62
2026-04-29T23:00:00+00:00,0.2443,0.2448,0.2435,0.2445,554735.8
2026-04-30T00:00:00+00:00,0.2445,0.247,0.2445,0.2467,1080193.0
2026-04-30T01:00:00+00:00,0.2467,0.2478,0.246,0.2469,1461354.35
2026-04-30T02:00:00+00:00,0.2469,0.2476,0.2448,0.2465,2871706.53
2026-04-30T03:00:00+00:00,0.2465,0.2473,0.2462,0.2467,1105933.99
2026-04-30T04:00:00+00:00,0.2467,0.2468,0.2448,0.245,776204.03
2026-04-30T05:00:00+00:00,0.245,0.2461,0.2445,0.2453,581280.52
2026-04-30T06:00:00+00:00,0.2453,0.2464,0.245,0.2457,655381.17
2026-04-30T07:00:00+00:00,0.2457,0.247,0.2455,0.2467,778360.11
2026-04-30T08:00:00+00:00,0.2467,0.2472,0.246,0.2468,648029.28
2026-04-30T09:00:00+00:00,0.2468,0.2484,0.2466,0.2472,1113006.57
2026-04-30T10:00:00+00:00,0.2472,0.2474,0.2457,0.2458,220164.86
2026-04-30T11:00:00+00:00,0.2458,0.2472,0.2454,0.2462,754734.02
2026-04-30T12:00:00+00:00,0.2462,0.2471,0.2458,0.2458,380138.71
2026-04-30T13:00:00+00:00,0.2458,0.2465,0.245,0.246,394874.23
2026-04-30T14:00:00+00:00,0.246,0.2467,0.245,0.2461,591162.61
2026-04-30T15:00:00+00:00,0.2461,0.2483,0.2456,0.2475,464020.93
2026-04-30T16:00:00+00:00,0.2475,0.2475,0.2461,0.2463,351038.75
2026-04-30T17:00:00+00:00,0.2463,0.2464,0.2454,0.2462,205105.79
2026-04-30T18:00:00+00:00,0.2462,0.2467,0.2457,0.2461,172087.36
2026-04-30T19:00:00+00:00,0.2461,0.2467,0.2458,0.2465,246243.61
2026-04-30T20:00:00+00:00,0.2465,0.2471,0.246,0.2467,332059.03
2026-04-30T21:00:00+00:00,0.2467,0.2473,0.2464,0.2464,446275.73
2026-04-30T22:00:00+00:00,0.2464,0.2471,0.2457,0.2459,180000.19
2026-04-30T23:00:00+00:00,0.2459,0.2465,0.2454,0.2462,339096.27
2026-05-01T00:00:00+00:00,0.2462,0.2474,0.246,0.2465,502703.78
2026-05-01T01:00:00+00:00,0.2465,0.2477,0.2465,0.2473,298601.35
2026-05-01T02:00:00+00:00,0.2473,0.2477,0.2467,0.2473,274799.67
2026-05-01T03:00:00+00:00,0.2473,0.2503,0.2469,0.2488,1003231.97
2026-05-01T04:00:00+00:00,0.2488,0.2499,0.2483,0.2488,572912.77
2026-05-01T05:00:00+00:00,0.2488,0.2498,0.2485,0.2487,355983.33
2026-05-01T06:00:00+00:00,0.2487,0.2493,0.248,0.2484,407451.87
2026-05-01T07:00:00+00:00,0.2484,0.249,0.248,0.2486,544256.78
2026-05-01T08:00:00+00:00,0.2486,0.2497,0.2485,0.2494,1707768.62
2026-05-01T09:00:00+00:00,0.2494,0.2494,0.2475,0.2481,987878.04
2026-05-01T10:00:00+00:00,0.2481,0.2482,0.247,0.2481,396524.46
2026-05-01T11:00:00+00:00,0.2481,0.2486,0.2475,0.2479,840609.0
2026-05-01T12:00:00+00:00,0.2479,0.2496,0.2478,0.2488,1007999.36
2026-05-01T13:00:00+00:00,0.2488,0.2512,0.2488,0.2504,1905757.0
2026-05-01T14:00:00+00:00,0.2504,0.2508,0.2492,0.2503,1493768.22
2026-05-01T15:00:00+00:00,0.2503,0.2511,0.249,0.2503,2088449.34
2026-05-01T16:00:00+00:00,0.2503,0.2509,0.2489,0.2495,1182766.52
2026-05-01T17:00:00+00:00,0.2495,0.2503,0.2489,0.2502,740741.93
2026-05-01T18:00:00+00:00,0.2502,0.2504,0.2497,0.2499,605003.6
2026-05-01T19:00:00+00:00,0.2499,0.2504,0.2497,0.2498,310949.95
2026-05-01T20:00:00+00:00,0.2498,0.2501,0.2481,0.2485,889231.62
2026-05-01T21:00:00+00:00,0.2485,0.2493,0.2483,0.2487,418117.52
2026-05-01T22:00:00+00:00,0.2487,0.2491,0.2478,0.2481,359955.69
2026-05-01T23:00:00+00:00,0.2481,0.2483,0.2476,0.2483,357926.05
2026-05-02T00:00:00+00:00,0.2483,0.2485,0.2477,0.2484,323906.95
2026-05-02T01:00:00+00:00,0.2484,0.2487,0.2481,0.2482,287034.4
2026-05-02T02:00:00+00:00,0.2482,0.2485,0.2479,0.2483,372481.72
2026-05-02T03:00:00+00:00,0.2483,0.2486,0.2477,0.2481,355180.36
2026-05-02T04:00:00+00:00,0.2481,0.2483,0.2475,0.248,1538865.68
2026-05-02T05:00:00+00:00,0.248,0.2481,0.247,0.2472,463301.96
2026-05-02T06:00:00+00:00,0.2472,0.248,0.2471,0.248,409084.48
2026-05-02T07:00:00+00:00,0.248,0.2481,0.2476,0.2477,326191.62
2026-05-02T08:00:00+00:00,0.2477,0.2482,0.2474,0.2481,260407.35
2026-05-02T09:00:00+00:00,0.2481,0.249,0.2481,0.2487,639194.64
2026-05-02T10:00:00+00:00,0.2487,0.2491,0.2487,0.2489,203138.05
2026-05-02T11:00:00+00:00,0.2489,0.2489,0.2482,0.2483,463981.0
2026-05-02T12:00:00+00:00,0.2483,0.2485,0.2477,0.2479,493221.9
2026-05-02T13:00:00+00:00,0.2479,0.2492,0.2479,0.2488,414933.78
2026-05-02T14:00:00+00:00,0.2488,0.2501,0.2487,0.2498,710722.62
2026-05-02T15:00:00+00:00,0.2498,0.2502,0.2495,0.2502,478813.39
2026-05-02T16:00:00+00:00,0.2502,0.2508,0.25,0.2507,785866.13
2026-05-02T17:00:00+00:00,0.2507,0.2508,0.2497,0.2498,624433.42
2026-05-02T18:00:00+00:00,0.2498,0.2505,0.2492,0.2503,355739.95
2026-05-02T19:00:00+00:00,0.2503,0.2514,0.2503,0.2512,460004.38
2026-05-02T20:00:00+00:00,0.2512,0.2515,0.2508,0.2511,588183.74
2026-05-02T21:00:00+00:00,0.2511,0.2527,0.2507,0.2511,1061601.58
2026-05-02T22:00:00+00:00,0.2511,0.2516,0.2504,0.2509,327391.52
2026-05-02T23:00:00+00:00,0.2509,0.2509,0.25,0.2502,529289.05
2026-05-03T00:00:00+00:00,0.2502,0.2505,0.2494,0.2497,500103.55
2026-05-03T01:00:00+00:00,0.2497,0.2498,0.2482,0.2483,294360.88
2026-05-03T02:00:00+00:00,0.2483,0.2486,0.2475,0.2479,246205.06
2026-05-03T03:00:00+00:00,0.2479,0.2482,0.2474,0.248,224625.22
2026-05-03T04:00:00+00:00,0.248,0.2488,0.2476,0.2483,287911.36
2026-05-03T05:00:00+00:00,0.2483,0.2487,0.2478,0.2483,260643.05
2026-05-03T06:00:00+00:00,0.2483,0.2488,0.2475,0.2485,201832.66
2026-05-03T07:00:00+00:00,0.2485,0.2496,0.2485,0.2489,905974.06
2026-05-03T08:00:00+00:00,0.2489,0.2493,0.2484,0.2484,214637.47
2026-05-03T09:00:00+00:00,0.2484,0.2496,0.2482,0.2493,527481.67
2026-05-03T10:00:00+00:00,0.2493,0.2495,0.2487,0.2487,306087.91
2026-05-03T11:00:00+00:00,0.2487,0.2505,0.2483,0.2497,878642.61
2026-05-03T12:00:00+00:00,0.2497,0.2509,0.2497,0.2502,442717.93
2026-05-03T13:00:00+00:00,0.2502,0.2504,0.2497,0.2499,358580.32
2026-05-03T14:00:00+00:00,0.2499,0.2505,0.2495,0.2502,303978.05
2026-05-03T15:00:00+00:00,0.2502,0.2512,0.2502,0.2508,454371.04
2026-05-03T16:00:00+00:00,0.2508,0.2513,0.2505,0.2511,364659.72
2026-05-03T17:00:00+00:00,0.2511,0.2514,0.2505,0.2507,861500.37
2026-05-03T18:00:00+00:00,0.2507,0.2512,0.2505,0.2507,360845.97
2026-05-03T19:00:00+00:00,0.2507,0.2513,0.2505,0.2508,272854.38
2026-05-03T20:00:00+00:00,0.2508,0.2517,0.2502,0.2503,462176.41
2026-05-03T21:00:00+00:00,0.2503,0.2509,0.2485,0.2494,2383821.23
2026-05-03T22:00:00+00:00,0.2494,0.2517,0.2494,0.2511,838954.48
2026-05-03T23:00:00+00:00,0.2511,0.2514,0.2493,0.2495,1010643.44
2026-05-04T00:00:00+00:00,0.2495,0.2496,0.2474,0.249,1060483.38
2026-05-04T01:00:00+00:00,0.249,0.2526,0.2478,0.2521,2303105.81
2026-05-04T02:00:00+00:00,0.2521,0.2543,0.2521,0.2534,3721925.87
2026-05-04T03:00:00+00:00,0.2534,0.2544,0.2529,0.2537,1171044.03
2026-05-04T04:00:00+00:00,0.2537,0.2552,0.2533,0.2535,1120807.67
2026-05-04T05:00:00+00:00,0.2535,0.2536,0.2525,0.2532,646710.86
2026-05-04T06:00:00+00:00,0.2532,0.2536,0.251,0.2532,3930942.38
2026-05-04T07:00:00+00:00,0.2532,0.2532,0.2516,0.2517,1240501.73
2026-05-04T08:00:00+00:00,0.2517,0.2523,0.2512,0.2517,2208624.05
2026-05-04T09:00:00+00:00,0.2517,0.2534,0.2515,0.253,1615535.21
2026-05-04T10:00:00+00:00,0.253,0.2531,0.2472,0.2486,11398663.67
2026-05-04T11:00:00+00:00,0.2486,0.2489,0.2481,0.2486,2159470.49
2026-05-04T12:00:00+00:00,0.2486,0.2498,0.2484,0.2491,1481104.15
2026-05-04T13:00:00+00:00,0.2491,0.2506,0.2483,0.25,3855707.64
2026-05-04T14:00:00+00:00,0.25,0.2533,0.2491,0.2524,5668580.32
2026-05-04T15:00:00+00:00,0.2524,0.2527,0.2494,0.2507,7802047.29
2026-05-04T16:00:00+00:00,0.2507,0.2516,0.2496,0.2506,2985451.65
2026-05-04T17:00:00+00:00,0.2506,0.2529,0.2505,0.2521,2138869.66
2026-05-04T18:00:00+00:00,0.2521,0.2528,0.2513,0.2522,1443373.65
2026-05-04T19:00:00+00:00,0.2522,0.2522,0.2507,0.2511,1160006.0
2026-05-04T20:00:00+00:00,0.2511,0.2512,0.2495,0.2498,1076307.1
2026-05-04T21:00:00+00:00,0.2498,0.2517,0.2497,0.2511,1079882.13
2026-05-04T22:00:00+00:00,0.2511,0.2515,0.25,0.2504,803265.53
2026-05-04T23:00:00+00:00,0.2504,0.2506,0.2496,0.25,680994.36
2026-05-05T00:00:00+00:00,0.25,0.251,0.2498,0.2508,954237.53
2026-05-05T01:00:00+00:00,0.2508,0.2513,0.2503,0.251,704273.09
2026-05-05T02:00:00+00:00,0.251,0.2523,0.2507,0.2517,1013968.98
2026-05-05T03:00:00+00:00,0.2517,0.2531,0.2512,0.2526,1207853.61
2026-05-05T04:00:00+00:00,0.2526,0.2531,0.2521,0.2523,1613805.55
2026-05-05T05:00:00+00:00,0.2523,0.2534,0.2521,0.253,1553179.41
2026-05-05T06:00:00+00:00,0.253,0.2552,0.2525,0.2547,3183965.68
2026-05-05T07:00:00+00:00,0.2547,0.2583,0.2544,0.2566,6081350.36
2026-05-05T08:00:00+00:00,0.2566,0.2581,0.2564,0.2568,1817997.64
2026-05-05T09:00:00+00:00,0.2568,0.2594,0.2568,0.2575,2314748.83
2026-05-05T10:00:00+00:00,0.2575,0.2599,0.2571,0.259,3369286.47
2026-05-05T11:00:00+00:00,0.259,0.2593,0.2575,0.2586,1148153.75
2026-05-05T12:00:00+00:00,0.2586,0.2593,0.2582,0.2589,980004.12
2026-05-05T13:00:00+00:00,0.2589,0.2598,0.2576,0.2586,1349630.13
2026-05-05T14:00:00+00:00,0.2586,0.2588,0.2558,0.257,1839447.87
2026-05-05T15:00:00+00:00,0.257,0.2579,0.2568,0.2569,724606.41
2026-05-05T16:00:00+00:00,0.2569,0.258,0.2561,0.2576,999913.82
2026-05-05T17:00:00+00:00,0.2576,0.2588,0.2568,0.2583,795124.16
2026-05-05T18:00:00+00:00,0.2583,0.2589,0.2578,0.258,427681.73
2026-05-05T19:00:00+00:00,0.258,0.2588,0.2576,0.2588,618953.78
2026-05-05T20:00:00+00:00,0.2588,0.2615,0.2584,0.2612,3229404.29
2026-05-05T21:00:00+00:00,0.2612,0.2646,0.2612,0.2642,3902330.85
2026-05-05T22:00:00+00:00,0.2642,0.2657,0.2615,0.2625,3331804.12
2026-05-05T23:00:00+00:00,0.2625,0.2633,0.2613,0.262,928555.07
2026-05-06T00:00:00+00:00,0.262,0.263,0.26,0.2608,1263889.77
2026-05-06T01:00:00+00:00,0.2608,0.2635,0.2608,0.2631,538175.08
2026-05-06T02:00:00+00:00,0.2631,0.2633,0.261,0.262,386370.23
2026-05-06T03:00:00+00:00,0.262,0.2643,0.2617,0.2639,585182.02
2026-05-06T04:00:00+00:00,0.2639,0.2644,0.2624,0.2624,839076.96
2026-05-06T05:00:00+00:00,0.2624,0.2641,0.262,0.264,558988.88
2026-05-06T06:00:00+00:00,0.264,0.2644,0.2631,0.2638,589650.35
2026-05-06T07:00:00+00:00,0.2638,0.2653,0.2634,0.2648,781713.19
2026-05-06T08:00:00+00:00,0.2648,0.2723,0.2648,0.272,7949485.71
2026-05-06T09:00:00+00:00,0.272,0.2737,0.27,0.273,4046921.22
2026-05-06T10:00:00+00:00,0.273,0.2733,0.2706,0.2711,1593015.41
2026-05-06T11:00:00+00:00,0.2711,0.2718,0.2702,0.2718,1466585.27
2026-05-06T12:00:00+00:00,0.2718,0.2723,0.2706,0.2718,2077583.75
2026-05-06T13:00:00+00:00,0.2718,0.2718,0.264,0.2652,8636245.45
2026-05-06T14:00:00+00:00,0.2652,0.267,0.2629,0.2658,2874104.02
2026-05-06T15:00:00+00:00,0.2658,0.2678,0.2657,0.2676,1398810.35
2026-05-06T16:00:00+00:00,0.2676,0.2683,0.2657,0.2668,1690888.01
2026-05-06T17:00:00+00:00,0.2668,0.2672,0.2656,0.2657,912270.18
2026-05-06T18:00:00+00:00,0.2657,0.2666,0.2649,0.266,978843.35
2026-05-06T19:00:00+00:00,0.266,0.2666,0.2656,0.2665,439301.58
2026-05-06T20:00:00+00:00,0.2665,0.2677,0.2656,0.2661,754655.5
2026-05-06T21:00:00+00:00,0.2661,0.2688,0.265,0.2686,1337473.87
2026-05-06T22:00:00+00:00,0.2686,0.2686,0.2656,0.266,696173.46
2026-05-06T23:00:00+00:00,0.266,0.267,0.2643,0.2669,1342839.21
2026-05-07T00:00:00+00:00,0.2669,0.2673,0.2649,0.2654,1309197.2
2026-05-07T01:00:00+00:00,0.2654,0.2659,0.2639,0.2652,1722943.62
2026-05-07T02:00:00+00:00,0.2652,0.2656,0.2633,0.2646,1970602.43
2026-05-07T03:00:00+00:00,0.2646,0.2654,0.2636,0.2637,829885.7
2026-05-07T04:00:00+00:00,0.2637,0.2665,0.2635,0.2651,1140242.78
2026-05-07T05:00:00+00:00,0.2651,0.2673,0.2651,0.266,1383907.31
2026-05-07T06:00:00+00:00,0.266,0.2676,0.2645,0.2675,1390872.24
2026-05-07T07:00:00+00:00,0.2675,0.2686,0.267,0.2684,809188.59
2026-05-07T08:00:00+00:00,0.2684,0.2688,0.2672,0.2679,1183857.64
2026-05-07T09:00:00+00:00,0.2679,0.268,0.2665,0.2669,865159.31
2026-05-07T10:00:00+00:00,0.2669,0.2676,0.2657,0.2672,948898.54
2026-05-07T11:00:00+00:00,0.2672,0.2685,0.267,0.268,738047.64
2026-05-07T12:00:00+00:00,0.268,0.2703,0.2678,0.2692,1902371.84
2026-05-07T13:00:00+00:00,0.2692,0.2692,0.2649,0.2661,2436158.35
2026-05-07T14:00:00+00:00,0.2661,0.2667,0.2623,0.2637,2822658.67
2026-05-07T15:00:00+00:00,0.2637,0.2643,0.2612,0.2619,2584032.56
2026-05-07T16:00:00+00:00,0.2619,0.2634,0.2611,0.262,1878939.05
2026-05-07T17:00:00+00:00,0.262,0.2628,0.2597,0.2627,2899270.96
2026-05-07T18:00:00+00:00,0.2627,0.2642,0.2624,0.2635,1194814.45
2026-05-07T19:00:00+00:00,0.2635,0.2641,0.2625,0.263,1108558.6
2026-05-07T20:00:00+00:00,0.263,0.2646,0.2617,0.2618,1242139.04
2026-05-07T21:00:00+00:00,0.2618,0.2628,0.2609,0.2616,1364089.41
2026-05-07T22:00:00+00:00,0.2616,0.2624,0.2608,0.2619,1470794.22
2026-05-07T23:00:00+00:00,0.2619,0.263,0.2618,0.2627,479546.55
2026-05-08T00:00:00+00:00,0.2627,0.2632,0.2615,0.262,643694.25
2026-05-08T01:00:00+00:00,0.262,0.2623,0.261,0.2619,1001679.14
2026-05-08T02:00:00+00:00,0.2619,0.2624,0.2603,0.2614,1395492.15
2026-05-08T03:00:00+00:00,0.2614,0.2625,0.2601,0.2619,1373664.12
2026-05-08T04:00:00+00:00,0.2619,0.2628,0.2618,0.2623,343823.53
2026-05-08T05:00:00+00:00,0.2623,0.2625,0.2614,0.2614,789272.53
2026-05-08T06:00:00+00:00,0.2614,0.2619,0.2607,0.2615,1303254.27
2026-05-08T07:00:00+00:00,0.2615,0.2623,0.2606,0.2621,1260453.5
2026-05-08T08:00:00+00:00,0.2621,0.2644,0.2613,0.2635,5336374.07
2026-05-08T09:00:00+00:00,0.2635,0.2645,0.2627,0.2636,1124806.27
2026-05-08T10:00:00+00:00,0.2636,0.2647,0.2632,0.264,712786.88
2026-05-08T11:00:00+00:00,0.264,0.2648,0.2639,0.2646,2315171.02
2026-05-08T12:00:00+00:00,0.2646,0.2654,0.2636,0.2639,2769494.43
2026-05-08T13:00:00+00:00,0.2639,0.2643,0.2629,0.2639,1495703.38
2026-05-08T14:00:00+00:00,0.2639,0.2676,0.2639,0.2673,1712421.23
2026-05-08T15:00:00+00:00,0.2673,0.2697,0.2657,0.2696,1526134.35
2026-05-08T16:00:00+00:00,0.2696,0.2697,0.2678,0.2692,1882469.29
2026-05-08T17:00:00+00:00,0.2692,0.2724,0.269,0.2709,2218229.98
2026-05-08T18:00:00+00:00,0.2709,0.273,0.2709,0.2719,2061759.09
2026-05-08T19:00:00+00:00,0.2719,0.2735,0.2711,0.2718,2126460.77
2026-05-08T20:00:00+00:00,0.2718,0.272,0.2706,0.2714,1783031.75
2026-05-08T21:00:00+00:00,0.2714,0.2785,0.2714,0.276,3836948.03
2026-05-08T22:00:00+00:00,0.276,0.2774,0.2747,0.275,784401.68
2026-05-08T23:00:00+00:00,0.275,0.2751,0.2724,0.2735,606948.87
2026-05-09T00:00:00+00:00,0.2735,0.2759,0.2732,0.2757,898446.56
2026-05-09T01:00:00+00:00,0.2757,0.2784,0.2753,0.2776,878904.61
2026-05-09T02:00:00+00:00,0.2776,0.278,0.2764,0.2772,667015.57
2026-05-09T03:00:00+00:00,0.2772,0.2774,0.2757,0.2762,540263.7
2026-05-09T04:00:00+00:00,0.2762,0.2779,0.275,0.2751,758136.53
2026-05-09T05:00:00+00:00,0.2751,0.2768,0.2748,0.2759,383868.88
2026-05-09T06:00:00+00:00,0.2759,0.2764,0.2743,0.2748,489879.57
2026-05-09T07:00:00+00:00,0.2748,0.2752,0.2741,0.2752,421280.5
2026-05-09T08:00:00+00:00,0.2752,0.2765,0.275,0.2757,319109.73
2026-05-09T09:00:00+00:00,0.2757,0.2758,0.2727,0.273,503214.64
2026-05-09T10:00:00+00:00,0.273,0.2736,0.2722,0.2731,286106.63
2026-05-09T11:00:00+00:00,0.2731,0.2739,0.273,0.2736,169129.33
2026-05-09T12:00:00+00:00,0.2736,0.2741,0.2726,0.2733,234491.74
2026-05-09T13:00:00+00:00,0.2733,0.2734,0.2714,0.2724,434750.23
2026-05-09T14:00:00+00:00,0.2724,0.2725,0.271,0.2712,534094.98
2026-05-09T15:00:00+00:00,0.2712,0.2715,0.27,0.2705,617243.15
2026-05-09T16:00:00+00:00,0.2705,0.2713,0.2695,0.2707,322498.79
2026-05-09T17:00:00+00:00,0.2707,0.2726,0.2707,0.2719,532623.99
2026-05-09T18:00:00+00:00,0.2719,0.273,0.2718,0.272,285165.76
2026-05-09T19:00:00+00:00,0.272,0.2727,0.2719,0.2727,240566.07
2026-05-09T20:00:00+00:00,0.2727,0.2728,0.2719,0.2724,116318.25
2026-05-09T21:00:00+00:00,0.2724,0.273,0.272,0.2722,150493.42
2026-05-09T22:00:00+00:00,0.2722,0.2728,0.2719,0.2723,188033.98
2026-05-09T23:00:00+00:00,0.2723,0.2726,0.2704,0.2709,419219.43
2026-05-10T00:00:00+00:00,0.2709,0.2719,0.2701,0.2704,644238.32
2026-05-10T01:00:00+00:00,0.2704,0.2704,0.2689,0.2697,706518.19
2026-05-10T02:00:00+00:00,0.2697,0.2707,0.2693,0.2702,332869.65
2026-05-10T03:00:00+00:00,0.2702,0.2709,0.2697,0.2701,432472.59
2026-05-10T04:00:00+00:00,0.2701,0.2707,0.2699,0.2704,185396.62
2026-05-10T05:00:00+00:00,0.2704,0.2707,0.2692,0.2697,640205.52
2026-05-10T06:00:00+00:00,0.2697,0.2701,0.2684,0.2698,1577733.73
2026-05-10T07:00:00+00:00,0.2698,0.2712,0.2698,0.2707,420579.29
2026-05-10T08:00:00+00:00,0.2707,0.2736,0.2706,0.2734,3297569.71
2026-05-10T09:00:00+00:00,0.2734,0.2739,0.272,0.272,2657973.32
2026-05-10T10:00:00+00:00,0.272,0.2731,0.2713,0.2728,1731539.35
2026-05-10T11:00:00+00:00,0.2728,0.273,0.2715,0.2728,1090799.3
2026-05-10T12:00:00+00:00,0.2728,0.2729,0.2721,0.2729,442497.97
2026-05-10T13:00:00+00:00,0.2729,0.2748,0.2726,0.2745,1646445.62
2026-05-10T14:00:00+00:00,0.2745,0.2759,0.2741,0.2755,2505005.86
2026-05-10T15:00:00+00:00,0.2755,0.2824,0.2754,0.2814,6552077.36
2026-05-10T16:00:00+00:00,0.2814,0.2856,0.2803,0.2846,7940359.08
2026-05-10T17:00:00+00:00,0.2846,0.2885,0.2839,0.2867,6876804.27
2026-05-10T18:00:00+00:00,0.2867,0.2883,0.2858,0.2868,2428009.47
2026-05-10T19:00:00+00:00,0.2868,0.2885,0.2847,0.287,2362683.09
2026-05-10T20:00:00+00:00,0.287,0.2881,0.275,0.278,6431840.27
2026-05-10T21:00:00+00:00,0.278,0.2813,0.2762,0.2793,3953792.26
2026-05-10T22:00:00+00:00,0.2793,0.2836,0.2788,0.2831,3802384.78
2026-05-10T23:00:00+00:00,0.2831,0.2837,0.2819,0.2822,5375535.78
2026-05-11T00:00:00+00:00,0.2822,0.2828,0.2785,0.2796,2728011.03
2026-05-11T01:00:00+00:00,0.2796,0.2815,0.2785,0.2805,1605961.48
2026-05-11T02:00:00+00:00,0.2805,0.2806,0.2768,0.2775,1721249.21
2026-05-11T03:00:00+00:00,0.2775,0.2779,0.2741,0.2765,1803922.24
2026-05-11T04:00:00+00:00,0.2765,0.2775,0.2754,0.2771,837268.08
2026-05-11T05:00:00+00:00,0.2771,0.2792,0.2771,0.2786,823053.69
2026-05-11T06:00:00+00:00,0.2786,0.2798,0.2776,0.2782,3426924.49
2026-05-11T07:00:00+00:00,0.2782,0.2782,0.277,0.2777,704736.28
2026-05-11T08:00:00+00:00,0.2777,0.2781,0.2758,0.2765,1232966.47
2026-05-11T09:00:00+00:00,0.2765,0.2789,0.2761,0.2785,1121429.4
2026-05-11T10:00:00+00:00,0.2785,0.2812,0.2783,0.2789,1524475.52
2026-05-11T11:00:00+00:00,0.2789,0.2802,0.2786,0.2794,666486.59
2026-05-11T12:00:00+00:00,0.2794,0.2802,0.278,0.2788,1496129.6
2026-05-11T13:00:00+00:00,0.2788,0.2811,0.2783,0.2807,2427403.47
2026-05-11T14:00:00+00:00,0.2807,0.2819,0.2778,0.2802,3770144.52
2026-05-11T15:00:00+00:00,0.2802,0.2835,0.2798,0.2825,2414302.82
2026-05-11T16:00:00+00:00,0.2825,0.2829,0.2803,0.2816,1659568.27
2026-05-11T17:00:00+00:00,0.2816,0.2825,0.2805,0.2817,927384.55
2026-05-11T18:00:00+00:00,0.2817,0.282,0.28,0.2803,641888.26
2026-05-11T19:00:00+00:00,0.2803,0.2812,0.2795,0.2812,1143320.09
2026-05-11T20:00:00+00:00,0.2812,0.2819,0.2793,0.2808,1226545.04
2026-05-11T21:00:00+00:00,0.2808,0.2819,0.2805,0.2805,789009.5
2026-05-11T22:00:00+00:00,0.2805,0.2816,0.2801,0.2807,741693.58
2026-05-11T23:00:00+00:00,0.2807,0.281,0.2796,0.2804,609691.01
2026-05-12T00:00:00+00:00,0.2804,0.2818,0.2798,0.2813,1458914.98
2026-05-12T01:00:00+00:00,0.2813,0.2816,0.2762,0.2777,3482845.2
2026-05-12T02:00:00+00:00,0.2777,0.2788,0.2774,0.2783,1037817.8
2026-05-12T03:00:00+00:00,0.2783,0.2788,0.2769,0.2771,1292678.2
2026-05-12T04:00:00+00:00,0.2771,0.2782,0.2769,0.2775,1556787.0
2026-05-12T05:00:00+00:00,0.2775,0.2784,0.2774,0.2776,531345.13
2026-05-12T06:00:00+00:00,0.2776,0.2784,0.2766,0.2772,1092426.01
2026-05-12T07:00:00+00:00,0.2772,0.2774,0.2751,0.2769,2051875.95
2026-05-12T08:00:00+00:00,0.2769,0.278,0.2752,0.2762,6423739.47
2026-05-12T09:00:00+00:00,0.2762,0.2764,0.2745,0.2759,1396767.32
2026-05-12T10:00:00+00:00,0.2759,0.276,0.2734,0.2744,2063864.78
2026-05-12T11:00:00+00:00,0.2744,0.275,0.2734,0.2744,965311.04
2026-05-12T12:00:00+00:00,0.2744,0.2754,0.2729,0.2743,1939691.51
2026-05-12T13:00:00+00:00,0.2743,0.2747,0.2714,0.2719,2661456.35
2026-05-12T14:00:00+00:00,0.2719,0.2729,0.2689,0.2693,3190159.98
2026-05-12T15:00:00+00:00,0.2693,0.2706,0.2679,0.2693,1600969.26
2026-05-12T16:00:00+00:00,0.2693,0.2703,0.2673,0.2677,1897919.42
2026-05-12T17:00:00+00:00,0.2677,0.2708,0.2677,0.2704,1516011.01
2026-05-12T18:00:00+00:00,0.2704,0.271,0.2699,0.2703,594855.83
2026-05-12T19:00:00+00:00,0.2703,0.2725,0.2703,0.272,771914.77
2026-05-12T20:00:00+00:00,0.272,0.2722,0.2715,0.272,182072.2
2026-05-12T21:00:00+00:00,0.272,0.2724,0.2716,0.2719,269648.23
2026-05-12T22:00:00+00:00,0.2719,0.2729,0.2714,0.2718,708922.34
2026-05-12T23:00:00+00:00,0.2718,0.2724,0.2706,0.2711,929270.95
2026-05-13T00:00:00+00:00,0.2711,0.2735,0.271,0.2716,3247649.67
2026-05-13T01:00:00+00:00,0.2716,0.2743,0.2716,0.2733,1602361.75
2026-05-13T02:00:00+00:00,0.2733,0.2743,0.273,0.2736,567430.64
2026-05-13T03:00:00+00:00,0.2736,0.2744,0.2733,0.2741,511490.61
2026-05-13T04:00:00+00:00,0.2741,0.2748,0.2736,0.2743,770099.76
2026-05-13T05:00:00+00:00,0.2743,0.2746,0.2726,0.2732,1501716.9
2026-05-13T06:00:00+00:00,0.2732,0.274,0.2726,0.2727,989218.7
2026-05-13T07:00:00+00:00,0.2727,0.2736,0.2726,0.2734,636580.74
2026-05-13T08:00:00+00:00,0.2734,0.2744,0.273,0.274,984968.41
2026-05-13T09:00:00+00:00,0.274,0.2777,0.274,0.2771,3187015.21
2026-05-13T10:00:00+00:00,0.2771,0.2773,0.2735,0.274,1693797.65
2026-05-13T11:00:00+00:00,0.274,0.2742,0.2703,0.2707,3264465.66
2026-05-13T12:00:00+00:00,0.2707,0.2716,0.2662,0.268,6441637.51
2026-05-13T13:00:00+00:00,0.268,0.2691,0.2649,0.2657,3089677.42
2026-05-13T14:00:00+00:00,0.2657,0.2667,0.2639,0.266,2792619.12
2026-05-13T15:00:00+00:00,0.266,0.2667,0.2614,0.2622,4789655.29
2026-05-13T16:00:00+00:00,0.2622,0.2649,0.262,0.2644,2511694.17
2026-05-13T17:00:00+00:00,0.2644,0.265,0.264,0.2642,778221.4
2026-05-13T18:00:00+00:00,0.2642,0.2659,0.2642,0.2648,1120191.33
2026-05-13T19:00:00+00:00,0.2648,0.2648,0.2634,0.2639,999649.25
2026-05-13T20:00:00+00:00,0.2639,0.2652,0.2638,0.2649,784131.73
2026-05-13T21:00:00+00:00,0.2649,0.265,0.2633,0.2641,976594.98
2026-05-13T22:00:00+00:00,0.2641,0.265,0.2631,0.2649,1636923.92
2026-05-13T23:00:00+00:00,0.2649,0.2664,0.2644,0.2648,1838805.68
2026-05-14T00:00:00+00:00,0.2648,0.266,0.2648,0.2657,1213267.06
2026-05-14T01:00:00+00:00,0.2657,0.266,0.2651,0.2655,265984.43
2026-05-14T02:00:00+00:00,0.2655,0.2661,0.2645,0.2648,888775.13
2026-05-14T03:00:00+00:00,0.2648,0.2651,0.2624,0.263,1881629.14
2026-05-14T04:00:00+00:00,0.263,0.2649,0.2626,0.2646,911122.41
2026-05-14T05:00:00+00:00,0.2646,0.2666,0.2646,0.2661,891359.78
2026-05-14T06:00:00+00:00,0.2661,0.2664,0.2653,0.2654,499527.41
2026-05-14T07:00:00+00:00,0.2654,0.2658,0.2646,0.2646,607888.26
2026-05-14T08:00:00+00:00,0.2646,0.2658,0.264,0.2652,2640269.16
2026-05-14T09:00:00+00:00,0.2652,0.2653,0.2638,0.2647,475824.87
2026-05-14T10:00:00+00:00,0.2647,0.2654,0.2636,0.2646,2552150.58
2026-05-14T11:00:00+00:00,0.2646,0.265,0.2636,0.2639,684984.38
2026-05-14T12:00:00+00:00,0.2639,0.2669,0.2639,0.2666,910878.45
2026-05-14T13:00:00+00:00,0.2666,0.268,0.2662,0.2667,1784902.54
2026-05-14T14:00:00+00:00,0.2667,0.2706,0.2649,0.2702,2749433.82
2026-05-14T15:00:00+00:00,0.2702,0.2708,0.269,0.2704,1328978.04
2026-05-14T16:00:00+00:00,0.2704,0.2725,0.2696,0.2723,3819216.88
2026-05-14T17:00:00+00:00,0.2723,0.2735,0.2703,0.2724,3364925.69
2026-05-14T18:00:00+00:00,0.2724,0.2793,0.2715,0.2787,5811003.35
2026-05-14T19:00:00+00:00,0.2787,0.2803,0.2735,0.274,4998623.91
2026-05-14T20:00:00+00:00,0.274,0.2743,0.2717,0.2732,1687526.85
2026-05-14T21:00:00+00:00,0.2732,0.2742,0.2718,0.2736,998948.33
2026-05-14T22:00:00+00:00,0.2736,0.2736,0.2712,0.272,1845655.18
2026-05-14T23:00:00+00:00,0.272,0.2728,0.2699,0.2705,2141589.25
2026-05-15T00:00:00+00:00,0.2705,0.2728,0.2705,0.2723,1024192.63
2026-05-15T01:00:00+00:00,0.2723,0.2729,0.2704,0.2705,945054.87
2026-05-15T02:00:00+00:00,0.2705,0.2714,0.2684,0.2708,1691619.68
2026-05-15T03:00:00+00:00,0.2708,0.2712,0.2693,0.2698,672627.95
2026-05-15T04:00:00+00:00,0.2698,0.2702,0.2677,0.2678,700258.67
2026-05-15T05:00:00+00:00,0.2678,0.2682,0.2649,0.2656,1553666.41
2026-05-15T06:00:00+00:00,0.2656,0.2676,0.2652,0.2673,1475982.8
2026-05-15T07:00:00+00:00,0.2673,0.269,0.2671,0.2683,1018880.66
2026-05-15T08:00:00+00:00,0.2683,0.2685,0.2665,0.2677,1019165.07
2026-05-15T09:00:00+00:00,0.2677,0.268,0.2662,0.2667,622646.27
2026-05-15T10:00:00+00:00,0.2667,0.2687,0.2664,0.2683,533496.02
2026-05-15T11:00:00+00:00,0.2683,0.2686,0.267,0.2672,741263.57
2026-05-15T12:00:00+00:00,0.2672,0.2673,0.2653,0.2655,871794.77
2026-05-15T13:00:00+00:00,0.2655,0.2655,0.2574,0.2581,5832435.95
2026-05-15T14:00:00+00:00,0.2581,0.2599,0.2569,0.2591,5742502.35
2026-05-15T15:00:00+00:00,0.2591,0.2594,0.2572,0.2583,1160677.49
2026-05-15T16:00:00+00:00,0.2583,0.2615,0.2578,0.261,1892155.56
2026-05-15T17:00:00+00:00,0.261,0.2626,0.2608,0.262,967840.05
2026-05-15T18:00:00+00:00,0.262,0.2626,0.2611,0.2622,557814.53
2026-05-15T19:00:00+00:00,0.2622,0.2622,0.2609,0.2611,266402.22
2026-05-15T20:00:00+00:00,0.2611,0.2616,0.2601,0.2608,728469.47
2026-05-15T21:00:00+00:00,0.2608,0.2615,0.2606,0.2609,542429.29
2026-05-15T22:00:00+00:00,0.2609,0.2618,0.2608,0.2617,202083.31
2026-05-15T23:00:00+00:00,0.2617,0.2621,0.2611,0.2616,440192.98
2026-05-16T00:00:00+00:00,0.2616,0.2624,0.2611,0.2617,391463.07
2026-05-16T01:00:00+00:00,0.2617,0.2621,0.2608,0.2619,220880.25
2026-05-16T02:00:00+00:00,0.2619,0.2621,0.261,0.2616,163338.39
2026-05-16T03:00:00+00:00,0.2616,0.262,0.2611,0.2612,260963.98
2026-05-16T04:00:00+00:00,0.2612,0.2613,0.2587,0.2592,933967.39
2026-05-16T05:00:00+00:00,0.2592,0.2596,0.2586,0.2588,354944.35
2026-05-16T06:00:00+00:00,0.2588,0.2589,0.2555,0.2563,1332256.98
2026-05-16T07:00:00+00:00,0.2563,0.2565,0.2534,0.2555,1674264.64
2026-05-16T08:00:00+00:00,0.2555,0.2562,0.2551,0.2552,291942.73
2026-05-16T09:00:00+00:00,0.2552,0.2557,0.2522,0.2533,2409853.15
2026-05-16T10:00:00+00:00,0.2533,0.2543,0.2523,0.2539,1195658.0
2026-05-16T11:00:00+00:00,0.2539,0.2548,0.2539,0.2541,347237.06
2026-05-16T12:00:00+00:00,0.2541,0.2552,0.2538,0.2547,254386.65
2026-05-16T13:00:00+00:00,0.2547,0.255,0.2542,0.2544,1425637.54
2026-05-16T14:00:00+00:00,0.2544,0.2558,0.254,0.255,435110.8
2026-05-16T15:00:00+00:00,0.255,0.2563,0.2549,0.2558,452505.28
2026-05-16T16:00:00+00:00,0.2558,0.2566,0.2552,0.2555,340250.11
2026-05-16T17:00:00+00:00,0.2555,0.2564,0.2555,0.2562,763048.97
2026-05-16T18:00:00+00:00,0.2562,0.2563,0.2552,0.2555,222362.6
2026-05-16T19:00:00+00:00,0.2555,0.2557,0.2551,0.2552,127644.69
2026-05-16T20:00:00+00:00,0.2552,0.2559,0.2551,0.2553,72561.77
2026-05-16T21:00:00+00:00,0.2553,0.2557,0.254,0.2557,747729.6
2026-05-16T22:00:00+00:00,0.2557,0.2557,0.2548,0.2548,141322.31
2026-05-16T23:00:00+00:00,0.2548,0.2554,0.2545,0.2551,154693.55
2026-05-17T00:00:00+00:00,0.2551,0.2555,0.2541,0.2545,329707.02
2026-05-17T01:00:00+00:00,0.2545,0.2548,0.2528,0.2528,297396.24
2026-05-17T02:00:00+00:00,0.2528,0.2539,0.2528,0.2534,716425.69
2026-05-17T03:00:00+00:00,0.2534,0.2548,0.2534,0.2544,171135.44
2026-05-17T04:00:00+00:00,0.2544,0.2557,0.2543,0.2553,161856.48
2026-05-17T05:00:00+00:00,0.2553,0.2565,0.2552,0.2554,645003.71
2026-05-17T06:00:00+00:00,0.2554,0.2558,0.255,0.2556,325068.93
2026-05-17T07:00:00+00:00,0.2556,0.2569,0.2555,0.2563,445653.84
2026-05-17T08:00:00+00:00,0.2563,0.2565,0.2556,0.2556,278269.29
2026-05-17T09:00:00+00:00,0.2556,0.2568,0.2555,0.2565,335967.56
2026-05-17T10:00:00+00:00,0.2565,0.2583,0.2565,0.2574,511197.67
2026-05-17T11:00:00+00:00,0.2574,0.2574,0.2561,0.2567,381083.5
2026-05-17T12:00:00+00:00,0.2567,0.2574,0.2561,0.2561,821478.22
2026-05-17T13:00:00+00:00,0.2561,0.2562,0.2547,0.2556,690091.19
2026-05-17T14:00:00+00:00,0.2556,0.2556,0.2537,0.2553,598627.39
2026-05-17T15:00:00+00:00,0.2553,0.2557,0.2545,0.2553,418613.71
2026-05-17T16:00:00+00:00,0.2553,0.2556,0.2542,0.2546,1028455.45
2026-05-17T17:00:00+00:00,0.2546,0.2546,0.2534,0.2544,440508.72
2026-05-17T18:00:00+00:00,0.2544,0.2549,0.2531,0.2545,568320.38
2026-05-17T19:00:00+00:00,0.2545,0.2555,0.2543,0.2554,224541.89
2026-05-17T20:00:00+00:00,0.2554,0.2556,0.2545,0.2549,505810.42
2026-05-17T21:00:00+00:00,0.2549,0.2561,0.2545,0.2556,215581.09
2026-05-17T22:00:00+00:00,0.2556,0.2556,0.2532,0.2539,479854.59
2026-05-17T23:00:00+00:00,0.2539,0.2539,0.2452,0.2523,7099125.48
2026-05-18T00:00:00+00:00,0.2523,0.2523,0.25,0.2511,1052331.3
2026-05-18T01:00:00+00:00,0.2511,0.2525,0.2489,0.2514,1240300.32
2026-05-18T02:00:00+00:00,0.2514,0.2532,0.2509,0.2519,1219313.35
2026-05-18T03:00:00+00:00,0.2519,0.2525,0.2499,0.2503,349859.81
2026-05-18T04:00:00+00:00,0.2503,0.2515,0.2494,0.2513,352641.3
2026-05-18T05:00:00+00:00,0.2513,0.252,0.2498,0.25,1166112.7
2026-05-18T06:00:00+00:00,0.25,0.2503,0.247,0.2494,2795701.96
2026-05-18T07:00:00+00:00,0.2494,0.2501,0.2482,0.2495,535619.06
2026-05-18T08:00:00+00:00,0.2495,0.2504,0.2493,0.25,385825.71
2026-05-18T09:00:00+00:00,0.25,0.2501,0.2488,0.2492,279422.51
2026-05-18T10:00:00+00:00,0.2492,0.2493,0.2481,0.2483,684069.25
2026-05-18T11:00:00+00:00,0.2483,0.2521,0.248,0.2506,697464.89
2026-05-18T12:00:00+00:00,0.2506,0.2526,0.2505,0.2515,3235864.52
2026-05-18T13:00:00+00:00,0.2515,0.2516,0.2477,0.2494,2852716.11
2026-05-18T14:00:00+00:00,0.2494,0.2494,0.2469,0.2477,1127664.76
2026-05-18T15:00:00+00:00,0.2477,0.2491,0.2463,0.2483,1589142.21
2026-05-18T16:00:00+00:00,0.2483,0.2494,0.2476,0.2489,1014296.46
2026-05-18T17:00:00+00:00,0.2489,0.2498,0.2485,0.2488,707765.15
2026-05-18T18:00:00+00:00,0.2488,0.2489,0.2465,0.247,791097.93
2026-05-18T19:00:00+00:00,0.247,0.2513,0.247,0.2508,1743876.68
2026-05-18T20:00:00+00:00,0.2508,0.2515,0.2498,0.2502,495665.44
2026-05-18T21:00:00+00:00,0.2502,0.253,0.2501,0.2527,494481.84
2026-05-18T22:00:00+00:00,0.2527,0.2531,0.2509,0.2517,904739.37
2026-05-18T23:00:00+00:00,0.2517,0.2524,0.2512,0.2517,187356.79
2026-05-19T00:00:00+00:00,0.2517,0.2536,0.2516,0.2526,460337.87
2026-05-19T01:00:00+00:00,0.2526,0.2526,0.2511,0.2515,358894.2
2026-05-19T02:00:00+00:00,0.2515,0.2522,0.2507,0.2509,432084.82
2026-05-19T03:00:00+00:00,0.2509,0.2523,0.2506,0.2516,573246.96
2026-05-19T04:00:00+00:00,0.2516,0.2524,0.2511,0.2521,505715.03
2026-05-19T05:00:00+00:00,0.2521,0.2523,0.2507,0.2517,386509.97
2026-05-19T06:00:00+00:00,0.2517,0.2525,0.2514,0.2519,666324.68
2026-05-19T07:00:00+00:00,0.2519,0.2531,0.2516,0.2525,401129.6
2026-05-19T08:00:00+00:00,0.2525,0.2525,0.2508,0.2515,366273.04
2026-05-19T09:00:00+00:00,0.2515,0.252,0.2496,0.2506,1026903.9
2026-05-19T10:00:00+00:00,0.2506,0.2508,0.2486,0.2499,2278939.91
2026-05-19T11:00:00+00:00,0.2499,0.2501,0.2483,0.2486,558881.65
2026-05-19T12:00:00+00:00,0.2486,0.2498,0.2482,0.2498,556301.9
2026-05-19T13:00:00+00:00,0.2498,0.2513,0.2494,0.2502,918204.48
2026-05-19T14:00:00+00:00,0.2502,0.2506,0.2472,0.2484,1125492.14
2026-05-19T15:00:00+00:00,0.2484,0.2495,0.2479,0.2485,1280147.45
2026-05-19T16:00:00+00:00,0.2485,0.25,0.248,0.2499,464731.11
2026-05-19T17:00:00+00:00,0.2499,0.25,0.2485,0.2491,423738.35
2026-05-19T18:00:00+00:00,0.2491,0.2493,0.2484,0.2486,398003.04
2026-05-19T19:00:00+00:00,0.2486,0.2495,0.2482,0.2485,177209.07
2026-05-19T20:00:00+00:00,0.2485,0.2495,0.2485,0.2494,141316.18
2026-05-19T21:00:00+00:00,0.2494,0.2498,0.249,0.2492,201384.11
2026-05-19T22:00:00+00:00,0.2492,0.2492,0.2476,0.2481,207231.78
2026-05-19T23:00:00+00:00,0.2481,0.2495,0.2479,0.2483,149850.82
2026-05-20T00:00:00+00:00,0.2483,0.2488,0.2473,0.2482,452573.92
2026-05-20T01:00:00+00:00,0.2482,0.2486,0.2471,0.248,508311.34
2026-05-20T02:00:00+00:00,0.248,0.2485,0.2472,0.2475,311210.96
2026-05-20T03:00:00+00:00,0.2475,0.2488,0.2471,0.2483,522148.89
2026-05-20T04:00:00+00:00,0.2483,0.2488,0.2477,0.2487,314532.47
2026-05-20T05:00:00+00:00,0.2487,0.251,0.2487,0.2502,888296.7
2026-05-20T06:00:00+00:00,0.2502,0.2507,0.2498,0.2502,368046.92
2026-05-20T07:00:00+00:00,0.2502,0.2502,0.2488,0.2492,3185299.61
2026-05-20T08:00:00+00:00,0.2492,0.2506,0.249,0.25,840139.91
2026-05-20T09:00:00+00:00,0.25,0.2504,0.2491,0.2492,244198.74
2026-05-20T10:00:00+00:00,0.2492,0.2504,0.2492,0.25,210250.74
2026-05-20T11:00:00+00:00,0.25,0.2502,0.2484,0.2489,478175.6
2026-05-20T12:00:00+00:00,0.2489,0.2505,0.2486,0.2497,340269.76
2026-05-20T13:00:00+00:00,0.2497,0.2497,0.2473,0.2485,672255.12
2026-05-20T14:00:00+00:00,0.2485,0.2509,0.2479,0.2506,1891119.61
2026-05-20T15:00:00+00:00,0.2506,0.2515,0.2492,0.2503,962935.25
2026-05-20T16:00:00+00:00,0.2503,0.2507,0.2481,0.2501,1203482.38
2026-05-20T17:00:00+00:00,0.2501,0.2514,0.2498,0.2503,1114569.49
2026-05-20T18:00:00+00:00,0.2503,0.2505,0.2491,0.2492,785836.65
2026-05-20T19:00:00+00:00,0.2492,0.2507,0.2488,0.2502,765699.1
2026-05-20T20:00:00+00:00,0.2502,0.2507,0.2493,0.2506,882724.11
2026-05-20T21:00:00+00:00,0.2506,0.2508,0.2498,0.2498,316717.5
2026-05-20T22:00:00+00:00,0.2498,0.2498,0.2483,0.2493,609597.58
2026-05-20T23:00:00+00:00,0.2493,0.2494,0.2484,0.2493,695080.54
2026-05-21T00:00:00+00:00,0.2493,0.2509,0.249,0.2507,317541.86
2026-05-21T01:00:00+00:00,0.2507,0.2521,0.2506,0.2512,787111.48
2026-05-21T02:00:00+00:00,0.2512,0.2523,0.2508,0.2514,615452.41
2026-05-21T03:00:00+00:00,0.2514,0.2523,0.2509,0.2521,398782.88
2026-05-21T04:00:00+00:00,0.2521,0.2527,0.2511,0.2515,1032726.89
2026-05-21T05:00:00+00:00,0.2515,0.2517,0.2485,0.2494,2733310.04
2026-05-21T06:00:00+00:00,0.2494,0.2496,0.2476,0.2481,1631624.22
2026-05-21T07:00:00+00:00,0.2481,0.2494,0.2478,0.2491,1029985.65
2026-05-21T08:00:00+00:00,0.2491,0.2505,0.2491,0.2498,556989.84
2026-05-21T09:00:00+00:00,0.2498,0.2501,0.2487,0.2487,383955.01
2026-05-21T10:00:00+00:00,0.2487,0.2493,0.2458,0.2466,3720438.59
2026-05-21T11:00:00+00:00,0.2466,0.2479,0.2462,0.2467,672055.99
2026-05-21T12:00:00+00:00,0.2467,0.2478,0.2464,0.2475,1033955.25
2026-05-21T13:00:00+00:00,0.2475,0.248,0.2463,0.2473,1141905.37
2026-05-21T14:00:00+00:00,0.2473,0.2481,0.2464,0.2473,1167794.98
2026-05-21T15:00:00+00:00,0.2473,0.2497,0.2469,0.2486,702253.53
2026-05-21T16:00:00+00:00,0.2486,0.2492,0.2478,0.2486,417754.73
2026-05-21T17:00:00+00:00,0.2486,0.2528,0.2483,0.2522,2405413.22
2026-05-21T18:00:00+00:00,0.2522,0.2537,0.2507,0.2516,1210970.38
2026-05-21T19:00:00+00:00,0.2516,0.2528,0.2514,0.2523,834738.73
2026-05-21T20:00:00+00:00,0.2523,0.2529,0.2519,0.2521,228295.26
2026-05-21T21:00:00+00:00,0.2521,0.2532,0.2519,0.2519,495970.31
2026-05-21T22:00:00+00:00,0.2519,0.2522,0.2508,0.2508,259260.52
2026-05-21T23:00:00+00:00,0.2508,0.2516,0.25,0.2506,1303509.12
2026-05-22T00:00:00+00:00,0.2506,0.2508,0.2495,0.2495,294537.26
2026-05-22T01:00:00+00:00,0.2495,0.2505,0.2492,0.2505,790190.34
2026-05-22T02:00:00+00:00,0.2505,0.2512,0.2503,0.2507,758530.75
2026-05-22T03:00:00+00:00,0.2507,0.252,0.2504,0.2517,708999.56
2026-05-22T04:00:00+00:00,0.2517,0.2527,0.2512,0.2518,546490.37
2026-05-22T05:00:00+00:00,0.2518,0.253,0.2515,0.2521,274071.55
2026-05-22T06:00:00+00:00,0.2521,0.2522,0.2504,0.2504,557664.55
2026-05-22T07:00:00+00:00,0.2504,0.2521,0.2494,0.2515,1039452.38
2026-05-22T08:00:00+00:00,0.2515,0.2526,0.2507,0.2516,569105.82
2026-05-22T09:00:00+00:00,0.2516,0.2525,0.2511,0.2512,684792.24
2026-05-22T10:00:00+00:00,0.2512,0.2518,0.2508,0.2515,148325.13
2026-05-22T11:00:00+00:00,0.2515,0.2528,0.2509,0.2526,698541.05
2026-05-22T12:00:00+00:00,0.2526,0.2543,0.2521,0.2543,1506089.69
2026-05-22T13:00:00+00:00,0.2543,0.2546,0.2517,0.2525,2351322.61
2026-05-22T14:00:00+00:00,0.2525,0.2525,0.2489,0.2494,2137168.89
2026-05-22T15:00:00+00:00,0.2494,0.2505,0.248,0.2498,1255762.01
2026-05-22T16:00:00+00:00,0.2498,0.2502,0.2486,0.2494,621060.01
2026-05-22T17:00:00+00:00,0.2494,0.2502,0.2484,0.2489,922695.15
2026-05-22T18:00:00+00:00,0.2489,0.2491,0.243,0.2458,4114993.69
2026-05-22T19:00:00+00:00,0.2458,0.2461,0.2424,0.2444,4160511.56
2026-05-22T20:00:00+00:00,0.2444,0.246,0.2443,0.2457,1045051.85
2026-05-22T21:00:00+00:00,0.2457,0.2468,0.2456,0.246,263232.48
2026-05-22T22:00:00+00:00,0.246,0.2461,0.2446,0.2453,436040.6
2026-05-22T23:00:00+00:00,0.2453,0.2459,0.2411,0.2425,2691659.47
2026-05-23T00:00:00+00:00,0.2425,0.2436,0.2417,0.2434,1587514.56
2026-05-23T01:00:00+00:00,0.2434,0.2439,0.2427,0.2438,324302.21
2026-05-23T02:00:00+00:00,0.2438,0.2442,0.2434,0.2438,339387.87
2026-05-23T03:00:00+00:00,0.2438,0.2441,0.2437,0.2438,112795.29
2026-05-23T04:00:00+00:00,0.2438,0.2438,0.2423,0.2424,372095.67
2026-05-23T05:00:00+00:00,0.2424,0.2424,0.2412,0.242,568510.04
2026-05-23T06:00:00+00:00,0.242,0.2424,0.2416,0.2421,670060.8
2026-05-23T07:00:00+00:00,0.2421,0.2423,0.2358,0.238,6035059.54
2026-05-23T08:00:00+00:00,0.238,0.239,0.237,0.2385,1875365.65
2026-05-23T09:00:00+00:00,0.2385,0.2387,0.2374,0.2384,1062131.09
2026-05-23T10:00:00+00:00,0.2384,0.2394,0.2384,0.239,564450.93
2026-05-23T11:00:00+00:00,0.239,0.2393,0.2382,0.2382,667135.8
2026-05-23T12:00:00+00:00,0.2382,0.2384,0.2378,0.2381,976361.38
2026-05-23T13:00:00+00:00,0.2381,0.2411,0.2381,0.2407,3181235.31
2026-05-23T14:00:00+00:00,0.2407,0.2429,0.2403,0.2426,2374910.16
2026-05-23T15:00:00+00:00,0.2426,0.2436,0.2416,0.2422,2300342.18
2026-05-23T16:00:00+00:00,0.2422,0.2431,0.2419,0.2426,877271.06
2026-05-23T17:00:00+00:00,0.2426,0.2428,0.2419,0.2425,568567.88
2026-05-23T18:00:00+00:00,0.2425,0.2453,0.2424,0.2441,1037574.78
2026-05-23T19:00:00+00:00,0.2441,0.2448,0.2435,0.2442,608147.51
2026-05-23T20:00:00+00:00,0.2442,0.25,0.2437,0.25,4023639.28
2026-05-23T21:00:00+00:00,0.25,0.2508,0.247,0.2478,1729188.04
2026-05-23T22:00:00+00:00,0.2478,0.2487,0.2453,0.2464,4336415.74
2026-05-23T23:00:00+00:00,0.2464,0.2467,0.2457,0.246,575331.11
2026-05-24T00:00:00+00:00,0.246,0.2469,0.2456,0.2463,626650.71
2026-05-24T01:00:00+00:00,0.2463,0.2466,0.2458,0.2464,424067.87
2026-05-24T02:00:00+00:00,0.2464,0.2465,0.2449,0.2457,477975.72
2026-05-24T03:00:00+00:00,0.2457,0.2461,0.2449,0.2453,260970.53
2026-05-24T04:00:00+00:00,0.2453,0.2461,0.2453,0.2458,446042.31
2026-05-24T05:00:00+00:00,0.2458,0.2461,0.2451,0.246,355324.9
2026-05-24T06:00:00+00:00,0.246,0.2464,0.2454,0.2463,353577.97
2026-05-24T07:00:00+00:00,0.2463,0.2464,0.245,0.2454,484241.29
2026-05-24T08:00:00+00:00,0.2454,0.246,0.2451,0.2459,826317.76
2026-05-24T09:00:00+00:00,0.2459,0.2462,0.2455,0.2459,693891.57
2026-05-24T10:00:00+00:00,0.2459,0.2467,0.245,0.2453,2085602.59
2026-05-24T11:00:00+00:00,0.2453,0.246,0.2453,0.2456,400247.2
2026-05-24T12:00:00+00:00,0.2456,0.2456,0.2444,0.2449,512727.44
2026-05-24T13:00:00+00:00,0.2449,0.2452,0.2433,0.2439,636290.7
2026-05-24T14:00:00+00:00,0.2439,0.2442,0.241,0.243,1256316.96
2026-05-24T15:00:00+00:00,0.243,0.2432,0.2426,0.2429,170300.71
2026-05-24T16:00:00+00:00,0.2429,0.2435,0.2423,0.243,345767.55
2026-05-24T17:00:00+00:00,0.243,0.2434,0.2428,0.2432,1517899.75
2026-05-24T18:00:00+00:00,0.2432,0.2434,0.2421,0.2424,561643.8
2026-05-24T19:00:00+00:00,0.2424,0.243,0.2423,0.2426,270106.08
2026-05-24T20:00:00+00:00,0.2426,0.2428,0.2414,0.2419,899478.4
2026-05-24T21:00:00+00:00,0.2419,0.2422,0.2386,0.2393,2039671.83
2026-05-24T22:00:00+00:00,0.2393,0.2422,0.2393,0.241,1392648.91
2026-05-24T23:00:00+00:00,0.241,0.2428,0.241,0.2423,1166144.24
2026-05-25T00:00:00+00:00,0.2423,0.2432,0.2422,0.2427,1529839.62
2026-05-25T01:00:00+00:00,0.2427,0.2429,0.2408,0.2409,797432.37
2026-05-25T02:00:00+00:00,0.2409,0.2429,0.2409,0.2412,434065.22
2026-05-25T03:00:00+00:00,0.2412,0.2414,0.2405,0.241,1431286.65
2026-05-25T04:00:00+00:00,0.241,0.2431,0.2406,0.2429,2464895.72
2026-05-25T05:00:00+00:00,0.2429,0.2437,0.2426,0.2433,912826.07
2026-05-25T06:00:00+00:00,0.2433,0.2442,0.2428,0.2439,561885.88
2026-05-25T07:00:00+00:00,0.2439,0.245,0.2435,0.2449,1416642.29
2026-05-25T08:00:00+00:00,0.2449,0.246,0.244,0.2459,1522949.15
2026-05-25T09:00:00+00:00,0.2459,0.2461,0.2449,0.245,506601.05
2026-05-25T10:00:00+00:00,0.245,0.2462,0.2447,0.2461,387350.86
2026-05-25T11:00:00+00:00,0.2461,0.2462,0.2447,0.2449,1414864.91
2026-05-25T12:00:00+00:00,0.2449,0.2454,0.2443,0.2446,798393.51
2026-05-25T13:00:00+00:00,0.2446,0.2456,0.2444,0.2452,1964217.27
2026-05-25T14:00:00+00:00,0.2452,0.247,0.2452,0.2462,945632.29
2026-05-25T15:00:00+00:00,0.2462,0.2473,0.2453,0.2461,878025.28
2026-05-25T16:00:00+00:00,0.2461,0.2479,0.2458,0.2475,314204.33
2026-05-25T17:00:00+00:00,0.2475,0.2478,0.2463,0.2465,281450.21
2026-05-25T18:00:00+00:00,0.2465,0.2476,0.2463,0.2463,420471.74
2026-05-25T19:00:00+00:00,0.2463,0.2463,0.2451,0.2455,471674.0
2026-05-25T20:00:00+00:00,0.2455,0.2461,0.2441,0.2445,1073491.18
2026-05-25T21:00:00+00:00,0.2445,0.2452,0.2444,0.2447,140159.88
2026-05-25T22:00:00+00:00,0.2447,0.2447,0.2424,0.2427,1042311.54
2026-05-25T23:00:00+00:00,0.2427,0.244,0.2424,0.2437,1031598.62
2026-05-26T00:00:00+00:00,0.2437,0.2438,0.2407,0.2421,2661933.11
2026-05-26T01:00:00+00:00,0.2421,0.2421,0.2399,0.2408,1837325.09
2026-05-26T02:00:00+00:00,0.2408,0.2412,0.2403,0.2406,1138357.8
2026-05-26T03:00:00+00:00,0.2406,0.241,0.2394,0.2409,657673.43
2026-05-26T04:00:00+00:00,0.2409,0.2418,0.2405,0.2411,1372124.39
2026-05-26T05:00:00+00:00,0.2411,0.2431,0.2408,0.2422,700102.62
2026-05-26T06:00:00+00:00,0.2422,0.2426,0.2413,0.2421,1041013.75
2026-05-26T07:00:00+00:00,0.2421,0.2423,0.2407,0.2413,523735.86
2026-05-26T08:00:00+00:00,0.2413,0.2424,0.2412,0.2421,363449.59
2026-05-26T09:00:00+00:00,0.2421,0.2426,0.2416,0.2422,747188.05
2026-05-26T10:00:00+00:00,0.2422,0.2457,0.2417,0.245,1481443.86
2026-05-26T11:00:00+00:00,0.245,0.2452,0.2443,0.2443,656875.13
2026-05-26T12:00:00+00:00,0.2443,0.2451,0.2433,0.2449,1439878.07
2026-05-26T13:00:00+00:00,0.2449,0.2455,0.2433,0.2451,1587693.3
2026-05-26T14:00:00+00:00,0.2451,0.2473,0.2433,0.244,2018195.0
2026-05-26T15:00:00+00:00,0.244,0.2443,0.2412,0.2426,1596999.44
2026-05-26T16:00:00+00:00,0.2426,0.2427,0.2407,0.2413,1636816.35
2026-05-26T17:00:00+00:00,0.2413,0.2418,0.2381,0.2397,3048222.57
2026-05-26T18:00:00+00:00,0.2397,0.2416,0.2394,0.2396,540174.99
2026-05-26T19:00:00+00:00,0.2396,0.2406,0.239,0.2402,824388.77
2026-05-26T20:00:00+00:00,0.2402,0.2405,0.2396,0.2404,839280.48
2026-05-26T21:00:00+00:00,0.2404,0.2409,0.2394,0.2396,541416.05
2026-05-26T22:00:00+00:00,0.2396,0.2404,0.2392,0.2399,283230.11
2026-05-26T23:00:00+00:00,0.2399,0.2407,0.2399,0.2401,260375.67
2026-05-27T00:00:00+00:00,0.2401,0.2418,0.2401,0.2418,319167.41
2026-05-27T01:00:00+00:00,0.2418,0.2418,0.2403,0.2404,357705.33
2026-05-27T02:00:00+00:00,0.2404,0.2406,0.2392,0.2406,475864.36
2026-05-27T03:00:00+00:00,0.2406,0.2408,0.2397,0.2401,395247.39
2026-05-27T04:00:00+00:00,0.2401,0.2404,0.237,0.2397,2679652.7
2026-05-27T05:00:00+00:00,0.2397,0.2405,0.2396,0.2399,610234.76
2026-05-27T06:00:00+00:00,0.2399,0.241,0.2398,0.2405,361550.89
2026-05-27T07:00:00+00:00,0.2405,0.2408,0.2398,0.2404,547337.33
2026-05-27T08:00:00+00:00,0.2404,0.2413,0.2397,0.2399,606374.54
2026-05-27T09:00:00+00:00,0.2399,0.2399,0.239,0.2393,761832.23
2026-05-27T10:00:00+00:00,0.2393,0.2404,0.2392,0.2397,614007.14
2026-05-27T11:00:00+00:00,0.2397,0.2403,0.2396,0.2398,746535.57
2026-05-27T12:00:00+00:00,0.2398,0.2417,0.2386,0.2403,1493796.55
2026-05-27T13:00:00+00:00,0.2403,0.2404,0.2373,0.2391,1588902.67
2026-05-27T14:00:00+00:00,0.2391,0.2402,0.238,0.24,1934148.12
2026-05-27T15:00:00+00:00,0.24,0.2434,0.2399,0.2414,2706754.47
2026-05-27T16:00:00+00:00,0.2414,0.242,0.2402,0.2412,786165.65
2026-05-27T17:00:00+00:00,0.2412,0.2412,0.2379,0.2384,1119669.19
2026-05-27T18:00:00+00:00,0.2384,0.2399,0.2379,0.2398,1390256.36
2026-05-27T19:00:00+00:00,0.2398,0.2412,0.2398,0.2409,983056.6
2026-05-27T20:00:00+00:00,0.2409,0.2413,0.2399,0.2404,1084590.79
2026-05-27T21:00:00+00:00,0.2404,0.2409,0.2358,0.2375,3102059.75
2026-05-27T22:00:00+00:00,0.2375,0.2386,0.2362,0.2367,2002662.63
2026-05-27T23:00:00+00:00,0.2367,0.2377,0.2362,0.2373,826221.69
2026-05-28T00:00:00+00:00,0.2373,0.2384,0.2371,0.2382,666985.82
2026-05-28T01:00:00+00:00,0.2382,0.2384,0.236,0.2374,959706.95
2026-05-28T02:00:00+00:00,0.2374,0.2377,0.2369,0.2371,682228.44
2026-05-28T03:00:00+00:00,0.2371,0.2373,0.2316,0.2322,5424957.02
2026-05-28T04:00:00+00:00,0.2322,0.2322,0.2289,0.2312,3273426.97
2026-05-28T05:00:00+00:00,0.2312,0.2313,0.2281,0.2297,2586231.01
2026-05-28T06:00:00+00:00,0.2297,0.2304,0.2286,0.2303,812065.97
2026-05-28T07:00:00+00:00,0.2303,0.2316,0.2297,0.2315,690861.75
2026-05-28T08:00:00+00:00,0.2315,0.2316,0.2297,0.2303,632477.7
2026-05-28T09:00:00+00:00,0.2303,0.2321,0.2303,0.2316,214639.0
2026-05-28T10:00:00+00:00,0.2316,0.2321,0.2299,0.2299,582246.99
2026-05-28T11:00:00+00:00,0.2299,0.2305,0.2295,0.2302,455842.48
2026-05-28T12:00:00+00:00,0.2302,0.2318,0.2292,0.2318,889348.0
2026-05-28T13:00:00+00:00,0.2318,0.2326,0.2303,0.2315,2121087.27
2026-05-28T14:00:00+00:00,0.2315,0.2342,0.2293,0.2324,3361111.34
2026-05-28T15:00:00+00:00,0.2324,0.2341,0.2308,0.2332,1412328.13
2026-05-28T16:00:00+00:00,0.2332,0.2351,0.2318,0.2346,1371775.01
2026-05-28T17:00:00+00:00,0.2346,0.2354,0.2339,0.2352,1851841.58
2026-05-28T18:00:00+00:00,0.2352,0.2376,0.2352,0.2363,1636667.35
2026-05-28T19:00:00+00:00,0.2363,0.2363,0.2344,0.2345,506813.07
2026-05-28T20:00:00+00:00,0.2345,0.236,0.2337,0.2355,712096.64
2026-05-28T21:00:00+00:00,0.2355,0.2363,0.2352,0.2356,460139.21
2026-05-28T22:00:00+00:00,0.2356,0.236,0.234,0.2341,843921.38
2026-05-28T23:00:00+00:00,0.2341,0.2355,0.2341,0.235,325498.79
2026-05-29T00:00:00+00:00,0.235,0.236,0.2348,0.2351,599715.91
2026-05-29T01:00:00+00:00,0.2351,0.2357,0.2345,0.2349,314314.54
2026-05-29T02:00:00+00:00,0.2349,0.2355,0.2329,0.2332,318105.99
2026-05-29T03:00:00+00:00,0.2332,0.2347,0.2332,0.2334,308065.96
2026-05-29T04:00:00+00:00,0.2334,0.2346,0.2326,0.2346,441606.4
2026-05-29T05:00:00+00:00,0.2346,0.2353,0.2344,0.2353,509895.23
2026-05-29T06:00:00+00:00,0.2353,0.237,0.2353,0.2359,561448.16
2026-05-29T07:00:00+00:00,0.2359,0.2364,0.2338,0.2348,355234.93
2026-05-29T08:00:00+00:00,0.2348,0.2358,0.2347,0.2352,252560.71
2026-05-29T09:00:00+00:00,0.2352,0.236,0.2351,0.2355,305439.79
2026-05-29T10:00:00+00:00,0.2355,0.2355,0.2343,0.2347,167840.22
2026-05-29T11:00:00+00:00,0.2347,0.2349,0.2328,0.2335,654475.08
2026-05-29T12:00:00+00:00,0.2335,0.2336,0.2319,0.2325,935470.82
2026-05-29T13:00:00+00:00,0.2325,0.233,0.2316,0.2325,418921.74
2026-05-29T14:00:00+00:00,0.2325,0.2334,0.2299,0.2326,2240113.09
2026-05-29T15:00:00+00:00,0.2326,0.2383,0.2323,0.2359,2185779.68
2026-05-29T16:00:00+00:00,0.2359,0.2361,0.2336,0.2353,1200609.34
2026-05-29T17:00:00+00:00,0.2353,0.2362,0.2344,0.2348,1041819.48
2026-05-29T18:00:00+00:00,0.2348,0.2348,0.2311,0.2321,1316365.37
2026-05-29T19:00:00+00:00,0.2321,0.2334,0.2306,0.2329,384757.45
2026-05-29T20:00:00+00:00,0.2329,0.2336,0.2326,0.233,280564.86
2026-05-29T21:00:00+00:00,0.233,0.234,0.2323,0.2323,390897.69
2026-05-29T22:00:00+00:00,0.2323,0.2335,0.2322,0.233,295553.71
2026-05-29T23:00:00+00:00,0.233,0.2337,0.2318,0.2329,2142084.08
2026-05-30T00:00:00+00:00,0.2329,0.2355,0.2326,0.235,885680.66
2026-05-30T01:00:00+00:00,0.235,0.2378,0.2347,0.2377,1769410.59
2026-05-30T02:00:00+00:00,0.2377,0.2388,0.2373,0.2386,3673203.35
2026-05-30T03:00:00+00:00,0.2386,0.2394,0.2363,0.2365,1908857.87
2026-05-30T04:00:00+00:00,0.2365,0.237,0.2338,0.235,3009759.23
2026-05-30T05:00:00+00:00,0.235,0.2359,0.2346,0.2357,1461401.44
2026-05-30T06:00:00+00:00,0.2357,0.2362,0.2351,0.2354,466454.56
2026-05-30T07:00:00+00:00,0.2354,0.2355,0.2346,0.2352,428945.96
2026-05-30T08:00:00+00:00,0.2352,0.2355,0.2341,0.2342,410057.91
2026-05-30T09:00:00+00:00,0.2342,0.2355,0.2339,0.2352,496744.64
2026-05-30T10:00:00+00:00,0.2352,0.2355,0.2347,0.2348,339204.09
2026-05-30T11:00:00+00:00,0.2348,0.2354,0.2343,0.2352,414641.43
2026-05-30T12:00:00+00:00,0.2352,0.2355,0.2349,0.2354,458128.11
2026-05-30T13:00:00+00:00,0.2354,0.236,0.235,0.2359,410624.89
2026-05-30T14:00:00+00:00,0.2359,0.2367,0.2356,0.2361,542402.6
2026-05-30T15:00:00+00:00,0.2361,0.237,0.2361,0.2365,734031.74
2026-05-30T16:00:00+00:00,0.2365,0.2371,0.2361,0.2369,1409837.14
2026-05-30T17:00:00+00:00,0.2369,0.2374,0.2357,0.2371,655037.72
2026-05-30T18:00:00+00:00,0.2371,0.2377,0.2366,0.2377,835333.44
2026-05-30T19:00:00+00:00,0.2377,0.2377,0.2367,0.2373,655201.94
2026-05-30T20:00:00+00:00,0.2373,0.2377,0.2369,0.2377,651926.44
2026-05-30T21:00:00+00:00,0.2377,0.2385,0.2376,0.2376,313034.31
2026-05-30T22:00:00+00:00,0.2376,0.2377,0.2356,0.2361,1073107.66
2026-05-30T23:00:00+00:00,0.2361,0.2364,0.2353,0.2359,466115.54
2026-05-31T00:00:00+00:00,0.2359,0.2367,0.2357,0.2367,1436393.37
2026-05-31T01:00:00+00:00,0.2367,0.2373,0.2363,0.2367,1205790.43
2026-05-31T02:00:00+00:00,0.2367,0.2381,0.2366,0.2373,1372558.43
2026-05-31T03:00:00+00:00,0.2373,0.2385,0.2373,0.238,918307.11
2026-05-31T04:00:00+00:00,0.238,0.2387,0.2378,0.2387,598037.81
2026-05-31T05:00:00+00:00,0.2387,0.2387,0.2375,0.2377,479063.99
2026-05-31T06:00:00+00:00,0.2377,0.238,0.2373,0.2378,390326.43
2026-05-31T07:00:00+00:00,0.2378,0.2378,0.2363,0.2366,526607.65
2026-05-31T08:00:00+00:00,0.2366,0.2376,0.2366,0.2371,365510.64
2026-05-31T09:00:00+00:00,0.2371,0.238,0.2367,0.2372,460696.6
2026-05-31T10:00:00+00:00,0.2372,0.2372,0.2356,0.237,1981382.31
2026-05-31T11:00:00+00:00,0.237,0.2374,0.2366,0.237,240242.33
2026-05-31T12:00:00+00:00,0.237,0.2379,0.2364,0.2377,881975.0
2026-05-31T13:00:00+00:00,0.2377,0.238,0.2366,0.2369,2074991.95
2026-05-31T14:00:00+00:00,0.2369,0.237,0.2336,0.234,5503861.64
2026-05-31T15:00:00+00:00,0.234,0.235,0.2336,0.2338,1798262.14
2026-05-31T16:00:00+00:00,0.2338,0.2342,0.2323,0.233,1431488.17
2026-05-31T17:00:00+00:00,0.233,0.2335,0.2319,0.2333,1221096.23
2026-05-31T18:00:00+00:00,0.2333,0.2334,0.2326,0.2332,368983.16
2026-05-31T19:00:00+00:00,0.2332,0.2335,0.2319,0.2329,375764.05
2026-05-31T20:00:00+00:00,0.2329,0.234,0.2329,0.2339,688955.17
2026-05-31T21:00:00+00:00,0.2339,0.2354,0.2337,0.235,510160.75
2026-05-31T22:00:00+00:00,0.235,0.236,0.2343,0.2359,587883.66
2026-05-31T23:00:00+00:00,0.2359,0.237,0.2345,0.2357,6048986.85
2026-06-01T00:00:00+00:00,0.2357,0.2375,0.2355,0.2367,1182016.24
2026-06-01T01:00:00+00:00,0.2367,0.2369,0.2332,0.2333,3969678.43
2026-06-01T02:00:00+00:00,0.2333,0.2368,0.2328,0.2363,889193.95
2026-06-01T03:00:00+00:00,0.2363,0.2375,0.2362,0.2368,877109.98
2026-06-01T04:00:00+00:00,0.2368,0.2375,0.2331,0.2345,1044966.9
2026-06-01T05:00:00+00:00,0.2345,0.235,0.2335,0.2341,2778777.08
2026-06-01T06:00:00+00:00,0.2341,0.2342,0.2321,0.233,1211422.26
2026-06-01T07:00:00+00:00,0.233,0.2332,0.2306,0.231,2495239.37
2026-06-01T08:00:00+00:00,0.231,0.2318,0.2302,0.2314,2005521.95
2026-06-01T09:00:00+00:00,0.2314,0.2324,0.2311,0.2317,1390682.31
2026-06-01T10:00:00+00:00,0.2317,0.232,0.2306,0.2313,1149691.63
2026-06-01T11:00:00+00:00,0.2313,0.2321,0.2294,0.2302,1998795.43
2026-06-01T12:00:00+00:00,0.2302,0.2316,0.229,0.2306,2446854.77
2026-06-01T13:00:00+00:00,0.2306,0.2308,0.2271,0.2287,8751753.06
2026-06-01T14:00:00+00:00,0.2287,0.2293,0.2266,0.2275,2605211.41
2026-06-01T15:00:00+00:00,0.2275,0.2281,0.2254,0.227,3585004.78
2026-06-01T16:00:00+00:00,0.227,0.2307,0.2263,0.2305,1553276.11
2026-06-01T17:00:00+00:00,0.2305,0.2319,0.23,0.2311,2633451.86
2026-06-01T18:00:00+00:00,0.2311,0.2319,0.2302,0.2305,967114.43
2026-06-01T19:00:00+00:00,0.2305,0.2318,0.2301,0.2316,502235.54
2026-06-01T20:00:00+00:00,0.2316,0.2316,0.2304,0.2308,380548.62
2026-06-01T21:00:00+00:00,0.2308,0.2309,0.229,0.2296,909341.79
2026-06-01T22:00:00+00:00,0.2296,0.231,0.2283,0.2308,1733363.47
2026-06-01T23:00:00+00:00,0.2308,0.2319,0.2302,0.2311,973054.73
2026-06-02T00:00:00+00:00,0.2311,0.2314,0.2296,0.2296,533331.11
2026-06-02T01:00:00+00:00,0.2296,0.2299,0.227,0.2272,1633988.07
2026-06-02T02:00:00+00:00,0.2272,0.228,0.2245,0.228,4513425.73
2026-06-02T03:00:00+00:00,0.228,0.2287,0.2273,0.228,1027240.69
2026-06-02T04:00:00+00:00,0.228,0.2286,0.2256,0.2259,1428863.78
2026-06-02T05:00:00+00:00,0.2259,0.2265,0.2236,0.2245,4967584.24
2026-06-02T06:00:00+00:00,0.2245,0.2248,0.2229,0.2238,3905557.71
2026-06-02T07:00:00+00:00,0.2238,0.2249,0.2226,0.224,2881850.78
2026-06-02T08:00:00+00:00,0.224,0.2245,0.2236,0.2238,1341682.28
2026-06-02T09:00:00+00:00,0.2238,0.224,0.2223,0.2234,1821229.05
2026-06-02T10:00:00+00:00,0.2234,0.2246,0.2228,0.2245,1604383.76
2026-06-02T11:00:00+00:00,0.2245,0.2245,0.223,0.2231,2788119.68
2026-06-02T12:00:00+00:00,0.2231,0.2234,0.2217,0.2232,2918119.97
2026-06-02T13:00:00+00:00,0.2232,0.2239,0.2224,0.2229,2304850.83
2026-06-02T14:00:00+00:00,0.2229,0.223,0.2167,0.2194,18524248.75
2026-06-02T15:00:00+00:00,0.2194,0.2197,0.2138,0.2155,12988918.73
2026-06-02T16:00:00+00:00,0.2155,0.2192,0.2148,0.2182,4068378.11
2026-06-02T17:00:00+00:00,0.2182,0.2192,0.2173,0.2188,3191534.1
2026-06-02T18:00:00+00:00,0.2188,0.2192,0.2154,0.2164,1636837.18
2026-06-02T19:00:00+00:00,0.2164,0.2171,0.2121,0.2157,5968781.84
2026-06-02T20:00:00+00:00,0.2157,0.2171,0.214,0.2164,2037642.09
2026-06-02T21:00:00+00:00,0.2164,0.2184,0.2156,0.2167,1013205.15
2026-06-02T22:00:00+00:00,0.2167,0.2168,0.211,0.2123,4179708.86
2026-06-02T23:00:00+00:00,0.2123,0.2135,0.2095,0.2129,6280279.12
2026-06-03T00:00:00+00:00,0.2129,0.2144,0.2125,0.2136,1472507.21
2026-06-03T01:00:00+00:00,0.2136,0.2147,0.2119,0.2138,1740027.56
2026-06-03T02:00:00+00:00,0.2138,0.2138,0.2115,0.2124,881637.68
2026-06-03T03:00:00+00:00,0.2124,0.2128,0.2073,0.2087,6046508.41
2026-06-03T04:00:00+00:00,0.2087,0.2122,0.2087,0.212,1891262.82
2026-06-03T05:00:00+00:00,0.212,0.2154,0.212,0.2151,4190909.79
2026-06-03T06:00:00+00:00,0.2151,0.217,0.2147,0.2155,1630393.46
2026-06-03T07:00:00+00:00,0.2155,0.2182,0.215,0.2172,1837354.63
2026-06-03T08:00:00+00:00,0.2172,0.2175,0.216,0.2167,1012939.77
2026-06-03T09:00:00+00:00,0.2167,0.2174,0.2155,0.2165,2199517.2
2026-06-03T10:00:00+00:00,0.2165,0.2184,0.2164,0.2177,1340169.24
2026-06-03T11:00:00+00:00,0.2177,0.2184,0.2158,0.2162,969912.58
2026-06-03T12:00:00+00:00,0.2162,0.2165,0.215,0.2156,2008693.63
2026-06-03T13:00:00+00:00,0.2156,0.2166,0.2144,0.2153,2436676.61
2026-06-03T14:00:00+00:00,0.2153,0.2156,0.2132,0.214,3040581.28
2026-06-03T15:00:00+00:00,0.214,0.2146,0.2116,0.212,2710278.67
2026-06-03T16:00:00+00:00,0.212,0.2123,0.2076,0.2095,5517012.18
2026-06-03T17:00:00+00:00,0.2095,0.2108,0.2075,0.2099,2065749.73
2026-06-03T18:00:00+00:00,0.2099,0.2099,0.207,0.2085,2836764.24
2026-06-03T19:00:00+00:00,0.2085,0.2087,0.2042,0.2048,5131740.83
2026-06-03T20:00:00+00:00,0.2048,0.2058,0.2007,0.2022,8450474.28
2026-06-03T21:00:00+00:00,0.2022,0.2056,0.2017,0.2054,4861035.51
2026-06-03T22:00:00+00:00,0.2054,0.2066,0.2023,0.2025,4441612.86
2026-06-03T23:00:00+00:00,0.2025,0.2028,0.2,0.2004,4629728.62
2026-06-04T00:00:00+00:00,0.2004,0.2018,0.1958,0.1977,16757415.12
2026-06-04T01:00:00+00:00,0.1977,0.1989,0.1914,0.1924,17050807.26
2026-06-04T02:00:00+00:00,0.1924,0.1962,0.1874,0.1949,24870247.18
2026-06-04T03:00:00+00:00,0.1949,0.2003,0.1949,0.1999,8665964.83
2026-06-04T04:00:00+00:00,0.1999,0.2011,0.1968,0.199,7042699.37
2026-06-04T05:00:00+00:00,0.199,0.199,0.1956,0.1966,7270527.59
2026-06-04T06:00:00+00:00,0.1966,0.1997,0.1963,0.1978,2914937.63
2026-06-04T07:00:00+00:00,0.1978,0.198,0.1948,0.1948,4442409.64
2026-06-04T08:00:00+00:00,0.1948,0.1958,0.1928,0.1936,4455265.12
2026-06-04T09:00:00+00:00,0.1936,0.1936,0.1879,0.1906,9766256.0
2026-06-04T10:00:00+00:00,0.1906,0.1906,0.1868,0.1878,8318504.27
2026-06-04T11:00:00+00:00,0.1878,0.1905,0.1874,0.1902,4127341.26
2026-06-04T12:00:00+00:00,0.1902,0.1927,0.1881,0.1918,6145287.98
2026-06-04T13:00:00+00:00,0.1918,0.1922,0.1871,0.1891,6574520.81
2026-06-04T14:00:00+00:00,0.1891,0.1901,0.1878,0.1896,5455455.92
2026-06-04T15:00:00+00:00,0.1896,0.1922,0.1888,0.1889,5721588.19
2026-06-04T16:00:00+00:00,0.1889,0.1889,0.1859,0.1871,5563404.44
2026-06-04T17:00:00+00:00,0.1871,0.1896,0.1865,0.1884,4468727.21
2026-06-04T18:00:00+00:00,0.1884,0.1905,0.1856,0.1883,6074831.41
2026-06-04T19:00:00+00:00,0.1883,0.1895,0.186,0.1865,7464300.28
2026-06-04T20:00:00+00:00,0.1865,0.1866,0.1837,0.1845,7470468.03
2026-06-04T21:00:00+00:00,0.1845,0.1845,0.1788,0.1806,11518058.51
2026-06-04T22:00:00+00:00,0.1806,0.1823,0.1798,0.1818,6235902.45
2026-06-04T23:00:00+00:00,0.1818,0.1834,0.1793,0.1798,3394616.86
2026-06-05T00:00:00+00:00,0.1798,0.1798,0.1742,0.1747,9108541.86
2026-06-05T01:00:00+00:00,0.1747,0.1749,0.1715,0.1723,10929901.56
2026-06-05T02:00:00+00:00,0.1723,0.1723,0.1631,0.1637,16362689.5
2026-06-05T03:00:00+00:00,0.1637,0.1656,0.1581,0.1585,17126170.38
2026-06-05T04:00:00+00:00,0.1585,0.1689,0.1581,0.1685,22636913.11
2026-06-05T05:00:00+00:00,0.1685,0.1693,0.1636,0.1646,12021424.86
2026-06-05T06:00:00+00:00,0.1646,0.1656,0.1599,0.1616,19800225.23
2026-06-05T07:00:00+00:00,0.1616,0.1659,0.1588,0.1635,17863394.35
2026-06-05T08:00:00+00:00,0.1635,0.1637,0.1586,0.161,8662503.04
2026-06-05T09:00:00+00:00,0.161,0.1652,0.1603,0.1639,15086221.52
2026-06-05T10:00:00+00:00,0.1639,0.1663,0.1628,0.1639,7418404.98
2026-06-05T11:00:00+00:00,0.1639,0.1641,0.1612,0.1624,12005319.13
2026-06-05T12:00:00+00:00,0.1624,0.164,0.1605,0.1628,14622113.17
2026-06-05T13:00:00+00:00,0.1628,0.1652,0.1594,0.1598,13202384.65
2026-06-05T14:00:00+00:00,0.1598,0.1631,0.1578,0.1607,16402544.56
2026-06-05T15:00:00+00:00,0.1607,0.1612,0.1564,0.1573,18870607.03
2026-06-05T16:00:00+00:00,0.1573,0.1635,0.1544,0.163,22240664.25
2026-06-05T17:00:00+00:00,0.163,0.1639,0.1597,0.1611,6758536.38
2026-06-05T18:00:00+00:00,0.1611,0.1628,0.1572,0.1575,8900836.89
2026-06-05T19:00:00+00:00,0.1575,0.1617,0.155,0.1605,9834552.87
2026-06-05T20:00:00+00:00,0.1605,0.1634,0.1583,0.1624,7862513.64
2026-06-05T21:00:00+00:00,0.1624,0.1638,0.1616,0.1625,3830936.09
2026-06-05T22:00:00+00:00,0.1625,0.1625,0.1587,0.1596,8625611.95
2026-06-05T23:00:00+00:00,0.1596,0.1606,0.155,0.1567,9361829.82
2026-06-06T00:00:00+00:00,0.1567,0.1619,0.1566,0.1613,7028313.06
2026-06-06T01:00:00+00:00,0.1613,0.1624,0.1579,0.1584,6074280.71
2026-06-06T02:00:00+00:00,0.1584,0.1585,0.1552,0.1555,9061381.94
2026-06-06T03:00:00+00:00,0.1555,0.156,0.1537,0.1551,9704221.59
2026-06-06T04:00:00+00:00,0.1551,0.156,0.1487,0.1498,17283280.69
2026-06-06T05:00:00+00:00,0.1498,0.1549,0.1486,0.1538,13921443.14
2026-06-06T06:00:00+00:00,0.1538,0.1565,0.1536,0.154,15226653.76
2026-06-06T07:00:00+00:00,0.154,0.1584,0.154,0.1574,12259511.54
2026-06-06T08:00:00+00:00,0.1574,0.16,0.1566,0.1595,9239138.54
2026-06-06T09:00:00+00:00,0.1595,0.1602,0.1563,0.1567,6341348.84
2026-06-06T10:00:00+00:00,0.1567,0.1567,0.1536,0.1544,10273921.01
2026-06-06T11:00:00+00:00,0.1544,0.1568,0.1543,0.1564,5863740.85
2026-06-06T12:00:00+00:00,0.1564,0.1595,0.155,0.1584,6086843.03
2026-06-06T13:00:00+00:00,0.1584,0.1596,0.1577,0.1585,4579697.87
2026-06-06T14:00:00+00:00,0.1585,0.1617,0.1582,0.1601,9746868.47
2026-06-06T15:00:00+00:00,0.1601,0.1604,0.1569,0.1584,8622038.41
2026-06-06T16:00:00+00:00,0.1584,0.1602,0.1576,0.1599,5660833.59
2026-06-06T17:00:00+00:00,0.1599,0.1602,0.157,0.1577,7192364.41
2026-06-06T18:00:00+00:00,0.1577,0.159,0.1567,0.1569,5214709.21
2026-06-06T19:00:00+00:00,0.1569,0.1582,0.1567,0.1569,6597568.9
2026-06-06T20:00:00+00:00,0.1569,0.1575,0.156,0.1571,4211676.66
2026-06-06T21:00:00+00:00,0.1571,0.1587,0.157,0.1572,2917846.51
2026-06-06T22:00:00+00:00,0.1572,0.1572,0.1557,0.1558,2244980.09
2026-06-06T23:00:00+00:00,0.1558,0.1576,0.1555,0.1572,2265441.49
2026-06-07T00:00:00+00:00,0.1572,0.1585,0.1568,0.1575,1710355.95
2026-06-07T01:00:00+00:00,0.1575,0.1621,0.1571,0.1609,5814091.39
2026-06-07T02:00:00+00:00,0.1609,0.1619,0.1595,0.1609,3860627.2
2026-06-07T03:00:00+00:00,0.1609,0.1622,0.1603,0.1615,3955463.23
2026-06-07T04:00:00+00:00,0.1615,0.1629,0.1597,0.1623,4608314.39
2026-06-07T05:00:00+00:00,0.1623,0.1623,0.1607,0.1612,5134362.43
2026-06-07T06:00:00+00:00,0.1612,0.1632,0.1601,0.1612,6048601.72
2026-06-07T07:00:00+00:00,0.1612,0.1625,0.1606,0.1623,3477457.24
2026-06-07T08:00:00+00:00,0.1623,0.1657,0.1615,0.165,7949068.3
2026-06-07T09:00:00+00:00,0.165,0.1673,0.1647,0.1651,8836713.33
2026-06-07T10:00:00+00:00,0.1651,0.1661,0.1635,0.1642,4079822.35
2026-06-07T11:00:00+00:00,0.1642,0.1656,0.1639,0.1647,2095784.38
2026-06-07T12:00:00+00:00,0.1647,0.1649,0.1604,0.1616,6523572.8
2026-06-07T13:00:00+00:00,0.1616,0.1622,0.1608,0.1619,2243996.64
2026-06-07T14:00:00+00:00,0.1619,0.164,0.1618,0.1627,3868242.39
2026-06-07T15:00:00+00:00,0.1627,0.1629,0.1616,0.1622,1817664.6
2026-06-07T16:00:00+00:00,0.1622,0.1631,0.1619,0.1627,2533324.59
2026-06-07T17:00:00+00:00,0.1627,0.1641,0.1623,0.1629,1776767.38
2026-06-07T18:00:00+00:00,0.1629,0.1637,0.1617,0.1619,2127598.65
2026-06-07T19:00:00+00:00,0.1619,0.162,0.158,0.1586,8640961.84
2026-06-07T20:00:00+00:00,0.1586,0.161,0.1581,0.1608,2630793.62
2026-06-07T21:00:00+00:00,0.1608,0.1614,0.1595,0.1607,3326732.91
2026-06-07T22:00:00+00:00,0.1607,0.1688,0.1606,0.1645,17686772.77
2026-06-07T23:00:00+00:00,0.1645,0.1663,0.1643,0.1652,4262078.98
2026-06-08T00:00:00+00:00,0.1652,0.1667,0.1641,0.1653,5336483.35
2026-06-08T01:00:00+00:00,0.1653,0.1654,0.1615,0.1632,5301584.9
2026-06-08T02:00:00+00:00,0.1632,0.1642,0.1627,0.1635,3903932.56
2026-06-08T03:00:00+00:00,0.1635,0.1653,0.1629,0.164,2972443.82
2026-06-08T04:00:00+00:00,0.164,0.1643,0.161,0.1615,2850698.48
2026-06-08T05:00:00+00:00,0.1615,0.162,0.1599,0.1608,2637950.74
2026-06-08T06:00:00+00:00,0.1608,0.1625,0.1606,0.1617,2427650.17
2026-06-08T07:00:00+00:00,0.1617,0.164,0.161,0.1638,1726435.17
2026-06-08T08:00:00+00:00,0.1638,0.1639,0.1623,0.1633,5903633.81
2026-06-08T09:00:00+00:00,0.1633,0.1654,0.1627,0.1652,4042175.34
2026-06-08T10:00:00+00:00,0.1652,0.1658,0.1636,0.1644,3716432.61
2026-06-08T11:00:00+00:00,0.1644,0.1682,0.1641,0.1676,5721462.85
2026-06-08T12:00:00+00:00,0.1676,0.1684,0.1648,0.1677,6580686.53
2026-06-08T13:00:00+00:00,0.1677,0.168,0.1656,0.1663,5162918.85
2026-06-08T14:00:00+00:00,0.1663,0.1684,0.1655,0.1681,4988769.97
2026-06-08T15:00:00+00:00,0.1681,0.1716,0.1681,0.1693,6434561.72
2026-06-08T16:00:00+00:00,0.1693,0.1724,0.1678,0.168,4366114.55
2026-06-08T17:00:00+00:00,0.168,0.17,0.1672,0.1699,3935519.96
2026-06-08T18:00:00+00:00,0.1699,0.1726,0.1699,0.171,4164315.36
2026-06-08T19:00:00+00:00,0.171,0.1727,0.1707,0.1719,3755880.45
2026-06-08T20:00:00+00:00,0.1719,0.172,0.1688,0.1709,3936315.34
2026-06-08T21:00:00+00:00,0.1709,0.1746,0.1709,0.1718,4378212.44
2026-06-08T22:00:00+00:00,0.1718,0.1723,0.1704,0.172,2560641.28
2026-06-08T23:00:00+00:00,0.172,0.173,0.1699,0.1704,2195818.06
2026-06-09T00:00:00+00:00,0.1704,0.1708,0.166,0.1669,10511350.48
2026-06-09T01:00:00+00:00,0.1669,0.1675,0.1657,0.167,7138206.2
2026-06-09T02:00:00+00:00,0.167,0.1676,0.1657,0.1675,3519012.84
2026-06-09T03:00:00+00:00,0.1675,0.1676,0.1656,0.1664,2643062.13
2026-06-09T04:00:00+00:00,0.1664,0.169,0.165,0.1686,4482198.73
2026-06-09T05:00:00+00:00,0.1686,0.1702,0.1676,0.1699,3527630.15
2026-06-09T06:00:00+00:00,0.1699,0.171,0.1693,0.1694,3728312.68
2026-06-09T07:00:00+00:00,0.1694,0.1711,0.169,0.1702,3596110.86
2026-06-09T08:00:00+00:00,0.1702,0.1704,0.1682,0.169,2800425.48
2026-06-09T09:00:00+00:00,0.169,0.1693,0.1667,0.1678,3285460.77
2026-06-09T10:00:00+00:00,0.1678,0.1684,0.1669,0.1678,4102152.54
2026-06-09T11:00:00+00:00,0.1678,0.1679,0.1668,0.1675,1594725.46
2026-06-09T12:00:00+00:00,0.1675,0.169,0.1671,0.1689,2127547.01
2026-06-09T13:00:00+00:00,0.1689,0.1698,0.1671,0.1684,2383084.93
2026-06-09T14:00:00+00:00,0.1684,0.1691,0.1643,0.1662,6053227.1
2026-06-09T15:00:00+00:00,0.1662,0.167,0.1626,0.1631,5455492.27
2026-06-09T16:00:00+00:00,0.1631,0.1637,0.1607,0.162,6135352.45
2026-06-09T17:00:00+00:00,0.162,0.1664,0.162,0.1652,3973095.39
2026-06-09T18:00:00+00:00,0.1652,0.1674,0.1646,0.167,2325911.88
2026-06-09T19:00:00+00:00,0.167,0.169,0.1663,0.1685,3140992.67
2026-06-09T20:00:00+00:00,0.1685,0.1699,0.168,0.1681,1757898.37
2026-06-09T21:00:00+00:00,0.1681,0.1683,0.1654,0.166,1794454.55
2026-06-09T22:00:00+00:00,0.166,0.1663,0.165,0.1651,1328632.34
2026-06-09T23:00:00+00:00,0.1651,0.1658,0.1648,0.1653,1091790.86
2026-06-10T00:00:00+00:00,0.1653,0.1665,0.1644,0.1662,1761147.7
2026-06-10T01:00:00+00:00,0.1662,0.1669,0.1647,0.1648,2864973.95
2026-06-10T02:00:00+00:00,0.1648,0.1654,0.1618,0.1619,3855900.84
2026-06-10T03:00:00+00:00,0.1619,0.1629,0.1613,0.1623,2810446.63
2026-06-10T04:00:00+00:00,0.1623,0.163,0.1612,0.1616,1620445.08
2026-06-10T05:00:00+00:00,0.1616,0.1621,0.1603,0.1605,1689527.71
2026-06-10T06:00:00+00:00,0.1605,0.1613,0.1598,0.1606,1146193.31
2026-06-10T07:00:00+00:00,0.1606,0.1623,0.1605,0.1614,1837305.27
2026-06-10T08:00:00+00:00,0.1614,0.1616,0.1587,0.1594,3735078.37
2026-06-10T09:00:00+00:00,0.1594,0.1608,0.1585,0.1604,1523255.87
2026-06-10T10:00:00+00:00,0.1604,0.161,0.1592,0.1608,1977826.68
2026-06-10T11:00:00+00:00,0.1608,0.1608,0.1585,0.1596,5130800.43
2026-06-10T12:00:00+00:00,0.1596,0.1636,0.1591,0.162,5970991.72
2026-06-10T13:00:00+00:00,0.162,0.1659,0.1613,0.1649,6165584.04
2026-06-10T14:00:00+00:00,0.1649,0.1652,0.1624,0.164,4354522.19
2026-06-10T15:00:00+00:00,0.164,0.1669,0.1629,0.165,6350232.03
2026-06-10T16:00:00+00:00,0.165,0.1652,0.1606,0.1621,6354952.82
2026-06-10T17:00:00+00:00,0.1621,0.1628,0.1603,0.1618,3413639.42
2026-06-10T18:00:00+00:00,0.1618,0.1647,0.1612,0.1647,5022784.73
2026-06-10T19:00:00+00:00,0.1647,0.1649,0.1603,0.1607,7596536.98
2026-06-10T20:00:00+00:00,0.1607,0.1616,0.1597,0.1602,4012729.33
2026-06-10T21:00:00+00:00,0.1602,0.1605,0.1583,0.1595,3293146.73
2026-06-10T22:00:00+00:00,0.1595,0.1616,0.1586,0.1602,4045846.7
2026-06-10T23:00:00+00:00,0.1602,0.1615,0.1593,0.1606,4300715.51
2026-06-11T00:00:00+00:00,0.1606,0.1623,0.1605,0.1612,4750110.75
2026-06-11T01:00:00+00:00,0.1612,0.1644,0.1612,0.1636,5192589.73
2026-06-11T02:00:00+00:00,0.1636,0.1639,0.1619,0.1631,7175115.79
2026-06-11T03:00:00+00:00,0.1631,0.1672,0.1623,0.1667,9927254.1
2026-06-11T04:00:00+00:00,0.1667,0.1677,0.1653,0.1669,5604634.88
2026-06-11T05:00:00+00:00,0.1669,0.1669,0.1655,0.1655,1758831.98
2026-06-11T06:00:00+00:00,0.1655,0.1663,0.1641,0.1646,2899052.07
2026-06-11T07:00:00+00:00,0.1646,0.167,0.1645,0.1668,3049775.56
2026-06-11T08:00:00+00:00,0.1668,0.1681,0.1667,0.1668,2752359.49
2026-06-11T09:00:00+00:00,0.1668,0.1671,0.1656,0.1664,2900180.91
2026-06-11T10:00:00+00:00,0.1664,0.1665,0.1654,0.1662,2259106.68
2026-06-11T11:00:00+00:00,0.1662,0.1674,0.1655,0.1669,2664631.73
2026-06-11T12:00:00+00:00,0.1669,0.1669,0.1646,0.1657,4219335.24
2026-06-11T13:00:00+00:00,0.1657,0.1662,0.1643,0.1659,1819958.12
2026-06-11T14:00:00+00:00,0.1659,0.1667,0.1647,0.1654,1543131.45
2026-06-11T15:00:00+00:00,0.1654,0.1673,0.1646,0.1662,3338480.31
2026-06-11T16:00:00+00:00,0.1662,0.1667,0.165,0.1652,2125998.5
2026-06-11T17:00:00+00:00,0.1652,0.1707,0.1642,0.1707,7513355.11
2026-06-11T18:00:00+00:00,0.1707,0.1719,0.169,0.1692,3136664.15
2026-06-11T19:00:00+00:00,0.1692,0.171,0.1682,0.1694,2025641.97
2026-06-11T20:00:00+00:00,0.1694,0.1697,0.1676,0.1685,1451431.32
2026-06-11T21:00:00+00:00,0.1685,0.171,0.1684,0.1701,2472540.86
2026-06-11T22:00:00+00:00,0.1701,0.1716,0.1701,0.1711,1100638.29
2026-06-11T23:00:00+00:00,0.1711,0.172,0.1701,0.1707,2921387.5
2026-06-12T00:00:00+00:00,0.1707,0.1712,0.17,0.1702,2229202.79
2026-06-12T01:00:00+00:00,0.1702,0.1702,0.1689,0.1696,1228867.06
2026-06-12T02:00:00+00:00,0.1696,0.1716,0.1696,0.1712,1644191.2
2026-06-12T03:00:00+00:00,0.1712,0.172,0.1708,0.1719,1663391.11
2026-06-12T04:00:00+00:00,0.1719,0.1736,0.1715,0.1722,3269757.18
2026-06-12T05:00:00+00:00,0.1722,0.1724,0.1702,0.1703,2015895.99
2026-06-12T06:00:00+00:00,0.1703,0.1709,0.1681,0.1684,2865916.49
2026-06-12T07:00:00+00:00,0.1684,0.1695,0.1683,0.1691,1642852.05
2026-06-12T08:00:00+00:00,0.1691,0.1706,0.1691,0.1706,1563675.05
2026-06-12T09:00:00+00:00,0.1706,0.1723,0.1697,0.172,2260103.77
2026-06-12T10:00:00+00:00,0.172,0.1723,0.1707,0.1713,2143883.53
2026-06-12T11:00:00+00:00,0.1713,0.1717,0.1707,0.1714,1501930.15
2026-06-12T12:00:00+00:00,0.1714,0.1722,0.1706,0.1709,2364469.49
2026-06-12T13:00:00+00:00,0.1709,0.171,0.1676,0.1685,4655766.92
2026-06-12T14:00:00+00:00,0.1685,0.1733,0.1682,0.1728,4945301.11
2026-06-12T15:00:00+00:00,0.1728,0.1744,0.1702,0.1705,8594880.95
2026-06-12T16:00:00+00:00,0.1705,0.1736,0.1696,0.1735,5275513.3
2026-06-12T17:00:00+00:00,0.1735,0.1745,0.1714,0.1719,3294306.19
2026-06-12T18:00:00+00:00,0.1719,0.1723,0.1701,0.1711,2746760.65
2026-06-12T19:00:00+00:00,0.1711,0.1726,0.1704,0.1708,2950299.75
2026-06-12T20:00:00+00:00,0.1708,0.1714,0.1693,0.1696,3584693.38
2026-06-12T21:00:00+00:00,0.1696,0.1704,0.1686,0.1694,2185004.76
2026-06-12T22:00:00+00:00,0.1694,0.1703,0.1691,0.1696,1402556.27
2026-06-12T23:00:00+00:00,0.1696,0.1701,0.1687,0.1697,2633044.94
2026-06-13T00:00:00+00:00,0.1697,0.1706,0.1694,0.1701,2797909.82
2026-06-13T01:00:00+00:00,0.1701,0.1734,0.1699,0.1728,6002012.4
2026-06-13T02:00:00+00:00,0.1728,0.173,0.1716,0.1719,2328257.26
2026-06-13T03:00:00+00:00,0.1719,0.1722,0.1699,0.1704,3333760.26
2026-06-13T04:00:00+00:00,0.1704,0.1709,0.1697,0.1704,1932855.51
2026-06-13T05:00:00+00:00,0.1704,0.1708,0.169,0.1697,1611171.96
2026-06-13T06:00:00+00:00,0.1697,0.172,0.1694,0.172,2644302.08
2026-06-13T07:00:00+00:00,0.172,0.1741,0.1714,0.1732,6585774.03
2026-06-13T08:00:00+00:00,0.1732,0.1738,0.1727,0.173,2316775.8
2026-06-13T09:00:00+00:00,0.173,0.1734,0.1722,0.1725,1585727.93
2026-06-13T10:00:00+00:00,0.1725,0.173,0.172,0.1724,1392094.09
2026-06-13T11:00:00+00:00,0.1724,0.1738,0.1724,0.1735,1010347.19
2026-06-13T12:00:00+00:00,0.1735,0.1743,0.173,0.1736,2110781.31
2026-06-13T13:00:00+00:00,0.1736,0.1742,0.1733,0.1742,1793485.9
2026-06-13T14:00:00+00:00,0.1742,0.1747,0.1736,0.1746,1362774.91
2026-06-13T15:00:00+00:00,0.1746,0.1758,0.1742,0.175,1924900.99
2026-06-13T16:00:00+00:00,0.175,0.175,0.1726,0.1735,3149608.96
2026-06-13T17:00:00+00:00,0.1735,0.1742,0.1718,0.1723,1764278.65
2026-06-13T18:00:00+00:00,0.1723,0.1733,0.1718,0.1721,952304.3
2026-06-13T19:00:00+00:00,0.1721,0.1728,0.1716,0.1721,1354820.67
2026-06-13T20:00:00+00:00,0.1721,0.1725,0.1712,0.1718,1258001.37
2026-06-13T21:00:00+00:00,0.1718,0.1736,0.1714,0.1727,1982285.33
2026-06-13T22:00:00+00:00,0.1727,0.1729,0.1716,0.1717,2106491.41
2026-06-13T23:00:00+00:00,0.1717,0.1728,0.1715,0.1719,2475905.26
2026-06-14T00:00:00+00:00,0.1719,0.1726,0.1714,0.1716,1875567.54
2026-06-14T01:00:00+00:00,0.1716,0.1733,0.1714,0.1727,2508726.66
2026-06-14T02:00:00+00:00,0.1727,0.1736,0.1722,0.1724,1325565.16
2026-06-14T03:00:00+00:00,0.1724,0.1735,0.172,0.1731,867987.99
2026-06-14T04:00:00+00:00,0.1731,0.1732,0.1717,0.1719,1109676.83
2026-06-14T05:00:00+00:00,0.1719,0.1725,0.1714,0.172,1002320.07
2026-06-14T06:00:00+00:00,0.172,0.1728,0.1713,0.1715,471047.93
2026-06-14T07:00:00+00:00,0.1715,0.1717,0.1709,0.1711,737835.24
2026-06-14T08:00:00+00:00,0.1711,0.1717,0.1708,0.1711,654628.85
2026-06-14T09:00:00+00:00,0.1711,0.1719,0.1701,0.1712,1450492.8
2026-06-14T10:00:00+00:00,0.1712,0.1713,0.1697,0.1699,1941874.42
2026-06-14T11:00:00+00:00,0.1699,0.1704,0.1695,0.1699,612863.51
2026-06-14T12:00:00+00:00,0.1699,0.17,0.1678,0.1684,1099323.72
2026-06-14T13:00:00+00:00,0.1684,0.1686,0.167,0.1676,2234960.57
2026-06-14T14:00:00+00:00,0.1676,0.168,0.1654,0.167,2703151.44
2026-06-14T15:00:00+00:00,0.167,0.1673,0.1664,0.167,1568615.81
2026-06-14T16:00:00+00:00,0.167,0.1676,0.1668,0.1671,974941.35
2026-06-14T17:00:00+00:00,0.1671,0.1674,0.1665,0.1666,729284.79
2026-06-14T18:00:00+00:00,0.1666,0.167,0.1661,0.1662,843106.06
2026-06-14T19:00:00+00:00,0.1662,0.1667,0.1658,0.1661,1429432.96
2026-06-14T20:00:00+00:00,0.1661,0.1674,0.1659,0.167,1059201.06
2026-06-14T21:00:00+00:00,0.167,0.1761,0.1667,0.174,7266952.07
2026-06-14T22:00:00+00:00,0.174,0.177,0.1726,0.1751,9492045.0
2026-06-14T23:00:00+00:00,0.1751,0.1838,0.1739,0.183,7412236.76
2026-06-15T00:00:00+00:00,0.183,0.187,0.1816,0.1829,11680653.61
2026-06-15T01:00:00+00:00,0.1829,0.1833,0.18,0.1805,6892302.05
2026-06-15T02:00:00+00:00,0.1805,0.1824,0.1794,0.1799,4565753.93
2026-06-15T03:00:00+00:00,0.1799,0.1821,0.1796,0.1814,2469931.57
2026-06-15T04:00:00+00:00,0.1814,0.1817,0.1796,0.1797,1694431.6
2026-06-15T05:00:00+00:00,0.1797,0.1814,0.1796,0.181,1423088.78
2026-06-15T06:00:00+00:00,0.181,0.1819,0.1806,0.1813,1135109.07
2026-06-15T07:00:00+00:00,0.1813,0.1819,0.18,0.1802,1483947.9
2026-06-15T08:00:00+00:00,0.1802,0.1817,0.18,0.1811,1452976.43
2026-06-15T09:00:00+00:00,0.1811,0.1819,0.1806,0.1815,1209127.62
2026-06-15T10:00:00+00:00,0.1815,0.183,0.1806,0.1829,3804357.29
2026-06-15T11:00:00+00:00,0.1829,0.1855,0.1823,0.1852,2985862.25
2026-06-15T12:00:00+00:00,0.1852,0.1895,0.1845,0.1873,2635093.87
2026-06-15T13:00:00+00:00,0.1873,0.1899,0.186,0.1892,3895597.63
2026-06-15T14:00:00+00:00,0.1892,0.1895,0.1873,0.1874,1549286.89
2026-06-15T15:00:00+00:00,0.1874,0.1894,0.186,0.1889,2512705.38
2026-06-15T16:00:00+00:00,0.1889,0.1897,0.187,0.1877,1472251.01
2026-06-15T17:00:00+00:00,0.1877,0.1881,0.1859,0.1876,1264891.16
2026-06-15T18:00:00+00:00,0.1876,0.1887,0.1869,0.1873,1112682.67
2026-06-15T19:00:00+00:00,0.1873,0.1886,0.1851,0.1861,1583199.9
2026-06-15T20:00:00+00:00,0.1861,0.1865,0.1799,0.1806,3435890.9
2026-06-15T21:00:00+00:00,0.1806,0.1814,0.1794,0.1795,1409305.71
2026-06-15T22:00:00+00:00,0.1795,0.1805,0.177,0.1784,1101983.23
2026-06-15T23:00:00+00:00,0.1784,0.1788,0.1775,0.1787,645787.4
2026-06-16T00:00:00+00:00,0.1787,0.1792,0.1777,0.1779,1447432.29
2026-06-16T01:00:00+00:00,0.1779,0.1785,0.1771,0.1773,596857.37
2026-06-16T02:00:00+00:00,0.1773,0.1776,0.1755,0.1762,1104831.76
2026-06-16T03:00:00+00:00,0.1762,0.1775,0.1758,0.1772,772881.0
2026-06-16T04:00:00+00:00,0.1772,0.1773,0.1757,0.1759,650208.65
2026-06-16T05:00:00+00:00,0.1759,0.1773,0.1759,0.177,523152.38
2026-06-16T06:00:00+00:00,0.177,0.1787,0.177,0.1784,671608.21
2026-06-16T07:00:00+00:00,0.1784,0.1793,0.1777,0.1789,738598.73
2026-06-16T08:00:00+00:00,0.1789,0.1814,0.1784,0.1809,1399138.27
2026-06-16T09:00:00+00:00,0.1809,0.1811,0.1793,0.1799,1534781.53
2026-06-16T10:00:00+00:00,0.1799,0.1805,0.1793,0.1794,861582.59
2026-06-16T11:00:00+00:00,0.1794,0.1796,0.1783,0.1789,685134.0
2026-06-16T12:00:00+00:00,0.1789,0.1813,0.1785,0.1801,1634767.79
2026-06-16T13:00:00+00:00,0.1801,0.1802,0.1767,0.1771,1708407.64
2026-06-16T14:00:00+00:00,0.1771,0.1776,0.1729,0.1739,2511097.98
2026-06-16T15:00:00+00:00,0.1739,0.1749,0.1734,0.1741,1037796.3
2026-06-16T16:00:00+00:00,0.1741,0.1749,0.1729,0.1732,1310400.33
2026-06-16T17:00:00+00:00,0.1732,0.1748,0.1729,0.1746,1385642.16
2026-06-16T18:00:00+00:00,0.1746,0.1766,0.1739,0.1749,2565100.81
2026-06-16T19:00:00+00:00,0.1749,0.1749,0.172,0.1732,1685315.12
2026-06-16T20:00:00+00:00,0.1732,0.1756,0.1724,0.175,2065446.72
2026-06-16T21:00:00+00:00,0.175,0.1751,0.1734,0.1739,2566856.84
2026-06-16T22:00:00+00:00,0.1739,0.1743,0.1728,0.1734,873078.25
2026-06-16T23:00:00+00:00,0.1734,0.1738,0.1721,0.1725,1086170.31
2026-06-17T00:00:00+00:00,0.1725,0.1733,0.1719,0.172,1518393.36
2026-06-17T01:00:00+00:00,0.172,0.1739,0.1711,0.1736,3175843.1
2026-06-17T02:00:00+00:00,0.1736,0.1751,0.1733,0.1745,3083285.93
2026-06-17T03:00:00+00:00,0.1745,0.1745,0.1725,0.1731,858346.04
2026-06-17T04:00:00+00:00,0.1731,0.1738,0.1726,0.1729,678258.04
2026-06-17T05:00:00+00:00,0.1729,0.1734,0.1719,0.1727,1378955.65
2026-06-17T06:00:00+00:00,0.1727,0.1731,0.1712,0.1715,1163204.51
2026-06-17T07:00:00+00:00,0.1715,0.1721,0.1703,0.1713,2242587.01
2026-06-17T08:00:00+00:00,0.1713,0.1713,0.1687,0.1691,1429469.73
2026-06-17T09:00:00+00:00,0.1691,0.1697,0.1687,0.1692,992549.65
2026-06-17T10:00:00+00:00,0.1692,0.1698,0.1688,0.1691,676518.38
2026-06-17T11:00:00+00:00,0.1691,0.1695,0.1678,0.1689,1302142.15
2026-06-17T12:00:00+00:00,0.1689,0.1694,0.1675,0.1694,1425237.46
2026-06-17T13:00:00+00:00,0.1694,0.1696,0.1683,0.1683,1175880.48
2026-06-17T14:00:00+00:00,0.1683,0.1693,0.1671,0.1681,3886060.26
2026-06-17T15:00:00+00:00,0.1681,0.1715,0.1679,0.1714,1835094.93
2026-06-17T16:00:00+00:00,0.1714,0.173,0.1708,0.1711,1431228.55
2026-06-17T17:00:00+00:00,0.1711,0.1725,0.1705,0.1725,1433277.48
2026-06-17T18:00:00+00:00,0.1725,0.1725,0.1675,0.1697,11860939.29
2026-06-17T19:00:00+00:00,0.1697,0.1701,0.1649,0.1656,6853751.04
2026-06-17T20:00:00+00:00,0.1656,0.1675,0.1653,0.1673,1941166.02
2026-06-17T21:00:00+00:00,0.1673,0.1673,0.1657,0.1661,846469.53
2026-06-17T22:00:00+00:00,0.1661,0.1675,0.1637,0.1667,3180782.58
2026-06-17T23:00:00+00:00,0.1667,0.1673,0.1662,0.1669,750895.07
2026-06-18T00:00:00+00:00,0.1669,0.168,0.1668,0.1672,994951.41
2026-06-18T01:00:00+00:00,0.1672,0.1684,0.1672,0.1679,504603.87
2026-06-18T02:00:00+00:00,0.1679,0.1689,0.1676,0.1685,651977.97
2026-06-18T03:00:00+00:00,0.1685,0.1688,0.1664,0.1668,628698.02
2026-06-18T04:00:00+00:00,0.1668,0.1669,0.1652,0.1656,2170939.33
2026-06-18T05:00:00+00:00,0.1656,0.1656,0.164,0.165,1828349.77
2026-06-18T06:00:00+00:00,0.165,0.1657,0.1644,0.1655,1316757.88
2026-06-18T07:00:00+00:00,0.1655,0.1672,0.165,0.1668,1084198.87
2026-06-18T08:00:00+00:00,0.1668,0.1675,0.1663,0.1666,668472.09
2026-06-18T09:00:00+00:00,0.1666,0.1675,0.1664,0.1672,723866.09
2026-06-18T10:00:00+00:00,0.1672,0.1673,0.166,0.1666,569848.07
2026-06-18T11:00:00+00:00,0.1666,0.1669,0.1647,0.165,1009539.07
2026-06-18T12:00:00+00:00,0.165,0.1662,0.1649,0.166,802385.63
2026-06-18T13:00:00+00:00,0.166,0.1666,0.1637,0.1648,1392939.37
2026-06-18T14:00:00+00:00,0.1648,0.1662,0.164,0.1647,1176460.19
2026-06-18T15:00:00+00:00,0.1647,0.1647,0.1599,0.1604,3265496.39
2026-06-18T16:00:00+00:00,0.1604,0.1623,0.1602,0.1623,2883422.9
2026-06-18T17:00:00+00:00,0.1623,0.1625,0.1604,0.1614,1695759.07
2026-06-18T18:00:00+00:00,0.1614,0.1628,0.1609,0.1621,953090.87
2026-06-18T19:00:00+00:00,0.1621,0.1634,0.1615,0.1631,2989001.32
2026-06-18T20:00:00+00:00,0.1631,0.1642,0.1631,0.1635,614693.21
2026-06-18T21:00:00+00:00,0.1635,0.1636,0.1625,0.1633,557508.3
2026-06-18T22:00:00+00:00,0.1633,0.1634,0.1625,0.1631,475573.95
2026-06-18T23:00:00+00:00,0.1631,0.1639,0.1625,0.1637,310161.08
2026-06-19T00:00:00+00:00,0.1637,0.1643,0.1633,0.164,590659.61
2026-06-19T01:00:00+00:00,0.164,0.1652,0.1638,0.1645,2290849.3
2026-06-19T02:00:00+00:00,0.1645,0.1649,0.1635,0.1643,423233.92
2026-06-19T03:00:00+00:00,0.1643,0.1645,0.1611,0.1621,3638366.61
2026-06-19T04:00:00+00:00,0.1621,0.1624,0.1596,0.1602,1747833.22
2026-06-19T05:00:00+00:00,0.1602,0.1612,0.1601,0.1609,491522.79
2026-06-19T06:00:00+00:00,0.1609,0.1611,0.1602,0.1608,306486.73
2026-06-19T07:00:00+00:00,0.1608,0.1608,0.1587,0.1596,1778945.51
2026-06-19T08:00:00+00:00,0.1596,0.1611,0.1596,0.1605,576173.39
2026-06-19T09:00:00+00:00,0.1605,0.1607,0.1594,0.1598,496563.08
2026-06-19T10:00:00+00:00,0.1598,0.1605,0.1591,0.1603,559723.45
2026-06-19T11:00:00+00:00,0.1603,0.1604,0.1597,0.1598,605362.23
2026-06-19T12:00:00+00:00,0.1598,0.1608,0.1588,0.1608,998123.35
2026-06-19T13:00:00+00:00,0.1608,0.1629,0.1605,0.1624,1620233.93
2026-06-19T14:00:00+00:00,0.1624,0.1627,0.1615,0.1618,473946.11
2026-06-19T15:00:00+00:00,0.1618,0.1622,0.1611,0.1618,1590093.6
2026-06-19T16:00:00+00:00,0.1618,0.1623,0.1605,0.1606,818168.07
2026-06-19T17:00:00+00:00,0.1606,0.1622,0.1603,0.1618,515234.68
2026-06-19T18:00:00+00:00,0.1618,0.162,0.1604,0.1613,598718.13
2026-06-19T19:00:00+00:00,0.1613,0.1615,0.1605,0.1609,807314.51
2026-06-19T20:00:00+00:00,0.1609,0.1621,0.1605,0.1619,599268.54
2026-06-19T21:00:00+00:00,0.1619,0.1621,0.1605,0.1607,368392.89
2026-06-19T22:00:00+00:00,0.1607,0.1619,0.1605,0.1617,315319.33
2026-06-19T23:00:00+00:00,0.1617,0.1624,0.1612,0.1621,514203.18
2026-06-20T00:00:00+00:00,0.1621,0.1641,0.1619,0.1623,802226.97
2026-06-20T01:00:00+00:00,0.1623,0.1628,0.1619,0.1624,458933.86
2026-06-20T02:00:00+00:00,0.1624,0.1625,0.1617,0.1621,355714.34
2026-06-20T03:00:00+00:00,0.1621,0.1626,0.1618,0.1625,403554.76
2026-06-20T04:00:00+00:00,0.1625,0.1632,0.1623,0.1631,430611.28
2026-06-20T05:00:00+00:00,0.1631,0.165,0.1629,0.1635,1005867.77
2026-06-20T06:00:00+00:00,0.1635,0.1639,0.1631,0.1637,429229.84
2026-06-20T07:00:00+00:00,0.1637,0.1639,0.1629,0.163,325204.57
2026-06-20T08:00:00+00:00,0.163,0.1632,0.1623,0.163,500419.8
2026-06-20T09:00:00+00:00,0.163,0.164,0.163,0.1638,423913.59
2026-06-20T10:00:00+00:00,0.1638,0.1638,0.1628,0.1632,263336.28
2026-06-20T11:00:00+00:00,0.1632,0.1633,0.1624,0.1629,288896.41
2026-06-20T12:00:00+00:00,0.1629,0.1633,0.1623,0.1627,528303.48
2026-06-20T13:00:00+00:00,0.1627,0.1627,0.1612,0.1615,1001136.75
2026-06-20T14:00:00+00:00,0.1615,0.1632,0.16,0.162,2128590.69
2026-06-20T15:00:00+00:00,0.162,0.1633,0.1616,0.1623,1192387.46
2026-06-20T16:00:00+00:00,0.1623,0.1626,0.161,0.162,737006.91
2026-06-20T17:00:00+00:00,0.162,0.162,0.1602,0.1611,719651.37
2026-06-20T18:00:00+00:00,0.1611,0.1614,0.1608,0.1609,227455.02
2026-06-20T19:00:00+00:00,0.1609,0.1615,0.1608,0.1613,447634.06
2026-06-20T20:00:00+00:00,0.1613,0.1617,0.1612,0.1615,707004.52
2026-06-20T21:00:00+00:00,0.1615,0.1627,0.1614,0.1621,533303.61
2026-06-20T22:00:00+00:00,0.1621,0.1635,0.162,0.1632,888929.98
2026-06-20T23:00:00+00:00,0.1632,0.1638,0.163,0.1633,428162.76
2026-06-21T00:00:00+00:00,0.1633,0.1635,0.163,0.1635,419764.03
2026-06-21T01:00:00+00:00,0.1635,0.1635,0.1626,0.163,1193915.49
2026-06-21T02:00:00+00:00,0.163,0.163,0.1623,0.1623,242359.85
2026-06-21T03:00:00+00:00,0.1623,0.1631,0.1621,0.1627,595463.17
2026-06-21T04:00:00+00:00,0.1627,0.1627,0.1607,0.161,1540751.6
2026-06-21T05:00:00+00:00,0.161,0.161,0.1602,0.1605,741892.91
2026-06-21T06:00:00+00:00,0.1605,0.1616,0.1605,0.1615,154185.22
2026-06-21T07:00:00+00:00,0.1615,0.1623,0.1609,0.1615,591373.39
2026-06-21T08:00:00+00:00,0.1615,0.1616,0.16,0.1611,847419.37
2026-06-21T09:00:00+00:00,0.1611,0.162,0.1607,0.162,485567.0
2026-06-21T10:00:00+00:00,0.162,0.1626,0.1613,0.1614,488437.83
2026-06-21T11:00:00+00:00,0.1614,0.1618,0.1609,0.1609,639086.15
2026-06-21T12:00:00+00:00,0.1609,0.1613,0.1604,0.1612,433808.49
2026-06-21T13:00:00+00:00,0.1612,0.1619,0.161,0.1618,238008.9
2026-06-21T14:00:00+00:00,0.1618,0.1622,0.1614,0.1622,597396.36
2026-06-21T15:00:00+00:00,0.1622,0.1629,0.1622,0.1624,567308.43
2026-06-21T16:00:00+00:00,0.1624,0.1624,0.161,0.1616,540400.49
2026-06-21T17:00:00+00:00,0.1616,0.1624,0.1614,0.1616,234896.73
2026-06-21T18:00:00+00:00,0.1616,0.1621,0.161,0.1621,284064.27
2026-06-21T19:00:00+00:00,0.1621,0.1625,0.1618,0.162,435023.35
2026-06-21T20:00:00+00:00,0.162,0.1623,0.1604,0.1607,552236.91
2026-06-21T21:00:00+00:00,0.1607,0.1607,0.1586,0.1596,4209400.28
2026-06-21T22:00:00+00:00,0.1596,0.1599,0.1581,0.1591,1309420.3
2026-06-21T23:00:00+00:00,0.1591,0.1591,0.1564,0.1567,2228337.51
2026-06-22T00:00:00+00:00,0.1567,0.1598,0.1567,0.1595,1007436.41
2026-06-22T01:00:00+00:00,0.1595,0.1629,0.1591,0.1612,1482183.62
2026-06-22T02:00:00+00:00,0.1612,0.1612,0.1597,0.1597,1429347.35
2026-06-22T03:00:00+00:00,0.1597,0.1602,0.1579,0.1582,1089042.13
2026-06-22T04:00:00+00:00,0.1582,0.1593,0.1579,0.1593,311223.71
2026-06-22T05:00:00+00:00,0.1593,0.1607,0.1593,0.1606,670694.33
2026-06-22T06:00:00+00:00,0.1606,0.1609,0.1599,0.1604,1128486.33
2026-06-22T07:00:00+00:00,0.1604,0.1621,0.1603,0.1617,1045867.57
2026-06-22T08:00:00+00:00,0.1617,0.1618,0.1607,0.1612,395604.75
2026-06-22T09:00:00+00:00,0.1612,0.1613,0.1602,0.1604,492605.81
2026-06-22T10:00:00+00:00,0.1604,0.1608,0.1599,0.1603,625789.97
2026-06-22T11:00:00+00:00,0.1603,0.1624,0.1602,0.1618,1865351.0
2026-06-22T12:00:00+00:00,0.1618,0.1625,0.1615,0.1619,938443.09
2026-06-22T13:00:00+00:00,0.1619,0.1633,0.1614,0.1631,1545391.89
2026-06-22T14:00:00+00:00,0.1631,0.1631,0.1596,0.1603,2257622.66
2026-06-22T15:00:00+00:00,0.1603,0.1606,0.1588,0.1595,1626556.3
2026-06-22T16:00:00+00:00,0.1595,0.1596,0.1586,0.1595,1163591.46
2026-06-22T17:00:00+00:00,0.1595,0.1599,0.1584,0.1596,703644.18
2026-06-22T18:00:00+00:00,0.1596,0.1601,0.1583,0.1585,760894.09
2026-06-22T19:00:00+00:00,0.1585,0.1591,0.1578,0.159,552444.25
2026-06-22T20:00:00+00:00,0.159,0.1597,0.1588,0.1591,346409.15
2026-06-22T21:00:00+00:00,0.1591,0.1594,0.1583,0.1594,302558.64
2026-06-22T22:00:00+00:00,0.1594,0.1601,0.1571,0.158,1181505.96
2026-06-22T23:00:00+00:00,0.158,0.1587,0.1577,0.1586,313304.42
2026-06-23T00:00:00+00:00,0.1586,0.1592,0.158,0.1592,621287.3
2026-06-23T01:00:00+00:00,0.1592,0.1597,0.1576,0.1589,1222898.93
2026-06-23T02:00:00+00:00,0.1589,0.1594,0.1583,0.1593,381981.6
2026-06-23T03:00:00+00:00,0.1593,0.1599,0.1587,0.1599,855448.82
2026-06-23T04:00:00+00:00,0.1599,0.16,0.1581,0.1584,470740.01
2026-06-23T05:00:00+00:00,0.1584,0.1588,0.1574,0.1576,557616.34
2026-06-23T06:00:00+00:00,0.1576,0.1577,0.1537,0.1547,5452968.31
2026-06-23T07:00:00+00:00,0.1547,0.1559,0.1546,0.1547,1271952.26
2026-06-23T08:00:00+00:00,0.1547,0.1549,0.1508,0.1525,4424903.19
2026-06-23T09:00:00+00:00,0.1525,0.1532,0.1521,0.1526,1105719.83
2026-06-23T10:00:00+00:00,0.1526,0.1534,0.1524,0.1527,678109.59
2026-06-23T11:00:00+00:00,0.1527,0.1541,0.1527,0.1536,917133.21
2026-06-23T12:00:00+00:00,0.1536,0.1537,0.1503,0.1503,2076208.95
2026-06-23T13:00:00+00:00,0.1503,0.1524,0.1498,0.1517,2713581.43
2026-06-23T14:00:00+00:00,0.1517,0.1526,0.1509,0.151,1173911.39
2026-06-23T15:00:00+00:00,0.151,0.1514,0.1501,0.1511,919822.86
2026-06-23T16:00:00+00:00,0.1511,0.1519,0.1506,0.1511,1456987.08
2026-06-23T17:00:00+00:00,0.1511,0.1511,0.1499,0.1503,1335181.16
2026-06-23T18:00:00+00:00,0.1503,0.1507,0.1493,0.1501,1114297.5
2026-06-23T19:00:00+00:00,0.1501,0.1507,0.1497,0.1501,784146.77
2026-06-23T20:00:00+00:00,0.1501,0.1509,0.15,0.1501,468760.07
2026-06-23T21:00:00+00:00,0.1501,0.1515,0.15,0.1515,655656.63
2026-06-23T22:00:00+00:00,0.1515,0.1523,0.1514,0.1517,1225169.22
2026-06-23T23:00:00+00:00,0.1517,0.1517,0.1509,0.1515,505619.54
2026-06-24T00:00:00+00:00,0.1515,0.1531,0.1513,0.1529,1413049.33
2026-06-24T01:00:00+00:00,0.1529,0.1543,0.1524,0.153,1256105.71
2026-06-24T02:00:00+00:00,0.153,0.1531,0.1522,0.1526,905195.17
2026-06-24T03:00:00+00:00,0.1526,0.1528,0.1516,0.1522,973760.47
2026-06-24T04:00:00+00:00,0.1522,0.1526,0.1506,0.1525,2024036.23
2026-06-24T05:00:00+00:00,0.1525,0.1531,0.1521,0.1523,1197090.2
2026-06-24T06:00:00+00:00,0.1523,0.1523,0.1512,0.1514,1063336.54
2026-06-24T07:00:00+00:00,0.1514,0.1515,0.1502,0.1506,764389.7
2026-06-24T08:00:00+00:00,0.1506,0.1513,0.1504,0.1513,1163920.0
2026-06-24T09:00:00+00:00,0.1513,0.1513,0.15,0.1504,1109673.2
2026-06-24T10:00:00+00:00,0.1504,0.1504,0.1458,0.1471,14647634.7
2026-06-24T11:00:00+00:00,0.1471,0.1498,0.1463,0.1483,3277891.09
2026-06-24T12:00:00+00:00,0.1483,0.1489,0.1479,0.1481,1511927.06
2026-06-24T13:00:00+00:00,0.1481,0.1481,0.1446,0.1453,5329499.13
2026-06-24T14:00:00+00:00,0.1453,0.1463,0.1449,0.1455,4263029.49
2026-06-24T15:00:00+00:00,0.1455,0.1455,0.1436,0.1438,2503991.37
2026-06-24T16:00:00+00:00,0.1438,0.1446,0.1408,0.1416,5754931.65
2026-06-24T17:00:00+00:00,0.1416,0.1425,0.1396,0.1401,2831770.46
2026-06-24T18:00:00+00:00,0.1401,0.1428,0.1398,0.1416,1605295.8
2026-06-24T19:00:00+00:00,0.1416,0.1421,0.14,0.1411,3420725.13
2026-06-24T20:00:00+00:00,0.1411,0.1456,0.1409,0.1453,3844642.88
2026-06-24T21:00:00+00:00,0.1453,0.1473,0.1448,0.1471,1372099.66
2026-06-24T22:00:00+00:00,0.1471,0.1493,0.1469,0.1472,1823040.83
2026-06-24T23:00:00+00:00,0.1472,0.148,0.1469,0.1477,1188173.92
2026-06-25T00:00:00+00:00,0.1477,0.1491,0.1472,0.1476,3984330.77
2026-06-25T01:00:00+00:00,0.1476,0.1482,0.1471,0.1477,1066598.91
2026-06-25T02:00:00+00:00,0.1477,0.1481,0.1474,0.1478,423100.57
2026-06-25T03:00:00+00:00,0.1478,0.1481,0.1471,0.1475,627431.88
2026-06-25T04:00:00+00:00,0.1475,0.1491,0.1471,0.1491,606490.23
2026-06-25T05:00:00+00:00,0.1491,0.1508,0.149,0.1499,1772386.13
2026-06-25T06:00:00+00:00,0.1499,0.1505,0.1495,0.1498,424400.88
2026-06-25T07:00:00+00:00,0.1498,0.1501,0.1491,0.1499,1266163.17
2026-06-25T08:00:00+00:00,0.1499,0.1501,0.1492,0.1493,657087.69
2026-06-25T09:00:00+00:00,0.1493,0.1496,0.1489,0.1493,370111.3
2026-06-25T10:00:00+00:00,0.1493,0.1495,0.148,0.1482,299251.62
2026-06-25T11:00:00+00:00,0.1482,0.1482,0.1474,0.1477,1237856.55
2026-06-25T12:00:00+00:00,0.1477,0.1485,0.1463,0.1482,3329296.48
2026-06-25T13:00:00+00:00,0.1482,0.1488,0.1383,0.1389,7524333.11
2026-06-25T14:00:00+00:00,0.1389,0.1455,0.1389,0.1428,7661170.93
2026-06-25T15:00:00+00:00,0.1428,0.1433,0.1411,0.1432,3323171.79
2026-06-25T16:00:00+00:00,0.1432,0.1452,0.142,0.1429,2132412.0
2026-06-25T17:00:00+00:00,0.1429,0.1447,0.1424,0.1445,1819415.83
2026-06-25T18:00:00+00:00,0.1445,0.1447,0.1419,0.1422,1765255.88
2026-06-25T19:00:00+00:00,0.1422,0.1423,0.1405,0.1411,3189286.65
2026-06-25T20:00:00+00:00,0.1411,0.1421,0.1411,0.1415,2286655.2
2026-06-25T21:00:00+00:00,0.1415,0.1441,0.1415,0.1439,947812.51
2026-06-25T22:00:00+00:00,0.1439,0.1441,0.1432,0.1434,1362401.91
2026-06-25T23:00:00+00:00,0.1434,0.1443,0.1432,0.1438,1343102.62
2026-06-26T00:00:00+00:00,0.1438,0.1444,0.1431,0.1432,1223117.83
2026-06-26T01:00:00+00:00,0.1432,0.1434,0.1419,0.1421,1673807.32
2026-06-26T02:00:00+00:00,0.1421,0.1422,0.139,0.1395,3546585.01
2026-06-26T03:00:00+00:00,0.1395,0.1431,0.1385,0.1425,3089044.47
2026-06-26T04:00:00+00:00,0.1425,0.1432,0.1417,0.1419,670361.81
2026-06-26T05:00:00+00:00,0.1419,0.1432,0.1415,0.1429,1653404.99
2026-06-26T06:00:00+00:00,0.1429,0.1453,0.1422,0.1452,2143885.99
2026-06-26T07:00:00+00:00,0.1452,0.1472,0.145,0.1466,2086490.64
2026-06-26T08:00:00+00:00,0.1466,0.1469,0.1446,0.1449,968242.11
2026-06-26T09:00:00+00:00,0.1449,0.1452,0.1436,0.1438,1391252.22
2026-06-26T10:00:00+00:00,0.1438,0.1444,0.1435,0.1437,755057.81
2026-06-26T11:00:00+00:00,0.1437,0.1446,0.1427,0.1433,918271.84
2026-06-26T12:00:00+00:00,0.1433,0.1451,0.1425,0.1429,1604645.34
2026-06-26T13:00:00+00:00,0.1429,0.1459,0.1412,0.1458,2930800.76
2026-06-26T14:00:00+00:00,0.1458,0.1462,0.1444,0.1446,3592108.38
2026-06-26T15:00:00+00:00,0.1446,0.1483,0.1441,0.1481,3648502.37
2026-06-26T16:00:00+00:00,0.1481,0.1499,0.147,0.1481,3065651.35
2026-06-26T17:00:00+00:00,0.1481,0.149,0.1479,0.1482,1253449.69
2026-06-26T18:00:00+00:00,0.1482,0.1488,0.1468,0.1469,1183192.04
2026-06-26T19:00:00+00:00,0.1469,0.1485,0.1465,0.1476,2494974.71
2026-06-26T20:00:00+00:00,0.1476,0.1493,0.1471,0.1474,3012391.91
2026-06-26T21:00:00+00:00,0.1474,0.1481,0.147,0.1472,436510.77
2026-06-26T22:00:00+00:00,0.1472,0.1482,0.1465,0.1481,1054278.63
2026-06-26T23:00:00+00:00,0.1481,0.1494,0.148,0.1484,2039214.94
2026-06-27T00:00:00+00:00,0.1484,0.1491,0.1473,0.1482,973675.16
2026-06-27T01:00:00+00:00,0.1482,0.1484,0.1476,0.1482,681977.34
2026-06-27T02:00:00+00:00,0.1482,0.1497,0.1478,0.1491,1518708.38
2026-06-27T03:00:00+00:00,0.1491,0.1493,0.1481,0.1482,1189051.63
2026-06-27T04:00:00+00:00,0.1482,0.149,0.1482,0.1483,562514.39
2026-06-27T05:00:00+00:00,0.1483,0.1484,0.1473,0.148,551119.73
2026-06-27T06:00:00+00:00,0.148,0.1482,0.1473,0.1479,651148.52
2026-06-27T07:00:00+00:00,0.1479,0.1481,0.1476,0.1476,191015.99
2026-06-27T08:00:00+00:00,0.1476,0.1477,0.1471,0.1474,378649.3
2026-06-27T09:00:00+00:00,0.1474,0.1475,0.1467,0.1472,334434.84
2026-06-27T10:00:00+00:00,0.1472,0.1475,0.147,0.1475,214967.91
2026-06-27T11:00:00+00:00,0.1475,0.1476,0.1464,0.1473,733339.24
2026-06-27T12:00:00+00:00,0.1473,0.1474,0.1467,0.1474,540489.23
2026-06-27T13:00:00+00:00,0.1474,0.1483,0.1473,0.148,394217.1
2026-06-27T14:00:00+00:00,0.148,0.1491,0.1478,0.1486,539995.28
2026-06-27T15:00:00+00:00,0.1486,0.1494,0.1484,0.1488,757682.3
2026-06-27T16:00:00+00:00,0.1488,0.149,0.1482,0.1485,388172.91
2026-06-27T17:00:00+00:00,0.1485,0.1485,0.1466,0.1466,2573771.57
2026-06-27T18:00:00+00:00,0.1466,0.1471,0.1463,0.147,629007.56
2026-06-27T19:00:00+00:00,0.147,0.147,0.1449,0.1453,622397.07
2026-06-27T20:00:00+00:00,0.1453,0.1458,0.1453,0.1456,246927.38
2026-06-27T21:00:00+00:00,0.1456,0.1461,0.1448,0.1449,797042.88
2026-06-27T22:00:00+00:00,0.1449,0.1456,0.1438,0.1456,2368368.2
2026-06-27T23:00:00+00:00,0.1456,0.1459,0.1451,0.1453,401737.77
2026-06-28T00:00:00+00:00,0.1453,0.146,0.1452,0.1455,321003.16
2026-06-28T01:00:00+00:00,0.1455,0.1456,0.1449,0.1454,291155.84
2026-06-28T02:00:00+00:00,0.1454,0.1458,0.1447,0.145,559447.75
2026-06-28T03:00:00+00:00,0.145,0.1455,0.145,0.1455,353601.79
2026-06-28T04:00:00+00:00,0.1455,0.1455,0.1449,0.1451,207649.22
2026-06-28T05:00:00+00:00,0.1451,0.1452,0.1438,0.1445,337238.66
2026-06-28T06:00:00+00:00,0.1445,0.1446,0.1433,0.1442,883887.1
2026-06-28T07:00:00+00:00,0.1442,0.1453,0.1442,0.1453,780899.53
2026-06-28T08:00:00+00:00,0.1453,0.1466,0.145,0.1459,1424720.03
2026-06-28T09:00:00+00:00,0.1459,0.1462,0.1448,0.1449,877503.29
2026-06-28T10:00:00+00:00,0.1449,0.1452,0.1443,0.1449,340528.61
2026-06-28T11:00:00+00:00,0.1449,0.1456,0.1447,0.1453,629655.02
2026-06-28T12:00:00+00:00,0.1453,0.1457,0.1446,0.145,382799.2
2026-06-28T13:00:00+00:00,0.145,0.145,0.1441,0.1443,458605.57
2026-06-28T14:00:00+00:00,0.1443,0.1454,0.1442,0.1446,484358.45
2026-06-28T15:00:00+00:00,0.1446,0.1452,0.1442,0.1446,710412.48
2026-06-28T16:00:00+00:00,0.1446,0.1447,0.1431,0.1438,786279.93
2026-06-28T17:00:00+00:00,0.1438,0.1442,0.1427,0.1435,724366.54
2026-06-28T18:00:00+00:00,0.1435,0.1438,0.1429,0.1433,528724.09
2026-06-28T19:00:00+00:00,0.1433,0.1438,0.1422,0.1429,1085730.66
2026-06-28T20:00:00+00:00,0.1429,0.1439,0.1428,0.1435,610928.19
2026-06-28T21:00:00+00:00,0.1435,0.1438,0.1415,0.1421,1135880.74
2026-06-28T22:00:00+00:00,0.1421,0.1442,0.1412,0.142,1461672.04
2026-06-28T23:00:00+00:00,0.142,0.1444,0.1417,0.1439,743734.93
2026-06-29T00:00:00+00:00,0.1439,0.1441,0.1419,0.1441,1053902.43
2026-06-29T01:00:00+00:00,0.1441,0.1442,0.1429,0.1437,453356.32
2026-06-29T02:00:00+00:00,0.1437,0.1445,0.142,0.1444,1120378.18
2026-06-29T03:00:00+00:00,0.1444,0.1459,0.1444,0.1452,869231.45
2026-06-29T04:00:00+00:00,0.1452,0.1452,0.1438,0.144,527816.73
2026-06-29T05:00:00+00:00,0.144,0.145,0.1427,0.145,780979.56
2026-06-29T06:00:00+00:00,0.145,0.1464,0.145,0.1452,996332.22
2026-06-29T07:00:00+00:00,0.1452,0.1455,0.1446,0.145,429570.48
2026-06-29T08:00:00+00:00,0.145,0.1453,0.1437,0.1441,1027946.83
2026-06-29T09:00:00+00:00,0.1441,0.1451,0.144,0.1451,967169.92
2026-06-29T10:00:00+00:00,0.1451,0.1459,0.145,0.1453,666077.24
2026-06-29T11:00:00+00:00,0.1453,0.146,0.1443,0.1449,1428430.52
2026-06-29T12:00:00+00:00,0.1449,0.147,0.144,0.1449,1626945.25
2026-06-29T13:00:00+00:00,0.1449,0.1461,0.1436,0.1448,1542034.13
2026-06-29T14:00:00+00:00,0.1448,0.1452,0.1433,0.1451,1373806.94
2026-06-29T15:00:00+00:00,0.1451,0.146,0.1437,0.1456,718129.27
2026-06-29T16:00:00+00:00,0.1456,0.1459,0.1447,0.1455,841364.77
2026-06-29T17:00:00+00:00,0.1455,0.1488,0.1455,0.1478,2147578.18
2026-06-29T18:00:00+00:00,0.1478,0.1481,0.1472,0.1472,1031727.22
2026-06-29T19:00:00+00:00,0.1472,0.148,0.1468,0.1476,746608.17
2026-06-29T20:00:00+00:00,0.1476,0.1478,0.1469,0.1469,197086.09
2026-06-29T21:00:00+00:00,0.1469,0.1478,0.1466,0.1473,672805.93
2026-06-29T22:00:00+00:00,0.1473,0.1474,0.1463,0.1463,326957.21
2026-06-29T23:00:00+00:00,0.1463,0.1464,0.1455,0.1458,887015.12
2026-06-30T00:00:00+00:00,0.1458,0.1459,0.1445,0.1445,746853.07
2026-06-30T01:00:00+00:00,0.1445,0.1447,0.1439,0.1443,557378.72
2026-06-30T02:00:00+00:00,0.1443,0.1449,0.1438,0.1446,373053.12
2026-06-30T03:00:00+00:00,0.1446,0.1451,0.1444,0.1444,401966.0
2026-06-30T04:00:00+00:00,0.1444,0.1449,0.1442,0.1447,761335.09
2026-06-30T05:00:00+00:00,0.1447,0.1449,0.1441,0.1449,393934.67
2026-06-30T06:00:00+00:00,0.1449,0.1457,0.1447,0.1455,406408.96
2026-06-30T07:00:00+00:00,0.1455,0.1457,0.1448,0.1451,416208.54
2026-06-30T08:00:00+00:00,0.1451,0.1452,0.1441,0.1445,1041611.04
2026-06-30T09:00:00+00:00,0.1445,0.145,0.1443,0.1449,549559.14
2026-06-30T10:00:00+00:00,0.1449,0.145,0.1446,0.1448,189387.29
2026-06-30T11:00:00+00:00,0.1448,0.1449,0.1439,0.144,680307.31
2026-06-30T12:00:00+00:00,0.144,0.144,0.1422,0.1422,1278372.76
2026-06-30T13:00:00+00:00,0.1422,0.1443,0.1421,0.1441,1476431.86
2026-06-30T14:00:00+00:00,0.1441,0.1455,0.1436,0.1438,1249066.67
2026-06-30T15:00:00+00:00,0.1438,0.1453,0.1431,0.1443,4840779.09
2026-06-30T16:00:00+00:00,0.1443,0.1457,0.1437,0.1455,6863427.86
2026-06-30T17:00:00+00:00,0.1455,0.1466,0.1446,0.1446,1266178.68
2026-06-30T18:00:00+00:00,0.1446,0.146,0.1442,0.1455,801521.63
2026-06-30T19:00:00+00:00,0.1455,0.1456,0.1446,0.1449,962806.1
2026-06-30T20:00:00+00:00,0.1449,0.1449,0.1437,0.1438,616810.52
2026-06-30T21:00:00+00:00,0.1438,0.1443,0.1436,0.1442,331308.63
2026-06-30T22:00:00+00:00,0.1442,0.1447,0.1437,0.1441,468001.19
2026-06-30T23:00:00+00:00,0.1441,0.1445,0.1439,0.1444,410291.07
2026-07-01T00:00:00+00:00,0.1444,0.1447,0.1434,0.1445,829501.68
2026-07-01T01:00:00+00:00,0.1445,0.1454,0.142,0.1449,2391541.11
2026-07-01T02:00:00+00:00,0.1449,0.1466,0.1448,0.1465,1204153.43
2026-07-01T03:00:00+00:00,0.1465,0.1507,0.1465,0.1494,4346968.52
2026-07-01T04:00:00+00:00,0.1494,0.153,0.149,0.1508,7695776.9
2026-07-01T05:00:00+00:00,0.1508,0.1524,0.1505,0.1516,2791458.85
2026-07-01T06:00:00+00:00,0.1516,0.1518,0.1488,0.1503,2773823.91
2026-07-01T07:00:00+00:00,0.1503,0.1507,0.1496,0.1501,1505019.23
2026-07-01T08:00:00+00:00,0.1501,0.1509,0.1491,0.1506,2397969.67
2026-07-01T09:00:00+00:00,0.1506,0.1512,0.15,0.1505,1325415.65
2026-07-01T10:00:00+00:00,0.1505,0.1515,0.15,0.1509,1333999.67
2026-07-01T11:00:00+00:00,0.1509,0.1524,0.1504,0.1507,1215544.75
2026-07-01T12:00:00+00:00,0.1507,0.1525,0.1504,0.1515,2837303.64
2026-07-01T13:00:00+00:00,0.1515,0.154,0.1509,0.1538,3573957.31
2026-07-01T14:00:00+00:00,0.1538,0.1575,0.1536,0.1556,5922585.8
2026-07-01T15:00:00+00:00,0.1556,0.158,0.155,0.1553,2847255.08
2026-07-01T16:00:00+00:00,0.1553,0.1559,0.1545,0.1551,1747281.43
2026-07-01T17:00:00+00:00,0.1551,0.1551,0.1539,0.1548,774352.12
2026-07-01T18:00:00+00:00,0.1548,0.155,0.1537,0.1541,1126972.06
2026-07-01T19:00:00+00:00,0.1541,0.1549,0.1527,0.1533,981500.77
2026-07-01T20:00:00+00:00,0.1533,0.1541,0.153,0.1541,583405.72
2026-07-01T21:00:00+00:00,0.1541,0.1579,0.154,0.1575,941513.85
2026-07-01T22:00:00+00:00,0.1575,0.1579,0.1557,0.156,1728100.48
2026-07-01T23:00:00+00:00,0.156,0.156,0.1539,0.1539,1034499.21
2026-07-02T00:00:00+00:00,0.1539,0.1541,0.1526,0.153,1577145.4
2026-07-02T01:00:00+00:00,0.153,0.1554,0.153,0.1547,739493.6
2026-07-02T02:00:00+00:00,0.1547,0.1552,0.1542,0.1547,948181.77
2026-07-02T03:00:00+00:00,0.1547,0.1565,0.1539,0.1562,2627698.71
2026-07-02T04:00:00+00:00,0.1562,0.1562,0.1548,0.156,737495.34
2026-07-02T05:00:00+00:00,0.156,0.156,0.1543,0.1545,1124331.74
2026-07-02T06:00:00+00:00,0.1545,0.1557,0.1543,0.1547,381054.61
2026-07-02T07:00:00+00:00,0.1547,0.156,0.1545,0.1551,3407241.92
2026-07-02T08:00:00+00:00,0.1551,0.1567,0.155,0.1566,793801.71
2026-07-02T09:00:00+00:00,0.1566,0.1584,0.1557,0.1577,1422886.42
2026-07-02T10:00:00+00:00,0.1577,0.1594,0.1576,0.1593,1404104.89
2026-07-02T11:00:00+00:00,0.1593,0.1604,0.1587,0.1596,1953889.12
2026-07-02T12:00:00+00:00,0.1596,0.1618,0.1594,0.1603,3565582.58
2026-07-02T13:00:00+00:00,0.1603,0.1627,0.1599,0.1619,2724428.67
2026-07-02T14:00:00+00:00,0.1619,0.1625,0.1596,0.16,1397889.89
2026-07-02T15:00:00+00:00,0.16,0.1612,0.1588,0.1608,1426669.18
2026-07-02T16:00:00+00:00,0.1608,0.1625,0.1595,0.1599,2506361.19
2026-07-02T17:00:00+00:00,0.1599,0.1602,0.1589,0.1591,730809.21
2026-07-02T18:00:00+00:00,0.1591,0.1611,0.159,0.1598,1424522.88
2026-07-02T19:00:00+00:00,0.1598,0.1603,0.159,0.1597,660387.23
2026-07-02T20:00:00+00:00,0.1597,0.1621,0.1595,0.1613,2129890.16
2026-07-02T21:00:00+00:00,0.1613,0.1619,0.1606,0.1611,832435.22
2026-07-02T22:00:00+00:00,0.1611,0.1621,0.1605,0.1615,577053.21
2026-07-02T23:00:00+00:00,0.1615,0.163,0.1609,0.1615,2317347.65
2026-07-03T00:00:00+00:00,0.1615,0.1617,0.1607,0.1615,1738536.99
2026-07-03T01:00:00+00:00,0.1615,0.1662,0.1614,0.1658,2443913.96
2026-07-03T02:00:00+00:00,0.1658,0.1687,0.1647,0.1681,4521251.52
2026-07-03T03:00:00+00:00,0.1681,0.1681,0.166,0.1668,4553921.69
2026-07-03T04:00:00+00:00,0.1668,0.167,0.164,0.1641,1443227.91
2026-07-03T05:00:00+00:00,0.1641,0.1643,0.1633,0.1638,1071178.63
2026-07-03T06:00:00+00:00,0.1638,0.1664,0.1638,0.165,1182080.72
2026-07-03T07:00:00+00:00,0.165,0.1657,0.1646,0.1651,1190718.57
2026-07-03T08:00:00+00:00,0.1651,0.1667,0.1648,0.1666,752840.38
2026-07-03T09:00:00+00:00,0.1666,0.168,0.166,0.1668,3628665.31
2026-07-03T10:00:00+00:00,0.1668,0.1692,0.1667,0.1683,2454655.96
2026-07-03T11:00:00+00:00,0.1683,0.1699,0.1681,0.1695,1255024.07
2026-07-03T12:00:00+00:00,0.1695,0.1705,0.168,0.1691,1422530.5
2026-07-03T13:00:00+00:00,0.1691,0.1711,0.1691,0.1708,1100674.7
2026-07-03T14:00:00+00:00,0.1708,0.1716,0.1699,0.1705,2115996.67
