timestamp,open,high,low,close,volume
2026-04-11T07:00:00+00:00,9.271,9.303,9.27,9.284,3830.931
2026-04-11T08:00:00+00:00,9.284,9.314,9.28,9.282,6959.159
2026-04-11T09:00:00+00:00,9.282,9.315,9.261,9.284,8989.775
2026-04-11T10:00:00+00:00,9.284,9.286,9.255,9.268,4244.444
2026-04-11T11:00:00+00:00,9.268,9.289,9.258,9.282,4798.62
2026-04-11T12:00:00+00:00,9.282,9.296,9.27,9.273,7240.965
2026-04-11T13:00:00+00:00,9.273,9.273,9.191,9.239,9538.376
2026-04-11T14:00:00+00:00,9.239,9.281,9.239,9.272,5615.913
2026-04-11T15:00:00+00:00,9.272,9.341,9.268,9.333,18268.982
2026-04-11T16:00:00+00:00,9.333,9.471,9.333,9.45,35968.423
2026-04-11T17:00:00+00:00,9.45,9.456,9.383,9.392,26887.292
2026-04-11T18:00:00+00:00,9.392,9.522,9.364,9.492,26582.361
2026-04-11T19:00:00+00:00,9.492,9.611,9.485,9.582,48008.086
2026-04-11T20:00:00+00:00,9.582,9.609,9.441,9.471,22325.11
2026-04-11T21:00:00+00:00,9.471,9.5,9.437,9.464,8208.727
2026-04-11T22:00:00+00:00,9.464,9.518,9.397,9.419,13478.217
2026-04-11T23:00:00+00:00,9.419,9.419,9.337,9.376,12252.983
2026-04-12T00:00:00+00:00,9.376,9.381,9.328,9.367,8273.753
2026-04-12T01:00:00+00:00,9.367,9.392,9.036,9.081,52654.554
2026-04-12T02:00:00+00:00,9.081,9.137,9.031,9.131,35344.979
2026-04-12T03:00:00+00:00,9.131,9.135,9.082,9.084,18099.36
2026-04-12T04:00:00+00:00,9.084,9.093,9.06,9.069,9135.182
2026-04-12T05:00:00+00:00,9.069,9.082,9.049,9.071,9217.689
2026-04-12T06:00:00+00:00,9.071,9.084,9.041,9.055,6434.701
2026-04-12T07:00:00+00:00,9.055,9.055,8.999,9.023,21208.225
2026-04-12T08:00:00+00:00,9.023,9.051,9.007,9.037,6416.683
2026-04-12T09:00:00+00:00,9.037,9.047,9.007,9.021,5162.953
2026-04-12T10:00:00+00:00,9.021,9.041,8.983,8.995,9948.265
2026-04-12T11:00:00+00:00,8.995,9.045,8.99,9.033,4276.695
2026-04-12T12:00:00+00:00,9.033,9.062,9.007,9.022,13627.633
2026-04-12T13:00:00+00:00,9.022,9.045,8.963,8.966,10073.85
2026-04-12T14:00:00+00:00,8.966,9.003,8.963,8.979,9510.305
2026-04-12T15:00:00+00:00,8.979,8.989,8.931,8.971,8582.64
2026-04-12T16:00:00+00:00,8.971,9.019,8.955,9.017,7338.965
2026-04-12T17:00:00+00:00,9.017,9.126,9.017,9.113,7837.614
2026-04-12T18:00:00+00:00,9.113,9.164,9.094,9.103,13802.038
2026-04-12T19:00:00+00:00,9.103,9.115,9.068,9.08,7718.007
2026-04-12T20:00:00+00:00,9.08,9.15,9.065,9.134,8733.651
2026-04-12T21:00:00+00:00,9.134,9.173,9.115,9.157,7335.262
2026-04-12T22:00:00+00:00,9.157,9.157,9.02,9.067,20264.424
2026-04-12T23:00:00+00:00,9.067,9.067,9.004,9.03,15601.209
2026-04-13T00:00:00+00:00,9.03,9.123,9.015,9.1,19843.178
2026-04-13T01:00:00+00:00,9.1,9.169,9.095,9.136,10879.944
2026-04-13T02:00:00+00:00,9.136,9.145,9.054,9.056,12683.6
2026-04-13T03:00:00+00:00,9.056,9.081,9.043,9.073,9286.641
2026-04-13T04:00:00+00:00,9.073,9.114,9.051,9.056,7025.891
2026-04-13T05:00:00+00:00,9.056,9.066,9.016,9.066,4762.848
2026-04-13T06:00:00+00:00,9.066,9.195,9.063,9.155,13898.494
2026-04-13T07:00:00+00:00,9.155,9.162,9.049,9.068,12349.326
2026-04-13T08:00:00+00:00,9.068,9.068,9.016,9.031,18433.194
2026-04-13T09:00:00+00:00,9.031,9.089,9.029,9.079,9159.897
2026-04-13T10:00:00+00:00,9.079,9.087,8.984,8.992,7853.24
2026-04-13T11:00:00+00:00,8.992,9.084,8.969,9.07,23446.584
2026-04-13T12:00:00+00:00,9.07,9.191,9.041,9.156,12259.334
2026-04-13T13:00:00+00:00,9.156,9.284,9.107,9.267,42114.864
2026-04-13T14:00:00+00:00,9.267,9.321,9.142,9.319,20351.249
2026-04-13T15:00:00+00:00,9.319,9.327,9.157,9.209,18734.183
2026-04-13T16:00:00+00:00,9.209,9.309,9.15,9.29,19710.664
2026-04-13T17:00:00+00:00,9.29,9.386,9.253,9.259,19370.441
2026-04-13T18:00:00+00:00,9.259,9.267,9.179,9.263,9071.672
2026-04-13T19:00:00+00:00,9.263,9.419,9.259,9.408,25247.617
2026-04-13T20:00:00+00:00,9.408,9.419,9.278,9.293,32053.674
2026-04-13T21:00:00+00:00,9.293,9.329,9.25,9.32,17610.491
2026-04-13T22:00:00+00:00,9.32,9.625,9.309,9.597,138833.668
2026-04-13T23:00:00+00:00,9.597,9.711,9.57,9.66,91455.734
2026-04-14T00:00:00+00:00,9.66,9.703,9.497,9.512,48028.512
2026-04-14T01:00:00+00:00,9.512,9.531,9.467,9.496,17955.669
2026-04-14T02:00:00+00:00,9.496,9.498,9.43,9.458,17834.011
2026-04-14T03:00:00+00:00,9.458,9.485,9.438,9.45,16387.176
2026-04-14T04:00:00+00:00,9.45,9.469,9.428,9.446,15865.175
2026-04-14T05:00:00+00:00,9.446,9.446,9.371,9.385,12408.07
2026-04-14T06:00:00+00:00,9.385,9.437,9.385,9.424,10357.712
2026-04-14T07:00:00+00:00,9.424,9.456,9.397,9.414,13194.057
2026-04-14T08:00:00+00:00,9.414,9.451,9.392,9.44,13398.323
2026-04-14T09:00:00+00:00,9.44,9.447,9.388,9.424,10888.926
2026-04-14T10:00:00+00:00,9.424,9.442,9.401,9.407,7045.437
2026-04-14T11:00:00+00:00,9.407,9.413,9.377,9.388,9794.045
2026-04-14T12:00:00+00:00,9.388,9.4,9.356,9.374,6900.118
2026-04-14T13:00:00+00:00,9.374,9.499,9.37,9.498,24015.311
2026-04-14T14:00:00+00:00,9.498,9.534,9.393,9.393,25047.453
2026-04-14T15:00:00+00:00,9.393,9.466,9.276,9.426,22026.902
2026-04-14T16:00:00+00:00,9.426,9.491,9.374,9.394,12841.715
2026-04-14T17:00:00+00:00,9.394,9.446,9.32,9.379,14356.744
2026-04-14T18:00:00+00:00,9.379,9.401,9.213,9.256,14571.213
2026-04-14T19:00:00+00:00,9.256,9.351,9.25,9.35,5869.221
2026-04-14T20:00:00+00:00,9.35,9.378,9.307,9.32,9018.176
2026-04-14T21:00:00+00:00,9.32,9.382,9.32,9.366,6059.176
2026-04-14T22:00:00+00:00,9.366,9.386,9.292,9.314,7990.523
2026-04-14T23:00:00+00:00,9.314,9.333,9.276,9.302,8956.538
2026-04-15T00:00:00+00:00,9.302,9.377,9.299,9.334,7125.629
2026-04-15T01:00:00+00:00,9.334,9.387,9.325,9.362,4596.065
2026-04-15T02:00:00+00:00,9.362,9.385,9.284,9.317,7677.971
2026-04-15T03:00:00+00:00,9.317,9.354,9.291,9.344,11976.023
2026-04-15T04:00:00+00:00,9.344,9.46,9.34,9.407,42599.803
2026-04-15T05:00:00+00:00,9.407,9.456,9.324,9.343,12516.679
2026-04-15T06:00:00+00:00,9.343,9.343,9.291,9.301,7454.976
2026-04-15T07:00:00+00:00,9.301,9.325,9.259,9.268,18976.294
2026-04-15T08:00:00+00:00,9.268,9.397,9.261,9.351,11064.408
2026-04-15T09:00:00+00:00,9.351,9.365,9.307,9.321,6853.11
2026-04-15T10:00:00+00:00,9.321,9.393,9.293,9.336,6902.461
2026-04-15T11:00:00+00:00,9.336,9.458,9.336,9.425,16048.388
2026-04-15T12:00:00+00:00,9.425,9.438,9.384,9.431,9380.212
2026-04-15T13:00:00+00:00,9.431,9.447,9.366,9.396,15283.646
2026-04-15T14:00:00+00:00,9.396,9.461,9.369,9.45,9109.245
2026-04-15T15:00:00+00:00,9.45,9.459,9.326,9.364,14589.322
2026-04-15T16:00:00+00:00,9.364,9.452,9.355,9.433,7616.971
2026-04-15T17:00:00+00:00,9.433,9.478,9.407,9.451,12173.935
2026-04-15T18:00:00+00:00,9.451,9.488,9.443,9.477,6746.335
2026-04-15T19:00:00+00:00,9.477,9.57,9.454,9.528,17164.068
2026-04-15T20:00:00+00:00,9.528,9.534,9.458,9.475,12096.425
2026-04-15T21:00:00+00:00,9.475,9.509,9.427,9.497,12328.112
2026-04-15T22:00:00+00:00,9.497,9.56,9.482,9.485,7576.135
2026-04-15T23:00:00+00:00,9.485,9.485,9.388,9.432,14457.482
2026-04-16T00:00:00+00:00,9.432,9.45,9.371,9.406,9672.353
2026-04-16T01:00:00+00:00,9.406,9.407,9.344,9.371,9553.721
2026-04-16T02:00:00+00:00,9.371,9.498,9.37,9.443,21726.823
2026-04-16T03:00:00+00:00,9.443,9.514,9.415,9.486,19273.15
2026-04-16T04:00:00+00:00,9.486,9.554,9.468,9.489,21471.26
2026-04-16T05:00:00+00:00,9.489,9.519,9.46,9.494,7892.218
2026-04-16T06:00:00+00:00,9.494,9.568,9.494,9.568,7851.539
2026-04-16T07:00:00+00:00,9.568,9.621,9.492,9.513,20513.974
2026-04-16T08:00:00+00:00,9.513,9.517,9.441,9.445,34164.042
2026-04-16T09:00:00+00:00,9.445,9.509,9.429,9.434,13768.539
2026-04-16T10:00:00+00:00,9.434,9.44,9.342,9.4,26809.609
2026-04-16T11:00:00+00:00,9.4,9.47,9.383,9.467,12306.584
2026-04-16T12:00:00+00:00,9.467,9.562,9.467,9.509,21877.37
2026-04-16T13:00:00+00:00,9.509,9.614,9.306,9.413,49150.084
2026-04-16T14:00:00+00:00,9.413,9.422,9.265,9.401,29876.435
2026-04-16T15:00:00+00:00,9.401,9.605,9.391,9.582,52498.463
2026-04-16T16:00:00+00:00,9.582,9.651,9.417,9.458,197711.375
2026-04-16T17:00:00+00:00,9.458,9.551,9.408,9.53,15711.017
2026-04-16T18:00:00+00:00,9.53,9.85,9.492,9.771,158800.499
2026-04-16T19:00:00+00:00,9.771,9.864,9.743,9.851,87922.048
2026-04-16T20:00:00+00:00,9.851,9.882,9.658,9.695,36108.38
2026-04-16T21:00:00+00:00,9.695,9.731,9.645,9.723,13098.617
2026-04-16T22:00:00+00:00,9.723,9.774,9.683,9.713,26326.482
2026-04-16T23:00:00+00:00,9.713,9.781,9.687,9.73,18104.862
2026-04-17T00:00:00+00:00,9.73,9.749,9.67,9.692,22374.758
2026-04-17T01:00:00+00:00,9.692,9.717,9.597,9.631,32123.081
2026-04-17T02:00:00+00:00,9.631,9.652,9.553,9.589,20917.021
2026-04-17T03:00:00+00:00,9.589,9.589,9.542,9.558,12151.01
2026-04-17T04:00:00+00:00,9.558,9.586,9.533,9.551,16240.31
2026-04-17T05:00:00+00:00,9.551,9.553,9.446,9.457,19647.699
2026-04-17T06:00:00+00:00,9.457,9.581,9.451,9.561,15334.885
2026-04-17T07:00:00+00:00,9.561,9.626,9.56,9.626,10681.744
2026-04-17T08:00:00+00:00,9.626,9.705,9.61,9.672,18303.792
2026-04-17T09:00:00+00:00,9.672,9.73,9.607,9.683,31017.115
2026-04-17T10:00:00+00:00,9.683,9.702,9.502,9.544,19543.354
2026-04-17T11:00:00+00:00,9.544,9.679,9.53,9.65,11861.703
2026-04-17T12:00:00+00:00,9.65,9.76,9.611,9.735,20740.298
2026-04-17T13:00:00+00:00,9.735,9.912,9.714,9.896,101055.306
2026-04-17T14:00:00+00:00,9.896,10.007,9.866,9.93,44803.468
2026-04-17T15:00:00+00:00,9.93,9.937,9.75,9.81,35256.11
2026-04-17T16:00:00+00:00,9.81,9.951,9.803,9.924,26541.435
2026-04-17T17:00:00+00:00,9.924,9.929,9.773,9.831,24354.119
2026-04-17T18:00:00+00:00,9.831,9.848,9.74,9.777,12603.753
2026-04-17T19:00:00+00:00,9.777,9.831,9.747,9.791,6468.344
2026-04-17T20:00:00+00:00,9.791,9.822,9.718,9.785,8241.471
2026-04-17T21:00:00+00:00,9.785,9.842,9.759,9.794,7669.97
2026-04-17T22:00:00+00:00,9.794,9.845,9.768,9.802,7799.502
2026-04-17T23:00:00+00:00,9.802,9.802,9.689,9.722,10832.403
2026-04-18T00:00:00+00:00,9.722,9.769,9.701,9.743,4252.98
2026-04-18T01:00:00+00:00,9.743,9.783,9.682,9.702,5821.66
2026-04-18T02:00:00+00:00,9.702,9.742,9.677,9.712,9633.652
2026-04-18T03:00:00+00:00,9.712,9.712,9.624,9.645,19279.918
2026-04-18T04:00:00+00:00,9.645,9.682,9.612,9.658,29920.706
2026-04-18T05:00:00+00:00,9.658,9.716,9.657,9.699,5757.51
2026-04-18T06:00:00+00:00,9.699,9.725,9.66,9.693,9160.052
2026-04-18T07:00:00+00:00,9.693,9.734,9.687,9.705,5050.962
2026-04-18T08:00:00+00:00,9.705,9.705,9.516,9.56,25630.623
2026-04-18T09:00:00+00:00,9.56,9.561,9.483,9.523,17366.883
2026-04-18T10:00:00+00:00,9.523,9.526,9.418,9.43,23563.215
2026-04-18T11:00:00+00:00,9.43,9.433,9.349,9.394,43262.796
2026-04-18T12:00:00+00:00,9.394,9.417,9.377,9.416,13673.699
2026-04-18T13:00:00+00:00,9.416,9.425,9.333,9.392,9641.124
2026-04-18T14:00:00+00:00,9.392,9.439,9.371,9.422,11399.43
2026-04-18T15:00:00+00:00,9.422,9.447,9.391,9.407,11602.951
2026-04-18T16:00:00+00:00,9.407,9.44,9.362,9.391,13932.187
2026-04-18T17:00:00+00:00,9.391,9.422,9.349,9.398,8592.792
2026-04-18T18:00:00+00:00,9.398,9.399,9.302,9.335,21456.331
2026-04-18T19:00:00+00:00,9.335,9.393,9.333,9.38,7888.404
2026-04-18T20:00:00+00:00,9.38,9.415,9.354,9.399,7159.541
2026-04-18T21:00:00+00:00,9.399,9.408,9.374,9.396,4038.137
2026-04-18T22:00:00+00:00,9.396,9.398,9.353,9.383,2454.095
2026-04-18T23:00:00+00:00,9.383,9.406,9.327,9.333,10000.0
2026-04-19T00:00:00+00:00,9.333,9.337,9.271,9.3,11292.292
2026-04-19T01:00:00+00:00,9.3,9.33,9.243,9.28,6954.173
2026-04-19T02:00:00+00:00,9.28,9.281,9.21,9.275,15740.847
2026-04-19T03:00:00+00:00,9.275,9.33,9.24,9.296,8577.385
2026-04-19T04:00:00+00:00,9.296,9.322,9.249,9.295,11220.801
2026-04-19T05:00:00+00:00,9.295,9.313,9.269,9.272,3882.045
2026-04-19T06:00:00+00:00,9.272,9.306,9.23,9.28,7923.66
2026-04-19T07:00:00+00:00,9.28,9.28,9.128,9.211,31243.203
2026-04-19T08:00:00+00:00,9.211,9.218,9.178,9.197,9624.982
2026-04-19T09:00:00+00:00,9.197,9.213,9.168,9.174,10937.748
2026-04-19T10:00:00+00:00,9.174,9.2,9.153,9.185,8743.207
2026-04-19T11:00:00+00:00,9.185,9.276,9.178,9.247,11374.234
2026-04-19T12:00:00+00:00,9.247,9.289,9.24,9.268,9677.835
2026-04-19T13:00:00+00:00,9.268,9.359,9.268,9.296,14427.105
2026-04-19T14:00:00+00:00,9.296,9.358,9.249,9.317,12673.658
2026-04-19T15:00:00+00:00,9.317,9.317,9.201,9.28,14661.503
2026-04-19T16:00:00+00:00,9.28,9.295,9.213,9.225,13894.786
2026-04-19T17:00:00+00:00,9.225,9.23,9.139,9.15,17666.151
2026-04-19T18:00:00+00:00,9.15,9.182,9.13,9.175,8484.87
2026-04-19T19:00:00+00:00,9.175,9.232,9.175,9.191,4811.584
2026-04-19T20:00:00+00:00,9.191,9.191,9.12,9.15,6847.583
2026-04-19T21:00:00+00:00,9.15,9.173,9.112,9.126,9356.533
2026-04-19T22:00:00+00:00,9.126,9.126,8.968,9.008,34864.409
2026-04-19T23:00:00+00:00,9.008,9.016,8.972,9.007,10269.251
2026-04-20T00:00:00+00:00,9.007,9.103,8.988,9.085,18156.703
2026-04-20T01:00:00+00:00,9.085,9.14,9.08,9.125,7823.12
2026-04-20T02:00:00+00:00,9.125,9.14,9.072,9.118,7032.801
2026-04-20T03:00:00+00:00,9.118,9.168,9.114,9.159,6962.524
2026-04-20T04:00:00+00:00,9.159,9.164,9.116,9.141,8993.567
2026-04-20T05:00:00+00:00,9.141,9.141,9.052,9.073,11265.604
2026-04-20T06:00:00+00:00,9.073,9.172,9.057,9.146,8655.818
2026-04-20T07:00:00+00:00,9.146,9.322,9.146,9.218,20543.63
2026-04-20T08:00:00+00:00,9.218,9.231,9.161,9.165,10984.822
2026-04-20T09:00:00+00:00,9.165,9.246,9.157,9.204,15089.328
2026-04-20T10:00:00+00:00,9.204,9.278,9.202,9.216,11436.215
2026-04-20T11:00:00+00:00,9.216,9.233,9.183,9.211,10258.838
2026-04-20T12:00:00+00:00,9.211,9.27,9.198,9.255,10080.904
2026-04-20T13:00:00+00:00,9.255,9.29,9.217,9.259,15800.406
2026-04-20T14:00:00+00:00,9.259,9.3,9.172,9.208,29026.378
2026-04-20T15:00:00+00:00,9.208,9.246,9.141,9.227,33832.353
2026-04-20T16:00:00+00:00,9.227,9.235,9.17,9.175,5374.046
2026-04-20T17:00:00+00:00,9.175,9.27,9.17,9.261,16498.53
2026-04-20T18:00:00+00:00,9.261,9.345,9.261,9.326,18686.558
2026-04-20T19:00:00+00:00,9.326,9.357,9.302,9.321,6115.55
2026-04-20T20:00:00+00:00,9.321,9.395,9.294,9.382,7787.005
2026-04-20T21:00:00+00:00,9.382,9.435,9.355,9.4,21445.065
2026-04-20T22:00:00+00:00,9.4,9.42,9.345,9.362,7154.165
2026-04-20T23:00:00+00:00,9.362,9.362,9.266,9.274,9043.074
2026-04-21T00:00:00+00:00,9.274,9.334,9.274,9.322,8322.793
2026-04-21T01:00:00+00:00,9.322,9.363,9.31,9.318,4755.696
2026-04-21T02:00:00+00:00,9.318,9.319,9.275,9.277,17353.48
2026-04-21T03:00:00+00:00,9.277,9.313,9.248,9.284,12773.015
2026-04-21T04:00:00+00:00,9.284,9.324,9.262,9.317,7330.477
2026-04-21T05:00:00+00:00,9.317,9.382,9.317,9.37,9238.611
2026-04-21T06:00:00+00:00,9.37,9.376,9.306,9.32,12649.54
2026-04-21T07:00:00+00:00,9.32,9.375,9.29,9.34,8014.899
2026-04-21T08:00:00+00:00,9.34,9.429,9.33,9.365,10817.472
2026-04-21T09:00:00+00:00,9.365,9.413,9.335,9.398,8545.518
2026-04-21T10:00:00+00:00,9.398,9.435,9.39,9.416,9346.471
2026-04-21T11:00:00+00:00,9.416,9.531,9.383,9.441,71734.135
2026-04-21T12:00:00+00:00,9.441,9.458,9.342,9.392,35244.997
2026-04-21T13:00:00+00:00,9.392,9.401,9.338,9.372,7697.208
2026-04-21T14:00:00+00:00,9.372,9.469,9.339,9.36,13071.118
2026-04-21T15:00:00+00:00,9.36,9.396,9.323,9.389,8368.635
2026-04-21T16:00:00+00:00,9.389,9.441,9.319,9.324,10469.892
2026-04-21T17:00:00+00:00,9.324,9.381,9.211,9.336,20310.946
2026-04-21T18:00:00+00:00,9.336,9.35,9.258,9.318,9811.398
2026-04-21T19:00:00+00:00,9.318,9.346,9.173,9.202,13761.72
2026-04-21T20:00:00+00:00,9.202,9.356,9.198,9.307,15215.01
2026-04-21T21:00:00+00:00,9.307,9.328,9.294,9.307,3949.307
2026-04-21T22:00:00+00:00,9.307,9.32,9.267,9.3,3720.508
2026-04-21T23:00:00+00:00,9.3,9.401,9.299,9.388,3921.354
2026-04-22T00:00:00+00:00,9.388,9.425,9.388,9.412,6600.29
2026-04-22T01:00:00+00:00,9.412,9.418,9.367,9.395,6143.807
2026-04-22T02:00:00+00:00,9.395,9.593,9.388,9.584,93447.121
2026-04-22T03:00:00+00:00,9.584,9.608,9.5,9.562,15443.404
2026-04-22T04:00:00+00:00,9.562,9.588,9.535,9.561,10231.444
2026-04-22T05:00:00+00:00,9.561,9.676,9.546,9.613,50518.899
2026-04-22T06:00:00+00:00,9.613,9.618,9.582,9.612,7090.579
2026-04-22T07:00:00+00:00,9.612,9.612,9.551,9.574,9594.946
2026-04-22T08:00:00+00:00,9.574,9.593,9.539,9.559,13716.909
2026-04-22T09:00:00+00:00,9.559,9.648,9.546,9.602,14438.262
2026-04-22T10:00:00+00:00,9.602,9.639,9.552,9.577,23062.114
2026-04-22T11:00:00+00:00,9.577,9.602,9.564,9.572,6235.372
2026-04-22T12:00:00+00:00,9.572,9.588,9.511,9.522,12816.133
2026-04-22T13:00:00+00:00,9.522,9.578,9.492,9.551,13184.855
2026-04-22T14:00:00+00:00,9.551,9.59,9.511,9.567,18125.569
2026-04-22T15:00:00+00:00,9.567,9.59,9.543,9.55,19195.764
2026-04-22T16:00:00+00:00,9.55,9.567,9.494,9.496,11451.314
2026-04-22T17:00:00+00:00,9.496,9.546,9.494,9.529,9320.417
2026-04-22T18:00:00+00:00,9.529,9.573,9.52,9.52,7052.94
2026-04-22T19:00:00+00:00,9.52,9.53,9.433,9.476,14192.999
2026-04-22T20:00:00+00:00,9.476,9.478,9.44,9.442,8303.033
2026-04-22T21:00:00+00:00,9.442,9.488,9.442,9.476,6654.61
2026-04-22T22:00:00+00:00,9.476,9.485,9.42,9.432,5352.745
2026-04-22T23:00:00+00:00,9.432,9.433,9.33,9.334,16587.567
2026-04-23T00:00:00+00:00,9.334,9.356,9.215,9.353,34697.042
2026-04-23T01:00:00+00:00,9.353,9.354,9.288,9.336,8682.099
2026-04-23T02:00:00+00:00,9.336,9.338,9.273,9.303,17981.936
2026-04-23T03:00:00+00:00,9.303,9.308,9.226,9.272,10818.192
2026-04-23T04:00:00+00:00,9.272,9.317,9.258,9.316,4604.287
2026-04-23T05:00:00+00:00,9.316,9.346,9.25,9.274,18685.853
2026-04-23T06:00:00+00:00,9.274,9.339,9.269,9.323,20389.759
2026-04-23T07:00:00+00:00,9.323,9.325,9.28,9.287,8960.208
2026-04-23T08:00:00+00:00,9.287,9.296,9.251,9.284,7362.362
2026-04-23T09:00:00+00:00,9.284,9.285,9.223,9.244,7644.873
2026-04-23T10:00:00+00:00,9.244,9.257,9.192,9.224,8722.342
2026-04-23T11:00:00+00:00,9.224,9.3,9.218,9.278,5983.338
2026-04-23T12:00:00+00:00,9.278,9.312,9.254,9.292,11906.862
2026-04-23T13:00:00+00:00,9.292,9.308,9.263,9.271,6284.748
2026-04-23T14:00:00+00:00,9.271,9.36,9.247,9.354,12495.315
2026-04-23T15:00:00+00:00,9.354,9.45,9.345,9.394,22112.714
2026-04-23T16:00:00+00:00,9.394,9.407,9.332,9.335,5612.327
2026-04-23T17:00:00+00:00,9.335,9.346,9.154,9.264,29958.346
2026-04-23T18:00:00+00:00,9.264,9.304,9.249,9.254,10832.744
2026-04-23T19:00:00+00:00,9.254,9.302,9.24,9.272,6454.112
2026-04-23T20:00:00+00:00,9.272,9.351,9.269,9.318,6042.928
2026-04-23T21:00:00+00:00,9.318,9.361,9.299,9.334,6182.456
2026-04-23T22:00:00+00:00,9.334,9.378,9.334,9.35,3563.609
2026-04-23T23:00:00+00:00,9.35,9.403,9.335,9.38,2990.75
2026-04-24T00:00:00+00:00,9.38,9.418,9.38,9.414,4984.642
2026-04-24T01:00:00+00:00,9.414,9.438,9.368,9.436,9788.266
2026-04-24T02:00:00+00:00,9.436,9.439,9.357,9.367,10065.231
2026-04-24T03:00:00+00:00,9.367,9.372,9.282,9.325,10713.575
2026-04-24T04:00:00+00:00,9.325,9.336,9.3,9.313,6794.57
2026-04-24T05:00:00+00:00,9.313,9.381,9.301,9.362,4434.146
2026-04-24T06:00:00+00:00,9.362,9.403,9.351,9.375,6389.387
2026-04-24T07:00:00+00:00,9.375,9.404,9.348,9.37,5994.591
2026-04-24T08:00:00+00:00,9.37,9.401,9.354,9.37,7456.792
2026-04-24T09:00:00+00:00,9.37,9.376,9.327,9.358,5615.425
2026-04-24T10:00:00+00:00,9.358,9.415,9.338,9.399,8185.117
2026-04-24T11:00:00+00:00,9.399,9.469,9.396,9.44,32076.903
2026-04-24T12:00:00+00:00,9.44,9.469,9.391,9.415,10878.637
2026-04-24T13:00:00+00:00,9.415,9.455,9.404,9.418,17490.952
2026-04-24T14:00:00+00:00,9.418,9.431,9.375,9.412,17118.083
2026-04-24T15:00:00+00:00,9.412,9.464,9.344,9.464,13440.198
2026-04-24T16:00:00+00:00,9.464,9.476,9.396,9.428,8681.819
2026-04-24T17:00:00+00:00,9.428,9.455,9.403,9.43,11189.289
2026-04-24T18:00:00+00:00,9.43,9.443,9.388,9.428,8742.382
2026-04-24T19:00:00+00:00,9.428,9.453,9.412,9.432,4871.328
2026-04-24T20:00:00+00:00,9.432,9.47,9.397,9.459,11841.228
2026-04-24T21:00:00+00:00,9.459,9.482,9.434,9.442,19441.482
2026-04-24T22:00:00+00:00,9.442,9.449,9.372,9.389,5858.948
2026-04-24T23:00:00+00:00,9.389,9.403,9.377,9.4,4770.323
2026-04-25T00:00:00+00:00,9.4,9.416,9.382,9.412,5766.596
2026-04-25T01:00:00+00:00,9.412,9.452,9.409,9.44,3382.955
2026-04-25T02:00:00+00:00,9.44,9.442,9.407,9.435,12011.221
2026-04-25T03:00:00+00:00,9.435,9.457,9.42,9.443,7015.528
2026-04-25T04:00:00+00:00,9.443,9.459,9.42,9.448,5367.879
2026-04-25T05:00:00+00:00,9.448,9.459,9.384,9.447,30182.55
2026-04-25T06:00:00+00:00,9.447,9.498,9.447,9.452,18496.553
2026-04-25T07:00:00+00:00,9.452,9.469,9.433,9.449,4703.052
2026-04-25T08:00:00+00:00,9.449,9.466,9.437,9.454,4581.323
2026-04-25T09:00:00+00:00,9.454,9.493,9.447,9.477,8033.315
2026-04-25T10:00:00+00:00,9.477,9.492,9.467,9.472,4623.57
2026-04-25T11:00:00+00:00,9.472,9.472,9.379,9.404,6312.768
2026-04-25T12:00:00+00:00,9.404,9.404,9.37,9.383,7103.465
2026-04-25T13:00:00+00:00,9.383,9.433,9.383,9.412,2854.542
2026-04-25T14:00:00+00:00,9.412,9.424,9.387,9.387,3122.346
2026-04-25T15:00:00+00:00,9.387,9.396,9.327,9.347,11457.379
2026-04-25T16:00:00+00:00,9.347,9.363,9.303,9.335,8172.712
2026-04-25T17:00:00+00:00,9.335,9.34,9.285,9.307,8214.331
2026-04-25T18:00:00+00:00,9.307,9.335,9.291,9.316,5933.192
2026-04-25T19:00:00+00:00,9.316,9.323,9.3,9.308,2646.317
2026-04-25T20:00:00+00:00,9.308,9.323,9.291,9.321,2176.839
2026-04-25T21:00:00+00:00,9.321,9.341,9.321,9.324,4373.49
2026-04-25T22:00:00+00:00,9.324,9.366,9.32,9.347,3114.136
2026-04-25T23:00:00+00:00,9.347,9.368,9.341,9.362,2884.477
2026-04-26T00:00:00+00:00,9.362,9.363,9.325,9.335,3753.885
2026-04-26T01:00:00+00:00,9.335,9.342,9.316,9.319,7239.165
2026-04-26T02:00:00+00:00,9.319,9.367,9.319,9.345,6395.992
2026-04-26T03:00:00+00:00,9.345,9.364,9.314,9.341,8053.447
2026-04-26T04:00:00+00:00,9.341,9.398,9.325,9.368,7474.556
2026-04-26T05:00:00+00:00,9.368,9.435,9.363,9.402,10952.299
2026-04-26T06:00:00+00:00,9.402,9.434,9.397,9.417,5472.031
2026-04-26T07:00:00+00:00,9.417,9.44,9.405,9.434,3344.045
2026-04-26T08:00:00+00:00,9.434,9.451,9.407,9.435,6769.166
2026-04-26T09:00:00+00:00,9.435,9.461,9.43,9.447,7927.217
2026-04-26T10:00:00+00:00,9.447,9.456,9.437,9.451,3431.304
2026-04-26T11:00:00+00:00,9.451,9.527,9.451,9.486,10308.487
2026-04-26T12:00:00+00:00,9.486,9.502,9.428,9.44,8587.76
2026-04-26T13:00:00+00:00,9.44,9.45,9.406,9.418,7411.632
2026-04-26T14:00:00+00:00,9.418,9.487,9.407,9.468,10847.565
2026-04-26T15:00:00+00:00,9.468,9.49,9.458,9.484,4888.584
2026-04-26T16:00:00+00:00,9.484,9.49,9.432,9.437,4970.112
2026-04-26T17:00:00+00:00,9.437,9.441,9.4,9.425,6119.132
2026-04-26T18:00:00+00:00,9.425,9.545,9.405,9.478,54669.247
2026-04-26T19:00:00+00:00,9.478,9.52,9.46,9.474,7792.561
2026-04-26T20:00:00+00:00,9.474,9.486,9.449,9.449,4319.257
2026-04-26T21:00:00+00:00,9.449,9.469,9.385,9.462,16955.107
2026-04-26T22:00:00+00:00,9.462,9.511,9.416,9.448,10308.44
2026-04-26T23:00:00+00:00,9.448,9.494,9.427,9.454,6555.85
2026-04-27T00:00:00+00:00,9.454,9.519,9.42,9.507,7371.343
2026-04-27T01:00:00+00:00,9.507,9.56,9.477,9.549,14199.538
2026-04-27T02:00:00+00:00,9.549,9.555,9.506,9.535,10581.128
2026-04-27T03:00:00+00:00,9.535,9.563,9.508,9.509,14453.407
2026-04-27T04:00:00+00:00,9.509,9.531,9.488,9.499,12517.595
2026-04-27T05:00:00+00:00,9.499,9.503,9.265,9.291,58143.834
2026-04-27T06:00:00+00:00,9.291,9.291,9.212,9.252,31276.361
2026-04-27T07:00:00+00:00,9.252,9.265,9.229,9.23,12986.58
2026-04-27T08:00:00+00:00,9.23,9.256,9.219,9.251,13926.185
2026-04-27T09:00:00+00:00,9.251,9.271,9.245,9.254,8299.32
2026-04-27T10:00:00+00:00,9.254,9.273,9.247,9.261,7294.047
2026-04-27T11:00:00+00:00,9.261,9.276,9.247,9.266,6584.111
2026-04-27T12:00:00+00:00,9.266,9.271,9.24,9.244,14180.423
2026-04-27T13:00:00+00:00,9.244,9.258,9.197,9.236,61935.339
2026-04-27T14:00:00+00:00,9.236,9.315,9.23,9.269,26015.765
2026-04-27T15:00:00+00:00,9.269,9.272,9.082,9.134,52490.274
2026-04-27T16:00:00+00:00,9.134,9.175,9.101,9.15,22841.199
2026-04-27T17:00:00+00:00,9.15,9.195,9.15,9.168,8823.317
2026-04-27T18:00:00+00:00,9.168,9.201,9.164,9.19,9428.7
2026-04-27T19:00:00+00:00,9.19,9.201,9.136,9.173,11777.236
2026-04-27T20:00:00+00:00,9.173,9.191,9.167,9.174,4838.066
2026-04-27T21:00:00+00:00,9.174,9.194,9.16,9.169,13704.491
2026-04-27T22:00:00+00:00,9.169,9.226,9.166,9.222,12910.288
2026-04-27T23:00:00+00:00,9.222,9.281,9.218,9.268,11843.45
2026-04-28T00:00:00+00:00,9.268,9.269,9.232,9.254,4402.726
2026-04-28T01:00:00+00:00,9.254,9.266,9.238,9.25,3553.424
2026-04-28T02:00:00+00:00,9.25,9.275,9.194,9.218,7714.732
2026-04-28T03:00:00+00:00,9.218,9.227,9.206,9.223,4438.961
2026-04-28T04:00:00+00:00,9.223,9.252,9.211,9.221,6195.277
2026-04-28T05:00:00+00:00,9.221,9.262,9.217,9.224,7311.043
2026-04-28T06:00:00+00:00,9.224,9.248,9.161,9.181,5001.473
2026-04-28T07:00:00+00:00,9.181,9.19,9.139,9.178,7419.867
2026-04-28T08:00:00+00:00,9.178,9.212,9.169,9.19,3677.479
2026-04-28T09:00:00+00:00,9.19,9.191,9.137,9.158,6730.36
2026-04-28T10:00:00+00:00,9.158,9.214,9.154,9.214,3394.116
2026-04-28T11:00:00+00:00,9.214,9.226,9.124,9.152,32118.41
2026-04-28T12:00:00+00:00,9.152,9.199,9.141,9.192,10455.816
2026-04-28T13:00:00+00:00,9.192,9.225,9.14,9.196,13189.364
2026-04-28T14:00:00+00:00,9.196,9.196,9.113,9.172,12778.629
2026-04-28T15:00:00+00:00,9.172,9.194,9.131,9.165,9992.265
2026-04-28T16:00:00+00:00,9.165,9.184,9.146,9.167,18205.205
2026-04-28T17:00:00+00:00,9.167,9.199,9.137,9.165,11727.86
2026-04-28T18:00:00+00:00,9.165,9.185,9.127,9.167,9303.528
2026-04-28T19:00:00+00:00,9.167,9.189,9.143,9.181,8066.053
2026-04-28T20:00:00+00:00,9.181,9.202,9.175,9.183,2256.96
2026-04-28T21:00:00+00:00,9.183,9.202,9.172,9.179,5532.359
2026-04-28T22:00:00+00:00,9.179,9.192,9.159,9.163,2685.443
2026-04-28T23:00:00+00:00,9.163,9.179,9.154,9.177,4024.676
2026-04-29T00:00:00+00:00,9.177,9.181,9.157,9.177,5929.061
2026-04-29T01:00:00+00:00,9.177,9.186,9.142,9.175,4069.057
2026-04-29T02:00:00+00:00,9.175,9.192,9.16,9.179,4183.381
2026-04-29T03:00:00+00:00,9.179,9.264,9.179,9.258,11477.841
2026-04-29T04:00:00+00:00,9.258,9.353,9.242,9.333,27527.051
2026-04-29T05:00:00+00:00,9.333,9.355,9.322,9.337,12892.928
2026-04-29T06:00:00+00:00,9.337,9.351,9.285,9.298,7986.103
2026-04-29T07:00:00+00:00,9.298,9.332,9.283,9.296,7360.708
2026-04-29T08:00:00+00:00,9.296,9.301,9.253,9.27,12492.189
2026-04-29T09:00:00+00:00,9.27,9.417,9.26,9.397,40848.1
2026-04-29T10:00:00+00:00,9.397,9.445,9.365,9.396,35561.052
2026-04-29T11:00:00+00:00,9.396,9.396,9.333,9.348,9836.903
2026-04-29T12:00:00+00:00,9.348,9.348,9.203,9.26,24394.397
2026-04-29T13:00:00+00:00,9.26,9.275,9.153,9.213,19200.022
2026-04-29T14:00:00+00:00,9.213,9.247,9.176,9.196,10453.371
2026-04-29T15:00:00+00:00,9.196,9.2,9.084,9.117,23776.238
2026-04-29T16:00:00+00:00,9.117,9.16,9.093,9.113,13435.862
2026-04-29T17:00:00+00:00,9.113,9.191,9.113,9.188,6616.92
2026-04-29T18:00:00+00:00,9.188,9.199,8.917,9.065,71588.594
2026-04-29T19:00:00+00:00,9.065,9.077,9.023,9.054,12911.977
2026-04-29T20:00:00+00:00,9.054,9.122,9.049,9.099,9601.691
2026-04-29T21:00:00+00:00,9.099,9.158,9.093,9.12,8647.877
2026-04-29T22:00:00+00:00,9.12,9.141,9.105,9.119,1548.4
2026-04-29T23:00:00+00:00,9.119,9.132,9.091,9.124,3627.465
2026-04-30T00:00:00+00:00,9.124,9.227,9.119,9.215,6312.307
2026-04-30T01:00:00+00:00,9.215,9.224,9.178,9.196,5582.491
2026-04-30T02:00:00+00:00,9.196,9.217,9.092,9.125,17009.473
2026-04-30T03:00:00+00:00,9.125,9.172,9.119,9.166,5988.334
2026-04-30T04:00:00+00:00,9.166,9.166,9.08,9.083,7620.654
2026-04-30T05:00:00+00:00,9.083,9.119,9.051,9.092,5940.535
2026-04-30T06:00:00+00:00,9.092,9.124,9.081,9.11,3883.149
2026-04-30T07:00:00+00:00,9.11,9.155,9.099,9.153,5365.875
2026-04-30T08:00:00+00:00,9.153,9.169,9.142,9.153,4083.414
2026-04-30T09:00:00+00:00,9.153,9.225,9.147,9.181,5040.629
2026-04-30T10:00:00+00:00,9.181,9.189,9.132,9.142,2613.233
2026-04-30T11:00:00+00:00,9.142,9.186,9.117,9.142,6329.168
2026-04-30T12:00:00+00:00,9.142,9.178,9.129,9.13,2967.892
2026-04-30T13:00:00+00:00,9.13,9.153,9.089,9.129,3969.206
2026-04-30T14:00:00+00:00,9.129,9.164,9.082,9.118,9957.824
2026-04-30T15:00:00+00:00,9.118,9.163,9.093,9.139,7319.908
2026-04-30T16:00:00+00:00,9.139,9.142,9.087,9.099,5602.061
2026-04-30T17:00:00+00:00,9.099,9.111,9.08,9.1,3058.928
2026-04-30T18:00:00+00:00,9.1,9.128,9.087,9.105,3087.261
2026-04-30T19:00:00+00:00,9.105,9.131,9.093,9.103,4091.742
2026-04-30T20:00:00+00:00,9.103,9.115,9.088,9.096,11803.885
2026-04-30T21:00:00+00:00,9.096,9.11,9.084,9.089,7781.096
2026-04-30T22:00:00+00:00,9.089,9.098,9.064,9.068,3196.461
2026-04-30T23:00:00+00:00,9.068,9.096,9.065,9.092,1272.323
2026-05-01T00:00:00+00:00,9.092,9.137,9.092,9.111,4690.781
2026-05-01T01:00:00+00:00,9.111,9.14,9.106,9.128,4340.578
2026-05-01T02:00:00+00:00,9.128,9.131,9.093,9.108,5793.395
2026-05-01T03:00:00+00:00,9.108,9.21,9.098,9.155,26465.251
2026-05-01T04:00:00+00:00,9.155,9.18,9.121,9.122,13982.945
2026-05-01T05:00:00+00:00,9.122,9.141,9.106,9.121,9635.536
2026-05-01T06:00:00+00:00,9.121,9.126,9.069,9.085,6120.889
2026-05-01T07:00:00+00:00,9.085,9.113,9.076,9.104,6681.152
2026-05-01T08:00:00+00:00,9.104,9.148,9.101,9.138,4581.413
2026-05-01T09:00:00+00:00,9.138,9.138,9.084,9.104,3628.205
2026-05-01T10:00:00+00:00,9.104,9.115,9.069,9.114,3812.821
2026-05-01T11:00:00+00:00,9.114,9.137,9.097,9.128,8328.503
2026-05-01T12:00:00+00:00,9.128,9.194,9.115,9.16,9306.095
2026-05-01T13:00:00+00:00,9.16,9.26,9.16,9.247,6962.851
2026-05-01T14:00:00+00:00,9.247,9.271,9.182,9.219,10879.193
2026-05-01T15:00:00+00:00,9.219,9.243,9.152,9.198,10866.873
2026-05-01T16:00:00+00:00,9.198,9.22,9.144,9.167,7066.162
2026-05-01T17:00:00+00:00,9.167,9.191,9.135,9.185,10113.628
2026-05-01T18:00:00+00:00,9.185,9.19,9.162,9.169,4881.325
2026-05-01T19:00:00+00:00,9.169,9.185,9.148,9.155,4006.412
2026-05-01T20:00:00+00:00,9.155,9.16,9.064,9.086,4781.073
2026-05-01T21:00:00+00:00,9.086,9.123,9.079,9.11,5241.813
2026-05-01T22:00:00+00:00,9.11,9.126,9.085,9.095,1736.68
2026-05-01T23:00:00+00:00,9.095,9.097,9.062,9.089,3846.777
2026-05-02T00:00:00+00:00,9.089,9.105,9.075,9.095,4796.516
2026-05-02T01:00:00+00:00,9.095,9.119,9.089,9.106,1160.484
2026-05-02T02:00:00+00:00,9.106,9.127,9.1,9.113,5341.823
2026-05-02T03:00:00+00:00,9.113,9.144,9.099,9.129,3694.594
2026-05-02T04:00:00+00:00,9.129,9.132,9.079,9.087,4780.881
2026-05-02T05:00:00+00:00,9.087,9.096,9.066,9.08,6866.055
2026-05-02T06:00:00+00:00,9.08,9.108,9.073,9.105,3576.557
2026-05-02T07:00:00+00:00,9.105,9.109,9.094,9.098,2988.826
2026-05-02T08:00:00+00:00,9.098,9.103,9.083,9.101,4580.513
2026-05-02T09:00:00+00:00,9.101,9.124,9.098,9.115,5268.069
2026-05-02T10:00:00+00:00,9.115,9.128,9.108,9.124,3437.388
2026-05-02T11:00:00+00:00,9.124,9.125,9.077,9.087,4156.742
2026-05-02T12:00:00+00:00,9.087,9.104,9.08,9.082,7543.782
2026-05-02T13:00:00+00:00,9.082,9.12,9.082,9.114,1818.372
2026-05-02T14:00:00+00:00,9.114,9.136,9.111,9.128,3260.178
2026-05-02T15:00:00+00:00,9.128,9.158,9.125,9.156,1768.402
2026-05-02T16:00:00+00:00,9.156,9.175,9.147,9.166,2856.47
2026-05-02T17:00:00+00:00,9.166,9.17,9.138,9.138,1655.824
2026-05-02T18:00:00+00:00,9.138,9.156,9.101,9.151,4358.035
2026-05-02T19:00:00+00:00,9.151,9.171,9.145,9.163,3981.875
2026-05-02T20:00:00+00:00,9.163,9.192,9.157,9.18,1800.132
2026-05-02T21:00:00+00:00,9.18,9.247,9.158,9.205,7472.638
2026-05-02T22:00:00+00:00,9.205,9.221,9.182,9.212,2574.03
2026-05-02T23:00:00+00:00,9.212,9.212,9.177,9.184,2060.391
2026-05-03T00:00:00+00:00,9.184,9.195,9.127,9.136,3137.092
2026-05-03T01:00:00+00:00,9.136,9.136,9.073,9.077,6218.585
2026-05-03T02:00:00+00:00,9.077,9.079,9.04,9.058,6908.699
2026-05-03T03:00:00+00:00,9.058,9.06,9.024,9.044,6013.561
2026-05-03T04:00:00+00:00,9.044,9.044,9.017,9.028,11241.805
2026-05-03T05:00:00+00:00,9.028,9.05,9.024,9.034,4325.965
2026-05-03T06:00:00+00:00,9.034,9.064,9.0,9.045,14807.31
2026-05-03T07:00:00+00:00,9.045,9.077,9.041,9.052,9787.047
2026-05-03T08:00:00+00:00,9.052,9.074,9.029,9.03,14616.712
2026-05-03T09:00:00+00:00,9.03,9.071,8.971,9.049,50573.994
2026-05-03T10:00:00+00:00,9.049,9.066,9.043,9.046,2859.329
2026-05-03T11:00:00+00:00,9.046,9.112,9.032,9.08,6700.245
2026-05-03T12:00:00+00:00,9.08,9.13,9.08,9.098,6420.429
2026-05-03T13:00:00+00:00,9.098,9.101,9.055,9.061,4895.902
2026-05-03T14:00:00+00:00,9.061,9.107,9.059,9.101,3333.075
2026-05-03T15:00:00+00:00,9.101,9.123,9.088,9.109,4482.535
2026-05-03T16:00:00+00:00,9.109,9.119,9.078,9.093,3683.776
2026-05-03T17:00:00+00:00,9.093,9.113,9.067,9.095,2440.109
2026-05-03T18:00:00+00:00,9.095,9.119,9.093,9.106,3687.912
2026-05-03T19:00:00+00:00,9.106,9.143,9.104,9.129,6027.504
2026-05-03T20:00:00+00:00,9.129,9.18,9.12,9.129,8269.922
2026-05-03T21:00:00+00:00,9.129,9.151,9.055,9.087,3797.15
2026-05-03T22:00:00+00:00,9.087,9.197,9.087,9.17,6084.805
2026-05-03T23:00:00+00:00,9.17,9.185,9.08,9.084,5753.027
2026-05-04T00:00:00+00:00,9.084,9.085,8.995,9.053,5806.109
2026-05-04T01:00:00+00:00,9.053,9.208,9.014,9.2,14274.675
2026-05-04T02:00:00+00:00,9.2,9.311,9.186,9.29,48630.231
2026-05-04T03:00:00+00:00,9.29,9.338,9.252,9.295,43754.901
2026-05-04T04:00:00+00:00,9.295,9.38,9.291,9.333,17196.825
2026-05-04T05:00:00+00:00,9.333,9.334,9.257,9.32,9659.389
2026-05-04T06:00:00+00:00,9.32,9.33,9.214,9.268,10587.272
2026-05-04T07:00:00+00:00,9.268,9.287,9.231,9.235,6283.469
2026-05-04T08:00:00+00:00,9.235,9.243,9.174,9.203,21339.458
2026-05-04T09:00:00+00:00,9.203,9.314,9.166,9.288,28962.9
2026-05-04T10:00:00+00:00,9.288,9.294,9.035,9.116,35678.838
2026-05-04T11:00:00+00:00,9.116,9.146,9.109,9.143,6472.822
2026-05-04T12:00:00+00:00,9.143,9.169,9.102,9.103,4739.712
2026-05-04T13:00:00+00:00,9.103,9.149,9.064,9.113,7710.63
2026-05-04T14:00:00+00:00,9.113,9.277,9.065,9.231,12850.333
2026-05-04T15:00:00+00:00,9.231,9.241,9.093,9.148,14887.749
2026-05-04T16:00:00+00:00,9.148,9.241,9.093,9.197,20899.867
2026-05-04T17:00:00+00:00,9.197,9.301,9.189,9.264,10906.389
2026-05-04T18:00:00+00:00,9.264,9.296,9.231,9.265,14176.781
2026-05-04T19:00:00+00:00,9.265,9.274,9.201,9.239,6730.173
2026-05-04T20:00:00+00:00,9.239,9.241,9.138,9.148,6553.014
2026-05-04T21:00:00+00:00,9.148,9.255,9.144,9.235,5167.781
2026-05-04T22:00:00+00:00,9.235,9.254,9.182,9.189,2934.575
2026-05-04T23:00:00+00:00,9.189,9.189,9.147,9.174,2393.439
2026-05-05T00:00:00+00:00,9.174,9.226,9.174,9.212,6877.239
2026-05-05T01:00:00+00:00,9.212,9.255,9.204,9.241,5546.368
2026-05-05T02:00:00+00:00,9.241,9.298,9.229,9.261,16637.998
2026-05-05T03:00:00+00:00,9.261,9.314,9.245,9.287,7729.377
2026-05-05T04:00:00+00:00,9.287,9.297,9.26,9.273,9636.583
2026-05-05T05:00:00+00:00,9.273,9.315,9.264,9.297,12337.755
2026-05-05T06:00:00+00:00,9.297,9.33,9.276,9.329,9818.112
2026-05-05T07:00:00+00:00,9.329,9.382,9.317,9.343,37650.265
2026-05-05T08:00:00+00:00,9.343,9.36,9.33,9.352,21146.061
2026-05-05T09:00:00+00:00,9.352,9.371,9.321,9.345,23985.388
2026-05-05T10:00:00+00:00,9.345,9.434,9.332,9.409,42134.909
2026-05-05T11:00:00+00:00,9.409,9.413,9.336,9.399,13671.785
2026-05-05T12:00:00+00:00,9.399,9.429,9.381,9.425,13257.568
2026-05-05T13:00:00+00:00,9.425,9.526,9.417,9.482,145509.201
2026-05-05T14:00:00+00:00,9.482,9.521,9.404,9.448,43070.449
2026-05-05T15:00:00+00:00,9.448,9.487,9.409,9.41,10492.342
2026-05-05T16:00:00+00:00,9.41,9.426,9.337,9.377,10909.924
2026-05-05T17:00:00+00:00,9.377,9.407,9.355,9.377,13687.033
2026-05-05T18:00:00+00:00,9.377,9.411,9.377,9.398,5784.897
2026-05-05T19:00:00+00:00,9.398,9.427,9.388,9.407,8379.883
2026-05-05T20:00:00+00:00,9.407,9.461,9.405,9.442,13780.507
2026-05-05T21:00:00+00:00,9.442,9.495,9.433,9.455,61040.571
2026-05-05T22:00:00+00:00,9.455,9.491,9.374,9.427,52723.684
2026-05-05T23:00:00+00:00,9.427,9.429,9.373,9.411,5485.027
2026-05-06T00:00:00+00:00,9.411,9.423,9.368,9.404,17861.121
2026-05-06T01:00:00+00:00,9.404,9.526,9.396,9.499,42494.139
2026-05-06T02:00:00+00:00,9.499,9.512,9.435,9.485,15668.028
2026-05-06T03:00:00+00:00,9.485,9.58,9.485,9.571,40193.067
2026-05-06T04:00:00+00:00,9.571,9.591,9.498,9.523,25787.37
2026-05-06T05:00:00+00:00,9.523,9.559,9.493,9.555,12733.723
2026-05-06T06:00:00+00:00,9.555,9.569,9.506,9.527,28226.419
2026-05-06T07:00:00+00:00,9.527,9.588,9.524,9.567,59221.439
2026-05-06T08:00:00+00:00,9.567,9.737,9.562,9.725,108677.564
2026-05-06T09:00:00+00:00,9.725,9.746,9.68,9.734,40679.692
2026-05-06T10:00:00+00:00,9.734,9.763,9.703,9.74,28847.489
2026-05-06T11:00:00+00:00,9.74,9.758,9.703,9.749,60264.597
2026-05-06T12:00:00+00:00,9.749,9.779,9.708,9.751,22123.873
2026-05-06T13:00:00+00:00,9.751,9.751,9.552,9.563,30712.482
2026-05-06T14:00:00+00:00,9.563,9.614,9.463,9.55,33434.836
2026-05-06T15:00:00+00:00,9.55,9.631,9.534,9.62,29606.096
2026-05-06T16:00:00+00:00,9.62,9.668,9.577,9.632,38305.167
2026-05-06T17:00:00+00:00,9.632,9.654,9.588,9.599,12855.315
2026-05-06T18:00:00+00:00,9.599,9.617,9.564,9.576,8459.159
2026-05-06T19:00:00+00:00,9.576,9.614,9.557,9.61,6370.687
2026-05-06T20:00:00+00:00,9.61,9.651,9.567,9.603,7919.354
2026-05-06T21:00:00+00:00,9.603,9.667,9.576,9.654,7799.207
2026-05-06T22:00:00+00:00,9.654,9.657,9.573,9.592,8081.977
2026-05-06T23:00:00+00:00,9.592,9.623,9.528,9.616,13528.685
2026-05-07T00:00:00+00:00,9.616,9.633,9.523,9.535,29730.497
2026-05-07T01:00:00+00:00,9.535,9.561,9.473,9.523,27397.518
2026-05-07T02:00:00+00:00,9.523,9.535,9.454,9.502,32913.794
2026-05-07T03:00:00+00:00,9.502,9.518,9.465,9.468,22644.757
2026-05-07T04:00:00+00:00,9.468,9.568,9.461,9.564,17892.017
2026-05-07T05:00:00+00:00,9.564,9.62,9.561,9.589,36096.527
2026-05-07T06:00:00+00:00,9.589,9.667,9.535,9.663,36061.445
2026-05-07T07:00:00+00:00,9.663,9.705,9.648,9.685,89769.412
2026-05-07T08:00:00+00:00,9.685,9.691,9.642,9.649,26644.048
2026-05-07T09:00:00+00:00,9.649,9.65,9.566,9.57,34339.464
2026-05-07T10:00:00+00:00,9.57,9.599,9.523,9.573,20189.224
2026-05-07T11:00:00+00:00,9.573,9.609,9.559,9.577,17323.219
2026-05-07T12:00:00+00:00,9.577,9.652,9.574,9.643,21800.655
2026-05-07T13:00:00+00:00,9.643,9.648,9.498,9.535,21968.955
2026-05-07T14:00:00+00:00,9.535,9.557,9.412,9.46,33680.793
2026-05-07T15:00:00+00:00,9.46,9.474,9.372,9.418,26131.915
2026-05-07T16:00:00+00:00,9.418,9.479,9.402,9.447,27976.112
2026-05-07T17:00:00+00:00,9.447,9.522,9.404,9.511,132518.295
2026-05-07T18:00:00+00:00,9.511,9.547,9.47,9.504,13588.258
2026-05-07T19:00:00+00:00,9.504,9.511,9.46,9.476,12819.411
2026-05-07T20:00:00+00:00,9.476,9.538,9.437,9.44,9904.55
2026-05-07T21:00:00+00:00,9.44,9.487,9.412,9.45,11623.802
2026-05-07T22:00:00+00:00,9.45,9.486,9.418,9.459,13406.46
2026-05-07T23:00:00+00:00,9.459,9.515,9.454,9.504,3178.923
2026-05-08T00:00:00+00:00,9.504,9.537,9.474,9.5,11757.401
2026-05-08T01:00:00+00:00,9.5,9.525,9.466,9.491,19755.967
2026-05-08T02:00:00+00:00,9.491,9.52,9.43,9.486,26088.253
2026-05-08T03:00:00+00:00,9.486,9.507,9.429,9.486,19409.621
2026-05-08T04:00:00+00:00,9.486,9.53,9.476,9.509,15648.439
2026-05-08T05:00:00+00:00,9.509,9.519,9.482,9.484,10415.478
2026-05-08T06:00:00+00:00,9.484,9.501,9.452,9.487,9175.685
2026-05-08T07:00:00+00:00,9.487,9.527,9.445,9.519,16935.486
2026-05-08T08:00:00+00:00,9.519,9.585,9.517,9.554,57660.76
2026-05-08T09:00:00+00:00,9.554,9.628,9.54,9.571,63942.666
2026-05-08T10:00:00+00:00,9.571,9.617,9.56,9.595,29483.867
2026-05-08T11:00:00+00:00,9.595,9.611,9.568,9.595,22291.259
2026-05-08T12:00:00+00:00,9.595,9.627,9.561,9.576,22315.536
2026-05-08T13:00:00+00:00,9.576,9.588,9.502,9.552,74934.575
2026-05-08T14:00:00+00:00,9.552,9.72,9.547,9.71,111386.939
2026-05-08T15:00:00+00:00,9.71,9.784,9.626,9.778,40776.872
2026-05-08T16:00:00+00:00,9.778,9.797,9.73,9.74,62884.23
2026-05-08T17:00:00+00:00,9.74,9.86,9.71,9.811,63730.728
2026-05-08T18:00:00+00:00,9.811,9.938,9.805,9.903,58290.466
2026-05-08T19:00:00+00:00,9.903,9.957,9.874,9.913,92477.07
2026-05-08T20:00:00+00:00,9.913,9.916,9.867,9.894,16375.62
2026-05-08T21:00:00+00:00,9.894,9.991,9.887,9.987,19135.674
2026-05-08T22:00:00+00:00,9.987,10.02,9.926,9.95,11090.256
2026-05-08T23:00:00+00:00,9.95,9.95,9.869,9.905,6398.222
2026-05-09T00:00:00+00:00,9.905,10.013,9.899,9.997,17872.729
2026-05-09T01:00:00+00:00,9.997,10.123,9.995,10.088,29660.809
2026-05-09T02:00:00+00:00,10.088,10.099,10.025,10.038,13395.309
2026-05-09T03:00:00+00:00,10.038,10.043,9.963,9.983,13443.177
2026-05-09T04:00:00+00:00,9.983,10.036,9.955,9.967,9454.95
2026-05-09T05:00:00+00:00,9.967,10.014,9.945,9.999,6389.333
2026-05-09T06:00:00+00:00,9.999,10.014,9.942,9.962,22652.411
2026-05-09T07:00:00+00:00,9.962,9.99,9.936,9.945,8910.07
2026-05-09T08:00:00+00:00,9.945,9.998,9.945,9.967,14343.175
2026-05-09T09:00:00+00:00,9.967,9.97,9.881,9.893,7225.969
2026-05-09T10:00:00+00:00,9.893,9.919,9.859,9.908,12747.427
2026-05-09T11:00:00+00:00,9.908,9.947,9.906,9.935,11105.156
2026-05-09T12:00:00+00:00,9.935,9.952,9.909,9.937,6450.441
2026-05-09T13:00:00+00:00,9.937,9.978,9.892,9.907,25331.693
2026-05-09T14:00:00+00:00,9.907,9.91,9.811,9.843,27092.588
2026-05-09T15:00:00+00:00,9.843,9.851,9.797,9.837,5502.407
2026-05-09T16:00:00+00:00,9.837,9.885,9.814,9.842,3876.005
2026-05-09T17:00:00+00:00,9.842,9.966,9.842,9.946,11081.856
2026-05-09T18:00:00+00:00,9.946,9.979,9.934,9.964,4490.025
2026-05-09T19:00:00+00:00,9.964,9.997,9.944,9.993,6721.028
2026-05-09T20:00:00+00:00,9.993,10.0,9.945,9.961,5323.404
2026-05-09T21:00:00+00:00,9.961,9.99,9.943,9.959,5887.783
2026-05-09T22:00:00+00:00,9.959,10.003,9.946,9.977,2569.393
2026-05-09T23:00:00+00:00,9.977,10.008,9.934,9.962,4321.296
2026-05-10T00:00:00+00:00,9.962,9.992,9.91,9.925,10698.281
2026-05-10T01:00:00+00:00,9.925,9.926,9.86,9.888,7898.81
2026-05-10T02:00:00+00:00,9.888,9.928,9.853,9.911,8060.857
2026-05-10T03:00:00+00:00,9.911,9.949,9.901,9.906,8892.663
2026-05-10T04:00:00+00:00,9.906,9.936,9.896,9.92,10259.811
2026-05-10T05:00:00+00:00,9.92,9.947,9.894,9.922,4749.437
2026-05-10T06:00:00+00:00,9.922,9.954,9.905,9.942,16606.065
2026-05-10T07:00:00+00:00,9.942,10.014,9.928,9.929,8586.824
2026-05-10T08:00:00+00:00,9.929,10.064,9.914,10.033,29036.027
2026-05-10T09:00:00+00:00,10.033,10.071,9.976,9.992,8676.403
2026-05-10T10:00:00+00:00,9.992,10.017,9.944,10.004,21961.051
2026-05-10T11:00:00+00:00,10.004,10.009,9.936,9.981,10560.833
2026-05-10T12:00:00+00:00,9.981,10.004,9.945,10.0,12152.88
2026-05-10T13:00:00+00:00,10.0,10.079,9.989,10.074,11779.819
2026-05-10T14:00:00+00:00,10.074,10.125,10.016,10.053,15043.433
2026-05-10T15:00:00+00:00,10.053,10.163,10.049,10.154,16744.928
2026-05-10T16:00:00+00:00,10.154,10.261,10.143,10.25,103200.321
2026-05-10T17:00:00+00:00,10.25,10.376,10.198,10.36,96311.252
2026-05-10T18:00:00+00:00,10.36,10.431,10.334,10.399,31491.214
2026-05-10T19:00:00+00:00,10.399,10.487,10.34,10.412,25306.664
2026-05-10T20:00:00+00:00,10.412,10.468,9.952,10.086,48719.837
2026-05-10T21:00:00+00:00,10.086,10.189,10.038,10.134,22734.712
2026-05-10T22:00:00+00:00,10.134,10.3,10.112,10.281,19840.435
2026-05-10T23:00:00+00:00,10.281,10.3,10.213,10.223,19626.684
2026-05-11T00:00:00+00:00,10.223,10.256,10.113,10.154,21866.796
2026-05-11T01:00:00+00:00,10.154,10.218,10.113,10.143,20640.558
2026-05-11T02:00:00+00:00,10.143,10.145,10.011,10.065,20417.919
2026-05-11T03:00:00+00:00,10.065,10.072,9.972,10.032,23052.228
2026-05-11T04:00:00+00:00,10.032,10.045,9.98,10.03,22473.919
2026-05-11T05:00:00+00:00,10.03,10.112,10.023,10.085,13249.525
2026-05-11T06:00:00+00:00,10.085,10.145,10.08,10.101,13672.087
2026-05-11T07:00:00+00:00,10.101,10.105,10.046,10.092,10344.456
2026-05-11T08:00:00+00:00,10.092,10.108,10.025,10.074,9897.911
2026-05-11T09:00:00+00:00,10.074,10.154,10.072,10.145,11831.862
2026-05-11T10:00:00+00:00,10.145,10.202,10.103,10.107,9420.113
2026-05-11T11:00:00+00:00,10.107,10.153,10.083,10.121,11376.951
2026-05-11T12:00:00+00:00,10.121,10.15,10.063,10.075,29407.928
2026-05-11T13:00:00+00:00,10.075,10.156,10.034,10.104,36373.916
2026-05-11T14:00:00+00:00,10.104,10.168,9.998,10.109,26852.886
2026-05-11T15:00:00+00:00,10.109,10.253,10.086,10.228,14585.158
2026-05-11T16:00:00+00:00,10.228,10.273,10.141,10.176,23749.714
2026-05-11T17:00:00+00:00,10.176,10.23,10.147,10.219,6254.226
2026-05-11T18:00:00+00:00,10.219,10.228,10.153,10.164,5071.921
2026-05-11T19:00:00+00:00,10.164,10.223,10.15,10.206,6386.923
2026-05-11T20:00:00+00:00,10.206,10.232,10.167,10.189,10812.417
2026-05-11T21:00:00+00:00,10.189,10.204,10.159,10.163,4404.832
2026-05-11T22:00:00+00:00,10.163,10.195,10.138,10.15,5285.852
2026-05-11T23:00:00+00:00,10.15,10.167,10.112,10.135,7205.072
2026-05-12T00:00:00+00:00,10.135,10.172,10.106,10.154,8719.197
2026-05-12T01:00:00+00:00,10.154,10.168,9.981,10.027,28125.257
2026-05-12T02:00:00+00:00,10.027,10.08,10.02,10.06,15674.994
2026-05-12T03:00:00+00:00,10.06,10.078,10.004,10.014,9697.632
2026-05-12T04:00:00+00:00,10.014,10.05,10.0,10.031,9427.59
2026-05-12T05:00:00+00:00,10.031,10.07,10.024,10.042,8776.444
2026-05-12T06:00:00+00:00,10.042,10.071,10.012,10.023,3943.806
2026-05-12T07:00:00+00:00,10.023,10.029,9.94,10.013,12409.698
2026-05-12T08:00:00+00:00,10.013,10.021,9.943,9.962,9792.349
2026-05-12T09:00:00+00:00,9.962,9.967,9.888,9.916,15600.522
2026-05-12T10:00:00+00:00,9.916,9.93,9.837,9.867,11110.272
2026-05-12T11:00:00+00:00,9.867,9.88,9.817,9.864,18188.69
2026-05-12T12:00:00+00:00,9.864,9.924,9.818,9.883,13982.121
2026-05-12T13:00:00+00:00,9.883,9.905,9.771,9.789,17663.964
2026-05-12T14:00:00+00:00,9.789,9.836,9.686,9.741,27457.914
2026-05-12T15:00:00+00:00,9.741,9.773,9.673,9.736,22560.48
2026-05-12T16:00:00+00:00,9.736,9.763,9.683,9.698,9153.015
2026-05-12T17:00:00+00:00,9.698,9.804,9.698,9.793,7987.179
2026-05-12T18:00:00+00:00,9.793,9.85,9.787,9.832,9031.438
2026-05-12T19:00:00+00:00,9.832,9.885,9.832,9.867,5180.15
2026-05-12T20:00:00+00:00,9.867,9.886,9.839,9.862,3669.382
2026-05-12T21:00:00+00:00,9.862,9.887,9.85,9.872,6454.546
2026-05-12T22:00:00+00:00,9.872,9.903,9.865,9.872,2674.366
2026-05-12T23:00:00+00:00,9.872,9.889,9.836,9.838,2124.932
2026-05-13T00:00:00+00:00,9.838,9.887,9.825,9.876,3855.707
2026-05-13T01:00:00+00:00,9.876,9.972,9.876,9.948,7630.058
2026-05-13T02:00:00+00:00,9.948,9.997,9.935,9.985,11610.591
2026-05-13T03:00:00+00:00,9.985,10.045,9.978,10.031,9091.23
2026-05-13T04:00:00+00:00,10.031,10.064,10.015,10.044,11481.409
2026-05-13T05:00:00+00:00,10.044,10.053,9.963,9.998,12936.758
2026-05-13T06:00:00+00:00,9.998,10.025,9.979,9.979,6972.777
2026-05-13T07:00:00+00:00,9.979,10.014,9.97,10.004,8087.009
2026-05-13T08:00:00+00:00,10.004,10.053,9.986,10.039,9749.602
2026-05-13T09:00:00+00:00,10.039,10.151,10.033,10.151,43465.833
2026-05-13T10:00:00+00:00,10.151,10.159,10.056,10.074,74996.839
2026-05-13T11:00:00+00:00,10.074,10.081,9.938,9.955,13822.408
2026-05-13T12:00:00+00:00,9.955,9.986,9.791,9.862,43515.069
2026-05-13T13:00:00+00:00,9.862,9.913,9.744,9.767,23383.542
2026-05-13T14:00:00+00:00,9.767,9.831,9.706,9.804,19729.46
2026-05-13T15:00:00+00:00,9.804,9.832,9.621,9.642,26121.099
2026-05-13T16:00:00+00:00,9.642,9.756,9.634,9.739,57260.821
2026-05-13T17:00:00+00:00,9.739,9.783,9.739,9.771,8692.617
2026-05-13T18:00:00+00:00,9.771,9.82,9.771,9.778,4307.253
2026-05-13T19:00:00+00:00,9.778,9.791,9.714,9.733,7487.312
2026-05-13T20:00:00+00:00,9.733,9.795,9.732,9.783,11062.213
2026-05-13T21:00:00+00:00,9.783,9.787,9.707,9.714,8747.942
2026-05-13T22:00:00+00:00,9.714,9.772,9.692,9.762,5967.25
2026-05-13T23:00:00+00:00,9.762,9.777,9.741,9.758,3246.811
2026-05-14T00:00:00+00:00,9.758,9.816,9.756,9.794,6175.065
2026-05-14T01:00:00+00:00,9.794,9.806,9.774,9.801,4973.996
2026-05-14T02:00:00+00:00,9.801,9.815,9.716,9.737,12510.2
2026-05-14T03:00:00+00:00,9.737,9.749,9.632,9.654,28146.905
2026-05-14T04:00:00+00:00,9.654,9.724,9.641,9.715,14119.938
2026-05-14T05:00:00+00:00,9.715,9.803,9.707,9.784,12872.39
2026-05-14T06:00:00+00:00,9.784,9.798,9.747,9.747,10905.822
2026-05-14T07:00:00+00:00,9.747,9.761,9.7,9.701,8874.462
2026-05-14T08:00:00+00:00,9.701,9.733,9.687,9.707,5591.744
2026-05-14T09:00:00+00:00,9.707,9.72,9.636,9.67,6808.848
2026-05-14T10:00:00+00:00,9.67,9.725,9.663,9.712,8315.716
2026-05-14T11:00:00+00:00,9.712,9.722,9.665,9.671,4051.297
2026-05-14T12:00:00+00:00,9.671,9.779,9.661,9.769,7403.454
2026-05-14T13:00:00+00:00,9.769,9.83,9.758,9.783,13456.381
2026-05-14T14:00:00+00:00,9.783,10.05,9.742,10.038,41240.027
2026-05-14T15:00:00+00:00,10.038,10.071,9.984,10.06,19530.836
2026-05-14T16:00:00+00:00,10.06,10.106,9.934,10.052,28805.595
2026-05-14T17:00:00+00:00,10.052,10.074,9.945,10.017,13090.864
2026-05-14T18:00:00+00:00,10.017,10.122,9.981,10.095,22967.416
2026-05-14T19:00:00+00:00,10.095,10.137,10.001,10.013,14085.469
2026-05-14T20:00:00+00:00,10.013,10.026,9.94,9.987,12765.489
2026-05-14T21:00:00+00:00,9.987,10.013,9.949,9.979,5035.624
2026-05-14T22:00:00+00:00,9.979,10.012,9.966,9.98,19171.301
2026-05-14T23:00:00+00:00,9.98,9.98,9.888,9.9,22497.559
2026-05-15T00:00:00+00:00,9.9,9.961,9.892,9.946,7885.658
2026-05-15T01:00:00+00:00,9.946,9.961,9.867,9.874,6982.096
2026-05-15T02:00:00+00:00,9.874,9.928,9.821,9.919,29844.646
2026-05-15T03:00:00+00:00,9.919,9.928,9.864,9.88,14496.089
2026-05-15T04:00:00+00:00,9.88,9.88,9.803,9.81,9390.408
2026-05-15T05:00:00+00:00,9.81,9.826,9.684,9.704,17325.368
2026-05-15T06:00:00+00:00,9.704,9.777,9.69,9.756,6874.433
2026-05-15T07:00:00+00:00,9.756,9.855,9.74,9.817,8817.417
2026-05-15T08:00:00+00:00,9.817,9.82,9.745,9.789,8069.356
2026-05-15T09:00:00+00:00,9.789,9.803,9.728,9.751,5590.776
2026-05-15T10:00:00+00:00,9.751,9.83,9.746,9.814,7443.986
2026-05-15T11:00:00+00:00,9.814,9.819,9.772,9.781,1948.024
2026-05-15T12:00:00+00:00,9.781,9.785,9.718,9.723,6311.26
2026-05-15T13:00:00+00:00,9.723,9.728,9.431,9.456,80931.329
2026-05-15T14:00:00+00:00,9.456,9.531,9.41,9.484,42687.793
2026-05-15T15:00:00+00:00,9.484,9.514,9.455,9.486,20415.161
2026-05-15T16:00:00+00:00,9.486,9.583,9.472,9.567,30009.394
2026-05-15T17:00:00+00:00,9.567,9.608,9.563,9.596,14829.581
2026-05-15T18:00:00+00:00,9.596,9.613,9.548,9.575,8737.929
2026-05-15T19:00:00+00:00,9.575,9.578,9.535,9.544,12350.21
2026-05-15T20:00:00+00:00,9.544,9.55,9.503,9.529,7646.799
2026-05-15T21:00:00+00:00,9.529,9.551,9.501,9.511,7506.46
2026-05-15T22:00:00+00:00,9.511,9.557,9.511,9.552,4473.281
2026-05-15T23:00:00+00:00,9.552,9.563,9.532,9.538,12202.902
2026-05-16T00:00:00+00:00,9.538,9.57,9.521,9.54,4711.599
2026-05-16T01:00:00+00:00,9.54,9.558,9.518,9.551,7810.812
2026-05-16T02:00:00+00:00,9.551,9.562,9.522,9.54,8416.845
2026-05-16T03:00:00+00:00,9.54,9.554,9.525,9.533,10412.859
2026-05-16T04:00:00+00:00,9.533,9.536,9.436,9.482,26768.466
2026-05-16T05:00:00+00:00,9.482,9.489,9.456,9.465,21640.251
2026-05-16T06:00:00+00:00,9.465,9.47,9.344,9.374,62410.581
2026-05-16T07:00:00+00:00,9.374,9.377,9.23,9.341,65684.811
2026-05-16T08:00:00+00:00,9.341,9.376,9.333,9.336,19240.713
2026-05-16T09:00:00+00:00,9.336,9.34,9.202,9.237,44149.224
2026-05-16T10:00:00+00:00,9.237,9.262,9.191,9.242,26890.493
2026-05-16T11:00:00+00:00,9.242,9.285,9.242,9.25,11351.977
2026-05-16T12:00:00+00:00,9.25,9.287,9.239,9.273,11842.403
2026-05-16T13:00:00+00:00,9.273,9.304,9.259,9.268,13813.434
2026-05-16T14:00:00+00:00,9.268,9.341,9.251,9.293,13605.755
2026-05-16T15:00:00+00:00,9.293,9.329,9.287,9.318,12687.844
2026-05-16T16:00:00+00:00,9.318,9.356,9.305,9.336,12425.647
2026-05-16T17:00:00+00:00,9.336,9.373,9.332,9.356,12126.9
2026-05-16T18:00:00+00:00,9.356,9.362,9.328,9.333,14019.604
2026-05-16T19:00:00+00:00,9.333,9.343,9.309,9.313,14138.454
2026-05-16T20:00:00+00:00,9.313,9.334,9.298,9.307,6700.438
2026-05-16T21:00:00+00:00,9.307,9.329,9.302,9.319,4668.046
2026-05-16T22:00:00+00:00,9.319,9.321,9.293,9.295,3961.338
2026-05-16T23:00:00+00:00,9.295,9.306,9.289,9.29,5942.031
2026-05-17T00:00:00+00:00,9.29,9.305,9.223,9.235,11739.355
2026-05-17T01:00:00+00:00,9.235,9.268,9.182,9.205,11041.546
2026-05-17T02:00:00+00:00,9.205,9.239,9.202,9.225,11571.327
2026-05-17T03:00:00+00:00,9.225,9.29,9.225,9.275,12242.597
2026-05-17T04:00:00+00:00,9.275,9.329,9.271,9.309,8987.655
2026-05-17T05:00:00+00:00,9.309,9.359,9.308,9.325,9882.946
2026-05-17T06:00:00+00:00,9.325,9.348,9.315,9.348,14220.021
2026-05-17T07:00:00+00:00,9.348,9.356,9.303,9.32,11337.672
2026-05-17T08:00:00+00:00,9.32,9.324,9.294,9.304,4049.411
2026-05-17T09:00:00+00:00,9.304,9.376,9.297,9.363,7277.366
2026-05-17T10:00:00+00:00,9.363,9.417,9.363,9.374,9882.186
2026-05-17T11:00:00+00:00,9.374,9.378,9.344,9.364,2750.935
2026-05-17T12:00:00+00:00,9.364,9.392,9.351,9.355,3059.083
2026-05-17T13:00:00+00:00,9.355,9.355,9.304,9.334,3525.843
2026-05-17T14:00:00+00:00,9.334,9.336,9.259,9.297,6452.561
2026-05-17T15:00:00+00:00,9.297,9.31,9.272,9.294,9236.71
2026-05-17T16:00:00+00:00,9.294,9.315,9.266,9.273,16624.412
2026-05-17T17:00:00+00:00,9.273,9.276,9.231,9.265,13618.059
2026-05-17T18:00:00+00:00,9.265,9.292,9.229,9.28,15604.198
2026-05-17T19:00:00+00:00,9.28,9.328,9.278,9.31,12531.406
2026-05-17T20:00:00+00:00,9.31,9.319,9.283,9.301,5016.726
2026-05-17T21:00:00+00:00,9.301,9.344,9.285,9.323,6810.547
2026-05-17T22:00:00+00:00,9.323,9.324,9.213,9.241,6945.008
2026-05-17T23:00:00+00:00,9.241,9.243,8.943,9.198,94774.256
2026-05-18T00:00:00+00:00,9.198,9.199,9.11,9.193,13257.464
2026-05-18T01:00:00+00:00,9.193,9.205,9.116,9.161,6810.007
2026-05-18T02:00:00+00:00,9.161,9.237,9.151,9.198,16135.635
2026-05-18T03:00:00+00:00,9.198,9.226,9.166,9.192,9379.372
2026-05-18T04:00:00+00:00,9.192,9.225,9.158,9.219,4037.436
2026-05-18T05:00:00+00:00,9.219,9.226,9.15,9.159,15534.584
2026-05-18T06:00:00+00:00,9.159,9.175,9.07,9.129,24156.2
2026-05-18T07:00:00+00:00,9.129,9.15,9.084,9.118,4730.443
2026-05-18T08:00:00+00:00,9.118,9.145,9.1,9.136,5771.581
2026-05-18T09:00:00+00:00,9.136,9.141,9.078,9.086,3345.145
2026-05-18T10:00:00+00:00,9.086,9.089,9.046,9.063,10216.459
2026-05-18T11:00:00+00:00,9.063,9.214,9.052,9.156,10696.731
2026-05-18T12:00:00+00:00,9.156,9.23,9.156,9.201,20102.114
2026-05-18T13:00:00+00:00,9.201,9.206,9.083,9.145,11360.786
2026-05-18T14:00:00+00:00,9.145,9.145,9.036,9.073,20914.359
2026-05-18T15:00:00+00:00,9.073,9.106,9.012,9.09,24974.425
2026-05-18T16:00:00+00:00,9.09,9.12,9.053,9.1,11780.453
2026-05-18T17:00:00+00:00,9.1,9.145,9.091,9.127,5048.142
2026-05-18T18:00:00+00:00,9.127,9.129,9.017,9.026,10473.534
2026-05-18T19:00:00+00:00,9.026,9.2,9.021,9.175,21512.543
2026-05-18T20:00:00+00:00,9.175,9.215,9.151,9.178,8845.965
2026-05-18T21:00:00+00:00,9.178,9.257,9.166,9.249,9979.692
2026-05-18T22:00:00+00:00,9.249,9.27,9.215,9.244,7474.086
2026-05-18T23:00:00+00:00,9.244,9.265,9.228,9.245,4861.525
2026-05-19T00:00:00+00:00,9.245,9.318,9.245,9.279,7783.028
2026-05-19T01:00:00+00:00,9.279,9.279,9.227,9.239,4238.25
2026-05-19T02:00:00+00:00,9.239,9.274,9.202,9.207,8753.938
2026-05-19T03:00:00+00:00,9.207,9.258,9.195,9.234,5232.744
2026-05-19T04:00:00+00:00,9.234,9.273,9.219,9.254,8556.482
2026-05-19T05:00:00+00:00,9.254,9.266,9.198,9.249,7072.089
2026-05-19T06:00:00+00:00,9.249,9.276,9.239,9.261,6035.135
2026-05-19T07:00:00+00:00,9.261,9.293,9.244,9.275,4685.748
2026-05-19T08:00:00+00:00,9.275,9.289,9.216,9.241,14414.313
2026-05-19T09:00:00+00:00,9.241,9.247,9.163,9.2,8160.165
2026-05-19T10:00:00+00:00,9.2,9.202,9.135,9.155,4325.655
2026-05-19T11:00:00+00:00,9.155,9.157,9.086,9.109,9182.602
2026-05-19T12:00:00+00:00,9.109,9.15,9.09,9.144,7775.916
2026-05-19T13:00:00+00:00,9.144,9.157,9.099,9.117,17923.958
2026-05-19T14:00:00+00:00,9.117,9.137,9.021,9.064,14734.846
2026-05-19T15:00:00+00:00,9.064,9.118,9.056,9.094,11554.628
2026-05-19T16:00:00+00:00,9.094,9.169,9.089,9.166,4753.605
2026-05-19T17:00:00+00:00,9.166,9.185,9.13,9.153,3425.22
2026-05-19T18:00:00+00:00,9.153,9.162,9.109,9.133,6237.729
2026-05-19T19:00:00+00:00,9.133,9.179,9.108,9.115,5530.429
2026-05-19T20:00:00+00:00,9.115,9.143,9.115,9.136,2127.143
2026-05-19T21:00:00+00:00,9.136,9.147,9.124,9.124,4596.289
2026-05-19T22:00:00+00:00,9.124,9.124,9.067,9.09,6497.907
2026-05-19T23:00:00+00:00,9.09,9.136,9.078,9.104,1973.357
2026-05-20T00:00:00+00:00,9.104,9.12,9.073,9.104,6708.201
2026-05-20T01:00:00+00:00,9.104,9.126,9.063,9.108,4934.278
2026-05-20T02:00:00+00:00,9.108,9.125,9.082,9.095,5769.423
2026-05-20T03:00:00+00:00,9.095,9.139,9.082,9.116,7082.38
2026-05-20T04:00:00+00:00,9.116,9.131,9.097,9.131,5657.322
2026-05-20T05:00:00+00:00,9.131,9.213,9.131,9.197,13603.219
2026-05-20T06:00:00+00:00,9.197,9.244,9.195,9.236,4896.855
2026-05-20T07:00:00+00:00,9.236,9.24,9.198,9.207,5982.005
2026-05-20T08:00:00+00:00,9.207,9.266,9.205,9.238,6047.829
2026-05-20T09:00:00+00:00,9.238,9.238,9.201,9.203,5039.05
2026-05-20T10:00:00+00:00,9.203,9.243,9.203,9.22,4196.157
2026-05-20T11:00:00+00:00,9.22,9.239,9.185,9.203,6938.301
2026-05-20T12:00:00+00:00,9.203,9.274,9.195,9.253,5148.967
2026-05-20T13:00:00+00:00,9.253,9.258,9.156,9.193,9638.716
2026-05-20T14:00:00+00:00,9.193,9.332,9.163,9.314,15279.601
2026-05-20T15:00:00+00:00,9.314,9.361,9.266,9.333,12947.495
2026-05-20T16:00:00+00:00,9.333,9.373,9.273,9.335,12153.096
2026-05-20T17:00:00+00:00,9.335,9.399,9.314,9.344,17021.464
2026-05-20T18:00:00+00:00,9.344,9.352,9.273,9.292,12679.448
2026-05-20T19:00:00+00:00,9.292,9.335,9.275,9.316,11980.256
2026-05-20T20:00:00+00:00,9.316,9.336,9.261,9.306,9259.568
2026-05-20T21:00:00+00:00,9.306,9.315,9.268,9.268,4523.709
2026-05-20T22:00:00+00:00,9.268,9.283,9.219,9.273,7781.2
2026-05-20T23:00:00+00:00,9.273,9.298,9.247,9.297,4268.001
2026-05-21T00:00:00+00:00,9.297,9.364,9.293,9.354,3544.439
2026-05-21T01:00:00+00:00,9.354,9.388,9.333,9.354,6761.851
2026-05-21T02:00:00+00:00,9.354,9.394,9.346,9.363,10847.813
2026-05-21T03:00:00+00:00,9.363,9.389,9.353,9.386,6868.174
2026-05-21T04:00:00+00:00,9.386,9.403,9.355,9.39,18181.288
2026-05-21T05:00:00+00:00,9.39,9.403,9.303,9.349,15308.838
2026-05-21T06:00:00+00:00,9.349,9.413,9.343,9.387,31325.448
2026-05-21T07:00:00+00:00,9.387,9.484,9.376,9.471,14899.228
2026-05-21T08:00:00+00:00,9.471,9.518,9.397,9.416,97964.437
2026-05-21T09:00:00+00:00,9.416,9.456,9.379,9.38,77695.837
2026-05-21T10:00:00+00:00,9.38,9.386,9.285,9.323,13446.4
2026-05-21T11:00:00+00:00,9.323,9.339,9.295,9.298,15762.791
2026-05-21T12:00:00+00:00,9.298,9.325,9.26,9.306,13261.621
2026-05-21T13:00:00+00:00,9.306,9.349,9.247,9.331,8973.747
2026-05-21T14:00:00+00:00,9.331,9.377,9.291,9.324,8854.761
2026-05-21T15:00:00+00:00,9.324,9.407,9.293,9.379,27212.804
2026-05-21T16:00:00+00:00,9.379,9.397,9.306,9.332,18970.464
2026-05-21T17:00:00+00:00,9.332,9.517,9.332,9.48,80005.663
2026-05-21T18:00:00+00:00,9.48,9.512,9.416,9.451,36762.619
2026-05-21T19:00:00+00:00,9.451,9.505,9.449,9.492,9914.849
2026-05-21T20:00:00+00:00,9.492,9.505,9.458,9.481,5456.555
2026-05-21T21:00:00+00:00,9.481,9.504,9.465,9.47,6966.836
2026-05-21T22:00:00+00:00,9.47,9.485,9.447,9.455,5235.342
2026-05-21T23:00:00+00:00,9.455,9.468,9.43,9.456,3194.42
2026-05-22T00:00:00+00:00,9.456,9.461,9.388,9.393,8217.643
2026-05-22T01:00:00+00:00,9.393,9.434,9.385,9.432,6284.047
2026-05-22T02:00:00+00:00,9.432,9.492,9.432,9.473,11303.332
2026-05-22T03:00:00+00:00,9.473,9.514,9.453,9.509,77328.045
2026-05-22T04:00:00+00:00,9.509,9.556,9.497,9.52,114902.673
2026-05-22T05:00:00+00:00,9.52,9.579,9.51,9.536,19660.467
2026-05-22T06:00:00+00:00,9.536,9.543,9.485,9.494,10845.082
2026-05-22T07:00:00+00:00,9.494,9.55,9.459,9.511,14684.078
2026-05-22T08:00:00+00:00,9.511,9.562,9.487,9.511,16620.289
2026-05-22T09:00:00+00:00,9.511,9.55,9.492,9.493,7217.219
2026-05-22T10:00:00+00:00,9.493,9.501,9.46,9.497,4193.352
2026-05-22T11:00:00+00:00,9.497,9.534,9.468,9.534,24677.16
2026-05-22T12:00:00+00:00,9.534,9.59,9.519,9.59,15068.415
2026-05-22T13:00:00+00:00,9.59,9.604,9.491,9.538,38549.688
2026-05-22T14:00:00+00:00,9.538,9.538,9.4,9.427,16134.519
2026-05-22T15:00:00+00:00,9.427,9.467,9.372,9.433,12001.471
2026-05-22T16:00:00+00:00,9.433,9.46,9.401,9.436,7501.199
2026-05-22T17:00:00+00:00,9.436,9.465,9.402,9.406,11795.769
2026-05-22T18:00:00+00:00,9.406,9.407,9.204,9.296,31880.489
2026-05-22T19:00:00+00:00,9.296,9.311,9.145,9.219,49705.269
2026-05-22T20:00:00+00:00,9.219,9.259,9.198,9.25,13103.1
2026-05-22T21:00:00+00:00,9.25,9.284,9.246,9.268,4163.6
2026-05-22T22:00:00+00:00,9.268,9.268,9.213,9.233,7285.826
2026-05-22T23:00:00+00:00,9.233,9.25,9.097,9.155,27110.526
2026-05-23T00:00:00+00:00,9.155,9.174,9.111,9.167,12013.458
2026-05-23T01:00:00+00:00,9.167,9.193,9.151,9.18,8777.59
2026-05-23T02:00:00+00:00,9.18,9.192,9.169,9.191,10028.613
2026-05-23T03:00:00+00:00,9.191,9.214,9.188,9.2,6080.794
2026-05-23T04:00:00+00:00,9.2,9.2,9.152,9.156,11019.642
2026-05-23T05:00:00+00:00,9.156,9.166,9.127,9.147,6250.003
2026-05-23T06:00:00+00:00,9.147,9.153,9.111,9.118,5595.254
2026-05-23T07:00:00+00:00,9.118,9.12,8.843,8.92,68499.286
2026-05-23T08:00:00+00:00,8.92,8.929,8.84,8.888,53509.837
2026-05-23T09:00:00+00:00,8.888,8.895,8.839,8.874,75654.206
2026-05-23T10:00:00+00:00,8.874,8.915,8.871,8.905,23182.013
2026-05-23T11:00:00+00:00,8.905,8.931,8.892,8.899,21913.401
2026-05-23T12:00:00+00:00,8.899,8.938,8.876,8.928,21497.424
2026-05-23T13:00:00+00:00,8.928,9.022,8.927,9.01,50293.307
2026-05-23T14:00:00+00:00,9.01,9.113,9.002,9.105,13515.375
2026-05-23T15:00:00+00:00,9.105,9.168,9.096,9.138,13008.97
2026-05-23T16:00:00+00:00,9.138,9.164,9.11,9.155,27674.97
2026-05-23T17:00:00+00:00,9.155,9.176,9.117,9.146,17896.339
2026-05-23T18:00:00+00:00,9.146,9.332,9.14,9.273,121280.849
2026-05-23T19:00:00+00:00,9.273,9.305,9.253,9.285,12194.178
2026-05-23T20:00:00+00:00,9.285,9.543,9.268,9.543,100923.916
2026-05-23T21:00:00+00:00,9.543,9.59,9.439,9.484,42699.027
2026-05-23T22:00:00+00:00,9.484,9.514,9.368,9.414,32911.331
2026-05-23T23:00:00+00:00,9.414,9.423,9.382,9.39,7978.214
2026-05-24T00:00:00+00:00,9.39,9.427,9.376,9.406,14538.784
2026-05-24T01:00:00+00:00,9.406,9.429,9.389,9.408,3451.603
2026-05-24T02:00:00+00:00,9.408,9.416,9.337,9.358,9283.437
2026-05-24T03:00:00+00:00,9.358,9.374,9.318,9.33,6878.522
2026-05-24T04:00:00+00:00,9.33,9.361,9.33,9.354,18581.21
2026-05-24T05:00:00+00:00,9.354,9.357,9.326,9.351,7395.071
2026-05-24T06:00:00+00:00,9.351,9.375,9.322,9.365,5644.476
2026-05-24T07:00:00+00:00,9.365,9.373,9.322,9.328,3177.544
2026-05-24T08:00:00+00:00,9.328,9.349,9.315,9.344,5758.164
2026-05-24T09:00:00+00:00,9.344,9.371,9.335,9.357,5425.61
2026-05-24T10:00:00+00:00,9.357,9.387,9.308,9.344,13564.236
2026-05-24T11:00:00+00:00,9.344,9.367,9.34,9.351,4836.046
2026-05-24T12:00:00+00:00,9.351,9.352,9.294,9.323,5445.703
2026-05-24T13:00:00+00:00,9.323,9.333,9.251,9.276,6548.32
2026-05-24T14:00:00+00:00,9.276,9.281,9.133,9.237,26683.466
2026-05-24T15:00:00+00:00,9.237,9.247,9.22,9.237,3567.724
2026-05-24T16:00:00+00:00,9.237,9.265,9.217,9.254,4872.208
2026-05-24T17:00:00+00:00,9.254,9.27,9.245,9.259,3374.271
2026-05-24T18:00:00+00:00,9.259,9.263,9.219,9.232,3769.432
2026-05-24T19:00:00+00:00,9.232,9.243,9.21,9.234,3810.144
2026-05-24T20:00:00+00:00,9.234,9.239,9.194,9.201,3899.451
2026-05-24T21:00:00+00:00,9.201,9.213,9.068,9.081,15072.996
2026-05-24T22:00:00+00:00,9.081,9.208,9.079,9.169,19523.483
2026-05-24T23:00:00+00:00,9.169,9.233,9.169,9.212,7324.862
2026-05-25T00:00:00+00:00,9.212,9.241,9.208,9.223,10106.088
2026-05-25T01:00:00+00:00,9.223,9.231,9.15,9.156,8406.73
2026-05-25T02:00:00+00:00,9.156,9.226,9.154,9.177,14536.936
2026-05-25T03:00:00+00:00,9.177,9.188,9.159,9.169,11898.103
2026-05-25T04:00:00+00:00,9.169,9.259,9.159,9.253,10429.325
2026-05-25T05:00:00+00:00,9.253,9.307,9.251,9.292,9470.067
2026-05-25T06:00:00+00:00,9.292,9.324,9.272,9.318,15350.373
2026-05-25T07:00:00+00:00,9.318,9.36,9.294,9.341,11426.581
2026-05-25T08:00:00+00:00,9.341,9.364,9.326,9.359,11261.13
2026-05-25T09:00:00+00:00,9.359,9.387,9.343,9.373,3796.733
2026-05-25T10:00:00+00:00,9.373,9.423,9.373,9.418,7740.204
2026-05-25T11:00:00+00:00,9.418,9.422,9.367,9.375,12380.176
2026-05-25T12:00:00+00:00,9.375,9.42,9.365,9.389,14245.058
2026-05-25T13:00:00+00:00,9.389,9.417,9.387,9.409,4129.023
2026-05-25T14:00:00+00:00,9.409,9.493,9.408,9.475,28732.179
2026-05-25T15:00:00+00:00,9.475,9.505,9.415,9.434,21583.79
2026-05-25T16:00:00+00:00,9.434,9.485,9.419,9.463,8556.0
2026-05-25T17:00:00+00:00,9.463,9.474,9.424,9.439,3816.718
2026-05-25T18:00:00+00:00,9.439,9.46,9.394,9.399,8966.214
2026-05-25T19:00:00+00:00,9.399,9.413,9.365,9.388,6781.918
2026-05-25T20:00:00+00:00,9.388,9.403,9.328,9.347,9487.858
2026-05-25T21:00:00+00:00,9.347,9.376,9.335,9.344,5297.078
2026-05-25T22:00:00+00:00,9.344,9.349,9.275,9.284,9402.203
2026-05-25T23:00:00+00:00,9.284,9.323,9.272,9.309,4716.555
2026-05-26T00:00:00+00:00,9.309,9.315,9.201,9.252,8141.228
2026-05-26T01:00:00+00:00,9.252,9.26,9.177,9.21,11275.633
2026-05-26T02:00:00+00:00,9.21,9.223,9.188,9.209,10365.579
2026-05-26T03:00:00+00:00,9.209,9.227,9.17,9.226,5955.015
2026-05-26T04:00:00+00:00,9.226,9.277,9.211,9.255,10224.179
2026-05-26T05:00:00+00:00,9.255,9.333,9.243,9.305,8711.215
2026-05-26T06:00:00+00:00,9.305,9.33,9.259,9.305,12821.322
2026-05-26T07:00:00+00:00,9.305,9.311,9.237,9.27,8929.703
2026-05-26T08:00:00+00:00,9.27,9.299,9.262,9.283,2485.328
2026-05-26T09:00:00+00:00,9.283,9.31,9.269,9.287,4915.995
2026-05-26T10:00:00+00:00,9.287,9.464,9.27,9.434,38511.169
2026-05-26T11:00:00+00:00,9.434,9.437,9.381,9.381,10380.109
2026-05-26T12:00:00+00:00,9.381,9.402,9.343,9.391,20458.852
2026-05-26T13:00:00+00:00,9.391,9.438,9.33,9.425,15885.306
2026-05-26T14:00:00+00:00,9.425,9.491,9.324,9.356,25798.071
2026-05-26T15:00:00+00:00,9.356,9.366,9.234,9.292,26176.237
2026-05-26T16:00:00+00:00,9.292,9.292,9.216,9.256,14375.004
2026-05-26T17:00:00+00:00,9.256,9.277,9.119,9.17,19688.534
2026-05-26T18:00:00+00:00,9.17,9.223,9.135,9.154,7517.35
2026-05-26T19:00:00+00:00,9.154,9.191,9.124,9.172,4068.399
2026-05-26T20:00:00+00:00,9.172,9.185,9.16,9.184,2301.876
2026-05-26T21:00:00+00:00,9.184,9.187,9.128,9.145,3449.488
2026-05-26T22:00:00+00:00,9.145,9.163,9.121,9.138,4441.327
2026-05-26T23:00:00+00:00,9.138,9.165,9.137,9.14,2067.65
2026-05-27T00:00:00+00:00,9.14,9.192,9.14,9.192,3438.904
2026-05-27T01:00:00+00:00,9.192,9.203,9.147,9.15,3011.584
2026-05-27T02:00:00+00:00,9.15,9.17,9.112,9.17,8912.637
2026-05-27T03:00:00+00:00,9.17,9.178,9.129,9.141,4824.103
2026-05-27T04:00:00+00:00,9.141,9.147,9.047,9.141,23649.706
2026-05-27T05:00:00+00:00,9.141,9.177,9.138,9.17,18908.906
2026-05-27T06:00:00+00:00,9.17,9.202,9.164,9.198,5076.484
2026-05-27T07:00:00+00:00,9.198,9.217,9.173,9.197,3118.101
2026-05-27T08:00:00+00:00,9.197,9.227,9.16,9.165,13853.969
2026-05-27T09:00:00+00:00,9.165,9.17,9.132,9.139,3306.128
2026-05-27T10:00:00+00:00,9.139,9.177,9.127,9.162,2809.788
2026-05-27T11:00:00+00:00,9.162,9.193,9.154,9.154,5219.835
2026-05-27T12:00:00+00:00,9.154,9.245,9.12,9.188,9846.656
2026-05-27T13:00:00+00:00,9.188,9.198,9.08,9.151,18939.144
2026-05-27T14:00:00+00:00,9.151,9.197,9.094,9.172,18553.467
2026-05-27T15:00:00+00:00,9.172,9.293,9.168,9.243,23972.105
2026-05-27T16:00:00+00:00,9.243,9.255,9.171,9.211,12095.475
2026-05-27T17:00:00+00:00,9.211,9.214,9.09,9.113,13900.702
2026-05-27T18:00:00+00:00,9.113,9.165,9.079,9.163,8766.984
2026-05-27T19:00:00+00:00,9.163,9.206,9.16,9.191,4976.295
2026-05-27T20:00:00+00:00,9.191,9.222,9.179,9.193,9821.841
2026-05-27T21:00:00+00:00,9.193,9.201,9.0,9.041,21146.585
2026-05-27T22:00:00+00:00,9.041,9.087,9.015,9.03,8627.951
2026-05-27T23:00:00+00:00,9.03,9.057,9.0,9.042,21091.617
2026-05-28T00:00:00+00:00,9.042,9.066,9.02,9.06,9442.018
2026-05-28T01:00:00+00:00,9.06,9.064,8.977,9.05,21055.794
2026-05-28T02:00:00+00:00,9.05,9.072,9.026,9.055,13637.917
2026-05-28T03:00:00+00:00,9.055,9.064,8.86,8.881,78331.628
2026-05-28T04:00:00+00:00,8.881,8.881,8.718,8.824,58508.291
2026-05-28T05:00:00+00:00,8.824,8.834,8.714,8.774,50142.685
2026-05-28T06:00:00+00:00,8.774,8.819,8.754,8.805,14005.98
2026-05-28T07:00:00+00:00,8.805,8.851,8.788,8.847,13220.582
2026-05-28T08:00:00+00:00,8.847,8.852,8.794,8.806,13970.285
2026-05-28T09:00:00+00:00,8.806,8.879,8.804,8.87,6685.959
2026-05-28T10:00:00+00:00,8.87,8.887,8.799,8.806,10196.618
2026-05-28T11:00:00+00:00,8.806,8.829,8.798,8.819,9743.249
2026-05-28T12:00:00+00:00,8.819,8.863,8.774,8.853,12716.73
2026-05-28T13:00:00+00:00,8.853,8.879,8.805,8.835,23214.925
2026-05-28T14:00:00+00:00,8.835,8.929,8.745,8.87,42409.594
2026-05-28T15:00:00+00:00,8.87,8.886,8.781,8.852,20143.495
2026-05-28T16:00:00+00:00,8.852,8.984,8.814,8.96,18141.957
2026-05-28T17:00:00+00:00,8.96,9.017,8.932,8.991,10014.575
2026-05-28T18:00:00+00:00,8.991,9.081,8.979,8.994,19307.817
2026-05-28T19:00:00+00:00,8.994,8.994,8.912,8.916,8914.935
2026-05-28T20:00:00+00:00,8.916,8.969,8.89,8.935,7776.832
2026-05-28T21:00:00+00:00,8.935,8.992,8.931,8.973,6964.581
2026-05-28T22:00:00+00:00,8.973,8.993,8.899,8.908,4537.142
2026-05-28T23:00:00+00:00,8.908,8.941,8.907,8.927,1622.45
2026-05-29T00:00:00+00:00,8.927,8.963,8.927,8.948,3931.442
2026-05-29T01:00:00+00:00,8.948,8.975,8.928,8.945,2208.751
2026-05-29T02:00:00+00:00,8.945,8.954,8.868,8.873,9375.813
2026-05-29T03:00:00+00:00,8.873,8.939,8.873,8.883,4921.814
2026-05-29T04:00:00+00:00,8.883,8.905,8.833,8.905,8121.795
2026-05-29T05:00:00+00:00,8.905,8.937,8.898,8.929,5886.346
2026-05-29T06:00:00+00:00,8.929,8.982,8.926,8.955,5624.703
2026-05-29T07:00:00+00:00,8.955,8.972,8.888,8.927,3843.008
2026-05-29T08:00:00+00:00,8.927,8.962,8.921,8.929,3866.745
2026-05-29T09:00:00+00:00,8.929,8.98,8.929,8.966,14116.899
2026-05-29T10:00:00+00:00,8.966,8.966,8.908,8.914,4781.261
2026-05-29T11:00:00+00:00,8.914,8.923,8.835,8.872,5794.445
2026-05-29T12:00:00+00:00,8.872,8.875,8.812,8.836,12774.535
2026-05-29T13:00:00+00:00,8.836,8.851,8.789,8.821,12768.788
2026-05-29T14:00:00+00:00,8.821,8.841,8.656,8.713,42755.538
2026-05-29T15:00:00+00:00,8.713,9.003,8.71,8.926,76131.922
2026-05-29T16:00:00+00:00,8.926,8.975,8.857,8.955,26061.355
2026-05-29T17:00:00+00:00,8.955,8.987,8.918,8.926,18695.34
2026-05-29T18:00:00+00:00,8.926,8.952,8.802,8.841,16327.138
2026-05-29T19:00:00+00:00,8.841,8.875,8.772,8.835,11361.26
2026-05-29T20:00:00+00:00,8.835,8.879,8.798,8.815,9094.336
2026-05-29T21:00:00+00:00,8.815,8.854,8.792,8.793,4716.607
2026-05-29T22:00:00+00:00,8.793,8.833,8.789,8.814,5242.046
2026-05-29T23:00:00+00:00,8.814,8.838,8.791,8.825,11582.627
2026-05-30T00:00:00+00:00,8.825,8.881,8.813,8.872,11592.589
2026-05-30T01:00:00+00:00,8.872,8.968,8.866,8.949,26261.415
2026-05-30T02:00:00+00:00,8.949,9.019,8.949,9.018,16926.725
2026-05-30T03:00:00+00:00,9.018,9.048,8.964,8.975,17061.382
2026-05-30T04:00:00+00:00,8.975,8.996,8.823,8.901,42637.206
2026-05-30T05:00:00+00:00,8.901,8.951,8.887,8.941,13983.681
2026-05-30T06:00:00+00:00,8.941,8.955,8.914,8.921,6323.038
2026-05-30T07:00:00+00:00,8.921,8.929,8.896,8.917,2974.185
2026-05-30T08:00:00+00:00,8.917,8.924,8.896,8.898,3331.541
2026-05-30T09:00:00+00:00,8.898,8.943,8.885,8.931,3169.892
2026-05-30T10:00:00+00:00,8.931,8.942,8.916,8.916,4239.77
2026-05-30T11:00:00+00:00,8.916,8.935,8.895,8.922,4323.157
2026-05-30T12:00:00+00:00,8.922,8.933,8.91,8.933,2804.266
2026-05-30T13:00:00+00:00,8.933,8.962,8.912,8.953,7897.262
2026-05-30T14:00:00+00:00,8.953,8.982,8.939,8.968,5414.22
2026-05-30T15:00:00+00:00,8.968,8.992,8.949,8.966,10186.458
2026-05-30T16:00:00+00:00,8.966,8.989,8.953,8.986,5209.14
2026-05-30T17:00:00+00:00,8.986,8.994,8.943,8.991,5821.098
2026-05-30T18:00:00+00:00,8.991,9.008,8.97,8.995,6125.135
2026-05-30T19:00:00+00:00,8.995,9.0,8.967,8.992,4883.047
2026-05-30T20:00:00+00:00,8.992,9.008,8.978,9.001,4165.655
2026-05-30T21:00:00+00:00,9.001,9.017,8.997,8.999,3243.695
2026-05-30T22:00:00+00:00,8.999,8.999,8.919,8.943,7214.667
2026-05-30T23:00:00+00:00,8.943,8.957,8.917,8.947,2886.221
2026-05-31T00:00:00+00:00,8.947,8.984,8.934,8.975,7683.148
2026-05-31T01:00:00+00:00,8.975,9.006,8.972,8.986,2758.303
2026-05-31T02:00:00+00:00,8.986,9.042,8.974,9.016,9657.0
2026-05-31T03:00:00+00:00,9.016,9.027,9.002,9.012,5428.931
2026-05-31T04:00:00+00:00,9.012,9.042,8.998,9.034,5594.968
2026-05-31T05:00:00+00:00,9.034,9.081,9.021,9.045,14138.904
2026-05-31T06:00:00+00:00,9.045,9.053,9.028,9.028,3149.099
2026-05-31T07:00:00+00:00,9.028,9.028,8.972,8.994,7434.476
2026-05-31T08:00:00+00:00,8.994,9.019,8.977,9.002,7534.329
2026-05-31T09:00:00+00:00,9.002,9.039,8.978,8.988,12171.796
2026-05-31T10:00:00+00:00,8.988,8.995,8.953,8.989,5803.701
2026-05-31T11:00:00+00:00,8.989,9.024,8.989,9.014,3042.744
2026-05-31T12:00:00+00:00,9.014,9.046,8.997,9.029,6984.004
2026-05-31T13:00:00+00:00,9.029,9.052,9.001,9.009,5937.402
2026-05-31T14:00:00+00:00,9.009,9.01,8.862,8.875,56060.859
2026-05-31T15:00:00+00:00,8.875,8.935,8.871,8.883,6776.503
2026-05-31T16:00:00+00:00,8.883,8.897,8.814,8.83,12864.103
2026-05-31T17:00:00+00:00,8.83,8.872,8.816,8.869,6365.292
2026-05-31T18:00:00+00:00,8.869,8.869,8.835,8.861,3635.215
2026-05-31T19:00:00+00:00,8.861,8.868,8.798,8.839,18248.133
2026-05-31T20:00:00+00:00,8.839,8.896,8.839,8.891,4705.087
2026-05-31T21:00:00+00:00,8.891,8.951,8.878,8.937,11700.257
2026-05-31T22:00:00+00:00,8.937,8.985,8.91,8.978,8308.136
2026-05-31T23:00:00+00:00,8.978,9.032,8.914,8.975,11179.902
2026-06-01T00:00:00+00:00,8.975,9.074,8.975,9.038,29749.311
2026-06-01T01:00:00+00:00,9.038,9.044,8.889,8.889,8754.395
2026-06-01T02:00:00+00:00,8.889,9.044,8.868,9.029,20288.122
2026-06-01T03:00:00+00:00,9.029,9.073,9.007,9.019,24632.448
2026-06-01T04:00:00+00:00,9.019,9.045,8.899,8.954,15575.29
2026-06-01T05:00:00+00:00,8.954,8.954,8.874,8.889,12059.435
2026-06-01T06:00:00+00:00,8.889,8.903,8.814,8.847,9683.274
2026-06-01T07:00:00+00:00,8.847,8.87,8.779,8.794,15925.982
2026-06-01T08:00:00+00:00,8.794,8.844,8.761,8.836,25407.455
2026-06-01T09:00:00+00:00,8.836,8.892,8.836,8.865,15755.157
2026-06-01T10:00:00+00:00,8.865,8.877,8.831,8.863,8388.475
2026-06-01T11:00:00+00:00,8.863,8.884,8.805,8.834,9513.223
2026-06-01T12:00:00+00:00,8.834,8.879,8.765,8.834,28451.342
2026-06-01T13:00:00+00:00,8.834,8.846,8.722,8.782,84391.983
2026-06-01T14:00:00+00:00,8.782,8.812,8.712,8.753,46317.799
2026-06-01T15:00:00+00:00,8.753,8.781,8.678,8.73,41222.036
2026-06-01T16:00:00+00:00,8.73,8.886,8.688,8.876,45941.1
2026-06-01T17:00:00+00:00,8.876,8.954,8.855,8.924,39824.957
2026-06-01T18:00:00+00:00,8.924,8.949,8.889,8.896,11817.994
2026-06-01T19:00:00+00:00,8.896,8.971,8.875,8.96,7191.956
2026-06-01T20:00:00+00:00,8.96,8.984,8.912,8.939,17575.01
2026-06-01T21:00:00+00:00,8.939,8.941,8.863,8.88,12842.034
2026-06-01T22:00:00+00:00,8.88,8.935,8.826,8.931,25780.036
2026-06-01T23:00:00+00:00,8.931,8.961,8.896,8.937,12048.598
2026-06-02T00:00:00+00:00,8.937,8.944,8.868,8.883,5672.209
2026-06-02T01:00:00+00:00,8.883,8.897,8.772,8.777,25391.574
2026-06-02T02:00:00+00:00,8.777,8.862,8.67,8.859,68153.045
2026-06-02T03:00:00+00:00,8.859,8.896,8.829,8.881,18374.895
2026-06-02T04:00:00+00:00,8.881,8.895,8.8,8.809,19712.753
2026-06-02T05:00:00+00:00,8.809,8.835,8.733,8.737,28541.93
2026-06-02T06:00:00+00:00,8.737,8.761,8.653,8.714,45752.539
2026-06-02T07:00:00+00:00,8.714,8.754,8.669,8.72,18150.988
2026-06-02T08:00:00+00:00,8.72,8.742,8.694,8.711,11374.483
2026-06-02T09:00:00+00:00,8.711,8.715,8.659,8.684,15997.059
2026-06-02T10:00:00+00:00,8.684,8.745,8.66,8.744,8694.815
2026-06-02T11:00:00+00:00,8.744,8.744,8.672,8.684,7916.029
2026-06-02T12:00:00+00:00,8.684,8.723,8.657,8.698,15276.18
2026-06-02T13:00:00+00:00,8.698,8.721,8.678,8.694,11593.482
2026-06-02T14:00:00+00:00,8.694,8.694,8.399,8.461,142841.804
2026-06-02T15:00:00+00:00,8.461,8.478,8.271,8.367,179018.794
2026-06-02T16:00:00+00:00,8.367,8.508,8.328,8.411,57661.007
2026-06-02T17:00:00+00:00,8.411,8.494,8.408,8.451,20299.413
2026-06-02T18:00:00+00:00,8.451,8.479,8.312,8.349,20636.17
2026-06-02T19:00:00+00:00,8.349,8.374,8.172,8.332,73657.54
2026-06-02T20:00:00+00:00,8.332,8.386,8.265,8.336,32977.895
2026-06-02T21:00:00+00:00,8.336,8.4,8.298,8.331,18617.794
2026-06-02T22:00:00+00:00,8.331,8.331,8.093,8.126,63426.885
2026-06-02T23:00:00+00:00,8.126,8.186,8.028,8.178,63843.541
2026-06-03T00:00:00+00:00,8.178,8.252,8.161,8.217,29078.315
2026-06-03T01:00:00+00:00,8.217,8.268,8.19,8.24,34964.319
2026-06-03T02:00:00+00:00,8.24,8.243,8.158,8.185,24998.409
2026-06-03T03:00:00+00:00,8.185,8.206,7.993,8.051,68207.531
2026-06-03T04:00:00+00:00,8.051,8.183,8.05,8.169,31295.662
2026-06-03T05:00:00+00:00,8.169,8.314,8.169,8.287,29770.644
2026-06-03T06:00:00+00:00,8.287,8.327,8.264,8.271,17214.325
2026-06-03T07:00:00+00:00,8.271,8.343,8.258,8.319,14978.295
2026-06-03T08:00:00+00:00,8.319,8.337,8.288,8.31,10986.106
2026-06-03T09:00:00+00:00,8.31,8.327,8.248,8.281,15705.19
2026-06-03T10:00:00+00:00,8.281,8.359,8.277,8.354,9205.159
2026-06-03T11:00:00+00:00,8.354,8.371,8.277,8.3,44283.036
2026-06-03T12:00:00+00:00,8.3,8.308,8.241,8.304,11475.593
2026-06-03T13:00:00+00:00,8.304,8.343,8.256,8.313,19981.273
2026-06-03T14:00:00+00:00,8.313,8.319,8.226,8.276,36914.926
2026-06-03T15:00:00+00:00,8.276,8.293,8.176,8.189,36903.97
2026-06-03T16:00:00+00:00,8.189,8.201,8.032,8.123,70601.492
2026-06-03T17:00:00+00:00,8.123,8.195,8.068,8.139,41857.742
2026-06-03T18:00:00+00:00,8.139,8.19,8.077,8.185,39462.901
2026-06-03T19:00:00+00:00,8.185,8.195,8.027,8.044,58695.375
2026-06-03T20:00:00+00:00,8.044,8.097,7.908,7.958,98235.321
2026-06-03T21:00:00+00:00,7.958,8.18,7.931,8.172,45968.925
2026-06-03T22:00:00+00:00,8.172,8.191,8.076,8.107,33239.76
2026-06-03T23:00:00+00:00,8.107,8.115,8.038,8.048,38043.399
2026-06-04T00:00:00+00:00,8.048,8.117,7.929,7.987,63078.099
2026-06-04T01:00:00+00:00,7.987,8.027,7.738,7.763,176753.158
2026-06-04T02:00:00+00:00,7.763,7.889,7.517,7.841,227539.325
2026-06-04T03:00:00+00:00,7.841,8.062,7.841,8.036,42701.237
2026-06-04T04:00:00+00:00,8.036,8.08,7.973,7.988,19141.072
2026-06-04T05:00:00+00:00,7.988,7.988,7.86,7.899,36001.663
2026-06-04T06:00:00+00:00,7.899,8.005,7.885,7.93,24042.42
2026-06-04T07:00:00+00:00,7.93,7.941,7.818,7.824,31981.645
2026-06-04T08:00:00+00:00,7.824,7.85,7.738,7.8,42709.572
2026-06-04T09:00:00+00:00,7.8,7.803,7.6,7.718,73871.705
2026-06-04T10:00:00+00:00,7.718,7.721,7.54,7.576,77113.331
2026-06-04T11:00:00+00:00,7.576,7.669,7.543,7.663,74758.526
2026-06-04T12:00:00+00:00,7.663,7.828,7.612,7.805,60568.479
2026-06-04T13:00:00+00:00,7.805,7.828,7.679,7.786,90256.154
2026-06-04T14:00:00+00:00,7.786,7.811,7.729,7.77,99111.667
2026-06-04T15:00:00+00:00,7.77,7.86,7.746,7.763,63173.514
2026-06-04T16:00:00+00:00,7.763,7.799,7.707,7.76,82393.198
2026-06-04T17:00:00+00:00,7.76,7.803,7.67,7.753,87059.64
2026-06-04T18:00:00+00:00,7.753,7.843,7.689,7.811,44117.686
2026-06-04T19:00:00+00:00,7.811,7.852,7.763,7.778,35245.921
2026-06-04T20:00:00+00:00,7.778,7.779,7.704,7.74,30807.891
2026-06-04T21:00:00+00:00,7.74,7.765,7.568,7.595,87586.247
2026-06-04T22:00:00+00:00,7.595,7.68,7.573,7.672,112061.97
2026-06-04T23:00:00+00:00,7.672,7.712,7.615,7.708,59093.686
2026-06-05T00:00:00+00:00,7.708,7.725,7.631,7.637,56138.617
2026-06-05T01:00:00+00:00,7.637,7.687,7.562,7.647,79718.346
2026-06-05T02:00:00+00:00,7.647,7.652,7.413,7.432,443377.09
2026-06-05T03:00:00+00:00,7.432,7.505,7.306,7.315,557877.21
2026-06-05T04:00:00+00:00,7.315,7.49,7.29,7.48,298874.441
2026-06-05T05:00:00+00:00,7.48,7.512,7.249,7.262,230972.202
2026-06-05T06:00:00+00:00,7.262,7.287,7.0,7.183,315677.567
2026-06-05T07:00:00+00:00,7.183,7.322,7.054,7.301,185323.242
2026-06-05T08:00:00+00:00,7.301,7.308,7.115,7.156,298637.813
2026-06-05T09:00:00+00:00,7.156,7.282,7.154,7.254,113188.802
2026-06-05T10:00:00+00:00,7.254,7.27,7.131,7.157,166439.665
2026-06-05T11:00:00+00:00,7.157,7.162,7.058,7.074,221249.989
2026-06-05T12:00:00+00:00,7.074,7.133,7.014,7.086,162911.043
2026-06-05T13:00:00+00:00,7.086,7.226,6.967,6.973,164363.061
2026-06-05T14:00:00+00:00,6.973,7.127,6.89,7.075,222374.056
2026-06-05T15:00:00+00:00,7.075,7.092,6.849,6.9,298278.016
2026-06-05T16:00:00+00:00,6.9,7.082,6.788,7.062,364959.83
2026-06-05T17:00:00+00:00,7.062,7.108,6.983,7.024,83314.193
2026-06-05T18:00:00+00:00,7.024,7.068,6.808,6.826,113807.057
2026-06-05T19:00:00+00:00,6.826,6.832,6.58,6.696,247420.949
2026-06-05T20:00:00+00:00,6.696,6.983,6.61,6.908,178154.77
2026-06-05T21:00:00+00:00,6.908,7.008,6.888,6.956,31673.911
2026-06-05T22:00:00+00:00,6.956,6.956,6.768,6.808,54696.52
2026-06-05T23:00:00+00:00,6.808,6.852,6.634,6.726,63100.328
2026-06-06T00:00:00+00:00,6.726,6.907,6.726,6.896,80109.933
2026-06-06T01:00:00+00:00,6.896,6.932,6.726,6.742,42510.157
2026-06-06T02:00:00+00:00,6.742,6.75,6.65,6.658,70475.01
2026-06-06T03:00:00+00:00,6.658,6.658,6.511,6.523,106347.642
2026-06-06T04:00:00+00:00,6.523,6.549,6.222,6.304,274350.245
2026-06-06T05:00:00+00:00,6.304,6.581,6.254,6.579,103287.0
2026-06-06T06:00:00+00:00,6.579,6.687,6.54,6.543,68021.244
2026-06-06T07:00:00+00:00,6.543,6.715,6.52,6.676,90142.049
2026-06-06T08:00:00+00:00,6.676,6.76,6.631,6.746,86519.552
2026-06-06T09:00:00+00:00,6.746,6.836,6.698,6.715,109691.054
2026-06-06T10:00:00+00:00,6.715,6.715,6.569,6.617,97072.567
2026-06-06T11:00:00+00:00,6.617,6.704,6.605,6.683,47170.068
2026-06-06T12:00:00+00:00,6.683,6.805,6.654,6.783,74184.924
2026-06-06T13:00:00+00:00,6.783,6.819,6.74,6.763,60305.728
2026-06-06T14:00:00+00:00,6.763,6.833,6.747,6.754,59290.872
2026-06-06T15:00:00+00:00,6.754,6.77,6.6,6.692,95168.395
2026-06-06T16:00:00+00:00,6.692,6.715,6.626,6.694,83832.67
2026-06-06T17:00:00+00:00,6.694,6.706,6.593,6.61,76875.739
2026-06-06T18:00:00+00:00,6.61,6.666,6.596,6.639,42531.215
2026-06-06T19:00:00+00:00,6.639,6.671,6.605,6.606,35048.76
2026-06-06T20:00:00+00:00,6.606,6.63,6.564,6.622,62187.927
2026-06-06T21:00:00+00:00,6.622,6.677,6.622,6.627,50887.899
2026-06-06T22:00:00+00:00,6.627,6.657,6.584,6.631,56384.217
2026-06-06T23:00:00+00:00,6.631,6.692,6.628,6.665,40614.152
2026-06-07T00:00:00+00:00,6.665,6.703,6.652,6.661,40353.679
2026-06-07T01:00:00+00:00,6.661,6.843,6.651,6.783,101660.137
2026-06-07T02:00:00+00:00,6.783,6.796,6.717,6.774,47873.841
2026-06-07T03:00:00+00:00,6.774,6.802,6.722,6.754,37176.411
2026-06-07T04:00:00+00:00,6.754,6.788,6.689,6.777,39404.863
2026-06-07T05:00:00+00:00,6.777,6.822,6.748,6.77,58181.604
2026-06-07T06:00:00+00:00,6.77,6.833,6.727,6.791,73448.83
2026-06-07T07:00:00+00:00,6.791,6.835,6.759,6.823,77569.383
2026-06-07T08:00:00+00:00,6.823,6.885,6.774,6.872,87572.624
2026-06-07T09:00:00+00:00,6.872,6.881,6.769,6.77,94274.922
2026-06-07T10:00:00+00:00,6.77,6.781,6.695,6.709,86193.859
2026-06-07T11:00:00+00:00,6.709,6.757,6.696,6.729,48216.469
2026-06-07T12:00:00+00:00,6.729,6.733,6.589,6.648,133478.869
2026-06-07T13:00:00+00:00,6.648,6.676,6.625,6.659,46807.841
2026-06-07T14:00:00+00:00,6.659,6.776,6.644,6.723,65354.631
2026-06-07T15:00:00+00:00,6.723,6.723,6.67,6.709,52786.858
2026-06-07T16:00:00+00:00,6.709,6.723,6.669,6.695,45577.999
2026-06-07T17:00:00+00:00,6.695,6.743,6.661,6.686,47543.675
2026-06-07T18:00:00+00:00,6.686,6.724,6.663,6.669,34151.091
2026-06-07T19:00:00+00:00,6.669,6.671,6.507,6.54,126269.234
2026-06-07T20:00:00+00:00,6.54,6.619,6.519,6.608,63987.72
2026-06-07T21:00:00+00:00,6.608,6.631,6.56,6.595,51058.834
2026-06-07T22:00:00+00:00,6.595,6.962,6.588,6.748,218878.223
2026-06-07T23:00:00+00:00,6.748,6.841,6.735,6.816,69200.026
2026-06-08T00:00:00+00:00,6.816,6.865,6.764,6.823,75783.765
2026-06-08T01:00:00+00:00,6.823,6.826,6.635,6.711,132002.734
2026-06-08T02:00:00+00:00,6.711,6.729,6.666,6.7,84538.212
2026-06-08T03:00:00+00:00,6.7,6.739,6.636,6.669,66675.455
2026-06-08T04:00:00+00:00,6.669,6.679,6.583,6.583,66126.868
2026-06-08T05:00:00+00:00,6.583,6.615,6.536,6.594,114542.202
2026-06-08T06:00:00+00:00,6.594,6.666,6.591,6.647,78018.44
2026-06-08T07:00:00+00:00,6.647,6.704,6.604,6.702,82746.882
2026-06-08T08:00:00+00:00,6.702,6.709,6.627,6.66,71521.388
2026-06-08T09:00:00+00:00,6.66,6.718,6.619,6.708,100679.141
2026-06-08T10:00:00+00:00,6.708,6.749,6.661,6.702,61266.48
2026-06-08T11:00:00+00:00,6.702,6.824,6.685,6.784,103976.657
2026-06-08T12:00:00+00:00,6.784,6.825,6.704,6.811,136546.112
2026-06-08T13:00:00+00:00,6.811,6.829,6.7,6.731,127619.098
2026-06-08T14:00:00+00:00,6.731,6.821,6.699,6.816,115699.741
2026-06-08T15:00:00+00:00,6.816,6.88,6.795,6.807,80762.899
2026-06-08T16:00:00+00:00,6.807,6.856,6.784,6.802,64448.339
2026-06-08T17:00:00+00:00,6.802,6.832,6.767,6.831,50668.488
2026-06-08T18:00:00+00:00,6.831,6.864,6.791,6.819,39958.685
2026-06-08T19:00:00+00:00,6.819,6.847,6.803,6.823,32259.485
2026-06-08T20:00:00+00:00,6.823,6.825,6.75,6.797,34246.807
2026-06-08T21:00:00+00:00,6.797,6.881,6.793,6.819,38181.141
2026-06-08T22:00:00+00:00,6.819,6.819,6.769,6.803,35672.622
2026-06-08T23:00:00+00:00,6.803,6.824,6.745,6.767,36406.916
2026-06-09T00:00:00+00:00,6.767,6.778,6.59,6.614,145847.365
2026-06-09T01:00:00+00:00,6.614,6.667,6.595,6.655,67801.555
2026-06-09T02:00:00+00:00,6.655,6.677,6.598,6.66,37687.607
2026-06-09T03:00:00+00:00,6.66,6.683,6.621,6.669,40334.708
2026-06-09T04:00:00+00:00,6.669,6.78,6.643,6.744,88990.205
2026-06-09T05:00:00+00:00,6.744,6.793,6.735,6.78,47468.949
2026-06-09T06:00:00+00:00,6.78,6.788,6.753,6.754,30075.992
2026-06-09T07:00:00+00:00,6.754,6.792,6.725,6.746,46155.587
2026-06-09T08:00:00+00:00,6.746,6.75,6.7,6.718,37204.843
2026-06-09T09:00:00+00:00,6.718,6.729,6.662,6.676,19653.036
2026-06-09T10:00:00+00:00,6.676,6.705,6.659,6.696,40318.968
2026-06-09T11:00:00+00:00,6.696,6.719,6.666,6.711,27501.609
2026-06-09T12:00:00+00:00,6.711,6.747,6.699,6.735,43542.206
2026-06-09T13:00:00+00:00,6.735,6.75,6.668,6.688,70034.651
2026-06-09T14:00:00+00:00,6.688,6.709,6.528,6.608,158408.192
2026-06-09T15:00:00+00:00,6.608,6.642,6.519,6.527,75002.861
2026-06-09T16:00:00+00:00,6.527,6.554,6.443,6.52,95028.117
2026-06-09T17:00:00+00:00,6.52,6.644,6.515,6.607,56295.811
2026-06-09T18:00:00+00:00,6.607,6.675,6.589,6.65,37371.656
2026-06-09T19:00:00+00:00,6.65,6.683,6.631,6.659,55884.645
2026-06-09T20:00:00+00:00,6.659,6.701,6.655,6.68,42468.198
2026-06-09T21:00:00+00:00,6.68,6.693,6.601,6.626,35845.964
2026-06-09T22:00:00+00:00,6.626,6.66,6.611,6.62,43402.722
2026-06-09T23:00:00+00:00,6.62,6.651,6.612,6.639,34492.484
2026-06-10T00:00:00+00:00,6.639,6.675,6.599,6.668,53578.377
2026-06-10T01:00:00+00:00,6.668,6.679,6.621,6.635,66763.852
2026-06-10T02:00:00+00:00,6.635,6.651,6.554,6.567,61131.185
2026-06-10T03:00:00+00:00,6.567,6.611,6.556,6.583,31878.376
2026-06-10T04:00:00+00:00,6.583,6.595,6.529,6.547,29163.246
2026-06-10T05:00:00+00:00,6.547,6.564,6.487,6.513,45901.498
2026-06-10T06:00:00+00:00,6.513,6.551,6.496,6.527,25028.003
2026-06-10T07:00:00+00:00,6.527,6.584,6.524,6.563,20739.611
2026-06-10T08:00:00+00:00,6.563,6.564,6.44,6.475,64203.547
2026-06-10T09:00:00+00:00,6.475,6.509,6.425,6.494,48210.448
2026-06-10T10:00:00+00:00,6.494,6.507,6.439,6.497,38664.958
2026-06-10T11:00:00+00:00,6.497,6.508,6.417,6.461,75563.641
2026-06-10T12:00:00+00:00,6.461,6.6,6.438,6.543,97768.179
2026-06-10T13:00:00+00:00,6.543,6.663,6.528,6.599,118150.751
2026-06-10T14:00:00+00:00,6.599,6.613,6.508,6.553,103259.326
2026-06-10T15:00:00+00:00,6.553,6.619,6.5,6.576,119654.96
2026-06-10T16:00:00+00:00,6.576,6.582,6.459,6.506,95219.156
2026-06-10T17:00:00+00:00,6.506,6.535,6.432,6.489,80908.557
2026-06-10T18:00:00+00:00,6.489,6.537,6.479,6.535,85463.794
2026-06-10T19:00:00+00:00,6.535,6.537,6.443,6.461,90891.118
2026-06-10T20:00:00+00:00,6.461,6.487,6.421,6.444,119802.148
2026-06-10T21:00:00+00:00,6.444,6.444,6.298,6.34,97462.156
2026-06-10T22:00:00+00:00,6.34,6.392,6.311,6.332,103730.459
2026-06-10T23:00:00+00:00,6.332,6.407,6.305,6.381,77017.753
2026-06-11T00:00:00+00:00,6.381,6.451,6.381,6.432,51358.272
2026-06-11T01:00:00+00:00,6.432,6.52,6.432,6.5,76473.255
2026-06-11T02:00:00+00:00,6.5,6.508,6.444,6.482,61965.937
2026-06-11T03:00:00+00:00,6.482,6.633,6.458,6.597,119260.494
2026-06-11T04:00:00+00:00,6.597,6.63,6.554,6.606,83905.994
2026-06-11T05:00:00+00:00,6.606,6.606,6.565,6.567,37733.48
2026-06-11T06:00:00+00:00,6.567,6.61,6.547,6.577,49321.267
2026-06-11T07:00:00+00:00,6.577,6.61,6.572,6.59,36209.704
2026-06-11T08:00:00+00:00,6.59,6.644,6.586,6.618,46790.117
2026-06-11T09:00:00+00:00,6.618,6.618,6.542,6.578,44872.182
2026-06-11T10:00:00+00:00,6.578,6.593,6.551,6.576,44043.753
2026-06-11T11:00:00+00:00,6.576,6.624,6.553,6.599,49249.289
2026-06-11T12:00:00+00:00,6.599,6.6,6.5,6.558,73160.979
2026-06-11T13:00:00+00:00,6.558,6.613,6.537,6.585,50943.626
2026-06-11T14:00:00+00:00,6.585,6.598,6.521,6.544,60113.526
2026-06-11T15:00:00+00:00,6.544,6.578,6.509,6.544,53272.774
2026-06-11T16:00:00+00:00,6.544,6.561,6.506,6.516,49815.899
2026-06-11T17:00:00+00:00,6.516,6.69,6.473,6.671,103969.267
2026-06-11T18:00:00+00:00,6.671,6.691,6.627,6.65,45040.586
2026-06-11T19:00:00+00:00,6.65,6.706,6.632,6.668,43315.581
2026-06-11T20:00:00+00:00,6.668,6.677,6.604,6.633,60016.062
2026-06-11T21:00:00+00:00,6.633,6.673,6.631,6.651,27623.259
2026-06-11T22:00:00+00:00,6.651,6.677,6.634,6.648,26037.377
2026-06-11T23:00:00+00:00,6.648,6.673,6.627,6.649,39378.683
2026-06-12T00:00:00+00:00,6.649,6.666,6.635,6.641,45219.729
2026-06-12T01:00:00+00:00,6.641,6.641,6.598,6.629,34314.574
2026-06-12T02:00:00+00:00,6.629,6.677,6.629,6.663,29126.41
2026-06-12T03:00:00+00:00,6.663,6.665,6.638,6.658,38184.266
2026-06-12T04:00:00+00:00,6.658,6.689,6.641,6.664,43672.279
2026-06-12T05:00:00+00:00,6.664,6.664,6.612,6.619,48962.084
2026-06-12T06:00:00+00:00,6.619,6.625,6.528,6.546,59726.02
2026-06-12T07:00:00+00:00,6.546,6.585,6.545,6.571,28833.74
2026-06-12T08:00:00+00:00,6.571,6.637,6.568,6.62,25819.663
2026-06-12T09:00:00+00:00,6.62,6.667,6.613,6.646,33487.709
2026-06-12T10:00:00+00:00,6.646,6.662,6.615,6.638,39134.153
2026-06-12T11:00:00+00:00,6.638,6.659,6.631,6.637,29772.282
2026-06-12T12:00:00+00:00,6.637,6.65,6.602,6.618,53629.045
2026-06-12T13:00:00+00:00,6.618,6.623,6.522,6.541,104829.852
2026-06-12T14:00:00+00:00,6.541,6.672,6.535,6.667,105005.155
2026-06-12T15:00:00+00:00,6.667,6.699,6.546,6.555,104321.551
2026-06-12T16:00:00+00:00,6.555,6.622,6.521,6.621,77970.121
2026-06-12T17:00:00+00:00,6.621,6.651,6.591,6.594,43892.155
2026-06-12T18:00:00+00:00,6.594,6.617,6.56,6.587,55148.644
2026-06-12T19:00:00+00:00,6.587,6.627,6.581,6.586,43466.127
2026-06-12T20:00:00+00:00,6.586,6.607,6.572,6.583,31610.247
2026-06-12T21:00:00+00:00,6.583,6.603,6.553,6.565,28395.791
2026-06-12T22:00:00+00:00,6.565,6.588,6.553,6.571,31845.234
2026-06-12T23:00:00+00:00,6.571,6.576,6.54,6.571,34821.89
2026-06-13T00:00:00+00:00,6.571,6.597,6.559,6.586,23516.745
2026-06-13T01:00:00+00:00,6.586,6.636,6.582,6.619,38453.992
2026-06-13T02:00:00+00:00,6.619,6.625,6.591,6.605,27361.244
2026-06-13T03:00:00+00:00,6.605,6.618,6.572,6.598,27977.032
2026-06-13T04:00:00+00:00,6.598,6.622,6.574,6.59,36211.116
2026-06-13T05:00:00+00:00,6.59,6.62,6.569,6.592,49790.704
2026-06-13T06:00:00+00:00,6.592,6.644,6.574,6.634,61328.144
2026-06-13T07:00:00+00:00,6.634,6.687,6.617,6.665,85249.326
2026-06-13T08:00:00+00:00,6.665,6.681,6.649,6.661,44972.708
2026-06-13T09:00:00+00:00,6.661,6.672,6.65,6.654,28522.997
2026-06-13T10:00:00+00:00,6.654,6.664,6.631,6.645,30169.168
2026-06-13T11:00:00+00:00,6.645,6.676,6.643,6.673,60122.423
2026-06-13T12:00:00+00:00,6.673,6.696,6.663,6.679,53146.435
2026-06-13T13:00:00+00:00,6.679,6.685,6.662,6.676,35500.208
2026-06-13T14:00:00+00:00,6.676,6.693,6.67,6.691,61606.271
2026-06-13T15:00:00+00:00,6.691,6.76,6.684,6.752,121346.648
2026-06-13T16:00:00+00:00,6.752,6.768,6.678,6.717,116831.299
2026-06-13T17:00:00+00:00,6.717,6.728,6.679,6.698,65762.355
2026-06-13T18:00:00+00:00,6.698,6.72,6.684,6.706,39862.144
2026-06-13T19:00:00+00:00,6.706,6.732,6.692,6.717,46807.993
2026-06-13T20:00:00+00:00,6.717,6.722,6.699,6.72,30663.295
2026-06-13T21:00:00+00:00,6.72,6.78,6.704,6.75,46913.669
2026-06-13T22:00:00+00:00,6.75,6.753,6.72,6.721,32755.278
2026-06-13T23:00:00+00:00,6.721,6.737,6.706,6.721,31774.618
2026-06-14T00:00:00+00:00,6.721,6.721,6.694,6.704,23077.422
2026-06-14T01:00:00+00:00,6.704,6.731,6.691,6.707,32850.11
2026-06-14T02:00:00+00:00,6.707,6.731,6.703,6.712,37521.884
2026-06-14T03:00:00+00:00,6.712,6.727,6.702,6.72,29395.978
2026-06-14T04:00:00+00:00,6.72,6.724,6.666,6.675,30059.692
2026-06-14T05:00:00+00:00,6.675,6.687,6.652,6.677,35311.006
2026-06-14T06:00:00+00:00,6.677,6.696,6.657,6.658,39559.022
2026-06-14T07:00:00+00:00,6.658,6.662,6.642,6.656,32961.424
2026-06-14T08:00:00+00:00,6.656,6.669,6.647,6.653,16697.168
2026-06-14T09:00:00+00:00,6.653,6.677,6.624,6.673,61529.386
2026-06-14T10:00:00+00:00,6.673,6.682,6.646,6.649,41348.04
2026-06-14T11:00:00+00:00,6.649,6.659,6.638,6.647,24641.327
2026-06-14T12:00:00+00:00,6.647,6.653,6.603,6.611,49233.116
2026-06-14T13:00:00+00:00,6.611,6.617,6.56,6.581,45741.696
2026-06-14T14:00:00+00:00,6.581,6.582,6.5,6.531,62417.592
2026-06-14T15:00:00+00:00,6.531,6.541,6.518,6.53,17400.561
2026-06-14T16:00:00+00:00,6.53,6.552,6.515,6.525,31843.176
2026-06-14T17:00:00+00:00,6.525,6.531,6.464,6.472,49536.212
2026-06-14T18:00:00+00:00,6.472,6.474,6.376,6.402,85349.673
2026-06-14T19:00:00+00:00,6.402,6.474,6.395,6.433,40555.807
2026-06-14T20:00:00+00:00,6.433,6.486,6.416,6.462,54413.851
2026-06-14T21:00:00+00:00,6.462,6.778,6.457,6.715,101365.884
2026-06-14T22:00:00+00:00,6.715,6.767,6.691,6.724,139873.963
2026-06-14T23:00:00+00:00,6.724,6.791,6.7,6.789,62207.113
2026-06-15T00:00:00+00:00,6.789,6.807,6.731,6.753,93606.477
2026-06-15T01:00:00+00:00,6.753,6.755,6.701,6.719,55607.262
2026-06-15T02:00:00+00:00,6.719,6.774,6.71,6.735,84498.852
2026-06-15T03:00:00+00:00,6.735,6.777,6.727,6.762,51494.699
2026-06-15T04:00:00+00:00,6.762,6.778,6.742,6.748,44556.182
2026-06-15T05:00:00+00:00,6.748,6.802,6.737,6.789,59104.595
2026-06-15T06:00:00+00:00,6.789,6.802,6.762,6.773,64338.797
2026-06-15T07:00:00+00:00,6.773,6.804,6.754,6.758,54299.98
2026-06-15T08:00:00+00:00,6.758,6.793,6.752,6.772,59138.961
2026-06-15T09:00:00+00:00,6.772,6.79,6.742,6.763,48187.057
2026-06-15T10:00:00+00:00,6.763,6.853,6.757,6.84,91231.39
2026-06-15T11:00:00+00:00,6.84,6.951,6.812,6.906,140120.165
2026-06-15T12:00:00+00:00,6.906,6.951,6.877,6.928,69325.444
2026-06-15T13:00:00+00:00,6.928,7.011,6.921,6.974,91568.895
2026-06-15T14:00:00+00:00,6.974,6.978,6.914,6.95,92792.016
2026-06-15T15:00:00+00:00,6.95,7.034,6.912,7.034,144172.694
2026-06-15T16:00:00+00:00,7.034,7.077,7.012,7.034,107945.721
2026-06-15T17:00:00+00:00,7.034,7.049,6.978,7.017,105481.59
2026-06-15T18:00:00+00:00,7.017,7.032,6.975,6.98,51326.501
2026-06-15T19:00:00+00:00,6.98,7.003,6.883,6.897,88577.078
2026-06-15T20:00:00+00:00,6.897,6.925,6.873,6.883,68002.911
2026-06-15T21:00:00+00:00,6.883,6.899,6.858,6.876,42597.816
2026-06-15T22:00:00+00:00,6.876,6.897,6.812,6.83,80121.662
2026-06-15T23:00:00+00:00,6.83,6.848,6.803,6.84,50637.638
2026-06-16T00:00:00+00:00,6.84,6.871,6.828,6.834,72459.341
2026-06-16T01:00:00+00:00,6.834,6.872,6.831,6.835,35536.867
2026-06-16T02:00:00+00:00,6.835,6.842,6.747,6.771,69677.28
2026-06-16T03:00:00+00:00,6.771,6.835,6.76,6.835,66215.128
2026-06-16T04:00:00+00:00,6.835,6.84,6.76,6.769,61979.696
2026-06-16T05:00:00+00:00,6.769,6.815,6.769,6.805,67973.746
2026-06-16T06:00:00+00:00,6.805,6.865,6.805,6.858,59583.45
2026-06-16T07:00:00+00:00,6.858,6.928,6.853,6.924,163463.944
2026-06-16T08:00:00+00:00,6.924,7.05,6.916,7.033,100851.575
2026-06-16T09:00:00+00:00,7.033,7.038,6.949,6.96,70391.925
2026-06-16T10:00:00+00:00,6.96,6.989,6.944,6.955,72581.72
2026-06-16T11:00:00+00:00,6.955,6.976,6.923,6.95,65030.239
2026-06-16T12:00:00+00:00,6.95,7.0,6.925,6.966,203289.087
2026-06-16T13:00:00+00:00,6.966,6.974,6.838,6.838,107415.148
2026-06-16T14:00:00+00:00,6.838,6.869,6.714,6.762,130992.814
2026-06-16T15:00:00+00:00,6.762,6.816,6.752,6.791,85180.701
2026-06-16T16:00:00+00:00,6.791,6.802,6.767,6.78,43022.743
2026-06-16T17:00:00+00:00,6.78,6.857,6.78,6.851,69104.903
2026-06-16T18:00:00+00:00,6.851,6.91,6.85,6.877,66953.405
2026-06-16T19:00:00+00:00,6.877,6.897,6.825,6.863,95965.51
2026-06-16T20:00:00+00:00,6.863,6.949,6.847,6.93,94306.612
2026-06-16T21:00:00+00:00,6.93,6.944,6.889,6.916,40762.27
2026-06-16T22:00:00+00:00,6.916,6.925,6.885,6.905,39292.059
2026-06-16T23:00:00+00:00,6.905,6.914,6.871,6.879,32413.043
2026-06-17T00:00:00+00:00,6.879,6.922,6.879,6.897,54568.917
2026-06-17T01:00:00+00:00,6.897,6.97,6.873,6.964,54115.748
2026-06-17T02:00:00+00:00,6.964,7.021,6.946,6.983,64499.037
2026-06-17T03:00:00+00:00,6.983,6.983,6.933,6.954,48005.339
2026-06-17T04:00:00+00:00,6.954,6.986,6.939,6.955,44962.609
2026-06-17T05:00:00+00:00,6.955,6.974,6.908,6.94,65647.967
2026-06-17T06:00:00+00:00,6.94,6.965,6.884,6.905,68785.499
2026-06-17T07:00:00+00:00,6.905,6.955,6.87,6.899,102559.734
2026-06-17T08:00:00+00:00,6.899,6.904,6.794,6.811,93977.444
2026-06-17T09:00:00+00:00,6.811,6.849,6.81,6.837,37218.661
2026-06-17T10:00:00+00:00,6.837,6.847,6.811,6.813,37942.173
2026-06-17T11:00:00+00:00,6.813,6.822,6.776,6.806,71410.868
2026-06-17T12:00:00+00:00,6.806,6.85,6.77,6.848,80500.803
2026-06-17T13:00:00+00:00,6.848,6.87,6.815,6.836,60816.669
2026-06-17T14:00:00+00:00,6.836,6.872,6.791,6.836,83706.611
2026-06-17T15:00:00+00:00,6.836,6.969,6.826,6.967,102670.189
2026-06-17T16:00:00+00:00,6.967,7.018,6.909,6.91,79652.336
2026-06-17T17:00:00+00:00,6.91,6.968,6.884,6.963,72820.578
2026-06-17T18:00:00+00:00,6.963,6.963,6.776,6.898,213689.84
2026-06-17T19:00:00+00:00,6.898,6.915,6.704,6.738,163975.579
2026-06-17T20:00:00+00:00,6.738,6.796,6.718,6.79,86679.872
2026-06-17T21:00:00+00:00,6.79,6.795,6.721,6.74,47776.447
2026-06-17T22:00:00+00:00,6.74,6.766,6.652,6.737,99332.842
2026-06-17T23:00:00+00:00,6.737,6.777,6.737,6.765,53189.785
2026-06-18T00:00:00+00:00,6.765,6.794,6.758,6.761,36214.539
2026-06-18T01:00:00+00:00,6.761,6.802,6.761,6.773,41024.093
2026-06-18T02:00:00+00:00,6.773,6.797,6.753,6.788,47039.616
2026-06-18T03:00:00+00:00,6.788,6.788,6.704,6.713,78515.567
2026-06-18T04:00:00+00:00,6.713,6.713,6.626,6.638,117817.145
2026-06-18T05:00:00+00:00,6.638,6.639,6.573,6.619,68595.853
2026-06-18T06:00:00+00:00,6.619,6.649,6.597,6.645,59140.204
2026-06-18T07:00:00+00:00,6.645,6.686,6.622,6.676,63745.7
2026-06-18T08:00:00+00:00,6.676,6.695,6.653,6.671,71118.687
2026-06-18T09:00:00+00:00,6.671,6.682,6.643,6.675,41342.272
2026-06-18T10:00:00+00:00,6.675,6.675,6.625,6.651,63417.814
2026-06-18T11:00:00+00:00,6.651,6.663,6.607,6.622,61316.475
2026-06-18T12:00:00+00:00,6.622,6.667,6.612,6.664,76365.003
2026-06-18T13:00:00+00:00,6.664,6.679,6.561,6.618,129067.114
2026-06-18T14:00:00+00:00,6.618,6.673,6.569,6.594,113869.771
2026-06-18T15:00:00+00:00,6.594,6.595,6.213,6.245,406485.618
2026-06-18T16:00:00+00:00,6.245,6.336,6.228,6.331,134550.103
2026-06-18T17:00:00+00:00,6.331,6.338,6.254,6.291,69811.74
2026-06-18T18:00:00+00:00,6.291,6.319,6.264,6.306,50309.136
2026-06-18T19:00:00+00:00,6.306,6.367,6.297,6.356,48389.947
2026-06-18T20:00:00+00:00,6.356,6.386,6.326,6.351,39720.603
2026-06-18T21:00:00+00:00,6.351,6.353,6.279,6.293,27151.099
2026-06-18T22:00:00+00:00,6.293,6.312,6.28,6.306,16950.569
2026-06-18T23:00:00+00:00,6.306,6.322,6.276,6.317,36571.789
2026-06-19T00:00:00+00:00,6.317,6.324,6.291,6.308,45928.706
2026-06-19T01:00:00+00:00,6.308,6.32,6.272,6.306,35042.598
2026-06-19T02:00:00+00:00,6.306,6.322,6.247,6.275,55550.97
2026-06-19T03:00:00+00:00,6.275,6.289,6.111,6.149,161696.839
2026-06-19T04:00:00+00:00,6.149,6.149,6.028,6.041,131919.929
2026-06-19T05:00:00+00:00,6.041,6.091,6.041,6.068,58785.314
2026-06-19T06:00:00+00:00,6.068,6.083,6.008,6.048,49016.028
2026-06-19T07:00:00+00:00,6.048,6.048,5.968,5.991,111770.093
2026-06-19T08:00:00+00:00,5.991,6.056,5.988,6.056,59997.904
2026-06-19T09:00:00+00:00,6.056,6.102,6.03,6.063,46417.802
2026-06-19T10:00:00+00:00,6.063,6.07,6.006,6.04,44275.239
2026-06-19T11:00:00+00:00,6.04,6.075,6.011,6.047,56439.588
2026-06-19T12:00:00+00:00,6.047,6.124,6.036,6.113,61243.399
2026-06-19T13:00:00+00:00,6.113,6.192,6.085,6.166,68593.71
2026-06-19T14:00:00+00:00,6.166,6.177,6.111,6.119,60682.838
2026-06-19T15:00:00+00:00,6.119,6.153,6.11,6.12,58492.761
2026-06-19T16:00:00+00:00,6.12,6.158,6.071,6.072,63551.446
2026-06-19T17:00:00+00:00,6.072,6.134,5.983,5.993,77017.505
2026-06-19T18:00:00+00:00,5.993,6.051,5.735,5.92,309773.453
2026-06-19T19:00:00+00:00,5.92,5.92,5.684,5.879,288614.752
2026-06-19T20:00:00+00:00,5.879,5.936,5.8,5.933,75023.668
2026-06-19T21:00:00+00:00,5.933,5.949,5.871,5.941,43974.385
2026-06-19T22:00:00+00:00,5.941,5.974,5.928,5.932,47235.857
2026-06-19T23:00:00+00:00,5.932,5.937,5.871,5.896,85360.984
2026-06-20T00:00:00+00:00,5.896,5.967,5.882,5.901,123080.54
2026-06-20T01:00:00+00:00,5.901,5.973,5.897,5.94,81496.8
2026-06-20T02:00:00+00:00,5.94,5.956,5.909,5.94,51087.637
2026-06-20T03:00:00+00:00,5.94,5.968,5.906,5.949,78006.564
2026-06-20T04:00:00+00:00,5.949,5.991,5.932,5.979,49306.524
2026-06-20T05:00:00+00:00,5.979,6.051,5.979,6.027,77485.489
2026-06-20T06:00:00+00:00,6.027,6.047,5.828,5.94,152908.554
2026-06-20T07:00:00+00:00,5.94,6.262,5.869,6.15,274756.297
2026-06-20T08:00:00+00:00,6.15,6.177,6.1,6.163,103163.147
2026-06-20T09:00:00+00:00,6.163,6.214,6.163,6.188,69191.522
2026-06-20T10:00:00+00:00,6.188,6.217,6.166,6.211,53575.313
2026-06-20T11:00:00+00:00,6.211,6.219,6.142,6.161,38073.739
2026-06-20T12:00:00+00:00,6.161,6.188,6.142,6.168,40635.098
2026-06-20T13:00:00+00:00,6.168,6.175,6.027,6.124,105948.493
2026-06-20T14:00:00+00:00,6.124,6.161,6.055,6.107,94258.264
2026-06-20T15:00:00+00:00,6.107,6.162,6.093,6.152,65281.155
2026-06-20T16:00:00+00:00,6.152,6.154,6.1,6.142,36731.348
2026-06-20T17:00:00+00:00,6.142,6.144,6.07,6.109,36332.531
2026-06-20T18:00:00+00:00,6.109,6.129,6.086,6.088,27062.386
2026-06-20T19:00:00+00:00,6.088,6.12,6.071,6.118,22803.283
2026-06-20T20:00:00+00:00,6.118,6.148,6.109,6.14,30439.585
2026-06-20T21:00:00+00:00,6.14,6.204,6.138,6.183,50434.671
2026-06-20T22:00:00+00:00,6.183,6.255,6.168,6.242,53606.593
2026-06-20T23:00:00+00:00,6.242,6.262,6.228,6.241,19370.091
2026-06-21T00:00:00+00:00,6.241,6.291,6.234,6.266,59328.236
2026-06-21T01:00:00+00:00,6.266,6.274,6.228,6.248,37882.181
2026-06-21T02:00:00+00:00,6.248,6.25,6.218,6.239,25509.804
2026-06-21T03:00:00+00:00,6.239,6.274,6.226,6.264,35943.737
2026-06-21T04:00:00+00:00,6.264,6.286,6.232,6.236,29276.657
2026-06-21T05:00:00+00:00,6.236,6.263,6.206,6.219,39416.052
2026-06-21T06:00:00+00:00,6.219,6.25,6.212,6.243,30886.79
2026-06-21T07:00:00+00:00,6.243,6.347,6.22,6.287,64390.003
2026-06-21T08:00:00+00:00,6.287,6.319,6.236,6.29,73877.669
2026-06-21T09:00:00+00:00,6.29,6.342,6.266,6.314,66836.408
2026-06-21T10:00:00+00:00,6.314,6.326,6.283,6.302,55595.121
2026-06-21T11:00:00+00:00,6.302,6.313,6.263,6.266,62759.313
2026-06-21T12:00:00+00:00,6.266,6.29,6.241,6.284,35947.987
2026-06-21T13:00:00+00:00,6.284,6.307,6.27,6.297,22129.275
2026-06-21T14:00:00+00:00,6.297,6.374,6.265,6.325,70946.46
2026-06-21T15:00:00+00:00,6.325,6.349,6.311,6.33,35647.646
2026-06-21T16:00:00+00:00,6.33,6.335,6.241,6.272,42952.075
2026-06-21T17:00:00+00:00,6.272,6.297,6.235,6.25,32893.803
2026-06-21T18:00:00+00:00,6.25,6.276,6.228,6.267,24018.17
2026-06-21T19:00:00+00:00,6.267,6.278,6.253,6.264,20686.91
2026-06-21T20:00:00+00:00,6.264,6.271,6.188,6.201,29007.058
2026-06-21T21:00:00+00:00,6.201,6.209,6.131,6.175,49506.293
2026-06-21T22:00:00+00:00,6.175,6.201,6.125,6.144,48642.67
2026-06-21T23:00:00+00:00,6.144,6.145,6.097,6.114,43656.824
2026-06-22T00:00:00+00:00,6.114,6.212,6.114,6.203,53870.141
2026-06-22T01:00:00+00:00,6.203,6.336,6.192,6.271,70374.762
2026-06-22T02:00:00+00:00,6.271,6.273,6.228,6.233,28198.696
2026-06-22T03:00:00+00:00,6.233,6.294,6.203,6.23,56582.94
2026-06-22T04:00:00+00:00,6.23,6.287,6.218,6.276,36803.515
2026-06-22T05:00:00+00:00,6.276,6.322,6.269,6.302,61852.954
2026-06-22T06:00:00+00:00,6.302,6.305,6.195,6.253,121778.363
2026-06-22T07:00:00+00:00,6.253,6.307,6.248,6.287,52993.683
2026-06-22T08:00:00+00:00,6.287,6.291,6.221,6.266,59872.519
2026-06-22T09:00:00+00:00,6.266,6.274,6.239,6.241,34052.645
2026-06-22T10:00:00+00:00,6.241,6.286,6.241,6.27,31574.409
2026-06-22T11:00:00+00:00,6.27,6.379,6.26,6.365,69626.27
2026-06-22T12:00:00+00:00,6.365,6.43,6.352,6.404,59320.741
2026-06-22T13:00:00+00:00,6.404,6.469,6.363,6.463,87598.935
2026-06-22T14:00:00+00:00,6.463,6.467,6.305,6.332,56270.629
2026-06-22T15:00:00+00:00,6.332,6.35,6.283,6.308,42893.263
2026-06-22T16:00:00+00:00,6.308,6.332,6.283,6.311,35214.161
2026-06-22T17:00:00+00:00,6.311,6.327,6.268,6.318,41565.858
2026-06-22T18:00:00+00:00,6.318,6.335,6.261,6.27,33990.253
2026-06-22T19:00:00+00:00,6.27,6.279,6.236,6.271,24792.717
2026-06-22T20:00:00+00:00,6.271,6.3,6.267,6.278,12353.532
2026-06-22T21:00:00+00:00,6.278,6.282,6.219,6.249,12468.227
2026-06-22T22:00:00+00:00,6.249,6.27,6.165,6.21,25940.682
2026-06-22T23:00:00+00:00,6.21,6.243,6.193,6.241,12952.659
2026-06-23T00:00:00+00:00,6.241,6.275,6.212,6.274,25884.07
2026-06-23T01:00:00+00:00,6.274,6.297,6.223,6.27,22381.992
2026-06-23T02:00:00+00:00,6.27,6.314,6.245,6.303,33088.003
2026-06-23T03:00:00+00:00,6.303,6.313,6.277,6.313,27856.825
2026-06-23T04:00:00+00:00,6.313,6.335,6.265,6.274,34346.382
2026-06-23T05:00:00+00:00,6.274,6.295,6.211,6.237,36324.789
2026-06-23T06:00:00+00:00,6.237,6.246,6.065,6.167,104183.661
2026-06-23T07:00:00+00:00,6.167,6.217,6.151,6.156,49266.587
2026-06-23T08:00:00+00:00,6.156,6.167,6.012,6.126,63714.23
2026-06-23T09:00:00+00:00,6.126,6.214,6.126,6.209,55527.952
2026-06-23T10:00:00+00:00,6.209,6.246,6.172,6.201,46680.973
2026-06-23T11:00:00+00:00,6.201,6.258,6.201,6.257,43658.38
2026-06-23T12:00:00+00:00,6.257,6.304,6.233,6.245,65262.149
2026-06-23T13:00:00+00:00,6.245,6.305,6.218,6.284,93948.441
2026-06-23T14:00:00+00:00,6.284,6.455,6.275,6.325,149209.088
2026-06-23T15:00:00+00:00,6.325,6.386,6.292,6.37,90407.294
2026-06-23T16:00:00+00:00,6.37,6.407,6.328,6.335,82657.132
2026-06-23T17:00:00+00:00,6.335,6.352,6.275,6.284,59157.646
2026-06-23T18:00:00+00:00,6.284,6.314,6.271,6.302,39298.34
2026-06-23T19:00:00+00:00,6.302,6.353,6.295,6.342,56825.775
2026-06-23T20:00:00+00:00,6.342,6.45,6.342,6.415,95185.104
2026-06-23T21:00:00+00:00,6.415,6.452,6.41,6.43,68645.284
2026-06-23T22:00:00+00:00,6.43,6.525,6.424,6.473,73696.867
2026-06-23T23:00:00+00:00,6.473,6.513,6.443,6.484,49819.629
2026-06-24T00:00:00+00:00,6.484,6.543,6.484,6.514,66016.231
2026-06-24T01:00:00+00:00,6.514,6.541,6.455,6.455,63211.489
2026-06-24T02:00:00+00:00,6.455,6.463,6.411,6.438,49853.947
2026-06-24T03:00:00+00:00,6.438,6.452,6.407,6.416,27509.429
2026-06-24T04:00:00+00:00,6.416,6.44,6.367,6.426,38238.39
2026-06-24T05:00:00+00:00,6.426,6.458,6.426,6.436,20125.901
2026-06-24T06:00:00+00:00,6.436,6.457,6.41,6.422,17656.878
2026-06-24T07:00:00+00:00,6.422,6.427,6.354,6.392,37040.244
2026-06-24T08:00:00+00:00,6.392,6.414,6.379,6.411,20181.128
2026-06-24T09:00:00+00:00,6.411,6.416,6.388,6.411,14717.484
2026-06-24T10:00:00+00:00,6.411,6.431,6.387,6.404,23833.519
2026-06-24T11:00:00+00:00,6.404,6.496,6.372,6.447,39909.889
2026-06-24T12:00:00+00:00,6.447,6.448,6.411,6.426,26464.209
2026-06-24T13:00:00+00:00,6.426,6.43,6.287,6.307,98572.421
2026-06-24T14:00:00+00:00,6.307,6.356,6.288,6.331,61132.933
2026-06-24T15:00:00+00:00,6.331,6.334,6.206,6.232,51430.751
2026-06-24T16:00:00+00:00,6.232,6.306,6.106,6.149,85530.985
2026-06-24T17:00:00+00:00,6.149,6.173,6.0,6.024,90037.392
2026-06-24T18:00:00+00:00,6.024,6.159,6.006,6.096,69100.118
2026-06-24T19:00:00+00:00,6.096,6.148,6.074,6.143,58480.134
2026-06-24T20:00:00+00:00,6.143,6.366,6.121,6.338,104613.988
2026-06-24T21:00:00+00:00,6.338,6.387,6.306,6.38,53387.639
2026-06-24T22:00:00+00:00,6.38,6.492,6.38,6.422,69158.221
2026-06-24T23:00:00+00:00,6.422,6.471,6.403,6.445,61094.586
2026-06-25T00:00:00+00:00,6.445,6.482,6.391,6.404,51080.524
2026-06-25T01:00:00+00:00,6.404,6.434,6.396,6.424,28591.716
2026-06-25T02:00:00+00:00,6.424,6.46,6.389,6.412,56165.482
2026-06-25T03:00:00+00:00,6.412,6.434,6.39,6.412,30542.067
2026-06-25T04:00:00+00:00,6.412,6.502,6.389,6.484,39570.925
2026-06-25T05:00:00+00:00,6.484,6.639,6.483,6.549,156802.985
2026-06-25T06:00:00+00:00,6.549,6.621,6.549,6.578,71800.611
2026-06-25T07:00:00+00:00,6.578,6.589,6.519,6.531,56383.677
2026-06-25T08:00:00+00:00,6.531,6.533,6.489,6.508,17569.641
2026-06-25T09:00:00+00:00,6.508,6.514,6.491,6.503,12819.815
2026-06-25T10:00:00+00:00,6.503,6.509,6.424,6.432,27654.719
2026-06-25T11:00:00+00:00,6.432,6.445,6.386,6.403,28192.265
2026-06-25T12:00:00+00:00,6.403,6.446,6.339,6.38,60444.981
2026-06-25T13:00:00+00:00,6.38,6.397,5.956,5.98,166684.626
2026-06-25T14:00:00+00:00,5.98,6.232,5.98,6.124,172855.368
2026-06-25T15:00:00+00:00,6.124,6.133,6.038,6.119,57977.241
2026-06-25T16:00:00+00:00,6.119,6.173,6.073,6.107,43381.463
2026-06-25T17:00:00+00:00,6.107,6.26,6.107,6.258,94938.957
2026-06-25T18:00:00+00:00,6.258,6.261,6.117,6.14,58086.47
2026-06-25T19:00:00+00:00,6.14,6.141,6.047,6.109,90208.107
2026-06-25T20:00:00+00:00,6.109,6.181,6.109,6.143,43179.691
2026-06-25T21:00:00+00:00,6.143,6.253,6.138,6.252,23717.449
2026-06-25T22:00:00+00:00,6.252,6.262,6.194,6.203,26854.143
2026-06-25T23:00:00+00:00,6.203,6.268,6.2,6.234,27184.366
2026-06-26T00:00:00+00:00,6.234,6.248,6.206,6.214,18827.944
2026-06-26T01:00:00+00:00,6.214,6.229,6.121,6.129,24160.409
2026-06-26T02:00:00+00:00,6.129,6.132,5.987,5.998,44216.265
2026-06-26T03:00:00+00:00,5.998,6.158,5.966,6.143,57132.962
2026-06-26T04:00:00+00:00,6.143,6.159,6.082,6.086,19291.146
2026-06-26T05:00:00+00:00,6.086,6.132,6.076,6.108,22431.175
2026-06-26T06:00:00+00:00,6.108,6.255,6.077,6.246,31525.493
2026-06-26T07:00:00+00:00,6.246,6.335,6.244,6.312,44014.858
2026-06-26T08:00:00+00:00,6.312,6.323,6.215,6.227,26768.504
2026-06-26T09:00:00+00:00,6.227,6.26,6.153,6.157,27261.398
2026-06-26T10:00:00+00:00,6.157,6.178,6.141,6.149,15006.21
2026-06-26T11:00:00+00:00,6.149,6.175,6.106,6.136,23986.532
2026-06-26T12:00:00+00:00,6.136,6.187,6.072,6.1,26921.308
2026-06-26T13:00:00+00:00,6.1,6.26,6.043,6.254,64247.052
2026-06-26T14:00:00+00:00,6.254,6.287,6.204,6.228,71388.176
2026-06-26T15:00:00+00:00,6.228,6.377,6.212,6.373,70996.045
2026-06-26T16:00:00+00:00,6.373,6.458,6.343,6.381,101430.809
2026-06-26T17:00:00+00:00,6.381,6.525,6.375,6.47,97389.297
2026-06-26T18:00:00+00:00,6.47,6.505,6.39,6.4,28459.993
2026-06-26T19:00:00+00:00,6.4,6.447,6.371,6.382,49591.72
2026-06-26T20:00:00+00:00,6.382,6.453,6.347,6.355,48106.699
2026-06-26T21:00:00+00:00,6.355,6.387,6.338,6.349,15516.93
2026-06-26T22:00:00+00:00,6.349,6.551,6.321,6.533,104297.225
2026-06-26T23:00:00+00:00,6.533,6.631,6.526,6.629,105680.104
2026-06-27T00:00:00+00:00,6.629,6.667,6.52,6.589,78385.688
2026-06-27T01:00:00+00:00,6.589,6.589,6.527,6.537,26101.764
2026-06-27T02:00:00+00:00,6.537,6.673,6.5,6.654,89198.464
2026-06-27T03:00:00+00:00,6.654,6.654,6.543,6.549,26964.056
2026-06-27T04:00:00+00:00,6.549,6.596,6.543,6.555,33471.478
2026-06-27T05:00:00+00:00,6.555,6.575,6.522,6.568,19859.226
2026-06-27T06:00:00+00:00,6.568,6.635,6.54,6.592,35373.387
2026-06-27T07:00:00+00:00,6.592,6.599,6.556,6.562,17601.945
2026-06-27T08:00:00+00:00,6.562,6.583,6.543,6.565,15382.391
2026-06-27T09:00:00+00:00,6.565,6.572,6.514,6.533,11268.171
2026-06-27T10:00:00+00:00,6.533,6.542,6.503,6.526,13457.323
2026-06-27T11:00:00+00:00,6.526,6.583,6.45,6.577,38502.371
2026-06-27T12:00:00+00:00,6.577,6.579,6.521,6.54,28009.745
2026-06-27T13:00:00+00:00,6.54,6.589,6.533,6.58,22722.372
2026-06-27T14:00:00+00:00,6.58,6.645,6.568,6.614,33437.232
2026-06-27T15:00:00+00:00,6.614,6.675,6.607,6.637,38105.617
2026-06-27T16:00:00+00:00,6.637,6.652,6.615,6.623,23192.183
2026-06-27T17:00:00+00:00,6.623,6.623,6.533,6.536,21719.376
2026-06-27T18:00:00+00:00,6.536,6.536,6.499,6.507,14058.917
2026-06-27T19:00:00+00:00,6.507,6.52,6.403,6.431,38249.242
2026-06-27T20:00:00+00:00,6.431,6.454,6.428,6.432,12327.156
2026-06-27T21:00:00+00:00,6.432,6.458,6.378,6.398,24381.716
2026-06-27T22:00:00+00:00,6.398,6.434,6.338,6.43,31887.495
2026-06-27T23:00:00+00:00,6.43,6.466,6.414,6.433,14875.855
2026-06-28T00:00:00+00:00,6.433,6.443,6.412,6.428,19969.16
2026-06-28T01:00:00+00:00,6.428,6.429,6.384,6.395,14622.417
2026-06-28T02:00:00+00:00,6.395,6.422,6.366,6.372,13559.281
2026-06-28T03:00:00+00:00,6.372,6.412,6.37,6.406,5964.626
2026-06-28T04:00:00+00:00,6.406,6.41,6.376,6.397,10253.962
2026-06-28T05:00:00+00:00,6.397,6.399,6.356,6.373,17954.99
2026-06-28T06:00:00+00:00,6.373,6.385,6.304,6.331,17905.01
2026-06-28T07:00:00+00:00,6.331,6.36,6.317,6.34,13126.384
2026-06-28T08:00:00+00:00,6.34,6.384,6.306,6.368,25071.999
2026-06-28T09:00:00+00:00,6.368,6.395,6.315,6.328,21470.547
2026-06-28T10:00:00+00:00,6.328,6.357,6.316,6.321,13120.086
2026-06-28T11:00:00+00:00,6.321,6.362,6.313,6.358,9971.042
2026-06-28T12:00:00+00:00,6.358,6.358,6.308,6.323,19115.831
2026-06-28T13:00:00+00:00,6.323,6.325,6.284,6.304,17837.946
2026-06-28T14:00:00+00:00,6.304,6.344,6.295,6.321,16479.418
2026-06-28T15:00:00+00:00,6.321,6.356,6.312,6.325,28720.703
2026-06-28T16:00:00+00:00,6.325,6.332,6.271,6.311,46516.128
2026-06-28T17:00:00+00:00,6.311,6.337,6.28,6.319,21654.268
2026-06-28T18:00:00+00:00,6.319,6.353,6.315,6.349,13470.677
2026-06-28T19:00:00+00:00,6.349,6.371,6.308,6.336,27040.767
2026-06-28T20:00:00+00:00,6.336,6.473,6.33,6.409,68722.758
2026-06-28T21:00:00+00:00,6.409,6.419,6.299,6.325,50187.043
2026-06-28T22:00:00+00:00,6.325,6.445,6.318,6.353,43128.248
2026-06-28T23:00:00+00:00,6.353,6.486,6.337,6.449,41111.216
2026-06-29T00:00:00+00:00,6.449,6.489,6.361,6.483,39540.722
2026-06-29T01:00:00+00:00,6.483,6.546,6.425,6.508,26543.584
2026-06-29T02:00:00+00:00,6.508,6.54,6.404,6.522,36677.046
2026-06-29T03:00:00+00:00,6.522,6.661,6.522,6.616,72370.999
2026-06-29T04:00:00+00:00,6.616,6.627,6.525,6.585,62422.896
2026-06-29T05:00:00+00:00,6.585,6.616,6.502,6.613,34365.87
2026-06-29T06:00:00+00:00,6.613,6.649,6.532,6.538,35387.5
2026-06-29T07:00:00+00:00,6.538,6.566,6.5,6.549,26257.125
2026-06-29T08:00:00+00:00,6.549,6.576,6.5,6.529,39361.152
2026-06-29T09:00:00+00:00,6.529,6.612,6.522,6.611,61764.458
2026-06-29T10:00:00+00:00,6.611,6.63,6.564,6.598,39370.447
2026-06-29T11:00:00+00:00,6.598,6.611,6.538,6.576,37243.897
2026-06-29T12:00:00+00:00,6.576,6.71,6.528,6.568,114244.721
2026-06-29T13:00:00+00:00,6.568,6.619,6.524,6.564,40361.55
2026-06-29T14:00:00+00:00,6.564,6.566,6.449,6.563,47526.627
2026-06-29T15:00:00+00:00,6.563,6.67,6.497,6.658,50764.161
2026-06-29T16:00:00+00:00,6.658,6.703,6.627,6.688,86210.76
2026-06-29T17:00:00+00:00,6.688,6.82,6.686,6.756,140038.939
2026-06-29T18:00:00+00:00,6.756,6.767,6.72,6.724,17358.51
2026-06-29T19:00:00+00:00,6.724,6.75,6.706,6.723,22639.772
2026-06-29T20:00:00+00:00,6.723,6.735,6.671,6.671,14403.672
2026-06-29T21:00:00+00:00,6.671,6.716,6.663,6.702,20371.644
2026-06-29T22:00:00+00:00,6.702,6.718,6.688,6.698,8215.713
2026-06-29T23:00:00+00:00,6.698,6.698,6.661,6.678,8404.723
2026-06-30T00:00:00+00:00,6.678,6.684,6.614,6.655,29880.991
2026-06-30T01:00:00+00:00,6.655,6.677,6.626,6.657,16302.285
2026-06-30T02:00:00+00:00,6.657,6.679,6.628,6.67,12064.359
2026-06-30T03:00:00+00:00,6.67,6.672,6.625,6.628,15351.898
2026-06-30T04:00:00+00:00,6.628,6.641,6.603,6.634,20359.896
2026-06-30T05:00:00+00:00,6.634,6.637,6.58,6.611,17983.307
2026-06-30T06:00:00+00:00,6.611,6.615,6.577,6.6,11405.518
2026-06-30T07:00:00+00:00,6.6,6.613,6.569,6.58,25220.33
2026-06-30T08:00:00+00:00,6.58,6.648,6.565,6.64,37680.479
2026-06-30T09:00:00+00:00,6.64,6.656,6.602,6.637,30694.069
2026-06-30T10:00:00+00:00,6.637,6.64,6.6,6.612,9344.155
2026-06-30T11:00:00+00:00,6.612,6.614,6.526,6.536,26407.779
2026-06-30T12:00:00+00:00,6.536,6.536,6.391,6.398,74676.442
2026-06-30T13:00:00+00:00,6.398,6.481,6.387,6.473,53081.594
2026-06-30T14:00:00+00:00,6.473,6.53,6.438,6.451,36181.897
2026-06-30T15:00:00+00:00,6.451,6.533,6.434,6.499,15963.781
2026-06-30T16:00:00+00:00,6.499,6.556,6.468,6.539,17951.99
2026-06-30T17:00:00+00:00,6.539,6.579,6.507,6.507,10348.313
2026-06-30T18:00:00+00:00,6.507,6.562,6.492,6.556,13307.801
2026-06-30T19:00:00+00:00,6.556,6.597,6.537,6.575,27489.027
2026-06-30T20:00:00+00:00,6.575,6.593,6.542,6.555,8241.995
2026-06-30T21:00:00+00:00,6.555,6.562,6.53,6.554,9134.711
2026-06-30T22:00:00+00:00,6.554,6.575,6.512,6.52,13084.364
2026-06-30T23:00:00+00:00,6.52,6.542,6.507,6.54,6774.98
2026-07-01T00:00:00+00:00,6.54,6.555,6.513,6.541,8909.684
2026-07-01T01:00:00+00:00,6.541,6.595,6.428,6.57,32133.966
2026-07-01T02:00:00+00:00,6.57,6.625,6.55,6.603,24011.624
2026-07-01T03:00:00+00:00,6.603,6.725,6.603,6.704,84710.887
2026-07-01T04:00:00+00:00,6.704,6.723,6.672,6.698,55148.217
2026-07-01T05:00:00+00:00,6.698,6.705,6.658,6.68,20034.122
2026-07-01T06:00:00+00:00,6.68,6.685,6.603,6.635,30679.055
2026-07-01T07:00:00+00:00,6.635,6.663,6.618,6.653,16260.572
2026-07-01T08:00:00+00:00,6.653,6.67,6.617,6.667,14374.325
2026-07-01T09:00:00+00:00,6.667,6.696,6.649,6.684,48651.152
2026-07-01T10:00:00+00:00,6.684,6.694,6.621,6.646,18724.326
2026-07-01T11:00:00+00:00,6.646,6.671,6.628,6.658,12076.089
2026-07-01T12:00:00+00:00,6.658,6.661,6.596,6.609,17484.301
2026-07-01T13:00:00+00:00,6.609,6.662,6.562,6.647,31310.338
2026-07-01T14:00:00+00:00,6.647,6.714,6.633,6.668,25037.359
2026-07-01T15:00:00+00:00,6.668,6.749,6.663,6.729,72870.418
2026-07-01T16:00:00+00:00,6.729,6.757,6.687,6.69,41132.235
2026-07-01T17:00:00+00:00,6.69,6.752,6.669,6.744,29347.003
2026-07-01T18:00:00+00:00,6.744,6.751,6.702,6.717,26316.271
2026-07-01T19:00:00+00:00,6.717,6.735,6.676,6.695,20652.656
2026-07-01T20:00:00+00:00,6.695,6.711,6.671,6.71,10218.195
2026-07-01T21:00:00+00:00,6.71,6.795,6.707,6.78,77314.654
2026-07-01T22:00:00+00:00,6.78,6.81,6.72,6.729,41937.18
2026-07-01T23:00:00+00:00,6.729,6.729,6.663,6.665,25041.095
2026-07-02T00:00:00+00:00,6.665,6.667,6.611,6.642,42586.378
2026-07-02T01:00:00+00:00,6.642,6.728,6.64,6.693,22958.752
2026-07-02T02:00:00+00:00,6.693,6.702,6.668,6.67,6261.621
2026-07-02T03:00:00+00:00,6.67,6.724,6.652,6.713,29245.789
2026-07-02T04:00:00+00:00,6.713,6.729,6.7,6.724,21869.9
2026-07-02T05:00:00+00:00,6.724,6.732,6.682,6.692,17997.886
2026-07-02T06:00:00+00:00,6.692,6.705,6.662,6.673,16642.138
2026-07-02T07:00:00+00:00,6.673,6.69,6.664,6.67,17107.274
2026-07-02T08:00:00+00:00,6.67,6.713,6.665,6.711,13978.977
2026-07-02T09:00:00+00:00,6.711,6.778,6.695,6.763,53950.909
2026-07-02T10:00:00+00:00,6.763,6.795,6.749,6.795,31383.189
2026-07-02T11:00:00+00:00,6.795,6.813,6.765,6.782,40528.018
2026-07-02T12:00:00+00:00,6.782,6.833,6.758,6.817,48864.166
2026-07-02T13:00:00+00:00,6.817,6.879,6.794,6.818,44950.972
2026-07-02T14:00:00+00:00,6.818,6.845,6.737,6.766,95402.306
2026-07-02T15:00:00+00:00,6.766,6.788,6.74,6.775,28186.187
2026-07-02T16:00:00+00:00,6.775,6.782,6.736,6.774,21427.921
2026-07-02T17:00:00+00:00,6.774,6.789,6.733,6.752,19552.917
2026-07-02T18:00:00+00:00,6.752,6.768,6.747,6.755,17384.261
2026-07-02T19:00:00+00:00,6.755,6.763,6.715,6.743,38186.347
2026-07-02T20:00:00+00:00,6.743,6.759,6.723,6.753,35045.914
2026-07-02T21:00:00+00:00,6.753,6.797,6.75,6.786,13679.16
2026-07-02T22:00:00+00:00,6.786,6.821,6.762,6.814,29243.671
2026-07-02T23:00:00+00:00,6.814,6.814,6.788,6.799,15732.333
2026-07-03T00:00:00+00:00,6.799,6.811,6.783,6.789,14933.766
2026-07-03T01:00:00+00:00,6.789,6.867,6.788,6.853,40406.9
2026-07-03T02:00:00+00:00,6.853,6.872,6.824,6.859,21040.229
2026-07-03T03:00:00+00:00,6.859,6.878,6.83,6.849,20589.168
2026-07-03T04:00:00+00:00,6.849,6.853,6.81,6.819,25605.499
2026-07-03T05:00:00+00:00,6.819,6.87,6.809,6.849,25490.352
2026-07-03T06:00:00+00:00,6.849,6.879,6.84,6.856,12699.177
2026-07-03T07:00:00+00:00,6.856,6.861,6.831,6.84,12304.268
2026-07-03T08:00:00+00:00,6.84,6.891,6.827,6.843,21817.987
2026-07-03T09:00:00+00:00,6.843,6.858,6.83,6.837,7069.393
2026-07-03T10:00:00+00:00,6.837,6.909,6.836,6.883,29035.14
2026-07-03T11:00:00+00:00,6.883,6.912,6.875,6.9,10205.755
2026-07-03T12:00:00+00:00,6.9,6.922,6.848,6.868,15273.17
2026-07-03T13:00:00+00:00,6.868,6.876,6.837,6.852,20027.85
2026-07-03T14:00:00+00:00,6.852,6.859,6.806,6.858,14983.763
