timestamp,open,high,low,close,volume
2026-04-11T07:00:00+00:00,606.0,606.6,605.6,606.1,185.8354
2026-04-11T08:00:00+00:00,606.1,607.2,605.3,606.0,369.0089
2026-04-11T09:00:00+00:00,606.0,607.3,605.7,606.8,143.8747
2026-04-11T10:00:00+00:00,606.8,606.9,605.3,605.6,68.2612
2026-04-11T11:00:00+00:00,605.6,605.9,604.5,605.5,146.1097
2026-04-11T12:00:00+00:00,605.5,607.0,605.2,606.5,86.4047
2026-04-11T13:00:00+00:00,606.5,606.5,603.8,604.8,207.2325
2026-04-11T14:00:00+00:00,604.8,605.6,604.5,604.8,139.5658
2026-04-11T15:00:00+00:00,604.8,606.8,604.4,605.8,187.9119
2026-04-11T16:00:00+00:00,605.8,609.1,605.7,607.6,185.66556
2026-04-11T17:00:00+00:00,607.6,608.4,606.6,607.8,77.5612
2026-04-11T18:00:00+00:00,607.8,611.7,607.3,611.0,253.75362
2026-04-11T19:00:00+00:00,611.0,614.1,611.0,613.1,342.1428
2026-04-11T20:00:00+00:00,613.1,613.2,609.6,610.4,951.7326
2026-04-11T21:00:00+00:00,610.4,611.4,610.0,610.5,524.8871
2026-04-11T22:00:00+00:00,610.5,612.3,610.1,611.2,486.0264
2026-04-11T23:00:00+00:00,611.2,611.2,606.0,607.2,771.1476
2026-04-12T00:00:00+00:00,607.2,607.5,606.2,607.0,427.1854
2026-04-12T01:00:00+00:00,607.0,607.6,590.4,593.6,1651.93044
2026-04-12T02:00:00+00:00,593.6,597.7,592.0,597.4,407.33114
2026-04-12T03:00:00+00:00,597.4,597.9,594.9,595.3,1019.7847
2026-04-12T04:00:00+00:00,595.3,595.5,594.1,594.5,2174.1924
2026-04-12T05:00:00+00:00,594.5,595.9,594.0,595.6,917.1468
2026-04-12T06:00:00+00:00,595.6,596.0,594.3,594.6,245.5515
2026-04-12T07:00:00+00:00,594.6,594.6,592.7,594.1,986.99363
2026-04-12T08:00:00+00:00,594.1,594.7,593.4,593.6,454.4809
2026-04-12T09:00:00+00:00,593.6,594.5,593.0,593.5,188.1463
2026-04-12T10:00:00+00:00,593.5,595.6,592.8,593.6,164.8882
2026-04-12T11:00:00+00:00,593.6,595.6,593.6,595.5,1315.472
2026-04-12T12:00:00+00:00,595.5,595.9,592.8,593.0,329.4352
2026-04-12T13:00:00+00:00,593.0,593.0,590.8,591.3,389.79735
2026-04-12T14:00:00+00:00,591.3,592.5,589.0,589.9,387.47351
2026-04-12T15:00:00+00:00,589.9,591.9,589.8,591.5,229.7005
2026-04-12T16:00:00+00:00,591.5,592.3,591.0,591.9,119.5823
2026-04-12T17:00:00+00:00,591.9,593.3,591.4,592.6,121.82545
2026-04-12T18:00:00+00:00,592.6,593.0,591.4,592.3,96.898
2026-04-12T19:00:00+00:00,592.3,593.3,592.3,592.3,189.9098
2026-04-12T20:00:00+00:00,592.3,596.9,591.6,595.5,371.36341
2026-04-12T21:00:00+00:00,595.5,596.7,594.3,595.2,244.9533
2026-04-12T22:00:00+00:00,595.2,595.2,591.1,593.9,400.47568
2026-04-12T23:00:00+00:00,593.9,593.9,590.9,592.1,157.2674
2026-04-13T00:00:00+00:00,592.1,596.3,591.6,596.0,113.17063
2026-04-13T01:00:00+00:00,596.0,596.8,595.0,596.4,73.412
2026-04-13T02:00:00+00:00,596.4,597.9,595.6,596.3,93.46736
2026-04-13T03:00:00+00:00,596.3,596.7,594.6,594.9,46.0659
2026-04-13T04:00:00+00:00,594.9,597.1,594.7,595.5,68.6694
2026-04-13T05:00:00+00:00,595.5,597.8,594.8,597.7,233.8575
2026-04-13T06:00:00+00:00,597.7,599.6,597.7,598.2,112.68445
2026-04-13T07:00:00+00:00,598.2,598.4,596.0,597.4,250.35018
2026-04-13T08:00:00+00:00,597.4,597.4,595.3,596.6,199.0364
2026-04-13T09:00:00+00:00,596.6,598.0,596.6,597.3,106.5191
2026-04-13T10:00:00+00:00,597.3,598.1,596.8,597.4,67.8801
2026-04-13T11:00:00+00:00,597.4,598.7,597.1,597.1,101.224
2026-04-13T12:00:00+00:00,597.1,599.2,596.5,598.5,324.98803
2026-04-13T13:00:00+00:00,598.5,600.0,595.6,599.7,205.08644
2026-04-13T14:00:00+00:00,599.7,603.4,597.7,603.4,305.68302
2026-04-13T15:00:00+00:00,603.4,604.8,600.3,603.4,791.32561
2026-04-13T16:00:00+00:00,603.4,608.0,602.4,606.3,923.33763
2026-04-13T17:00:00+00:00,606.3,607.8,604.6,604.8,418.00243
2026-04-13T18:00:00+00:00,604.8,605.3,603.3,604.9,182.7823
2026-04-13T19:00:00+00:00,604.9,609.2,603.9,608.6,478.38574
2026-04-13T20:00:00+00:00,608.6,609.0,607.2,607.4,187.9475
2026-04-13T21:00:00+00:00,607.4,609.5,607.2,608.1,190.8311
2026-04-13T22:00:00+00:00,608.1,616.5,608.0,615.5,693.33886
2026-04-13T23:00:00+00:00,615.5,618.0,614.5,614.8,431.2813
2026-04-14T00:00:00+00:00,614.8,615.9,612.2,612.3,404.33993
2026-04-14T01:00:00+00:00,612.3,614.3,611.0,613.7,354.48648
2026-04-14T02:00:00+00:00,613.7,615.9,612.8,615.1,324.54543
2026-04-14T03:00:00+00:00,615.1,616.2,614.4,616.0,157.4394
2026-04-14T04:00:00+00:00,616.0,616.1,614.4,614.8,377.7352
2026-04-14T05:00:00+00:00,614.8,614.9,612.0,612.9,154.1659
2026-04-14T06:00:00+00:00,612.9,615.2,612.9,614.8,163.2842
2026-04-14T07:00:00+00:00,614.8,615.6,613.4,613.5,179.0072
2026-04-14T08:00:00+00:00,613.5,619.0,613.3,617.8,1382.24909
2026-04-14T09:00:00+00:00,617.8,619.5,617.5,618.0,438.65389
2026-04-14T10:00:00+00:00,618.0,619.6,617.3,618.1,247.1332
2026-04-14T11:00:00+00:00,618.1,618.1,615.6,616.5,412.40075
2026-04-14T12:00:00+00:00,616.5,616.8,615.3,615.7,239.4539
2026-04-14T13:00:00+00:00,615.7,622.8,615.6,622.4,846.85395
2026-04-14T14:00:00+00:00,622.4,623.0,618.4,619.3,738.25555
2026-04-14T15:00:00+00:00,619.3,625.4,618.5,623.5,1080.90717
2026-04-14T16:00:00+00:00,623.5,625.3,618.1,619.0,470.31188
2026-04-14T17:00:00+00:00,619.0,620.4,615.8,617.1,545.78943
2026-04-14T18:00:00+00:00,617.1,618.4,613.3,614.0,336.83078
2026-04-14T19:00:00+00:00,614.0,615.4,612.0,614.0,167.10813
2026-04-14T20:00:00+00:00,614.0,615.1,613.1,613.7,128.5091
2026-04-14T21:00:00+00:00,613.7,616.4,613.7,615.8,203.98583
2026-04-14T22:00:00+00:00,615.8,617.1,614.1,614.5,187.5611
2026-04-14T23:00:00+00:00,614.5,614.8,613.4,613.9,239.79745
2026-04-15T00:00:00+00:00,613.9,617.1,613.9,616.8,310.80393
2026-04-15T01:00:00+00:00,616.8,619.8,615.8,619.4,355.70169
2026-04-15T02:00:00+00:00,619.4,619.7,615.4,616.0,157.1706
2026-04-15T03:00:00+00:00,616.0,616.5,615.0,616.0,60.5679
2026-04-15T04:00:00+00:00,616.0,617.1,614.2,615.3,117.5806
2026-04-15T05:00:00+00:00,615.3,616.3,613.1,613.5,79.69195
2026-04-15T06:00:00+00:00,613.5,615.0,612.8,614.2,115.2656
2026-04-15T07:00:00+00:00,614.2,614.6,610.8,611.6,129.77795
2026-04-15T08:00:00+00:00,611.6,614.9,610.6,614.7,1017.67773
2026-04-15T09:00:00+00:00,614.7,616.0,613.8,615.6,672.4223
2026-04-15T10:00:00+00:00,615.6,618.7,615.5,617.1,519.96326
2026-04-15T11:00:00+00:00,617.1,620.8,617.1,619.7,667.89398
2026-04-15T12:00:00+00:00,619.7,619.8,617.4,618.1,384.762
2026-04-15T13:00:00+00:00,618.1,619.3,616.7,619.0,358.75868
2026-04-15T14:00:00+00:00,619.0,620.6,617.1,618.6,307.04568
2026-04-15T15:00:00+00:00,618.6,619.9,616.0,619.1,346.876
2026-04-15T16:00:00+00:00,619.1,621.53,618.6,620.9,1115.66311
2026-04-15T17:00:00+00:00,620.9,622.0,620.0,621.4,280.90577
2026-04-15T18:00:00+00:00,621.4,623.1,621.0,622.6,432.87793
2026-04-15T19:00:00+00:00,622.6,627.6,622.3,625.6,622.06174
2026-04-15T20:00:00+00:00,625.6,625.7,622.4,623.7,678.33073
2026-04-15T21:00:00+00:00,623.7,624.1,622.4,623.5,581.6553
2026-04-15T22:00:00+00:00,623.5,627.0,623.2,624.4,842.69338
2026-04-15T23:00:00+00:00,624.4,624.5,621.4,622.7,434.5303
2026-04-16T00:00:00+00:00,622.7,623.5,620.6,623.4,377.6429
2026-04-16T01:00:00+00:00,623.4,623.4,621.0,622.5,383.5041
2026-04-16T02:00:00+00:00,622.5,626.3,622.3,624.4,444.3211
2026-04-16T03:00:00+00:00,624.4,625.8,624.1,624.5,275.7019
2026-04-16T04:00:00+00:00,624.5,625.1,622.3,623.4,264.1808
2026-04-16T05:00:00+00:00,623.4,625.3,622.7,625.1,215.4012
2026-04-16T06:00:00+00:00,625.1,626.2,624.2,624.9,203.4214
2026-04-16T07:00:00+00:00,624.9,625.5,622.0,622.7,251.48925
2026-04-16T08:00:00+00:00,622.7,623.4,620.7,622.5,227.3381
2026-04-16T09:00:00+00:00,622.5,623.9,621.9,622.8,363.9802
2026-04-16T10:00:00+00:00,622.8,623.4,619.4,619.8,246.85346
2026-04-16T11:00:00+00:00,619.8,621.2,619.0,621.0,167.9011
2026-04-16T12:00:00+00:00,621.0,622.0,620.7,621.6,171.369
2026-04-16T13:00:00+00:00,621.6,624.1,615.0,617.8,667.7915
2026-04-16T14:00:00+00:00,617.8,620.6,615.4,619.3,486.83001
2026-04-16T15:00:00+00:00,619.3,626.5,618.8,625.0,467.41406
2026-04-16T16:00:00+00:00,625.0,628.0,623.9,625.5,363.13411
2026-04-16T17:00:00+00:00,625.5,627.7,623.7,627.5,203.10004
2026-04-16T18:00:00+00:00,627.5,637.4,626.5,635.9,855.65792
2026-04-16T19:00:00+00:00,635.9,637.1,634.1,636.6,418.9446
2026-04-16T20:00:00+00:00,636.6,637.4,633.3,634.7,237.28835
2026-04-16T21:00:00+00:00,634.7,635.2,631.8,632.5,154.18045
2026-04-16T22:00:00+00:00,632.5,634.5,632.0,633.4,91.9496
2026-04-16T23:00:00+00:00,633.4,636.5,633.0,635.8,178.48153
2026-04-17T00:00:00+00:00,635.8,636.6,633.1,633.5,125.9668
2026-04-17T01:00:00+00:00,633.5,634.4,629.6,631.5,215.35691
2026-04-17T02:00:00+00:00,631.5,631.9,628.4,629.8,174.6551
2026-04-17T03:00:00+00:00,629.8,631.3,629.0,629.4,254.3366
2026-04-17T04:00:00+00:00,629.4,630.3,628.9,629.7,193.0359
2026-04-17T05:00:00+00:00,629.7,629.8,627.3,628.1,146.67195
2026-04-17T06:00:00+00:00,628.1,629.3,627.7,628.5,95.7682
2026-04-17T07:00:00+00:00,628.5,629.7,626.7,627.3,112.30078
2026-04-17T08:00:00+00:00,627.3,631.3,626.9,630.9,268.22969
2026-04-17T09:00:00+00:00,630.9,635.0,629.5,632.8,338.28096
2026-04-17T10:00:00+00:00,632.8,633.3,629.0,630.5,317.24768
2026-04-17T11:00:00+00:00,630.5,633.9,630.2,632.6,179.01269
2026-04-17T12:00:00+00:00,632.6,636.5,631.8,635.9,232.76274
2026-04-17T13:00:00+00:00,635.9,643.4,635.4,643.1,1110.23762
2026-04-17T14:00:00+00:00,643.1,645.8,640.9,643.9,625.6273
2026-04-17T15:00:00+00:00,643.9,643.9,641.1,643.4,456.18773
2026-04-17T16:00:00+00:00,643.4,645.7,643.3,645.5,384.4186
2026-04-17T17:00:00+00:00,645.5,645.6,640.1,641.9,675.25895
2026-04-17T18:00:00+00:00,641.9,642.2,638.8,640.0,206.89175
2026-04-17T19:00:00+00:00,640.0,642.2,638.9,641.4,148.23083
2026-04-17T20:00:00+00:00,641.4,642.3,639.3,640.9,74.2018
2026-04-17T21:00:00+00:00,640.9,642.5,640.9,642.3,201.21093
2026-04-17T22:00:00+00:00,642.3,644.9,641.6,644.0,242.33233
2026-04-17T23:00:00+00:00,644.0,644.8,641.7,643.1,226.2383
2026-04-18T00:00:00+00:00,643.1,645.5,641.6,643.9,261.9701
2026-04-18T01:00:00+00:00,643.9,646.9,643.1,644.7,212.27468
2026-04-18T02:00:00+00:00,644.7,646.0,643.7,644.2,242.5873
2026-04-18T03:00:00+00:00,644.2,644.2,640.1,640.2,346.5688
2026-04-18T04:00:00+00:00,640.2,645.0,640.0,644.4,136.85663
2026-04-18T05:00:00+00:00,644.4,648.9,644.2,645.2,705.31535
2026-04-18T06:00:00+00:00,645.2,645.8,643.4,643.9,191.48105
2026-04-18T07:00:00+00:00,643.9,644.6,642.9,643.4,150.9175
2026-04-18T08:00:00+00:00,643.4,643.6,634.9,637.0,428.71736
2026-04-18T09:00:00+00:00,637.0,637.0,633.7,635.9,346.96433
2026-04-18T10:00:00+00:00,635.9,635.9,632.2,633.9,167.00103
2026-04-18T11:00:00+00:00,633.9,634.6,631.4,633.2,156.9064
2026-04-18T12:00:00+00:00,633.2,634.7,631.8,634.1,318.7882
2026-04-18T13:00:00+00:00,634.1,634.4,631.4,633.5,194.2863
2026-04-18T14:00:00+00:00,633.5,634.4,632.2,634.2,149.5701
2026-04-18T15:00:00+00:00,634.2,635.0,632.3,633.2,206.7117
2026-04-18T16:00:00+00:00,633.2,634.3,631.2,633.3,245.2702
2026-04-18T17:00:00+00:00,633.3,634.1,631.7,633.5,105.0986
2026-04-18T18:00:00+00:00,633.5,634.0,629.0,629.3,359.94699
2026-04-18T19:00:00+00:00,629.3,631.2,628.2,630.5,152.03075
2026-04-18T20:00:00+00:00,630.5,631.5,629.6,630.1,137.1352
2026-04-18T21:00:00+00:00,630.1,631.8,629.7,631.7,203.4213
2026-04-18T22:00:00+00:00,631.7,631.7,629.6,630.8,76.3448
2026-04-18T23:00:00+00:00,630.8,631.9,629.6,629.8,86.7137
2026-04-19T00:00:00+00:00,629.8,630.2,628.2,629.2,107.65815
2026-04-19T01:00:00+00:00,629.2,630.4,627.4,627.9,146.9096
2026-04-19T02:00:00+00:00,627.9,627.9,623.5,625.3,294.54552
2026-04-19T03:00:00+00:00,625.3,625.3,621.0,623.0,486.39521
2026-04-19T04:00:00+00:00,623.0,624.5,620.2,621.9,767.56523
2026-04-19T05:00:00+00:00,621.9,623.3,621.6,622.5,297.286
2026-04-19T06:00:00+00:00,622.5,623.4,619.7,622.7,335.66093
2026-04-19T07:00:00+00:00,622.7,622.8,618.0,620.4,455.9162
2026-04-19T08:00:00+00:00,620.4,621.4,618.1,621.1,225.6503
2026-04-19T09:00:00+00:00,621.1,621.5,618.9,619.7,222.3435
2026-04-19T10:00:00+00:00,619.7,620.7,619.1,620.2,92.1361
2026-04-19T11:00:00+00:00,620.2,623.1,620.0,622.3,178.98013
2026-04-19T12:00:00+00:00,622.3,623.8,622.0,623.2,163.2497
2026-04-19T13:00:00+00:00,623.2,626.1,623.0,625.1,319.78472
2026-04-19T14:00:00+00:00,625.1,628.3,623.6,626.9,206.42345
2026-04-19T15:00:00+00:00,626.9,627.5,623.2,625.9,549.43133
2026-04-19T16:00:00+00:00,625.9,626.5,622.8,623.5,330.0464
2026-04-19T17:00:00+00:00,623.5,624.8,620.1,620.4,420.95413
2026-04-19T18:00:00+00:00,620.4,622.1,619.1,622.1,356.14253
2026-04-19T19:00:00+00:00,622.1,623.4,621.9,623.0,144.61663
2026-04-19T20:00:00+00:00,623.0,623.0,619.8,620.9,189.77445
2026-04-19T21:00:00+00:00,620.9,623.1,619.9,620.4,338.94485
2026-04-19T22:00:00+00:00,620.4,620.4,614.6,616.9,862.74768
2026-04-19T23:00:00+00:00,616.9,617.6,615.1,616.0,429.0115
2026-04-20T00:00:00+00:00,616.0,620.9,615.9,619.8,251.29499
2026-04-20T01:00:00+00:00,619.8,622.7,619.5,621.8,215.8399
2026-04-20T02:00:00+00:00,621.8,621.9,620.0,621.2,193.3787
2026-04-20T03:00:00+00:00,621.2,622.0,621.0,621.8,111.1676
2026-04-20T04:00:00+00:00,621.8,621.8,620.2,620.9,107.1099
2026-04-20T05:00:00+00:00,620.9,620.9,616.7,618.7,362.11843
2026-04-20T06:00:00+00:00,618.7,624.3,618.5,624.2,247.24466
2026-04-20T07:00:00+00:00,624.2,629.32,623.3,624.5,484.47524
2026-04-20T08:00:00+00:00,624.5,625.5,622.6,623.7,296.555
2026-04-20T09:00:00+00:00,623.7,626.8,623.3,626.6,154.27763
2026-04-20T10:00:00+00:00,626.6,628.1,626.0,626.0,112.47876
2026-04-20T11:00:00+00:00,626.0,626.7,625.1,625.3,169.3306
2026-04-20T12:00:00+00:00,625.3,627.7,624.3,625.0,308.08745
2026-04-20T13:00:00+00:00,625.0,626.4,623.4,625.8,450.22928
2026-04-20T14:00:00+00:00,625.8,627.9,622.8,623.6,356.63626
2026-04-20T15:00:00+00:00,623.6,628.3,620.8,628.2,294.11211
2026-04-20T16:00:00+00:00,628.2,629.3,626.9,627.1,160.854
2026-04-20T17:00:00+00:00,627.1,630.1,626.8,629.5,194.47813
2026-04-20T18:00:00+00:00,629.5,631.8,629.3,630.9,264.98367
2026-04-20T19:00:00+00:00,630.9,631.7,630.0,630.6,121.1675
2026-04-20T20:00:00+00:00,630.6,632.0,629.6,631.0,250.1211
2026-04-20T21:00:00+00:00,631.0,632.1,629.3,630.5,208.4252
2026-04-20T22:00:00+00:00,630.5,631.6,628.7,628.9,91.2286
2026-04-20T23:00:00+00:00,628.9,629.4,627.9,629.3,106.9286
2026-04-21T00:00:00+00:00,629.3,632.0,629.3,631.6,138.57803
2026-04-21T01:00:00+00:00,631.6,632.4,630.1,630.5,353.83309
2026-04-21T02:00:00+00:00,630.5,630.9,628.5,628.7,244.5562
2026-04-21T03:00:00+00:00,628.7,630.2,628.1,630.0,83.7142
2026-04-21T04:00:00+00:00,630.0,630.8,628.8,630.7,89.9594
2026-04-21T05:00:00+00:00,630.7,632.0,630.4,630.9,129.1852
2026-04-21T06:00:00+00:00,630.9,633.1,630.0,632.4,135.9523
2026-04-21T07:00:00+00:00,632.4,633.9,631.8,633.0,153.98454
2026-04-21T08:00:00+00:00,633.0,637.4,632.3,635.2,352.13105
2026-04-21T09:00:00+00:00,635.2,637.0,634.8,636.7,193.2406
2026-04-21T10:00:00+00:00,636.7,640.7,636.7,638.6,135.53326
2026-04-21T11:00:00+00:00,638.6,638.8,633.4,634.1,454.7249
2026-04-21T12:00:00+00:00,634.1,634.8,630.0,632.1,239.5661
2026-04-21T13:00:00+00:00,632.1,633.0,630.8,632.3,147.8447
2026-04-21T14:00:00+00:00,632.3,635.2,630.1,630.6,206.92718
2026-04-21T15:00:00+00:00,630.6,632.9,629.4,631.8,195.66372
2026-04-21T16:00:00+00:00,631.8,633.7,631.3,631.8,428.20393
2026-04-21T17:00:00+00:00,631.8,632.0,627.2,629.7,460.3262
2026-04-21T18:00:00+00:00,629.7,630.6,628.4,630.3,304.132
2026-04-21T19:00:00+00:00,630.3,631.4,624.9,626.4,277.94931
2026-04-21T20:00:00+00:00,626.4,630.6,625.5,629.7,468.59389
2026-04-21T21:00:00+00:00,629.7,630.0,628.5,629.2,81.5388
2026-04-21T22:00:00+00:00,629.2,629.6,627.6,628.9,126.22
2026-04-21T23:00:00+00:00,628.9,632.2,628.8,631.7,168.01845
2026-04-22T00:00:00+00:00,631.7,633.2,631.6,632.8,132.01703
2026-04-22T01:00:00+00:00,632.8,633.0,631.1,632.5,102.438
2026-04-22T02:00:00+00:00,632.5,640.7,632.3,640.0,638.46058
2026-04-22T03:00:00+00:00,640.0,641.3,639.2,639.5,283.19535
2026-04-22T04:00:00+00:00,639.5,640.7,638.7,639.8,208.6578
2026-04-22T05:00:00+00:00,639.8,645.1,639.7,642.8,735.91465
2026-04-22T06:00:00+00:00,642.8,643.4,641.4,642.3,298.9121
2026-04-22T07:00:00+00:00,642.3,642.9,641.5,642.0,251.4814
2026-04-22T08:00:00+00:00,642.0,643.0,641.1,642.4,201.3449
2026-04-22T09:00:00+00:00,642.4,643.9,641.8,642.3,162.02573
2026-04-22T10:00:00+00:00,642.3,643.3,641.4,642.2,263.588
2026-04-22T11:00:00+00:00,642.2,643.0,641.2,642.8,258.5382
2026-04-22T12:00:00+00:00,642.8,644.0,642.3,643.6,205.0269
2026-04-22T13:00:00+00:00,643.6,654.2,643.1,650.8,1448.39188
2026-04-22T14:00:00+00:00,650.8,653.7,648.0,650.5,924.7472
2026-04-22T15:00:00+00:00,650.5,650.7,648.3,649.2,421.4849
2026-04-22T16:00:00+00:00,649.2,651.2,643.2,644.7,577.85244
2026-04-22T17:00:00+00:00,644.7,646.0,643.6,644.6,2316.46555
2026-04-22T18:00:00+00:00,644.6,646.9,644.6,645.0,164.2785
2026-04-22T19:00:00+00:00,645.0,646.5,643.9,644.1,294.3013
2026-04-22T20:00:00+00:00,644.1,644.2,640.5,641.0,352.85201
2026-04-22T21:00:00+00:00,641.0,643.4,640.5,641.5,184.0004
2026-04-22T22:00:00+00:00,641.5,642.5,639.4,640.0,89.16808
2026-04-22T23:00:00+00:00,640.0,640.7,637.2,637.4,159.72325
2026-04-23T00:00:00+00:00,637.4,639.5,634.0,638.5,380.11079
2026-04-23T01:00:00+00:00,638.5,639.0,636.9,637.7,159.4797
2026-04-23T02:00:00+00:00,637.7,638.0,633.7,635.0,238.12925
2026-04-23T03:00:00+00:00,635.0,635.8,633.2,635.5,166.877
2026-04-23T04:00:00+00:00,635.5,636.3,634.9,636.0,205.8625
2026-04-23T05:00:00+00:00,636.0,637.1,635.3,636.7,297.1231
2026-04-23T06:00:00+00:00,636.7,638.1,636.3,636.6,1123.35823
2026-04-23T07:00:00+00:00,636.6,637.1,635.2,635.6,740.5054
2026-04-23T08:00:00+00:00,635.6,636.2,634.0,635.1,734.191
2026-04-23T09:00:00+00:00,635.1,635.3,632.2,632.9,321.6067
2026-04-23T10:00:00+00:00,632.9,633.3,630.9,631.6,368.96449
2026-04-23T11:00:00+00:00,631.6,633.7,631.2,633.5,210.2807
2026-04-23T12:00:00+00:00,633.5,634.8,631.8,634.6,511.7508
2026-04-23T13:00:00+00:00,634.6,635.8,634.3,635.8,316.98663
2026-04-23T14:00:00+00:00,635.8,637.2,635.2,636.9,402.08656
2026-04-23T15:00:00+00:00,636.9,639.9,635.8,639.7,694.01879
2026-04-23T16:00:00+00:00,639.7,640.4,638.3,638.6,178.9292
2026-04-23T17:00:00+00:00,638.6,638.8,631.0,633.9,662.0819
2026-04-23T18:00:00+00:00,633.9,636.7,633.6,634.1,175.44273
2026-04-23T19:00:00+00:00,634.1,636.6,633.6,635.8,309.2337
2026-04-23T20:00:00+00:00,635.8,638.5,635.4,637.7,421.9828
2026-04-23T21:00:00+00:00,637.7,638.8,636.7,637.7,273.2198
2026-04-23T22:00:00+00:00,637.7,639.7,637.7,638.5,168.54743
2026-04-23T23:00:00+00:00,638.5,638.8,637.5,638.6,112.1941
2026-04-24T00:00:00+00:00,638.6,640.4,638.1,639.9,137.1655
2026-04-24T01:00:00+00:00,639.9,640.0,637.4,639.6,99.7613
2026-04-24T02:00:00+00:00,639.6,639.7,636.6,636.7,116.01635
2026-04-24T03:00:00+00:00,636.7,636.8,633.6,634.7,144.36765
2026-04-24T04:00:00+00:00,634.7,634.7,632.5,633.9,99.5697
2026-04-24T05:00:00+00:00,633.9,634.7,632.0,634.0,211.393
2026-04-24T06:00:00+00:00,634.0,635.2,633.3,634.6,196.894
2026-04-24T07:00:00+00:00,634.6,637.0,634.3,635.0,189.1356
2026-04-24T08:00:00+00:00,635.0,637.9,634.7,637.0,177.5827
2026-04-24T09:00:00+00:00,637.0,637.2,633.4,633.9,132.56263
2026-04-24T10:00:00+00:00,633.9,635.5,633.6,635.0,100.1396
2026-04-24T11:00:00+00:00,635.0,638.7,635.0,638.1,208.96626
2026-04-24T12:00:00+00:00,638.1,638.9,636.5,638.5,213.7473
2026-04-24T13:00:00+00:00,638.5,640.4,637.4,638.4,338.6207
2026-04-24T14:00:00+00:00,638.4,639.0,636.0,638.2,368.62885
2026-04-24T15:00:00+00:00,638.2,639.7,635.9,639.5,201.247
2026-04-24T16:00:00+00:00,639.5,639.9,636.8,637.9,134.25165
2026-04-24T17:00:00+00:00,637.9,638.5,636.6,637.8,142.0109
2026-04-24T18:00:00+00:00,637.8,637.8,635.3,637.4,79.6681
2026-04-24T19:00:00+00:00,637.4,638.9,636.9,638.1,107.1314
2026-04-24T20:00:00+00:00,638.1,638.3,636.4,638.0,90.3421
2026-04-24T21:00:00+00:00,638.0,638.5,636.8,637.4,244.1447
2026-04-24T22:00:00+00:00,637.4,637.7,635.4,636.2,56.9562
2026-04-24T23:00:00+00:00,636.2,636.7,635.9,636.3,35.2314
2026-04-25T00:00:00+00:00,636.3,636.7,635.5,636.0,189.2612
2026-04-25T01:00:00+00:00,636.0,637.3,635.5,636.9,87.0512
2026-04-25T02:00:00+00:00,636.9,637.8,636.4,637.7,155.2847
2026-04-25T03:00:00+00:00,637.7,637.8,636.9,637.4,92.6729
2026-04-25T04:00:00+00:00,637.4,638.0,636.9,637.8,98.6496
2026-04-25T05:00:00+00:00,637.8,637.8,636.4,636.7,40.6636
2026-04-25T06:00:00+00:00,636.7,638.1,636.2,637.5,60.0199
2026-04-25T07:00:00+00:00,637.5,637.7,637.0,637.0,132.0972
2026-04-25T08:00:00+00:00,637.0,638.6,636.6,638.1,140.9869
2026-04-25T09:00:00+00:00,638.1,638.5,637.3,637.9,101.3158
2026-04-25T10:00:00+00:00,637.9,638.5,637.6,638.1,164.5317
2026-04-25T11:00:00+00:00,638.1,638.2,634.3,634.8,124.84395
2026-04-25T12:00:00+00:00,634.8,635.3,633.0,633.2,220.94148
2026-04-25T13:00:00+00:00,633.2,634.0,632.8,632.8,168.3842
2026-04-25T14:00:00+00:00,632.8,632.9,630.9,630.9,164.921
2026-04-25T15:00:00+00:00,630.9,631.6,629.1,629.9,230.47003
2026-04-25T16:00:00+00:00,629.9,630.5,627.2,629.5,184.29785
2026-04-25T17:00:00+00:00,629.5,629.9,627.4,627.5,98.1461
2026-04-25T18:00:00+00:00,627.5,629.2,627.2,628.8,119.8638
2026-04-25T19:00:00+00:00,628.8,629.5,628.2,628.8,91.8966
2026-04-25T20:00:00+00:00,628.8,629.4,628.4,629.4,57.8204
2026-04-25T21:00:00+00:00,629.4,629.7,628.9,629.3,114.2865
2026-04-25T22:00:00+00:00,629.3,630.3,629.0,629.5,66.1043
2026-04-25T23:00:00+00:00,629.5,629.6,628.1,628.3,776.5393
2026-04-26T00:00:00+00:00,628.3,629.3,627.4,628.9,176.7325
2026-04-26T01:00:00+00:00,628.9,630.2,628.2,629.6,74.2397
2026-04-26T02:00:00+00:00,629.6,630.1,629.0,629.6,156.374
2026-04-26T03:00:00+00:00,629.6,629.9,626.8,628.5,186.20026
2026-04-26T04:00:00+00:00,628.5,630.7,628.1,629.9,101.07806
2026-04-26T05:00:00+00:00,629.9,632.8,629.7,631.6,216.67923
2026-04-26T06:00:00+00:00,631.6,632.3,630.7,631.0,74.1363
2026-04-26T07:00:00+00:00,631.0,632.6,630.9,632.3,97.2622
2026-04-26T08:00:00+00:00,632.3,632.6,629.9,630.4,245.0144
2026-04-26T09:00:00+00:00,630.4,632.0,629.9,631.6,213.9657
2026-04-26T10:00:00+00:00,631.6,631.7,631.0,631.2,87.9891
2026-04-26T11:00:00+00:00,631.2,632.6,631.2,632.5,61.2114
2026-04-26T12:00:00+00:00,632.5,632.5,630.4,630.8,134.4761
2026-04-26T13:00:00+00:00,630.8,631.5,630.4,631.2,146.5157
2026-04-26T14:00:00+00:00,631.2,632.9,630.8,632.0,246.3692
2026-04-26T15:00:00+00:00,632.0,632.7,631.4,632.1,188.5374
2026-04-26T16:00:00+00:00,632.1,632.2,630.8,631.0,85.2888
2026-04-26T17:00:00+00:00,631.0,631.9,630.4,631.8,161.8252
2026-04-26T18:00:00+00:00,631.8,634.3,631.5,633.6,296.54973
2026-04-26T19:00:00+00:00,633.6,636.5,633.4,635.8,354.80832
2026-04-26T20:00:00+00:00,635.8,636.1,634.4,634.4,166.1406
2026-04-26T21:00:00+00:00,634.4,636.6,633.1,635.6,338.015
2026-04-26T22:00:00+00:00,635.6,638.0,633.7,635.0,122.26924
2026-04-26T23:00:00+00:00,635.0,636.9,633.9,635.8,149.9217
2026-04-27T00:00:00+00:00,635.8,638.5,633.7,638.4,274.91751
2026-04-27T01:00:00+00:00,638.4,639.9,635.8,638.4,248.04025
2026-04-27T02:00:00+00:00,638.4,639.7,637.5,638.5,227.9504
2026-04-27T03:00:00+00:00,638.5,639.9,638.3,638.4,128.1287
2026-04-27T04:00:00+00:00,638.4,638.7,636.4,636.9,60.83865
2026-04-27T05:00:00+00:00,636.9,637.2,627.7,629.1,754.14089
2026-04-27T06:00:00+00:00,629.1,629.5,625.1,627.4,781.18741
2026-04-27T07:00:00+00:00,627.4,627.5,625.3,625.6,393.399
2026-04-27T08:00:00+00:00,625.6,627.9,625.3,627.9,292.5034
2026-04-27T09:00:00+00:00,627.9,628.8,627.1,628.2,493.3539
2026-04-27T10:00:00+00:00,628.2,628.4,627.3,627.5,476.7948
2026-04-27T11:00:00+00:00,627.5,627.6,626.3,627.2,502.3297
2026-04-27T12:00:00+00:00,627.2,627.2,625.1,625.7,229.2567
2026-04-27T13:00:00+00:00,625.7,627.1,624.0,625.4,531.68346
2026-04-27T14:00:00+00:00,625.4,628.4,624.9,626.1,1017.76733
2026-04-27T15:00:00+00:00,626.1,626.3,618.3,620.8,2199.49365
2026-04-27T16:00:00+00:00,620.8,622.1,620.3,621.4,502.5061
2026-04-27T17:00:00+00:00,621.4,624.0,621.4,623.0,501.7241
2026-04-27T18:00:00+00:00,623.0,623.7,622.2,623.5,256.7526
2026-04-27T19:00:00+00:00,623.5,623.5,620.8,623.3,316.6176
2026-04-27T20:00:00+00:00,623.3,624.2,623.3,623.9,173.55
2026-04-27T21:00:00+00:00,623.9,624.5,623.2,623.2,168.09123
2026-04-27T22:00:00+00:00,623.2,625.0,623.1,624.7,234.6029
2026-04-27T23:00:00+00:00,624.7,627.3,624.2,626.8,395.80441
2026-04-28T00:00:00+00:00,626.8,627.5,625.9,627.0,230.0032
2026-04-28T01:00:00+00:00,627.0,627.1,625.6,625.8,87.6817
2026-04-28T02:00:00+00:00,625.8,626.7,623.2,624.5,127.77703
2026-04-28T03:00:00+00:00,624.5,624.6,623.5,624.5,64.6758
2026-04-28T04:00:00+00:00,624.5,625.9,623.8,625.4,179.7928
2026-04-28T05:00:00+00:00,625.4,626.5,624.2,624.6,116.7155
2026-04-28T06:00:00+00:00,624.6,626.0,623.0,623.1,280.2023
2026-04-28T07:00:00+00:00,623.1,624.5,621.7,624.2,209.16885
2026-04-28T08:00:00+00:00,624.2,625.4,623.7,624.4,113.7917
2026-04-28T09:00:00+00:00,624.4,624.8,622.3,622.8,125.1201
2026-04-28T10:00:00+00:00,622.8,623.6,622.5,622.8,95.1752
2026-04-28T11:00:00+00:00,622.8,623.0,621.1,621.7,303.2207
2026-04-28T12:00:00+00:00,621.7,623.4,621.0,623.2,167.5781
2026-04-28T13:00:00+00:00,623.2,623.6,620.5,622.0,268.5654
2026-04-28T14:00:00+00:00,622.0,622.3,619.0,622.3,386.27848
2026-04-28T15:00:00+00:00,622.3,623.0,621.7,622.7,166.04253
2026-04-28T16:00:00+00:00,622.7,623.6,621.7,623.4,171.7634
2026-04-28T17:00:00+00:00,623.4,624.0,622.3,623.5,158.39676
2026-04-28T18:00:00+00:00,623.5,624.0,623.0,623.7,129.8859
2026-04-28T19:00:00+00:00,623.7,624.3,622.8,624.1,100.7337
2026-04-28T20:00:00+00:00,624.1,624.4,623.6,624.2,112.5604
2026-04-28T21:00:00+00:00,624.2,624.6,622.8,623.5,204.85713
2026-04-28T22:00:00+00:00,623.5,624.2,622.7,623.1,109.2117
2026-04-28T23:00:00+00:00,623.1,624.5,622.8,624.5,100.1433
2026-04-29T00:00:00+00:00,624.5,624.8,623.4,624.4,156.3919
2026-04-29T01:00:00+00:00,624.4,625.3,622.4,624.6,149.1708
2026-04-29T02:00:00+00:00,624.6,625.3,623.5,624.1,107.4481
2026-04-29T03:00:00+00:00,624.1,626.7,624.0,626.1,191.84253
2026-04-29T04:00:00+00:00,626.1,628.4,625.1,627.7,230.28089
2026-04-29T05:00:00+00:00,627.7,628.2,626.9,627.3,128.2991
2026-04-29T06:00:00+00:00,627.3,627.6,625.4,626.0,128.9086
2026-04-29T07:00:00+00:00,626.0,626.7,624.9,625.0,121.4024
2026-04-29T08:00:00+00:00,625.0,625.7,624.4,625.4,102.0995
2026-04-29T09:00:00+00:00,625.4,629.5,625.2,629.1,393.22746
2026-04-29T10:00:00+00:00,629.1,629.6,627.5,627.8,181.02763
2026-04-29T11:00:00+00:00,627.8,627.9,626.0,626.0,155.58175
2026-04-29T12:00:00+00:00,626.0,626.2,622.0,623.7,478.73985
2026-04-29T13:00:00+00:00,623.7,624.0,619.9,622.0,285.7571
2026-04-29T14:00:00+00:00,622.0,622.8,620.7,621.2,253.4802
2026-04-29T15:00:00+00:00,621.2,621.2,615.4,616.4,495.57145
2026-04-29T16:00:00+00:00,616.4,618.0,616.2,617.6,566.2861
2026-04-29T17:00:00+00:00,617.6,620.0,617.6,619.8,278.46383
2026-04-29T18:00:00+00:00,619.8,620.2,610.1,613.7,995.753
2026-04-29T19:00:00+00:00,613.7,614.4,612.2,613.2,195.88449
2026-04-29T20:00:00+00:00,613.2,616.0,613.0,615.3,231.4004
2026-04-29T21:00:00+00:00,615.3,618.6,614.8,617.1,320.77193
2026-04-29T22:00:00+00:00,617.1,618.1,616.4,617.9,160.1313
2026-04-29T23:00:00+00:00,617.9,618.1,616.6,617.2,82.639
2026-04-30T00:00:00+00:00,617.2,620.4,616.7,620.2,302.11152
2026-04-30T01:00:00+00:00,620.2,620.6,619.1,619.2,121.2366
2026-04-30T02:00:00+00:00,619.2,620.0,616.0,617.5,184.95023
2026-04-30T03:00:00+00:00,617.5,618.4,616.8,617.9,82.8909
2026-04-30T04:00:00+00:00,617.9,617.9,614.1,614.6,545.6214
2026-04-30T05:00:00+00:00,614.6,616.5,613.4,616.4,320.10433
2026-04-30T06:00:00+00:00,616.4,616.8,615.4,615.5,271.3482
2026-04-30T07:00:00+00:00,615.5,618.3,615.5,617.5,247.54856
2026-04-30T08:00:00+00:00,617.5,618.3,616.6,616.7,151.4619
2026-04-30T09:00:00+00:00,616.7,618.7,616.4,616.7,391.5346
2026-04-30T10:00:00+00:00,616.7,617.1,615.5,615.7,147.3489
2026-04-30T11:00:00+00:00,615.7,617.3,614.4,615.5,207.0317
2026-04-30T12:00:00+00:00,615.5,616.8,615.1,615.3,145.0881
2026-04-30T13:00:00+00:00,615.3,616.9,614.2,615.7,447.5193
2026-04-30T14:00:00+00:00,615.7,616.3,613.4,616.2,243.22998
2026-04-30T15:00:00+00:00,616.2,618.1,615.7,617.1,134.38586
2026-04-30T16:00:00+00:00,617.1,617.2,616.0,616.2,129.9608
2026-04-30T17:00:00+00:00,616.2,617.4,615.7,617.2,83.44395
2026-04-30T18:00:00+00:00,617.2,618.6,617.2,617.6,100.087
2026-04-30T19:00:00+00:00,617.6,618.7,617.2,618.4,206.7676
2026-04-30T20:00:00+00:00,618.4,618.5,617.6,617.6,57.125
2026-04-30T21:00:00+00:00,617.6,617.8,616.0,616.1,89.1061
2026-04-30T22:00:00+00:00,616.1,616.4,614.8,615.0,88.6499
2026-04-30T23:00:00+00:00,615.0,615.6,614.6,615.3,53.4334
2026-05-01T00:00:00+00:00,615.3,616.8,615.3,615.5,116.954
2026-05-01T01:00:00+00:00,615.5,617.5,615.5,617.5,44.8979
2026-05-01T02:00:00+00:00,617.5,617.5,616.5,617.1,54.334
2026-05-01T03:00:00+00:00,617.1,621.3,616.9,618.5,429.3451
2026-05-01T04:00:00+00:00,618.5,619.0,616.6,617.1,173.31168
2026-05-01T05:00:00+00:00,617.1,618.4,617.0,617.9,179.1425
2026-05-01T06:00:00+00:00,617.9,618.5,616.1,616.8,81.4528
2026-05-01T07:00:00+00:00,616.8,617.6,616.2,617.4,116.9715
2026-05-01T08:00:00+00:00,617.4,619.6,617.1,618.7,192.3009
2026-05-01T09:00:00+00:00,618.7,618.7,616.4,617.0,116.3053
2026-05-01T10:00:00+00:00,617.0,617.3,616.0,617.3,82.9615
2026-05-01T11:00:00+00:00,617.3,619.0,617.3,618.9,117.4403
2026-05-01T12:00:00+00:00,618.9,620.8,618.4,619.3,218.60693
2026-05-01T13:00:00+00:00,619.3,622.8,619.3,622.5,336.26655
2026-05-01T14:00:00+00:00,622.5,622.9,619.6,620.8,183.65705
2026-05-01T15:00:00+00:00,620.8,622.6,619.7,620.9,391.58495
2026-05-01T16:00:00+00:00,620.9,621.8,619.4,619.6,174.8732
2026-05-01T17:00:00+00:00,619.6,620.7,618.9,620.4,141.4226
2026-05-01T18:00:00+00:00,620.4,620.9,619.1,619.3,101.0149
2026-05-01T19:00:00+00:00,619.3,620.4,619.0,619.3,51.414
2026-05-01T20:00:00+00:00,619.3,619.4,616.3,617.0,116.6443
2026-05-01T21:00:00+00:00,617.0,617.8,616.9,617.3,108.165
2026-05-01T22:00:00+00:00,617.3,617.8,615.0,615.2,362.3461
2026-05-01T23:00:00+00:00,615.2,615.7,613.9,615.4,97.0323
2026-05-02T00:00:00+00:00,615.4,616.1,614.9,615.9,56.7483
2026-05-02T01:00:00+00:00,615.9,616.7,615.6,615.8,45.9117
2026-05-02T02:00:00+00:00,615.8,617.2,615.7,616.3,82.984
2026-05-02T03:00:00+00:00,616.3,617.0,615.5,616.2,199.1081
2026-05-02T04:00:00+00:00,616.2,616.3,614.5,615.1,203.9514
2026-05-02T05:00:00+00:00,615.1,615.7,614.1,615.2,110.1196
2026-05-02T06:00:00+00:00,615.2,616.2,614.7,616.2,74.3845
2026-05-02T07:00:00+00:00,616.2,616.4,615.1,615.7,95.5886
2026-05-02T08:00:00+00:00,615.7,616.3,615.1,615.8,82.1813
2026-05-02T09:00:00+00:00,615.8,616.0,615.2,615.6,60.936
2026-05-02T10:00:00+00:00,615.6,615.8,615.1,615.7,58.7491
2026-05-02T11:00:00+00:00,615.7,615.7,614.7,615.6,81.1679
2026-05-02T12:00:00+00:00,615.6,616.6,615.4,615.8,153.6291
2026-05-02T13:00:00+00:00,615.8,617.3,615.8,617.1,115.5022
2026-05-02T14:00:00+00:00,617.1,617.6,616.6,616.7,102.5314
2026-05-02T15:00:00+00:00,616.7,618.2,616.7,618.1,136.31753
2026-05-02T16:00:00+00:00,618.1,619.4,617.6,618.6,242.6727
2026-05-02T17:00:00+00:00,618.6,618.8,618.0,618.3,87.386
2026-05-02T18:00:00+00:00,618.3,619.2,617.6,618.7,131.6472
2026-05-02T19:00:00+00:00,618.7,618.9,618.1,618.9,121.0137
2026-05-02T20:00:00+00:00,618.9,619.0,618.4,618.7,91.982
2026-05-02T21:00:00+00:00,618.7,621.8,618.5,619.5,206.30096
2026-05-02T22:00:00+00:00,619.5,619.9,618.3,619.6,73.383
2026-05-02T23:00:00+00:00,619.6,619.6,617.7,618.0,61.52235
2026-05-03T00:00:00+00:00,618.0,618.5,617.0,617.6,77.5733
2026-05-03T01:00:00+00:00,617.6,617.7,615.6,615.9,149.09985
2026-05-03T02:00:00+00:00,615.9,616.2,615.0,615.6,64.8542
2026-05-03T03:00:00+00:00,615.6,616.5,615.2,616.2,73.7126
2026-05-03T04:00:00+00:00,616.2,616.4,615.3,615.5,47.1049
2026-05-03T05:00:00+00:00,615.5,617.5,615.5,617.1,125.6356
2026-05-03T06:00:00+00:00,617.1,617.3,615.4,617.0,105.1398
2026-05-03T07:00:00+00:00,617.0,618.4,616.6,616.9,149.94003
2026-05-03T08:00:00+00:00,616.9,617.9,616.8,617.7,130.7373
2026-05-03T09:00:00+00:00,617.7,619.5,617.6,618.8,174.7709
2026-05-03T10:00:00+00:00,618.8,618.9,617.7,617.7,124.246
2026-05-03T11:00:00+00:00,617.7,619.7,617.2,618.9,185.7407
2026-05-03T12:00:00+00:00,618.9,620.0,618.9,619.2,93.3197
2026-05-03T13:00:00+00:00,619.2,619.5,618.2,619.1,96.7656
2026-05-03T14:00:00+00:00,619.1,620.3,619.0,620.0,123.2065
2026-05-03T15:00:00+00:00,620.0,620.7,619.7,619.9,59.07116
2026-05-03T16:00:00+00:00,619.9,620.4,618.9,620.0,122.9742
2026-05-03T17:00:00+00:00,620.0,620.8,619.0,619.7,94.3673
2026-05-03T18:00:00+00:00,619.7,620.0,619.2,619.7,71.8384
2026-05-03T19:00:00+00:00,619.7,620.0,618.9,619.3,99.4435
2026-05-03T20:00:00+00:00,619.3,621.1,618.9,619.7,129.9412
2026-05-03T21:00:00+00:00,619.7,620.0,617.9,619.0,93.96995
2026-05-03T22:00:00+00:00,619.0,622.0,618.9,620.7,449.58933
2026-05-03T23:00:00+00:00,620.7,622.2,617.1,617.5,93.47343
2026-05-04T00:00:00+00:00,617.5,617.6,615.6,617.2,206.6754
2026-05-04T01:00:00+00:00,617.2,623.4,616.3,622.3,372.49107
2026-05-04T02:00:00+00:00,622.3,626.7,621.8,624.7,652.38629
2026-05-04T03:00:00+00:00,624.7,626.7,624.0,626.7,514.3722
2026-05-04T04:00:00+00:00,626.7,639.4,626.7,632.9,2563.33957
2026-05-04T05:00:00+00:00,632.9,634.7,632.0,633.5,752.4514
2026-05-04T06:00:00+00:00,633.5,634.3,627.2,628.6,678.98216
2026-05-04T07:00:00+00:00,628.6,629.6,627.8,628.4,146.1876
2026-05-04T08:00:00+00:00,628.4,629.1,627.5,628.2,153.2568
2026-05-04T09:00:00+00:00,628.2,631.0,627.8,630.5,164.3604
2026-05-04T10:00:00+00:00,630.5,630.6,620.0,623.8,928.79729
2026-05-04T11:00:00+00:00,623.8,624.5,622.5,622.9,179.8872
2026-05-04T12:00:00+00:00,622.9,623.6,622.1,622.4,99.83965
2026-05-04T13:00:00+00:00,622.4,624.6,621.2,623.3,334.8016
2026-05-04T14:00:00+00:00,623.3,628.5,621.6,627.3,1854.01719
2026-05-04T15:00:00+00:00,627.3,628.4,623.3,625.6,584.3468
2026-05-04T16:00:00+00:00,625.6,626.8,623.6,625.9,568.17613
2026-05-04T17:00:00+00:00,625.9,628.9,625.7,627.7,188.42159
2026-05-04T18:00:00+00:00,627.7,628.1,625.5,625.8,137.57145
2026-05-04T19:00:00+00:00,625.8,625.9,624.8,624.9,49.5109
2026-05-04T20:00:00+00:00,624.9,625.7,622.7,623.1,206.97565
2026-05-04T21:00:00+00:00,623.1,625.4,623.1,625.1,142.2436
2026-05-04T22:00:00+00:00,625.1,626.0,624.2,624.4,91.5036
2026-05-04T23:00:00+00:00,624.4,624.4,622.7,622.7,85.6897
2026-05-05T00:00:00+00:00,622.7,625.0,622.6,624.7,131.6978
2026-05-05T01:00:00+00:00,624.7,625.7,624.1,624.7,92.492
2026-05-05T02:00:00+00:00,624.7,626.8,624.4,625.1,176.97673
2026-05-05T03:00:00+00:00,625.1,628.2,624.8,627.9,267.6044
2026-05-05T04:00:00+00:00,627.9,627.9,626.0,626.2,181.8138
2026-05-05T05:00:00+00:00,626.2,628.6,625.9,628.2,148.7919
2026-05-05T06:00:00+00:00,628.2,628.4,626.3,627.2,152.6781
2026-05-05T07:00:00+00:00,627.2,628.9,626.9,627.7,162.158
2026-05-05T08:00:00+00:00,627.7,629.0,627.3,627.5,163.2609
2026-05-05T09:00:00+00:00,627.5,627.6,626.1,627.2,160.3114
2026-05-05T10:00:00+00:00,627.2,629.1,626.7,628.5,378.64293
2026-05-05T11:00:00+00:00,628.5,629.4,628.2,628.9,501.4826
2026-05-05T12:00:00+00:00,628.9,630.6,628.2,630.1,304.66933
2026-05-05T13:00:00+00:00,630.1,634.1,630.1,631.2,777.93066
2026-05-05T14:00:00+00:00,631.2,631.6,628.5,630.7,468.46465
2026-05-05T15:00:00+00:00,630.7,632.3,630.2,631.1,160.32663
2026-05-05T16:00:00+00:00,631.1,632.0,628.8,629.3,267.2713
2026-05-05T17:00:00+00:00,629.3,629.5,627.9,629.1,354.061
2026-05-05T18:00:00+00:00,629.1,630.6,628.9,630.4,210.8222
2026-05-05T19:00:00+00:00,630.4,632.5,630.2,631.8,498.951
2026-05-05T20:00:00+00:00,631.8,634.5,631.6,633.2,314.21869
2026-05-05T21:00:00+00:00,633.2,635.1,631.7,633.5,478.013
2026-05-05T22:00:00+00:00,633.5,634.8,630.3,632.1,786.33661
2026-05-05T23:00:00+00:00,632.1,632.4,629.9,630.6,181.92895
2026-05-06T00:00:00+00:00,630.6,631.9,629.1,631.2,461.1887
2026-05-06T01:00:00+00:00,631.2,634.6,630.7,634.5,476.97936
2026-05-06T02:00:00+00:00,634.5,635.1,632.9,634.4,340.3523
2026-05-06T03:00:00+00:00,634.4,636.0,631.4,635.2,705.96005
2026-05-06T04:00:00+00:00,635.2,636.4,633.6,634.8,448.7673
2026-05-06T05:00:00+00:00,634.8,635.1,633.0,635.1,239.46385
2026-05-06T06:00:00+00:00,635.1,636.4,634.7,636.1,451.1357
2026-05-06T07:00:00+00:00,636.1,640.8,635.9,638.2,670.49683
2026-05-06T08:00:00+00:00,638.2,646.9,638.1,646.3,1292.54965
2026-05-06T09:00:00+00:00,646.3,648.1,643.6,647.2,1435.96103
2026-05-06T10:00:00+00:00,647.2,648.5,645.3,645.8,909.60405
2026-05-06T11:00:00+00:00,645.8,652.8,645.5,652.7,1452.91168
2026-05-06T12:00:00+00:00,652.7,664.3,651.5,657.2,2568.71233
2026-05-06T13:00:00+00:00,657.2,657.3,645.9,647.6,997.59535
2026-05-06T14:00:00+00:00,647.6,650.3,643.3,647.3,744.98591
2026-05-06T15:00:00+00:00,647.3,649.5,646.7,648.6,193.4287
2026-05-06T16:00:00+00:00,648.6,650.9,646.3,649.6,865.3037
2026-05-06T17:00:00+00:00,649.6,650.8,648.0,648.7,623.9175
2026-05-06T18:00:00+00:00,648.7,650.5,647.6,650.2,418.85963
2026-05-06T19:00:00+00:00,650.2,651.2,648.9,650.7,99.8961
2026-05-06T20:00:00+00:00,650.7,651.7,647.6,648.7,92.08365
2026-05-06T21:00:00+00:00,648.7,650.6,647.5,649.7,140.46813
2026-05-06T22:00:00+00:00,649.7,650.1,646.8,647.0,105.38855
2026-05-06T23:00:00+00:00,647.0,647.9,644.6,647.7,130.7726
2026-05-07T00:00:00+00:00,647.7,649.8,644.7,644.8,313.96338
2026-05-07T01:00:00+00:00,644.8,645.7,641.9,645.1,469.45295
2026-05-07T02:00:00+00:00,645.1,645.3,642.1,644.1,356.2196
2026-05-07T03:00:00+00:00,644.1,644.8,641.7,642.8,414.8509
2026-05-07T04:00:00+00:00,642.8,644.4,642.2,644.3,271.1431
2026-05-07T05:00:00+00:00,644.3,647.2,644.3,647.2,233.0312
2026-05-07T06:00:00+00:00,647.2,648.4,645.0,648.4,294.9863
2026-05-07T07:00:00+00:00,648.4,653.7,647.6,652.1,803.05505
2026-05-07T08:00:00+00:00,652.1,653.3,649.4,651.2,602.0701
2026-05-07T09:00:00+00:00,651.2,651.2,647.6,649.0,425.73045
2026-05-07T10:00:00+00:00,649.0,649.8,646.2,647.9,221.93673
2026-05-07T11:00:00+00:00,647.9,649.4,646.6,648.2,239.7599
2026-05-07T12:00:00+00:00,648.2,651.1,647.5,650.8,189.7402
2026-05-07T13:00:00+00:00,650.8,650.8,645.3,646.9,360.7694
2026-05-07T14:00:00+00:00,646.9,647.3,640.8,642.3,561.17154
2026-05-07T15:00:00+00:00,642.3,644.1,639.2,642.4,392.81172
2026-05-07T16:00:00+00:00,642.4,643.7,639.4,641.6,365.23723
2026-05-07T17:00:00+00:00,641.6,643.7,639.6,643.6,226.2547
2026-05-07T18:00:00+00:00,643.6,644.6,642.1,643.3,85.65973
2026-05-07T19:00:00+00:00,643.3,644.1,641.9,643.5,131.4625
2026-05-07T20:00:00+00:00,643.5,645.3,643.3,643.3,228.3195
2026-05-07T21:00:00+00:00,643.3,643.9,641.3,642.7,283.24453
2026-05-07T22:00:00+00:00,642.7,642.7,633.7,635.6,1330.73051
2026-05-07T23:00:00+00:00,635.6,637.5,634.3,637.2,213.39366
2026-05-08T00:00:00+00:00,637.2,639.0,636.4,637.7,530.6535
2026-05-08T01:00:00+00:00,637.7,638.5,636.1,638.0,153.523
2026-05-08T02:00:00+00:00,638.0,639.8,635.3,638.6,241.10163
2026-05-08T03:00:00+00:00,638.6,640.5,636.8,639.7,154.84558
2026-05-08T04:00:00+00:00,639.7,641.0,638.1,639.9,396.6533
2026-05-08T05:00:00+00:00,639.9,640.2,638.0,638.0,192.6852
2026-05-08T06:00:00+00:00,638.0,638.4,634.5,636.6,450.3983
2026-05-08T07:00:00+00:00,636.6,637.2,634.8,636.8,345.9065
2026-05-08T08:00:00+00:00,636.8,638.3,635.9,638.2,431.74293
2026-05-08T09:00:00+00:00,638.2,639.7,637.4,638.4,143.77773
2026-05-08T10:00:00+00:00,638.4,640.1,637.7,639.6,197.9513
2026-05-08T11:00:00+00:00,639.6,641.5,639.6,641.1,307.7643
2026-05-08T12:00:00+00:00,641.1,641.2,639.2,639.7,158.5059
2026-05-08T13:00:00+00:00,639.7,640.0,637.5,638.7,169.3269
2026-05-08T14:00:00+00:00,638.7,642.7,638.7,642.2,215.77888
2026-05-08T15:00:00+00:00,642.2,644.2,639.4,643.9,161.56788
2026-05-08T16:00:00+00:00,643.9,644.2,642.5,642.5,140.2875
2026-05-08T17:00:00+00:00,642.5,647.1,642.3,645.6,371.33329
2026-05-08T18:00:00+00:00,645.6,649.5,645.6,647.8,502.26424
2026-05-08T19:00:00+00:00,647.8,648.8,647.0,648.1,109.2153
2026-05-08T20:00:00+00:00,648.1,648.9,646.0,646.8,357.6637
2026-05-08T21:00:00+00:00,646.8,650.3,646.5,650.3,144.5128
2026-05-08T22:00:00+00:00,650.3,651.6,650.1,650.2,194.12165
2026-05-08T23:00:00+00:00,650.2,650.4,647.8,649.4,197.05385
2026-05-09T00:00:00+00:00,649.4,652.5,649.0,651.9,238.71169
2026-05-09T01:00:00+00:00,651.9,656.0,651.9,654.6,303.28562
2026-05-09T02:00:00+00:00,654.6,655.1,653.6,654.2,112.0434
2026-05-09T03:00:00+00:00,654.2,654.8,652.8,653.6,295.408
2026-05-09T04:00:00+00:00,653.6,655.9,652.9,653.2,295.6518
2026-05-09T05:00:00+00:00,653.2,653.2,651.1,651.3,106.13445
2026-05-09T06:00:00+00:00,651.3,652.0,650.0,651.5,156.18715
2026-05-09T07:00:00+00:00,651.5,651.7,649.0,650.0,210.7118
2026-05-09T08:00:00+00:00,650.0,651.0,649.8,650.6,130.5925
2026-05-09T09:00:00+00:00,650.6,651.1,648.6,649.9,248.8131
2026-05-09T10:00:00+00:00,649.9,649.9,648.5,649.2,129.0258
2026-05-09T11:00:00+00:00,649.2,650.7,649.1,650.2,104.0965
2026-05-09T12:00:00+00:00,650.2,650.7,649.2,649.9,197.8409
2026-05-09T13:00:00+00:00,649.9,650.0,648.5,649.4,242.9757
2026-05-09T14:00:00+00:00,649.4,649.6,646.9,647.0,138.70835
2026-05-09T15:00:00+00:00,647.0,648.7,646.3,647.6,183.3597
2026-05-09T16:00:00+00:00,647.6,649.8,647.0,648.4,120.295
2026-05-09T17:00:00+00:00,648.4,650.6,648.4,650.0,158.2795
2026-05-09T18:00:00+00:00,650.0,651.9,649.9,651.1,108.6528
2026-05-09T19:00:00+00:00,651.1,651.3,650.5,651.2,81.4496
2026-05-09T20:00:00+00:00,651.2,651.4,650.0,650.7,113.9761
2026-05-09T21:00:00+00:00,650.7,652.4,650.7,651.4,235.23233
2026-05-09T22:00:00+00:00,651.4,652.3,650.5,651.0,81.1883
2026-05-09T23:00:00+00:00,651.0,651.6,649.6,649.8,43.85555
2026-05-10T00:00:00+00:00,649.8,650.5,646.6,646.9,259.5757
2026-05-10T01:00:00+00:00,646.9,647.0,644.3,646.6,2358.90643
2026-05-10T02:00:00+00:00,646.6,647.8,645.5,647.5,87.3931
2026-05-10T03:00:00+00:00,647.5,648.7,646.9,647.7,99.9229
2026-05-10T04:00:00+00:00,647.7,648.6,647.3,647.9,52.748
2026-05-10T05:00:00+00:00,647.9,648.7,647.5,648.5,53.1685
2026-05-10T06:00:00+00:00,648.5,648.8,647.3,648.4,105.52
2026-05-10T07:00:00+00:00,648.4,649.3,647.8,648.3,71.7018
2026-05-10T08:00:00+00:00,648.3,650.7,648.0,650.4,180.52803
2026-05-10T09:00:00+00:00,650.4,651.8,649.6,651.4,387.4818
2026-05-10T10:00:00+00:00,651.4,651.6,649.8,650.9,106.818
2026-05-10T11:00:00+00:00,650.9,651.4,647.9,649.6,286.13015
2026-05-10T12:00:00+00:00,649.6,649.6,648.4,649.5,71.99
2026-05-10T13:00:00+00:00,649.5,651.6,649.3,651.2,87.19213
2026-05-10T14:00:00+00:00,651.2,652.5,650.2,651.7,159.41453
2026-05-10T15:00:00+00:00,651.7,656.3,651.7,655.4,232.90323
2026-05-10T16:00:00+00:00,655.4,657.6,654.4,657.2,359.22973
2026-05-10T17:00:00+00:00,657.2,661.1,656.2,660.6,732.19478
2026-05-10T18:00:00+00:00,660.6,662.2,659.4,660.7,281.7442
2026-05-10T19:00:00+00:00,660.7,662.5,658.9,661.2,352.57903
2026-05-10T20:00:00+00:00,661.2,663.0,648.7,651.6,598.99456
2026-05-10T21:00:00+00:00,651.6,654.6,650.8,652.6,302.14153
2026-05-10T22:00:00+00:00,652.6,666.5,651.9,665.7,1151.9534
2026-05-10T23:00:00+00:00,665.7,666.8,663.2,663.6,284.4894
2026-05-11T00:00:00+00:00,663.6,664.8,656.5,657.9,287.40948
2026-05-11T01:00:00+00:00,657.9,660.4,655.6,657.1,313.64208
2026-05-11T02:00:00+00:00,657.1,657.9,654.0,655.3,154.57571
2026-05-11T03:00:00+00:00,655.3,655.3,650.1,651.7,277.58663
2026-05-11T04:00:00+00:00,651.7,653.1,650.6,652.1,134.3039
2026-05-11T05:00:00+00:00,652.1,653.7,651.2,652.9,249.0382
2026-05-11T06:00:00+00:00,652.9,654.0,650.7,651.4,284.2607
2026-05-11T07:00:00+00:00,651.4,651.4,650.0,650.5,276.45264
2026-05-11T08:00:00+00:00,650.5,652.0,649.2,651.1,208.6246
2026-05-11T09:00:00+00:00,651.1,653.1,650.9,652.9,210.95523
2026-05-11T10:00:00+00:00,652.9,654.7,652.8,653.8,172.08353
2026-05-11T11:00:00+00:00,653.8,655.9,653.2,655.9,89.2925
2026-05-11T12:00:00+00:00,655.9,656.5,654.2,654.6,216.8329
2026-05-11T13:00:00+00:00,654.6,656.5,651.3,654.5,536.2715
2026-05-11T14:00:00+00:00,654.5,656.2,651.6,656.1,412.71148
2026-05-11T15:00:00+00:00,656.1,661.4,655.6,661.3,340.49162
2026-05-11T16:00:00+00:00,661.3,663.3,659.8,661.6,293.77759
2026-05-11T17:00:00+00:00,661.6,663.0,659.5,662.4,138.9551
2026-05-11T18:00:00+00:00,662.4,663.4,661.4,661.5,263.6771
2026-05-11T19:00:00+00:00,661.5,663.4,660.8,663.1,593.589
2026-05-11T20:00:00+00:00,663.1,663.7,660.84,662.5,226.95002
2026-05-11T21:00:00+00:00,662.5,664.2,662.3,663.8,376.3891
2026-05-11T22:00:00+00:00,663.8,671.4,662.9,670.0,694.35466
2026-05-11T23:00:00+00:00,670.0,673.1,668.2,670.5,301.45434
2026-05-12T00:00:00+00:00,670.5,671.4,667.4,668.7,149.1378
2026-05-12T01:00:00+00:00,668.7,669.6,659.2,663.5,424.59646
2026-05-12T02:00:00+00:00,663.5,665.1,661.4,662.8,279.419
2026-05-12T03:00:00+00:00,662.8,663.5,660.9,661.9,129.9774
2026-05-12T04:00:00+00:00,661.9,664.1,661.0,662.5,228.8642
2026-05-12T05:00:00+00:00,662.5,664.1,662.4,662.4,143.2701
2026-05-12T06:00:00+00:00,662.4,663.4,659.8,660.1,182.68295
2026-05-12T07:00:00+00:00,660.1,660.9,657.7,658.5,349.4272
2026-05-12T08:00:00+00:00,658.5,660.2,657.5,659.4,236.512
2026-05-12T09:00:00+00:00,659.4,661.9,658.4,661.8,314.1448
2026-05-12T10:00:00+00:00,661.8,662.4,660.1,661.4,259.7829
2026-05-12T11:00:00+00:00,661.4,663.3,660.6,663.3,227.46053
2026-05-12T12:00:00+00:00,663.3,664.7,661.2,661.6,305.68362
2026-05-12T13:00:00+00:00,661.6,662.8,656.1,656.9,660.37066
2026-05-12T14:00:00+00:00,656.9,658.6,652.4,653.8,1793.59431
2026-05-12T15:00:00+00:00,653.8,655.9,650.4,652.0,811.10734
2026-05-12T16:00:00+00:00,652.0,653.8,650.5,651.8,600.867
2026-05-12T17:00:00+00:00,651.8,656.7,651.7,656.3,247.03996
2026-05-12T18:00:00+00:00,656.3,660.7,656.1,660.3,224.45434
2026-05-12T19:00:00+00:00,660.3,663.3,660.3,662.9,281.38191
2026-05-12T20:00:00+00:00,662.9,665.6,662.8,665.2,195.80145
2026-05-12T21:00:00+00:00,665.2,667.2,664.6,665.2,235.32959
2026-05-12T22:00:00+00:00,665.2,668.1,665.2,666.2,291.62617
2026-05-12T23:00:00+00:00,666.2,666.5,664.1,664.9,345.08925
2026-05-13T00:00:00+00:00,664.9,668.1,664.4,667.8,167.5729
2026-05-13T01:00:00+00:00,667.8,679.9,666.9,678.4,1062.00572
2026-05-13T02:00:00+00:00,678.4,680.9,677.9,680.3,358.13986
2026-05-13T03:00:00+00:00,680.3,683.1,679.8,681.0,443.736
2026-05-13T04:00:00+00:00,681.0,682.3,676.7,679.8,318.82303
2026-05-13T05:00:00+00:00,679.8,681.2,677.6,678.3,269.1372
2026-05-13T06:00:00+00:00,678.3,678.9,675.9,676.4,442.3495
2026-05-13T07:00:00+00:00,676.4,679.0,676.0,679.0,193.2165
2026-05-13T08:00:00+00:00,679.0,682.9,678.3,682.8,270.16716
2026-05-13T09:00:00+00:00,682.8,685.7,681.7,685.1,530.00889
2026-05-13T10:00:00+00:00,685.1,685.4,680.3,680.4,334.9656
2026-05-13T11:00:00+00:00,680.4,680.8,677.4,678.5,361.58658
2026-05-13T12:00:00+00:00,678.5,680.3,669.0,672.6,744.94387
2026-05-13T13:00:00+00:00,672.6,674.8,666.9,667.4,752.57554
2026-05-13T14:00:00+00:00,667.4,673.2,665.4,671.9,860.88531
2026-05-13T15:00:00+00:00,671.9,673.7,663.7,664.0,646.90024
2026-05-13T16:00:00+00:00,664.0,670.2,664.0,670.0,591.42423
2026-05-13T17:00:00+00:00,670.0,671.3,669.0,670.8,173.1192
2026-05-13T18:00:00+00:00,670.8,674.7,670.7,671.6,254.32048
2026-05-13T19:00:00+00:00,671.6,671.9,669.0,671.3,194.80545
2026-05-13T20:00:00+00:00,671.3,672.5,670.7,672.4,115.90383
2026-05-13T21:00:00+00:00,672.4,672.4,668.9,669.2,308.57815
2026-05-13T22:00:00+00:00,669.2,672.2,668.1,672.0,125.42716
2026-05-13T23:00:00+00:00,672.0,673.7,671.1,671.5,141.14768
2026-05-14T00:00:00+00:00,671.5,677.4,671.4,675.1,230.89543
2026-05-14T01:00:00+00:00,675.1,676.4,674.0,675.5,158.9101
2026-05-14T02:00:00+00:00,675.5,675.6,669.3,669.7,149.0437
2026-05-14T03:00:00+00:00,669.7,671.54,665.2,665.7,873.22551
2026-05-14T04:00:00+00:00,665.7,668.4,665.3,667.3,741.1034
2026-05-14T05:00:00+00:00,667.3,671.5,666.9,669.8,858.17643
2026-05-14T06:00:00+00:00,669.8,671.5,668.7,670.2,875.4228
2026-05-14T07:00:00+00:00,670.2,672.0,668.3,669.2,426.77188
2026-05-14T08:00:00+00:00,669.2,673.4,668.6,673.0,300.23463
2026-05-14T09:00:00+00:00,673.0,673.4,669.5,670.6,324.3077
2026-05-14T10:00:00+00:00,670.6,673.4,670.4,673.2,255.4775
2026-05-14T11:00:00+00:00,673.2,673.9,670.7,670.8,257.03203
2026-05-14T12:00:00+00:00,670.8,678.4,670.6,678.3,347.3055
2026-05-14T13:00:00+00:00,678.3,678.5,673.7,674.2,338.02995
2026-05-14T14:00:00+00:00,674.2,680.3,674.0,678.2,843.95714
2026-05-14T15:00:00+00:00,678.2,680.7,676.4,680.0,353.64745
2026-05-14T16:00:00+00:00,680.0,682.7,678.5,682.4,341.45599
2026-05-14T17:00:00+00:00,682.4,687.5,680.8,681.9,726.31706
2026-05-14T18:00:00+00:00,681.9,685.1,680.4,682.5,358.68963
2026-05-14T19:00:00+00:00,682.5,683.2,679.3,680.1,168.36968
2026-05-14T20:00:00+00:00,680.1,680.6,678.1,680.4,120.58444
2026-05-14T21:00:00+00:00,680.4,681.5,679.4,681.3,118.5937
2026-05-14T22:00:00+00:00,681.3,681.9,680.4,680.8,57.7036
2026-05-14T23:00:00+00:00,680.8,680.8,677.4,678.4,133.29805
2026-05-15T00:00:00+00:00,678.4,686.3,678.1,683.6,3741.20011
2026-05-15T01:00:00+00:00,683.6,685.0,679.7,679.8,272.6108
2026-05-15T02:00:00+00:00,679.8,680.8,677.5,679.9,292.41568
2026-05-15T03:00:00+00:00,679.9,684.0,678.8,681.9,722.73823
2026-05-15T04:00:00+00:00,681.9,682.0,678.3,678.4,149.29575
2026-05-15T05:00:00+00:00,678.4,679.7,673.9,676.3,502.67803
2026-05-15T06:00:00+00:00,676.3,683.6,675.8,683.2,338.3737
2026-05-15T07:00:00+00:00,683.2,689.3,681.4,684.6,565.40615
2026-05-15T08:00:00+00:00,684.6,687.3,682.8,685.8,310.96833
2026-05-15T09:00:00+00:00,685.8,686.0,681.7,683.0,447.30625
2026-05-15T10:00:00+00:00,683.0,690.1,682.3,689.2,335.72884
2026-05-15T11:00:00+00:00,689.2,689.6,685.6,686.6,543.74985
2026-05-15T12:00:00+00:00,686.6,686.8,682.1,682.8,243.21195
2026-05-15T13:00:00+00:00,682.8,682.8,670.4,671.3,864.53375
2026-05-15T14:00:00+00:00,671.3,676.6,669.9,676.0,809.84076
2026-05-15T15:00:00+00:00,676.0,676.4,669.0,671.6,338.66128
2026-05-15T16:00:00+00:00,671.6,675.3,671.2,674.6,138.67983
2026-05-15T17:00:00+00:00,674.6,676.9,674.5,675.3,179.44813
2026-05-15T18:00:00+00:00,675.3,676.5,673.2,674.5,47.44325
2026-05-15T19:00:00+00:00,674.5,675.4,672.3,674.0,60.9651
2026-05-15T20:00:00+00:00,674.0,674.4,672.1,673.6,137.644
2026-05-15T21:00:00+00:00,673.6,674.6,671.7,672.1,79.3819
2026-05-15T22:00:00+00:00,672.1,673.7,671.9,673.5,124.0772
2026-05-15T23:00:00+00:00,673.5,673.7,671.2,672.5,131.71615
2026-05-16T00:00:00+00:00,672.5,675.0,671.9,672.1,260.93373
2026-05-16T01:00:00+00:00,672.1,673.5,670.3,670.4,196.7061
2026-05-16T02:00:00+00:00,670.4,671.2,667.3,668.7,903.21137
2026-05-16T03:00:00+00:00,668.7,669.0,664.8,665.2,358.79303
2026-05-16T04:00:00+00:00,665.2,665.2,660.7,662.6,586.38611
2026-05-16T05:00:00+00:00,662.6,664.9,661.5,664.3,401.27473
2026-05-16T06:00:00+00:00,664.3,664.9,659.4,660.3,487.85003
2026-05-16T07:00:00+00:00,660.3,661.2,656.2,660.6,505.31449
2026-05-16T08:00:00+00:00,660.6,661.7,659.5,661.6,327.6366
2026-05-16T09:00:00+00:00,661.6,661.8,651.2,652.4,1547.7088
2026-05-16T10:00:00+00:00,652.4,654.4,650.7,654.0,696.3522
2026-05-16T11:00:00+00:00,654.0,656.0,654.0,654.1,225.748
2026-05-16T12:00:00+00:00,654.1,654.6,652.8,653.4,184.5777
2026-05-16T13:00:00+00:00,653.4,653.5,651.9,652.0,259.76295
2026-05-16T14:00:00+00:00,652.0,655.0,651.0,653.0,537.54293
2026-05-16T15:00:00+00:00,653.0,657.6,652.9,655.0,554.53023
2026-05-16T16:00:00+00:00,655.0,657.0,654.8,656.7,257.7955
2026-05-16T17:00:00+00:00,656.7,657.3,654.9,655.7,316.3634
2026-05-16T18:00:00+00:00,655.7,658.2,655.3,657.8,238.8532
2026-05-16T19:00:00+00:00,657.8,657.8,655.8,656.1,131.23
2026-05-16T20:00:00+00:00,656.1,657.5,655.9,656.6,97.7043
2026-05-16T21:00:00+00:00,656.6,657.5,656.1,657.2,112.8204
2026-05-16T22:00:00+00:00,657.2,657.4,656.2,656.5,94.3948
2026-05-16T23:00:00+00:00,656.5,657.0,655.9,656.2,79.7316
2026-05-17T00:00:00+00:00,656.2,657.2,650.9,651.8,3366.31813
2026-05-17T01:00:00+00:00,651.8,653.9,649.8,650.6,479.03515
2026-05-17T02:00:00+00:00,650.6,652.2,650.5,651.2,312.7961
2026-05-17T03:00:00+00:00,651.2,653.8,651.2,652.6,188.36693
2026-05-17T04:00:00+00:00,652.6,654.8,652.3,654.6,174.5228
2026-05-17T05:00:00+00:00,654.6,656.1,654.6,655.0,141.5258
2026-05-17T06:00:00+00:00,655.0,655.8,654.4,655.1,141.4093
2026-05-17T07:00:00+00:00,655.1,655.7,654.4,655.0,142.8447
2026-05-17T08:00:00+00:00,655.0,655.3,653.7,654.0,1160.9157
2026-05-17T09:00:00+00:00,654.0,654.6,650.2,653.1,216.38685
2026-05-17T10:00:00+00:00,653.1,655.4,653.1,654.7,137.14893
2026-05-17T11:00:00+00:00,654.7,655.4,653.6,655.0,86.2729
2026-05-17T12:00:00+00:00,655.0,657.4,653.7,656.4,485.82343
2026-05-17T13:00:00+00:00,656.4,656.4,653.0,653.6,209.33915
2026-05-17T14:00:00+00:00,653.6,653.6,650.5,652.1,202.8943
2026-05-17T15:00:00+00:00,652.1,652.8,650.9,652.2,291.1276
2026-05-17T16:00:00+00:00,652.2,653.5,651.3,651.7,185.4874
2026-05-17T17:00:00+00:00,651.7,652.0,650.0,651.7,205.86115
2026-05-17T18:00:00+00:00,651.7,653.4,650.7,653.4,147.78483
2026-05-17T19:00:00+00:00,653.4,656.3,653.4,656.0,94.63463
2026-05-17T20:00:00+00:00,656.0,656.2,653.8,654.6,45.7527
2026-05-17T21:00:00+00:00,654.6,657.6,654.1,657.0,110.9574
2026-05-17T22:00:00+00:00,657.0,657.0,652.9,653.7,159.6188
2026-05-17T23:00:00+00:00,653.7,653.7,639.2,649.2,2165.04933
2026-05-18T00:00:00+00:00,649.2,649.5,644.9,646.2,254.8314
2026-05-18T01:00:00+00:00,646.2,646.6,642.2,646.2,167.15928
2026-05-18T02:00:00+00:00,646.2,648.1,644.0,644.5,396.41038
2026-05-18T03:00:00+00:00,644.5,645.8,643.1,643.4,188.67065
2026-05-18T04:00:00+00:00,643.4,644.5,641.0,643.8,1121.03876
2026-05-18T05:00:00+00:00,643.8,644.4,641.58,641.7,139.93105
2026-05-18T06:00:00+00:00,641.7,642.5,637.4,640.6,616.08542
2026-05-18T07:00:00+00:00,640.6,642.2,638.9,641.8,177.84063
2026-05-18T08:00:00+00:00,641.8,642.1,638.5,640.0,785.61505
2026-05-18T09:00:00+00:00,640.0,640.6,638.8,639.3,182.1632
2026-05-18T10:00:00+00:00,639.3,639.4,637.4,638.3,134.5565
2026-05-18T11:00:00+00:00,638.3,643.5,637.5,641.7,192.09193
2026-05-18T12:00:00+00:00,641.7,645.3,641.7,643.3,268.34486
2026-05-18T13:00:00+00:00,643.3,643.3,637.8,639.8,355.0926
2026-05-18T14:00:00+00:00,639.8,639.9,635.16,636.8,420.76919
2026-05-18T15:00:00+00:00,636.8,637.6,634.2,637.0,369.90811
2026-05-18T16:00:00+00:00,637.0,640.1,635.7,639.4,545.97503
2026-05-18T17:00:00+00:00,639.4,641.0,638.7,640.4,159.1306
2026-05-18T18:00:00+00:00,640.4,640.5,636.0,637.7,243.92135
2026-05-18T19:00:00+00:00,637.7,644.9,637.6,644.6,341.95274
2026-05-18T20:00:00+00:00,644.6,645.5,642.1,642.8,153.57493
2026-05-18T21:00:00+00:00,642.8,646.0,641.9,645.6,186.87886
2026-05-18T22:00:00+00:00,645.6,646.4,644.0,645.0,182.6129
2026-05-18T23:00:00+00:00,645.0,645.7,643.0,643.6,108.973
2026-05-19T00:00:00+00:00,643.6,647.0,643.4,645.8,161.02203
2026-05-19T01:00:00+00:00,645.8,646.0,643.0,643.0,116.98765
2026-05-19T02:00:00+00:00,643.0,644.6,641.2,641.9,270.78978
2026-05-19T03:00:00+00:00,641.9,644.6,641.4,642.9,159.89078
2026-05-19T04:00:00+00:00,642.9,644.6,641.7,643.3,94.7533
2026-05-19T05:00:00+00:00,643.3,643.8,640.8,643.8,156.17208
2026-05-19T06:00:00+00:00,643.8,645.2,643.1,644.3,115.7142
2026-05-19T07:00:00+00:00,644.3,646.2,643.1,645.9,202.82713
2026-05-19T08:00:00+00:00,645.9,645.9,641.9,642.3,208.80785
2026-05-19T09:00:00+00:00,642.3,642.6,639.8,640.6,190.15105
2026-05-19T10:00:00+00:00,640.6,641.1,638.0,640.2,333.45521
2026-05-19T11:00:00+00:00,640.2,640.9,638.5,639.9,292.7263
2026-05-19T12:00:00+00:00,639.9,641.7,639.5,641.6,190.4797
2026-05-19T13:00:00+00:00,641.6,642.2,638.8,640.2,236.07333
2026-05-19T14:00:00+00:00,640.2,641.3,636.3,638.2,411.22372
2026-05-19T15:00:00+00:00,638.2,640.4,637.7,638.6,171.77543
2026-05-19T16:00:00+00:00,638.6,640.9,637.9,640.7,128.5847
2026-05-19T17:00:00+00:00,640.7,641.5,639.6,640.6,167.563
2026-05-19T18:00:00+00:00,640.6,641.1,639.3,640.3,95.4617
2026-05-19T19:00:00+00:00,640.3,641.8,639.3,639.8,63.74798
2026-05-19T20:00:00+00:00,639.8,641.3,639.8,641.2,106.1738
2026-05-19T21:00:00+00:00,641.2,641.7,640.3,640.3,111.50563
2026-05-19T22:00:00+00:00,640.3,640.3,637.8,638.6,54.858
2026-05-19T23:00:00+00:00,638.6,641.3,638.1,640.0,77.9301
2026-05-20T00:00:00+00:00,640.0,640.1,637.7,639.4,108.0095
2026-05-20T01:00:00+00:00,639.4,640.8,637.8,640.0,63.3152
2026-05-20T02:00:00+00:00,640.0,640.6,638.3,639.1,278.2055
2026-05-20T03:00:00+00:00,639.1,640.5,638.1,640.1,107.781
2026-05-20T04:00:00+00:00,640.1,640.7,638.4,639.7,43.3557
2026-05-20T05:00:00+00:00,639.7,643.5,639.7,642.7,224.47533
2026-05-20T06:00:00+00:00,642.7,643.8,641.6,643.7,291.0173
2026-05-20T07:00:00+00:00,643.7,645.0,643.1,643.4,150.45727
2026-05-20T08:00:00+00:00,643.4,645.3,643.2,644.4,251.9838
2026-05-20T09:00:00+00:00,644.4,645.1,643.8,644.4,214.4456
2026-05-20T10:00:00+00:00,644.4,645.3,643.6,643.8,491.2023
2026-05-20T11:00:00+00:00,643.8,644.1,642.2,643.3,92.3712
2026-05-20T12:00:00+00:00,643.3,646.1,643.0,645.0,134.44779
2026-05-20T13:00:00+00:00,645.0,645.2,641.8,643.2,453.84975
2026-05-20T14:00:00+00:00,643.2,649.2,641.5,647.9,2050.50758
2026-05-20T15:00:00+00:00,647.9,649.8,646.7,648.7,400.89709
2026-05-20T16:00:00+00:00,648.7,649.6,646.0,648.9,183.1217
2026-05-20T17:00:00+00:00,648.9,651.2,647.7,649.6,276.2855
2026-05-20T18:00:00+00:00,649.6,650.0,648.4,648.8,122.9878
2026-05-20T19:00:00+00:00,648.8,650.8,648.0,650.5,278.284
2026-05-20T20:00:00+00:00,650.5,651.5,648.6,651.1,250.2465
2026-05-20T21:00:00+00:00,651.1,651.7,649.3,649.3,84.2522
2026-05-20T22:00:00+00:00,649.3,649.3,647.2,648.6,79.85715
2026-05-20T23:00:00+00:00,648.6,649.6,647.4,649.4,127.1168
2026-05-21T00:00:00+00:00,649.4,653.9,649.3,653.7,344.14918
2026-05-21T01:00:00+00:00,653.7,654.7,652.3,653.1,223.28963
2026-05-21T02:00:00+00:00,653.1,655.3,652.3,653.8,110.55926
2026-05-21T03:00:00+00:00,653.8,655.5,653.1,654.8,176.0876
2026-05-21T04:00:00+00:00,654.8,655.5,653.5,654.5,134.9868
2026-05-21T05:00:00+00:00,654.5,655.4,652.0,653.0,135.7975
2026-05-21T06:00:00+00:00,653.0,653.2,650.4,651.5,195.1021
2026-05-21T07:00:00+00:00,651.5,653.1,650.8,652.8,434.3508
2026-05-21T08:00:00+00:00,652.8,656.0,652.8,655.0,191.62923
2026-05-21T09:00:00+00:00,655.0,655.5,653.0,653.4,148.0408
2026-05-21T10:00:00+00:00,653.4,653.9,648.0,648.3,386.9971
2026-05-21T11:00:00+00:00,648.3,649.6,647.4,647.8,166.08015
2026-05-21T12:00:00+00:00,647.8,650.3,647.6,649.7,159.61513
2026-05-21T13:00:00+00:00,649.7,650.8,646.3,649.5,413.94938
2026-05-21T14:00:00+00:00,649.5,651.2,647.8,648.8,405.47791
2026-05-21T15:00:00+00:00,648.8,653.2,648.7,652.2,264.70512
2026-05-21T16:00:00+00:00,652.2,653.4,650.3,651.0,218.1523
2026-05-21T17:00:00+00:00,651.0,659.7,650.9,657.8,597.67599
2026-05-21T18:00:00+00:00,657.8,659.3,654.5,655.9,1351.58155
2026-05-21T19:00:00+00:00,655.9,658.6,655.9,658.0,319.7627
2026-05-21T20:00:00+00:00,658.0,658.5,657.1,657.4,84.106
2026-05-21T21:00:00+00:00,657.4,659.0,657.4,657.5,124.5318
2026-05-21T22:00:00+00:00,657.5,658.2,656.3,657.0,128.0488
2026-05-21T23:00:00+00:00,657.0,658.7,656.4,658.7,225.52403
2026-05-22T00:00:00+00:00,658.7,659.1,657.1,657.1,307.9823
2026-05-22T01:00:00+00:00,657.1,660.5,656.2,659.4,222.98097
2026-05-22T02:00:00+00:00,659.4,661.0,658.8,660.5,474.37207
2026-05-22T03:00:00+00:00,660.5,661.5,659.4,659.7,146.1689
2026-05-22T04:00:00+00:00,659.7,660.5,658.5,659.2,234.48835
2026-05-22T05:00:00+00:00,659.2,659.2,656.7,657.1,224.9877
2026-05-22T06:00:00+00:00,657.1,657.8,656.0,656.1,145.22465
2026-05-22T07:00:00+00:00,656.1,659.9,655.6,659.5,188.8679
2026-05-22T08:00:00+00:00,659.5,661.3,659.0,659.3,557.1547
2026-05-22T09:00:00+00:00,659.3,659.3,656.4,657.2,512.2897
2026-05-22T10:00:00+00:00,657.2,657.3,654.9,656.2,176.1548
2026-05-22T11:00:00+00:00,656.2,658.1,655.3,658.1,341.9995
2026-05-22T12:00:00+00:00,658.1,660.8,657.8,660.8,335.4114
2026-05-22T13:00:00+00:00,660.8,664.1,660.4,664.1,1403.91474
2026-05-22T14:00:00+00:00,664.1,664.1,656.7,657.4,601.9581
2026-05-22T15:00:00+00:00,657.4,659.8,656.3,658.4,166.62418
2026-05-22T16:00:00+00:00,658.4,660.9,657.9,660.5,271.27023
2026-05-22T17:00:00+00:00,660.5,661.9,658.6,659.8,936.53623
2026-05-22T18:00:00+00:00,659.8,659.8,648.7,653.5,751.30912
2026-05-22T19:00:00+00:00,653.5,654.1,648.4,652.4,556.16753
2026-05-22T20:00:00+00:00,652.4,654.0,651.8,653.0,245.2064
2026-05-22T21:00:00+00:00,653.0,654.0,652.3,653.4,84.7863
2026-05-22T22:00:00+00:00,653.4,653.4,650.8,652.4,129.5584
2026-05-22T23:00:00+00:00,652.4,653.2,648.8,650.5,457.83335
2026-05-23T00:00:00+00:00,650.5,652.1,648.2,651.1,318.4338
2026-05-23T01:00:00+00:00,651.1,652.2,649.3,650.3,232.808
2026-05-23T02:00:00+00:00,650.3,651.5,649.7,651.5,149.5804
2026-05-23T03:00:00+00:00,651.5,653.1,650.1,652.4,243.11013
2026-05-23T04:00:00+00:00,652.4,652.7,650.0,650.2,316.1121
2026-05-23T05:00:00+00:00,650.2,650.3,647.9,649.0,915.34035
2026-05-23T06:00:00+00:00,649.0,649.5,648.1,648.5,280.5994
2026-05-23T07:00:00+00:00,648.5,648.9,635.1,636.7,1990.71483
2026-05-23T08:00:00+00:00,636.7,640.5,635.8,640.3,529.26303
2026-05-23T09:00:00+00:00,640.3,640.7,638.6,638.6,140.9407
2026-05-23T10:00:00+00:00,638.6,640.7,638.6,640.0,369.3932
2026-05-23T11:00:00+00:00,640.0,641.1,639.7,640.0,226.1359
2026-05-23T12:00:00+00:00,640.0,640.6,639.4,640.4,163.6514
2026-05-23T13:00:00+00:00,640.4,643.3,640.3,642.9,294.58083
2026-05-23T14:00:00+00:00,642.9,647.8,642.1,647.3,509.319
2026-05-23T15:00:00+00:00,647.3,648.7,646.3,647.4,373.99023
2026-05-23T16:00:00+00:00,647.4,648.1,646.3,646.7,119.4232
2026-05-23T17:00:00+00:00,646.7,649.4,646.7,649.0,131.08229
2026-05-23T18:00:00+00:00,649.0,653.0,648.9,651.5,130.91233
2026-05-23T19:00:00+00:00,651.5,653.1,650.7,652.3,180.0046
2026-05-23T20:00:00+00:00,652.3,661.3,651.8,661.2,566.27785
2026-05-23T21:00:00+00:00,661.2,664.0,655.0,657.4,1150.96867
2026-05-23T22:00:00+00:00,657.4,658.4,654.5,656.7,170.7709
2026-05-23T23:00:00+00:00,656.7,657.7,656.0,656.2,103.4374
2026-05-24T00:00:00+00:00,656.2,658.0,655.6,656.6,104.424
2026-05-24T01:00:00+00:00,656.6,658.1,656.5,657.2,308.7485
2026-05-24T02:00:00+00:00,657.2,658.6,656.1,657.9,271.6972
2026-05-24T03:00:00+00:00,657.9,658.7,656.3,657.1,267.12483
2026-05-24T04:00:00+00:00,657.1,658.0,656.3,656.3,94.75
2026-05-24T05:00:00+00:00,656.3,656.3,654.0,655.3,133.27099
2026-05-24T06:00:00+00:00,655.3,657.9,654.9,657.4,107.39803
2026-05-24T07:00:00+00:00,657.4,657.6,655.9,656.5,234.1663
2026-05-24T08:00:00+00:00,656.5,659.2,656.1,658.8,167.4694
2026-05-24T09:00:00+00:00,658.8,660.2,658.2,659.8,224.7231
2026-05-24T10:00:00+00:00,659.8,662.6,658.9,660.9,364.97723
2026-05-24T11:00:00+00:00,660.9,662.6,660.5,661.3,306.0077
2026-05-24T12:00:00+00:00,661.3,661.4,658.7,660.2,153.3095
2026-05-24T13:00:00+00:00,660.2,660.8,656.6,657.6,247.962
2026-05-24T14:00:00+00:00,657.6,658.5,652.0,655.6,605.75125
2026-05-24T15:00:00+00:00,655.6,656.7,655.3,655.5,95.7229
2026-05-24T16:00:00+00:00,655.5,657.6,655.3,656.7,130.7532
2026-05-24T17:00:00+00:00,656.7,657.5,656.4,656.4,179.9807
2026-05-24T18:00:00+00:00,656.4,656.5,654.9,655.5,121.3064
2026-05-24T19:00:00+00:00,655.5,656.5,655.3,656.1,82.8876
2026-05-24T20:00:00+00:00,656.1,656.3,655.0,655.3,79.611
2026-05-24T21:00:00+00:00,655.3,656.1,649.8,650.3,291.03832
2026-05-24T22:00:00+00:00,650.3,656.1,650.3,654.6,435.88816
2026-05-24T23:00:00+00:00,654.6,657.6,654.6,656.7,132.77093
2026-05-25T00:00:00+00:00,656.7,659.7,656.7,658.7,153.47544
2026-05-25T01:00:00+00:00,658.7,659.8,655.8,655.9,124.77735
2026-05-25T02:00:00+00:00,655.9,660.0,655.9,657.0,161.05533
2026-05-25T03:00:00+00:00,657.0,657.6,656.0,657.1,102.09265
2026-05-25T04:00:00+00:00,657.1,660.0,656.4,659.5,202.80983
2026-05-25T05:00:00+00:00,659.5,661.2,659.3,660.9,148.59351
2026-05-25T06:00:00+00:00,660.9,662.0,659.4,660.9,265.15145
2026-05-25T07:00:00+00:00,660.9,662.0,660.2,661.9,368.9527
2026-05-25T08:00:00+00:00,661.9,662.8,660.9,662.2,260.88053
2026-05-25T09:00:00+00:00,662.2,663.4,661.3,661.6,383.90503
2026-05-25T10:00:00+00:00,661.6,662.5,660.8,661.6,433.8052
2026-05-25T11:00:00+00:00,661.6,662.6,660.8,662.3,308.936
2026-05-25T12:00:00+00:00,662.3,671.1,662.3,669.8,1175.45301
2026-05-25T13:00:00+00:00,669.8,672.1,669.2,672.1,660.48857
2026-05-25T14:00:00+00:00,672.1,673.3,670.5,671.5,659.4873
2026-05-25T15:00:00+00:00,671.5,671.8,666.8,667.8,369.2481
2026-05-25T16:00:00+00:00,667.8,668.2,666.5,667.1,273.1196
2026-05-25T17:00:00+00:00,667.1,667.4,661.0,661.2,557.55164
2026-05-25T18:00:00+00:00,661.2,664.2,661.1,663.1,397.3563
2026-05-25T19:00:00+00:00,663.1,663.1,661.1,662.5,100.9887
2026-05-25T20:00:00+00:00,662.5,663.1,660.6,661.4,154.3533
2026-05-25T21:00:00+00:00,661.4,662.4,661.3,662.0,133.511
2026-05-25T22:00:00+00:00,662.0,663.1,660.5,660.8,152.69681
2026-05-25T23:00:00+00:00,660.8,663.2,660.6,663.1,139.7584
2026-05-26T00:00:00+00:00,663.1,663.7,657.3,659.7,423.96221
2026-05-26T01:00:00+00:00,659.7,659.8,656.2,657.7,244.47505
2026-05-26T02:00:00+00:00,657.7,659.7,657.1,659.4,286.76423
2026-05-26T03:00:00+00:00,659.4,659.5,657.2,658.1,242.0184
2026-05-26T04:00:00+00:00,658.1,659.6,657.0,659.0,222.998
2026-05-26T05:00:00+00:00,659.0,659.9,658.3,659.3,247.9222
2026-05-26T06:00:00+00:00,659.3,659.8,657.5,658.2,271.4444
2026-05-26T07:00:00+00:00,658.2,659.1,655.4,657.9,280.9171
2026-05-26T08:00:00+00:00,657.9,658.1,656.5,657.1,296.31135
2026-05-26T09:00:00+00:00,657.1,658.0,656.2,656.8,238.1434
2026-05-26T10:00:00+00:00,656.8,664.5,656.4,662.9,438.40369
2026-05-26T11:00:00+00:00,662.9,663.8,661.7,662.6,329.2056
2026-05-26T12:00:00+00:00,662.6,663.1,660.4,662.6,276.84678
2026-05-26T13:00:00+00:00,662.6,665.1,660.9,663.4,529.212
2026-05-26T14:00:00+00:00,663.4,668.1,660.9,663.2,536.37166
2026-05-26T15:00:00+00:00,663.2,663.6,657.3,660.2,384.54751
2026-05-26T16:00:00+00:00,660.2,661.0,657.6,659.8,376.66963
2026-05-26T17:00:00+00:00,659.8,660.4,653.5,655.7,393.95588
2026-05-26T18:00:00+00:00,655.7,657.7,655.0,655.6,168.2343
2026-05-26T19:00:00+00:00,655.6,657.8,654.8,657.0,93.2118
2026-05-26T20:00:00+00:00,657.0,657.9,656.6,657.2,97.784
2026-05-26T21:00:00+00:00,657.2,657.5,654.9,656.5,213.1942
2026-05-26T22:00:00+00:00,656.5,657.5,655.5,656.0,204.3708
2026-05-26T23:00:00+00:00,656.0,657.9,656.0,656.4,98.5666
2026-05-27T00:00:00+00:00,656.4,658.5,656.3,658.5,89.7505
2026-05-27T01:00:00+00:00,658.5,659.0,656.8,656.9,121.24853
2026-05-27T02:00:00+00:00,656.9,657.4,654.7,656.6,122.24215
2026-05-27T03:00:00+00:00,656.6,656.8,654.2,654.2,108.39915
2026-05-27T04:00:00+00:00,654.2,654.4,650.7,654.3,299.39274
2026-05-27T05:00:00+00:00,654.3,654.6,653.0,653.4,92.61993
2026-05-27T06:00:00+00:00,653.4,653.9,652.2,652.9,76.1978
2026-05-27T07:00:00+00:00,652.9,653.6,651.6,653.2,76.2148
2026-05-27T08:00:00+00:00,653.2,654.9,652.3,653.6,269.08843
2026-05-27T09:00:00+00:00,653.6,654.6,652.9,654.0,120.1814
2026-05-27T10:00:00+00:00,654.0,655.7,653.3,654.4,195.8894
2026-05-27T11:00:00+00:00,654.4,655.6,653.7,653.7,179.9216
2026-05-27T12:00:00+00:00,653.7,657.2,653.1,655.1,197.96703
2026-05-27T13:00:00+00:00,655.1,655.6,650.2,652.3,211.82075
2026-05-27T14:00:00+00:00,652.3,654.4,651.5,654.2,271.4593
2026-05-27T15:00:00+00:00,654.2,658.5,654.0,657.8,804.24783
2026-05-27T16:00:00+00:00,657.8,659.9,654.9,656.1,364.19777
2026-05-27T17:00:00+00:00,656.1,656.2,650.4,651.0,180.27943
2026-05-27T18:00:00+00:00,651.0,653.9,650.4,653.8,103.6321
2026-05-27T19:00:00+00:00,653.8,654.2,652.8,653.5,89.3727
2026-05-27T20:00:00+00:00,653.5,655.1,653.2,654.1,194.51273
2026-05-27T21:00:00+00:00,654.1,654.5,646.7,648.6,316.37137
2026-05-27T22:00:00+00:00,648.6,650.1,646.9,647.0,124.9868
2026-05-27T23:00:00+00:00,647.0,649.3,646.6,648.8,199.30163
2026-05-28T00:00:00+00:00,648.8,649.0,647.0,649.0,100.5341
2026-05-28T01:00:00+00:00,649.0,649.3,645.4,646.6,287.42864
2026-05-28T02:00:00+00:00,646.6,647.1,644.0,645.0,151.94654
2026-05-28T03:00:00+00:00,645.0,645.7,636.9,637.6,686.60407
2026-05-28T04:00:00+00:00,637.6,637.8,633.0,636.3,736.83436
2026-05-28T05:00:00+00:00,636.3,636.5,633.0,634.6,439.33988
2026-05-28T06:00:00+00:00,634.6,635.1,631.3,634.0,1018.00555
2026-05-28T07:00:00+00:00,634.0,636.5,633.5,634.9,536.4168
2026-05-28T08:00:00+00:00,634.9,635.3,633.4,634.5,600.4984
2026-05-28T09:00:00+00:00,634.5,635.1,632.0,633.9,996.272
2026-05-28T10:00:00+00:00,633.9,634.9,632.5,633.1,559.9059
2026-05-28T11:00:00+00:00,633.1,633.4,631.3,632.7,977.2683
2026-05-28T12:00:00+00:00,632.7,633.5,630.1,633.1,916.64076
2026-05-28T13:00:00+00:00,633.1,633.8,629.4,631.4,714.87773
2026-05-28T14:00:00+00:00,631.4,636.7,628.3,635.3,607.07324
2026-05-28T15:00:00+00:00,635.3,635.9,631.5,634.8,676.57725
2026-05-28T16:00:00+00:00,634.8,640.6,633.5,640.3,735.8899
2026-05-28T17:00:00+00:00,640.3,641.9,638.9,640.3,204.56128
2026-05-28T18:00:00+00:00,640.3,642.7,640.3,641.9,104.8223
2026-05-28T19:00:00+00:00,641.9,642.0,639.7,639.7,137.91
2026-05-28T20:00:00+00:00,639.7,641.7,638.4,640.9,383.56638
2026-05-28T21:00:00+00:00,640.9,642.6,640.6,641.7,208.6836
2026-05-28T22:00:00+00:00,641.7,642.4,638.5,638.9,136.1378
2026-05-28T23:00:00+00:00,638.9,639.7,637.8,638.4,103.1574
2026-05-29T00:00:00+00:00,638.4,639.6,638.3,638.6,106.3166
2026-05-29T01:00:00+00:00,638.6,639.3,635.8,637.0,187.27838
2026-05-29T02:00:00+00:00,637.0,637.6,633.7,634.1,376.81025
2026-05-29T03:00:00+00:00,634.1,636.8,634.1,635.6,63.5908
2026-05-29T04:00:00+00:00,635.6,636.8,634.7,636.6,67.4421
2026-05-29T05:00:00+00:00,636.6,638.4,636.4,638.4,144.5424
2026-05-29T06:00:00+00:00,638.4,639.4,637.5,638.0,122.6056
2026-05-29T07:00:00+00:00,638.0,638.6,635.7,637.1,110.1825
2026-05-29T08:00:00+00:00,637.1,638.3,636.6,636.7,121.3948
2026-05-29T09:00:00+00:00,636.7,640.7,636.6,640.7,227.7481
2026-05-29T10:00:00+00:00,640.7,641.1,639.0,639.2,96.8003
2026-05-29T11:00:00+00:00,639.2,639.4,635.4,637.0,115.78815
2026-05-29T12:00:00+00:00,637.0,637.1,635.2,635.7,120.3834
2026-05-29T13:00:00+00:00,635.7,636.7,634.1,635.6,166.41215
2026-05-29T14:00:00+00:00,635.6,636.8,630.8,634.9,567.328
2026-05-29T15:00:00+00:00,634.9,643.0,634.5,639.8,671.90807
2026-05-29T16:00:00+00:00,639.8,644.1,638.2,643.9,374.67715
2026-05-29T17:00:00+00:00,643.9,644.9,642.0,642.5,234.81367
2026-05-29T18:00:00+00:00,642.5,643.0,638.3,639.8,364.356
2026-05-29T19:00:00+00:00,639.8,643.0,639.3,641.4,263.38393
2026-05-29T20:00:00+00:00,641.4,643.4,641.4,642.2,178.3089
2026-05-29T21:00:00+00:00,642.2,643.9,641.5,641.8,210.0126
2026-05-29T22:00:00+00:00,641.8,643.5,641.6,642.7,58.4441
2026-05-29T23:00:00+00:00,642.7,643.3,641.4,643.2,167.9385
2026-05-30T00:00:00+00:00,643.2,647.3,642.7,646.7,239.65904
2026-05-30T01:00:00+00:00,646.7,653.8,646.1,653.4,362.13826
2026-05-30T02:00:00+00:00,653.4,658.6,652.2,657.9,968.32431
2026-05-30T03:00:00+00:00,657.9,661.2,657.2,658.1,510.65448
2026-05-30T04:00:00+00:00,658.1,660.8,656.6,659.1,711.2761
2026-05-30T05:00:00+00:00,659.1,666.7,658.2,666.5,905.83398
2026-05-30T06:00:00+00:00,666.5,669.1,665.2,667.7,438.88452
2026-05-30T07:00:00+00:00,667.7,674.4,667.1,673.0,606.33216
2026-05-30T08:00:00+00:00,673.0,675.5,669.6,673.4,850.1652
2026-05-30T09:00:00+00:00,673.4,677.3,670.6,674.8,482.9467
2026-05-30T10:00:00+00:00,674.8,676.1,674.3,675.3,391.2492
2026-05-30T11:00:00+00:00,675.3,675.3,670.6,673.8,539.05983
2026-05-30T12:00:00+00:00,673.8,674.3,671.6,673.0,179.9186
2026-05-30T13:00:00+00:00,673.0,675.0,671.0,674.8,266.04825
2026-05-30T14:00:00+00:00,674.8,687.8,674.3,686.8,1240.1235
2026-05-30T15:00:00+00:00,686.8,695.1,685.4,694.6,1526.09379
2026-05-30T16:00:00+00:00,694.6,710.4,694.5,709.0,2459.84152
2026-05-30T17:00:00+00:00,709.0,717.4,700.9,713.2,3442.3894
2026-05-30T18:00:00+00:00,713.2,717.1,709.1,716.8,1960.1988
2026-05-30T19:00:00+00:00,716.8,724.7,712.8,720.9,4266.27959
2026-05-30T20:00:00+00:00,720.9,724.0,717.9,719.6,1195.264
2026-05-30T21:00:00+00:00,719.6,728.9,717.6,719.3,1437.63853
2026-05-30T22:00:00+00:00,719.3,719.9,707.4,716.1,1073.87536
2026-05-30T23:00:00+00:00,716.1,720.4,716.0,718.8,674.35785
2026-05-31T00:00:00+00:00,718.8,727.5,718.8,723.5,646.40524
2026-05-31T01:00:00+00:00,723.5,729.7,722.6,728.3,600.50719
2026-05-31T02:00:00+00:00,728.3,743.4,727.5,740.0,2388.40617
2026-05-31T03:00:00+00:00,740.0,745.9,734.5,740.0,1694.65562
2026-05-31T04:00:00+00:00,740.0,742.3,731.5,734.5,874.99586
2026-05-31T05:00:00+00:00,734.5,741.6,732.2,737.7,926.96092
2026-05-31T06:00:00+00:00,737.7,737.8,732.6,736.0,1002.541
2026-05-31T07:00:00+00:00,736.0,736.1,717.3,719.9,2614.26439
2026-05-31T08:00:00+00:00,719.9,725.4,718.9,723.5,1212.72242
2026-05-31T09:00:00+00:00,723.5,725.7,718.0,720.1,661.2841
2026-05-31T10:00:00+00:00,720.1,724.5,719.5,721.1,948.3066
2026-05-31T11:00:00+00:00,721.1,724.6,720.1,723.1,468.8454
2026-05-31T12:00:00+00:00,723.1,726.4,721.9,725.2,1096.0062
2026-05-31T13:00:00+00:00,725.2,733.9,724.4,727.7,1310.07759
2026-05-31T14:00:00+00:00,727.7,729.9,718.4,720.0,1128.3233
2026-05-31T15:00:00+00:00,720.0,725.0,719.5,720.9,389.9391
2026-05-31T16:00:00+00:00,720.9,722.0,703.1,709.4,2131.43453
2026-05-31T17:00:00+00:00,709.4,717.7,709.2,713.9,786.91313
2026-05-31T18:00:00+00:00,713.9,713.9,708.9,709.9,544.6314
2026-05-31T19:00:00+00:00,709.9,710.9,707.3,708.7,519.44039
2026-05-31T20:00:00+00:00,708.7,711.4,708.7,710.4,1013.2813
2026-05-31T21:00:00+00:00,710.4,712.2,707.2,711.4,405.2562
2026-05-31T22:00:00+00:00,711.4,715.8,708.0,711.8,673.6679
2026-05-31T23:00:00+00:00,711.8,713.4,706.5,710.6,414.47228
2026-06-01T00:00:00+00:00,710.6,717.3,709.1,710.7,843.10809
2026-06-01T01:00:00+00:00,710.7,711.0,693.3,695.2,3004.82972
2026-06-01T02:00:00+00:00,695.2,708.9,694.3,707.6,760.6095
2026-06-01T03:00:00+00:00,707.6,710.1,703.0,703.9,482.68389
2026-06-01T04:00:00+00:00,703.9,705.6,696.2,698.2,362.13986
2026-06-01T05:00:00+00:00,698.2,698.5,694.4,695.9,201.34001
2026-06-01T06:00:00+00:00,695.9,696.6,691.0,693.5,1013.07671
2026-06-01T07:00:00+00:00,693.5,694.3,685.0,686.2,770.18447
2026-06-01T08:00:00+00:00,686.2,689.8,685.5,689.6,462.84471
2026-06-01T09:00:00+00:00,689.6,729.6,688.7,711.6,7980.03973
2026-06-01T10:00:00+00:00,711.6,714.8,695.6,702.2,1609.98079
2026-06-01T11:00:00+00:00,702.2,708.2,695.1,697.3,671.42653
2026-06-01T12:00:00+00:00,697.3,698.4,686.4,692.7,1040.15322
2026-06-01T13:00:00+00:00,692.7,693.1,679.4,686.7,1175.05223
2026-06-01T14:00:00+00:00,686.7,686.8,674.8,678.1,1464.35095
2026-06-01T15:00:00+00:00,678.1,685.5,677.5,677.5,500.04546
2026-06-01T16:00:00+00:00,677.5,685.7,674.1,684.6,1327.62246
2026-06-01T17:00:00+00:00,684.6,688.9,683.7,687.8,1216.86472
2026-06-01T18:00:00+00:00,687.8,695.9,686.7,691.3,715.85588
2026-06-01T19:00:00+00:00,691.3,696.4,690.8,696.2,422.88065
2026-06-01T20:00:00+00:00,696.2,701.9,694.9,695.9,773.90493
2026-06-01T21:00:00+00:00,695.9,695.9,689.3,690.4,312.79891
2026-06-01T22:00:00+00:00,690.4,694.6,688.4,693.6,288.71929
2026-06-01T23:00:00+00:00,693.6,695.9,692.4,693.1,130.16063
2026-06-02T00:00:00+00:00,693.1,694.0,690.0,690.6,271.50743
2026-06-02T01:00:00+00:00,690.6,692.5,684.5,684.8,346.66937
2026-06-02T02:00:00+00:00,684.8,693.4,681.3,691.2,623.06813
2026-06-02T03:00:00+00:00,691.2,695.4,690.2,693.5,78.06286
2026-06-02T04:00:00+00:00,693.5,694.2,686.1,686.6,288.05949
2026-06-02T05:00:00+00:00,686.6,689.1,683.1,683.7,171.14806
2026-06-02T06:00:00+00:00,683.7,685.2,680.5,683.2,304.74058
2026-06-02T07:00:00+00:00,683.2,686.4,680.5,682.0,132.46133
2026-06-02T08:00:00+00:00,682.0,685.0,680.8,681.9,634.24468
2026-06-02T09:00:00+00:00,681.9,682.2,676.4,677.7,429.57972
2026-06-02T10:00:00+00:00,677.7,681.0,675.6,680.2,320.56578
2026-06-02T11:00:00+00:00,680.2,680.2,676.8,678.3,193.1683
2026-06-02T12:00:00+00:00,678.3,680.0,675.0,676.3,454.23546
2026-06-02T13:00:00+00:00,676.3,677.0,672.0,674.9,577.16361
2026-06-02T14:00:00+00:00,674.9,677.6,666.7,673.4,842.57331
2026-06-02T15:00:00+00:00,673.4,673.4,658.2,663.2,1771.41551
2026-06-02T16:00:00+00:00,663.2,671.5,660.6,664.1,523.92705
2026-06-02T17:00:00+00:00,664.1,667.3,663.4,666.3,272.13476
2026-06-02T18:00:00+00:00,666.3,667.5,659.1,659.8,627.98087
2026-06-02T19:00:00+00:00,659.8,662.3,652.3,660.3,731.94604
2026-06-02T20:00:00+00:00,660.3,662.9,656.2,661.4,291.00964
2026-06-02T21:00:00+00:00,661.4,663.3,658.8,659.8,280.92238
2026-06-02T22:00:00+00:00,659.8,659.8,642.5,648.0,1098.15445
2026-06-02T23:00:00+00:00,648.0,652.0,645.4,650.7,503.36942
2026-06-03T00:00:00+00:00,650.7,657.2,650.3,654.5,543.90603
2026-06-03T01:00:00+00:00,654.5,654.9,646.7,649.9,336.92276
2026-06-03T02:00:00+00:00,649.9,650.4,644.1,644.8,384.63738
2026-06-03T03:00:00+00:00,644.8,646.7,631.0,633.9,2085.23555
2026-06-03T04:00:00+00:00,633.9,640.0,632.8,636.7,920.95737
2026-06-03T05:00:00+00:00,636.7,646.4,636.0,646.0,1114.41857
2026-06-03T06:00:00+00:00,646.0,646.7,640.4,640.5,1578.68802
2026-06-03T07:00:00+00:00,640.5,645.1,640.2,644.2,269.1993
2026-06-03T08:00:00+00:00,644.2,645.8,640.8,644.6,278.85098
2026-06-03T09:00:00+00:00,644.6,645.9,638.7,641.7,345.74014
2026-06-03T10:00:00+00:00,641.7,646.0,640.8,641.6,337.51136
2026-06-03T11:00:00+00:00,641.6,645.0,637.1,637.4,576.97183
2026-06-03T12:00:00+00:00,637.4,637.4,633.2,635.6,402.69676
2026-06-03T13:00:00+00:00,635.6,637.3,629.7,633.2,686.74373
2026-06-03T14:00:00+00:00,633.2,637.6,630.1,636.7,417.45088
2026-06-03T15:00:00+00:00,636.7,639.1,632.8,632.8,411.93727
2026-06-03T16:00:00+00:00,632.8,633.5,620.0,628.2,1943.68339
2026-06-03T17:00:00+00:00,628.2,628.8,623.7,627.1,566.86029
2026-06-03T18:00:00+00:00,627.1,629.1,625.2,628.2,308.83043
2026-06-03T19:00:00+00:00,628.2,629.0,621.6,622.6,927.75771
2026-06-03T20:00:00+00:00,622.6,625.6,616.1,619.7,1692.71337
2026-06-03T21:00:00+00:00,619.7,629.5,619.0,629.3,339.72872
2026-06-03T22:00:00+00:00,629.3,629.9,625.6,627.0,351.00578
2026-06-03T23:00:00+00:00,627.0,627.7,620.3,620.5,576.29175
2026-06-04T00:00:00+00:00,620.5,624.4,612.8,616.0,1366.73563
2026-06-04T01:00:00+00:00,616.0,617.6,599.2,602.3,2327.03789
2026-06-04T02:00:00+00:00,602.3,609.6,590.1,607.7,4589.47017
2026-06-04T03:00:00+00:00,607.7,621.1,607.7,619.0,946.40794
2026-06-04T04:00:00+00:00,619.0,621.2,613.8,614.7,567.00334
2026-06-04T05:00:00+00:00,614.7,614.7,600.8,604.4,2154.57918
2026-06-04T06:00:00+00:00,604.4,611.0,603.8,605.4,845.34232
2026-06-04T07:00:00+00:00,605.4,605.7,599.3,600.0,935.75583
2026-06-04T08:00:00+00:00,600.0,603.5,596.4,602.2,1579.87224
2026-06-04T09:00:00+00:00,602.2,602.3,591.2,597.9,1238.6577
2026-06-04T10:00:00+00:00,597.9,597.9,588.0,590.4,1308.9852
2026-06-04T11:00:00+00:00,590.4,595.5,588.9,594.9,690.14821
2026-06-04T12:00:00+00:00,594.9,604.7,593.9,603.5,672.06442
2026-06-04T13:00:00+00:00,603.5,606.1,597.2,604.8,683.94342
2026-06-04T14:00:00+00:00,604.8,606.5,602.3,604.8,673.34514
2026-06-04T15:00:00+00:00,604.8,609.5,603.8,606.3,584.73201
2026-06-04T16:00:00+00:00,606.3,607.3,603.0,603.6,600.26408
2026-06-04T17:00:00+00:00,603.6,605.4,599.1,604.6,420.00211
2026-06-04T18:00:00+00:00,604.6,610.2,602.8,609.1,462.60645
2026-06-04T19:00:00+00:00,609.1,609.9,605.1,606.2,175.94163
2026-06-04T20:00:00+00:00,606.2,606.4,602.9,605.3,397.46294
2026-06-04T21:00:00+00:00,605.3,607.4,597.9,599.2,743.40945
2026-06-04T22:00:00+00:00,599.2,603.5,597.9,602.8,771.73709
2026-06-04T23:00:00+00:00,602.8,605.1,599.0,604.4,333.44763
2026-06-05T00:00:00+00:00,604.4,607.9,601.8,601.9,619.66942
2026-06-05T01:00:00+00:00,601.9,602.9,595.7,602.2,839.96108
2026-06-05T02:00:00+00:00,602.2,602.9,594.7,595.7,1146.32377
2026-06-05T03:00:00+00:00,595.7,597.7,591.5,595.4,1323.8093
2026-06-05T04:00:00+00:00,595.4,602.8,593.4,601.9,692.03332
2026-06-05T05:00:00+00:00,601.9,602.8,583.4,584.5,1273.03164
2026-06-05T06:00:00+00:00,584.5,585.3,570.3,580.5,2914.99906
2026-06-05T07:00:00+00:00,580.5,593.3,574.3,593.2,1145.63814
2026-06-05T08:00:00+00:00,593.2,593.2,585.4,586.8,423.31432
2026-06-05T09:00:00+00:00,586.8,596.9,586.6,596.0,659.84342
2026-06-05T10:00:00+00:00,596.0,596.6,590.9,592.8,450.2423
2026-06-05T11:00:00+00:00,592.8,595.4,589.6,590.2,527.50638
2026-06-05T12:00:00+00:00,590.2,593.9,586.8,591.2,710.16384
2026-06-05T13:00:00+00:00,591.2,596.3,580.6,581.0,934.19609
2026-06-05T14:00:00+00:00,581.0,590.0,580.1,582.8,1327.75004
2026-06-05T15:00:00+00:00,582.8,584.0,574.6,578.7,1812.78697
2026-06-05T16:00:00+00:00,578.7,583.0,567.9,577.8,3505.73566
2026-06-05T17:00:00+00:00,577.8,580.0,572.9,575.7,391.89305
2026-06-05T18:00:00+00:00,575.7,576.8,560.9,561.4,1226.67055
2026-06-05T19:00:00+00:00,561.4,570.0,556.7,567.2,1502.43593
2026-06-05T20:00:00+00:00,567.2,578.3,563.2,577.6,679.29623
2026-06-05T21:00:00+00:00,577.6,579.3,575.7,576.5,278.62049
2026-06-05T22:00:00+00:00,576.5,578.3,572.3,577.2,660.00285
2026-06-05T23:00:00+00:00,577.2,578.0,566.8,572.5,352.66376
2026-06-06T00:00:00+00:00,572.5,577.7,572.0,576.6,220.79685
2026-06-06T01:00:00+00:00,576.6,579.8,574.5,576.6,392.65785
2026-06-06T02:00:00+00:00,576.6,579.1,573.7,576.3,261.09459
2026-06-06T03:00:00+00:00,576.3,576.8,570.7,573.1,213.43282
2026-06-06T04:00:00+00:00,573.1,575.5,559.6,565.4,955.71692
2026-06-06T05:00:00+00:00,565.4,577.0,560.5,576.2,727.08788
2026-06-06T06:00:00+00:00,576.2,579.4,574.7,576.2,453.12466
2026-06-06T07:00:00+00:00,576.2,581.5,575.8,579.0,382.0379
2026-06-06T08:00:00+00:00,579.0,584.4,578.0,580.8,459.31071
2026-06-06T09:00:00+00:00,580.8,582.5,574.9,576.5,489.25396
2026-06-06T10:00:00+00:00,576.5,576.6,571.1,573.8,649.71107
2026-06-06T11:00:00+00:00,573.8,576.7,573.4,574.1,367.31005
2026-06-06T12:00:00+00:00,574.1,577.5,571.9,575.9,215.51092
2026-06-06T13:00:00+00:00,575.9,577.2,573.3,574.4,263.49068
2026-06-06T14:00:00+00:00,574.4,577.2,574.1,574.9,199.588
2026-06-06T15:00:00+00:00,574.9,577.0,571.1,576.1,172.84881
2026-06-06T16:00:00+00:00,576.1,577.7,571.3,574.1,317.8453
2026-06-06T17:00:00+00:00,574.1,575.4,572.6,574.0,187.10421
2026-06-06T18:00:00+00:00,574.0,576.3,573.2,574.4,131.46883
2026-06-06T19:00:00+00:00,574.4,576.1,573.7,573.9,124.0176
2026-06-06T20:00:00+00:00,573.9,575.7,572.8,574.9,169.82508
2026-06-06T21:00:00+00:00,574.9,576.8,574.7,575.2,89.2465
2026-06-06T22:00:00+00:00,575.2,575.2,570.9,572.6,92.65481
2026-06-06T23:00:00+00:00,572.6,575.5,572.3,574.5,102.99095
2026-06-07T00:00:00+00:00,574.5,576.2,573.9,574.1,68.5704
2026-06-07T01:00:00+00:00,574.1,581.7,573.5,579.8,483.04158
2026-06-07T02:00:00+00:00,579.8,581.3,577.0,579.2,145.19609
2026-06-07T03:00:00+00:00,579.2,581.8,578.0,581.2,763.61769
2026-06-07T04:00:00+00:00,581.2,583.3,578.0,583.0,1545.5048
2026-06-07T05:00:00+00:00,583.0,587.6,581.8,585.6,1931.79879
2026-06-07T06:00:00+00:00,585.6,591.7,584.0,588.8,2781.69142
2026-06-07T07:00:00+00:00,588.8,590.3,587.6,589.8,887.48593
2026-06-07T08:00:00+00:00,589.8,599.0,587.6,598.0,787.42299
2026-06-07T09:00:00+00:00,598.0,598.4,592.2,593.0,361.80843
2026-06-07T10:00:00+00:00,593.0,596.5,590.2,593.0,1866.20734
2026-06-07T11:00:00+00:00,593.0,596.6,592.7,593.6,1271.64475
2026-06-07T12:00:00+00:00,593.6,594.1,585.9,588.7,847.2458
2026-06-07T13:00:00+00:00,588.7,590.0,587.2,589.2,286.9279
2026-06-07T14:00:00+00:00,589.2,594.1,588.9,591.6,877.76837
2026-06-07T15:00:00+00:00,591.6,593.7,589.4,591.9,1754.82755
2026-06-07T16:00:00+00:00,591.9,595.5,590.4,594.3,648.58556
2026-06-07T17:00:00+00:00,594.3,597.5,593.8,596.2,421.88545
2026-06-07T18:00:00+00:00,596.2,597.8,595.0,595.2,108.1338
2026-06-07T19:00:00+00:00,595.2,595.5,586.9,588.7,394.61466
2026-06-07T20:00:00+00:00,588.7,594.6,587.9,594.2,153.53521
2026-06-07T21:00:00+00:00,594.2,595.4,592.6,594.2,132.8455
2026-06-07T22:00:00+00:00,594.2,611.0,593.0,603.4,1556.58716
2026-06-07T23:00:00+00:00,603.4,606.0,603.1,604.6,308.12743
2026-06-08T00:00:00+00:00,604.6,608.5,603.1,605.8,308.07118
2026-06-08T01:00:00+00:00,605.8,605.9,599.2,604.2,272.79843
2026-06-08T02:00:00+00:00,604.2,604.6,601.6,602.1,379.3309
2026-06-08T03:00:00+00:00,602.1,604.6,601.1,603.4,104.4738
2026-06-08T04:00:00+00:00,603.4,603.8,596.1,596.4,385.41796
2026-06-08T05:00:00+00:00,596.4,597.4,591.8,595.2,204.40307
2026-06-08T06:00:00+00:00,595.2,597.8,595.0,596.1,277.79981
2026-06-08T07:00:00+00:00,596.1,597.7,593.8,596.5,307.01942
2026-06-08T08:00:00+00:00,596.5,596.5,593.7,595.6,245.70163
2026-06-08T09:00:00+00:00,595.6,601.2,595.6,599.9,394.9548
2026-06-08T10:00:00+00:00,599.9,600.2,597.1,598.2,324.2322
2026-06-08T11:00:00+00:00,598.2,604.4,597.2,602.4,398.77244
2026-06-08T12:00:00+00:00,602.4,603.7,597.9,603.4,275.50421
2026-06-08T13:00:00+00:00,603.4,603.6,598.6,600.6,301.99316
2026-06-08T14:00:00+00:00,600.6,603.5,599.6,603.4,336.71705
2026-06-08T15:00:00+00:00,603.4,606.3,603.3,603.9,580.85979
2026-06-08T16:00:00+00:00,603.9,607.9,603.4,603.9,320.81992
2026-06-08T17:00:00+00:00,603.9,608.2,602.6,608.1,256.95718
2026-06-08T18:00:00+00:00,608.1,610.2,606.9,607.9,335.86625
2026-06-08T19:00:00+00:00,607.9,608.8,606.5,607.8,168.956
2026-06-08T20:00:00+00:00,607.8,608.4,605.6,606.9,200.0766
2026-06-08T21:00:00+00:00,606.9,610.9,606.8,607.7,332.41983
2026-06-08T22:00:00+00:00,607.7,607.7,604.4,606.3,116.00873
2026-06-08T23:00:00+00:00,606.3,607.5,601.3,601.9,337.74374
2026-06-09T00:00:00+00:00,601.9,603.0,593.2,595.9,908.48411
2026-06-09T01:00:00+00:00,595.9,599.1,595.1,597.8,220.98889
2026-06-09T02:00:00+00:00,597.8,598.5,594.9,598.3,133.9581
2026-06-09T03:00:00+00:00,598.3,600.1,597.5,599.4,190.44455
2026-06-09T04:00:00+00:00,599.4,603.4,596.6,602.5,316.72975
2026-06-09T05:00:00+00:00,602.5,605.8,600.9,603.6,158.32125
2026-06-09T06:00:00+00:00,603.6,605.3,602.9,604.0,94.83748
2026-06-09T07:00:00+00:00,604.0,605.0,601.3,604.1,273.45333
2026-06-09T08:00:00+00:00,604.1,604.6,601.4,602.1,259.1092
2026-06-09T09:00:00+00:00,602.1,603.6,599.6,600.2,272.51623
2026-06-09T10:00:00+00:00,600.2,601.1,597.2,600.0,407.95431
2026-06-09T11:00:00+00:00,600.0,600.3,596.4,596.9,426.9371
2026-06-09T12:00:00+00:00,596.9,599.7,596.2,597.7,538.90891
2026-06-09T13:00:00+00:00,597.7,598.5,593.4,594.8,227.34746
2026-06-09T14:00:00+00:00,594.8,595.5,584.7,588.8,858.78875
2026-06-09T15:00:00+00:00,588.8,591.6,586.1,586.9,331.27687
2026-06-09T16:00:00+00:00,586.9,589.5,583.9,588.7,666.89879
2026-06-09T17:00:00+00:00,588.7,593.3,588.5,591.7,316.41318
2026-06-09T18:00:00+00:00,591.7,595.3,591.4,594.4,164.65409
2026-06-09T19:00:00+00:00,594.4,597.1,593.4,596.9,242.00822
2026-06-09T20:00:00+00:00,596.9,598.8,596.2,597.1,118.68975
2026-06-09T21:00:00+00:00,597.1,597.5,594.3,594.5,161.0164
2026-06-09T22:00:00+00:00,594.5,596.0,592.5,592.6,170.51743
2026-06-09T23:00:00+00:00,592.6,594.0,591.0,593.5,270.32435
2026-06-10T00:00:00+00:00,593.5,594.9,590.1,593.7,207.38399
2026-06-10T01:00:00+00:00,593.7,594.4,590.9,591.8,211.94336
2026-06-10T02:00:00+00:00,591.8,592.8,586.6,587.2,401.38765
2026-06-10T03:00:00+00:00,587.2,589.6,586.8,588.0,246.0012
2026-06-10T04:00:00+00:00,588.0,588.3,584.3,585.5,163.03386
2026-06-10T05:00:00+00:00,585.5,587.0,583.7,585.6,278.53573
2026-06-10T06:00:00+00:00,585.6,586.9,584.1,586.3,294.7683
2026-06-10T07:00:00+00:00,586.3,589.5,586.1,588.8,370.81239
2026-06-10T08:00:00+00:00,588.8,588.8,584.0,584.7,287.42065
2026-06-10T09:00:00+00:00,584.7,585.7,581.3,585.0,307.79493
2026-06-10T10:00:00+00:00,585.0,585.9,583.2,584.7,90.55
2026-06-10T11:00:00+00:00,584.7,585.1,580.7,583.1,514.43318
2026-06-10T12:00:00+00:00,583.1,591.5,582.4,589.1,689.89419
2026-06-10T13:00:00+00:00,589.1,596.7,587.8,592.9,764.42957
2026-06-10T14:00:00+00:00,592.9,594.4,590.4,593.1,262.48445
2026-06-10T15:00:00+00:00,593.1,598.6,591.4,596.8,409.32114
2026-06-10T16:00:00+00:00,596.8,597.2,590.9,592.6,168.02493
2026-06-10T17:00:00+00:00,592.6,594.2,587.7,590.1,412.01976
2026-06-10T18:00:00+00:00,590.1,590.7,587.1,589.9,336.77503
2026-06-10T19:00:00+00:00,589.9,590.6,587.4,588.0,106.60241
2026-06-10T20:00:00+00:00,588.0,589.3,586.3,587.4,110.99159
2026-06-10T21:00:00+00:00,587.4,587.4,582.1,583.3,153.80179
2026-06-10T22:00:00+00:00,583.3,586.0,582.3,584.0,136.0181
2026-06-10T23:00:00+00:00,584.0,587.1,582.8,586.7,103.03038
2026-06-11T00:00:00+00:00,586.7,589.9,586.6,589.0,132.53639
2026-06-11T01:00:00+00:00,589.0,594.2,589.0,593.2,152.10635
2026-06-11T02:00:00+00:00,593.2,593.2,589.6,592.4,159.61404
2026-06-11T03:00:00+00:00,592.4,597.9,591.5,596.6,897.2752
2026-06-11T04:00:00+00:00,596.6,596.6,594.2,595.3,117.30775
2026-06-11T05:00:00+00:00,595.3,595.7,593.9,594.4,62.55108
2026-06-11T06:00:00+00:00,594.4,597.6,594.1,596.2,159.00416
2026-06-11T07:00:00+00:00,596.2,598.3,595.2,598.2,87.56402
2026-06-11T08:00:00+00:00,598.2,603.6,598.2,601.1,618.05909
2026-06-11T09:00:00+00:00,601.1,601.5,598.9,600.6,147.17393
2026-06-11T10:00:00+00:00,600.6,600.8,598.5,600.2,257.1396
2026-06-11T11:00:00+00:00,600.2,602.8,598.4,600.8,237.84282
2026-06-11T12:00:00+00:00,600.8,601.3,597.4,600.1,490.42328
2026-06-11T13:00:00+00:00,600.1,603.1,598.5,601.7,291.12163
2026-06-11T14:00:00+00:00,601.7,602.3,598.2,598.9,206.02763
2026-06-11T15:00:00+00:00,598.9,600.2,597.2,598.7,336.48185
2026-06-11T16:00:00+00:00,598.7,600.7,598.1,598.6,245.91566
2026-06-11T17:00:00+00:00,598.6,606.4,596.1,606.0,944.61426
2026-06-11T18:00:00+00:00,606.0,607.4,603.5,604.9,322.45482
2026-06-11T19:00:00+00:00,604.9,606.8,602.8,604.5,303.44533
2026-06-11T20:00:00+00:00,604.5,604.7,600.8,602.6,224.25568
2026-06-11T21:00:00+00:00,602.6,605.0,602.6,603.4,184.67173
2026-06-11T22:00:00+00:00,603.4,605.0,603.3,603.7,49.6503
2026-06-11T23:00:00+00:00,603.7,606.3,602.7,605.8,196.86455
2026-06-12T00:00:00+00:00,605.8,606.1,603.9,604.2,149.3941
2026-06-12T01:00:00+00:00,604.2,604.2,601.3,601.8,125.18938
2026-06-12T02:00:00+00:00,601.8,606.2,601.8,605.0,222.01655
2026-06-12T03:00:00+00:00,605.0,605.0,602.4,602.4,56.61015
2026-06-12T04:00:00+00:00,602.4,605.0,602.1,603.7,56.94203
2026-06-12T05:00:00+00:00,603.7,603.8,600.6,600.7,103.6957
2026-06-12T06:00:00+00:00,600.7,602.0,596.7,598.3,234.20435
2026-06-12T07:00:00+00:00,598.3,601.4,598.3,600.0,152.58829
2026-06-12T08:00:00+00:00,600.0,606.1,599.9,605.3,280.20517
2026-06-12T09:00:00+00:00,605.3,608.1,604.5,607.0,299.85651
2026-06-12T10:00:00+00:00,607.0,608.0,604.8,606.3,509.70615
2026-06-12T11:00:00+00:00,606.3,608.9,606.2,606.9,618.3614
2026-06-12T12:00:00+00:00,606.9,606.9,605.1,606.7,540.3851
2026-06-12T13:00:00+00:00,606.7,607.4,603.6,605.4,355.37256
2026-06-12T14:00:00+00:00,605.4,610.4,605.1,609.8,463.50093
2026-06-12T15:00:00+00:00,609.8,613.3,605.1,605.3,799.32628
2026-06-12T16:00:00+00:00,605.3,609.3,604.7,608.6,199.41979
2026-06-12T17:00:00+00:00,608.6,609.5,606.0,606.8,100.31028
2026-06-12T18:00:00+00:00,606.8,608.0,605.6,605.9,141.6836
2026-06-12T19:00:00+00:00,605.9,606.7,602.8,603.3,137.8636
2026-06-12T20:00:00+00:00,603.3,604.7,602.8,603.0,172.6565
2026-06-12T21:00:00+00:00,603.0,604.7,602.4,603.7,223.8487
2026-06-12T22:00:00+00:00,603.7,604.1,602.5,602.9,95.5961
2026-06-12T23:00:00+00:00,602.9,604.0,602.2,603.9,45.50993
2026-06-13T00:00:00+00:00,603.9,605.3,603.6,605.0,26.3077
2026-06-13T01:00:00+00:00,605.0,606.3,603.9,606.1,92.22292
2026-06-13T02:00:00+00:00,606.1,606.2,603.3,603.8,128.0959
2026-06-13T03:00:00+00:00,603.8,604.7,600.5,600.5,595.1465
2026-06-13T04:00:00+00:00,600.5,601.2,599.7,599.8,134.5739
2026-06-13T05:00:00+00:00,599.8,600.7,599.6,600.6,92.9511
2026-06-13T06:00:00+00:00,600.6,603.0,600.5,602.9,160.8438
2026-06-13T07:00:00+00:00,602.9,604.0,601.8,603.3,114.7264
2026-06-13T08:00:00+00:00,603.3,604.7,602.8,604.0,141.4192
2026-06-13T09:00:00+00:00,604.0,604.4,603.3,603.7,354.0489
2026-06-13T10:00:00+00:00,603.7,605.6,603.7,604.9,63.09105
2026-06-13T11:00:00+00:00,604.9,607.5,604.8,606.7,113.17509
2026-06-13T12:00:00+00:00,606.7,609.1,606.3,608.8,189.53125
2026-06-13T13:00:00+00:00,608.8,610.2,608.1,608.8,183.13503
2026-06-13T14:00:00+00:00,608.8,610.7,608.1,610.6,242.95706
2026-06-13T15:00:00+00:00,610.6,611.3,609.6,610.5,163.4705
2026-06-13T16:00:00+00:00,610.5,610.5,607.7,609.0,317.1855
2026-06-13T17:00:00+00:00,609.0,609.2,606.8,607.1,284.31073
2026-06-13T18:00:00+00:00,607.1,608.7,607.1,607.8,61.687
2026-06-13T19:00:00+00:00,607.8,608.8,607.3,608.4,55.8025
2026-06-13T20:00:00+00:00,608.4,609.4,607.8,609.1,34.8869
2026-06-13T21:00:00+00:00,609.1,612.5,608.7,609.8,234.20011
2026-06-13T22:00:00+00:00,609.8,609.8,608.5,609.0,52.0234
2026-06-13T23:00:00+00:00,609.0,610.6,608.7,609.6,62.7842
2026-06-14T00:00:00+00:00,609.6,610.1,608.8,609.5,28.4315
2026-06-14T01:00:00+00:00,609.5,611.0,609.0,609.2,144.276
2026-06-14T02:00:00+00:00,609.2,610.6,609.0,609.5,17.0857
2026-06-14T03:00:00+00:00,609.5,610.1,608.6,610.0,109.3961
2026-06-14T04:00:00+00:00,610.0,610.2,607.8,608.7,54.7192
2026-06-14T05:00:00+00:00,608.7,610.0,608.6,609.9,62.6644
2026-06-14T06:00:00+00:00,609.9,612.1,609.9,611.3,91.03403
2026-06-14T07:00:00+00:00,611.3,611.5,609.8,610.2,109.8865
2026-06-14T08:00:00+00:00,610.2,611.6,610.1,610.6,128.6905
2026-06-14T09:00:00+00:00,610.6,613.0,609.6,612.0,180.1889
2026-06-14T10:00:00+00:00,612.0,613.1,610.9,611.0,282.82668
2026-06-14T11:00:00+00:00,611.0,613.0,611.0,612.2,152.0406
2026-06-14T12:00:00+00:00,612.2,612.5,609.9,611.1,160.9503
2026-06-14T13:00:00+00:00,611.1,612.1,610.9,611.1,156.3466
2026-06-14T14:00:00+00:00,611.1,611.7,605.3,605.8,495.3645
2026-06-14T15:00:00+00:00,605.8,608.2,605.6,608.0,124.2057
2026-06-14T16:00:00+00:00,608.0,608.6,605.9,606.1,152.1824
2026-06-14T17:00:00+00:00,606.1,607.4,603.8,604.0,338.78574
2026-06-14T18:00:00+00:00,604.0,605.4,603.6,604.3,220.0797
2026-06-14T19:00:00+00:00,604.3,604.8,602.9,603.2,835.5854
2026-06-14T20:00:00+00:00,603.2,605.7,602.9,605.0,121.75603
2026-06-14T21:00:00+00:00,605.0,617.2,604.8,614.6,493.75213
2026-06-14T22:00:00+00:00,614.6,616.5,611.8,614.2,295.13663
2026-06-14T23:00:00+00:00,614.2,616.8,612.9,616.8,173.06793
2026-06-15T00:00:00+00:00,616.8,618.0,614.6,615.5,235.5192
2026-06-15T01:00:00+00:00,615.5,616.2,613.1,613.5,92.12598
2026-06-15T02:00:00+00:00,613.5,616.7,612.6,615.5,89.72373
2026-06-15T03:00:00+00:00,615.5,618.1,615.3,617.7,392.22106
2026-06-15T04:00:00+00:00,617.7,617.8,615.7,616.5,237.47195
2026-06-15T05:00:00+00:00,616.5,618.1,615.9,617.6,102.8547
2026-06-15T06:00:00+00:00,617.6,618.9,616.3,617.3,144.41573
2026-06-15T07:00:00+00:00,617.3,617.5,615.3,615.4,245.87745
2026-06-15T08:00:00+00:00,615.4,617.0,615.2,616.0,107.6253
2026-06-15T09:00:00+00:00,616.0,616.2,612.7,614.2,294.59638
2026-06-15T10:00:00+00:00,614.2,618.4,614.1,617.4,424.48802
2026-06-15T11:00:00+00:00,617.4,622.8,616.5,620.7,626.19256
2026-06-15T12:00:00+00:00,620.7,624.5,619.5,624.5,382.66791
2026-06-15T13:00:00+00:00,624.5,632.8,623.7,626.3,873.86975
2026-06-15T14:00:00+00:00,626.3,629.2,625.3,628.1,363.79526
2026-06-15T15:00:00+00:00,628.1,630.0,624.3,628.9,492.73158
2026-06-15T16:00:00+00:00,628.9,629.4,627.0,627.6,227.3008
2026-06-15T17:00:00+00:00,627.6,627.6,623.8,625.2,224.97595
2026-06-15T18:00:00+00:00,625.2,625.2,621.8,621.8,226.30467
2026-06-15T19:00:00+00:00,621.8,624.0,618.5,620.7,461.29454
2026-06-15T20:00:00+00:00,620.7,621.6,619.2,619.4,268.092
2026-06-15T21:00:00+00:00,619.4,620.8,617.9,619.1,214.46895
2026-06-15T22:00:00+00:00,619.1,620.1,615.6,615.6,222.63838
2026-06-15T23:00:00+00:00,615.6,617.9,615.2,617.8,95.79736
2026-06-16T00:00:00+00:00,617.8,619.0,615.3,615.7,389.43423
2026-06-16T01:00:00+00:00,615.7,617.8,615.5,615.7,127.6865
2026-06-16T02:00:00+00:00,615.7,615.7,610.9,612.3,339.83031
2026-06-16T03:00:00+00:00,612.3,615.2,611.5,615.0,412.55386
2026-06-16T04:00:00+00:00,615.0,615.8,611.5,612.6,355.035
2026-06-16T05:00:00+00:00,612.6,614.8,612.6,613.4,155.204
2026-06-16T06:00:00+00:00,613.4,616.3,613.4,615.2,245.6409
2026-06-16T07:00:00+00:00,615.2,619.0,615.2,615.6,537.43925
2026-06-16T08:00:00+00:00,615.6,619.4,615.3,618.9,439.30733
2026-06-16T09:00:00+00:00,618.9,619.2,614.5,615.1,539.1015
2026-06-16T10:00:00+00:00,615.1,616.2,613.3,613.8,425.46
2026-06-16T11:00:00+00:00,613.8,614.8,613.0,614.1,422.1887
2026-06-16T12:00:00+00:00,614.1,617.8,613.1,614.4,484.32089
2026-06-16T13:00:00+00:00,614.4,614.4,601.0,606.1,4802.72398
2026-06-16T14:00:00+00:00,606.1,607.9,602.1,605.4,861.25039
2026-06-16T15:00:00+00:00,605.4,607.7,604.7,606.4,196.62789
2026-06-16T16:00:00+00:00,606.4,607.9,603.9,604.1,381.0285
2026-06-16T17:00:00+00:00,604.1,608.6,603.8,607.8,220.02669
2026-06-16T18:00:00+00:00,607.8,610.5,607.0,607.7,264.12043
2026-06-16T19:00:00+00:00,607.7,608.0,605.8,607.0,100.671
2026-06-16T20:00:00+00:00,607.0,608.8,606.4,608.1,160.1309
2026-06-16T21:00:00+00:00,608.1,608.4,605.9,607.3,122.285
2026-06-16T22:00:00+00:00,607.3,607.9,605.4,606.3,64.1178
2026-06-16T23:00:00+00:00,606.3,607.0,604.6,605.0,93.60975
2026-06-17T00:00:00+00:00,605.0,606.5,604.8,605.0,86.8783
2026-06-17T01:00:00+00:00,605.0,607.7,603.2,607.4,108.03487
2026-06-17T02:00:00+00:00,607.4,608.5,604.2,605.2,123.77775
2026-06-17T03:00:00+00:00,605.2,605.6,603.9,604.5,38.9865
2026-06-17T04:00:00+00:00,604.5,609.3,604.4,607.6,158.96713
2026-06-17T05:00:00+00:00,607.6,609.7,606.6,608.0,55.67933
2026-06-17T06:00:00+00:00,608.0,608.2,605.3,607.0,171.5017
2026-06-17T07:00:00+00:00,607.0,607.9,605.0,606.6,104.3902
2026-06-17T08:00:00+00:00,606.6,606.6,601.4,602.4,290.99926
2026-06-17T09:00:00+00:00,602.4,603.1,601.0,601.4,258.0539
2026-06-17T10:00:00+00:00,601.4,603.1,601.1,601.9,40.7221
2026-06-17T11:00:00+00:00,601.9,604.7,601.0,604.0,120.2926
2026-06-17T12:00:00+00:00,604.0,609.7,603.7,609.6,237.70248
2026-06-17T13:00:00+00:00,609.6,612.6,608.7,608.8,440.27116
2026-06-17T14:00:00+00:00,608.8,608.8,601.1,601.8,651.77294
2026-06-17T15:00:00+00:00,601.8,606.2,601.8,605.5,277.26245
2026-06-17T16:00:00+00:00,605.5,609.5,602.4,605.6,620.82205
2026-06-17T17:00:00+00:00,605.6,609.2,605.1,608.7,175.14563
2026-06-17T18:00:00+00:00,608.7,609.7,600.2,607.7,680.62439
2026-06-17T19:00:00+00:00,607.7,609.2,596.9,598.6,672.88899
2026-06-17T20:00:00+00:00,598.6,601.1,597.6,600.8,169.36409
2026-06-17T21:00:00+00:00,600.8,601.9,599.1,599.4,90.741
2026-06-17T22:00:00+00:00,599.4,600.9,595.2,599.4,151.76872
2026-06-17T23:00:00+00:00,599.4,602.2,599.4,601.6,35.66513
2026-06-18T00:00:00+00:00,601.6,603.3,601.4,602.3,62.96555
2026-06-18T01:00:00+00:00,602.3,604.0,600.9,601.8,43.78495
2026-06-18T02:00:00+00:00,601.8,603.4,600.7,601.8,117.40933
2026-06-18T03:00:00+00:00,601.8,601.9,596.3,596.6,106.71523
2026-06-18T04:00:00+00:00,596.6,596.9,590.7,591.3,264.2761
2026-06-18T05:00:00+00:00,591.3,591.4,587.5,589.6,336.68241
2026-06-18T06:00:00+00:00,589.6,590.3,587.4,589.4,206.09343
2026-06-18T07:00:00+00:00,589.4,590.5,588.0,589.7,227.43163
2026-06-18T08:00:00+00:00,589.7,592.6,589.0,591.5,265.45213
2026-06-18T09:00:00+00:00,591.5,592.6,590.2,590.4,128.4149
2026-06-18T10:00:00+00:00,590.4,591.0,588.7,590.3,248.3012
2026-06-18T11:00:00+00:00,590.3,591.0,588.4,589.6,204.6209
2026-06-18T12:00:00+00:00,589.6,591.7,588.9,591.3,351.3543
2026-06-18T13:00:00+00:00,591.3,592.4,587.4,589.4,171.27413
2026-06-18T14:00:00+00:00,589.4,592.0,588.2,589.5,195.4068
2026-06-18T15:00:00+00:00,589.5,589.5,573.0,573.6,1229.32942
2026-06-18T16:00:00+00:00,573.6,579.7,573.4,577.4,1621.95232
2026-06-18T17:00:00+00:00,577.4,578.0,574.4,575.9,943.49887
2026-06-18T18:00:00+00:00,575.9,577.6,574.8,576.1,838.62638
2026-06-18T19:00:00+00:00,576.1,579.3,575.5,578.8,579.57493
2026-06-18T20:00:00+00:00,578.8,580.9,578.8,579.7,396.41083
2026-06-18T21:00:00+00:00,579.7,580.0,577.9,579.4,279.1282
2026-06-18T22:00:00+00:00,579.4,580.6,577.4,578.1,328.6603
2026-06-18T23:00:00+00:00,578.1,578.8,576.8,578.4,298.16423
2026-06-19T00:00:00+00:00,578.4,579.8,577.5,579.1,306.736
2026-06-19T01:00:00+00:00,579.1,582.3,579.1,581.7,223.21121
2026-06-19T02:00:00+00:00,581.7,582.7,580.3,582.3,183.9856
2026-06-19T03:00:00+00:00,582.3,583.3,575.8,577.9,1082.34483
2026-06-19T04:00:00+00:00,577.9,578.8,570.7,572.5,457.15095
2026-06-19T05:00:00+00:00,572.5,575.8,572.4,575.6,183.49285
2026-06-19T06:00:00+00:00,575.6,576.9,573.3,574.5,138.7939
2026-06-19T07:00:00+00:00,574.5,575.5,572.7,574.8,216.01085
2026-06-19T08:00:00+00:00,574.8,575.0,573.1,573.9,238.5726
2026-06-19T09:00:00+00:00,573.9,574.3,571.0,571.3,175.90863
2026-06-19T10:00:00+00:00,571.3,573.4,570.96,572.9,335.7517
2026-06-19T11:00:00+00:00,572.9,573.9,571.7,573.2,156.0511
2026-06-19T12:00:00+00:00,573.2,576.1,572.0,575.6,208.72995
2026-06-19T13:00:00+00:00,575.6,578.4,573.3,577.4,261.58831
2026-06-19T14:00:00+00:00,577.4,579.0,576.4,577.5,151.7609
2026-06-19T15:00:00+00:00,577.5,579.6,576.4,578.6,124.161
2026-06-19T16:00:00+00:00,578.6,580.6,577.1,577.4,149.51724
2026-06-19T17:00:00+00:00,577.4,580.2,577.1,580.0,270.61983
2026-06-19T18:00:00+00:00,580.0,580.2,578.3,579.2,98.9237
2026-06-19T19:00:00+00:00,579.2,581.8,577.9,579.8,172.20111
2026-06-19T20:00:00+00:00,579.8,581.7,578.9,581.6,136.18538
2026-06-19T21:00:00+00:00,581.6,582.5,579.7,579.9,111.8456
2026-06-19T22:00:00+00:00,579.9,581.6,579.7,580.5,40.3833
2026-06-19T23:00:00+00:00,580.5,582.3,580.0,581.4,60.6606
2026-06-20T00:00:00+00:00,581.4,582.6,580.7,581.0,143.7476
2026-06-20T01:00:00+00:00,581.0,582.0,580.5,581.3,73.0925
2026-06-20T02:00:00+00:00,581.3,581.4,580.2,580.2,58.523
2026-06-20T03:00:00+00:00,580.2,581.3,580.1,580.6,30.469
2026-06-20T04:00:00+00:00,580.6,581.3,580.4,581.1,57.3702
2026-06-20T05:00:00+00:00,581.1,584.4,581.0,582.9,157.77932
2026-06-20T06:00:00+00:00,582.9,588.5,582.9,587.3,198.00303
2026-06-20T07:00:00+00:00,587.3,589.5,585.4,587.7,139.22764
2026-06-20T08:00:00+00:00,587.7,587.9,585.5,585.6,132.74115
2026-06-20T09:00:00+00:00,585.6,588.0,585.6,587.8,86.2655
2026-06-20T10:00:00+00:00,587.8,587.9,585.6,586.9,93.4872
2026-06-20T11:00:00+00:00,586.9,587.8,586.4,586.4,85.8901
2026-06-20T12:00:00+00:00,586.4,587.3,585.8,586.4,72.3339
2026-06-20T13:00:00+00:00,586.4,586.9,583.1,584.8,222.17786
2026-06-20T14:00:00+00:00,584.8,588.3,582.0,586.0,313.08893
2026-06-20T15:00:00+00:00,586.0,589.1,585.1,587.1,192.43413
2026-06-20T16:00:00+00:00,587.1,587.5,585.5,586.9,84.51925
2026-06-20T17:00:00+00:00,586.9,586.9,584.1,585.3,97.0983
2026-06-20T18:00:00+00:00,585.3,587.0,585.3,585.3,73.7112
2026-06-20T19:00:00+00:00,585.3,586.6,585.3,586.0,50.1649
2026-06-20T20:00:00+00:00,586.0,586.6,585.0,586.5,39.3283
2026-06-20T21:00:00+00:00,586.5,587.3,585.8,586.6,44.8076
2026-06-20T22:00:00+00:00,586.6,588.6,586.3,588.1,126.19523
2026-06-20T23:00:00+00:00,588.1,588.6,587.5,587.9,115.5875
2026-06-21T00:00:00+00:00,587.9,588.7,587.5,587.6,51.7394
2026-06-21T01:00:00+00:00,587.6,590.4,587.0,589.6,111.95082
2026-06-21T02:00:00+00:00,589.6,589.7,588.5,589.5,38.8106
2026-06-21T03:00:00+00:00,589.5,591.1,589.2,590.4,118.44646
2026-06-21T04:00:00+00:00,590.4,590.9,589.2,589.3,107.6421
2026-06-21T05:00:00+00:00,589.3,590.6,588.9,589.8,96.7669
2026-06-21T06:00:00+00:00,589.8,591.8,589.1,590.3,152.3119
2026-06-21T07:00:00+00:00,590.3,591.9,589.5,591.0,233.3819
2026-06-21T08:00:00+00:00,591.0,591.1,587.5,588.8,279.3452
2026-06-21T09:00:00+00:00,588.8,590.5,588.3,590.1,144.51633
2026-06-21T10:00:00+00:00,590.1,592.0,589.9,590.1,135.673
2026-06-21T11:00:00+00:00,590.1,590.8,588.1,588.5,115.6127
2026-06-21T12:00:00+00:00,588.5,588.6,585.3,587.2,387.36355
2026-06-21T13:00:00+00:00,587.2,588.9,586.9,588.5,121.6118
2026-06-21T14:00:00+00:00,588.5,589.9,587.9,589.9,232.803
2026-06-21T15:00:00+00:00,589.9,590.6,589.0,589.9,246.52861
2026-06-21T16:00:00+00:00,589.9,590.4,588.8,589.9,178.6888
2026-06-21T17:00:00+00:00,589.9,591.7,589.8,591.0,228.0109
2026-06-21T18:00:00+00:00,591.0,592.1,589.2,591.8,265.4338
2026-06-21T19:00:00+00:00,591.8,592.6,591.6,592.1,131.08203
2026-06-21T20:00:00+00:00,592.1,592.1,587.6,588.6,180.41435
2026-06-21T21:00:00+00:00,588.6,588.9,585.4,587.9,445.14363
2026-06-21T22:00:00+00:00,587.9,589.0,585.7,587.6,202.13895
2026-06-21T23:00:00+00:00,587.6,587.6,583.7,584.5,108.46553
2026-06-22T00:00:00+00:00,584.5,589.6,584.2,588.0,208.19515
2026-06-22T01:00:00+00:00,588.0,595.7,587.3,594.7,700.27049
2026-06-22T02:00:00+00:00,594.7,594.8,591.4,591.4,182.37975
2026-06-22T03:00:00+00:00,591.4,592.8,589.2,590.1,173.61801
2026-06-22T04:00:00+00:00,590.1,590.7,589.4,590.6,57.2689
2026-06-22T05:00:00+00:00,590.6,593.0,590.2,593.0,100.16533
2026-06-22T06:00:00+00:00,593.0,594.2,590.6,590.9,181.52406
2026-06-22T07:00:00+00:00,590.9,595.3,590.7,594.1,473.91973
2026-06-22T08:00:00+00:00,594.1,595.0,592.5,593.2,246.3083
2026-06-22T09:00:00+00:00,593.2,593.8,592.5,593.1,398.9903
2026-06-22T10:00:00+00:00,593.1,593.4,591.4,592.3,96.34485
2026-06-22T11:00:00+00:00,592.3,598.3,591.8,597.4,404.33802
2026-06-22T12:00:00+00:00,597.4,601.0,597.4,600.7,519.29369
2026-06-22T13:00:00+00:00,600.7,602.5,599.4,602.3,477.60467
2026-06-22T14:00:00+00:00,602.3,602.4,596.3,598.0,712.52173
2026-06-22T15:00:00+00:00,598.0,599.5,595.6,596.4,318.69091
2026-06-22T16:00:00+00:00,596.4,596.4,592.7,594.9,348.15407
2026-06-22T17:00:00+00:00,594.9,595.9,593.3,595.6,106.6153
2026-06-22T18:00:00+00:00,595.6,597.0,593.3,593.4,229.22088
2026-06-22T19:00:00+00:00,593.4,594.2,590.3,592.2,221.47877
2026-06-22T20:00:00+00:00,592.2,593.3,590.0,591.7,132.46878
2026-06-22T21:00:00+00:00,591.7,592.2,589.3,591.4,84.59375
2026-06-22T22:00:00+00:00,591.4,592.1,588.0,590.1,200.6593
2026-06-22T23:00:00+00:00,590.1,591.2,589.1,590.3,128.1433
2026-06-23T00:00:00+00:00,590.3,591.8,588.9,591.5,487.8789
2026-06-23T01:00:00+00:00,591.5,592.2,588.1,590.4,81.0695
2026-06-23T02:00:00+00:00,590.4,592.9,589.9,592.8,45.0598
2026-06-23T03:00:00+00:00,592.8,592.8,589.8,592.0,58.36573
2026-06-23T04:00:00+00:00,592.0,592.3,587.2,587.3,86.99578
2026-06-23T05:00:00+00:00,587.3,588.0,585.0,585.3,114.55109
2026-06-23T06:00:00+00:00,585.3,585.9,577.5,581.1,483.96919
2026-06-23T07:00:00+00:00,581.1,582.7,580.7,580.9,99.2747
2026-06-23T08:00:00+00:00,580.9,581.4,570.5,573.9,552.22782
2026-06-23T09:00:00+00:00,573.9,574.8,571.4,571.9,203.99865
2026-06-23T10:00:00+00:00,571.9,573.5,570.8,572.1,354.96185
2026-06-23T11:00:00+00:00,572.1,574.6,571.5,573.8,380.87463
2026-06-23T12:00:00+00:00,573.8,575.4,572.9,573.5,286.9717
2026-06-23T13:00:00+00:00,573.5,575.3,571.1,575.0,728.80653
2026-06-23T14:00:00+00:00,575.0,576.8,573.1,573.5,702.5589
2026-06-23T15:00:00+00:00,573.5,574.8,571.9,574.4,343.1782
2026-06-23T16:00:00+00:00,574.4,577.1,574.0,574.7,238.44313
2026-06-23T17:00:00+00:00,574.7,575.7,573.2,573.9,171.1145
2026-06-23T18:00:00+00:00,573.9,575.0,572.5,573.6,176.07885
2026-06-23T19:00:00+00:00,573.6,576.5,573.6,576.1,325.58953
2026-06-23T20:00:00+00:00,576.1,577.0,575.4,576.2,102.6613
2026-06-23T21:00:00+00:00,576.2,577.6,575.9,576.8,300.64689
2026-06-23T22:00:00+00:00,576.8,578.2,576.4,577.6,164.0917
2026-06-23T23:00:00+00:00,577.6,579.0,576.5,578.0,105.2657
2026-06-24T00:00:00+00:00,578.0,581.0,577.9,579.6,155.66883
2026-06-24T01:00:00+00:00,579.6,581.5,578.7,579.5,159.7877
2026-06-24T02:00:00+00:00,579.5,579.6,577.4,577.4,151.498
2026-06-24T03:00:00+00:00,577.4,578.7,575.3,577.9,124.28153
2026-06-24T04:00:00+00:00,577.9,578.7,574.3,577.5,114.27788
2026-06-24T05:00:00+00:00,577.5,581.2,577.2,579.9,74.23002
2026-06-24T06:00:00+00:00,579.9,580.6,578.8,579.0,69.7542
2026-06-24T07:00:00+00:00,579.0,579.1,576.3,576.9,241.41283
2026-06-24T08:00:00+00:00,576.9,578.0,576.5,577.9,201.4178
2026-06-24T09:00:00+00:00,577.9,577.9,576.1,577.1,67.2062
2026-06-24T10:00:00+00:00,577.1,577.1,575.3,575.4,212.2675
2026-06-24T11:00:00+00:00,575.4,582.1,573.9,579.8,321.47064
2026-06-24T12:00:00+00:00,579.8,580.4,576.6,576.7,246.53843
2026-06-24T13:00:00+00:00,576.7,577.0,568.2,570.1,683.67546
2026-06-24T14:00:00+00:00,570.1,571.7,567.6,570.4,394.65411
2026-06-24T15:00:00+00:00,570.4,570.4,561.1,561.5,689.259
2026-06-24T16:00:00+00:00,561.5,563.7,551.9,554.9,1557.85657
2026-06-24T17:00:00+00:00,554.9,557.0,546.7,548.8,1504.29311
2026-06-24T18:00:00+00:00,548.8,555.7,547.9,553.3,399.80325
2026-06-24T19:00:00+00:00,553.3,555.5,552.1,555.4,354.5782
2026-06-24T20:00:00+00:00,555.4,564.5,554.6,563.0,859.39195
2026-06-24T21:00:00+00:00,563.0,564.2,559.8,564.2,179.65969
2026-06-24T22:00:00+00:00,564.2,566.1,562.9,563.4,126.27865
2026-06-24T23:00:00+00:00,563.4,564.9,562.7,564.5,33.9104
2026-06-25T00:00:00+00:00,564.5,566.0,563.2,563.8,125.6714
2026-06-25T01:00:00+00:00,563.8,566.7,563.5,566.3,68.88842
2026-06-25T02:00:00+00:00,566.3,567.0,565.2,565.6,57.9616
2026-06-25T03:00:00+00:00,565.6,566.8,564.5,565.9,135.987
2026-06-25T04:00:00+00:00,565.9,569.0,563.9,568.5,148.91065
2026-06-25T05:00:00+00:00,568.5,571.0,568.0,570.2,261.35485
2026-06-25T06:00:00+00:00,570.2,572.8,570.1,571.3,131.201
2026-06-25T07:00:00+00:00,571.3,572.1,570.0,570.5,109.1442
2026-06-25T08:00:00+00:00,570.5,570.6,569.2,569.5,92.9695
2026-06-25T09:00:00+00:00,569.5,570.4,568.49,568.9,192.27138
2026-06-25T10:00:00+00:00,568.9,569.0,563.4,563.7,174.9073
2026-06-25T11:00:00+00:00,563.7,564.3,561.0,562.9,194.7789
2026-06-25T12:00:00+00:00,562.9,566.8,561.2,563.1,419.54675
2026-06-25T13:00:00+00:00,563.1,568.5,540.6,542.1,1602.0291
2026-06-25T14:00:00+00:00,542.1,559.3,542.1,553.1,1689.90941
2026-06-25T15:00:00+00:00,553.1,554.6,548.2,553.9,628.53373
2026-06-25T16:00:00+00:00,553.9,557.3,552.4,554.2,259.33871
2026-06-25T17:00:00+00:00,554.2,559.6,553.2,559.6,266.92393
2026-06-25T18:00:00+00:00,559.6,560.2,554.7,555.5,286.50202
2026-06-25T19:00:00+00:00,555.5,555.7,552.5,554.2,118.64353
2026-06-25T20:00:00+00:00,554.2,557.1,554.2,555.6,185.72885
2026-06-25T21:00:00+00:00,555.6,561.7,555.5,561.4,140.49099
2026-06-25T22:00:00+00:00,561.4,561.4,559.6,560.4,149.5767
2026-06-25T23:00:00+00:00,560.4,563.0,559.4,560.7,197.80535
2026-06-26T00:00:00+00:00,560.7,565.0,560.1,561.0,1542.21095
2026-06-26T01:00:00+00:00,561.0,561.5,557.2,558.5,173.25396
2026-06-26T02:00:00+00:00,558.5,558.7,550.5,552.4,632.83222
2026-06-26T03:00:00+00:00,552.4,563.7,551.0,563.1,579.66143
2026-06-26T04:00:00+00:00,563.1,563.5,559.8,560.4,273.50015
2026-06-26T05:00:00+00:00,560.4,561.9,559.3,561.5,202.9442
2026-06-26T06:00:00+00:00,561.5,565.4,559.1,564.2,241.67899
2026-06-26T07:00:00+00:00,564.2,570.4,564.2,569.6,358.78531
2026-06-26T08:00:00+00:00,569.6,570.1,566.8,568.8,638.5442
2026-06-26T09:00:00+00:00,568.8,568.8,563.7,564.3,651.83011
2026-06-26T10:00:00+00:00,564.3,566.6,563.1,564.2,308.3751
2026-06-26T11:00:00+00:00,564.2,565.8,558.9,559.1,356.80347
2026-06-26T12:00:00+00:00,559.1,561.4,554.5,556.3,1227.2618
2026-06-26T13:00:00+00:00,556.3,564.1,551.7,563.9,642.73127
2026-06-26T14:00:00+00:00,563.9,565.0,559.3,560.2,1614.60045
2026-06-26T15:00:00+00:00,560.2,567.3,559.7,565.5,451.912
2026-06-26T16:00:00+00:00,565.5,569.1,563.1,567.1,631.49562
2026-06-26T17:00:00+00:00,567.1,568.4,566.4,567.8,248.0699
2026-06-26T18:00:00+00:00,567.8,568.6,564.9,565.4,135.76753
2026-06-26T19:00:00+00:00,565.4,568.9,564.9,565.9,354.9867
2026-06-26T20:00:00+00:00,565.9,568.6,564.6,565.2,248.98523
2026-06-26T21:00:00+00:00,565.2,568.4,564.5,568.0,217.14983
2026-06-26T22:00:00+00:00,568.0,568.6,565.8,568.4,156.77742
2026-06-26T23:00:00+00:00,568.4,568.9,567.2,567.7,51.5676
2026-06-27T00:00:00+00:00,567.7,568.7,566.0,567.7,72.0718
2026-06-27T01:00:00+00:00,567.7,567.8,565.7,566.0,61.5435
2026-06-27T02:00:00+00:00,566.0,568.6,565.4,568.1,175.74603
2026-06-27T03:00:00+00:00,568.1,568.1,566.2,567.1,87.8748
2026-06-27T04:00:00+00:00,567.1,568.1,564.5,564.7,148.9283
2026-06-27T05:00:00+00:00,564.7,566.3,564.1,565.6,252.5487
2026-06-27T06:00:00+00:00,565.6,567.0,564.4,565.7,175.0169
2026-06-27T07:00:00+00:00,565.7,565.9,565.1,565.7,118.0062
2026-06-27T08:00:00+00:00,565.7,566.0,564.6,565.7,310.3639
2026-06-27T09:00:00+00:00,565.7,566.0,564.3,564.9,235.3865
2026-06-27T10:00:00+00:00,564.9,564.9,563.8,564.7,206.7639
2026-06-27T11:00:00+00:00,564.7,564.9,562.6,563.3,151.9181
2026-06-27T12:00:00+00:00,563.3,564.8,562.6,564.5,90.2656
2026-06-27T13:00:00+00:00,564.5,565.6,563.9,564.5,262.0644
2026-06-27T14:00:00+00:00,564.5,565.5,563.4,564.7,227.0482
2026-06-27T15:00:00+00:00,564.7,567.2,564.4,565.7,294.30213
2026-06-27T16:00:00+00:00,565.7,566.8,565.0,566.7,188.4372
2026-06-27T17:00:00+00:00,566.7,566.9,563.3,563.3,400.60175
2026-06-27T18:00:00+00:00,563.3,563.6,562.0,562.3,131.9786
2026-06-27T19:00:00+00:00,562.3,563.0,558.0,559.3,233.95458
2026-06-27T20:00:00+00:00,559.3,560.1,559.3,559.7,75.5801
2026-06-27T21:00:00+00:00,559.7,563.2,556.5,557.5,294.12006
2026-06-27T22:00:00+00:00,557.5,559.2,554.6,559.1,169.3525
2026-06-27T23:00:00+00:00,559.1,559.2,557.0,557.4,48.5005
2026-06-28T00:00:00+00:00,557.4,558.5,556.9,558.0,69.5758
2026-06-28T01:00:00+00:00,558.0,558.4,556.7,558.0,24.8407
2026-06-28T02:00:00+00:00,558.0,558.8,556.9,557.6,32.9081
2026-06-28T03:00:00+00:00,557.6,559.0,557.6,558.8,44.4134
2026-06-28T04:00:00+00:00,558.8,558.8,556.8,557.0,55.0212
2026-06-28T05:00:00+00:00,557.0,557.2,554.9,556.1,76.59385
2026-06-28T06:00:00+00:00,556.1,556.4,554.1,555.0,93.0716
2026-06-28T07:00:00+00:00,555.0,556.9,555.0,556.3,71.5458
2026-06-28T08:00:00+00:00,556.3,558.9,555.3,557.5,66.20523
2026-06-28T09:00:00+00:00,557.5,558.1,555.1,555.3,65.7962
2026-06-28T10:00:00+00:00,555.3,556.2,554.2,555.3,77.3657
2026-06-28T11:00:00+00:00,555.3,557.3,555.0,557.1,100.291
2026-06-28T12:00:00+00:00,557.1,557.9,555.4,556.7,79.6097
2026-06-28T13:00:00+00:00,556.7,556.7,554.2,555.3,122.2443
2026-06-28T14:00:00+00:00,555.3,556.9,554.9,554.9,244.1477
2026-06-28T15:00:00+00:00,554.9,556.1,553.7,554.5,196.13345
2026-06-28T16:00:00+00:00,554.5,554.8,551.5,552.4,146.86486
2026-06-28T17:00:00+00:00,552.4,553.4,549.8,551.9,232.74491
2026-06-28T18:00:00+00:00,551.9,553.8,551.3,553.8,175.30582
2026-06-28T19:00:00+00:00,553.8,553.8,547.3,548.6,316.06074
2026-06-28T20:00:00+00:00,548.6,555.3,548.4,550.0,552.76556
2026-06-28T21:00:00+00:00,550.0,551.6,548.5,548.9,114.44595
2026-06-28T22:00:00+00:00,548.9,553.09,545.6,547.2,250.11544
2026-06-28T23:00:00+00:00,547.2,553.3,547.0,551.1,165.09562
2026-06-29T00:00:00+00:00,551.1,553.0,546.7,552.9,204.2338
2026-06-29T01:00:00+00:00,552.9,553.0,549.7,552.4,130.296
2026-06-29T02:00:00+00:00,552.4,554.7,547.3,553.8,223.42367
2026-06-29T03:00:00+00:00,553.8,556.7,553.7,555.3,140.46773
2026-06-29T04:00:00+00:00,555.3,555.3,551.0,551.4,110.44248
2026-06-29T05:00:00+00:00,551.4,553.3,548.3,553.3,130.17019
2026-06-29T06:00:00+00:00,553.3,555.5,553.1,554.0,170.74303
2026-06-29T07:00:00+00:00,554.0,554.7,552.8,553.6,119.0921
2026-06-29T08:00:00+00:00,553.6,554.5,551.5,553.0,184.11655
2026-06-29T09:00:00+00:00,553.0,554.8,552.3,553.7,584.4109
2026-06-29T10:00:00+00:00,553.7,555.8,553.6,553.8,211.0632
2026-06-29T11:00:00+00:00,553.8,554.7,550.5,552.0,266.74463
2026-06-29T12:00:00+00:00,552.0,558.4,549.6,553.3,375.23741
2026-06-29T13:00:00+00:00,553.3,555.8,549.1,550.7,362.65594
2026-06-29T14:00:00+00:00,550.7,551.9,546.3,550.8,306.38775
2026-06-29T15:00:00+00:00,550.8,552.6,547.5,551.9,151.77053
2026-06-29T16:00:00+00:00,551.9,558.9,550.4,556.4,428.1908
2026-06-29T17:00:00+00:00,556.4,562.9,556.1,561.2,430.01747
2026-06-29T18:00:00+00:00,561.2,562.6,560.4,561.2,262.3256
2026-06-29T19:00:00+00:00,561.2,562.6,560.0,561.8,293.35665
2026-06-29T20:00:00+00:00,561.8,562.4,560.1,560.2,141.16995
2026-06-29T21:00:00+00:00,560.2,561.8,559.5,561.3,183.3242
2026-06-29T22:00:00+00:00,561.3,561.9,560.2,560.2,116.7516
2026-06-29T23:00:00+00:00,560.2,560.7,559.4,559.7,125.8128
2026-06-30T00:00:00+00:00,559.7,560.5,555.4,555.9,308.35901
2026-06-30T01:00:00+00:00,555.9,557.2,555.0,555.9,170.0529
2026-06-30T02:00:00+00:00,555.9,557.5,554.6,556.5,118.3926
2026-06-30T03:00:00+00:00,556.5,557.0,553.9,553.9,88.17348
2026-06-30T04:00:00+00:00,553.9,554.8,551.7,553.3,171.7769
2026-06-30T05:00:00+00:00,553.3,554.2,552.0,554.1,210.7887
2026-06-30T06:00:00+00:00,554.1,554.2,552.6,553.4,85.4873
2026-06-30T07:00:00+00:00,553.4,553.6,551.9,552.5,89.702
2026-06-30T08:00:00+00:00,552.5,553.2,549.8,550.3,230.48364
2026-06-30T09:00:00+00:00,550.3,551.3,549.3,549.9,200.76465
2026-06-30T10:00:00+00:00,549.9,550.5,549.3,549.5,73.5171
2026-06-30T11:00:00+00:00,549.5,549.7,547.1,547.8,125.10878
2026-06-30T12:00:00+00:00,547.8,547.8,543.7,543.7,289.34997
2026-06-30T13:00:00+00:00,543.7,548.7,543.6,548.3,279.89408
2026-06-30T14:00:00+00:00,548.3,551.4,545.0,545.6,249.13248
2026-06-30T15:00:00+00:00,545.6,547.4,543.8,544.9,132.12345
2026-06-30T16:00:00+00:00,544.9,548.2,544.8,546.8,223.691
2026-06-30T17:00:00+00:00,546.8,548.7,546.0,546.8,178.8792
2026-06-30T18:00:00+00:00,546.8,548.6,545.5,547.1,94.2762
2026-06-30T19:00:00+00:00,547.1,548.0,545.9,547.4,190.7473
2026-06-30T20:00:00+00:00,547.4,547.7,545.3,545.7,70.9896
2026-06-30T21:00:00+00:00,545.7,545.9,544.2,545.2,99.8977
2026-06-30T22:00:00+00:00,545.2,546.1,544.5,545.0,167.9467
2026-06-30T23:00:00+00:00,545.0,546.8,545.0,546.6,77.4036
2026-07-01T00:00:00+00:00,546.6,548.3,545.3,547.9,223.2543
2026-07-01T01:00:00+00:00,547.9,549.9,539.9,548.1,469.76885
2026-07-01T02:00:00+00:00,548.1,550.6,547.2,549.9,187.21232
2026-07-01T03:00:00+00:00,549.9,552.9,548.8,551.7,385.73768
2026-07-01T04:00:00+00:00,551.7,552.7,550.7,551.2,116.7567
2026-07-01T05:00:00+00:00,551.2,551.7,550.0,551.1,85.0756
2026-07-01T06:00:00+00:00,551.1,551.1,545.0,546.0,252.08476
2026-07-01T07:00:00+00:00,546.0,547.6,545.3,546.9,154.8366
2026-07-01T08:00:00+00:00,546.9,547.3,544.1,547.3,200.76098
2026-07-01T09:00:00+00:00,547.3,547.8,544.7,545.3,178.93816
2026-07-01T10:00:00+00:00,545.3,545.9,542.1,542.4,365.31988
2026-07-01T11:00:00+00:00,542.4,544.6,537.3,542.7,715.06131
2026-07-01T12:00:00+00:00,542.7,543.6,541.4,542.7,182.1319
2026-07-01T13:00:00+00:00,542.7,550.9,542.6,549.2,463.52591
2026-07-01T14:00:00+00:00,549.2,552.5,547.5,549.6,400.31043
2026-07-01T15:00:00+00:00,549.6,555.9,549.6,554.7,658.65619
2026-07-01T16:00:00+00:00,554.7,555.0,551.1,551.9,1197.37075
2026-07-01T17:00:00+00:00,551.9,554.6,550.5,554.4,590.40897
2026-07-01T18:00:00+00:00,554.4,554.6,552.4,553.0,327.5985
2026-07-01T19:00:00+00:00,553.0,554.2,550.6,551.3,443.89905
2026-07-01T20:00:00+00:00,551.3,552.7,550.2,552.7,118.0591
2026-07-01T21:00:00+00:00,552.7,557.2,552.7,556.6,373.79653
2026-07-01T22:00:00+00:00,556.6,559.7,553.3,553.9,507.55311
2026-07-01T23:00:00+00:00,553.9,553.9,550.2,550.6,229.94036
2026-07-02T00:00:00+00:00,550.6,550.6,546.4,547.8,196.40383
2026-07-02T01:00:00+00:00,547.8,551.8,547.8,550.5,373.57469
2026-07-02T02:00:00+00:00,550.5,551.9,549.1,551.1,111.06213
2026-07-02T03:00:00+00:00,551.1,558.0,550.3,557.1,570.48452
2026-07-02T04:00:00+00:00,557.1,557.1,552.9,554.4,146.40725
2026-07-02T05:00:00+00:00,554.4,554.4,552.1,552.1,133.8092
2026-07-02T06:00:00+00:00,552.1,552.3,549.1,549.2,89.13041
2026-07-02T07:00:00+00:00,549.2,550.0,548.8,549.4,215.2578
2026-07-02T08:00:00+00:00,549.4,551.2,549.3,550.9,126.8411
2026-07-02T09:00:00+00:00,550.9,556.0,550.1,554.5,279.45167
2026-07-02T10:00:00+00:00,554.5,556.7,554.0,556.1,247.85332
2026-07-02T11:00:00+00:00,556.1,561.7,555.7,560.1,419.8969
2026-07-02T12:00:00+00:00,560.1,563.4,559.3,563.3,681.70258
2026-07-02T13:00:00+00:00,563.3,567.4,561.7,565.2,1326.90541
2026-07-02T14:00:00+00:00,565.2,566.4,560.2,562.1,886.39646
2026-07-02T15:00:00+00:00,562.1,563.6,560.5,562.7,322.1585
2026-07-02T16:00:00+00:00,562.7,564.2,559.6,562.1,380.36618
2026-07-02T17:00:00+00:00,562.1,563.5,560.1,560.9,366.65298
2026-07-02T18:00:00+00:00,560.9,561.9,560.0,560.2,209.0831
2026-07-02T19:00:00+00:00,560.2,560.6,558.0,558.3,305.10723
2026-07-02T20:00:00+00:00,558.3,558.9,557.5,558.4,80.0907
2026-07-02T21:00:00+00:00,558.4,558.6,557.3,557.5,128.62298
2026-07-02T22:00:00+00:00,557.5,558.3,556.4,557.6,109.9404
2026-07-02T23:00:00+00:00,557.6,559.6,556.8,558.8,146.3081
2026-07-03T00:00:00+00:00,558.8,559.3,557.3,557.9,157.3318
2026-07-03T01:00:00+00:00,557.9,562.0,557.3,561.5,139.65499
2026-07-03T02:00:00+00:00,561.5,561.9,559.1,561.7,99.2404
2026-07-03T03:00:00+00:00,561.7,561.9,559.6,561.2,72.1523
2026-07-03T04:00:00+00:00,561.2,561.5,560.1,560.8,245.3817
2026-07-03T05:00:00+00:00,560.8,563.2,560.4,562.4,477.8607
2026-07-03T06:00:00+00:00,562.4,563.8,561.2,561.6,232.3789
2026-07-03T07:00:00+00:00,561.6,562.4,561.0,561.5,183.7577
2026-07-03T08:00:00+00:00,561.5,564.0,561.4,562.1,191.8549
2026-07-03T09:00:00+00:00,562.1,564.4,561.7,563.0,160.19016
2026-07-03T10:00:00+00:00,563.0,566.6,562.7,566.0,192.88694
2026-07-03T11:00:00+00:00,566.0,567.5,565.2,566.7,152.34369
2026-07-03T12:00:00+00:00,566.7,567.7,564.4,564.9,237.72985
2026-07-03T13:00:00+00:00,564.9,567.8,564.7,566.9,170.58683
2026-07-03T14:00:00+00:00,566.9,566.9,563.3,566.2,223.63743
