timestamp,open,high,low,close,volume
2026-04-11T07:00:00+00:00,72763.7,72830.0,72669.0,72754.3,139.225818
2026-04-11T08:00:00+00:00,72754.3,72800.0,72631.8,72666.1,141.095995
2026-04-11T09:00:00+00:00,72666.1,72910.7,72623.3,72903.7,244.045302
2026-04-11T10:00:00+00:00,72903.7,72914.9,72769.5,72841.2,182.268833
2026-04-11T11:00:00+00:00,72841.2,72916.0,72820.4,72914.7,126.696325
2026-04-11T12:00:00+00:00,72914.7,72982.3,72807.0,72932.6,160.911269
2026-04-11T13:00:00+00:00,72932.6,72932.7,72518.0,72657.9,364.497065
2026-04-11T14:00:00+00:00,72657.9,72769.3,72604.3,72700.2,151.447111
2026-04-11T15:00:00+00:00,72700.2,72900.0,72672.0,72857.6,178.338867
2026-04-11T16:00:00+00:00,72857.6,73236.5,72819.7,73044.9,311.434994
2026-04-11T17:00:00+00:00,73044.9,73176.8,72947.4,73098.1,199.846021
2026-04-11T18:00:00+00:00,73098.1,73742.0,73037.3,73558.8,545.215768
2026-04-11T19:00:00+00:00,73558.8,73809.1,73471.9,73689.0,453.412261
2026-04-11T20:00:00+00:00,73689.0,73699.6,73227.3,73299.5,297.010315
2026-04-11T21:00:00+00:00,73299.5,73546.7,73203.0,73432.3,218.338592
2026-04-11T22:00:00+00:00,73432.3,73574.8,73240.0,73374.7,258.42834
2026-04-11T23:00:00+00:00,73374.7,73374.7,72907.2,73048.5,276.391086
2026-04-12T00:00:00+00:00,73048.5,73122.1,72852.6,73080.2,227.090357
2026-04-12T01:00:00+00:00,73080.2,73140.4,71306.6,71645.6,963.620524
2026-04-12T02:00:00+00:00,71645.6,71978.3,71347.3,71766.8,580.332351
2026-04-12T03:00:00+00:00,71766.8,71866.3,71594.2,71601.4,304.478384
2026-04-12T04:00:00+00:00,71601.4,71690.4,71447.6,71472.6,283.201569
2026-04-12T05:00:00+00:00,71472.6,71787.4,71416.8,71705.6,212.878597
2026-04-12T06:00:00+00:00,71705.6,71754.3,71642.2,71657.5,148.719098
2026-04-12T07:00:00+00:00,71657.5,71752.4,71589.6,71676.3,161.42102
2026-04-12T08:00:00+00:00,71676.3,71780.6,71593.6,71630.1,181.906199
2026-04-12T09:00:00+00:00,71630.1,71634.5,71510.8,71535.7,126.730238
2026-04-12T10:00:00+00:00,71535.7,71688.3,71351.1,71448.2,216.522918
2026-04-12T11:00:00+00:00,71448.2,71541.1,71416.2,71464.4,164.865157
2026-04-12T12:00:00+00:00,71464.4,71500.0,71059.3,71078.8,367.543288
2026-04-12T13:00:00+00:00,71078.8,71144.2,70862.9,70894.1,547.539949
2026-04-12T14:00:00+00:00,70894.1,71095.4,70696.0,70744.4,391.186325
2026-04-12T15:00:00+00:00,70744.4,70937.3,70600.0,70889.5,303.37112
2026-04-12T16:00:00+00:00,70889.5,70953.4,70813.1,70926.5,177.721406
2026-04-12T17:00:00+00:00,70926.5,71214.5,70895.1,71138.0,254.05733
2026-04-12T18:00:00+00:00,71138.0,71227.2,71051.7,71125.1,200.890179
2026-04-12T19:00:00+00:00,71125.1,71228.6,71060.5,71088.1,134.823669
2026-04-12T20:00:00+00:00,71088.1,71438.8,70950.0,71335.0,270.671203
2026-04-12T21:00:00+00:00,71335.0,71454.9,71153.8,71363.4,271.66173
2026-04-12T22:00:00+00:00,71363.4,71378.2,70504.4,70905.8,708.854433
2026-04-12T23:00:00+00:00,70905.8,70907.2,70561.4,70742.7,348.693965
2026-04-13T00:00:00+00:00,70742.7,71261.8,70606.3,71165.7,409.524067
2026-04-13T01:00:00+00:00,71165.7,71227.3,71028.4,71194.4,345.767588
2026-04-13T02:00:00+00:00,71194.4,71280.0,70984.7,71082.3,386.144111
2026-04-13T03:00:00+00:00,71082.3,71164.2,70918.5,70984.0,267.185935
2026-04-13T04:00:00+00:00,70984.0,71154.7,70859.3,70901.6,251.174923
2026-04-13T05:00:00+00:00,70901.6,70928.4,70680.1,70879.6,312.46369
2026-04-13T06:00:00+00:00,70879.6,71104.0,70875.7,71029.0,296.800839
2026-04-13T07:00:00+00:00,71029.0,71074.2,70690.0,70820.9,327.938125
2026-04-13T08:00:00+00:00,70820.9,70873.0,70571.4,70681.9,428.917696
2026-04-13T09:00:00+00:00,70681.9,70906.8,70677.6,70798.5,250.73681
2026-04-13T10:00:00+00:00,70798.5,70853.4,70690.0,70752.0,223.193766
2026-04-13T11:00:00+00:00,70752.0,70997.1,70738.3,70933.5,321.505768
2026-04-13T12:00:00+00:00,70933.5,71221.2,70760.0,71079.2,492.141038
2026-04-13T13:00:00+00:00,71079.2,71724.1,70817.7,71659.0,1020.572138
2026-04-13T14:00:00+00:00,71659.0,72402.0,71373.9,72395.8,1266.503903
2026-04-13T15:00:00+00:00,72395.8,72470.0,71653.9,71872.9,1011.479872
2026-04-13T16:00:00+00:00,71872.9,72442.8,71676.8,72203.8,1062.375691
2026-04-13T17:00:00+00:00,72203.8,72606.7,72053.6,72149.3,913.96188
2026-04-13T18:00:00+00:00,72149.3,72464.8,72047.7,72429.8,578.140916
2026-04-13T19:00:00+00:00,72429.8,73482.0,72296.7,73320.6,1361.387616
2026-04-13T20:00:00+00:00,73320.6,73400.6,73007.1,73149.3,778.633426
2026-04-13T21:00:00+00:00,73149.3,73366.5,73074.1,73182.2,317.880143
2026-04-13T22:00:00+00:00,73182.2,74750.0,73172.6,74625.1,1561.912018
2026-04-13T23:00:00+00:00,74625.1,74895.7,74392.2,74415.6,894.225107
2026-04-14T00:00:00+00:00,74415.6,74520.3,74104.0,74156.6,688.738647
2026-04-14T01:00:00+00:00,74156.6,74434.1,73970.2,74383.6,467.636541
2026-04-14T02:00:00+00:00,74383.6,74577.2,74286.3,74336.7,523.174153
2026-04-14T03:00:00+00:00,74336.7,74499.5,74251.5,74446.9,278.167707
2026-04-14T04:00:00+00:00,74446.9,74515.3,74361.3,74393.9,228.729751
2026-04-14T05:00:00+00:00,74393.9,74441.8,74165.7,74214.7,272.583774
2026-04-14T06:00:00+00:00,74214.7,74554.2,74214.7,74525.5,314.300428
2026-04-14T07:00:00+00:00,74525.5,74931.6,74429.3,74550.0,638.613787
2026-04-14T08:00:00+00:00,74550.0,74912.8,74454.8,74754.3,535.947073
2026-04-14T09:00:00+00:00,74754.3,74831.4,74388.9,74500.3,1020.209794
2026-04-14T10:00:00+00:00,74500.3,74607.0,74333.0,74343.1,390.204114
2026-04-14T11:00:00+00:00,74343.1,74458.8,74308.0,74377.7,380.127284
2026-04-14T12:00:00+00:00,74377.7,74483.6,74274.6,74450.1,429.291228
2026-04-14T13:00:00+00:00,74450.1,75524.2,74403.8,75520.2,1388.923612
2026-04-14T14:00:00+00:00,75520.2,76050.0,75013.2,75013.2,1613.880217
2026-04-14T15:00:00+00:00,75013.2,75445.1,74561.2,75319.8,1196.199228
2026-04-14T16:00:00+00:00,75319.8,75707.0,74520.0,74648.0,875.474727
2026-04-14T17:00:00+00:00,74648.0,74950.8,74252.9,74743.8,692.424088
2026-04-14T18:00:00+00:00,74743.8,74812.5,73829.5,74091.1,778.592225
2026-04-14T19:00:00+00:00,74091.1,74391.7,73870.9,74226.6,927.098397
2026-04-14T20:00:00+00:00,74226.6,74435.3,74012.8,74101.8,466.546378
2026-04-14T21:00:00+00:00,74101.8,74318.3,73942.4,74270.7,299.636728
2026-04-14T22:00:00+00:00,74270.7,74373.8,73808.3,74031.8,421.21626
2026-04-14T23:00:00+00:00,74031.8,74242.7,74003.7,74144.4,347.011728
2026-04-15T00:00:00+00:00,74144.4,74681.4,74125.2,74569.6,533.345791
2026-04-15T01:00:00+00:00,74569.6,74792.4,74500.0,74613.0,380.816285
2026-04-15T02:00:00+00:00,74613.0,74700.4,74181.4,74320.0,341.836149
2026-04-15T03:00:00+00:00,74320.0,74370.8,74173.7,74337.9,198.350003
2026-04-15T04:00:00+00:00,74337.9,74438.8,74260.3,74337.6,225.640723
2026-04-15T05:00:00+00:00,74337.6,74438.2,73863.9,74020.0,425.504915
2026-04-15T06:00:00+00:00,74020.0,74047.3,73857.3,73891.2,242.896216
2026-04-15T07:00:00+00:00,73891.2,74014.3,73518.0,73739.8,516.621418
2026-04-15T08:00:00+00:00,73739.8,74211.9,73676.1,74109.4,338.456849
2026-04-15T09:00:00+00:00,74109.4,74178.6,73904.8,74009.9,267.706782
2026-04-15T10:00:00+00:00,74009.9,74254.9,73791.9,73862.1,449.408356
2026-04-15T11:00:00+00:00,73862.1,74259.0,73862.1,74198.0,387.297014
2026-04-15T12:00:00+00:00,74198.0,74468.4,74047.0,74271.4,460.366772
2026-04-15T13:00:00+00:00,74271.4,74438.6,73815.8,74057.3,668.109599
2026-04-15T14:00:00+00:00,74057.3,74505.9,73824.6,74145.6,781.899064
2026-04-15T15:00:00+00:00,74145.6,74303.2,73582.5,73834.8,798.609085
2026-04-15T16:00:00+00:00,73834.8,74175.8,73750.8,73932.8,645.314532
2026-04-15T17:00:00+00:00,73932.8,74236.5,73908.5,74133.1,532.926472
2026-04-15T18:00:00+00:00,74133.1,74400.0,74065.8,74387.1,575.301268
2026-04-15T19:00:00+00:00,74387.1,75282.5,74350.8,75002.6,946.805416
2026-04-15T20:00:00+00:00,75002.6,75044.0,74505.7,74837.2,601.039573
2026-04-15T21:00:00+00:00,74837.2,74861.4,74550.6,74744.9,394.333905
2026-04-15T22:00:00+00:00,74744.9,75433.3,74735.1,74960.2,659.179369
2026-04-15T23:00:00+00:00,74960.2,74963.2,74619.8,74812.9,399.366095
2026-04-16T00:00:00+00:00,74812.9,74872.9,74450.8,74810.8,459.675828
2026-04-16T01:00:00+00:00,74810.8,74810.8,74437.3,74656.9,408.217465
2026-04-16T02:00:00+00:00,74656.9,75265.9,74601.0,74887.0,639.676134
2026-04-16T03:00:00+00:00,74887.0,75157.7,74872.9,74891.3,395.630757
2026-04-16T04:00:00+00:00,74891.3,75171.2,74722.9,74943.8,480.855666
2026-04-16T05:00:00+00:00,74943.8,75142.8,74891.7,75043.9,306.740645
2026-04-16T06:00:00+00:00,75043.9,75114.6,74854.1,75025.7,389.279956
2026-04-16T07:00:00+00:00,75025.7,75080.8,74633.0,74709.7,327.377657
2026-04-16T08:00:00+00:00,74709.7,74754.7,74480.8,74674.0,3300.665358
2026-04-16T09:00:00+00:00,74674.0,74899.0,74589.5,74591.9,395.528264
2026-04-16T10:00:00+00:00,74591.9,74647.0,74275.5,74309.7,583.983756
2026-04-16T11:00:00+00:00,74309.7,74578.4,74281.3,74572.0,578.995236
2026-04-16T12:00:00+00:00,74572.0,74882.0,74569.1,74619.4,438.804679
2026-04-16T13:00:00+00:00,74619.4,75012.5,73292.0,73784.2,1430.460572
2026-04-16T14:00:00+00:00,73784.2,74183.0,73420.6,73970.9,1179.076256
2026-04-16T15:00:00+00:00,73970.9,74891.0,73933.2,74692.8,1013.26844
2026-04-16T16:00:00+00:00,74692.8,74932.0,74063.0,74171.2,775.52526
2026-04-16T17:00:00+00:00,74171.2,74442.1,73904.1,74338.0,729.103122
2026-04-16T18:00:00+00:00,74338.0,75092.6,74237.1,75035.9,784.020228
2026-04-16T19:00:00+00:00,75035.9,75413.1,74730.6,75348.1,885.097121
2026-04-16T20:00:00+00:00,75348.1,75537.9,74999.3,75220.2,588.610897
2026-04-16T21:00:00+00:00,75220.2,75281.1,74792.6,74940.4,420.205939
2026-04-16T22:00:00+00:00,74940.4,75119.7,74831.5,74873.1,396.33139
2026-04-16T23:00:00+00:00,74873.1,75174.5,74838.2,75149.4,375.276315
2026-04-17T00:00:00+00:00,75149.4,75151.2,74882.5,74932.5,376.357132
2026-04-17T01:00:00+00:00,74932.5,75032.2,74561.9,74739.3,465.240398
2026-04-17T02:00:00+00:00,74739.3,74799.7,74530.8,74700.0,249.637808
2026-04-17T03:00:00+00:00,74700.0,74837.4,74600.6,74610.6,286.86826
2026-04-17T04:00:00+00:00,74610.6,74853.2,74586.8,74784.8,189.369317
2026-04-17T05:00:00+00:00,74784.8,74802.0,74551.0,74640.2,253.906067
2026-04-17T06:00:00+00:00,74640.2,74943.3,74596.6,74933.9,263.023571
2026-04-17T07:00:00+00:00,74933.9,75092.1,74928.2,75082.3,352.876812
2026-04-17T08:00:00+00:00,75082.3,75874.0,74985.9,75774.6,713.592171
2026-04-17T09:00:00+00:00,75774.6,76368.2,75511.5,75781.1,1061.845224
2026-04-17T10:00:00+00:00,75781.1,75886.9,75090.7,75272.0,597.347359
2026-04-17T11:00:00+00:00,75272.0,75603.9,75240.9,75588.9,332.352492
2026-04-17T12:00:00+00:00,75588.9,76271.6,75524.4,76238.0,908.091079
2026-04-17T13:00:00+00:00,76238.0,77429.0,76060.6,77347.3,1987.251317
2026-04-17T14:00:00+00:00,77347.3,78066.8,77019.1,77894.6,1648.227085
2026-04-17T15:00:00+00:00,77894.6,77992.0,77430.6,77782.2,980.837517
2026-04-17T16:00:00+00:00,77782.2,78347.9,77706.1,77856.7,930.331489
2026-04-17T17:00:00+00:00,77856.7,77914.5,77097.8,77516.3,1009.002582
2026-04-17T18:00:00+00:00,77516.3,77567.4,77088.0,77160.2,661.262583
2026-04-17T19:00:00+00:00,77160.2,77475.4,76998.9,77398.7,689.903998
2026-04-17T20:00:00+00:00,77398.7,77614.2,77151.9,77328.5,493.43323
2026-04-17T21:00:00+00:00,77328.5,77492.1,77277.6,77440.4,258.648426
2026-04-17T22:00:00+00:00,77440.4,77515.3,77265.1,77299.8,333.463067
2026-04-17T23:00:00+00:00,77299.8,77304.2,76898.3,77059.9,357.57079
2026-04-18T00:00:00+00:00,77059.9,77249.5,76972.5,77166.9,276.782375
2026-04-18T01:00:00+00:00,77166.9,77326.5,77108.1,77209.3,277.705432
2026-04-18T02:00:00+00:00,77209.3,77414.8,77120.0,77285.6,249.791257
2026-04-18T03:00:00+00:00,77285.6,77292.1,76952.9,77004.5,193.861562
2026-04-18T04:00:00+00:00,77004.5,77156.0,76884.8,77106.0,217.233694
2026-04-18T05:00:00+00:00,77106.0,77263.9,77103.9,77129.1,153.879902
2026-04-18T06:00:00+00:00,77129.1,77221.4,77054.1,77122.6,133.141976
2026-04-18T07:00:00+00:00,77122.6,77127.7,76887.0,76992.5,224.84651
2026-04-18T08:00:00+00:00,76992.5,77036.6,76485.0,76725.9,417.390238
2026-04-18T09:00:00+00:00,76725.9,76725.9,76391.9,76596.1,302.104948
2026-04-18T10:00:00+00:00,76596.1,76596.1,76130.1,76192.4,413.206748
2026-04-18T11:00:00+00:00,76192.4,76192.4,75760.7,76036.7,515.965234
2026-04-18T12:00:00+00:00,76036.7,76294.9,76036.7,76202.8,364.513397
2026-04-18T13:00:00+00:00,76202.8,76211.3,75787.2,76112.2,322.222003
2026-04-18T14:00:00+00:00,76112.2,76296.4,75969.0,76248.2,270.342045
2026-04-18T15:00:00+00:00,76248.2,76376.8,75994.4,76158.5,224.664263
2026-04-18T16:00:00+00:00,76158.5,76214.2,75671.1,75937.3,332.076532
2026-04-18T17:00:00+00:00,75937.3,75959.5,75768.1,75828.7,189.531672
2026-04-18T18:00:00+00:00,75828.7,75846.4,75436.4,75638.8,388.863075
2026-04-18T19:00:00+00:00,75638.8,75798.3,75572.6,75647.6,164.537356
2026-04-18T20:00:00+00:00,75647.6,75834.2,75600.8,75746.5,200.2272
2026-04-18T21:00:00+00:00,75746.5,75834.0,75593.5,75811.2,166.264156
2026-04-18T22:00:00+00:00,75811.2,75875.3,75602.0,75814.0,179.456214
2026-04-18T23:00:00+00:00,75814.0,75924.7,75691.1,75693.0,143.073959
2026-04-19T00:00:00+00:00,75693.0,75839.7,75551.7,75668.4,240.791051
2026-04-19T01:00:00+00:00,75668.4,75789.5,75460.2,75617.0,172.53749
2026-04-19T02:00:00+00:00,75617.0,75724.4,75396.7,75489.4,215.451397
2026-04-19T03:00:00+00:00,75489.4,75646.2,75348.5,75510.8,171.044937
2026-04-19T04:00:00+00:00,75510.8,75782.3,75414.5,75664.5,296.628883
2026-04-19T05:00:00+00:00,75664.5,75690.7,75512.0,75548.6,130.567596
2026-04-19T06:00:00+00:00,75548.6,75548.6,75284.4,75394.4,222.537412
2026-04-19T07:00:00+00:00,75394.4,75396.9,74873.1,75256.1,745.289286
2026-04-19T08:00:00+00:00,75256.1,75306.2,75079.8,75256.8,311.244972
2026-04-19T09:00:00+00:00,75256.8,75268.5,74929.5,75017.3,225.467993
2026-04-19T10:00:00+00:00,75017.3,75246.6,74933.8,75219.4,317.462177
2026-04-19T11:00:00+00:00,75219.4,75635.1,75213.2,75600.3,352.971819
2026-04-19T12:00:00+00:00,75600.3,75705.7,75435.1,75572.5,351.259238
2026-04-19T13:00:00+00:00,75572.5,76244.0,75552.7,75924.0,539.143737
2026-04-19T14:00:00+00:00,75924.0,76147.5,75680.1,76028.6,402.355327
2026-04-19T15:00:00+00:00,76028.6,76158.2,75395.5,75854.0,521.320604
2026-04-19T16:00:00+00:00,75854.0,75861.9,75265.2,75387.7,428.419136
2026-04-19T17:00:00+00:00,75387.7,75389.1,74641.3,74790.6,701.468157
2026-04-19T18:00:00+00:00,74790.6,74913.5,74601.1,74775.5,519.350831
2026-04-19T19:00:00+00:00,74775.5,75076.8,74775.5,74961.2,397.893688
2026-04-19T20:00:00+00:00,74961.2,74961.2,74411.7,74633.7,615.280646
2026-04-19T21:00:00+00:00,74633.7,74812.9,74365.6,74422.9,429.885982
2026-04-19T22:00:00+00:00,74422.9,74427.2,73754.2,74040.3,1007.649089
2026-04-19T23:00:00+00:00,74040.3,74055.3,73787.2,73803.0,566.05192
2026-04-20T00:00:00+00:00,73803.0,74357.1,73711.3,74279.2,701.334402
2026-04-20T01:00:00+00:00,74279.2,74750.0,74211.3,74598.4,539.461544
2026-04-20T02:00:00+00:00,74598.4,74631.6,74304.4,74412.2,360.49144
2026-04-20T03:00:00+00:00,74412.2,74646.0,74359.5,74636.3,357.700104
2026-04-20T04:00:00+00:00,74636.3,74642.9,74436.9,74561.5,302.179167
2026-04-20T05:00:00+00:00,74561.5,74561.5,74099.5,74269.3,375.768415
2026-04-20T06:00:00+00:00,74269.3,74895.6,74251.1,74787.4,535.987997
2026-04-20T07:00:00+00:00,74787.4,75575.5,74666.2,74832.5,919.210291
2026-04-20T08:00:00+00:00,74832.5,74999.4,74615.2,74731.4,591.932398
2026-04-20T09:00:00+00:00,74731.4,75236.6,74699.7,75059.8,437.017546
2026-04-20T10:00:00+00:00,75059.8,75403.2,75000.1,75027.3,370.698652
2026-04-20T11:00:00+00:00,75027.3,75281.3,74955.7,75194.8,374.904696
2026-04-20T12:00:00+00:00,75194.8,75653.7,75060.2,75290.3,663.41053
2026-04-20T13:00:00+00:00,75290.3,75430.9,74853.1,75265.0,949.430964
2026-04-20T14:00:00+00:00,75265.0,75768.3,74918.7,75038.6,1282.137779
2026-04-20T15:00:00+00:00,75038.6,75785.2,74670.5,75714.6,1024.211614
2026-04-20T16:00:00+00:00,75714.6,75727.2,75296.3,75341.0,477.5172
2026-04-20T17:00:00+00:00,75341.0,75981.6,75284.0,75895.8,605.342054
2026-04-20T18:00:00+00:00,75895.8,76455.6,75895.8,76425.2,878.754335
2026-04-20T19:00:00+00:00,76425.2,76479.9,76142.5,76292.4,549.673829
2026-04-20T20:00:00+00:00,76292.4,76563.0,76092.3,76266.3,459.281769
2026-04-20T21:00:00+00:00,76266.3,76365.5,75785.5,75946.7,413.611019
2026-04-20T22:00:00+00:00,75946.7,76147.5,75898.7,75969.8,370.468112
2026-04-20T23:00:00+00:00,75969.8,75969.9,75575.5,75832.9,396.892235
2026-04-21T00:00:00+00:00,75832.9,76096.2,75692.7,76090.3,453.036436
2026-04-21T01:00:00+00:00,76090.3,76260.0,75862.3,75931.5,424.240781
2026-04-21T02:00:00+00:00,75931.5,75934.4,75566.2,75581.8,425.444
2026-04-21T03:00:00+00:00,75581.8,75723.8,75486.4,75711.4,335.568825
2026-04-21T04:00:00+00:00,75711.4,75826.2,75598.3,75808.8,255.850624
2026-04-21T05:00:00+00:00,75808.8,75985.3,75780.3,75804.3,317.754479
2026-04-21T06:00:00+00:00,75804.3,76128.8,75703.8,75977.1,294.551559
2026-04-21T07:00:00+00:00,75977.1,76305.6,75813.5,76080.9,558.468933
2026-04-21T08:00:00+00:00,76080.9,76932.4,76060.0,76517.2,720.511667
2026-04-21T09:00:00+00:00,76517.2,76599.8,76153.2,76365.0,419.543578
2026-04-21T10:00:00+00:00,76365.0,76874.9,76348.4,76745.3,450.699959
2026-04-21T11:00:00+00:00,76745.3,76757.9,76335.0,76453.7,471.682835
2026-04-21T12:00:00+00:00,76453.7,76533.9,75705.0,76009.3,704.044399
2026-04-21T13:00:00+00:00,76009.3,76179.8,75730.4,75900.2,774.865918
2026-04-21T14:00:00+00:00,75900.2,76595.6,75616.1,75663.5,978.773289
2026-04-21T15:00:00+00:00,75663.5,75979.9,75410.8,75831.3,718.496747
2026-04-21T16:00:00+00:00,75831.3,76187.1,75756.7,75777.6,564.143564
2026-04-21T17:00:00+00:00,75777.6,75923.4,75051.2,75547.4,1016.946209
2026-04-21T18:00:00+00:00,75547.4,75660.5,75306.7,75604.9,540.316103
2026-04-21T19:00:00+00:00,75604.9,75910.5,74814.7,75016.0,931.059995
2026-04-21T20:00:00+00:00,75016.0,75856.1,74974.8,75687.4,820.686061
2026-04-21T21:00:00+00:00,75687.4,75767.5,75452.0,75543.8,246.881785
2026-04-21T22:00:00+00:00,75543.8,75641.1,75285.8,75637.6,388.425028
2026-04-21T23:00:00+00:00,75637.6,76431.6,75616.8,76331.1,447.156206
2026-04-22T00:00:00+00:00,76331.1,76504.2,76221.7,76373.9,503.179878
2026-04-22T01:00:00+00:00,76373.9,76418.7,76134.8,76300.1,341.856663
2026-04-22T02:00:00+00:00,76300.1,77643.5,76217.4,77605.2,1206.689468
2026-04-22T03:00:00+00:00,77605.2,77734.0,77412.5,77528.4,603.616456
2026-04-22T04:00:00+00:00,77528.4,77705.9,77370.7,77520.1,422.088827
2026-04-22T05:00:00+00:00,77520.1,78464.2,77448.7,77992.1,1268.191323
2026-04-22T06:00:00+00:00,77992.1,78035.4,77897.9,78006.3,350.057605
2026-04-22T07:00:00+00:00,78006.3,78154.4,77823.4,78008.9,402.355155
2026-04-22T08:00:00+00:00,78008.9,78210.6,77939.3,78009.1,363.875648
2026-04-22T09:00:00+00:00,78009.1,78192.6,77952.1,78003.0,283.918118
2026-04-22T10:00:00+00:00,78003.0,78181.1,77948.3,78159.2,221.291633
2026-04-22T11:00:00+00:00,78159.2,78403.4,78092.6,78298.8,438.684672
2026-04-22T12:00:00+00:00,78298.8,78520.3,78108.1,78230.7,554.952603
2026-04-22T13:00:00+00:00,78230.7,78842.6,78154.6,78835.0,951.148285
2026-04-22T14:00:00+00:00,78835.0,79177.6,78564.0,79041.3,953.985416
2026-04-22T15:00:00+00:00,79041.3,79400.0,78830.5,79273.4,790.213443
2026-04-22T16:00:00+00:00,79273.4,79472.2,78624.6,78745.0,636.491707
2026-04-22T17:00:00+00:00,78745.0,79032.5,78699.3,78902.5,431.984023
2026-04-22T18:00:00+00:00,78902.5,79164.0,78824.1,79027.7,335.56641
2026-04-22T19:00:00+00:00,79027.7,79069.6,78701.1,78845.2,508.171542
2026-04-22T20:00:00+00:00,78845.2,78918.1,78403.1,78433.8,387.19893
2026-04-22T21:00:00+00:00,78433.8,78829.3,78417.0,78758.8,177.552372
2026-04-22T22:00:00+00:00,78758.8,78832.6,78451.1,78604.2,229.607436
2026-04-22T23:00:00+00:00,78604.2,78611.5,78155.0,78181.7,252.602632
2026-04-23T00:00:00+00:00,78181.7,78588.1,77584.7,78432.5,682.427059
2026-04-23T01:00:00+00:00,78432.5,78481.5,78060.8,78350.4,341.925313
2026-04-23T02:00:00+00:00,78350.4,78361.8,77760.9,77939.2,366.444908
2026-04-23T03:00:00+00:00,77939.2,78028.1,77466.4,77744.2,400.805423
2026-04-23T04:00:00+00:00,77744.2,77947.8,77672.8,77911.4,311.606938
2026-04-23T05:00:00+00:00,77911.4,78105.8,77777.2,78029.6,311.6979
2026-04-23T06:00:00+00:00,78029.6,78340.0,78029.6,78200.9,314.278339
2026-04-23T07:00:00+00:00,78200.9,78244.8,77977.5,78053.1,304.348121
2026-04-23T08:00:00+00:00,78053.1,78176.9,77724.1,77855.7,478.981112
2026-04-23T09:00:00+00:00,77855.7,77860.0,77439.3,77651.9,519.492528
2026-04-23T10:00:00+00:00,77651.9,77713.4,77175.6,77405.1,690.315293
2026-04-23T11:00:00+00:00,77405.1,77747.4,77365.0,77690.1,351.561075
2026-04-23T12:00:00+00:00,77690.1,77871.9,77518.2,77871.9,632.026345
2026-04-23T13:00:00+00:00,77871.9,77913.2,77388.0,77528.0,548.860527
2026-04-23T14:00:00+00:00,77528.0,78207.0,77417.3,78183.2,747.298849
2026-04-23T15:00:00+00:00,78183.2,78665.3,77985.2,78382.0,716.055024
2026-04-23T16:00:00+00:00,78382.0,78519.9,78029.4,78095.9,473.142717
2026-04-23T17:00:00+00:00,78095.9,78187.2,76954.5,77762.8,1002.45595
2026-04-23T18:00:00+00:00,77762.8,78141.4,77663.4,77676.2,525.086176
2026-04-23T19:00:00+00:00,77676.2,77891.7,77594.3,77714.0,378.524691
2026-04-23T20:00:00+00:00,77714.0,78056.8,77642.9,77885.7,276.06644
2026-04-23T21:00:00+00:00,77885.7,78076.3,77792.7,77866.9,184.642396
2026-04-23T22:00:00+00:00,77866.9,78337.0,77866.7,78239.5,311.833125
2026-04-23T23:00:00+00:00,78239.5,78300.0,78034.4,78258.7,217.424091
2026-04-24T00:00:00+00:00,78258.7,78494.3,78161.4,78418.7,295.784903
2026-04-24T01:00:00+00:00,78418.7,78453.2,77945.1,78420.8,334.038431
2026-04-24T02:00:00+00:00,78420.8,78573.9,78068.1,78126.9,263.960067
2026-04-24T03:00:00+00:00,78126.9,78192.9,77560.8,77740.8,319.853446
2026-04-24T04:00:00+00:00,77740.8,77859.7,77470.8,77671.2,238.246757
2026-04-24T05:00:00+00:00,77671.2,78048.6,77460.0,77962.3,333.553712
2026-04-24T06:00:00+00:00,77962.3,77989.7,77765.7,77793.7,183.94262
2026-04-24T07:00:00+00:00,77793.7,77856.1,77545.7,77660.0,225.440693
2026-04-24T08:00:00+00:00,77660.0,78015.4,77574.5,77795.1,339.265428
2026-04-24T09:00:00+00:00,77795.1,77824.6,77415.3,77534.6,307.41165
2026-04-24T10:00:00+00:00,77534.6,77787.74,77451.5,77750.8,254.152347
2026-04-24T11:00:00+00:00,77750.8,78379.4,77750.7,78238.0,812.685788
2026-04-24T12:00:00+00:00,78238.0,78348.2,78001.3,78264.4,425.117488
2026-04-24T13:00:00+00:00,78264.4,78482.3,77908.1,78083.2,898.133249
2026-04-24T14:00:00+00:00,78083.2,78083.2,77681.6,78036.0,586.858363
2026-04-24T15:00:00+00:00,78036.0,78230.4,77562.5,78045.2,713.23884
2026-04-24T16:00:00+00:00,78045.2,78065.2,77581.6,77769.3,600.570958
2026-04-24T17:00:00+00:00,77769.3,77835.2,77482.2,77679.7,520.444739
2026-04-24T18:00:00+00:00,77679.7,77719.8,77360.6,77615.7,387.580809
2026-04-24T19:00:00+00:00,77615.7,77743.7,77526.2,77624.8,342.207054
2026-04-24T20:00:00+00:00,77624.8,77759.5,77450.0,77721.6,282.109251
2026-04-24T21:00:00+00:00,77721.6,77758.3,77536.6,77536.7,171.072887
2026-04-24T22:00:00+00:00,77536.7,77616.5,77257.7,77333.2,244.342878
2026-04-24T23:00:00+00:00,77333.2,77461.9,77331.1,77440.3,125.799203
2026-04-25T00:00:00+00:00,77440.3,77499.8,77309.6,77458.8,124.113246
2026-04-25T01:00:00+00:00,77458.8,77623.4,77440.1,77540.7,106.201313
2026-04-25T02:00:00+00:00,77540.7,77645.1,77500.0,77605.6,79.819891
2026-04-25T03:00:00+00:00,77605.6,77706.1,77550.4,77663.7,112.942314
2026-04-25T04:00:00+00:00,77663.7,77692.6,77598.9,77624.0,63.050175
2026-04-25T05:00:00+00:00,77624.0,77624.0,77485.4,77523.2,85.197823
2026-04-25T06:00:00+00:00,77523.2,77584.7,77483.3,77504.5,76.232968
2026-04-25T07:00:00+00:00,77504.5,77570.8,77450.1,77501.0,106.197335
2026-04-25T08:00:00+00:00,77501.0,77658.8,77487.7,77644.1,105.99401
2026-04-25T09:00:00+00:00,77644.1,77775.6,77585.5,77715.3,111.331921
2026-04-25T10:00:00+00:00,77715.3,77887.6,77715.2,77792.6,122.757668
2026-04-25T11:00:00+00:00,77792.6,77792.6,77614.8,77689.1,128.071039
2026-04-25T12:00:00+00:00,77689.1,77718.7,77546.9,77560.2,114.921412
2026-04-25T13:00:00+00:00,77560.2,77716.8,77560.2,77686.9,102.149957
2026-04-25T14:00:00+00:00,77686.9,77754.1,77634.2,77659.9,87.077203
2026-04-25T15:00:00+00:00,77659.9,77724.0,77315.2,77336.5,182.133979
2026-04-25T16:00:00+00:00,77336.5,77451.9,77142.5,77403.4,319.326534
2026-04-25T17:00:00+00:00,77403.4,77408.4,77205.9,77247.6,147.873961
2026-04-25T18:00:00+00:00,77247.6,77390.4,77209.5,77296.7,123.427057
2026-04-25T19:00:00+00:00,77296.7,77347.1,77187.6,77321.8,107.20608
2026-04-25T20:00:00+00:00,77321.8,77482.5,77306.6,77470.0,82.896138
2026-04-25T21:00:00+00:00,77470.0,77531.6,77416.1,77530.9,135.629024
2026-04-25T22:00:00+00:00,77530.9,77637.0,77497.8,77556.1,135.444431
2026-04-25T23:00:00+00:00,77556.1,77646.5,77526.3,77622.8,102.121875
2026-04-26T00:00:00+00:00,77622.8,77638.8,77451.2,77506.6,147.733392
2026-04-26T01:00:00+00:00,77506.6,77571.0,77453.6,77462.8,103.885894
2026-04-26T02:00:00+00:00,77462.8,77597.4,77455.1,77520.5,81.94759
2026-04-26T03:00:00+00:00,77520.5,77543.7,77326.2,77392.1,89.371479
2026-04-26T04:00:00+00:00,77392.1,77817.5,77379.6,77775.2,185.164597
2026-04-26T05:00:00+00:00,77775.2,78199.2,77718.7,77983.6,418.509075
2026-04-26T06:00:00+00:00,77983.6,78045.2,77892.1,77996.7,126.342304
2026-04-26T07:00:00+00:00,77996.7,78126.4,77966.4,78106.5,115.535372
2026-04-26T08:00:00+00:00,78106.5,78212.9,78020.7,78032.3,170.209798
2026-04-26T09:00:00+00:00,78032.3,78061.2,77929.4,78004.2,101.054899
2026-04-26T10:00:00+00:00,78004.2,78051.7,77956.0,78000.0,89.295237
2026-04-26T11:00:00+00:00,78000.0,78150.0,77999.9,78095.4,108.745581
2026-04-26T12:00:00+00:00,78095.4,78105.4,77767.3,77832.6,201.000825
2026-04-26T13:00:00+00:00,77832.6,77990.6,77792.6,77972.3,177.744433
2026-04-26T14:00:00+00:00,77972.3,78176.4,77878.4,78095.2,263.579074
2026-04-26T15:00:00+00:00,78095.2,78130.3,77983.9,78050.9,157.495692
2026-04-26T16:00:00+00:00,78050.9,78089.2,77933.4,77933.5,153.088282
2026-04-26T17:00:00+00:00,77933.5,78058.2,77850.0,78017.4,201.234448
2026-04-26T18:00:00+00:00,78017.4,78352.8,77985.0,78280.3,308.786282
2026-04-26T19:00:00+00:00,78280.3,78507.3,78014.8,78223.1,453.055005
2026-04-26T20:00:00+00:00,78223.1,78379.4,78152.2,78186.0,180.508376
2026-04-26T21:00:00+00:00,78186.0,78924.6,77845.0,78409.2,596.648985
2026-04-26T22:00:00+00:00,78409.2,78849.3,77968.6,78318.4,693.960625
2026-04-26T23:00:00+00:00,78318.4,78899.3,78039.5,78662.6,618.344198
2026-04-27T00:00:00+00:00,78662.6,79368.3,78389.2,79298.9,703.260063
2026-04-27T01:00:00+00:00,79298.9,79500.0,78731.1,79283.9,822.34027
2026-04-27T02:00:00+00:00,79283.9,79302.7,79035.7,79130.8,421.908025
2026-04-27T03:00:00+00:00,79130.8,79323.2,79077.0,79114.4,340.691592
2026-04-27T04:00:00+00:00,79114.4,79167.1,78884.8,78929.7,273.781876
2026-04-27T05:00:00+00:00,78929.7,78947.7,77584.7,77787.0,1092.896816
2026-04-27T06:00:00+00:00,77787.0,77868.7,77465.2,77703.7,502.753893
2026-04-27T07:00:00+00:00,77703.7,77743.4,77568.4,77601.6,356.218755
2026-04-27T08:00:00+00:00,77601.6,77816.9,77561.0,77804.0,345.74425
2026-04-27T09:00:00+00:00,77804.0,77983.0,77704.0,77901.7,285.427037
2026-04-27T10:00:00+00:00,77901.7,77942.1,77785.0,77847.2,181.154779
2026-04-27T11:00:00+00:00,77847.2,77886.6,77739.7,77844.0,186.493637
2026-04-27T12:00:00+00:00,77844.0,77871.6,77627.8,77668.2,259.759612
2026-04-27T13:00:00+00:00,77668.2,77964.4,77573.7,77744.5,645.191203
2026-04-27T14:00:00+00:00,77744.5,78268.0,77676.6,77818.1,717.108532
2026-04-27T15:00:00+00:00,77818.1,77834.3,76560.7,76790.3,1338.214647
2026-04-27T16:00:00+00:00,76790.3,76862.4,76550.1,76621.7,472.887687
2026-04-27T17:00:00+00:00,76621.7,76936.0,76621.7,76742.9,448.607942
2026-04-27T18:00:00+00:00,76742.9,76899.2,76666.0,76832.1,270.2138
2026-04-27T19:00:00+00:00,76832.1,76897.8,76458.3,76884.3,396.475353
2026-04-27T20:00:00+00:00,76884.3,77082.5,76838.6,76964.2,258.43619
2026-04-27T21:00:00+00:00,76964.2,76983.8,76786.1,76786.1,148.802268
2026-04-27T22:00:00+00:00,76786.1,77079.9,76762.8,77064.8,232.657654
2026-04-27T23:00:00+00:00,77064.8,77449.4,77013.0,77371.8,256.990863
2026-04-28T00:00:00+00:00,77371.8,77477.9,77207.2,77378.1,412.224413
2026-04-28T01:00:00+00:00,77378.1,77397.8,77037.6,77088.1,230.485405
2026-04-28T02:00:00+00:00,77088.1,77227.1,76678.5,76886.4,421.490615
2026-04-28T03:00:00+00:00,76886.4,76894.8,76661.7,76809.4,209.298606
2026-04-28T04:00:00+00:00,76809.4,76950.0,76691.2,76885.1,248.963102
2026-04-28T05:00:00+00:00,76885.1,77153.4,76808.5,76889.9,314.460223
2026-04-28T06:00:00+00:00,76889.9,77030.9,76583.3,76700.5,338.794626
2026-04-28T07:00:00+00:00,76700.5,76932.4,76384.4,76891.3,706.299029
2026-04-28T08:00:00+00:00,76891.3,76998.0,76748.9,76856.9,434.424083
2026-04-28T09:00:00+00:00,76856.9,76863.4,76494.5,76596.0,304.703247
2026-04-28T10:00:00+00:00,76596.0,76693.7,76482.4,76628.6,325.08307
2026-04-28T11:00:00+00:00,76628.6,76652.4,76128.3,76229.4,636.305649
2026-04-28T12:00:00+00:00,76229.4,76424.0,76165.6,76383.1,444.61925
2026-04-28T13:00:00+00:00,76383.1,76419.4,75970.4,76196.1,804.074055
2026-04-28T14:00:00+00:00,76196.1,76203.0,75662.6,75944.6,809.230021
2026-04-28T15:00:00+00:00,75944.6,76082.4,75830.4,76063.4,524.274781
2026-04-28T16:00:00+00:00,76063.4,76235.9,75882.5,76124.8,369.311685
2026-04-28T17:00:00+00:00,76124.8,76265.4,75951.6,76186.8,359.126356
2026-04-28T18:00:00+00:00,76186.8,76277.8,76129.6,76240.6,352.403853
2026-04-28T19:00:00+00:00,76240.6,76396.4,76068.7,76324.7,298.4172
2026-04-28T20:00:00+00:00,76324.7,76476.8,76321.9,76468.9,203.988197
2026-04-28T21:00:00+00:00,76468.9,76484.0,76267.4,76358.5,202.772195
2026-04-28T22:00:00+00:00,76358.5,76447.2,76219.8,76245.2,137.877847
2026-04-28T23:00:00+00:00,76245.2,76379.3,76190.0,76337.6,134.870045
2026-04-29T00:00:00+00:00,76337.6,76557.4,76270.7,76505.8,271.000943
2026-04-29T01:00:00+00:00,76505.8,76657.3,76185.3,76570.7,361.474301
2026-04-29T02:00:00+00:00,76570.7,76663.4,76400.1,76529.3,277.69626
2026-04-29T03:00:00+00:00,76529.3,77130.9,76518.2,76997.1,583.412492
2026-04-29T04:00:00+00:00,76997.1,77459.3,76885.0,77267.8,543.252127
2026-04-29T05:00:00+00:00,77267.8,77330.4,77194.7,77297.1,304.997189
2026-04-29T06:00:00+00:00,77297.1,77337.0,76938.7,77023.0,411.6398
2026-04-29T07:00:00+00:00,77023.0,77184.0,77006.5,77048.2,193.024371
2026-04-29T08:00:00+00:00,77048.2,77146.5,76963.3,77047.0,273.950934
2026-04-29T09:00:00+00:00,77047.0,77809.0,76965.8,77644.9,497.263875
2026-04-29T10:00:00+00:00,77644.9,77906.1,77555.1,77617.2,346.541623
2026-04-29T11:00:00+00:00,77617.2,77689.3,77491.4,77599.3,241.931322
2026-04-29T12:00:00+00:00,77599.3,77603.0,76994.5,77150.7,472.613574
2026-04-29T13:00:00+00:00,77150.7,77252.1,76422.2,76777.5,861.7827
2026-04-29T14:00:00+00:00,76777.5,76866.9,76480.0,76562.0,681.674114
2026-04-29T15:00:00+00:00,76562.0,76628.8,75708.7,75918.0,636.569064
2026-04-29T16:00:00+00:00,75918.0,76123.8,75694.8,75805.7,551.371148
2026-04-29T17:00:00+00:00,75805.7,76185.5,75804.0,76185.5,307.417804
2026-04-29T18:00:00+00:00,76185.5,76262.8,74936.6,75507.5,1061.201016
2026-04-29T19:00:00+00:00,75507.5,75590.7,75300.6,75555.9,359.024432
2026-04-29T20:00:00+00:00,75555.9,75859.7,75487.1,75675.6,402.967989
2026-04-29T21:00:00+00:00,75675.6,76104.0,75610.6,75931.0,226.070417
2026-04-29T22:00:00+00:00,75931.0,76010.8,75821.1,75925.7,155.575516
2026-04-29T23:00:00+00:00,75925.7,75991.5,75684.4,75782.0,173.746662
2026-04-30T00:00:00+00:00,75782.0,76334.1,75650.6,76249.9,492.229445
2026-04-30T01:00:00+00:00,76249.9,76465.1,76178.8,76234.6,310.614968
2026-04-30T02:00:00+00:00,76234.6,76353.0,75496.5,75700.9,411.368388
2026-04-30T03:00:00+00:00,75700.9,75990.0,75659.1,75926.8,181.020075
2026-04-30T04:00:00+00:00,75926.8,75964.0,75407.2,75488.5,287.681568
2026-04-30T05:00:00+00:00,75488.5,75750.1,75316.6,75600.1,266.338024
2026-04-30T06:00:00+00:00,75600.1,75866.4,75576.7,75757.7,205.575833
2026-04-30T07:00:00+00:00,75757.7,76186.3,75713.1,76178.1,344.515864
2026-04-30T08:00:00+00:00,76178.1,76217.0,76026.7,76061.9,232.24818
2026-04-30T09:00:00+00:00,76061.9,76352.1,76011.0,76103.6,176.777545
2026-04-30T10:00:00+00:00,76103.6,76168.7,75980.3,76034.3,188.957508
2026-04-30T11:00:00+00:00,76034.3,76246.1,75879.4,76066.0,347.035992
2026-04-30T12:00:00+00:00,76066.0,76419.0,76045.1,76305.7,290.620228
2026-04-30T13:00:00+00:00,76305.7,76684.3,76108.0,76418.5,413.235712
2026-04-30T14:00:00+00:00,76418.5,76593.8,76093.9,76303.4,417.245601
2026-04-30T15:00:00+00:00,76303.4,76655.0,76160.1,76466.9,302.384894
2026-04-30T16:00:00+00:00,76466.9,76486.1,76226.1,76263.6,176.579431
2026-04-30T17:00:00+00:00,76263.6,76336.1,76113.7,76244.0,296.015997
2026-04-30T18:00:00+00:00,76244.0,76473.7,76208.9,76344.1,233.350972
2026-04-30T19:00:00+00:00,76344.1,76519.3,76305.0,76406.5,284.447269
2026-04-30T20:00:00+00:00,76406.5,76577.7,76318.1,76495.6,237.310275
2026-04-30T21:00:00+00:00,76495.6,76537.2,76232.3,76247.3,174.81966
2026-04-30T22:00:00+00:00,76247.3,76448.4,76201.3,76237.1,150.563153
2026-04-30T23:00:00+00:00,76237.1,76383.1,76216.4,76338.3,105.622759
2026-05-01T00:00:00+00:00,76338.3,76593.0,76311.6,76450.8,231.960942
2026-05-01T01:00:00+00:00,76450.8,76769.0,76443.4,76683.2,228.49149
2026-05-01T02:00:00+00:00,76683.2,76738.1,76531.9,76597.2,162.844865
2026-05-01T03:00:00+00:00,76597.2,77460.7,76551.4,77124.0,581.795118
2026-05-01T04:00:00+00:00,77124.0,77203.1,76944.7,77042.1,236.425332
2026-05-01T05:00:00+00:00,77042.1,77188.3,77028.4,77169.0,143.668264
2026-05-01T06:00:00+00:00,77169.0,77184.3,76884.8,76992.3,241.983546
2026-05-01T07:00:00+00:00,76992.3,77140.3,76955.5,77116.8,364.752029
2026-05-01T08:00:00+00:00,77116.8,77507.8,76998.7,77373.7,540.04972
2026-05-01T09:00:00+00:00,77373.7,77393.0,77200.3,77273.4,199.282396
2026-05-01T10:00:00+00:00,77273.4,77423.1,77154.4,77300.9,179.665974
2026-05-01T11:00:00+00:00,77300.9,77594.5,77264.5,77458.6,224.362919
2026-05-01T12:00:00+00:00,77458.6,78174.7,77402.2,77900.3,764.672807
2026-05-01T13:00:00+00:00,77900.3,78938.2,77900.3,78743.0,1131.171244
2026-05-01T14:00:00+00:00,78743.0,78897.4,78053.5,78360.2,603.971578
2026-05-01T15:00:00+00:00,78360.2,78753.5,78181.2,78452.4,614.882569
2026-05-01T16:00:00+00:00,78452.4,78697.7,78166.9,78213.8,432.467726
2026-05-01T17:00:00+00:00,78213.8,78590.4,78125.6,78549.5,302.487874
2026-05-01T18:00:00+00:00,78549.5,78627.8,78371.1,78426.3,230.492024
2026-05-01T19:00:00+00:00,78426.3,78542.1,78305.2,78355.8,276.692174
2026-05-01T20:00:00+00:00,78355.8,78436.4,77755.3,77880.2,271.916099
2026-05-01T21:00:00+00:00,77880.2,78202.6,77860.4,78202.6,165.976017
2026-05-01T22:00:00+00:00,78202.6,78408.9,78137.0,78150.7,171.08712
2026-05-01T23:00:00+00:00,78150.7,78244.8,78032.2,78231.3,98.070952
2026-05-02T00:00:00+00:00,78231.3,78390.5,78158.3,78344.6,92.416668
2026-05-02T01:00:00+00:00,78344.6,78431.4,78289.9,78343.1,70.237037
2026-05-02T02:00:00+00:00,78343.1,78514.7,78257.7,78361.9,91.987339
2026-05-02T03:00:00+00:00,78361.9,78521.1,78234.6,78416.4,105.482154
2026-05-02T04:00:00+00:00,78416.4,78458.2,78112.9,78173.3,158.548486
2026-05-02T05:00:00+00:00,78173.3,78236.0,78035.7,78182.1,122.02911
2026-05-02T06:00:00+00:00,78182.1,78364.3,78147.1,78321.7,157.211822
2026-05-02T07:00:00+00:00,78321.7,78342.7,78207.3,78227.3,78.732622
2026-05-02T08:00:00+00:00,78227.3,78361.7,78161.3,78318.0,127.066586
2026-05-02T09:00:00+00:00,78318.0,78399.9,78211.0,78296.3,84.131841
2026-05-02T10:00:00+00:00,78296.3,78326.1,78218.5,78246.8,70.135082
2026-05-02T11:00:00+00:00,78246.8,78246.9,78102.1,78150.0,144.396903
2026-05-02T12:00:00+00:00,78150.0,78269.3,78106.1,78211.8,121.46306
2026-05-02T13:00:00+00:00,78211.8,78435.5,78211.8,78369.6,151.680468
2026-05-02T14:00:00+00:00,78369.6,78487.8,78310.9,78423.2,141.704796
2026-05-02T15:00:00+00:00,78423.2,78490.2,78368.3,78490.2,77.084223
2026-05-02T16:00:00+00:00,78490.2,78598.5,78427.6,78459.0,191.619708
2026-05-02T17:00:00+00:00,78459.0,78488.7,78369.7,78394.9,78.14301
2026-05-02T18:00:00+00:00,78394.9,78493.7,78312.8,78464.9,97.853863
2026-05-02T19:00:00+00:00,78464.9,78522.3,78430.4,78481.0,87.972634
2026-05-02T20:00:00+00:00,78481.0,78487.5,78414.7,78449.5,58.121757
2026-05-02T21:00:00+00:00,78449.5,79165.0,78439.3,78730.4,443.051671
2026-05-02T22:00:00+00:00,78730.4,78878.7,78614.3,78833.6,236.194297
2026-05-02T23:00:00+00:00,78833.6,78833.6,78629.4,78690.4,132.116962
2026-05-03T00:00:00+00:00,78690.4,78765.4,78487.9,78548.1,147.740983
2026-05-03T01:00:00+00:00,78548.1,78548.1,78145.2,78238.5,201.325524
2026-05-03T02:00:00+00:00,78238.5,78317.0,78102.7,78169.4,147.713005
2026-05-03T03:00:00+00:00,78169.4,78211.7,78109.1,78199.2,89.112856
2026-05-03T04:00:00+00:00,78199.2,78233.9,78112.9,78164.3,90.409508
2026-05-03T05:00:00+00:00,78164.3,78255.8,78156.4,78244.5,55.71933
2026-05-03T06:00:00+00:00,78244.5,78335.4,78080.0,78288.6,86.24056
2026-05-03T07:00:00+00:00,78288.6,78454.2,78285.6,78361.2,109.213045
2026-05-03T08:00:00+00:00,78361.2,78500.0,78361.2,78388.8,86.116921
2026-05-03T09:00:00+00:00,78388.8,78600.9,78351.2,78530.1,119.378179
2026-05-03T10:00:00+00:00,78530.1,78534.2,78406.2,78408.8,66.739247
2026-05-03T11:00:00+00:00,78408.8,78849.0,78380.0,78666.0,246.948348
2026-05-03T12:00:00+00:00,78666.0,78887.9,78666.0,78759.3,208.655993
2026-05-03T13:00:00+00:00,78759.3,78782.2,78601.7,78676.5,189.292598
2026-05-03T14:00:00+00:00,78676.5,78790.3,78620.0,78742.2,197.717665
2026-05-03T15:00:00+00:00,78742.2,78814.4,78634.1,78670.6,160.438332
2026-05-03T16:00:00+00:00,78670.6,78779.1,78599.2,78665.4,173.413456
2026-05-03T17:00:00+00:00,78665.4,78826.5,78563.5,78736.8,177.091484
2026-05-03T18:00:00+00:00,78736.8,78764.4,78627.5,78741.6,91.826559
2026-05-03T19:00:00+00:00,78741.6,78861.6,78677.7,78773.2,109.090037
2026-05-03T20:00:00+00:00,78773.2,79341.1,78732.4,78923.0,421.081942
2026-05-03T21:00:00+00:00,78923.0,79072.0,78660.1,78838.0,284.41812
2026-05-03T22:00:00+00:00,78838.0,79450.0,78838.0,79182.1,669.679252
2026-05-03T23:00:00+00:00,79182.1,79301.8,78491.4,78570.4,399.623671
2026-05-04T00:00:00+00:00,78570.4,78573.4,78280.0,78542.9,318.08919
2026-05-04T01:00:00+00:00,78542.9,79860.0,78415.7,79781.6,886.27064
2026-05-04T02:00:00+00:00,79781.6,80432.0,79540.0,80174.5,1046.797676
2026-05-04T03:00:00+00:00,80174.5,80460.3,79929.6,80320.5,473.671517
2026-05-04T04:00:00+00:00,80320.5,80632.5,80238.1,80342.6,358.122941
2026-05-04T05:00:00+00:00,80342.6,80408.2,79957.8,80030.4,265.377854
2026-05-04T06:00:00+00:00,80030.4,80056.5,79500.1,79869.1,312.222567
2026-05-04T07:00:00+00:00,79869.1,79947.3,79678.9,79703.1,200.807143
2026-05-04T08:00:00+00:00,79703.1,79855.0,79593.7,79707.9,282.475007
2026-05-04T09:00:00+00:00,79707.9,79922.4,79643.6,79830.6,191.092326
2026-05-04T10:00:00+00:00,79830.6,79875.4,78204.0,78941.4,1371.153833
2026-05-04T11:00:00+00:00,78941.4,79124.7,78700.0,78789.4,280.60422
2026-05-04T12:00:00+00:00,78789.4,79020.3,78711.6,78852.4,240.198603
2026-05-04T13:00:00+00:00,78852.4,79120.7,78576.4,78792.0,467.002279
2026-05-04T14:00:00+00:00,78792.0,80555.5,78485.3,80211.5,1090.494982
2026-05-04T15:00:00+00:00,80211.5,80376.2,79310.7,80030.6,1000.510013
2026-05-04T16:00:00+00:00,80030.6,80413.8,79616.0,80029.1,654.44675
2026-05-04T17:00:00+00:00,80029.1,80774.5,80022.9,80387.1,428.815849
2026-05-04T18:00:00+00:00,80387.1,80437.7,80041.3,80117.4,270.737299
2026-05-04T19:00:00+00:00,80117.4,80148.3,79874.4,80051.2,204.843477
2026-05-04T20:00:00+00:00,80051.2,80155.9,79887.4,79932.6,237.011513
2026-05-04T21:00:00+00:00,79932.6,80384.9,79932.6,80256.0,126.094543
2026-05-04T22:00:00+00:00,80256.0,80400.0,80048.2,80067.8,149.124174
2026-05-04T23:00:00+00:00,80067.8,80067.9,79750.0,79861.0,174.390537
2026-05-05T00:00:00+00:00,79861.0,80190.7,79794.0,80175.9,201.503077
2026-05-05T01:00:00+00:00,80175.9,80385.2,80073.2,80355.2,148.771638
2026-05-05T02:00:00+00:00,80355.2,80907.3,80300.0,80559.3,295.180446
2026-05-05T03:00:00+00:00,80559.3,81085.5,80460.0,80888.4,365.641125
2026-05-05T04:00:00+00:00,80888.4,80992.6,80728.1,80900.0,222.651703
2026-05-05T05:00:00+00:00,80900.0,81332.3,80833.1,80972.1,389.746219
2026-05-05T06:00:00+00:00,80972.1,81021.6,80798.8,80976.8,219.253301
2026-05-05T07:00:00+00:00,80976.8,81148.8,80840.8,80863.7,217.451524
2026-05-05T08:00:00+00:00,80863.7,80897.7,80725.7,80816.7,180.398339
2026-05-05T09:00:00+00:00,80816.7,80816.7,80523.3,80588.3,141.952196
2026-05-05T10:00:00+00:00,80588.3,80875.1,80527.1,80837.1,220.890913
2026-05-05T11:00:00+00:00,80837.1,81115.1,80783.1,81022.2,254.861798
2026-05-05T12:00:00+00:00,81022.2,81320.5,80932.8,81279.6,242.729615
2026-05-05T13:00:00+00:00,81279.6,81736.1,81194.4,81334.6,718.437164
2026-05-05T14:00:00+00:00,81334.6,81500.0,80941.9,81333.4,611.747941
2026-05-05T15:00:00+00:00,81333.4,81701.3,81228.9,81538.6,320.276963
2026-05-05T16:00:00+00:00,81538.6,81626.1,81045.9,81293.2,328.306048
2026-05-05T17:00:00+00:00,81293.2,81466.7,81185.9,81270.2,201.213814
2026-05-05T18:00:00+00:00,81270.2,81615.7,81270.2,81511.9,192.425023
2026-05-05T19:00:00+00:00,81511.9,81685.2,81403.4,81605.1,238.575027
2026-05-05T20:00:00+00:00,81605.1,81784.9,81508.7,81650.6,332.685469
2026-05-05T21:00:00+00:00,81650.6,81796.6,81316.8,81410.9,260.465213
2026-05-05T22:00:00+00:00,81410.9,81605.7,80810.0,81116.1,451.728175
2026-05-05T23:00:00+00:00,81116.1,81218.1,80783.5,80912.3,254.237946
2026-05-06T00:00:00+00:00,80912.3,81265.1,80721.9,81027.4,289.502065
2026-05-06T01:00:00+00:00,81027.4,81536.7,80986.6,81435.0,197.577068
2026-05-06T02:00:00+00:00,81435.0,81451.0,81042.8,81367.1,178.458359
2026-05-06T03:00:00+00:00,81367.1,81759.6,81354.7,81580.0,226.683531
2026-05-06T04:00:00+00:00,81580.0,81647.9,81267.7,81334.0,187.806789
2026-05-06T05:00:00+00:00,81334.0,81350.1,81046.3,81324.0,169.236633
2026-05-06T06:00:00+00:00,81324.0,81516.0,81206.5,81479.5,158.864306
2026-05-06T07:00:00+00:00,81479.5,81616.0,81310.3,81373.1,205.567212
2026-05-06T08:00:00+00:00,81373.1,82000.0,81320.4,81953.4,509.835378
2026-05-06T09:00:00+00:00,81953.4,82080.5,81685.9,82005.1,499.241739
2026-05-06T10:00:00+00:00,82005.1,82395.8,81954.9,82289.2,478.251195
2026-05-06T11:00:00+00:00,82289.2,82853.0,82260.2,82528.5,561.38772
2026-05-06T12:00:00+00:00,82528.5,82554.3,82159.1,82224.7,386.974819
2026-05-06T13:00:00+00:00,82224.7,82224.8,81600.0,81664.7,762.396978
2026-05-06T14:00:00+00:00,81664.7,81982.7,81135.7,81528.3,745.244982
2026-05-06T15:00:00+00:00,81528.3,81819.3,81313.5,81702.8,381.153431
2026-05-06T16:00:00+00:00,81702.8,81896.3,81422.4,81618.4,403.404266
2026-05-06T17:00:00+00:00,81618.4,81703.6,81379.2,81446.6,289.843147
2026-05-06T18:00:00+00:00,81446.6,81551.4,81262.8,81344.6,317.904514
2026-05-06T19:00:00+00:00,81344.6,81509.2,81186.0,81453.6,238.648699
2026-05-06T20:00:00+00:00,81453.6,81699.4,81288.6,81423.5,270.833857
2026-05-06T21:00:00+00:00,81423.5,81615.4,81292.3,81537.8,137.811812
2026-05-06T22:00:00+00:00,81537.8,81540.0,81236.0,81335.7,163.660312
2026-05-06T23:00:00+00:00,81335.7,81444.2,80974.1,81435.0,230.32248
2026-05-07T00:00:00+00:00,81435.0,81489.4,80972.1,81017.1,263.34089
2026-05-07T01:00:00+00:00,81017.1,81291.0,80831.5,81174.0,278.142986
2026-05-07T02:00:00+00:00,81174.0,81182.9,80889.1,81116.3,269.7675
2026-05-07T03:00:00+00:00,81116.3,81116.3,80833.4,80844.9,153.241007
2026-05-07T04:00:00+00:00,80844.9,80993.6,80728.2,80981.7,184.04596
2026-05-07T05:00:00+00:00,80981.7,81172.3,80973.5,81089.8,143.669961
2026-05-07T06:00:00+00:00,81089.8,81456.2,80889.6,81444.7,253.029543
2026-05-07T07:00:00+00:00,81444.7,81713.2,81393.8,81525.9,269.773045
2026-05-07T08:00:00+00:00,81525.9,81616.7,81206.9,81231.5,244.884176
2026-05-07T09:00:00+00:00,81231.5,81232.4,80850.0,80932.5,341.802991
2026-05-07T10:00:00+00:00,80932.5,81020.7,80581.9,80849.3,280.57766
2026-05-07T11:00:00+00:00,80849.3,81055.1,80790.4,80874.6,261.829095
2026-05-07T12:00:00+00:00,80874.6,81186.8,80844.8,81163.6,252.037204
2026-05-07T13:00:00+00:00,81163.6,81166.3,80259.8,80500.6,635.010598
2026-05-07T14:00:00+00:00,80500.6,80692.7,80051.5,80168.5,806.107461
2026-05-07T15:00:00+00:00,80168.5,80279.7,79700.0,79903.7,720.286731
2026-05-07T16:00:00+00:00,79903.7,80022.4,79710.0,79804.1,579.535127
2026-05-07T17:00:00+00:00,79804.1,80136.9,79501.5,80093.6,485.532859
2026-05-07T18:00:00+00:00,80093.6,80278.0,80003.8,80207.4,416.157275
2026-05-07T19:00:00+00:00,80207.4,80226.0,79943.0,80151.7,431.907641
2026-05-07T20:00:00+00:00,80151.7,80390.3,79867.6,79886.0,329.971429
2026-05-07T21:00:00+00:00,79886.0,79935.6,79660.0,79732.0,260.087256
2026-05-07T22:00:00+00:00,79732.0,79993.5,79584.6,79916.3,316.812965
2026-05-07T23:00:00+00:00,79916.3,80066.8,79869.0,80012.0,115.598443
2026-05-08T00:00:00+00:00,80012.0,80143.9,79730.8,79833.3,240.249263
2026-05-08T01:00:00+00:00,79833.3,79901.4,79617.0,79739.9,203.969785
2026-05-08T02:00:00+00:00,79739.9,79759.0,79335.9,79487.6,356.604619
2026-05-08T03:00:00+00:00,79487.6,79667.2,79179.8,79576.1,260.157526
2026-05-08T04:00:00+00:00,79576.1,79749.7,79551.9,79659.0,178.251322
2026-05-08T05:00:00+00:00,79659.0,79776.8,79597.3,79599.0,169.544595
2026-05-08T06:00:00+00:00,79599.0,79653.9,79412.9,79524.9,281.369615
2026-05-08T07:00:00+00:00,79524.9,79743.6,79245.6,79693.1,730.220963
2026-05-08T08:00:00+00:00,79693.1,79995.9,79673.6,79891.7,406.182607
2026-05-08T09:00:00+00:00,79891.7,80061.0,79790.0,79872.5,260.281202
2026-05-08T10:00:00+00:00,79872.5,80287.1,79777.9,80216.6,273.09553
2026-05-08T11:00:00+00:00,80216.6,80338.0,80132.5,80234.6,238.754159
2026-05-08T12:00:00+00:00,80234.6,80518.1,79969.9,80039.6,318.812799
2026-05-08T13:00:00+00:00,80039.6,80102.5,79541.9,79640.9,743.807684
2026-05-08T14:00:00+00:00,79640.9,80440.0,79640.9,80151.2,802.826886
2026-05-08T15:00:00+00:00,80151.2,80205.0,79607.2,80153.8,430.703625
2026-05-08T16:00:00+00:00,80153.8,80194.3,79739.0,79803.8,336.531979
2026-05-08T17:00:00+00:00,79803.8,80270.1,79734.2,80071.9,420.846012
2026-05-08T18:00:00+00:00,80071.9,80309.7,80071.9,80085.4,281.063315
2026-05-08T19:00:00+00:00,80085.4,80184.7,79957.7,80178.0,218.906414
2026-05-08T20:00:00+00:00,80178.0,80295.4,80090.3,80141.1,150.491123
2026-05-08T21:00:00+00:00,80141.1,80269.9,80113.2,80265.5,108.008972
2026-05-08T22:00:00+00:00,80265.5,80417.2,80236.5,80279.8,123.687524
2026-05-08T23:00:00+00:00,80279.8,80296.0,80108.7,80195.7,99.607712
2026-05-09T00:00:00+00:00,80195.7,80233.4,80126.6,80229.8,138.44937
2026-05-09T01:00:00+00:00,80229.8,80441.6,80212.1,80326.4,203.56962
2026-05-09T02:00:00+00:00,80326.4,80480.7,80326.4,80420.4,141.904762
2026-05-09T03:00:00+00:00,80420.4,80554.0,80310.1,80385.6,118.702209
2026-05-09T04:00:00+00:00,80385.6,80675.1,80366.5,80387.7,172.195032
2026-05-09T05:00:00+00:00,80387.7,80484.7,80350.9,80383.0,80.027379
2026-05-09T06:00:00+00:00,80383.0,80431.3,80195.9,80254.8,148.702772
2026-05-09T07:00:00+00:00,80254.8,80294.7,80129.6,80220.8,127.318091
2026-05-09T08:00:00+00:00,80220.8,80445.2,80210.3,80406.0,138.449185
2026-05-09T09:00:00+00:00,80406.0,80410.7,80181.8,80232.1,101.409581
2026-05-09T10:00:00+00:00,80232.1,80340.9,80163.0,80257.6,78.74259
2026-05-09T11:00:00+00:00,80257.6,80370.8,80245.5,80334.4,65.235687
2026-05-09T12:00:00+00:00,80334.4,80409.2,80259.9,80400.7,100.939424
2026-05-09T13:00:00+00:00,80400.7,80412.1,80308.2,80389.9,92.225001
2026-05-09T14:00:00+00:00,80389.9,80408.2,80241.8,80326.3,278.683711
2026-05-09T15:00:00+00:00,80326.3,80604.4,80220.6,80524.4,292.859902
2026-05-09T16:00:00+00:00,80524.4,80785.1,80475.8,80615.5,237.617697
2026-05-09T17:00:00+00:00,80615.5,80929.2,80615.5,80806.4,242.90917
2026-05-09T18:00:00+00:00,80806.4,81072.1,80780.4,80904.7,179.610491
2026-05-09T19:00:00+00:00,80904.7,80955.8,80775.0,80932.7,119.972914
2026-05-09T20:00:00+00:00,80932.7,80933.4,80732.4,80800.4,80.121645
2026-05-09T21:00:00+00:00,80800.4,80893.0,80736.0,80770.4,79.213497
2026-05-09T22:00:00+00:00,80770.4,80820.4,80667.3,80763.8,85.368633
2026-05-09T23:00:00+00:00,80763.8,80844.9,80617.0,80668.3,77.419142
2026-05-10T00:00:00+00:00,80668.3,80765.3,80619.4,80669.6,170.063704
2026-05-10T01:00:00+00:00,80669.6,80685.8,80563.0,80675.7,120.933759
2026-05-10T02:00:00+00:00,80675.7,80788.1,80603.0,80780.5,86.815369
2026-05-10T03:00:00+00:00,80780.5,80884.3,80710.4,80770.1,110.26831
2026-05-10T04:00:00+00:00,80770.1,80842.2,80727.7,80754.3,68.29834
2026-05-10T05:00:00+00:00,80754.3,80810.6,80676.2,80694.6,98.501413
2026-05-10T06:00:00+00:00,80694.6,80753.9,80646.0,80732.2,112.739023
2026-05-10T07:00:00+00:00,80732.2,80804.1,80714.4,80734.2,72.941217
2026-05-10T08:00:00+00:00,80734.2,80898.4,80695.9,80824.7,344.360931
2026-05-10T09:00:00+00:00,80824.7,80903.5,80739.7,80799.1,84.640903
2026-05-10T10:00:00+00:00,80799.1,80878.9,80681.3,80870.7,129.295485
2026-05-10T11:00:00+00:00,80870.7,80963.3,80737.6,80814.1,109.121068
2026-05-10T12:00:00+00:00,80814.1,80945.4,80774.7,80917.9,106.598931
2026-05-10T13:00:00+00:00,80917.9,81002.6,80861.0,80969.0,161.877784
2026-05-10T14:00:00+00:00,80969.0,81004.0,80806.5,80979.1,156.069581
2026-05-10T15:00:00+00:00,80979.1,81450.0,80929.7,81414.3,556.85181
2026-05-10T16:00:00+00:00,81414.3,81500.0,81199.2,81365.5,276.950002
2026-05-10T17:00:00+00:00,81365.5,81583.3,81206.0,81476.5,263.697069
2026-05-10T18:00:00+00:00,81476.5,81498.9,81231.4,81267.1,159.375432
2026-05-10T19:00:00+00:00,81267.1,81481.9,81142.4,81428.6,186.06518
2026-05-10T20:00:00+00:00,81428.6,81452.8,80263.1,80728.3,669.407676
2026-05-10T21:00:00+00:00,80728.3,80945.7,80563.6,80715.6,399.033033
2026-05-10T22:00:00+00:00,80715.6,82171.1,80662.0,82037.5,1112.309451
2026-05-10T23:00:00+00:00,82037.5,82478.1,82037.5,82215.5,759.840272
2026-05-11T00:00:00+00:00,82215.5,82382.8,81275.4,81459.5,681.814637
2026-05-11T01:00:00+00:00,81459.5,81749.9,81280.4,81499.4,426.263939
2026-05-11T02:00:00+00:00,81499.4,81559.3,81110.7,81173.7,393.748487
2026-05-11T03:00:00+00:00,81173.7,81190.9,80517.6,80728.6,541.345661
2026-05-11T04:00:00+00:00,80728.6,80877.4,80636.8,80812.6,189.706304
2026-05-11T05:00:00+00:00,80812.6,80973.8,80758.1,80838.2,171.689362
2026-05-11T06:00:00+00:00,80838.2,81052.8,80762.7,80829.1,195.249877
2026-05-11T07:00:00+00:00,80829.1,80836.4,80671.6,80740.1,182.983854
2026-05-11T08:00:00+00:00,80740.1,80866.4,80620.7,80763.5,271.355918
2026-05-11T09:00:00+00:00,80763.5,81003.6,80754.7,80963.7,164.228902
2026-05-11T10:00:00+00:00,80963.7,81209.3,80939.4,80947.5,210.996099
2026-05-11T11:00:00+00:00,80947.5,81201.4,80902.9,81201.4,189.594472
2026-05-11T12:00:00+00:00,81201.4,81353.2,81031.3,81057.3,325.741546
2026-05-11T13:00:00+00:00,81057.3,81338.2,80763.5,81064.8,507.084919
2026-05-11T14:00:00+00:00,81064.8,81250.0,80457.6,80952.0,588.263899
2026-05-11T15:00:00+00:00,80952.0,81459.9,80831.0,81439.8,492.442396
2026-05-11T16:00:00+00:00,81439.8,81914.6,81340.5,81574.3,561.634475
2026-05-11T17:00:00+00:00,81574.3,82061.8,81360.9,81938.0,440.343095
2026-05-11T18:00:00+00:00,81938.0,82138.2,81833.0,81861.7,339.793708
2026-05-11T19:00:00+00:00,81861.7,82095.0,81735.6,81959.6,336.866646
2026-05-11T20:00:00+00:00,81959.6,82085.5,81755.1,81818.4,267.285201
2026-05-11T21:00:00+00:00,81818.4,81900.0,81591.9,81818.6,154.237574
2026-05-11T22:00:00+00:00,81818.6,81966.8,81728.2,81830.0,140.338011
2026-05-11T23:00:00+00:00,81830.0,81830.1,81591.1,81739.3,132.147448
2026-05-12T00:00:00+00:00,81739.3,81785.2,81478.5,81544.9,160.237139
2026-05-12T01:00:00+00:00,81544.9,81617.8,80704.1,81190.3,426.65024
2026-05-12T02:00:00+00:00,81190.3,81327.3,81087.2,81255.0,211.418074
2026-05-12T03:00:00+00:00,81255.0,81294.9,81023.3,81059.6,124.87894
2026-05-12T04:00:00+00:00,81059.6,81300.0,80996.9,81217.3,146.583802
2026-05-12T05:00:00+00:00,81217.3,81311.8,81179.7,81224.6,109.25848
2026-05-12T06:00:00+00:00,81224.6,81311.9,81011.6,81021.7,141.787146
2026-05-12T07:00:00+00:00,81021.7,81132.8,80801.4,80854.0,292.069118
2026-05-12T08:00:00+00:00,80854.0,80966.4,80756.6,80841.5,217.5571
2026-05-12T09:00:00+00:00,80841.5,80966.8,80721.6,80841.9,182.460271
2026-05-12T10:00:00+00:00,80841.9,80848.8,80603.3,80676.1,164.505474
2026-05-12T11:00:00+00:00,80676.1,80782.1,80500.0,80782.0,203.10868
2026-05-12T12:00:00+00:00,80782.0,81006.9,80620.2,80882.4,348.340644
2026-05-12T13:00:00+00:00,80882.4,80929.7,80396.4,80465.6,441.033914
2026-05-12T14:00:00+00:00,80465.6,80894.1,80400.1,80544.5,515.533229
2026-05-12T15:00:00+00:00,80544.5,80666.2,80187.4,80334.5,415.778107
2026-05-12T16:00:00+00:00,80334.5,80431.2,79845.5,79996.6,513.309008
2026-05-12T17:00:00+00:00,79996.6,80594.9,79950.1,80525.3,329.198659
2026-05-12T18:00:00+00:00,80525.3,80759.6,80425.7,80672.6,228.95241
2026-05-12T19:00:00+00:00,80672.6,80873.8,80667.7,80835.6,248.649216
2026-05-12T20:00:00+00:00,80835.6,80884.0,80636.5,80691.7,144.242598
2026-05-12T21:00:00+00:00,80691.7,80734.6,80489.3,80579.4,121.824371
2026-05-12T22:00:00+00:00,80579.4,80790.8,80579.4,80650.7,133.81552
2026-05-12T23:00:00+00:00,80650.7,80710.6,80436.9,80496.4,135.421645
2026-05-13T00:00:00+00:00,80496.4,80764.2,80408.3,80707.6,187.129863
2026-05-13T01:00:00+00:00,80707.6,81189.0,80670.5,80994.1,377.139897
2026-05-13T02:00:00+00:00,80994.1,81271.2,80929.9,81055.0,173.114778
2026-05-13T03:00:00+00:00,81055.0,81297.7,80984.6,81252.9,146.883383
2026-05-13T04:00:00+00:00,81252.9,81284.2,81113.7,81235.0,136.936522
2026-05-13T05:00:00+00:00,81235.0,81240.0,81000.0,81023.6,123.731456
2026-05-13T06:00:00+00:00,81023.6,81159.5,80977.5,80992.8,163.489126
2026-05-13T07:00:00+00:00,80992.8,81055.5,80895.0,81019.0,139.991004
2026-05-13T08:00:00+00:00,81019.0,81200.0,80942.5,81191.0,230.582313
2026-05-13T09:00:00+00:00,81191.0,81327.1,81137.0,81288.6,234.401111
2026-05-13T10:00:00+00:00,81288.6,81297.9,80809.8,80809.8,217.718094
2026-05-13T11:00:00+00:00,80809.8,80855.9,80501.2,80504.7,338.849953
2026-05-13T12:00:00+00:00,80504.7,80602.3,79850.0,80199.5,687.09269
2026-05-13T13:00:00+00:00,80199.5,80347.5,79575.0,79649.2,729.456194
2026-05-13T14:00:00+00:00,79649.2,79896.2,79481.8,79758.1,560.22158
2026-05-13T15:00:00+00:00,79758.1,79854.2,78805.0,78827.7,842.1824
2026-05-13T16:00:00+00:00,78827.7,79231.0,78759.1,79113.8,499.442346
2026-05-13T17:00:00+00:00,79113.8,79570.8,79100.0,79520.5,303.166681
2026-05-13T18:00:00+00:00,79520.5,79808.7,79520.4,79601.6,288.017869
2026-05-13T19:00:00+00:00,79601.6,79647.5,79395.9,79645.6,288.808333
2026-05-13T20:00:00+00:00,79645.6,79760.4,79621.7,79703.1,160.815405
2026-05-13T21:00:00+00:00,79703.1,79707.7,79340.1,79398.0,202.122304
2026-05-13T22:00:00+00:00,79398.0,79476.4,79228.5,79431.2,211.594354
2026-05-13T23:00:00+00:00,79431.2,79509.7,79234.3,79322.0,174.536219
2026-05-14T00:00:00+00:00,79322.0,79687.3,79307.9,79575.2,227.665689
2026-05-14T01:00:00+00:00,79575.2,79690.1,79411.8,79602.7,225.862833
2026-05-14T02:00:00+00:00,79602.7,79681.0,79225.6,79368.6,206.268744
2026-05-14T03:00:00+00:00,79368.6,79457.6,78923.0,79046.4,476.020025
2026-05-14T04:00:00+00:00,79046.4,79471.5,78978.4,79444.8,204.672791
2026-05-14T05:00:00+00:00,79444.8,79997.8,79375.0,79816.1,347.934395
2026-05-14T06:00:00+00:00,79816.1,79949.9,79769.5,79806.7,217.854053
2026-05-14T07:00:00+00:00,79806.7,79941.6,79700.6,79750.0,231.52007
2026-05-14T08:00:00+00:00,79750.0,79937.4,79643.3,79823.4,321.659158
2026-05-14T09:00:00+00:00,79823.4,79912.4,79575.2,79639.5,277.238676
2026-05-14T10:00:00+00:00,79639.5,79762.8,79413.6,79570.8,297.020463
2026-05-14T11:00:00+00:00,79570.8,79608.7,79230.8,79250.7,263.700325
2026-05-14T12:00:00+00:00,79250.7,79777.5,79230.0,79770.1,366.735783
2026-05-14T13:00:00+00:00,79770.1,80061.4,79673.4,79709.2,837.44175
2026-05-14T14:00:00+00:00,79709.2,81024.0,79561.2,80965.4,1237.204796
2026-05-14T15:00:00+00:00,80965.4,81339.7,80822.5,81300.0,770.347266
2026-05-14T16:00:00+00:00,81300.0,81903.5,81078.0,81883.9,1264.231209
2026-05-14T17:00:00+00:00,81883.9,82056.2,81265.6,81672.8,1136.947885
2026-05-14T18:00:00+00:00,81672.8,81956.1,81432.8,81578.4,685.139623
2026-05-14T19:00:00+00:00,81578.4,81719.6,81332.7,81423.6,489.457441
2026-05-14T20:00:00+00:00,81423.6,81593.6,81156.5,81416.8,309.539373
2026-05-14T21:00:00+00:00,81416.8,81525.3,81263.9,81395.3,153.805584
2026-05-14T22:00:00+00:00,81395.3,81561.0,81332.9,81452.6,150.493983
2026-05-14T23:00:00+00:00,81452.6,81452.6,81050.4,81089.4,181.254031
2026-05-15T00:00:00+00:00,81089.4,81662.9,81060.2,81513.9,390.34039
2026-05-15T01:00:00+00:00,81513.9,81618.7,81110.5,81134.5,355.710554
2026-05-15T02:00:00+00:00,81134.5,81372.0,80749.3,81297.3,533.481469
2026-05-15T03:00:00+00:00,81297.3,81345.3,80931.4,81061.6,271.567853
2026-05-15T04:00:00+00:00,81061.6,81110.4,80700.0,80729.7,248.994649
2026-05-15T05:00:00+00:00,80729.7,80882.6,80301.6,80352.6,569.08118
2026-05-15T06:00:00+00:00,80352.6,80631.1,80309.2,80580.2,397.867031
2026-05-15T07:00:00+00:00,80580.2,80999.9,80557.9,80819.7,388.447635
2026-05-15T08:00:00+00:00,80819.7,80830.0,80419.0,80645.7,371.10198
2026-05-15T09:00:00+00:00,80645.7,80679.9,80360.0,80486.4,352.166431
2026-05-15T10:00:00+00:00,80486.4,80764.7,80403.7,80719.4,331.967312
2026-05-15T11:00:00+00:00,80719.4,80755.1,80571.2,80623.1,183.873469
2026-05-15T12:00:00+00:00,80623.1,80637.7,80328.4,80384.6,433.92412
2026-05-15T13:00:00+00:00,80384.6,80384.6,78686.6,78753.0,1770.550432
2026-05-15T14:00:00+00:00,78753.0,79338.4,78646.5,79146.6,1074.746746
2026-05-15T15:00:00+00:00,79146.6,79370.3,79008.0,79152.9,509.653038
2026-05-15T16:00:00+00:00,79152.9,79388.2,79129.7,79297.7,355.778393
2026-05-15T17:00:00+00:00,79297.7,79507.5,79222.0,79457.4,354.354737
2026-05-15T18:00:00+00:00,79457.4,79562.8,79167.1,79275.3,405.346598
2026-05-15T19:00:00+00:00,79275.3,79286.8,79049.2,79140.0,315.753935
2026-05-15T20:00:00+00:00,79140.0,79218.1,78992.3,79120.2,233.883586
2026-05-15T21:00:00+00:00,79120.2,79199.5,78905.5,78969.1,179.129127
2026-05-15T22:00:00+00:00,78969.1,79150.0,78967.0,79106.8,111.141077
2026-05-15T23:00:00+00:00,79106.8,79164.0,79070.3,79110.4,94.128438
2026-05-16T00:00:00+00:00,79110.4,79222.6,79068.6,79105.2,98.377627
2026-05-16T01:00:00+00:00,79105.2,79179.9,79003.6,79159.1,104.1408
2026-05-16T02:00:00+00:00,79159.1,79203.7,79076.6,79149.2,114.683352
2026-05-16T03:00:00+00:00,79149.2,79181.5,79051.7,79076.5,83.871095
2026-05-16T04:00:00+00:00,79076.5,79122.5,78850.8,79033.7,162.590322
2026-05-16T05:00:00+00:00,79033.7,79038.5,78926.2,79027.1,97.252284
2026-05-16T06:00:00+00:00,79027.1,79048.6,78424.5,78646.5,328.622936
2026-05-16T07:00:00+00:00,78646.5,78648.5,78050.5,78376.6,522.453422
2026-05-16T08:00:00+00:00,78376.6,78543.5,78341.7,78424.0,226.193005
2026-05-16T09:00:00+00:00,78424.0,78443.8,77893.2,78087.5,458.477825
2026-05-16T10:00:00+00:00,78087.5,78104.8,77650.7,77965.1,428.442852
2026-05-16T11:00:00+00:00,77965.1,78197.9,77965.1,78088.2,157.509449
2026-05-16T12:00:00+00:00,78088.2,78135.2,77922.9,78015.1,157.779118
2026-05-16T13:00:00+00:00,78015.1,78022.3,77841.9,78022.2,162.507426
2026-05-16T14:00:00+00:00,78022.2,78352.6,77891.8,78135.7,211.833869
2026-05-16T15:00:00+00:00,78135.7,78290.8,78078.9,78239.1,133.967291
2026-05-16T16:00:00+00:00,78239.1,78370.5,78123.6,78207.3,196.786007
2026-05-16T17:00:00+00:00,78207.3,78326.5,78200.9,78206.4,122.599813
2026-05-16T18:00:00+00:00,78206.4,78340.3,78154.2,78236.6,134.909239
2026-05-16T19:00:00+00:00,78236.6,78314.0,78209.2,78261.7,106.708956
2026-05-16T20:00:00+00:00,78261.7,78325.1,78201.4,78256.3,118.896266
2026-05-16T21:00:00+00:00,78256.3,78312.9,78206.5,78269.0,86.756811
2026-05-16T22:00:00+00:00,78269.0,78287.0,78174.6,78187.0,90.61437
2026-05-16T23:00:00+00:00,78187.0,78277.5,78129.9,78143.3,81.329066
2026-05-17T00:00:00+00:00,78143.3,78246.5,77812.1,77958.4,206.551046
2026-05-17T01:00:00+00:00,77958.4,78117.0,77723.9,77723.9,319.194191
2026-05-17T02:00:00+00:00,77723.9,77941.9,77723.1,77896.5,174.420868
2026-05-17T03:00:00+00:00,77896.5,78086.3,77891.6,78025.2,125.030157
2026-05-17T04:00:00+00:00,78025.2,78208.7,78001.1,78164.1,150.702267
2026-05-17T05:00:00+00:00,78164.1,78332.9,78114.1,78133.8,112.059672
2026-05-17T06:00:00+00:00,78133.8,78215.6,78022.9,78112.3,87.384512
2026-05-17T07:00:00+00:00,78112.3,78215.6,78060.7,78184.8,121.780175
2026-05-17T08:00:00+00:00,78184.8,78198.1,78040.2,78097.1,110.484452
2026-05-17T09:00:00+00:00,78097.1,78299.7,78087.1,78248.9,130.119504
2026-05-17T10:00:00+00:00,78248.9,78605.2,78242.9,78471.5,304.625684
2026-05-17T11:00:00+00:00,78471.5,78482.3,78303.9,78414.8,162.33468
2026-05-17T12:00:00+00:00,78414.8,78555.8,78336.1,78367.2,148.471804
2026-05-17T13:00:00+00:00,78367.2,78368.1,78177.5,78210.5,153.980579
2026-05-17T14:00:00+00:00,78210.5,78221.7,77840.6,78052.8,263.309557
2026-05-17T15:00:00+00:00,78052.8,78125.8,77916.5,78052.5,175.247302
2026-05-17T16:00:00+00:00,78052.5,78193.5,78033.0,78040.4,126.513116
2026-05-17T17:00:00+00:00,78040.4,78100.3,77858.3,78094.2,180.12111
2026-05-17T18:00:00+00:00,78094.2,78277.8,78010.8,78266.8,156.374992
2026-05-17T19:00:00+00:00,78266.8,78477.0,78216.7,78417.3,129.937903
2026-05-17T20:00:00+00:00,78417.3,78443.1,78219.5,78276.0,171.003096
2026-05-17T21:00:00+00:00,78276.0,78490.3,78239.9,78408.6,147.672549
2026-05-17T22:00:00+00:00,78408.6,78413.5,77820.9,77995.9,446.932055
2026-05-17T23:00:00+00:00,77995.9,78006.3,76713.1,77460.7,938.371359
2026-05-18T00:00:00+00:00,77460.7,77483.3,76912.5,77206.7,785.871344
2026-05-18T01:00:00+00:00,77206.7,77291.5,76743.2,77121.6,710.771778
2026-05-18T02:00:00+00:00,77121.6,77231.8,76709.3,76840.7,375.759926
2026-05-18T03:00:00+00:00,76840.7,77020.8,76810.4,76930.0,243.611734
2026-05-18T04:00:00+00:00,76930.0,77075.0,76782.0,77041.1,247.611427
2026-05-18T05:00:00+00:00,77041.1,77083.3,76885.8,76923.8,257.531471
2026-05-18T06:00:00+00:00,76923.8,76971.6,76553.2,76917.8,370.888056
2026-05-18T07:00:00+00:00,76917.8,77095.1,76773.1,77077.1,439.210525
2026-05-18T08:00:00+00:00,77077.1,77192.3,76890.9,77037.4,342.745547
2026-05-18T09:00:00+00:00,77037.4,77051.1,76876.2,76939.5,272.200677
2026-05-18T10:00:00+00:00,76939.5,76960.1,76712.2,76769.2,296.841736
2026-05-18T11:00:00+00:00,76769.2,77408.7,76664.5,77292.2,440.619781
2026-05-18T12:00:00+00:00,77292.2,77805.0,77284.4,77646.1,683.936529
2026-05-18T13:00:00+00:00,77646.1,77650.8,76692.9,76945.0,865.648086
2026-05-18T14:00:00+00:00,76945.0,76964.8,76229.4,76398.1,1129.438183
2026-05-18T15:00:00+00:00,76398.1,76481.4,76028.1,76413.0,957.157914
2026-05-18T16:00:00+00:00,76413.0,76658.5,76212.1,76409.9,765.663725
2026-05-18T17:00:00+00:00,76409.9,76761.6,76364.4,76707.9,391.989357
2026-05-18T18:00:00+00:00,76707.9,76708.9,76134.6,76252.0,457.797325
2026-05-18T19:00:00+00:00,76252.0,76999.7,76224.9,76934.4,757.818696
2026-05-18T20:00:00+00:00,76934.4,77185.8,76870.2,76910.3,391.033539
2026-05-18T21:00:00+00:00,76910.3,77193.5,76793.8,77101.0,340.023505
2026-05-18T22:00:00+00:00,77101.0,77231.0,76939.2,77076.9,356.554622
2026-05-18T23:00:00+00:00,77076.9,77163.6,76938.3,76999.4,185.748137
2026-05-19T00:00:00+00:00,76999.4,77410.9,76950.5,77136.8,342.526637
2026-05-19T01:00:00+00:00,77136.8,77154.1,76663.8,76663.8,377.463679
2026-05-19T02:00:00+00:00,76663.8,76995.2,76481.7,76619.2,344.591532
2026-05-19T03:00:00+00:00,76619.2,76864.2,76587.3,76788.7,198.0762
2026-05-19T04:00:00+00:00,76788.7,76946.7,76701.2,76923.1,209.308311
2026-05-19T05:00:00+00:00,76923.1,77006.9,76639.4,76908.6,276.622861
2026-05-19T06:00:00+00:00,76908.6,77104.9,76885.6,77025.3,294.348641
2026-05-19T07:00:00+00:00,77025.3,77285.3,76972.2,77234.0,335.612229
2026-05-19T08:00:00+00:00,77234.0,77319.9,76969.1,77049.7,284.610047
2026-05-19T09:00:00+00:00,77049.7,77078.2,76701.7,76815.7,341.567293
2026-05-19T10:00:00+00:00,76815.7,77104.7,76692.0,77036.4,287.986994
2026-05-19T11:00:00+00:00,77036.4,77074.1,76636.1,76711.3,217.884509
2026-05-19T12:00:00+00:00,76711.3,76984.5,76642.8,76938.6,214.264434
2026-05-19T13:00:00+00:00,76938.6,77054.8,76590.8,76874.5,546.004614
2026-05-19T14:00:00+00:00,76874.5,77016.6,76144.5,76395.0,852.209765
2026-05-19T15:00:00+00:00,76395.0,76688.5,76336.1,76528.8,415.478237
2026-05-19T16:00:00+00:00,76528.8,76928.4,76409.0,76895.8,412.456855
2026-05-19T17:00:00+00:00,76895.8,77029.3,76756.9,76857.8,384.511235
2026-05-19T18:00:00+00:00,76857.8,76950.7,76739.7,76808.6,285.332996
2026-05-19T19:00:00+00:00,76808.6,77080.6,76769.8,76824.0,238.346604
2026-05-19T20:00:00+00:00,76824.0,77047.4,76824.0,77024.1,124.151395
2026-05-19T21:00:00+00:00,77024.1,77048.4,76967.3,76988.4,107.575474
2026-05-19T22:00:00+00:00,76988.4,76988.4,76648.0,76716.2,263.97771
2026-05-19T23:00:00+00:00,76716.2,76986.3,76669.9,76838.0,162.354112
2026-05-20T00:00:00+00:00,76838.0,76899.5,76514.9,76789.9,345.541944
2026-05-20T01:00:00+00:00,76789.9,76925.2,76526.9,76815.5,367.904243
2026-05-20T02:00:00+00:00,76815.5,76907.9,76592.7,76688.8,223.903422
2026-05-20T03:00:00+00:00,76688.8,76825.2,76602.2,76724.9,198.873125
2026-05-20T04:00:00+00:00,76724.9,76841.7,76688.6,76783.1,153.883769
2026-05-20T05:00:00+00:00,76783.1,77329.4,76783.1,77202.9,387.256405
2026-05-20T06:00:00+00:00,77202.9,77419.3,77191.6,77407.9,230.396049
2026-05-20T07:00:00+00:00,77407.9,77476.1,77243.9,77285.7,214.059372
2026-05-20T08:00:00+00:00,77285.7,77636.7,77204.6,77456.8,357.618352
2026-05-20T09:00:00+00:00,77456.8,77542.0,77361.8,77481.9,221.870557
2026-05-20T10:00:00+00:00,77481.9,77668.3,77481.9,77513.4,214.762712
2026-05-20T11:00:00+00:00,77513.4,77565.9,77320.0,77384.9,164.953864
2026-05-20T12:00:00+00:00,77384.9,77744.4,77362.3,77620.6,250.866114
2026-05-20T13:00:00+00:00,77620.6,77653.1,76964.0,77204.9,745.007624
2026-05-20T14:00:00+00:00,77204.9,77574.7,76890.0,77446.3,877.859116
2026-05-20T15:00:00+00:00,77446.3,77858.8,77300.0,77460.7,721.996124
2026-05-20T16:00:00+00:00,77460.7,77560.0,77010.6,77335.5,399.982746
2026-05-20T17:00:00+00:00,77335.5,77719.6,77220.6,77571.4,367.26997
2026-05-20T18:00:00+00:00,77571.4,77637.1,77390.2,77415.2,283.553208
2026-05-20T19:00:00+00:00,77415.2,77708.3,77348.6,77671.2,279.040769
2026-05-20T20:00:00+00:00,77671.2,77769.3,77472.0,77714.4,310.610805
2026-05-20T21:00:00+00:00,77714.4,77774.9,77503.2,77503.3,147.756257
2026-05-20T22:00:00+00:00,77503.3,77503.3,77220.5,77500.7,266.88076
2026-05-20T23:00:00+00:00,77500.7,77558.9,77380.5,77547.9,135.112138
2026-05-21T00:00:00+00:00,77547.9,78076.7,77515.0,77965.9,345.913814
2026-05-21T01:00:00+00:00,77965.9,78174.7,77797.4,77858.8,272.420861
2026-05-21T02:00:00+00:00,77858.8,78098.6,77817.3,77958.7,238.792811
2026-05-21T03:00:00+00:00,77958.7,78100.4,77904.4,78078.0,178.188669
2026-05-21T04:00:00+00:00,78078.0,78183.5,77966.3,78035.1,165.6207
2026-05-21T05:00:00+00:00,78035.1,78151.3,77702.6,77827.4,219.947321
2026-05-21T06:00:00+00:00,77827.4,77875.2,77518.7,77620.6,231.197899
2026-05-21T07:00:00+00:00,77620.6,77899.9,77520.9,77877.3,206.941143
2026-05-21T08:00:00+00:00,77877.3,78200.1,77877.3,77928.4,370.13916
2026-05-21T09:00:00+00:00,77928.4,77981.5,77633.2,77635.5,192.309911
2026-05-21T10:00:00+00:00,77635.5,77686.2,77189.1,77203.7,529.581602
2026-05-21T11:00:00+00:00,77203.7,77381.2,77136.1,77193.0,293.942421
2026-05-21T12:00:00+00:00,77193.0,77371.1,77076.7,77279.9,304.597285
2026-05-21T13:00:00+00:00,77279.9,77356.6,76720.9,77120.2,671.603649
2026-05-21T14:00:00+00:00,77120.2,77240.0,76783.4,76977.5,515.545187
2026-05-21T15:00:00+00:00,76977.5,77415.3,76894.2,77262.9,397.504
2026-05-21T16:00:00+00:00,77262.9,77354.6,77003.2,77195.8,374.100338
2026-05-21T17:00:00+00:00,77195.8,78095.6,77173.7,77874.3,805.584726
2026-05-21T18:00:00+00:00,77874.3,77934.0,77246.5,77394.1,538.809262
2026-05-21T19:00:00+00:00,77394.1,77823.2,77369.4,77694.6,328.786486
2026-05-21T20:00:00+00:00,77694.6,77805.4,77648.2,77704.9,139.973988
2026-05-21T21:00:00+00:00,77704.9,77816.2,77646.0,77676.5,131.486935
2026-05-21T22:00:00+00:00,77676.5,77758.5,77549.8,77627.7,135.082919
2026-05-21T23:00:00+00:00,77627.7,77754.9,77533.2,77619.9,157.396167
2026-05-22T00:00:00+00:00,77619.9,77635.0,77365.0,77376.3,211.341101
2026-05-22T01:00:00+00:00,77376.3,77668.2,77317.6,77617.1,178.66332
2026-05-22T02:00:00+00:00,77617.1,77742.3,77588.0,77679.3,191.122338
2026-05-22T03:00:00+00:00,77679.3,77811.1,77676.8,77775.1,125.872049
2026-05-22T04:00:00+00:00,77775.1,77901.6,77646.2,77664.6,230.321069
2026-05-22T05:00:00+00:00,77664.6,77732.8,77469.2,77494.4,246.632591
2026-05-22T06:00:00+00:00,77494.4,77536.2,77366.7,77425.1,295.287742
2026-05-22T07:00:00+00:00,77425.1,77548.9,77283.6,77402.0,313.995887
2026-05-22T08:00:00+00:00,77402.0,77542.6,77210.0,77270.7,347.346885
2026-05-22T09:00:00+00:00,77270.7,77365.8,77193.9,77305.8,202.78445
2026-05-22T10:00:00+00:00,77305.8,77370.7,77265.4,77323.3,157.907036
2026-05-22T11:00:00+00:00,77323.3,77434.0,77186.3,77433.9,220.198461
2026-05-22T12:00:00+00:00,77433.9,77586.3,77397.0,77534.0,321.513562
2026-05-22T13:00:00+00:00,77534.0,77557.9,77130.2,77292.0,544.004022
2026-05-22T14:00:00+00:00,77292.0,77292.0,76750.0,76772.3,803.330636
2026-05-22T15:00:00+00:00,76772.3,77035.7,76570.8,76795.7,670.379059
2026-05-22T16:00:00+00:00,76795.7,77008.1,76773.1,76950.5,308.368687
2026-05-22T17:00:00+00:00,76950.5,77102.2,76755.4,76755.7,436.634761
2026-05-22T18:00:00+00:00,76755.7,76911.7,76086.5,76532.9,785.75724
2026-05-22T19:00:00+00:00,76532.9,76586.5,75649.6,75869.2,935.858617
2026-05-22T20:00:00+00:00,75869.2,76091.5,75815.2,75984.1,333.603643
2026-05-22T21:00:00+00:00,75984.1,76089.6,75927.6,75976.9,202.697293
2026-05-22T22:00:00+00:00,75976.9,75987.0,75545.1,75737.1,301.53548
2026-05-22T23:00:00+00:00,75737.1,75883.6,75350.0,75540.3,321.082966
2026-05-23T00:00:00+00:00,75540.3,75635.8,75217.8,75360.6,463.225748
2026-05-23T01:00:00+00:00,75360.6,75508.2,75353.7,75492.6,219.199496
2026-05-23T02:00:00+00:00,75492.6,75585.9,75417.3,75570.3,177.957282
2026-05-23T03:00:00+00:00,75570.3,75665.2,75559.0,75633.9,102.627706
2026-05-23T04:00:00+00:00,75633.9,75649.9,75496.9,75535.6,103.747158
2026-05-23T05:00:00+00:00,75535.6,75560.5,75467.7,75491.9,176.659599
2026-05-23T06:00:00+00:00,75491.9,75500.6,75386.4,75401.0,144.260344
2026-05-23T07:00:00+00:00,75401.0,75439.4,74263.8,74605.4,1002.033851
2026-05-23T08:00:00+00:00,74605.4,74776.9,74346.2,74680.9,715.218179
2026-05-23T09:00:00+00:00,74680.9,74758.2,74608.0,74655.7,216.207808
2026-05-23T10:00:00+00:00,74655.7,74787.3,74655.7,74714.5,131.999958
2026-05-23T11:00:00+00:00,74714.5,74866.5,74709.5,74794.2,127.074763
2026-05-23T12:00:00+00:00,74794.2,74795.2,74652.1,74754.8,135.32731
2026-05-23T13:00:00+00:00,74754.8,75258.7,74750.3,75208.5,424.532165
2026-05-23T14:00:00+00:00,75208.5,75707.9,75098.9,75534.4,409.637322
2026-05-23T15:00:00+00:00,75534.4,75685.8,75397.1,75520.0,313.433857
2026-05-23T16:00:00+00:00,75520.0,75638.3,75409.4,75438.1,211.035475
2026-05-23T17:00:00+00:00,75438.1,75527.9,75362.7,75486.5,210.792459
2026-05-23T18:00:00+00:00,75486.5,76000.0,75463.6,75849.4,405.015497
2026-05-23T19:00:00+00:00,75849.4,76018.8,75772.7,75986.1,226.145158
2026-05-23T20:00:00+00:00,75986.1,77297.1,75947.4,77285.9,1024.875835
2026-05-23T21:00:00+00:00,77285.9,77416.0,76538.2,76816.5,746.79185
2026-05-23T22:00:00+00:00,76816.5,76892.6,76400.1,76583.6,277.781848
2026-05-23T23:00:00+00:00,76583.6,76828.2,76533.3,76747.1,256.130171
2026-05-24T00:00:00+00:00,76747.1,76932.3,76626.5,76837.0,231.497626
2026-05-24T01:00:00+00:00,76837.0,76926.6,76753.1,76890.9,207.990044
2026-05-24T02:00:00+00:00,76890.9,76963.2,76705.6,76820.8,167.869719
2026-05-24T03:00:00+00:00,76820.8,77007.5,76737.8,76738.0,188.257933
2026-05-24T04:00:00+00:00,76738.0,76855.8,76718.2,76777.2,144.638062
2026-05-24T05:00:00+00:00,76777.2,76867.7,76648.1,76816.8,141.978846
2026-05-24T06:00:00+00:00,76816.8,77073.9,76721.5,76998.3,188.184502
2026-05-24T07:00:00+00:00,76998.3,77026.5,76779.3,76800.4,330.295836
2026-05-24T08:00:00+00:00,76800.4,76858.2,76727.8,76834.5,269.914372
2026-05-24T09:00:00+00:00,76834.5,77046.8,76815.5,77024.6,166.716512
2026-05-24T10:00:00+00:00,77024.6,77530.2,76923.6,77189.9,497.387905
2026-05-24T11:00:00+00:00,77189.9,77354.4,77181.0,77317.4,226.217334
2026-05-24T12:00:00+00:00,77317.4,77329.2,77036.3,77111.9,243.09021
2026-05-24T13:00:00+00:00,77111.9,77122.1,76682.4,76806.5,276.299223
2026-05-24T14:00:00+00:00,76806.5,76840.4,76184.2,76461.6,646.190776
2026-05-24T15:00:00+00:00,76461.6,76543.6,76355.3,76372.5,210.628495
2026-05-24T16:00:00+00:00,76372.5,76735.6,76372.5,76668.9,256.31246
2026-05-24T17:00:00+00:00,76668.9,76792.6,76562.2,76691.6,167.658359
2026-05-24T18:00:00+00:00,76691.6,76787.9,76590.7,76663.6,136.509498
2026-05-24T19:00:00+00:00,76663.6,76784.4,76602.4,76773.6,129.690527
2026-05-24T20:00:00+00:00,76773.6,76798.3,76603.5,76668.8,178.638536
2026-05-24T21:00:00+00:00,76668.8,76753.2,76103.1,76142.5,331.364266
2026-05-24T22:00:00+00:00,76142.5,77014.6,76132.7,76806.6,462.020192
2026-05-24T23:00:00+00:00,76806.6,77227.4,76806.2,77068.5,298.262872
2026-05-25T00:00:00+00:00,77068.5,77295.3,77068.5,77156.3,312.132717
2026-05-25T01:00:00+00:00,77156.3,77253.6,76913.4,76941.1,349.703514
2026-05-25T02:00:00+00:00,76941.1,77485.0,76941.1,77108.8,319.56677
2026-05-25T03:00:00+00:00,77108.8,77173.5,77006.8,77028.9,190.880204
2026-05-25T04:00:00+00:00,77028.9,77460.1,76990.8,77395.2,257.81283
2026-05-25T05:00:00+00:00,77395.2,77509.8,77326.9,77418.7,286.711249
2026-05-25T06:00:00+00:00,77418.7,77661.1,77228.4,77431.4,343.814958
2026-05-25T07:00:00+00:00,77431.4,77535.1,77186.3,77413.6,279.995871
2026-05-25T08:00:00+00:00,77413.6,77486.3,77279.7,77467.2,213.615218
2026-05-25T09:00:00+00:00,77467.2,77712.8,77426.6,77611.8,391.1003
2026-05-25T10:00:00+00:00,77611.8,77699.6,77497.7,77549.4,180.57392
2026-05-25T11:00:00+00:00,77549.4,77549.4,77333.1,77362.5,191.429618
2026-05-25T12:00:00+00:00,77362.5,77442.6,77292.3,77367.0,193.617702
2026-05-25T13:00:00+00:00,77367.0,77457.0,77291.8,77349.6,168.303994
2026-05-25T14:00:00+00:00,77349.6,77788.8,77317.3,77725.2,392.254911
2026-05-25T15:00:00+00:00,77725.2,77916.2,77568.0,77634.1,375.026234
2026-05-25T16:00:00+00:00,77634.1,77824.2,77517.2,77744.4,244.827432
2026-05-25T17:00:00+00:00,77744.4,77814.1,77558.0,77572.1,237.999464
2026-05-25T18:00:00+00:00,77572.1,77670.7,77551.2,77556.8,116.845159
2026-05-25T19:00:00+00:00,77556.8,77558.6,77354.9,77445.4,155.653249
2026-05-25T20:00:00+00:00,77445.4,77509.3,77223.2,77283.1,265.449291
2026-05-25T21:00:00+00:00,77283.1,77399.6,77281.8,77374.3,188.438035
2026-05-25T22:00:00+00:00,77374.3,77457.7,77046.0,77120.5,357.598216
2026-05-25T23:00:00+00:00,77120.5,77379.9,77071.6,77322.1,196.443326
2026-05-26T00:00:00+00:00,77322.1,77354.9,76572.8,76784.8,566.026818
2026-05-26T01:00:00+00:00,76784.8,76897.3,76575.9,76751.8,403.980461
2026-05-26T02:00:00+00:00,76751.8,76814.8,76510.7,76657.3,305.743068
2026-05-26T03:00:00+00:00,76657.3,76714.4,76475.5,76662.0,269.400716
2026-05-26T04:00:00+00:00,76662.0,76821.1,76605.1,76747.2,184.034288
2026-05-26T05:00:00+00:00,76747.2,76985.2,76703.8,76920.9,198.809661
2026-05-26T06:00:00+00:00,76920.9,77061.2,76765.0,76902.8,297.903275
2026-05-26T07:00:00+00:00,76902.8,76920.2,76604.0,76727.5,296.070741
2026-05-26T08:00:00+00:00,76727.5,76856.5,76695.6,76728.1,184.753195
2026-05-26T09:00:00+00:00,76728.1,76803.8,76639.4,76675.2,254.14948
2026-05-26T10:00:00+00:00,76675.2,77626.2,76578.2,77433.1,787.812655
2026-05-26T11:00:00+00:00,77433.1,77513.2,77175.3,77195.9,329.706603
2026-05-26T12:00:00+00:00,77195.9,77239.8,76878.9,77144.8,398.298295
2026-05-26T13:00:00+00:00,77144.8,77509.7,76691.4,77242.6,1670.606631
2026-05-26T14:00:00+00:00,77242.6,78089.9,76717.3,76904.6,1565.993783
2026-05-26T15:00:00+00:00,76904.6,77006.7,76256.5,76506.2,1153.734998
2026-05-26T16:00:00+00:00,76506.2,76711.9,76190.7,76555.7,667.388689
2026-05-26T17:00:00+00:00,76555.7,76646.1,75843.9,75929.7,744.811298
2026-05-26T18:00:00+00:00,75929.7,76266.5,75766.6,75839.9,488.933102
2026-05-26T19:00:00+00:00,75839.9,76098.2,75794.1,76054.0,335.979997
2026-05-26T20:00:00+00:00,76054.0,76180.7,75982.2,76106.1,264.437092
2026-05-26T21:00:00+00:00,76106.1,76117.8,75842.5,75892.7,191.004307
2026-05-26T22:00:00+00:00,75892.7,75997.5,75671.0,75748.2,263.178978
2026-05-26T23:00:00+00:00,75748.2,75989.9,75748.2,75929.4,171.781664
2026-05-27T00:00:00+00:00,75929.4,76084.3,75875.6,76075.2,251.926039
2026-05-27T01:00:00+00:00,76075.2,76104.1,75815.2,75875.2,267.607359
2026-05-27T02:00:00+00:00,75875.2,75891.1,75678.9,75872.3,219.51492
2026-05-27T03:00:00+00:00,75872.3,75958.6,75597.4,75659.0,269.746896
2026-05-27T04:00:00+00:00,75659.0,75704.7,75300.0,75562.4,418.526623
2026-05-27T05:00:00+00:00,75562.4,75729.3,75562.4,75691.1,235.760546
2026-05-27T06:00:00+00:00,75691.1,75887.7,75675.7,75826.9,248.457168
2026-05-27T07:00:00+00:00,75826.9,75976.2,75752.2,75961.8,332.638537
2026-05-27T08:00:00+00:00,75961.8,76064.4,75828.0,75864.0,328.31155
2026-05-27T09:00:00+00:00,75864.0,75972.1,75699.5,75903.6,257.008401
2026-05-27T10:00:00+00:00,75903.6,76034.6,75867.3,75893.5,208.407803
2026-05-27T11:00:00+00:00,75893.5,76021.0,75750.1,75765.3,256.491435
2026-05-27T12:00:00+00:00,75765.3,76168.7,75568.1,75682.9,661.061425
2026-05-27T13:00:00+00:00,75682.9,75761.4,74850.0,75074.2,1186.411596
2026-05-27T14:00:00+00:00,75074.2,75269.9,74763.7,75035.0,846.122612
2026-05-27T15:00:00+00:00,75035.0,75504.0,74976.7,75325.2,563.521212
2026-05-27T16:00:00+00:00,75325.2,75413.4,74987.0,75303.7,394.873159
2026-05-27T17:00:00+00:00,75303.7,75344.8,74683.9,74861.7,531.144619
2026-05-27T18:00:00+00:00,74861.7,75033.2,74662.9,75026.9,341.586217
2026-05-27T19:00:00+00:00,75026.9,75103.6,74947.3,75066.4,316.424425
2026-05-27T20:00:00+00:00,75066.4,75417.1,75050.4,75270.9,231.443731
2026-05-27T21:00:00+00:00,75270.9,75271.0,74345.2,74474.0,440.415335
2026-05-27T22:00:00+00:00,74474.0,74782.6,74268.2,74421.8,467.805423
2026-05-27T23:00:00+00:00,74421.8,74574.3,74238.8,74444.0,374.915044
2026-05-28T00:00:00+00:00,74444.0,74580.9,74361.7,74563.1,370.432561
2026-05-28T01:00:00+00:00,74563.1,74584.4,74153.8,74336.3,601.574581
2026-05-28T02:00:00+00:00,74336.3,74398.9,74105.2,74281.1,401.938498
2026-05-28T03:00:00+00:00,74281.1,74376.5,73074.0,73259.5,1415.770299
2026-05-28T04:00:00+00:00,73259.5,73261.0,72727.2,73181.4,853.141866
2026-05-28T05:00:00+00:00,73181.4,73181.5,72910.6,72993.0,379.216603
2026-05-28T06:00:00+00:00,72993.0,73208.7,72763.1,73198.1,370.367809
2026-05-28T07:00:00+00:00,73198.1,73514.6,73154.6,73498.8,476.495151
2026-05-28T08:00:00+00:00,73498.8,73514.5,73209.0,73329.3,289.339013
2026-05-28T09:00:00+00:00,73329.3,73569.3,73261.3,73546.4,260.510041
2026-05-28T10:00:00+00:00,73546.4,73626.3,73350.0,73402.4,208.275478
2026-05-28T11:00:00+00:00,73402.4,73541.6,73314.7,73506.0,199.378025
2026-05-28T12:00:00+00:00,73506.0,73586.8,73251.7,73525.8,302.094483
2026-05-28T13:00:00+00:00,73525.8,73582.5,72768.5,73024.1,865.848896
2026-05-28T14:00:00+00:00,73024.1,73591.4,72580.9,73033.2,1469.829156
2026-05-28T15:00:00+00:00,73033.2,73188.9,72694.9,72931.8,561.535159
2026-05-28T16:00:00+00:00,72931.8,73449.8,72731.1,73449.8,651.147831
2026-05-28T17:00:00+00:00,73449.8,73740.6,73315.5,73554.1,553.096731
2026-05-28T18:00:00+00:00,73554.1,73757.8,73521.0,73665.5,407.70029
2026-05-28T19:00:00+00:00,73665.5,73665.5,73385.0,73428.4,400.693074
2026-05-28T20:00:00+00:00,73428.4,73733.6,73246.9,73582.0,395.863937
2026-05-28T21:00:00+00:00,73582.0,73933.4,73557.7,73827.1,236.514607
2026-05-28T22:00:00+00:00,73827.1,73953.6,73455.1,73479.3,250.481876
2026-05-28T23:00:00+00:00,73479.3,73731.4,73479.2,73628.0,180.416596
2026-05-29T00:00:00+00:00,73628.0,73870.0,73628.0,73728.9,366.266969
2026-05-29T01:00:00+00:00,73728.9,73878.6,73470.5,73601.9,364.47698
2026-05-29T02:00:00+00:00,73601.9,73655.0,73185.1,73227.5,395.499951
2026-05-29T03:00:00+00:00,73227.5,73459.0,73227.5,73296.9,222.214
2026-05-29T04:00:00+00:00,73296.9,73507.0,73200.2,73501.2,227.789872
2026-05-29T05:00:00+00:00,73501.2,73737.5,73492.5,73701.0,272.126195
2026-05-29T06:00:00+00:00,73701.0,73942.2,73638.0,73784.0,225.389765
2026-05-29T07:00:00+00:00,73784.0,73824.5,73374.4,73523.9,427.916119
2026-05-29T08:00:00+00:00,73523.9,73836.0,73518.3,73658.9,343.612217
2026-05-29T09:00:00+00:00,73658.9,73910.9,73654.2,73742.6,222.76899
2026-05-29T10:00:00+00:00,73742.6,73742.7,73582.8,73635.5,181.201896
2026-05-29T11:00:00+00:00,73635.5,73702.6,73346.0,73485.0,276.262007
2026-05-29T12:00:00+00:00,73485.0,73485.1,73203.3,73294.7,284.915891
2026-05-29T13:00:00+00:00,73294.7,73348.8,72900.0,73141.2,647.570926
2026-05-29T14:00:00+00:00,73141.2,73208.5,72492.5,73094.2,919.676542
2026-05-29T15:00:00+00:00,73094.2,74204.8,73000.0,73809.4,1140.936316
2026-05-29T16:00:00+00:00,73809.4,74122.0,73562.5,74048.5,711.094257
2026-05-29T17:00:00+00:00,74048.5,74331.6,73921.7,73986.7,607.236243
2026-05-29T18:00:00+00:00,73986.7,74068.5,73177.4,73377.2,506.608522
2026-05-29T19:00:00+00:00,73377.2,73738.6,73242.4,73521.1,293.354515
2026-05-29T20:00:00+00:00,73521.1,73764.7,73513.0,73682.2,205.605878
2026-05-29T21:00:00+00:00,73682.2,73850.0,73411.5,73421.2,206.952687
2026-05-29T22:00:00+00:00,73421.2,73575.9,73378.1,73487.5,154.956777
2026-05-29T23:00:00+00:00,73487.5,73517.7,73317.4,73468.1,127.019584
2026-05-30T00:00:00+00:00,73468.1,73588.3,73410.9,73506.7,206.748895
2026-05-30T01:00:00+00:00,73506.7,73672.2,73471.6,73667.4,193.88855
2026-05-30T02:00:00+00:00,73667.4,73790.7,73617.4,73790.7,146.529224
2026-05-30T03:00:00+00:00,73790.7,73795.9,73523.5,73534.7,164.812511
2026-05-30T04:00:00+00:00,73534.7,73585.8,73205.0,73406.3,376.081031
2026-05-30T05:00:00+00:00,73406.3,73638.5,73352.2,73601.5,248.764483
2026-05-30T06:00:00+00:00,73601.5,73710.1,73525.9,73578.4,212.86666
2026-05-30T07:00:00+00:00,73578.4,73585.2,73481.6,73543.0,100.300564
2026-05-30T08:00:00+00:00,73543.0,73559.6,73500.0,73519.9,110.336055
2026-05-30T09:00:00+00:00,73519.9,73611.2,73500.1,73605.2,86.216516
2026-05-30T10:00:00+00:00,73605.2,73676.6,73586.9,73650.0,148.064277
2026-05-30T11:00:00+00:00,73650.0,73652.5,73563.6,73598.4,105.603731
2026-05-30T12:00:00+00:00,73598.4,73716.9,73590.3,73692.1,115.108182
2026-05-30T13:00:00+00:00,73692.1,73841.3,73673.5,73826.6,144.665646
2026-05-30T14:00:00+00:00,73826.6,74102.2,73812.8,73926.7,271.766785
2026-05-30T15:00:00+00:00,73926.7,74041.9,73831.1,73919.6,222.018393
2026-05-30T16:00:00+00:00,73919.6,73981.5,73875.5,73932.2,99.0074
2026-05-30T17:00:00+00:00,73932.2,74025.7,73810.1,74018.9,166.955525
2026-05-30T18:00:00+00:00,74018.9,74145.4,73942.8,74041.8,150.926853
2026-05-30T19:00:00+00:00,74041.8,74079.5,73977.6,74015.2,137.832465
2026-05-30T20:00:00+00:00,74015.2,74022.7,73924.6,73984.1,111.867105
2026-05-30T21:00:00+00:00,73984.1,74059.1,73931.3,73987.0,107.011369
2026-05-30T22:00:00+00:00,73987.0,73990.3,73794.8,73880.0,133.658622
2026-05-30T23:00:00+00:00,73880.0,73997.3,73782.1,73889.6,133.468922
2026-05-31T00:00:00+00:00,73889.6,74042.5,73853.7,74034.9,185.694384
2026-05-31T01:00:00+00:00,74034.9,74273.0,74022.3,74053.1,309.717614
2026-05-31T02:00:00+00:00,74053.1,74248.1,73887.1,74089.7,311.243769
2026-05-31T03:00:00+00:00,74089.7,74222.1,74063.0,74144.3,200.312067
2026-05-31T04:00:00+00:00,74144.3,74225.4,74100.1,74177.3,118.876649
2026-05-31T05:00:00+00:00,74177.3,74209.6,74054.1,74060.3,116.118046
2026-05-31T06:00:00+00:00,74060.3,74105.2,73995.1,74054.0,97.542207
2026-05-31T07:00:00+00:00,74054.0,74054.0,73831.8,73872.9,183.973917
2026-05-31T08:00:00+00:00,73872.9,74003.7,73851.3,73947.7,210.575607
2026-05-31T09:00:00+00:00,73947.7,74028.9,73810.7,73845.2,172.941782
2026-05-31T10:00:00+00:00,73845.2,73907.1,73728.9,73902.3,217.518234
2026-05-31T11:00:00+00:00,73902.3,73978.7,73898.3,73946.9,237.319169
2026-05-31T12:00:00+00:00,73946.9,74005.0,73873.5,73922.1,289.794836
2026-05-31T13:00:00+00:00,73922.1,74031.3,73812.1,73873.4,293.870662
2026-05-31T14:00:00+00:00,73873.4,73873.5,73504.0,73605.3,953.379702
2026-05-31T15:00:00+00:00,73605.3,73785.4,73589.8,73655.8,244.077928
2026-05-31T16:00:00+00:00,73655.8,73733.5,73398.5,73530.2,307.226203
2026-05-31T17:00:00+00:00,73530.2,73736.1,73462.4,73715.9,176.722705
2026-05-31T18:00:00+00:00,73715.9,73717.5,73581.2,73611.2,89.92476
2026-05-31T19:00:00+00:00,73611.2,73659.3,73452.6,73555.4,90.436368
2026-05-31T20:00:00+00:00,73555.4,73771.0,73555.3,73744.9,150.995027
2026-05-31T21:00:00+00:00,73744.9,73921.5,73624.4,73889.0,273.113636
2026-05-31T22:00:00+00:00,73889.0,74004.3,73683.3,73948.6,231.577733
2026-05-31T23:00:00+00:00,73948.6,74206.0,73500.0,73683.6,322.710238
2026-06-01T00:00:00+00:00,73683.6,74089.6,73652.8,73884.9,382.204617
2026-06-01T01:00:00+00:00,73884.9,73918.7,73267.2,73290.2,406.991647
2026-06-01T02:00:00+00:00,73290.2,73878.3,73213.6,73787.8,450.727511
2026-06-01T03:00:00+00:00,73787.8,74014.9,73729.6,73763.6,304.869099
2026-06-01T04:00:00+00:00,73763.6,73840.4,73341.8,73529.8,261.857054
2026-06-01T05:00:00+00:00,73529.8,73543.7,73320.8,73351.6,243.074662
2026-06-01T06:00:00+00:00,73351.6,73370.6,72958.4,73137.9,430.932081
2026-06-01T07:00:00+00:00,73137.9,73200.0,72700.0,72803.9,421.335892
2026-06-01T08:00:00+00:00,72803.9,72924.3,72615.7,72900.6,468.825777
2026-06-01T09:00:00+00:00,72900.6,73106.6,72825.4,72880.8,439.274874
2026-06-01T10:00:00+00:00,72880.8,72902.2,72590.2,72746.3,355.39144
2026-06-01T11:00:00+00:00,72746.3,72764.5,72279.5,72482.3,498.527575
2026-06-01T12:00:00+00:00,72482.3,72618.2,71900.2,72213.3,927.306878
2026-06-01T13:00:00+00:00,72213.3,72234.7,71375.1,71709.2,1421.74907
2026-06-01T14:00:00+00:00,71709.2,71885.9,71409.0,71565.9,692.924947
2026-06-01T15:00:00+00:00,71565.9,71674.0,71064.6,71123.1,647.594183
2026-06-01T16:00:00+00:00,71123.1,71599.1,70678.6,71561.0,990.095166
2026-06-01T17:00:00+00:00,71561.0,71797.1,71463.6,71641.8,570.996013
2026-06-01T18:00:00+00:00,71641.8,71695.9,71374.8,71492.9,323.543943
2026-06-01T19:00:00+00:00,71492.9,71670.4,71379.9,71595.0,252.334849
2026-06-01T20:00:00+00:00,71595.0,71696.0,71413.5,71448.3,167.428503
2026-06-01T21:00:00+00:00,71448.3,71448.8,70928.6,71034.5,410.583865
2026-06-01T22:00:00+00:00,71034.5,71458.6,70835.3,71401.8,336.248786
2026-06-01T23:00:00+00:00,71401.8,71598.5,71219.7,71407.5,320.363442
2026-06-02T00:00:00+00:00,71407.5,71413.9,71083.0,71284.9,366.510885
2026-06-02T01:00:00+00:00,71284.9,71374.7,70600.0,70657.5,564.233848
2026-06-02T02:00:00+00:00,70657.5,70883.6,70100.5,70853.2,894.837863
2026-06-02T03:00:00+00:00,70853.2,71044.3,70802.3,70954.7,373.181947
2026-06-02T04:00:00+00:00,70954.7,71054.1,70711.7,70810.6,332.529115
2026-06-02T05:00:00+00:00,70810.6,70848.1,70256.7,70267.8,438.381193
2026-06-02T06:00:00+00:00,70267.8,70445.3,69952.6,70109.3,460.131607
2026-06-02T07:00:00+00:00,70109.3,70273.4,69738.1,70112.6,455.598502
2026-06-02T08:00:00+00:00,70112.6,70178.0,69708.1,69821.5,531.130042
2026-06-02T09:00:00+00:00,69821.5,69850.9,69325.6,69422.9,667.854368
2026-06-02T10:00:00+00:00,69422.9,69756.3,69346.2,69650.0,492.213691
2026-06-02T11:00:00+00:00,69650.0,69665.5,69388.7,69457.2,286.399282
2026-06-02T12:00:00+00:00,69457.2,69542.1,68980.1,69012.8,1432.341406
2026-06-02T13:00:00+00:00,69012.8,69179.5,68751.1,68808.5,1792.197692
2026-06-02T14:00:00+00:00,68808.5,68833.4,67613.58,68022.9,1299.444829
2026-06-02T15:00:00+00:00,68022.9,68095.3,67074.4,67300.2,1346.810958
2026-06-02T16:00:00+00:00,67300.2,68146.6,67221.9,67412.9,974.551953
2026-06-02T17:00:00+00:00,67412.9,67843.2,67370.1,67485.1,529.756228
2026-06-02T18:00:00+00:00,67485.1,67666.3,67117.6,67335.9,420.835261
2026-06-02T19:00:00+00:00,67335.9,67499.9,66392.8,67312.5,1073.065093
2026-06-02T20:00:00+00:00,67312.5,67684.5,66907.0,67584.7,510.997769
2026-06-02T21:00:00+00:00,67584.7,67921.7,67405.2,67567.2,462.311131
2026-06-02T22:00:00+00:00,67567.2,67567.2,66234.1,66394.9,1040.125342
2026-06-02T23:00:00+00:00,66394.9,66872.7,66200.0,66754.8,909.955448
2026-06-03T00:00:00+00:00,66754.8,67209.6,66650.7,66933.5,828.544083
2026-06-03T01:00:00+00:00,66933.5,67050.0,66464.0,66912.2,665.223349
2026-06-03T02:00:00+00:00,66912.2,66937.7,66579.7,66613.7,517.154461
2026-06-03T03:00:00+00:00,66613.7,66663.2,65412.0,65845.1,1252.279721
2026-06-03T04:00:00+00:00,65845.1,66621.2,65824.2,66467.4,588.248038
2026-06-03T05:00:00+00:00,66467.4,67408.8,66467.4,67334.2,864.294211
2026-06-03T06:00:00+00:00,67334.2,67534.2,66968.3,66986.4,1409.254653
2026-06-03T07:00:00+00:00,66986.4,67361.5,66870.2,67226.2,389.109995
2026-06-03T08:00:00+00:00,67226.2,67267.2,66975.9,67029.0,472.278188
2026-06-03T09:00:00+00:00,67029.0,67331.6,66657.3,67081.0,741.974256
2026-06-03T10:00:00+00:00,67081.0,67484.8,67066.3,67298.3,488.377503
2026-06-03T11:00:00+00:00,67298.3,67371.5,67056.1,67073.6,353.168763
2026-06-03T12:00:00+00:00,67073.6,67170.4,66784.6,67084.2,600.740101
2026-06-03T13:00:00+00:00,67084.2,67253.9,66634.2,66909.4,911.620366
2026-06-03T14:00:00+00:00,66909.4,66997.2,66650.8,66865.4,755.123348
2026-06-03T15:00:00+00:00,66865.4,66896.8,66071.4,66074.2,853.426484
2026-06-03T16:00:00+00:00,66074.2,66377.2,65550.3,66064.4,1368.038269
2026-06-03T17:00:00+00:00,66064.4,66189.4,65702.6,65963.5,704.277156
2026-06-03T18:00:00+00:00,65963.5,66164.9,65736.4,66032.6,510.808497
2026-06-03T19:00:00+00:00,66032.6,66064.1,65244.4,65464.9,823.701941
2026-06-03T20:00:00+00:00,65464.9,65606.8,64735.7,65003.4,1090.15915
2026-06-03T21:00:00+00:00,65003.4,65861.9,64955.3,65769.8,798.951112
2026-06-03T22:00:00+00:00,65769.8,65854.6,64773.1,64912.8,915.673421
2026-06-03T23:00:00+00:00,64912.8,64992.6,64090.1,64146.0,1024.866336
2026-06-04T00:00:00+00:00,64146.0,64439.9,62993.6,63341.3,2130.93374
2026-06-04T01:00:00+00:00,63341.3,63506.3,62101.8,62179.1,2166.281693
2026-06-04T02:00:00+00:00,62179.1,63642.2,61370.0,63228.8,2373.522598
2026-06-04T03:00:00+00:00,63228.8,64545.1,63219.9,64373.0,1172.910222
2026-06-04T04:00:00+00:00,64373.0,64770.8,64266.0,64409.3,599.265493
2026-06-04T05:00:00+00:00,64409.3,64409.3,63652.0,63958.0,692.842934
2026-06-04T06:00:00+00:00,63958.0,64492.8,63888.7,64038.8,524.523555
2026-06-04T07:00:00+00:00,64038.8,64072.3,63395.5,63595.5,1965.007462
2026-06-04T08:00:00+00:00,63595.5,63910.0,63244.6,63637.4,1885.514915
2026-06-04T09:00:00+00:00,63637.4,63653.5,62713.9,63268.0,954.740792
2026-06-04T10:00:00+00:00,63268.0,63283.5,62280.0,62420.7,1453.0159
2026-06-04T11:00:00+00:00,62420.7,62841.0,62189.9,62546.9,1080.389969
2026-06-04T12:00:00+00:00,62546.9,63973.6,62387.0,63765.5,1527.468612
2026-06-04T13:00:00+00:00,63765.5,64254.1,63058.7,64230.1,1590.415572
2026-06-04T14:00:00+00:00,64230.1,64503.6,63794.7,63955.7,1124.293211
2026-06-04T15:00:00+00:00,63955.7,64410.9,63693.6,63896.7,844.686153
2026-06-04T16:00:00+00:00,63896.7,63929.0,63454.8,63566.1,758.049101
2026-06-04T17:00:00+00:00,63566.1,63726.8,62945.6,63536.5,1113.285611
2026-06-04T18:00:00+00:00,63536.5,64112.6,63134.6,63809.1,973.756221
2026-06-04T19:00:00+00:00,63809.1,64159.6,63534.6,63627.4,621.114136
2026-06-04T20:00:00+00:00,63627.4,63662.5,63180.7,63635.2,611.10413
2026-06-04T21:00:00+00:00,63635.2,63890.7,63111.1,63286.5,585.827611
2026-06-04T22:00:00+00:00,63286.5,63779.6,63184.6,63728.3,833.725115
2026-06-04T23:00:00+00:00,63728.3,63920.0,63369.5,63879.1,538.87583
2026-06-05T00:00:00+00:00,63879.1,63983.1,63385.7,63419.5,648.542454
2026-06-05T01:00:00+00:00,63419.5,63575.1,63042.3,63371.8,762.124947
2026-06-05T02:00:00+00:00,63371.8,63458.9,62590.2,62623.6,996.827629
2026-06-05T03:00:00+00:00,62623.6,62895.4,62336.1,62730.3,975.549331
2026-06-05T04:00:00+00:00,62730.3,63648.0,62479.9,63615.9,1042.904709
2026-06-05T05:00:00+00:00,63615.9,63690.8,62274.6,62328.5,1203.866144
2026-06-05T06:00:00+00:00,62328.5,62641.6,61123.0,61948.5,2677.984827
2026-06-05T07:00:00+00:00,61948.5,63124.9,61375.0,63113.0,2742.951032
2026-06-05T08:00:00+00:00,63113.0,63124.9,62294.0,62466.6,988.318397
2026-06-05T09:00:00+00:00,62466.6,63274.7,62442.3,62865.0,778.309344
2026-06-05T10:00:00+00:00,62865.0,62942.9,62381.1,62543.6,562.020831
2026-06-05T11:00:00+00:00,62543.6,62648.8,61962.6,61962.6,820.616801
2026-06-05T12:00:00+00:00,61962.6,62461.1,61613.6,61964.1,1226.002358
2026-06-05T13:00:00+00:00,61964.1,62335.0,60722.3,60729.4,1729.095538
2026-06-05T14:00:00+00:00,60729.4,61232.6,60325.8,60864.6,2418.780019
2026-06-05T15:00:00+00:00,60864.6,61134.8,60056.9,60431.6,2013.27956
2026-06-05T16:00:00+00:00,60431.6,61568.0,59777.0,61391.9,2815.06901
2026-06-05T17:00:00+00:00,61391.9,61518.2,60652.0,60815.4,1023.793516
2026-06-05T18:00:00+00:00,60815.4,60955.1,59136.1,59394.9,2055.916004
2026-06-05T19:00:00+00:00,59394.9,60464.9,59130.0,60302.9,1623.627629
2026-06-05T20:00:00+00:00,60302.9,61788.6,59932.6,61623.0,1096.914286
2026-06-05T21:00:00+00:00,61623.0,62006.9,61455.6,61675.1,838.097381
2026-06-05T22:00:00+00:00,61675.1,61973.4,61214.1,61582.8,1305.808598
2026-06-05T23:00:00+00:00,61582.8,61790.6,60513.2,61060.8,811.095581
2026-06-06T00:00:00+00:00,61060.8,61526.7,61054.5,61270.1,454.676722
2026-06-06T01:00:00+00:00,61270.1,61380.8,60954.1,61057.8,321.690269
2026-06-06T02:00:00+00:00,61057.8,61182.3,60672.9,60954.2,344.830074
2026-06-06T03:00:00+00:00,60954.2,60971.6,60514.2,60693.1,335.488549
2026-06-06T04:00:00+00:00,60693.1,60874.7,59486.2,60103.1,968.934437
2026-06-06T05:00:00+00:00,60103.1,61074.6,59611.0,60945.9,955.57244
2026-06-06T06:00:00+00:00,60945.9,61308.4,60681.7,60796.6,654.609124
2026-06-06T07:00:00+00:00,60796.6,61244.9,60734.9,61009.3,510.944907
2026-06-06T08:00:00+00:00,61009.3,61499.7,60883.0,61274.2,413.745623
2026-06-06T09:00:00+00:00,61274.2,61334.0,60880.7,60979.9,347.550313
2026-06-06T10:00:00+00:00,60979.9,60981.2,60176.8,60588.4,809.586527
2026-06-06T11:00:00+00:00,60588.4,60973.0,60550.9,60805.1,361.089868
2026-06-06T12:00:00+00:00,60805.1,61189.9,60638.0,61034.2,515.3322
2026-06-06T13:00:00+00:00,61034.2,61104.8,60701.1,60805.8,316.931678
2026-06-06T14:00:00+00:00,60805.8,61019.6,60767.5,60792.9,284.246985
2026-06-06T15:00:00+00:00,60792.9,60929.9,60389.5,60780.8,404.922502
2026-06-06T16:00:00+00:00,60780.8,60975.3,60465.7,60780.8,389.529902
2026-06-06T17:00:00+00:00,60780.8,60853.1,60502.8,60585.4,303.714525
2026-06-06T18:00:00+00:00,60585.4,60753.3,60404.7,60639.6,318.198808
2026-06-06T19:00:00+00:00,60639.6,60789.5,60536.7,60593.2,256.477429
2026-06-06T20:00:00+00:00,60593.2,60759.4,60517.9,60710.6,281.646108
2026-06-06T21:00:00+00:00,60710.6,60998.0,60704.9,60751.9,208.389994
2026-06-06T22:00:00+00:00,60751.9,60823.6,60428.5,60541.2,276.158376
2026-06-06T23:00:00+00:00,60541.2,60951.6,60541.2,60884.1,222.410345
2026-06-07T00:00:00+00:00,60884.1,60997.1,60742.3,60785.5,196.625366
2026-06-07T01:00:00+00:00,60785.5,61665.0,60757.8,61477.6,504.578782
2026-06-07T02:00:00+00:00,61477.6,61571.3,61180.3,61504.9,237.58688
2026-06-07T03:00:00+00:00,61504.9,61780.0,61413.5,61702.2,226.880107
2026-06-07T04:00:00+00:00,61702.2,61903.9,61482.1,61889.9,196.454617
2026-06-07T05:00:00+00:00,61889.9,62216.9,61648.2,61743.3,409.677969
2026-06-07T06:00:00+00:00,61743.3,62274.4,61614.0,62110.8,346.600791
2026-06-07T07:00:00+00:00,62110.8,62414.8,61985.9,62397.9,427.890994
2026-06-07T08:00:00+00:00,62397.9,62993.3,62253.2,62859.6,697.231779
2026-06-07T09:00:00+00:00,62859.6,62903.5,62411.4,62538.4,333.591213
2026-06-07T10:00:00+00:00,62538.4,62576.9,62295.1,62373.1,231.279673
2026-06-07T11:00:00+00:00,62373.1,62758.0,62357.1,62628.9,212.600924
2026-06-07T12:00:00+00:00,62628.9,62652.5,61570.4,61902.9,717.654547
2026-06-07T13:00:00+00:00,61902.9,61915.7,61655.6,61708.0,254.337883
2026-06-07T14:00:00+00:00,61708.0,62342.4,61704.2,61905.7,270.455113
2026-06-07T15:00:00+00:00,61905.7,62220.7,61672.2,62098.7,207.064762
2026-06-07T16:00:00+00:00,62098.7,62328.9,61965.9,62084.8,205.50896
2026-06-07T17:00:00+00:00,62084.8,62327.5,62045.2,62160.8,205.004844
2026-06-07T18:00:00+00:00,62160.8,62296.2,62016.2,62028.5,143.009335
2026-06-07T19:00:00+00:00,62028.5,62039.0,61183.2,61333.3,544.488874
2026-06-07T20:00:00+00:00,61333.3,61964.7,61213.6,61875.9,300.253253
2026-06-07T21:00:00+00:00,61875.9,62010.5,61650.4,61780.2,179.551736
2026-06-07T22:00:00+00:00,61780.2,64282.9,61722.3,62867.9,1398.209103
2026-06-07T23:00:00+00:00,62867.9,63461.8,62801.8,63337.1,302.219295
2026-06-08T00:00:00+00:00,63337.1,63871.2,63148.5,63640.0,490.561596
2026-06-08T01:00:00+00:00,63640.0,63659.9,62720.2,63213.9,736.620494
2026-06-08T02:00:00+00:00,63213.9,63262.7,62912.9,63132.4,487.557655
2026-06-08T03:00:00+00:00,63132.4,63470.2,62973.0,63127.3,333.738101
2026-06-08T04:00:00+00:00,63127.3,63174.3,62654.2,62676.9,443.19132
2026-06-08T05:00:00+00:00,62676.9,62825.2,62408.2,62768.9,568.085848
2026-06-08T06:00:00+00:00,62768.9,63148.0,62731.3,62991.5,424.498815
2026-06-08T07:00:00+00:00,62991.5,63364.0,62804.0,63295.2,1324.983636
2026-06-08T08:00:00+00:00,63295.2,63295.3,62985.5,63137.7,381.862422
2026-06-08T09:00:00+00:00,63137.7,63582.9,63123.1,63502.1,492.92153
2026-06-08T10:00:00+00:00,63502.1,63565.6,63077.9,63162.6,459.716689
2026-06-08T11:00:00+00:00,63162.6,63889.7,63050.0,63481.6,598.09751
2026-06-08T12:00:00+00:00,63481.6,63960.0,62703.7,63878.5,1030.474109
2026-06-08T13:00:00+00:00,63878.5,63955.6,63353.2,63751.8,888.363294
2026-06-08T14:00:00+00:00,63751.8,64094.2,63563.5,63967.6,768.857851
2026-06-08T15:00:00+00:00,63967.6,64217.5,63707.1,63779.5,528.421658
2026-06-08T16:00:00+00:00,63779.5,64048.9,63472.3,63530.7,484.251383
2026-06-08T17:00:00+00:00,63530.7,63655.1,63275.3,63551.5,530.178715
2026-06-08T18:00:00+00:00,63551.5,63694.2,63335.0,63471.5,223.065213
2026-06-08T19:00:00+00:00,63471.5,63599.3,63350.1,63375.5,287.318369
2026-06-08T20:00:00+00:00,63375.5,63485.2,63151.3,63485.2,248.21851
2026-06-08T21:00:00+00:00,63485.2,63850.3,63484.9,63725.9,200.496875
2026-06-08T22:00:00+00:00,63725.9,63725.9,63212.8,63440.0,231.211817
2026-06-08T23:00:00+00:00,63440.0,63599.4,62975.7,63087.9,263.968589
2026-06-09T00:00:00+00:00,63087.9,63188.0,62418.1,62561.6,668.81014
2026-06-09T01:00:00+00:00,62561.6,62881.0,62549.8,62764.9,470.641081
2026-06-09T02:00:00+00:00,62764.9,62873.1,62539.5,62873.1,315.567546
2026-06-09T03:00:00+00:00,62873.1,62974.9,62700.0,62873.2,357.60382
2026-06-09T04:00:00+00:00,62873.2,63431.2,62743.8,63244.0,636.666482
2026-06-09T05:00:00+00:00,63244.0,63527.6,63116.2,63347.7,417.433216
2026-06-09T06:00:00+00:00,63347.7,63514.7,63229.1,63304.3,382.108541
2026-06-09T07:00:00+00:00,63304.3,63451.7,63009.4,63200.0,396.880327
2026-06-09T08:00:00+00:00,63200.0,63217.4,62751.9,62850.2,2067.904697
2026-06-09T09:00:00+00:00,62850.2,62960.9,62597.0,62719.3,1251.975788
2026-06-09T10:00:00+00:00,62719.3,62844.0,62570.0,62786.0,348.253205
2026-06-09T11:00:00+00:00,62786.0,62822.3,62495.5,62713.3,446.920148
2026-06-09T12:00:00+00:00,62713.3,62905.3,62422.4,62643.0,515.577773
2026-06-09T13:00:00+00:00,62643.0,62746.3,62150.7,62275.5,929.929914
2026-06-09T14:00:00+00:00,62275.5,62400.6,61147.5,61545.2,1541.077373
2026-06-09T15:00:00+00:00,61545.2,61708.4,61033.3,61129.1,841.706569
2026-06-09T16:00:00+00:00,61129.1,61490.9,60763.8,61394.8,1192.70256
2026-06-09T17:00:00+00:00,61394.8,61896.2,61394.8,61695.3,715.44404
2026-06-09T18:00:00+00:00,61695.3,61970.3,61601.8,61790.3,457.782963
2026-06-09T19:00:00+00:00,61790.3,62113.0,61720.9,62096.1,519.09679
2026-06-09T20:00:00+00:00,62096.1,62279.2,61953.7,62168.0,371.588093
2026-06-09T21:00:00+00:00,62168.0,62183.8,61697.1,61763.8,247.562274
2026-06-09T22:00:00+00:00,61763.8,61983.7,61665.1,61723.5,142.822365
2026-06-09T23:00:00+00:00,61723.5,61886.2,61552.0,61730.4,213.235892
2026-06-10T00:00:00+00:00,61730.4,61938.2,61440.9,61918.8,415.127674
2026-06-10T01:00:00+00:00,61918.8,61976.2,61580.3,61717.3,366.80932
2026-06-10T02:00:00+00:00,61717.3,61843.9,61235.5,61305.1,419.224137
2026-06-10T03:00:00+00:00,61305.1,61596.7,61284.1,61549.5,211.850118
2026-06-10T04:00:00+00:00,61549.5,61565.3,61191.4,61294.6,239.174912
2026-06-10T05:00:00+00:00,61294.6,61395.6,61075.6,61351.3,281.162038
2026-06-10T06:00:00+00:00,61351.3,61526.6,61137.2,61470.2,325.596545
2026-06-10T07:00:00+00:00,61470.2,61793.2,61434.3,61688.8,1154.018737
2026-06-10T08:00:00+00:00,61688.8,61737.6,61161.2,61263.8,441.318427
2026-06-10T09:00:00+00:00,61263.8,61433.2,60709.3,61333.3,670.115757
2026-06-10T10:00:00+00:00,61333.3,61473.5,61148.4,61381.8,384.032224
2026-06-10T11:00:00+00:00,61381.8,61440.3,60847.8,61028.3,776.631167
2026-06-10T12:00:00+00:00,61028.3,61978.4,60955.1,61565.3,1090.491806
2026-06-10T13:00:00+00:00,61565.3,62457.0,61444.0,62151.9,1125.336951
2026-06-10T14:00:00+00:00,62151.9,62269.6,61807.4,62202.8,936.361763
2026-06-10T15:00:00+00:00,62202.8,62860.5,61846.2,62639.8,1187.390318
2026-06-10T16:00:00+00:00,62639.8,62653.3,61923.8,62227.0,666.230311
2026-06-10T17:00:00+00:00,62227.0,62362.7,61650.0,61976.4,864.912772
2026-06-10T18:00:00+00:00,61976.4,62163.6,61600.0,61891.2,537.845832
2026-06-10T19:00:00+00:00,61891.2,62069.5,61672.5,61945.3,537.84981
2026-06-10T20:00:00+00:00,61945.3,61950.3,61684.3,61803.2,428.003975
2026-06-10T21:00:00+00:00,61803.2,61803.2,61163.0,61354.9,475.233239
2026-06-10T22:00:00+00:00,61354.9,61579.2,61095.1,61380.1,613.824229
2026-06-10T23:00:00+00:00,61380.1,61606.4,61162.6,61507.1,403.453691
2026-06-11T00:00:00+00:00,61507.1,61990.0,61506.7,61822.4,526.763645
2026-06-11T01:00:00+00:00,61822.4,62386.2,61822.4,62208.0,518.551068
2026-06-11T02:00:00+00:00,62208.0,62306.2,61941.1,62143.2,425.152011
2026-06-11T03:00:00+00:00,62143.2,62973.0,62008.8,62693.8,1018.959074
2026-06-11T04:00:00+00:00,62693.8,62863.5,62545.1,62731.9,401.089436
2026-06-11T05:00:00+00:00,62731.9,62731.9,62560.1,62619.8,318.965209
2026-06-11T06:00:00+00:00,62619.8,63021.2,62547.9,62771.6,477.867798
2026-06-11T07:00:00+00:00,62771.6,62859.4,62604.0,62717.5,406.55629
2026-06-11T08:00:00+00:00,62717.5,63050.2,62711.2,62964.2,1242.46608
2026-06-11T09:00:00+00:00,62964.2,62999.8,62792.6,62929.1,310.096837
2026-06-11T10:00:00+00:00,62929.1,63246.2,62805.9,63144.3,526.55555
2026-06-11T11:00:00+00:00,63144.3,63266.9,63030.7,63104.7,461.588586
2026-06-11T12:00:00+00:00,63104.7,63196.2,62498.0,63009.4,1140.389551
2026-06-11T13:00:00+00:00,63009.4,63247.7,62677.4,63081.4,816.885566
2026-06-11T14:00:00+00:00,63081.4,63108.0,62733.2,62735.1,640.118448
2026-06-11T15:00:00+00:00,62735.1,62888.2,62536.9,62753.9,781.097487
2026-06-11T16:00:00+00:00,62753.9,62847.9,62551.3,62578.3,546.982853
2026-06-11T17:00:00+00:00,62578.3,63661.5,62340.9,63647.6,1511.966509
2026-06-11T18:00:00+00:00,63647.6,63797.0,63327.7,63460.3,692.470169
2026-06-11T19:00:00+00:00,63460.3,63942.7,63396.8,63612.5,885.409453
2026-06-11T20:00:00+00:00,63612.5,63667.7,63278.1,63404.5,406.168785
2026-06-11T21:00:00+00:00,63404.5,63610.3,63401.7,63523.6,228.661224
2026-06-11T22:00:00+00:00,63523.6,63679.5,63469.5,63502.6,212.523343
2026-06-11T23:00:00+00:00,63502.6,63719.8,63362.0,63630.8,308.775468
2026-06-12T00:00:00+00:00,63630.8,63796.0,63522.6,63650.3,259.670756
2026-06-12T01:00:00+00:00,63650.3,63650.3,63293.6,63431.0,378.597914
2026-06-12T02:00:00+00:00,63431.0,63798.6,63431.0,63623.5,302.662076
2026-06-12T03:00:00+00:00,63623.5,63657.6,63357.2,63528.0,269.932249
2026-06-12T04:00:00+00:00,63528.0,63869.4,63428.9,63706.8,412.110916
2026-06-12T05:00:00+00:00,63706.8,63724.4,63307.0,63361.2,361.041499
2026-06-12T06:00:00+00:00,63361.2,63418.1,62839.1,62985.7,459.691573
2026-06-12T07:00:00+00:00,62985.7,63241.4,62938.9,63100.6,1739.579931
2026-06-12T08:00:00+00:00,63100.6,63634.9,63097.4,63472.3,556.635957
2026-06-12T09:00:00+00:00,63472.3,63972.2,63432.7,63758.5,681.09376
2026-06-12T10:00:00+00:00,63758.5,63865.6,63589.2,63700.1,510.186174
2026-06-12T11:00:00+00:00,63700.1,63904.2,63683.5,63762.6,499.943519
2026-06-12T12:00:00+00:00,63762.6,63779.7,63376.8,63462.0,627.737052
2026-06-12T13:00:00+00:00,63462.0,63539.7,63050.0,63236.7,1096.236273
2026-06-12T14:00:00+00:00,63236.7,64010.4,63173.8,64003.9,1461.323199
2026-06-12T15:00:00+00:00,64003.9,64397.3,63551.3,63593.0,1437.384575
2026-06-12T16:00:00+00:00,63593.0,64001.1,63507.1,63982.4,809.431306
2026-06-12T17:00:00+00:00,63982.4,64115.3,63735.0,63865.1,490.424071
2026-06-12T18:00:00+00:00,63865.1,63935.4,63678.4,63685.4,480.813914
2026-06-12T19:00:00+00:00,63685.4,63823.4,63579.0,63582.9,463.725416
2026-06-12T20:00:00+00:00,63582.9,63696.5,63390.9,63446.5,335.522291
2026-06-12T21:00:00+00:00,63446.5,63627.3,63435.0,63478.6,207.41754
2026-06-12T22:00:00+00:00,63478.6,63660.8,63459.7,63505.8,312.165943
2026-06-12T23:00:00+00:00,63505.8,63590.4,63424.6,63575.4,217.536295
2026-06-13T00:00:00+00:00,63575.4,63648.6,63510.6,63602.2,199.681335
2026-06-13T01:00:00+00:00,63602.2,63846.8,63602.2,63833.2,258.473127
2026-06-13T02:00:00+00:00,63833.2,63834.0,63547.2,63644.4,215.032288
2026-06-13T03:00:00+00:00,63644.4,63722.4,63414.5,63528.5,258.508055
2026-06-13T04:00:00+00:00,63528.5,63648.0,63482.4,63509.5,146.828676
2026-06-13T05:00:00+00:00,63509.5,63615.9,63489.8,63588.0,258.367504
2026-06-13T06:00:00+00:00,63588.0,63743.7,63551.5,63733.2,190.761745
2026-06-13T07:00:00+00:00,63733.2,63888.5,63674.6,63849.6,352.025368
2026-06-13T08:00:00+00:00,63849.6,63917.5,63762.4,63808.1,333.124256
2026-06-13T09:00:00+00:00,63808.1,63868.2,63739.5,63746.0,217.4715
2026-06-13T10:00:00+00:00,63746.0,63914.0,63716.1,63844.9,236.518791
2026-06-13T11:00:00+00:00,63844.9,63972.0,63840.4,63969.1,216.716741
2026-06-13T12:00:00+00:00,63969.1,64218.5,63921.1,64135.5,345.619021
2026-06-13T13:00:00+00:00,64135.5,64250.5,64042.6,64093.4,760.960966
2026-06-13T14:00:00+00:00,64093.4,64237.9,64079.7,64225.3,233.638509
2026-06-13T15:00:00+00:00,64225.3,64347.5,64186.0,64298.6,391.905541
2026-06-13T16:00:00+00:00,64298.6,64311.9,63775.7,64021.0,1356.881023
2026-06-13T17:00:00+00:00,64021.0,64119.6,63937.7,63976.4,325.105516
2026-06-13T18:00:00+00:00,63976.4,64281.1,63974.5,64154.9,305.178547
2026-06-13T19:00:00+00:00,64154.9,64332.0,64142.8,64298.1,353.440353
2026-06-13T20:00:00+00:00,64298.1,64298.2,64229.5,64286.3,187.788543
2026-06-13T21:00:00+00:00,64286.3,64762.4,64213.5,64468.0,439.450893
2026-06-13T22:00:00+00:00,64468.0,64555.6,64380.2,64448.0,326.056034
2026-06-13T23:00:00+00:00,64448.0,64598.2,64387.2,64450.4,250.833808
2026-06-14T00:00:00+00:00,64450.4,64580.4,64372.5,64556.6,291.57116
2026-06-14T01:00:00+00:00,64556.6,64711.5,64501.3,64575.1,332.282073
2026-06-14T02:00:00+00:00,64575.1,64635.3,64474.3,64489.2,243.119491
2026-06-14T03:00:00+00:00,64489.2,64546.7,64447.3,64545.3,258.986081
2026-06-14T04:00:00+00:00,64545.3,64562.3,64326.9,64333.6,269.934029
2026-06-14T05:00:00+00:00,64333.6,64414.7,64294.3,64359.3,273.777095
2026-06-14T06:00:00+00:00,64359.3,64482.1,64244.1,64290.0,357.45437
2026-06-14T07:00:00+00:00,64290.0,64445.9,64221.4,64431.7,258.418504
2026-06-14T08:00:00+00:00,64431.7,64520.7,64389.5,64461.1,212.456608
2026-06-14T09:00:00+00:00,64461.1,64621.2,64325.9,64618.0,333.151428
2026-06-14T10:00:00+00:00,64618.0,64668.7,64497.8,64525.9,233.728044
2026-06-14T11:00:00+00:00,64525.9,64646.2,64457.9,64548.4,227.635492
2026-06-14T12:00:00+00:00,64548.4,64565.7,64296.0,64329.6,297.419466
2026-06-14T13:00:00+00:00,64329.6,64399.9,64247.1,64322.3,351.093641
2026-06-14T14:00:00+00:00,64322.3,64345.6,63868.6,63987.5,574.905876
2026-06-14T15:00:00+00:00,63987.5,64151.1,63978.4,64023.8,403.985053
2026-06-14T16:00:00+00:00,64023.8,64218.0,63933.9,63944.3,364.213401
2026-06-14T17:00:00+00:00,63944.3,64027.8,63695.1,63735.4,461.781854
2026-06-14T18:00:00+00:00,63735.4,63819.0,63685.5,63818.5,366.508508
2026-06-14T19:00:00+00:00,63818.5,63866.1,63731.4,63803.4,239.475901
2026-06-14T20:00:00+00:00,63803.4,64097.1,63793.0,64009.6,397.729423
2026-06-14T21:00:00+00:00,64009.6,65693.4,64008.8,65310.5,1316.997777
2026-06-14T22:00:00+00:00,65310.5,65587.0,64950.1,65422.5,1271.073851
2026-06-14T23:00:00+00:00,65422.5,65804.1,65262.1,65750.1,819.336474
2026-06-15T00:00:00+00:00,65750.1,65920.2,65484.5,65628.7,943.5081
2026-06-15T01:00:00+00:00,65628.7,65734.0,65347.0,65516.7,564.247758
2026-06-15T02:00:00+00:00,65516.7,65785.8,65415.5,65465.6,491.337745
2026-06-15T03:00:00+00:00,65465.6,66005.5,65432.3,65929.0,600.188535
2026-06-15T04:00:00+00:00,65929.0,65929.0,65637.4,65646.7,380.291892
2026-06-15T05:00:00+00:00,65646.7,65876.1,65615.9,65863.7,373.075059
2026-06-15T06:00:00+00:00,65863.7,65966.9,65773.9,65813.6,387.685563
2026-06-15T07:00:00+00:00,65813.6,66015.8,65628.3,65674.8,504.503363
2026-06-15T08:00:00+00:00,65674.8,65802.0,65621.3,65664.6,389.64214
2026-06-15T09:00:00+00:00,65664.6,65789.9,65511.2,65597.5,381.209619
2026-06-15T10:00:00+00:00,65597.5,65976.1,65583.8,65923.5,554.672758
2026-06-15T11:00:00+00:00,65923.5,66400.0,65848.3,66232.0,857.281082
2026-06-15T12:00:00+00:00,66232.0,66605.9,66103.4,66566.4,641.605601
2026-06-15T13:00:00+00:00,66566.4,66951.7,66411.4,66450.6,1313.191799
2026-06-15T14:00:00+00:00,66450.6,66681.3,66302.4,66588.8,634.489528
2026-06-15T15:00:00+00:00,66588.8,67302.3,66577.4,67294.9,758.203499
2026-06-15T16:00:00+00:00,67294.9,67294.9,67094.5,67163.5,506.930601
2026-06-15T17:00:00+00:00,67163.5,67163.6,66683.7,66859.6,674.570554
2026-06-15T18:00:00+00:00,66859.6,66945.2,66722.8,66768.8,454.005931
2026-06-15T19:00:00+00:00,66768.8,66893.5,66353.7,66620.3,551.253683
2026-06-15T20:00:00+00:00,66620.3,66689.0,66488.9,66524.1,357.557117
2026-06-15T21:00:00+00:00,66524.1,66566.2,66340.8,66374.1,368.268365
2026-06-15T22:00:00+00:00,66374.1,66478.7,66100.2,66205.5,591.198769
2026-06-15T23:00:00+00:00,66205.5,66372.7,66121.2,66325.4,255.672368
2026-06-16T00:00:00+00:00,66325.4,66466.0,66240.7,66254.7,266.21532
2026-06-16T01:00:00+00:00,66254.7,66421.7,66247.0,66350.1,249.769366
2026-06-16T02:00:00+00:00,66350.1,66371.5,65688.0,65743.5,542.720681
2026-06-16T03:00:00+00:00,65743.5,66170.0,65650.0,66160.1,412.069078
2026-06-16T04:00:00+00:00,66160.1,66281.9,65795.2,65839.8,342.091537
2026-06-16T05:00:00+00:00,65839.8,66149.9,65839.8,66062.4,315.993576
2026-06-16T06:00:00+00:00,66062.4,66569.6,66062.4,66437.3,452.289156
2026-06-16T07:00:00+00:00,66437.3,66525.1,66300.7,66370.5,1916.250388
2026-06-16T08:00:00+00:00,66370.5,66991.7,66338.9,66893.9,633.844248
2026-06-16T09:00:00+00:00,66893.9,66917.9,66475.1,66512.2,479.734209
2026-06-16T10:00:00+00:00,66512.2,66784.2,66487.7,66513.2,389.235379
2026-06-16T11:00:00+00:00,66513.2,66650.4,66369.5,66493.5,350.881902
2026-06-16T12:00:00+00:00,66493.5,66828.2,66371.9,66432.6,524.945201
2026-06-16T13:00:00+00:00,66432.6,66474.9,65938.5,66051.0,747.866135
2026-06-16T14:00:00+00:00,66051.0,66269.7,65364.1,65662.6,960.78776
2026-06-16T15:00:00+00:00,65662.6,66008.2,65614.2,65871.3,656.625365
2026-06-16T16:00:00+00:00,65871.3,65961.5,65700.8,65760.6,503.481707
2026-06-16T17:00:00+00:00,65760.6,66016.8,65707.9,65980.7,469.298618
2026-06-16T18:00:00+00:00,65980.7,66254.2,65801.2,65847.3,465.141449
2026-06-16T19:00:00+00:00,65847.3,65847.3,65557.8,65680.5,593.886334
2026-06-16T20:00:00+00:00,65680.5,65868.5,65588.5,65861.1,286.085873
2026-06-16T21:00:00+00:00,65861.1,65945.3,65650.8,65781.1,259.912601
2026-06-16T22:00:00+00:00,65781.1,65891.2,65681.7,65781.0,201.382117
2026-06-16T23:00:00+00:00,65781.0,65841.4,65631.6,65679.1,198.830007
2026-06-17T00:00:00+00:00,65679.1,65855.3,65679.1,65712.4,280.274924
2026-06-17T01:00:00+00:00,65712.4,65957.5,65486.4,65936.8,492.488216
2026-06-17T02:00:00+00:00,65936.8,66138.5,65787.3,65909.2,396.131708
2026-06-17T03:00:00+00:00,65909.2,65909.2,65713.6,65856.4,248.280811
2026-06-17T04:00:00+00:00,65856.4,66056.8,65796.4,65891.9,237.86081
2026-06-17T05:00:00+00:00,65891.9,65985.5,65744.0,65835.1,251.94919
2026-06-17T06:00:00+00:00,65835.1,65902.2,65580.8,65627.6,334.729889
2026-06-17T07:00:00+00:00,65627.6,65718.5,65248.8,65551.9,1978.432745
2026-06-17T08:00:00+00:00,65551.9,65593.0,64836.2,64929.6,937.156784
2026-06-17T09:00:00+00:00,64929.6,65084.8,64850.0,64918.3,463.594047
2026-06-17T10:00:00+00:00,64918.3,65002.0,64767.6,64799.9,375.763076
2026-06-17T11:00:00+00:00,64799.9,64868.3,64563.2,64812.7,498.080991
2026-06-17T12:00:00+00:00,64812.7,65109.9,64589.9,65042.3,509.532607
2026-06-17T13:00:00+00:00,65042.3,65369.4,64846.1,65272.2,774.271253
2026-06-17T14:00:00+00:00,65272.2,65461.8,64767.7,65102.4,907.709412
2026-06-17T15:00:00+00:00,65102.4,65849.9,64984.9,65750.2,1047.555822
2026-06-17T16:00:00+00:00,65750.2,66436.6,65718.2,65863.2,1021.711719
2026-06-17T17:00:00+00:00,65863.2,66199.1,65799.0,66108.8,730.78301
2026-06-17T18:00:00+00:00,66108.8,66108.8,64807.3,65511.7,2212.236116
2026-06-17T19:00:00+00:00,65511.7,65668.5,64036.5,64292.1,1865.328449
2026-06-17T20:00:00+00:00,64292.1,64485.5,64180.0,64431.8,716.03504
2026-06-17T21:00:00+00:00,64431.8,64452.3,64133.3,64254.7,397.812514
2026-06-17T22:00:00+00:00,64254.7,64433.2,63909.7,64297.6,541.11914
2026-06-17T23:00:00+00:00,64297.6,64525.1,64250.3,64504.7,347.224594
2026-06-18T00:00:00+00:00,64504.7,64706.1,64456.3,64464.6,366.037178
2026-06-18T01:00:00+00:00,64464.6,64809.7,64460.3,64546.5,352.340612
2026-06-18T02:00:00+00:00,64546.5,64779.9,64487.2,64684.2,332.308651
2026-06-18T03:00:00+00:00,64684.2,64684.2,64261.4,64284.9,305.119507
2026-06-18T04:00:00+00:00,64284.9,64346.2,63820.1,63879.4,652.876054
2026-06-18T05:00:00+00:00,63879.4,64025.7,63687.5,63993.5,425.208385
2026-06-18T06:00:00+00:00,63993.5,64125.0,63844.7,64083.0,467.65016
2026-06-18T07:00:00+00:00,64083.0,64509.3,64013.3,64503.3,471.760375
2026-06-18T08:00:00+00:00,64503.3,64652.3,64380.6,64403.3,505.421677
2026-06-18T09:00:00+00:00,64403.3,64479.8,64195.0,64204.5,349.695468
2026-06-18T10:00:00+00:00,64204.5,64230.5,63918.9,64079.0,458.315133
2026-06-18T11:00:00+00:00,64079.0,64204.7,63884.8,63969.6,380.731107
2026-06-18T12:00:00+00:00,63969.6,64403.7,63922.8,64373.4,410.363209
2026-06-18T13:00:00+00:00,64373.4,64448.0,63788.0,63979.5,858.663484
2026-06-18T14:00:00+00:00,63979.5,64204.9,63568.8,63814.1,868.281664
2026-06-18T15:00:00+00:00,63814.1,63825.5,62287.3,62363.0,2009.82979
2026-06-18T16:00:00+00:00,62363.0,62810.8,62338.0,62683.4,1006.249357
2026-06-18T17:00:00+00:00,62683.4,62742.9,62260.7,62599.1,814.251574
2026-06-18T18:00:00+00:00,62599.1,62956.3,62567.1,62698.6,784.993469
2026-06-18T19:00:00+00:00,62698.6,63004.2,62626.5,62943.7,534.149665
2026-06-18T20:00:00+00:00,62943.7,63271.0,62942.6,63083.5,469.884967
2026-06-18T21:00:00+00:00,63083.5,63121.3,62867.2,62964.2,308.322227
2026-06-18T22:00:00+00:00,62964.2,62996.4,62732.6,62876.9,334.301561
2026-06-18T23:00:00+00:00,62876.9,62986.3,62751.8,62953.1,349.215133
2026-06-19T00:00:00+00:00,62953.1,63091.6,62842.4,63023.5,359.636762
2026-06-19T01:00:00+00:00,63023.5,63103.8,62846.5,63024.0,340.979892
2026-06-19T02:00:00+00:00,63024.0,63113.8,62888.6,63002.1,286.06458
2026-06-19T03:00:00+00:00,63002.1,63028.8,62379.4,62774.1,751.061455
2026-06-19T04:00:00+00:00,62774.1,62915.3,62406.5,62449.2,459.459063
2026-06-19T05:00:00+00:00,62449.2,62741.4,62446.9,62735.2,391.305662
2026-06-19T06:00:00+00:00,62735.2,62914.4,62722.7,62892.7,295.830742
2026-06-19T07:00:00+00:00,62892.7,62921.7,62463.0,62630.5,2126.28433
2026-06-19T08:00:00+00:00,62630.5,62785.5,62531.5,62605.6,395.985854
2026-06-19T09:00:00+00:00,62605.6,62658.2,62315.0,62385.3,521.869841
2026-06-19T10:00:00+00:00,62385.3,62595.7,62380.9,62534.2,371.000417
2026-06-19T11:00:00+00:00,62534.2,62685.8,62450.1,62629.7,337.662627
2026-06-19T12:00:00+00:00,62629.7,62876.2,62350.8,62825.8,527.326921
2026-06-19T13:00:00+00:00,62825.8,63414.6,62660.6,63205.7,782.889589
2026-06-19T14:00:00+00:00,63205.7,63418.3,63004.6,63204.9,545.3176
2026-06-19T15:00:00+00:00,63204.9,63286.4,63020.6,63216.7,387.188628
2026-06-19T16:00:00+00:00,63216.7,63392.9,62922.7,62969.7,454.60099
2026-06-19T17:00:00+00:00,62969.7,63230.0,62867.0,63196.1,378.687632
2026-06-19T18:00:00+00:00,63196.1,63201.1,62986.2,63110.5,228.199672
2026-06-19T19:00:00+00:00,63110.5,63144.5,62940.0,63025.9,204.075206
2026-06-19T20:00:00+00:00,63025.9,63287.4,62957.6,63250.0,221.712708
2026-06-19T21:00:00+00:00,63250.0,63270.4,63057.4,63076.4,181.099383
2026-06-19T22:00:00+00:00,63076.4,63374.6,63048.9,63314.0,185.397337
2026-06-19T23:00:00+00:00,63314.0,63672.7,63271.8,63541.3,318.606842
2026-06-20T00:00:00+00:00,63541.3,63780.0,63467.3,63529.2,354.093473
2026-06-20T01:00:00+00:00,63529.2,63620.8,63400.4,63578.5,195.986064
2026-06-20T02:00:00+00:00,63578.5,63578.5,63331.2,63338.4,206.171147
2026-06-20T03:00:00+00:00,63338.4,63512.4,63319.1,63475.3,149.644076
2026-06-20T04:00:00+00:00,63475.3,63614.7,63399.9,63583.2,146.11677
2026-06-20T05:00:00+00:00,63583.2,63942.2,63541.7,63676.5,308.456951
2026-06-20T06:00:00+00:00,63676.5,63760.7,63642.9,63743.6,123.316753
2026-06-20T07:00:00+00:00,63743.6,63799.9,63596.4,63641.6,340.074151
2026-06-20T08:00:00+00:00,63641.6,63656.1,63385.8,63420.1,316.509597
2026-06-20T09:00:00+00:00,63420.1,63790.5,63420.1,63731.4,192.148773
2026-06-20T10:00:00+00:00,63731.4,63776.2,63595.9,63676.6,139.383023
2026-06-20T11:00:00+00:00,63676.6,63802.8,63618.8,63684.5,148.262088
2026-06-20T12:00:00+00:00,63684.5,63793.7,63542.5,63656.7,248.098913
2026-06-20T13:00:00+00:00,63656.7,63656.7,63277.0,63398.7,298.310432
2026-06-20T14:00:00+00:00,63398.7,64151.7,63191.9,63956.1,645.582009
2026-06-20T15:00:00+00:00,63956.1,64386.9,63839.3,64165.3,454.67273
2026-06-20T16:00:00+00:00,64165.3,64173.6,63906.0,64028.5,228.634701
2026-06-20T17:00:00+00:00,64028.5,64037.6,63733.1,63844.2,316.129162
2026-06-20T18:00:00+00:00,63844.2,63932.7,63781.2,63807.9,101.986986
2026-06-20T19:00:00+00:00,63807.9,63967.7,63798.7,63940.5,139.127468
2026-06-20T20:00:00+00:00,63940.5,63980.5,63856.7,63931.2,90.022911
2026-06-20T21:00:00+00:00,63931.2,64097.5,63924.6,64016.7,135.480939
2026-06-20T22:00:00+00:00,64016.7,64354.3,63982.7,64272.1,250.539273
2026-06-20T23:00:00+00:00,64272.1,64338.0,64252.6,64298.6,146.611969
2026-06-21T00:00:00+00:00,64298.6,64328.1,64231.8,64295.1,142.060448
2026-06-21T01:00:00+00:00,64295.1,64327.3,64212.7,64249.2,133.094994
2026-06-21T02:00:00+00:00,64249.2,64276.0,64217.3,64244.5,66.521467
2026-06-21T03:00:00+00:00,64244.5,64477.9,64231.8,64424.9,189.693998
2026-06-21T04:00:00+00:00,64424.9,64590.5,64266.0,64281.8,210.689244
2026-06-21T05:00:00+00:00,64281.8,64370.9,64200.0,64252.1,178.916439
2026-06-21T06:00:00+00:00,64252.1,64324.5,64195.6,64302.4,93.952249
2026-06-21T07:00:00+00:00,64302.4,64302.5,64167.8,64187.5,117.571771
2026-06-21T08:00:00+00:00,64187.5,64225.1,63900.0,64017.1,202.014112
2026-06-21T09:00:00+00:00,64017.1,64252.5,63956.3,64207.4,195.909926
2026-06-21T10:00:00+00:00,64207.4,64406.9,64200.5,64363.8,213.685724
2026-06-21T11:00:00+00:00,64363.8,64480.0,64108.0,64167.9,264.545396
2026-06-21T12:00:00+00:00,64167.9,64232.7,63948.3,64191.7,270.398857
2026-06-21T13:00:00+00:00,64191.7,64191.7,64010.1,64142.4,169.958135
2026-06-21T14:00:00+00:00,64142.4,64154.7,63996.9,64145.3,175.702179
2026-06-21T15:00:00+00:00,64145.3,64349.5,64115.9,64220.8,228.149846
2026-06-21T16:00:00+00:00,64220.8,64253.5,64038.5,64145.6,185.437147
2026-06-21T17:00:00+00:00,64145.6,64220.4,64072.9,64146.3,150.65155
2026-06-21T18:00:00+00:00,64146.3,64235.7,63940.7,64204.7,185.721294
2026-06-21T19:00:00+00:00,64204.7,64300.4,64161.7,64201.3,107.398223
2026-06-21T20:00:00+00:00,64201.3,64265.0,63692.7,63846.3,218.692561
2026-06-21T21:00:00+00:00,63846.3,63962.3,63507.9,63806.2,381.525514
2026-06-21T22:00:00+00:00,63806.2,63865.4,63573.4,63798.8,431.223322
2026-06-21T23:00:00+00:00,63798.8,63798.8,63270.0,63309.3,597.036166
2026-06-22T00:00:00+00:00,63309.3,64096.2,63309.3,63893.2,632.618895
2026-06-22T01:00:00+00:00,63893.2,64832.0,63852.9,64604.5,989.414381
2026-06-22T02:00:00+00:00,64604.5,64670.5,64247.5,64258.2,391.500359
2026-06-22T03:00:00+00:00,64258.2,64463.9,63900.0,63971.5,522.825646
2026-06-22T04:00:00+00:00,63971.5,64118.3,63870.7,64096.5,311.295442
2026-06-22T05:00:00+00:00,64096.5,64339.9,64084.4,64248.4,287.180067
2026-06-22T06:00:00+00:00,64248.4,64331.5,63953.7,63992.5,235.116595
2026-06-22T07:00:00+00:00,63992.5,64398.8,63969.0,64212.9,317.622781
2026-06-22T08:00:00+00:00,64212.9,64350.9,64021.9,64166.4,1324.21898
2026-06-22T09:00:00+00:00,64166.4,64267.4,64052.3,64149.4,328.157708
2026-06-22T10:00:00+00:00,64149.4,64280.1,64074.1,64140.0,208.487031
2026-06-22T11:00:00+00:00,64140.0,64778.3,64099.1,64657.8,861.554969
2026-06-22T12:00:00+00:00,64657.8,65221.6,64579.4,65151.8,975.44552
2026-06-22T13:00:00+00:00,65151.8,65591.2,64951.8,65584.8,904.61432
2026-06-22T14:00:00+00:00,65584.8,65624.7,64830.5,64972.0,724.333621
2026-06-22T15:00:00+00:00,64972.0,65143.1,64751.0,64835.3,560.308548
2026-06-22T16:00:00+00:00,64835.3,64862.6,64516.4,64718.6,548.043935
2026-06-22T17:00:00+00:00,64718.6,64770.0,64387.4,64606.2,438.600778
2026-06-22T18:00:00+00:00,64606.2,64734.4,64311.4,64338.9,365.142459
2026-06-22T19:00:00+00:00,64338.9,64499.7,64271.9,64479.3,497.5205
2026-06-22T20:00:00+00:00,64479.3,64663.0,64358.4,64432.5,350.928248
2026-06-22T21:00:00+00:00,64432.5,64480.5,64142.7,64313.8,247.473391
2026-06-22T22:00:00+00:00,64313.8,64397.1,63801.6,63971.5,566.202372
2026-06-22T23:00:00+00:00,63971.5,64052.0,63876.3,64020.0,355.340336
2026-06-23T00:00:00+00:00,64020.0,64161.4,63829.3,64150.0,445.067076
2026-06-23T01:00:00+00:00,64150.0,64274.2,63888.3,64154.7,486.217195
2026-06-23T02:00:00+00:00,64154.7,64272.7,64039.9,64198.8,285.148115
2026-06-23T03:00:00+00:00,64198.8,64202.8,63964.5,64066.0,257.658342
2026-06-23T04:00:00+00:00,64066.0,64093.0,63613.2,63623.3,396.921456
2026-06-23T05:00:00+00:00,63623.3,63729.8,63354.8,63393.9,669.455994
2026-06-23T06:00:00+00:00,63393.9,63396.9,62563.2,62938.5,1003.735019
2026-06-23T07:00:00+00:00,62938.5,63094.7,62857.8,62889.8,1710.813035
2026-06-23T08:00:00+00:00,62889.8,62973.0,61933.5,62384.6,1687.710585
2026-06-23T09:00:00+00:00,62384.6,62509.4,62340.3,62382.0,373.629945
2026-06-23T10:00:00+00:00,62382.0,62576.2,62239.6,62320.3,441.706829
2026-06-23T11:00:00+00:00,62320.3,62645.5,62320.3,62504.7,557.724014
2026-06-23T12:00:00+00:00,62504.7,62555.9,62187.5,62258.8,510.516952
2026-06-23T13:00:00+00:00,62258.8,62537.6,61954.9,62480.0,904.711702
2026-06-23T14:00:00+00:00,62480.0,62858.6,62400.8,62487.7,770.922513
2026-06-23T15:00:00+00:00,62487.7,62513.5,62194.2,62482.4,737.010131
2026-06-23T16:00:00+00:00,62482.4,62828.0,62417.2,62549.6,622.603286
2026-06-23T17:00:00+00:00,62549.6,62684.4,62328.7,62353.8,441.10997
2026-06-23T18:00:00+00:00,62353.8,62446.9,62100.0,62240.2,457.55659
2026-06-23T19:00:00+00:00,62240.2,62479.0,62229.3,62387.8,571.64848
2026-06-23T20:00:00+00:00,62387.8,62535.9,62375.1,62468.8,291.633811
2026-06-23T21:00:00+00:00,62468.8,62654.9,62468.8,62597.8,280.375657
2026-06-23T22:00:00+00:00,62597.8,62774.0,62520.6,62588.3,290.777352
2026-06-23T23:00:00+00:00,62588.3,62797.5,62490.1,62726.9,274.404824
2026-06-24T00:00:00+00:00,62726.9,63025.6,62726.8,63016.4,458.993211
2026-06-24T01:00:00+00:00,63016.4,63120.5,62773.1,62931.8,418.479763
2026-06-24T02:00:00+00:00,62931.8,63013.1,62603.1,62632.0,488.08829
2026-06-24T03:00:00+00:00,62632.0,62830.7,62460.1,62735.7,387.35048
2026-06-24T04:00:00+00:00,62735.7,62802.9,62529.3,62750.9,308.013347
2026-06-24T05:00:00+00:00,62750.9,63076.8,62708.3,62888.5,361.463918
2026-06-24T06:00:00+00:00,62888.5,62913.2,62728.6,62784.0,284.743058
2026-06-24T07:00:00+00:00,62784.0,62851.6,62609.0,62659.6,1372.802477
2026-06-24T08:00:00+00:00,62659.6,62822.6,62602.4,62803.3,400.320378
2026-06-24T09:00:00+00:00,62803.3,62803.4,62640.4,62683.0,235.53876
2026-06-24T10:00:00+00:00,62683.0,62688.2,62421.0,62448.3,559.018022
2026-06-24T11:00:00+00:00,62448.3,63236.1,62316.4,62916.6,751.425827
2026-06-24T12:00:00+00:00,62916.6,62974.5,62587.1,62618.4,611.582286
2026-06-24T13:00:00+00:00,62618.4,62637.8,61250.0,61328.6,1784.654408
2026-06-24T14:00:00+00:00,61328.6,61460.0,60882.0,61105.6,1676.088426
2026-06-24T15:00:00+00:00,61105.6,61141.7,60258.1,60273.2,1728.639929
2026-06-24T16:00:00+00:00,60273.2,60678.2,59615.1,59842.6,2017.310458
2026-06-24T17:00:00+00:00,59842.6,60057.8,59102.0,59397.8,1816.55103
2026-06-24T18:00:00+00:00,59397.8,59922.0,59302.1,59602.9,1304.712968
2026-06-24T19:00:00+00:00,59602.9,59994.9,59514.7,59956.2,952.236167
2026-06-24T20:00:00+00:00,59956.2,61208.5,59850.0,60959.5,1446.96974
2026-06-24T21:00:00+00:00,60959.5,61136.7,60670.6,61106.2,541.525628
2026-06-24T22:00:00+00:00,61106.2,61266.8,60798.2,60869.1,580.989295
2026-06-24T23:00:00+00:00,60869.1,61106.1,60821.7,61072.4,556.820765
2026-06-25T00:00:00+00:00,61072.4,61162.2,60723.1,60815.1,696.570463
2026-06-25T01:00:00+00:00,60815.1,60990.3,60710.9,60915.3,485.328861
2026-06-25T02:00:00+00:00,60915.3,60965.3,60700.0,60794.4,430.093017
2026-06-25T03:00:00+00:00,60794.4,60901.4,60680.1,60882.6,394.673351
2026-06-25T04:00:00+00:00,60882.6,61408.0,60787.0,61354.5,423.272785
2026-06-25T05:00:00+00:00,61354.5,61825.8,61278.8,61593.8,887.045007
2026-06-25T06:00:00+00:00,61593.8,61849.0,61593.8,61724.3,424.121802
2026-06-25T07:00:00+00:00,61724.3,61961.6,61638.4,61912.2,2075.869155
2026-06-25T08:00:00+00:00,61912.2,61921.8,61677.6,61708.5,383.015309
2026-06-25T09:00:00+00:00,61708.5,61789.9,61606.2,61732.1,290.64715
2026-06-25T10:00:00+00:00,61732.1,61750.6,61262.2,61270.2,477.161774
2026-06-25T11:00:00+00:00,61270.2,61423.0,61060.1,61277.2,688.147885
2026-06-25T12:00:00+00:00,61277.2,61766.4,61071.4,61237.2,990.259315
2026-06-25T13:00:00+00:00,61237.2,61363.6,58112.0,58301.1,2729.103553
2026-06-25T14:00:00+00:00,58301.1,60487.2,58297.0,59472.1,2679.978004
2026-06-25T15:00:00+00:00,59472.1,59654.04,58872.0,59561.3,1354.532251
2026-06-25T16:00:00+00:00,59561.3,60069.1,59156.1,59313.5,930.964438
2026-06-25T17:00:00+00:00,59313.5,59739.7,59139.8,59679.2,780.674087
2026-06-25T18:00:00+00:00,59679.2,59791.8,59358.6,59515.8,749.738925
2026-06-25T19:00:00+00:00,59515.8,59521.9,59168.4,59326.6,670.176369
2026-06-25T20:00:00+00:00,59326.6,59745.4,59323.9,59456.3,549.806093
2026-06-25T21:00:00+00:00,59456.3,60260.7,59451.5,60211.5,474.284669
2026-06-25T22:00:00+00:00,60211.5,60211.5,59736.3,59843.3,507.002139
2026-06-25T23:00:00+00:00,59843.3,60195.1,59742.6,59796.0,456.839244
2026-06-26T00:00:00+00:00,59796.0,59905.5,59635.6,59666.6,570.619585
2026-06-26T01:00:00+00:00,59666.6,59785.5,59226.0,59432.3,560.974819
2026-06-26T02:00:00+00:00,59432.3,59457.2,58358.4,58564.5,977.106787
2026-06-26T03:00:00+00:00,58564.5,60120.3,58324.3,60034.5,995.803771
2026-06-26T04:00:00+00:00,60034.5,60235.1,59833.3,59920.9,590.673092
2026-06-26T05:00:00+00:00,59920.9,60048.6,59732.2,59941.5,529.723933
2026-06-26T06:00:00+00:00,59941.5,60458.2,59681.9,60326.4,637.016476
2026-06-26T07:00:00+00:00,60326.4,60763.1,60276.9,60518.6,944.404629
2026-06-26T08:00:00+00:00,60518.6,60576.5,60148.6,60242.8,533.248001
2026-06-26T09:00:00+00:00,60242.8,60257.9,59580.1,59732.0,688.212292
2026-06-26T10:00:00+00:00,59732.0,59855.8,59242.8,59321.1,664.904548
2026-06-26T11:00:00+00:00,59321.1,59590.6,59263.9,59416.3,633.545264
2026-06-26T12:00:00+00:00,59416.3,60010.0,58968.4,59189.8,1013.930156
2026-06-26T13:00:00+00:00,59189.8,60210.8,58491.9,60171.7,1366.492819
2026-06-26T14:00:00+00:00,60171.7,60299.5,59377.5,59590.4,931.207409
2026-06-26T15:00:00+00:00,59590.4,60502.5,59582.9,60324.5,856.497825
2026-06-26T16:00:00+00:00,60324.5,60597.9,59952.0,60042.7,741.221773
2026-06-26T17:00:00+00:00,60042.7,60291.4,59951.4,60024.2,719.029396
2026-06-26T18:00:00+00:00,60024.2,60155.6,59557.0,59668.6,691.380306
2026-06-26T19:00:00+00:00,59668.6,60105.5,59611.1,59763.4,784.970151
2026-06-26T20:00:00+00:00,59763.4,60005.7,59551.7,59718.5,579.34927
2026-06-26T21:00:00+00:00,59718.5,60052.1,59677.8,59918.1,314.981145
2026-06-26T22:00:00+00:00,59918.1,60083.2,59752.7,60045.8,283.659893
2026-06-26T23:00:00+00:00,60045.8,60118.5,59927.4,60103.9,245.079304
2026-06-27T00:00:00+00:00,60103.9,60196.0,59873.5,60056.6,222.498868
2026-06-27T01:00:00+00:00,60056.6,60069.1,59931.6,59946.9,119.009389
2026-06-27T02:00:00+00:00,59946.9,60378.0,59916.4,60287.2,392.845498
2026-06-27T03:00:00+00:00,60287.2,60414.9,60163.5,60300.5,282.552736
2026-06-27T04:00:00+00:00,60300.5,60483.1,60215.3,60241.0,271.078351
2026-06-27T05:00:00+00:00,60241.0,60310.5,60133.6,60235.4,225.632144
2026-06-27T06:00:00+00:00,60235.4,60499.0,60110.7,60368.7,269.573726
2026-06-27T07:00:00+00:00,60368.7,60574.9,60293.2,60545.1,280.040534
2026-06-27T08:00:00+00:00,60545.1,60545.2,60373.1,60453.5,261.747842
2026-06-27T09:00:00+00:00,60453.5,60511.0,60293.2,60420.8,228.043361
2026-06-27T10:00:00+00:00,60420.8,60488.3,60377.3,60419.2,125.747289
2026-06-27T11:00:00+00:00,60419.2,60455.6,60198.5,60366.8,258.776927
2026-06-27T12:00:00+00:00,60366.8,60432.7,60259.4,60422.8,195.066403
2026-06-27T13:00:00+00:00,60422.8,60666.1,60386.4,60579.6,277.663321
2026-06-27T14:00:00+00:00,60579.6,60726.9,60506.2,60614.0,272.979437
2026-06-27T15:00:00+00:00,60614.0,60942.2,60566.0,60840.2,448.458544
2026-06-27T16:00:00+00:00,60840.2,60854.9,60669.9,60810.6,271.282296
2026-06-27T17:00:00+00:00,60810.6,60819.0,60410.9,60524.6,536.826413
2026-06-27T18:00:00+00:00,60524.6,60568.9,60448.0,60564.7,532.23006
2026-06-27T19:00:00+00:00,60564.7,60598.6,60067.9,60170.5,1011.408622
2026-06-27T20:00:00+00:00,60170.5,60302.7,60170.4,60295.2,457.891778
2026-06-27T21:00:00+00:00,60295.2,60482.8,60134.2,60194.2,791.248837
2026-06-27T22:00:00+00:00,60194.2,60256.4,59846.6,60227.1,1128.110531
2026-06-27T23:00:00+00:00,60227.1,60314.5,59939.4,60023.7,1077.219695
2026-06-28T00:00:00+00:00,60023.7,60186.7,60012.6,60144.2,744.261056
2026-06-28T01:00:00+00:00,60144.2,60274.4,59979.0,60214.2,758.101278
2026-06-28T02:00:00+00:00,60214.2,60340.7,60044.9,60152.6,596.715681
2026-06-28T03:00:00+00:00,60152.6,60277.8,60152.6,60198.9,481.480273
2026-06-28T04:00:00+00:00,60198.9,60230.2,60084.8,60131.0,428.256218
2026-06-28T05:00:00+00:00,60131.0,60139.5,59746.2,59987.0,821.463327
2026-06-28T06:00:00+00:00,59987.0,60026.2,59803.3,60000.3,626.784783
2026-06-28T07:00:00+00:00,60000.3,60264.0,59997.0,60216.8,552.307142
2026-06-28T08:00:00+00:00,60216.8,60552.1,60136.1,60369.9,681.900902
2026-06-28T09:00:00+00:00,60369.9,60473.4,60249.0,60256.5,627.394714
2026-06-28T10:00:00+00:00,60256.5,60293.8,60057.3,60161.2,502.10475
2026-06-28T11:00:00+00:00,60161.2,60376.7,60117.2,60339.3,675.140579
2026-06-28T12:00:00+00:00,60339.3,60460.4,60189.1,60293.6,645.722703
2026-06-28T13:00:00+00:00,60293.6,60293.7,59966.0,60070.4,850.721057
2026-06-28T14:00:00+00:00,60070.4,60257.1,60009.3,60026.0,699.227182
2026-06-28T15:00:00+00:00,60026.0,60135.9,59814.2,59889.9,885.023886
2026-06-28T16:00:00+00:00,59889.9,59943.1,59584.4,59688.9,1021.802856
2026-06-28T17:00:00+00:00,59688.9,59847.4,59396.1,59580.5,542.722333
2026-06-28T18:00:00+00:00,59580.5,59701.1,59501.6,59611.4,227.915981
2026-06-28T19:00:00+00:00,59611.4,59687.5,59264.0,59480.2,317.16629
2026-06-28T20:00:00+00:00,59480.2,59771.5,59471.9,59653.6,193.721422
2026-06-28T21:00:00+00:00,59653.6,59795.6,59325.7,59441.8,214.998531
2026-06-28T22:00:00+00:00,59441.8,59906.6,58887.8,59067.2,535.820365
2026-06-28T23:00:00+00:00,59067.2,59846.4,59006.0,59575.1,662.620896
2026-06-29T00:00:00+00:00,59575.1,59704.9,59000.4,59665.9,584.402497
2026-06-29T01:00:00+00:00,59665.9,59702.3,59200.4,59437.0,499.756091
2026-06-29T02:00:00+00:00,59437.0,59811.3,58886.6,59752.1,540.962355
2026-06-29T03:00:00+00:00,59752.1,60232.3,59752.1,60048.4,383.57639
2026-06-29T04:00:00+00:00,60048.4,60057.1,59741.2,59829.2,283.155683
2026-06-29T05:00:00+00:00,59829.2,60102.3,59385.1,60102.3,480.675051
2026-06-29T06:00:00+00:00,60102.3,60347.2,60048.9,60075.3,433.86061
2026-06-29T07:00:00+00:00,60075.3,60189.9,59928.4,60006.0,507.939032
2026-06-29T08:00:00+00:00,60006.0,60080.9,59730.9,59839.1,2977.587103
2026-06-29T09:00:00+00:00,59839.1,60115.0,59779.0,60063.0,529.7471
2026-06-29T10:00:00+00:00,60063.0,60324.5,60063.0,60094.2,615.185762
2026-06-29T11:00:00+00:00,60094.2,60233.6,59800.3,59960.8,478.849347
2026-06-29T12:00:00+00:00,59960.8,60799.2,59592.3,59952.7,1405.85214
2026-06-29T13:00:00+00:00,59952.7,60347.9,59326.3,59575.0,868.302511
2026-06-29T14:00:00+00:00,59575.0,59699.9,58999.4,59466.9,853.433641
2026-06-29T15:00:00+00:00,59466.9,59959.5,59088.0,59821.3,745.044265
2026-06-29T16:00:00+00:00,59821.3,60014.6,59584.5,59889.3,475.068718
2026-06-29T17:00:00+00:00,59889.3,60691.1,59889.3,60412.2,700.150227
2026-06-29T18:00:00+00:00,60412.2,60521.2,60191.8,60298.8,456.25072
2026-06-29T19:00:00+00:00,60298.8,60559.3,60159.2,60434.4,415.919369
2026-06-29T20:00:00+00:00,60434.4,60553.1,60298.8,60298.8,317.084372
2026-06-29T21:00:00+00:00,60298.8,60595.7,60260.4,60485.7,206.00923
2026-06-29T22:00:00+00:00,60485.7,60528.1,60352.9,60356.5,215.095239
2026-06-29T23:00:00+00:00,60356.5,60383.1,60199.1,60259.6,235.823381
2026-06-30T00:00:00+00:00,60259.6,60279.3,59691.3,59836.7,614.18347
2026-06-30T01:00:00+00:00,59836.7,60052.8,59771.6,59938.6,462.628039
2026-06-30T02:00:00+00:00,59938.6,60043.7,59748.8,59943.2,259.698488
2026-06-30T03:00:00+00:00,59943.2,60022.0,59593.8,59616.3,281.579469
2026-06-30T04:00:00+00:00,59616.3,59694.3,59420.8,59486.8,427.260235
2026-06-30T05:00:00+00:00,59486.8,59654.2,59353.7,59651.7,317.222888
2026-06-30T06:00:00+00:00,59651.7,59720.0,59509.5,59594.4,249.758547
2026-06-30T07:00:00+00:00,59594.4,59634.2,59428.0,59523.8,598.95555
2026-06-30T08:00:00+00:00,59523.8,59556.4,59185.1,59308.8,649.165346
2026-06-30T09:00:00+00:00,59308.8,59418.8,59250.0,59372.9,268.177504
2026-06-30T10:00:00+00:00,59372.9,59420.9,59285.1,59327.6,201.285132
2026-06-30T11:00:00+00:00,59327.6,59416.4,59123.1,59186.8,229.802321
2026-06-30T12:00:00+00:00,59186.8,59189.4,58377.8,58401.6,728.999896
2026-06-30T13:00:00+00:00,58401.6,58806.9,58222.5,58735.6,814.714573
2026-06-30T14:00:00+00:00,58735.6,59276.4,58430.9,58488.5,829.565068
2026-06-30T15:00:00+00:00,58488.5,58797.5,58195.1,58383.3,659.000774
2026-06-30T16:00:00+00:00,58383.3,58636.5,58256.7,58499.7,571.652924
2026-06-30T17:00:00+00:00,58499.7,58623.5,58314.3,58424.8,427.872744
2026-06-30T18:00:00+00:00,58424.8,58707.1,58359.4,58686.8,409.559819
2026-06-30T19:00:00+00:00,58686.8,58844.0,58582.2,58827.6,460.567485
2026-06-30T20:00:00+00:00,58827.6,58879.7,58648.1,58734.2,223.349888
2026-06-30T21:00:00+00:00,58734.2,58775.5,58510.6,58642.8,246.17787
2026-06-30T22:00:00+00:00,58642.8,58818.8,58514.0,58605.3,159.884619
2026-06-30T23:00:00+00:00,58605.3,58667.3,58548.6,58631.0,156.333876
2026-07-01T00:00:00+00:00,58631.0,58748.1,58311.0,58576.6,406.02565
2026-07-01T01:00:00+00:00,58576.6,59017.0,57802.2,58770.0,1081.766822
2026-07-01T02:00:00+00:00,58770.0,59175.9,58670.2,59090.3,454.77871
2026-07-01T03:00:00+00:00,59090.3,59339.1,58846.2,59202.9,658.425123
2026-07-01T04:00:00+00:00,59202.9,59468.7,59064.6,59343.2,404.378863
2026-07-01T05:00:00+00:00,59343.2,59380.5,59127.7,59157.1,356.185836
2026-07-01T06:00:00+00:00,59157.1,59160.7,58536.1,58765.7,525.733005
2026-07-01T07:00:00+00:00,58765.7,58828.7,58602.7,58770.6,308.812158
2026-07-01T08:00:00+00:00,58770.6,58989.8,58500.1,58976.5,512.661884
2026-07-01T09:00:00+00:00,58976.5,59097.7,58819.2,58945.1,374.289124
2026-07-01T10:00:00+00:00,58945.1,58948.5,58622.1,58661.2,459.184091
2026-07-01T11:00:00+00:00,58661.2,58760.2,58552.7,58619.0,563.739696
2026-07-01T12:00:00+00:00,58619.0,58680.7,58323.4,58525.4,587.083756
2026-07-01T13:00:00+00:00,58525.4,59509.0,58522.9,59492.0,946.09608
2026-07-01T14:00:00+00:00,59492.0,60097.1,59276.1,59544.9,794.202373
2026-07-01T15:00:00+00:00,59544.9,60545.2,59518.3,60149.3,1088.509219
2026-07-01T16:00:00+00:00,60149.3,60269.1,59867.3,59924.7,704.157833
2026-07-01T17:00:00+00:00,59924.7,60242.8,59785.2,60193.9,793.131204
2026-07-01T18:00:00+00:00,60193.9,60306.5,60024.2,60174.1,694.051378
2026-07-01T19:00:00+00:00,60174.1,60357.1,59992.0,60033.4,663.033153
2026-07-01T20:00:00+00:00,60033.4,60199.3,59863.8,60129.6,561.120645
2026-07-01T21:00:00+00:00,60129.6,60854.8,60126.2,60812.8,607.476105
2026-07-01T22:00:00+00:00,60812.8,61343.6,60346.3,60477.3,808.462085
2026-07-01T23:00:00+00:00,60477.3,60477.3,59982.1,60027.7,699.509631
2026-07-02T00:00:00+00:00,60027.7,60033.3,59590.7,59752.5,820.596641
2026-07-02T01:00:00+00:00,59752.5,60332.4,59721.1,60178.9,745.445043
2026-07-02T02:00:00+00:00,60178.9,60498.3,60015.9,60420.6,640.939433
2026-07-02T03:00:00+00:00,60420.6,61128.3,60302.7,61065.0,786.892626
2026-07-02T04:00:00+00:00,61065.0,61065.0,60732.6,60790.4,624.530405
2026-07-02T05:00:00+00:00,60790.4,60881.1,60483.4,60505.8,636.043075
2026-07-02T06:00:00+00:00,60505.8,60657.6,60259.8,60274.4,431.551179
2026-07-02T07:00:00+00:00,60274.4,60318.6,60088.8,60143.2,839.165855
2026-07-02T08:00:00+00:00,60143.2,60553.8,60106.1,60514.2,441.38553
2026-07-02T09:00:00+00:00,60514.2,61430.4,60373.7,61176.1,1173.532763
2026-07-02T10:00:00+00:00,61176.1,61356.9,61045.7,61263.9,560.849795
2026-07-02T11:00:00+00:00,61263.9,61387.8,61128.2,61351.7,606.479727
2026-07-02T12:00:00+00:00,61351.7,61611.5,61144.8,61541.7,909.84427
2026-07-02T13:00:00+00:00,61541.7,62064.4,61501.7,61943.7,1044.492431
2026-07-02T14:00:00+00:00,61943.7,62208.9,61396.6,61702.6,787.030151
2026-07-02T15:00:00+00:00,61702.6,61853.4,61425.1,61608.1,911.418632
2026-07-02T16:00:00+00:00,61608.1,61785.1,61130.8,61676.7,805.822023
2026-07-02T17:00:00+00:00,61676.7,61951.5,61620.2,61668.4,451.461005
2026-07-02T18:00:00+00:00,61668.4,61880.9,61664.1,61759.9,488.710098
2026-07-02T19:00:00+00:00,61759.9,61764.4,61415.4,61470.3,589.144922
2026-07-02T20:00:00+00:00,61470.3,61594.6,61338.8,61576.1,497.274242
2026-07-02T21:00:00+00:00,61576.1,61655.8,61500.1,61585.8,245.177715
2026-07-02T22:00:00+00:00,61585.8,61588.9,61400.0,61463.8,212.072524
2026-07-02T23:00:00+00:00,61463.8,61603.7,61350.2,61557.6,293.680116
2026-07-03T00:00:00+00:00,61557.6,61575.9,61243.9,61301.6,517.930775
2026-07-03T01:00:00+00:00,61301.6,61737.0,61282.1,61585.6,468.352321
2026-07-03T02:00:00+00:00,61585.6,61663.8,61288.8,61430.7,468.990951
2026-07-03T03:00:00+00:00,61430.7,61573.4,61321.0,61431.1,412.129481
2026-07-03T04:00:00+00:00,61431.1,61521.4,61329.0,61438.9,371.44344
2026-07-03T05:00:00+00:00,61438.9,61805.8,61423.7,61697.4,358.846973
2026-07-03T06:00:00+00:00,61697.4,61852.4,61608.7,61705.8,332.801041
2026-07-03T07:00:00+00:00,61705.8,61869.7,61660.5,61757.4,431.037299
2026-07-03T08:00:00+00:00,61757.4,61900.0,61557.0,61585.9,307.753144
2026-07-03T09:00:00+00:00,61585.9,61785.8,61510.1,61715.7,284.915197
2026-07-03T10:00:00+00:00,61715.7,62043.9,61670.1,61916.8,476.986315
2026-07-03T11:00:00+00:00,61916.8,62101.5,61833.1,62022.5,383.45374
2026-07-03T12:00:00+00:00,62022.5,62173.9,61865.8,61983.2,480.196135
2026-07-03T13:00:00+00:00,61983.2,62278.1,61942.4,62116.0,404.711998
2026-07-03T14:00:00+00:00,62116.0,62264.3,61696.4,62264.3,430.03834
