timestamp,open,high,low,close,volume
2026-04-11T07:00:00+00:00,0.09278,0.09298,0.09272,0.09287,2069635.5
2026-04-11T08:00:00+00:00,0.09287,0.093,0.09276,0.09285,2399318.1
2026-04-11T09:00:00+00:00,0.09285,0.09307,0.09261,0.09296,8123018.5
2026-04-11T10:00:00+00:00,0.09296,0.09298,0.09272,0.09288,2283659.3
2026-04-11T11:00:00+00:00,0.09288,0.09297,0.09278,0.09293,2385341.4
2026-04-11T12:00:00+00:00,0.09293,0.09309,0.09281,0.09298,2580659.2
2026-04-11T13:00:00+00:00,0.09298,0.09298,0.09227,0.09261,5482510.0
2026-04-11T14:00:00+00:00,0.09261,0.09276,0.09249,0.09266,1661688.4
2026-04-11T15:00:00+00:00,0.09266,0.09306,0.09262,0.09276,2387845.2
2026-04-11T16:00:00+00:00,0.09276,0.09376,0.09273,0.09339,3641496.9
2026-04-11T17:00:00+00:00,0.09339,0.09341,0.09303,0.09304,1438663.1
2026-04-11T18:00:00+00:00,0.09304,0.09418,0.09275,0.09395,12196561.9
2026-04-11T19:00:00+00:00,0.09395,0.09478,0.09395,0.09471,12568984.7
2026-04-11T20:00:00+00:00,0.09471,0.0949,0.0936,0.0939,5399296.7
2026-04-11T21:00:00+00:00,0.0939,0.09422,0.09362,0.09394,1167485.8
2026-04-11T22:00:00+00:00,0.09394,0.09432,0.09344,0.09369,1633853.8
2026-04-11T23:00:00+00:00,0.09369,0.09369,0.09279,0.09307,2968751.3
2026-04-12T00:00:00+00:00,0.09307,0.09312,0.09263,0.09305,4401147.3
2026-04-12T01:00:00+00:00,0.09305,0.09325,0.09059,0.09109,43287330.8
2026-04-12T02:00:00+00:00,0.09109,0.09169,0.09083,0.09155,11347581.9
2026-04-12T03:00:00+00:00,0.09155,0.09165,0.09118,0.09118,10333795.2
2026-04-12T04:00:00+00:00,0.09118,0.09126,0.09102,0.09119,3070632.8
2026-04-12T05:00:00+00:00,0.09119,0.09147,0.09108,0.09144,4180620.9
2026-04-12T06:00:00+00:00,0.09144,0.09163,0.09133,0.0914,8698556.2
2026-04-12T07:00:00+00:00,0.0914,0.09149,0.09129,0.09137,1695003.4
2026-04-12T08:00:00+00:00,0.09137,0.09141,0.09123,0.09129,1810767.0
2026-04-12T09:00:00+00:00,0.09129,0.09129,0.09114,0.0912,2283208.4
2026-04-12T10:00:00+00:00,0.0912,0.09124,0.09091,0.09107,4333579.8
2026-04-12T11:00:00+00:00,0.09107,0.09135,0.09101,0.09133,1989934.6
2026-04-12T12:00:00+00:00,0.09133,0.09143,0.09096,0.09104,7127842.8
2026-04-12T13:00:00+00:00,0.09104,0.09119,0.09068,0.09073,6621586.1
2026-04-12T14:00:00+00:00,0.09073,0.09091,0.09037,0.09049,8184141.3
2026-04-12T15:00:00+00:00,0.09049,0.09072,0.09028,0.09065,5344804.4
2026-04-12T16:00:00+00:00,0.09065,0.0908,0.09054,0.09072,5077794.9
2026-04-12T17:00:00+00:00,0.09072,0.09119,0.09064,0.09109,4464753.6
2026-04-12T18:00:00+00:00,0.09109,0.0913,0.091,0.09109,5392842.2
2026-04-12T19:00:00+00:00,0.09109,0.09129,0.09088,0.0909,2230075.1
2026-04-12T20:00:00+00:00,0.0909,0.09169,0.09085,0.09153,4438380.0
2026-04-12T21:00:00+00:00,0.09153,0.09173,0.09121,0.09135,1783521.0
2026-04-12T22:00:00+00:00,0.09135,0.09135,0.09058,0.09102,6151987.4
2026-04-12T23:00:00+00:00,0.09102,0.09102,0.0905,0.09084,4241695.6
2026-04-13T00:00:00+00:00,0.09084,0.09149,0.09077,0.09134,1949463.9
2026-04-13T01:00:00+00:00,0.09134,0.0915,0.09104,0.09142,5318817.4
2026-04-13T02:00:00+00:00,0.09142,0.09153,0.09104,0.09109,1851818.0
2026-04-13T03:00:00+00:00,0.09109,0.09131,0.09104,0.09121,3141606.9
2026-04-13T04:00:00+00:00,0.09121,0.09126,0.09091,0.09096,2859642.2
2026-04-13T05:00:00+00:00,0.09096,0.0913,0.09082,0.09126,2662953.6
2026-04-13T06:00:00+00:00,0.09126,0.09154,0.09124,0.09146,1499710.5
2026-04-13T07:00:00+00:00,0.09146,0.0915,0.09084,0.0909,4099637.5
2026-04-13T08:00:00+00:00,0.0909,0.09103,0.09073,0.09092,2936458.0
2026-04-13T09:00:00+00:00,0.09092,0.09133,0.09091,0.09099,3316262.6
2026-04-13T10:00:00+00:00,0.09099,0.09105,0.09084,0.09089,1854120.6
2026-04-13T11:00:00+00:00,0.09089,0.09101,0.09084,0.09092,1500452.6
2026-04-13T12:00:00+00:00,0.09092,0.09191,0.09084,0.09162,14726991.1
2026-04-13T13:00:00+00:00,0.09162,0.09184,0.0908,0.0918,18488796.8
2026-04-13T14:00:00+00:00,0.0918,0.09263,0.09149,0.0925,7296578.3
2026-04-13T15:00:00+00:00,0.0925,0.09255,0.09156,0.0917,3075510.3
2026-04-13T16:00:00+00:00,0.0917,0.09214,0.09136,0.09197,7538123.6
2026-04-13T17:00:00+00:00,0.09197,0.0923,0.09141,0.09157,6898252.8
2026-04-13T18:00:00+00:00,0.09157,0.0918,0.09138,0.09179,2802065.8
2026-04-13T19:00:00+00:00,0.09179,0.09325,0.09173,0.0931,7422710.7
2026-04-13T20:00:00+00:00,0.0931,0.09321,0.09244,0.09252,6894530.1
2026-04-13T21:00:00+00:00,0.09252,0.09281,0.09247,0.09271,2805478.5
2026-04-13T22:00:00+00:00,0.09271,0.09434,0.09271,0.09406,14628152.9
2026-04-13T23:00:00+00:00,0.09406,0.09433,0.09372,0.09412,9344580.4
2026-04-14T00:00:00+00:00,0.09412,0.09431,0.09341,0.09355,12205820.2
2026-04-14T01:00:00+00:00,0.09355,0.09367,0.09305,0.09357,13334068.5
2026-04-14T02:00:00+00:00,0.09357,0.09392,0.0934,0.0935,9530095.1
2026-04-14T03:00:00+00:00,0.0935,0.09381,0.09339,0.09356,3001657.7
2026-04-14T04:00:00+00:00,0.09356,0.09374,0.09329,0.09338,3037561.9
2026-04-14T05:00:00+00:00,0.09338,0.09339,0.09272,0.09279,1953679.5
2026-04-14T06:00:00+00:00,0.09279,0.09336,0.09279,0.09324,2733150.3
2026-04-14T07:00:00+00:00,0.09324,0.09369,0.0932,0.09359,3005935.8
2026-04-14T08:00:00+00:00,0.09359,0.09466,0.09341,0.09439,17647851.6
2026-04-14T09:00:00+00:00,0.09439,0.09485,0.09425,0.0945,23395458.9
2026-04-14T10:00:00+00:00,0.0945,0.09464,0.09382,0.09445,17506836.2
2026-04-14T11:00:00+00:00,0.09445,0.09581,0.09387,0.09433,57075485.5
2026-04-14T12:00:00+00:00,0.09433,0.09441,0.09374,0.09414,4962468.2
2026-04-14T13:00:00+00:00,0.09414,0.09723,0.09408,0.09708,38276867.8
2026-04-14T14:00:00+00:00,0.09708,0.09804,0.0958,0.09606,37791108.1
2026-04-14T15:00:00+00:00,0.09606,0.09639,0.09525,0.09539,15360577.6
2026-04-14T16:00:00+00:00,0.09539,0.096,0.09474,0.09514,5082671.2
2026-04-14T17:00:00+00:00,0.09514,0.09533,0.09421,0.09464,5400796.9
2026-04-14T18:00:00+00:00,0.09464,0.09494,0.09288,0.09311,16830593.8
2026-04-14T19:00:00+00:00,0.09311,0.09334,0.09237,0.09282,17735189.6
2026-04-14T20:00:00+00:00,0.09282,0.09295,0.0924,0.09263,9629142.6
2026-04-14T21:00:00+00:00,0.09263,0.0933,0.09263,0.09326,8621600.8
2026-04-14T22:00:00+00:00,0.09326,0.09337,0.0926,0.09288,7692794.7
2026-04-14T23:00:00+00:00,0.09288,0.09319,0.09275,0.09296,1756595.4
2026-04-15T00:00:00+00:00,0.09296,0.09355,0.09296,0.09328,6808230.8
2026-04-15T01:00:00+00:00,0.09328,0.09361,0.09317,0.09346,2779618.2
2026-04-15T02:00:00+00:00,0.09346,0.0936,0.09298,0.09316,3626167.9
2026-04-15T03:00:00+00:00,0.09316,0.09337,0.09311,0.09316,1591165.7
2026-04-15T04:00:00+00:00,0.09316,0.09371,0.09312,0.09365,2296252.6
2026-04-15T05:00:00+00:00,0.09365,0.0939,0.09311,0.09348,3256971.2
2026-04-15T06:00:00+00:00,0.09348,0.09351,0.09269,0.09272,6371473.3
2026-04-15T07:00:00+00:00,0.09272,0.09326,0.09264,0.09281,8877044.7
2026-04-15T08:00:00+00:00,0.09281,0.0932,0.09276,0.09312,3228271.8
2026-04-15T09:00:00+00:00,0.09312,0.09319,0.09285,0.09293,2376225.6
2026-04-15T10:00:00+00:00,0.09293,0.09329,0.09263,0.09296,2240979.8
2026-04-15T11:00:00+00:00,0.09296,0.09377,0.09294,0.09352,3518539.9
2026-04-15T12:00:00+00:00,0.09352,0.09377,0.09338,0.09353,1616773.5
2026-04-15T13:00:00+00:00,0.09353,0.09364,0.09308,0.09342,2177983.3
2026-04-15T14:00:00+00:00,0.09342,0.09416,0.09318,0.09395,3468587.9
2026-04-15T15:00:00+00:00,0.09395,0.09401,0.09314,0.0936,2857899.7
2026-04-15T16:00:00+00:00,0.0936,0.0945,0.09351,0.09445,6589898.4
2026-04-15T17:00:00+00:00,0.09445,0.09508,0.09437,0.09478,6682575.3
2026-04-15T18:00:00+00:00,0.09478,0.09533,0.09472,0.0952,3412462.0
2026-04-15T19:00:00+00:00,0.0952,0.09678,0.09513,0.09606,39631623.0
2026-04-15T20:00:00+00:00,0.09606,0.09617,0.09499,0.09515,6578904.7
2026-04-15T21:00:00+00:00,0.09515,0.09532,0.09456,0.09524,4359682.7
2026-04-15T22:00:00+00:00,0.09524,0.09592,0.09506,0.09507,4060392.7
2026-04-15T23:00:00+00:00,0.09507,0.0951,0.09439,0.09483,6968497.0
2026-04-16T00:00:00+00:00,0.09483,0.09498,0.09451,0.0949,1290316.3
2026-04-16T01:00:00+00:00,0.0949,0.09501,0.09452,0.09484,1512778.1
2026-04-16T02:00:00+00:00,0.09484,0.09656,0.09482,0.09594,6999915.7
2026-04-16T03:00:00+00:00,0.09594,0.09742,0.09588,0.09703,12799131.4
2026-04-16T04:00:00+00:00,0.09703,0.09797,0.09664,0.09691,23611010.5
2026-04-16T05:00:00+00:00,0.09691,0.09708,0.09611,0.09659,8996464.7
2026-04-16T06:00:00+00:00,0.09659,0.09679,0.0961,0.09662,15111440.6
2026-04-16T07:00:00+00:00,0.09662,0.0969,0.09621,0.09648,6091729.0
2026-04-16T08:00:00+00:00,0.09648,0.09651,0.09595,0.09595,5043353.5
2026-04-16T09:00:00+00:00,0.09595,0.09659,0.09583,0.09601,4712271.5
2026-04-16T10:00:00+00:00,0.09601,0.09603,0.09533,0.09577,11610928.5
2026-04-16T11:00:00+00:00,0.09577,0.09659,0.09564,0.09635,16052982.2
2026-04-16T12:00:00+00:00,0.09635,0.09726,0.09632,0.09673,20826751.1
2026-04-16T13:00:00+00:00,0.09673,0.09772,0.09494,0.0958,15453516.5
2026-04-16T14:00:00+00:00,0.0958,0.09609,0.09448,0.09543,31324654.1
2026-04-16T15:00:00+00:00,0.09543,0.09732,0.09531,0.09729,18780637.3
2026-04-16T16:00:00+00:00,0.09729,0.09854,0.09638,0.09681,37024335.2
2026-04-16T17:00:00+00:00,0.09681,0.09783,0.09646,0.09774,7231427.8
2026-04-16T18:00:00+00:00,0.09774,0.09984,0.09747,0.09918,22081401.2
2026-04-16T19:00:00+00:00,0.09918,0.09973,0.09903,0.09942,6858955.5
2026-04-16T20:00:00+00:00,0.09942,0.09974,0.098,0.09851,6962370.5
2026-04-16T21:00:00+00:00,0.09851,0.09919,0.09824,0.09859,10446184.0
2026-04-16T22:00:00+00:00,0.09859,0.09917,0.09859,0.0989,3235989.7
2026-04-16T23:00:00+00:00,0.0989,0.09979,0.09875,0.09919,3238158.0
2026-04-17T00:00:00+00:00,0.09919,0.09937,0.09843,0.09889,5594455.1
2026-04-17T01:00:00+00:00,0.09889,0.09961,0.09793,0.09832,10099654.2
2026-04-17T02:00:00+00:00,0.09832,0.09847,0.09736,0.09788,8579208.5
2026-04-17T03:00:00+00:00,0.09788,0.0981,0.09756,0.09773,2306966.6
2026-04-17T04:00:00+00:00,0.09773,0.09789,0.09739,0.09748,3897696.7
2026-04-17T05:00:00+00:00,0.09748,0.09752,0.09672,0.09678,5467608.1
2026-04-17T06:00:00+00:00,0.09678,0.09772,0.09671,0.09763,4709296.2
2026-04-17T07:00:00+00:00,0.09763,0.09852,0.09761,0.09807,14666622.0
2026-04-17T08:00:00+00:00,0.09807,0.0988,0.09777,0.09855,21527744.8
2026-04-17T09:00:00+00:00,0.09855,0.09953,0.09815,0.09891,9532840.4
2026-04-17T10:00:00+00:00,0.09891,0.09898,0.0977,0.09797,7458211.1
2026-04-17T11:00:00+00:00,0.09797,0.09902,0.09797,0.09871,9093691.3
2026-04-17T12:00:00+00:00,0.09871,0.10021,0.09846,0.10013,12151672.1
2026-04-17T13:00:00+00:00,0.10013,0.10151,0.09992,0.10102,29427175.8
2026-04-17T14:00:00+00:00,0.10102,0.10153,0.10056,0.101,30191412.3
2026-04-17T15:00:00+00:00,0.101,0.10142,0.09991,0.10059,23942449.1
2026-04-17T16:00:00+00:00,0.10059,0.1022,0.10056,0.10197,10106048.9
2026-04-17T17:00:00+00:00,0.10197,0.10207,0.1002,0.10106,11678238.6
2026-04-17T18:00:00+00:00,0.10106,0.10119,0.09985,0.10018,3779268.8
2026-04-17T19:00:00+00:00,0.10018,0.10061,0.09984,0.09998,3606607.1
2026-04-17T20:00:00+00:00,0.09998,0.10022,0.09942,0.10018,3922338.0
2026-04-17T21:00:00+00:00,0.10018,0.10064,0.09982,0.10014,2013891.8
2026-04-17T22:00:00+00:00,0.10014,0.10061,0.10001,0.10026,2134814.1
2026-04-17T23:00:00+00:00,0.10026,0.10026,0.09874,0.09944,7682402.1
2026-04-18T00:00:00+00:00,0.09944,0.09976,0.09909,0.09927,7931477.2
2026-04-18T01:00:00+00:00,0.09927,0.09975,0.09891,0.09914,2993144.1
2026-04-18T02:00:00+00:00,0.09914,0.09958,0.09879,0.09909,3887498.6
2026-04-18T03:00:00+00:00,0.09909,0.0991,0.09808,0.09853,7747575.3
2026-04-18T04:00:00+00:00,0.09853,0.0987,0.09808,0.09836,3799923.9
2026-04-18T05:00:00+00:00,0.09836,0.09894,0.09833,0.09884,3352033.0
2026-04-18T06:00:00+00:00,0.09884,0.09893,0.09853,0.09878,1859856.0
2026-04-18T07:00:00+00:00,0.09878,0.09906,0.09871,0.09887,2464380.8
2026-04-18T08:00:00+00:00,0.09887,0.09887,0.09676,0.09707,21162702.2
2026-04-18T09:00:00+00:00,0.09707,0.0973,0.09659,0.09705,13060380.4
2026-04-18T10:00:00+00:00,0.09705,0.09706,0.09639,0.09652,7132317.4
2026-04-18T11:00:00+00:00,0.09652,0.09652,0.09556,0.09604,8048265.6
2026-04-18T12:00:00+00:00,0.09604,0.09626,0.0957,0.09611,4496459.8
2026-04-18T13:00:00+00:00,0.09611,0.0962,0.09547,0.09579,3740799.8
2026-04-18T14:00:00+00:00,0.09579,0.09619,0.09557,0.09617,2225425.5
2026-04-18T15:00:00+00:00,0.09617,0.09642,0.09583,0.096,6992004.4
2026-04-18T16:00:00+00:00,0.096,0.09618,0.09549,0.09564,4401066.7
2026-04-18T17:00:00+00:00,0.09564,0.0957,0.09527,0.09543,1789791.2
2026-04-18T18:00:00+00:00,0.09543,0.09554,0.09424,0.09449,7887774.3
2026-04-18T19:00:00+00:00,0.09449,0.09508,0.09449,0.09481,2464017.3
2026-04-18T20:00:00+00:00,0.09481,0.09518,0.09462,0.09503,2329122.1
2026-04-18T21:00:00+00:00,0.09503,0.09535,0.09484,0.09523,2656881.6
2026-04-18T22:00:00+00:00,0.09523,0.09527,0.09488,0.09513,1155841.6
2026-04-18T23:00:00+00:00,0.09513,0.09528,0.09473,0.09479,2631064.7
2026-04-19T00:00:00+00:00,0.09479,0.09501,0.09464,0.09483,3161202.7
2026-04-19T01:00:00+00:00,0.09483,0.0951,0.09468,0.095,1125372.0
2026-04-19T02:00:00+00:00,0.095,0.09503,0.09438,0.0948,3506527.8
2026-04-19T03:00:00+00:00,0.0948,0.09508,0.09447,0.09476,1583936.6
2026-04-19T04:00:00+00:00,0.09476,0.09485,0.09416,0.09463,3094629.8
2026-04-19T05:00:00+00:00,0.09463,0.09523,0.09457,0.09483,2621838.4
2026-04-19T06:00:00+00:00,0.09483,0.09504,0.09451,0.09489,3334162.5
2026-04-19T07:00:00+00:00,0.09489,0.09489,0.09351,0.09415,7238472.7
2026-04-19T08:00:00+00:00,0.09415,0.09427,0.09395,0.09412,2105369.7
2026-04-19T09:00:00+00:00,0.09412,0.09414,0.09356,0.09373,5260226.0
2026-04-19T10:00:00+00:00,0.09373,0.09393,0.09348,0.0939,2282327.8
2026-04-19T11:00:00+00:00,0.0939,0.09498,0.09386,0.09454,14229406.9
2026-04-19T12:00:00+00:00,0.09454,0.09528,0.09449,0.09453,12193404.3
2026-04-19T13:00:00+00:00,0.09453,0.09643,0.09451,0.0953,32019819.0
2026-04-19T14:00:00+00:00,0.0953,0.09621,0.09485,0.09537,29726035.1
2026-04-19T15:00:00+00:00,0.09537,0.09562,0.09428,0.0956,35178610.1
2026-04-19T16:00:00+00:00,0.0956,0.09571,0.09433,0.0946,22344760.6
2026-04-19T17:00:00+00:00,0.0946,0.0947,0.0938,0.0941,26930888.0
2026-04-19T18:00:00+00:00,0.0941,0.09439,0.09389,0.09417,13089987.9
2026-04-19T19:00:00+00:00,0.09417,0.09464,0.09411,0.09454,29662432.8
2026-04-19T20:00:00+00:00,0.09454,0.09454,0.09368,0.09408,27543989.2
2026-04-19T21:00:00+00:00,0.09408,0.09436,0.0938,0.09386,15289352.5
2026-04-19T22:00:00+00:00,0.09386,0.09386,0.09262,0.09311,37456686.4
2026-04-19T23:00:00+00:00,0.09311,0.09312,0.09257,0.09305,14283844.6
2026-04-20T00:00:00+00:00,0.09305,0.09409,0.09292,0.09396,18859430.7
2026-04-20T01:00:00+00:00,0.09396,0.09431,0.09368,0.09411,12905743.9
2026-04-20T02:00:00+00:00,0.09411,0.09418,0.09367,0.09409,14194208.6
2026-04-20T03:00:00+00:00,0.09409,0.09436,0.09373,0.09426,12940453.2
2026-04-20T04:00:00+00:00,0.09426,0.09469,0.09403,0.09462,19886614.9
2026-04-20T05:00:00+00:00,0.09462,0.09469,0.09361,0.09395,13824976.7
2026-04-20T06:00:00+00:00,0.09395,0.09451,0.09376,0.09422,13195720.5
2026-04-20T07:00:00+00:00,0.09422,0.09546,0.09414,0.09457,44131084.7
2026-04-20T08:00:00+00:00,0.09457,0.09465,0.09416,0.09424,14320343.9
2026-04-20T09:00:00+00:00,0.09424,0.09471,0.09405,0.09451,10407343.3
2026-04-20T10:00:00+00:00,0.09451,0.09501,0.09446,0.09447,14047779.2
2026-04-20T11:00:00+00:00,0.09447,0.09476,0.09421,0.09449,8521936.7
2026-04-20T12:00:00+00:00,0.09449,0.09505,0.09439,0.09485,14908175.2
2026-04-20T13:00:00+00:00,0.09485,0.09501,0.09448,0.09491,11336421.1
2026-04-20T14:00:00+00:00,0.09491,0.09536,0.0942,0.09441,15290607.6
2026-04-20T15:00:00+00:00,0.09441,0.09541,0.09409,0.09498,16873817.3
2026-04-20T16:00:00+00:00,0.09498,0.095,0.09438,0.09455,8432258.7
2026-04-20T17:00:00+00:00,0.09455,0.09525,0.09453,0.09508,12580345.3
2026-04-20T18:00:00+00:00,0.09508,0.09578,0.09508,0.09564,11293645.0
2026-04-20T19:00:00+00:00,0.09564,0.09574,0.09527,0.09552,6454830.5
2026-04-20T20:00:00+00:00,0.09552,0.09585,0.09532,0.09584,12927490.3
2026-04-20T21:00:00+00:00,0.09584,0.09609,0.09541,0.09571,9150142.9
2026-04-20T22:00:00+00:00,0.09571,0.09592,0.09556,0.09557,7134864.5
2026-04-20T23:00:00+00:00,0.09557,0.09557,0.095,0.0952,10178096.5
2026-04-21T00:00:00+00:00,0.0952,0.09561,0.09514,0.09551,7031714.6
2026-04-21T01:00:00+00:00,0.09551,0.09587,0.09534,0.0954,12570472.6
2026-04-21T02:00:00+00:00,0.0954,0.09547,0.09509,0.09513,11127898.0
2026-04-21T03:00:00+00:00,0.09513,0.09518,0.09463,0.09489,15170028.7
2026-04-21T04:00:00+00:00,0.09489,0.09543,0.09489,0.09522,21059053.3
2026-04-21T05:00:00+00:00,0.09522,0.09557,0.09507,0.09544,15657378.2
2026-04-21T06:00:00+00:00,0.09544,0.09585,0.09516,0.09539,15118994.6
2026-04-21T07:00:00+00:00,0.09539,0.09569,0.09517,0.0953,12089708.1
2026-04-21T08:00:00+00:00,0.0953,0.09589,0.0952,0.0954,3943111.7
2026-04-21T09:00:00+00:00,0.0954,0.09576,0.09526,0.09568,4407099.6
2026-04-21T10:00:00+00:00,0.09568,0.09594,0.09552,0.0958,6932583.6
2026-04-21T11:00:00+00:00,0.0958,0.09581,0.09534,0.09545,7018674.2
2026-04-21T12:00:00+00:00,0.09545,0.09551,0.09467,0.09502,6349556.5
2026-04-21T13:00:00+00:00,0.09502,0.09532,0.09486,0.0952,4789096.8
2026-04-21T14:00:00+00:00,0.0952,0.09572,0.09485,0.09499,3751946.7
2026-04-21T15:00:00+00:00,0.09499,0.09528,0.09445,0.09479,3075671.9
2026-04-21T16:00:00+00:00,0.09479,0.09517,0.0946,0.09466,1922053.7
2026-04-21T17:00:00+00:00,0.09466,0.09488,0.09364,0.09439,5946763.9
2026-04-21T18:00:00+00:00,0.09439,0.09455,0.09406,0.09447,2785474.1
2026-04-21T19:00:00+00:00,0.09447,0.09485,0.09358,0.09386,4715359.2
2026-04-21T20:00:00+00:00,0.09386,0.09493,0.09381,0.09464,9626169.3
2026-04-21T21:00:00+00:00,0.09464,0.09475,0.09446,0.09466,1065155.2
2026-04-21T22:00:00+00:00,0.09466,0.09472,0.09418,0.09446,1242720.6
2026-04-21T23:00:00+00:00,0.09446,0.09525,0.09441,0.09516,2323046.0
2026-04-22T00:00:00+00:00,0.09516,0.09539,0.09508,0.09519,10823832.0
2026-04-22T01:00:00+00:00,0.09519,0.09529,0.09489,0.095,1891404.9
2026-04-22T02:00:00+00:00,0.095,0.09663,0.0949,0.09657,10740327.8
2026-04-22T03:00:00+00:00,0.09657,0.09692,0.09615,0.09628,7487449.1
2026-04-22T04:00:00+00:00,0.09628,0.09656,0.09601,0.09628,2624960.9
2026-04-22T05:00:00+00:00,0.09628,0.09768,0.09619,0.09714,18151565.7
2026-04-22T06:00:00+00:00,0.09714,0.09767,0.09699,0.09765,4793932.6
2026-04-22T07:00:00+00:00,0.09765,0.09829,0.09695,0.09753,31209484.5
2026-04-22T08:00:00+00:00,0.09753,0.0982,0.09749,0.09788,13365493.2
2026-04-22T09:00:00+00:00,0.09788,0.09815,0.09753,0.09756,4844969.8
2026-04-22T10:00:00+00:00,0.09756,0.09846,0.09728,0.09824,37349346.0
2026-04-22T11:00:00+00:00,0.09824,0.09861,0.09775,0.09804,14847677.2
2026-04-22T12:00:00+00:00,0.09804,0.09825,0.09739,0.09764,7668749.2
2026-04-22T13:00:00+00:00,0.09764,0.09827,0.0974,0.09801,9745238.0
2026-04-22T14:00:00+00:00,0.09801,0.09829,0.09766,0.09801,8545785.8
2026-04-22T15:00:00+00:00,0.09801,0.09827,0.0975,0.09788,8805219.0
2026-04-22T16:00:00+00:00,0.09788,0.0982,0.09684,0.09698,8023385.5
2026-04-22T17:00:00+00:00,0.09698,0.09751,0.09696,0.09726,3048933.8
2026-04-22T18:00:00+00:00,0.09726,0.09759,0.0971,0.0971,3450333.6
2026-04-22T19:00:00+00:00,0.0971,0.0971,0.09632,0.09672,3731578.5
2026-04-22T20:00:00+00:00,0.09672,0.09673,0.09626,0.09633,3897270.6
2026-04-22T21:00:00+00:00,0.09633,0.09693,0.09633,0.09679,3180857.3
2026-04-22T22:00:00+00:00,0.09679,0.09688,0.0963,0.09645,2100630.8
2026-04-22T23:00:00+00:00,0.09645,0.09648,0.09559,0.09563,4585339.4
2026-04-23T00:00:00+00:00,0.09563,0.09652,0.09563,0.09626,26908301.7
2026-04-23T01:00:00+00:00,0.09626,0.09657,0.09575,0.09633,4630941.7
2026-04-23T02:00:00+00:00,0.09633,0.09634,0.09565,0.09585,10754179.0
2026-04-23T03:00:00+00:00,0.09585,0.09598,0.09526,0.09558,7838186.6
2026-04-23T04:00:00+00:00,0.09558,0.09601,0.09551,0.0959,3243415.9
2026-04-23T05:00:00+00:00,0.0959,0.09615,0.09566,0.09599,2698611.2
2026-04-23T06:00:00+00:00,0.09599,0.09644,0.09597,0.09607,3487600.8
2026-04-23T07:00:00+00:00,0.09607,0.09612,0.09553,0.09592,6795262.6
2026-04-23T08:00:00+00:00,0.09592,0.09625,0.09575,0.09597,8870760.8
2026-04-23T09:00:00+00:00,0.09597,0.09597,0.09534,0.09563,5828185.6
2026-04-23T10:00:00+00:00,0.09563,0.09575,0.09528,0.09569,6583007.1
2026-04-23T11:00:00+00:00,0.09569,0.09629,0.09569,0.09615,2972702.3
2026-04-23T12:00:00+00:00,0.09615,0.09692,0.09615,0.09649,15050186.7
2026-04-23T13:00:00+00:00,0.09649,0.09663,0.09585,0.0962,8830499.7
2026-04-23T14:00:00+00:00,0.0962,0.09712,0.09604,0.09706,6033180.5
2026-04-23T15:00:00+00:00,0.09706,0.098,0.09697,0.09735,18415090.7
2026-04-23T16:00:00+00:00,0.09735,0.09743,0.09683,0.09688,4320715.3
2026-04-23T17:00:00+00:00,0.09688,0.09703,0.09512,0.0961,19251462.0
2026-04-23T18:00:00+00:00,0.0961,0.09639,0.0959,0.09592,5748358.0
2026-04-23T19:00:00+00:00,0.09592,0.09639,0.09582,0.09623,3393853.1
2026-04-23T20:00:00+00:00,0.09623,0.0969,0.09618,0.09667,1572682.1
2026-04-23T21:00:00+00:00,0.09667,0.09748,0.0966,0.09711,2835304.3
2026-04-23T22:00:00+00:00,0.09711,0.09767,0.09711,0.09724,2275626.0
2026-04-23T23:00:00+00:00,0.09724,0.09733,0.09698,0.09713,1254976.5
2026-04-24T00:00:00+00:00,0.09713,0.0977,0.09703,0.09763,4836303.8
2026-04-24T01:00:00+00:00,0.09763,0.09801,0.09705,0.09792,4352977.6
2026-04-24T02:00:00+00:00,0.09792,0.09803,0.09762,0.09773,3776015.1
2026-04-24T03:00:00+00:00,0.09773,0.09781,0.0969,0.0972,3883070.0
2026-04-24T04:00:00+00:00,0.0972,0.09738,0.09697,0.09731,1897926.3
2026-04-24T05:00:00+00:00,0.09731,0.09746,0.09697,0.09721,6979503.0
2026-04-24T06:00:00+00:00,0.09721,0.09769,0.09698,0.09743,7683108.7
2026-04-24T07:00:00+00:00,0.09743,0.09814,0.09742,0.09778,13331984.7
2026-04-24T08:00:00+00:00,0.09778,0.09802,0.09744,0.09783,3897690.6
2026-04-24T09:00:00+00:00,0.09783,0.09788,0.09682,0.09715,9557316.4
2026-04-24T10:00:00+00:00,0.09715,0.09808,0.09706,0.09783,7779207.2
2026-04-24T11:00:00+00:00,0.09783,0.09852,0.09782,0.0982,7087840.8
2026-04-24T12:00:00+00:00,0.0982,0.09852,0.09772,0.09793,10564687.7
2026-04-24T13:00:00+00:00,0.09793,0.09851,0.09768,0.09787,7604521.0
2026-04-24T14:00:00+00:00,0.09787,0.09797,0.0973,0.09766,5072231.7
2026-04-24T15:00:00+00:00,0.09766,0.09831,0.09725,0.09807,3528965.9
2026-04-24T16:00:00+00:00,0.09807,0.09833,0.09767,0.09799,6328122.9
2026-04-24T17:00:00+00:00,0.09799,0.09819,0.09766,0.09813,2756727.7
2026-04-24T18:00:00+00:00,0.09813,0.09829,0.09767,0.09825,2785095.7
2026-04-24T19:00:00+00:00,0.09825,0.09845,0.0981,0.09837,3370997.4
2026-04-24T20:00:00+00:00,0.09837,0.0989,0.09808,0.09885,10765110.4
2026-04-24T21:00:00+00:00,0.09885,0.09952,0.0986,0.09867,11001603.1
2026-04-24T22:00:00+00:00,0.09867,0.0987,0.09787,0.098,4175920.3
2026-04-24T23:00:00+00:00,0.098,0.09846,0.09799,0.09841,2430842.0
2026-04-25T00:00:00+00:00,0.09841,0.09842,0.09803,0.09838,1342208.6
2026-04-25T01:00:00+00:00,0.09838,0.0991,0.09836,0.09843,7734174.4
2026-04-25T02:00:00+00:00,0.09843,0.09866,0.09819,0.09848,8014822.9
2026-04-25T03:00:00+00:00,0.09848,0.0989,0.09829,0.09879,2460477.9
2026-04-25T04:00:00+00:00,0.09879,0.09891,0.09852,0.09858,1636475.4
2026-04-25T05:00:00+00:00,0.09858,0.09858,0.09835,0.09843,1618611.9
2026-04-25T06:00:00+00:00,0.09843,0.09862,0.09811,0.09837,5932657.3
2026-04-25T07:00:00+00:00,0.09837,0.09907,0.09824,0.0984,8826961.0
2026-04-25T08:00:00+00:00,0.0984,0.09864,0.0982,0.09858,7334721.8
2026-04-25T09:00:00+00:00,0.09858,0.09867,0.09835,0.09856,1730996.7
2026-04-25T10:00:00+00:00,0.09856,0.09863,0.09845,0.09854,1491119.1
2026-04-25T11:00:00+00:00,0.09854,0.09854,0.09785,0.09795,2624594.0
2026-04-25T12:00:00+00:00,0.09795,0.09807,0.09773,0.09794,4443953.4
2026-04-25T13:00:00+00:00,0.09794,0.0984,0.09791,0.09827,1746442.4
2026-04-25T14:00:00+00:00,0.09827,0.09855,0.09809,0.09831,1230569.2
2026-04-25T15:00:00+00:00,0.09831,0.09877,0.09807,0.09819,3721057.0
2026-04-25T16:00:00+00:00,0.09819,0.09833,0.09756,0.09785,2487719.7
2026-04-25T17:00:00+00:00,0.09785,0.09798,0.0976,0.09777,4256143.9
2026-04-25T18:00:00+00:00,0.09777,0.09791,0.0974,0.09771,4867961.6
2026-04-25T19:00:00+00:00,0.09771,0.09779,0.09748,0.09771,963328.5
2026-04-25T20:00:00+00:00,0.09771,0.09794,0.09758,0.09793,1277618.2
2026-04-25T21:00:00+00:00,0.09793,0.09803,0.09784,0.09796,1248541.0
2026-04-25T22:00:00+00:00,0.09796,0.09823,0.09787,0.09805,610074.7
2026-04-25T23:00:00+00:00,0.09805,0.09821,0.09789,0.09798,1777649.3
2026-04-26T00:00:00+00:00,0.09798,0.098,0.0977,0.09784,2454962.2
2026-04-26T01:00:00+00:00,0.09784,0.09806,0.09777,0.09784,1270441.3
2026-04-26T02:00:00+00:00,0.09784,0.09814,0.09759,0.09794,8174948.0
2026-04-26T03:00:00+00:00,0.09794,0.09843,0.09765,0.09776,9502253.5
2026-04-26T04:00:00+00:00,0.09776,0.09827,0.09748,0.09806,10145108.0
2026-04-26T05:00:00+00:00,0.09806,0.09873,0.09805,0.09831,4093600.5
2026-04-26T06:00:00+00:00,0.09831,0.09858,0.0983,0.09845,2801159.0
2026-04-26T07:00:00+00:00,0.09845,0.0986,0.09837,0.09853,1423433.2
2026-04-26T08:00:00+00:00,0.09853,0.09861,0.09832,0.09833,1738180.5
2026-04-26T09:00:00+00:00,0.09833,0.09859,0.09829,0.09845,2959485.4
2026-04-26T10:00:00+00:00,0.09845,0.09872,0.09829,0.09865,4356435.2
2026-04-26T11:00:00+00:00,0.09865,0.09916,0.09861,0.09902,5343189.2
2026-04-26T12:00:00+00:00,0.09902,0.09913,0.09856,0.09866,9723543.8
2026-04-26T13:00:00+00:00,0.09866,0.09872,0.09811,0.09857,9117207.7
2026-04-26T14:00:00+00:00,0.09857,0.09897,0.09842,0.09881,2663509.8
2026-04-26T15:00:00+00:00,0.09881,0.09912,0.09873,0.09902,2785501.1
2026-04-26T16:00:00+00:00,0.09902,0.09904,0.09862,0.09867,1707734.0
2026-04-26T17:00:00+00:00,0.09867,0.09893,0.09849,0.09886,1628041.8
2026-04-26T18:00:00+00:00,0.09886,0.09973,0.0987,0.09911,5326281.9
2026-04-26T19:00:00+00:00,0.09911,0.09969,0.0991,0.09917,3459917.7
2026-04-26T20:00:00+00:00,0.09917,0.09989,0.09903,0.09905,5691445.3
2026-04-26T21:00:00+00:00,0.09905,0.09944,0.09867,0.09937,9738472.3
2026-04-26T22:00:00+00:00,0.09937,0.09974,0.09897,0.09917,2349572.3
2026-04-26T23:00:00+00:00,0.09917,0.09956,0.09878,0.09923,2929599.2
2026-04-27T00:00:00+00:00,0.09923,0.09996,0.09888,0.09995,4493069.2
2026-04-27T01:00:00+00:00,0.09995,0.10045,0.09941,0.10029,7979888.3
2026-04-27T02:00:00+00:00,0.10029,0.10071,0.09989,0.10041,6757274.1
2026-04-27T03:00:00+00:00,0.10041,0.10083,0.1002,0.1002,2709320.6
2026-04-27T04:00:00+00:00,0.1002,0.10056,0.09983,0.1,4041342.8
2026-04-27T05:00:00+00:00,0.1,0.10002,0.09817,0.09839,13413334.5
2026-04-27T06:00:00+00:00,0.09839,0.09842,0.0976,0.09799,7431060.0
2026-04-27T07:00:00+00:00,0.09799,0.09809,0.09765,0.0978,6950430.0
2026-04-27T08:00:00+00:00,0.0978,0.09827,0.09768,0.09827,4499933.3
2026-04-27T09:00:00+00:00,0.09827,0.09848,0.09794,0.09826,11460632.5
2026-04-27T10:00:00+00:00,0.09826,0.09841,0.09806,0.09811,3510210.4
2026-04-27T11:00:00+00:00,0.09811,0.09851,0.09778,0.09849,4227323.2
2026-04-27T12:00:00+00:00,0.09849,0.09849,0.09808,0.09814,2146663.3
2026-04-27T13:00:00+00:00,0.09814,0.09851,0.0979,0.09817,3996914.5
2026-04-27T14:00:00+00:00,0.09817,0.09923,0.09812,0.09877,6156546.6
2026-04-27T15:00:00+00:00,0.09877,0.09879,0.09692,0.09721,13075128.8
2026-04-27T16:00:00+00:00,0.09721,0.09791,0.09706,0.09746,5901432.2
2026-04-27T17:00:00+00:00,0.09746,0.09799,0.09746,0.09774,1864883.1
2026-04-27T18:00:00+00:00,0.09774,0.09812,0.09767,0.09782,2775753.9
2026-04-27T19:00:00+00:00,0.09782,0.09809,0.0974,0.09784,1683806.8
2026-04-27T20:00:00+00:00,0.09784,0.09814,0.09784,0.09807,976159.7
2026-04-27T21:00:00+00:00,0.09807,0.09825,0.09789,0.09796,1585359.4
2026-04-27T22:00:00+00:00,0.09796,0.09872,0.09792,0.09868,3455380.0
2026-04-27T23:00:00+00:00,0.09868,0.09912,0.09861,0.09895,4605104.2
2026-04-28T00:00:00+00:00,0.09895,0.09923,0.09859,0.09896,3675193.0
2026-04-28T01:00:00+00:00,0.09896,0.09946,0.09891,0.09922,5794471.9
2026-04-28T02:00:00+00:00,0.09922,0.09955,0.09879,0.09916,4384224.0
2026-04-28T03:00:00+00:00,0.09916,0.09942,0.09898,0.09933,3890361.6
2026-04-28T04:00:00+00:00,0.09933,0.10097,0.0993,0.09962,17187023.4
2026-04-28T05:00:00+00:00,0.09962,0.10052,0.09955,0.10026,17636292.3
2026-04-28T06:00:00+00:00,0.10026,0.10044,0.0991,0.09954,20907894.4
2026-04-28T07:00:00+00:00,0.09954,0.09974,0.09898,0.09962,10300031.2
2026-04-28T08:00:00+00:00,0.09962,0.09996,0.09927,0.09975,5701777.6
2026-04-28T09:00:00+00:00,0.09975,0.0999,0.09898,0.0992,15339259.8
2026-04-28T10:00:00+00:00,0.0992,0.09938,0.09908,0.09919,1300650.9
2026-04-28T11:00:00+00:00,0.09919,0.09925,0.09852,0.09862,6243294.8
2026-04-28T12:00:00+00:00,0.09862,0.09902,0.09829,0.099,7491154.6
2026-04-28T13:00:00+00:00,0.099,0.09918,0.09841,0.09871,6162209.9
2026-04-28T14:00:00+00:00,0.09871,0.09888,0.09808,0.09888,4972544.4
2026-04-28T15:00:00+00:00,0.09888,0.09954,0.09874,0.09954,2895225.9
2026-04-28T16:00:00+00:00,0.09954,0.0998,0.0992,0.09971,5010169.9
2026-04-28T17:00:00+00:00,0.09971,0.09972,0.09917,0.09933,2735449.3
2026-04-28T18:00:00+00:00,0.09933,0.09965,0.09922,0.09953,3493858.4
2026-04-28T19:00:00+00:00,0.09953,0.09985,0.09928,0.09971,3394868.1
2026-04-28T20:00:00+00:00,0.09971,0.09988,0.0996,0.09973,1481006.5
2026-04-28T21:00:00+00:00,0.09973,0.09994,0.09916,0.09949,9282404.3
2026-04-28T22:00:00+00:00,0.09949,0.10018,0.09941,0.09948,10264953.6
2026-04-28T23:00:00+00:00,0.09948,0.09948,0.09883,0.09933,13982694.5
2026-04-29T00:00:00+00:00,0.09933,0.10008,0.09924,0.09988,20339295.3
2026-04-29T01:00:00+00:00,0.09988,0.10023,0.09943,0.10012,8242021.5
2026-04-29T02:00:00+00:00,0.10012,0.10032,0.09976,0.09995,2351039.7
2026-04-29T03:00:00+00:00,0.09995,0.10143,0.09993,0.10134,13216259.8
2026-04-29T04:00:00+00:00,0.10134,0.10249,0.10115,0.10178,12008184.2
2026-04-29T05:00:00+00:00,0.10178,0.10244,0.10155,0.10229,19785314.6
2026-04-29T06:00:00+00:00,0.10229,0.1025,0.1018,0.10214,8098433.1
2026-04-29T07:00:00+00:00,0.10214,0.10544,0.10207,0.10494,50345399.1
2026-04-29T08:00:00+00:00,0.10494,0.10593,0.10461,0.10541,25399211.8
2026-04-29T09:00:00+00:00,0.10541,0.11192,0.1052,0.10943,75930147.8
2026-04-29T10:00:00+00:00,0.10943,0.11063,0.10921,0.11009,36476566.6
2026-04-29T11:00:00+00:00,0.11009,0.1106,0.10943,0.10967,14971519.3
2026-04-29T12:00:00+00:00,0.10967,0.10972,0.10644,0.10719,37975389.1
2026-04-29T13:00:00+00:00,0.10719,0.10762,0.10519,0.10638,22624058.5
2026-04-29T14:00:00+00:00,0.10638,0.10655,0.10446,0.10514,14839114.5
2026-04-29T15:00:00+00:00,0.10514,0.1054,0.1029,0.1034,23344263.9
2026-04-29T16:00:00+00:00,0.1034,0.10388,0.1018,0.10227,17136968.4
2026-04-29T17:00:00+00:00,0.10227,0.10466,0.10212,0.10398,36482370.7
2026-04-29T18:00:00+00:00,0.10398,0.10403,0.10093,0.10216,22975806.6
2026-04-29T19:00:00+00:00,0.10216,0.10222,0.10105,0.10143,6462502.4
2026-04-29T20:00:00+00:00,0.10143,0.10249,0.10141,0.10213,7031932.6
2026-04-29T21:00:00+00:00,0.10213,0.10364,0.10196,0.10322,9369320.9
2026-04-29T22:00:00+00:00,0.10322,0.10381,0.10296,0.1035,3693052.8
2026-04-29T23:00:00+00:00,0.1035,0.10421,0.10341,0.10407,5215975.0
2026-04-30T00:00:00+00:00,0.10407,0.10831,0.10397,0.10799,67070056.0
2026-04-30T01:00:00+00:00,0.10799,0.10843,0.10639,0.10692,20415643.6
2026-04-30T02:00:00+00:00,0.10692,0.10739,0.10453,0.1054,19618867.6
2026-04-30T03:00:00+00:00,0.1054,0.10747,0.10519,0.10678,12274944.7
2026-04-30T04:00:00+00:00,0.10678,0.10682,0.1048,0.10501,14115330.1
2026-04-30T05:00:00+00:00,0.10501,0.10592,0.10435,0.10541,15077161.9
2026-04-30T06:00:00+00:00,0.10541,0.10638,0.10527,0.10627,7874301.1
2026-04-30T07:00:00+00:00,0.10627,0.10707,0.10598,0.10701,7495710.3
2026-04-30T08:00:00+00:00,0.10701,0.10732,0.10643,0.10694,6354005.7
2026-04-30T09:00:00+00:00,0.10694,0.10814,0.10677,0.10744,5539853.4
2026-04-30T10:00:00+00:00,0.10744,0.10782,0.10622,0.10668,5060422.9
2026-04-30T11:00:00+00:00,0.10668,0.10687,0.10566,0.10638,5481114.7
2026-04-30T12:00:00+00:00,0.10638,0.10681,0.10616,0.10634,2529555.9
2026-04-30T13:00:00+00:00,0.10634,0.10749,0.10598,0.10677,15410242.7
2026-04-30T14:00:00+00:00,0.10677,0.10731,0.1059,0.10644,7686837.6
2026-04-30T15:00:00+00:00,0.10644,0.10754,0.10603,0.10709,2692653.3
2026-04-30T16:00:00+00:00,0.10709,0.10734,0.10613,0.10629,12612318.7
2026-04-30T17:00:00+00:00,0.10629,0.10649,0.10546,0.10574,8934391.8
2026-04-30T18:00:00+00:00,0.10574,0.1062,0.10543,0.10559,4309652.1
2026-04-30T19:00:00+00:00,0.10559,0.1063,0.10545,0.1062,2882507.4
2026-04-30T20:00:00+00:00,0.1062,0.10675,0.10586,0.10656,3532863.1
2026-04-30T21:00:00+00:00,0.10656,0.10686,0.10631,0.10635,2341085.5
2026-04-30T22:00:00+00:00,0.10635,0.10666,0.10603,0.10629,1751186.9
2026-04-30T23:00:00+00:00,0.10629,0.10666,0.10613,0.10652,1492091.7
2026-05-01T00:00:00+00:00,0.10652,0.10791,0.10643,0.10757,14979628.7
2026-05-01T01:00:00+00:00,0.10757,0.1093,0.10752,0.10902,19963255.6
2026-05-01T02:00:00+00:00,0.10902,0.10937,0.10833,0.10839,5851869.5
2026-05-01T03:00:00+00:00,0.10839,0.10983,0.10805,0.10907,8560655.4
2026-05-01T04:00:00+00:00,0.10907,0.1094,0.10824,0.10886,7293578.1
2026-05-01T05:00:00+00:00,0.10886,0.10948,0.10886,0.10911,3904143.2
2026-05-01T06:00:00+00:00,0.10911,0.1092,0.10834,0.1084,4307906.6
2026-05-01T07:00:00+00:00,0.1084,0.1085,0.10794,0.10824,6552428.8
2026-05-01T08:00:00+00:00,0.10824,0.10893,0.10802,0.10852,5486595.0
2026-05-01T09:00:00+00:00,0.10852,0.1087,0.10738,0.10772,5197720.8
2026-05-01T10:00:00+00:00,0.10772,0.10839,0.10726,0.10836,2976669.3
2026-05-01T11:00:00+00:00,0.10836,0.10921,0.10829,0.10885,4494038.4
2026-05-01T12:00:00+00:00,0.10885,0.10933,0.10861,0.1089,6814670.4
2026-05-01T13:00:00+00:00,0.1089,0.11056,0.1089,0.10974,14097123.7
2026-05-01T14:00:00+00:00,0.10974,0.10989,0.109,0.10967,10948600.7
2026-05-01T15:00:00+00:00,0.10967,0.10993,0.10885,0.10943,9384252.0
2026-05-01T16:00:00+00:00,0.10943,0.10971,0.10834,0.10895,8879321.4
2026-05-01T17:00:00+00:00,0.10895,0.10911,0.10852,0.10898,3787773.0
2026-05-01T18:00:00+00:00,0.10898,0.10903,0.1086,0.10897,1499364.2
2026-05-01T19:00:00+00:00,0.10897,0.10922,0.10876,0.10909,4302449.0
2026-05-01T20:00:00+00:00,0.10909,0.10919,0.10826,0.10853,4103944.8
2026-05-01T21:00:00+00:00,0.10853,0.10966,0.10844,0.10941,3377668.4
2026-05-01T22:00:00+00:00,0.10941,0.10957,0.10837,0.10846,11481949.8
2026-05-01T23:00:00+00:00,0.10846,0.10851,0.10767,0.10851,14233883.7
2026-05-02T00:00:00+00:00,0.10851,0.10946,0.1085,0.10872,13820025.1
2026-05-02T01:00:00+00:00,0.10872,0.10896,0.10849,0.10865,2299260.3
2026-05-02T02:00:00+00:00,0.10865,0.10874,0.10822,0.10847,2820949.6
2026-05-02T03:00:00+00:00,0.10847,0.10863,0.10809,0.10818,1792924.8
2026-05-02T04:00:00+00:00,0.10818,0.10838,0.10785,0.10809,3448384.9
2026-05-02T05:00:00+00:00,0.10809,0.10817,0.10741,0.10753,4175073.7
2026-05-02T06:00:00+00:00,0.10753,0.10812,0.10753,0.10807,988433.7
2026-05-02T07:00:00+00:00,0.10807,0.10813,0.10787,0.10789,1353377.5
2026-05-02T08:00:00+00:00,0.10789,0.10799,0.10766,0.10767,2331452.1
2026-05-02T09:00:00+00:00,0.10767,0.108,0.10754,0.10778,4604117.8
2026-05-02T10:00:00+00:00,0.10778,0.10807,0.10774,0.10776,1067685.4
2026-05-02T11:00:00+00:00,0.10776,0.10787,0.10745,0.10777,1755965.4
2026-05-02T12:00:00+00:00,0.10777,0.10789,0.10717,0.10761,4528584.9
2026-05-02T13:00:00+00:00,0.10761,0.1088,0.10761,0.1086,2633169.8
2026-05-02T14:00:00+00:00,0.1086,0.10914,0.10837,0.1087,4799873.8
2026-05-02T15:00:00+00:00,0.1087,0.10923,0.10866,0.10899,3471857.3
2026-05-02T16:00:00+00:00,0.10899,0.10935,0.10864,0.10899,3250699.5
2026-05-02T17:00:00+00:00,0.10899,0.1091,0.10862,0.10876,860962.3
2026-05-02T18:00:00+00:00,0.10876,0.10876,0.10825,0.10837,3667118.5
2026-05-02T19:00:00+00:00,0.10837,0.10854,0.10824,0.10839,2571092.4
2026-05-02T20:00:00+00:00,0.10839,0.10885,0.10833,0.10878,1336200.6
2026-05-02T21:00:00+00:00,0.10878,0.10908,0.108,0.10874,6292184.3
2026-05-02T22:00:00+00:00,0.10874,0.10918,0.10843,0.10879,2971302.9
2026-05-02T23:00:00+00:00,0.10879,0.1088,0.10816,0.1085,6222459.7
2026-05-03T00:00:00+00:00,0.1085,0.10856,0.1079,0.10821,1640063.8
2026-05-03T01:00:00+00:00,0.10821,0.10823,0.10748,0.10767,5069523.7
2026-05-03T02:00:00+00:00,0.10767,0.1078,0.10713,0.10751,3064409.2
2026-05-03T03:00:00+00:00,0.10751,0.10794,0.10736,0.10784,1241881.7
2026-05-03T04:00:00+00:00,0.10784,0.10821,0.10774,0.10789,2099088.2
2026-05-03T05:00:00+00:00,0.10789,0.10813,0.10776,0.10794,1607987.8
2026-05-03T06:00:00+00:00,0.10794,0.10796,0.10751,0.10784,4549719.2
2026-05-03T07:00:00+00:00,0.10784,0.10833,0.10783,0.10791,2940058.4
2026-05-03T08:00:00+00:00,0.10791,0.10818,0.1079,0.10798,659084.3
2026-05-03T09:00:00+00:00,0.10798,0.10835,0.1079,0.10818,1246058.8
2026-05-03T10:00:00+00:00,0.10818,0.10824,0.10761,0.10768,3786463.6
2026-05-03T11:00:00+00:00,0.10768,0.10873,0.10746,0.10861,6851593.3
2026-05-03T12:00:00+00:00,0.10861,0.10935,0.10861,0.10876,4611303.6
2026-05-03T13:00:00+00:00,0.10876,0.10902,0.10848,0.10862,10054882.5
2026-05-03T14:00:00+00:00,0.10862,0.10886,0.10846,0.10864,1932662.2
2026-05-03T15:00:00+00:00,0.10864,0.10893,0.10826,0.10846,1547822.5
2026-05-03T16:00:00+00:00,0.10846,0.1086,0.10809,0.1083,10654115.3
2026-05-03T17:00:00+00:00,0.1083,0.10875,0.108,0.10847,2140434.2
2026-05-03T18:00:00+00:00,0.10847,0.10859,0.1083,0.10841,3284722.5
2026-05-03T19:00:00+00:00,0.10841,0.10877,0.10835,0.1086,1659534.8
2026-05-03T20:00:00+00:00,0.1086,0.10926,0.10856,0.10879,2591531.7
2026-05-03T21:00:00+00:00,0.10879,0.10911,0.10775,0.10811,3753530.7
2026-05-03T22:00:00+00:00,0.10811,0.10966,0.10811,0.10928,3517284.5
2026-05-03T23:00:00+00:00,0.10928,0.10948,0.1082,0.10828,4247476.1
2026-05-04T00:00:00+00:00,0.10828,0.10909,0.10766,0.10899,5352700.2
2026-05-04T01:00:00+00:00,0.10899,0.1132,0.10899,0.11248,43393060.8
2026-05-04T02:00:00+00:00,0.11248,0.11344,0.11151,0.113,14765905.2
2026-05-04T03:00:00+00:00,0.113,0.11377,0.11216,0.11297,10801005.0
2026-05-04T04:00:00+00:00,0.11297,0.11355,0.11281,0.11307,6942145.1
2026-05-04T05:00:00+00:00,0.11307,0.11319,0.11238,0.11253,2477022.1
2026-05-04T06:00:00+00:00,0.11253,0.11261,0.11097,0.11205,12219750.5
2026-05-04T07:00:00+00:00,0.11205,0.11268,0.1119,0.11232,3182582.3
2026-05-04T08:00:00+00:00,0.11232,0.11243,0.11187,0.11194,1421631.4
2026-05-04T09:00:00+00:00,0.11194,0.11238,0.1115,0.11187,2287796.2
2026-05-04T10:00:00+00:00,0.11187,0.11193,0.10858,0.11024,43779091.8
2026-05-04T11:00:00+00:00,0.11024,0.11071,0.11,0.11049,6480508.4
2026-05-04T12:00:00+00:00,0.11049,0.1109,0.11025,0.11038,7570536.9
2026-05-04T13:00:00+00:00,0.11038,0.11128,0.10985,0.11067,15475098.3
2026-05-04T14:00:00+00:00,0.11067,0.11267,0.1102,0.11202,11570989.4
2026-05-04T15:00:00+00:00,0.11202,0.11215,0.10962,0.11024,11675233.8
2026-05-04T16:00:00+00:00,0.11024,0.11093,0.10987,0.11053,4539922.2
2026-05-04T17:00:00+00:00,0.11053,0.1116,0.11046,0.1112,2776256.9
2026-05-04T18:00:00+00:00,0.1112,0.11136,0.1107,0.11105,2339690.9
2026-05-04T19:00:00+00:00,0.11105,0.11108,0.11023,0.11041,3183292.2
2026-05-04T20:00:00+00:00,0.11041,0.11042,0.11001,0.11024,1116156.2
2026-05-04T21:00:00+00:00,0.11024,0.11097,0.11013,0.11056,10002189.7
2026-05-04T22:00:00+00:00,0.11056,0.11091,0.11016,0.11034,2046570.8
2026-05-04T23:00:00+00:00,0.11034,0.11036,0.11004,0.11008,1292593.7
2026-05-05T00:00:00+00:00,0.11008,0.11102,0.10997,0.11081,3408595.4
2026-05-05T01:00:00+00:00,0.11081,0.11131,0.11051,0.11097,2032577.8
2026-05-05T02:00:00+00:00,0.11097,0.1117,0.11097,0.11133,2281090.9
2026-05-05T03:00:00+00:00,0.11133,0.1118,0.11123,0.11142,1723844.3
2026-05-05T04:00:00+00:00,0.11142,0.1118,0.11125,0.11142,2720168.7
2026-05-05T05:00:00+00:00,0.11142,0.11198,0.11129,0.11168,4713473.9
2026-05-05T06:00:00+00:00,0.11168,0.11179,0.11126,0.11172,1724846.8
2026-05-05T07:00:00+00:00,0.11172,0.1119,0.11132,0.11146,8797666.5
2026-05-05T08:00:00+00:00,0.11146,0.11169,0.11131,0.11162,2029825.8
2026-05-05T09:00:00+00:00,0.11162,0.11166,0.11074,0.1111,2764659.8
2026-05-05T10:00:00+00:00,0.1111,0.1118,0.11102,0.11176,3103902.5
2026-05-05T11:00:00+00:00,0.11176,0.11215,0.11136,0.11196,3412085.6
2026-05-05T12:00:00+00:00,0.11196,0.11218,0.11179,0.11204,2180223.3
2026-05-05T13:00:00+00:00,0.11204,0.11284,0.11191,0.11242,5706461.3
2026-05-05T14:00:00+00:00,0.11242,0.11281,0.11153,0.11234,7336103.3
2026-05-05T15:00:00+00:00,0.11234,0.11292,0.11226,0.11238,5759899.9
2026-05-05T16:00:00+00:00,0.11238,0.11265,0.11164,0.11255,9878690.0
2026-05-05T17:00:00+00:00,0.11255,0.11447,0.11246,0.11369,23773357.5
2026-05-05T18:00:00+00:00,0.11369,0.11415,0.11332,0.11337,6089335.8
2026-05-05T19:00:00+00:00,0.11337,0.11406,0.11331,0.11355,7548680.2
2026-05-05T20:00:00+00:00,0.11355,0.11424,0.1131,0.114,6519691.1
2026-05-05T21:00:00+00:00,0.114,0.11571,0.11355,0.11541,11147250.7
2026-05-05T22:00:00+00:00,0.11541,0.11652,0.11483,0.11531,15897563.0
2026-05-05T23:00:00+00:00,0.11531,0.11595,0.11438,0.11486,7033115.0
2026-05-06T00:00:00+00:00,0.11486,0.11504,0.11382,0.11436,4423146.6
2026-05-06T01:00:00+00:00,0.11436,0.11537,0.11418,0.11499,5100604.7
2026-05-06T02:00:00+00:00,0.11499,0.11565,0.1145,0.11562,4658181.2
2026-05-06T03:00:00+00:00,0.11562,0.1161,0.11496,0.11594,4220017.7
2026-05-06T04:00:00+00:00,0.11594,0.11599,0.11494,0.11501,3438801.9
2026-05-06T05:00:00+00:00,0.11501,0.11619,0.11476,0.11587,8529162.8
2026-05-06T06:00:00+00:00,0.11587,0.11607,0.11515,0.11538,6844838.0
2026-05-06T07:00:00+00:00,0.11538,0.11655,0.11483,0.11574,18645962.7
2026-05-06T08:00:00+00:00,0.11574,0.11689,0.1156,0.1168,5907897.9
2026-05-06T09:00:00+00:00,0.1168,0.1169,0.11584,0.11639,21965411.8
2026-05-06T10:00:00+00:00,0.11639,0.11665,0.11598,0.11642,4739645.6
2026-05-06T11:00:00+00:00,0.11642,0.11708,0.11626,0.1166,11860817.8
2026-05-06T12:00:00+00:00,0.1166,0.11681,0.116,0.11609,7519716.4
2026-05-06T13:00:00+00:00,0.11609,0.11609,0.11143,0.11277,47053158.5
2026-05-06T14:00:00+00:00,0.11277,0.11378,0.11188,0.11291,17846447.3
2026-05-06T15:00:00+00:00,0.11291,0.1136,0.1128,0.11312,3885330.1
2026-05-06T16:00:00+00:00,0.11312,0.11363,0.11259,0.11321,5239097.6
2026-05-06T17:00:00+00:00,0.11321,0.11358,0.11295,0.11316,2424936.9
2026-05-06T18:00:00+00:00,0.11316,0.11336,0.11274,0.11277,4250974.9
2026-05-06T19:00:00+00:00,0.11277,0.11303,0.11257,0.113,1987570.7
2026-05-06T20:00:00+00:00,0.113,0.11328,0.11235,0.11276,1830509.5
2026-05-06T21:00:00+00:00,0.11276,0.11314,0.11265,0.113,1446396.6
2026-05-06T22:00:00+00:00,0.113,0.11304,0.11221,0.11243,1302041.0
2026-05-06T23:00:00+00:00,0.11243,0.11252,0.112,0.11247,2524394.8
2026-05-07T00:00:00+00:00,0.11247,0.11251,0.11134,0.11147,4162714.5
2026-05-07T01:00:00+00:00,0.11147,0.11157,0.11036,0.11115,9168774.1
2026-05-07T02:00:00+00:00,0.11115,0.11123,0.11021,0.11061,3703457.0
2026-05-07T03:00:00+00:00,0.11061,0.11085,0.11021,0.11027,3060879.3
2026-05-07T04:00:00+00:00,0.11027,0.11077,0.11008,0.11069,2567040.6
2026-05-07T05:00:00+00:00,0.11069,0.11138,0.11045,0.11078,6456700.1
2026-05-07T06:00:00+00:00,0.11078,0.11148,0.11043,0.11146,11758569.1
2026-05-07T07:00:00+00:00,0.11146,0.11181,0.11127,0.11174,3832191.8
2026-05-07T08:00:00+00:00,0.11174,0.11183,0.11135,0.11148,5866315.4
2026-05-07T09:00:00+00:00,0.11148,0.1119,0.11127,0.11136,12851313.7
2026-05-07T10:00:00+00:00,0.11136,0.11181,0.1108,0.11103,6422433.8
2026-05-07T11:00:00+00:00,0.11103,0.11144,0.11084,0.11114,3200271.6
2026-05-07T12:00:00+00:00,0.11114,0.11162,0.11111,0.11153,2216074.6
2026-05-07T13:00:00+00:00,0.11153,0.11153,0.10803,0.10946,24986927.0
2026-05-07T14:00:00+00:00,0.10946,0.10974,0.10837,0.10899,15524096.7
2026-05-07T15:00:00+00:00,0.10899,0.10953,0.10673,0.108,34098141.0
2026-05-07T16:00:00+00:00,0.108,0.10831,0.10745,0.10768,5185055.6
2026-05-07T17:00:00+00:00,0.10768,0.10807,0.10712,0.10798,8724679.4
2026-05-07T18:00:00+00:00,0.10798,0.10858,0.10783,0.1081,5921283.6
2026-05-07T19:00:00+00:00,0.1081,0.10834,0.10778,0.10793,2381360.7
2026-05-07T20:00:00+00:00,0.10793,0.10848,0.1078,0.10781,1024689.3
2026-05-07T21:00:00+00:00,0.10781,0.10817,0.10739,0.10776,6468822.2
2026-05-07T22:00:00+00:00,0.10776,0.1079,0.10741,0.10774,1815036.1
2026-05-07T23:00:00+00:00,0.10774,0.10795,0.10756,0.10788,952701.0
2026-05-08T00:00:00+00:00,0.10788,0.10807,0.10683,0.10698,8369246.7
2026-05-08T01:00:00+00:00,0.10698,0.10712,0.10619,0.10669,10875225.2
2026-05-08T02:00:00+00:00,0.10669,0.1067,0.10582,0.10636,10679084.6
2026-05-08T03:00:00+00:00,0.10636,0.10667,0.10588,0.10645,6446332.6
2026-05-08T04:00:00+00:00,0.10645,0.10665,0.10627,0.10653,2252091.5
2026-05-08T05:00:00+00:00,0.10653,0.10657,0.10595,0.10597,3001109.8
2026-05-08T06:00:00+00:00,0.10597,0.10644,0.10567,0.1063,4970226.7
2026-05-08T07:00:00+00:00,0.1063,0.10651,0.10595,0.10637,5484690.1
2026-05-08T08:00:00+00:00,0.10637,0.10722,0.10622,0.10705,4791620.3
2026-05-08T09:00:00+00:00,0.10705,0.10781,0.10686,0.10718,5472720.5
2026-05-08T10:00:00+00:00,0.10718,0.10769,0.10682,0.10743,3869720.1
2026-05-08T11:00:00+00:00,0.10743,0.10767,0.10727,0.10743,1561700.3
2026-05-08T12:00:00+00:00,0.10743,0.10771,0.10659,0.10672,6069477.8
2026-05-08T13:00:00+00:00,0.10672,0.10696,0.10634,0.10674,2104610.3
2026-05-08T14:00:00+00:00,0.10674,0.1079,0.10674,0.10779,3813596.7
2026-05-08T15:00:00+00:00,0.10779,0.10822,0.10693,0.10809,2799502.1
2026-05-08T16:00:00+00:00,0.10809,0.10817,0.10724,0.10743,5204423.0
2026-05-08T17:00:00+00:00,0.10743,0.10846,0.10737,0.10805,7212646.7
2026-05-08T18:00:00+00:00,0.10805,0.10905,0.10805,0.10853,8039339.2
2026-05-08T19:00:00+00:00,0.10853,0.1091,0.1083,0.10896,8315016.3
2026-05-08T20:00:00+00:00,0.10896,0.1095,0.10846,0.10869,7633338.2
2026-05-08T21:00:00+00:00,0.10869,0.10934,0.10858,0.10934,2738625.1
2026-05-08T22:00:00+00:00,0.10934,0.10968,0.10921,0.10962,1581739.0
2026-05-08T23:00:00+00:00,0.10962,0.10962,0.10919,0.10954,2200365.8
2026-05-09T00:00:00+00:00,0.10954,0.10988,0.10938,0.10952,2661255.8
2026-05-09T01:00:00+00:00,0.10952,0.11088,0.10947,0.11049,3061951.5
2026-05-09T02:00:00+00:00,0.11049,0.11122,0.11047,0.11054,2778133.0
2026-05-09T03:00:00+00:00,0.11054,0.11099,0.11022,0.11039,2277428.1
2026-05-09T04:00:00+00:00,0.11039,0.11137,0.11038,0.11066,5829244.0
2026-05-09T05:00:00+00:00,0.11066,0.1108,0.10999,0.11068,5519389.9
2026-05-09T06:00:00+00:00,0.11068,0.11138,0.11036,0.11069,9440837.0
2026-05-09T07:00:00+00:00,0.11069,0.1107,0.10993,0.11023,7364341.8
2026-05-09T08:00:00+00:00,0.11023,0.11067,0.11021,0.11037,1345273.1
2026-05-09T09:00:00+00:00,0.11037,0.11038,0.10967,0.10994,3147454.2
2026-05-09T10:00:00+00:00,0.10994,0.10994,0.10943,0.10969,2139423.5
2026-05-09T11:00:00+00:00,0.10969,0.1099,0.10956,0.1096,1607705.1
2026-05-09T12:00:00+00:00,0.1096,0.10976,0.1092,0.10945,2865975.6
2026-05-09T13:00:00+00:00,0.10945,0.10947,0.10876,0.10924,3421211.1
2026-05-09T14:00:00+00:00,0.10924,0.10929,0.10835,0.10851,5189268.6
2026-05-09T15:00:00+00:00,0.10851,0.10881,0.10811,0.10863,3820078.2
2026-05-09T16:00:00+00:00,0.10863,0.10918,0.10847,0.1089,1506207.6
2026-05-09T17:00:00+00:00,0.1089,0.10965,0.1089,0.10945,2885834.7
2026-05-09T18:00:00+00:00,0.10945,0.10999,0.10945,0.10965,1240745.8
2026-05-09T19:00:00+00:00,0.10965,0.10977,0.10952,0.1097,1388240.0
2026-05-09T20:00:00+00:00,0.1097,0.10974,0.1093,0.10938,671593.7
2026-05-09T21:00:00+00:00,0.10938,0.10954,0.10912,0.10935,1811736.0
2026-05-09T22:00:00+00:00,0.10935,0.10941,0.10906,0.10907,786178.3
2026-05-09T23:00:00+00:00,0.10907,0.10925,0.10861,0.10877,1237970.9
2026-05-10T00:00:00+00:00,0.10877,0.10902,0.10831,0.10844,2931502.3
2026-05-10T01:00:00+00:00,0.10844,0.10845,0.10786,0.10813,3017104.0
2026-05-10T02:00:00+00:00,0.10813,0.10898,0.10795,0.10861,3636282.6
2026-05-10T03:00:00+00:00,0.10861,0.10886,0.10845,0.10853,1642078.3
2026-05-10T04:00:00+00:00,0.10853,0.10872,0.10836,0.10854,604388.9
2026-05-10T05:00:00+00:00,0.10854,0.10868,0.10834,0.10841,1279396.9
2026-05-10T06:00:00+00:00,0.10841,0.1085,0.10819,0.10841,1434323.9
2026-05-10T07:00:00+00:00,0.10841,0.10876,0.10831,0.10853,1693384.4
2026-05-10T08:00:00+00:00,0.10853,0.10897,0.10849,0.10874,2722365.1
2026-05-10T09:00:00+00:00,0.10874,0.1092,0.10853,0.10857,4052576.3
2026-05-10T10:00:00+00:00,0.10857,0.10877,0.10785,0.10872,4209154.2
2026-05-10T11:00:00+00:00,0.10872,0.10883,0.10796,0.10823,2691142.5
2026-05-10T12:00:00+00:00,0.10823,0.10831,0.10793,0.10815,5542843.5
2026-05-10T13:00:00+00:00,0.10815,0.10849,0.10805,0.1083,2706274.7
2026-05-10T14:00:00+00:00,0.1083,0.1085,0.10791,0.10832,2244701.0
2026-05-10T15:00:00+00:00,0.10832,0.10915,0.10821,0.10914,3586941.7
2026-05-10T16:00:00+00:00,0.10914,0.10977,0.1089,0.10968,6913900.1
2026-05-10T17:00:00+00:00,0.10968,0.11114,0.10946,0.11088,7999298.1
2026-05-10T18:00:00+00:00,0.11088,0.11168,0.11068,0.11103,12269325.6
2026-05-10T19:00:00+00:00,0.11103,0.11152,0.11033,0.11109,6129433.2
2026-05-10T20:00:00+00:00,0.11109,0.11156,0.1065,0.10794,27708114.7
2026-05-10T21:00:00+00:00,0.10794,0.10899,0.10767,0.10836,5872316.6
2026-05-10T22:00:00+00:00,0.10836,0.11216,0.10811,0.11192,24912377.7
2026-05-10T23:00:00+00:00,0.11192,0.11287,0.11141,0.11243,18530862.9
2026-05-11T00:00:00+00:00,0.11243,0.11273,0.10983,0.11046,35798859.6
2026-05-11T01:00:00+00:00,0.11046,0.11177,0.11001,0.11063,6352227.2
2026-05-11T02:00:00+00:00,0.11063,0.1109,0.10947,0.10979,5206241.5
2026-05-11T03:00:00+00:00,0.10979,0.10983,0.1084,0.1091,6869880.7
2026-05-11T04:00:00+00:00,0.1091,0.11002,0.10881,0.1095,9089466.4
2026-05-11T05:00:00+00:00,0.1095,0.11003,0.10938,0.10987,2742621.4
2026-05-11T06:00:00+00:00,0.10987,0.11012,0.10926,0.10958,1899773.4
2026-05-11T07:00:00+00:00,0.10958,0.10958,0.1086,0.10927,4594146.1
2026-05-11T08:00:00+00:00,0.10927,0.10975,0.10875,0.10949,2961155.4
2026-05-11T09:00:00+00:00,0.10949,0.11002,0.10945,0.10976,1056318.2
2026-05-11T10:00:00+00:00,0.10976,0.11039,0.10965,0.10997,1831440.7
2026-05-11T11:00:00+00:00,0.10997,0.11039,0.10955,0.11029,1629954.0
2026-05-11T12:00:00+00:00,0.11029,0.11049,0.10943,0.10956,3097510.4
2026-05-11T13:00:00+00:00,0.10956,0.11006,0.10906,0.10994,3224237.5
2026-05-11T14:00:00+00:00,0.10994,0.11073,0.10887,0.10969,5895660.3
2026-05-11T15:00:00+00:00,0.10969,0.11099,0.10938,0.1109,7488547.7
2026-05-11T16:00:00+00:00,0.1109,0.11158,0.11066,0.11118,3605079.5
2026-05-11T17:00:00+00:00,0.11118,0.11174,0.11071,0.11132,4655886.8
2026-05-11T18:00:00+00:00,0.11132,0.11148,0.11055,0.11055,2604893.6
2026-05-11T19:00:00+00:00,0.11055,0.1118,0.11037,0.11155,5669785.2
2026-05-11T20:00:00+00:00,0.11155,0.11178,0.11125,0.11143,1684051.4
2026-05-11T21:00:00+00:00,0.11143,0.11163,0.11102,0.11112,2066357.7
2026-05-11T22:00:00+00:00,0.11112,0.11163,0.11099,0.11145,944247.0
2026-05-11T23:00:00+00:00,0.11145,0.11145,0.11097,0.11129,1484525.2
2026-05-12T00:00:00+00:00,0.11129,0.11158,0.11107,0.11131,2898439.7
2026-05-12T01:00:00+00:00,0.11131,0.1115,0.10969,0.1108,7502839.9
2026-05-12T02:00:00+00:00,0.1108,0.11145,0.11049,0.11076,2933491.4
2026-05-12T03:00:00+00:00,0.11076,0.1109,0.10997,0.11008,1021464.8
2026-05-12T04:00:00+00:00,0.11008,0.11043,0.10978,0.10985,2638446.0
2026-05-12T05:00:00+00:00,0.10985,0.11052,0.10983,0.11038,3794343.5
2026-05-12T06:00:00+00:00,0.11038,0.11128,0.11026,0.11055,3525399.8
2026-05-12T07:00:00+00:00,0.11055,0.11055,0.10974,0.10988,7388607.4
2026-05-12T08:00:00+00:00,0.10988,0.11034,0.10924,0.10983,6299825.9
2026-05-12T09:00:00+00:00,0.10983,0.10986,0.10926,0.10978,4240923.7
2026-05-12T10:00:00+00:00,0.10978,0.1098,0.1089,0.10913,3373533.9
2026-05-12T11:00:00+00:00,0.10913,0.10948,0.10856,0.10943,2961153.9
2026-05-12T12:00:00+00:00,0.10943,0.10963,0.10878,0.10919,3287269.3
2026-05-12T13:00:00+00:00,0.10919,0.10937,0.10818,0.10845,6759552.7
2026-05-12T14:00:00+00:00,0.10845,0.10923,0.10792,0.10882,6320756.6
2026-05-12T15:00:00+00:00,0.10882,0.1091,0.10818,0.10864,5478781.0
2026-05-12T16:00:00+00:00,0.10864,0.10904,0.10751,0.10789,10060823.7
2026-05-12T17:00:00+00:00,0.10789,0.10928,0.10789,0.10905,8095320.1
2026-05-12T18:00:00+00:00,0.10905,0.10951,0.10891,0.10931,2100728.6
2026-05-12T19:00:00+00:00,0.10931,0.11027,0.10919,0.10984,4458607.0
2026-05-12T20:00:00+00:00,0.10984,0.11028,0.10981,0.11016,2481178.0
2026-05-12T21:00:00+00:00,0.11016,0.1107,0.10986,0.11003,4149435.8
2026-05-12T22:00:00+00:00,0.11003,0.11042,0.11001,0.11027,1844645.8
2026-05-12T23:00:00+00:00,0.11027,0.11047,0.10987,0.11013,1729164.1
2026-05-13T00:00:00+00:00,0.11013,0.11073,0.10993,0.11066,1356694.9
2026-05-13T01:00:00+00:00,0.11066,0.11175,0.11065,0.11113,7804851.9
2026-05-13T02:00:00+00:00,0.11113,0.1115,0.11085,0.11111,2465346.5
2026-05-13T03:00:00+00:00,0.11111,0.11173,0.11108,0.11168,3483047.1
2026-05-13T04:00:00+00:00,0.11168,0.1128,0.11128,0.1122,11855394.9
2026-05-13T05:00:00+00:00,0.1122,0.11269,0.11162,0.11206,5798727.4
2026-05-13T06:00:00+00:00,0.11206,0.11246,0.11177,0.11182,3594381.1
2026-05-13T07:00:00+00:00,0.11182,0.1124,0.11141,0.1123,5337158.8
2026-05-13T08:00:00+00:00,0.1123,0.11245,0.11198,0.1123,4590039.3
2026-05-13T09:00:00+00:00,0.1123,0.11459,0.1123,0.11426,32469904.5
2026-05-13T10:00:00+00:00,0.11426,0.1145,0.11353,0.11376,7698634.0
2026-05-13T11:00:00+00:00,0.11376,0.11406,0.11237,0.11264,11846778.6
2026-05-13T12:00:00+00:00,0.11264,0.11309,0.11089,0.11182,11849072.9
2026-05-13T13:00:00+00:00,0.11182,0.11235,0.11048,0.11057,7694689.3
2026-05-13T14:00:00+00:00,0.11057,0.11189,0.10993,0.11181,14628170.6
2026-05-13T15:00:00+00:00,0.11181,0.11223,0.10964,0.10993,9365202.8
2026-05-13T16:00:00+00:00,0.10993,0.1121,0.1099,0.11198,4914477.5
2026-05-13T17:00:00+00:00,0.11198,0.11332,0.11196,0.1132,7240351.5
2026-05-13T18:00:00+00:00,0.1132,0.11471,0.11319,0.11337,18326727.1
2026-05-13T19:00:00+00:00,0.11337,0.11352,0.1124,0.11296,10307757.3
2026-05-13T20:00:00+00:00,0.11296,0.11351,0.11276,0.11341,1664465.7
2026-05-13T21:00:00+00:00,0.11341,0.1135,0.11239,0.11282,2376887.7
2026-05-13T22:00:00+00:00,0.11282,0.11368,0.11238,0.11362,2173231.8
2026-05-13T23:00:00+00:00,0.11362,0.11402,0.11266,0.11268,3753481.3
2026-05-14T00:00:00+00:00,0.11268,0.11546,0.11239,0.11439,33312340.2
2026-05-14T01:00:00+00:00,0.11439,0.11498,0.11382,0.11458,9770771.6
2026-05-14T02:00:00+00:00,0.11458,0.11491,0.11328,0.11347,5071603.6
2026-05-14T03:00:00+00:00,0.11347,0.11382,0.11217,0.11244,4305111.5
2026-05-14T04:00:00+00:00,0.11244,0.11312,0.112,0.11305,3802800.4
2026-05-14T05:00:00+00:00,0.11305,0.11526,0.11296,0.11514,6267846.9
2026-05-14T06:00:00+00:00,0.11514,0.1154,0.11376,0.11457,19469422.2
2026-05-14T07:00:00+00:00,0.11457,0.11504,0.11378,0.11388,9449513.0
2026-05-14T08:00:00+00:00,0.11388,0.114,0.1131,0.11334,2921890.5
2026-05-14T09:00:00+00:00,0.11334,0.11358,0.11277,0.11338,3811565.3
2026-05-14T10:00:00+00:00,0.11338,0.11376,0.11298,0.11367,3967576.0
2026-05-14T11:00:00+00:00,0.11367,0.11378,0.1131,0.11317,1355475.2
2026-05-14T12:00:00+00:00,0.11317,0.11574,0.11304,0.11526,13348875.0
2026-05-14T13:00:00+00:00,0.11526,0.11666,0.11414,0.11436,19152512.0
2026-05-14T14:00:00+00:00,0.11436,0.11557,0.11404,0.115,21737116.2
2026-05-14T15:00:00+00:00,0.115,0.11532,0.11366,0.11396,36186558.4
2026-05-14T16:00:00+00:00,0.11396,0.11618,0.11341,0.11607,23174916.2
2026-05-14T17:00:00+00:00,0.11607,0.11636,0.11507,0.11592,5977894.5
2026-05-14T18:00:00+00:00,0.11592,0.11862,0.11571,0.11734,42379961.6
2026-05-14T19:00:00+00:00,0.11734,0.11785,0.11579,0.11611,6177453.5
2026-05-14T20:00:00+00:00,0.11611,0.1163,0.11497,0.11602,5477192.2
2026-05-14T21:00:00+00:00,0.11602,0.1168,0.11554,0.11673,4135093.6
2026-05-14T22:00:00+00:00,0.11673,0.11683,0.1163,0.1164,1406064.9
2026-05-14T23:00:00+00:00,0.1164,0.1164,0.11509,0.11547,2623944.6
2026-05-15T00:00:00+00:00,0.11547,0.11701,0.11545,0.11666,5009204.2
2026-05-15T01:00:00+00:00,0.11666,0.11745,0.11601,0.11605,3960721.7
2026-05-15T02:00:00+00:00,0.11605,0.11674,0.11523,0.11644,5871469.3
2026-05-15T03:00:00+00:00,0.11644,0.11674,0.11558,0.11611,2982178.9
2026-05-15T04:00:00+00:00,0.11611,0.11614,0.11429,0.11433,4602942.3
2026-05-15T05:00:00+00:00,0.11433,0.11472,0.11273,0.11349,20931298.0
2026-05-15T06:00:00+00:00,0.11349,0.11484,0.11337,0.11461,5947138.9
2026-05-15T07:00:00+00:00,0.11461,0.11519,0.11419,0.11487,9758364.7
2026-05-15T08:00:00+00:00,0.11487,0.11546,0.1139,0.11527,37537273.9
2026-05-15T09:00:00+00:00,0.11527,0.11565,0.1142,0.11437,11767771.1
2026-05-15T10:00:00+00:00,0.11437,0.11548,0.11423,0.11531,5964404.9
2026-05-15T11:00:00+00:00,0.11531,0.11531,0.11438,0.11444,3101292.6
2026-05-15T12:00:00+00:00,0.11444,0.11449,0.11372,0.11421,6135215.8
2026-05-15T13:00:00+00:00,0.11421,0.11421,0.11096,0.11141,16677611.6
2026-05-15T14:00:00+00:00,0.11141,0.11264,0.11103,0.11186,8042380.0
2026-05-15T15:00:00+00:00,0.11186,0.11205,0.11077,0.11158,4680130.2
2026-05-15T16:00:00+00:00,0.11158,0.11304,0.11149,0.11268,6763774.8
2026-05-15T17:00:00+00:00,0.11268,0.11306,0.11215,0.11262,2976021.9
2026-05-15T18:00:00+00:00,0.11262,0.11346,0.11262,0.11313,3417246.6
2026-05-15T19:00:00+00:00,0.11313,0.11338,0.11265,0.11298,1549005.9
2026-05-15T20:00:00+00:00,0.11298,0.11334,0.11258,0.11318,1527875.4
2026-05-15T21:00:00+00:00,0.11318,0.11344,0.11277,0.11286,1482470.7
2026-05-15T22:00:00+00:00,0.11286,0.11379,0.11281,0.11366,1537659.5
2026-05-15T23:00:00+00:00,0.11366,0.11381,0.11327,0.11339,1882735.0
2026-05-16T00:00:00+00:00,0.11339,0.11349,0.11279,0.11286,3225552.3
2026-05-16T01:00:00+00:00,0.11286,0.11298,0.11226,0.11269,3034370.2
2026-05-16T02:00:00+00:00,0.11269,0.11289,0.11232,0.11252,2085127.9
2026-05-16T03:00:00+00:00,0.11252,0.11282,0.11237,0.11263,1101888.6
2026-05-16T04:00:00+00:00,0.11263,0.11265,0.11097,0.11171,7203468.9
2026-05-16T05:00:00+00:00,0.11171,0.11211,0.11132,0.11164,7697048.9
2026-05-16T06:00:00+00:00,0.11164,0.11173,0.11028,0.11061,5630466.0
2026-05-16T07:00:00+00:00,0.11061,0.11062,0.10911,0.11012,7015687.7
2026-05-16T08:00:00+00:00,0.11012,0.11046,0.10993,0.11005,2724159.4
2026-05-16T09:00:00+00:00,0.11005,0.11026,0.10877,0.10928,8476574.0
2026-05-16T10:00:00+00:00,0.10928,0.10942,0.10823,0.10877,8183498.2
2026-05-16T11:00:00+00:00,0.10877,0.10945,0.10877,0.10898,1701844.7
2026-05-16T12:00:00+00:00,0.10898,0.10915,0.10853,0.10869,2408431.0
2026-05-16T13:00:00+00:00,0.10869,0.10874,0.1078,0.10859,9068650.3
2026-05-16T14:00:00+00:00,0.10859,0.10976,0.10836,0.10899,5288472.7
2026-05-16T15:00:00+00:00,0.10899,0.10994,0.10893,0.1097,6282920.6
2026-05-16T16:00:00+00:00,0.1097,0.1101,0.10946,0.10974,6387813.5
2026-05-16T17:00:00+00:00,0.10974,0.11006,0.10952,0.10958,1020734.5
2026-05-16T18:00:00+00:00,0.10958,0.1097,0.10929,0.10944,3178538.0
2026-05-16T19:00:00+00:00,0.10944,0.10978,0.10937,0.10962,2229549.5
2026-05-16T20:00:00+00:00,0.10962,0.10987,0.10945,0.10961,1491050.8
2026-05-16T21:00:00+00:00,0.10961,0.11021,0.10949,0.10984,1666752.3
2026-05-16T22:00:00+00:00,0.10984,0.10984,0.10946,0.10949,703239.3
2026-05-16T23:00:00+00:00,0.10949,0.10954,0.10925,0.10939,980811.0
2026-05-17T00:00:00+00:00,0.10939,0.10965,0.10891,0.10914,1234499.7
2026-05-17T01:00:00+00:00,0.10914,0.10922,0.10811,0.10812,2297723.4
2026-05-17T02:00:00+00:00,0.10812,0.10879,0.1081,0.10863,2522999.4
2026-05-17T03:00:00+00:00,0.10863,0.10949,0.10863,0.1092,1426024.7
2026-05-17T04:00:00+00:00,0.1092,0.10987,0.10913,0.10973,1302225.2
2026-05-17T05:00:00+00:00,0.10973,0.1104,0.10968,0.10995,2284001.7
2026-05-17T06:00:00+00:00,0.10995,0.11018,0.10949,0.10968,2109424.1
2026-05-17T07:00:00+00:00,0.10968,0.1103,0.10955,0.11018,891659.1
2026-05-17T08:00:00+00:00,0.11018,0.1104,0.1098,0.11024,1793613.0
2026-05-17T09:00:00+00:00,0.11024,0.11113,0.11015,0.11106,2081397.7
2026-05-17T10:00:00+00:00,0.11106,0.11194,0.11102,0.11172,5762888.7
2026-05-17T11:00:00+00:00,0.11172,0.11177,0.11122,0.11149,1464279.3
2026-05-17T12:00:00+00:00,0.11149,0.11279,0.11149,0.11206,3611051.5
2026-05-17T13:00:00+00:00,0.11206,0.11206,0.11101,0.11163,3692239.6
2026-05-17T14:00:00+00:00,0.11163,0.1117,0.11054,0.11078,4578091.3
2026-05-17T15:00:00+00:00,0.11078,0.11108,0.11024,0.11044,2564506.4
2026-05-17T16:00:00+00:00,0.11044,0.11067,0.10987,0.11006,3035030.6
2026-05-17T17:00:00+00:00,0.11006,0.11023,0.10955,0.10999,2270843.5
2026-05-17T18:00:00+00:00,0.10999,0.11042,0.10964,0.11038,1105715.7
2026-05-17T19:00:00+00:00,0.11038,0.11099,0.11037,0.11076,1764788.5
2026-05-17T20:00:00+00:00,0.11076,0.11091,0.11045,0.11054,1890963.8
2026-05-17T21:00:00+00:00,0.11054,0.11131,0.11037,0.11122,1685828.7
2026-05-17T22:00:00+00:00,0.11122,0.11127,0.10934,0.10952,3508868.5
2026-05-17T23:00:00+00:00,0.10952,0.10959,0.10553,0.10901,53318971.4
2026-05-18T00:00:00+00:00,0.10901,0.10907,0.10655,0.10695,21252969.2
2026-05-18T01:00:00+00:00,0.10695,0.10706,0.10586,0.10669,22867673.8
2026-05-18T02:00:00+00:00,0.10669,0.10718,0.10638,0.10665,4629210.0
2026-05-18T03:00:00+00:00,0.10665,0.10714,0.1062,0.10655,6940912.5
2026-05-18T04:00:00+00:00,0.10655,0.10694,0.10601,0.10686,3149415.5
2026-05-18T05:00:00+00:00,0.10686,0.10703,0.10594,0.10611,3943444.2
2026-05-18T06:00:00+00:00,0.10611,0.10626,0.10357,0.10469,36836756.9
2026-05-18T07:00:00+00:00,0.10469,0.10499,0.1037,0.1043,9959021.0
2026-05-18T08:00:00+00:00,0.1043,0.10468,0.10402,0.10439,5589297.4
2026-05-18T09:00:00+00:00,0.10439,0.10446,0.10397,0.10405,2757664.4
2026-05-18T10:00:00+00:00,0.10405,0.10447,0.10377,0.10405,5751005.9
2026-05-18T11:00:00+00:00,0.10405,0.10586,0.10382,0.10507,9285687.9
2026-05-18T12:00:00+00:00,0.10507,0.10643,0.10507,0.10637,14620384.6
2026-05-18T13:00:00+00:00,0.10637,0.10644,0.10425,0.10506,15032116.9
2026-05-18T14:00:00+00:00,0.10506,0.10506,0.1039,0.10418,10408172.3
2026-05-18T15:00:00+00:00,0.10418,0.10441,0.1031,0.10389,11361787.4
2026-05-18T16:00:00+00:00,0.10389,0.10437,0.10325,0.10365,6096054.7
2026-05-18T17:00:00+00:00,0.10365,0.10426,0.1035,0.10401,2539136.5
2026-05-18T18:00:00+00:00,0.10401,0.10406,0.10251,0.10267,9254222.1
2026-05-18T19:00:00+00:00,0.10267,0.10495,0.10262,0.10477,7322565.2
2026-05-18T20:00:00+00:00,0.10477,0.10523,0.10403,0.10418,2400398.0
2026-05-18T21:00:00+00:00,0.10418,0.10514,0.10392,0.10508,2473951.8
2026-05-18T22:00:00+00:00,0.10508,0.10556,0.10466,0.10499,2578558.7
2026-05-18T23:00:00+00:00,0.10499,0.1052,0.10463,0.10474,1166642.9
2026-05-19T00:00:00+00:00,0.10474,0.10551,0.10464,0.10522,1238439.4
2026-05-19T01:00:00+00:00,0.10522,0.10522,0.10422,0.10428,1927043.5
2026-05-19T02:00:00+00:00,0.10428,0.10477,0.10389,0.10412,1223032.0
2026-05-19T03:00:00+00:00,0.10412,0.10463,0.10401,0.10433,1667336.2
2026-05-19T04:00:00+00:00,0.10433,0.10535,0.10419,0.1053,2795600.5
2026-05-19T05:00:00+00:00,0.1053,0.10538,0.1042,0.10455,7927244.2
2026-05-19T06:00:00+00:00,0.10455,0.1047,0.10412,0.10448,5631976.4
2026-05-19T07:00:00+00:00,0.10448,0.1052,0.10421,0.1052,12499635.7
2026-05-19T08:00:00+00:00,0.1052,0.10522,0.10447,0.10448,4161905.3
2026-05-19T09:00:00+00:00,0.10448,0.10471,0.10372,0.10422,5514231.7
2026-05-19T10:00:00+00:00,0.10422,0.10446,0.10361,0.10422,3701967.1
2026-05-19T11:00:00+00:00,0.10422,0.10438,0.10369,0.10372,2469575.3
2026-05-19T12:00:00+00:00,0.10372,0.10429,0.1035,0.10413,4271799.1
2026-05-19T13:00:00+00:00,0.10413,0.10463,0.10356,0.10431,3512004.0
2026-05-19T14:00:00+00:00,0.10431,0.1045,0.10289,0.10341,5996719.3
2026-05-19T15:00:00+00:00,0.10341,0.10392,0.10326,0.1036,2518561.7
2026-05-19T16:00:00+00:00,0.1036,0.10423,0.1034,0.10412,2660523.0
2026-05-19T17:00:00+00:00,0.10412,0.10423,0.1035,0.10372,1414088.3
2026-05-19T18:00:00+00:00,0.10372,0.10382,0.10335,0.10346,1365620.9
2026-05-19T19:00:00+00:00,0.10346,0.1039,0.10316,0.10328,1394258.3
2026-05-19T20:00:00+00:00,0.10328,0.1037,0.10328,0.10365,800710.4
2026-05-19T21:00:00+00:00,0.10365,0.1038,0.1035,0.10352,670988.0
2026-05-19T22:00:00+00:00,0.10352,0.10352,0.10267,0.1028,2094469.2
2026-05-19T23:00:00+00:00,0.1028,0.10333,0.10268,0.10299,1005462.1
2026-05-20T00:00:00+00:00,0.10299,0.10308,0.10192,0.10277,7133717.5
2026-05-20T01:00:00+00:00,0.10277,0.10304,0.10225,0.10276,2258265.5
2026-05-20T02:00:00+00:00,0.10276,0.10304,0.10244,0.10256,1834075.1
2026-05-20T03:00:00+00:00,0.10256,0.10309,0.10236,0.10286,1820340.7
2026-05-20T04:00:00+00:00,0.10286,0.10295,0.10218,0.10245,2899202.7
2026-05-20T05:00:00+00:00,0.10245,0.10374,0.10245,0.10355,7696710.9
2026-05-20T06:00:00+00:00,0.10355,0.10413,0.1035,0.10404,2149054.5
2026-05-20T07:00:00+00:00,0.10404,0.10408,0.10349,0.1036,1461641.9
2026-05-20T08:00:00+00:00,0.1036,0.10409,0.10348,0.1038,2371984.3
2026-05-20T09:00:00+00:00,0.1038,0.10394,0.1035,0.10365,2092209.8
2026-05-20T10:00:00+00:00,0.10365,0.10413,0.10365,0.10389,1891609.4
2026-05-20T11:00:00+00:00,0.10389,0.10399,0.10349,0.10369,1554525.8
2026-05-20T12:00:00+00:00,0.10369,0.10447,0.1035,0.10415,2367236.5
2026-05-20T13:00:00+00:00,0.10415,0.10427,0.10305,0.10365,4647785.9
2026-05-20T14:00:00+00:00,0.10365,0.10458,0.10322,0.10444,4797368.0
2026-05-20T15:00:00+00:00,0.10444,0.10497,0.1039,0.10417,5616368.7
2026-05-20T16:00:00+00:00,0.10417,0.10458,0.10363,0.10439,4755393.8
2026-05-20T17:00:00+00:00,0.10439,0.10486,0.10415,0.10447,2267079.1
2026-05-20T18:00:00+00:00,0.10447,0.10461,0.104,0.10408,1742794.0
2026-05-20T19:00:00+00:00,0.10408,0.10449,0.10393,0.10424,2829748.7
2026-05-20T20:00:00+00:00,0.10424,0.1044,0.10374,0.10418,2569220.6
2026-05-20T21:00:00+00:00,0.10418,0.10425,0.10379,0.10379,2138371.7
2026-05-20T22:00:00+00:00,0.10379,0.10379,0.10297,0.10359,2845108.9
2026-05-20T23:00:00+00:00,0.10359,0.10374,0.10328,0.10372,850130.8
2026-05-21T00:00:00+00:00,0.10372,0.10462,0.10369,0.10454,3633485.3
2026-05-21T01:00:00+00:00,0.10454,0.10493,0.10442,0.10465,2176223.0
2026-05-21T02:00:00+00:00,0.10465,0.10529,0.10457,0.10511,3169042.6
2026-05-21T03:00:00+00:00,0.10511,0.10586,0.10495,0.10565,4250894.7
2026-05-21T04:00:00+00:00,0.10565,0.10612,0.10509,0.1056,5227090.1
2026-05-21T05:00:00+00:00,0.1056,0.10593,0.10534,0.10592,2719407.8
2026-05-21T06:00:00+00:00,0.10592,0.10606,0.10482,0.10507,5713652.2
2026-05-21T07:00:00+00:00,0.10507,0.10577,0.10488,0.10565,2614358.9
2026-05-21T08:00:00+00:00,0.10565,0.10638,0.10558,0.10583,4628436.1
2026-05-21T09:00:00+00:00,0.10583,0.10586,0.10509,0.10524,4264776.1
2026-05-21T10:00:00+00:00,0.10524,0.10534,0.10384,0.10404,7325377.0
2026-05-21T11:00:00+00:00,0.10404,0.10463,0.10389,0.1043,4161602.5
2026-05-21T12:00:00+00:00,0.1043,0.1048,0.1041,0.10458,2650174.7
2026-05-21T13:00:00+00:00,0.10458,0.10487,0.10386,0.10477,3972564.0
2026-05-21T14:00:00+00:00,0.10477,0.1049,0.10388,0.10422,3777421.5
2026-05-21T15:00:00+00:00,0.10422,0.10497,0.10396,0.1047,4640794.4
2026-05-21T16:00:00+00:00,0.1047,0.10491,0.10425,0.10452,1964384.9
2026-05-21T17:00:00+00:00,0.10452,0.10653,0.10439,0.1062,9387406.1
2026-05-21T18:00:00+00:00,0.1062,0.10633,0.10497,0.10548,4576146.5
2026-05-21T19:00:00+00:00,0.10548,0.106,0.10543,0.10576,4537556.8
2026-05-21T20:00:00+00:00,0.10576,0.10612,0.10562,0.10565,1811448.2
2026-05-21T21:00:00+00:00,0.10565,0.10577,0.10547,0.10549,2217730.8
2026-05-21T22:00:00+00:00,0.10549,0.1056,0.10523,0.10541,1942431.7
2026-05-21T23:00:00+00:00,0.10541,0.10573,0.10518,0.10566,999627.1
2026-05-22T00:00:00+00:00,0.10566,0.1057,0.10515,0.10515,2064091.8
2026-05-22T01:00:00+00:00,0.10515,0.10602,0.10505,0.10599,1866272.9
2026-05-22T02:00:00+00:00,0.10599,0.10631,0.10577,0.10601,1916915.3
2026-05-22T03:00:00+00:00,0.10601,0.10623,0.10575,0.1059,1174099.7
2026-05-22T04:00:00+00:00,0.1059,0.1062,0.10569,0.10575,2157389.8
2026-05-22T05:00:00+00:00,0.10575,0.10613,0.10554,0.10564,1183099.1
2026-05-22T06:00:00+00:00,0.10564,0.10572,0.1052,0.10527,1599869.6
2026-05-22T07:00:00+00:00,0.10527,0.10583,0.10491,0.10559,2081888.3
2026-05-22T08:00:00+00:00,0.10559,0.106,0.10544,0.1058,2560859.4
2026-05-22T09:00:00+00:00,0.1058,0.10605,0.10553,0.10575,1643673.1
2026-05-22T10:00:00+00:00,0.10575,0.10589,0.10553,0.10583,1285536.8
2026-05-22T11:00:00+00:00,0.10583,0.10651,0.1056,0.10644,7832398.4
2026-05-22T12:00:00+00:00,0.10644,0.10681,0.10618,0.10662,5442084.6
2026-05-22T13:00:00+00:00,0.10662,0.10674,0.10603,0.10653,4184699.7
2026-05-22T14:00:00+00:00,0.10653,0.10653,0.10527,0.10545,4857790.3
2026-05-22T15:00:00+00:00,0.10545,0.10638,0.10523,0.10608,3165069.9
2026-05-22T16:00:00+00:00,0.10608,0.10637,0.1057,0.10604,2065847.1
2026-05-22T17:00:00+00:00,0.10604,0.10629,0.10545,0.10547,1945660.6
2026-05-22T18:00:00+00:00,0.10547,0.10553,0.10323,0.10427,12169252.4
2026-05-22T19:00:00+00:00,0.10427,0.10449,0.10272,0.10347,14333305.7
2026-05-22T20:00:00+00:00,0.10347,0.10413,0.10342,0.10401,4360475.7
2026-05-22T21:00:00+00:00,0.10401,0.10438,0.10392,0.10431,1491254.2
2026-05-22T22:00:00+00:00,0.10431,0.10435,0.10321,0.10351,1643703.5
2026-05-22T23:00:00+00:00,0.10351,0.10379,0.10157,0.10234,7040091.8
2026-05-23T00:00:00+00:00,0.10234,0.10238,0.10059,0.10132,28086374.0
2026-05-23T01:00:00+00:00,0.10132,0.10184,0.10132,0.10176,6180501.5
2026-05-23T02:00:00+00:00,0.10176,0.10185,0.10151,0.10174,2116108.5
2026-05-23T03:00:00+00:00,0.10174,0.10192,0.10164,0.1017,660183.0
2026-05-23T04:00:00+00:00,0.1017,0.10176,0.10137,0.10151,1733682.5
2026-05-23T05:00:00+00:00,0.10151,0.10167,0.10113,0.10123,4138841.7
2026-05-23T06:00:00+00:00,0.10123,0.10133,0.1004,0.10087,5155096.9
2026-05-23T07:00:00+00:00,0.10087,0.10101,0.09729,0.09892,31006805.5
2026-05-23T08:00:00+00:00,0.09892,0.09979,0.09879,0.09972,12085669.3
2026-05-23T09:00:00+00:00,0.09972,0.09987,0.09939,0.0994,2881008.3
2026-05-23T10:00:00+00:00,0.0994,0.09971,0.09938,0.09953,1264587.6
2026-05-23T11:00:00+00:00,0.09953,0.0997,0.09927,0.09927,2253702.9
2026-05-23T12:00:00+00:00,0.09927,0.09927,0.09895,0.09917,2933601.0
2026-05-23T13:00:00+00:00,0.09917,0.10065,0.09917,0.10054,7201096.6
2026-05-23T14:00:00+00:00,0.10054,0.10118,0.10015,0.10104,17371484.8
2026-05-23T15:00:00+00:00,0.10104,0.10208,0.10088,0.10109,11213925.9
2026-05-23T16:00:00+00:00,0.10109,0.10151,0.10081,0.10118,9097327.0
2026-05-23T17:00:00+00:00,0.10118,0.10142,0.10101,0.10136,1447252.4
2026-05-23T18:00:00+00:00,0.10136,0.10281,0.1013,0.10235,10858633.9
2026-05-23T19:00:00+00:00,0.10235,0.10271,0.10215,0.10255,2039616.7
2026-05-23T20:00:00+00:00,0.10255,0.10485,0.10228,0.10483,12341478.9
2026-05-23T21:00:00+00:00,0.10483,0.10506,0.1032,0.1036,8927571.5
2026-05-23T22:00:00+00:00,0.1036,0.10395,0.10245,0.10298,8116048.1
2026-05-23T23:00:00+00:00,0.10298,0.10331,0.10286,0.10308,3027221.9
2026-05-24T00:00:00+00:00,0.10308,0.10338,0.10277,0.10314,3621185.6
2026-05-24T01:00:00+00:00,0.10314,0.10338,0.10309,0.10329,2520712.5
2026-05-24T02:00:00+00:00,0.10329,0.10337,0.10281,0.10315,1322725.5
2026-05-24T03:00:00+00:00,0.10315,0.10332,0.10279,0.10298,1705482.8
2026-05-24T04:00:00+00:00,0.10298,0.10329,0.10293,0.10312,2537283.7
2026-05-24T05:00:00+00:00,0.10312,0.10312,0.10236,0.10291,3983560.0
2026-05-24T06:00:00+00:00,0.10291,0.10321,0.10272,0.10313,2236724.1
2026-05-24T07:00:00+00:00,0.10313,0.10325,0.10284,0.1029,1694804.0
2026-05-24T08:00:00+00:00,0.1029,0.10296,0.10267,0.10287,1116527.3
2026-05-24T09:00:00+00:00,0.10287,0.10329,0.10278,0.10329,3390759.6
2026-05-24T10:00:00+00:00,0.10329,0.10394,0.10291,0.10306,4372572.4
2026-05-24T11:00:00+00:00,0.10306,0.10364,0.10292,0.10331,8596674.2
2026-05-24T12:00:00+00:00,0.10331,0.10333,0.10279,0.10296,2099552.0
2026-05-24T13:00:00+00:00,0.10296,0.1033,0.10263,0.10291,1922753.1
2026-05-24T14:00:00+00:00,0.10291,0.10297,0.10118,0.10213,16031292.4
2026-05-24T15:00:00+00:00,0.10213,0.10223,0.10187,0.10195,741832.5
2026-05-24T16:00:00+00:00,0.10195,0.10249,0.1019,0.10227,3129661.9
2026-05-24T17:00:00+00:00,0.10227,0.10251,0.10211,0.10239,756728.2
2026-05-24T18:00:00+00:00,0.10239,0.10247,0.10193,0.102,1966298.8
2026-05-24T19:00:00+00:00,0.102,0.10217,0.10184,0.10209,789004.4
2026-05-24T20:00:00+00:00,0.10209,0.10218,0.1017,0.10179,1625467.0
2026-05-24T21:00:00+00:00,0.10179,0.10205,0.10055,0.10068,3982902.8
2026-05-24T22:00:00+00:00,0.10068,0.10211,0.10067,0.10169,2748381.6
2026-05-24T23:00:00+00:00,0.10169,0.10252,0.10169,0.10227,911520.4
2026-05-25T00:00:00+00:00,0.10227,0.10285,0.10227,0.10252,1829128.2
2026-05-25T01:00:00+00:00,0.10252,0.10266,0.10175,0.10175,1136388.4
2026-05-25T02:00:00+00:00,0.10175,0.10263,0.10175,0.10219,2037491.6
2026-05-25T03:00:00+00:00,0.10219,0.10233,0.10176,0.10202,1300249.2
2026-05-25T04:00:00+00:00,0.10202,0.10275,0.10181,0.1026,1880331.5
2026-05-25T05:00:00+00:00,0.1026,0.10309,0.10251,0.10298,1419250.9
2026-05-25T06:00:00+00:00,0.10298,0.10317,0.10245,0.10297,1795354.9
2026-05-25T07:00:00+00:00,0.10297,0.10332,0.1025,0.10281,2037263.2
2026-05-25T08:00:00+00:00,0.10281,0.10285,0.10259,0.10276,988273.9
2026-05-25T09:00:00+00:00,0.10276,0.10291,0.10237,0.1027,7232794.7
2026-05-25T10:00:00+00:00,0.1027,0.10304,0.10265,0.10296,1822025.2
2026-05-25T11:00:00+00:00,0.10296,0.10308,0.10268,0.10289,2474029.0
2026-05-25T12:00:00+00:00,0.10289,0.10312,0.10269,0.10285,1960863.7
2026-05-25T13:00:00+00:00,0.10285,0.10294,0.1027,0.10292,1964324.5
2026-05-25T14:00:00+00:00,0.10292,0.10329,0.10292,0.10322,1996998.1
2026-05-25T15:00:00+00:00,0.10322,0.10359,0.10285,0.10301,4895428.6
2026-05-25T16:00:00+00:00,0.10301,0.10382,0.10286,0.10349,1426214.3
2026-05-25T17:00:00+00:00,0.10349,0.10361,0.1032,0.10329,6726991.8
2026-05-25T18:00:00+00:00,0.10329,0.10355,0.10306,0.10311,573627.4
2026-05-25T19:00:00+00:00,0.10311,0.10315,0.1027,0.1028,2493195.7
2026-05-25T20:00:00+00:00,0.1028,0.10293,0.10237,0.10245,3276559.2
2026-05-25T21:00:00+00:00,0.10245,0.10267,0.10221,0.10236,985331.1
2026-05-25T22:00:00+00:00,0.10236,0.10248,0.10172,0.10177,4232634.4
2026-05-25T23:00:00+00:00,0.10177,0.1023,0.10168,0.10221,1339473.7
2026-05-26T00:00:00+00:00,0.10221,0.10221,0.10072,0.10133,5292503.8
2026-05-26T01:00:00+00:00,0.10133,0.10135,0.10043,0.10071,1670965.5
2026-05-26T02:00:00+00:00,0.10071,0.10099,0.10053,0.10092,1276266.0
2026-05-26T03:00:00+00:00,0.10092,0.10111,0.10055,0.1011,733810.0
2026-05-26T04:00:00+00:00,0.1011,0.10148,0.10099,0.10137,918050.4
2026-05-26T05:00:00+00:00,0.10137,0.10213,0.10125,0.10179,1071961.2
2026-05-26T06:00:00+00:00,0.10179,0.10181,0.10133,0.10159,1069115.2
2026-05-26T07:00:00+00:00,0.10159,0.10165,0.10093,0.10117,1273075.6
2026-05-26T08:00:00+00:00,0.10117,0.10137,0.10101,0.10129,603116.1
2026-05-26T09:00:00+00:00,0.10129,0.10148,0.10107,0.10118,3758079.3
2026-05-26T10:00:00+00:00,0.10118,0.10257,0.10101,0.10236,4665689.9
2026-05-26T11:00:00+00:00,0.10236,0.1026,0.10214,0.10243,2265845.1
2026-05-26T12:00:00+00:00,0.10243,0.10279,0.1022,0.1027,3690639.7
2026-05-26T13:00:00+00:00,0.1027,0.10301,0.10188,0.10276,4153203.2
2026-05-26T14:00:00+00:00,0.10276,0.10385,0.10239,0.10288,4808419.0
2026-05-26T15:00:00+00:00,0.10288,0.10303,0.1014,0.10206,3791113.3
2026-05-26T16:00:00+00:00,0.10206,0.10211,0.10112,0.10149,3539261.8
2026-05-26T17:00:00+00:00,0.10149,0.10172,0.10026,0.10105,5010456.8
2026-05-26T18:00:00+00:00,0.10105,0.10147,0.10071,0.10084,1470104.1
2026-05-26T19:00:00+00:00,0.10084,0.10132,0.10049,0.10111,2301249.9
2026-05-26T20:00:00+00:00,0.10111,0.10141,0.10102,0.10119,995227.8
2026-05-26T21:00:00+00:00,0.10119,0.10125,0.10059,0.10076,2157479.9
2026-05-26T22:00:00+00:00,0.10076,0.10123,0.10065,0.10089,936261.7
2026-05-26T23:00:00+00:00,0.10089,0.10128,0.10089,0.10104,614197.2
2026-05-27T00:00:00+00:00,0.10104,0.10186,0.10104,0.10185,1425252.5
2026-05-27T01:00:00+00:00,0.10185,0.10188,0.10141,0.10155,926793.9
2026-05-27T02:00:00+00:00,0.10155,0.1016,0.10113,0.10157,1344783.0
2026-05-27T03:00:00+00:00,0.10157,0.10174,0.101,0.10122,1220847.8
2026-05-27T04:00:00+00:00,0.10122,0.10164,0.10025,0.10157,6606474.0
2026-05-27T05:00:00+00:00,0.10157,0.10174,0.10133,0.10169,3152137.2
2026-05-27T06:00:00+00:00,0.10169,0.10226,0.10141,0.10219,2710654.0
2026-05-27T07:00:00+00:00,0.10219,0.10232,0.10192,0.10215,2503465.8
2026-05-27T08:00:00+00:00,0.10215,0.10255,0.10198,0.10214,2960634.0
2026-05-27T09:00:00+00:00,0.10214,0.1022,0.10161,0.10191,3275368.5
2026-05-27T10:00:00+00:00,0.10191,0.10219,0.1016,0.10168,2223372.6
2026-05-27T11:00:00+00:00,0.10168,0.10196,0.10164,0.10167,3175672.8
2026-05-27T12:00:00+00:00,0.10167,0.1024,0.10118,0.10202,8025592.4
2026-05-27T13:00:00+00:00,0.10202,0.10214,0.1007,0.10137,8228883.8
2026-05-27T14:00:00+00:00,0.10137,0.1019,0.1008,0.10159,5438074.4
2026-05-27T15:00:00+00:00,0.10159,0.10334,0.10152,0.10255,5222015.6
2026-05-27T16:00:00+00:00,0.10255,0.10283,0.10159,0.10202,2259674.9
2026-05-27T17:00:00+00:00,0.10202,0.10204,0.10101,0.10126,3321014.6
2026-05-27T18:00:00+00:00,0.10126,0.10186,0.10096,0.10183,2357025.6
2026-05-27T19:00:00+00:00,0.10183,0.10229,0.10177,0.10219,1455774.1
2026-05-27T20:00:00+00:00,0.10219,0.10241,0.10191,0.10217,929507.5
2026-05-27T21:00:00+00:00,0.10217,0.10217,0.09934,0.10039,12140448.8
2026-05-27T22:00:00+00:00,0.10039,0.10099,0.10014,0.10043,4720205.1
2026-05-27T23:00:00+00:00,0.10043,0.10073,0.1,0.10048,2508730.8
2026-05-28T00:00:00+00:00,0.10048,0.10084,0.10036,0.10053,958987.6
2026-05-28T01:00:00+00:00,0.10053,0.10063,0.09987,0.10054,2982229.3
2026-05-28T02:00:00+00:00,0.10054,0.10066,0.10015,0.10023,1425365.5
2026-05-28T03:00:00+00:00,0.10023,0.10026,0.09803,0.09824,23517836.9
2026-05-28T04:00:00+00:00,0.09824,0.09834,0.09714,0.09821,9850747.0
2026-05-28T05:00:00+00:00,0.09821,0.09831,0.09717,0.09754,5577755.0
2026-05-28T06:00:00+00:00,0.09754,0.09816,0.09743,0.09799,3921892.6
2026-05-28T07:00:00+00:00,0.09799,0.09882,0.0978,0.09873,4553424.1
2026-05-28T08:00:00+00:00,0.09873,0.09875,0.09811,0.09828,2894401.7
2026-05-28T09:00:00+00:00,0.09828,0.09876,0.09828,0.09868,5780481.7
2026-05-28T10:00:00+00:00,0.09868,0.09884,0.09811,0.09811,1048098.2
2026-05-28T11:00:00+00:00,0.09811,0.09823,0.0978,0.09807,2367843.4
2026-05-28T12:00:00+00:00,0.09807,0.09812,0.09742,0.09808,1842886.1
2026-05-28T13:00:00+00:00,0.09808,0.09837,0.09737,0.09776,2974263.2
2026-05-28T14:00:00+00:00,0.09776,0.09873,0.09648,0.09827,13723314.6
2026-05-28T15:00:00+00:00,0.09827,0.0987,0.09758,0.09848,1803713.5
2026-05-28T16:00:00+00:00,0.09848,0.09945,0.09797,0.09945,2534830.6
2026-05-28T17:00:00+00:00,0.09945,0.10041,0.09922,0.09998,3324897.5
2026-05-28T18:00:00+00:00,0.09998,0.10052,0.09993,0.10019,1865085.7
2026-05-28T19:00:00+00:00,0.10019,0.10024,0.09952,0.09953,1024539.3
2026-05-28T20:00:00+00:00,0.09953,0.10007,0.09916,0.09977,1284368.7
2026-05-28T21:00:00+00:00,0.09977,0.10054,0.09972,0.10006,2712268.0
2026-05-28T22:00:00+00:00,0.10006,0.10023,0.09932,0.09951,1412986.8
2026-05-28T23:00:00+00:00,0.09951,0.09986,0.09945,0.09962,1618157.7
2026-05-29T00:00:00+00:00,0.09962,0.1001,0.09962,0.09989,991491.9
2026-05-29T01:00:00+00:00,0.09989,0.1001,0.09939,0.09959,1377336.1
2026-05-29T02:00:00+00:00,0.09959,0.09972,0.09888,0.09891,944345.9
2026-05-29T03:00:00+00:00,0.09891,0.09958,0.09891,0.09909,1225643.7
2026-05-29T04:00:00+00:00,0.09909,0.09926,0.09866,0.09925,1453089.6
2026-05-29T05:00:00+00:00,0.09925,0.09964,0.09922,0.0996,1214011.3
2026-05-29T06:00:00+00:00,0.0996,0.09987,0.09934,0.09962,2268951.8
2026-05-29T07:00:00+00:00,0.09962,0.09978,0.09909,0.09966,1976641.3
2026-05-29T08:00:00+00:00,0.09966,0.09993,0.09946,0.0995,1998444.3
2026-05-29T09:00:00+00:00,0.0995,0.09989,0.09946,0.09977,1456767.5
2026-05-29T10:00:00+00:00,0.09977,0.09977,0.09943,0.09973,817189.5
2026-05-29T11:00:00+00:00,0.09973,0.09974,0.0987,0.09911,1267009.5
2026-05-29T12:00:00+00:00,0.09911,0.09915,0.09846,0.09865,1977385.1
2026-05-29T13:00:00+00:00,0.09865,0.09877,0.09801,0.09839,3123188.0
2026-05-29T14:00:00+00:00,0.09839,0.09912,0.09745,0.0989,7253420.4
2026-05-29T15:00:00+00:00,0.0989,0.1012,0.09879,0.10039,11135711.6
2026-05-29T16:00:00+00:00,0.10039,0.10094,0.09989,0.1006,4517238.6
2026-05-29T17:00:00+00:00,0.1006,0.10087,0.10021,0.10036,2483112.2
2026-05-29T18:00:00+00:00,0.10036,0.10058,0.09935,0.09968,3255120.1
2026-05-29T19:00:00+00:00,0.09968,0.10021,0.0992,0.10007,1576438.8
2026-05-29T20:00:00+00:00,0.10007,0.10031,0.09992,0.1001,1024373.8
2026-05-29T21:00:00+00:00,0.1001,0.1005,0.09956,0.09957,1445534.1
2026-05-29T22:00:00+00:00,0.09957,0.09994,0.0994,0.09979,1042824.7
2026-05-29T23:00:00+00:00,0.09979,0.09999,0.09946,0.09968,1354893.6
2026-05-30T00:00:00+00:00,0.09968,0.10019,0.09947,0.1001,1317888.0
2026-05-30T01:00:00+00:00,0.1001,0.10093,0.10001,0.10093,3605431.5
2026-05-30T02:00:00+00:00,0.10093,0.10161,0.10093,0.10157,2730301.6
2026-05-30T03:00:00+00:00,0.10157,0.1018,0.10102,0.10112,4266536.7
2026-05-30T04:00:00+00:00,0.10112,0.10135,0.1002,0.10078,3683615.2
2026-05-30T05:00:00+00:00,0.10078,0.10145,0.10069,0.10144,2335256.7
2026-05-30T06:00:00+00:00,0.10144,0.10174,0.10123,0.10136,2314141.4
2026-05-30T07:00:00+00:00,0.10136,0.10143,0.10102,0.10128,1662408.3
2026-05-30T08:00:00+00:00,0.10128,0.10131,0.10081,0.10083,2215408.9
2026-05-30T09:00:00+00:00,0.10083,0.10104,0.10071,0.10093,1082577.1
2026-05-30T10:00:00+00:00,0.10093,0.10103,0.10076,0.10081,1289972.7
2026-05-30T11:00:00+00:00,0.10081,0.10093,0.10056,0.10083,986057.9
2026-05-30T12:00:00+00:00,0.10083,0.10094,0.10071,0.10092,894506.3
2026-05-30T13:00:00+00:00,0.10092,0.10113,0.10074,0.10096,1291816.1
2026-05-30T14:00:00+00:00,0.10096,0.10148,0.10096,0.10119,5138723.5
2026-05-30T15:00:00+00:00,0.10119,0.10152,0.1011,0.10132,642750.3
2026-05-30T16:00:00+00:00,0.10132,0.10167,0.10131,0.10154,520351.7
2026-05-30T17:00:00+00:00,0.10154,0.10161,0.1012,0.1016,657695.7
2026-05-30T18:00:00+00:00,0.1016,0.1017,0.10128,0.10152,1375634.8
2026-05-30T19:00:00+00:00,0.10152,0.10152,0.10124,0.10141,639467.9
2026-05-30T20:00:00+00:00,0.10141,0.10155,0.10122,0.1013,4045502.8
2026-05-30T21:00:00+00:00,0.1013,0.10154,0.10126,0.10129,1391274.3
2026-05-30T22:00:00+00:00,0.10129,0.10129,0.10048,0.1007,1720592.2
2026-05-30T23:00:00+00:00,0.1007,0.10082,0.1004,0.10061,1229223.2
2026-05-31T00:00:00+00:00,0.10061,0.10093,0.10048,0.10089,1233963.3
2026-05-31T01:00:00+00:00,0.10089,0.1012,0.10081,0.10085,684727.0
2026-05-31T02:00:00+00:00,0.10085,0.10144,0.10083,0.1012,1055284.1
2026-05-31T03:00:00+00:00,0.1012,0.10141,0.10112,0.10133,786459.3
2026-05-31T04:00:00+00:00,0.10133,0.10137,0.10113,0.10129,743178.1
2026-05-31T05:00:00+00:00,0.10129,0.10131,0.10085,0.10097,1329878.3
2026-05-31T06:00:00+00:00,0.10097,0.10097,0.10076,0.10093,536900.1
2026-05-31T07:00:00+00:00,0.10093,0.10093,0.10021,0.1006,1037784.9
2026-05-31T08:00:00+00:00,0.1006,0.10079,0.10047,0.10065,806246.4
2026-05-31T09:00:00+00:00,0.10065,0.10083,0.10043,0.10056,3700342.7
2026-05-31T10:00:00+00:00,0.10056,0.10063,0.10025,0.10063,1281072.9
2026-05-31T11:00:00+00:00,0.10063,0.10104,0.10063,0.10079,3031117.8
2026-05-31T12:00:00+00:00,0.10079,0.10098,0.10063,0.10089,1530963.8
2026-05-31T13:00:00+00:00,0.10089,0.10122,0.10083,0.10089,3593723.4
2026-05-31T14:00:00+00:00,0.10089,0.1009,0.09957,0.10002,6769405.8
2026-05-31T15:00:00+00:00,0.10002,0.10038,0.09985,0.09985,1095746.1
2026-05-31T16:00:00+00:00,0.09985,0.09997,0.09907,0.09936,3101300.5
2026-05-31T17:00:00+00:00,0.09936,0.09956,0.09913,0.09946,842894.9
2026-05-31T18:00:00+00:00,0.09946,0.09959,0.09927,0.09953,781039.0
2026-05-31T19:00:00+00:00,0.09953,0.09963,0.09916,0.09956,648760.6
2026-05-31T20:00:00+00:00,0.09956,0.09994,0.09956,0.09987,1112095.7
2026-05-31T21:00:00+00:00,0.09987,0.10044,0.09966,0.10032,1362503.9
2026-05-31T22:00:00+00:00,0.10032,0.10067,0.10005,0.10047,1082760.9
2026-05-31T23:00:00+00:00,0.10047,0.10101,0.09992,0.10043,1347465.1
2026-06-01T00:00:00+00:00,0.10043,0.10115,0.1003,0.10093,1747257.5
2026-06-01T01:00:00+00:00,0.10093,0.10099,0.09985,0.09986,1842215.7
2026-06-01T02:00:00+00:00,0.09986,0.10121,0.0997,0.10104,2330859.6
2026-06-01T03:00:00+00:00,0.10104,0.10154,0.10101,0.10111,3537001.0
2026-06-01T04:00:00+00:00,0.10111,0.1013,0.10012,0.10071,2529487.6
2026-06-01T05:00:00+00:00,0.10071,0.10076,0.10001,0.1003,1282472.4
2026-06-01T06:00:00+00:00,0.1003,0.10036,0.09975,0.10016,2283516.4
2026-06-01T07:00:00+00:00,0.10016,0.10023,0.09913,0.0992,2718630.1
2026-06-01T08:00:00+00:00,0.0992,0.09986,0.0991,0.09982,3344088.6
2026-06-01T09:00:00+00:00,0.09982,0.10028,0.09982,0.10006,1451971.9
2026-06-01T10:00:00+00:00,0.10006,0.10032,0.09977,0.10019,1203826.9
2026-06-01T11:00:00+00:00,0.10019,0.10028,0.09969,0.09994,1531452.9
2026-06-01T12:00:00+00:00,0.09994,0.10011,0.09922,0.09992,2844281.5
2026-06-01T13:00:00+00:00,0.09992,0.10008,0.09843,0.09913,18889026.4
2026-06-01T14:00:00+00:00,0.09913,0.09941,0.09853,0.0987,6003462.6
2026-06-01T15:00:00+00:00,0.0987,0.09895,0.098,0.09831,5820889.2
2026-06-01T16:00:00+00:00,0.09831,0.09958,0.09781,0.09956,3522621.2
2026-06-01T17:00:00+00:00,0.09956,0.10044,0.0995,0.10013,7381792.1
2026-06-01T18:00:00+00:00,0.10013,0.10043,0.09977,0.09992,2211799.3
2026-06-01T19:00:00+00:00,0.09992,0.10062,0.09977,0.1006,1177770.6
2026-06-01T20:00:00+00:00,0.1006,0.1008,0.10033,0.10061,880268.1
2026-06-01T21:00:00+00:00,0.10061,0.10061,0.09978,0.09995,1263570.2
2026-06-01T22:00:00+00:00,0.09995,0.10093,0.09955,0.10085,3041612.3
2026-06-01T23:00:00+00:00,0.10085,0.1011,0.10046,0.10108,3704526.1
2026-06-02T00:00:00+00:00,0.10108,0.10123,0.10061,0.10085,1896176.9
2026-06-02T01:00:00+00:00,0.10085,0.10101,0.09997,0.10008,4188605.2
2026-06-02T02:00:00+00:00,0.10008,0.10082,0.09944,0.10082,2577099.1
2026-06-02T03:00:00+00:00,0.10082,0.10103,0.10058,0.10097,4629621.8
2026-06-02T04:00:00+00:00,0.10097,0.10103,0.10021,0.10027,2408216.0
2026-06-02T05:00:00+00:00,0.10027,0.10032,0.09948,0.09951,3935468.0
2026-06-02T06:00:00+00:00,0.09951,0.09971,0.09888,0.09926,5442061.5
2026-06-02T07:00:00+00:00,0.09926,0.09956,0.09866,0.09923,3282663.1
2026-06-02T08:00:00+00:00,0.09923,0.09948,0.09904,0.0992,2705444.6
2026-06-02T09:00:00+00:00,0.0992,0.09928,0.09852,0.0988,3848267.6
2026-06-02T10:00:00+00:00,0.0988,0.09941,0.09864,0.09933,2699290.1
2026-06-02T11:00:00+00:00,0.09933,0.09933,0.09873,0.0988,2007938.9
2026-06-02T12:00:00+00:00,0.0988,0.09897,0.09846,0.09873,1258117.6
2026-06-02T13:00:00+00:00,0.09873,0.09902,0.09835,0.09847,2323020.8
2026-06-02T14:00:00+00:00,0.09847,0.09854,0.09537,0.09636,31600628.4
2026-06-02T15:00:00+00:00,0.09636,0.09651,0.09359,0.09487,32925538.1
2026-06-02T16:00:00+00:00,0.09487,0.09638,0.09461,0.09532,6609712.2
2026-06-02T17:00:00+00:00,0.09532,0.0961,0.09527,0.09563,3234707.4
2026-06-02T18:00:00+00:00,0.09563,0.09591,0.09404,0.09451,7943714.4
2026-06-02T19:00:00+00:00,0.09451,0.09469,0.09254,0.09409,15611202.7
2026-06-02T20:00:00+00:00,0.09409,0.09452,0.09335,0.09423,2416030.2
2026-06-02T21:00:00+00:00,0.09423,0.09496,0.09393,0.09427,5123583.6
2026-06-02T22:00:00+00:00,0.09427,0.09427,0.09182,0.0922,13122201.4
2026-06-02T23:00:00+00:00,0.0922,0.0929,0.09117,0.09273,11579873.3
2026-06-03T00:00:00+00:00,0.09273,0.09355,0.09258,0.09322,4898476.8
2026-06-03T01:00:00+00:00,0.09322,0.09337,0.09237,0.09317,2825403.8
2026-06-03T02:00:00+00:00,0.09317,0.09319,0.09252,0.09274,2180284.6
2026-06-03T03:00:00+00:00,0.09274,0.09291,0.09085,0.09157,11534051.0
2026-06-03T04:00:00+00:00,0.09157,0.09287,0.09157,0.09287,4532138.7
2026-06-03T05:00:00+00:00,0.09287,0.09422,0.09287,0.09399,7882235.0
2026-06-03T06:00:00+00:00,0.09399,0.09455,0.09379,0.09391,4443158.1
2026-06-03T07:00:00+00:00,0.09391,0.09455,0.09374,0.09419,3224760.3
2026-06-03T08:00:00+00:00,0.09419,0.09423,0.09372,0.09397,2731777.4
2026-06-03T09:00:00+00:00,0.09397,0.09426,0.09347,0.09383,3522447.3
2026-06-03T10:00:00+00:00,0.09383,0.0945,0.09377,0.0943,5909948.1
2026-06-03T11:00:00+00:00,0.0943,0.09453,0.09372,0.09397,2296324.7
2026-06-03T12:00:00+00:00,0.09397,0.09433,0.09371,0.09413,2570334.2
2026-06-03T13:00:00+00:00,0.09413,0.09441,0.09378,0.0942,2760885.6
2026-06-03T14:00:00+00:00,0.0942,0.09423,0.09315,0.09375,3916285.1
2026-06-03T15:00:00+00:00,0.09375,0.09386,0.09275,0.0928,5545288.1
2026-06-03T16:00:00+00:00,0.0928,0.09304,0.09159,0.09242,5620272.8
2026-06-03T17:00:00+00:00,0.09242,0.09307,0.0916,0.09258,3500821.3
2026-06-03T18:00:00+00:00,0.09258,0.09301,0.09202,0.09289,1882789.5
2026-06-03T19:00:00+00:00,0.09289,0.09297,0.09159,0.09181,5835129.9
2026-06-03T20:00:00+00:00,0.09181,0.09239,0.09059,0.09111,6748680.2
2026-06-03T21:00:00+00:00,0.09111,0.09312,0.09091,0.09297,5473074.6
2026-06-03T22:00:00+00:00,0.09297,0.09327,0.09183,0.09209,2883220.4
2026-06-03T23:00:00+00:00,0.09209,0.09212,0.09114,0.09138,2505770.8
2026-06-04T00:00:00+00:00,0.09138,0.09188,0.08987,0.09069,17527020.3
2026-06-04T01:00:00+00:00,0.09069,0.09112,0.08826,0.08849,19392589.4
2026-06-04T02:00:00+00:00,0.08849,0.08995,0.08576,0.08938,71011630.6
2026-06-04T03:00:00+00:00,0.08938,0.09153,0.08938,0.0913,8870111.8
2026-06-04T04:00:00+00:00,0.0913,0.09161,0.09068,0.09076,5643478.5
2026-06-04T05:00:00+00:00,0.09076,0.09076,0.08953,0.09005,6838493.3
2026-06-04T06:00:00+00:00,0.09005,0.09096,0.08969,0.08979,4817819.0
2026-06-04T07:00:00+00:00,0.08979,0.08987,0.08873,0.08873,5837981.9
2026-06-04T08:00:00+00:00,0.08873,0.08919,0.08797,0.08878,7780359.3
2026-06-04T09:00:00+00:00,0.08878,0.08881,0.08695,0.08802,9124896.4
2026-06-04T10:00:00+00:00,0.08802,0.08802,0.08666,0.08705,17068717.8
2026-06-04T11:00:00+00:00,0.08705,0.0881,0.08684,0.08792,10556404.7
2026-06-04T12:00:00+00:00,0.08792,0.08971,0.08766,0.08954,6469106.2
2026-06-04T13:00:00+00:00,0.08954,0.08961,0.08804,0.08939,7610016.0
2026-06-04T14:00:00+00:00,0.08939,0.0897,0.08894,0.08935,4251527.9
2026-06-04T15:00:00+00:00,0.08935,0.09021,0.08916,0.08953,4286478.7
2026-06-04T16:00:00+00:00,0.08953,0.08958,0.08875,0.08921,2183812.3
2026-06-04T17:00:00+00:00,0.08921,0.08964,0.08844,0.08936,8648227.9
2026-06-04T18:00:00+00:00,0.08936,0.09004,0.08857,0.0895,4487044.6
2026-06-04T19:00:00+00:00,0.0895,0.08984,0.08882,0.08907,2168747.2
2026-06-04T20:00:00+00:00,0.08907,0.08909,0.08839,0.08873,2036757.1
2026-06-04T21:00:00+00:00,0.08873,0.08904,0.08702,0.08742,3410196.9
2026-06-04T22:00:00+00:00,0.08742,0.0882,0.08697,0.08811,4771928.2
2026-06-04T23:00:00+00:00,0.08811,0.08864,0.08752,0.08857,2696548.0
2026-06-05T00:00:00+00:00,0.08857,0.08878,0.08775,0.08781,2728128.1
2026-06-05T01:00:00+00:00,0.08781,0.08834,0.08701,0.08798,3750487.5
2026-06-05T02:00:00+00:00,0.08798,0.08799,0.08613,0.08622,5929106.4
2026-06-05T03:00:00+00:00,0.08622,0.08691,0.08587,0.08593,6689915.8
2026-06-05T04:00:00+00:00,0.08593,0.0872,0.08569,0.08685,10825940.5
2026-06-05T05:00:00+00:00,0.08685,0.08707,0.08487,0.08507,11363311.7
2026-06-05T06:00:00+00:00,0.08507,0.08528,0.08204,0.08377,50652253.1
2026-06-05T07:00:00+00:00,0.08377,0.08509,0.08228,0.085,13478268.5
2026-06-05T08:00:00+00:00,0.085,0.08502,0.08333,0.08359,5696370.7
2026-06-05T09:00:00+00:00,0.08359,0.085,0.08359,0.085,8530664.8
2026-06-05T10:00:00+00:00,0.085,0.08542,0.08447,0.08474,6235522.7
2026-06-05T11:00:00+00:00,0.08474,0.08498,0.08403,0.08403,4697153.3
2026-06-05T12:00:00+00:00,0.08403,0.08428,0.08287,0.08361,8582436.4
2026-06-05T13:00:00+00:00,0.08361,0.08494,0.082,0.08201,11652460.1
2026-06-05T14:00:00+00:00,0.08201,0.08362,0.08134,0.08275,15280792.0
2026-06-05T15:00:00+00:00,0.08275,0.08286,0.08099,0.08155,23767114.7
2026-06-05T16:00:00+00:00,0.08155,0.08343,0.08026,0.08322,31210549.3
2026-06-05T17:00:00+00:00,0.08322,0.08346,0.08219,0.08262,6076672.6
2026-06-05T18:00:00+00:00,0.08262,0.08301,0.07969,0.08002,16977863.8
2026-06-05T19:00:00+00:00,0.08002,0.08184,0.079,0.08105,18336744.6
2026-06-05T20:00:00+00:00,0.08105,0.08284,0.0801,0.08254,16695935.8
2026-06-05T21:00:00+00:00,0.08254,0.08363,0.08242,0.08317,5055124.4
2026-06-05T22:00:00+00:00,0.08317,0.08318,0.08202,0.08285,9305333.4
2026-06-05T23:00:00+00:00,0.08285,0.08318,0.0805,0.08149,8595181.7
2026-06-06T00:00:00+00:00,0.08149,0.08305,0.08147,0.08281,5108726.9
2026-06-06T01:00:00+00:00,0.08281,0.083,0.08183,0.08196,3668959.6
2026-06-06T02:00:00+00:00,0.08196,0.08198,0.08107,0.08146,3258413.2
2026-06-06T03:00:00+00:00,0.08146,0.08146,0.08054,0.08107,5424104.4
2026-06-06T04:00:00+00:00,0.08107,0.08147,0.07784,0.0786,16709705.6
2026-06-06T05:00:00+00:00,0.0786,0.08081,0.07767,0.08053,18197905.1
2026-06-06T06:00:00+00:00,0.08053,0.08149,0.08028,0.08037,8859708.8
2026-06-06T07:00:00+00:00,0.08037,0.08181,0.08023,0.0815,5207605.1
2026-06-06T08:00:00+00:00,0.0815,0.08248,0.08116,0.08221,6869249.6
2026-06-06T09:00:00+00:00,0.08221,0.08258,0.08112,0.08137,4105935.9
2026-06-06T10:00:00+00:00,0.08137,0.08137,0.07988,0.08058,12304418.8
2026-06-06T11:00:00+00:00,0.08058,0.08164,0.08051,0.08123,7715604.6
2026-06-06T12:00:00+00:00,0.08123,0.08242,0.08095,0.08203,7849142.8
2026-06-06T13:00:00+00:00,0.08203,0.08241,0.08147,0.08184,3507571.2
2026-06-06T14:00:00+00:00,0.08184,0.08262,0.08177,0.08196,8021312.5
2026-06-06T15:00:00+00:00,0.08196,0.08212,0.08089,0.0817,6224750.6
2026-06-06T16:00:00+00:00,0.0817,0.08206,0.0807,0.08123,5259253.8
2026-06-06T17:00:00+00:00,0.08123,0.08133,0.08046,0.08065,3838569.0
2026-06-06T18:00:00+00:00,0.08065,0.08133,0.08057,0.08098,2272909.5
2026-06-06T19:00:00+00:00,0.08098,0.08141,0.08068,0.08071,3138277.0
2026-06-06T20:00:00+00:00,0.08071,0.08098,0.08048,0.08086,3037119.8
2026-06-06T21:00:00+00:00,0.08086,0.08171,0.08086,0.08122,3055765.9
2026-06-06T22:00:00+00:00,0.08122,0.08163,0.081,0.08133,1704712.2
2026-06-06T23:00:00+00:00,0.08133,0.08196,0.08127,0.08193,2018699.3
2026-06-07T00:00:00+00:00,0.08193,0.08214,0.08165,0.08173,1562853.4
2026-06-07T01:00:00+00:00,0.08173,0.08386,0.0817,0.08351,8620239.8
2026-06-07T02:00:00+00:00,0.08351,0.08369,0.08285,0.08346,3076225.1
2026-06-07T03:00:00+00:00,0.08346,0.08379,0.08324,0.08349,2461470.1
2026-06-07T04:00:00+00:00,0.08349,0.08398,0.08298,0.08389,4800850.7
2026-06-07T05:00:00+00:00,0.08389,0.08428,0.08364,0.08393,5957189.1
2026-06-07T06:00:00+00:00,0.08393,0.08488,0.08366,0.0846,7066162.6
2026-06-07T07:00:00+00:00,0.0846,0.08503,0.08442,0.08497,5408833.3
2026-06-07T08:00:00+00:00,0.08497,0.08565,0.08454,0.08558,9350147.5
2026-06-07T09:00:00+00:00,0.08558,0.08602,0.08471,0.08479,10479704.6
2026-06-07T10:00:00+00:00,0.08479,0.08489,0.08415,0.08437,4024375.0
2026-06-07T11:00:00+00:00,0.08437,0.08482,0.08418,0.08459,6054135.5
2026-06-07T12:00:00+00:00,0.08459,0.08463,0.08319,0.08377,8387738.4
2026-06-07T13:00:00+00:00,0.08377,0.08402,0.08364,0.08386,3414088.4
2026-06-07T14:00:00+00:00,0.08386,0.08502,0.08384,0.08457,5025454.4
2026-06-07T15:00:00+00:00,0.08457,0.08494,0.08428,0.08464,2427601.6
2026-06-07T16:00:00+00:00,0.08464,0.08496,0.08448,0.0848,2731939.0
2026-06-07T17:00:00+00:00,0.0848,0.0853,0.08463,0.08482,1980679.4
2026-06-07T18:00:00+00:00,0.08482,0.08498,0.08435,0.08435,1426795.6
2026-06-07T19:00:00+00:00,0.08435,0.08438,0.08299,0.08335,7715286.7
2026-06-07T20:00:00+00:00,0.08335,0.08432,0.08315,0.08417,2989438.7
2026-06-07T21:00:00+00:00,0.08417,0.08422,0.08357,0.08402,2991438.3
2026-06-07T22:00:00+00:00,0.08402,0.08756,0.08383,0.0855,35152687.2
2026-06-07T23:00:00+00:00,0.0855,0.0865,0.08549,0.08629,5091451.4
2026-06-08T00:00:00+00:00,0.08629,0.08681,0.08576,0.08637,5179983.1
2026-06-08T01:00:00+00:00,0.08637,0.0865,0.08483,0.0857,6304384.8
2026-06-08T02:00:00+00:00,0.0857,0.08594,0.0854,0.08588,5061681.5
2026-06-08T03:00:00+00:00,0.08588,0.08633,0.08555,0.08588,2916987.7
2026-06-08T04:00:00+00:00,0.08588,0.08597,0.08486,0.08493,2737667.5
2026-06-08T05:00:00+00:00,0.08493,0.08513,0.08434,0.08481,2901470.3
2026-06-08T06:00:00+00:00,0.08481,0.08541,0.0848,0.08527,2242569.8
2026-06-08T07:00:00+00:00,0.08527,0.08579,0.08497,0.08567,2626674.4
2026-06-08T08:00:00+00:00,0.08567,0.08567,0.08492,0.08513,5594479.8
2026-06-08T09:00:00+00:00,0.08513,0.08594,0.08512,0.08593,6217242.4
2026-06-08T10:00:00+00:00,0.08593,0.08604,0.08532,0.08569,4811263.7
2026-06-08T11:00:00+00:00,0.08569,0.08684,0.08549,0.08641,4602371.2
2026-06-08T12:00:00+00:00,0.08641,0.08702,0.08582,0.08684,8330589.4
2026-06-08T13:00:00+00:00,0.08684,0.08693,0.08607,0.08637,5033204.1
2026-06-08T14:00:00+00:00,0.08637,0.08681,0.08615,0.08669,3607263.1
2026-06-08T15:00:00+00:00,0.08669,0.08746,0.08668,0.08698,7329012.2
2026-06-08T16:00:00+00:00,0.08698,0.08753,0.08641,0.08647,7480826.0
2026-06-08T17:00:00+00:00,0.08647,0.08684,0.08613,0.08683,4345156.1
2026-06-08T18:00:00+00:00,0.08683,0.08726,0.08665,0.08684,2715221.0
2026-06-08T19:00:00+00:00,0.08684,0.08713,0.08668,0.08681,2621259.2
2026-06-08T20:00:00+00:00,0.08681,0.08684,0.08632,0.08677,2039822.6
2026-06-08T21:00:00+00:00,0.08677,0.08749,0.08677,0.08707,2763072.4
2026-06-08T22:00:00+00:00,0.08707,0.08713,0.08666,0.08701,5389087.3
2026-06-08T23:00:00+00:00,0.08701,0.08722,0.08616,0.08633,2212834.4
2026-06-09T00:00:00+00:00,0.08633,0.08648,0.08463,0.08487,9337169.5
2026-06-09T01:00:00+00:00,0.08487,0.08539,0.08476,0.08516,3097683.6
2026-06-09T02:00:00+00:00,0.08516,0.08533,0.08458,0.08533,1473001.9
2026-06-09T03:00:00+00:00,0.08533,0.08551,0.08496,0.08532,1163165.6
2026-06-09T04:00:00+00:00,0.08532,0.08646,0.08506,0.08618,4679121.1
2026-06-09T05:00:00+00:00,0.08618,0.08674,0.08596,0.08649,1657088.8
2026-06-09T06:00:00+00:00,0.08649,0.08673,0.08631,0.08633,2165802.0
2026-06-09T07:00:00+00:00,0.08633,0.08665,0.08598,0.08639,2871635.1
2026-06-09T08:00:00+00:00,0.08639,0.08644,0.08576,0.08586,3006839.2
2026-06-09T09:00:00+00:00,0.08586,0.08605,0.08527,0.0854,1779462.9
2026-06-09T10:00:00+00:00,0.0854,0.0856,0.0852,0.08547,3044085.5
2026-06-09T11:00:00+00:00,0.08547,0.0856,0.08518,0.08553,2186116.8
2026-06-09T12:00:00+00:00,0.08553,0.08594,0.0855,0.08587,1932008.0
2026-06-09T13:00:00+00:00,0.08587,0.08615,0.08525,0.08573,3231757.9
2026-06-09T14:00:00+00:00,0.08573,0.08594,0.08431,0.08501,7287905.4
2026-06-09T15:00:00+00:00,0.08501,0.08531,0.08408,0.08412,5870074.9
2026-06-09T16:00:00+00:00,0.08412,0.08446,0.08316,0.08433,7575939.4
2026-06-09T17:00:00+00:00,0.08433,0.08548,0.08432,0.08479,3134604.6
2026-06-09T18:00:00+00:00,0.08479,0.08526,0.0846,0.0849,1738961.4
2026-06-09T19:00:00+00:00,0.0849,0.08537,0.08473,0.08523,2735751.8
2026-06-09T20:00:00+00:00,0.08523,0.08561,0.08514,0.08556,1944976.3
2026-06-09T21:00:00+00:00,0.08556,0.08571,0.08462,0.08484,2072310.4
2026-06-09T22:00:00+00:00,0.08484,0.08514,0.08451,0.08454,1616086.4
2026-06-09T23:00:00+00:00,0.08454,0.08498,0.08445,0.08479,2193027.6
2026-06-10T00:00:00+00:00,0.08479,0.08517,0.08421,0.08509,1913476.6
2026-06-10T01:00:00+00:00,0.08509,0.08515,0.0845,0.0847,2429151.3
2026-06-10T02:00:00+00:00,0.0847,0.08485,0.08369,0.08383,3680997.8
2026-06-10T03:00:00+00:00,0.08383,0.08428,0.08382,0.08397,824439.8
2026-06-10T04:00:00+00:00,0.08397,0.08411,0.08349,0.08361,1520545.1
2026-06-10T05:00:00+00:00,0.08361,0.08374,0.08327,0.08357,1431890.8
2026-06-10T06:00:00+00:00,0.08357,0.08384,0.08328,0.08366,1368558.8
2026-06-10T07:00:00+00:00,0.08366,0.08437,0.08362,0.08424,1292019.8
2026-06-10T08:00:00+00:00,0.08424,0.08425,0.08321,0.08342,4003681.5
2026-06-10T09:00:00+00:00,0.08342,0.08367,0.08287,0.08357,4431922.9
2026-06-10T10:00:00+00:00,0.08357,0.08393,0.08329,0.08372,1424863.1
2026-06-10T11:00:00+00:00,0.08372,0.08378,0.08283,0.08331,6872852.9
2026-06-10T12:00:00+00:00,0.08331,0.0846,0.08305,0.08392,12386561.5
2026-06-10T13:00:00+00:00,0.08392,0.08521,0.08379,0.0846,7408507.8
2026-06-10T14:00:00+00:00,0.0846,0.08476,0.084,0.08453,4504457.3
2026-06-10T15:00:00+00:00,0.08453,0.08547,0.084,0.08514,9660181.0
2026-06-10T16:00:00+00:00,0.08514,0.08526,0.08374,0.08417,7959640.1
2026-06-10T17:00:00+00:00,0.08417,0.08455,0.08339,0.0839,5561883.3
2026-06-10T18:00:00+00:00,0.0839,0.08408,0.08331,0.08389,3879477.9
2026-06-10T19:00:00+00:00,0.08389,0.08393,0.08301,0.08316,4030721.8
2026-06-10T20:00:00+00:00,0.08316,0.0833,0.08267,0.08286,3880920.1
2026-06-10T21:00:00+00:00,0.08286,0.08286,0.08183,0.08218,4363639.4
2026-06-10T22:00:00+00:00,0.08218,0.08268,0.08187,0.08239,4744625.2
2026-06-10T23:00:00+00:00,0.08239,0.08312,0.08213,0.08295,5160982.9
2026-06-11T00:00:00+00:00,0.08295,0.08366,0.08295,0.08342,2012427.1
2026-06-11T01:00:00+00:00,0.08342,0.08446,0.08342,0.08426,2619313.2
2026-06-11T02:00:00+00:00,0.08426,0.08435,0.08362,0.08415,2381653.5
2026-06-11T03:00:00+00:00,0.08415,0.08531,0.08392,0.08504,8112412.0
2026-06-11T04:00:00+00:00,0.08504,0.08541,0.08481,0.08515,2168735.4
2026-06-11T05:00:00+00:00,0.08515,0.08517,0.08479,0.08481,1356777.2
2026-06-11T06:00:00+00:00,0.08481,0.08516,0.0846,0.08477,2199983.6
2026-06-11T07:00:00+00:00,0.08477,0.08505,0.08466,0.08486,1436408.9
2026-06-11T08:00:00+00:00,0.08486,0.08548,0.08485,0.08526,1922435.1
2026-06-11T09:00:00+00:00,0.08526,0.08527,0.08481,0.08511,2541558.1
2026-06-11T10:00:00+00:00,0.08511,0.08523,0.08498,0.08516,2268833.0
2026-06-11T11:00:00+00:00,0.08516,0.08561,0.08495,0.08533,3240913.5
2026-06-11T12:00:00+00:00,0.08533,0.08536,0.08425,0.0848,5911501.6
2026-06-11T13:00:00+00:00,0.0848,0.08524,0.08452,0.08497,3544235.2
2026-06-11T14:00:00+00:00,0.08497,0.08545,0.08464,0.085,3187220.3
2026-06-11T15:00:00+00:00,0.085,0.08521,0.08456,0.08494,3823839.8
2026-06-11T16:00:00+00:00,0.08494,0.08514,0.08461,0.08474,2738446.4
2026-06-11T17:00:00+00:00,0.08474,0.08685,0.08439,0.08674,18996832.9
2026-06-11T18:00:00+00:00,0.08674,0.08701,0.08625,0.08651,5256550.9
2026-06-11T19:00:00+00:00,0.08651,0.08708,0.08622,0.0865,9655016.8
2026-06-11T20:00:00+00:00,0.0865,0.08666,0.08601,0.08633,4482894.0
2026-06-11T21:00:00+00:00,0.08633,0.08673,0.08632,0.08645,3266119.6
2026-06-11T22:00:00+00:00,0.08645,0.08669,0.08629,0.08641,3066766.9
2026-06-11T23:00:00+00:00,0.08641,0.08654,0.086,0.08605,3177578.0
2026-06-12T00:00:00+00:00,0.08605,0.08621,0.08586,0.0859,2569349.2
2026-06-12T01:00:00+00:00,0.0859,0.08613,0.08561,0.0859,3056197.1
2026-06-12T02:00:00+00:00,0.0859,0.08658,0.0859,0.0864,2610332.5
2026-06-12T03:00:00+00:00,0.0864,0.08658,0.08619,0.08655,3476953.9
2026-06-12T04:00:00+00:00,0.08655,0.08721,0.08647,0.08702,4792611.2
2026-06-12T05:00:00+00:00,0.08702,0.0874,0.08671,0.0868,11275269.8
2026-06-12T06:00:00+00:00,0.0868,0.08708,0.08509,0.08541,11906865.7
2026-06-12T07:00:00+00:00,0.08541,0.08602,0.0854,0.08596,3387626.1
2026-06-12T08:00:00+00:00,0.08596,0.08675,0.08594,0.08668,3368195.8
2026-06-12T09:00:00+00:00,0.08668,0.08729,0.08655,0.08702,2810209.5
2026-06-12T10:00:00+00:00,0.08702,0.0871,0.08634,0.08662,4064294.1
2026-06-12T11:00:00+00:00,0.08662,0.08699,0.08649,0.08698,3066008.4
2026-06-12T12:00:00+00:00,0.08698,0.08732,0.08678,0.08703,3745269.1
2026-06-12T13:00:00+00:00,0.08703,0.0874,0.08669,0.087,8542822.6
2026-06-12T14:00:00+00:00,0.087,0.09249,0.08696,0.0906,87155501.4
2026-06-12T15:00:00+00:00,0.0906,0.09083,0.08717,0.08746,26825779.6
2026-06-12T16:00:00+00:00,0.08746,0.08878,0.08721,0.08878,8934955.7
2026-06-12T17:00:00+00:00,0.08878,0.08907,0.08777,0.08785,3919754.4
2026-06-12T18:00:00+00:00,0.08785,0.0881,0.08745,0.08759,2794242.4
2026-06-12T19:00:00+00:00,0.08759,0.08816,0.08733,0.08743,3112073.6
2026-06-12T20:00:00+00:00,0.08743,0.08783,0.08737,0.08749,3052972.7
2026-06-12T21:00:00+00:00,0.08749,0.08774,0.08648,0.08671,4996187.4
2026-06-12T22:00:00+00:00,0.08671,0.08684,0.08619,0.08638,3177536.4
2026-06-12T23:00:00+00:00,0.08638,0.08638,0.08559,0.086,3998250.0
2026-06-13T00:00:00+00:00,0.086,0.08619,0.08583,0.0861,1554346.1
2026-06-13T01:00:00+00:00,0.0861,0.0868,0.08609,0.08676,3026861.0
2026-06-13T02:00:00+00:00,0.08676,0.08691,0.08626,0.08644,1916655.9
2026-06-13T03:00:00+00:00,0.08644,0.08658,0.08607,0.08628,1154374.1
2026-06-13T04:00:00+00:00,0.08628,0.08647,0.08604,0.08609,694819.5
2026-06-13T05:00:00+00:00,0.08609,0.08629,0.08581,0.08616,3577612.6
2026-06-13T06:00:00+00:00,0.08616,0.08676,0.08607,0.08664,3017434.8
2026-06-13T07:00:00+00:00,0.08664,0.08723,0.08645,0.08706,4813824.9
2026-06-13T08:00:00+00:00,0.08706,0.08739,0.08692,0.08714,1831830.9
2026-06-13T09:00:00+00:00,0.08714,0.08746,0.08703,0.08714,2592362.4
2026-06-13T10:00:00+00:00,0.08714,0.08751,0.08711,0.08732,1294468.4
2026-06-13T11:00:00+00:00,0.08732,0.08795,0.08726,0.08792,2144335.7
2026-06-13T12:00:00+00:00,0.08792,0.08874,0.08772,0.08855,4537292.0
2026-06-13T13:00:00+00:00,0.08855,0.08858,0.08802,0.08812,3789632.3
2026-06-13T14:00:00+00:00,0.08812,0.08844,0.08807,0.08831,1300918.9
2026-06-13T15:00:00+00:00,0.08831,0.08881,0.08828,0.08835,1795918.8
2026-06-13T16:00:00+00:00,0.08835,0.08837,0.08754,0.08792,4365381.1
2026-06-13T17:00:00+00:00,0.08792,0.08793,0.08739,0.08762,4672589.8
2026-06-13T18:00:00+00:00,0.08762,0.08787,0.08757,0.08769,2363452.8
2026-06-13T19:00:00+00:00,0.08769,0.08789,0.08753,0.08767,1716539.1
2026-06-13T20:00:00+00:00,0.08767,0.08777,0.08751,0.08767,881781.5
2026-06-13T21:00:00+00:00,0.08767,0.08865,0.08763,0.08818,3630157.7
2026-06-13T22:00:00+00:00,0.08818,0.0882,0.08781,0.08785,990310.0
2026-06-13T23:00:00+00:00,0.08785,0.08804,0.08775,0.0879,761068.5
2026-06-14T00:00:00+00:00,0.0879,0.08792,0.08754,0.08769,1249116.6
2026-06-14T01:00:00+00:00,0.08769,0.08799,0.0876,0.08781,1667471.9
2026-06-14T02:00:00+00:00,0.08781,0.0881,0.08776,0.08789,1023531.4
2026-06-14T03:00:00+00:00,0.08789,0.08816,0.0878,0.08809,1092473.5
2026-06-14T04:00:00+00:00,0.08809,0.08813,0.08746,0.08761,1189086.8
2026-06-14T05:00:00+00:00,0.08761,0.08778,0.08727,0.08763,1053956.0
2026-06-14T06:00:00+00:00,0.08763,0.08787,0.08741,0.08751,821640.9
2026-06-14T07:00:00+00:00,0.08751,0.08752,0.08704,0.08719,889642.0
2026-06-14T08:00:00+00:00,0.08719,0.08748,0.08706,0.08721,2386416.2
2026-06-14T09:00:00+00:00,0.08721,0.08747,0.08672,0.08743,1694220.8
2026-06-14T10:00:00+00:00,0.08743,0.0875,0.08708,0.08714,1094067.9
2026-06-14T11:00:00+00:00,0.08714,0.08727,0.087,0.08704,1119610.4
2026-06-14T12:00:00+00:00,0.08704,0.0871,0.08638,0.08657,2305289.0
2026-06-14T13:00:00+00:00,0.08657,0.08669,0.08624,0.08651,3604529.1
2026-06-14T14:00:00+00:00,0.08651,0.08656,0.08569,0.08603,3720106.8
2026-06-14T15:00:00+00:00,0.08603,0.08633,0.08591,0.08631,1655664.1
2026-06-14T16:00:00+00:00,0.08631,0.08667,0.08629,0.08646,1306100.1
2026-06-14T17:00:00+00:00,0.08646,0.08664,0.08625,0.08634,2513585.0
2026-06-14T18:00:00+00:00,0.08634,0.08647,0.08615,0.08637,679942.1
2026-06-14T19:00:00+00:00,0.08637,0.08662,0.08624,0.08643,253982.2
2026-06-14T20:00:00+00:00,0.08643,0.08695,0.08629,0.08664,1034305.0
2026-06-14T21:00:00+00:00,0.08664,0.08912,0.08661,0.08855,6316582.6
2026-06-14T22:00:00+00:00,0.08855,0.08882,0.08797,0.08837,6359535.6
2026-06-14T23:00:00+00:00,0.08837,0.08899,0.08811,0.08892,4726608.7
2026-06-15T00:00:00+00:00,0.08892,0.08919,0.08851,0.08883,2475426.7
2026-06-15T01:00:00+00:00,0.08883,0.08891,0.08827,0.08844,3826804.1
2026-06-15T02:00:00+00:00,0.08844,0.08919,0.08836,0.08875,1476066.2
2026-06-15T03:00:00+00:00,0.08875,0.08914,0.08869,0.08897,1462503.2
2026-06-15T04:00:00+00:00,0.08897,0.08904,0.0886,0.08861,2132593.1
2026-06-15T05:00:00+00:00,0.08861,0.08895,0.08849,0.08874,3001577.9
2026-06-15T06:00:00+00:00,0.08874,0.08901,0.08865,0.08872,2131601.1
2026-06-15T07:00:00+00:00,0.08872,0.08877,0.08838,0.08852,1719903.4
2026-06-15T08:00:00+00:00,0.08852,0.08894,0.08845,0.08855,2526218.5
2026-06-15T09:00:00+00:00,0.08855,0.08874,0.08814,0.0886,2633357.4
2026-06-15T10:00:00+00:00,0.0886,0.08945,0.08847,0.0892,8652051.4
2026-06-15T11:00:00+00:00,0.0892,0.09013,0.08903,0.08971,16895674.5
2026-06-15T12:00:00+00:00,0.08971,0.09023,0.08954,0.09009,12263252.7
2026-06-15T13:00:00+00:00,0.09009,0.09092,0.09,0.09034,12268174.8
2026-06-15T14:00:00+00:00,0.09034,0.09034,0.08909,0.08949,13916311.5
2026-06-15T15:00:00+00:00,0.08949,0.09075,0.08918,0.09069,12329181.6
2026-06-15T16:00:00+00:00,0.09069,0.09069,0.09005,0.09007,6255255.9
2026-06-15T17:00:00+00:00,0.09007,0.09007,0.08928,0.08964,4471942.2
2026-06-15T18:00:00+00:00,0.08964,0.08972,0.08924,0.08933,2567374.0
2026-06-15T19:00:00+00:00,0.08933,0.08973,0.08857,0.08898,4733322.9
2026-06-15T20:00:00+00:00,0.08898,0.08924,0.08871,0.08897,3377878.5
2026-06-15T21:00:00+00:00,0.08897,0.08914,0.08862,0.08885,1939684.9
2026-06-15T22:00:00+00:00,0.08885,0.08896,0.08786,0.08803,11334375.4
2026-06-15T23:00:00+00:00,0.08803,0.08825,0.0878,0.08814,2613557.8
2026-06-16T00:00:00+00:00,0.08814,0.08831,0.08769,0.08778,3993686.4
2026-06-16T01:00:00+00:00,0.08778,0.08813,0.08776,0.08789,2084286.4
2026-06-16T02:00:00+00:00,0.08789,0.08799,0.08682,0.08699,6297560.5
2026-06-16T03:00:00+00:00,0.08699,0.08754,0.08691,0.08749,1575936.5
2026-06-16T04:00:00+00:00,0.08749,0.08759,0.08674,0.08693,3422965.3
2026-06-16T05:00:00+00:00,0.08693,0.08735,0.08693,0.08728,4128535.3
2026-06-16T06:00:00+00:00,0.08728,0.08772,0.08728,0.08761,1492021.3
2026-06-16T07:00:00+00:00,0.08761,0.08785,0.08747,0.08785,2442447.7
2026-06-16T08:00:00+00:00,0.08785,0.08906,0.08761,0.08882,16274643.3
2026-06-16T09:00:00+00:00,0.08882,0.08895,0.08842,0.08854,3331136.7
2026-06-16T10:00:00+00:00,0.08854,0.08866,0.08824,0.08827,2099916.2
2026-06-16T11:00:00+00:00,0.08827,0.08845,0.08784,0.08819,1942834.1
2026-06-16T12:00:00+00:00,0.08819,0.08892,0.08793,0.08842,3441531.8
2026-06-16T13:00:00+00:00,0.08842,0.08847,0.08726,0.08744,3771964.7
2026-06-16T14:00:00+00:00,0.08744,0.08776,0.08621,0.08668,12562107.2
2026-06-16T15:00:00+00:00,0.08668,0.08741,0.08656,0.0872,2898447.1
2026-06-16T16:00:00+00:00,0.0872,0.08729,0.08638,0.08655,3724731.4
2026-06-16T17:00:00+00:00,0.08655,0.08737,0.08653,0.08726,1747887.3
2026-06-16T18:00:00+00:00,0.08726,0.08786,0.08722,0.08757,2192016.4
2026-06-16T19:00:00+00:00,0.08757,0.08769,0.08703,0.08728,1592019.0
2026-06-16T20:00:00+00:00,0.08728,0.08779,0.08712,0.08769,1176356.5
2026-06-16T21:00:00+00:00,0.08769,0.0878,0.0873,0.08748,1291022.1
2026-06-16T22:00:00+00:00,0.08748,0.08764,0.08722,0.08736,671694.0
2026-06-16T23:00:00+00:00,0.08736,0.08742,0.08702,0.08717,652011.2
2026-06-17T00:00:00+00:00,0.08717,0.0875,0.08714,0.08742,1715538.2
2026-06-17T01:00:00+00:00,0.08742,0.08787,0.08701,0.08779,2104728.5
2026-06-17T02:00:00+00:00,0.08779,0.08812,0.08753,0.08779,1391545.1
2026-06-17T03:00:00+00:00,0.08779,0.08779,0.08729,0.0874,6125124.1
2026-06-17T04:00:00+00:00,0.0874,0.08784,0.08737,0.08753,989187.4
2026-06-17T05:00:00+00:00,0.08753,0.08767,0.08721,0.08738,1115176.0
2026-06-17T06:00:00+00:00,0.08738,0.0875,0.08675,0.08701,2010456.3
2026-06-17T07:00:00+00:00,0.08701,0.08722,0.08662,0.08692,4633093.2
2026-06-17T08:00:00+00:00,0.08692,0.08692,0.08577,0.08599,5491397.7
2026-06-17T09:00:00+00:00,0.08599,0.08624,0.08593,0.08607,6247263.8
2026-06-17T10:00:00+00:00,0.08607,0.08618,0.0859,0.08599,1151793.0
2026-06-17T11:00:00+00:00,0.08599,0.08611,0.08549,0.08584,3400395.1
2026-06-17T12:00:00+00:00,0.08584,0.08629,0.0855,0.08628,4933113.2
2026-06-17T13:00:00+00:00,0.08628,0.08661,0.08596,0.0863,2608403.0
2026-06-17T14:00:00+00:00,0.0863,0.08657,0.08566,0.08609,2642576.0
2026-06-17T15:00:00+00:00,0.08609,0.08728,0.08602,0.08728,9346445.5
2026-06-17T16:00:00+00:00,0.08728,0.08776,0.08704,0.08707,2293816.3
2026-06-17T17:00:00+00:00,0.08707,0.08758,0.08687,0.08757,2789859.3
2026-06-17T18:00:00+00:00,0.08757,0.08788,0.08588,0.08707,16850747.1
2026-06-17T19:00:00+00:00,0.08707,0.08724,0.085,0.08542,12130742.7
2026-06-17T20:00:00+00:00,0.08542,0.08627,0.0853,0.08622,2171012.2
2026-06-17T21:00:00+00:00,0.08622,0.08627,0.08547,0.08561,4263375.9
2026-06-17T22:00:00+00:00,0.08561,0.08597,0.08466,0.08585,3711609.3
2026-06-17T23:00:00+00:00,0.08585,0.08618,0.08579,0.08589,625762.3
2026-06-18T00:00:00+00:00,0.08589,0.08636,0.08589,0.08621,1778151.6
2026-06-18T01:00:00+00:00,0.08621,0.08657,0.08608,0.08625,1710015.2
2026-06-18T02:00:00+00:00,0.08625,0.08637,0.08607,0.0862,497260.8
2026-06-18T03:00:00+00:00,0.0862,0.0862,0.08519,0.08533,1226166.4
2026-06-18T04:00:00+00:00,0.08533,0.08541,0.08439,0.08469,3933956.2
2026-06-18T05:00:00+00:00,0.08469,0.08469,0.08395,0.08425,3236519.7
2026-06-18T06:00:00+00:00,0.08425,0.08479,0.08413,0.0847,4910117.1
2026-06-18T07:00:00+00:00,0.0847,0.08515,0.08446,0.08494,2236326.8
2026-06-18T08:00:00+00:00,0.08494,0.08525,0.08482,0.08508,1799366.4
2026-06-18T09:00:00+00:00,0.08508,0.08523,0.0849,0.08509,2149583.2
2026-06-18T10:00:00+00:00,0.08509,0.0851,0.08456,0.08489,2233170.6
2026-06-18T11:00:00+00:00,0.08489,0.08503,0.08433,0.08453,1047194.2
2026-06-18T12:00:00+00:00,0.08453,0.08487,0.08445,0.08481,2242401.9
2026-06-18T13:00:00+00:00,0.08481,0.08492,0.08357,0.08406,4569171.8
2026-06-18T14:00:00+00:00,0.08406,0.08451,0.08365,0.0839,3354254.9
2026-06-18T15:00:00+00:00,0.0839,0.0839,0.08186,0.08201,13146779.2
2026-06-18T16:00:00+00:00,0.08201,0.08276,0.08196,0.08267,3664174.7
2026-06-18T17:00:00+00:00,0.08267,0.0827,0.08201,0.08237,8279332.1
2026-06-18T18:00:00+00:00,0.08237,0.08267,0.08227,0.08244,2299337.1
2026-06-18T19:00:00+00:00,0.08244,0.08302,0.08237,0.0829,1937651.5
2026-06-18T20:00:00+00:00,0.0829,0.08355,0.0829,0.08342,2675533.0
2026-06-18T21:00:00+00:00,0.08342,0.08353,0.08309,0.0834,1786592.6
2026-06-18T22:00:00+00:00,0.0834,0.0835,0.08303,0.08345,948714.8
2026-06-18T23:00:00+00:00,0.08345,0.08359,0.08314,0.08354,703019.0
2026-06-19T00:00:00+00:00,0.08354,0.08378,0.0834,0.08361,499292.4
2026-06-19T01:00:00+00:00,0.08361,0.0839,0.08348,0.08385,370984.5
2026-06-19T02:00:00+00:00,0.08385,0.08396,0.08352,0.08365,400293.8
2026-06-19T03:00:00+00:00,0.08365,0.08372,0.0826,0.08286,8750926.8
2026-06-19T04:00:00+00:00,0.08286,0.08303,0.08205,0.08225,2390887.1
2026-06-19T05:00:00+00:00,0.08225,0.08273,0.08224,0.08263,907147.4
2026-06-19T06:00:00+00:00,0.08263,0.0828,0.08246,0.08273,540976.8
2026-06-19T07:00:00+00:00,0.08273,0.08275,0.08198,0.08233,2752815.9
2026-06-19T08:00:00+00:00,0.08233,0.08267,0.08231,0.08254,793215.6
2026-06-19T09:00:00+00:00,0.08254,0.08261,0.08207,0.08226,1279904.0
2026-06-19T10:00:00+00:00,0.08226,0.08244,0.08206,0.08234,1087570.7
2026-06-19T11:00:00+00:00,0.08234,0.08251,0.08216,0.08242,760569.6
2026-06-19T12:00:00+00:00,0.08242,0.08274,0.08189,0.08269,9335676.1
2026-06-19T13:00:00+00:00,0.08269,0.08349,0.08246,0.08323,2738766.3
2026-06-19T14:00:00+00:00,0.08323,0.08339,0.083,0.08313,1210762.0
2026-06-19T15:00:00+00:00,0.08313,0.08337,0.08301,0.0832,1830590.5
2026-06-19T16:00:00+00:00,0.0832,0.0834,0.08287,0.0829,1703063.2
2026-06-19T17:00:00+00:00,0.0829,0.08345,0.08277,0.08337,438625.0
2026-06-19T18:00:00+00:00,0.08337,0.08339,0.08294,0.08315,614701.4
2026-06-19T19:00:00+00:00,0.08315,0.08316,0.08273,0.08291,542697.7
2026-06-19T20:00:00+00:00,0.08291,0.08323,0.08271,0.08323,429019.7
2026-06-19T21:00:00+00:00,0.08323,0.0833,0.0828,0.08284,493593.6
2026-06-19T22:00:00+00:00,0.08284,0.08327,0.08281,0.08323,225804.5
2026-06-19T23:00:00+00:00,0.08323,0.08371,0.08311,0.08355,1122546.0
2026-06-20T00:00:00+00:00,0.08355,0.08395,0.08342,0.08348,463152.1
2026-06-20T01:00:00+00:00,0.08348,0.0836,0.08329,0.08347,606492.2
2026-06-20T02:00:00+00:00,0.08347,0.08355,0.08304,0.08305,318090.5
2026-06-20T03:00:00+00:00,0.08305,0.08335,0.08304,0.08326,399673.5
2026-06-20T04:00:00+00:00,0.08326,0.08353,0.08322,0.08353,1180093.8
2026-06-20T05:00:00+00:00,0.08353,0.08421,0.08346,0.08395,3847321.6
2026-06-20T06:00:00+00:00,0.08395,0.08425,0.08388,0.08419,877619.1
2026-06-20T07:00:00+00:00,0.08419,0.08431,0.08392,0.08406,1377162.0
2026-06-20T08:00:00+00:00,0.08406,0.08411,0.08382,0.08396,794512.8
2026-06-20T09:00:00+00:00,0.08396,0.08429,0.08396,0.08419,1048884.6
2026-06-20T10:00:00+00:00,0.08419,0.08423,0.08387,0.08393,1152948.9
2026-06-20T11:00:00+00:00,0.08393,0.08403,0.08379,0.08387,818678.7
2026-06-20T12:00:00+00:00,0.08387,0.08403,0.08373,0.08384,1041363.6
2026-06-20T13:00:00+00:00,0.08384,0.08387,0.08322,0.08332,975372.5
2026-06-20T14:00:00+00:00,0.08332,0.08415,0.08266,0.08373,2376080.3
2026-06-20T15:00:00+00:00,0.08373,0.08423,0.08354,0.08374,3942460.7
2026-06-20T16:00:00+00:00,0.08374,0.08376,0.0833,0.0835,689821.3
2026-06-20T17:00:00+00:00,0.0835,0.0835,0.08284,0.08308,1378477.5
2026-06-20T18:00:00+00:00,0.08308,0.08343,0.08308,0.08314,776256.5
2026-06-20T19:00:00+00:00,0.08314,0.08345,0.08314,0.08332,386395.5
2026-06-20T20:00:00+00:00,0.08332,0.08344,0.08325,0.0834,724576.8
2026-06-20T21:00:00+00:00,0.0834,0.08364,0.08336,0.0835,1426083.6
2026-06-20T22:00:00+00:00,0.0835,0.08402,0.08342,0.08386,928093.9
2026-06-20T23:00:00+00:00,0.08386,0.08404,0.08367,0.08371,1216184.7
2026-06-21T00:00:00+00:00,0.08371,0.08374,0.08357,0.08369,662266.4
2026-06-21T01:00:00+00:00,0.08369,0.0837,0.08351,0.08364,460069.7
2026-06-21T02:00:00+00:00,0.08364,0.0837,0.08357,0.08357,546588.5
2026-06-21T03:00:00+00:00,0.08357,0.08385,0.08345,0.08368,796591.5
2026-06-21T04:00:00+00:00,0.08368,0.08382,0.08328,0.08331,522350.0
2026-06-21T05:00:00+00:00,0.08331,0.08343,0.08314,0.08323,679162.3
2026-06-21T06:00:00+00:00,0.08323,0.08349,0.08322,0.08342,170956.5
2026-06-21T07:00:00+00:00,0.08342,0.08367,0.08333,0.0835,480828.5
2026-06-21T08:00:00+00:00,0.0835,0.08356,0.08292,0.08317,1025773.0
2026-06-21T09:00:00+00:00,0.08317,0.08338,0.08303,0.08338,404096.8
2026-06-21T10:00:00+00:00,0.08338,0.08356,0.08328,0.08329,471767.9
2026-06-21T11:00:00+00:00,0.08329,0.08336,0.08278,0.08305,1586611.7
2026-06-21T12:00:00+00:00,0.08305,0.0834,0.08296,0.08337,822379.1
2026-06-21T13:00:00+00:00,0.08337,0.08345,0.08318,0.08345,1225916.3
2026-06-21T14:00:00+00:00,0.08345,0.08354,0.08327,0.08345,621563.2
2026-06-21T15:00:00+00:00,0.08345,0.0837,0.08342,0.08344,945866.7
2026-06-21T16:00:00+00:00,0.08344,0.08358,0.08316,0.08358,1081679.7
2026-06-21T17:00:00+00:00,0.08358,0.08377,0.08325,0.08341,1847974.9
2026-06-21T18:00:00+00:00,0.08341,0.08366,0.08318,0.08348,312226.5
2026-06-21T19:00:00+00:00,0.08348,0.08366,0.08346,0.08363,192976.4
2026-06-21T20:00:00+00:00,0.08363,0.08365,0.08309,0.08317,543065.7
2026-06-21T21:00:00+00:00,0.08317,0.0832,0.08231,0.0829,5221781.3
2026-06-21T22:00:00+00:00,0.0829,0.08311,0.08264,0.08291,1704295.4
2026-06-21T23:00:00+00:00,0.08291,0.08291,0.08214,0.08223,1057361.4
2026-06-22T00:00:00+00:00,0.08223,0.08319,0.08223,0.08315,1307353.1
2026-06-22T01:00:00+00:00,0.08315,0.08432,0.08303,0.0837,2850218.4
2026-06-22T02:00:00+00:00,0.0837,0.08377,0.08331,0.08333,1070400.1
2026-06-22T03:00:00+00:00,0.08333,0.0835,0.08283,0.08294,1182663.8
2026-06-22T04:00:00+00:00,0.08294,0.08323,0.08278,0.0832,628957.1
2026-06-22T05:00:00+00:00,0.0832,0.08348,0.0832,0.08332,457731.8
2026-06-22T06:00:00+00:00,0.08332,0.08351,0.08314,0.08319,550057.5
2026-06-22T07:00:00+00:00,0.08319,0.08373,0.08317,0.0835,1299386.5
2026-06-22T08:00:00+00:00,0.0835,0.0838,0.08335,0.08357,1008542.4
2026-06-22T09:00:00+00:00,0.08357,0.08376,0.08357,0.0837,614092.6
2026-06-22T10:00:00+00:00,0.0837,0.08396,0.0835,0.08368,740741.0
2026-06-22T11:00:00+00:00,0.08368,0.08447,0.08365,0.08425,2327622.5
2026-06-22T12:00:00+00:00,0.08425,0.08465,0.08417,0.08461,2905020.6
2026-06-22T13:00:00+00:00,0.08461,0.08503,0.08434,0.08503,1636085.6
2026-06-22T14:00:00+00:00,0.08503,0.08508,0.0837,0.08395,3109014.7
2026-06-22T15:00:00+00:00,0.08395,0.08412,0.08353,0.08366,2386775.0
2026-06-22T16:00:00+00:00,0.08366,0.08366,0.08311,0.08338,1406626.4
2026-06-22T17:00:00+00:00,0.08338,0.08341,0.08295,0.08332,1562627.7
2026-06-22T18:00:00+00:00,0.08332,0.08347,0.08278,0.08287,1801809.5
2026-06-22T19:00:00+00:00,0.08287,0.08293,0.08251,0.08275,1014173.3
2026-06-22T20:00:00+00:00,0.08275,0.08303,0.08267,0.08285,631019.7
2026-06-22T21:00:00+00:00,0.08285,0.08287,0.08239,0.08274,283947.7
2026-06-22T22:00:00+00:00,0.08274,0.08288,0.08191,0.08223,2749091.6
2026-06-22T23:00:00+00:00,0.08223,0.08254,0.08217,0.08248,547825.2
2026-06-23T00:00:00+00:00,0.08248,0.08261,0.082,0.0826,854951.3
2026-06-23T01:00:00+00:00,0.0826,0.08272,0.08124,0.08191,6020281.7
2026-06-23T02:00:00+00:00,0.08191,0.08237,0.08176,0.0823,1186796.1
2026-06-23T03:00:00+00:00,0.0823,0.0823,0.08187,0.08222,1056175.9
2026-06-23T04:00:00+00:00,0.08222,0.08222,0.08163,0.08168,939504.2
2026-06-23T05:00:00+00:00,0.08168,0.08182,0.0814,0.08169,1494977.3
2026-06-23T06:00:00+00:00,0.08169,0.08172,0.07972,0.08025,20121500.5
2026-06-23T07:00:00+00:00,0.08025,0.08044,0.07999,0.08,2359360.4
2026-06-23T08:00:00+00:00,0.08,0.08005,0.07842,0.0791,20967364.8
2026-06-23T09:00:00+00:00,0.0791,0.07929,0.07898,0.07902,1640270.3
2026-06-23T10:00:00+00:00,0.07902,0.07937,0.07897,0.07912,1185623.3
2026-06-23T11:00:00+00:00,0.07912,0.07962,0.07912,0.07958,1932831.9
2026-06-23T12:00:00+00:00,0.07958,0.07965,0.07931,0.07945,1296564.6
2026-06-23T13:00:00+00:00,0.07945,0.07982,0.07902,0.07962,2683129.4
2026-06-23T14:00:00+00:00,0.07962,0.07983,0.07892,0.07901,1953756.0
2026-06-23T15:00:00+00:00,0.07901,0.07905,0.07838,0.07884,3809001.4
2026-06-23T16:00:00+00:00,0.07884,0.07937,0.07874,0.07895,2172064.8
2026-06-23T17:00:00+00:00,0.07895,0.0791,0.07852,0.0786,1329919.4
2026-06-23T18:00:00+00:00,0.0786,0.07887,0.0783,0.07859,1112690.6
2026-06-23T19:00:00+00:00,0.07859,0.07878,0.07836,0.07847,1705690.6
2026-06-23T20:00:00+00:00,0.07847,0.07883,0.07838,0.07851,493420.5
2026-06-23T21:00:00+00:00,0.07851,0.07879,0.07851,0.07877,685387.0
2026-06-23T22:00:00+00:00,0.07877,0.07912,0.07872,0.07901,700322.5
2026-06-23T23:00:00+00:00,0.07901,0.07912,0.07874,0.0789,406774.0
2026-06-24T00:00:00+00:00,0.0789,0.07927,0.07888,0.07914,1304543.5
2026-06-24T01:00:00+00:00,0.07914,0.07979,0.07896,0.07959,1950876.5
2026-06-24T02:00:00+00:00,0.07959,0.07965,0.0791,0.07912,1982589.8
2026-06-24T03:00:00+00:00,0.07912,0.07932,0.07881,0.0791,2409872.5
2026-06-24T04:00:00+00:00,0.0791,0.07921,0.0785,0.0792,1592424.9
2026-06-24T05:00:00+00:00,0.0792,0.07947,0.07913,0.07921,801422.8
2026-06-24T06:00:00+00:00,0.07921,0.07925,0.07896,0.07905,1057923.9
2026-06-24T07:00:00+00:00,0.07905,0.07906,0.07878,0.07886,1447078.5
2026-06-24T08:00:00+00:00,0.07886,0.0792,0.07885,0.07918,1165782.8
2026-06-24T09:00:00+00:00,0.07918,0.07918,0.07872,0.07898,926410.9
2026-06-24T10:00:00+00:00,0.07898,0.07898,0.07851,0.07859,804902.6
2026-06-24T11:00:00+00:00,0.07859,0.0796,0.07801,0.07903,6798361.4
2026-06-24T12:00:00+00:00,0.07903,0.07908,0.07856,0.07862,776188.9
2026-06-24T13:00:00+00:00,0.07862,0.07864,0.07671,0.07681,15657626.9
2026-06-24T14:00:00+00:00,0.07681,0.07715,0.07649,0.07675,8580090.5
2026-06-24T15:00:00+00:00,0.07675,0.07698,0.07461,0.07477,23698133.9
2026-06-24T16:00:00+00:00,0.07477,0.07564,0.07362,0.0742,30692927.0
2026-06-24T17:00:00+00:00,0.0742,0.07454,0.07282,0.07306,16474913.9
2026-06-24T18:00:00+00:00,0.07306,0.07441,0.0729,0.07387,9497029.1
2026-06-24T19:00:00+00:00,0.07387,0.07419,0.07363,0.07413,5105068.2
2026-06-24T20:00:00+00:00,0.07413,0.07582,0.07399,0.07559,8678098.7
2026-06-24T21:00:00+00:00,0.07559,0.07614,0.07514,0.07606,1890575.2
2026-06-24T22:00:00+00:00,0.07606,0.07647,0.07582,0.07588,2903538.9
2026-06-24T23:00:00+00:00,0.07588,0.07618,0.07578,0.07613,1070141.3
2026-06-25T00:00:00+00:00,0.07613,0.07644,0.07603,0.07617,1444446.7
2026-06-25T01:00:00+00:00,0.07617,0.0764,0.07609,0.0763,1115383.2
2026-06-25T02:00:00+00:00,0.0763,0.07641,0.07604,0.0762,988059.2
2026-06-25T03:00:00+00:00,0.0762,0.07631,0.07593,0.07604,1420894.3
2026-06-25T04:00:00+00:00,0.07604,0.07679,0.07581,0.07678,1794856.8
2026-06-25T05:00:00+00:00,0.07678,0.07748,0.07671,0.07729,10493772.9
2026-06-25T06:00:00+00:00,0.07729,0.0775,0.07708,0.07729,2558405.4
2026-06-25T07:00:00+00:00,0.07729,0.07736,0.07707,0.07733,1036200.8
2026-06-25T08:00:00+00:00,0.07733,0.0774,0.07703,0.07703,1432774.4
2026-06-25T09:00:00+00:00,0.07703,0.07719,0.07685,0.077,1832865.3
2026-06-25T10:00:00+00:00,0.077,0.077,0.07611,0.07622,5522701.9
2026-06-25T11:00:00+00:00,0.07622,0.07634,0.07577,0.07594,3579243.0
2026-06-25T12:00:00+00:00,0.07594,0.0764,0.07538,0.07606,14053591.5
2026-06-25T13:00:00+00:00,0.07606,0.07644,0.07145,0.07173,30619348.0
2026-06-25T14:00:00+00:00,0.07173,0.07454,0.07173,0.07313,33919358.1
2026-06-25T15:00:00+00:00,0.07313,0.07354,0.07215,0.07345,18667743.4
2026-06-25T16:00:00+00:00,0.07345,0.07419,0.07311,0.07341,9186839.7
2026-06-25T17:00:00+00:00,0.07341,0.07526,0.07341,0.07493,7080200.5
2026-06-25T18:00:00+00:00,0.07493,0.07497,0.07348,0.07357,6004724.5
2026-06-25T19:00:00+00:00,0.07357,0.07366,0.07292,0.07336,3467746.4
2026-06-25T20:00:00+00:00,0.07336,0.07405,0.07336,0.07359,3042034.4
2026-06-25T21:00:00+00:00,0.07359,0.07491,0.07359,0.07491,3082149.1
2026-06-25T22:00:00+00:00,0.07491,0.075,0.07455,0.0747,2337599.8
2026-06-25T23:00:00+00:00,0.0747,0.07531,0.07461,0.07491,2554603.7
2026-06-26T00:00:00+00:00,0.07491,0.07511,0.07463,0.07468,2696467.9
2026-06-26T01:00:00+00:00,0.07468,0.07479,0.07384,0.07402,2157206.1
2026-06-26T02:00:00+00:00,0.07402,0.07404,0.0725,0.0727,12741493.5
2026-06-26T03:00:00+00:00,0.0727,0.07479,0.07215,0.07467,16618977.1
2026-06-26T04:00:00+00:00,0.07467,0.07482,0.07415,0.07429,3929129.5
2026-06-26T05:00:00+00:00,0.07429,0.07451,0.07398,0.07443,2221684.7
2026-06-26T06:00:00+00:00,0.07443,0.07524,0.07398,0.07477,12282757.8
2026-06-26T07:00:00+00:00,0.07477,0.07529,0.07469,0.07515,4279994.8
2026-06-26T08:00:00+00:00,0.07515,0.07517,0.07429,0.07444,3412758.2
2026-06-26T09:00:00+00:00,0.07444,0.07457,0.07391,0.07401,2581108.5
2026-06-26T10:00:00+00:00,0.07401,0.07417,0.07364,0.07371,3158986.9
2026-06-26T11:00:00+00:00,0.07371,0.07401,0.07333,0.07348,2647837.0
2026-06-26T12:00:00+00:00,0.07348,0.07428,0.07293,0.07336,7522498.5
2026-06-26T13:00:00+00:00,0.07336,0.07475,0.07284,0.07474,9344779.0
2026-06-26T14:00:00+00:00,0.07474,0.07492,0.07387,0.07396,5467176.2
2026-06-26T15:00:00+00:00,0.07396,0.07539,0.07386,0.07501,7763145.3
2026-06-26T16:00:00+00:00,0.07501,0.07564,0.07464,0.07532,11107423.9
2026-06-26T17:00:00+00:00,0.07532,0.07574,0.07523,0.07559,2219586.0
2026-06-26T18:00:00+00:00,0.07559,0.07582,0.0751,0.07518,1697956.4
2026-06-26T19:00:00+00:00,0.07518,0.07612,0.07506,0.07556,4397718.5
2026-06-26T20:00:00+00:00,0.07556,0.07615,0.07533,0.0755,4902208.0
2026-06-26T21:00:00+00:00,0.0755,0.07589,0.07525,0.07548,2722851.6
2026-06-26T22:00:00+00:00,0.07548,0.07572,0.07519,0.0757,1261060.5
2026-06-26T23:00:00+00:00,0.0757,0.07592,0.07564,0.07578,1458388.7
2026-06-27T00:00:00+00:00,0.07578,0.07601,0.07513,0.07544,4928872.5
2026-06-27T01:00:00+00:00,0.07544,0.07548,0.07527,0.07542,1316523.6
2026-06-27T02:00:00+00:00,0.07542,0.07606,0.0754,0.07594,1719616.1
2026-06-27T03:00:00+00:00,0.07594,0.07595,0.0756,0.07565,2201407.8
2026-06-27T04:00:00+00:00,0.07565,0.07599,0.07559,0.0756,1367529.5
2026-06-27T05:00:00+00:00,0.0756,0.07578,0.07541,0.07575,758753.5
2026-06-27T06:00:00+00:00,0.07575,0.07586,0.07546,0.07571,1392116.6
2026-06-27T07:00:00+00:00,0.07571,0.07588,0.07558,0.07581,707318.2
2026-06-27T08:00:00+00:00,0.07581,0.07583,0.07543,0.07558,894415.4
2026-06-27T09:00:00+00:00,0.07558,0.07566,0.0753,0.07542,630526.6
2026-06-27T10:00:00+00:00,0.07542,0.07545,0.07527,0.07537,2601775.2
2026-06-27T11:00:00+00:00,0.07537,0.07539,0.07499,0.07532,2432034.2
2026-06-27T12:00:00+00:00,0.07532,0.07563,0.07525,0.07557,708904.2
2026-06-27T13:00:00+00:00,0.07557,0.07593,0.07548,0.07584,836394.5
2026-06-27T14:00:00+00:00,0.07584,0.07606,0.07571,0.07596,1113070.4
2026-06-27T15:00:00+00:00,0.07596,0.07644,0.07589,0.07624,2593556.9
2026-06-27T16:00:00+00:00,0.07624,0.07635,0.07594,0.07624,2004581.4
2026-06-27T17:00:00+00:00,0.07624,0.07629,0.07563,0.07567,2526505.7
2026-06-27T18:00:00+00:00,0.07567,0.07571,0.07523,0.07534,2447148.3
2026-06-27T19:00:00+00:00,0.07534,0.07543,0.07451,0.07476,3738252.4
2026-06-27T20:00:00+00:00,0.07476,0.07495,0.0747,0.07476,9428415.4
2026-06-27T21:00:00+00:00,0.07476,0.07499,0.07443,0.07458,10045985.6
2026-06-27T22:00:00+00:00,0.07458,0.07485,0.0741,0.07485,1283361.1
2026-06-27T23:00:00+00:00,0.07485,0.07488,0.07443,0.07451,420931.1
2026-06-28T00:00:00+00:00,0.07451,0.0747,0.07448,0.07461,947474.4
2026-06-28T01:00:00+00:00,0.07461,0.07466,0.07438,0.07449,701774.9
2026-06-28T02:00:00+00:00,0.07449,0.07462,0.07409,0.07416,2202180.1
2026-06-28T03:00:00+00:00,0.07416,0.07447,0.07415,0.07429,413662.8
2026-06-28T04:00:00+00:00,0.07429,0.0743,0.07399,0.07404,517521.8
2026-06-28T05:00:00+00:00,0.07404,0.07404,0.07349,0.07387,1540823.5
2026-06-28T06:00:00+00:00,0.07387,0.07391,0.07323,0.07351,2522211.5
2026-06-28T07:00:00+00:00,0.07351,0.07379,0.07346,0.07379,650405.1
2026-06-28T08:00:00+00:00,0.07379,0.07428,0.07368,0.07407,1172270.1
2026-06-28T09:00:00+00:00,0.07407,0.07428,0.07353,0.07361,1096100.2
2026-06-28T10:00:00+00:00,0.07361,0.07372,0.07332,0.07348,1173149.6
2026-06-28T11:00:00+00:00,0.07348,0.07389,0.07336,0.07383,1251770.3
2026-06-28T12:00:00+00:00,0.07383,0.07405,0.07345,0.07377,759596.4
2026-06-28T13:00:00+00:00,0.07377,0.0738,0.07341,0.07354,929526.4
2026-06-28T14:00:00+00:00,0.07354,0.074,0.07353,0.07366,1318083.4
2026-06-28T15:00:00+00:00,0.07366,0.07386,0.07339,0.07357,1410487.8
2026-06-28T16:00:00+00:00,0.07357,0.07363,0.07299,0.07316,2862154.6
2026-06-28T17:00:00+00:00,0.07316,0.07344,0.07274,0.0732,3234868.9
2026-06-28T18:00:00+00:00,0.0732,0.07331,0.07299,0.07327,1599560.7
2026-06-28T19:00:00+00:00,0.07327,0.07336,0.07264,0.07297,1037388.9
2026-06-28T20:00:00+00:00,0.07297,0.07343,0.0729,0.07323,645633.0
2026-06-28T21:00:00+00:00,0.07323,0.07326,0.0725,0.07278,1935921.6
2026-06-28T22:00:00+00:00,0.07278,0.07372,0.07215,0.07248,5180588.5
2026-06-28T23:00:00+00:00,0.07248,0.0734,0.0724,0.07318,1403030.6
2026-06-29T00:00:00+00:00,0.07318,0.07336,0.07221,0.07334,2591491.2
2026-06-29T01:00:00+00:00,0.07334,0.07335,0.07254,0.07283,1994626.1
2026-06-29T02:00:00+00:00,0.07283,0.0732,0.07196,0.07307,6617112.4
2026-06-29T03:00:00+00:00,0.07307,0.07365,0.07305,0.0733,2242583.2
2026-06-29T04:00:00+00:00,0.0733,0.07333,0.07234,0.07256,1664481.8
2026-06-29T05:00:00+00:00,0.07256,0.0731,0.07209,0.0731,5014305.2
2026-06-29T06:00:00+00:00,0.0731,0.07349,0.07302,0.07319,4359281.3
2026-06-29T07:00:00+00:00,0.07319,0.0733,0.07279,0.07279,1274017.2
2026-06-29T08:00:00+00:00,0.07279,0.07295,0.07224,0.07256,2923853.9
2026-06-29T09:00:00+00:00,0.07256,0.07297,0.07253,0.07282,1524062.5
2026-06-29T10:00:00+00:00,0.07282,0.07323,0.07282,0.0729,1618758.2
2026-06-29T11:00:00+00:00,0.0729,0.07315,0.07248,0.07289,6731111.5
2026-06-29T12:00:00+00:00,0.07289,0.07389,0.07247,0.07295,6780429.8
2026-06-29T13:00:00+00:00,0.07295,0.07352,0.07226,0.07271,5918766.7
2026-06-29T14:00:00+00:00,0.07271,0.07293,0.07203,0.0726,4761805.2
2026-06-29T15:00:00+00:00,0.0726,0.07299,0.07203,0.07282,2706177.7
2026-06-29T16:00:00+00:00,0.07282,0.07298,0.07213,0.07282,6304264.6
2026-06-29T17:00:00+00:00,0.07282,0.07427,0.07279,0.07392,9111030.0
2026-06-29T18:00:00+00:00,0.07392,0.07408,0.07374,0.07386,2520229.1
2026-06-29T19:00:00+00:00,0.07386,0.07412,0.07371,0.07392,1158877.1
2026-06-29T20:00:00+00:00,0.07392,0.07396,0.07371,0.07372,4495260.9
2026-06-29T21:00:00+00:00,0.07372,0.07413,0.0736,0.07395,1322767.3
2026-06-29T22:00:00+00:00,0.07395,0.07401,0.07345,0.07345,541495.8
2026-06-29T23:00:00+00:00,0.07345,0.07351,0.07322,0.07344,992209.6
2026-06-30T00:00:00+00:00,0.07344,0.07354,0.07254,0.07257,5070573.5
2026-06-30T01:00:00+00:00,0.07257,0.07278,0.07229,0.07257,2565898.0
2026-06-30T02:00:00+00:00,0.07257,0.07273,0.0723,0.07265,2121085.6
2026-06-30T03:00:00+00:00,0.07265,0.07282,0.07238,0.07247,5203001.7
2026-06-30T04:00:00+00:00,0.07247,0.0726,0.07215,0.07245,7184705.3
2026-06-30T05:00:00+00:00,0.07245,0.07247,0.0721,0.07246,5331441.1
2026-06-30T06:00:00+00:00,0.07246,0.07259,0.07232,0.07248,1972582.7
2026-06-30T07:00:00+00:00,0.07248,0.07263,0.07232,0.0724,1124977.4
2026-06-30T08:00:00+00:00,0.0724,0.07248,0.07201,0.07237,3276568.3
2026-06-30T09:00:00+00:00,0.07237,0.07257,0.07222,0.07255,1686154.0
2026-06-30T10:00:00+00:00,0.07255,0.07264,0.0723,0.07249,2487630.6
2026-06-30T11:00:00+00:00,0.07249,0.07255,0.071,0.07145,20589798.1
2026-06-30T12:00:00+00:00,0.07145,0.07145,0.06952,0.06966,50001536.1
2026-06-30T13:00:00+00:00,0.06966,0.07085,0.06964,0.07075,12299248.9
2026-06-30T14:00:00+00:00,0.07075,0.0713,0.07023,0.07036,6518489.2
2026-06-30T15:00:00+00:00,0.07036,0.0711,0.07021,0.07072,5300855.7
2026-06-30T16:00:00+00:00,0.07072,0.07156,0.07057,0.07141,2947278.3
2026-06-30T17:00:00+00:00,0.07141,0.07165,0.07115,0.07135,1106939.7
2026-06-30T18:00:00+00:00,0.07135,0.07286,0.07126,0.07244,15278524.8
2026-06-30T19:00:00+00:00,0.07244,0.07255,0.07212,0.0723,1948296.2
2026-06-30T20:00:00+00:00,0.0723,0.07238,0.07192,0.07205,722223.4
2026-06-30T21:00:00+00:00,0.07205,0.07223,0.07185,0.07214,14543493.0
2026-06-30T22:00:00+00:00,0.07214,0.07233,0.07183,0.07196,5183265.6
2026-06-30T23:00:00+00:00,0.07196,0.07214,0.07184,0.07207,4337941.0
2026-07-01T00:00:00+00:00,0.07207,0.07217,0.07162,0.0718,5887095.8
2026-07-01T01:00:00+00:00,0.0718,0.07211,0.07051,0.07188,6741405.6
2026-07-01T02:00:00+00:00,0.07188,0.07229,0.07174,0.07197,7045273.7
2026-07-01T03:00:00+00:00,0.07197,0.07249,0.07186,0.07233,2560597.8
2026-07-01T04:00:00+00:00,0.07233,0.07271,0.07227,0.07253,831581.1
2026-07-01T05:00:00+00:00,0.07253,0.0726,0.07224,0.07233,1047302.1
2026-07-01T06:00:00+00:00,0.07233,0.07236,0.0711,0.07141,9361184.3
2026-07-01T07:00:00+00:00,0.07141,0.07161,0.0713,0.07151,1536431.1
2026-07-01T08:00:00+00:00,0.07151,0.07156,0.07089,0.07151,2538901.1
2026-07-01T09:00:00+00:00,0.07151,0.07161,0.07115,0.07131,3291126.8
2026-07-01T10:00:00+00:00,0.07131,0.07138,0.07081,0.07098,1911535.4
2026-07-01T11:00:00+00:00,0.07098,0.07125,0.07083,0.07116,947478.0
2026-07-01T12:00:00+00:00,0.07116,0.07145,0.07088,0.07145,2475748.3
2026-07-01T13:00:00+00:00,0.07145,0.07249,0.07123,0.07242,9609891.2
2026-07-01T14:00:00+00:00,0.07242,0.073,0.07216,0.07263,5004309.6
2026-07-01T15:00:00+00:00,0.07263,0.07357,0.07263,0.07337,6336627.6
2026-07-01T16:00:00+00:00,0.07337,0.07353,0.07293,0.07305,4029833.6
2026-07-01T17:00:00+00:00,0.07305,0.07362,0.07278,0.07347,2182163.2
2026-07-01T18:00:00+00:00,0.07347,0.0736,0.07301,0.0731,2586499.5
2026-07-01T19:00:00+00:00,0.0731,0.07337,0.07269,0.07283,2653326.8
2026-07-01T20:00:00+00:00,0.07283,0.07289,0.07254,0.07284,2258446.0
2026-07-01T21:00:00+00:00,0.07284,0.07359,0.07282,0.07346,5241405.3
2026-07-01T22:00:00+00:00,0.07346,0.07396,0.073,0.07306,5182014.9
2026-07-01T23:00:00+00:00,0.07306,0.07306,0.07218,0.0722,4595493.7
2026-07-02T00:00:00+00:00,0.0722,0.07231,0.07165,0.07192,1900587.2
2026-07-02T01:00:00+00:00,0.07192,0.07285,0.07192,0.07254,1421054.5
2026-07-02T02:00:00+00:00,0.07254,0.07283,0.07228,0.07275,895461.4
2026-07-02T03:00:00+00:00,0.07275,0.07349,0.07234,0.07338,7608821.4
2026-07-02T04:00:00+00:00,0.07338,0.07344,0.07291,0.07327,3709232.9
2026-07-02T05:00:00+00:00,0.07327,0.07327,0.07261,0.07275,1694309.3
2026-07-02T06:00:00+00:00,0.07275,0.07288,0.07243,0.07251,5468457.6
2026-07-02T07:00:00+00:00,0.07251,0.07263,0.07232,0.07255,4548843.8
2026-07-02T08:00:00+00:00,0.07255,0.07309,0.07252,0.07306,1837544.5
2026-07-02T09:00:00+00:00,0.07306,0.07379,0.07276,0.07347,6540127.0
2026-07-02T10:00:00+00:00,0.07347,0.07411,0.0734,0.07398,2582204.6
2026-07-02T11:00:00+00:00,0.07398,0.07435,0.07382,0.07419,3031473.8
2026-07-02T12:00:00+00:00,0.07419,0.07475,0.07409,0.07436,10130396.1
2026-07-02T13:00:00+00:00,0.07436,0.07556,0.07425,0.07509,9507486.2
2026-07-02T14:00:00+00:00,0.07509,0.07548,0.07426,0.07449,7064065.9
2026-07-02T15:00:00+00:00,0.07449,0.07475,0.07404,0.07454,4066844.3
2026-07-02T16:00:00+00:00,0.07454,0.07477,0.0741,0.07432,2256150.3
2026-07-02T17:00:00+00:00,0.07432,0.07458,0.07414,0.07424,1320349.7
2026-07-02T18:00:00+00:00,0.07424,0.07454,0.07422,0.07439,1504754.9
2026-07-02T19:00:00+00:00,0.07439,0.07451,0.07414,0.07423,1718792.1
2026-07-02T20:00:00+00:00,0.07423,0.07428,0.07399,0.07411,2537749.8
2026-07-02T21:00:00+00:00,0.07411,0.07418,0.07385,0.07408,1399790.3
2026-07-02T22:00:00+00:00,0.07408,0.07412,0.07376,0.074,615922.8
2026-07-02T23:00:00+00:00,0.074,0.07438,0.07388,0.07418,653625.8
2026-07-03T00:00:00+00:00,0.07418,0.07431,0.07394,0.074,1658848.8
2026-07-03T01:00:00+00:00,0.074,0.07498,0.07396,0.0748,3264252.4
2026-07-03T02:00:00+00:00,0.0748,0.07491,0.07443,0.07475,1096683.2
2026-07-03T03:00:00+00:00,0.07475,0.07486,0.07428,0.07483,3072926.5
2026-07-03T04:00:00+00:00,0.07483,0.07483,0.07444,0.07451,925936.0
2026-07-03T05:00:00+00:00,0.07451,0.07541,0.07451,0.07506,2386912.8
2026-07-03T06:00:00+00:00,0.07506,0.07535,0.07504,0.0752,5342482.7
2026-07-03T07:00:00+00:00,0.0752,0.07539,0.07509,0.07531,2222631.7
2026-07-03T08:00:00+00:00,0.07531,0.07558,0.07486,0.07491,9561616.7
2026-07-03T09:00:00+00:00,0.07491,0.07514,0.07476,0.07501,1213974.8
2026-07-03T10:00:00+00:00,0.07501,0.07559,0.07497,0.0754,2799686.1
2026-07-03T11:00:00+00:00,0.0754,0.07614,0.07528,0.07594,5531607.2
2026-07-03T12:00:00+00:00,0.07594,0.07616,0.07568,0.07603,2974815.0
2026-07-03T13:00:00+00:00,0.07603,0.0767,0.07595,0.07663,7369850.5
2026-07-03T14:00:00+00:00,0.07663,0.07666,0.07594,0.07663,4146116.3
