timestamp,open,high,low,close,volume
2026-04-11T07:00:00+00:00,2236.16,2236.9,2231.13,2233.07,1049.49885
2026-04-11T08:00:00+00:00,2233.07,2235.94,2231.37,2233.0,1761.25021
2026-04-11T09:00:00+00:00,2233.0,2249.4,2232.44,2243.8,2899.3937
2026-04-11T10:00:00+00:00,2243.8,2245.35,2237.83,2240.72,1708.41247
2026-04-11T11:00:00+00:00,2240.72,2247.15,2238.84,2246.32,2064.94762
2026-04-11T12:00:00+00:00,2246.32,2247.05,2241.4,2245.64,1878.5328
2026-04-11T13:00:00+00:00,2245.64,2245.64,2233.7,2239.81,3030.55013
2026-04-11T14:00:00+00:00,2239.81,2244.4,2238.37,2242.24,1420.17804
2026-04-11T15:00:00+00:00,2242.24,2256.76,2241.45,2249.75,2032.6971
2026-04-11T16:00:00+00:00,2249.75,2274.13,2246.69,2258.96,3224.36082
2026-04-11T17:00:00+00:00,2258.96,2265.5,2253.72,2259.86,1827.16808
2026-04-11T18:00:00+00:00,2259.86,2313.7,2257.2,2305.11,10555.29575
2026-04-11T19:00:00+00:00,2305.11,2329.62,2305.11,2315.92,7090.07228
2026-04-11T20:00:00+00:00,2315.92,2317.15,2288.29,2298.29,4543.99605
2026-04-11T21:00:00+00:00,2298.29,2304.26,2292.23,2299.5,2489.76842
2026-04-11T22:00:00+00:00,2299.5,2308.23,2289.05,2296.86,3207.51851
2026-04-11T23:00:00+00:00,2296.86,2296.86,2276.53,2284.98,2940.61769
2026-04-12T00:00:00+00:00,2284.98,2288.55,2276.84,2285.64,2799.23136
2026-04-12T01:00:00+00:00,2285.64,2288.59,2209.13,2218.85,13608.02149
2026-04-12T02:00:00+00:00,2218.85,2234.89,2206.9,2223.6,4266.13327
2026-04-12T03:00:00+00:00,2223.6,2227.29,2212.66,2213.85,2693.68036
2026-04-12T04:00:00+00:00,2213.85,2216.53,2209.48,2212.15,3873.71977
2026-04-12T05:00:00+00:00,2212.15,2219.88,2208.24,2217.12,1946.63436
2026-04-12T06:00:00+00:00,2217.12,2220.82,2214.55,2215.87,1321.28434
2026-04-12T07:00:00+00:00,2215.87,2220.62,2212.5,2218.07,2781.69206
2026-04-12T08:00:00+00:00,2218.07,2219.56,2211.77,2213.97,2294.56368
2026-04-12T09:00:00+00:00,2213.97,2216.12,2211.18,2214.12,1399.22008
2026-04-12T10:00:00+00:00,2214.12,2217.35,2194.05,2201.53,5237.74057
2026-04-12T11:00:00+00:00,2201.53,2207.35,2197.03,2204.34,1988.79215
2026-04-12T12:00:00+00:00,2204.34,2208.1,2188.59,2194.46,4120.15439
2026-04-12T13:00:00+00:00,2194.46,2198.94,2184.36,2186.84,5408.74378
2026-04-12T14:00:00+00:00,2186.84,2193.6,2178.33,2180.7,5583.12556
2026-04-12T15:00:00+00:00,2180.7,2188.85,2174.91,2186.29,4454.78344
2026-04-12T16:00:00+00:00,2186.29,2190.2,2182.71,2187.1,2776.49602
2026-04-12T17:00:00+00:00,2187.1,2205.0,2187.1,2203.28,4398.85091
2026-04-12T18:00:00+00:00,2203.28,2207.41,2199.24,2200.36,2736.53503
2026-04-12T19:00:00+00:00,2200.36,2205.08,2197.25,2198.25,1211.23858
2026-04-12T20:00:00+00:00,2198.25,2218.37,2193.21,2213.31,3512.18485
2026-04-12T21:00:00+00:00,2213.31,2217.91,2204.71,2210.91,1528.4854
2026-04-12T22:00:00+00:00,2210.91,2211.91,2183.26,2199.39,4741.32006
2026-04-12T23:00:00+00:00,2199.39,2199.39,2186.01,2191.59,1797.42446
2026-04-13T00:00:00+00:00,2191.59,2208.24,2187.07,2205.08,2779.96686
2026-04-13T01:00:00+00:00,2205.08,2208.84,2200.26,2203.43,1929.07767
2026-04-13T02:00:00+00:00,2203.43,2205.66,2192.34,2194.12,2344.26918
2026-04-13T03:00:00+00:00,2194.12,2196.21,2190.08,2194.26,1571.80968
2026-04-13T04:00:00+00:00,2194.26,2199.38,2187.53,2190.28,1753.22471
2026-04-13T05:00:00+00:00,2190.28,2191.49,2182.01,2191.32,2247.22997
2026-04-13T06:00:00+00:00,2191.32,2201.76,2190.71,2198.48,3657.02136
2026-04-13T07:00:00+00:00,2198.48,2200.18,2183.01,2186.56,3763.6502
2026-04-13T08:00:00+00:00,2186.56,2189.78,2179.52,2185.31,4650.95107
2026-04-13T09:00:00+00:00,2185.31,2195.56,2185.31,2188.02,1639.83165
2026-04-13T10:00:00+00:00,2188.02,2188.92,2179.0,2183.54,1570.17108
2026-04-13T11:00:00+00:00,2183.54,2191.18,2182.31,2187.35,1740.35056
2026-04-13T12:00:00+00:00,2187.35,2198.92,2175.05,2192.53,5283.02082
2026-04-13T13:00:00+00:00,2192.53,2215.43,2181.2,2215.19,8772.28769
2026-04-13T14:00:00+00:00,2215.19,2235.19,2203.11,2233.93,10605.74359
2026-04-13T15:00:00+00:00,2233.93,2236.54,2198.75,2209.17,5729.00874
2026-04-13T16:00:00+00:00,2209.17,2234.77,2199.8,2225.78,6655.92674
2026-04-13T17:00:00+00:00,2225.78,2242.83,2222.4,2225.06,4275.99308
2026-04-13T18:00:00+00:00,2225.06,2233.95,2218.45,2232.37,2843.22185
2026-04-13T19:00:00+00:00,2232.37,2269.36,2227.99,2262.15,11513.37886
2026-04-13T20:00:00+00:00,2262.15,2263.5,2247.42,2252.58,5333.92986
2026-04-13T21:00:00+00:00,2252.58,2267.22,2249.7,2259.95,2741.28655
2026-04-13T22:00:00+00:00,2259.95,2363.11,2259.64,2352.8,25326.0318
2026-04-13T23:00:00+00:00,2352.8,2394.23,2341.37,2369.1,18388.38573
2026-04-14T00:00:00+00:00,2369.1,2375.19,2359.69,2361.01,8998.60767
2026-04-14T01:00:00+00:00,2361.01,2373.31,2354.0,2368.62,4964.90808
2026-04-14T02:00:00+00:00,2368.62,2378.74,2366.11,2367.69,6174.3095
2026-04-14T03:00:00+00:00,2367.69,2370.38,2361.83,2365.67,3702.34797
2026-04-14T04:00:00+00:00,2365.67,2368.32,2361.9,2364.45,3442.96712
2026-04-14T05:00:00+00:00,2364.45,2369.34,2354.75,2355.58,5269.09792
2026-04-14T06:00:00+00:00,2355.58,2376.78,2355.58,2373.02,5932.83944
2026-04-14T07:00:00+00:00,2373.02,2390.0,2370.66,2377.75,7266.36959
2026-04-14T08:00:00+00:00,2377.75,2395.88,2372.88,2387.71,8040.34766
2026-04-14T09:00:00+00:00,2387.71,2394.34,2382.66,2387.04,4879.98863
2026-04-14T10:00:00+00:00,2387.04,2387.88,2372.37,2374.85,3350.16976
2026-04-14T11:00:00+00:00,2374.85,2378.34,2367.5,2374.19,3232.87138
2026-04-14T12:00:00+00:00,2374.19,2378.33,2368.72,2373.92,3365.46438
2026-04-14T13:00:00+00:00,2373.92,2396.01,2372.38,2391.58,10411.22644
2026-04-14T14:00:00+00:00,2391.58,2415.55,2352.0,2352.93,18311.46643
2026-04-14T15:00:00+00:00,2352.93,2372.05,2331.61,2364.43,14050.89072
2026-04-14T16:00:00+00:00,2364.43,2371.35,2329.39,2333.82,8961.42588
2026-04-14T17:00:00+00:00,2333.82,2345.25,2323.5,2338.41,7462.65108
2026-04-14T18:00:00+00:00,2338.41,2344.4,2308.85,2313.71,8486.29675
2026-04-14T19:00:00+00:00,2313.71,2322.48,2302.63,2313.18,7727.10518
2026-04-14T20:00:00+00:00,2313.18,2323.03,2308.49,2315.0,3735.48819
2026-04-14T21:00:00+00:00,2315.0,2326.61,2314.65,2323.51,3489.71151
2026-04-14T22:00:00+00:00,2323.51,2332.14,2311.66,2315.02,3875.12847
2026-04-14T23:00:00+00:00,2315.02,2326.77,2314.21,2322.4,3345.9875
2026-04-15T00:00:00+00:00,2322.4,2342.93,2321.57,2333.6,4074.59824
2026-04-15T01:00:00+00:00,2333.6,2342.75,2331.17,2335.64,3381.4675
2026-04-15T02:00:00+00:00,2335.64,2338.14,2317.61,2324.91,2905.89316
2026-04-15T03:00:00+00:00,2324.91,2329.68,2320.42,2328.64,1655.97653
2026-04-15T04:00:00+00:00,2328.64,2334.49,2327.93,2333.1,2273.06425
2026-04-15T05:00:00+00:00,2333.1,2338.36,2313.91,2319.22,4539.14351
2026-04-15T06:00:00+00:00,2319.22,2321.12,2315.03,2317.08,2112.83296
2026-04-15T07:00:00+00:00,2317.08,2323.71,2307.83,2316.4,5378.32052
2026-04-15T08:00:00+00:00,2316.4,2333.14,2313.74,2327.52,5048.82859
2026-04-15T09:00:00+00:00,2327.52,2329.67,2318.56,2319.99,1831.28702
2026-04-15T10:00:00+00:00,2319.99,2328.63,2312.01,2316.71,3226.61654
2026-04-15T11:00:00+00:00,2316.71,2340.16,2316.44,2337.21,3524.27444
2026-04-15T12:00:00+00:00,2337.21,2340.0,2329.65,2332.85,3554.16646
2026-04-15T13:00:00+00:00,2332.85,2334.66,2317.08,2327.09,6295.43474
2026-04-15T14:00:00+00:00,2327.09,2345.75,2321.89,2338.49,5416.14464
2026-04-15T15:00:00+00:00,2338.49,2349.62,2320.73,2331.98,6600.85009
2026-04-15T16:00:00+00:00,2331.98,2349.97,2329.17,2341.63,4773.53602
2026-04-15T17:00:00+00:00,2341.63,2358.8,2339.67,2348.78,4839.36172
2026-04-15T18:00:00+00:00,2348.78,2359.99,2345.94,2358.6,3581.80237
2026-04-15T19:00:00+00:00,2358.6,2386.15,2357.29,2375.28,7514.20183
2026-04-15T20:00:00+00:00,2375.28,2376.7,2354.17,2362.94,3674.35683
2026-04-15T21:00:00+00:00,2362.94,2363.83,2348.88,2361.47,2535.0892
2026-04-15T22:00:00+00:00,2361.47,2380.85,2360.28,2363.73,3881.43703
2026-04-15T23:00:00+00:00,2363.73,2363.81,2349.18,2360.14,3820.8553
2026-04-16T00:00:00+00:00,2360.14,2363.9,2349.8,2360.73,2238.04709
2026-04-16T01:00:00+00:00,2360.73,2360.73,2344.9,2352.2,2106.17738
2026-04-16T02:00:00+00:00,2352.2,2369.55,2349.71,2356.87,3017.40729
2026-04-16T03:00:00+00:00,2356.87,2366.29,2355.83,2357.88,2186.87004
2026-04-16T04:00:00+00:00,2357.88,2364.11,2348.34,2354.16,2609.92093
2026-04-16T05:00:00+00:00,2354.16,2362.12,2350.0,2357.11,2792.83657
2026-04-16T06:00:00+00:00,2357.11,2360.9,2349.75,2356.1,2310.89367
2026-04-16T07:00:00+00:00,2356.1,2357.46,2335.76,2341.63,3762.80121
2026-04-16T08:00:00+00:00,2341.63,2346.07,2334.8,2339.16,4392.24632
2026-04-16T09:00:00+00:00,2339.16,2348.56,2337.64,2338.19,3269.95057
2026-04-16T10:00:00+00:00,2338.19,2340.34,2328.65,2332.43,5160.60123
2026-04-16T11:00:00+00:00,2332.43,2336.3,2329.64,2335.81,2796.25328
2026-04-16T12:00:00+00:00,2335.81,2348.47,2334.91,2340.35,5053.40001
2026-04-16T13:00:00+00:00,2340.35,2352.06,2290.87,2308.39,13592.25229
2026-04-16T14:00:00+00:00,2308.39,2316.1,2284.4,2309.86,20441.98434
2026-04-16T15:00:00+00:00,2309.86,2349.67,2308.19,2338.73,15585.73559
2026-04-16T16:00:00+00:00,2338.73,2348.76,2309.49,2316.49,11303.72027
2026-04-16T17:00:00+00:00,2316.49,2329.23,2309.62,2325.51,8020.50173
2026-04-16T18:00:00+00:00,2325.51,2346.84,2319.83,2343.22,6689.8883
2026-04-16T19:00:00+00:00,2343.22,2362.4,2334.38,2359.54,7843.20267
2026-04-16T20:00:00+00:00,2359.54,2364.99,2341.32,2350.01,5278.56192
2026-04-16T21:00:00+00:00,2350.01,2356.66,2336.27,2341.33,3100.762
2026-04-16T22:00:00+00:00,2341.33,2350.79,2339.19,2342.5,2447.57068
2026-04-16T23:00:00+00:00,2342.5,2354.99,2341.56,2348.07,2057.89494
2026-04-17T00:00:00+00:00,2348.07,2350.86,2340.89,2344.42,2230.10825
2026-04-17T01:00:00+00:00,2344.42,2349.19,2327.04,2335.14,5297.49412
2026-04-17T02:00:00+00:00,2335.14,2338.64,2324.62,2331.67,2380.23174
2026-04-17T03:00:00+00:00,2331.67,2331.83,2323.76,2325.49,2108.40446
2026-04-17T04:00:00+00:00,2325.49,2333.91,2324.12,2328.9,1368.23147
2026-04-17T05:00:00+00:00,2328.9,2329.22,2317.04,2319.27,2925.35439
2026-04-17T06:00:00+00:00,2319.27,2332.48,2317.51,2331.17,3159.2399
2026-04-17T07:00:00+00:00,2331.17,2342.58,2329.95,2334.26,2907.94924
2026-04-17T08:00:00+00:00,2334.26,2359.25,2332.92,2354.73,5427.67177
2026-04-17T09:00:00+00:00,2354.73,2377.83,2348.0,2359.11,7425.41986
2026-04-17T10:00:00+00:00,2359.11,2361.12,2336.37,2343.98,7125.93937
2026-04-17T11:00:00+00:00,2343.98,2356.98,2343.17,2354.87,4056.22587
2026-04-17T12:00:00+00:00,2354.87,2383.01,2349.06,2371.8,8974.93191
2026-04-17T13:00:00+00:00,2371.8,2440.94,2366.75,2437.01,28016.11015
2026-04-17T14:00:00+00:00,2437.01,2457.66,2425.8,2447.17,15885.34512
2026-04-17T15:00:00+00:00,2447.17,2449.54,2432.71,2441.97,10143.15861
2026-04-17T16:00:00+00:00,2441.97,2465.0,2441.18,2451.2,9274.15829
2026-04-17T17:00:00+00:00,2451.2,2452.33,2419.2,2440.54,9253.22379
2026-04-17T18:00:00+00:00,2440.54,2442.71,2415.0,2419.71,9552.07601
2026-04-17T19:00:00+00:00,2419.71,2432.95,2417.05,2427.76,6744.49158
2026-04-17T20:00:00+00:00,2427.76,2435.53,2416.47,2426.36,3795.9689
2026-04-17T21:00:00+00:00,2426.36,2433.4,2418.5,2429.21,2135.32128
2026-04-17T22:00:00+00:00,2429.21,2442.92,2422.54,2433.08,10219.63083
2026-04-17T23:00:00+00:00,2433.08,2433.47,2415.44,2418.96,5086.09379
2026-04-18T00:00:00+00:00,2418.96,2423.44,2409.07,2420.85,4430.3147
2026-04-18T01:00:00+00:00,2420.85,2427.43,2416.75,2420.9,1937.63318
2026-04-18T02:00:00+00:00,2420.9,2424.59,2416.53,2419.25,1769.68552
2026-04-18T03:00:00+00:00,2419.25,2420.0,2399.15,2404.9,4775.92666
2026-04-18T04:00:00+00:00,2404.9,2410.17,2399.14,2407.12,2853.0256
2026-04-18T05:00:00+00:00,2407.12,2413.4,2405.39,2408.56,1624.37133
2026-04-18T06:00:00+00:00,2408.56,2411.68,2405.01,2409.29,1445.58208
2026-04-18T07:00:00+00:00,2409.29,2410.68,2401.3,2403.21,2542.29723
2026-04-18T08:00:00+00:00,2403.21,2404.71,2367.67,2380.68,12013.52866
2026-04-18T09:00:00+00:00,2380.68,2380.68,2369.14,2375.82,4058.86022
2026-04-18T10:00:00+00:00,2375.82,2375.93,2354.24,2358.97,6469.8088
2026-04-18T11:00:00+00:00,2358.97,2360.33,2343.46,2352.83,6278.9154
2026-04-18T12:00:00+00:00,2352.83,2362.72,2349.44,2357.84,4186.27436
2026-04-18T13:00:00+00:00,2357.84,2360.12,2345.0,2355.24,4036.48225
2026-04-18T14:00:00+00:00,2355.24,2365.63,2349.0,2364.73,6194.26544
2026-04-18T15:00:00+00:00,2364.73,2369.37,2358.04,2363.17,4759.8861
2026-04-18T16:00:00+00:00,2363.17,2375.0,2354.31,2360.28,6761.8887
2026-04-18T17:00:00+00:00,2360.28,2364.59,2352.83,2361.16,3169.89926
2026-04-18T18:00:00+00:00,2361.16,2363.42,2338.58,2346.91,8415.54613
2026-04-18T19:00:00+00:00,2346.91,2355.45,2345.97,2348.05,3992.96216
2026-04-18T20:00:00+00:00,2348.05,2354.58,2344.33,2352.24,2493.33992
2026-04-18T21:00:00+00:00,2352.24,2355.12,2347.12,2355.12,1779.08422
2026-04-18T22:00:00+00:00,2355.12,2359.3,2348.48,2356.31,2747.24576
2026-04-18T23:00:00+00:00,2356.31,2361.68,2349.39,2350.37,2143.47476
2026-04-19T00:00:00+00:00,2350.37,2355.19,2344.2,2349.0,2030.97135
2026-04-19T01:00:00+00:00,2349.0,2352.98,2341.29,2347.41,3294.69124
2026-04-19T02:00:00+00:00,2347.41,2349.09,2332.96,2338.01,4642.14663
2026-04-19T03:00:00+00:00,2338.01,2346.2,2331.64,2339.72,2528.98436
2026-04-19T04:00:00+00:00,2339.72,2345.96,2321.1,2333.11,5837.82513
2026-04-19T05:00:00+00:00,2333.11,2338.55,2328.79,2332.43,2704.5473
2026-04-19T06:00:00+00:00,2332.43,2332.99,2321.28,2327.13,5828.91765
2026-04-19T07:00:00+00:00,2327.13,2327.16,2297.0,2315.65,16707.34969
2026-04-19T08:00:00+00:00,2315.65,2320.8,2310.92,2318.43,3277.56089
2026-04-19T09:00:00+00:00,2318.43,2319.32,2306.01,2309.97,4565.83743
2026-04-19T10:00:00+00:00,2309.97,2320.04,2306.26,2317.97,2686.07762
2026-04-19T11:00:00+00:00,2317.97,2331.32,2317.27,2329.07,4187.13091
2026-04-19T12:00:00+00:00,2329.07,2336.91,2324.24,2331.14,7273.07547
2026-04-19T13:00:00+00:00,2331.14,2349.85,2330.29,2338.51,8401.18575
2026-04-19T14:00:00+00:00,2338.51,2343.28,2326.95,2337.74,7482.81033
2026-04-19T15:00:00+00:00,2337.74,2341.41,2315.14,2330.6,10070.00765
2026-04-19T16:00:00+00:00,2330.6,2331.31,2303.62,2311.58,13729.13585
2026-04-19T17:00:00+00:00,2311.58,2317.38,2293.67,2296.26,12628.48202
2026-04-19T18:00:00+00:00,2296.26,2301.75,2287.45,2295.94,10340.89906
2026-04-19T19:00:00+00:00,2295.94,2305.09,2294.07,2299.64,6888.36487
2026-04-19T20:00:00+00:00,2299.64,2300.17,2272.84,2280.26,12092.86045
2026-04-19T21:00:00+00:00,2280.26,2290.37,2274.41,2275.72,8598.78329
2026-04-19T22:00:00+00:00,2275.72,2275.96,2251.46,2269.88,15230.21974
2026-04-19T23:00:00+00:00,2269.88,2270.66,2256.3,2263.35,8595.59532
2026-04-20T00:00:00+00:00,2263.35,2283.33,2259.43,2279.91,10606.38849
2026-04-20T01:00:00+00:00,2279.91,2294.24,2278.24,2286.32,7537.14928
2026-04-20T02:00:00+00:00,2286.32,2287.68,2272.01,2277.71,5447.00771
2026-04-20T03:00:00+00:00,2277.71,2289.24,2276.01,2286.52,4890.07971
2026-04-20T04:00:00+00:00,2286.52,2286.52,2278.52,2283.41,4047.30738
2026-04-20T05:00:00+00:00,2283.41,2283.41,2263.13,2270.28,3859.25284
2026-04-20T06:00:00+00:00,2270.28,2289.39,2268.64,2286.28,4799.00505
2026-04-20T07:00:00+00:00,2286.28,2332.59,2282.95,2298.09,16905.27842
2026-04-20T08:00:00+00:00,2298.09,2308.0,2289.5,2294.02,9479.02156
2026-04-20T09:00:00+00:00,2294.02,2313.61,2292.98,2308.91,5739.68856
2026-04-20T10:00:00+00:00,2308.91,2320.0,2302.71,2303.25,6555.42361
2026-04-20T11:00:00+00:00,2303.25,2312.4,2299.49,2308.01,4707.47226
2026-04-20T12:00:00+00:00,2308.01,2323.47,2304.13,2318.73,7089.32122
2026-04-20T13:00:00+00:00,2318.73,2326.61,2301.23,2310.8,13645.93561
2026-04-20T14:00:00+00:00,2310.8,2322.45,2282.49,2290.84,15742.16468
2026-04-20T15:00:00+00:00,2290.84,2319.31,2278.29,2314.02,13124.21864
2026-04-20T16:00:00+00:00,2314.02,2314.91,2298.42,2300.0,5741.70259
2026-04-20T17:00:00+00:00,2300.0,2322.57,2297.47,2317.35,9989.6533
2026-04-20T18:00:00+00:00,2317.35,2344.16,2317.35,2334.21,16886.38096
2026-04-20T19:00:00+00:00,2334.21,2336.02,2326.52,2332.02,7316.81128
2026-04-20T20:00:00+00:00,2332.02,2340.08,2325.32,2337.3,9905.76074
2026-04-20T21:00:00+00:00,2337.3,2346.74,2314.94,2321.55,11973.07274
2026-04-20T22:00:00+00:00,2321.55,2328.49,2316.52,2319.34,4793.90601
2026-04-20T23:00:00+00:00,2319.34,2319.45,2306.73,2313.68,9648.5749
2026-04-21T00:00:00+00:00,2313.68,2324.77,2311.5,2321.92,5810.15024
2026-04-21T01:00:00+00:00,2321.92,2326.65,2311.99,2314.7,5126.11549
2026-04-21T02:00:00+00:00,2314.7,2315.76,2306.21,2308.1,4734.93985
2026-04-21T03:00:00+00:00,2308.1,2312.87,2299.88,2311.2,5632.93258
2026-04-21T04:00:00+00:00,2311.2,2315.76,2304.05,2314.34,4488.01118
2026-04-21T05:00:00+00:00,2314.34,2320.8,2312.46,2314.04,3251.35889
2026-04-21T06:00:00+00:00,2314.04,2327.44,2307.74,2317.24,3910.49411
2026-04-21T07:00:00+00:00,2317.24,2324.86,2311.31,2318.15,4212.7316
2026-04-21T08:00:00+00:00,2318.15,2338.99,2313.62,2323.16,6719.42988
2026-04-21T09:00:00+00:00,2323.16,2327.4,2317.77,2325.32,3424.42027
2026-04-21T10:00:00+00:00,2325.32,2337.18,2324.86,2330.93,3945.81683
2026-04-21T11:00:00+00:00,2330.93,2331.25,2315.44,2319.98,6098.37102
2026-04-21T12:00:00+00:00,2319.98,2324.68,2294.06,2308.3,9199.4902
2026-04-21T13:00:00+00:00,2308.3,2317.1,2300.39,2312.55,8207.49959
2026-04-21T14:00:00+00:00,2312.55,2328.0,2295.15,2299.03,9701.81837
2026-04-21T15:00:00+00:00,2299.03,2310.95,2289.73,2310.38,6887.97388
2026-04-21T16:00:00+00:00,2310.38,2324.6,2306.33,2307.36,6444.41078
2026-04-21T17:00:00+00:00,2307.36,2320.46,2283.38,2306.17,11732.1769
2026-04-21T18:00:00+00:00,2306.17,2313.33,2299.74,2312.7,4905.31556
2026-04-21T19:00:00+00:00,2312.7,2332.58,2287.05,2298.68,13187.79276
2026-04-21T20:00:00+00:00,2298.68,2326.13,2295.89,2314.51,11979.97718
2026-04-21T21:00:00+00:00,2314.51,2318.19,2309.76,2312.5,1452.52341
2026-04-21T22:00:00+00:00,2312.5,2316.94,2301.67,2311.35,3395.53209
2026-04-21T23:00:00+00:00,2311.35,2330.0,2310.98,2327.34,3332.45966
2026-04-22T00:00:00+00:00,2327.34,2330.81,2322.35,2325.46,3610.56917
2026-04-22T01:00:00+00:00,2325.46,2328.77,2312.85,2322.52,2523.06334
2026-04-22T02:00:00+00:00,2322.52,2375.26,2319.85,2370.49,16848.99739
2026-04-22T03:00:00+00:00,2370.49,2379.64,2358.11,2363.53,10265.04
2026-04-22T04:00:00+00:00,2363.53,2369.39,2358.1,2363.76,4421.62413
2026-04-22T05:00:00+00:00,2363.76,2412.81,2361.63,2396.23,20854.69525
2026-04-22T06:00:00+00:00,2396.23,2396.6,2389.08,2392.97,5321.65826
2026-04-22T07:00:00+00:00,2392.97,2397.32,2383.36,2389.86,6639.42602
2026-04-22T08:00:00+00:00,2389.86,2393.6,2382.88,2388.1,4976.04456
2026-04-22T09:00:00+00:00,2388.1,2394.16,2384.6,2387.34,3974.49155
2026-04-22T10:00:00+00:00,2387.34,2393.67,2384.89,2389.98,2654.697
2026-04-22T11:00:00+00:00,2389.98,2400.5,2386.35,2398.57,4849.59551
2026-04-22T12:00:00+00:00,2398.57,2407.16,2396.01,2404.88,8350.4911
2026-04-22T13:00:00+00:00,2404.88,2423.22,2401.14,2417.29,13579.76052
2026-04-22T14:00:00+00:00,2417.29,2423.74,2391.8,2402.85,12532.91457
2026-04-22T15:00:00+00:00,2402.85,2413.89,2390.15,2403.76,10163.44047
2026-04-22T16:00:00+00:00,2403.76,2413.69,2384.01,2386.01,9033.86337
2026-04-22T17:00:00+00:00,2386.01,2402.71,2386.01,2398.94,6328.16411
2026-04-22T18:00:00+00:00,2398.94,2404.68,2394.73,2396.9,4864.60961
2026-04-22T19:00:00+00:00,2396.9,2407.07,2388.63,2397.34,6632.19679
2026-04-22T20:00:00+00:00,2397.34,2402.29,2390.28,2391.66,3875.74615
2026-04-22T21:00:00+00:00,2391.66,2405.87,2391.07,2402.47,2637.14638
2026-04-22T22:00:00+00:00,2402.47,2405.15,2393.9,2399.9,2401.53252
2026-04-22T23:00:00+00:00,2399.9,2400.46,2373.84,2374.12,5162.66474
2026-04-23T00:00:00+00:00,2374.12,2382.49,2343.01,2372.68,12518.79957
2026-04-23T01:00:00+00:00,2372.68,2372.95,2360.41,2366.72,4346.96809
2026-04-23T02:00:00+00:00,2366.72,2366.79,2343.6,2351.84,8901.70789
2026-04-23T03:00:00+00:00,2351.84,2353.54,2331.29,2340.76,8369.00851
2026-04-23T04:00:00+00:00,2340.76,2348.7,2336.96,2347.56,4262.52181
2026-04-23T05:00:00+00:00,2347.56,2353.06,2340.31,2349.04,4691.16349
2026-04-23T06:00:00+00:00,2349.04,2360.0,2349.04,2354.94,4863.43597
2026-04-23T07:00:00+00:00,2354.94,2357.21,2340.78,2344.52,4503.32125
2026-04-23T08:00:00+00:00,2344.52,2345.32,2335.0,2340.03,4650.41885
2026-04-23T09:00:00+00:00,2340.03,2340.03,2314.58,2316.48,8356.51124
2026-04-23T10:00:00+00:00,2316.48,2319.47,2305.96,2314.47,5767.10694
2026-04-23T11:00:00+00:00,2314.47,2332.27,2314.47,2329.17,3939.89105
2026-04-23T12:00:00+00:00,2329.17,2335.76,2320.0,2329.12,5867.64779
2026-04-23T13:00:00+00:00,2329.12,2332.64,2315.16,2319.55,6407.56578
2026-04-23T14:00:00+00:00,2319.55,2335.14,2316.06,2334.25,6142.88167
2026-04-23T15:00:00+00:00,2334.25,2343.87,2323.81,2333.48,7355.82779
2026-04-23T16:00:00+00:00,2333.48,2335.79,2323.09,2326.18,3815.72842
2026-04-23T17:00:00+00:00,2326.18,2329.31,2284.86,2310.3,19576.76264
2026-04-23T18:00:00+00:00,2310.3,2319.36,2303.69,2305.13,6676.5258
2026-04-23T19:00:00+00:00,2305.13,2319.36,2300.46,2313.22,5246.20111
2026-04-23T20:00:00+00:00,2313.22,2329.58,2312.8,2325.32,6053.18413
2026-04-23T21:00:00+00:00,2325.32,2328.88,2320.57,2321.23,2491.03474
2026-04-23T22:00:00+00:00,2321.23,2338.99,2321.23,2331.88,3458.67257
2026-04-23T23:00:00+00:00,2331.88,2333.32,2323.85,2330.34,2224.91267
2026-04-24T00:00:00+00:00,2330.34,2337.69,2326.97,2332.58,3586.65498
2026-04-24T01:00:00+00:00,2332.58,2334.38,2318.4,2332.9,3341.89804
2026-04-24T02:00:00+00:00,2332.9,2335.62,2315.13,2319.73,3402.80721
2026-04-24T03:00:00+00:00,2319.73,2323.03,2301.0,2308.59,5520.75711
2026-04-24T04:00:00+00:00,2308.59,2311.92,2300.0,2306.21,3605.79739
2026-04-24T05:00:00+00:00,2306.21,2317.62,2300.1,2315.06,4381.04799
2026-04-24T06:00:00+00:00,2315.06,2317.1,2308.25,2309.13,3354.39803
2026-04-24T07:00:00+00:00,2309.13,2316.47,2308.16,2311.61,5461.35779
2026-04-24T08:00:00+00:00,2311.61,2322.87,2307.25,2315.01,4415.12358
2026-04-24T09:00:00+00:00,2315.01,2315.8,2303.4,2310.06,4330.82819
2026-04-24T10:00:00+00:00,2310.06,2319.29,2305.69,2315.85,2639.94681
2026-04-24T11:00:00+00:00,2315.85,2332.45,2315.85,2328.2,6788.09675
2026-04-24T12:00:00+00:00,2328.2,2331.97,2318.21,2325.36,4264.99738
2026-04-24T13:00:00+00:00,2325.36,2332.71,2310.81,2317.28,6688.18678
2026-04-24T14:00:00+00:00,2317.28,2318.49,2303.84,2313.52,8408.09583
2026-04-24T15:00:00+00:00,2313.52,2330.05,2301.5,2323.9,6350.96658
2026-04-24T16:00:00+00:00,2323.9,2324.45,2310.01,2316.55,3527.16671
2026-04-24T17:00:00+00:00,2316.55,2322.25,2308.46,2319.72,4489.81033
2026-04-24T18:00:00+00:00,2319.72,2321.43,2309.6,2320.0,3269.79175
2026-04-24T19:00:00+00:00,2320.0,2325.15,2319.06,2321.54,3058.48737
2026-04-24T20:00:00+00:00,2321.54,2328.36,2312.63,2326.51,4473.83784
2026-04-24T21:00:00+00:00,2326.51,2327.62,2312.14,2315.2,3630.73508
2026-04-24T22:00:00+00:00,2315.2,2316.32,2307.5,2312.16,2491.16777
2026-04-24T23:00:00+00:00,2312.16,2316.39,2312.16,2315.18,1038.08918
2026-04-25T00:00:00+00:00,2315.18,2316.32,2311.33,2316.06,965.75554
2026-04-25T01:00:00+00:00,2316.06,2321.33,2315.53,2318.08,1202.68661
2026-04-25T02:00:00+00:00,2318.08,2319.49,2314.61,2317.58,1093.66705
2026-04-25T03:00:00+00:00,2317.58,2320.81,2315.53,2318.81,1001.84957
2026-04-25T04:00:00+00:00,2318.81,2319.46,2316.33,2316.95,966.07997
2026-04-25T05:00:00+00:00,2316.95,2316.95,2313.49,2316.25,738.96966
2026-04-25T06:00:00+00:00,2316.25,2317.94,2314.82,2316.13,1182.38032
2026-04-25T07:00:00+00:00,2316.13,2319.1,2314.41,2316.47,1003.27447
2026-04-25T08:00:00+00:00,2316.47,2321.1,2316.14,2319.62,683.82001
2026-04-25T09:00:00+00:00,2319.62,2323.24,2317.05,2319.19,2729.89062
2026-04-25T10:00:00+00:00,2319.19,2323.0,2318.73,2320.48,1397.38816
2026-04-25T11:00:00+00:00,2320.48,2320.49,2311.36,2314.01,1679.47569
2026-04-25T12:00:00+00:00,2314.01,2317.27,2311.74,2313.58,1493.63183
2026-04-25T13:00:00+00:00,2313.58,2318.08,2313.58,2316.36,1099.4811
2026-04-25T14:00:00+00:00,2316.36,2318.99,2314.98,2316.05,2529.06262
2026-04-25T15:00:00+00:00,2316.05,2318.55,2302.94,2308.17,3517.58389
2026-04-25T16:00:00+00:00,2308.17,2311.1,2300.52,2309.67,5487.47469
2026-04-25T17:00:00+00:00,2309.67,2313.35,2307.2,2309.27,2336.86528
2026-04-25T18:00:00+00:00,2309.27,2313.99,2308.29,2311.57,1971.70582
2026-04-25T19:00:00+00:00,2311.57,2312.47,2307.0,2309.92,1675.41117
2026-04-25T20:00:00+00:00,2309.92,2313.15,2308.87,2312.96,1058.17722
2026-04-25T21:00:00+00:00,2312.96,2317.4,2312.71,2315.84,1795.60837
2026-04-25T22:00:00+00:00,2315.84,2320.58,2314.85,2317.89,1471.00225
2026-04-25T23:00:00+00:00,2317.89,2319.81,2316.85,2319.61,1474.05664
2026-04-26T00:00:00+00:00,2319.61,2319.99,2311.75,2315.33,2048.23295
2026-04-26T01:00:00+00:00,2315.33,2318.18,2313.43,2314.03,1521.2553
2026-04-26T02:00:00+00:00,2314.03,2318.63,2313.68,2315.37,988.55527
2026-04-26T03:00:00+00:00,2315.37,2316.72,2306.65,2310.05,1606.26945
2026-04-26T04:00:00+00:00,2310.05,2320.12,2309.13,2317.84,1640.93093
2026-04-26T05:00:00+00:00,2317.84,2336.32,2317.5,2327.87,6921.92746
2026-04-26T06:00:00+00:00,2327.87,2333.61,2327.48,2330.14,2013.74685
2026-04-26T07:00:00+00:00,2330.14,2332.65,2328.3,2331.37,1186.26759
2026-04-26T08:00:00+00:00,2331.37,2337.84,2330.43,2332.49,2457.9822
2026-04-26T09:00:00+00:00,2332.49,2335.96,2329.24,2334.61,2303.87014
2026-04-26T10:00:00+00:00,2334.61,2336.56,2331.74,2332.81,1216.53262
2026-04-26T11:00:00+00:00,2332.81,2337.5,2332.67,2336.13,2500.16234
2026-04-26T12:00:00+00:00,2336.13,2336.35,2325.05,2328.99,3353.88079
2026-04-26T13:00:00+00:00,2328.99,2335.93,2328.13,2335.2,2211.59873
2026-04-26T14:00:00+00:00,2335.2,2352.67,2333.48,2346.35,6596.10418
2026-04-26T15:00:00+00:00,2346.35,2349.05,2344.3,2348.56,2573.0059
2026-04-26T16:00:00+00:00,2348.56,2349.84,2342.59,2342.93,3147.82924
2026-04-26T17:00:00+00:00,2342.93,2350.39,2340.55,2349.7,1976.98942
2026-04-26T18:00:00+00:00,2349.7,2369.27,2347.61,2362.14,6357.78942
2026-04-26T19:00:00+00:00,2362.14,2376.4,2359.78,2367.7,5188.63425
2026-04-26T20:00:00+00:00,2367.7,2372.83,2360.59,2362.54,3086.96572
2026-04-26T21:00:00+00:00,2362.54,2370.8,2348.49,2364.49,5742.89442
2026-04-26T22:00:00+00:00,2364.49,2380.33,2353.42,2361.76,5936.81804
2026-04-26T23:00:00+00:00,2361.76,2378.99,2356.84,2369.7,5467.21282
2026-04-27T00:00:00+00:00,2369.7,2392.17,2358.2,2390.56,8386.10542
2026-04-27T01:00:00+00:00,2390.56,2404.6,2377.59,2394.71,11174.44638
2026-04-27T02:00:00+00:00,2394.71,2397.25,2387.47,2392.47,3213.51353
2026-04-27T03:00:00+00:00,2392.47,2400.76,2390.55,2394.81,3688.57987
2026-04-27T04:00:00+00:00,2394.81,2396.17,2380.8,2383.18,3739.12186
2026-04-27T05:00:00+00:00,2383.18,2383.77,2319.18,2323.19,20839.06492
2026-04-27T06:00:00+00:00,2323.19,2328.96,2312.73,2320.99,6603.74411
2026-04-27T07:00:00+00:00,2320.99,2324.08,2315.0,2316.12,5045.8391
2026-04-27T08:00:00+00:00,2316.12,2320.15,2309.44,2319.78,6323.99927
2026-04-27T09:00:00+00:00,2319.78,2325.56,2315.68,2322.07,3876.83592
2026-04-27T10:00:00+00:00,2322.07,2324.21,2318.68,2319.96,1759.5119
2026-04-27T11:00:00+00:00,2319.96,2324.57,2316.96,2320.29,2089.51285
2026-04-27T12:00:00+00:00,2320.29,2321.05,2312.33,2314.11,4079.91161
2026-04-27T13:00:00+00:00,2314.11,2320.43,2305.0,2312.47,19601.02985
2026-04-27T14:00:00+00:00,2312.47,2329.53,2309.14,2314.97,14298.7893
2026-04-27T15:00:00+00:00,2314.97,2315.27,2265.81,2274.73,19649.46881
2026-04-27T16:00:00+00:00,2274.73,2280.55,2270.1,2277.97,5825.31654
2026-04-27T17:00:00+00:00,2277.97,2292.5,2277.97,2287.03,4836.34738
2026-04-27T18:00:00+00:00,2287.03,2292.15,2284.59,2288.92,4469.91792
2026-04-27T19:00:00+00:00,2288.92,2291.42,2275.06,2289.07,5228.36913
2026-04-27T20:00:00+00:00,2289.07,2296.43,2288.89,2291.43,4420.56022
2026-04-27T21:00:00+00:00,2291.43,2292.46,2286.87,2287.43,3172.22854
2026-04-27T22:00:00+00:00,2287.43,2295.82,2284.52,2294.59,2351.19533
2026-04-27T23:00:00+00:00,2294.59,2308.41,2291.2,2303.77,3842.74652
2026-04-28T00:00:00+00:00,2303.77,2311.13,2299.25,2306.81,2379.619
2026-04-28T01:00:00+00:00,2306.81,2308.71,2297.38,2298.62,2249.7615
2026-04-28T02:00:00+00:00,2298.62,2301.06,2279.96,2288.89,4225.41565
2026-04-28T03:00:00+00:00,2288.89,2290.78,2282.05,2290.58,3049.47993
2026-04-28T04:00:00+00:00,2290.58,2294.52,2282.96,2288.58,2678.10964
2026-04-28T05:00:00+00:00,2288.58,2297.0,2286.55,2287.99,2667.66261
2026-04-28T06:00:00+00:00,2287.99,2291.01,2270.12,2277.68,3900.63056
2026-04-28T07:00:00+00:00,2277.68,2288.7,2270.44,2287.85,4094.62081
2026-04-28T08:00:00+00:00,2287.85,2291.69,2283.3,2286.97,3606.27026
2026-04-28T09:00:00+00:00,2286.97,2288.37,2276.42,2282.04,2954.83916
2026-04-28T10:00:00+00:00,2282.04,2287.22,2280.3,2284.25,2412.63593
2026-04-28T11:00:00+00:00,2284.25,2285.21,2270.17,2275.32,3644.25925
2026-04-28T12:00:00+00:00,2275.32,2281.08,2271.36,2278.07,3180.95044
2026-04-28T13:00:00+00:00,2278.07,2286.45,2258.0,2276.48,8595.35289
2026-04-28T14:00:00+00:00,2276.48,2276.94,2260.89,2273.52,8216.19341
2026-04-28T15:00:00+00:00,2273.52,2280.8,2268.93,2279.78,6202.10111
2026-04-28T16:00:00+00:00,2279.78,2288.79,2274.34,2286.28,5139.24043
2026-04-28T17:00:00+00:00,2286.28,2293.59,2278.89,2290.59,4127.28594
2026-04-28T18:00:00+00:00,2290.59,2298.62,2287.92,2297.18,3531.46427
2026-04-28T19:00:00+00:00,2297.18,2305.73,2290.31,2301.75,3618.56727
2026-04-28T20:00:00+00:00,2301.75,2305.94,2295.16,2295.26,2024.0962
2026-04-28T21:00:00+00:00,2295.26,2297.37,2285.55,2290.32,2269.33509
2026-04-28T22:00:00+00:00,2290.32,2294.84,2285.35,2286.19,1178.28089
2026-04-28T23:00:00+00:00,2286.19,2290.24,2283.71,2289.33,1335.4949
2026-04-29T00:00:00+00:00,2289.33,2294.38,2285.37,2292.65,2594.64646
2026-04-29T01:00:00+00:00,2292.65,2297.4,2279.09,2292.52,4976.66825
2026-04-29T02:00:00+00:00,2292.52,2295.79,2284.63,2288.72,3148.62482
2026-04-29T03:00:00+00:00,2288.72,2316.59,2287.67,2311.64,7630.35457
2026-04-29T04:00:00+00:00,2311.64,2342.64,2309.3,2327.27,9626.69429
2026-04-29T05:00:00+00:00,2327.27,2332.49,2322.81,2329.15,3727.83835
2026-04-29T06:00:00+00:00,2329.15,2337.16,2320.36,2324.84,5776.50716
2026-04-29T07:00:00+00:00,2324.84,2330.39,2321.79,2323.68,3026.68539
2026-04-29T08:00:00+00:00,2323.68,2329.02,2320.72,2325.19,3850.08374
2026-04-29T09:00:00+00:00,2325.19,2346.69,2322.69,2339.6,6525.76342
2026-04-29T10:00:00+00:00,2339.6,2346.76,2329.71,2333.49,5315.92264
2026-04-29T11:00:00+00:00,2333.49,2335.75,2328.65,2331.62,2539.42045
2026-04-29T12:00:00+00:00,2331.62,2332.11,2307.34,2316.2,10178.44718
2026-04-29T13:00:00+00:00,2316.2,2318.44,2289.62,2302.87,8302.55914
2026-04-29T14:00:00+00:00,2302.87,2308.23,2293.86,2299.34,4074.13001
2026-04-29T15:00:00+00:00,2299.34,2301.18,2262.91,2272.53,11220.84893
2026-04-29T16:00:00+00:00,2272.53,2279.51,2263.26,2267.22,8093.37965
2026-04-29T17:00:00+00:00,2267.22,2283.6,2266.17,2283.0,4456.57254
2026-04-29T18:00:00+00:00,2283.0,2285.98,2220.41,2239.49,21323.56057
2026-04-29T19:00:00+00:00,2239.49,2242.5,2225.1,2233.82,6112.83105
2026-04-29T20:00:00+00:00,2233.82,2248.93,2230.33,2240.64,6436.14068
2026-04-29T21:00:00+00:00,2240.64,2265.11,2238.5,2252.95,4920.33376
2026-04-29T22:00:00+00:00,2252.95,2259.14,2250.0,2257.76,1871.53856
2026-04-29T23:00:00+00:00,2257.76,2260.79,2250.26,2253.0,2307.39616
2026-04-30T00:00:00+00:00,2253.0,2275.42,2249.6,2272.28,4386.73874
2026-04-30T01:00:00+00:00,2272.28,2279.38,2266.93,2269.46,3771.94448
2026-04-30T02:00:00+00:00,2269.46,2273.55,2235.96,2245.25,5231.98771
2026-04-30T03:00:00+00:00,2245.25,2256.89,2243.76,2253.32,1675.81151
2026-04-30T04:00:00+00:00,2253.32,2254.33,2236.63,2239.04,3493.3746
2026-04-30T05:00:00+00:00,2239.04,2248.86,2231.41,2242.86,4684.43249
2026-04-30T06:00:00+00:00,2242.86,2252.8,2241.9,2248.03,2963.97697
2026-04-30T07:00:00+00:00,2248.03,2262.68,2243.55,2260.42,5079.01614
2026-04-30T08:00:00+00:00,2260.42,2262.71,2255.4,2256.8,3232.63675
2026-04-30T09:00:00+00:00,2256.8,2271.44,2256.11,2261.91,4258.33861
2026-04-30T10:00:00+00:00,2261.91,2266.07,2256.76,2261.83,1678.31233
2026-04-30T11:00:00+00:00,2261.83,2274.41,2252.01,2258.29,4489.37692
2026-04-30T12:00:00+00:00,2258.29,2271.12,2257.84,2265.5,2979.4392
2026-04-30T13:00:00+00:00,2265.5,2272.85,2254.58,2263.99,3909.29999
2026-04-30T14:00:00+00:00,2263.99,2271.25,2246.42,2262.29,6063.37025
2026-04-30T15:00:00+00:00,2262.29,2275.69,2257.75,2265.89,3288.4438
2026-04-30T16:00:00+00:00,2265.89,2267.33,2255.52,2257.01,1785.21621
2026-04-30T17:00:00+00:00,2257.01,2260.7,2251.41,2258.11,2685.84471
2026-04-30T18:00:00+00:00,2258.11,2265.5,2254.31,2259.73,1914.04976
2026-04-30T19:00:00+00:00,2259.73,2267.11,2258.13,2261.94,2608.60166
2026-04-30T20:00:00+00:00,2261.94,2267.59,2260.49,2264.31,1586.64108
2026-04-30T21:00:00+00:00,2264.31,2264.89,2254.11,2256.41,1437.08297
2026-04-30T22:00:00+00:00,2256.41,2261.44,2252.35,2254.43,1171.52151
2026-04-30T23:00:00+00:00,2254.43,2259.19,2253.8,2257.79,1064.17455
2026-05-01T00:00:00+00:00,2257.79,2266.21,2257.17,2260.1,1573.18391
2026-05-01T01:00:00+00:00,2260.1,2270.67,2259.93,2267.73,1575.56711
2026-05-01T02:00:00+00:00,2267.73,2270.32,2264.25,2267.27,2007.79091
2026-05-01T03:00:00+00:00,2267.27,2295.6,2266.31,2283.05,6783.08497
2026-05-01T04:00:00+00:00,2283.05,2286.03,2277.76,2280.23,1712.3438
2026-05-01T05:00:00+00:00,2280.23,2286.98,2276.9,2283.76,1998.5141
2026-05-01T06:00:00+00:00,2283.76,2287.07,2272.27,2277.29,3004.02561
2026-05-01T07:00:00+00:00,2277.29,2281.4,2273.33,2279.82,1711.97159
2026-05-01T08:00:00+00:00,2279.82,2288.73,2276.26,2286.92,2436.24625
2026-05-01T09:00:00+00:00,2286.92,2287.19,2279.85,2281.95,1557.20071
2026-05-01T10:00:00+00:00,2281.95,2286.08,2277.19,2282.54,1380.765
2026-05-01T11:00:00+00:00,2282.54,2293.43,2281.91,2286.9,2386.41841
2026-05-01T12:00:00+00:00,2286.9,2312.71,2284.34,2301.39,9582.55925
2026-05-01T13:00:00+00:00,2301.39,2324.17,2301.39,2318.32,9760.52025
2026-05-01T14:00:00+00:00,2318.32,2326.48,2301.26,2308.01,6954.01903
2026-05-01T15:00:00+00:00,2308.01,2317.27,2298.43,2308.05,5382.14469
2026-05-01T16:00:00+00:00,2308.05,2314.72,2298.25,2301.93,4070.11321
2026-05-01T17:00:00+00:00,2301.93,2313.82,2298.5,2311.91,2340.08802
2026-05-01T18:00:00+00:00,2311.91,2312.59,2303.55,2304.59,2099.43986
2026-05-01T19:00:00+00:00,2304.59,2307.92,2302.24,2304.57,1954.64813
2026-05-01T20:00:00+00:00,2304.57,2305.97,2279.13,2284.97,3989.74948
2026-05-01T21:00:00+00:00,2284.97,2294.19,2283.58,2292.7,1646.36309
2026-05-01T22:00:00+00:00,2292.7,2299.33,2290.75,2293.37,840.8159
2026-05-01T23:00:00+00:00,2293.37,2296.53,2289.1,2295.7,777.21287
2026-05-02T00:00:00+00:00,2295.7,2299.51,2292.88,2297.85,734.92045
2026-05-02T01:00:00+00:00,2297.85,2300.56,2295.89,2298.83,729.38229
2026-05-02T02:00:00+00:00,2298.83,2308.24,2295.58,2303.4,1275.48275
2026-05-02T03:00:00+00:00,2303.4,2308.61,2300.97,2304.37,716.20001
2026-05-02T04:00:00+00:00,2304.37,2305.03,2299.45,2301.26,966.22765
2026-05-02T05:00:00+00:00,2301.26,2301.52,2296.57,2299.54,756.24811
2026-05-02T06:00:00+00:00,2299.54,2306.52,2297.19,2305.56,1171.1675
2026-05-02T07:00:00+00:00,2305.56,2306.6,2300.91,2301.22,2101.50752
2026-05-02T08:00:00+00:00,2301.22,2305.09,2299.11,2303.78,1444.37039
2026-05-02T09:00:00+00:00,2303.78,2308.14,2303.59,2305.67,1363.66289
2026-05-02T10:00:00+00:00,2305.67,2306.31,2302.54,2303.66,922.61631
2026-05-02T11:00:00+00:00,2303.66,2305.26,2300.37,2302.16,966.02828
2026-05-02T12:00:00+00:00,2302.16,2305.61,2301.31,2303.5,912.48619
2026-05-02T13:00:00+00:00,2303.5,2312.08,2303.5,2308.18,1525.74553
2026-05-02T14:00:00+00:00,2308.18,2308.72,2305.08,2306.37,832.7299
2026-05-02T15:00:00+00:00,2306.37,2309.91,2305.14,2308.96,815.20668
2026-05-02T16:00:00+00:00,2308.96,2313.51,2307.74,2309.35,1327.17697
2026-05-02T17:00:00+00:00,2309.35,2310.27,2305.39,2305.88,834.79918
2026-05-02T18:00:00+00:00,2305.88,2311.56,2303.49,2309.87,3069.2883
2026-05-02T19:00:00+00:00,2309.87,2312.84,2308.5,2311.28,964.71157
2026-05-02T20:00:00+00:00,2311.28,2312.02,2309.5,2311.48,738.81134
2026-05-02T21:00:00+00:00,2311.48,2342.76,2310.78,2325.6,5480.55729
2026-05-02T22:00:00+00:00,2325.6,2328.18,2317.32,2326.65,11319.1308
2026-05-02T23:00:00+00:00,2326.65,2326.65,2314.35,2316.92,1696.57226
2026-05-03T00:00:00+00:00,2316.92,2317.75,2309.06,2313.86,1513.23412
2026-05-03T01:00:00+00:00,2313.86,2314.21,2303.07,2303.76,1195.72817
2026-05-03T02:00:00+00:00,2303.76,2306.76,2297.99,2303.45,1848.34515
2026-05-03T03:00:00+00:00,2303.45,2304.09,2299.79,2302.1,875.23994
2026-05-03T04:00:00+00:00,2302.1,2304.51,2297.66,2301.59,1046.89787
2026-05-03T05:00:00+00:00,2301.59,2305.19,2301.35,2304.21,466.65044
2026-05-03T06:00:00+00:00,2304.21,2306.83,2299.67,2304.58,915.19611
2026-05-03T07:00:00+00:00,2304.58,2314.15,2304.54,2309.55,1261.33983
2026-05-03T08:00:00+00:00,2309.55,2312.9,2307.63,2308.28,1107.36693
2026-05-03T09:00:00+00:00,2308.28,2322.54,2307.53,2316.52,1848.75531
2026-05-03T10:00:00+00:00,2316.52,2316.7,2311.22,2311.37,480.06246
2026-05-03T11:00:00+00:00,2311.37,2327.68,2310.37,2319.94,2589.36145
2026-05-03T12:00:00+00:00,2319.94,2332.75,2319.94,2325.65,1937.99184
2026-05-03T13:00:00+00:00,2325.65,2328.63,2320.65,2322.07,1419.998
2026-05-03T14:00:00+00:00,2322.07,2329.57,2321.06,2328.29,1212.31391
2026-05-03T15:00:00+00:00,2328.29,2333.7,2324.78,2328.39,1595.71634
2026-05-03T16:00:00+00:00,2328.39,2335.25,2322.36,2328.41,1489.59562
2026-05-03T17:00:00+00:00,2328.41,2335.53,2324.01,2332.0,2772.99807
2026-05-03T18:00:00+00:00,2332.0,2333.65,2328.12,2331.07,610.84057
2026-05-03T19:00:00+00:00,2331.07,2337.84,2328.37,2335.43,1260.11057
2026-05-03T20:00:00+00:00,2335.43,2344.57,2328.34,2329.56,3406.95221
2026-05-03T21:00:00+00:00,2329.56,2334.26,2315.01,2324.08,2340.0927
2026-05-03T22:00:00+00:00,2324.08,2356.49,2324.06,2344.14,8605.53915
2026-05-03T23:00:00+00:00,2344.14,2347.81,2319.66,2323.11,4456.4786
2026-05-04T00:00:00+00:00,2323.11,2323.11,2309.43,2319.26,4455.2741
2026-05-04T01:00:00+00:00,2319.26,2354.7,2312.56,2351.55,6220.05508
2026-05-04T02:00:00+00:00,2351.55,2387.49,2345.33,2375.0,16387.78343
2026-05-04T03:00:00+00:00,2375.0,2391.68,2371.86,2385.1,8351.35763
2026-05-04T04:00:00+00:00,2385.1,2399.59,2384.23,2390.21,6126.49023
2026-05-04T05:00:00+00:00,2390.21,2391.54,2375.18,2376.28,4556.26684
2026-05-04T06:00:00+00:00,2376.28,2378.71,2354.12,2368.44,4075.33866
2026-05-04T07:00:00+00:00,2368.44,2373.75,2362.1,2362.66,3123.29554
2026-05-04T08:00:00+00:00,2362.66,2365.29,2357.34,2359.92,3394.55014
2026-05-04T09:00:00+00:00,2359.92,2370.74,2357.71,2368.21,4155.80229
2026-05-04T10:00:00+00:00,2368.21,2369.7,2313.86,2338.13,18798.64236
2026-05-04T11:00:00+00:00,2338.13,2343.57,2332.51,2337.21,3835.84092
2026-05-04T12:00:00+00:00,2337.21,2343.81,2333.04,2335.27,3224.96656
2026-05-04T13:00:00+00:00,2335.27,2344.91,2325.63,2336.55,8684.70782
2026-05-04T14:00:00+00:00,2336.55,2382.39,2327.27,2371.6,11790.63328
2026-05-04T15:00:00+00:00,2371.6,2374.56,2335.77,2350.11,12026.55823
2026-05-04T16:00:00+00:00,2350.11,2365.12,2336.38,2355.26,7288.00968
2026-05-04T17:00:00+00:00,2355.26,2379.96,2353.65,2370.4,6220.44844
2026-05-04T18:00:00+00:00,2370.4,2374.99,2356.96,2361.51,4633.17869
2026-05-04T19:00:00+00:00,2361.51,2364.48,2353.85,2356.36,3126.56238
2026-05-04T20:00:00+00:00,2356.36,2359.27,2347.43,2349.92,1755.88061
2026-05-04T21:00:00+00:00,2349.92,2364.76,2349.53,2360.81,1493.35988
2026-05-04T22:00:00+00:00,2360.81,2366.25,2353.76,2354.59,2249.42231
2026-05-04T23:00:00+00:00,2354.59,2354.59,2344.65,2347.24,1768.72575
2026-05-05T00:00:00+00:00,2347.24,2359.2,2345.0,2358.72,1507.85529
2026-05-05T01:00:00+00:00,2358.72,2364.55,2355.03,2361.9,1315.19341
2026-05-05T02:00:00+00:00,2361.9,2377.75,2359.05,2367.65,4152.02226
2026-05-05T03:00:00+00:00,2367.65,2389.52,2364.4,2382.48,5442.73986
2026-05-05T04:00:00+00:00,2382.48,2385.99,2375.85,2381.09,3488.93822
2026-05-05T05:00:00+00:00,2381.09,2390.73,2377.56,2380.29,6000.53526
2026-05-05T06:00:00+00:00,2380.29,2381.95,2367.37,2379.18,3302.12926
2026-05-05T07:00:00+00:00,2379.18,2389.15,2376.17,2380.82,6364.69616
2026-05-05T08:00:00+00:00,2380.82,2384.79,2373.25,2377.09,2690.8827
2026-05-05T09:00:00+00:00,2377.09,2377.23,2367.0,2369.94,3112.94302
2026-05-05T10:00:00+00:00,2369.94,2379.59,2367.46,2378.54,2407.53808
2026-05-05T11:00:00+00:00,2378.54,2384.16,2372.91,2379.88,2185.02
2026-05-05T12:00:00+00:00,2379.88,2390.86,2376.17,2388.63,3104.92389
2026-05-05T13:00:00+00:00,2388.63,2401.54,2383.68,2388.87,12373.10162
2026-05-05T14:00:00+00:00,2388.87,2392.87,2369.3,2378.97,6792.82285
2026-05-05T15:00:00+00:00,2378.97,2388.29,2375.49,2381.4,2194.37183
2026-05-05T16:00:00+00:00,2381.4,2383.57,2361.24,2365.9,5975.29726
2026-05-05T17:00:00+00:00,2365.9,2370.18,2359.74,2362.94,3697.12355
2026-05-05T18:00:00+00:00,2362.94,2374.72,2362.94,2372.01,1822.20542
2026-05-05T19:00:00+00:00,2372.01,2376.43,2369.06,2371.74,1858.81693
2026-05-05T20:00:00+00:00,2371.74,2387.35,2371.27,2382.27,4861.82531
2026-05-05T21:00:00+00:00,2382.27,2388.42,2368.5,2375.51,2363.71569
2026-05-05T22:00:00+00:00,2375.51,2381.63,2354.51,2367.53,6037.35156
2026-05-05T23:00:00+00:00,2367.53,2370.09,2354.6,2360.88,3142.17275
2026-05-06T00:00:00+00:00,2360.88,2368.0,2353.93,2364.59,2913.08758
2026-05-06T01:00:00+00:00,2364.59,2377.41,2362.56,2373.34,3798.36544
2026-05-06T02:00:00+00:00,2373.34,2373.97,2359.96,2369.74,2500.43484
2026-05-06T03:00:00+00:00,2369.74,2381.11,2367.99,2376.84,2232.7356
2026-05-06T04:00:00+00:00,2376.84,2379.46,2361.05,2366.13,2788.376
2026-05-06T05:00:00+00:00,2366.13,2367.31,2355.0,2365.34,2891.21678
2026-05-06T06:00:00+00:00,2365.34,2371.67,2361.17,2370.81,3515.15448
2026-05-06T07:00:00+00:00,2370.81,2375.51,2368.75,2371.76,3167.81584
2026-05-06T08:00:00+00:00,2371.76,2396.6,2369.37,2394.54,7793.58022
2026-05-06T09:00:00+00:00,2394.54,2418.83,2384.63,2413.07,14917.83353
2026-05-06T10:00:00+00:00,2413.07,2414.78,2405.87,2410.18,7784.0112
2026-05-06T11:00:00+00:00,2410.18,2424.01,2408.15,2410.79,9389.57333
2026-05-06T12:00:00+00:00,2410.79,2414.03,2400.02,2405.25,6770.87823
2026-05-06T13:00:00+00:00,2405.25,2405.25,2364.71,2368.57,12836.87298
2026-05-06T14:00:00+00:00,2368.57,2372.82,2342.06,2359.18,14771.34058
2026-05-06T15:00:00+00:00,2359.18,2366.23,2354.46,2358.99,5830.6086
2026-05-06T16:00:00+00:00,2358.99,2368.7,2350.44,2358.3,6129.47409
2026-05-06T17:00:00+00:00,2358.3,2361.07,2348.0,2350.1,3625.58908
2026-05-06T18:00:00+00:00,2350.1,2352.68,2337.62,2345.13,6417.86644
2026-05-06T19:00:00+00:00,2345.13,2350.16,2342.05,2348.69,1977.53131
2026-05-06T20:00:00+00:00,2348.69,2357.42,2345.01,2351.16,4375.79465
2026-05-06T21:00:00+00:00,2351.16,2357.54,2345.78,2354.66,1688.71691
2026-05-06T22:00:00+00:00,2354.66,2355.45,2345.01,2347.33,1649.93268
2026-05-06T23:00:00+00:00,2347.33,2351.72,2338.32,2351.11,1964.88145
2026-05-07T00:00:00+00:00,2351.11,2352.75,2329.14,2329.44,3234.08699
2026-05-07T01:00:00+00:00,2329.44,2335.29,2313.23,2327.44,4477.29426
2026-05-07T02:00:00+00:00,2327.44,2328.16,2314.03,2322.25,3990.01002
2026-05-07T03:00:00+00:00,2322.25,2326.14,2315.81,2322.5,2695.52101
2026-05-07T04:00:00+00:00,2322.5,2328.06,2317.77,2327.69,1519.20131
2026-05-07T05:00:00+00:00,2327.69,2334.28,2327.15,2331.7,2490.67337
2026-05-07T06:00:00+00:00,2331.7,2339.04,2320.17,2337.75,4249.9605
2026-05-07T07:00:00+00:00,2337.75,2347.4,2337.02,2344.86,3239.9696
2026-05-07T08:00:00+00:00,2344.86,2347.38,2332.39,2334.3,3051.61778
2026-05-07T09:00:00+00:00,2334.3,2337.49,2327.21,2329.1,2641.95036
2026-05-07T10:00:00+00:00,2329.1,2331.94,2317.61,2326.93,2525.45738
2026-05-07T11:00:00+00:00,2326.93,2332.19,2325.72,2330.38,2134.09912
2026-05-07T12:00:00+00:00,2330.38,2337.38,2329.31,2333.26,4044.40303
2026-05-07T13:00:00+00:00,2333.26,2333.26,2304.8,2314.29,11826.91794
2026-05-07T14:00:00+00:00,2314.29,2318.87,2289.41,2299.29,12092.10421
2026-05-07T15:00:00+00:00,2299.29,2304.74,2285.53,2294.92,5330.42663
2026-05-07T16:00:00+00:00,2294.92,2298.6,2285.77,2292.09,3495.11292
2026-05-07T17:00:00+00:00,2292.09,2301.79,2280.06,2300.1,5317.73337
2026-05-07T18:00:00+00:00,2300.1,2304.6,2291.44,2296.42,4537.59001
2026-05-07T19:00:00+00:00,2296.42,2297.22,2288.21,2296.37,4756.8377
2026-05-07T20:00:00+00:00,2296.37,2303.47,2290.0,2290.07,11784.05626
2026-05-07T21:00:00+00:00,2290.07,2294.53,2281.77,2287.99,5789.93752
2026-05-07T22:00:00+00:00,2287.99,2290.6,2281.04,2287.2,4411.96982
2026-05-07T23:00:00+00:00,2287.2,2293.61,2286.49,2291.22,1430.77879
2026-05-08T00:00:00+00:00,2291.22,2294.62,2283.6,2287.23,3077.47084
2026-05-08T01:00:00+00:00,2287.23,2289.49,2280.14,2285.16,2531.9588
2026-05-08T02:00:00+00:00,2285.16,2285.96,2268.09,2279.31,5130.13517
2026-05-08T03:00:00+00:00,2279.31,2282.09,2265.17,2279.2,5260.34365
2026-05-08T04:00:00+00:00,2279.2,2285.15,2276.79,2282.02,3207.59807
2026-05-08T05:00:00+00:00,2282.02,2284.47,2276.39,2276.45,2653.96363
2026-05-08T06:00:00+00:00,2276.45,2279.23,2268.89,2275.54,3237.44631
2026-05-08T07:00:00+00:00,2275.54,2283.0,2267.51,2281.7,4850.7123
2026-05-08T08:00:00+00:00,2281.7,2290.0,2280.0,2284.1,5337.26464
2026-05-08T09:00:00+00:00,2284.1,2292.55,2280.74,2284.39,2367.17071
2026-05-08T10:00:00+00:00,2284.39,2291.07,2281.21,2287.89,2414.73218
2026-05-08T11:00:00+00:00,2287.89,2298.45,2287.89,2295.55,2936.12872
2026-05-08T12:00:00+00:00,2295.55,2302.75,2282.21,2284.75,3537.12625
2026-05-08T13:00:00+00:00,2284.75,2287.14,2270.0,2276.47,4744.45146
2026-05-08T14:00:00+00:00,2276.47,2292.94,2273.4,2285.91,5122.26834
2026-05-08T15:00:00+00:00,2285.91,2294.68,2274.79,2293.51,3876.82962
2026-05-08T16:00:00+00:00,2293.51,2294.7,2286.52,2290.16,3603.81759
2026-05-08T17:00:00+00:00,2290.16,2316.0,2289.5,2305.23,10312.59858
2026-05-08T18:00:00+00:00,2305.23,2321.7,2305.23,2313.89,10158.72744
2026-05-08T19:00:00+00:00,2313.89,2320.9,2312.67,2316.48,5696.58161
2026-05-08T20:00:00+00:00,2316.48,2317.33,2305.55,2307.13,2253.42555
2026-05-08T21:00:00+00:00,2307.13,2315.6,2304.62,2314.98,2347.2677
2026-05-08T22:00:00+00:00,2314.98,2319.35,2310.92,2311.29,2230.77481
2026-05-08T23:00:00+00:00,2311.29,2311.51,2303.45,2307.44,1938.33426
2026-05-09T00:00:00+00:00,2307.44,2312.5,2304.39,2308.78,1876.55619
2026-05-09T01:00:00+00:00,2308.78,2319.01,2308.52,2314.67,4281.87293
2026-05-09T02:00:00+00:00,2314.67,2320.98,2314.25,2317.23,2377.65838
2026-05-09T03:00:00+00:00,2317.23,2321.38,2313.04,2315.55,2314.79907
2026-05-09T04:00:00+00:00,2315.55,2325.91,2311.67,2312.79,4857.40429
2026-05-09T05:00:00+00:00,2312.79,2318.66,2311.22,2315.01,1179.515
2026-05-09T06:00:00+00:00,2315.01,2319.48,2312.83,2314.67,1779.66424
2026-05-09T07:00:00+00:00,2314.67,2318.75,2311.16,2314.55,2372.576
2026-05-09T08:00:00+00:00,2314.55,2320.38,2314.17,2317.29,2478.96486
2026-05-09T09:00:00+00:00,2317.29,2317.66,2311.28,2313.46,1423.90468
2026-05-09T10:00:00+00:00,2313.46,2315.44,2310.17,2312.83,1007.96114
2026-05-09T11:00:00+00:00,2312.83,2316.22,2312.63,2314.82,817.36855
2026-05-09T12:00:00+00:00,2314.82,2318.56,2313.38,2316.68,954.75943
2026-05-09T13:00:00+00:00,2316.68,2316.75,2311.82,2314.63,1064.47007
2026-05-09T14:00:00+00:00,2314.63,2315.54,2305.27,2308.47,2845.64333
2026-05-09T15:00:00+00:00,2308.47,2317.81,2300.0,2317.64,3937.5872
2026-05-09T16:00:00+00:00,2317.64,2325.35,2315.19,2320.02,3974.57176
2026-05-09T17:00:00+00:00,2320.02,2333.9,2320.02,2329.91,6971.19531
2026-05-09T18:00:00+00:00,2329.91,2338.66,2329.06,2330.55,3626.80165
2026-05-09T19:00:00+00:00,2330.55,2333.38,2326.77,2332.39,1712.43905
2026-05-09T20:00:00+00:00,2332.39,2333.01,2327.32,2329.35,625.86545
2026-05-09T21:00:00+00:00,2329.35,2331.83,2328.72,2331.31,1031.35458
2026-05-09T22:00:00+00:00,2331.31,2333.72,2327.35,2330.13,1040.96922
2026-05-09T23:00:00+00:00,2330.13,2332.07,2324.74,2326.58,714.77001
2026-05-10T00:00:00+00:00,2326.58,2330.15,2320.84,2323.93,1470.71115
2026-05-10T01:00:00+00:00,2323.93,2324.9,2318.31,2323.71,2515.18863
2026-05-10T02:00:00+00:00,2323.71,2328.2,2320.14,2328.05,1046.75831
2026-05-10T03:00:00+00:00,2328.05,2333.33,2323.88,2327.69,1661.92817
2026-05-10T04:00:00+00:00,2327.69,2331.1,2326.07,2328.31,983.77966
2026-05-10T05:00:00+00:00,2328.31,2330.34,2326.66,2327.4,1022.21426
2026-05-10T06:00:00+00:00,2327.4,2331.8,2326.89,2329.68,7563.22167
2026-05-10T07:00:00+00:00,2329.68,2332.22,2327.6,2327.65,1235.45215
2026-05-10T08:00:00+00:00,2327.65,2332.11,2326.21,2330.26,2490.10743
2026-05-10T09:00:00+00:00,2330.26,2333.91,2327.0,2328.47,1790.35678
2026-05-10T10:00:00+00:00,2328.47,2329.2,2323.6,2325.7,2235.16945
2026-05-10T11:00:00+00:00,2325.7,2328.09,2319.32,2322.92,2192.37381
2026-05-10T12:00:00+00:00,2322.92,2325.83,2321.15,2324.47,1472.94536
2026-05-10T13:00:00+00:00,2324.47,2332.43,2323.6,2330.36,2478.96043
2026-05-10T14:00:00+00:00,2330.36,2335.61,2327.37,2331.38,2459.84298
2026-05-10T15:00:00+00:00,2331.38,2351.65,2331.19,2348.02,7218.22481
2026-05-10T16:00:00+00:00,2348.02,2351.7,2340.41,2350.31,5091.45113
2026-05-10T17:00:00+00:00,2350.31,2368.0,2345.23,2364.25,19341.11932
2026-05-10T18:00:00+00:00,2364.25,2366.99,2356.69,2358.42,3474.14747
2026-05-10T19:00:00+00:00,2358.42,2367.07,2351.08,2365.8,3874.40936
2026-05-10T20:00:00+00:00,2365.8,2369.91,2311.33,2328.95,9699.68758
2026-05-10T21:00:00+00:00,2328.95,2337.51,2324.18,2331.06,4832.61265
2026-05-10T22:00:00+00:00,2331.06,2377.9,2328.08,2373.88,11513.76471
2026-05-10T23:00:00+00:00,2373.88,2382.88,2367.96,2371.37,8154.09548
2026-05-11T00:00:00+00:00,2371.37,2375.22,2344.75,2352.56,6102.6582
2026-05-11T01:00:00+00:00,2352.56,2365.95,2345.48,2358.77,3393.74151
2026-05-11T02:00:00+00:00,2358.77,2361.05,2341.6,2345.72,3556.03726
2026-05-11T03:00:00+00:00,2345.72,2345.83,2320.32,2330.59,6125.44187
2026-05-11T04:00:00+00:00,2330.59,2336.05,2326.54,2333.01,2407.38057
2026-05-11T05:00:00+00:00,2333.01,2340.75,2332.11,2335.19,2665.6153
2026-05-11T06:00:00+00:00,2335.19,2343.21,2330.33,2333.68,2329.00772
2026-05-11T07:00:00+00:00,2333.68,2333.76,2328.2,2330.65,1600.6489
2026-05-11T08:00:00+00:00,2330.65,2335.1,2326.63,2330.86,3312.01507
2026-05-11T09:00:00+00:00,2330.86,2338.98,2330.42,2336.17,1593.36817
2026-05-11T10:00:00+00:00,2336.17,2340.15,2329.95,2330.04,1846.82788
2026-05-11T11:00:00+00:00,2330.04,2336.14,2327.74,2335.98,1651.88214
2026-05-11T12:00:00+00:00,2335.98,2339.36,2329.0,2329.78,3976.28748
2026-05-11T13:00:00+00:00,2329.78,2333.23,2314.65,2322.1,6604.96349
2026-05-11T14:00:00+00:00,2322.1,2328.99,2303.44,2316.29,9345.36461
2026-05-11T15:00:00+00:00,2316.29,2335.89,2313.28,2333.65,5063.01819
2026-05-11T16:00:00+00:00,2333.65,2346.08,2327.45,2330.04,12790.1985
2026-05-11T17:00:00+00:00,2330.04,2344.23,2323.89,2336.77,3208.66135
2026-05-11T18:00:00+00:00,2336.77,2344.47,2334.46,2335.6,3454.78442
2026-05-11T19:00:00+00:00,2335.6,2344.38,2332.01,2340.57,2935.31675
2026-05-11T20:00:00+00:00,2340.57,2345.8,2336.34,2338.3,2737.71525
2026-05-11T21:00:00+00:00,2338.3,2342.7,2336.63,2341.03,1741.59326
2026-05-11T22:00:00+00:00,2341.03,2345.97,2336.69,2341.43,1536.23568
2026-05-11T23:00:00+00:00,2341.43,2342.39,2335.22,2339.94,987.02604
2026-05-12T00:00:00+00:00,2339.94,2340.86,2332.12,2333.55,1407.27219
2026-05-12T01:00:00+00:00,2333.55,2335.67,2295.47,2311.3,6702.29221
2026-05-12T02:00:00+00:00,2311.3,2317.05,2307.27,2315.68,2408.0613
2026-05-12T03:00:00+00:00,2315.68,2317.12,2307.03,2309.3,1436.64523
2026-05-12T04:00:00+00:00,2309.3,2314.43,2305.38,2310.85,2073.58634
2026-05-12T05:00:00+00:00,2310.85,2314.01,2309.65,2310.22,952.42702
2026-05-12T06:00:00+00:00,2310.22,2314.07,2302.53,2303.79,2097.78334
2026-05-12T07:00:00+00:00,2303.79,2304.98,2291.82,2295.07,14623.61861
2026-05-12T08:00:00+00:00,2295.07,2296.71,2280.82,2288.35,7403.19822
2026-05-12T09:00:00+00:00,2288.35,2295.23,2281.21,2292.74,4443.92755
2026-05-12T10:00:00+00:00,2292.74,2293.99,2280.98,2286.58,2188.20851
2026-05-12T11:00:00+00:00,2286.58,2287.53,2278.18,2287.07,2711.39166
2026-05-12T12:00:00+00:00,2287.07,2294.9,2281.04,2289.02,5100.84094
2026-05-12T13:00:00+00:00,2289.02,2292.55,2268.5,2271.91,6938.69613
2026-05-12T14:00:00+00:00,2271.91,2281.79,2261.54,2269.03,6655.79955
2026-05-12T15:00:00+00:00,2269.03,2274.42,2256.89,2261.84,5125.99872
2026-05-12T16:00:00+00:00,2261.84,2271.23,2256.34,2264.02,4060.75479
2026-05-12T17:00:00+00:00,2264.02,2278.43,2264.02,2276.78,2269.5066
2026-05-12T18:00:00+00:00,2276.78,2284.56,2274.58,2279.42,2259.68133
2026-05-12T19:00:00+00:00,2279.42,2287.79,2279.24,2285.24,2165.09843
2026-05-12T20:00:00+00:00,2285.24,2287.56,2281.04,2284.92,1373.44291
2026-05-12T21:00:00+00:00,2284.92,2287.77,2282.8,2285.38,1333.34108
2026-05-12T22:00:00+00:00,2285.38,2291.95,2282.3,2282.54,1272.02852
2026-05-12T23:00:00+00:00,2282.54,2284.35,2273.84,2274.96,1339.8505
2026-05-13T00:00:00+00:00,2274.96,2286.95,2273.3,2281.6,2101.1654
2026-05-13T01:00:00+00:00,2281.6,2295.69,2281.02,2290.0,2299.81306
2026-05-13T02:00:00+00:00,2290.0,2300.39,2287.42,2294.06,1593.39452
2026-05-13T03:00:00+00:00,2294.06,2303.95,2292.34,2301.85,1435.70087
2026-05-13T04:00:00+00:00,2301.85,2309.5,2298.61,2307.1,1925.50765
2026-05-13T05:00:00+00:00,2307.1,2307.89,2295.83,2297.92,1563.40233
2026-05-13T06:00:00+00:00,2297.92,2305.31,2297.47,2302.03,1867.43189
2026-05-13T07:00:00+00:00,2302.03,2303.28,2297.18,2301.28,1476.14121
2026-05-13T08:00:00+00:00,2301.28,2316.84,2300.58,2316.6,7903.09863
2026-05-13T09:00:00+00:00,2316.6,2323.43,2314.23,2321.15,3374.6081
2026-05-13T10:00:00+00:00,2321.15,2321.64,2305.31,2308.41,2693.0791
2026-05-13T11:00:00+00:00,2308.41,2309.0,2298.89,2301.75,2687.59285
2026-05-13T12:00:00+00:00,2301.75,2307.75,2270.23,2284.26,7755.63342
2026-05-13T13:00:00+00:00,2284.26,2288.51,2258.88,2262.4,7746.36674
2026-05-13T14:00:00+00:00,2262.4,2271.11,2251.0,2267.57,6130.91563
2026-05-13T15:00:00+00:00,2267.57,2270.45,2233.68,2236.3,14392.17947
2026-05-13T16:00:00+00:00,2236.3,2253.46,2235.07,2250.94,5818.02738
2026-05-13T17:00:00+00:00,2250.94,2262.0,2250.94,2258.38,2803.73605
2026-05-13T18:00:00+00:00,2258.38,2268.56,2258.38,2259.52,1973.57156
2026-05-13T19:00:00+00:00,2259.52,2260.81,2250.57,2256.6,1777.523
2026-05-13T20:00:00+00:00,2256.6,2264.5,2256.4,2263.69,1129.71788
2026-05-13T21:00:00+00:00,2263.69,2264.1,2253.57,2255.99,1421.78176
2026-05-13T22:00:00+00:00,2255.99,2260.73,2250.84,2259.45,1499.49493
2026-05-13T23:00:00+00:00,2259.45,2261.82,2254.65,2258.73,1427.33973
2026-05-14T00:00:00+00:00,2258.73,2269.62,2258.19,2266.64,2191.10401
2026-05-14T01:00:00+00:00,2266.64,2269.39,2259.75,2264.98,1595.89615
2026-05-14T02:00:00+00:00,2264.98,2266.95,2247.6,2251.53,2515.24012
2026-05-14T03:00:00+00:00,2251.53,2255.25,2238.64,2242.13,3987.38943
2026-05-14T04:00:00+00:00,2242.13,2258.43,2239.48,2256.76,1190.14098
2026-05-14T05:00:00+00:00,2256.76,2273.75,2255.48,2268.38,2284.44329
2026-05-14T06:00:00+00:00,2268.38,2275.43,2266.89,2267.78,2140.41969
2026-05-14T07:00:00+00:00,2267.78,2270.84,2263.92,2265.66,1626.70806
2026-05-14T08:00:00+00:00,2265.66,2271.09,2262.21,2266.65,2535.19765
2026-05-14T09:00:00+00:00,2266.65,2268.01,2252.83,2257.96,1934.2336
2026-05-14T10:00:00+00:00,2257.96,2265.69,2255.69,2262.27,2115.08511
2026-05-14T11:00:00+00:00,2262.27,2264.18,2252.55,2253.82,2382.66073
2026-05-14T12:00:00+00:00,2253.82,2263.34,2248.22,2261.54,2430.00251
2026-05-14T13:00:00+00:00,2261.54,2265.55,2248.51,2249.32,4207.54071
2026-05-14T14:00:00+00:00,2249.32,2289.79,2246.07,2287.53,13080.20695
2026-05-14T15:00:00+00:00,2287.53,2299.94,2280.75,2298.62,9075.5352
2026-05-14T16:00:00+00:00,2298.62,2318.6,2293.57,2316.23,10374.13112
2026-05-14T17:00:00+00:00,2316.23,2319.5,2296.41,2308.33,8098.84028
2026-05-14T18:00:00+00:00,2308.33,2316.35,2302.96,2309.64,15901.98515
2026-05-14T19:00:00+00:00,2309.64,2312.55,2297.51,2298.16,5932.71479
2026-05-14T20:00:00+00:00,2298.16,2301.45,2288.53,2298.18,3181.7149
2026-05-14T21:00:00+00:00,2298.18,2300.37,2290.01,2297.12,1497.07385
2026-05-14T22:00:00+00:00,2297.12,2301.49,2295.26,2297.98,2742.8196
2026-05-14T23:00:00+00:00,2297.98,2297.98,2280.71,2283.62,2930.19011
2026-05-15T00:00:00+00:00,2283.62,2300.5,2281.62,2290.99,4479.05319
2026-05-15T01:00:00+00:00,2290.99,2294.0,2274.81,2275.72,5307.31877
2026-05-15T02:00:00+00:00,2275.72,2279.47,2260.59,2276.86,5734.91187
2026-05-15T03:00:00+00:00,2276.86,2279.96,2268.14,2273.5,2445.48942
2026-05-15T04:00:00+00:00,2273.5,2274.17,2262.57,2263.15,2420.70795
2026-05-15T05:00:00+00:00,2263.15,2267.14,2237.58,2245.17,9355.34267
2026-05-15T06:00:00+00:00,2245.17,2257.09,2243.76,2255.48,8622.57339
2026-05-15T07:00:00+00:00,2255.48,2271.75,2253.62,2265.29,3937.16219
2026-05-15T08:00:00+00:00,2265.29,2265.61,2250.0,2257.6,2832.83597
2026-05-15T09:00:00+00:00,2257.6,2260.19,2250.77,2254.54,2754.8575
2026-05-15T10:00:00+00:00,2254.54,2264.43,2252.28,2262.34,2896.81417
2026-05-15T11:00:00+00:00,2262.34,2263.7,2257.07,2257.33,2224.75205
2026-05-15T12:00:00+00:00,2257.33,2260.58,2250.96,2254.05,2590.65222
2026-05-15T13:00:00+00:00,2254.05,2254.05,2210.03,2213.44,23555.34064
2026-05-15T14:00:00+00:00,2213.44,2224.22,2205.04,2213.45,8160.00324
2026-05-15T15:00:00+00:00,2213.45,2223.99,2209.67,2222.72,4146.03768
2026-05-15T16:00:00+00:00,2222.72,2231.43,2218.79,2224.61,3994.38615
2026-05-15T17:00:00+00:00,2224.61,2232.9,2223.97,2229.6,2611.74426
2026-05-15T18:00:00+00:00,2229.6,2234.06,2224.6,2228.08,3364.6929
2026-05-15T19:00:00+00:00,2228.08,2228.49,2222.15,2223.14,1979.87878
2026-05-15T20:00:00+00:00,2223.14,2226.23,2216.84,2220.11,3857.28041
2026-05-15T21:00:00+00:00,2220.11,2225.47,2214.86,2217.06,2573.12568
2026-05-15T22:00:00+00:00,2217.06,2224.74,2217.04,2224.04,1302.37296
2026-05-15T23:00:00+00:00,2224.04,2227.35,2222.6,2224.69,1543.65894
2026-05-16T00:00:00+00:00,2224.69,2231.49,2223.54,2226.9,1314.65908
2026-05-16T01:00:00+00:00,2226.9,2230.7,2223.26,2229.48,1275.22066
2026-05-16T02:00:00+00:00,2229.48,2231.39,2226.81,2229.72,996.68229
2026-05-16T03:00:00+00:00,2229.72,2230.49,2226.9,2227.94,957.29192
2026-05-16T04:00:00+00:00,2227.94,2228.82,2217.85,2225.86,1259.93792
2026-05-16T05:00:00+00:00,2225.86,2227.15,2222.74,2225.57,1037.64523
2026-05-16T06:00:00+00:00,2225.57,2226.97,2209.69,2215.48,2800.7146
2026-05-16T07:00:00+00:00,2215.48,2215.87,2181.79,2194.88,10201.80705
2026-05-16T08:00:00+00:00,2194.88,2197.44,2192.2,2193.3,2039.51421
2026-05-16T09:00:00+00:00,2193.3,2193.99,2163.28,2173.81,8095.85899
2026-05-16T10:00:00+00:00,2173.81,2175.47,2162.67,2174.24,4567.2182
2026-05-16T11:00:00+00:00,2174.24,2181.39,2174.24,2176.51,1424.19443
2026-05-16T12:00:00+00:00,2176.51,2179.62,2173.56,2176.59,1428.87127
2026-05-16T13:00:00+00:00,2176.59,2180.83,2172.55,2177.28,1889.00324
2026-05-16T14:00:00+00:00,2177.28,2188.88,2173.91,2180.12,2109.07293
2026-05-16T15:00:00+00:00,2180.12,2183.94,2177.21,2180.12,1532.7816
2026-05-16T16:00:00+00:00,2180.12,2183.75,2170.39,2174.35,3213.04324
2026-05-16T17:00:00+00:00,2174.35,2181.17,2174.29,2179.06,1354.92695
2026-05-16T18:00:00+00:00,2179.06,2185.05,2176.42,2181.71,1484.87582
2026-05-16T19:00:00+00:00,2181.71,2182.93,2179.19,2179.77,1027.22442
2026-05-16T20:00:00+00:00,2179.77,2183.07,2179.77,2181.51,884.81243
2026-05-16T21:00:00+00:00,2181.51,2183.73,2180.93,2182.65,711.02439
2026-05-16T22:00:00+00:00,2182.65,2183.49,2179.72,2180.36,742.85313
2026-05-16T23:00:00+00:00,2180.36,2183.16,2179.39,2180.96,554.03222
2026-05-17T00:00:00+00:00,2180.96,2185.79,2173.58,2177.85,1676.82352
2026-05-17T01:00:00+00:00,2177.85,2183.71,2168.03,2169.45,3484.37274
2026-05-17T02:00:00+00:00,2169.45,2176.25,2169.44,2174.45,1264.15655
2026-05-17T03:00:00+00:00,2174.45,2184.75,2174.33,2181.69,1173.37042
2026-05-17T04:00:00+00:00,2181.69,2190.38,2181.07,2187.58,2476.55982
2026-05-17T05:00:00+00:00,2187.58,2195.43,2185.75,2186.18,1566.85986
2026-05-17T06:00:00+00:00,2186.18,2188.16,2181.72,2185.17,985.51765
2026-05-17T07:00:00+00:00,2185.17,2188.5,2182.36,2186.55,977.42638
2026-05-17T08:00:00+00:00,2186.55,2187.3,2183.13,2186.28,869.20718
2026-05-17T09:00:00+00:00,2186.28,2191.86,2185.97,2190.3,1062.65052
2026-05-17T10:00:00+00:00,2190.3,2198.57,2190.29,2194.48,2325.58726
2026-05-17T11:00:00+00:00,2194.48,2195.08,2187.9,2192.13,1506.24478
2026-05-17T12:00:00+00:00,2192.13,2198.54,2191.41,2194.64,1495.97275
2026-05-17T13:00:00+00:00,2194.64,2195.34,2187.61,2192.24,1589.69015
2026-05-17T14:00:00+00:00,2192.24,2192.61,2177.94,2186.72,13314.84359
2026-05-17T15:00:00+00:00,2186.72,2188.93,2181.26,2185.8,13342.72664
2026-05-17T16:00:00+00:00,2185.8,2188.87,2182.09,2182.48,10891.50588
2026-05-17T17:00:00+00:00,2182.48,2185.21,2176.41,2183.82,2127.85661
2026-05-17T18:00:00+00:00,2183.82,2188.66,2179.19,2188.63,1467.25639
2026-05-17T19:00:00+00:00,2188.63,2193.95,2187.62,2192.6,2719.59275
2026-05-17T20:00:00+00:00,2192.6,2194.18,2186.84,2189.58,1670.07633
2026-05-17T21:00:00+00:00,2189.58,2195.2,2187.51,2191.95,1388.95202
2026-05-17T22:00:00+00:00,2191.95,2191.95,2173.57,2179.6,3519.3442
2026-05-17T23:00:00+00:00,2179.6,2179.89,2090.0,2130.78,19478.801
2026-05-18T00:00:00+00:00,2130.78,2131.86,2104.13,2115.31,21443.10761
2026-05-18T01:00:00+00:00,2115.31,2121.22,2106.1,2117.44,4088.70584
2026-05-18T02:00:00+00:00,2117.44,2124.0,2112.78,2116.62,3258.27763
2026-05-18T03:00:00+00:00,2116.62,2123.89,2115.78,2118.6,1990.58596
2026-05-18T04:00:00+00:00,2118.6,2125.59,2114.14,2124.75,1685.93506
2026-05-18T05:00:00+00:00,2124.75,2125.98,2116.82,2118.31,2474.08293
2026-05-18T06:00:00+00:00,2118.31,2121.36,2110.0,2119.08,3301.05251
2026-05-18T07:00:00+00:00,2119.08,2123.85,2111.93,2120.84,5117.33343
2026-05-18T08:00:00+00:00,2120.84,2124.55,2117.6,2121.59,4191.50771
2026-05-18T09:00:00+00:00,2121.59,2122.03,2115.9,2116.95,1517.62988
2026-05-18T10:00:00+00:00,2116.95,2117.77,2112.35,2114.36,2454.59917
2026-05-18T11:00:00+00:00,2114.36,2139.99,2110.23,2134.0,8024.96905
2026-05-18T12:00:00+00:00,2134.0,2157.5,2134.0,2151.42,10474.14258
2026-05-18T13:00:00+00:00,2151.42,2152.02,2120.28,2130.99,9726.5827
2026-05-18T14:00:00+00:00,2130.99,2131.01,2098.55,2109.94,17187.31535
2026-05-18T15:00:00+00:00,2109.94,2110.99,2093.28,2107.42,11272.20325
2026-05-18T16:00:00+00:00,2107.42,2111.37,2090.37,2097.56,5770.01349
2026-05-18T17:00:00+00:00,2097.56,2110.27,2095.31,2107.94,3657.31537
2026-05-18T18:00:00+00:00,2107.94,2109.1,2077.71,2081.2,6923.50022
2026-05-18T19:00:00+00:00,2081.2,2128.73,2079.29,2125.15,12776.30931
2026-05-18T20:00:00+00:00,2125.15,2131.06,2115.04,2117.69,4621.15107
2026-05-18T21:00:00+00:00,2117.69,2142.43,2114.51,2137.09,4721.97197
2026-05-18T22:00:00+00:00,2137.09,2142.4,2129.99,2135.7,4034.27949
2026-05-18T23:00:00+00:00,2135.7,2139.01,2127.64,2130.07,1533.84491
2026-05-19T00:00:00+00:00,2130.07,2147.76,2128.2,2135.89,2521.15506
2026-05-19T01:00:00+00:00,2135.89,2138.29,2123.56,2124.87,2649.61099
2026-05-19T02:00:00+00:00,2124.87,2135.63,2119.23,2123.17,2490.65284
2026-05-19T03:00:00+00:00,2123.17,2134.53,2121.86,2131.29,1763.18605
2026-05-19T04:00:00+00:00,2131.29,2136.78,2127.94,2133.74,1651.35047
2026-05-19T05:00:00+00:00,2133.74,2137.52,2123.3,2135.12,2381.35821
2026-05-19T06:00:00+00:00,2135.12,2140.39,2132.42,2137.25,2558.69685
2026-05-19T07:00:00+00:00,2137.25,2144.98,2135.06,2140.9,2665.06764
2026-05-19T08:00:00+00:00,2140.9,2141.49,2130.81,2133.46,3076.09436
2026-05-19T09:00:00+00:00,2133.46,2134.54,2111.01,2114.35,4596.43901
2026-05-19T10:00:00+00:00,2114.35,2122.15,2106.81,2118.59,3687.46196
2026-05-19T11:00:00+00:00,2118.59,2120.44,2109.21,2110.69,2167.05594
2026-05-19T12:00:00+00:00,2110.69,2119.51,2108.72,2118.26,1949.3581
2026-05-19T13:00:00+00:00,2118.26,2127.44,2107.59,2119.08,5966.91144
2026-05-19T14:00:00+00:00,2119.08,2123.68,2094.39,2106.66,9704.43195
2026-05-19T15:00:00+00:00,2106.66,2113.99,2103.77,2110.52,3553.00489
2026-05-19T16:00:00+00:00,2110.52,2122.55,2107.14,2121.17,3150.61486
2026-05-19T17:00:00+00:00,2121.17,2125.47,2112.86,2115.78,2784.34409
2026-05-19T18:00:00+00:00,2115.78,2119.71,2110.66,2115.28,2429.20251
2026-05-19T19:00:00+00:00,2115.28,2123.47,2110.4,2113.29,3855.49091
2026-05-19T20:00:00+00:00,2113.29,2118.98,2112.41,2118.54,1182.95448
2026-05-19T21:00:00+00:00,2118.54,2120.79,2116.7,2117.26,1721.78223
2026-05-19T22:00:00+00:00,2117.26,2117.26,2102.57,2106.33,2922.96479
2026-05-19T23:00:00+00:00,2106.33,2118.83,2104.65,2112.08,2017.18026
2026-05-20T00:00:00+00:00,2112.08,2115.87,2103.29,2111.38,3130.62444
2026-05-20T01:00:00+00:00,2111.38,2119.31,2103.1,2115.28,3402.13702
2026-05-20T02:00:00+00:00,2115.28,2117.18,2106.24,2109.38,1607.78892
2026-05-20T03:00:00+00:00,2109.38,2116.23,2106.01,2111.66,1174.15213
2026-05-20T04:00:00+00:00,2111.66,2114.8,2107.15,2113.39,1205.73856
2026-05-20T05:00:00+00:00,2113.39,2130.51,2113.39,2125.56,3121.88052
2026-05-20T06:00:00+00:00,2125.56,2134.61,2125.35,2134.06,2458.44913
2026-05-20T07:00:00+00:00,2134.06,2136.47,2128.42,2129.82,1711.96623
2026-05-20T08:00:00+00:00,2129.82,2138.26,2128.74,2131.88,3152.53415
2026-05-20T09:00:00+00:00,2131.88,2132.92,2127.52,2129.44,1447.44847
2026-05-20T10:00:00+00:00,2129.44,2137.08,2129.43,2130.77,1526.90947
2026-05-20T11:00:00+00:00,2130.77,2132.25,2124.31,2128.16,1212.855
2026-05-20T12:00:00+00:00,2128.16,2140.29,2126.85,2134.09,2360.71264
2026-05-20T13:00:00+00:00,2134.09,2135.63,2115.61,2120.73,4733.20439
2026-05-20T14:00:00+00:00,2120.73,2139.77,2113.89,2135.23,7670.4928
2026-05-20T15:00:00+00:00,2135.23,2149.57,2129.05,2136.83,6948.8646
2026-05-20T16:00:00+00:00,2136.83,2140.69,2124.07,2135.43,3787.14378
2026-05-20T17:00:00+00:00,2135.43,2148.98,2132.08,2140.48,4399.82356
2026-05-20T18:00:00+00:00,2140.48,2141.18,2131.27,2132.21,2768.38059
2026-05-20T19:00:00+00:00,2132.21,2142.21,2129.05,2139.3,2838.21886
2026-05-20T20:00:00+00:00,2139.3,2140.91,2129.41,2135.85,3575.03863
2026-05-20T21:00:00+00:00,2135.85,2138.69,2130.34,2130.5,1127.11963
2026-05-20T22:00:00+00:00,2130.5,2130.5,2118.32,2128.22,2542.85437
2026-05-20T23:00:00+00:00,2128.22,2130.34,2122.51,2129.47,1232.80788
2026-05-21T00:00:00+00:00,2129.47,2145.28,2128.47,2143.12,2842.09187
2026-05-21T01:00:00+00:00,2143.12,2158.2,2139.2,2141.23,9056.92449
2026-05-21T02:00:00+00:00,2141.23,2148.4,2139.56,2141.92,2460.84814
2026-05-21T03:00:00+00:00,2141.92,2147.31,2140.85,2145.98,1359.22276
2026-05-21T04:00:00+00:00,2145.98,2148.95,2142.72,2145.08,1947.04637
2026-05-21T05:00:00+00:00,2145.08,2148.6,2133.28,2136.52,2451.77527
2026-05-21T06:00:00+00:00,2136.52,2138.89,2127.72,2128.64,2462.47764
2026-05-21T07:00:00+00:00,2128.64,2136.98,2124.4,2135.0,2582.4406
2026-05-21T08:00:00+00:00,2135.0,2148.42,2134.91,2137.89,3735.29907
2026-05-21T09:00:00+00:00,2137.89,2140.99,2127.77,2128.08,2293.97639
2026-05-21T10:00:00+00:00,2128.08,2130.14,2108.12,2114.33,7061.18814
2026-05-21T11:00:00+00:00,2114.33,2119.74,2111.9,2115.0,2911.16474
2026-05-21T12:00:00+00:00,2115.0,2120.0,2112.07,2117.28,5892.67075
2026-05-21T13:00:00+00:00,2117.28,2124.41,2104.94,2120.49,6487.70062
2026-05-21T14:00:00+00:00,2120.49,2125.77,2110.7,2122.04,4817.73658
2026-05-21T15:00:00+00:00,2122.04,2138.48,2119.28,2132.44,6301.6413
2026-05-21T16:00:00+00:00,2132.44,2136.66,2123.0,2127.92,5069.29074
2026-05-21T17:00:00+00:00,2127.92,2154.14,2126.07,2146.83,13074.08525
2026-05-21T18:00:00+00:00,2146.83,2148.52,2121.5,2127.04,6362.93642
2026-05-21T19:00:00+00:00,2127.04,2146.38,2126.33,2143.08,3531.28714
2026-05-21T20:00:00+00:00,2143.08,2143.58,2137.16,2138.73,1918.34071
2026-05-21T21:00:00+00:00,2138.73,2141.18,2133.95,2135.49,1301.48434
2026-05-21T22:00:00+00:00,2135.49,2137.04,2131.03,2132.0,1654.34189
2026-05-21T23:00:00+00:00,2132.0,2136.97,2127.31,2133.98,1980.94721
2026-05-22T00:00:00+00:00,2133.98,2135.17,2129.26,2129.3,2539.21502
2026-05-22T01:00:00+00:00,2129.3,2137.17,2125.5,2135.97,3077.93279
2026-05-22T02:00:00+00:00,2135.97,2140.42,2134.39,2137.9,2717.72552
2026-05-22T03:00:00+00:00,2137.9,2141.5,2135.26,2138.02,926.71303
2026-05-22T04:00:00+00:00,2138.02,2141.49,2132.8,2134.02,1013.717
2026-05-22T05:00:00+00:00,2134.02,2136.21,2127.45,2129.42,1784.5501
2026-05-22T06:00:00+00:00,2129.42,2131.13,2123.93,2125.78,2188.02598
2026-05-22T07:00:00+00:00,2125.78,2132.85,2121.8,2128.78,2426.15099
2026-05-22T08:00:00+00:00,2128.78,2133.74,2119.68,2122.35,4793.55983
2026-05-22T09:00:00+00:00,2122.35,2125.1,2118.65,2123.72,3498.21572
2026-05-22T10:00:00+00:00,2123.72,2125.25,2120.77,2123.18,3170.11826
2026-05-22T11:00:00+00:00,2123.18,2131.22,2120.01,2130.84,3616.48579
2026-05-22T12:00:00+00:00,2130.84,2138.38,2129.26,2135.36,5764.50335
2026-05-22T13:00:00+00:00,2135.36,2136.0,2124.03,2130.28,8467.14869
2026-05-22T14:00:00+00:00,2130.28,2130.34,2112.51,2117.09,6364.04087
2026-05-22T15:00:00+00:00,2117.09,2125.62,2112.56,2119.42,3431.20804
2026-05-22T16:00:00+00:00,2119.42,2124.04,2117.53,2122.85,1936.10696
2026-05-22T17:00:00+00:00,2122.85,2130.0,2119.14,2119.64,4074.90697
2026-05-22T18:00:00+00:00,2119.64,2121.71,2084.46,2099.97,9503.32992
2026-05-22T19:00:00+00:00,2099.97,2103.22,2057.61,2065.66,16242.70605
2026-05-22T20:00:00+00:00,2065.66,2078.97,2064.45,2073.25,5639.98319
2026-05-22T21:00:00+00:00,2073.25,2079.9,2071.48,2078.37,2474.34321
2026-05-22T22:00:00+00:00,2078.37,2079.79,2066.6,2072.78,3313.72124
2026-05-22T23:00:00+00:00,2072.78,2077.17,2057.61,2066.0,4225.65081
2026-05-23T00:00:00+00:00,2066.0,2070.58,2052.71,2064.55,4698.69138
2026-05-23T01:00:00+00:00,2064.55,2069.96,2062.71,2069.0,2016.2897
2026-05-23T02:00:00+00:00,2069.0,2070.54,2065.0,2068.3,2840.52771
2026-05-23T03:00:00+00:00,2068.3,2072.04,2067.9,2070.77,784.8459
2026-05-23T04:00:00+00:00,2070.77,2071.12,2065.42,2067.24,742.89247
2026-05-23T05:00:00+00:00,2067.24,2067.82,2062.06,2064.97,1451.70209
2026-05-23T06:00:00+00:00,2064.97,2065.83,2060.58,2061.84,1019.55383
2026-05-23T07:00:00+00:00,2061.84,2063.12,2008.75,2028.58,29350.19054
2026-05-23T08:00:00+00:00,2028.58,2032.52,2021.29,2030.36,8564.02392
2026-05-23T09:00:00+00:00,2030.36,2031.17,2027.06,2027.38,2421.89983
2026-05-23T10:00:00+00:00,2027.38,2033.51,2026.93,2031.44,1440.39129
2026-05-23T11:00:00+00:00,2031.44,2036.01,2030.7,2031.52,2042.40145
2026-05-23T12:00:00+00:00,2031.52,2032.17,2027.23,2031.2,1791.18465
2026-05-23T13:00:00+00:00,2031.2,2046.23,2031.18,2044.88,6126.28689
2026-05-23T14:00:00+00:00,2044.88,2065.37,2041.12,2061.55,6805.18159
2026-05-23T15:00:00+00:00,2061.55,2068.65,2055.64,2060.37,7715.55094
2026-05-23T16:00:00+00:00,2060.37,2065.37,2057.33,2061.67,6486.10559
2026-05-23T17:00:00+00:00,2061.67,2065.94,2059.39,2064.24,4266.12914
2026-05-23T18:00:00+00:00,2064.24,2083.99,2063.87,2074.51,15982.38147
2026-05-23T19:00:00+00:00,2074.51,2081.26,2069.83,2077.49,5367.88913
2026-05-23T20:00:00+00:00,2077.49,2146.96,2074.75,2146.18,30628.97447
2026-05-23T21:00:00+00:00,2146.18,2149.63,2105.79,2116.85,10095.13115
2026-05-23T22:00:00+00:00,2116.85,2120.32,2103.33,2116.74,3388.92197
2026-05-23T23:00:00+00:00,2116.74,2122.02,2114.41,2117.68,1921.46869
2026-05-24T00:00:00+00:00,2117.68,2121.54,2112.82,2119.38,2406.27509
2026-05-24T01:00:00+00:00,2119.38,2125.98,2118.11,2122.46,2736.19623
2026-05-24T02:00:00+00:00,2122.46,2125.59,2118.2,2122.54,2002.06095
2026-05-24T03:00:00+00:00,2122.54,2127.4,2116.71,2119.03,1946.00367
2026-05-24T04:00:00+00:00,2119.03,2123.92,2119.03,2120.27,1170.6204
2026-05-24T05:00:00+00:00,2120.27,2121.44,2113.85,2120.05,1386.7374
2026-05-24T06:00:00+00:00,2120.05,2130.35,2117.59,2128.13,2425.28935
2026-05-24T07:00:00+00:00,2128.13,2129.82,2119.23,2120.85,2187.32269
2026-05-24T08:00:00+00:00,2120.85,2123.36,2119.1,2120.41,2454.23397
2026-05-24T09:00:00+00:00,2120.41,2124.79,2119.12,2123.55,1739.45417
2026-05-24T10:00:00+00:00,2123.55,2133.22,2119.4,2122.4,3110.61521
2026-05-24T11:00:00+00:00,2122.4,2127.62,2122.2,2126.23,1624.0957
2026-05-24T12:00:00+00:00,2126.23,2126.78,2117.36,2120.08,1951.47369
2026-05-24T13:00:00+00:00,2120.08,2121.11,2106.11,2110.42,4397.11538
2026-05-24T14:00:00+00:00,2110.42,2113.44,2078.84,2098.14,13957.87142
2026-05-24T15:00:00+00:00,2098.14,2099.99,2094.01,2095.82,1859.58739
2026-05-24T16:00:00+00:00,2095.82,2109.07,2095.04,2103.66,2617.27854
2026-05-24T17:00:00+00:00,2103.66,2106.73,2101.43,2102.99,1614.37735
2026-05-24T18:00:00+00:00,2102.99,2104.89,2097.78,2099.87,1401.71001
2026-05-24T19:00:00+00:00,2099.87,2102.79,2096.27,2100.9,1260.32493
2026-05-24T20:00:00+00:00,2100.9,2102.16,2091.72,2093.15,2066.25757
2026-05-24T21:00:00+00:00,2093.15,2098.99,2062.62,2070.75,5903.35311
2026-05-24T22:00:00+00:00,2070.75,2099.71,2070.22,2092.35,4890.55321
2026-05-24T23:00:00+00:00,2092.35,2106.85,2091.49,2099.8,2930.42549
2026-05-25T00:00:00+00:00,2099.8,2109.53,2099.8,2105.15,2659.26133
2026-05-25T01:00:00+00:00,2105.15,2108.15,2093.31,2094.22,2013.59184
2026-05-25T02:00:00+00:00,2094.22,2113.23,2094.22,2098.2,2782.64622
2026-05-25T03:00:00+00:00,2098.2,2100.4,2092.41,2095.55,1922.25537
2026-05-25T04:00:00+00:00,2095.55,2108.63,2092.1,2106.03,2611.09479
2026-05-25T05:00:00+00:00,2106.03,2111.67,2104.29,2108.57,3888.85895
2026-05-25T06:00:00+00:00,2108.57,2111.81,2099.67,2109.33,6796.21525
2026-05-25T07:00:00+00:00,2109.33,2117.64,2106.25,2116.3,5275.73896
2026-05-25T08:00:00+00:00,2116.3,2117.87,2111.78,2116.72,2591.51443
2026-05-25T09:00:00+00:00,2116.72,2124.61,2116.06,2117.04,4194.59082
2026-05-25T10:00:00+00:00,2117.04,2121.48,2114.85,2117.16,1343.09228
2026-05-25T11:00:00+00:00,2117.16,2120.54,2114.39,2115.45,3258.67183
2026-05-25T12:00:00+00:00,2115.45,2119.81,2112.49,2117.37,4779.95926
2026-05-25T13:00:00+00:00,2117.37,2120.11,2114.48,2116.45,1659.08136
2026-05-25T14:00:00+00:00,2116.45,2130.65,2115.76,2128.61,5266.04494
2026-05-25T15:00:00+00:00,2128.61,2138.64,2122.93,2127.35,6045.60914
2026-05-25T16:00:00+00:00,2127.35,2142.44,2125.32,2136.56,5833.37038
2026-05-25T17:00:00+00:00,2136.56,2140.95,2128.44,2129.02,3669.07209
2026-05-25T18:00:00+00:00,2129.02,2134.08,2126.76,2127.12,1926.9923
2026-05-25T19:00:00+00:00,2127.12,2127.24,2116.8,2121.49,2660.44018
2026-05-25T20:00:00+00:00,2121.49,2123.53,2107.58,2108.92,3001.701
2026-05-25T21:00:00+00:00,2108.92,2113.23,2107.99,2111.1,1664.57343
2026-05-25T22:00:00+00:00,2111.1,2115.86,2102.43,2103.79,3300.92158
2026-05-25T23:00:00+00:00,2103.79,2113.87,2102.41,2112.78,1422.25688
2026-05-26T00:00:00+00:00,2112.78,2113.96,2084.85,2097.6,7747.74989
2026-05-26T01:00:00+00:00,2097.6,2100.42,2087.7,2094.47,4367.49388
2026-05-26T02:00:00+00:00,2094.47,2095.9,2084.7,2088.9,4513.11426
2026-05-26T03:00:00+00:00,2088.9,2094.35,2084.55,2093.29,2802.88262
2026-05-26T04:00:00+00:00,2093.29,2096.52,2088.81,2093.7,2089.80336
2026-05-26T05:00:00+00:00,2093.7,2103.78,2092.0,2101.07,2409.71874
2026-05-26T06:00:00+00:00,2101.07,2104.86,2094.8,2101.94,2448.94877
2026-05-26T07:00:00+00:00,2101.94,2102.84,2090.71,2095.51,4511.60896
2026-05-26T08:00:00+00:00,2095.51,2100.43,2095.14,2097.65,1388.46152
2026-05-26T09:00:00+00:00,2097.65,2100.21,2094.21,2096.9,2383.62616
2026-05-26T10:00:00+00:00,2096.9,2137.56,2094.36,2127.81,11772.54953
2026-05-26T11:00:00+00:00,2127.81,2130.81,2118.37,2120.9,3866.51591
2026-05-26T12:00:00+00:00,2120.9,2127.0,2111.21,2126.62,4524.63805
2026-05-26T13:00:00+00:00,2126.62,2131.67,2109.52,2125.5,7024.8571
2026-05-26T14:00:00+00:00,2125.5,2140.79,2106.16,2109.33,13351.22213
2026-05-26T15:00:00+00:00,2109.33,2112.25,2078.51,2087.3,12852.01593
2026-05-26T16:00:00+00:00,2087.3,2090.21,2069.44,2079.71,12939.7912
2026-05-26T17:00:00+00:00,2079.71,2084.12,2054.58,2070.74,12586.07655
2026-05-26T18:00:00+00:00,2070.74,2081.04,2066.19,2068.61,3987.63197
2026-05-26T19:00:00+00:00,2068.61,2077.1,2065.41,2074.34,2405.04473
2026-05-26T20:00:00+00:00,2074.34,2078.62,2073.75,2078.28,2174.77582
2026-05-26T21:00:00+00:00,2078.28,2078.68,2069.12,2072.89,1675.50654
2026-05-26T22:00:00+00:00,2072.89,2076.51,2065.62,2068.72,3335.14939
2026-05-26T23:00:00+00:00,2068.72,2076.64,2068.72,2073.62,4557.81579
2026-05-27T00:00:00+00:00,2073.62,2084.2,2073.25,2083.28,2992.74257
2026-05-27T01:00:00+00:00,2083.28,2084.12,2071.4,2074.46,2451.23899
2026-05-27T02:00:00+00:00,2074.46,2076.25,2068.89,2076.25,2128.57175
2026-05-27T03:00:00+00:00,2076.25,2080.12,2068.44,2069.84,2239.64225
2026-05-27T04:00:00+00:00,2069.84,2073.26,2056.08,2072.15,4443.25264
2026-05-27T05:00:00+00:00,2072.15,2079.13,2071.59,2077.14,2381.14769
2026-05-27T06:00:00+00:00,2077.14,2081.43,2074.88,2079.6,1918.93343
2026-05-27T07:00:00+00:00,2079.6,2084.21,2075.83,2083.46,1937.85999
2026-05-27T08:00:00+00:00,2083.46,2096.84,2083.29,2085.06,7582.27971
2026-05-27T09:00:00+00:00,2085.06,2087.91,2078.34,2083.39,2719.64712
2026-05-27T10:00:00+00:00,2083.39,2087.99,2079.45,2079.59,2048.50805
2026-05-27T11:00:00+00:00,2079.59,2085.38,2078.54,2080.62,2738.13658
2026-05-27T12:00:00+00:00,2080.62,2097.25,2074.0,2078.72,5291.41148
2026-05-27T13:00:00+00:00,2078.72,2080.76,2051.58,2064.47,11155.63007
2026-05-27T14:00:00+00:00,2064.47,2072.07,2054.63,2062.69,6033.24101
2026-05-27T15:00:00+00:00,2062.69,2079.81,2061.24,2071.59,4731.71393
2026-05-27T16:00:00+00:00,2071.59,2074.54,2060.06,2070.13,3320.48313
2026-05-27T17:00:00+00:00,2070.13,2070.45,2044.56,2052.05,7198.06179
2026-05-27T18:00:00+00:00,2052.05,2057.05,2043.44,2056.68,3078.48786
2026-05-27T19:00:00+00:00,2056.68,2061.25,2054.34,2057.66,2484.41458
2026-05-27T20:00:00+00:00,2057.66,2066.35,2057.03,2063.19,2313.25411
2026-05-27T21:00:00+00:00,2063.19,2063.19,2015.3,2021.21,9154.93305
2026-05-27T22:00:00+00:00,2021.21,2035.14,2016.08,2025.32,6662.91632
2026-05-27T23:00:00+00:00,2025.32,2030.3,2017.77,2024.81,4522.45924
2026-05-28T00:00:00+00:00,2024.81,2029.11,2020.63,2028.12,2904.73889
2026-05-28T01:00:00+00:00,2028.12,2029.11,2012.59,2020.39,4920.78416
2026-05-28T02:00:00+00:00,2020.39,2021.9,2014.51,2017.54,2312.50695
2026-05-28T03:00:00+00:00,2017.54,2020.84,1969.0,1981.18,22123.5691
2026-05-28T04:00:00+00:00,1981.18,1986.13,1967.09,1981.98,11276.93233
2026-05-28T05:00:00+00:00,1981.98,1983.44,1975.15,1978.28,4999.0755
2026-05-28T06:00:00+00:00,1978.28,1984.36,1972.01,1983.73,4699.75088
2026-05-28T07:00:00+00:00,1983.73,1996.46,1982.07,1995.23,5837.82124
2026-05-28T08:00:00+00:00,1995.23,1996.13,1984.82,1988.1,3510.67855
2026-05-28T09:00:00+00:00,1988.1,1995.41,1984.6,1993.89,2986.53537
2026-05-28T10:00:00+00:00,1993.89,1998.66,1988.39,1990.21,3313.63599
2026-05-28T11:00:00+00:00,1990.21,1992.84,1986.36,1989.56,2985.41418
2026-05-28T12:00:00+00:00,1989.56,1994.6,1981.06,1991.96,5715.89399
2026-05-28T13:00:00+00:00,1991.96,1995.15,1975.13,1981.44,7951.1269
2026-05-28T14:00:00+00:00,1981.44,2002.67,1967.02,1993.48,14366.89274
2026-05-28T15:00:00+00:00,1993.48,1999.37,1983.76,1990.59,4673.3008
2026-05-28T16:00:00+00:00,1990.59,2015.4,1985.0,2013.34,6824.07385
2026-05-28T17:00:00+00:00,2013.34,2027.21,2009.09,2019.58,11172.93623
2026-05-28T18:00:00+00:00,2019.58,2030.37,2018.26,2025.08,6168.76603
2026-05-28T19:00:00+00:00,2025.08,2025.22,2013.92,2014.5,3806.92621
2026-05-28T20:00:00+00:00,2014.5,2020.19,2006.45,2014.06,4741.71963
2026-05-28T21:00:00+00:00,2014.06,2024.57,2013.35,2019.97,2982.36474
2026-05-28T22:00:00+00:00,2019.97,2022.98,2005.2,2005.6,2528.93232
2026-05-28T23:00:00+00:00,2005.6,2012.34,2005.6,2009.82,1564.15131
2026-05-29T00:00:00+00:00,2009.82,2017.35,2009.81,2012.34,2626.33445
2026-05-29T01:00:00+00:00,2012.34,2016.72,2005.89,2008.02,3118.23483
2026-05-29T02:00:00+00:00,2008.02,2010.73,1997.01,1999.02,5398.931
2026-05-29T03:00:00+00:00,1999.02,2007.69,1999.02,2002.66,2621.31907
2026-05-29T04:00:00+00:00,2002.66,2008.5,1998.14,2008.4,1909.89051
2026-05-29T05:00:00+00:00,2008.4,2015.45,2007.91,2014.47,2045.67181
2026-05-29T06:00:00+00:00,2014.47,2021.53,2012.18,2018.14,1920.20448
2026-05-29T07:00:00+00:00,2018.14,2019.95,2003.63,2007.7,6896.26103
2026-05-29T08:00:00+00:00,2007.7,2013.91,2005.5,2006.39,3056.73006
2026-05-29T09:00:00+00:00,2006.39,2016.36,2006.03,2014.78,2912.92456
2026-05-29T10:00:00+00:00,2014.78,2014.99,2009.7,2010.94,2985.68245
2026-05-29T11:00:00+00:00,2010.94,2014.44,2002.23,2007.51,3233.57502
2026-05-29T12:00:00+00:00,2007.51,2007.52,1994.91,1999.59,3662.04793
2026-05-29T13:00:00+00:00,1999.59,2006.27,1988.12,1999.62,5532.92832
2026-05-29T14:00:00+00:00,1999.62,2004.82,1976.51,2001.69,12062.38876
2026-05-29T15:00:00+00:00,2001.69,2046.51,1999.33,2031.58,20404.86643
2026-05-29T16:00:00+00:00,2031.58,2043.69,2021.79,2040.64,11119.61206
2026-05-29T17:00:00+00:00,2040.64,2044.4,2026.11,2028.42,5200.64941
2026-05-29T18:00:00+00:00,2028.42,2031.76,2005.08,2011.46,7545.50228
2026-05-29T19:00:00+00:00,2011.46,2022.64,2004.83,2017.04,3712.55643
2026-05-29T20:00:00+00:00,2017.04,2023.91,2015.13,2018.43,3141.44958
2026-05-29T21:00:00+00:00,2018.43,2024.17,2007.71,2009.63,4047.57323
2026-05-29T22:00:00+00:00,2009.63,2017.45,2007.74,2013.76,2350.49665
2026-05-29T23:00:00+00:00,2013.76,2015.65,2006.88,2014.37,2581.67442
2026-05-30T00:00:00+00:00,2014.37,2016.8,2010.48,2014.81,1689.41036
2026-05-30T01:00:00+00:00,2014.81,2021.61,2013.46,2019.57,1927.69913
2026-05-30T02:00:00+00:00,2019.57,2021.38,2016.93,2021.29,1155.14251
2026-05-30T03:00:00+00:00,2021.29,2023.51,2014.83,2016.84,2760.85498
2026-05-30T04:00:00+00:00,2016.84,2018.54,2001.85,2010.92,3516.81333
2026-05-30T05:00:00+00:00,2010.92,2019.08,2007.97,2015.69,2528.7221
2026-05-30T06:00:00+00:00,2015.69,2020.51,2012.67,2016.89,1357.89723
2026-05-30T07:00:00+00:00,2016.89,2017.74,2013.39,2016.21,1542.22805
2026-05-30T08:00:00+00:00,2016.21,2016.23,2013.7,2014.24,657.42052
2026-05-30T09:00:00+00:00,2014.24,2017.26,2013.74,2016.64,656.32264
2026-05-30T10:00:00+00:00,2016.64,2022.21,2016.28,2017.86,1859.33062
2026-05-30T11:00:00+00:00,2017.86,2019.14,2015.23,2017.45,1319.03016
2026-05-30T12:00:00+00:00,2017.45,2020.32,2017.05,2019.87,1192.61624
2026-05-30T13:00:00+00:00,2019.87,2022.63,2017.29,2020.74,1352.25916
2026-05-30T14:00:00+00:00,2020.74,2030.79,2020.44,2026.63,3402.60158
2026-05-30T15:00:00+00:00,2026.63,2032.18,2024.15,2026.65,2832.36695
2026-05-30T16:00:00+00:00,2026.65,2028.43,2024.5,2026.97,1168.0167
2026-05-30T17:00:00+00:00,2026.97,2028.98,2019.44,2027.09,1942.46267
2026-05-30T18:00:00+00:00,2027.09,2030.27,2024.53,2027.51,1819.73916
2026-05-30T19:00:00+00:00,2027.51,2029.2,2024.47,2028.8,1877.31206
2026-05-30T20:00:00+00:00,2028.8,2029.72,2025.76,2027.2,1516.96871
2026-05-30T21:00:00+00:00,2027.2,2031.61,2027.2,2028.5,1569.35354
2026-05-30T22:00:00+00:00,2028.5,2028.58,2020.81,2023.35,1703.82886
2026-05-30T23:00:00+00:00,2023.35,2026.35,2020.01,2022.65,1235.73086
2026-05-31T00:00:00+00:00,2022.65,2027.84,2020.58,2026.96,1241.84411
2026-05-31T01:00:00+00:00,2026.96,2034.2,2026.62,2029.19,3177.0846
2026-05-31T02:00:00+00:00,2029.19,2037.94,2027.81,2034.3,5788.26429
2026-05-31T03:00:00+00:00,2034.3,2036.78,2031.9,2033.48,1686.55572
2026-05-31T04:00:00+00:00,2033.48,2035.03,2031.27,2033.73,906.76225
2026-05-31T05:00:00+00:00,2033.73,2033.92,2029.38,2030.19,1352.19448
2026-05-31T06:00:00+00:00,2030.19,2031.06,2028.52,2029.61,1532.214
2026-05-31T07:00:00+00:00,2029.61,2029.62,2022.31,2024.02,1503.40143
2026-05-31T08:00:00+00:00,2024.02,2029.07,2022.89,2027.54,2390.01016
2026-05-31T09:00:00+00:00,2027.54,2028.47,2018.4,2020.99,2756.53812
2026-05-31T10:00:00+00:00,2020.99,2021.64,2015.15,2020.94,3196.78479
2026-05-31T11:00:00+00:00,2020.94,2024.27,2020.92,2023.12,1170.3794
2026-05-31T12:00:00+00:00,2023.12,2025.19,2019.34,2022.35,1522.10594
2026-05-31T13:00:00+00:00,2022.35,2026.51,2019.59,2020.38,1361.84417
2026-05-31T14:00:00+00:00,2020.38,2021.66,2005.69,2007.87,8605.32141
2026-05-31T15:00:00+00:00,2007.87,2015.35,2007.19,2010.4,3532.47881
2026-05-31T16:00:00+00:00,2010.4,2012.49,1998.24,2002.17,4269.97048
2026-05-31T17:00:00+00:00,2002.17,2008.07,1997.02,2006.07,2633.66542
2026-05-31T18:00:00+00:00,2006.07,2006.38,1999.04,2000.7,1725.85292
2026-05-31T19:00:00+00:00,2000.7,2002.66,1993.83,1999.6,2164.80608
2026-05-31T20:00:00+00:00,1999.6,2008.71,1999.6,2007.26,1567.12516
2026-05-31T21:00:00+00:00,2007.26,2014.68,2005.17,2012.39,3224.64875
2026-05-31T22:00:00+00:00,2012.39,2014.6,2004.73,2012.67,3107.2769
2026-05-31T23:00:00+00:00,2012.67,2023.25,1999.8,2007.17,3901.59837
2026-06-01T00:00:00+00:00,2007.17,2021.36,2006.19,2015.58,6532.52475
2026-06-01T01:00:00+00:00,2015.58,2016.95,1994.15,1994.84,3955.21278
2026-06-01T02:00:00+00:00,1994.84,2017.82,1990.96,2011.58,5029.36938
2026-06-01T03:00:00+00:00,2011.58,2018.17,2008.82,2009.4,3714.16531
2026-06-01T04:00:00+00:00,2009.4,2012.29,1993.81,1999.89,4753.79689
2026-06-01T05:00:00+00:00,1999.89,2002.01,1991.71,1994.66,3976.71938
2026-06-01T06:00:00+00:00,1994.66,1995.49,1980.16,1987.86,8668.05855
2026-06-01T07:00:00+00:00,1987.86,1990.0,1971.7,1976.32,9484.05176
2026-06-01T08:00:00+00:00,1976.32,1985.0,1971.67,1984.0,9962.55812
2026-06-01T09:00:00+00:00,1984.0,1990.0,1983.76,1987.72,4745.88308
2026-06-01T10:00:00+00:00,1987.72,1989.06,1980.82,1984.42,3765.5097
2026-06-01T11:00:00+00:00,1984.42,1987.04,1976.22,1981.53,4334.63589
2026-06-01T12:00:00+00:00,1981.53,1994.46,1967.96,1989.55,17495.39938
2026-06-01T13:00:00+00:00,1989.55,1990.54,1956.73,1971.36,25463.97861
2026-06-01T14:00:00+00:00,1971.36,1977.47,1964.15,1968.44,11670.78536
2026-06-01T15:00:00+00:00,1968.44,1980.24,1960.17,1968.38,10215.68264
2026-06-01T16:00:00+00:00,1968.38,1978.74,1958.65,1977.9,11349.47267
2026-06-01T17:00:00+00:00,1977.9,1996.77,1977.5,1990.56,11981.86169
2026-06-01T18:00:00+00:00,1990.56,1995.84,1983.31,1992.56,4788.24128
2026-06-01T19:00:00+00:00,1992.56,2008.91,1991.73,2004.51,6407.88648
2026-06-01T20:00:00+00:00,2004.51,2008.8,2000.75,2005.66,2906.14679
2026-06-01T21:00:00+00:00,2005.66,2009.62,1992.36,1994.32,6345.95239
2026-06-01T22:00:00+00:00,1994.32,2006.04,1983.66,2004.33,6181.37419
2026-06-01T23:00:00+00:00,2004.33,2008.71,1997.93,2006.59,4671.17738
2026-06-02T00:00:00+00:00,2006.59,2006.97,1995.34,1996.54,2626.32829
2026-06-02T01:00:00+00:00,1996.54,1999.13,1978.93,1980.13,5966.9302
2026-06-02T02:00:00+00:00,1980.13,1996.95,1962.36,1996.95,9071.4693
2026-06-02T03:00:00+00:00,1996.95,2005.71,1994.96,2003.92,3424.97998
2026-06-02T04:00:00+00:00,2003.92,2006.46,1995.77,1996.86,3115.21248
2026-06-02T05:00:00+00:00,1996.86,2001.14,1984.1,1984.71,10094.45601
2026-06-02T06:00:00+00:00,1984.71,1988.91,1977.85,1982.32,7981.62532
2026-06-02T07:00:00+00:00,1982.32,1990.2,1973.44,1981.72,6716.43245
2026-06-02T08:00:00+00:00,1981.72,1989.17,1976.67,1979.42,8407.6211
2026-06-02T09:00:00+00:00,1979.42,1979.96,1966.46,1975.13,8786.16733
2026-06-02T10:00:00+00:00,1975.13,1983.9,1971.53,1983.4,4619.45191
2026-06-02T11:00:00+00:00,1983.4,1983.86,1975.43,1978.24,2961.58644
2026-06-02T12:00:00+00:00,1978.24,1982.79,1972.17,1976.26,5904.40492
2026-06-02T13:00:00+00:00,1976.26,1981.96,1970.74,1974.32,12578.66413
2026-06-02T14:00:00+00:00,1974.32,1975.4,1925.0,1941.63,33886.00112
2026-06-02T15:00:00+00:00,1941.63,1941.87,1888.93,1915.27,47658.3139
2026-06-02T16:00:00+00:00,1915.27,1944.43,1909.69,1920.74,20698.7205
2026-06-02T17:00:00+00:00,1920.74,1931.65,1919.54,1924.14,7447.02062
2026-06-02T18:00:00+00:00,1924.14,1928.1,1903.55,1913.05,8318.52267
2026-06-02T19:00:00+00:00,1913.05,1917.98,1881.43,1912.31,21129.09331
2026-06-02T20:00:00+00:00,1912.31,1919.2,1895.2,1906.48,19408.72633
2026-06-02T21:00:00+00:00,1906.48,1911.5,1897.12,1900.49,7624.58791
2026-06-02T22:00:00+00:00,1900.49,1909.79,1861.38,1868.74,25874.14832
2026-06-02T23:00:00+00:00,1868.74,1873.72,1838.1,1860.18,31438.53741
2026-06-03T00:00:00+00:00,1860.18,1874.59,1854.85,1867.19,12962.15385
2026-06-03T01:00:00+00:00,1867.19,1870.14,1849.49,1864.62,7364.97804
2026-06-03T02:00:00+00:00,1864.62,1865.16,1851.16,1854.34,6321.67362
2026-06-03T03:00:00+00:00,1854.34,1856.86,1816.77,1827.82,25508.23439
2026-06-03T04:00:00+00:00,1827.82,1851.87,1827.47,1850.78,13213.91504
2026-06-03T05:00:00+00:00,1850.78,1876.66,1849.55,1873.48,15680.12189
2026-06-03T06:00:00+00:00,1873.48,1884.5,1870.48,1872.02,11404.25504
2026-06-03T07:00:00+00:00,1872.02,1880.62,1868.08,1878.57,5804.56524
2026-06-03T08:00:00+00:00,1878.57,1883.72,1873.39,1880.15,10605.20717
2026-06-03T09:00:00+00:00,1880.15,1886.98,1870.0,1876.42,11373.5499
2026-06-03T10:00:00+00:00,1876.42,1892.95,1874.95,1884.93,9475.68649
2026-06-03T11:00:00+00:00,1884.93,1888.75,1876.31,1878.23,5968.63855
2026-06-03T12:00:00+00:00,1878.23,1880.17,1868.0,1876.64,9911.1267
2026-06-03T13:00:00+00:00,1876.64,1880.27,1861.34,1867.64,12928.54785
2026-06-03T14:00:00+00:00,1867.64,1868.86,1852.58,1858.84,15019.22426
2026-06-03T15:00:00+00:00,1858.84,1860.08,1836.2,1837.13,12472.65698
2026-06-03T16:00:00+00:00,1837.13,1844.04,1811.0,1832.62,22540.02275
2026-06-03T17:00:00+00:00,1832.62,1839.32,1818.16,1828.1,14745.10502
2026-06-03T18:00:00+00:00,1828.1,1834.46,1821.0,1832.3,6211.12979
2026-06-03T19:00:00+00:00,1832.3,1833.69,1795.66,1803.39,17677.03447
2026-06-03T20:00:00+00:00,1803.39,1813.33,1768.94,1781.37,23750.99701
2026-06-03T21:00:00+00:00,1781.37,1850.43,1777.41,1850.31,19946.88218
2026-06-03T22:00:00+00:00,1850.31,1852.74,1822.89,1829.03,15729.87996
2026-06-03T23:00:00+00:00,1829.03,1831.23,1812.73,1813.36,11355.07798
2026-06-04T00:00:00+00:00,1813.36,1820.85,1782.36,1793.88,23936.1433
2026-06-04T01:00:00+00:00,1793.88,1801.09,1755.03,1759.98,24185.0761
2026-06-04T02:00:00+00:00,1759.98,1778.96,1716.44,1766.97,41110.9058
2026-06-04T03:00:00+00:00,1766.97,1812.98,1766.33,1809.32,21838.07401
2026-06-04T04:00:00+00:00,1809.32,1818.09,1802.59,1805.48,9877.19692
2026-06-04T05:00:00+00:00,1805.48,1805.48,1780.0,1784.01,22919.40568
2026-06-04T06:00:00+00:00,1784.01,1801.75,1781.9,1789.91,12453.69258
2026-06-04T07:00:00+00:00,1789.91,1790.83,1773.27,1777.28,15987.67739
2026-06-04T08:00:00+00:00,1777.28,1783.3,1763.65,1773.59,21585.52998
2026-06-04T09:00:00+00:00,1773.59,1774.13,1744.35,1766.27,25216.26041
2026-06-04T10:00:00+00:00,1766.27,1767.45,1730.07,1737.04,32102.63249
2026-06-04T11:00:00+00:00,1737.04,1754.91,1732.67,1751.33,18416.40393
2026-06-04T12:00:00+00:00,1751.33,1782.68,1743.77,1778.1,25922.19946
2026-06-04T13:00:00+00:00,1778.1,1790.5,1755.27,1785.53,27744.63078
2026-06-04T14:00:00+00:00,1785.53,1794.8,1766.22,1774.46,20024.16677
2026-06-04T15:00:00+00:00,1774.46,1791.78,1770.3,1776.81,18738.22758
2026-06-04T16:00:00+00:00,1776.81,1781.17,1765.96,1772.22,14245.02869
2026-06-04T17:00:00+00:00,1772.22,1776.28,1754.01,1767.84,17128.70273
2026-06-04T18:00:00+00:00,1767.84,1784.44,1759.79,1775.96,15196.17546
2026-06-04T19:00:00+00:00,1775.96,1787.22,1770.75,1776.87,12286.27828
2026-06-04T20:00:00+00:00,1776.87,1777.58,1764.5,1774.85,11663.38406
2026-06-04T21:00:00+00:00,1774.85,1783.21,1756.32,1760.95,11491.79822
2026-06-04T22:00:00+00:00,1760.95,1770.42,1752.22,1768.5,18677.25847
2026-06-04T23:00:00+00:00,1768.5,1777.36,1757.08,1770.63,10220.803
2026-06-05T00:00:00+00:00,1770.63,1774.84,1758.24,1759.26,12209.02587
2026-06-05T01:00:00+00:00,1759.26,1764.31,1746.38,1753.33,25719.03395
2026-06-05T02:00:00+00:00,1753.33,1755.19,1727.08,1730.2,25312.75684
2026-06-05T03:00:00+00:00,1730.2,1739.9,1722.17,1729.68,24692.01404
2026-06-05T04:00:00+00:00,1729.68,1746.12,1716.0,1744.5,24311.51032
2026-06-05T05:00:00+00:00,1744.5,1747.88,1680.61,1684.28,43957.1677
2026-06-05T06:00:00+00:00,1684.28,1689.33,1624.0,1656.49,85291.45267
2026-06-05T07:00:00+00:00,1656.49,1680.19,1633.1,1679.4,53747.93112
2026-06-05T08:00:00+00:00,1679.4,1679.97,1659.39,1663.98,17315.41123
2026-06-05T09:00:00+00:00,1663.98,1690.21,1662.57,1682.86,17834.34238
2026-06-05T10:00:00+00:00,1682.86,1685.38,1671.61,1676.9,13220.94158
2026-06-05T11:00:00+00:00,1676.9,1682.03,1662.9,1663.38,16548.63488
2026-06-05T12:00:00+00:00,1663.38,1672.0,1645.89,1657.05,33641.94745
2026-06-05T13:00:00+00:00,1657.05,1678.4,1612.84,1614.78,47219.05132
2026-06-05T14:00:00+00:00,1614.78,1624.72,1591.56,1600.64,71398.34644
2026-06-05T15:00:00+00:00,1600.64,1607.51,1572.3,1583.24,54348.77011
2026-06-05T16:00:00+00:00,1583.24,1612.4,1547.67,1608.48,71751.90446
2026-06-05T17:00:00+00:00,1608.48,1613.18,1587.79,1594.4,26175.43639
2026-06-05T18:00:00+00:00,1594.4,1598.97,1546.14,1553.18,42316.46042
2026-06-05T19:00:00+00:00,1553.18,1580.31,1540.0,1574.22,41472.91987
2026-06-05T20:00:00+00:00,1574.22,1610.63,1557.26,1603.44,29886.43268
2026-06-05T21:00:00+00:00,1603.44,1619.61,1602.17,1610.04,17378.07382
2026-06-05T22:00:00+00:00,1610.04,1610.55,1589.32,1597.37,17999.94312
2026-06-05T23:00:00+00:00,1597.37,1604.31,1560.14,1583.48,19436.29947
2026-06-06T00:00:00+00:00,1583.48,1601.39,1582.71,1593.0,7814.11546
2026-06-06T01:00:00+00:00,1593.0,1596.92,1578.12,1583.12,6263.38108
2026-06-06T02:00:00+00:00,1583.12,1585.79,1566.6,1576.11,9215.57241
2026-06-06T03:00:00+00:00,1576.11,1576.42,1555.0,1563.57,10511.87304
2026-06-06T04:00:00+00:00,1563.57,1569.74,1510.0,1522.4,44597.32739
2026-06-06T05:00:00+00:00,1522.4,1569.76,1505.35,1566.77,28683.94496
2026-06-06T06:00:00+00:00,1566.77,1582.0,1555.84,1560.26,21973.13429
2026-06-06T07:00:00+00:00,1560.26,1580.58,1556.03,1575.35,11689.32183
2026-06-06T08:00:00+00:00,1575.35,1593.93,1570.15,1582.7,15953.33122
2026-06-06T09:00:00+00:00,1582.7,1588.77,1565.62,1570.87,12308.90896
2026-06-06T10:00:00+00:00,1570.87,1570.87,1535.43,1548.1,29202.17057
2026-06-06T11:00:00+00:00,1548.1,1567.48,1547.05,1558.85,10126.74398
2026-06-06T12:00:00+00:00,1558.85,1575.46,1551.43,1571.15,13291.26289
2026-06-06T13:00:00+00:00,1571.15,1573.45,1553.96,1557.2,8459.60493
2026-06-06T14:00:00+00:00,1557.2,1566.84,1556.01,1557.79,8151.95693
2026-06-06T15:00:00+00:00,1557.79,1566.13,1545.0,1560.59,13264.58792
2026-06-06T16:00:00+00:00,1560.59,1565.93,1552.67,1563.4,10183.65044
2026-06-06T17:00:00+00:00,1563.4,1566.79,1546.88,1553.45,14576.50118
2026-06-06T18:00:00+00:00,1553.45,1566.32,1549.88,1556.64,10512.64399
2026-06-06T19:00:00+00:00,1556.64,1563.93,1553.33,1554.47,5814.76906
2026-06-06T20:00:00+00:00,1554.47,1560.27,1550.84,1557.59,6823.33421
2026-06-06T21:00:00+00:00,1557.59,1565.21,1557.59,1558.14,4170.73436
2026-06-06T22:00:00+00:00,1558.14,1562.18,1551.37,1558.12,5598.44278
2026-06-06T23:00:00+00:00,1558.12,1570.19,1556.7,1569.63,5631.94122
2026-06-07T00:00:00+00:00,1569.63,1572.59,1563.84,1565.12,4510.46145
2026-06-07T01:00:00+00:00,1565.12,1596.59,1563.94,1590.08,16673.11827
2026-06-07T02:00:00+00:00,1590.08,1595.37,1582.29,1592.84,6992.72642
2026-06-07T03:00:00+00:00,1592.84,1601.23,1590.0,1595.06,7135.79478
2026-06-07T04:00:00+00:00,1595.06,1599.41,1584.71,1596.98,4862.18393
2026-06-07T05:00:00+00:00,1596.98,1609.83,1593.18,1604.06,11183.09206
2026-06-07T06:00:00+00:00,1604.06,1623.25,1598.41,1612.04,17535.60221
2026-06-07T07:00:00+00:00,1612.04,1616.94,1607.25,1615.24,7897.81282
2026-06-07T08:00:00+00:00,1615.24,1642.73,1608.16,1641.34,23245.20913
2026-06-07T09:00:00+00:00,1641.34,1648.8,1629.06,1633.53,13553.64563
2026-06-07T10:00:00+00:00,1633.53,1635.95,1624.56,1625.47,13407.4988
2026-06-07T11:00:00+00:00,1625.47,1633.93,1621.71,1629.97,11596.02838
2026-06-07T12:00:00+00:00,1629.97,1631.19,1606.55,1620.04,15192.82948
2026-06-07T13:00:00+00:00,1620.04,1623.17,1613.09,1617.43,6361.69215
2026-06-07T14:00:00+00:00,1617.43,1640.25,1616.84,1628.12,7225.82174
2026-06-07T15:00:00+00:00,1628.12,1636.31,1620.96,1630.07,4967.02296
2026-06-07T16:00:00+00:00,1630.07,1633.62,1623.31,1628.71,4532.0195
2026-06-07T17:00:00+00:00,1628.71,1638.21,1627.74,1631.3,4708.03823
2026-06-07T18:00:00+00:00,1631.3,1636.7,1628.88,1630.27,2501.22622
2026-06-07T19:00:00+00:00,1630.27,1630.46,1603.62,1613.13,16647.91355
2026-06-07T20:00:00+00:00,1613.13,1631.92,1609.31,1628.13,4178.73082
2026-06-07T21:00:00+00:00,1628.13,1634.79,1623.77,1634.66,2990.30775
2026-06-07T22:00:00+00:00,1634.66,1721.2,1628.96,1672.54,28001.0161
2026-06-07T23:00:00+00:00,1672.54,1691.67,1670.67,1690.48,7686.10311
2026-06-08T00:00:00+00:00,1690.48,1711.68,1682.93,1697.54,17489.97854
2026-06-08T01:00:00+00:00,1697.54,1700.3,1670.85,1687.33,20141.18731
2026-06-08T02:00:00+00:00,1687.33,1689.62,1678.0,1683.92,14803.7323
2026-06-08T03:00:00+00:00,1683.92,1693.09,1677.04,1679.98,9289.2118
2026-06-08T04:00:00+00:00,1679.98,1681.13,1655.96,1657.0,14610.36136
2026-06-08T05:00:00+00:00,1657.0,1659.91,1644.74,1653.69,14494.59952
2026-06-08T06:00:00+00:00,1653.69,1670.1,1652.44,1666.66,9147.56342
2026-06-08T07:00:00+00:00,1666.66,1679.79,1661.57,1673.5,10582.02671
2026-06-08T08:00:00+00:00,1673.5,1673.5,1658.84,1661.33,9435.03731
2026-06-08T09:00:00+00:00,1661.33,1672.16,1657.21,1671.0,12838.04998
2026-06-08T10:00:00+00:00,1671.0,1677.23,1663.26,1672.6,9366.54408
2026-06-08T11:00:00+00:00,1672.6,1696.95,1667.74,1683.74,19604.48186
2026-06-08T12:00:00+00:00,1683.74,1698.85,1667.07,1695.34,25124.43716
2026-06-08T13:00:00+00:00,1695.34,1697.27,1678.38,1681.62,21061.55368
2026-06-08T14:00:00+00:00,1681.62,1694.41,1676.32,1691.48,16486.41822
2026-06-08T15:00:00+00:00,1691.48,1706.21,1688.5,1691.58,16066.41914
2026-06-08T16:00:00+00:00,1691.58,1703.91,1682.37,1682.56,11328.91716
2026-06-08T17:00:00+00:00,1682.56,1687.96,1675.66,1686.79,10217.71773
2026-06-08T18:00:00+00:00,1686.79,1692.7,1678.67,1684.65,5178.34316
2026-06-08T19:00:00+00:00,1684.65,1691.04,1681.18,1684.8,8893.39313
2026-06-08T20:00:00+00:00,1684.8,1689.73,1678.97,1689.73,6369.3175
2026-06-08T21:00:00+00:00,1689.73,1714.19,1689.73,1703.65,8504.22648
2026-06-08T22:00:00+00:00,1703.65,1704.04,1688.3,1703.33,6439.48186
2026-06-08T23:00:00+00:00,1703.33,1714.44,1686.73,1690.19,6427.90583
2026-06-09T00:00:00+00:00,1690.19,1696.86,1659.69,1663.21,21803.56282
2026-06-09T01:00:00+00:00,1663.21,1674.39,1658.56,1668.96,14516.28298
2026-06-09T02:00:00+00:00,1668.96,1672.3,1654.29,1668.21,10402.93686
2026-06-09T03:00:00+00:00,1668.21,1671.85,1663.98,1669.8,6228.36276
2026-06-09T04:00:00+00:00,1669.8,1696.78,1664.64,1686.51,14012.82869
2026-06-09T05:00:00+00:00,1686.51,1695.53,1681.52,1688.29,6828.40754
2026-06-09T06:00:00+00:00,1688.29,1695.44,1684.06,1686.09,7648.53919
2026-06-09T07:00:00+00:00,1686.09,1691.75,1674.99,1680.09,10193.98529
2026-06-09T08:00:00+00:00,1680.09,1681.12,1668.47,1675.08,13896.54658
2026-06-09T09:00:00+00:00,1675.08,1680.44,1664.77,1670.44,8004.19264
2026-06-09T10:00:00+00:00,1670.44,1676.4,1666.15,1674.58,6210.96083
2026-06-09T11:00:00+00:00,1674.58,1675.49,1666.11,1671.82,6050.09185
2026-06-09T12:00:00+00:00,1671.82,1685.8,1670.96,1676.76,11280.93569
2026-06-09T13:00:00+00:00,1676.76,1681.0,1664.12,1666.84,13842.48013
2026-06-09T14:00:00+00:00,1666.84,1671.03,1633.32,1645.74,32849.28405
2026-06-09T15:00:00+00:00,1645.74,1653.91,1634.35,1636.22,11637.14339
2026-06-09T16:00:00+00:00,1636.22,1639.47,1613.71,1632.21,18530.15403
2026-06-09T17:00:00+00:00,1632.21,1649.81,1632.19,1643.03,10284.28529
2026-06-09T18:00:00+00:00,1643.03,1655.57,1639.77,1652.42,6375.79383
2026-06-09T19:00:00+00:00,1652.42,1658.64,1647.74,1657.23,6235.71244
2026-06-09T20:00:00+00:00,1657.23,1663.82,1655.39,1660.78,4342.39603
2026-06-09T21:00:00+00:00,1660.78,1661.77,1647.17,1650.2,3739.58233
2026-06-09T22:00:00+00:00,1650.2,1655.08,1639.48,1639.98,2973.23514
2026-06-09T23:00:00+00:00,1639.98,1642.76,1630.56,1639.49,3234.57942
2026-06-10T00:00:00+00:00,1639.49,1646.97,1629.26,1645.65,7803.3145
2026-06-10T01:00:00+00:00,1645.65,1647.14,1633.26,1638.89,7800.73677
2026-06-10T02:00:00+00:00,1638.89,1642.63,1621.77,1624.44,10010.12462
2026-06-10T03:00:00+00:00,1624.44,1637.15,1623.63,1630.86,4806.67201
2026-06-10T04:00:00+00:00,1630.86,1633.09,1622.35,1625.98,4536.44568
2026-06-10T05:00:00+00:00,1625.98,1630.03,1616.07,1628.08,5784.60351
2026-06-10T06:00:00+00:00,1628.08,1634.43,1622.57,1632.14,4178.43303
2026-06-10T07:00:00+00:00,1632.14,1643.66,1630.78,1640.13,5296.6601
2026-06-10T08:00:00+00:00,1640.13,1640.88,1617.89,1621.31,11842.39301
2026-06-10T09:00:00+00:00,1621.31,1626.81,1605.47,1623.77,11377.84352
2026-06-10T10:00:00+00:00,1623.77,1630.38,1617.95,1628.34,6513.03437
2026-06-10T11:00:00+00:00,1628.34,1630.4,1611.44,1620.09,13502.30251
2026-06-10T12:00:00+00:00,1620.09,1645.47,1615.54,1635.42,17193.56559
2026-06-10T13:00:00+00:00,1635.42,1668.4,1631.67,1651.78,16737.55473
2026-06-10T14:00:00+00:00,1651.78,1655.78,1637.0,1646.78,14786.32457
2026-06-10T15:00:00+00:00,1646.78,1665.22,1635.54,1657.97,17059.7123
2026-06-10T16:00:00+00:00,1657.97,1659.05,1632.05,1642.28,12533.96667
2026-06-10T17:00:00+00:00,1642.28,1647.64,1622.51,1632.4,15045.61549
2026-06-10T18:00:00+00:00,1632.4,1636.99,1622.19,1631.13,9175.14197
2026-06-10T19:00:00+00:00,1631.13,1633.78,1622.91,1630.2,9178.90658
2026-06-10T20:00:00+00:00,1630.2,1636.43,1622.87,1630.65,7114.19402
2026-06-10T21:00:00+00:00,1630.65,1630.65,1603.61,1611.39,13191.28815
2026-06-10T22:00:00+00:00,1611.39,1622.55,1604.16,1616.67,11841.17126
2026-06-10T23:00:00+00:00,1616.67,1625.35,1609.07,1621.56,7665.73368
2026-06-11T00:00:00+00:00,1621.56,1634.77,1621.51,1628.57,7336.11757
2026-06-11T01:00:00+00:00,1628.57,1648.0,1628.57,1643.13,8599.11372
2026-06-11T02:00:00+00:00,1643.13,1646.56,1630.77,1641.13,11175.9029
2026-06-11T03:00:00+00:00,1641.13,1662.43,1636.2,1654.11,14331.29429
2026-06-11T04:00:00+00:00,1654.11,1659.9,1650.0,1657.02,5694.92943
2026-06-11T05:00:00+00:00,1657.02,1657.1,1647.66,1648.13,4402.66487
2026-06-11T06:00:00+00:00,1648.13,1663.25,1646.29,1654.86,8239.96703
2026-06-11T07:00:00+00:00,1654.86,1658.43,1651.67,1654.64,3970.04491
2026-06-11T08:00:00+00:00,1654.64,1664.51,1654.51,1660.13,4493.31851
2026-06-11T09:00:00+00:00,1660.13,1662.32,1656.11,1659.16,4340.15944
2026-06-11T10:00:00+00:00,1659.16,1661.99,1654.33,1659.04,4119.97155
2026-06-11T11:00:00+00:00,1659.04,1673.53,1656.29,1666.79,7960.59125
2026-06-11T12:00:00+00:00,1666.79,1666.99,1642.52,1651.61,14177.63299
2026-06-11T13:00:00+00:00,1651.61,1659.69,1644.51,1653.36,7869.56764
2026-06-11T14:00:00+00:00,1653.36,1655.56,1639.16,1642.97,8401.7293
2026-06-11T15:00:00+00:00,1642.97,1651.18,1635.66,1645.6,8864.29188
2026-06-11T16:00:00+00:00,1645.6,1649.86,1637.99,1639.62,5969.24451
2026-06-11T17:00:00+00:00,1639.62,1693.7,1632.7,1688.73,24518.88597
2026-06-11T18:00:00+00:00,1688.73,1692.0,1677.0,1684.06,10998.56127
2026-06-11T19:00:00+00:00,1684.06,1693.77,1676.09,1681.52,9276.3968
2026-06-11T20:00:00+00:00,1681.52,1683.23,1667.31,1672.63,5026.58279
2026-06-11T21:00:00+00:00,1672.63,1683.77,1672.44,1677.15,3600.85211
2026-06-11T22:00:00+00:00,1677.15,1683.65,1675.41,1676.23,4969.47816
2026-06-11T23:00:00+00:00,1676.23,1679.4,1670.18,1673.64,5794.99479
2026-06-12T00:00:00+00:00,1673.64,1678.22,1669.7,1672.79,6621.24374
2026-06-12T01:00:00+00:00,1672.79,1672.89,1660.0,1667.23,7031.10354
2026-06-12T02:00:00+00:00,1667.23,1678.82,1666.82,1675.91,5257.50907
2026-06-12T03:00:00+00:00,1675.91,1677.83,1668.87,1673.26,5089.34329
2026-06-12T04:00:00+00:00,1673.26,1683.33,1669.27,1677.55,7196.99187
2026-06-12T05:00:00+00:00,1677.55,1677.93,1661.98,1664.22,7747.11472
2026-06-12T06:00:00+00:00,1664.22,1666.8,1651.91,1657.44,9212.79938
2026-06-12T07:00:00+00:00,1657.44,1665.67,1656.03,1662.03,7105.70626
2026-06-12T08:00:00+00:00,1662.03,1678.14,1661.92,1673.38,8882.06978
2026-06-12T09:00:00+00:00,1673.38,1685.75,1671.1,1680.26,8012.97719
2026-06-12T10:00:00+00:00,1680.26,1683.55,1671.67,1674.91,6612.81799
2026-06-12T11:00:00+00:00,1674.91,1678.76,1671.92,1673.93,4776.91046
2026-06-12T12:00:00+00:00,1673.93,1673.93,1662.8,1666.78,6886.45661
2026-06-12T13:00:00+00:00,1666.78,1669.18,1653.29,1657.62,12290.72106
2026-06-12T14:00:00+00:00,1657.62,1686.19,1655.75,1685.82,18719.05261
2026-06-12T15:00:00+00:00,1685.82,1691.32,1658.65,1660.0,26921.298
2026-06-12T16:00:00+00:00,1660.0,1675.95,1657.37,1672.95,19557.90428
2026-06-12T17:00:00+00:00,1672.95,1678.18,1667.18,1668.88,7186.08669
2026-06-12T18:00:00+00:00,1668.88,1673.57,1663.32,1666.74,7751.31128
2026-06-12T19:00:00+00:00,1666.74,1672.76,1664.63,1665.77,5075.2216
2026-06-12T20:00:00+00:00,1665.77,1667.97,1662.01,1664.92,3924.13637
2026-06-12T21:00:00+00:00,1664.92,1668.08,1662.88,1664.2,2205.43688
2026-06-12T22:00:00+00:00,1664.2,1667.42,1661.37,1662.48,2935.37193
2026-06-12T23:00:00+00:00,1662.48,1666.46,1659.0,1666.46,3046.4526
2026-06-13T00:00:00+00:00,1666.46,1669.2,1664.93,1667.47,3230.48074
2026-06-13T01:00:00+00:00,1667.47,1675.82,1666.48,1674.18,5116.95015
2026-06-13T02:00:00+00:00,1674.18,1674.7,1665.5,1668.09,3354.12702
2026-06-13T03:00:00+00:00,1668.09,1669.57,1662.69,1665.35,4198.85925
2026-06-13T04:00:00+00:00,1665.35,1668.35,1663.6,1664.47,1453.52576
2026-06-13T05:00:00+00:00,1664.47,1665.85,1662.03,1665.19,2364.23332
2026-06-13T06:00:00+00:00,1665.19,1670.24,1663.8,1669.73,2285.57145
2026-06-13T07:00:00+00:00,1669.73,1678.24,1668.28,1676.32,7257.00178
2026-06-13T08:00:00+00:00,1676.32,1679.81,1673.55,1674.6,6011.72487
2026-06-13T09:00:00+00:00,1674.6,1676.51,1672.87,1673.73,2282.93396
2026-06-13T10:00:00+00:00,1673.73,1676.36,1672.75,1674.16,2366.13122
2026-06-13T11:00:00+00:00,1674.16,1679.15,1673.36,1678.34,2657.41541
2026-06-13T12:00:00+00:00,1678.34,1683.74,1676.55,1680.57,2567.78915
2026-06-13T13:00:00+00:00,1680.57,1681.66,1676.6,1677.99,2564.10782
2026-06-13T14:00:00+00:00,1677.99,1681.66,1677.63,1680.04,2960.29469
2026-06-13T15:00:00+00:00,1680.04,1687.01,1678.48,1682.16,4614.75289
2026-06-13T16:00:00+00:00,1682.16,1682.71,1671.08,1676.76,8876.41516
2026-06-13T17:00:00+00:00,1676.76,1678.5,1673.21,1674.29,2596.70505
2026-06-13T18:00:00+00:00,1674.29,1682.72,1674.12,1678.43,2202.63584
2026-06-13T19:00:00+00:00,1678.43,1680.13,1676.0,1678.3,1799.73307
2026-06-13T20:00:00+00:00,1678.3,1678.51,1675.16,1676.59,1026.70196
2026-06-13T21:00:00+00:00,1676.59,1697.78,1675.0,1686.45,4290.61748
2026-06-13T22:00:00+00:00,1686.45,1686.53,1681.49,1681.49,2155.63845
2026-06-13T23:00:00+00:00,1681.49,1684.2,1678.19,1681.23,1415.68144
2026-06-14T00:00:00+00:00,1681.23,1683.5,1678.83,1682.04,1094.41242
2026-06-14T01:00:00+00:00,1682.04,1690.51,1680.23,1683.82,1999.42692
2026-06-14T02:00:00+00:00,1683.82,1685.77,1681.38,1682.27,1635.37324
2026-06-14T03:00:00+00:00,1682.27,1683.26,1679.9,1681.73,1600.5471
2026-06-14T04:00:00+00:00,1681.73,1682.73,1676.16,1677.91,2423.54511
2026-06-14T05:00:00+00:00,1677.91,1679.26,1673.91,1678.32,3449.64103
2026-06-14T06:00:00+00:00,1678.32,1682.43,1675.33,1676.15,6252.58895
2026-06-14T07:00:00+00:00,1676.15,1677.33,1673.65,1675.72,2358.17813
2026-06-14T08:00:00+00:00,1675.72,1678.66,1674.54,1675.49,2861.01667
2026-06-14T09:00:00+00:00,1675.49,1679.04,1669.03,1678.37,4146.17375
2026-06-14T10:00:00+00:00,1678.37,1678.52,1673.09,1673.09,1802.2789
2026-06-14T11:00:00+00:00,1673.09,1677.08,1672.25,1673.68,1810.84452
2026-06-14T12:00:00+00:00,1673.68,1674.61,1664.6,1666.92,2804.92906
2026-06-14T13:00:00+00:00,1666.92,1670.04,1664.4,1666.48,2921.80566
2026-06-14T14:00:00+00:00,1666.48,1670.28,1654.71,1659.69,5517.74702
2026-06-14T15:00:00+00:00,1659.69,1664.72,1659.54,1662.91,2777.68607
2026-06-14T16:00:00+00:00,1662.91,1668.49,1659.79,1661.38,3273.41361
2026-06-14T17:00:00+00:00,1661.38,1666.62,1660.82,1662.2,3586.9048
2026-06-14T18:00:00+00:00,1662.2,1663.29,1658.84,1662.07,2237.78798
2026-06-14T19:00:00+00:00,1662.07,1668.06,1661.03,1665.36,1940.16247
2026-06-14T20:00:00+00:00,1665.36,1673.92,1662.65,1670.54,3493.82169
2026-06-14T21:00:00+00:00,1670.54,1732.44,1669.96,1718.6,18725.19027
2026-06-14T22:00:00+00:00,1718.6,1729.36,1712.24,1722.67,9053.73408
2026-06-14T23:00:00+00:00,1722.67,1726.64,1716.71,1725.86,6258.92034
2026-06-15T00:00:00+00:00,1725.86,1733.04,1720.01,1721.04,6085.47173
2026-06-15T01:00:00+00:00,1721.04,1721.91,1709.83,1715.94,4668.67575
2026-06-15T02:00:00+00:00,1715.94,1727.07,1714.23,1716.99,4804.80174
2026-06-15T03:00:00+00:00,1716.99,1724.39,1715.55,1721.04,4321.65416
2026-06-15T04:00:00+00:00,1721.04,1721.65,1716.06,1717.21,3682.48463
2026-06-15T05:00:00+00:00,1717.21,1722.83,1716.05,1720.78,2836.46961
2026-06-15T06:00:00+00:00,1720.78,1723.64,1718.54,1720.12,2665.73655
2026-06-15T07:00:00+00:00,1720.12,1724.2,1716.31,1716.56,3877.75829
2026-06-15T08:00:00+00:00,1716.56,1721.96,1715.53,1720.47,3220.70397
2026-06-15T09:00:00+00:00,1720.47,1727.18,1712.51,1718.76,6184.38437
2026-06-15T10:00:00+00:00,1718.76,1749.98,1718.2,1737.98,9954.737
2026-06-15T11:00:00+00:00,1737.98,1771.79,1734.29,1764.73,18246.28041
2026-06-15T12:00:00+00:00,1764.73,1777.92,1760.32,1777.45,9719.89788
2026-06-15T13:00:00+00:00,1777.45,1827.26,1774.54,1814.32,29027.66406
2026-06-15T14:00:00+00:00,1814.32,1818.4,1804.56,1814.28,8657.92272
2026-06-15T15:00:00+00:00,1814.28,1850.0,1813.3,1845.72,17109.57074
2026-06-15T16:00:00+00:00,1845.72,1847.61,1837.73,1842.84,9030.89429
2026-06-15T17:00:00+00:00,1842.84,1842.84,1823.9,1829.29,7497.97498
2026-06-15T18:00:00+00:00,1829.29,1835.72,1825.89,1828.14,3174.82843
2026-06-15T19:00:00+00:00,1828.14,1834.54,1811.37,1822.04,6818.35421
2026-06-15T20:00:00+00:00,1822.04,1826.91,1815.26,1817.01,4972.19172
2026-06-15T21:00:00+00:00,1817.01,1822.29,1809.38,1811.31,2799.4331
2026-06-15T22:00:00+00:00,1811.31,1813.52,1786.96,1789.62,7321.93707
2026-06-15T23:00:00+00:00,1789.62,1797.62,1782.71,1796.0,4213.44332
2026-06-16T00:00:00+00:00,1796.0,1802.16,1788.8,1789.59,4988.96533
2026-06-16T01:00:00+00:00,1789.59,1797.43,1789.07,1792.16,2955.13907
2026-06-16T02:00:00+00:00,1792.16,1794.08,1767.62,1770.39,8094.19851
2026-06-16T03:00:00+00:00,1770.39,1780.84,1764.91,1779.32,7648.90076
2026-06-16T04:00:00+00:00,1779.32,1783.45,1758.46,1760.66,7981.52334
2026-06-16T05:00:00+00:00,1760.66,1765.98,1760.6,1762.22,3923.85846
2026-06-16T06:00:00+00:00,1762.22,1774.16,1762.22,1771.48,3154.48246
2026-06-16T07:00:00+00:00,1771.48,1776.6,1769.04,1774.03,4764.84526
2026-06-16T08:00:00+00:00,1774.03,1808.04,1773.04,1803.45,10548.6329
2026-06-16T09:00:00+00:00,1803.45,1805.78,1787.01,1789.7,6708.30127
2026-06-16T10:00:00+00:00,1789.7,1800.48,1788.59,1794.2,4891.90797
2026-06-16T11:00:00+00:00,1794.2,1800.38,1791.15,1799.62,4591.64351
2026-06-16T12:00:00+00:00,1799.62,1839.81,1796.86,1814.89,16336.40103
2026-06-16T13:00:00+00:00,1814.89,1817.32,1791.45,1797.8,11024.07662
2026-06-16T14:00:00+00:00,1797.8,1805.58,1763.43,1780.52,12101.52003
2026-06-16T15:00:00+00:00,1780.52,1788.42,1774.56,1782.53,8088.32268
2026-06-16T16:00:00+00:00,1782.53,1785.71,1773.03,1778.04,3621.75901
2026-06-16T17:00:00+00:00,1778.04,1799.82,1777.38,1795.19,4693.96817
2026-06-16T18:00:00+00:00,1795.19,1808.8,1792.46,1799.35,7819.86216
2026-06-16T19:00:00+00:00,1799.35,1801.22,1790.05,1795.48,6824.96461
2026-06-16T20:00:00+00:00,1795.48,1798.57,1789.47,1797.95,3604.39197
2026-06-16T21:00:00+00:00,1797.95,1800.56,1790.44,1796.38,2383.6321
2026-06-16T22:00:00+00:00,1796.38,1799.63,1791.15,1796.36,1336.77002
2026-06-16T23:00:00+00:00,1796.36,1798.94,1791.26,1793.12,1433.25758
2026-06-17T00:00:00+00:00,1793.12,1799.2,1791.97,1794.18,1487.90236
2026-06-17T01:00:00+00:00,1794.18,1799.26,1779.61,1797.82,3923.07848
2026-06-17T02:00:00+00:00,1797.82,1810.41,1788.75,1795.73,5251.42287
2026-06-17T03:00:00+00:00,1795.73,1797.6,1787.77,1793.91,3539.88084
2026-06-17T04:00:00+00:00,1793.91,1802.22,1792.21,1794.42,1782.17986
2026-06-17T05:00:00+00:00,1794.42,1799.49,1789.21,1794.25,2210.55264
2026-06-17T06:00:00+00:00,1794.25,1797.37,1786.42,1790.48,2322.57557
2026-06-17T07:00:00+00:00,1790.48,1792.68,1778.95,1785.32,4140.68483
2026-06-17T08:00:00+00:00,1785.32,1786.55,1760.28,1765.3,8634.64526
2026-06-17T09:00:00+00:00,1765.3,1777.66,1764.95,1773.08,3846.38688
2026-06-17T10:00:00+00:00,1773.08,1776.04,1767.01,1768.45,2565.2131
2026-06-17T11:00:00+00:00,1768.45,1770.82,1759.37,1764.09,4088.38199
2026-06-17T12:00:00+00:00,1764.09,1766.04,1743.08,1759.48,7874.31384
2026-06-17T13:00:00+00:00,1759.48,1771.84,1754.81,1761.27,5230.83662
2026-06-17T14:00:00+00:00,1761.27,1765.63,1741.35,1754.98,7657.18251
2026-06-17T15:00:00+00:00,1754.98,1777.06,1751.12,1773.39,4246.90249
2026-06-17T16:00:00+00:00,1773.39,1792.07,1769.55,1771.99,5454.47415
2026-06-17T17:00:00+00:00,1771.99,1796.64,1767.76,1789.3,7688.28913
2026-06-17T18:00:00+00:00,1789.3,1789.68,1746.26,1770.2,16739.3727
2026-06-17T19:00:00+00:00,1770.2,1776.04,1729.17,1734.74,14268.61893
2026-06-17T20:00:00+00:00,1734.74,1748.0,1733.11,1747.42,3922.04156
2026-06-17T21:00:00+00:00,1747.42,1748.15,1736.44,1738.96,2221.47978
2026-06-17T22:00:00+00:00,1738.96,1746.66,1725.1,1740.33,2767.19517
2026-06-17T23:00:00+00:00,1740.33,1751.91,1739.93,1750.43,1498.23532
2026-06-18T00:00:00+00:00,1750.43,1759.44,1749.92,1753.18,2642.34359
2026-06-18T01:00:00+00:00,1753.18,1762.99,1752.86,1755.06,2730.77533
2026-06-18T02:00:00+00:00,1755.06,1759.14,1750.34,1755.97,2487.04036
2026-06-18T03:00:00+00:00,1755.97,1756.24,1741.52,1744.27,2320.32943
2026-06-18T04:00:00+00:00,1744.27,1746.0,1729.75,1730.5,4701.09333
2026-06-18T05:00:00+00:00,1730.5,1733.06,1721.93,1730.95,5785.91542
2026-06-18T06:00:00+00:00,1730.95,1736.85,1725.42,1735.35,3820.60563
2026-06-18T07:00:00+00:00,1735.35,1753.37,1732.81,1749.99,6157.9478
2026-06-18T08:00:00+00:00,1749.99,1753.54,1746.38,1748.0,5042.92912
2026-06-18T09:00:00+00:00,1748.0,1752.14,1742.67,1746.35,5150.75214
2026-06-18T10:00:00+00:00,1746.35,1753.27,1739.68,1746.99,3289.58085
2026-06-18T11:00:00+00:00,1746.99,1749.59,1739.33,1743.35,2583.66125
2026-06-18T12:00:00+00:00,1743.35,1753.36,1741.81,1750.31,2332.69202
2026-06-18T13:00:00+00:00,1750.31,1752.69,1728.12,1736.71,5895.25806
2026-06-18T14:00:00+00:00,1736.71,1745.48,1729.62,1739.76,4943.48938
2026-06-18T15:00:00+00:00,1739.76,1740.18,1679.57,1682.12,20849.98195
2026-06-18T16:00:00+00:00,1682.12,1692.93,1680.26,1686.9,8799.11639
2026-06-18T17:00:00+00:00,1686.9,1687.66,1671.72,1679.34,6106.87158
2026-06-18T18:00:00+00:00,1679.34,1689.22,1676.26,1685.17,4014.76568
2026-06-18T19:00:00+00:00,1685.17,1707.79,1682.78,1705.28,4137.91045
2026-06-18T20:00:00+00:00,1705.28,1717.54,1705.28,1710.59,3292.833
2026-06-18T21:00:00+00:00,1710.59,1712.04,1701.88,1708.42,2350.16086
2026-06-18T22:00:00+00:00,1708.42,1708.66,1699.95,1706.91,1760.76571
2026-06-18T23:00:00+00:00,1706.91,1712.48,1702.85,1711.06,2024.73203
2026-06-19T00:00:00+00:00,1711.06,1716.29,1708.72,1713.86,1727.83237
2026-06-19T01:00:00+00:00,1713.86,1719.56,1706.15,1713.52,1805.30457
2026-06-19T02:00:00+00:00,1713.52,1715.32,1701.04,1707.12,2469.30783
2026-06-19T03:00:00+00:00,1707.12,1708.39,1682.07,1697.67,5872.95381
2026-06-19T04:00:00+00:00,1697.67,1703.02,1685.44,1689.54,3218.46338
2026-06-19T05:00:00+00:00,1689.54,1697.74,1689.39,1697.55,2289.68173
2026-06-19T06:00:00+00:00,1697.55,1703.46,1696.07,1700.33,2136.26076
2026-06-19T07:00:00+00:00,1700.33,1701.02,1690.02,1695.84,3395.17497
2026-06-19T08:00:00+00:00,1695.84,1699.16,1693.4,1697.81,1990.87199
2026-06-19T09:00:00+00:00,1697.81,1699.85,1688.48,1689.21,3184.64679
2026-06-19T10:00:00+00:00,1689.21,1694.71,1687.12,1692.65,1815.20651
2026-06-19T11:00:00+00:00,1692.65,1694.42,1688.69,1691.8,1243.86304
2026-06-19T12:00:00+00:00,1691.8,1696.0,1679.09,1695.37,3788.1131
2026-06-19T13:00:00+00:00,1695.37,1711.39,1687.61,1703.23,4900.50297
2026-06-19T14:00:00+00:00,1703.23,1710.05,1696.32,1706.94,2966.67565
2026-06-19T15:00:00+00:00,1706.94,1712.38,1698.26,1707.89,3108.96971
2026-06-19T16:00:00+00:00,1707.89,1711.9,1694.8,1696.82,3318.81271
2026-06-19T17:00:00+00:00,1696.82,1706.4,1693.45,1704.77,2151.42389
2026-06-19T18:00:00+00:00,1704.77,1705.48,1698.28,1702.81,1200.72238
2026-06-19T19:00:00+00:00,1702.81,1704.74,1698.21,1701.15,1145.45812
2026-06-19T20:00:00+00:00,1701.15,1709.4,1698.71,1708.83,1336.03326
2026-06-19T21:00:00+00:00,1708.83,1708.83,1701.36,1702.01,791.72666
2026-06-19T22:00:00+00:00,1702.01,1710.47,1700.53,1707.63,1468.49419
2026-06-19T23:00:00+00:00,1707.63,1715.25,1704.83,1711.18,1334.14362
2026-06-20T00:00:00+00:00,1711.18,1718.24,1708.23,1708.84,2221.93918
2026-06-20T01:00:00+00:00,1708.84,1713.43,1706.56,1709.94,976.04566
2026-06-20T02:00:00+00:00,1709.94,1710.62,1703.88,1705.07,932.78633
2026-06-20T03:00:00+00:00,1705.07,1709.35,1704.57,1708.29,382.00641
2026-06-20T04:00:00+00:00,1708.29,1715.53,1706.56,1713.58,1378.31466
2026-06-20T05:00:00+00:00,1713.58,1733.85,1712.34,1726.13,4904.22099
2026-06-20T06:00:00+00:00,1726.13,1729.9,1724.01,1727.91,1561.41543
2026-06-20T07:00:00+00:00,1727.91,1729.65,1723.01,1725.74,1390.6984
2026-06-20T08:00:00+00:00,1725.74,1726.99,1721.46,1722.99,2316.5214
2026-06-20T09:00:00+00:00,1722.99,1730.32,1722.99,1728.59,1564.33247
2026-06-20T10:00:00+00:00,1728.59,1729.77,1725.52,1727.78,1444.42745
2026-06-20T11:00:00+00:00,1727.78,1732.56,1725.94,1727.22,1419.3103
2026-06-20T12:00:00+00:00,1727.22,1730.51,1723.77,1727.06,1388.0162
2026-06-20T13:00:00+00:00,1727.06,1727.32,1712.97,1717.72,2655.326
2026-06-20T14:00:00+00:00,1717.72,1746.7,1708.2,1733.35,5905.11027
2026-06-20T15:00:00+00:00,1733.35,1749.63,1729.37,1740.75,5330.30502
2026-06-20T16:00:00+00:00,1740.75,1741.11,1730.78,1733.99,1458.94215
2026-06-20T17:00:00+00:00,1733.99,1733.99,1720.97,1726.81,3316.03818
2026-06-20T18:00:00+00:00,1726.81,1731.95,1725.97,1726.75,1573.51224
2026-06-20T19:00:00+00:00,1726.75,1730.25,1724.86,1729.23,2845.51625
2026-06-20T20:00:00+00:00,1729.23,1731.34,1726.44,1731.0,542.82872
2026-06-20T21:00:00+00:00,1731.0,1738.13,1730.38,1735.42,1908.61719
2026-06-20T22:00:00+00:00,1735.42,1746.33,1733.13,1743.56,4685.72522
2026-06-20T23:00:00+00:00,1743.56,1743.95,1740.62,1740.83,2298.81369
2026-06-21T00:00:00+00:00,1740.83,1741.06,1736.31,1737.87,1686.00148
2026-06-21T01:00:00+00:00,1737.87,1740.21,1734.43,1737.12,1052.79767
2026-06-21T02:00:00+00:00,1737.12,1738.25,1735.66,1736.29,444.93725
2026-06-21T03:00:00+00:00,1736.29,1741.7,1733.72,1738.05,1509.99805
2026-06-21T04:00:00+00:00,1738.05,1741.57,1731.73,1733.02,1029.0361
2026-06-21T05:00:00+00:00,1733.02,1736.77,1729.8,1733.51,1828.9156
2026-06-21T06:00:00+00:00,1733.51,1738.75,1732.52,1736.16,980.21596
2026-06-21T07:00:00+00:00,1736.16,1736.38,1731.45,1732.2,856.7663
2026-06-21T08:00:00+00:00,1732.2,1733.17,1723.73,1729.06,2337.06637
2026-06-21T09:00:00+00:00,1729.06,1734.32,1725.81,1732.85,1645.54397
2026-06-21T10:00:00+00:00,1732.85,1737.05,1730.93,1731.45,1312.74645
2026-06-21T11:00:00+00:00,1731.45,1734.99,1718.52,1725.34,3206.89909
2026-06-21T12:00:00+00:00,1725.34,1726.98,1716.7,1725.82,3623.71096
2026-06-21T13:00:00+00:00,1725.82,1728.09,1722.0,1725.03,1922.42905
2026-06-21T14:00:00+00:00,1725.03,1728.68,1721.8,1728.39,1043.05069
2026-06-21T15:00:00+00:00,1728.39,1732.64,1726.83,1730.84,2589.10341
2026-06-21T16:00:00+00:00,1730.84,1730.84,1722.09,1728.35,1746.38435
2026-06-21T17:00:00+00:00,1728.35,1731.66,1726.1,1727.33,1897.48543
2026-06-21T18:00:00+00:00,1727.33,1737.92,1721.77,1735.43,3083.85048
2026-06-21T19:00:00+00:00,1735.43,1739.41,1733.69,1734.2,1246.21575
2026-06-21T20:00:00+00:00,1734.2,1735.53,1717.23,1721.3,2805.54923
2026-06-21T21:00:00+00:00,1721.3,1724.07,1701.54,1718.38,6528.26801
2026-06-21T22:00:00+00:00,1718.38,1721.19,1708.54,1717.71,5507.85853
2026-06-21T23:00:00+00:00,1717.71,1717.71,1704.07,1706.77,4025.53131
2026-06-22T00:00:00+00:00,1706.77,1732.22,1706.73,1726.91,4974.60995
2026-06-22T01:00:00+00:00,1726.91,1759.92,1724.68,1743.89,11321.1527
2026-06-22T02:00:00+00:00,1743.89,1745.45,1737.36,1737.36,3460.67267
2026-06-22T03:00:00+00:00,1737.36,1741.13,1726.59,1730.21,4504.23843
2026-06-22T04:00:00+00:00,1730.21,1735.99,1727.58,1735.26,2051.7787
2026-06-22T05:00:00+00:00,1735.26,1739.68,1734.12,1736.98,2539.50291
2026-06-22T06:00:00+00:00,1736.98,1740.43,1733.26,1735.03,1609.96763
2026-06-22T07:00:00+00:00,1735.03,1751.74,1734.71,1746.57,4402.58395
2026-06-22T08:00:00+00:00,1746.57,1752.37,1743.55,1748.03,2539.69491
2026-06-22T09:00:00+00:00,1748.03,1750.77,1743.69,1746.24,2419.37016
2026-06-22T10:00:00+00:00,1746.24,1751.76,1745.16,1748.98,3274.75029
2026-06-22T11:00:00+00:00,1748.98,1774.97,1747.54,1767.92,15891.68063
2026-06-22T12:00:00+00:00,1767.92,1772.69,1761.06,1764.18,8935.8464
2026-06-22T13:00:00+00:00,1764.18,1779.91,1761.98,1777.85,10799.60975
2026-06-22T14:00:00+00:00,1777.85,1778.15,1750.07,1754.54,8301.93604
2026-06-22T15:00:00+00:00,1754.54,1757.99,1742.28,1744.76,5822.19868
2026-06-22T16:00:00+00:00,1744.76,1746.25,1733.69,1740.37,8955.94172
2026-06-22T17:00:00+00:00,1740.37,1743.29,1731.28,1740.98,4772.68743
2026-06-22T18:00:00+00:00,1740.98,1747.99,1729.56,1733.65,6733.43672
2026-06-22T19:00:00+00:00,1733.65,1736.86,1728.84,1734.56,5281.5356
2026-06-22T20:00:00+00:00,1734.56,1739.88,1731.0,1734.52,4937.66932
2026-06-22T21:00:00+00:00,1734.52,1737.49,1726.37,1732.9,2018.17109
2026-06-22T22:00:00+00:00,1732.9,1735.93,1716.8,1724.26,6440.80458
2026-06-22T23:00:00+00:00,1724.26,1730.33,1721.14,1728.12,2912.59411
2026-06-23T00:00:00+00:00,1728.12,1732.02,1719.5,1731.34,2859.02949
2026-06-23T01:00:00+00:00,1731.34,1736.34,1721.09,1730.51,2620.82373
2026-06-23T02:00:00+00:00,1730.51,1734.93,1726.25,1732.6,1203.11624
2026-06-23T03:00:00+00:00,1732.6,1733.11,1725.95,1729.9,1072.4407
2026-06-23T04:00:00+00:00,1729.9,1731.28,1718.03,1719.09,2216.39286
2026-06-23T05:00:00+00:00,1719.09,1721.44,1710.21,1713.34,6267.27806
2026-06-23T06:00:00+00:00,1713.34,1713.65,1680.19,1691.99,17611.60828
2026-06-23T07:00:00+00:00,1691.99,1696.34,1682.01,1682.73,5327.3083
2026-06-23T08:00:00+00:00,1682.73,1685.14,1634.48,1648.3,24693.65649
2026-06-23T09:00:00+00:00,1648.3,1654.31,1648.01,1650.97,4389.10109
2026-06-23T10:00:00+00:00,1650.97,1658.66,1649.2,1652.65,4832.75121
2026-06-23T11:00:00+00:00,1652.65,1663.74,1652.58,1660.72,5923.53498
2026-06-23T12:00:00+00:00,1660.72,1662.39,1653.42,1654.6,4779.15173
2026-06-23T13:00:00+00:00,1654.6,1664.04,1645.0,1662.61,11887.38417
2026-06-23T14:00:00+00:00,1662.61,1671.99,1657.92,1661.94,9913.44667
2026-06-23T15:00:00+00:00,1661.94,1663.56,1651.12,1659.73,6675.37299
2026-06-23T16:00:00+00:00,1659.73,1674.03,1657.72,1659.33,6309.62324
2026-06-23T17:00:00+00:00,1659.33,1664.96,1654.45,1656.74,3575.37691
2026-06-23T18:00:00+00:00,1656.74,1660.64,1649.63,1655.47,4426.23155
2026-06-23T19:00:00+00:00,1655.47,1663.99,1655.16,1662.48,3664.95228
2026-06-23T20:00:00+00:00,1662.48,1667.7,1661.04,1663.84,2579.48747
2026-06-23T21:00:00+00:00,1663.84,1668.42,1663.39,1666.7,1579.59164
2026-06-23T22:00:00+00:00,1666.7,1673.0,1662.88,1664.57,1620.89998
2026-06-23T23:00:00+00:00,1664.57,1669.33,1660.13,1667.03,2382.54262
2026-06-24T00:00:00+00:00,1667.03,1674.7,1666.51,1671.27,1897.34012
2026-06-24T01:00:00+00:00,1671.27,1680.55,1665.85,1672.78,2544.76891
2026-06-24T02:00:00+00:00,1672.78,1673.83,1663.43,1663.91,3241.73407
2026-06-24T03:00:00+00:00,1663.91,1670.43,1657.98,1666.75,2324.15513
2026-06-24T04:00:00+00:00,1666.75,1670.97,1658.07,1669.08,2264.44065
2026-06-24T05:00:00+00:00,1669.08,1679.46,1667.68,1674.42,2265.90081
2026-06-24T06:00:00+00:00,1674.42,1676.9,1670.44,1674.71,1464.92898
2026-06-24T07:00:00+00:00,1674.71,1678.58,1670.76,1672.89,3410.8027
2026-06-24T08:00:00+00:00,1672.89,1675.11,1669.16,1673.33,2830.59439
2026-06-24T09:00:00+00:00,1673.33,1673.35,1665.25,1667.0,1669.98761
2026-06-24T10:00:00+00:00,1667.0,1668.04,1662.42,1663.8,2669.16982
2026-06-24T11:00:00+00:00,1663.8,1693.0,1655.7,1679.57,8038.25383
2026-06-24T12:00:00+00:00,1679.57,1681.27,1670.64,1671.65,3074.94919
2026-06-24T13:00:00+00:00,1671.65,1672.48,1641.28,1645.21,15437.80332
2026-06-24T14:00:00+00:00,1645.21,1657.59,1638.09,1647.4,11155.04617
2026-06-24T15:00:00+00:00,1647.4,1651.25,1616.87,1618.23,14888.10627
2026-06-24T16:00:00+00:00,1618.23,1636.14,1585.05,1589.83,20720.10517
2026-06-24T17:00:00+00:00,1589.83,1597.57,1552.44,1560.14,29726.19424
2026-06-24T18:00:00+00:00,1560.14,1584.9,1556.35,1572.37,12043.51221
2026-06-24T19:00:00+00:00,1572.37,1585.42,1566.85,1584.61,7473.08012
2026-06-24T20:00:00+00:00,1584.61,1622.0,1579.82,1613.75,11769.86773
2026-06-24T21:00:00+00:00,1613.75,1621.66,1605.77,1621.11,2482.61809
2026-06-24T22:00:00+00:00,1621.11,1629.48,1613.5,1615.37,2682.1023
2026-06-24T23:00:00+00:00,1615.37,1623.58,1613.45,1622.38,1587.30074
2026-06-25T00:00:00+00:00,1622.38,1626.54,1616.26,1618.88,2993.09293
2026-06-25T01:00:00+00:00,1618.88,1624.18,1614.34,1620.61,2296.56842
2026-06-25T02:00:00+00:00,1620.61,1621.6,1615.0,1620.94,1277.97867
2026-06-25T03:00:00+00:00,1620.94,1624.12,1616.17,1619.56,1987.06801
2026-06-25T04:00:00+00:00,1619.56,1636.67,1617.05,1634.87,4217.47426
2026-06-25T05:00:00+00:00,1634.87,1652.56,1633.42,1645.96,8517.12702
2026-06-25T06:00:00+00:00,1645.96,1660.65,1644.3,1653.93,5023.82529
2026-06-25T07:00:00+00:00,1653.93,1659.87,1651.21,1657.27,4934.44128
2026-06-25T08:00:00+00:00,1657.27,1659.15,1651.04,1652.79,2758.70746
2026-06-25T09:00:00+00:00,1652.79,1655.31,1646.72,1648.7,3131.25518
2026-06-25T10:00:00+00:00,1648.7,1649.86,1633.67,1636.63,3705.46367
2026-06-25T11:00:00+00:00,1636.63,1639.03,1627.88,1633.19,6913.22062
2026-06-25T12:00:00+00:00,1633.19,1650.19,1624.69,1635.59,8457.93263
2026-06-25T13:00:00+00:00,1635.59,1640.58,1532.4,1538.3,30877.27083
2026-06-25T14:00:00+00:00,1538.3,1593.71,1538.01,1568.46,29580.4363
2026-06-25T15:00:00+00:00,1568.46,1573.42,1544.21,1570.21,14769.73847
2026-06-25T16:00:00+00:00,1570.21,1587.73,1558.16,1561.94,10626.78037
2026-06-25T17:00:00+00:00,1561.94,1575.5,1557.18,1574.93,6647.04473
2026-06-25T18:00:00+00:00,1574.93,1577.57,1559.68,1567.75,5930.22948
2026-06-25T19:00:00+00:00,1567.75,1567.85,1554.56,1559.4,4752.1764
2026-06-25T20:00:00+00:00,1559.4,1570.77,1556.66,1560.34,4223.74858
2026-06-25T21:00:00+00:00,1560.34,1583.18,1560.13,1580.75,3466.76273
2026-06-25T22:00:00+00:00,1580.75,1583.59,1566.44,1570.31,3404.51916
2026-06-25T23:00:00+00:00,1570.31,1579.95,1564.41,1567.75,4635.14123
2026-06-26T00:00:00+00:00,1567.75,1571.88,1563.76,1564.76,2480.77188
2026-06-26T01:00:00+00:00,1564.76,1568.64,1555.32,1560.25,3210.87891
2026-06-26T02:00:00+00:00,1560.25,1560.99,1519.41,1524.66,15356.91582
2026-06-26T03:00:00+00:00,1524.66,1563.79,1512.11,1558.26,12902.99302
2026-06-26T04:00:00+00:00,1558.26,1560.82,1547.6,1549.85,2950.48574
2026-06-26T05:00:00+00:00,1549.85,1559.36,1548.18,1555.73,2550.50159
2026-06-26T06:00:00+00:00,1555.73,1574.15,1543.57,1571.07,7163.8549
2026-06-26T07:00:00+00:00,1571.07,1586.42,1570.72,1580.91,7570.48748
2026-06-26T08:00:00+00:00,1580.91,1582.39,1563.58,1566.57,4607.8489
2026-06-26T09:00:00+00:00,1566.57,1567.3,1549.32,1553.07,3851.91818
2026-06-26T10:00:00+00:00,1553.07,1556.35,1544.88,1548.43,3771.24711
2026-06-26T11:00:00+00:00,1548.43,1555.41,1540.93,1545.3,3552.32106
2026-06-26T12:00:00+00:00,1545.3,1560.63,1527.72,1536.32,8378.8643
2026-06-26T13:00:00+00:00,1536.32,1571.46,1521.04,1569.35,11155.39361
2026-06-26T14:00:00+00:00,1569.35,1575.5,1553.5,1560.05,9312.9563
2026-06-26T15:00:00+00:00,1560.05,1588.56,1559.5,1580.21,8003.83981
2026-06-26T16:00:00+00:00,1580.21,1594.96,1572.56,1577.84,8284.47786
2026-06-26T17:00:00+00:00,1577.84,1589.12,1576.55,1581.88,5168.1897
2026-06-26T18:00:00+00:00,1581.88,1585.75,1570.35,1573.29,2580.0469
2026-06-26T19:00:00+00:00,1573.29,1584.32,1570.52,1574.6,4750.28993
2026-06-26T20:00:00+00:00,1574.6,1583.67,1567.91,1570.93,4152.92263
2026-06-26T21:00:00+00:00,1570.93,1579.39,1568.39,1575.19,963.64984
2026-06-26T22:00:00+00:00,1575.19,1579.49,1569.36,1578.0,1116.32742
2026-06-26T23:00:00+00:00,1578.0,1580.85,1574.34,1578.69,1054.61194
2026-06-27T00:00:00+00:00,1578.69,1582.29,1571.45,1576.77,1601.95329
2026-06-27T01:00:00+00:00,1576.77,1577.82,1574.01,1576.01,457.7867
2026-06-27T02:00:00+00:00,1576.01,1587.16,1574.53,1583.22,1756.23093
2026-06-27T03:00:00+00:00,1583.22,1585.33,1578.49,1580.64,1149.62228
2026-06-27T04:00:00+00:00,1580.64,1585.39,1578.94,1579.6,987.70627
2026-06-27T05:00:00+00:00,1579.6,1581.39,1576.95,1578.7,923.08673
2026-06-27T06:00:00+00:00,1578.7,1584.68,1575.34,1582.86,1731.1
2026-06-27T07:00:00+00:00,1582.86,1586.62,1580.19,1585.73,2773.88053
2026-06-27T08:00:00+00:00,1585.73,1586.13,1581.85,1584.27,1552.40316
2026-06-27T09:00:00+00:00,1584.27,1585.12,1579.5,1582.71,1175.03359
2026-06-27T10:00:00+00:00,1582.71,1584.92,1581.97,1584.25,542.28623
2026-06-27T11:00:00+00:00,1584.25,1585.29,1578.85,1583.88,1284.93637
2026-06-27T12:00:00+00:00,1583.88,1586.35,1581.34,1585.87,920.03445
2026-06-27T13:00:00+00:00,1585.87,1593.27,1584.85,1592.18,2096.23062
2026-06-27T14:00:00+00:00,1592.18,1598.92,1589.36,1594.55,2282.24978
2026-06-27T15:00:00+00:00,1594.55,1610.93,1593.83,1605.52,5663.93189
2026-06-27T16:00:00+00:00,1605.52,1607.75,1601.36,1606.88,1542.01703
2026-06-27T17:00:00+00:00,1606.88,1606.92,1588.56,1591.46,5286.15711
2026-06-27T18:00:00+00:00,1591.46,1594.77,1589.18,1594.11,1622.64756
2026-06-27T19:00:00+00:00,1594.11,1595.28,1573.25,1578.27,4541.69156
2026-06-27T20:00:00+00:00,1578.27,1583.21,1578.21,1581.49,1219.8391
2026-06-27T21:00:00+00:00,1581.49,1585.12,1574.26,1575.16,1811.76719
2026-06-27T22:00:00+00:00,1575.16,1579.61,1562.4,1579.04,3437.27669
2026-06-27T23:00:00+00:00,1579.04,1581.56,1570.6,1573.97,1997.9829
2026-06-28T00:00:00+00:00,1573.97,1578.17,1572.62,1574.83,1388.99653
2026-06-28T01:00:00+00:00,1574.83,1576.96,1570.12,1575.25,657.36979
2026-06-28T02:00:00+00:00,1575.25,1580.05,1569.09,1572.02,1449.29629
2026-06-28T03:00:00+00:00,1572.02,1576.27,1571.97,1574.99,530.3004
2026-06-28T04:00:00+00:00,1574.99,1577.5,1570.52,1574.22,714.88736
2026-06-28T05:00:00+00:00,1574.22,1574.43,1564.14,1569.21,2509.11172
2026-06-28T06:00:00+00:00,1569.21,1570.57,1562.62,1567.68,1307.44859
2026-06-28T07:00:00+00:00,1567.68,1577.11,1567.68,1575.81,860.18431
2026-06-28T08:00:00+00:00,1575.81,1585.52,1573.59,1581.42,3097.08634
2026-06-28T09:00:00+00:00,1581.42,1586.25,1578.5,1579.03,1400.27948
2026-06-28T10:00:00+00:00,1579.03,1581.48,1572.31,1577.3,1560.67574
2026-06-28T11:00:00+00:00,1577.3,1584.04,1575.9,1582.97,1655.91581
2026-06-28T12:00:00+00:00,1582.97,1588.96,1578.23,1583.6,1846.60856
2026-06-28T13:00:00+00:00,1583.6,1583.73,1575.01,1579.69,1826.0899
2026-06-28T14:00:00+00:00,1579.69,1586.41,1578.16,1581.42,1810.11264
2026-06-28T15:00:00+00:00,1581.42,1585.54,1577.31,1580.91,2110.02858
2026-06-28T16:00:00+00:00,1580.91,1581.85,1566.44,1572.63,3901.65621
2026-06-28T17:00:00+00:00,1572.63,1577.5,1563.34,1572.23,3068.05371
2026-06-28T18:00:00+00:00,1572.23,1575.19,1569.02,1571.75,1152.45977
2026-06-28T19:00:00+00:00,1571.75,1574.51,1556.53,1564.48,3078.82529
2026-06-28T20:00:00+00:00,1564.48,1576.39,1564.09,1573.09,1813.05275
2026-06-28T21:00:00+00:00,1573.09,1573.86,1559.02,1563.65,1491.86436
2026-06-28T22:00:00+00:00,1563.65,1582.47,1548.06,1557.24,6005.86843
2026-06-28T23:00:00+00:00,1557.24,1580.26,1555.17,1572.01,3047.99688
2026-06-29T00:00:00+00:00,1572.01,1574.82,1552.13,1573.77,4835.70465
2026-06-29T01:00:00+00:00,1573.77,1574.5,1560.0,1568.48,2384.90451
2026-06-29T02:00:00+00:00,1568.48,1579.03,1550.34,1576.53,5396.7082
2026-06-29T03:00:00+00:00,1576.53,1589.73,1576.53,1584.75,2783.17904
2026-06-29T04:00:00+00:00,1584.75,1585.11,1574.88,1575.68,1454.42075
2026-06-29T05:00:00+00:00,1575.68,1583.45,1562.23,1583.27,4479.61832
2026-06-29T06:00:00+00:00,1583.27,1589.23,1579.97,1583.2,2204.76852
2026-06-29T07:00:00+00:00,1583.2,1584.91,1578.03,1580.16,1311.7105
2026-06-29T08:00:00+00:00,1580.16,1582.33,1570.13,1572.98,2771.11829
2026-06-29T09:00:00+00:00,1572.98,1580.67,1570.49,1576.19,2636.59429
2026-06-29T10:00:00+00:00,1576.19,1587.11,1576.19,1578.59,3075.81435
2026-06-29T11:00:00+00:00,1578.59,1582.76,1570.32,1574.86,3371.22525
2026-06-29T12:00:00+00:00,1574.86,1597.11,1566.56,1576.13,11613.05365
2026-06-29T13:00:00+00:00,1576.13,1588.79,1564.8,1572.88,6907.85974
2026-06-29T14:00:00+00:00,1572.88,1579.29,1557.32,1572.77,6942.78229
2026-06-29T15:00:00+00:00,1572.77,1585.64,1561.54,1580.25,7001.22918
2026-06-29T16:00:00+00:00,1580.25,1587.79,1573.86,1585.35,4013.80333
2026-06-29T17:00:00+00:00,1585.35,1637.58,1585.23,1628.14,16149.44571
2026-06-29T18:00:00+00:00,1628.14,1628.92,1618.5,1621.12,3715.58079
2026-06-29T19:00:00+00:00,1621.12,1627.59,1616.24,1625.69,2450.11742
2026-06-29T20:00:00+00:00,1625.69,1626.73,1617.6,1617.76,2279.59889
2026-06-29T21:00:00+00:00,1617.76,1623.16,1612.17,1620.12,2164.70506
2026-06-29T22:00:00+00:00,1620.12,1622.13,1612.79,1613.03,1574.92467
2026-06-29T23:00:00+00:00,1613.03,1614.07,1607.75,1613.03,909.51754
2026-06-30T00:00:00+00:00,1613.03,1614.36,1592.59,1594.5,3665.52873
2026-06-30T01:00:00+00:00,1594.5,1599.99,1588.94,1593.87,2097.67458
2026-06-30T02:00:00+00:00,1593.87,1594.06,1586.54,1590.67,1821.32528
2026-06-30T03:00:00+00:00,1590.67,1596.31,1586.56,1587.2,1171.0076
2026-06-30T04:00:00+00:00,1587.2,1590.99,1579.75,1587.86,2862.64967
2026-06-30T05:00:00+00:00,1587.86,1591.99,1585.03,1591.49,1964.74486
2026-06-30T06:00:00+00:00,1591.49,1594.72,1588.83,1593.8,1451.80875
2026-06-30T07:00:00+00:00,1593.8,1596.0,1590.12,1592.23,1747.8674
2026-06-30T08:00:00+00:00,1592.23,1594.2,1579.29,1583.88,4059.3
2026-06-30T09:00:00+00:00,1583.88,1587.06,1581.4,1585.45,1566.04855
2026-06-30T10:00:00+00:00,1585.45,1586.9,1582.26,1584.55,852.59083
2026-06-30T11:00:00+00:00,1584.55,1586.24,1575.59,1578.48,2712.35914
2026-06-30T12:00:00+00:00,1578.48,1578.59,1551.52,1552.77,6950.80168
2026-06-30T13:00:00+00:00,1552.77,1567.59,1550.01,1567.25,10086.49439
2026-06-30T14:00:00+00:00,1567.25,1578.11,1560.98,1563.31,6858.82528
2026-06-30T15:00:00+00:00,1563.31,1576.65,1557.31,1565.23,5133.93174
2026-06-30T16:00:00+00:00,1565.23,1575.08,1561.8,1572.45,2790.62206
2026-06-30T17:00:00+00:00,1572.45,1577.11,1568.56,1570.91,2788.64914
2026-06-30T18:00:00+00:00,1570.91,1581.99,1569.63,1579.21,2816.95038
2026-06-30T19:00:00+00:00,1579.21,1582.11,1575.72,1580.74,2338.65077
2026-06-30T20:00:00+00:00,1580.74,1583.21,1573.29,1576.04,2188.17861
2026-06-30T21:00:00+00:00,1576.04,1577.42,1570.05,1571.9,1497.23872
2026-06-30T22:00:00+00:00,1571.9,1575.44,1566.92,1567.8,1825.12351
2026-06-30T23:00:00+00:00,1567.8,1572.9,1565.96,1572.17,1615.43347
2026-07-01T00:00:00+00:00,1572.17,1576.65,1566.1,1575.04,1957.96493
2026-07-01T01:00:00+00:00,1575.04,1586.58,1552.5,1577.99,8256.54355
2026-07-01T02:00:00+00:00,1577.99,1589.63,1574.43,1586.39,3904.77391
2026-07-01T03:00:00+00:00,1586.39,1599.32,1582.48,1594.96,6974.05008
2026-07-01T04:00:00+00:00,1594.96,1604.14,1590.98,1599.43,3720.04022
2026-07-01T05:00:00+00:00,1599.43,1600.93,1591.51,1592.88,3467.70759
2026-07-01T06:00:00+00:00,1592.88,1593.36,1571.54,1576.12,5064.2506
2026-07-01T07:00:00+00:00,1576.12,1581.04,1572.45,1578.53,2622.03748
2026-07-01T08:00:00+00:00,1578.53,1582.4,1568.47,1582.4,2919.0726
2026-07-01T09:00:00+00:00,1582.4,1585.11,1578.85,1581.19,2549.42674
2026-07-01T10:00:00+00:00,1581.19,1581.76,1572.02,1573.45,1982.88231
2026-07-01T11:00:00+00:00,1573.45,1576.05,1567.36,1569.79,1483.20357
2026-07-01T12:00:00+00:00,1569.79,1572.76,1565.18,1570.25,3124.42315
2026-07-01T13:00:00+00:00,1570.25,1598.42,1569.89,1597.54,9742.42286
2026-07-01T14:00:00+00:00,1597.54,1617.57,1591.3,1601.39,12055.00216
2026-07-01T15:00:00+00:00,1601.39,1631.5,1601.03,1620.11,9604.1178
2026-07-01T16:00:00+00:00,1620.11,1629.67,1612.74,1614.73,3579.12823
2026-07-01T17:00:00+00:00,1614.73,1625.17,1607.21,1623.04,5710.26623
2026-07-01T18:00:00+00:00,1623.04,1624.82,1612.16,1616.86,3332.39232
2026-07-01T19:00:00+00:00,1616.86,1624.22,1614.4,1618.32,2626.06221
2026-07-01T20:00:00+00:00,1618.32,1620.71,1610.33,1617.9,3085.65878
2026-07-01T21:00:00+00:00,1617.9,1638.68,1617.62,1632.39,4555.95447
2026-07-01T22:00:00+00:00,1632.39,1646.87,1620.49,1621.85,6875.58332
2026-07-01T23:00:00+00:00,1621.85,1621.85,1608.38,1609.49,3123.57447
2026-07-02T00:00:00+00:00,1609.49,1609.75,1597.17,1603.43,2538.99173
2026-07-02T01:00:00+00:00,1603.43,1625.06,1602.53,1620.61,2729.21282
2026-07-02T02:00:00+00:00,1620.61,1624.73,1614.54,1621.04,2192.45336
2026-07-02T03:00:00+00:00,1621.04,1642.41,1618.27,1639.63,4917.18265
2026-07-02T04:00:00+00:00,1639.63,1640.07,1630.57,1632.77,2509.41807
2026-07-02T05:00:00+00:00,1632.77,1634.9,1625.04,1626.68,1698.19838
2026-07-02T06:00:00+00:00,1626.68,1629.73,1617.39,1619.08,1622.30052
2026-07-02T07:00:00+00:00,1619.08,1620.01,1614.4,1616.26,2736.17844
2026-07-02T08:00:00+00:00,1616.26,1627.36,1614.64,1624.99,3508.53545
2026-07-02T09:00:00+00:00,1624.99,1651.56,1620.45,1643.23,10545.57295
2026-07-02T10:00:00+00:00,1643.23,1649.9,1641.33,1646.43,3257.47759
2026-07-02T11:00:00+00:00,1646.43,1655.11,1644.68,1650.48,3753.16137
2026-07-02T12:00:00+00:00,1650.48,1669.8,1647.5,1662.73,8420.21635
2026-07-02T13:00:00+00:00,1662.73,1714.15,1660.62,1710.76,21811.91894
2026-07-02T14:00:00+00:00,1710.76,1728.6,1693.05,1701.51,10663.36724
2026-07-02T15:00:00+00:00,1701.51,1703.71,1688.45,1696.9,4885.29846
2026-07-02T16:00:00+00:00,1696.9,1704.16,1686.25,1699.58,5154.37646
2026-07-02T17:00:00+00:00,1699.58,1705.58,1694.22,1695.72,2879.70515
2026-07-02T18:00:00+00:00,1695.72,1707.09,1695.28,1702.12,2421.42329
2026-07-02T19:00:00+00:00,1702.12,1705.65,1694.75,1700.25,2634.16178
2026-07-02T20:00:00+00:00,1700.25,1706.81,1696.05,1705.76,2890.93064
2026-07-02T21:00:00+00:00,1705.76,1706.09,1696.94,1700.24,2217.57167
2026-07-02T22:00:00+00:00,1700.24,1700.9,1694.17,1696.69,1189.05354
2026-07-02T23:00:00+00:00,1696.69,1701.63,1692.1,1700.66,1286.69477
2026-07-03T00:00:00+00:00,1700.66,1703.0,1694.68,1696.81,1377.36836
2026-07-03T01:00:00+00:00,1696.81,1719.2,1695.35,1712.45,4205.00993
2026-07-03T02:00:00+00:00,1712.45,1715.39,1696.36,1704.7,2149.95117
2026-07-03T03:00:00+00:00,1704.7,1712.15,1699.54,1706.46,2788.22717
2026-07-03T04:00:00+00:00,1706.46,1708.57,1702.53,1703.27,1157.86416
2026-07-03T05:00:00+00:00,1703.27,1722.0,1702.39,1714.98,2035.16664
2026-07-03T06:00:00+00:00,1714.98,1721.63,1712.91,1716.08,1469.00984
2026-07-03T07:00:00+00:00,1716.08,1722.24,1713.89,1717.78,4375.46502
2026-07-03T08:00:00+00:00,1717.78,1735.36,1715.82,1719.95,5929.40282
2026-07-03T09:00:00+00:00,1719.95,1731.64,1717.16,1726.43,3094.03948
2026-07-03T10:00:00+00:00,1726.43,1749.14,1726.42,1742.27,5747.58669
2026-07-03T11:00:00+00:00,1742.27,1748.09,1737.51,1742.65,3900.42431
2026-07-03T12:00:00+00:00,1742.65,1745.33,1732.0,1736.63,2947.3302
2026-07-03T13:00:00+00:00,1736.63,1753.56,1736.26,1748.14,4172.98387
2026-07-03T14:00:00+00:00,1748.14,1748.26,1729.1,1739.73,3633.39103
