timestamp,open,high,low,close,volume
2026-04-11T07:00:00+00:00,9.006,9.019,8.999,9.012,5246.004
2026-04-11T08:00:00+00:00,9.012,9.027,8.999,9.0,9993.888
2026-04-11T09:00:00+00:00,9.0,9.051,8.999,9.026,11044.848
2026-04-11T10:00:00+00:00,9.026,9.033,8.998,9.008,4892.923
2026-04-11T11:00:00+00:00,9.008,9.019,8.99,9.014,5810.088
2026-04-11T12:00:00+00:00,9.014,9.029,8.998,9.01,5151.353
2026-04-11T13:00:00+00:00,9.01,9.01,8.954,8.989,12454.182
2026-04-11T14:00:00+00:00,8.989,9.005,8.968,8.99,9527.426
2026-04-11T15:00:00+00:00,8.99,9.048,8.983,9.025,7811.213
2026-04-11T16:00:00+00:00,9.025,9.126,9.02,9.092,22128.247
2026-04-11T17:00:00+00:00,9.092,9.108,9.075,9.079,6435.537
2026-04-11T18:00:00+00:00,9.079,9.235,9.06,9.202,34154.688
2026-04-11T19:00:00+00:00,9.202,9.285,9.195,9.263,18916.972
2026-04-11T20:00:00+00:00,9.263,9.27,9.161,9.19,11135.717
2026-04-11T21:00:00+00:00,9.19,9.196,9.141,9.175,12027.476
2026-04-11T22:00:00+00:00,9.175,9.217,9.119,9.136,44821.529
2026-04-11T23:00:00+00:00,9.136,9.136,9.045,9.067,94042.031
2026-04-12T00:00:00+00:00,9.067,9.069,9.038,9.062,16065.673
2026-04-12T01:00:00+00:00,9.062,9.08,8.762,8.794,64742.591
2026-04-12T02:00:00+00:00,8.794,8.852,8.747,8.839,45119.137
2026-04-12T03:00:00+00:00,8.839,8.85,8.794,8.794,18589.2
2026-04-12T04:00:00+00:00,8.794,8.803,8.768,8.777,10632.64
2026-04-12T05:00:00+00:00,8.777,8.804,8.76,8.796,12578.359
2026-04-12T06:00:00+00:00,8.796,8.813,8.784,8.789,8639.484
2026-04-12T07:00:00+00:00,8.789,8.812,8.769,8.8,10367.899
2026-04-12T08:00:00+00:00,8.8,8.811,8.793,8.8,7826.115
2026-04-12T09:00:00+00:00,8.8,8.803,8.78,8.784,10371.045
2026-04-12T10:00:00+00:00,8.784,8.804,8.749,8.764,23239.597
2026-04-12T11:00:00+00:00,8.764,8.797,8.752,8.787,4953.896
2026-04-12T12:00:00+00:00,8.787,8.824,8.76,8.76,29235.472
2026-04-12T13:00:00+00:00,8.76,8.785,8.73,8.731,20900.637
2026-04-12T14:00:00+00:00,8.731,8.755,8.696,8.708,20727.852
2026-04-12T15:00:00+00:00,8.708,8.727,8.686,8.715,9265.61
2026-04-12T16:00:00+00:00,8.715,8.731,8.703,8.72,5919.057
2026-04-12T17:00:00+00:00,8.72,8.789,8.72,8.781,7454.391
2026-04-12T18:00:00+00:00,8.781,8.806,8.763,8.768,6659.156
2026-04-12T19:00:00+00:00,8.768,8.783,8.761,8.765,3255.519
2026-04-12T20:00:00+00:00,8.765,8.836,8.743,8.824,13816.897
2026-04-12T21:00:00+00:00,8.824,8.842,8.799,8.826,5011.64
2026-04-12T22:00:00+00:00,8.826,8.826,8.714,8.76,14326.591
2026-04-12T23:00:00+00:00,8.76,8.76,8.715,8.734,14309.891
2026-04-13T00:00:00+00:00,8.734,8.801,8.723,8.79,6866.69
2026-04-13T01:00:00+00:00,8.79,8.821,8.785,8.82,5883.878
2026-04-13T02:00:00+00:00,8.82,8.837,8.79,8.793,7004.377
2026-04-13T03:00:00+00:00,8.793,8.796,8.757,8.779,8632.864
2026-04-13T04:00:00+00:00,8.779,8.796,8.745,8.754,8165.396
2026-04-13T05:00:00+00:00,8.754,8.756,8.724,8.75,9914.537
2026-04-13T06:00:00+00:00,8.75,8.81,8.746,8.78,13448.232
2026-04-13T07:00:00+00:00,8.78,8.789,8.717,8.73,32443.491
2026-04-13T08:00:00+00:00,8.73,8.744,8.7,8.714,5488.962
2026-04-13T09:00:00+00:00,8.714,8.756,8.714,8.738,6962.824
2026-04-13T10:00:00+00:00,8.738,8.738,8.7,8.705,4281.551
2026-04-13T11:00:00+00:00,8.705,8.738,8.705,8.735,5939.299
2026-04-13T12:00:00+00:00,8.735,8.781,8.688,8.758,20304.446
2026-04-13T13:00:00+00:00,8.758,8.85,8.72,8.845,35229.969
2026-04-13T14:00:00+00:00,8.845,8.913,8.772,8.913,24981.025
2026-04-13T15:00:00+00:00,8.913,8.914,8.784,8.823,21102.648
2026-04-13T16:00:00+00:00,8.823,8.903,8.779,8.893,55548.581
2026-04-13T17:00:00+00:00,8.893,8.96,8.869,8.874,45588.962
2026-04-13T18:00:00+00:00,8.874,8.904,8.835,8.9,12978.429
2026-04-13T19:00:00+00:00,8.9,9.036,8.882,9.019,26771.277
2026-04-13T20:00:00+00:00,9.019,9.029,8.957,8.97,31212.545
2026-04-13T21:00:00+00:00,8.97,9.018,8.954,9.002,8264.339
2026-04-13T22:00:00+00:00,9.002,9.357,9.001,9.325,95461.391
2026-04-13T23:00:00+00:00,9.325,9.433,9.287,9.356,59695.542
2026-04-14T00:00:00+00:00,9.356,9.386,9.219,9.226,60601.004
2026-04-14T01:00:00+00:00,9.226,9.261,9.182,9.242,26218.42
2026-04-14T02:00:00+00:00,9.242,9.268,9.225,9.239,9810.434
2026-04-14T03:00:00+00:00,9.239,9.239,9.209,9.217,11342.469
2026-04-14T04:00:00+00:00,9.217,9.241,9.21,9.225,23728.979
2026-04-14T05:00:00+00:00,9.225,9.225,9.14,9.151,12431.044
2026-04-14T06:00:00+00:00,9.151,9.213,9.151,9.205,15193.959
2026-04-14T07:00:00+00:00,9.205,9.248,9.185,9.217,16807.037
2026-04-14T08:00:00+00:00,9.217,9.255,9.189,9.227,13995.982
2026-04-14T09:00:00+00:00,9.227,9.241,9.199,9.219,20276.768
2026-04-14T10:00:00+00:00,9.219,9.219,9.169,9.182,8928.194
2026-04-14T11:00:00+00:00,9.182,9.204,9.163,9.177,10314.747
2026-04-14T12:00:00+00:00,9.177,9.177,9.11,9.121,11762.159
2026-04-14T13:00:00+00:00,9.121,9.243,9.117,9.238,25768.774
2026-04-14T14:00:00+00:00,9.238,9.297,9.141,9.141,34552.336
2026-04-14T15:00:00+00:00,9.141,9.167,9.067,9.13,35488.591
2026-04-14T16:00:00+00:00,9.13,9.179,9.044,9.07,24097.655
2026-04-14T17:00:00+00:00,9.07,9.117,9.031,9.09,17042.424
2026-04-14T18:00:00+00:00,9.09,9.114,8.947,8.974,27527.627
2026-04-14T19:00:00+00:00,8.974,9.014,8.93,8.988,54344.369
2026-04-14T20:00:00+00:00,8.988,9.02,8.969,9.003,18600.976
2026-04-14T21:00:00+00:00,9.003,9.047,8.997,9.041,15918.751
2026-04-14T22:00:00+00:00,9.041,9.055,8.98,8.999,11427.626
2026-04-14T23:00:00+00:00,8.999,9.035,8.993,9.022,14413.182
2026-04-15T00:00:00+00:00,9.022,9.078,9.022,9.057,11075.236
2026-04-15T01:00:00+00:00,9.057,9.109,9.04,9.082,13415.397
2026-04-15T02:00:00+00:00,9.082,9.098,9.03,9.057,6795.917
2026-04-15T03:00:00+00:00,9.057,9.073,9.041,9.072,5060.022
2026-04-15T04:00:00+00:00,9.072,9.099,9.06,9.087,41479.564
2026-04-15T05:00:00+00:00,9.087,9.113,9.024,9.042,21463.077
2026-04-15T06:00:00+00:00,9.042,9.045,9.023,9.033,11775.211
2026-04-15T07:00:00+00:00,9.033,9.051,8.993,9.015,15285.824
2026-04-15T08:00:00+00:00,9.015,9.093,9.004,9.071,10642.768
2026-04-15T09:00:00+00:00,9.071,9.081,9.04,9.062,10592.883
2026-04-15T10:00:00+00:00,9.062,9.11,9.037,9.061,6445.969
2026-04-15T11:00:00+00:00,9.061,9.153,9.061,9.136,10950.161
2026-04-15T12:00:00+00:00,9.136,9.181,9.119,9.162,15324.8
2026-04-15T13:00:00+00:00,9.162,9.174,9.105,9.143,16500.51
2026-04-15T14:00:00+00:00,9.143,9.21,9.128,9.204,10903.745
2026-04-15T15:00:00+00:00,9.204,9.246,9.129,9.161,17612.931
2026-04-15T16:00:00+00:00,9.161,9.221,9.153,9.198,11139.649
2026-04-15T17:00:00+00:00,9.198,9.259,9.198,9.241,24680.342
2026-04-15T18:00:00+00:00,9.241,9.284,9.228,9.282,10970.217
2026-04-15T19:00:00+00:00,9.282,9.371,9.268,9.324,26929.019
2026-04-15T20:00:00+00:00,9.324,9.33,9.257,9.282,12141.839
2026-04-15T21:00:00+00:00,9.282,9.3,9.243,9.294,13821.749
2026-04-15T22:00:00+00:00,9.294,9.354,9.273,9.275,12786.235
2026-04-15T23:00:00+00:00,9.275,9.275,9.222,9.261,16818.903
2026-04-16T00:00:00+00:00,9.261,9.271,9.214,9.263,10812.9
2026-04-16T01:00:00+00:00,9.263,9.263,9.201,9.239,4996.702
2026-04-16T02:00:00+00:00,9.239,9.333,9.239,9.287,15297.355
2026-04-16T03:00:00+00:00,9.287,9.314,9.273,9.28,21928.991
2026-04-16T04:00:00+00:00,9.28,9.347,9.269,9.303,15711.972
2026-04-16T05:00:00+00:00,9.303,9.363,9.287,9.302,36889.903
2026-04-16T06:00:00+00:00,9.302,9.313,9.267,9.291,19905.871
2026-04-16T07:00:00+00:00,9.291,9.337,9.256,9.294,53254.43
2026-04-16T08:00:00+00:00,9.294,9.32,9.269,9.282,27394.843
2026-04-16T09:00:00+00:00,9.282,9.331,9.259,9.259,30198.027
2026-04-16T10:00:00+00:00,9.259,9.271,9.213,9.249,27549.41
2026-04-16T11:00:00+00:00,9.249,9.289,9.24,9.286,7835.769
2026-04-16T12:00:00+00:00,9.286,9.36,9.285,9.33,21989.358
2026-04-16T13:00:00+00:00,9.33,9.432,9.158,9.25,73845.695
2026-04-16T14:00:00+00:00,9.25,9.262,9.124,9.234,45792.808
2026-04-16T15:00:00+00:00,9.234,9.465,9.224,9.456,71341.315
2026-04-16T16:00:00+00:00,9.456,9.488,9.304,9.343,65793.372
2026-04-16T17:00:00+00:00,9.343,9.431,9.317,9.417,22633.009
2026-04-16T18:00:00+00:00,9.417,9.607,9.379,9.581,86538.001
2026-04-16T19:00:00+00:00,9.581,9.653,9.549,9.646,50865.437
2026-04-16T20:00:00+00:00,9.646,9.676,9.496,9.532,31194.268
2026-04-16T21:00:00+00:00,9.532,9.567,9.465,9.534,26190.102
2026-04-16T22:00:00+00:00,9.534,9.578,9.473,9.508,24864.217
2026-04-16T23:00:00+00:00,9.508,9.604,9.505,9.598,14148.708
2026-04-17T00:00:00+00:00,9.598,9.616,9.504,9.52,30045.255
2026-04-17T01:00:00+00:00,9.52,9.532,9.423,9.458,21691.961
2026-04-17T02:00:00+00:00,9.458,9.471,9.395,9.439,18206.577
2026-04-17T03:00:00+00:00,9.439,9.447,9.407,9.417,14934.306
2026-04-17T04:00:00+00:00,9.417,9.445,9.402,9.41,20164.579
2026-04-17T05:00:00+00:00,9.41,9.411,9.341,9.345,29936.834
2026-04-17T06:00:00+00:00,9.345,9.425,9.341,9.414,15511.933
2026-04-17T07:00:00+00:00,9.414,9.474,9.414,9.467,18285.779
2026-04-17T08:00:00+00:00,9.467,9.565,9.462,9.536,22213.485
2026-04-17T09:00:00+00:00,9.536,9.606,9.488,9.558,30083.978
2026-04-17T10:00:00+00:00,9.558,9.577,9.455,9.497,17285.701
2026-04-17T11:00:00+00:00,9.497,9.569,9.495,9.518,17785.857
2026-04-17T12:00:00+00:00,9.518,9.643,9.46,9.618,41443.563
2026-04-17T13:00:00+00:00,9.618,9.805,9.59,9.789,81400.048
2026-04-17T14:00:00+00:00,9.789,9.865,9.767,9.812,74601.39
2026-04-17T15:00:00+00:00,9.812,9.82,9.717,9.753,31013.721
2026-04-17T16:00:00+00:00,9.753,9.834,9.744,9.817,26600.762
2026-04-17T17:00:00+00:00,9.817,9.825,9.664,9.732,37018.723
2026-04-17T18:00:00+00:00,9.732,9.74,9.631,9.653,25893.732
2026-04-17T19:00:00+00:00,9.653,9.701,9.629,9.664,13403.03
2026-04-17T20:00:00+00:00,9.664,9.688,9.602,9.648,13424.943
2026-04-17T21:00:00+00:00,9.648,9.67,9.6,9.661,12091.842
2026-04-17T22:00:00+00:00,9.661,9.707,9.634,9.666,13081.036
2026-04-17T23:00:00+00:00,9.666,9.666,9.583,9.612,13252.052
2026-04-18T00:00:00+00:00,9.612,9.634,9.579,9.616,8328.329
2026-04-18T01:00:00+00:00,9.616,9.649,9.57,9.591,8321.26
2026-04-18T02:00:00+00:00,9.591,9.624,9.562,9.616,3620.864
2026-04-18T03:00:00+00:00,9.616,9.619,9.543,9.56,10204.198
2026-04-18T04:00:00+00:00,9.56,9.59,9.549,9.574,8895.73
2026-04-18T05:00:00+00:00,9.574,9.616,9.569,9.602,6685.686
2026-04-18T06:00:00+00:00,9.602,9.631,9.584,9.616,14793.505
2026-04-18T07:00:00+00:00,9.616,9.622,9.596,9.599,10007.569
2026-04-18T08:00:00+00:00,9.599,9.603,9.449,9.498,36295.319
2026-04-18T09:00:00+00:00,9.498,9.504,9.436,9.48,19198.5
2026-04-18T10:00:00+00:00,9.48,9.48,9.39,9.403,27317.817
2026-04-18T11:00:00+00:00,9.403,9.41,9.339,9.402,29719.48
2026-04-18T12:00:00+00:00,9.402,9.449,9.364,9.376,29609.005
2026-04-18T13:00:00+00:00,9.376,9.383,9.311,9.377,29656.552
2026-04-18T14:00:00+00:00,9.377,9.409,9.358,9.404,11803.448
2026-04-18T15:00:00+00:00,9.404,9.435,9.371,9.384,14666.862
2026-04-18T16:00:00+00:00,9.384,9.419,9.339,9.368,19773.085
2026-04-18T17:00:00+00:00,9.368,9.385,9.332,9.367,9716.412
2026-04-18T18:00:00+00:00,9.367,9.374,9.258,9.267,24296.156
2026-04-18T19:00:00+00:00,9.267,9.312,9.262,9.285,7910.164
2026-04-18T20:00:00+00:00,9.285,9.319,9.264,9.306,11866.176
2026-04-18T21:00:00+00:00,9.306,9.324,9.294,9.322,8200.416
2026-04-18T22:00:00+00:00,9.322,9.323,9.285,9.32,6361.358
2026-04-18T23:00:00+00:00,9.32,9.345,9.281,9.281,8193.284
2026-04-19T00:00:00+00:00,9.281,9.296,9.209,9.247,35097.311
2026-04-19T01:00:00+00:00,9.247,9.255,9.2,9.236,6782.585
2026-04-19T02:00:00+00:00,9.236,9.236,9.164,9.201,11155.641
2026-04-19T03:00:00+00:00,9.201,9.256,9.163,9.228,10996.727
2026-04-19T04:00:00+00:00,9.228,9.286,9.184,9.224,29051.103
2026-04-19T05:00:00+00:00,9.224,9.248,9.201,9.207,8910.528
2026-04-19T06:00:00+00:00,9.207,9.218,9.151,9.207,21788.386
2026-04-19T07:00:00+00:00,9.207,9.208,9.104,9.178,28617.402
2026-04-19T08:00:00+00:00,9.178,9.185,9.156,9.17,6978.818
2026-04-19T09:00:00+00:00,9.17,9.177,9.12,9.126,9610.111
2026-04-19T10:00:00+00:00,9.126,9.156,9.112,9.148,6769.043
2026-04-19T11:00:00+00:00,9.148,9.224,9.148,9.219,9290.677
2026-04-19T12:00:00+00:00,9.219,9.265,9.213,9.248,15771.309
2026-04-19T13:00:00+00:00,9.248,9.373,9.247,9.297,27050.738
2026-04-19T14:00:00+00:00,9.297,9.346,9.26,9.313,14845.73
2026-04-19T15:00:00+00:00,9.313,9.315,9.202,9.284,28586.125
2026-04-19T16:00:00+00:00,9.284,9.295,9.201,9.221,9886.578
2026-04-19T17:00:00+00:00,9.221,9.229,9.13,9.133,28446.692
2026-04-19T18:00:00+00:00,9.133,9.157,9.109,9.138,22916.017
2026-04-19T19:00:00+00:00,9.138,9.206,9.138,9.183,10849.317
2026-04-19T20:00:00+00:00,9.183,9.183,9.108,9.128,12480.953
2026-04-19T21:00:00+00:00,9.128,9.151,9.086,9.097,14699.588
2026-04-19T22:00:00+00:00,9.097,9.098,8.995,9.078,70241.429
2026-04-19T23:00:00+00:00,9.078,9.08,9.026,9.061,13667.788
2026-04-20T00:00:00+00:00,9.061,9.143,9.054,9.13,23993.881
2026-04-20T01:00:00+00:00,9.13,9.182,9.12,9.167,16690.848
2026-04-20T02:00:00+00:00,9.167,9.171,9.122,9.151,20728.687
2026-04-20T03:00:00+00:00,9.151,9.206,9.146,9.2,9217.099
2026-04-20T04:00:00+00:00,9.2,9.2,9.166,9.187,5927.752
2026-04-20T05:00:00+00:00,9.187,9.187,9.1,9.127,16313.426
2026-04-20T06:00:00+00:00,9.127,9.232,9.123,9.213,15889.704
2026-04-20T07:00:00+00:00,9.213,9.36,9.198,9.242,29648.813
2026-04-20T08:00:00+00:00,9.242,9.249,9.152,9.171,19433.855
2026-04-20T09:00:00+00:00,9.171,9.277,9.154,9.259,30272.113
2026-04-20T10:00:00+00:00,9.259,9.31,9.206,9.217,57894.738
2026-04-20T11:00:00+00:00,9.217,9.228,9.194,9.212,11179.838
2026-04-20T12:00:00+00:00,9.212,9.278,9.197,9.253,17441.053
2026-04-20T13:00:00+00:00,9.253,9.28,9.206,9.243,16983.297
2026-04-20T14:00:00+00:00,9.243,9.295,9.165,9.195,30801.029
2026-04-20T15:00:00+00:00,9.195,9.274,9.138,9.265,19802.12
2026-04-20T16:00:00+00:00,9.265,9.269,9.213,9.215,10793.859
2026-04-20T17:00:00+00:00,9.215,9.31,9.207,9.284,14556.858
2026-04-20T18:00:00+00:00,9.284,9.353,9.284,9.333,27759.881
2026-04-20T19:00:00+00:00,9.333,9.347,9.307,9.323,8283.666
2026-04-20T20:00:00+00:00,9.323,9.371,9.307,9.363,19229.976
2026-04-20T21:00:00+00:00,9.363,9.402,9.305,9.337,22021.147
2026-04-20T22:00:00+00:00,9.337,9.376,9.303,9.311,9913.482
2026-04-20T23:00:00+00:00,9.311,9.311,9.264,9.282,17365.873
2026-04-21T00:00:00+00:00,9.282,9.332,9.277,9.315,17018.805
2026-04-21T01:00:00+00:00,9.315,9.353,9.302,9.305,11349.955
2026-04-21T02:00:00+00:00,9.305,9.31,9.282,9.287,15897.186
2026-04-21T03:00:00+00:00,9.287,9.303,9.237,9.287,12196.208
2026-04-21T04:00:00+00:00,9.287,9.324,9.272,9.324,12570.535
2026-04-21T05:00:00+00:00,9.324,9.375,9.323,9.347,17854.429
2026-04-21T06:00:00+00:00,9.347,9.387,9.316,9.339,14489.517
2026-04-21T07:00:00+00:00,9.339,9.391,9.315,9.366,24496.354
2026-04-21T08:00:00+00:00,9.366,9.442,9.348,9.385,17017.976
2026-04-21T09:00:00+00:00,9.385,9.428,9.37,9.419,7118.379
2026-04-21T10:00:00+00:00,9.419,9.487,9.418,9.468,12607.511
2026-04-21T11:00:00+00:00,9.468,9.47,9.37,9.412,39294.648
2026-04-21T12:00:00+00:00,9.412,9.46,9.334,9.399,65992.236
2026-04-21T13:00:00+00:00,9.399,9.425,9.368,9.387,13660.574
2026-04-21T14:00:00+00:00,9.387,9.478,9.351,9.375,24757.548
2026-04-21T15:00:00+00:00,9.375,9.429,9.346,9.416,15951.247
2026-04-21T16:00:00+00:00,9.416,9.441,9.36,9.36,22778.522
2026-04-21T17:00:00+00:00,9.36,9.394,9.269,9.344,60043.064
2026-04-21T18:00:00+00:00,9.344,9.353,9.286,9.338,28034.744
2026-04-21T19:00:00+00:00,9.338,9.394,9.24,9.266,29021.306
2026-04-21T20:00:00+00:00,9.266,9.408,9.263,9.365,67629.325
2026-04-21T21:00:00+00:00,9.365,9.374,9.337,9.346,13081.813
2026-04-21T22:00:00+00:00,9.346,9.354,9.29,9.302,16300.199
2026-04-21T23:00:00+00:00,9.302,9.414,9.298,9.396,30407.085
2026-04-22T00:00:00+00:00,9.396,9.426,9.395,9.413,13891.583
2026-04-22T01:00:00+00:00,9.413,9.421,9.375,9.399,16425.193
2026-04-22T02:00:00+00:00,9.399,9.528,9.384,9.511,41621.978
2026-04-22T03:00:00+00:00,9.511,9.517,9.458,9.506,19071.428
2026-04-22T04:00:00+00:00,9.506,9.515,9.472,9.483,9123.416
2026-04-22T05:00:00+00:00,9.483,9.555,9.477,9.524,67781.852
2026-04-22T06:00:00+00:00,9.524,9.531,9.493,9.512,12800.256
2026-04-22T07:00:00+00:00,9.512,9.534,9.486,9.501,19029.308
2026-04-22T08:00:00+00:00,9.501,9.521,9.475,9.51,12158.375
2026-04-22T09:00:00+00:00,9.51,9.546,9.502,9.514,15741.226
2026-04-22T10:00:00+00:00,9.514,9.528,9.508,9.516,8207.874
2026-04-22T11:00:00+00:00,9.516,9.534,9.505,9.528,9900.119
2026-04-22T12:00:00+00:00,9.528,9.544,9.502,9.517,10188.18
2026-04-22T13:00:00+00:00,9.517,9.553,9.5,9.527,18304.534
2026-04-22T14:00:00+00:00,9.527,9.543,9.462,9.512,20261.016
2026-04-22T15:00:00+00:00,9.512,9.512,9.468,9.49,13956.765
2026-04-22T16:00:00+00:00,9.49,9.512,9.429,9.441,41050.744
2026-04-22T17:00:00+00:00,9.441,9.478,9.436,9.466,9806.739
2026-04-22T18:00:00+00:00,9.466,9.489,9.45,9.45,5052.878
2026-04-22T19:00:00+00:00,9.45,9.45,9.378,9.417,10550.544
2026-04-22T20:00:00+00:00,9.417,9.42,9.373,9.38,6317.598
2026-04-22T21:00:00+00:00,9.38,9.42,9.372,9.416,2866.98
2026-04-22T22:00:00+00:00,9.416,9.421,9.363,9.376,6039.242
2026-04-22T23:00:00+00:00,9.376,9.376,9.283,9.291,48767.826
2026-04-23T00:00:00+00:00,9.291,9.316,9.185,9.292,30033.118
2026-04-23T01:00:00+00:00,9.292,9.294,9.224,9.249,5922.559
2026-04-23T02:00:00+00:00,9.249,9.249,9.171,9.2,17475.912
2026-04-23T03:00:00+00:00,9.2,9.216,9.149,9.183,23460.831
2026-04-23T04:00:00+00:00,9.183,9.209,9.169,9.209,10069.007
2026-04-23T05:00:00+00:00,9.209,9.229,9.19,9.223,13437.638
2026-04-23T06:00:00+00:00,9.223,9.268,9.223,9.254,20164.099
2026-04-23T07:00:00+00:00,9.254,9.264,9.227,9.233,19609.817
2026-04-23T08:00:00+00:00,9.233,9.238,9.208,9.231,10890.768
2026-04-23T09:00:00+00:00,9.231,9.231,9.171,9.192,18701.018
2026-04-23T10:00:00+00:00,9.192,9.218,9.164,9.18,39060.034
2026-04-23T11:00:00+00:00,9.18,9.274,9.18,9.261,13328.638
2026-04-23T12:00:00+00:00,9.261,9.3,9.246,9.269,25368.792
2026-04-23T13:00:00+00:00,9.269,9.286,9.243,9.259,10149.289
2026-04-23T14:00:00+00:00,9.259,9.336,9.246,9.335,13420.436
2026-04-23T15:00:00+00:00,9.335,9.389,9.309,9.35,21689.592
2026-04-23T16:00:00+00:00,9.35,9.358,9.295,9.299,5373.257
2026-04-23T17:00:00+00:00,9.299,9.308,9.154,9.235,43146.657
2026-04-23T18:00:00+00:00,9.235,9.272,9.184,9.221,25095.852
2026-04-23T19:00:00+00:00,9.221,9.295,9.209,9.281,53762.735
2026-04-23T20:00:00+00:00,9.281,9.319,9.27,9.294,15517.86
2026-04-23T21:00:00+00:00,9.294,9.33,9.282,9.302,6618.01
2026-04-23T22:00:00+00:00,9.302,9.344,9.302,9.321,41211.354
2026-04-23T23:00:00+00:00,9.321,9.358,9.295,9.345,12541.857
2026-04-24T00:00:00+00:00,9.345,9.382,9.345,9.374,10799.306
2026-04-24T01:00:00+00:00,9.374,9.393,9.333,9.384,10687.825
2026-04-24T02:00:00+00:00,9.384,9.387,9.322,9.339,15893.758
2026-04-24T03:00:00+00:00,9.339,9.339,9.252,9.292,9278.122
2026-04-24T04:00:00+00:00,9.292,9.293,9.249,9.261,10021.859
2026-04-24T05:00:00+00:00,9.261,9.305,9.247,9.289,11824.773
2026-04-24T06:00:00+00:00,9.289,9.304,9.272,9.29,7727.987
2026-04-24T07:00:00+00:00,9.29,9.314,9.275,9.292,10742.477
2026-04-24T08:00:00+00:00,9.292,9.322,9.274,9.294,11344.978
2026-04-24T09:00:00+00:00,9.294,9.298,9.251,9.266,10586.883
2026-04-24T10:00:00+00:00,9.266,9.318,9.252,9.301,9439.706
2026-04-24T11:00:00+00:00,9.301,9.381,9.301,9.354,19114.813
2026-04-24T12:00:00+00:00,9.354,9.387,9.33,9.356,33202.977
2026-04-24T13:00:00+00:00,9.356,9.398,9.324,9.339,17748.265
2026-04-24T14:00:00+00:00,9.339,9.368,9.303,9.35,10400.47
2026-04-24T15:00:00+00:00,9.35,9.379,9.295,9.371,36547.578
2026-04-24T16:00:00+00:00,9.371,9.373,9.328,9.37,18713.871
2026-04-24T17:00:00+00:00,9.37,9.396,9.347,9.381,21852.789
2026-04-24T18:00:00+00:00,9.381,9.406,9.355,9.399,5807.013
2026-04-24T19:00:00+00:00,9.399,9.433,9.386,9.406,10849.521
2026-04-24T20:00:00+00:00,9.406,9.438,9.373,9.432,13128.24
2026-04-24T21:00:00+00:00,9.432,9.442,9.387,9.397,12475.706
2026-04-24T22:00:00+00:00,9.397,9.397,9.355,9.365,7727.37
2026-04-24T23:00:00+00:00,9.365,9.386,9.359,9.375,3007.841
2026-04-25T00:00:00+00:00,9.375,9.392,9.346,9.39,10385.081
2026-04-25T01:00:00+00:00,9.39,9.43,9.386,9.416,4624.128
2026-04-25T02:00:00+00:00,9.416,9.426,9.403,9.416,4510.934
2026-04-25T03:00:00+00:00,9.416,9.428,9.393,9.421,4982.063
2026-04-25T04:00:00+00:00,9.421,9.431,9.409,9.418,3801.106
2026-04-25T05:00:00+00:00,9.418,9.428,9.393,9.418,3548.493
2026-04-25T06:00:00+00:00,9.418,9.444,9.418,9.421,9618.037
2026-04-25T07:00:00+00:00,9.421,9.421,9.398,9.403,10728.405
2026-04-25T08:00:00+00:00,9.403,9.417,9.395,9.404,2797.272
2026-04-25T09:00:00+00:00,9.404,9.436,9.396,9.422,5013.838
2026-04-25T10:00:00+00:00,9.422,9.435,9.42,9.428,4709.459
2026-04-25T11:00:00+00:00,9.428,9.428,9.37,9.389,4904.852
2026-04-25T12:00:00+00:00,9.389,9.397,9.37,9.388,7189.673
2026-04-25T13:00:00+00:00,9.388,9.417,9.388,9.403,5491.786
2026-04-25T14:00:00+00:00,9.403,9.41,9.376,9.376,7167.918
2026-04-25T15:00:00+00:00,9.376,9.387,9.329,9.341,16725.747
2026-04-25T16:00:00+00:00,9.341,9.361,9.298,9.326,14108.219
2026-04-25T17:00:00+00:00,9.326,9.338,9.296,9.304,9728.968
2026-04-25T18:00:00+00:00,9.304,9.317,9.287,9.305,7221.039
2026-04-25T19:00:00+00:00,9.305,9.31,9.29,9.306,5638.898
2026-04-25T20:00:00+00:00,9.306,9.324,9.293,9.323,6026.44
2026-04-25T21:00:00+00:00,9.323,9.342,9.323,9.324,9353.478
2026-04-25T22:00:00+00:00,9.324,9.361,9.323,9.341,4763.466
2026-04-25T23:00:00+00:00,9.341,9.35,9.33,9.344,14470.443
2026-04-26T00:00:00+00:00,9.344,9.345,9.306,9.312,22476.698
2026-04-26T01:00:00+00:00,9.312,9.322,9.298,9.299,10417.724
2026-04-26T02:00:00+00:00,9.299,9.331,9.299,9.324,2709.554
2026-04-26T03:00:00+00:00,9.324,9.34,9.298,9.321,7287.378
2026-04-26T04:00:00+00:00,9.321,9.375,9.312,9.357,6907.678
2026-04-26T05:00:00+00:00,9.357,9.417,9.351,9.387,23984.717
2026-04-26T06:00:00+00:00,9.387,9.412,9.387,9.403,11028.478
2026-04-26T07:00:00+00:00,9.403,9.424,9.391,9.42,14000.415
2026-04-26T08:00:00+00:00,9.42,9.45,9.405,9.427,10394.428
2026-04-26T09:00:00+00:00,9.427,9.445,9.419,9.432,9811.987
2026-04-26T10:00:00+00:00,9.432,9.445,9.423,9.442,7470.195
2026-04-26T11:00:00+00:00,9.442,9.484,9.436,9.465,8571.177
2026-04-26T12:00:00+00:00,9.465,9.477,9.419,9.444,8681.913
2026-04-26T13:00:00+00:00,9.444,9.454,9.418,9.427,7662.147
2026-04-26T14:00:00+00:00,9.427,9.497,9.42,9.481,13744.462
2026-04-26T15:00:00+00:00,9.481,9.496,9.471,9.49,14502.938
2026-04-26T16:00:00+00:00,9.49,9.497,9.446,9.447,12255.386
2026-04-26T17:00:00+00:00,9.447,9.464,9.431,9.452,5665.129
2026-04-26T18:00:00+00:00,9.452,9.507,9.441,9.492,11263.95
2026-04-26T19:00:00+00:00,9.492,9.537,9.466,9.48,23955.482
2026-04-26T20:00:00+00:00,9.48,9.49,9.452,9.452,14143.868
2026-04-26T21:00:00+00:00,9.452,9.489,9.414,9.477,28046.362
2026-04-26T22:00:00+00:00,9.477,9.521,9.429,9.464,21120.902
2026-04-26T23:00:00+00:00,9.464,9.521,9.452,9.484,13703.734
2026-04-27T00:00:00+00:00,9.484,9.543,9.442,9.536,25086.963
2026-04-27T01:00:00+00:00,9.536,9.582,9.494,9.57,35409.774
2026-04-27T02:00:00+00:00,9.57,9.58,9.532,9.55,18845.511
2026-04-27T03:00:00+00:00,9.55,9.591,9.543,9.547,33827.241
2026-04-27T04:00:00+00:00,9.547,9.563,9.523,9.529,20652.332
2026-04-27T05:00:00+00:00,9.529,9.535,9.334,9.356,60651.2
2026-04-27T06:00:00+00:00,9.356,9.39,9.3,9.336,35179.685
2026-04-27T07:00:00+00:00,9.336,9.337,9.307,9.307,8346.238
2026-04-27T08:00:00+00:00,9.307,9.335,9.303,9.33,10587.892
2026-04-27T09:00:00+00:00,9.33,9.357,9.32,9.342,9997.066
2026-04-27T10:00:00+00:00,9.342,9.345,9.324,9.324,6827.621
2026-04-27T11:00:00+00:00,9.324,9.335,9.281,9.334,31235.935
2026-04-27T12:00:00+00:00,9.334,9.334,9.301,9.306,14336.127
2026-04-27T13:00:00+00:00,9.306,9.319,9.262,9.291,34395.326
2026-04-27T14:00:00+00:00,9.291,9.369,9.285,9.322,38137.353
2026-04-27T15:00:00+00:00,9.322,9.324,9.153,9.183,46907.551
2026-04-27T16:00:00+00:00,9.183,9.209,9.162,9.202,18269.858
2026-04-27T17:00:00+00:00,9.202,9.249,9.202,9.219,13774.698
2026-04-27T18:00:00+00:00,9.219,9.25,9.213,9.238,6700.142
2026-04-27T19:00:00+00:00,9.238,9.244,9.187,9.22,6605.347
2026-04-27T20:00:00+00:00,9.22,9.235,9.213,9.222,2586.603
2026-04-27T21:00:00+00:00,9.222,9.252,9.211,9.22,6421.657
2026-04-27T22:00:00+00:00,9.22,9.267,9.215,9.262,4981.864
2026-04-27T23:00:00+00:00,9.262,9.331,9.258,9.32,13155.045
2026-04-28T00:00:00+00:00,9.32,9.328,9.297,9.315,10820.619
2026-04-28T01:00:00+00:00,9.315,9.325,9.299,9.304,5676.928
2026-04-28T02:00:00+00:00,9.304,9.314,9.246,9.268,8996.538
2026-04-28T03:00:00+00:00,9.268,9.286,9.255,9.284,4352.805
2026-04-28T04:00:00+00:00,9.284,9.306,9.264,9.272,6825.679
2026-04-28T05:00:00+00:00,9.272,9.315,9.272,9.282,8835.635
2026-04-28T06:00:00+00:00,9.282,9.298,9.219,9.241,8788.692
2026-04-28T07:00:00+00:00,9.241,9.259,9.207,9.255,8750.521
2026-04-28T08:00:00+00:00,9.255,9.278,9.239,9.255,5619.578
2026-04-28T09:00:00+00:00,9.255,9.257,9.213,9.226,4833.324
2026-04-28T10:00:00+00:00,9.226,9.248,9.223,9.24,5005.915
2026-04-28T11:00:00+00:00,9.24,9.243,9.183,9.201,8527.139
2026-04-28T12:00:00+00:00,9.201,9.238,9.19,9.228,18301.097
2026-04-28T13:00:00+00:00,9.228,9.25,9.165,9.213,16341.408
2026-04-28T14:00:00+00:00,9.213,9.213,9.148,9.198,17078.914
2026-04-28T15:00:00+00:00,9.198,9.222,9.182,9.222,13751.354
2026-04-28T16:00:00+00:00,9.222,9.241,9.193,9.231,21688.345
2026-04-28T17:00:00+00:00,9.231,9.249,9.197,9.232,13354.218
2026-04-28T18:00:00+00:00,9.232,9.257,9.225,9.255,8519.698
2026-04-28T19:00:00+00:00,9.255,9.281,9.23,9.276,4139.067
2026-04-28T20:00:00+00:00,9.276,9.289,9.257,9.257,8454.933
2026-04-28T21:00:00+00:00,9.257,9.277,9.239,9.255,17652.166
2026-04-28T22:00:00+00:00,9.255,9.275,9.23,9.237,7515.195
2026-04-28T23:00:00+00:00,9.237,9.243,9.224,9.241,13993.796
2026-04-29T00:00:00+00:00,9.241,9.26,9.231,9.256,22250.182
2026-04-29T01:00:00+00:00,9.256,9.267,9.215,9.25,29175.42
2026-04-29T02:00:00+00:00,9.25,9.268,9.228,9.25,19183.664
2026-04-29T03:00:00+00:00,9.25,9.321,9.25,9.311,23835.857
2026-04-29T04:00:00+00:00,9.311,9.398,9.3,9.367,19752.428
2026-04-29T05:00:00+00:00,9.367,9.381,9.35,9.364,16486.025
2026-04-29T06:00:00+00:00,9.364,9.381,9.312,9.324,17261.95
2026-04-29T07:00:00+00:00,9.324,9.346,9.309,9.317,17730.454
2026-04-29T08:00:00+00:00,9.317,9.326,9.276,9.283,18960.235
2026-04-29T09:00:00+00:00,9.283,9.391,9.267,9.384,15597.729
2026-04-29T10:00:00+00:00,9.384,9.418,9.358,9.379,17082.084
2026-04-29T11:00:00+00:00,9.379,9.382,9.347,9.36,6355.206
2026-04-29T12:00:00+00:00,9.36,9.36,9.241,9.274,21081.046
2026-04-29T13:00:00+00:00,9.274,9.283,9.185,9.234,21210.035
2026-04-29T14:00:00+00:00,9.234,9.248,9.194,9.2,16211.914
2026-04-29T15:00:00+00:00,9.2,9.209,9.078,9.1,100829.807
2026-04-29T16:00:00+00:00,9.1,9.129,9.061,9.085,37201.24
2026-04-29T17:00:00+00:00,9.085,9.152,9.085,9.15,22215.255
2026-04-29T18:00:00+00:00,9.15,9.162,8.912,9.038,79657.615
2026-04-29T19:00:00+00:00,9.038,9.04,8.982,9.013,15791.499
2026-04-29T20:00:00+00:00,9.013,9.08,9.009,9.061,19478.566
2026-04-29T21:00:00+00:00,9.061,9.125,9.049,9.099,33132.87
2026-04-29T22:00:00+00:00,9.099,9.125,9.09,9.117,11151.885
2026-04-29T23:00:00+00:00,9.117,9.137,9.099,9.113,13469.136
2026-04-30T00:00:00+00:00,9.113,9.181,9.092,9.174,13071.571
2026-04-30T01:00:00+00:00,9.174,9.187,9.147,9.163,16677.745
2026-04-30T02:00:00+00:00,9.163,9.179,9.061,9.092,28775.489
2026-04-30T03:00:00+00:00,9.092,9.12,9.078,9.109,5546.979
2026-04-30T04:00:00+00:00,9.109,9.109,9.037,9.042,10940.593
2026-04-30T05:00:00+00:00,9.042,9.1,9.022,9.067,15218.466
2026-04-30T06:00:00+00:00,9.067,9.104,9.061,9.087,10195.225
2026-04-30T07:00:00+00:00,9.087,9.131,9.079,9.123,7339.139
2026-04-30T08:00:00+00:00,9.123,9.139,9.108,9.114,12073.232
2026-04-30T09:00:00+00:00,9.114,9.167,9.107,9.128,2654.84
2026-04-30T10:00:00+00:00,9.128,9.134,9.098,9.113,2598.349
2026-04-30T11:00:00+00:00,9.113,9.159,9.105,9.13,11293.686
2026-04-30T12:00:00+00:00,9.13,9.175,9.124,9.142,8020.19
2026-04-30T13:00:00+00:00,9.142,9.168,9.106,9.138,6601.815
2026-04-30T14:00:00+00:00,9.138,9.16,9.086,9.125,10621.315
2026-04-30T15:00:00+00:00,9.125,9.166,9.108,9.135,19070.291
2026-04-30T16:00:00+00:00,9.135,9.146,9.097,9.108,2907.695
2026-04-30T17:00:00+00:00,9.108,9.122,9.091,9.115,3729.16
2026-04-30T18:00:00+00:00,9.115,9.144,9.109,9.129,8891.152
2026-04-30T19:00:00+00:00,9.129,9.153,9.121,9.135,6376.7
2026-04-30T20:00:00+00:00,9.135,9.148,9.128,9.133,5079.641
2026-04-30T21:00:00+00:00,9.133,9.136,9.099,9.102,6104.515
2026-04-30T22:00:00+00:00,9.102,9.117,9.087,9.091,4271.22
2026-04-30T23:00:00+00:00,9.091,9.118,9.089,9.106,3898.844
2026-05-01T00:00:00+00:00,9.106,9.133,9.105,9.105,2218.41
2026-05-01T01:00:00+00:00,9.105,9.143,9.105,9.136,1630.997
2026-05-01T02:00:00+00:00,9.136,9.143,9.108,9.116,2590.074
2026-05-01T03:00:00+00:00,9.116,9.21,9.113,9.168,8643.4
2026-05-01T04:00:00+00:00,9.168,9.183,9.149,9.157,4256.559
2026-05-01T05:00:00+00:00,9.157,9.181,9.149,9.164,5493.107
2026-05-01T06:00:00+00:00,9.164,9.177,9.133,9.148,6515.371
2026-05-01T07:00:00+00:00,9.148,9.158,9.131,9.152,9034.444
2026-05-01T08:00:00+00:00,9.152,9.19,9.147,9.181,6740.448
2026-05-01T09:00:00+00:00,9.181,9.183,9.136,9.148,7387.883
2026-05-01T10:00:00+00:00,9.148,9.153,9.117,9.142,3933.516
2026-05-01T11:00:00+00:00,9.142,9.171,9.133,9.15,4314.156
2026-05-01T12:00:00+00:00,9.15,9.237,9.144,9.21,9667.686
2026-05-01T13:00:00+00:00,9.21,9.278,9.21,9.258,15194.035
2026-05-01T14:00:00+00:00,9.258,9.278,9.202,9.242,20515.604
2026-05-01T15:00:00+00:00,9.242,9.261,9.192,9.228,10963.365
2026-05-01T16:00:00+00:00,9.228,9.252,9.183,9.212,20191.638
2026-05-01T17:00:00+00:00,9.212,9.223,9.183,9.221,7262.793
2026-05-01T18:00:00+00:00,9.221,9.221,9.192,9.197,5261.933
2026-05-01T19:00:00+00:00,9.197,9.207,9.168,9.179,8123.309
2026-05-01T20:00:00+00:00,9.179,9.182,9.074,9.102,18653.837
2026-05-01T21:00:00+00:00,9.102,9.126,9.089,9.113,13459.469
2026-05-01T22:00:00+00:00,9.113,9.137,9.083,9.091,8623.075
2026-05-01T23:00:00+00:00,9.091,9.097,9.068,9.097,10496.218
2026-05-02T00:00:00+00:00,9.097,9.116,9.086,9.108,31181.833
2026-05-02T01:00:00+00:00,9.108,9.13,9.103,9.117,2591.243
2026-05-02T02:00:00+00:00,9.117,9.135,9.101,9.118,4654.66
2026-05-02T03:00:00+00:00,9.118,9.135,9.106,9.121,2447.823
2026-05-02T04:00:00+00:00,9.121,9.121,9.089,9.096,3738.693
2026-05-02T05:00:00+00:00,9.096,9.098,9.067,9.084,6367.816
2026-05-02T06:00:00+00:00,9.084,9.111,9.074,9.109,4632.663
2026-05-02T07:00:00+00:00,9.109,9.129,9.081,9.087,19310.34
2026-05-02T08:00:00+00:00,9.087,9.092,9.075,9.086,7054.899
2026-05-02T09:00:00+00:00,9.086,9.104,9.083,9.098,19436.439
2026-05-02T10:00:00+00:00,9.098,9.103,9.087,9.092,5131.941
2026-05-02T11:00:00+00:00,9.092,9.094,9.077,9.078,3393.229
2026-05-02T12:00:00+00:00,9.078,9.093,9.077,9.082,5824.849
2026-05-02T13:00:00+00:00,9.082,9.114,9.082,9.111,8903.286
2026-05-02T14:00:00+00:00,9.111,9.136,9.104,9.131,8882.508
2026-05-02T15:00:00+00:00,9.131,9.202,9.111,9.163,48448.005
2026-05-02T16:00:00+00:00,9.163,9.177,9.148,9.161,11781.31
2026-05-02T17:00:00+00:00,9.161,9.167,9.131,9.134,7205.009
2026-05-02T18:00:00+00:00,9.134,9.163,9.12,9.151,4092.4
2026-05-02T19:00:00+00:00,9.151,9.17,9.148,9.167,17679.193
2026-05-02T20:00:00+00:00,9.167,9.174,9.16,9.167,6203.578
2026-05-02T21:00:00+00:00,9.167,9.253,9.165,9.211,23031.339
2026-05-02T22:00:00+00:00,9.211,9.224,9.19,9.206,10804.806
2026-05-02T23:00:00+00:00,9.206,9.207,9.175,9.177,4837.86
2026-05-03T00:00:00+00:00,9.177,9.186,9.131,9.144,9532.447
2026-05-03T01:00:00+00:00,9.144,9.144,9.094,9.098,8442.055
2026-05-03T02:00:00+00:00,9.098,9.1,9.078,9.095,5023.492
2026-05-03T03:00:00+00:00,9.095,9.099,9.08,9.094,3680.818
2026-05-03T04:00:00+00:00,9.094,9.103,9.084,9.096,6514.337
2026-05-03T05:00:00+00:00,9.096,9.108,9.08,9.091,10827.358
2026-05-03T06:00:00+00:00,9.091,9.106,9.071,9.089,10947.914
2026-05-03T07:00:00+00:00,9.089,9.135,9.089,9.118,17823.674
2026-05-03T08:00:00+00:00,9.118,9.136,9.109,9.113,7130.934
2026-05-03T09:00:00+00:00,9.113,9.154,9.109,9.149,10266.076
2026-05-03T10:00:00+00:00,9.149,9.157,9.125,9.127,14577.211
2026-05-03T11:00:00+00:00,9.127,9.202,9.116,9.175,13648.784
2026-05-03T12:00:00+00:00,9.175,9.209,9.175,9.181,8358.313
2026-05-03T13:00:00+00:00,9.181,9.181,9.148,9.152,6053.647
2026-05-03T14:00:00+00:00,9.152,9.17,9.124,9.162,19462.322
2026-05-03T15:00:00+00:00,9.162,9.198,9.144,9.154,24385.222
2026-05-03T16:00:00+00:00,9.154,9.172,9.136,9.159,3290.957
2026-05-03T17:00:00+00:00,9.159,9.171,9.135,9.155,4615.258
2026-05-03T18:00:00+00:00,9.155,9.169,9.144,9.152,10864.236
2026-05-03T19:00:00+00:00,9.152,9.176,9.145,9.159,8165.89
2026-05-03T20:00:00+00:00,9.159,9.204,9.15,9.161,17739.615
2026-05-03T21:00:00+00:00,9.161,9.175,9.113,9.139,15851.698
2026-05-03T22:00:00+00:00,9.139,9.224,9.139,9.191,14491.762
2026-05-03T23:00:00+00:00,9.191,9.205,9.124,9.128,7891.445
2026-05-04T00:00:00+00:00,9.128,9.149,9.09,9.135,16688.032
2026-05-04T01:00:00+00:00,9.135,9.268,9.112,9.25,39185.59
2026-05-04T02:00:00+00:00,9.25,9.356,9.235,9.321,32812.803
2026-05-04T03:00:00+00:00,9.321,9.353,9.304,9.346,13697.549
2026-05-04T04:00:00+00:00,9.346,9.401,9.344,9.365,15211.187
2026-05-04T05:00:00+00:00,9.365,9.371,9.319,9.338,9386.589
2026-05-04T06:00:00+00:00,9.338,9.342,9.257,9.301,11822.153
2026-05-04T07:00:00+00:00,9.301,9.338,9.294,9.322,5594.002
2026-05-04T08:00:00+00:00,9.322,9.446,9.309,9.401,35851.891
2026-05-04T09:00:00+00:00,9.401,9.65,9.372,9.521,131390.33
2026-05-04T10:00:00+00:00,9.521,9.534,9.289,9.422,90242.68
2026-05-04T11:00:00+00:00,9.422,9.45,9.375,9.425,36380.159
2026-05-04T12:00:00+00:00,9.425,9.468,9.405,9.411,26886.526
2026-05-04T13:00:00+00:00,9.411,9.452,9.352,9.418,48276.44
2026-05-04T14:00:00+00:00,9.418,9.541,9.361,9.513,43895.034
2026-05-04T15:00:00+00:00,9.513,9.545,9.358,9.417,38683.899
2026-05-04T16:00:00+00:00,9.417,9.448,9.344,9.392,56630.301
2026-05-04T17:00:00+00:00,9.392,9.51,9.391,9.47,28368.281
2026-05-04T18:00:00+00:00,9.47,9.489,9.407,9.431,22014.697
2026-05-04T19:00:00+00:00,9.431,9.445,9.379,9.393,6741.147
2026-05-04T20:00:00+00:00,9.393,9.393,9.321,9.341,13520.865
2026-05-04T21:00:00+00:00,9.341,9.42,9.339,9.406,9135.102
2026-05-04T22:00:00+00:00,9.406,9.423,9.365,9.369,8098.789
2026-05-04T23:00:00+00:00,9.369,9.373,9.342,9.36,5605.659
2026-05-05T00:00:00+00:00,9.36,9.405,9.353,9.393,8493.802
2026-05-05T01:00:00+00:00,9.393,9.435,9.38,9.426,14289.555
2026-05-05T02:00:00+00:00,9.426,9.52,9.41,9.474,18544.109
2026-05-05T03:00:00+00:00,9.474,9.546,9.468,9.508,18870.039
2026-05-05T04:00:00+00:00,9.508,9.549,9.497,9.534,15679.153
2026-05-05T05:00:00+00:00,9.534,9.596,9.524,9.546,30619.383
2026-05-05T06:00:00+00:00,9.546,9.558,9.499,9.547,23135.63
2026-05-05T07:00:00+00:00,9.547,9.632,9.526,9.604,26650.148
2026-05-05T08:00:00+00:00,9.604,9.618,9.559,9.564,18436.493
2026-05-05T09:00:00+00:00,9.564,9.617,9.511,9.612,77455.947
2026-05-05T10:00:00+00:00,9.612,9.699,9.559,9.696,103182.779
2026-05-05T11:00:00+00:00,9.696,9.739,9.652,9.73,18269.122
2026-05-05T12:00:00+00:00,9.73,9.812,9.73,9.777,36409.457
2026-05-05T13:00:00+00:00,9.777,9.795,9.683,9.699,32773.222
2026-05-05T14:00:00+00:00,9.699,9.718,9.638,9.681,39829.491
2026-05-05T15:00:00+00:00,9.681,9.738,9.677,9.725,9906.634
2026-05-05T16:00:00+00:00,9.725,9.739,9.672,9.706,17160.952
2026-05-05T17:00:00+00:00,9.706,9.708,9.669,9.697,9033.654
2026-05-05T18:00:00+00:00,9.697,9.724,9.69,9.696,9929.903
2026-05-05T19:00:00+00:00,9.696,9.742,9.696,9.727,15291.409
2026-05-05T20:00:00+00:00,9.727,9.799,9.725,9.794,35198.609
2026-05-05T21:00:00+00:00,9.794,9.837,9.771,9.811,27114.53
2026-05-05T22:00:00+00:00,9.811,9.848,9.748,9.793,62812.481
2026-05-05T23:00:00+00:00,9.793,9.813,9.738,9.766,23005.723
2026-05-06T00:00:00+00:00,9.766,9.822,9.762,9.814,21155.363
2026-05-06T01:00:00+00:00,9.814,9.851,9.807,9.838,32661.057
2026-05-06T02:00:00+00:00,9.838,9.838,9.761,9.811,21182.864
2026-05-06T03:00:00+00:00,9.811,9.876,9.81,9.86,31739.412
2026-05-06T04:00:00+00:00,9.86,9.899,9.807,9.83,36103.046
2026-05-06T05:00:00+00:00,9.83,9.861,9.784,9.855,32517.365
2026-05-06T06:00:00+00:00,9.855,9.888,9.818,9.881,13028.138
2026-05-06T07:00:00+00:00,9.881,9.915,9.864,9.871,23878.659
2026-05-06T08:00:00+00:00,9.871,10.082,9.865,10.082,87763.952
2026-05-06T09:00:00+00:00,10.082,10.194,10.058,10.164,129695.345
2026-05-06T10:00:00+00:00,10.164,10.198,10.125,10.158,37779.998
2026-05-06T11:00:00+00:00,10.158,10.248,10.153,10.18,29444.147
2026-05-06T12:00:00+00:00,10.18,10.208,10.124,10.169,26621.113
2026-05-06T13:00:00+00:00,10.169,10.169,9.953,9.973,47473.804
2026-05-06T14:00:00+00:00,9.973,10.03,9.88,9.97,41720.054
2026-05-06T15:00:00+00:00,9.97,10.05,9.956,10.034,17225.764
2026-05-06T16:00:00+00:00,10.034,10.075,9.974,10.018,26695.781
2026-05-06T17:00:00+00:00,10.018,10.028,9.95,9.981,14583.975
2026-05-06T18:00:00+00:00,9.981,9.993,9.944,9.96,11992.874
2026-05-06T19:00:00+00:00,9.96,10.021,9.947,10.018,4671.023
2026-05-06T20:00:00+00:00,10.018,10.047,9.976,10.008,7242.542
2026-05-06T21:00:00+00:00,10.008,10.058,9.965,10.049,9853.868
2026-05-06T22:00:00+00:00,10.049,10.049,9.965,9.989,9109.563
2026-05-06T23:00:00+00:00,9.989,10.008,9.94,9.995,9184.449
2026-05-07T00:00:00+00:00,9.995,10.009,9.915,9.935,11733.986
2026-05-07T01:00:00+00:00,9.935,9.949,9.856,9.902,17270.069
2026-05-07T02:00:00+00:00,9.902,9.915,9.849,9.899,9804.076
2026-05-07T03:00:00+00:00,9.899,9.912,9.864,9.867,9584.519
2026-05-07T04:00:00+00:00,9.867,9.948,9.86,9.948,9246.738
2026-05-07T05:00:00+00:00,9.948,10.028,9.948,10.004,19691.351
2026-05-07T06:00:00+00:00,10.004,10.06,9.94,10.058,20131.04
2026-05-07T07:00:00+00:00,10.058,10.129,10.052,10.12,21100.584
2026-05-07T08:00:00+00:00,10.12,10.122,10.052,10.053,17711.101
2026-05-07T09:00:00+00:00,10.053,10.058,9.977,10.002,31210.558
2026-05-07T10:00:00+00:00,10.002,10.023,9.954,9.998,16446.42
2026-05-07T11:00:00+00:00,9.998,10.047,9.986,10.025,10180.643
2026-05-07T12:00:00+00:00,10.025,10.074,10.016,10.066,21130.889
2026-05-07T13:00:00+00:00,10.066,10.066,9.914,9.951,17099.073
2026-05-07T14:00:00+00:00,9.951,9.966,9.801,9.87,63891.572
2026-05-07T15:00:00+00:00,9.87,9.899,9.808,9.867,18364.58
2026-05-07T16:00:00+00:00,9.867,9.94,9.843,9.869,19218.172
2026-05-07T17:00:00+00:00,9.869,9.921,9.808,9.912,14084.16
2026-05-07T18:00:00+00:00,9.912,9.949,9.878,9.918,5762.14
2026-05-07T19:00:00+00:00,9.918,9.935,9.875,9.895,9346.118
2026-05-07T20:00:00+00:00,9.895,9.951,9.822,9.822,22195.206
2026-05-07T21:00:00+00:00,9.822,9.883,9.811,9.858,8669.428
2026-05-07T22:00:00+00:00,9.858,9.872,9.808,9.84,8977.52
2026-05-07T23:00:00+00:00,9.84,9.864,9.826,9.851,5819.167
2026-05-08T00:00:00+00:00,9.851,9.887,9.826,9.847,23945.971
2026-05-08T01:00:00+00:00,9.847,9.865,9.812,9.841,8583.575
2026-05-08T02:00:00+00:00,9.841,9.866,9.769,9.837,13366.017
2026-05-08T03:00:00+00:00,9.837,9.883,9.778,9.86,13521.676
2026-05-08T04:00:00+00:00,9.86,9.893,9.829,9.846,10124.042
2026-05-08T05:00:00+00:00,9.846,9.875,9.83,9.83,7526.426
2026-05-08T06:00:00+00:00,9.83,9.864,9.8,9.84,12544.637
2026-05-08T07:00:00+00:00,9.84,9.891,9.804,9.89,12323.552
2026-05-08T08:00:00+00:00,9.89,9.942,9.885,9.899,20621.117
2026-05-08T09:00:00+00:00,9.899,9.943,9.838,9.877,21331.731
2026-05-08T10:00:00+00:00,9.877,9.964,9.863,9.903,48492.923
2026-05-08T11:00:00+00:00,9.903,9.948,9.892,9.937,17742.755
2026-05-08T12:00:00+00:00,9.937,9.997,9.924,9.935,21147.313
2026-05-08T13:00:00+00:00,9.935,9.952,9.888,9.933,13882.413
2026-05-08T14:00:00+00:00,9.933,10.043,9.929,10.036,52247.705
2026-05-08T15:00:00+00:00,10.036,10.098,9.97,10.09,30989.633
2026-05-08T16:00:00+00:00,10.09,10.118,10.037,10.093,50783.752
2026-05-08T17:00:00+00:00,10.093,10.333,10.086,10.295,98737.542
2026-05-08T18:00:00+00:00,10.295,10.495,10.295,10.381,136028.498
2026-05-08T19:00:00+00:00,10.381,10.423,10.334,10.374,27372.785
2026-05-08T20:00:00+00:00,10.374,10.378,10.294,10.305,52614.181
2026-05-08T21:00:00+00:00,10.305,10.367,10.296,10.355,33875.797
2026-05-08T22:00:00+00:00,10.355,10.393,10.339,10.389,19246.839
2026-05-08T23:00:00+00:00,10.389,10.389,10.279,10.345,26822.878
2026-05-09T00:00:00+00:00,10.345,10.458,10.317,10.425,31283.83
2026-05-09T01:00:00+00:00,10.425,10.601,10.416,10.575,72360.307
2026-05-09T02:00:00+00:00,10.575,10.603,10.525,10.572,40173.548
2026-05-09T03:00:00+00:00,10.572,10.584,10.522,10.543,41842.648
2026-05-09T04:00:00+00:00,10.543,10.608,10.506,10.514,22893.363
2026-05-09T05:00:00+00:00,10.514,10.575,10.504,10.531,15135.258
2026-05-09T06:00:00+00:00,10.531,10.549,10.462,10.468,27840.324
2026-05-09T07:00:00+00:00,10.468,10.491,10.452,10.464,22160.298
2026-05-09T08:00:00+00:00,10.464,10.51,10.455,10.479,77549.583
2026-05-09T09:00:00+00:00,10.479,10.479,10.401,10.428,48509.388
2026-05-09T10:00:00+00:00,10.428,10.44,10.401,10.43,15392.859
2026-05-09T11:00:00+00:00,10.43,10.478,10.43,10.462,5117.272
2026-05-09T12:00:00+00:00,10.462,10.481,10.421,10.423,12596.479
2026-05-09T13:00:00+00:00,10.423,10.435,10.381,10.401,6551.641
2026-05-09T14:00:00+00:00,10.401,10.405,10.315,10.324,14704.604
2026-05-09T15:00:00+00:00,10.324,10.349,10.283,10.333,29116.774
2026-05-09T16:00:00+00:00,10.333,10.368,10.301,10.323,18044.338
2026-05-09T17:00:00+00:00,10.323,10.418,10.321,10.415,13250.969
2026-05-09T18:00:00+00:00,10.415,10.455,10.413,10.433,8671.743
2026-05-09T19:00:00+00:00,10.433,10.444,10.404,10.442,7753.433
2026-05-09T20:00:00+00:00,10.442,10.445,10.399,10.407,4452.633
2026-05-09T21:00:00+00:00,10.407,10.433,10.382,10.407,14031.041
2026-05-09T22:00:00+00:00,10.407,10.417,10.378,10.405,2800.663
2026-05-09T23:00:00+00:00,10.405,10.42,10.354,10.37,5834.705
2026-05-10T00:00:00+00:00,10.37,10.395,10.334,10.348,15397.652
2026-05-10T01:00:00+00:00,10.348,10.352,10.285,10.323,16459.909
2026-05-10T02:00:00+00:00,10.323,10.354,10.303,10.344,23947.7
2026-05-10T03:00:00+00:00,10.344,10.385,10.326,10.352,13698.744
2026-05-10T04:00:00+00:00,10.352,10.383,10.346,10.359,11700.431
2026-05-10T05:00:00+00:00,10.359,10.377,10.339,10.363,21822.899
2026-05-10T06:00:00+00:00,10.363,10.391,10.338,10.388,14563.352
2026-05-10T07:00:00+00:00,10.388,10.454,10.388,10.418,26392.499
2026-05-10T08:00:00+00:00,10.418,10.5,10.415,10.491,14799.106
2026-05-10T09:00:00+00:00,10.491,10.548,10.491,10.543,24902.341
2026-05-10T10:00:00+00:00,10.543,10.543,10.472,10.501,21458.862
2026-05-10T11:00:00+00:00,10.501,10.506,10.42,10.477,8032.794
2026-05-10T12:00:00+00:00,10.477,10.496,10.445,10.496,6913.394
2026-05-10T13:00:00+00:00,10.496,10.592,10.496,10.575,17904.972
2026-05-10T14:00:00+00:00,10.575,10.583,10.508,10.527,50064.811
2026-05-10T15:00:00+00:00,10.527,10.624,10.527,10.617,29779.831
2026-05-10T16:00:00+00:00,10.617,10.714,10.59,10.703,39058.248
2026-05-10T17:00:00+00:00,10.703,10.8,10.668,10.79,28894.152
2026-05-10T18:00:00+00:00,10.79,10.824,10.748,10.781,43390.314
2026-05-10T19:00:00+00:00,10.781,10.863,10.712,10.837,31823.283
2026-05-10T20:00:00+00:00,10.837,10.867,10.436,10.542,93110.892
2026-05-10T21:00:00+00:00,10.542,10.627,10.475,10.568,27494.909
2026-05-10T22:00:00+00:00,10.568,10.757,10.541,10.725,38775.35
2026-05-10T23:00:00+00:00,10.725,10.767,10.688,10.72,17347.991
2026-05-11T00:00:00+00:00,10.72,10.753,10.598,10.656,33857.523
2026-05-11T01:00:00+00:00,10.656,10.731,10.607,10.682,16086.073
2026-05-11T02:00:00+00:00,10.682,10.694,10.544,10.566,16490.437
2026-05-11T03:00:00+00:00,10.566,10.571,10.433,10.524,32898.606
2026-05-11T04:00:00+00:00,10.524,10.555,10.464,10.539,16825.658
2026-05-11T05:00:00+00:00,10.539,10.603,10.535,10.564,10733.145
2026-05-11T06:00:00+00:00,10.564,10.611,10.523,10.549,8933.654
2026-05-11T07:00:00+00:00,10.549,10.549,10.49,10.523,7468.342
2026-05-11T08:00:00+00:00,10.523,10.584,10.512,10.55,14228.379
2026-05-11T09:00:00+00:00,10.55,10.599,10.538,10.59,16400.656
2026-05-11T10:00:00+00:00,10.59,10.648,10.558,10.563,11277.526
2026-05-11T11:00:00+00:00,10.563,10.594,10.536,10.574,15475.517
2026-05-11T12:00:00+00:00,10.574,10.6,10.514,10.524,36681.682
2026-05-11T13:00:00+00:00,10.524,10.572,10.456,10.525,40149.677
2026-05-11T14:00:00+00:00,10.525,10.586,10.399,10.481,39029.689
2026-05-11T15:00:00+00:00,10.481,10.582,10.451,10.58,11279.324
2026-05-11T16:00:00+00:00,10.58,10.649,10.546,10.58,21769.242
2026-05-11T17:00:00+00:00,10.58,10.657,10.538,10.64,11496.649
2026-05-11T18:00:00+00:00,10.64,10.67,10.606,10.612,23463.54
2026-05-11T19:00:00+00:00,10.612,10.696,10.596,10.68,48411.364
2026-05-11T20:00:00+00:00,10.68,10.707,10.6,10.625,10766.193
2026-05-11T21:00:00+00:00,10.625,10.63,10.588,10.591,7560.808
2026-05-11T22:00:00+00:00,10.591,10.61,10.575,10.593,5970.821
2026-05-11T23:00:00+00:00,10.593,10.614,10.542,10.595,7706.927
2026-05-12T00:00:00+00:00,10.595,10.595,10.541,10.577,15308.747
2026-05-12T01:00:00+00:00,10.577,10.589,10.4,10.467,42014.385
2026-05-12T02:00:00+00:00,10.467,10.515,10.453,10.506,8969.068
2026-05-12T03:00:00+00:00,10.506,10.521,10.454,10.464,5801.544
2026-05-12T04:00:00+00:00,10.464,10.518,10.449,10.491,5349.593
2026-05-12T05:00:00+00:00,10.491,10.524,10.487,10.487,6531.05
2026-05-12T06:00:00+00:00,10.487,10.504,10.44,10.443,8213.546
2026-05-12T07:00:00+00:00,10.443,10.462,10.386,10.437,12683.22
2026-05-12T08:00:00+00:00,10.437,10.448,10.36,10.374,12131.33
2026-05-12T09:00:00+00:00,10.374,10.381,10.295,10.337,24637.611
2026-05-12T10:00:00+00:00,10.337,10.347,10.251,10.285,25239.389
2026-05-12T11:00:00+00:00,10.285,10.296,10.233,10.266,16345.536
2026-05-12T12:00:00+00:00,10.266,10.355,10.224,10.32,38123.416
2026-05-12T13:00:00+00:00,10.32,10.345,10.21,10.238,25477.709
2026-05-12T14:00:00+00:00,10.238,10.296,10.17,10.198,26631.389
2026-05-12T15:00:00+00:00,10.198,10.247,10.111,10.16,55392.371
2026-05-12T16:00:00+00:00,10.16,10.2,10.127,10.148,21415.698
2026-05-12T17:00:00+00:00,10.148,10.259,10.145,10.241,15520.831
2026-05-12T18:00:00+00:00,10.241,10.293,10.225,10.275,12650.121
2026-05-12T19:00:00+00:00,10.275,10.326,10.27,10.319,7313.234
2026-05-12T20:00:00+00:00,10.319,10.328,10.285,10.31,5461.243
2026-05-12T21:00:00+00:00,10.31,10.322,10.3,10.32,18953.404
2026-05-12T22:00:00+00:00,10.32,10.357,10.305,10.313,14671.913
2026-05-12T23:00:00+00:00,10.313,10.329,10.284,10.287,10972.267
2026-05-13T00:00:00+00:00,10.287,10.332,10.27,10.315,11592.943
2026-05-13T01:00:00+00:00,10.315,10.421,10.315,10.393,45454.608
2026-05-13T02:00:00+00:00,10.393,10.445,10.385,10.414,14945.255
2026-05-13T03:00:00+00:00,10.414,10.499,10.401,10.469,22240.847
2026-05-13T04:00:00+00:00,10.469,10.496,10.446,10.479,9916.886
2026-05-13T05:00:00+00:00,10.479,10.495,10.397,10.424,9577.519
2026-05-13T06:00:00+00:00,10.424,10.541,10.407,10.511,17323.197
2026-05-13T07:00:00+00:00,10.511,10.579,10.51,10.573,17373.314
2026-05-13T08:00:00+00:00,10.573,10.668,10.531,10.654,39926.205
2026-05-13T09:00:00+00:00,10.654,10.803,10.649,10.708,46580.404
2026-05-13T10:00:00+00:00,10.708,10.727,10.627,10.647,19314.536
2026-05-13T11:00:00+00:00,10.647,10.647,10.477,10.49,13682.181
2026-05-13T12:00:00+00:00,10.49,10.516,10.245,10.323,48369.104
2026-05-13T13:00:00+00:00,10.323,10.371,10.14,10.205,54350.629
2026-05-13T14:00:00+00:00,10.205,10.286,10.135,10.214,87359.098
2026-05-13T15:00:00+00:00,10.214,10.248,10.04,10.071,49121.379
2026-05-13T16:00:00+00:00,10.071,10.197,10.065,10.167,27724.387
2026-05-13T17:00:00+00:00,10.167,10.218,10.167,10.19,10259.389
2026-05-13T18:00:00+00:00,10.19,10.247,10.19,10.208,6869.045
2026-05-13T19:00:00+00:00,10.208,10.216,10.152,10.168,13664.675
2026-05-13T20:00:00+00:00,10.168,10.233,10.164,10.223,9145.072
2026-05-13T21:00:00+00:00,10.223,10.226,10.144,10.151,22790.076
2026-05-13T22:00:00+00:00,10.151,10.217,10.12,10.202,5791.136
2026-05-13T23:00:00+00:00,10.202,10.225,10.189,10.218,13144.391
2026-05-14T00:00:00+00:00,10.218,10.27,10.215,10.249,9770.69
2026-05-14T01:00:00+00:00,10.249,10.257,10.215,10.242,6430.295
2026-05-14T02:00:00+00:00,10.242,10.268,10.171,10.189,5489.654
2026-05-14T03:00:00+00:00,10.189,10.2,10.093,10.11,17453.589
2026-05-14T04:00:00+00:00,10.11,10.207,10.092,10.194,6727.856
2026-05-14T05:00:00+00:00,10.194,10.317,10.189,10.295,8793.305
2026-05-14T06:00:00+00:00,10.295,10.327,10.259,10.265,28853.92
2026-05-14T07:00:00+00:00,10.265,10.273,10.223,10.226,11333.124
2026-05-14T08:00:00+00:00,10.226,10.294,10.197,10.268,8241.432
2026-05-14T09:00:00+00:00,10.268,10.279,10.184,10.222,10760.666
2026-05-14T10:00:00+00:00,10.222,10.263,10.194,10.249,9029.051
2026-05-14T11:00:00+00:00,10.249,10.277,10.224,10.239,11079.924
2026-05-14T12:00:00+00:00,10.239,10.333,10.207,10.33,15272.687
2026-05-14T13:00:00+00:00,10.33,10.377,10.249,10.265,25766.818
2026-05-14T14:00:00+00:00,10.265,10.499,10.228,10.485,38337.083
2026-05-14T15:00:00+00:00,10.485,10.663,10.458,10.64,34478.434
2026-05-14T16:00:00+00:00,10.64,10.77,10.593,10.71,60263.037
2026-05-14T17:00:00+00:00,10.71,10.716,10.567,10.656,38308.597
2026-05-14T18:00:00+00:00,10.656,10.727,10.606,10.7,31281.635
2026-05-14T19:00:00+00:00,10.7,10.731,10.593,10.622,30192.968
2026-05-14T20:00:00+00:00,10.622,10.647,10.546,10.594,16843.837
2026-05-14T21:00:00+00:00,10.594,10.607,10.535,10.57,7097.088
2026-05-14T22:00:00+00:00,10.57,10.589,10.549,10.553,7271.683
2026-05-14T23:00:00+00:00,10.553,10.553,10.465,10.482,13256.014
2026-05-15T00:00:00+00:00,10.482,10.558,10.469,10.528,13330.658
2026-05-15T01:00:00+00:00,10.528,10.543,10.435,10.437,11791.41
2026-05-15T02:00:00+00:00,10.437,10.467,10.354,10.45,36763.896
2026-05-15T03:00:00+00:00,10.45,10.475,10.406,10.42,27378.765
2026-05-15T04:00:00+00:00,10.42,10.42,10.327,10.327,12204.784
2026-05-15T05:00:00+00:00,10.327,10.348,10.208,10.229,32808.101
2026-05-15T06:00:00+00:00,10.229,10.305,10.218,10.297,23197.698
2026-05-15T07:00:00+00:00,10.297,10.396,10.292,10.374,55760.675
2026-05-15T08:00:00+00:00,10.374,10.376,10.291,10.328,18310.54
2026-05-15T09:00:00+00:00,10.328,10.332,10.25,10.279,13630.117
2026-05-15T10:00:00+00:00,10.279,10.362,10.264,10.346,14875.939
2026-05-15T11:00:00+00:00,10.346,10.357,10.304,10.305,10860.156
2026-05-15T12:00:00+00:00,10.305,10.314,10.249,10.262,11631.511
2026-05-15T13:00:00+00:00,10.262,10.269,9.995,10.008,48141.478
2026-05-15T14:00:00+00:00,10.008,10.075,9.966,10.029,35255.125
2026-05-15T15:00:00+00:00,10.029,10.05,9.99,10.028,12275.547
2026-05-15T16:00:00+00:00,10.028,10.118,10.004,10.087,17014.829
2026-05-15T17:00:00+00:00,10.087,10.132,10.084,10.122,9325.039
2026-05-15T18:00:00+00:00,10.122,10.139,10.076,10.115,5644.902
2026-05-15T19:00:00+00:00,10.115,10.115,10.065,10.066,11166.464
2026-05-15T20:00:00+00:00,10.066,10.072,10.012,10.047,39741.641
2026-05-15T21:00:00+00:00,10.047,10.069,10.031,10.038,5503.145
2026-05-15T22:00:00+00:00,10.038,10.084,10.037,10.08,3753.667
2026-05-15T23:00:00+00:00,10.08,10.085,10.059,10.07,5427.275
2026-05-16T00:00:00+00:00,10.07,10.097,10.054,10.078,11026.161
2026-05-16T01:00:00+00:00,10.078,10.088,10.042,10.083,7818.775
2026-05-16T02:00:00+00:00,10.083,10.091,10.053,10.073,2481.018
2026-05-16T03:00:00+00:00,10.073,10.089,10.054,10.064,6022.509
2026-05-16T04:00:00+00:00,10.064,10.064,9.947,10.002,22650.636
2026-05-16T05:00:00+00:00,10.002,10.006,9.938,9.949,46232.231
2026-05-16T06:00:00+00:00,9.949,9.963,9.837,9.885,32701.734
2026-05-16T07:00:00+00:00,9.885,9.886,9.73,9.821,53002.192
2026-05-16T08:00:00+00:00,9.821,9.838,9.8,9.803,29463.65
2026-05-16T09:00:00+00:00,9.803,9.81,9.652,9.682,27889.662
2026-05-16T10:00:00+00:00,9.682,9.687,9.616,9.656,19258.446
2026-05-16T11:00:00+00:00,9.656,9.687,9.65,9.652,24378.615
2026-05-16T12:00:00+00:00,9.652,9.673,9.637,9.655,13469.998
2026-05-16T13:00:00+00:00,9.655,9.656,9.622,9.639,15516.22
2026-05-16T14:00:00+00:00,9.639,9.71,9.63,9.667,23409.184
2026-05-16T15:00:00+00:00,9.667,9.716,9.656,9.709,11710.649
2026-05-16T16:00:00+00:00,9.709,9.754,9.7,9.745,12188.767
2026-05-16T17:00:00+00:00,9.745,9.778,9.745,9.767,5596.276
2026-05-16T18:00:00+00:00,9.767,9.774,9.734,9.75,5556.369
2026-05-16T19:00:00+00:00,9.75,9.762,9.743,9.746,3690.741
2026-05-16T20:00:00+00:00,9.746,9.778,9.738,9.742,4940.222
2026-05-16T21:00:00+00:00,9.742,9.762,9.738,9.758,5183.115
2026-05-16T22:00:00+00:00,9.758,9.762,9.718,9.718,5865.799
2026-05-16T23:00:00+00:00,9.718,9.735,9.708,9.718,1590.335
2026-05-17T00:00:00+00:00,9.718,9.735,9.658,9.678,6341.511
2026-05-17T01:00:00+00:00,9.678,9.708,9.631,9.632,10933.128
2026-05-17T02:00:00+00:00,9.632,9.67,9.632,9.647,5629.252
2026-05-17T03:00:00+00:00,9.647,9.731,9.646,9.725,6397.691
2026-05-17T04:00:00+00:00,9.725,9.786,9.72,9.77,7996.668
2026-05-17T05:00:00+00:00,9.77,9.827,9.767,9.771,10380.176
2026-05-17T06:00:00+00:00,9.771,9.786,9.747,9.773,7658.562
2026-05-17T07:00:00+00:00,9.773,9.806,9.758,9.778,4658.4
2026-05-17T08:00:00+00:00,9.778,9.783,9.753,9.76,5905.396
2026-05-17T09:00:00+00:00,9.76,9.799,9.748,9.792,8235.766
2026-05-17T10:00:00+00:00,9.792,9.853,9.792,9.814,10732.368
2026-05-17T11:00:00+00:00,9.814,9.814,9.771,9.795,3034.922
2026-05-17T12:00:00+00:00,9.795,9.842,9.755,9.765,30675.736
2026-05-17T13:00:00+00:00,9.765,9.827,9.732,9.808,59472.135
2026-05-17T14:00:00+00:00,9.808,9.81,9.658,9.725,38922.606
2026-05-17T15:00:00+00:00,9.725,9.738,9.688,9.715,12423.909
2026-05-17T16:00:00+00:00,9.715,9.738,9.689,9.694,9455.8
2026-05-17T17:00:00+00:00,9.694,9.703,9.653,9.691,8565.168
2026-05-17T18:00:00+00:00,9.691,9.724,9.664,9.724,9037.878
2026-05-17T19:00:00+00:00,9.724,9.767,9.721,9.756,3583.981
2026-05-17T20:00:00+00:00,9.756,9.76,9.717,9.738,8292.391
2026-05-17T21:00:00+00:00,9.738,9.777,9.727,9.759,6081.136
2026-05-17T22:00:00+00:00,9.759,9.762,9.664,9.691,11162.854
2026-05-17T23:00:00+00:00,9.691,9.694,9.334,9.566,126249.245
2026-05-18T00:00:00+00:00,9.566,9.568,9.458,9.516,20163.671
2026-05-18T01:00:00+00:00,9.516,9.54,9.455,9.529,14350.837
2026-05-18T02:00:00+00:00,9.529,9.582,9.51,9.543,26672.905
2026-05-18T03:00:00+00:00,9.543,9.579,9.501,9.512,15622.874
2026-05-18T04:00:00+00:00,9.512,9.573,9.494,9.569,12246.083
2026-05-18T05:00:00+00:00,9.569,9.573,9.506,9.508,14744.972
2026-05-18T06:00:00+00:00,9.508,9.532,9.432,9.477,39309.474
2026-05-18T07:00:00+00:00,9.477,9.497,9.424,9.476,15112.111
2026-05-18T08:00:00+00:00,9.476,9.496,9.446,9.479,14909.393
2026-05-18T09:00:00+00:00,9.479,9.48,9.44,9.44,11107.033
2026-05-18T10:00:00+00:00,9.44,9.442,9.407,9.409,13558.869
2026-05-18T11:00:00+00:00,9.409,9.566,9.402,9.512,14804.905
2026-05-18T12:00:00+00:00,9.512,9.607,9.512,9.579,16855.753
2026-05-18T13:00:00+00:00,9.579,9.58,9.445,9.486,22548.783
2026-05-18T14:00:00+00:00,9.486,9.486,9.381,9.407,41593.27
2026-05-18T15:00:00+00:00,9.407,9.443,9.346,9.419,31246.953
2026-05-18T16:00:00+00:00,9.419,9.459,9.381,9.419,28372.145
2026-05-18T17:00:00+00:00,9.419,9.459,9.404,9.439,18768.914
2026-05-18T18:00:00+00:00,9.439,9.443,9.313,9.329,29340.604
2026-05-18T19:00:00+00:00,9.329,9.532,9.324,9.509,43227.196
2026-05-18T20:00:00+00:00,9.509,9.544,9.475,9.488,12943.796
2026-05-18T21:00:00+00:00,9.488,9.586,9.472,9.573,28662.951
2026-05-18T22:00:00+00:00,9.573,9.614,9.552,9.594,16788.271
2026-05-18T23:00:00+00:00,9.594,9.618,9.58,9.606,12298.834
2026-05-19T00:00:00+00:00,9.606,9.684,9.604,9.66,35718.118
2026-05-19T01:00:00+00:00,9.66,9.66,9.603,9.622,24911.684
2026-05-19T02:00:00+00:00,9.622,9.686,9.584,9.645,10826.556
2026-05-19T03:00:00+00:00,9.645,9.73,9.634,9.703,14037.815
2026-05-19T04:00:00+00:00,9.703,9.737,9.67,9.732,14981.03
2026-05-19T05:00:00+00:00,9.732,9.775,9.663,9.75,20592.38
2026-05-19T06:00:00+00:00,9.75,9.785,9.741,9.777,19107.12
2026-05-19T07:00:00+00:00,9.777,9.826,9.746,9.797,22747.482
2026-05-19T08:00:00+00:00,9.797,9.799,9.715,9.737,13904.99
2026-05-19T09:00:00+00:00,9.737,9.749,9.58,9.614,17319.058
2026-05-19T10:00:00+00:00,9.614,9.627,9.5492,9.599,13756.981
2026-05-19T11:00:00+00:00,9.599,9.616,9.535,9.544,10161.785
2026-05-19T12:00:00+00:00,9.544,9.572,9.52,9.562,13064.33
2026-05-19T13:00:00+00:00,9.562,9.618,9.515,9.571,33011.646
2026-05-19T14:00:00+00:00,9.571,9.59,9.434,9.485,34817.275
2026-05-19T15:00:00+00:00,9.485,9.522,9.445,9.487,26114.986
2026-05-19T16:00:00+00:00,9.487,9.558,9.473,9.556,11190.331
2026-05-19T17:00:00+00:00,9.556,9.564,9.489,9.516,13225.669
2026-05-19T18:00:00+00:00,9.516,9.527,9.468,9.484,13656.786
2026-05-19T19:00:00+00:00,9.484,9.531,9.455,9.47,14653.354
2026-05-19T20:00:00+00:00,9.47,9.491,9.467,9.485,7099.623
2026-05-19T21:00:00+00:00,9.485,9.498,9.466,9.466,9585.777
2026-05-19T22:00:00+00:00,9.466,9.47,9.438,9.448,5953.266
2026-05-19T23:00:00+00:00,9.448,9.486,9.435,9.448,4559.154
2026-05-20T00:00:00+00:00,9.448,9.475,9.378,9.47,26509.59
2026-05-20T01:00:00+00:00,9.47,9.512,9.411,9.459,16020.248
2026-05-20T02:00:00+00:00,9.459,9.489,9.448,9.463,3572.899
2026-05-20T03:00:00+00:00,9.463,9.503,9.441,9.49,4126.473
2026-05-20T04:00:00+00:00,9.49,9.507,9.465,9.506,7055.312
2026-05-20T05:00:00+00:00,9.506,9.607,9.504,9.583,68616.617
2026-05-20T06:00:00+00:00,9.583,9.631,9.574,9.627,16510.661
2026-05-20T07:00:00+00:00,9.627,9.629,9.574,9.58,11355.724
2026-05-20T08:00:00+00:00,9.58,9.64,9.576,9.611,11763.02
2026-05-20T09:00:00+00:00,9.611,9.624,9.581,9.583,8772.016
2026-05-20T10:00:00+00:00,9.583,9.632,9.583,9.603,8365.746
2026-05-20T11:00:00+00:00,9.603,9.608,9.532,9.548,5530.447
2026-05-20T12:00:00+00:00,9.548,9.626,9.539,9.604,6411.846
2026-05-20T13:00:00+00:00,9.604,9.608,9.485,9.533,15735.872
2026-05-20T14:00:00+00:00,9.533,9.649,9.494,9.627,18561.833
2026-05-20T15:00:00+00:00,9.627,9.66,9.57,9.629,29468.436
2026-05-20T16:00:00+00:00,9.629,9.655,9.564,9.621,20259.971
2026-05-20T17:00:00+00:00,9.621,9.688,9.606,9.651,25910.473
2026-05-20T18:00:00+00:00,9.651,9.651,9.594,9.612,7445.827
2026-05-20T19:00:00+00:00,9.612,9.673,9.592,9.657,10921.906
2026-05-20T20:00:00+00:00,9.657,9.669,9.596,9.648,9891.085
2026-05-20T21:00:00+00:00,9.648,9.66,9.619,9.622,7514.285
2026-05-20T22:00:00+00:00,9.622,9.629,9.567,9.626,4333.184
2026-05-20T23:00:00+00:00,9.626,9.638,9.593,9.632,2980.024
2026-05-21T00:00:00+00:00,9.632,9.715,9.629,9.697,21197.401
2026-05-21T01:00:00+00:00,9.697,9.741,9.688,9.715,12781.112
2026-05-21T02:00:00+00:00,9.715,9.752,9.703,9.718,8370.455
2026-05-21T03:00:00+00:00,9.718,9.769,9.712,9.762,5931.88
2026-05-21T04:00:00+00:00,9.762,9.775,9.727,9.752,12961.367
2026-05-21T05:00:00+00:00,9.752,9.759,9.668,9.687,11265.056
2026-05-21T06:00:00+00:00,9.687,9.702,9.63,9.643,9429.681
2026-05-21T07:00:00+00:00,9.643,9.703,9.625,9.695,8554.162
2026-05-21T08:00:00+00:00,9.695,9.762,9.681,9.682,10301.16
2026-05-21T09:00:00+00:00,9.682,9.698,9.602,9.617,20850.787
2026-05-21T10:00:00+00:00,9.617,9.636,9.52,9.561,12059.077
2026-05-21T11:00:00+00:00,9.561,9.588,9.54,9.552,7157.893
2026-05-21T12:00:00+00:00,9.552,9.594,9.525,9.58,11595.281
2026-05-21T13:00:00+00:00,9.58,9.633,9.527,9.613,11623.146
2026-05-21T14:00:00+00:00,9.613,9.642,9.564,9.593,7853.638
2026-05-21T15:00:00+00:00,9.593,9.687,9.575,9.648,10339.612
2026-05-21T16:00:00+00:00,9.648,9.672,9.611,9.645,7426.425
2026-05-21T17:00:00+00:00,9.645,9.857,9.645,9.811,42119.855
2026-05-21T18:00:00+00:00,9.811,9.826,9.696,9.743,19350.443
2026-05-21T19:00:00+00:00,9.743,9.808,9.741,9.802,11467.935
2026-05-21T20:00:00+00:00,9.802,9.815,9.767,9.77,20202.188
2026-05-21T21:00:00+00:00,9.77,9.819,9.77,9.775,40477.943
2026-05-21T22:00:00+00:00,9.775,9.789,9.732,9.733,10890.359
2026-05-21T23:00:00+00:00,9.733,9.769,9.702,9.753,22225.35
2026-05-22T00:00:00+00:00,9.753,9.762,9.718,9.721,14348.604
2026-05-22T01:00:00+00:00,9.721,9.782,9.713,9.782,8139.193
2026-05-22T02:00:00+00:00,9.782,9.817,9.782,9.804,19106.284
2026-05-22T03:00:00+00:00,9.804,9.844,9.795,9.828,10064.824
2026-05-22T04:00:00+00:00,9.828,9.864,9.792,9.816,10889.018
2026-05-22T05:00:00+00:00,9.816,9.864,9.804,9.821,17196.395
2026-05-22T06:00:00+00:00,9.821,9.842,9.775,9.782,13827.633
2026-05-22T07:00:00+00:00,9.782,9.853,9.753,9.823,16073.536
2026-05-22T08:00:00+00:00,9.823,9.845,9.765,9.798,34063.671
2026-05-22T09:00:00+00:00,9.798,9.849,9.782,9.834,45156.234
2026-05-22T10:00:00+00:00,9.834,9.845,9.798,9.819,13485.361
2026-05-22T11:00:00+00:00,9.819,9.9,9.802,9.894,26414.627
2026-05-22T12:00:00+00:00,9.894,10.001,9.883,10.001,71210.694
2026-05-22T13:00:00+00:00,10.001,10.034,9.915,9.964,85929.094
2026-05-22T14:00:00+00:00,9.964,9.966,9.772,9.784,56367.999
2026-05-22T15:00:00+00:00,9.784,9.839,9.741,9.812,20244.15
2026-05-22T16:00:00+00:00,9.812,9.836,9.756,9.81,82299.646
2026-05-22T17:00:00+00:00,9.81,9.857,9.771,9.783,36325.386
2026-05-22T18:00:00+00:00,9.783,9.784,9.514,9.613,148529.105
2026-05-22T19:00:00+00:00,9.613,9.623,9.374,9.466,103354.105
2026-05-22T20:00:00+00:00,9.466,9.546,9.464,9.539,36726.448
2026-05-22T21:00:00+00:00,9.539,9.575,9.528,9.546,9186.201
2026-05-22T22:00:00+00:00,9.546,9.549,9.48,9.517,9925.491
2026-05-22T23:00:00+00:00,9.517,9.547,9.359,9.417,45710.331
2026-05-23T00:00:00+00:00,9.417,9.439,9.346,9.401,26069.755
2026-05-23T01:00:00+00:00,9.401,9.428,9.378,9.415,6010.12
2026-05-23T02:00:00+00:00,9.415,9.425,9.387,9.408,5759.202
2026-05-23T03:00:00+00:00,9.408,9.417,9.405,9.409,6019.782
2026-05-23T04:00:00+00:00,9.409,9.412,9.37,9.374,8488.406
2026-05-23T05:00:00+00:00,9.374,9.376,9.328,9.347,14221.714
2026-05-23T06:00:00+00:00,9.347,9.35,9.314,9.325,14172.107
2026-05-23T07:00:00+00:00,9.325,9.335,9.058,9.127,133764.137
2026-05-23T08:00:00+00:00,9.127,9.167,9.099,9.167,45665.06
2026-05-23T09:00:00+00:00,9.167,9.191,9.166,9.182,21664.858
2026-05-23T10:00:00+00:00,9.182,9.219,9.181,9.197,13069.034
2026-05-23T11:00:00+00:00,9.197,9.216,9.184,9.185,12633.925
2026-05-23T12:00:00+00:00,9.185,9.197,9.159,9.191,16375.08
2026-05-23T13:00:00+00:00,9.191,9.276,9.191,9.263,42238.974
2026-05-23T14:00:00+00:00,9.263,9.325,9.245,9.317,42972.003
2026-05-23T15:00:00+00:00,9.317,9.367,9.293,9.319,18166.271
2026-05-23T16:00:00+00:00,9.319,9.343,9.286,9.318,22057.19
2026-05-23T17:00:00+00:00,9.318,9.331,9.292,9.314,13868.614
2026-05-23T18:00:00+00:00,9.314,9.429,9.311,9.382,20075.749
2026-05-23T19:00:00+00:00,9.382,9.409,9.357,9.404,13267.506
2026-05-23T20:00:00+00:00,9.404,9.758,9.388,9.758,87981.063
2026-05-23T21:00:00+00:00,9.758,9.782,9.59,9.618,58930.08
2026-05-23T22:00:00+00:00,9.618,9.664,9.52,9.565,38007.51
2026-05-23T23:00:00+00:00,9.565,9.587,9.549,9.561,18889.91
2026-05-24T00:00:00+00:00,9.561,9.604,9.545,9.58,9745.374
2026-05-24T01:00:00+00:00,9.58,9.619,9.576,9.597,23778.727
2026-05-24T02:00:00+00:00,9.597,9.597,9.545,9.564,7196.448
2026-05-24T03:00:00+00:00,9.564,9.588,9.527,9.543,6049.846
2026-05-24T04:00:00+00:00,9.543,9.564,9.529,9.53,13755.82
2026-05-24T05:00:00+00:00,9.53,9.575,9.493,9.574,42383.508
2026-05-24T06:00:00+00:00,9.574,9.606,9.513,9.602,30065.732
2026-05-24T07:00:00+00:00,9.602,9.633,9.547,9.559,21529.225
2026-05-24T08:00:00+00:00,9.559,9.588,9.54,9.588,9408.687
2026-05-24T09:00:00+00:00,9.588,9.631,9.58,9.617,13756.751
2026-05-24T10:00:00+00:00,9.617,9.649,9.579,9.594,25776.978
2026-05-24T11:00:00+00:00,9.594,9.624,9.575,9.595,10968.685
2026-05-24T12:00:00+00:00,9.595,9.599,9.525,9.546,11499.865
2026-05-24T13:00:00+00:00,9.546,9.558,9.467,9.492,13952.215
2026-05-24T14:00:00+00:00,9.492,9.499,9.343,9.437,32921.614
2026-05-24T15:00:00+00:00,9.437,9.447,9.419,9.432,5893.212
2026-05-24T16:00:00+00:00,9.432,9.479,9.423,9.46,11386.656
2026-05-24T17:00:00+00:00,9.46,9.485,9.454,9.465,5749.073
2026-05-24T18:00:00+00:00,9.465,9.469,9.426,9.437,3295.517
2026-05-24T19:00:00+00:00,9.437,9.451,9.411,9.429,4795.418
2026-05-24T20:00:00+00:00,9.429,9.439,9.388,9.396,6970.996
2026-05-24T21:00:00+00:00,9.396,9.41,9.252,9.287,22559.469
2026-05-24T22:00:00+00:00,9.287,9.428,9.284,9.383,19685.469
2026-05-24T23:00:00+00:00,9.383,9.461,9.383,9.431,7546.508
2026-05-25T00:00:00+00:00,9.431,9.492,9.431,9.474,8023.927
2026-05-25T01:00:00+00:00,9.474,9.482,9.381,9.385,16515.897
2026-05-25T02:00:00+00:00,9.385,9.476,9.385,9.404,8841.487
2026-05-25T03:00:00+00:00,9.404,9.416,9.367,9.391,7603.256
2026-05-25T04:00:00+00:00,9.391,9.488,9.385,9.477,9570.312
2026-05-25T05:00:00+00:00,9.477,9.525,9.474,9.512,19535.453
2026-05-25T06:00:00+00:00,9.512,9.541,9.481,9.512,11768.916
2026-05-25T07:00:00+00:00,9.512,9.546,9.483,9.52,16891.5
2026-05-25T08:00:00+00:00,9.52,9.53,9.495,9.528,9906.383
2026-05-25T09:00:00+00:00,9.528,9.549,9.516,9.534,11088.457
2026-05-25T10:00:00+00:00,9.534,9.591,9.53,9.586,24789.813
2026-05-25T11:00:00+00:00,9.586,9.612,9.528,9.532,39324.575
2026-05-25T12:00:00+00:00,9.532,9.575,9.518,9.551,17117.644
2026-05-25T13:00:00+00:00,9.551,9.574,9.539,9.574,13337.836
2026-05-25T14:00:00+00:00,9.574,9.642,9.574,9.614,19045.809
2026-05-25T15:00:00+00:00,9.614,9.662,9.584,9.602,19316.224
2026-05-25T16:00:00+00:00,9.602,9.672,9.576,9.649,11826.342
2026-05-25T17:00:00+00:00,9.649,9.659,9.594,9.604,13547.717
2026-05-25T18:00:00+00:00,9.604,9.628,9.572,9.573,8125.781
2026-05-25T19:00:00+00:00,9.573,9.573,9.528,9.554,15725.572
2026-05-25T20:00:00+00:00,9.554,9.578,9.497,9.506,24961.076
2026-05-25T21:00:00+00:00,9.506,9.533,9.501,9.519,7923.919
2026-05-25T22:00:00+00:00,9.519,9.522,9.454,9.455,19406.935
2026-05-25T23:00:00+00:00,9.455,9.509,9.45,9.506,5074.755
2026-05-26T00:00:00+00:00,9.506,9.506,9.395,9.441,16109.836
2026-05-26T01:00:00+00:00,9.441,9.442,9.376,9.409,10098.112
2026-05-26T02:00:00+00:00,9.409,9.414,9.371,9.386,13395.861
2026-05-26T03:00:00+00:00,9.386,9.414,9.362,9.414,5668.404
2026-05-26T04:00:00+00:00,9.414,9.476,9.407,9.459,9951.543
2026-05-26T05:00:00+00:00,9.459,9.564,9.445,9.529,19976.677
2026-05-26T06:00:00+00:00,9.529,9.555,9.496,9.534,29170.138
2026-05-26T07:00:00+00:00,9.534,9.547,9.452,9.484,19341.729
2026-05-26T08:00:00+00:00,9.484,9.55,9.483,9.538,45984.368
2026-05-26T09:00:00+00:00,9.538,9.548,9.468,9.486,43927.632
2026-05-26T10:00:00+00:00,9.486,9.642,9.461,9.601,73074.656
2026-05-26T11:00:00+00:00,9.601,9.616,9.573,9.573,20671.485
2026-05-26T12:00:00+00:00,9.573,9.606,9.522,9.596,15671.366
2026-05-26T13:00:00+00:00,9.596,9.633,9.518,9.607,10243.503
2026-05-26T14:00:00+00:00,9.607,9.685,9.504,9.539,111976.353
2026-05-26T15:00:00+00:00,9.539,9.55,9.403,9.474,56990.829
2026-05-26T16:00:00+00:00,9.474,9.48,9.406,9.451,21324.882
2026-05-26T17:00:00+00:00,9.451,9.467,9.377,9.39,69259.343
2026-05-26T18:00:00+00:00,9.39,9.451,9.365,9.38,13078.721
2026-05-26T19:00:00+00:00,9.38,9.42,9.34,9.4,12617.619
2026-05-26T20:00:00+00:00,9.4,9.428,9.398,9.427,4995.197
2026-05-26T21:00:00+00:00,9.427,9.427,9.352,9.375,9109.11
2026-05-26T22:00:00+00:00,9.375,9.398,9.348,9.362,5095.093
2026-05-26T23:00:00+00:00,9.362,9.403,9.362,9.383,6528.028
2026-05-27T00:00:00+00:00,9.383,9.458,9.383,9.453,10516.347
2026-05-27T01:00:00+00:00,9.453,9.457,9.415,9.421,8132.778
2026-05-27T02:00:00+00:00,9.421,9.44,9.387,9.44,12586.966
2026-05-27T03:00:00+00:00,9.44,9.471,9.388,9.398,8641.086
2026-05-27T04:00:00+00:00,9.398,9.404,9.282,9.404,23383.212
2026-05-27T05:00:00+00:00,9.404,9.444,9.395,9.426,15101.994
2026-05-27T06:00:00+00:00,9.426,9.452,9.406,9.435,9399.849
2026-05-27T07:00:00+00:00,9.435,9.446,9.406,9.439,10449.043
2026-05-27T08:00:00+00:00,9.439,9.449,9.383,9.392,17192.841
2026-05-27T09:00:00+00:00,9.392,9.395,9.342,9.354,14707.569
2026-05-27T10:00:00+00:00,9.354,9.38,9.333,9.339,7689.662
2026-05-27T11:00:00+00:00,9.339,9.391,9.335,9.357,8994.476
2026-05-27T12:00:00+00:00,9.357,9.48,9.333,9.405,21626.337
2026-05-27T13:00:00+00:00,9.405,9.412,9.271,9.328,25750.259
2026-05-27T14:00:00+00:00,9.328,9.377,9.287,9.366,37359.459
2026-05-27T15:00:00+00:00,9.366,9.488,9.365,9.434,44449.43
2026-05-27T16:00:00+00:00,9.434,9.457,9.324,9.362,35504.773
2026-05-27T17:00:00+00:00,9.362,9.362,9.232,9.258,31956.213
2026-05-27T18:00:00+00:00,9.258,9.306,9.222,9.305,11256.796
2026-05-27T19:00:00+00:00,9.305,9.343,9.297,9.323,14065.253
2026-05-27T20:00:00+00:00,9.323,9.354,9.302,9.336,10744.198
2026-05-27T21:00:00+00:00,9.336,9.345,9.134,9.171,67687.108
2026-05-27T22:00:00+00:00,9.171,9.212,9.132,9.144,49587.208
2026-05-27T23:00:00+00:00,9.144,9.169,9.11,9.138,46663.676
2026-05-28T00:00:00+00:00,9.138,9.154,9.112,9.147,22138.999
2026-05-28T01:00:00+00:00,9.147,9.15,9.065,9.105,19029.067
2026-05-28T02:00:00+00:00,9.105,9.123,9.085,9.106,11234.171
2026-05-28T03:00:00+00:00,9.106,9.123,8.883,8.889,115489.424
2026-05-28T04:00:00+00:00,8.889,8.907,8.761,8.904,60306.726
2026-05-28T05:00:00+00:00,8.904,8.91,8.793,8.83,51422.282
2026-05-28T06:00:00+00:00,8.83,8.867,8.795,8.851,32023.83
2026-05-28T07:00:00+00:00,8.851,8.916,8.846,8.903,34414.38
2026-05-28T08:00:00+00:00,8.903,8.905,8.844,8.865,30283.368
2026-05-28T09:00:00+00:00,8.865,8.928,8.857,8.921,13903.358
2026-05-28T10:00:00+00:00,8.921,8.934,8.864,8.876,25310.664
2026-05-28T11:00:00+00:00,8.876,8.883,8.853,8.865,21030.214
2026-05-28T12:00:00+00:00,8.865,8.888,8.814,8.888,23203.153
2026-05-28T13:00:00+00:00,8.888,8.909,8.837,8.867,29366.708
2026-05-28T14:00:00+00:00,8.867,8.966,8.793,8.918,71267.642
2026-05-28T15:00:00+00:00,8.918,8.934,8.826,8.9,22513.954
2026-05-28T16:00:00+00:00,8.9,9.019,8.863,8.999,37690.859
2026-05-28T17:00:00+00:00,8.999,9.055,8.977,9.028,73367.334
2026-05-28T18:00:00+00:00,9.028,9.091,9.023,9.073,28273.848
2026-05-28T19:00:00+00:00,9.073,9.073,8.988,8.994,45147.511
2026-05-28T20:00:00+00:00,8.994,9.038,8.965,9.004,25221.41
2026-05-28T21:00:00+00:00,9.004,9.069,9.002,9.045,6379.912
2026-05-28T22:00:00+00:00,9.045,9.061,8.976,8.988,7276.016
2026-05-28T23:00:00+00:00,8.988,9.022,8.984,9.006,6603.043
2026-05-29T00:00:00+00:00,9.006,9.051,9.004,9.031,21044.75
2026-05-29T01:00:00+00:00,9.031,9.05,9.006,9.025,3711.743
2026-05-29T02:00:00+00:00,9.025,9.04,8.947,8.952,8420.682
2026-05-29T03:00:00+00:00,8.952,9.004,8.942,8.944,8650.698
2026-05-29T04:00:00+00:00,8.944,8.981,8.911,8.981,7503.015
2026-05-29T05:00:00+00:00,8.981,9.012,8.945,8.992,17286.677
2026-05-29T06:00:00+00:00,8.992,9.043,8.989,9.03,7056.904
2026-05-29T07:00:00+00:00,9.03,9.043,8.966,9.003,20245.751
2026-05-29T08:00:00+00:00,9.003,9.042,9.001,9.01,10219.052
2026-05-29T09:00:00+00:00,9.01,9.054,9.008,9.03,12376.495
2026-05-29T10:00:00+00:00,9.03,9.03,8.987,8.991,2954.475
2026-05-29T11:00:00+00:00,8.991,9.006,8.92,8.942,7575.031
2026-05-29T12:00:00+00:00,8.942,8.945,8.875,8.892,11451.838
2026-05-29T13:00:00+00:00,8.892,8.927,8.856,8.899,10365.978
2026-05-29T14:00:00+00:00,8.899,8.92,8.795,8.89,36187.155
2026-05-29T15:00:00+00:00,8.89,9.138,8.88,9.07,70122.054
2026-05-29T16:00:00+00:00,9.07,9.112,9.016,9.105,26027.06
2026-05-29T17:00:00+00:00,9.105,9.136,9.042,9.054,63606.71
2026-05-29T18:00:00+00:00,9.054,9.079,8.947,8.979,24256.106
2026-05-29T19:00:00+00:00,8.979,9.023,8.925,9.003,15376.226
2026-05-29T20:00:00+00:00,9.003,9.032,8.996,9.008,7783.209
2026-05-29T21:00:00+00:00,9.008,9.047,8.962,8.962,10428.186
2026-05-29T22:00:00+00:00,8.962,9.007,8.952,8.993,7528.208
2026-05-29T23:00:00+00:00,8.993,9.033,8.983,9.023,19398.061
2026-05-30T00:00:00+00:00,9.023,9.112,9.02,9.104,65949.026
2026-05-30T01:00:00+00:00,9.104,9.198,9.095,9.188,62060.977
2026-05-30T02:00:00+00:00,9.188,9.272,9.188,9.267,17676.539
2026-05-30T03:00:00+00:00,9.267,9.312,9.225,9.242,50142.48
2026-05-30T04:00:00+00:00,9.242,9.277,9.088,9.147,128125.689
2026-05-30T05:00:00+00:00,9.147,9.2,9.109,9.171,34673.577
2026-05-30T06:00:00+00:00,9.171,9.207,9.152,9.174,23258.184
2026-05-30T07:00:00+00:00,9.174,9.174,9.137,9.161,6795.296
2026-05-30T08:00:00+00:00,9.161,9.162,9.121,9.127,7141.262
2026-05-30T09:00:00+00:00,9.127,9.173,9.118,9.161,5873.324
2026-05-30T10:00:00+00:00,9.161,9.18,9.138,9.141,30026.238
2026-05-30T11:00:00+00:00,9.141,9.166,9.115,9.14,18344.527
2026-05-30T12:00:00+00:00,9.14,9.163,9.13,9.162,20784.876
2026-05-30T13:00:00+00:00,9.162,9.194,9.142,9.187,44525.932
2026-05-30T14:00:00+00:00,9.187,9.223,9.169,9.221,51361.304
2026-05-30T15:00:00+00:00,9.221,9.24,9.186,9.203,17941.745
2026-05-30T16:00:00+00:00,9.203,9.242,9.195,9.24,18209.741
2026-05-30T17:00:00+00:00,9.24,9.254,9.192,9.251,10896.764
2026-05-30T18:00:00+00:00,9.251,9.263,9.213,9.257,16009.667
2026-05-30T19:00:00+00:00,9.257,9.266,9.223,9.26,12067.843
2026-05-30T20:00:00+00:00,9.26,9.267,9.244,9.257,5824.556
2026-05-30T21:00:00+00:00,9.257,9.286,9.257,9.263,10109.969
2026-05-30T22:00:00+00:00,9.263,9.265,9.169,9.191,8087.987
2026-05-30T23:00:00+00:00,9.191,9.213,9.162,9.19,6338.908
2026-05-31T00:00:00+00:00,9.19,9.229,9.183,9.225,11939.528
2026-05-31T01:00:00+00:00,9.225,9.275,9.221,9.24,32576.393
2026-05-31T02:00:00+00:00,9.24,9.3,9.226,9.274,6181.272
2026-05-31T03:00:00+00:00,9.274,9.283,9.252,9.262,4757.949
2026-05-31T04:00:00+00:00,9.262,9.264,9.234,9.256,6530.645
2026-05-31T05:00:00+00:00,9.256,9.265,9.225,9.232,15734.558
2026-05-31T06:00:00+00:00,9.232,9.241,9.208,9.23,24661.555
2026-05-31T07:00:00+00:00,9.23,9.23,9.173,9.203,14052.126
2026-05-31T08:00:00+00:00,9.203,9.266,9.202,9.251,23870.958
2026-05-31T09:00:00+00:00,9.251,9.277,9.194,9.206,30860.764
2026-05-31T10:00:00+00:00,9.206,9.216,9.162,9.201,49315.282
2026-05-31T11:00:00+00:00,9.201,9.235,9.187,9.229,15253.009
2026-05-31T12:00:00+00:00,9.229,9.238,9.195,9.216,18096.397
2026-05-31T13:00:00+00:00,9.216,9.266,9.205,9.211,20730.693
2026-05-31T14:00:00+00:00,9.211,9.217,9.073,9.097,70365.82
2026-05-31T15:00:00+00:00,9.097,9.148,9.092,9.096,10478.322
2026-05-31T16:00:00+00:00,9.096,9.111,9.02,9.032,18325.518
2026-05-31T17:00:00+00:00,9.032,9.068,9.014,9.062,14724.435
2026-05-31T18:00:00+00:00,9.062,9.063,9.035,9.055,6667.919
2026-05-31T19:00:00+00:00,9.055,9.062,8.991,9.04,32577.929
2026-05-31T20:00:00+00:00,9.04,9.106,9.04,9.097,8488.288
2026-05-31T21:00:00+00:00,9.097,9.142,9.083,9.14,9998.517
2026-05-31T22:00:00+00:00,9.14,9.167,9.107,9.155,6963.988
2026-05-31T23:00:00+00:00,9.155,9.221,9.093,9.147,14888.463
2026-06-01T00:00:00+00:00,9.147,9.201,9.139,9.181,11863.519
2026-06-01T01:00:00+00:00,9.181,9.185,9.042,9.043,11540.233
2026-06-01T02:00:00+00:00,9.043,9.181,9.03,9.167,14762.617
2026-06-01T03:00:00+00:00,9.167,9.212,9.162,9.181,13328.365
2026-06-01T04:00:00+00:00,9.181,9.197,9.07,9.12,12395.968
2026-06-01T05:00:00+00:00,9.12,9.123,9.041,9.055,14481.45
2026-06-01T06:00:00+00:00,9.055,9.062,8.973,9.017,22940.117
2026-06-01T07:00:00+00:00,9.017,9.044,8.958,8.97,23758.729
2026-06-01T08:00:00+00:00,8.97,9.006,8.933,9.001,53539.016
2026-06-01T09:00:00+00:00,9.001,9.048,9.0,9.025,19305.117
2026-06-01T10:00:00+00:00,9.025,9.035,8.985,9.017,9166.453
2026-06-01T11:00:00+00:00,9.017,9.049,8.969,9.002,12759.272
2026-06-01T12:00:00+00:00,9.002,9.038,8.92,9.001,27183.397
2026-06-01T13:00:00+00:00,9.001,9.009,8.849,8.908,58147.26
2026-06-01T14:00:00+00:00,8.908,8.927,8.86,8.878,42925.93
2026-06-01T15:00:00+00:00,8.878,8.969,8.85,8.913,34674.625
2026-06-01T16:00:00+00:00,8.913,9.011,8.863,9.008,28004.56
2026-06-01T17:00:00+00:00,9.008,9.11,8.991,9.063,39067.987
2026-06-01T18:00:00+00:00,9.063,9.083,9.03,9.033,8141.183
2026-06-01T19:00:00+00:00,9.033,9.091,9.02,9.082,7429.251
2026-06-01T20:00:00+00:00,9.082,9.087,9.045,9.062,16692.424
2026-06-01T21:00:00+00:00,9.062,9.065,8.982,8.987,15482.024
2026-06-01T22:00:00+00:00,8.987,9.049,8.948,9.045,16595.071
2026-06-01T23:00:00+00:00,9.045,9.084,9.026,9.059,11519.835
2026-06-02T00:00:00+00:00,9.059,9.07,9.001,9.002,5506.801
2026-06-02T01:00:00+00:00,9.002,9.014,8.898,8.898,12824.482
2026-06-02T02:00:00+00:00,8.898,8.988,8.809,8.988,170916.994
2026-06-02T03:00:00+00:00,8.988,9.032,8.967,9.019,19080.338
2026-06-02T04:00:00+00:00,9.019,9.032,8.948,8.949,51501.938
2026-06-02T05:00:00+00:00,8.949,8.977,8.872,8.875,35348.602
2026-06-02T06:00:00+00:00,8.875,8.89,8.811,8.84,66624.939
2026-06-02T07:00:00+00:00,8.84,8.884,8.788,8.848,13661.294
2026-06-02T08:00:00+00:00,8.848,8.865,8.813,8.831,9173.738
2026-06-02T09:00:00+00:00,8.831,8.831,8.776,8.807,15995.18
2026-06-02T10:00:00+00:00,8.807,8.87,8.787,8.868,12529.979
2026-06-02T11:00:00+00:00,8.868,8.868,8.798,8.819,18522.48
2026-06-02T12:00:00+00:00,8.819,8.847,8.79,8.835,13540.806
2026-06-02T13:00:00+00:00,8.835,8.875,8.824,8.844,6957.49
2026-06-02T14:00:00+00:00,8.844,8.853,8.582,8.682,74318.179
2026-06-02T15:00:00+00:00,8.682,8.686,8.483,8.569,117110.048
2026-06-02T16:00:00+00:00,8.569,8.743,8.542,8.609,54536.377
2026-06-02T17:00:00+00:00,8.609,8.694,8.606,8.648,20868.233
2026-06-02T18:00:00+00:00,8.648,8.676,8.506,8.548,17466.211
2026-06-02T19:00:00+00:00,8.548,8.575,8.381,8.526,62133.128
2026-06-02T20:00:00+00:00,8.526,8.574,8.457,8.54,23432.452
2026-06-02T21:00:00+00:00,8.54,8.589,8.515,8.534,37729.966
2026-06-02T22:00:00+00:00,8.534,8.538,8.315,8.346,64298.613
2026-06-02T23:00:00+00:00,8.346,8.397,8.247,8.375,90071.355
2026-06-03T00:00:00+00:00,8.375,8.436,8.35,8.392,39715.562
2026-06-03T01:00:00+00:00,8.392,8.419,8.34,8.41,19600.019
2026-06-03T02:00:00+00:00,8.41,8.412,8.352,8.378,41531.135
2026-06-03T03:00:00+00:00,8.378,8.389,8.172,8.229,74226.015
2026-06-03T04:00:00+00:00,8.229,8.373,8.227,8.367,28957.977
2026-06-03T05:00:00+00:00,8.367,8.509,8.367,8.5,55797.553
2026-06-03T06:00:00+00:00,8.5,8.569,8.49,8.507,23320.124
2026-06-03T07:00:00+00:00,8.507,8.57,8.484,8.548,19271.684
2026-06-03T08:00:00+00:00,8.548,8.56,8.507,8.526,12347.2
2026-06-03T09:00:00+00:00,8.526,8.554,8.466,8.492,46762.121
2026-06-03T10:00:00+00:00,8.492,8.584,8.492,8.58,13259.438
2026-06-03T11:00:00+00:00,8.58,8.615,8.509,8.535,23621.963
2026-06-03T12:00:00+00:00,8.535,8.54,8.472,8.529,23199.145
2026-06-03T13:00:00+00:00,8.529,8.561,8.459,8.511,31080.308
2026-06-03T14:00:00+00:00,8.511,8.515,8.422,8.49,35721.777
2026-06-03T15:00:00+00:00,8.49,8.497,8.375,8.379,40517.436
2026-06-03T16:00:00+00:00,8.379,8.391,8.223,8.323,69679.413
2026-06-03T17:00:00+00:00,8.323,8.378,8.235,8.313,24500.484
2026-06-03T18:00:00+00:00,8.313,8.359,8.239,8.348,33105.285
2026-06-03T19:00:00+00:00,8.348,8.359,8.189,8.21,33116.612
2026-06-03T20:00:00+00:00,8.21,8.275,8.106,8.15,43859.879
2026-06-03T21:00:00+00:00,8.15,8.448,8.124,8.444,109229.232
2026-06-03T22:00:00+00:00,8.444,8.466,8.341,8.39,37839.685
2026-06-03T23:00:00+00:00,8.39,8.395,8.306,8.329,72126.36
2026-06-04T00:00:00+00:00,8.329,8.398,8.173,8.234,78733.514
2026-06-04T01:00:00+00:00,8.234,8.271,8.018,8.052,129639.894
2026-06-04T02:00:00+00:00,8.052,8.14,7.797,8.097,286383.916
2026-06-04T03:00:00+00:00,8.097,8.314,8.094,8.295,69623.277
2026-06-04T04:00:00+00:00,8.295,8.337,8.205,8.224,28379.344
2026-06-04T05:00:00+00:00,8.224,8.224,8.088,8.141,39449.501
2026-06-04T06:00:00+00:00,8.141,8.254,8.12,8.176,40647.674
2026-06-04T07:00:00+00:00,8.176,8.19,8.062,8.068,78621.268
2026-06-04T08:00:00+00:00,8.068,8.093,7.989,8.047,76670.278
2026-06-04T09:00:00+00:00,8.047,8.047,7.842,7.973,84052.47
2026-06-04T10:00:00+00:00,7.973,7.977,7.808,7.844,109144.558
2026-06-04T11:00:00+00:00,7.844,7.942,7.811,7.94,97941.002
2026-06-04T12:00:00+00:00,7.94,8.119,7.904,8.084,88599.869
2026-06-04T13:00:00+00:00,8.084,8.12,7.954,8.089,70922.878
2026-06-04T14:00:00+00:00,8.089,8.133,8.03,8.054,28576.904
2026-06-04T15:00:00+00:00,8.054,8.135,8.032,8.05,30832.37
2026-06-04T16:00:00+00:00,8.05,8.079,7.998,8.046,10877.202
2026-06-04T17:00:00+00:00,8.046,8.091,7.96,8.034,40346.451
2026-06-04T18:00:00+00:00,8.034,8.116,7.966,8.086,39638.471
2026-06-04T19:00:00+00:00,8.086,8.137,8.041,8.057,26688.067
2026-06-04T20:00:00+00:00,8.057,8.062,7.995,8.037,25164.279
2026-06-04T21:00:00+00:00,8.037,8.075,7.902,7.92,69024.854
2026-06-04T22:00:00+00:00,7.92,7.999,7.887,7.989,70951.524
2026-06-04T23:00:00+00:00,7.989,8.022,7.912,8.017,59252.393
2026-06-05T00:00:00+00:00,8.017,8.04,7.951,7.954,33931.559
2026-06-05T01:00:00+00:00,7.954,7.988,7.879,7.962,38626.889
2026-06-05T02:00:00+00:00,7.962,7.963,7.795,7.801,46267.834
2026-06-05T03:00:00+00:00,7.801,7.868,7.766,7.784,68763.744
2026-06-05T04:00:00+00:00,7.784,7.894,7.753,7.882,105760.136
2026-06-05T05:00:00+00:00,7.882,7.894,7.637,7.651,103240.24
2026-06-05T06:00:00+00:00,7.651,7.667,7.335,7.492,236937.003
2026-06-05T07:00:00+00:00,7.492,7.646,7.37,7.628,161398.682
2026-06-05T08:00:00+00:00,7.628,7.63,7.503,7.515,61341.363
2026-06-05T09:00:00+00:00,7.515,7.675,7.515,7.665,93755.877
2026-06-05T10:00:00+00:00,7.665,7.679,7.578,7.62,41428.128
2026-06-05T11:00:00+00:00,7.62,7.645,7.539,7.554,60696.955
2026-06-05T12:00:00+00:00,7.554,7.599,7.47,7.544,126193.142
2026-06-05T13:00:00+00:00,7.544,7.659,7.374,7.385,107174.617
2026-06-05T14:00:00+00:00,7.385,7.511,7.321,7.421,158148.465
2026-06-05T15:00:00+00:00,7.421,7.43,7.24,7.293,153925.512
2026-06-05T16:00:00+00:00,7.293,7.514,7.166,7.491,185685.161
2026-06-05T17:00:00+00:00,7.491,7.513,7.397,7.436,76578.523
2026-06-05T18:00:00+00:00,7.436,7.461,7.179,7.201,113625.261
2026-06-05T19:00:00+00:00,7.201,7.349,7.115,7.304,99571.129
2026-06-05T20:00:00+00:00,7.304,7.481,7.218,7.468,53298.821
2026-06-05T21:00:00+00:00,7.468,7.545,7.454,7.503,39343.5
2026-06-05T22:00:00+00:00,7.503,7.503,7.383,7.455,59941.953
2026-06-05T23:00:00+00:00,7.455,7.49,7.282,7.367,52899.25
2026-06-06T00:00:00+00:00,7.367,7.453,7.365,7.43,27639.637
2026-06-06T01:00:00+00:00,7.43,7.453,7.367,7.378,24724.11
2026-06-06T02:00:00+00:00,7.378,7.395,7.318,7.344,31511.832
2026-06-06T03:00:00+00:00,7.344,7.348,7.25,7.276,40689.149
2026-06-06T04:00:00+00:00,7.276,7.31,6.996,7.066,155838.381
2026-06-06T05:00:00+00:00,7.066,7.285,6.997,7.279,133265.452
2026-06-06T06:00:00+00:00,7.279,7.374,7.273,7.276,53958.853
2026-06-06T07:00:00+00:00,7.276,7.407,7.264,7.396,93649.758
2026-06-06T08:00:00+00:00,7.396,7.473,7.364,7.43,73084.557
2026-06-06T09:00:00+00:00,7.43,7.471,7.324,7.35,50784.075
2026-06-06T10:00:00+00:00,7.35,7.35,7.199,7.272,79249.436
2026-06-06T11:00:00+00:00,7.272,7.347,7.265,7.318,34988.966
2026-06-06T12:00:00+00:00,7.318,7.412,7.278,7.395,46721.593
2026-06-06T13:00:00+00:00,7.395,7.409,7.331,7.374,28344.21
2026-06-06T14:00:00+00:00,7.374,7.438,7.364,7.399,17827.54
2026-06-06T15:00:00+00:00,7.399,7.41,7.281,7.38,41338.43
2026-06-06T16:00:00+00:00,7.38,7.415,7.311,7.371,41140.99
2026-06-06T17:00:00+00:00,7.371,7.389,7.296,7.312,31137.674
2026-06-06T18:00:00+00:00,7.312,7.373,7.293,7.326,30997.584
2026-06-06T19:00:00+00:00,7.326,7.362,7.301,7.301,31267.017
2026-06-06T20:00:00+00:00,7.301,7.337,7.284,7.326,41432.291
2026-06-06T21:00:00+00:00,7.326,7.385,7.321,7.351,17815.676
2026-06-06T22:00:00+00:00,7.351,7.377,7.314,7.347,12515.673
2026-06-06T23:00:00+00:00,7.347,7.413,7.347,7.398,12630.533
2026-06-07T00:00:00+00:00,7.398,7.428,7.376,7.399,12676.662
2026-06-07T01:00:00+00:00,7.399,7.609,7.392,7.56,47956.095
2026-06-07T02:00:00+00:00,7.56,7.581,7.511,7.559,11282.815
2026-06-07T03:00:00+00:00,7.559,7.605,7.536,7.584,11398.362
2026-06-07T04:00:00+00:00,7.584,7.613,7.533,7.595,9774.19
2026-06-07T05:00:00+00:00,7.595,7.656,7.582,7.626,30381.294
2026-06-07T06:00:00+00:00,7.626,7.729,7.602,7.686,43886.086
2026-06-07T07:00:00+00:00,7.686,7.726,7.659,7.716,23973.801
2026-06-07T08:00:00+00:00,7.716,7.817,7.671,7.804,31503.375
2026-06-07T09:00:00+00:00,7.804,7.864,7.745,7.772,33150.503
2026-06-07T10:00:00+00:00,7.772,7.778,7.693,7.707,12282.471
2026-06-07T11:00:00+00:00,7.707,7.778,7.702,7.764,10405.13
2026-06-07T12:00:00+00:00,7.764,7.772,7.612,7.699,39676.049
2026-06-07T13:00:00+00:00,7.699,7.714,7.67,7.706,9774.652
2026-06-07T14:00:00+00:00,7.706,7.797,7.704,7.737,27739.246
2026-06-07T15:00:00+00:00,7.737,7.74,7.687,7.724,17369.769
2026-06-07T16:00:00+00:00,7.724,7.76,7.679,7.734,21564.504
2026-06-07T17:00:00+00:00,7.734,7.779,7.716,7.745,9385.729
2026-06-07T18:00:00+00:00,7.745,7.762,7.698,7.701,4939.37
2026-06-07T19:00:00+00:00,7.701,7.702,7.554,7.594,41896.655
2026-06-07T20:00:00+00:00,7.594,7.693,7.573,7.682,17302.546
2026-06-07T21:00:00+00:00,7.682,7.694,7.636,7.675,6540.456
2026-06-07T22:00:00+00:00,7.675,8.038,7.662,7.852,133024.43
2026-06-07T23:00:00+00:00,7.852,7.935,7.849,7.92,20766.823
2026-06-08T00:00:00+00:00,7.92,8.017,7.884,7.978,31842.014
2026-06-08T01:00:00+00:00,7.978,7.987,7.823,7.906,41420.871
2026-06-08T02:00:00+00:00,7.906,7.944,7.883,7.917,32846.268
2026-06-08T03:00:00+00:00,7.917,7.967,7.842,7.856,30775.347
2026-06-08T04:00:00+00:00,7.856,7.87,7.766,7.766,26043.004
2026-06-08T05:00:00+00:00,7.766,7.797,7.725,7.785,46799.774
2026-06-08T06:00:00+00:00,7.785,7.847,7.783,7.824,16438.26
2026-06-08T07:00:00+00:00,7.824,7.935,7.804,7.909,38041.587
2026-06-08T08:00:00+00:00,7.909,7.916,7.854,7.886,27564.037
2026-06-08T09:00:00+00:00,7.886,7.931,7.84,7.924,40401.901
2026-06-08T10:00:00+00:00,7.924,7.936,7.852,7.878,23816.318
2026-06-08T11:00:00+00:00,7.878,8.007,7.861,7.969,47906.788
2026-06-08T12:00:00+00:00,7.969,8.029,7.88,8.021,57213.765
2026-06-08T13:00:00+00:00,8.021,8.028,7.947,7.974,50757.433
2026-06-08T14:00:00+00:00,7.974,8.066,7.955,8.055,61934.51
2026-06-08T15:00:00+00:00,8.055,8.111,8.012,8.029,41807.408
2026-06-08T16:00:00+00:00,8.029,8.071,7.984,7.998,55468.49
2026-06-08T17:00:00+00:00,7.998,8.046,7.962,8.046,17860.569
2026-06-08T18:00:00+00:00,8.046,8.066,7.996,8.016,11072.534
2026-06-08T19:00:00+00:00,8.016,8.08,8.016,8.064,10596.419
2026-06-08T20:00:00+00:00,8.064,8.067,8.01,8.046,10665.716
2026-06-08T21:00:00+00:00,8.046,8.127,8.046,8.063,31583.374
2026-06-08T22:00:00+00:00,8.063,8.064,7.999,8.04,17836.806
2026-06-08T23:00:00+00:00,8.04,8.081,7.975,7.997,22575.018
2026-06-09T00:00:00+00:00,7.997,8.011,7.811,7.832,66822.324
2026-06-09T01:00:00+00:00,7.832,7.875,7.81,7.846,18245.124
2026-06-09T02:00:00+00:00,7.846,7.865,7.795,7.856,20102.389
2026-06-09T03:00:00+00:00,7.856,7.89,7.841,7.885,17889.127
2026-06-09T04:00:00+00:00,7.885,8.004,7.851,7.97,51535.516
2026-06-09T05:00:00+00:00,7.97,8.025,7.94,8.0,23714.064
2026-06-09T06:00:00+00:00,8.0,8.021,7.949,7.955,21362.091
2026-06-09T07:00:00+00:00,7.955,7.985,7.904,7.932,22790.342
2026-06-09T08:00:00+00:00,7.932,7.936,7.8768,7.9,28639.328
2026-06-09T09:00:00+00:00,7.9,7.92,7.836,7.865,21115.548
2026-06-09T10:00:00+00:00,7.865,7.911,7.846,7.899,24081.531
2026-06-09T11:00:00+00:00,7.899,7.9,7.835,7.884,22316.948
2026-06-09T12:00:00+00:00,7.884,7.941,7.884,7.931,41152.652
2026-06-09T13:00:00+00:00,7.931,7.956,7.875,7.89,85629.276
2026-06-09T14:00:00+00:00,7.89,7.919,7.734,7.811,133664.122
2026-06-09T15:00:00+00:00,7.811,7.839,7.712,7.724,54369.201
2026-06-09T16:00:00+00:00,7.724,7.752,7.651,7.733,65847.289
2026-06-09T17:00:00+00:00,7.733,7.85,7.733,7.801,25046.418
2026-06-09T18:00:00+00:00,7.801,7.867,7.794,7.858,22328.218
2026-06-09T19:00:00+00:00,7.858,7.898,7.833,7.874,38768.955
2026-06-09T20:00:00+00:00,7.874,7.929,7.867,7.914,23034.822
2026-06-09T21:00:00+00:00,7.914,7.918,7.843,7.845,10071.14
2026-06-09T22:00:00+00:00,7.845,7.888,7.824,7.828,19775.927
2026-06-09T23:00:00+00:00,7.828,7.852,7.804,7.839,20794.973
2026-06-10T00:00:00+00:00,7.839,7.874,7.781,7.863,32020.632
2026-06-10T01:00:00+00:00,7.863,7.873,7.783,7.805,27223.363
2026-06-10T02:00:00+00:00,7.805,7.818,7.715,7.722,21776.533
2026-06-10T03:00:00+00:00,7.722,7.772,7.719,7.75,21389.375
2026-06-10T04:00:00+00:00,7.75,7.754,7.69,7.705,20677.429
2026-06-10T05:00:00+00:00,7.705,7.719,7.656,7.7,35284.195
2026-06-10T06:00:00+00:00,7.7,7.73,7.676,7.721,14508.175
2026-06-10T07:00:00+00:00,7.721,7.807,7.719,7.779,18960.096
2026-06-10T08:00:00+00:00,7.779,7.782,7.655,7.673,74324.258
2026-06-10T09:00:00+00:00,7.673,7.714,7.62,7.699,47112.407
2026-06-10T10:00:00+00:00,7.699,7.714,7.647,7.694,31685.506
2026-06-10T11:00:00+00:00,7.694,7.704,7.601,7.646,59779.214
2026-06-10T12:00:00+00:00,7.646,7.81,7.628,7.736,114543.03
2026-06-10T13:00:00+00:00,7.736,7.904,7.722,7.821,77819.312
2026-06-10T14:00:00+00:00,7.821,7.833,7.724,7.773,66465.362
2026-06-10T15:00:00+00:00,7.773,7.841,7.712,7.806,94194.175
2026-06-10T16:00:00+00:00,7.806,7.827,7.694,7.73,55518.629
2026-06-10T17:00:00+00:00,7.73,7.759,7.645,7.681,57059.268
2026-06-10T18:00:00+00:00,7.681,7.7,7.605,7.659,65789.227
2026-06-10T19:00:00+00:00,7.659,7.669,7.596,7.617,70855.59
2026-06-10T20:00:00+00:00,7.617,7.635,7.567,7.597,85135.522
2026-06-10T21:00:00+00:00,7.597,7.597,7.48,7.512,71409.556
2026-06-10T22:00:00+00:00,7.512,7.577,7.49,7.535,62716.123
2026-06-10T23:00:00+00:00,7.535,7.585,7.504,7.56,42726.443
2026-06-11T00:00:00+00:00,7.56,7.632,7.559,7.61,30744.691
2026-06-11T01:00:00+00:00,7.61,7.727,7.61,7.702,30617.836
2026-06-11T02:00:00+00:00,7.702,7.709,7.632,7.673,19472.99
2026-06-11T03:00:00+00:00,7.673,7.841,7.66,7.801,81696.439
2026-06-11T04:00:00+00:00,7.801,7.821,7.775,7.801,39753.247
2026-06-11T05:00:00+00:00,7.801,7.801,7.762,7.763,18233.139
2026-06-11T06:00:00+00:00,7.763,7.811,7.747,7.77,32906.476
2026-06-11T07:00:00+00:00,7.77,7.791,7.756,7.773,14454.294
2026-06-11T08:00:00+00:00,7.773,7.844,7.772,7.827,25639.768
2026-06-11T09:00:00+00:00,7.827,7.835,7.785,7.803,22562.101
2026-06-11T10:00:00+00:00,7.803,7.835,7.785,7.831,49032.922
2026-06-11T11:00:00+00:00,7.831,7.889,7.805,7.857,28444.832
2026-06-11T12:00:00+00:00,7.857,7.859,7.743,7.796,82625.658
2026-06-11T13:00:00+00:00,7.796,7.848,7.763,7.815,44922.52
2026-06-11T14:00:00+00:00,7.815,7.824,7.751,7.754,47465.528
2026-06-11T15:00:00+00:00,7.754,7.785,7.708,7.757,57595.574
2026-06-11T16:00:00+00:00,7.757,7.778,7.709,7.713,37615.083
2026-06-11T17:00:00+00:00,7.713,7.94,7.683,7.925,139284.67
2026-06-11T18:00:00+00:00,7.925,7.949,7.883,7.927,61845.715
2026-06-11T19:00:00+00:00,7.927,7.983,7.903,7.939,50689.937
2026-06-11T20:00:00+00:00,7.939,7.954,7.872,7.9,33933.027
2026-06-11T21:00:00+00:00,7.9,7.962,7.9,7.923,21064.218
2026-06-11T22:00:00+00:00,7.923,7.961,7.902,7.916,23197.315
2026-06-11T23:00:00+00:00,7.916,7.929,7.879,7.887,27780.258
2026-06-12T00:00:00+00:00,7.887,7.92,7.867,7.897,19209.399
2026-06-12T01:00:00+00:00,7.897,7.898,7.848,7.885,20964.047
2026-06-12T02:00:00+00:00,7.885,7.936,7.885,7.902,10482.714
2026-06-12T03:00:00+00:00,7.902,7.919,7.873,7.904,12922.208
2026-06-12T04:00:00+00:00,7.904,7.935,7.884,7.912,28006.918
2026-06-12T05:00:00+00:00,7.912,7.912,7.834,7.84,14183.886
2026-06-12T06:00:00+00:00,7.84,7.852,7.755,7.781,24746.229
2026-06-12T07:00:00+00:00,7.781,7.833,7.781,7.813,17699.46
2026-06-12T08:00:00+00:00,7.813,7.889,7.813,7.874,4802.002
2026-06-12T09:00:00+00:00,7.874,7.942,7.864,7.91,14534.851
2026-06-12T10:00:00+00:00,7.91,7.928,7.866,7.892,20810.866
2026-06-12T11:00:00+00:00,7.892,7.919,7.884,7.903,26778.705
2026-06-12T12:00:00+00:00,7.903,7.909,7.874,7.89,36155.062
2026-06-12T13:00:00+00:00,7.89,7.899,7.784,7.809,65611.242
2026-06-12T14:00:00+00:00,7.809,7.977,7.803,7.97,83632.664
2026-06-12T15:00:00+00:00,7.97,8.011,7.811,7.811,82820.315
2026-06-12T16:00:00+00:00,7.811,7.901,7.8,7.894,62982.348
2026-06-12T17:00:00+00:00,7.894,7.927,7.86,7.879,36638.112
2026-06-12T18:00:00+00:00,7.879,7.886,7.833,7.842,37644.346
2026-06-12T19:00:00+00:00,7.842,7.891,7.828,7.84,48734.451
2026-06-12T20:00:00+00:00,7.84,7.866,7.832,7.841,19979.904
2026-06-12T21:00:00+00:00,7.841,7.875,7.82,7.829,59627.206
2026-06-12T22:00:00+00:00,7.829,7.869,7.824,7.849,34830.283
2026-06-12T23:00:00+00:00,7.849,7.869,7.82,7.868,29469.533
2026-06-13T00:00:00+00:00,7.868,7.902,7.86,7.894,19031.241
2026-06-13T01:00:00+00:00,7.894,7.955,7.889,7.944,30502.374
2026-06-13T02:00:00+00:00,7.944,7.944,7.901,7.908,32883.719
2026-06-13T03:00:00+00:00,7.908,7.922,7.872,7.892,21621.936
2026-06-13T04:00:00+00:00,7.892,7.909,7.869,7.878,21966.407
2026-06-13T05:00:00+00:00,7.878,7.896,7.859,7.884,25135.049
2026-06-13T06:00:00+00:00,7.884,7.93,7.868,7.923,25533.027
2026-06-13T07:00:00+00:00,7.923,7.97,7.897,7.961,82599.034
2026-06-13T08:00:00+00:00,7.961,7.984,7.944,7.96,26569.646
2026-06-13T09:00:00+00:00,7.96,7.978,7.946,7.952,10143.885
2026-06-13T10:00:00+00:00,7.952,7.974,7.949,7.961,10749.386
2026-06-13T11:00:00+00:00,7.961,7.992,7.959,7.989,15419.575
2026-06-13T12:00:00+00:00,7.989,8.03,7.976,8.006,25234.961
2026-06-13T13:00:00+00:00,8.006,8.01,7.974,7.992,21837.915
2026-06-13T14:00:00+00:00,7.992,8.016,7.991,8.009,10973.254
2026-06-13T15:00:00+00:00,8.009,8.041,8.001,8.024,13611.098
2026-06-13T16:00:00+00:00,8.024,8.028,7.939,7.995,56985.291
2026-06-13T17:00:00+00:00,7.995,8.023,7.978,7.994,17316.021
2026-06-13T18:00:00+00:00,7.994,8.021,7.968,7.982,14706.957
2026-06-13T19:00:00+00:00,7.982,8.009,7.966,7.991,27782.92
2026-06-13T20:00:00+00:00,7.991,7.991,7.964,7.982,16579.415
2026-06-13T21:00:00+00:00,7.982,8.058,7.956,8.021,48704.257
2026-06-13T22:00:00+00:00,8.021,8.023,7.982,7.982,25441.719
2026-06-13T23:00:00+00:00,7.982,7.994,7.966,7.984,17566.999
2026-06-14T00:00:00+00:00,7.984,7.985,7.958,7.967,17663.804
2026-06-14T01:00:00+00:00,7.967,8.008,7.956,7.972,26060.098
2026-06-14T02:00:00+00:00,7.972,8.002,7.954,7.962,21545.233
2026-06-14T03:00:00+00:00,7.962,7.973,7.951,7.963,11556.712
2026-06-14T04:00:00+00:00,7.963,7.965,7.908,7.918,15158.042
2026-06-14T05:00:00+00:00,7.918,7.933,7.894,7.925,11433.854
2026-06-14T06:00:00+00:00,7.925,7.954,7.916,7.92,12928.986
2026-06-14T07:00:00+00:00,7.92,7.924,7.887,7.906,10995.729
2026-06-14T08:00:00+00:00,7.906,7.931,7.897,7.915,14270.455
2026-06-14T09:00:00+00:00,7.915,7.947,7.883,7.946,31736.704
2026-06-14T10:00:00+00:00,7.946,7.95,7.915,7.917,6894.369
2026-06-14T11:00:00+00:00,7.917,7.944,7.911,7.926,7150.023
2026-06-14T12:00:00+00:00,7.926,7.931,7.88,7.884,12846.783
2026-06-14T13:00:00+00:00,7.884,7.893,7.86,7.872,26287.66
2026-06-14T14:00:00+00:00,7.872,7.878,7.796,7.832,40061.614
2026-06-14T15:00:00+00:00,7.832,7.851,7.829,7.842,4609.667
2026-06-14T16:00:00+00:00,7.842,7.877,7.836,7.843,14697.802
2026-06-14T17:00:00+00:00,7.843,7.861,7.812,7.818,13315.35
2026-06-14T18:00:00+00:00,7.818,7.838,7.786,7.814,17224.755
2026-06-14T19:00:00+00:00,7.814,7.848,7.808,7.819,5611.149
2026-06-14T20:00:00+00:00,7.819,7.871,7.808,7.854,44790.371
2026-06-14T21:00:00+00:00,7.854,8.142,7.849,8.075,143304.307
2026-06-14T22:00:00+00:00,8.075,8.138,8.036,8.11,87365.839
2026-06-14T23:00:00+00:00,8.11,8.186,8.091,8.181,56527.112
2026-06-15T00:00:00+00:00,8.181,8.216,8.134,8.157,55481.213
2026-06-15T01:00:00+00:00,8.157,8.168,8.106,8.123,41099.449
2026-06-15T02:00:00+00:00,8.123,8.2,8.12,8.156,35812.309
2026-06-15T03:00:00+00:00,8.156,8.213,8.152,8.197,34918.759
2026-06-15T04:00:00+00:00,8.197,8.202,8.15,8.167,23554.223
2026-06-15T05:00:00+00:00,8.167,8.211,8.141,8.208,22307.353
2026-06-15T06:00:00+00:00,8.208,8.228,8.191,8.2,21947.187
2026-06-15T07:00:00+00:00,8.2,8.226,8.177,8.182,17380.576
2026-06-15T08:00:00+00:00,8.182,8.228,8.173,8.207,27810.714
2026-06-15T09:00:00+00:00,8.207,8.227,8.164,8.205,17612.501
2026-06-15T10:00:00+00:00,8.205,8.342,8.204,8.338,55956.431
2026-06-15T11:00:00+00:00,8.338,8.451,8.289,8.305,119063.826
2026-06-15T12:00:00+00:00,8.305,8.365,8.28,8.352,69758.306
2026-06-15T13:00:00+00:00,8.352,8.52,8.34,8.469,71301.814
2026-06-15T14:00:00+00:00,8.469,8.477,8.423,8.456,45925.402
2026-06-15T15:00:00+00:00,8.456,8.597,8.418,8.56,57145.429
2026-06-15T16:00:00+00:00,8.56,8.585,8.506,8.555,56729.115
2026-06-15T17:00:00+00:00,8.555,8.555,8.453,8.492,29376.167
2026-06-15T18:00:00+00:00,8.492,8.5,8.457,8.462,34019.259
2026-06-15T19:00:00+00:00,8.462,8.507,8.373,8.41,35695.017
2026-06-15T20:00:00+00:00,8.41,8.428,8.367,8.374,40488.818
2026-06-15T21:00:00+00:00,8.374,8.397,8.343,8.353,25785.486
2026-06-15T22:00:00+00:00,8.353,8.377,8.258,8.269,55235.096
2026-06-15T23:00:00+00:00,8.269,8.306,8.248,8.299,25276.644
2026-06-16T00:00:00+00:00,8.299,8.336,8.281,8.283,18415.365
2026-06-16T01:00:00+00:00,8.283,8.314,8.257,8.26,13128.281
2026-06-16T02:00:00+00:00,8.26,8.263,8.152,8.178,21860.745
2026-06-16T03:00:00+00:00,8.178,8.262,8.171,8.254,27255.061
2026-06-16T04:00:00+00:00,8.254,8.27,8.179,8.187,17511.919
2026-06-16T05:00:00+00:00,8.187,8.225,8.186,8.207,12574.858
2026-06-16T06:00:00+00:00,8.207,8.269,8.207,8.26,15445.719
2026-06-16T07:00:00+00:00,8.26,8.293,8.243,8.285,22160.382
2026-06-16T08:00:00+00:00,8.285,8.429,8.278,8.403,34071.082
2026-06-16T09:00:00+00:00,8.403,8.412,8.333,8.351,31603.34
2026-06-16T10:00:00+00:00,8.351,8.375,8.331,8.343,33543.258
2026-06-16T11:00:00+00:00,8.343,8.368,8.298,8.332,16262.558
2026-06-16T12:00:00+00:00,8.332,8.477,8.312,8.391,28195.455
2026-06-16T13:00:00+00:00,8.391,8.398,8.249,8.255,48878.343
2026-06-16T14:00:00+00:00,8.255,8.296,8.096,8.156,55224.977
2026-06-16T15:00:00+00:00,8.156,8.234,8.153,8.197,30381.683
2026-06-16T16:00:00+00:00,8.197,8.209,8.164,8.177,12060.876
2026-06-16T17:00:00+00:00,8.177,8.264,8.177,8.255,20733.712
2026-06-16T18:00:00+00:00,8.255,8.326,8.251,8.302,27997.042
2026-06-16T19:00:00+00:00,8.302,8.302,8.23,8.254,18414.908
2026-06-16T20:00:00+00:00,8.254,8.339,8.242,8.324,35331.224
2026-06-16T21:00:00+00:00,8.324,8.363,8.288,8.313,36936.443
2026-06-16T22:00:00+00:00,8.313,8.334,8.288,8.306,17430.664
2026-06-16T23:00:00+00:00,8.306,8.319,8.268,8.278,12430.956
2026-06-17T00:00:00+00:00,8.278,8.311,8.267,8.295,22918.104
2026-06-17T01:00:00+00:00,8.295,8.363,8.256,8.353,25111.912
2026-06-17T02:00:00+00:00,8.353,8.415,8.328,8.373,36318.107
2026-06-17T03:00:00+00:00,8.373,8.373,8.319,8.351,10638.735
2026-06-17T04:00:00+00:00,8.351,8.397,8.333,8.352,23925.118
2026-06-17T05:00:00+00:00,8.352,8.374,8.304,8.337,21385.227
2026-06-17T06:00:00+00:00,8.337,8.36,8.303,8.324,16952.281
2026-06-17T07:00:00+00:00,8.324,8.364,8.263,8.29,28116.009
2026-06-17T08:00:00+00:00,8.29,8.298,8.151,8.173,49584.202
2026-06-17T09:00:00+00:00,8.173,8.214,8.167,8.202,22253.581
2026-06-17T10:00:00+00:00,8.202,8.216,8.168,8.175,22240.458
2026-06-17T11:00:00+00:00,8.175,8.184,8.106,8.156,36165.681
2026-06-17T12:00:00+00:00,8.156,8.183,8.084,8.178,29379.158
2026-06-17T13:00:00+00:00,8.178,8.224,8.141,8.179,31116.817
2026-06-17T14:00:00+00:00,8.179,8.214,8.104,8.158,29989.513
2026-06-17T15:00:00+00:00,8.158,8.299,8.146,8.293,29421.923
2026-06-17T16:00:00+00:00,8.293,8.368,8.267,8.271,35630.342
2026-06-17T17:00:00+00:00,8.271,8.325,8.23,8.305,33324.147
2026-06-17T18:00:00+00:00,8.305,8.327,8.097,8.244,105059.164
2026-06-17T19:00:00+00:00,8.244,8.267,8.005,8.036,109017.606
2026-06-17T20:00:00+00:00,8.036,8.107,8.022,8.1,34136.152
2026-06-17T21:00:00+00:00,8.1,8.101,8.022,8.037,30996.841
2026-06-17T22:00:00+00:00,8.037,8.069,7.94,8.04,24043.258
2026-06-17T23:00:00+00:00,8.04,8.096,8.039,8.086,16907.708
2026-06-18T00:00:00+00:00,8.086,8.126,8.081,8.086,24820.544
2026-06-18T01:00:00+00:00,8.086,8.137,8.069,8.081,27638.718
2026-06-18T02:00:00+00:00,8.081,8.122,8.071,8.115,22158.497
2026-06-18T03:00:00+00:00,8.115,8.115,8.016,8.03,21998.893
2026-06-18T04:00:00+00:00,8.03,8.032,7.938,7.955,44674.217
2026-06-18T05:00:00+00:00,7.955,7.955,7.891,7.951,27263.288
2026-06-18T06:00:00+00:00,7.951,7.988,7.933,7.986,9216.715
2026-06-18T07:00:00+00:00,7.986,8.046,7.962,8.031,13236.57
2026-06-18T08:00:00+00:00,8.031,8.065,8.014,8.033,13662.184
2026-06-18T09:00:00+00:00,8.033,8.062,8.018,8.043,12729.738
2026-06-18T10:00:00+00:00,8.043,8.043,7.987,8.028,14737.592
2026-06-18T11:00:00+00:00,8.028,8.04,7.972,7.988,12282.272
2026-06-18T12:00:00+00:00,7.988,8.098,7.986,8.093,27660.807
2026-06-18T13:00:00+00:00,8.093,8.127,7.97,8.024,41475.723
2026-06-18T14:00:00+00:00,8.024,8.106,7.977,8.025,63712.463
2026-06-18T15:00:00+00:00,8.025,8.025,7.774,7.79,79206.206
2026-06-18T16:00:00+00:00,7.79,7.857,7.783,7.849,33283.192
2026-06-18T17:00:00+00:00,7.849,7.855,7.787,7.817,54080.393
2026-06-18T18:00:00+00:00,7.817,7.871,7.806,7.852,39003.193
2026-06-18T19:00:00+00:00,7.852,7.937,7.842,7.917,24451.311
2026-06-18T20:00:00+00:00,7.917,7.992,7.917,7.987,16978.695
2026-06-18T21:00:00+00:00,7.987,7.999,7.93,7.995,22116.702
2026-06-18T22:00:00+00:00,7.995,7.998,7.952,7.987,19728.936
2026-06-18T23:00:00+00:00,7.987,8.017,7.955,8.014,10793.379
2026-06-19T00:00:00+00:00,8.014,8.032,7.989,8.013,12801.48
2026-06-19T01:00:00+00:00,8.013,8.04,7.984,8.028,14270.8
2026-06-19T02:00:00+00:00,8.028,8.04,7.979,7.994,10032.528
2026-06-19T03:00:00+00:00,7.994,8.002,7.817,7.879,65763.171
2026-06-19T04:00:00+00:00,7.879,7.915,7.811,7.826,27052.671
2026-06-19T05:00:00+00:00,7.826,7.89,7.823,7.888,12072.89
2026-06-19T06:00:00+00:00,7.888,7.918,7.861,7.897,13126.88
2026-06-19T07:00:00+00:00,7.897,7.897,7.822,7.848,26227.106
2026-06-19T08:00:00+00:00,7.848,7.878,7.842,7.855,10242.366
2026-06-19T09:00:00+00:00,7.855,7.861,7.815,7.836,12267.761
2026-06-19T10:00:00+00:00,7.836,7.852,7.803,7.831,15220.1
2026-06-19T11:00:00+00:00,7.831,7.84,7.811,7.811,24578.06
2026-06-19T12:00:00+00:00,7.811,7.862,7.772,7.859,42389.931
2026-06-19T13:00:00+00:00,7.859,7.953,7.824,7.932,32735.657
2026-06-19T14:00:00+00:00,7.932,7.946,7.901,7.902,33647.199
2026-06-19T15:00:00+00:00,7.902,7.929,7.873,7.905,26387.002
2026-06-19T16:00:00+00:00,7.905,7.935,7.86,7.865,25209.342
2026-06-19T17:00:00+00:00,7.865,7.925,7.85,7.916,8267.513
2026-06-19T18:00:00+00:00,7.916,7.916,7.856,7.888,16749.739
2026-06-19T19:00:00+00:00,7.888,7.899,7.848,7.876,10813.784
2026-06-19T20:00:00+00:00,7.876,7.927,7.85,7.925,16633.995
2026-06-19T21:00:00+00:00,7.925,7.93,7.878,7.884,16981.025
2026-06-19T22:00:00+00:00,7.884,7.929,7.88,7.923,12869.592
2026-06-19T23:00:00+00:00,7.923,7.964,7.905,7.949,6492.287
2026-06-20T00:00:00+00:00,7.949,7.958,7.871,7.887,14136.606
2026-06-20T01:00:00+00:00,7.887,7.92,7.877,7.907,4271.396
2026-06-20T02:00:00+00:00,7.907,7.912,7.863,7.874,4024.322
2026-06-20T03:00:00+00:00,7.874,7.898,7.866,7.888,1399.707
2026-06-20T04:00:00+00:00,7.888,7.931,7.881,7.93,11712.429
2026-06-20T05:00:00+00:00,7.93,8.01,7.926,7.988,19427.17
2026-06-20T06:00:00+00:00,7.988,8.006,7.977,7.987,10637.175
2026-06-20T07:00:00+00:00,7.987,8.005,7.953,7.961,16964.404
2026-06-20T08:00:00+00:00,7.961,7.963,7.926,7.938,7659.126
2026-06-20T09:00:00+00:00,7.938,7.981,7.938,7.967,12528.65
2026-06-20T10:00:00+00:00,7.967,7.974,7.943,7.955,1419.849
2026-06-20T11:00:00+00:00,7.955,7.96,7.938,7.938,8125.86
2026-06-20T12:00:00+00:00,7.938,7.951,7.914,7.927,9877.316
2026-06-20T13:00:00+00:00,7.927,7.933,7.859,7.877,13705.249
2026-06-20T14:00:00+00:00,7.877,7.985,7.825,7.934,29978.275
2026-06-20T15:00:00+00:00,7.934,8.009,7.917,7.967,24672.561
2026-06-20T16:00:00+00:00,7.967,7.968,7.922,7.962,9656.77
2026-06-20T17:00:00+00:00,7.962,7.962,7.866,7.903,17649.518
2026-06-20T18:00:00+00:00,7.903,7.928,7.887,7.891,6655.835
2026-06-20T19:00:00+00:00,7.891,7.908,7.882,7.895,4977.313
2026-06-20T20:00:00+00:00,7.895,7.91,7.892,7.905,1665.843
2026-06-20T21:00:00+00:00,7.905,7.94,7.903,7.931,11232.929
2026-06-20T22:00:00+00:00,7.931,8.012,7.92,7.991,29317.838
2026-06-20T23:00:00+00:00,7.991,8.012,7.98,7.988,4071.975
2026-06-21T00:00:00+00:00,7.988,7.991,7.957,7.971,7765.876
2026-06-21T01:00:00+00:00,7.971,7.977,7.95,7.964,8216.053
2026-06-21T02:00:00+00:00,7.964,7.964,7.939,7.952,1001.88
2026-06-21T03:00:00+00:00,7.952,7.985,7.938,7.97,32313.386
2026-06-21T04:00:00+00:00,7.97,7.986,7.937,7.941,2785.079
2026-06-21T05:00:00+00:00,7.941,7.941,7.918,7.923,3065.361
2026-06-21T06:00:00+00:00,7.923,7.953,7.92,7.94,2346.44
2026-06-21T07:00:00+00:00,7.94,7.97,7.929,7.946,7358.829
2026-06-21T08:00:00+00:00,7.946,7.958,7.898,7.942,16974.827
2026-06-21T09:00:00+00:00,7.942,7.99,7.934,7.984,8265.721
2026-06-21T10:00:00+00:00,7.984,8.01,7.972,7.973,8004.643
2026-06-21T11:00:00+00:00,7.973,7.981,7.919,7.933,8984.752
2026-06-21T12:00:00+00:00,7.933,7.946,7.902,7.939,15917.285
2026-06-21T13:00:00+00:00,7.939,7.959,7.929,7.955,19229.255
2026-06-21T14:00:00+00:00,7.955,7.966,7.937,7.966,17892.895
2026-06-21T15:00:00+00:00,7.966,7.989,7.96,7.986,9222.625
2026-06-21T16:00:00+00:00,7.986,7.989,7.917,7.953,8328.548
2026-06-21T17:00:00+00:00,7.953,7.972,7.931,7.943,8896.889
2026-06-21T18:00:00+00:00,7.943,7.968,7.907,7.954,3043.712
2026-06-21T19:00:00+00:00,7.954,7.97,7.946,7.954,2232.482
2026-06-21T20:00:00+00:00,7.954,7.959,7.875,7.887,13801.828
2026-06-21T21:00:00+00:00,7.887,7.891,7.782,7.855,50246.341
2026-06-21T22:00:00+00:00,7.855,7.875,7.806,7.838,21075.925
2026-06-21T23:00:00+00:00,7.838,7.838,7.771,7.785,23589.381
2026-06-22T00:00:00+00:00,7.785,7.906,7.78,7.892,9356.693
2026-06-22T01:00:00+00:00,7.892,8.019,7.869,7.968,31007.927
2026-06-22T02:00:00+00:00,7.968,7.969,7.906,7.906,17887.67
2026-06-22T03:00:00+00:00,7.906,7.929,7.862,7.871,13473.229
2026-06-22T04:00:00+00:00,7.871,7.904,7.858,7.903,30677.619
2026-06-22T05:00:00+00:00,7.903,7.953,7.898,7.949,18656.879
2026-06-22T06:00:00+00:00,7.949,7.969,7.903,7.91,41337.917
2026-06-22T07:00:00+00:00,7.91,7.994,7.906,7.966,17170.921
2026-06-22T08:00:00+00:00,7.966,8.013,7.95,7.993,12838.835
2026-06-22T09:00:00+00:00,7.993,8.012,7.98,7.988,17013.136
2026-06-22T10:00:00+00:00,7.988,8.018,7.982,7.998,24096.411
2026-06-22T11:00:00+00:00,7.998,8.096,7.988,8.087,39415.15
2026-06-22T12:00:00+00:00,8.087,8.13,8.081,8.114,24000.989
2026-06-22T13:00:00+00:00,8.114,8.156,8.087,8.145,22374.542
2026-06-22T14:00:00+00:00,8.145,8.15,7.993,8.019,27174.53
2026-06-22T15:00:00+00:00,8.019,8.054,7.974,7.988,23314.121
2026-06-22T16:00:00+00:00,7.988,7.999,7.954,7.99,14712.065
2026-06-22T17:00:00+00:00,7.99,7.993,7.913,7.957,21841.659
2026-06-22T18:00:00+00:00,7.957,7.979,7.896,7.906,12972.143
2026-06-22T19:00:00+00:00,7.906,7.921,7.888,7.915,14206.606
2026-06-22T20:00:00+00:00,7.915,7.941,7.9,7.919,3481.936
2026-06-22T21:00:00+00:00,7.919,7.926,7.871,7.901,27339.577
2026-06-22T22:00:00+00:00,7.901,7.919,7.823,7.86,29738.236
2026-06-22T23:00:00+00:00,7.86,7.891,7.847,7.875,8716.742
2026-06-23T00:00:00+00:00,7.875,7.876,7.83,7.872,20317.575
2026-06-23T01:00:00+00:00,7.872,7.914,7.832,7.885,24015.575
2026-06-23T02:00:00+00:00,7.885,7.913,7.856,7.904,10540.914
2026-06-23T03:00:00+00:00,7.904,7.904,7.863,7.902,20336.591
2026-06-23T04:00:00+00:00,7.902,7.907,7.838,7.842,18714.746
2026-06-23T05:00:00+00:00,7.842,7.855,7.813,7.834,27486.442
2026-06-23T06:00:00+00:00,7.834,7.841,7.64,7.702,82006.543
2026-06-23T07:00:00+00:00,7.702,7.727,7.66,7.661,13348.303
2026-06-23T08:00:00+00:00,7.661,7.67,7.475,7.527,90283.518
2026-06-23T09:00:00+00:00,7.527,7.554,7.521,7.54,29880.423
2026-06-23T10:00:00+00:00,7.54,7.572,7.527,7.547,17188.737
2026-06-23T11:00:00+00:00,7.547,7.628,7.541,7.616,40631.083
2026-06-23T12:00:00+00:00,7.616,7.62,7.564,7.583,17618.715
2026-06-23T13:00:00+00:00,7.583,7.635,7.544,7.626,51250.439
2026-06-23T14:00:00+00:00,7.626,7.676,7.59,7.611,57224.368
2026-06-23T15:00:00+00:00,7.611,7.693,7.557,7.622,63028.952
2026-06-23T16:00:00+00:00,7.622,7.67,7.602,7.607,28587.259
2026-06-23T17:00:00+00:00,7.607,7.629,7.568,7.578,5707.45
2026-06-23T18:00:00+00:00,7.578,7.603,7.546,7.564,11377.889
2026-06-23T19:00:00+00:00,7.564,7.6,7.562,7.58,27009.46
2026-06-23T20:00:00+00:00,7.58,7.603,7.57,7.581,11199.863
2026-06-23T21:00:00+00:00,7.581,7.615,7.577,7.605,77505.393
2026-06-23T22:00:00+00:00,7.605,7.647,7.6,7.612,31849.579
2026-06-23T23:00:00+00:00,7.612,7.646,7.588,7.634,27049.933
2026-06-24T00:00:00+00:00,7.634,7.664,7.61,7.621,42896.373
2026-06-24T01:00:00+00:00,7.621,7.664,7.589,7.631,50247.118
2026-06-24T02:00:00+00:00,7.631,7.638,7.585,7.585,33623.274
2026-06-24T03:00:00+00:00,7.585,7.604,7.554,7.586,36028.53
2026-06-24T04:00:00+00:00,7.586,7.604,7.531,7.595,23902.654
2026-06-24T05:00:00+00:00,7.595,7.67,7.595,7.643,39644.046
2026-06-24T06:00:00+00:00,7.643,7.655,7.628,7.641,41301.347
2026-06-24T07:00:00+00:00,7.641,7.649,7.6,7.606,60398.546
2026-06-24T08:00:00+00:00,7.606,7.629,7.587,7.624,78800.61
2026-06-24T09:00:00+00:00,7.624,7.626,7.598,7.623,11913.178
2026-06-24T10:00:00+00:00,7.623,7.626,7.574,7.582,14080.619
2026-06-24T11:00:00+00:00,7.582,7.698,7.539,7.633,38672.693
2026-06-24T12:00:00+00:00,7.633,7.643,7.583,7.588,36261.167
2026-06-24T13:00:00+00:00,7.588,7.594,7.455,7.473,94583.877
2026-06-24T14:00:00+00:00,7.473,7.533,7.449,7.501,49965.406
2026-06-24T15:00:00+00:00,7.501,7.503,7.36,7.368,96590.089
2026-06-24T16:00:00+00:00,7.368,7.454,7.233,7.269,121631.571
2026-06-24T17:00:00+00:00,7.269,7.295,7.122,7.137,163815.079
2026-06-24T18:00:00+00:00,7.137,7.263,7.124,7.188,71711.254
2026-06-24T19:00:00+00:00,7.188,7.249,7.175,7.244,56942.213
2026-06-24T20:00:00+00:00,7.244,7.429,7.233,7.396,65895.762
2026-06-24T21:00:00+00:00,7.396,7.45,7.365,7.45,50829.41
2026-06-24T22:00:00+00:00,7.45,7.48,7.402,7.412,33882.42
2026-06-24T23:00:00+00:00,7.412,7.435,7.399,7.424,31786.171
2026-06-25T00:00:00+00:00,7.424,7.445,7.388,7.403,26652.303
2026-06-25T01:00:00+00:00,7.403,7.418,7.384,7.411,20972.85
2026-06-25T02:00:00+00:00,7.411,7.424,7.391,7.411,35428.274
2026-06-25T03:00:00+00:00,7.411,7.423,7.39,7.408,24523.887
2026-06-25T04:00:00+00:00,7.408,7.478,7.385,7.467,45583.008
2026-06-25T05:00:00+00:00,7.467,7.54,7.46,7.514,68957.239
2026-06-25T06:00:00+00:00,7.514,7.553,7.509,7.526,42431.346
2026-06-25T07:00:00+00:00,7.526,7.54,7.505,7.539,28300.773
2026-06-25T08:00:00+00:00,7.539,7.539,7.502,7.509,14094.339
2026-06-25T09:00:00+00:00,7.509,7.519,7.485,7.495,12316.645
2026-06-25T10:00:00+00:00,7.495,7.5,7.448,7.45,22366.789
2026-06-25T11:00:00+00:00,7.45,7.465,7.424,7.44,50608.313
2026-06-25T12:00:00+00:00,7.44,7.504,7.392,7.45,47742.488
2026-06-25T13:00:00+00:00,7.45,7.488,7.008,7.029,223457.771
2026-06-25T14:00:00+00:00,7.029,7.302,7.029,7.189,175123.729
2026-06-25T15:00:00+00:00,7.189,7.231,7.102,7.215,78317.098
2026-06-25T16:00:00+00:00,7.215,7.282,7.162,7.197,79131.924
2026-06-25T17:00:00+00:00,7.197,7.281,7.186,7.277,93196.765
2026-06-25T18:00:00+00:00,7.277,7.286,7.174,7.201,87936.467
2026-06-25T19:00:00+00:00,7.201,7.202,7.139,7.178,45934.334
2026-06-25T20:00:00+00:00,7.178,7.23,7.178,7.194,22984.363
2026-06-25T21:00:00+00:00,7.194,7.282,7.188,7.281,54719.902
2026-06-25T22:00:00+00:00,7.281,7.287,7.24,7.244,38343.342
2026-06-25T23:00:00+00:00,7.244,7.301,7.232,7.248,31973.047
2026-06-26T00:00:00+00:00,7.248,7.267,7.224,7.234,53479.26
2026-06-26T01:00:00+00:00,7.234,7.251,7.165,7.173,16610.94
2026-06-26T02:00:00+00:00,7.173,7.178,7.032,7.057,71190.254
2026-06-26T03:00:00+00:00,7.057,7.223,7.015,7.204,49248.087
2026-06-26T04:00:00+00:00,7.204,7.227,7.175,7.176,39272.566
2026-06-26T05:00:00+00:00,7.176,7.222,7.171,7.199,61394.857
2026-06-26T06:00:00+00:00,7.199,7.282,7.158,7.276,64994.686
2026-06-26T07:00:00+00:00,7.276,7.342,7.271,7.332,75433.647
2026-06-26T08:00:00+00:00,7.332,7.336,7.249,7.257,46690.504
2026-06-26T09:00:00+00:00,7.257,7.268,7.189,7.19,26057.676
2026-06-26T10:00:00+00:00,7.19,7.203,7.15,7.158,30516.315
2026-06-26T11:00:00+00:00,7.158,7.191,7.126,7.147,88210.562
2026-06-26T12:00:00+00:00,7.147,7.234,7.09,7.126,83838.422
2026-06-26T13:00:00+00:00,7.126,7.272,7.057,7.269,118324.349
2026-06-26T14:00:00+00:00,7.269,7.289,7.206,7.23,81970.242
2026-06-26T15:00:00+00:00,7.23,7.359,7.22,7.338,65619.199
2026-06-26T16:00:00+00:00,7.338,7.4,7.302,7.348,87773.163
2026-06-26T17:00:00+00:00,7.348,7.391,7.345,7.37,40608.051
2026-06-26T18:00:00+00:00,7.37,7.384,7.288,7.302,26984.124
2026-06-26T19:00:00+00:00,7.302,7.373,7.287,7.326,50938.006
2026-06-26T20:00:00+00:00,7.326,7.388,7.307,7.314,51015.5
2026-06-26T21:00:00+00:00,7.314,7.342,7.294,7.313,79723.658
2026-06-26T22:00:00+00:00,7.313,7.359,7.292,7.356,47712.968
2026-06-26T23:00:00+00:00,7.356,7.372,7.347,7.352,27174.648
2026-06-27T00:00:00+00:00,7.352,7.383,7.324,7.353,19672.985
2026-06-27T01:00:00+00:00,7.353,7.36,7.34,7.356,4908.111
2026-06-27T02:00:00+00:00,7.356,7.417,7.348,7.401,12799.122
2026-06-27T03:00:00+00:00,7.401,7.402,7.362,7.365,19716.755
2026-06-27T04:00:00+00:00,7.365,7.398,7.362,7.362,8095.683
2026-06-27T05:00:00+00:00,7.362,7.374,7.347,7.371,31243.591
2026-06-27T06:00:00+00:00,7.371,7.403,7.352,7.38,12029.593
2026-06-27T07:00:00+00:00,7.38,7.393,7.364,7.386,9673.319
2026-06-27T08:00:00+00:00,7.386,7.386,7.36,7.373,40369.165
2026-06-27T09:00:00+00:00,7.373,7.381,7.344,7.381,9994.062
2026-06-27T10:00:00+00:00,7.381,7.382,7.356,7.368,7325.561
2026-06-27T11:00:00+00:00,7.368,7.369,7.332,7.357,7833.083
2026-06-27T12:00:00+00:00,7.357,7.376,7.341,7.375,7177.705
2026-06-27T13:00:00+00:00,7.375,7.396,7.373,7.392,10934.96
2026-06-27T14:00:00+00:00,7.392,7.424,7.383,7.411,13764.707
2026-06-27T15:00:00+00:00,7.411,7.475,7.411,7.455,57965.814
2026-06-27T16:00:00+00:00,7.455,7.468,7.436,7.454,23630.218
2026-06-27T17:00:00+00:00,7.454,7.454,7.366,7.378,30701.984
2026-06-27T18:00:00+00:00,7.378,7.388,7.364,7.385,14350.316
2026-06-27T19:00:00+00:00,7.385,7.399,7.305,7.325,24325.54
2026-06-27T20:00:00+00:00,7.325,7.346,7.323,7.337,21603.191
2026-06-27T21:00:00+00:00,7.337,7.346,7.296,7.305,23831.212
2026-06-27T22:00:00+00:00,7.305,7.326,7.249,7.326,29580.739
2026-06-27T23:00:00+00:00,7.326,7.334,7.289,7.297,6479.154
2026-06-28T00:00:00+00:00,7.297,7.317,7.292,7.297,13659.757
2026-06-28T01:00:00+00:00,7.297,7.305,7.283,7.294,5865.749
2026-06-28T02:00:00+00:00,7.294,7.315,7.27,7.279,103294.007
2026-06-28T03:00:00+00:00,7.279,7.307,7.279,7.306,73337.905
2026-06-28T04:00:00+00:00,7.306,7.309,7.278,7.295,44419.138
2026-06-28T05:00:00+00:00,7.295,7.295,7.241,7.267,46549.657
2026-06-28T06:00:00+00:00,7.267,7.269,7.221,7.257,95196.732
2026-06-28T07:00:00+00:00,7.257,7.306,7.257,7.305,57391.248
2026-06-28T08:00:00+00:00,7.305,7.356,7.294,7.329,14864.455
2026-06-28T09:00:00+00:00,7.329,7.349,7.293,7.295,58303.736
2026-06-28T10:00:00+00:00,7.295,7.314,7.232,7.249,65425.397
2026-06-28T11:00:00+00:00,7.249,7.293,7.239,7.289,47076.314
2026-06-28T12:00:00+00:00,7.289,7.315,7.262,7.289,57911.864
2026-06-28T13:00:00+00:00,7.289,7.289,7.242,7.259,78886.976
2026-06-28T14:00:00+00:00,7.259,7.314,7.258,7.296,101011.746
2026-06-28T15:00:00+00:00,7.296,7.33,7.285,7.317,184686.007
2026-06-28T16:00:00+00:00,7.317,7.321,7.229,7.248,113755.788
2026-06-28T17:00:00+00:00,7.248,7.275,7.209,7.253,169628.234
2026-06-28T18:00:00+00:00,7.253,7.267,7.226,7.249,137499.636
2026-06-28T19:00:00+00:00,7.249,7.267,7.198,7.23,176799.485
2026-06-28T20:00:00+00:00,7.23,7.28,7.228,7.253,62039.069
2026-06-28T21:00:00+00:00,7.253,7.258,7.172,7.193,198068.78
2026-06-28T22:00:00+00:00,7.193,7.277,7.159,7.195,130178.145
2026-06-28T23:00:00+00:00,7.195,7.296,7.187,7.269,45552.189
2026-06-29T00:00:00+00:00,7.269,7.285,7.195,7.279,180089.406
2026-06-29T01:00:00+00:00,7.279,7.283,7.222,7.26,104433.43
2026-06-29T02:00:00+00:00,7.26,7.308,7.18,7.303,72997.777
2026-06-29T03:00:00+00:00,7.303,7.368,7.303,7.329,95870.21
2026-06-29T04:00:00+00:00,7.329,7.332,7.277,7.288,86011.242
2026-06-29T05:00:00+00:00,7.288,7.311,7.222,7.311,75422.879
2026-06-29T06:00:00+00:00,7.311,7.352,7.307,7.313,64409.496
2026-06-29T07:00:00+00:00,7.313,7.334,7.289,7.323,27131.471
2026-06-29T08:00:00+00:00,7.323,7.341,7.277,7.287,26714.347
2026-06-29T09:00:00+00:00,7.287,7.331,7.286,7.323,20450.021
2026-06-29T10:00:00+00:00,7.323,7.363,7.323,7.335,60813.692
2026-06-29T11:00:00+00:00,7.335,7.357,7.29,7.307,43809.604
2026-06-29T12:00:00+00:00,7.307,7.41,7.265,7.318,90854.557
2026-06-29T13:00:00+00:00,7.318,7.363,7.25,7.285,88182.199
2026-06-29T14:00:00+00:00,7.285,7.297,7.203,7.286,78571.833
2026-06-29T15:00:00+00:00,7.286,7.345,7.222,7.327,42298.877
2026-06-29T16:00:00+00:00,7.327,7.353,7.282,7.336,37013.729
2026-06-29T17:00:00+00:00,7.336,7.501,7.336,7.473,113838.337
2026-06-29T18:00:00+00:00,7.473,7.482,7.441,7.45,64664.111
2026-06-29T19:00:00+00:00,7.45,7.484,7.437,7.473,62418.968
2026-06-29T20:00:00+00:00,7.473,7.477,7.442,7.442,43838.242
2026-06-29T21:00:00+00:00,7.442,7.477,7.426,7.456,83827.972
2026-06-29T22:00:00+00:00,7.456,7.467,7.413,7.413,35467.945
2026-06-29T23:00:00+00:00,7.413,7.416,7.374,7.386,21496.197
2026-06-30T00:00:00+00:00,7.386,7.399,7.3,7.312,58226.783
2026-06-30T01:00:00+00:00,7.312,7.335,7.277,7.312,48730.029
2026-06-30T02:00:00+00:00,7.312,7.322,7.28,7.31,40854.59
2026-06-30T03:00:00+00:00,7.31,7.331,7.284,7.293,39957.421
2026-06-30T04:00:00+00:00,7.293,7.314,7.272,7.308,44859.96
2026-06-30T05:00:00+00:00,7.308,7.316,7.281,7.313,21077.349
2026-06-30T06:00:00+00:00,7.313,7.328,7.295,7.312,61080.262
2026-06-30T07:00:00+00:00,7.312,7.318,7.293,7.302,49919.055
2026-06-30T08:00:00+00:00,7.302,7.305,7.248,7.269,57951.199
2026-06-30T09:00:00+00:00,7.269,7.289,7.258,7.284,30665.606
2026-06-30T10:00:00+00:00,7.284,7.292,7.272,7.283,22544.322
2026-06-30T11:00:00+00:00,7.283,7.287,7.247,7.259,19863.358
2026-06-30T12:00:00+00:00,7.259,7.259,7.125,7.127,39947.601
2026-06-30T13:00:00+00:00,7.127,7.217,7.123,7.214,89234.528
2026-06-30T14:00:00+00:00,7.214,7.27,7.157,7.172,62873.263
2026-06-30T15:00:00+00:00,7.172,7.215,7.145,7.159,48418.015
2026-06-30T16:00:00+00:00,7.159,7.197,7.125,7.19,38619.846
2026-06-30T17:00:00+00:00,7.19,7.218,7.172,7.18,45900.696
2026-06-30T18:00:00+00:00,7.18,7.237,7.171,7.224,25442.874
2026-06-30T19:00:00+00:00,7.224,7.232,7.196,7.213,15561.786
2026-06-30T20:00:00+00:00,7.213,7.218,7.175,7.184,8501.447
2026-06-30T21:00:00+00:00,7.184,7.191,7.152,7.178,27238.41
2026-06-30T22:00:00+00:00,7.178,7.206,7.168,7.179,40700.78
2026-06-30T23:00:00+00:00,7.179,7.205,7.174,7.203,14177.302
2026-07-01T00:00:00+00:00,7.203,7.214,7.173,7.202,10006.999
2026-07-01T01:00:00+00:00,7.202,7.24,7.079,7.213,40685.954
2026-07-01T02:00:00+00:00,7.213,7.263,7.19,7.259,52112.215
2026-07-01T03:00:00+00:00,7.259,7.307,7.23,7.294,39340.964
2026-07-01T04:00:00+00:00,7.294,7.336,7.282,7.316,12853.443
2026-07-01T05:00:00+00:00,7.316,7.32,7.268,7.28,23568.925
2026-07-01T06:00:00+00:00,7.28,7.28,7.184,7.201,33151.806
2026-07-01T07:00:00+00:00,7.201,7.213,7.181,7.205,28382.299
2026-07-01T08:00:00+00:00,7.205,7.245,7.176,7.245,14875.017
2026-07-01T09:00:00+00:00,7.245,7.264,7.234,7.26,23584.697
2026-07-01T10:00:00+00:00,7.26,7.265,7.221,7.223,29182.302
2026-07-01T11:00:00+00:00,7.223,7.239,7.204,7.222,9071.832
2026-07-01T12:00:00+00:00,7.222,7.229,7.193,7.203,14997.812
2026-07-01T13:00:00+00:00,7.203,7.314,7.191,7.307,42965.941
2026-07-01T14:00:00+00:00,7.307,7.398,7.293,7.342,34525.518
2026-07-01T15:00:00+00:00,7.342,7.463,7.342,7.415,26129.368
2026-07-01T16:00:00+00:00,7.415,7.448,7.369,7.372,33515.548
2026-07-01T17:00:00+00:00,7.372,7.41,7.352,7.402,9575.293
2026-07-01T18:00:00+00:00,7.402,7.41,7.353,7.37,15231.265
2026-07-01T19:00:00+00:00,7.37,7.394,7.365,7.38,16383.98
2026-07-01T20:00:00+00:00,7.38,7.409,7.363,7.409,9236.835
2026-07-01T21:00:00+00:00,7.409,7.497,7.407,7.482,36205.948
2026-07-01T22:00:00+00:00,7.482,7.534,7.441,7.448,30316.25
2026-07-01T23:00:00+00:00,7.448,7.448,7.349,7.36,20403.947
2026-07-02T00:00:00+00:00,7.36,7.363,7.309,7.34,11372.641
2026-07-02T01:00:00+00:00,7.34,7.433,7.34,7.426,22177.542
2026-07-02T02:00:00+00:00,7.426,7.432,7.397,7.414,6123.186
2026-07-02T03:00:00+00:00,7.414,7.547,7.408,7.538,37229.334
2026-07-02T04:00:00+00:00,7.538,7.541,7.492,7.516,32444.717
2026-07-02T05:00:00+00:00,7.516,7.519,7.471,7.483,6081.048
2026-07-02T06:00:00+00:00,7.483,7.49,7.445,7.448,6485.212
2026-07-02T07:00:00+00:00,7.448,7.46,7.43,7.452,20245.119
2026-07-02T08:00:00+00:00,7.452,7.506,7.45,7.505,24580.624
2026-07-02T09:00:00+00:00,7.505,7.618,7.486,7.592,44127.898
2026-07-02T10:00:00+00:00,7.592,7.665,7.581,7.633,46851.56
2026-07-02T11:00:00+00:00,7.633,7.663,7.624,7.657,12103.704
2026-07-02T12:00:00+00:00,7.657,7.752,7.645,7.741,44914.613
2026-07-02T13:00:00+00:00,7.741,7.911,7.726,7.878,86282.06
2026-07-02T14:00:00+00:00,7.878,7.944,7.776,7.799,55757.232
2026-07-02T15:00:00+00:00,7.799,7.811,7.746,7.786,35555.405
2026-07-02T16:00:00+00:00,7.786,7.819,7.724,7.775,37925.37
2026-07-02T17:00:00+00:00,7.775,7.795,7.747,7.755,28720.905
2026-07-02T18:00:00+00:00,7.755,7.786,7.752,7.758,12255.762
2026-07-02T19:00:00+00:00,7.758,7.77,7.726,7.743,21661.037
2026-07-02T20:00:00+00:00,7.743,7.76,7.719,7.752,24668.984
2026-07-02T21:00:00+00:00,7.752,7.754,7.725,7.74,11204.916
2026-07-02T22:00:00+00:00,7.74,7.741,7.695,7.716,12860.372
2026-07-02T23:00:00+00:00,7.716,7.756,7.7,7.745,18815.68
2026-07-03T00:00:00+00:00,7.745,7.755,7.723,7.728,17671.653
2026-07-03T01:00:00+00:00,7.728,7.831,7.721,7.814,20378.726
2026-07-03T02:00:00+00:00,7.814,7.82,7.738,7.782,27002.904
2026-07-03T03:00:00+00:00,7.782,7.8,7.748,7.767,38716.408
2026-07-03T04:00:00+00:00,7.767,7.77,7.73,7.737,32180.954
2026-07-03T05:00:00+00:00,7.737,7.796,7.729,7.774,16485.906
2026-07-03T06:00:00+00:00,7.774,7.807,7.761,7.776,17663.718
2026-07-03T07:00:00+00:00,7.776,7.788,7.766,7.767,21776.435
2026-07-03T08:00:00+00:00,7.767,7.827,7.767,7.779,26199.091
2026-07-03T09:00:00+00:00,7.779,7.813,7.764,7.796,7595.346
2026-07-03T10:00:00+00:00,7.796,7.879,7.789,7.845,41722.685
2026-07-03T11:00:00+00:00,7.845,7.88,7.835,7.877,33020.03
2026-07-03T12:00:00+00:00,7.877,7.893,7.833,7.838,19309.236
2026-07-03T13:00:00+00:00,7.838,7.876,7.835,7.869,23095.687
2026-07-03T14:00:00+00:00,7.869,7.869,7.812,7.86,25394.078
