timestamp,open,high,low,close,volume
2026-04-11T07:00:00+00:00,84.13,84.42,84.06,84.27,31203.8979
2026-04-11T08:00:00+00:00,84.27,84.44,84.16,84.17,8937.117
2026-04-11T09:00:00+00:00,84.17,84.79,84.14,84.49,20432.17
2026-04-11T10:00:00+00:00,84.49,84.52,83.96,84.05,9794.0033
2026-04-11T11:00:00+00:00,84.05,84.26,83.8,84.23,29368.4196
2026-04-11T12:00:00+00:00,84.23,84.52,84.06,84.24,16114.4163
2026-04-11T13:00:00+00:00,84.24,84.31,83.83,84.11,11924.1788
2026-04-11T14:00:00+00:00,84.11,84.43,84.04,84.39,9336.0068
2026-04-11T15:00:00+00:00,84.39,84.9,84.23,84.68,24463.3618
2026-04-11T16:00:00+00:00,84.68,85.4,84.6,84.97,21044.8493
2026-04-11T17:00:00+00:00,84.97,85.02,84.69,84.8,8846.02
2026-04-11T18:00:00+00:00,84.8,85.81,84.64,85.48,18706.4405
2026-04-11T19:00:00+00:00,85.48,86.26,85.42,86.02,31011.9167
2026-04-11T20:00:00+00:00,86.02,86.07,85.12,85.39,16897.598
2026-04-11T21:00:00+00:00,85.39,85.54,85.18,85.33,12978.282
2026-04-11T22:00:00+00:00,85.33,86.18,85.07,85.25,25864.418
2026-04-11T23:00:00+00:00,85.25,85.26,84.53,84.92,19492.9562
2026-04-12T00:00:00+00:00,84.92,85.01,84.71,84.9,5646.9983
2026-04-12T01:00:00+00:00,84.9,84.98,82.05,82.3,43877.7449
2026-04-12T02:00:00+00:00,82.3,83.06,81.88,82.68,27901.5954
2026-04-12T03:00:00+00:00,82.68,82.8,82.34,82.35,18024.5099
2026-04-12T04:00:00+00:00,82.35,82.47,82.16,82.23,13719.842
2026-04-12T05:00:00+00:00,82.23,82.48,82.09,82.4,12451.0388
2026-04-12T06:00:00+00:00,82.4,82.5,82.2,82.28,8627.4207
2026-04-12T07:00:00+00:00,82.28,82.46,82.24,82.28,5663.3858
2026-04-12T08:00:00+00:00,82.28,82.36,82.16,82.29,9010.6269
2026-04-12T09:00:00+00:00,82.29,82.4,82.14,82.21,7954.1957
2026-04-12T10:00:00+00:00,82.21,82.33,81.96,82.04,11487.4644
2026-04-12T11:00:00+00:00,82.04,82.37,81.96,82.22,8860.4799
2026-04-12T12:00:00+00:00,82.22,82.57,81.9,82.02,21276.9265
2026-04-12T13:00:00+00:00,82.02,82.24,81.77,81.9,17800.9772
2026-04-12T14:00:00+00:00,81.9,82.11,81.31,81.57,26686.1382
2026-04-12T15:00:00+00:00,81.57,81.83,81.31,81.6,19599.4834
2026-04-12T16:00:00+00:00,81.6,81.88,81.54,81.87,5242.5154
2026-04-12T17:00:00+00:00,81.87,82.3,81.77,82.18,6294.4057
2026-04-12T18:00:00+00:00,82.18,82.33,82.05,82.14,6663.2966
2026-04-12T19:00:00+00:00,82.14,82.32,81.93,81.99,5561.3555
2026-04-12T20:00:00+00:00,81.99,82.88,81.94,82.67,10323.8937
2026-04-12T21:00:00+00:00,82.67,82.89,82.44,82.8,9890.9365
2026-04-12T22:00:00+00:00,82.8,82.81,81.37,81.98,79618.0279
2026-04-12T23:00:00+00:00,81.98,81.98,81.29,81.53,18553.7608
2026-04-13T00:00:00+00:00,81.53,82.21,81.4,82.14,11571.6925
2026-04-13T01:00:00+00:00,82.14,82.35,81.94,82.33,13852.86
2026-04-13T02:00:00+00:00,82.33,82.43,81.89,81.92,9402.0798
2026-04-13T03:00:00+00:00,81.92,82.07,81.75,81.91,13140.4802
2026-04-13T04:00:00+00:00,81.91,82.25,81.85,81.91,9081.034
2026-04-13T05:00:00+00:00,81.91,81.99,81.53,81.84,8450.1759
2026-04-13T06:00:00+00:00,81.84,82.63,81.81,82.35,31122.9314
2026-04-13T07:00:00+00:00,82.35,82.41,81.85,82.16,17241.1517
2026-04-13T08:00:00+00:00,82.16,82.29,81.73,81.87,19709.6533
2026-04-13T09:00:00+00:00,81.87,82.22,81.81,81.87,16981.4895
2026-04-13T10:00:00+00:00,81.87,81.98,81.66,81.74,7868.5269
2026-04-13T11:00:00+00:00,81.74,82.06,81.69,81.86,9442.874
2026-04-13T12:00:00+00:00,81.86,82.79,81.82,82.53,28203.8532
2026-04-13T13:00:00+00:00,82.53,83.67,82.29,83.59,55258.2364
2026-04-13T14:00:00+00:00,83.59,83.8,82.76,83.78,52679.9199
2026-04-13T15:00:00+00:00,83.78,83.86,82.35,82.66,35383.1371
2026-04-13T16:00:00+00:00,82.66,83.61,82.35,83.36,27340.5601
2026-04-13T17:00:00+00:00,83.36,83.84,83.02,83.05,22668.6687
2026-04-13T18:00:00+00:00,83.05,83.26,82.59,83.21,17427.3573
2026-04-13T19:00:00+00:00,83.21,84.25,83.1,84.08,33717.1552
2026-04-13T20:00:00+00:00,84.08,84.36,83.82,83.93,38929.9994
2026-04-13T21:00:00+00:00,83.93,84.14,83.84,83.96,15516.3407
2026-04-13T22:00:00+00:00,83.96,86.46,83.96,86.2,68405.7926
2026-04-13T23:00:00+00:00,86.2,86.84,85.9,86.53,68014.2606
2026-04-14T00:00:00+00:00,86.53,86.75,85.65,85.91,77626.8052
2026-04-14T01:00:00+00:00,85.91,86.12,85.68,85.96,42836.631
2026-04-14T02:00:00+00:00,85.96,86.4,85.87,86.23,36941.821
2026-04-14T03:00:00+00:00,86.23,86.27,85.99,86.06,23547.2927
2026-04-14T04:00:00+00:00,86.06,86.07,85.58,85.91,22172.3039
2026-04-14T05:00:00+00:00,85.91,85.92,85.44,85.51,14497.1
2026-04-14T06:00:00+00:00,85.51,86.09,85.51,85.95,20619.1685
2026-04-14T07:00:00+00:00,85.95,86.19,85.79,85.89,35427.7387
2026-04-14T08:00:00+00:00,85.89,86.36,85.71,86.12,24625.4168
2026-04-14T09:00:00+00:00,86.12,86.25,85.97,86.1,9825.1005
2026-04-14T10:00:00+00:00,86.1,86.56,85.99,86.03,26908.8392
2026-04-14T11:00:00+00:00,86.03,86.1,85.62,85.78,56711.1042
2026-04-14T12:00:00+00:00,85.78,86.01,85.59,85.97,17822.1407
2026-04-14T13:00:00+00:00,85.97,87.42,85.92,87.3,69253.0327
2026-04-14T14:00:00+00:00,87.3,87.64,86.0,86.0,67784.7894
2026-04-14T15:00:00+00:00,86.0,86.32,85.26,85.97,58403.904
2026-04-14T16:00:00+00:00,85.97,86.17,84.79,85.05,71494.2237
2026-04-14T17:00:00+00:00,85.05,85.45,84.71,85.25,54007.7574
2026-04-14T18:00:00+00:00,85.25,85.45,83.89,84.09,33567.2835
2026-04-14T19:00:00+00:00,84.09,84.38,83.73,83.95,42135.7041
2026-04-14T20:00:00+00:00,83.95,84.16,83.42,83.6,31988.0379
2026-04-14T21:00:00+00:00,83.6,83.95,83.55,83.81,17424.7424
2026-04-14T22:00:00+00:00,83.81,83.94,83.16,83.51,36639.2849
2026-04-14T23:00:00+00:00,83.51,84.06,83.47,83.72,34094.5796
2026-04-15T00:00:00+00:00,83.72,84.07,83.53,83.78,48220.2359
2026-04-15T01:00:00+00:00,83.78,84.03,83.57,83.92,21132.8947
2026-04-15T02:00:00+00:00,83.92,84.0,83.14,83.4,23875.3665
2026-04-15T03:00:00+00:00,83.4,83.51,83.3,83.46,8153.8812
2026-04-15T04:00:00+00:00,83.46,83.66,83.33,83.61,19568.8335
2026-04-15T05:00:00+00:00,83.61,83.79,82.96,83.13,28154.336
2026-04-15T06:00:00+00:00,83.13,83.14,82.84,83.0,28635.0332
2026-04-15T07:00:00+00:00,83.0,83.22,82.67,82.95,42610.6143
2026-04-15T08:00:00+00:00,82.95,83.29,82.75,83.14,25867.5065
2026-04-15T09:00:00+00:00,83.14,83.25,82.88,83.17,12157.8736
2026-04-15T10:00:00+00:00,83.17,83.64,82.91,83.14,38454.5808
2026-04-15T11:00:00+00:00,83.14,83.68,83.05,83.6,33830.0903
2026-04-15T12:00:00+00:00,83.6,83.88,83.38,83.7,35002.0612
2026-04-15T13:00:00+00:00,83.7,83.8,83.2,83.63,31419.8975
2026-04-15T14:00:00+00:00,83.63,84.49,83.41,84.3,39295.325
2026-04-15T15:00:00+00:00,84.3,84.47,83.51,84.01,35144.0541
2026-04-15T16:00:00+00:00,84.01,84.7,83.9,84.55,41508.888
2026-04-15T17:00:00+00:00,84.55,85.15,84.45,84.7,53160.8962
2026-04-15T18:00:00+00:00,84.7,85.06,84.6,85.03,20325.7658
2026-04-15T19:00:00+00:00,85.03,85.82,84.94,85.5,30419.139
2026-04-15T20:00:00+00:00,85.5,85.56,84.63,84.79,27222.7192
2026-04-15T21:00:00+00:00,84.79,84.89,84.2,84.77,18094.7856
2026-04-15T22:00:00+00:00,84.77,85.6,84.73,85.0,19747.8197
2026-04-15T23:00:00+00:00,85.0,85.02,84.64,84.9,12772.6145
2026-04-16T00:00:00+00:00,84.9,85.07,84.48,84.93,8014.4996
2026-04-16T01:00:00+00:00,84.93,84.93,84.46,84.86,6270.9034
2026-04-16T02:00:00+00:00,84.86,85.58,84.71,85.1,12378.9522
2026-04-16T03:00:00+00:00,85.1,85.49,85.07,85.29,20992.4402
2026-04-16T04:00:00+00:00,85.29,85.55,84.98,85.25,14814.018
2026-04-16T05:00:00+00:00,85.25,85.52,85.06,85.4,14286.9467
2026-04-16T06:00:00+00:00,85.4,85.54,85.18,85.46,9640.8459
2026-04-16T07:00:00+00:00,85.46,85.66,85.09,85.19,20303.4951
2026-04-16T08:00:00+00:00,85.19,85.3,84.91,85.05,12994.3086
2026-04-16T09:00:00+00:00,85.05,85.5,84.97,85.2,18818.5361
2026-04-16T10:00:00+00:00,85.2,85.24,84.63,85.05,17499.2649
2026-04-16T11:00:00+00:00,85.05,85.17,84.93,85.09,7783.5009
2026-04-16T12:00:00+00:00,85.09,85.49,85.06,85.39,11209.4396
2026-04-16T13:00:00+00:00,85.39,86.27,83.81,84.78,45445.8045
2026-04-16T14:00:00+00:00,84.78,85.69,84.06,85.38,31413.6354
2026-04-16T15:00:00+00:00,85.38,87.13,85.3,86.62,70133.9602
2026-04-16T16:00:00+00:00,86.62,87.09,85.62,85.93,48372.8295
2026-04-16T17:00:00+00:00,85.93,86.79,85.71,86.66,41909.7684
2026-04-16T18:00:00+00:00,86.66,89.07,86.5,88.99,123526.3575
2026-04-16T19:00:00+00:00,88.99,90.14,88.64,90.09,81076.9529
2026-04-16T20:00:00+00:00,90.09,90.48,89.25,89.58,55053.8129
2026-04-16T21:00:00+00:00,89.58,89.74,88.72,88.94,26827.4248
2026-04-16T22:00:00+00:00,88.94,89.45,88.87,88.99,37035.4054
2026-04-16T23:00:00+00:00,88.99,89.22,88.82,89.05,9286.3839
2026-04-17T00:00:00+00:00,89.05,89.18,88.58,88.82,11234.372
2026-04-17T01:00:00+00:00,88.82,89.0,87.91,88.23,22534.0488
2026-04-17T02:00:00+00:00,88.23,88.36,87.55,87.87,17500.9973
2026-04-17T03:00:00+00:00,87.87,87.95,87.48,87.7,9160.4613
2026-04-17T04:00:00+00:00,87.7,88.28,87.69,87.99,11005.8806
2026-04-17T05:00:00+00:00,87.99,88.0,87.38,87.4,30292.6323
2026-04-17T06:00:00+00:00,87.4,88.09,87.35,88.0,11523.0545
2026-04-17T07:00:00+00:00,88.0,88.47,87.96,88.14,16216.4722
2026-04-17T08:00:00+00:00,88.14,89.09,88.1,88.95,37601.9425
2026-04-17T09:00:00+00:00,88.95,89.52,88.33,88.72,37036.376
2026-04-17T10:00:00+00:00,88.72,88.74,87.34,87.67,67320.8491
2026-04-17T11:00:00+00:00,87.67,88.32,87.63,88.21,18455.4327
2026-04-17T12:00:00+00:00,88.21,88.93,87.92,88.89,45984.142
2026-04-17T13:00:00+00:00,88.89,90.52,88.58,90.12,152185.8223
2026-04-17T14:00:00+00:00,90.12,90.74,89.63,90.02,65967.7537
2026-04-17T15:00:00+00:00,90.02,90.18,89.48,89.95,42056.699
2026-04-17T16:00:00+00:00,89.95,90.59,89.9,90.42,29926.5009
2026-04-17T17:00:00+00:00,90.42,90.42,89.06,89.73,40507.1756
2026-04-17T18:00:00+00:00,89.73,89.83,88.88,89.16,23702.5975
2026-04-17T19:00:00+00:00,89.16,89.5,88.92,89.21,19410.9689
2026-04-17T20:00:00+00:00,89.21,89.36,88.5,89.0,17943.0437
2026-04-17T21:00:00+00:00,89.0,89.27,88.79,89.12,23281.1445
2026-04-17T22:00:00+00:00,89.12,89.47,88.94,89.22,9078.1466
2026-04-17T23:00:00+00:00,89.22,89.22,88.47,88.76,22360.7182
2026-04-18T00:00:00+00:00,88.76,89.15,88.65,88.96,9440.4263
2026-04-18T01:00:00+00:00,88.96,89.15,88.7,88.87,7761.4041
2026-04-18T02:00:00+00:00,88.87,89.1,88.67,88.91,4888.6262
2026-04-18T03:00:00+00:00,88.91,88.91,88.24,88.32,9911.6962
2026-04-18T04:00:00+00:00,88.32,88.54,88.24,88.36,12021.0529
2026-04-18T05:00:00+00:00,88.36,88.65,88.16,88.4,16076.9039
2026-04-18T06:00:00+00:00,88.4,88.62,88.31,88.52,7674.4817
2026-04-18T07:00:00+00:00,88.52,88.56,88.31,88.47,5571.8207
2026-04-18T08:00:00+00:00,88.47,88.51,87.09,87.53,67516.02
2026-04-18T09:00:00+00:00,87.53,87.68,87.14,87.63,21386.5199
2026-04-18T10:00:00+00:00,87.63,87.65,86.78,86.96,37298.772
2026-04-18T11:00:00+00:00,86.96,86.98,86.29,86.55,37475.0575
2026-04-18T12:00:00+00:00,86.55,86.97,86.51,86.92,13895.6675
2026-04-18T13:00:00+00:00,86.92,86.99,86.42,86.74,10846.0728
2026-04-18T14:00:00+00:00,86.74,86.88,86.47,86.82,10223.8524
2026-04-18T15:00:00+00:00,86.82,86.96,86.58,86.76,12178.4957
2026-04-18T16:00:00+00:00,86.76,86.99,86.47,86.7,16836.0203
2026-04-18T17:00:00+00:00,86.7,86.85,86.51,86.76,6015.6783
2026-04-18T18:00:00+00:00,86.76,86.76,85.8,85.97,31183.0957
2026-04-18T19:00:00+00:00,85.97,86.3,85.94,86.15,9567.1843
2026-04-18T20:00:00+00:00,86.15,86.31,86.01,86.17,8778.3367
2026-04-18T21:00:00+00:00,86.17,86.27,86.03,86.19,8353.4143
2026-04-18T22:00:00+00:00,86.19,86.35,85.92,86.29,15361.4929
2026-04-18T23:00:00+00:00,86.29,86.48,86.11,86.15,13505.8643
2026-04-19T00:00:00+00:00,86.15,86.38,85.86,86.03,18248.9351
2026-04-19T01:00:00+00:00,86.03,86.23,85.61,85.76,11463.1739
2026-04-19T02:00:00+00:00,85.76,85.87,85.23,85.55,20050.6564
2026-04-19T03:00:00+00:00,85.55,85.8,85.31,85.61,9127.1938
2026-04-19T04:00:00+00:00,85.61,85.96,85.16,85.58,14732.3113
2026-04-19T05:00:00+00:00,85.58,85.8,85.42,85.49,15910.1602
2026-04-19T06:00:00+00:00,85.49,85.66,85.15,85.46,13181.6339
2026-04-19T07:00:00+00:00,85.46,85.46,84.43,84.88,39036.1226
2026-04-19T08:00:00+00:00,84.88,85.16,84.63,84.81,36138.3338
2026-04-19T09:00:00+00:00,84.81,85.03,84.58,84.59,24523.4185
2026-04-19T10:00:00+00:00,84.59,84.9,84.42,84.78,16605.7254
2026-04-19T11:00:00+00:00,84.78,85.69,84.76,85.6,25011.8282
2026-04-19T12:00:00+00:00,85.6,85.93,85.55,85.8,16046.3205
2026-04-19T13:00:00+00:00,85.8,86.94,85.76,86.33,38016.218
2026-04-19T14:00:00+00:00,86.33,87.12,85.99,86.53,33572.9794
2026-04-19T15:00:00+00:00,86.53,86.67,85.56,86.35,42885.0442
2026-04-19T16:00:00+00:00,86.35,86.5,85.72,85.86,23240.3281
2026-04-19T17:00:00+00:00,85.86,85.98,85.0,85.16,48845.5462
2026-04-19T18:00:00+00:00,85.16,85.31,84.88,85.12,40570.512
2026-04-19T19:00:00+00:00,85.12,85.56,85.12,85.33,26224.0838
2026-04-19T20:00:00+00:00,85.33,85.38,84.76,84.95,56585.5435
2026-04-19T21:00:00+00:00,84.95,85.26,84.61,84.7,54857.7318
2026-04-19T22:00:00+00:00,84.7,84.7,82.93,83.76,139930.0872
2026-04-19T23:00:00+00:00,83.76,83.77,83.31,83.49,30692.6482
2026-04-20T00:00:00+00:00,83.49,84.19,83.34,83.99,39491.1794
2026-04-20T01:00:00+00:00,83.99,84.54,83.95,84.35,30730.4022
2026-04-20T02:00:00+00:00,84.35,84.4,83.71,84.22,29466.214
2026-04-20T03:00:00+00:00,84.22,84.63,84.13,84.6,24165.8571
2026-04-20T04:00:00+00:00,84.6,84.61,84.27,84.56,23547.2876
2026-04-20T05:00:00+00:00,84.56,84.59,83.76,83.86,18417.1498
2026-04-20T06:00:00+00:00,83.86,84.75,83.79,84.47,34166.619
2026-04-20T07:00:00+00:00,84.47,85.76,84.44,84.73,65134.8535
2026-04-20T08:00:00+00:00,84.73,85.13,84.56,84.67,38510.1879
2026-04-20T09:00:00+00:00,84.67,85.25,84.63,85.08,31259.9272
2026-04-20T10:00:00+00:00,85.08,85.41,84.81,84.85,30853.2044
2026-04-20T11:00:00+00:00,84.85,85.35,84.78,85.06,29384.9195
2026-04-20T12:00:00+00:00,85.06,85.56,84.85,85.32,45010.9542
2026-04-20T13:00:00+00:00,85.32,85.56,84.86,85.3,50943.6485
2026-04-20T14:00:00+00:00,85.3,85.83,84.54,84.79,58915.6517
2026-04-20T15:00:00+00:00,84.79,85.88,84.42,85.86,33617.0053
2026-04-20T16:00:00+00:00,85.86,85.88,85.26,85.3,21468.7468
2026-04-20T17:00:00+00:00,85.3,86.12,85.26,85.69,54700.84
2026-04-20T18:00:00+00:00,85.69,86.23,85.69,86.07,62501.2656
2026-04-20T19:00:00+00:00,86.07,86.12,85.78,85.8,18054.7135
2026-04-20T20:00:00+00:00,85.8,86.2,85.67,85.96,44897.5585
2026-04-20T21:00:00+00:00,85.96,86.22,85.58,85.81,53294.1779
2026-04-20T22:00:00+00:00,85.81,86.07,85.56,85.71,19418.6301
2026-04-20T23:00:00+00:00,85.71,85.71,85.18,85.3,47316.3144
2026-04-21T00:00:00+00:00,85.3,85.78,85.26,85.68,23756.8476
2026-04-21T01:00:00+00:00,85.68,85.83,85.37,85.44,27681.9336
2026-04-21T02:00:00+00:00,85.44,85.47,85.18,85.26,21771.829
2026-04-21T03:00:00+00:00,85.26,85.53,85.0,85.16,52337.4977
2026-04-21T04:00:00+00:00,85.16,85.48,85.02,85.44,38349.8993
2026-04-21T05:00:00+00:00,85.44,85.84,85.42,85.67,37738.1579
2026-04-21T06:00:00+00:00,85.67,85.95,85.18,85.67,30612.0564
2026-04-21T07:00:00+00:00,85.67,85.98,85.41,85.7,27589.6527
2026-04-21T08:00:00+00:00,85.7,86.37,85.64,85.79,20288.6445
2026-04-21T09:00:00+00:00,85.79,85.88,85.52,85.87,16748.906
2026-04-21T10:00:00+00:00,85.87,86.31,85.84,86.15,23857.7551
2026-04-21T11:00:00+00:00,86.15,86.16,85.72,85.83,18402.6499
2026-04-21T12:00:00+00:00,85.83,86.03,85.17,85.51,29535.5585
2026-04-21T13:00:00+00:00,85.51,85.86,85.3,85.82,23034.5416
2026-04-21T14:00:00+00:00,85.82,86.89,85.62,85.78,48958.1649
2026-04-21T15:00:00+00:00,85.78,86.29,85.4,86.05,32307.0025
2026-04-21T16:00:00+00:00,86.05,86.29,85.65,85.69,17801.8935
2026-04-21T17:00:00+00:00,85.69,85.81,84.71,85.32,42062.0414
2026-04-21T18:00:00+00:00,85.32,85.39,84.74,85.23,29072.8205
2026-04-21T19:00:00+00:00,85.23,85.72,84.31,84.57,39554.0683
2026-04-21T20:00:00+00:00,84.57,85.75,84.45,85.41,70649.6556
2026-04-21T21:00:00+00:00,85.41,85.57,85.02,85.15,17571.6061
2026-04-21T22:00:00+00:00,85.15,85.45,85.0,85.37,15758.4162
2026-04-21T23:00:00+00:00,85.37,86.13,85.33,86.05,15610.4097
2026-04-22T00:00:00+00:00,86.05,86.54,86.01,86.51,42572.0152
2026-04-22T01:00:00+00:00,86.51,86.53,86.11,86.27,23675.7504
2026-04-22T02:00:00+00:00,86.27,87.57,86.21,87.42,56947.9694
2026-04-22T03:00:00+00:00,87.42,87.86,87.12,87.24,32116.2433
2026-04-22T04:00:00+00:00,87.24,87.35,86.99,87.08,10177.4613
2026-04-22T05:00:00+00:00,87.08,88.34,87.02,88.03,65087.156
2026-04-22T06:00:00+00:00,88.03,88.19,87.82,87.96,20943.562
2026-04-22T07:00:00+00:00,87.96,88.28,87.72,88.05,36861.7367
2026-04-22T08:00:00+00:00,88.05,88.3,87.62,88.01,32148.583
2026-04-22T09:00:00+00:00,88.01,88.86,87.86,88.3,29947.5883
2026-04-22T10:00:00+00:00,88.3,88.42,88.15,88.34,8750.7187
2026-04-22T11:00:00+00:00,88.34,88.48,88.16,88.32,21620.9178
2026-04-22T12:00:00+00:00,88.32,88.67,88.23,88.59,22804.6719
2026-04-22T13:00:00+00:00,88.59,89.18,88.44,89.1,43027.5987
2026-04-22T14:00:00+00:00,89.1,89.32,88.49,88.75,41328.3614
2026-04-22T15:00:00+00:00,88.75,88.79,88.04,88.19,32193.3496
2026-04-22T16:00:00+00:00,88.19,88.47,87.54,87.67,26173.4369
2026-04-22T17:00:00+00:00,87.67,88.03,87.63,87.84,19637.2481
2026-04-22T18:00:00+00:00,87.84,88.39,87.8,87.8,15324.189
2026-04-22T19:00:00+00:00,87.8,87.84,87.1,87.39,22543.4508
2026-04-22T20:00:00+00:00,87.39,87.49,87.09,87.14,7699.1262
2026-04-22T21:00:00+00:00,87.14,87.65,87.12,87.6,15054.0602
2026-04-22T22:00:00+00:00,87.6,87.73,87.29,87.44,13195.6456
2026-04-22T23:00:00+00:00,87.44,87.48,86.82,86.88,10353.1659
2026-04-23T00:00:00+00:00,86.88,87.17,85.96,86.86,45043.8064
2026-04-23T01:00:00+00:00,86.86,86.87,86.13,86.44,11128.2216
2026-04-23T02:00:00+00:00,86.44,86.44,85.73,85.97,22819.9972
2026-04-23T03:00:00+00:00,85.97,86.09,85.49,85.8,11633.3169
2026-04-23T04:00:00+00:00,85.8,86.01,85.66,85.98,16393.7328
2026-04-23T05:00:00+00:00,85.98,86.14,85.5,85.85,30390.9997
2026-04-23T06:00:00+00:00,85.85,86.23,85.85,86.2,23440.6258
2026-04-23T07:00:00+00:00,86.2,86.23,85.86,85.91,13901.2698
2026-04-23T08:00:00+00:00,85.91,86.02,85.57,85.7,53567.879
2026-04-23T09:00:00+00:00,85.7,85.7,85.27,85.53,15427.755
2026-04-23T10:00:00+00:00,85.53,85.62,85.21,85.44,13806.5958
2026-04-23T11:00:00+00:00,85.44,85.91,85.38,85.83,15913.4808
2026-04-23T12:00:00+00:00,85.83,86.09,85.69,85.97,18975.0821
2026-04-23T13:00:00+00:00,85.97,86.05,85.56,85.76,29722.0659
2026-04-23T14:00:00+00:00,85.76,86.18,85.54,86.06,19902.4907
2026-04-23T15:00:00+00:00,86.06,86.64,85.79,86.35,32583.6998
2026-04-23T16:00:00+00:00,86.35,86.42,85.78,85.81,14787.1902
2026-04-23T17:00:00+00:00,85.81,85.87,84.45,85.34,50051.409
2026-04-23T18:00:00+00:00,85.34,85.67,85.21,85.26,29596.9668
2026-04-23T19:00:00+00:00,85.26,85.57,85.14,85.31,26329.3072
2026-04-23T20:00:00+00:00,85.31,85.85,85.29,85.6,32533.6593
2026-04-23T21:00:00+00:00,85.6,86.0,85.52,85.8,8349.5648
2026-04-23T22:00:00+00:00,85.8,86.26,85.8,85.97,19864.1159
2026-04-23T23:00:00+00:00,85.97,86.2,85.63,86.14,8119.7426
2026-04-24T00:00:00+00:00,86.14,86.37,86.05,86.2,9029.0419
2026-04-24T01:00:00+00:00,86.2,86.33,85.82,86.27,6370.0379
2026-04-24T02:00:00+00:00,86.27,86.36,85.77,85.89,5150.1713
2026-04-24T03:00:00+00:00,85.89,85.96,85.38,85.69,12118.2516
2026-04-24T04:00:00+00:00,85.69,85.7,85.17,85.33,7887.1923
2026-04-24T05:00:00+00:00,85.33,85.81,85.16,85.7,23161.2374
2026-04-24T06:00:00+00:00,85.7,85.73,85.33,85.45,19117.8979
2026-04-24T07:00:00+00:00,85.45,85.63,85.35,85.52,28235.113
2026-04-24T08:00:00+00:00,85.52,85.75,85.31,85.36,24902.9087
2026-04-24T09:00:00+00:00,85.36,85.48,84.92,85.48,19703.3043
2026-04-24T10:00:00+00:00,85.48,85.76,85.19,85.7,18982.1554
2026-04-24T11:00:00+00:00,85.7,86.27,85.7,86.2,25689.2509
2026-04-24T12:00:00+00:00,86.2,86.79,86.07,86.34,30609.209
2026-04-24T13:00:00+00:00,86.34,86.59,85.85,86.09,21910.541
2026-04-24T14:00:00+00:00,86.09,86.22,85.66,86.05,18154.4025
2026-04-24T15:00:00+00:00,86.05,86.56,85.53,86.52,16490.7134
2026-04-24T16:00:00+00:00,86.52,86.58,86.09,86.34,19310.722
2026-04-24T17:00:00+00:00,86.34,86.56,86.12,86.48,14056.9279
2026-04-24T18:00:00+00:00,86.48,86.53,85.95,86.37,10282.2539
2026-04-24T19:00:00+00:00,86.37,86.53,86.25,86.32,8665.2115
2026-04-24T20:00:00+00:00,86.32,86.92,86.21,86.86,22354.4866
2026-04-24T21:00:00+00:00,86.86,86.94,86.35,86.44,13762.5576
2026-04-24T22:00:00+00:00,86.44,86.45,86.09,86.17,9881.0931
2026-04-24T23:00:00+00:00,86.17,86.29,86.15,86.18,3273.8617
2026-04-25T00:00:00+00:00,86.18,86.26,86.01,86.24,8074.912
2026-04-25T01:00:00+00:00,86.24,86.36,86.13,86.26,6717.9839
2026-04-25T02:00:00+00:00,86.26,86.4,86.15,86.29,4430.3557
2026-04-25T03:00:00+00:00,86.29,86.5,86.27,86.45,5226.3285
2026-04-25T04:00:00+00:00,86.45,86.5,86.29,86.33,3394.3966
2026-04-25T05:00:00+00:00,86.33,86.33,86.13,86.21,3897.8153
2026-04-25T06:00:00+00:00,86.21,86.65,86.21,86.44,8992.4841
2026-04-25T07:00:00+00:00,86.44,86.52,86.25,86.37,12057.2603
2026-04-25T08:00:00+00:00,86.37,86.81,86.31,86.61,11098.8733
2026-04-25T09:00:00+00:00,86.61,86.79,86.56,86.57,7345.2476
2026-04-25T10:00:00+00:00,86.57,86.72,86.56,86.63,4338.4548
2026-04-25T11:00:00+00:00,86.63,86.63,86.25,86.37,8733.3256
2026-04-25T12:00:00+00:00,86.37,86.44,86.24,86.37,8256.7484
2026-04-25T13:00:00+00:00,86.37,86.77,86.37,86.6,15996.5762
2026-04-25T14:00:00+00:00,86.6,86.66,86.45,86.45,5028.8121
2026-04-25T15:00:00+00:00,86.45,86.64,86.13,86.23,13289.0394
2026-04-25T16:00:00+00:00,86.23,86.34,85.62,85.89,16269.8991
2026-04-25T17:00:00+00:00,85.89,85.89,85.56,85.58,20776.9629
2026-04-25T18:00:00+00:00,85.58,85.83,85.55,85.7,17198.5591
2026-04-25T19:00:00+00:00,85.7,85.71,85.57,85.67,12912.8699
2026-04-25T20:00:00+00:00,85.67,85.92,85.6,85.91,6496.0278
2026-04-25T21:00:00+00:00,85.91,86.09,85.73,85.89,10018.135
2026-04-25T22:00:00+00:00,85.89,86.17,85.85,86.09,6131.1773
2026-04-25T23:00:00+00:00,86.09,86.18,86.03,86.18,4172.7635
2026-04-26T00:00:00+00:00,86.18,86.2,85.92,86.0,11445.6346
2026-04-26T01:00:00+00:00,86.0,86.12,85.96,85.97,10592.2551
2026-04-26T02:00:00+00:00,85.97,86.37,85.97,86.37,4189.9453
2026-04-26T03:00:00+00:00,86.37,86.45,85.83,85.99,14266.4549
2026-04-26T04:00:00+00:00,85.99,86.71,85.93,86.43,17484.4804
2026-04-26T05:00:00+00:00,86.43,86.71,86.14,86.45,19747.712
2026-04-26T06:00:00+00:00,86.45,86.57,86.38,86.49,6238.9244
2026-04-26T07:00:00+00:00,86.49,86.63,86.43,86.63,10213.4016
2026-04-26T08:00:00+00:00,86.63,86.75,86.51,86.57,8832.0378
2026-04-26T09:00:00+00:00,86.57,86.59,86.44,86.53,11997.9183
2026-04-26T10:00:00+00:00,86.53,86.62,86.43,86.48,14965.9763
2026-04-26T11:00:00+00:00,86.48,86.65,86.44,86.48,21959.5399
2026-04-26T12:00:00+00:00,86.48,86.49,85.9,86.1,23866.7558
2026-04-26T13:00:00+00:00,86.1,86.26,85.98,86.12,18760.4619
2026-04-26T14:00:00+00:00,86.12,86.51,86.06,86.41,11209.9927
2026-04-26T15:00:00+00:00,86.41,86.59,86.36,86.56,6226.5712
2026-04-26T16:00:00+00:00,86.56,86.6,86.39,86.42,6987.7052
2026-04-26T17:00:00+00:00,86.42,86.59,86.28,86.55,4718.5694
2026-04-26T18:00:00+00:00,86.55,86.99,86.43,86.81,17980.8951
2026-04-26T19:00:00+00:00,86.81,87.24,86.67,86.87,24222.7063
2026-04-26T20:00:00+00:00,86.87,86.94,86.61,86.68,11721.8538
2026-04-26T21:00:00+00:00,86.68,87.12,86.17,86.82,40462.3638
2026-04-26T22:00:00+00:00,86.82,87.32,86.32,86.75,20477.6124
2026-04-26T23:00:00+00:00,86.75,87.17,86.52,86.92,11508.7615
2026-04-27T00:00:00+00:00,86.92,87.39,86.55,87.32,39420.2357
2026-04-27T01:00:00+00:00,87.32,87.86,87.26,87.83,30607.0957
2026-04-27T02:00:00+00:00,87.83,88.1,87.36,87.8,29468.9814
2026-04-27T03:00:00+00:00,87.8,88.07,87.69,87.74,13223.9019
2026-04-27T04:00:00+00:00,87.74,87.85,87.41,87.52,8580.0449
2026-04-27T05:00:00+00:00,87.52,87.54,85.79,85.96,90493.9126
2026-04-27T06:00:00+00:00,85.96,86.06,85.43,85.71,22521.2924
2026-04-27T07:00:00+00:00,85.71,85.79,85.27,85.28,21366.3015
2026-04-27T08:00:00+00:00,85.28,85.52,85.03,85.5,23428.9323
2026-04-27T09:00:00+00:00,85.5,85.62,85.16,85.49,48271.3881
2026-04-27T10:00:00+00:00,85.49,85.56,85.15,85.19,28501.8844
2026-04-27T11:00:00+00:00,85.19,85.28,85.06,85.25,10828.832
2026-04-27T12:00:00+00:00,85.25,85.26,84.92,85.09,26025.6503
2026-04-27T13:00:00+00:00,85.09,85.37,84.72,85.13,29882.6235
2026-04-27T14:00:00+00:00,85.13,85.85,85.0,85.23,34320.4739
2026-04-27T15:00:00+00:00,85.23,85.24,83.65,84.16,75828.4068
2026-04-27T16:00:00+00:00,84.16,84.4,84.04,84.28,18267.179
2026-04-27T17:00:00+00:00,84.28,84.69,84.28,84.48,26160.4049
2026-04-27T18:00:00+00:00,84.48,84.7,84.4,84.57,9236.9036
2026-04-27T19:00:00+00:00,84.57,84.66,83.84,84.19,23693.3348
2026-04-27T20:00:00+00:00,84.19,84.35,84.15,84.29,9091.0602
2026-04-27T21:00:00+00:00,84.29,84.49,84.12,84.27,7690.331
2026-04-27T22:00:00+00:00,84.27,84.61,84.2,84.55,6379.6599
2026-04-27T23:00:00+00:00,84.55,84.9,84.47,84.82,11326.6498
2026-04-28T00:00:00+00:00,84.82,84.93,84.58,84.81,6939.661
2026-04-28T01:00:00+00:00,84.81,84.87,84.39,84.4,4599.2322
2026-04-28T02:00:00+00:00,84.4,84.63,83.91,84.17,16899.3474
2026-04-28T03:00:00+00:00,84.17,84.2,84.02,84.18,4470.4905
2026-04-28T04:00:00+00:00,84.18,84.43,83.81,84.06,37788.9153
2026-04-28T05:00:00+00:00,84.06,84.44,84.02,84.19,15708.6899
2026-04-28T06:00:00+00:00,84.19,84.31,83.69,83.95,9777.0693
2026-04-28T07:00:00+00:00,83.95,84.06,83.64,84.03,6781.988
2026-04-28T08:00:00+00:00,84.03,84.2,83.77,83.95,10744.906
2026-04-28T09:00:00+00:00,83.95,83.97,83.42,83.63,10552.0391
2026-04-28T10:00:00+00:00,83.63,83.83,83.63,83.81,6170.8657
2026-04-28T11:00:00+00:00,83.81,83.86,83.3,83.4,9385.3808
2026-04-28T12:00:00+00:00,83.4,83.75,83.26,83.7,9999.3626
2026-04-28T13:00:00+00:00,83.7,84.02,83.2,83.54,15109.9278
2026-04-28T14:00:00+00:00,83.54,83.54,82.98,83.41,18809.3838
2026-04-28T15:00:00+00:00,83.41,83.52,83.21,83.47,15072.372
2026-04-28T16:00:00+00:00,83.47,83.76,83.32,83.59,9071.8147
2026-04-28T17:00:00+00:00,83.59,83.82,83.38,83.63,10530.1357
2026-04-28T18:00:00+00:00,83.63,83.85,83.6,83.82,7422.0879
2026-04-28T19:00:00+00:00,83.82,84.04,83.71,83.9,8592.9178
2026-04-28T20:00:00+00:00,83.9,83.99,83.77,83.78,6341.2376
2026-04-28T21:00:00+00:00,83.78,83.96,83.64,83.74,13740.2562
2026-04-28T22:00:00+00:00,83.74,83.92,83.58,83.73,19422.9131
2026-04-28T23:00:00+00:00,83.73,84.17,83.65,84.08,35206.4073
2026-04-29T00:00:00+00:00,84.08,84.19,83.82,84.06,33388.0089
2026-04-29T01:00:00+00:00,84.06,84.21,83.8,84.09,7003.9806
2026-04-29T02:00:00+00:00,84.09,84.22,83.94,84.05,7179.7197
2026-04-29T03:00:00+00:00,84.05,84.76,84.05,84.6,12937.2257
2026-04-29T04:00:00+00:00,84.6,85.08,84.45,84.98,11577.4778
2026-04-29T05:00:00+00:00,84.98,85.03,84.73,84.86,19476.5135
2026-04-29T06:00:00+00:00,84.86,85.0,84.55,84.64,10411.4918
2026-04-29T07:00:00+00:00,84.64,84.86,84.61,84.7,9584.3262
2026-04-29T08:00:00+00:00,84.7,84.76,84.35,84.52,19702.7633
2026-04-29T09:00:00+00:00,84.52,85.52,84.48,85.31,68255.4359
2026-04-29T10:00:00+00:00,85.31,85.56,85.14,85.15,24695.4344
2026-04-29T11:00:00+00:00,85.15,85.18,84.79,84.93,15823.5999
2026-04-29T12:00:00+00:00,84.93,84.93,83.95,84.25,53002.6825
2026-04-29T13:00:00+00:00,84.25,84.28,83.64,84.0,25581.4857
2026-04-29T14:00:00+00:00,84.0,84.05,83.67,83.83,20746.3069
2026-04-29T15:00:00+00:00,83.83,83.92,83.0,83.25,36492.7845
2026-04-29T16:00:00+00:00,83.25,83.64,82.96,83.12,33089.4471
2026-04-29T17:00:00+00:00,83.12,83.37,82.75,83.37,28285.0618
2026-04-29T18:00:00+00:00,83.37,83.45,81.4,82.3,95275.2883
2026-04-29T19:00:00+00:00,82.3,82.36,81.97,82.2,16995.3177
2026-04-29T20:00:00+00:00,82.2,82.85,82.17,82.64,25686.2418
2026-04-29T21:00:00+00:00,82.64,83.23,82.54,82.91,26158.7908
2026-04-29T22:00:00+00:00,82.91,83.14,82.81,83.07,13024.969
2026-04-29T23:00:00+00:00,83.07,83.12,82.83,83.06,12221.674
2026-04-30T00:00:00+00:00,83.06,84.01,83.06,83.81,44902.7806
2026-04-30T01:00:00+00:00,83.81,84.02,83.67,83.76,14020.6053
2026-04-30T02:00:00+00:00,83.76,83.97,82.71,83.0,18735.024
2026-04-30T03:00:00+00:00,83.0,83.24,82.87,83.06,6847.4245
2026-04-30T04:00:00+00:00,83.06,83.09,82.37,82.4,7963.0646
2026-04-30T05:00:00+00:00,82.4,82.79,82.18,82.57,9069.3881
2026-04-30T06:00:00+00:00,82.57,83.06,82.54,82.93,7226.2587
2026-04-30T07:00:00+00:00,82.93,83.4,82.9,83.36,20660.141
2026-04-30T08:00:00+00:00,83.36,83.44,83.12,83.13,29875.6997
2026-04-30T09:00:00+00:00,83.13,83.57,83.07,83.15,19380.1886
2026-04-30T10:00:00+00:00,83.15,83.23,82.94,83.01,16443.7677
2026-04-30T11:00:00+00:00,83.01,83.38,82.8,83.01,16927.7927
2026-04-30T12:00:00+00:00,83.01,83.49,83.0,83.22,29218.1035
2026-04-30T13:00:00+00:00,83.22,83.57,82.88,83.21,18558.4225
2026-04-30T14:00:00+00:00,83.21,83.42,82.69,83.25,15201.1941
2026-04-30T15:00:00+00:00,83.25,83.85,83.03,83.36,19261.4135
2026-04-30T16:00:00+00:00,83.36,83.45,82.94,83.02,8106.6567
2026-04-30T17:00:00+00:00,83.02,83.15,82.88,83.04,6725.9302
2026-04-30T18:00:00+00:00,83.04,83.32,82.99,83.07,6573.7186
2026-04-30T19:00:00+00:00,83.07,83.3,83.02,83.05,8079.8598
2026-04-30T20:00:00+00:00,83.05,83.2,82.99,83.11,7958.6811
2026-04-30T21:00:00+00:00,83.11,83.15,82.85,82.88,6996.9473
2026-04-30T22:00:00+00:00,82.88,83.05,82.8,82.85,6211.8428
2026-04-30T23:00:00+00:00,82.85,83.1,82.85,83.1,3603.5495
2026-05-01T00:00:00+00:00,83.1,83.42,83.08,83.2,8061.9107
2026-05-01T01:00:00+00:00,83.2,83.7,83.2,83.62,8709.3642
2026-05-01T02:00:00+00:00,83.62,83.86,83.47,83.63,34541.6616
2026-05-01T03:00:00+00:00,83.63,84.41,83.58,83.92,44466.7444
2026-05-01T04:00:00+00:00,83.92,84.08,83.7,83.84,10065.5874
2026-05-01T05:00:00+00:00,83.84,84.27,83.77,84.06,16247.134
2026-05-01T06:00:00+00:00,84.06,84.2,83.71,83.87,9860.4066
2026-05-01T07:00:00+00:00,83.87,84.0,83.67,83.97,49275.8397
2026-05-01T08:00:00+00:00,83.97,84.31,83.8,84.2,20128.0018
2026-05-01T09:00:00+00:00,84.2,84.2,83.93,83.97,7704.6593
2026-05-01T10:00:00+00:00,83.97,84.1,83.72,83.97,7655.8612
2026-05-01T11:00:00+00:00,83.97,84.23,83.88,84.03,4369.0283
2026-05-01T12:00:00+00:00,84.03,84.59,83.93,84.28,17310.3563
2026-05-01T13:00:00+00:00,84.28,84.86,84.26,84.62,17937.4452
2026-05-01T14:00:00+00:00,84.62,84.73,83.88,84.21,23684.3562
2026-05-01T15:00:00+00:00,84.21,84.62,84.01,84.48,24918.4749
2026-05-01T16:00:00+00:00,84.48,84.64,83.99,84.02,18421.6026
2026-05-01T17:00:00+00:00,84.02,84.29,83.92,84.24,12220.8004
2026-05-01T18:00:00+00:00,84.24,84.32,83.98,84.0,11235.6034
2026-05-01T19:00:00+00:00,84.0,84.08,83.8,83.9,5308.5669
2026-05-01T20:00:00+00:00,83.9,83.94,83.33,83.49,11212.3721
2026-05-01T21:00:00+00:00,83.49,83.81,83.43,83.71,8115.9592
2026-05-01T22:00:00+00:00,83.71,83.9,83.58,83.76,5293.8057
2026-05-01T23:00:00+00:00,83.76,83.89,83.58,83.77,35955.5673
2026-05-02T00:00:00+00:00,83.77,83.88,83.46,83.84,17813.9872
2026-05-02T01:00:00+00:00,83.84,84.07,83.77,84.06,16924.1108
2026-05-02T02:00:00+00:00,84.06,84.2,83.87,83.94,18629.3871
2026-05-02T03:00:00+00:00,83.94,83.98,83.72,83.81,11640.2892
2026-05-02T04:00:00+00:00,83.81,83.83,83.58,83.65,5320.0098
2026-05-02T05:00:00+00:00,83.65,83.75,83.54,83.71,3420.3635
2026-05-02T06:00:00+00:00,83.71,83.85,83.58,83.82,4342.9808
2026-05-02T07:00:00+00:00,83.82,83.86,83.71,83.73,1796.5194
2026-05-02T08:00:00+00:00,83.73,83.89,83.64,83.85,2759.3973
2026-05-02T09:00:00+00:00,83.85,84.17,83.82,84.0,12830.2345
2026-05-02T10:00:00+00:00,84.0,84.02,83.87,83.93,6475.2651
2026-05-02T11:00:00+00:00,83.93,83.93,83.53,83.7,15365.2191
2026-05-02T12:00:00+00:00,83.7,84.11,83.68,83.86,35345.0354
2026-05-02T13:00:00+00:00,83.86,84.08,83.86,83.96,3549.1293
2026-05-02T14:00:00+00:00,83.96,84.09,83.91,83.97,5917.1054
2026-05-02T15:00:00+00:00,83.97,84.07,83.93,84.04,3755.9634
2026-05-02T16:00:00+00:00,84.04,84.28,84.02,84.19,9567.4434
2026-05-02T17:00:00+00:00,84.19,84.2,84.0,84.04,2823.8308
2026-05-02T18:00:00+00:00,84.04,84.21,83.94,84.18,3632.0969
2026-05-02T19:00:00+00:00,84.18,84.31,84.16,84.23,3077.6464
2026-05-02T20:00:00+00:00,84.23,84.24,84.09,84.2,2936.7727
2026-05-02T21:00:00+00:00,84.2,84.99,84.15,84.55,43025.4827
2026-05-02T22:00:00+00:00,84.55,84.65,84.06,84.48,22510.7022
2026-05-02T23:00:00+00:00,84.48,84.52,84.23,84.29,19531.9376
2026-05-03T00:00:00+00:00,84.29,84.34,83.84,84.1,31435.1277
2026-05-03T01:00:00+00:00,84.1,84.1,83.75,83.77,4951.2596
2026-05-03T02:00:00+00:00,83.77,83.83,83.62,83.69,13240.4863
2026-05-03T03:00:00+00:00,83.69,83.75,83.6,83.67,4285.0864
2026-05-03T04:00:00+00:00,83.67,83.75,83.58,83.7,2808.9866
2026-05-03T05:00:00+00:00,83.7,83.84,83.66,83.75,10822.1656
2026-05-03T06:00:00+00:00,83.75,83.87,83.59,83.75,4557.1972
2026-05-03T07:00:00+00:00,83.75,84.0,83.75,83.86,5197.5193
2026-05-03T08:00:00+00:00,83.86,84.01,83.81,83.88,4641.8404
2026-05-03T09:00:00+00:00,83.88,84.1,83.87,84.05,9159.6082
2026-05-03T10:00:00+00:00,84.05,84.05,83.8,83.81,4906.752
2026-05-03T11:00:00+00:00,83.81,84.19,83.73,83.94,11602.1052
2026-05-03T12:00:00+00:00,83.94,84.23,83.94,84.08,9578.7447
2026-05-03T13:00:00+00:00,84.08,84.21,83.98,84.09,6939.5608
2026-05-03T14:00:00+00:00,84.09,84.43,84.08,84.34,5912.6425
2026-05-03T15:00:00+00:00,84.34,84.42,84.11,84.15,4546.0828
2026-05-03T16:00:00+00:00,84.15,84.29,83.99,84.14,5966.8833
2026-05-03T17:00:00+00:00,84.14,84.32,83.99,84.18,4976.6693
2026-05-03T18:00:00+00:00,84.18,84.32,84.11,84.26,3042.8029
2026-05-03T19:00:00+00:00,84.26,84.5,84.25,84.37,3738.0419
2026-05-03T20:00:00+00:00,84.37,84.73,84.25,84.34,19772.7661
2026-05-03T21:00:00+00:00,84.34,84.47,83.86,84.14,19969.1521
2026-05-03T22:00:00+00:00,84.14,84.97,84.14,84.69,18216.5686
2026-05-03T23:00:00+00:00,84.69,84.79,83.87,83.91,13375.9492
2026-05-04T00:00:00+00:00,83.91,83.91,83.36,83.79,14120.2013
2026-05-04T01:00:00+00:00,83.79,84.93,83.44,84.78,29019.8535
2026-05-04T02:00:00+00:00,84.78,85.62,84.74,85.25,60711.133
2026-05-04T03:00:00+00:00,85.25,85.58,85.11,85.41,18805.4843
2026-05-04T04:00:00+00:00,85.41,85.9,85.38,85.76,20345.9388
2026-05-04T05:00:00+00:00,85.76,85.79,85.33,85.38,12636.0858
2026-05-04T06:00:00+00:00,85.38,85.41,84.5,84.86,29426.0332
2026-05-04T07:00:00+00:00,84.86,85.01,84.68,84.87,7160.8926
2026-05-04T08:00:00+00:00,84.87,84.91,84.62,84.76,16826.1383
2026-05-04T09:00:00+00:00,84.76,85.19,84.68,85.05,9863.9717
2026-05-04T10:00:00+00:00,85.05,85.07,83.27,84.05,60006.0009
2026-05-04T11:00:00+00:00,84.05,84.14,83.83,83.95,12512.597
2026-05-04T12:00:00+00:00,83.95,84.16,83.84,83.9,10560.0342
2026-05-04T13:00:00+00:00,83.9,84.35,83.59,83.99,14915.0113
2026-05-04T14:00:00+00:00,83.99,85.34,83.79,84.99,50809.1981
2026-05-04T15:00:00+00:00,84.99,85.18,83.96,84.49,42447.54
2026-05-04T16:00:00+00:00,84.49,84.8,83.98,84.5,22545.0422
2026-05-04T17:00:00+00:00,84.5,85.2,84.49,84.95,16070.9905
2026-05-04T18:00:00+00:00,84.95,85.05,84.59,84.76,22819.9578
2026-05-04T19:00:00+00:00,84.76,84.78,84.37,84.44,26394.31
2026-05-04T20:00:00+00:00,84.44,84.46,84.06,84.09,15565.4413
2026-05-04T21:00:00+00:00,84.09,84.52,84.08,84.44,7910.8626
2026-05-04T22:00:00+00:00,84.44,84.57,84.18,84.21,6022.1572
2026-05-04T23:00:00+00:00,84.21,84.24,84.02,84.1,5468.5513
2026-05-05T00:00:00+00:00,84.1,84.37,84.04,84.31,4871.7767
2026-05-05T01:00:00+00:00,84.31,84.48,84.14,84.42,6485.573
2026-05-05T02:00:00+00:00,84.42,84.8,84.36,84.51,5956.9427
2026-05-05T03:00:00+00:00,84.51,84.96,84.41,84.78,6401.5475
2026-05-05T04:00:00+00:00,84.78,84.91,84.6,84.79,13152.2996
2026-05-05T05:00:00+00:00,84.79,85.13,84.73,84.94,12906.7276
2026-05-05T06:00:00+00:00,84.94,85.0,84.56,84.99,16606.1084
2026-05-05T07:00:00+00:00,84.99,85.08,84.78,84.88,17940.401
2026-05-05T08:00:00+00:00,84.88,84.91,84.7,84.79,16276.4483
2026-05-05T09:00:00+00:00,84.79,84.79,84.45,84.56,7681.2573
2026-05-05T10:00:00+00:00,84.56,84.95,84.44,84.91,9739.9449
2026-05-05T11:00:00+00:00,84.91,85.0,84.71,84.98,6559.419
2026-05-05T12:00:00+00:00,84.98,85.37,84.9,85.31,11266.8753
2026-05-05T13:00:00+00:00,85.31,86.09,85.31,85.6,42186.546
2026-05-05T14:00:00+00:00,85.6,85.75,85.18,85.48,17330.857
2026-05-05T15:00:00+00:00,85.48,85.88,85.35,85.5,15287.891
2026-05-05T16:00:00+00:00,85.5,85.7,85.04,85.33,13526.4341
2026-05-05T17:00:00+00:00,85.33,85.53,85.12,85.46,13207.9671
2026-05-05T18:00:00+00:00,85.46,85.89,85.43,85.88,16982.6223
2026-05-05T19:00:00+00:00,85.88,86.56,85.83,86.5,50858.2493
2026-05-05T20:00:00+00:00,86.5,86.94,86.43,86.65,29499.0395
2026-05-05T21:00:00+00:00,86.65,86.94,86.28,86.73,28256.9223
2026-05-05T22:00:00+00:00,86.73,86.99,86.21,86.57,30026.8669
2026-05-05T23:00:00+00:00,86.57,86.69,86.17,86.31,11541.7957
2026-05-06T00:00:00+00:00,86.31,86.56,86.12,86.39,17819.92
2026-05-06T01:00:00+00:00,86.39,87.02,86.32,86.87,20883.3264
2026-05-06T02:00:00+00:00,86.87,86.93,86.39,86.89,18981.5626
2026-05-06T03:00:00+00:00,86.89,87.47,86.88,87.32,27458.5577
2026-05-06T04:00:00+00:00,87.32,87.42,86.67,86.81,21211.4593
2026-05-06T05:00:00+00:00,86.81,87.47,86.76,87.41,44511.1888
2026-05-06T06:00:00+00:00,87.41,87.56,87.18,87.5,24569.2055
2026-05-06T07:00:00+00:00,87.5,87.91,87.46,87.7,18784.0406
2026-05-06T08:00:00+00:00,87.7,89.21,87.65,89.04,52689.3745
2026-05-06T09:00:00+00:00,89.04,89.55,88.6,89.49,38887.4911
2026-05-06T10:00:00+00:00,89.49,89.69,89.2,89.4,28262.4435
2026-05-06T11:00:00+00:00,89.4,90.06,89.33,89.88,35288.8398
2026-05-06T12:00:00+00:00,89.88,89.97,89.5,89.67,28280.6817
2026-05-06T13:00:00+00:00,89.67,89.67,88.07,88.32,63928.1487
2026-05-06T14:00:00+00:00,88.32,88.84,87.47,88.4,62454.4385
2026-05-06T15:00:00+00:00,88.4,89.07,88.31,88.98,19548.2116
2026-05-06T16:00:00+00:00,88.98,89.53,88.6,89.18,22955.505
2026-05-06T17:00:00+00:00,89.18,89.44,88.55,88.84,28047.2864
2026-05-06T18:00:00+00:00,88.84,89.13,88.5,88.99,39188.9587
2026-05-06T19:00:00+00:00,88.99,89.32,88.88,89.25,13533.6777
2026-05-06T20:00:00+00:00,89.25,89.61,88.91,89.18,15162.349
2026-05-06T21:00:00+00:00,89.18,89.59,89.05,89.47,15148.1108
2026-05-06T22:00:00+00:00,89.47,89.55,89.02,89.09,7291.5671
2026-05-06T23:00:00+00:00,89.09,89.17,88.64,89.14,9202.8014
2026-05-07T00:00:00+00:00,89.14,89.26,88.21,88.32,14294.503
2026-05-07T01:00:00+00:00,88.32,88.52,87.88,88.3,18223.7236
2026-05-07T02:00:00+00:00,88.3,88.37,87.82,88.14,18994.134
2026-05-07T03:00:00+00:00,88.14,88.15,87.66,87.78,31861.4384
2026-05-07T04:00:00+00:00,87.78,88.39,87.71,88.38,16982.2558
2026-05-07T05:00:00+00:00,88.38,88.92,88.36,88.67,25497.2474
2026-05-07T06:00:00+00:00,88.67,89.29,88.24,89.26,52935.2666
2026-05-07T07:00:00+00:00,89.26,90.42,89.14,90.15,50720.4722
2026-05-07T08:00:00+00:00,90.15,90.25,89.48,89.58,32464.7934
2026-05-07T09:00:00+00:00,89.58,89.6,89.21,89.46,30038.1108
2026-05-07T10:00:00+00:00,89.46,89.54,88.76,89.18,25472.4215
2026-05-07T11:00:00+00:00,89.18,89.69,89.17,89.57,12123.1284
2026-05-07T12:00:00+00:00,89.57,90.1,89.53,89.77,29745.5705
2026-05-07T13:00:00+00:00,89.77,89.77,88.43,88.68,39358.6191
2026-05-07T14:00:00+00:00,88.68,88.93,87.86,88.16,44369.0312
2026-05-07T15:00:00+00:00,88.16,88.58,87.81,88.32,18314.883
2026-05-07T16:00:00+00:00,88.32,88.78,88.1,88.43,23824.6655
2026-05-07T17:00:00+00:00,88.43,88.86,87.96,88.81,14449.3292
2026-05-07T18:00:00+00:00,88.81,89.08,88.25,88.59,30319.418
2026-05-07T19:00:00+00:00,88.59,88.72,88.21,88.42,25291.1005
2026-05-07T20:00:00+00:00,88.42,88.85,88.02,88.05,21770.6772
2026-05-07T21:00:00+00:00,88.05,88.21,87.65,87.97,21436.2673
2026-05-07T22:00:00+00:00,87.97,88.22,87.69,88.09,16942.9953
2026-05-07T23:00:00+00:00,88.09,88.47,88.06,88.43,7227.4345
2026-05-08T00:00:00+00:00,88.43,88.65,88.1,88.29,8501.2685
2026-05-08T01:00:00+00:00,88.29,88.37,87.93,88.13,8286.309
2026-05-08T02:00:00+00:00,88.13,88.34,87.63,88.06,8902.6483
2026-05-08T03:00:00+00:00,88.06,88.37,87.64,88.24,10113.593
2026-05-08T04:00:00+00:00,88.24,88.38,88.03,88.18,11008.925
2026-05-08T05:00:00+00:00,88.18,88.43,88.04,88.04,7566.4024
2026-05-08T06:00:00+00:00,88.04,88.29,87.83,88.05,18566.7879
2026-05-08T07:00:00+00:00,88.05,88.24,87.66,88.23,15673.6084
2026-05-08T08:00:00+00:00,88.23,88.64,88.01,88.36,22178.9998
2026-05-08T09:00:00+00:00,88.36,88.72,88.23,88.43,11610.9057
2026-05-08T10:00:00+00:00,88.43,88.76,88.28,88.61,13707.3149
2026-05-08T11:00:00+00:00,88.61,88.72,88.47,88.64,13279.5163
2026-05-08T12:00:00+00:00,88.64,88.85,88.37,88.46,29895.7271
2026-05-08T13:00:00+00:00,88.46,88.56,88.0,88.34,18105.7287
2026-05-08T14:00:00+00:00,88.34,89.38,88.34,89.16,26664.4917
2026-05-08T15:00:00+00:00,89.16,89.6,88.43,89.59,33024.1254
2026-05-08T16:00:00+00:00,89.59,89.79,89.35,89.61,19710.6629
2026-05-08T17:00:00+00:00,89.61,91.95,89.57,91.65,85282.8438
2026-05-08T18:00:00+00:00,91.65,92.57,91.65,92.32,61666.8697
2026-05-08T19:00:00+00:00,92.32,92.79,92.05,92.59,58201.4792
2026-05-08T20:00:00+00:00,92.59,92.66,92.02,92.1,30981.8868
2026-05-08T21:00:00+00:00,92.1,92.38,91.74,92.3,29927.8727
2026-05-08T22:00:00+00:00,92.3,92.7,92.25,92.3,18006.0602
2026-05-08T23:00:00+00:00,92.3,92.3,91.75,92.03,16713.9095
2026-05-09T00:00:00+00:00,92.03,92.62,91.83,92.48,52358.1207
2026-05-09T01:00:00+00:00,92.48,93.82,92.43,93.49,65617.19
2026-05-09T02:00:00+00:00,93.49,93.78,93.27,93.49,29687.4204
2026-05-09T03:00:00+00:00,93.49,93.8,93.4,93.62,37340.9246
2026-05-09T04:00:00+00:00,93.62,94.15,93.1,93.22,38054.4443
2026-05-09T05:00:00+00:00,93.22,93.76,92.81,93.73,32411.7505
2026-05-09T06:00:00+00:00,93.73,94.11,93.2,93.52,46425.6488
2026-05-09T07:00:00+00:00,93.52,94.0,93.35,93.74,30996.6616
2026-05-09T08:00:00+00:00,93.74,93.95,93.67,93.7,21558.6169
2026-05-09T09:00:00+00:00,93.7,93.7,93.06,93.28,21074.5855
2026-05-09T10:00:00+00:00,93.28,93.59,93.1,93.37,11893.7863
2026-05-09T11:00:00+00:00,93.37,93.67,93.32,93.61,8906.2266
2026-05-09T12:00:00+00:00,93.61,93.73,93.26,93.45,10205.0762
2026-05-09T13:00:00+00:00,93.45,93.46,93.01,93.46,10370.5511
2026-05-09T14:00:00+00:00,93.46,93.46,92.77,92.89,14548.8831
2026-05-09T15:00:00+00:00,92.89,93.01,92.41,93.01,17602.3026
2026-05-09T16:00:00+00:00,93.01,93.31,92.7,92.76,28561.783
2026-05-09T17:00:00+00:00,92.76,93.48,92.76,93.21,13327.3678
2026-05-09T18:00:00+00:00,93.21,93.64,93.15,93.35,9159.9811
2026-05-09T19:00:00+00:00,93.35,93.58,93.21,93.5,10044.2635
2026-05-09T20:00:00+00:00,93.5,93.51,93.14,93.25,5175.6321
2026-05-09T21:00:00+00:00,93.25,93.55,93.24,93.48,8890.3734
2026-05-09T22:00:00+00:00,93.48,93.5,93.21,93.33,9185.3784
2026-05-09T23:00:00+00:00,93.33,93.48,93.04,93.13,8807.9408
2026-05-10T00:00:00+00:00,93.13,93.34,92.92,93.02,9395.2341
2026-05-10T01:00:00+00:00,93.02,93.03,92.5,92.95,30628.5875
2026-05-10T02:00:00+00:00,92.95,93.1,92.8,93.0,17104.8884
2026-05-10T03:00:00+00:00,93.0,93.46,92.98,93.38,36198.7616
2026-05-10T04:00:00+00:00,93.38,93.48,93.21,93.33,10684.6694
2026-05-10T05:00:00+00:00,93.33,93.47,93.21,93.3,10578.4774
2026-05-10T06:00:00+00:00,93.3,93.44,93.23,93.39,14868.7517
2026-05-10T07:00:00+00:00,93.39,93.61,93.34,93.42,10832.0691
2026-05-10T08:00:00+00:00,93.42,94.05,93.39,94.04,19165.3303
2026-05-10T09:00:00+00:00,94.04,94.81,94.04,94.27,49800.3763
2026-05-10T10:00:00+00:00,94.27,94.36,93.58,93.83,58055.2461
2026-05-10T11:00:00+00:00,93.83,93.99,92.9,93.53,50973.0966
2026-05-10T12:00:00+00:00,93.53,93.61,93.19,93.31,10777.991
2026-05-10T13:00:00+00:00,93.31,93.95,93.24,93.77,30891.7407
2026-05-10T14:00:00+00:00,93.77,94.14,93.69,93.89,13074.382
2026-05-10T15:00:00+00:00,93.89,94.75,93.89,94.53,24412.805
2026-05-10T16:00:00+00:00,94.53,95.0,94.17,94.81,32981.8602
2026-05-10T17:00:00+00:00,94.81,96.5,94.81,96.5,76412.9295
2026-05-10T18:00:00+00:00,96.5,96.89,96.13,96.43,40470.0711
2026-05-10T19:00:00+00:00,96.43,96.86,95.69,96.47,37660.6312
2026-05-10T20:00:00+00:00,96.47,96.6,93.43,94.51,72645.1747
2026-05-10T21:00:00+00:00,94.51,95.6,94.45,95.08,30952.1752
2026-05-10T22:00:00+00:00,95.08,96.38,94.9,96.24,29846.8729
2026-05-10T23:00:00+00:00,96.24,96.86,96.0,96.46,41941.0197
2026-05-11T00:00:00+00:00,96.46,96.68,95.37,95.8,77845.5187
2026-05-11T01:00:00+00:00,95.8,96.41,95.35,96.07,28234.8127
2026-05-11T02:00:00+00:00,96.07,96.15,95.2,95.32,14964.0826
2026-05-11T03:00:00+00:00,95.32,95.36,94.49,94.78,24645.8818
2026-05-11T04:00:00+00:00,94.78,95.21,94.45,94.97,18976.8356
2026-05-11T05:00:00+00:00,94.97,95.88,94.96,95.72,19593.7158
2026-05-11T06:00:00+00:00,95.72,96.18,95.43,95.51,18192.1371
2026-05-11T07:00:00+00:00,95.51,95.58,95.17,95.34,14667.9299
2026-05-11T08:00:00+00:00,95.34,95.37,94.59,94.8,31844.3021
2026-05-11T09:00:00+00:00,94.8,95.37,94.77,95.31,14146.5293
2026-05-11T10:00:00+00:00,95.31,95.59,95.06,95.08,17311.5004
2026-05-11T11:00:00+00:00,95.08,95.52,94.92,95.28,15413.5174
2026-05-11T12:00:00+00:00,95.28,95.41,94.69,94.82,19206.695
2026-05-11T13:00:00+00:00,94.82,95.5,94.57,95.23,29891.497
2026-05-11T14:00:00+00:00,95.23,95.89,94.32,95.19,48128.6034
2026-05-11T15:00:00+00:00,95.19,96.81,94.9,96.8,52294.891
2026-05-11T16:00:00+00:00,96.8,97.98,96.5,97.34,89740.7465
2026-05-11T17:00:00+00:00,97.34,97.95,96.9,97.78,31177.9542
2026-05-11T18:00:00+00:00,97.78,98.08,97.26,97.3,36901.9846
2026-05-11T19:00:00+00:00,97.3,98.37,97.04,98.19,30910.9893
2026-05-11T20:00:00+00:00,98.19,98.39,97.6,97.64,19508.4142
2026-05-11T21:00:00+00:00,97.64,97.8,97.32,97.4,15279.1166
2026-05-11T22:00:00+00:00,97.4,97.84,97.36,97.63,13688.1495
2026-05-11T23:00:00+00:00,97.63,97.63,97.09,97.35,17408.938
2026-05-12T00:00:00+00:00,97.35,97.66,97.16,97.51,9804.8417
2026-05-12T01:00:00+00:00,97.51,97.65,95.55,96.27,33689.0177
2026-05-12T02:00:00+00:00,96.27,96.7,96.15,96.54,13104.2492
2026-05-12T03:00:00+00:00,96.54,96.64,96.04,96.14,15269.3553
2026-05-12T04:00:00+00:00,96.14,96.5,96.07,96.35,11770.6552
2026-05-12T05:00:00+00:00,96.35,96.78,96.24,96.58,10161.9955
2026-05-12T06:00:00+00:00,96.58,97.0,96.15,96.19,10944.7919
2026-05-12T07:00:00+00:00,96.19,96.31,95.82,96.04,11308.807
2026-05-12T08:00:00+00:00,96.04,96.14,95.41,95.65,49948.2208
2026-05-12T09:00:00+00:00,95.65,96.06,95.32,95.8,38613.7541
2026-05-12T10:00:00+00:00,95.8,95.99,94.94,95.02,44553.3688
2026-05-12T11:00:00+00:00,95.02,95.08,94.61,94.99,19065.2971
2026-05-12T12:00:00+00:00,94.99,95.57,94.4,95.23,30185.7819
2026-05-12T13:00:00+00:00,95.23,95.4,94.56,94.68,18082.5301
2026-05-12T14:00:00+00:00,94.68,95.24,94.4,94.56,19770.1356
2026-05-12T15:00:00+00:00,94.56,94.8,93.62,93.86,56286.4555
2026-05-12T16:00:00+00:00,93.86,94.31,93.61,93.83,20132.4344
2026-05-12T17:00:00+00:00,93.83,94.68,93.83,94.52,14219.1529
2026-05-12T18:00:00+00:00,94.52,94.81,94.36,94.55,21506.7343
2026-05-12T19:00:00+00:00,94.55,95.0,94.55,94.92,22401.9404
2026-05-12T20:00:00+00:00,94.92,94.99,94.62,94.74,7048.5723
2026-05-12T21:00:00+00:00,94.74,94.86,94.51,94.67,5835.7257
2026-05-12T22:00:00+00:00,94.67,95.03,94.64,94.66,5666.1152
2026-05-12T23:00:00+00:00,94.66,94.76,94.24,94.3,6586.2901
2026-05-13T00:00:00+00:00,94.3,94.64,94.05,94.49,6776.5926
2026-05-13T01:00:00+00:00,94.49,95.44,94.48,95.19,11231.7635
2026-05-13T02:00:00+00:00,95.19,95.59,95.02,95.25,12174.8228
2026-05-13T03:00:00+00:00,95.25,95.57,95.08,95.57,3829.3445
2026-05-13T04:00:00+00:00,95.57,96.0,95.45,95.5,27943.414
2026-05-13T05:00:00+00:00,95.5,95.52,95.08,95.26,45363.4331
2026-05-13T06:00:00+00:00,95.26,95.71,95.12,95.13,27044.6505
2026-05-13T07:00:00+00:00,95.13,95.31,94.88,95.13,9723.2017
2026-05-13T08:00:00+00:00,95.13,95.77,94.99,95.58,13338.9229
2026-05-13T09:00:00+00:00,95.58,95.89,95.57,95.72,11090.9352
2026-05-13T10:00:00+00:00,95.72,95.78,94.75,94.8,12175.5716
2026-05-13T11:00:00+00:00,94.8,94.84,94.24,94.32,32787.4782
2026-05-13T12:00:00+00:00,94.32,94.64,92.24,93.16,82979.1485
2026-05-13T13:00:00+00:00,93.16,93.45,91.95,92.28,62348.0459
2026-05-13T14:00:00+00:00,92.28,92.33,91.37,91.78,70101.6898
2026-05-13T15:00:00+00:00,91.78,91.95,90.29,90.44,56197.1143
2026-05-13T16:00:00+00:00,90.44,91.28,90.42,90.88,31569.2942
2026-05-13T17:00:00+00:00,90.88,91.14,90.73,90.91,25433.5895
2026-05-13T18:00:00+00:00,90.91,91.42,90.79,90.94,12622.1008
2026-05-13T19:00:00+00:00,90.94,91.05,90.5,90.98,15198.8415
2026-05-13T20:00:00+00:00,90.98,91.36,90.94,91.25,13147.2242
2026-05-13T21:00:00+00:00,91.25,91.28,90.75,90.9,10938.9963
2026-05-13T22:00:00+00:00,90.9,91.29,90.65,91.18,21308.1853
2026-05-13T23:00:00+00:00,91.18,91.36,91.05,91.16,8645.167
2026-05-14T00:00:00+00:00,91.16,91.43,91.07,91.21,27533.1764
2026-05-14T01:00:00+00:00,91.21,91.34,90.99,91.15,8474.048
2026-05-14T02:00:00+00:00,91.15,91.25,90.45,90.59,8760.4908
2026-05-14T03:00:00+00:00,90.59,90.78,89.81,89.93,29185.6777
2026-05-14T04:00:00+00:00,89.93,90.62,89.87,90.48,9631.8658
2026-05-14T05:00:00+00:00,90.48,91.46,90.41,91.27,18098.9604
2026-05-14T06:00:00+00:00,91.27,91.51,91.15,91.41,17308.5505
2026-05-14T07:00:00+00:00,91.41,91.71,90.69,90.88,38809.9506
2026-05-14T08:00:00+00:00,90.88,91.31,90.69,91.07,16604.9416
2026-05-14T09:00:00+00:00,91.07,91.16,90.6,90.87,6818.6507
2026-05-14T10:00:00+00:00,90.87,91.14,90.67,91.05,8216.4325
2026-05-14T11:00:00+00:00,91.05,91.11,90.62,90.64,6311.0825
2026-05-14T12:00:00+00:00,90.64,91.28,90.54,91.22,9938.5025
2026-05-14T13:00:00+00:00,91.22,91.48,90.73,90.78,19741.6075
2026-05-14T14:00:00+00:00,90.78,92.32,90.63,92.26,32048.8506
2026-05-14T15:00:00+00:00,92.26,93.22,91.94,93.14,32603.7809
2026-05-14T16:00:00+00:00,93.14,93.66,92.33,93.32,35044.0428
2026-05-14T17:00:00+00:00,93.32,93.57,92.3,93.01,50597.3375
2026-05-14T18:00:00+00:00,93.01,93.63,92.69,93.43,24228.3189
2026-05-14T19:00:00+00:00,93.43,93.62,92.79,92.9,21623.8528
2026-05-14T20:00:00+00:00,92.9,92.99,92.36,92.73,18654.0151
2026-05-14T21:00:00+00:00,92.73,92.94,92.55,92.7,9301.7504
2026-05-14T22:00:00+00:00,92.7,92.92,92.61,92.66,8712.3784
2026-05-14T23:00:00+00:00,92.66,92.66,92.14,92.17,9833.176
2026-05-15T00:00:00+00:00,92.17,92.65,92.1,92.43,31254.8473
2026-05-15T01:00:00+00:00,92.43,92.54,91.7,91.75,17576.6212
2026-05-15T02:00:00+00:00,91.75,92.44,91.41,92.36,63170.509
2026-05-15T03:00:00+00:00,92.36,92.48,91.86,92.05,10308.8197
2026-05-15T04:00:00+00:00,92.05,92.06,91.27,91.28,10297.0673
2026-05-15T05:00:00+00:00,91.28,91.53,90.27,90.61,29112.7148
2026-05-15T06:00:00+00:00,90.61,91.09,90.49,91.01,23748.3514
2026-05-15T07:00:00+00:00,91.01,91.72,90.93,91.58,63975.1782
2026-05-15T08:00:00+00:00,91.58,91.75,90.95,91.27,31629.1987
2026-05-15T09:00:00+00:00,91.27,91.32,90.91,91.17,26977.012
2026-05-15T10:00:00+00:00,91.17,91.57,90.99,91.46,8561.0244
2026-05-15T11:00:00+00:00,91.46,91.54,91.17,91.26,7344.9173
2026-05-15T12:00:00+00:00,91.26,91.27,90.56,90.67,15168.0583
2026-05-15T13:00:00+00:00,90.67,90.67,88.69,88.9,55592.9496
2026-05-15T14:00:00+00:00,88.9,89.55,88.54,89.05,33637.8325
2026-05-15T15:00:00+00:00,89.05,89.3,88.7,89.05,17043.5914
2026-05-15T16:00:00+00:00,89.05,89.7,88.81,89.52,25221.1585
2026-05-15T17:00:00+00:00,89.52,89.92,89.49,89.83,10270.1825
2026-05-15T18:00:00+00:00,89.83,90.09,89.48,89.79,12754.6942
2026-05-15T19:00:00+00:00,89.79,89.81,89.35,89.43,7148.7956
2026-05-15T20:00:00+00:00,89.43,89.52,89.08,89.28,9011.2625
2026-05-15T21:00:00+00:00,89.28,89.43,88.99,89.05,7248.9805
2026-05-15T22:00:00+00:00,89.05,89.36,89.05,89.33,2409.1236
2026-05-15T23:00:00+00:00,89.33,89.39,89.2,89.24,4660.5275
2026-05-16T00:00:00+00:00,89.24,89.44,89.15,89.23,4917.5518
2026-05-16T01:00:00+00:00,89.23,89.34,88.95,89.28,5525.6439
2026-05-16T02:00:00+00:00,89.28,89.38,88.97,89.18,7724.1561
2026-05-16T03:00:00+00:00,89.18,89.27,88.99,89.05,3060.2075
2026-05-16T04:00:00+00:00,89.05,89.08,88.18,88.85,30898.363
2026-05-16T05:00:00+00:00,88.85,88.92,88.3,88.58,29109.057
2026-05-16T06:00:00+00:00,88.58,88.67,87.82,88.02,15980.5793
2026-05-16T07:00:00+00:00,88.02,88.03,86.74,87.47,40783.7026
2026-05-16T08:00:00+00:00,87.47,87.65,87.38,87.49,11305.0895
2026-05-16T09:00:00+00:00,87.49,87.52,85.78,86.05,79109.0993
2026-05-16T10:00:00+00:00,86.05,86.15,85.52,86.01,20276.8976
2026-05-16T11:00:00+00:00,86.01,86.33,86.01,86.11,10226.6178
2026-05-16T12:00:00+00:00,86.11,86.43,86.01,86.25,14222.4507
2026-05-16T13:00:00+00:00,86.25,86.35,86.11,86.25,6383.6903
2026-05-16T14:00:00+00:00,86.25,86.71,86.07,86.38,17400.5393
2026-05-16T15:00:00+00:00,86.38,86.67,86.27,86.49,9823.8501
2026-05-16T16:00:00+00:00,86.49,86.78,86.37,86.63,13346.8923
2026-05-16T17:00:00+00:00,86.63,86.95,86.61,86.8,5830.4089
2026-05-16T18:00:00+00:00,86.8,86.99,86.62,86.81,7016.2432
2026-05-16T19:00:00+00:00,86.81,86.86,86.66,86.7,4159.8033
2026-05-16T20:00:00+00:00,86.7,86.94,86.67,86.67,4976.9881
2026-05-16T21:00:00+00:00,86.67,86.78,86.48,86.58,5450.7693
2026-05-16T22:00:00+00:00,86.58,86.7,86.45,86.54,3447.743
2026-05-16T23:00:00+00:00,86.54,86.7,86.48,86.54,2240.5638
2026-05-17T00:00:00+00:00,86.54,86.73,85.95,86.13,34684.2187
2026-05-17T01:00:00+00:00,86.13,86.34,85.58,85.75,25052.0691
2026-05-17T02:00:00+00:00,85.75,86.23,85.74,85.99,20409.5846
2026-05-17T03:00:00+00:00,85.99,86.62,85.99,86.51,7520.984
2026-05-17T04:00:00+00:00,86.51,86.97,86.47,86.86,10294.8029
2026-05-17T05:00:00+00:00,86.86,87.29,86.86,86.91,15127.4837
2026-05-17T06:00:00+00:00,86.91,87.03,86.74,86.86,18742.1554
2026-05-17T07:00:00+00:00,86.86,87.11,86.79,87.0,6136.3657
2026-05-17T08:00:00+00:00,87.0,87.04,86.61,86.84,6496.5286
2026-05-17T09:00:00+00:00,86.84,87.0,86.72,86.89,14962.6023
2026-05-17T10:00:00+00:00,86.89,87.28,86.82,86.99,24193.5768
2026-05-17T11:00:00+00:00,86.99,87.03,86.79,86.9,9482.1529
2026-05-17T12:00:00+00:00,86.9,87.02,86.72,86.78,4064.2697
2026-05-17T13:00:00+00:00,86.78,86.79,86.31,86.4,10464.0658
2026-05-17T14:00:00+00:00,86.4,86.46,85.95,86.31,9489.1734
2026-05-17T15:00:00+00:00,86.31,86.5,86.17,86.46,14653.5938
2026-05-17T16:00:00+00:00,86.46,86.68,86.1,86.31,16678.7168
2026-05-17T17:00:00+00:00,86.31,86.41,86.0,86.24,6917.9756
2026-05-17T18:00:00+00:00,86.24,86.44,86.02,86.42,12828.7703
2026-05-17T19:00:00+00:00,86.42,86.93,86.42,86.79,10041.4476
2026-05-17T20:00:00+00:00,86.79,86.89,86.55,86.69,18923.0626
2026-05-17T21:00:00+00:00,86.69,86.97,86.59,86.93,9476.959
2026-05-17T22:00:00+00:00,86.93,86.93,86.0,86.23,9762.1303
2026-05-17T23:00:00+00:00,86.23,86.23,83.4,85.23,102177.2756
2026-05-18T00:00:00+00:00,85.23,85.35,84.4,85.35,46967.5012
2026-05-18T01:00:00+00:00,85.35,85.48,84.54,84.98,27331.0478
2026-05-18T02:00:00+00:00,84.98,85.36,84.72,84.88,10109.7656
2026-05-18T03:00:00+00:00,84.88,85.25,84.72,84.85,8255.4516
2026-05-18T04:00:00+00:00,84.85,85.3,84.59,85.26,15224.8663
2026-05-18T05:00:00+00:00,85.26,85.37,84.65,84.87,38113.923
2026-05-18T06:00:00+00:00,84.87,84.97,84.26,84.74,37637.7851
2026-05-18T07:00:00+00:00,84.74,85.01,84.4,84.75,11052.1922
2026-05-18T08:00:00+00:00,84.75,85.01,84.61,84.91,14880.2512
2026-05-18T09:00:00+00:00,84.91,84.94,84.46,84.48,19799.1765
2026-05-18T10:00:00+00:00,84.48,84.51,84.22,84.27,14686.1855
2026-05-18T11:00:00+00:00,84.27,85.32,84.08,84.97,17582.9747
2026-05-18T12:00:00+00:00,84.97,85.8,84.97,85.56,30865.6023
2026-05-18T13:00:00+00:00,85.56,85.57,84.32,84.69,33896.0681
2026-05-18T14:00:00+00:00,84.69,84.69,83.72,83.98,46889.433
2026-05-18T15:00:00+00:00,83.98,84.39,83.6,84.18,21712.4429
2026-05-18T16:00:00+00:00,84.18,84.5,83.98,84.32,17755.1017
2026-05-18T17:00:00+00:00,84.32,84.7,84.25,84.41,15482.454
2026-05-18T18:00:00+00:00,84.41,84.43,83.49,83.53,19085.7178
2026-05-18T19:00:00+00:00,83.53,85.25,83.51,85.01,59372.726
2026-05-18T20:00:00+00:00,85.01,85.45,84.84,84.93,36105.1586
2026-05-18T21:00:00+00:00,84.93,85.68,84.8,85.59,20227.0127
2026-05-18T22:00:00+00:00,85.59,85.78,85.28,85.46,15274.1442
2026-05-18T23:00:00+00:00,85.46,85.64,85.27,85.37,6607.7193
2026-05-19T00:00:00+00:00,85.37,85.96,85.32,85.57,8791.8977
2026-05-19T01:00:00+00:00,85.57,85.6,84.91,84.91,7174.9888
2026-05-19T02:00:00+00:00,84.91,85.28,84.61,84.86,17256.676
2026-05-19T03:00:00+00:00,84.86,85.23,84.73,85.07,4572.9571
2026-05-19T04:00:00+00:00,85.07,85.31,84.79,85.16,8804.3954
2026-05-19T05:00:00+00:00,85.16,85.29,84.48,85.18,20014.9327
2026-05-19T06:00:00+00:00,85.18,85.6,85.11,85.27,18127.77
2026-05-19T07:00:00+00:00,85.27,85.63,85.14,85.49,11510.8459
2026-05-19T08:00:00+00:00,85.49,85.6,85.04,85.24,45160.6982
2026-05-19T09:00:00+00:00,85.24,85.3,84.48,84.76,32233.356
2026-05-19T10:00:00+00:00,84.76,84.87,84.3,84.71,18163.2148
2026-05-19T11:00:00+00:00,84.71,84.82,84.27,84.38,22850.06
2026-05-19T12:00:00+00:00,84.38,84.79,84.28,84.78,6826.3656
2026-05-19T13:00:00+00:00,84.78,85.09,84.38,84.79,17073.8119
2026-05-19T14:00:00+00:00,84.79,84.95,83.67,84.1,19774.3555
2026-05-19T15:00:00+00:00,84.1,84.6,84.03,84.37,8866.8122
2026-05-19T16:00:00+00:00,84.37,84.91,84.14,84.84,8018.1051
2026-05-19T17:00:00+00:00,84.84,85.04,84.46,84.68,7908.6023
2026-05-19T18:00:00+00:00,84.68,84.81,84.17,84.37,15479.7489
2026-05-19T19:00:00+00:00,84.37,84.74,84.22,84.35,7533.2752
2026-05-19T20:00:00+00:00,84.35,84.6,84.31,84.52,17408.6669
2026-05-19T21:00:00+00:00,84.52,84.68,84.39,84.45,9181.4036
2026-05-19T22:00:00+00:00,84.45,84.45,84.01,84.12,7525.6257
2026-05-19T23:00:00+00:00,84.12,84.6,84.04,84.31,5177.7696
2026-05-20T00:00:00+00:00,84.31,84.41,83.93,84.23,6598.4959
2026-05-20T01:00:00+00:00,84.23,84.54,83.85,84.37,6900.2378
2026-05-20T02:00:00+00:00,84.37,84.48,83.92,83.99,6812.1999
2026-05-20T03:00:00+00:00,83.99,84.29,83.84,84.09,4311.5305
2026-05-20T04:00:00+00:00,84.09,84.22,83.86,84.21,3616.057
2026-05-20T05:00:00+00:00,84.21,84.95,84.21,84.77,14113.8232
2026-05-20T06:00:00+00:00,84.77,85.03,84.72,84.98,6958.9767
2026-05-20T07:00:00+00:00,84.98,85.12,84.69,84.76,11210.5363
2026-05-20T08:00:00+00:00,84.76,85.19,84.71,84.99,15850.1189
2026-05-20T09:00:00+00:00,84.99,85.08,84.84,84.88,9934.1614
2026-05-20T10:00:00+00:00,84.88,85.21,84.88,84.98,6623.6507
2026-05-20T11:00:00+00:00,84.98,85.05,84.59,84.7,6246.7796
2026-05-20T12:00:00+00:00,84.7,85.33,84.62,85.1,12279.4682
2026-05-20T13:00:00+00:00,85.1,85.16,84.17,84.67,22492.2906
2026-05-20T14:00:00+00:00,84.67,86.13,84.33,85.86,57269.5743
2026-05-20T15:00:00+00:00,85.86,86.28,85.42,85.9,61229.7005
2026-05-20T16:00:00+00:00,85.9,86.83,85.53,86.49,67705.0645
2026-05-20T17:00:00+00:00,86.49,87.07,86.3,86.52,29874.8579
2026-05-20T18:00:00+00:00,86.52,86.58,85.68,85.83,34892.6213
2026-05-20T19:00:00+00:00,85.83,86.32,85.63,86.17,18402.996
2026-05-20T20:00:00+00:00,86.17,86.24,85.55,86.18,16837.5668
2026-05-20T21:00:00+00:00,86.18,86.34,85.97,85.98,15771.413
2026-05-20T22:00:00+00:00,85.98,86.22,85.61,86.02,23250.2476
2026-05-20T23:00:00+00:00,86.02,86.17,85.85,86.16,5385.8053
2026-05-21T00:00:00+00:00,86.16,86.83,86.1,86.63,8329.5478
2026-05-21T01:00:00+00:00,86.63,87.03,86.44,86.55,12970.8493
2026-05-21T02:00:00+00:00,86.55,86.89,86.44,86.62,7769.3146
2026-05-21T03:00:00+00:00,86.62,86.92,86.54,86.84,11682.1142
2026-05-21T04:00:00+00:00,86.84,87.21,86.75,86.99,35278.656
2026-05-21T05:00:00+00:00,86.99,87.11,86.36,86.5,15229.9251
2026-05-21T06:00:00+00:00,86.5,86.59,86.21,86.31,13060.3197
2026-05-21T07:00:00+00:00,86.31,86.72,86.26,86.63,13781.4701
2026-05-21T08:00:00+00:00,86.63,87.21,86.62,86.86,21646.5271
2026-05-21T09:00:00+00:00,86.86,87.07,86.46,86.5,10494.5632
2026-05-21T10:00:00+00:00,86.5,86.67,85.72,85.74,25303.829
2026-05-21T11:00:00+00:00,85.74,85.94,85.58,85.6,13281.8705
2026-05-21T12:00:00+00:00,85.6,85.86,85.43,85.77,17220.9558
2026-05-21T13:00:00+00:00,85.77,86.12,85.31,86.08,22484.2956
2026-05-21T14:00:00+00:00,86.08,86.5,85.61,86.0,40088.6921
2026-05-21T15:00:00+00:00,86.0,86.89,85.9,86.46,43750.6019
2026-05-21T16:00:00+00:00,86.46,86.6,86.04,86.28,14524.5529
2026-05-21T17:00:00+00:00,86.28,88.0,86.19,87.61,145272.1644
2026-05-21T18:00:00+00:00,87.61,87.8,86.79,87.1,32813.1807
2026-05-21T19:00:00+00:00,87.1,87.92,87.07,87.83,18513.1978
2026-05-21T20:00:00+00:00,87.83,87.92,87.51,87.57,9196.7016
2026-05-21T21:00:00+00:00,87.57,87.7,87.33,87.36,11701.2653
2026-05-21T22:00:00+00:00,87.36,87.51,87.13,87.2,7397.8162
2026-05-21T23:00:00+00:00,87.2,87.38,87.01,87.34,7538.5808
2026-05-22T00:00:00+00:00,87.34,87.35,86.83,86.84,5557.0255
2026-05-22T01:00:00+00:00,86.84,87.1,86.6,87.05,4795.2421
2026-05-22T02:00:00+00:00,87.05,87.25,86.99,87.17,8068.7846
2026-05-22T03:00:00+00:00,87.17,87.32,86.93,87.04,3525.0479
2026-05-22T04:00:00+00:00,87.04,87.38,86.93,86.99,4964.9608
2026-05-22T05:00:00+00:00,86.99,87.15,86.74,86.82,6517.7532
2026-05-22T06:00:00+00:00,86.82,86.86,86.52,86.72,11241.0895
2026-05-22T07:00:00+00:00,86.72,87.17,86.55,86.99,25388.8357
2026-05-22T08:00:00+00:00,86.99,87.53,86.88,87.15,21081.2599
2026-05-22T09:00:00+00:00,87.15,87.41,87.05,87.27,13147.0458
2026-05-22T10:00:00+00:00,87.27,87.28,86.89,87.01,5945.4762
2026-05-22T11:00:00+00:00,87.01,87.35,86.72,87.34,8121.4373
2026-05-22T12:00:00+00:00,87.34,87.8,87.26,87.78,32026.6788
2026-05-22T13:00:00+00:00,87.78,87.88,87.11,87.42,29002.6741
2026-05-22T14:00:00+00:00,87.42,87.42,86.38,86.63,46870.9103
2026-05-22T15:00:00+00:00,86.63,87.01,86.27,86.78,24990.9841
2026-05-22T16:00:00+00:00,86.78,87.04,86.67,86.93,8201.0504
2026-05-22T17:00:00+00:00,86.93,87.19,86.51,86.66,28341.3718
2026-05-22T18:00:00+00:00,86.66,86.71,84.62,85.46,83673.9776
2026-05-22T19:00:00+00:00,85.46,85.64,83.99,84.54,157242.5545
2026-05-22T20:00:00+00:00,84.54,85.08,84.54,84.99,37953.5661
2026-05-22T21:00:00+00:00,84.99,85.3,84.94,85.17,13988.7435
2026-05-22T22:00:00+00:00,85.17,85.22,84.76,84.96,12692.4176
2026-05-22T23:00:00+00:00,84.96,85.14,84.01,84.4,41763.0921
2026-05-23T00:00:00+00:00,84.4,84.56,84.06,84.43,19966.7009
2026-05-23T01:00:00+00:00,84.43,84.66,84.31,84.51,6401.2249
2026-05-23T02:00:00+00:00,84.51,84.6,84.21,84.54,16720.2233
2026-05-23T03:00:00+00:00,84.54,84.75,84.49,84.68,3444.7035
2026-05-23T04:00:00+00:00,84.68,84.71,84.33,84.41,5443.1038
2026-05-23T05:00:00+00:00,84.41,84.48,84.16,84.47,8735.6279
2026-05-23T06:00:00+00:00,84.47,84.5,84.18,84.26,9884.2894
2026-05-23T07:00:00+00:00,84.26,84.32,81.43,82.24,200869.8265
2026-05-23T08:00:00+00:00,82.24,82.37,81.71,82.14,60187.2126
2026-05-23T09:00:00+00:00,82.14,82.29,81.98,82.0,23837.3386
2026-05-23T10:00:00+00:00,82.0,82.39,82.0,82.24,13805.6799
2026-05-23T11:00:00+00:00,82.24,82.47,82.21,82.29,13706.8924
2026-05-23T12:00:00+00:00,82.29,82.55,82.14,82.48,13096.933
2026-05-23T13:00:00+00:00,82.48,83.5,82.47,83.22,39450.0292
2026-05-23T14:00:00+00:00,83.22,84.47,83.1,84.13,30286.1631
2026-05-23T15:00:00+00:00,84.13,84.53,83.63,84.08,54954.348
2026-05-23T16:00:00+00:00,84.08,84.31,83.94,84.1,35469.5956
2026-05-23T17:00:00+00:00,84.1,84.37,83.99,84.22,10395.6777
2026-05-23T18:00:00+00:00,84.22,85.16,84.18,84.69,62657.358
2026-05-23T19:00:00+00:00,84.69,85.11,84.61,84.95,15144.5136
2026-05-23T20:00:00+00:00,84.95,87.08,84.79,87.08,95564.5764
2026-05-23T21:00:00+00:00,87.08,87.5,85.96,86.28,59153.1237
2026-05-23T22:00:00+00:00,86.28,86.6,85.53,85.82,27900.6622
2026-05-23T23:00:00+00:00,85.82,85.93,85.66,85.76,17537.3323
2026-05-24T00:00:00+00:00,85.76,86.02,85.61,85.89,9887.6277
2026-05-24T01:00:00+00:00,85.89,86.22,85.87,86.02,14319.8724
2026-05-24T02:00:00+00:00,86.02,86.11,85.72,85.96,7968.0204
2026-05-24T03:00:00+00:00,85.96,86.12,85.62,85.8,5396.3508
2026-05-24T04:00:00+00:00,85.8,86.1,85.77,85.92,20393.6106
2026-05-24T05:00:00+00:00,85.92,86.16,85.57,86.15,12828.5551
2026-05-24T06:00:00+00:00,86.15,86.47,85.93,86.45,12857.7742
2026-05-24T07:00:00+00:00,86.45,86.71,86.01,86.08,21048.6449
2026-05-24T08:00:00+00:00,86.08,86.51,86.01,86.51,14657.3817
2026-05-24T09:00:00+00:00,86.51,87.05,86.4,86.54,37782.1985
2026-05-24T10:00:00+00:00,86.54,86.74,86.25,86.49,28400.1751
2026-05-24T11:00:00+00:00,86.49,86.93,86.38,86.66,28431.8901
2026-05-24T12:00:00+00:00,86.66,86.68,86.17,86.36,13331.9276
2026-05-24T13:00:00+00:00,86.36,86.45,85.73,85.92,18154.7441
2026-05-24T14:00:00+00:00,85.92,86.01,84.46,85.26,65293.6674
2026-05-24T15:00:00+00:00,85.26,85.48,85.13,85.31,9814.0327
2026-05-24T16:00:00+00:00,85.31,85.9,85.17,85.64,22406.0926
2026-05-24T17:00:00+00:00,85.64,85.8,85.5,85.66,5412.8021
2026-05-24T18:00:00+00:00,85.66,85.68,85.27,85.4,10124.0713
2026-05-24T19:00:00+00:00,85.4,85.52,85.23,85.37,5651.5271
2026-05-24T20:00:00+00:00,85.37,85.43,84.58,84.78,35458.2241
2026-05-24T21:00:00+00:00,84.78,84.98,83.69,83.96,49188.7472
2026-05-24T22:00:00+00:00,83.96,85.33,83.96,84.99,29025.3718
2026-05-24T23:00:00+00:00,84.99,85.52,84.98,85.26,14219.4643
2026-05-25T00:00:00+00:00,85.26,85.65,85.24,85.48,16177.6395
2026-05-25T01:00:00+00:00,85.48,85.59,84.82,84.84,14310.9469
2026-05-25T02:00:00+00:00,84.84,85.78,84.84,85.07,26392.567
2026-05-25T03:00:00+00:00,85.07,85.18,84.78,84.93,10921.4586
2026-05-25T04:00:00+00:00,84.93,85.92,84.93,85.84,18384.9569
2026-05-25T05:00:00+00:00,85.84,86.18,85.74,86.0,22758.5115
2026-05-25T06:00:00+00:00,86.0,86.2,85.64,85.99,11180.3085
2026-05-25T07:00:00+00:00,85.99,86.16,85.6,85.98,20920.3074
2026-05-25T08:00:00+00:00,85.98,86.1,85.76,86.03,9465.958
2026-05-25T09:00:00+00:00,86.03,86.23,85.91,85.93,13955.3315
2026-05-25T10:00:00+00:00,85.93,86.11,85.9,86.08,4516.8575
2026-05-25T11:00:00+00:00,86.08,86.14,85.69,85.75,21693.4019
2026-05-25T12:00:00+00:00,85.75,86.08,85.65,85.89,22027.2129
2026-05-25T13:00:00+00:00,85.89,86.04,85.77,86.01,5712.316
2026-05-25T14:00:00+00:00,86.01,86.45,85.94,86.34,11074.218
2026-05-25T15:00:00+00:00,86.34,86.54,86.05,86.24,12812.8711
2026-05-25T16:00:00+00:00,86.24,86.44,85.97,86.27,14759.188
2026-05-25T17:00:00+00:00,86.27,86.4,86.06,86.13,14202.792
2026-05-25T18:00:00+00:00,86.13,86.31,85.89,85.92,7171.1177
2026-05-25T19:00:00+00:00,85.92,85.95,85.54,85.65,10174.2782
2026-05-25T20:00:00+00:00,85.65,85.89,85.3,85.41,10014.6346
2026-05-25T21:00:00+00:00,85.41,85.57,85.29,85.39,5815.4423
2026-05-25T22:00:00+00:00,85.39,85.54,84.71,84.82,21342.544
2026-05-25T23:00:00+00:00,84.82,85.21,84.73,85.05,8844.5591
2026-05-26T00:00:00+00:00,85.05,85.09,83.92,84.41,28667.563
2026-05-26T01:00:00+00:00,84.41,84.56,83.86,84.1,13475.3918
2026-05-26T02:00:00+00:00,84.1,84.22,83.91,84.01,8341.7204
2026-05-26T03:00:00+00:00,84.01,84.26,83.84,84.21,19135.2806
2026-05-26T04:00:00+00:00,84.21,84.51,84.0,84.36,42591.7284
2026-05-26T05:00:00+00:00,84.36,84.97,84.25,84.65,12316.2388
2026-05-26T06:00:00+00:00,84.65,84.83,84.39,84.59,10486.3251
2026-05-26T07:00:00+00:00,84.59,84.63,84.1,84.36,9272.1394
2026-05-26T08:00:00+00:00,84.36,84.57,84.34,84.45,5307.5945
2026-05-26T09:00:00+00:00,84.45,84.7,84.3,84.48,15642.7934
2026-05-26T10:00:00+00:00,84.48,85.82,84.35,85.56,37624.1536
2026-05-26T11:00:00+00:00,85.56,85.65,85.21,85.23,13986.6703
2026-05-26T12:00:00+00:00,85.23,85.41,84.81,85.32,26967.4926
2026-05-26T13:00:00+00:00,85.32,85.76,84.69,85.52,26814.3471
2026-05-26T14:00:00+00:00,85.52,86.14,84.77,85.23,63342.0047
2026-05-26T15:00:00+00:00,85.23,85.35,84.03,84.5,36818.8582
2026-05-26T16:00:00+00:00,84.5,84.58,83.94,84.23,31227.1152
2026-05-26T17:00:00+00:00,84.23,84.4,83.15,83.59,54915.1912
2026-05-26T18:00:00+00:00,83.59,84.09,83.48,83.6,31861.6182
2026-05-26T19:00:00+00:00,83.6,84.0,83.35,83.78,13289.7698
2026-05-26T20:00:00+00:00,83.78,83.97,83.73,83.94,6178.0395
2026-05-26T21:00:00+00:00,83.94,83.98,83.57,83.69,12389.5098
2026-05-26T22:00:00+00:00,83.69,83.86,83.51,83.66,8106.7295
2026-05-26T23:00:00+00:00,83.66,83.84,83.62,83.71,6135.6827
2026-05-27T00:00:00+00:00,83.71,84.19,83.71,84.14,6199.6486
2026-05-27T01:00:00+00:00,84.14,84.19,83.8,83.86,4379.0395
2026-05-27T02:00:00+00:00,83.86,83.95,83.55,83.95,8206.2385
2026-05-27T03:00:00+00:00,83.95,84.08,83.49,83.62,7425.7013
2026-05-27T04:00:00+00:00,83.62,83.67,82.85,83.65,33780.5673
2026-05-27T05:00:00+00:00,83.65,83.93,83.57,83.89,7036.2547
2026-05-27T06:00:00+00:00,83.89,84.07,83.73,84.05,5264.7182
2026-05-27T07:00:00+00:00,84.05,84.21,83.87,84.2,9565.9001
2026-05-27T08:00:00+00:00,84.2,84.42,83.9,83.94,8773.3863
2026-05-27T09:00:00+00:00,83.94,83.96,83.62,83.78,5904.08
2026-05-27T10:00:00+00:00,83.78,84.1,83.68,83.96,5481.6475
2026-05-27T11:00:00+00:00,83.96,84.23,83.91,83.93,9399.234
2026-05-27T12:00:00+00:00,83.93,84.69,83.56,83.93,26856.9725
2026-05-27T13:00:00+00:00,83.93,84.05,82.98,83.63,28933.022
2026-05-27T14:00:00+00:00,83.63,84.13,83.22,83.91,35380.6501
2026-05-27T15:00:00+00:00,83.91,84.82,83.88,84.43,33318.3626
2026-05-27T16:00:00+00:00,84.43,84.75,83.86,84.18,13596.9547
2026-05-27T17:00:00+00:00,84.18,84.2,83.17,83.43,48383.7693
2026-05-27T18:00:00+00:00,83.43,84.01,83.2,83.95,14033.6299
2026-05-27T19:00:00+00:00,83.95,84.15,83.89,83.92,10509.9412
2026-05-27T20:00:00+00:00,83.92,84.16,83.77,83.83,7701.3885
2026-05-27T21:00:00+00:00,83.83,83.83,82.12,82.49,47179.6668
2026-05-27T22:00:00+00:00,82.49,83.03,82.25,82.46,23099.6986
2026-05-27T23:00:00+00:00,82.46,82.69,82.2,82.44,17174.4486
2026-05-28T00:00:00+00:00,82.44,82.74,82.36,82.71,9983.685
2026-05-28T01:00:00+00:00,82.71,82.77,81.91,82.27,42970.7997
2026-05-28T02:00:00+00:00,82.27,82.43,81.99,82.09,15236.5338
2026-05-28T03:00:00+00:00,82.09,82.24,80.5,80.71,124514.9619
2026-05-28T04:00:00+00:00,80.71,80.95,80.0,80.89,55022.1541
2026-05-28T05:00:00+00:00,80.89,80.97,80.41,80.69,22115.4567
2026-05-28T06:00:00+00:00,80.69,81.09,80.51,80.94,17663.7395
2026-05-28T07:00:00+00:00,80.94,81.29,80.85,81.25,41125.6439
2026-05-28T08:00:00+00:00,81.25,81.28,80.82,80.97,13533.1644
2026-05-28T09:00:00+00:00,80.97,81.31,80.82,81.22,19770.7728
2026-05-28T10:00:00+00:00,81.22,81.31,80.72,80.73,19991.4159
2026-05-28T11:00:00+00:00,80.73,80.93,80.6,80.86,12402.2967
2026-05-28T12:00:00+00:00,80.86,81.25,80.58,81.14,12417.3708
2026-05-28T13:00:00+00:00,81.14,81.36,80.54,80.8,32454.5818
2026-05-28T14:00:00+00:00,80.8,81.66,80.0,81.18,80202.657
2026-05-28T15:00:00+00:00,81.18,81.37,80.55,81.14,28059.7369
2026-05-28T16:00:00+00:00,81.14,82.17,80.92,82.06,35010.7943
2026-05-28T17:00:00+00:00,82.06,82.65,81.83,82.29,23576.5221
2026-05-28T18:00:00+00:00,82.29,83.0,82.25,82.89,24955.2801
2026-05-28T19:00:00+00:00,82.89,82.89,82.16,82.19,20501.6821
2026-05-28T20:00:00+00:00,82.19,82.63,81.77,82.29,15802.1992
2026-05-28T21:00:00+00:00,82.29,82.68,82.23,82.42,11978.4582
2026-05-28T22:00:00+00:00,82.42,82.62,81.91,82.04,11451.6536
2026-05-28T23:00:00+00:00,82.04,82.29,82.0,82.12,6795.1216
2026-05-29T00:00:00+00:00,82.12,82.49,82.12,82.3,6898.0701
2026-05-29T01:00:00+00:00,82.3,82.48,82.06,82.22,7165.4599
2026-05-29T02:00:00+00:00,82.22,82.32,81.48,81.56,8929.119
2026-05-29T03:00:00+00:00,81.56,81.95,81.53,81.62,6838.2355
2026-05-29T04:00:00+00:00,81.62,81.94,81.38,81.92,7480.2892
2026-05-29T05:00:00+00:00,81.92,82.19,81.83,82.08,6207.4252
2026-05-29T06:00:00+00:00,82.08,82.49,82.02,82.29,5553.8032
2026-05-29T07:00:00+00:00,82.29,82.47,81.9,82.23,17781.5714
2026-05-29T08:00:00+00:00,82.23,82.49,82.17,82.21,16171.6297
2026-05-29T09:00:00+00:00,82.21,82.64,82.2,82.46,7157.8529
2026-05-29T10:00:00+00:00,82.46,82.46,82.09,82.14,6661.4486
2026-05-29T11:00:00+00:00,82.14,82.22,81.52,81.77,25872.7337
2026-05-29T12:00:00+00:00,81.77,81.8,81.31,81.51,15387.3655
2026-05-29T13:00:00+00:00,81.51,81.71,81.1,81.44,19010.8792
2026-05-29T14:00:00+00:00,81.44,81.58,80.36,81.34,72064.6278
2026-05-29T15:00:00+00:00,81.34,83.23,81.21,82.57,91223.0236
2026-05-29T16:00:00+00:00,82.57,83.13,82.2,82.94,36491.4662
2026-05-29T17:00:00+00:00,82.94,83.22,82.68,82.79,37286.926
2026-05-29T18:00:00+00:00,82.79,82.99,81.82,82.08,28313.6617
2026-05-29T19:00:00+00:00,82.08,82.42,81.59,82.07,18661.5344
2026-05-29T20:00:00+00:00,82.07,82.35,82.01,82.22,13946.2474
2026-05-29T21:00:00+00:00,82.22,82.4,81.7,81.71,14483.8281
2026-05-29T22:00:00+00:00,81.71,82.01,81.61,81.97,6823.5484
2026-05-29T23:00:00+00:00,81.97,82.1,81.76,82.03,7678.5352
2026-05-30T00:00:00+00:00,82.03,82.35,81.93,82.3,3639.8059
2026-05-30T01:00:00+00:00,82.3,82.96,82.21,82.83,12252.1161
2026-05-30T02:00:00+00:00,82.83,83.04,82.77,82.97,6008.5633
2026-05-30T03:00:00+00:00,82.97,83.1,82.63,82.67,10256.1897
2026-05-30T04:00:00+00:00,82.67,82.81,81.86,82.33,22048.8784
2026-05-30T05:00:00+00:00,82.33,82.73,82.22,82.61,22955.769
2026-05-30T06:00:00+00:00,82.61,82.74,82.4,82.48,5949.6524
2026-05-30T07:00:00+00:00,82.48,82.53,82.28,82.39,16162.2664
2026-05-30T08:00:00+00:00,82.39,82.41,82.2,82.24,5583.3679
2026-05-30T09:00:00+00:00,82.24,82.39,82.21,82.35,7998.0185
2026-05-30T10:00:00+00:00,82.35,82.53,82.31,82.4,4889.3107
2026-05-30T11:00:00+00:00,82.4,82.56,82.22,82.33,3331.0454
2026-05-30T12:00:00+00:00,82.33,82.45,82.26,82.45,4262.063
2026-05-30T13:00:00+00:00,82.45,82.57,82.25,82.48,8145.8371
2026-05-30T14:00:00+00:00,82.48,82.77,82.45,82.63,15071.5629
2026-05-30T15:00:00+00:00,82.63,82.92,82.48,82.7,17148.4068
2026-05-30T16:00:00+00:00,82.7,82.93,82.63,82.9,7384.2012
2026-05-30T17:00:00+00:00,82.9,83.07,82.62,83.04,17401.0054
2026-05-30T18:00:00+00:00,83.04,83.14,82.86,83.03,9811.2425
2026-05-30T19:00:00+00:00,83.03,83.04,82.78,82.99,8752.0331
2026-05-30T20:00:00+00:00,82.99,83.09,82.86,82.97,10456.5793
2026-05-30T21:00:00+00:00,82.97,83.19,82.91,83.02,13934.4784
2026-05-30T22:00:00+00:00,83.02,83.03,82.46,82.65,9696.9552
2026-05-30T23:00:00+00:00,82.65,82.91,82.53,82.74,8675.8569
2026-05-31T00:00:00+00:00,82.74,82.96,82.63,82.95,6133.0518
2026-05-31T01:00:00+00:00,82.95,83.23,82.93,83.03,16667.4237
2026-05-31T02:00:00+00:00,83.03,83.42,82.88,83.17,17736.1705
2026-05-31T03:00:00+00:00,83.17,83.35,83.09,83.25,5076.8803
2026-05-31T04:00:00+00:00,83.25,83.31,83.09,83.22,3380.7047
2026-05-31T05:00:00+00:00,83.22,83.23,83.0,83.05,4720.6161
2026-05-31T06:00:00+00:00,83.05,83.05,82.85,82.96,4778.4045
2026-05-31T07:00:00+00:00,82.96,82.96,82.51,82.67,14445.3808
2026-05-31T08:00:00+00:00,82.67,82.88,82.58,82.81,10387.3162
2026-05-31T09:00:00+00:00,82.81,83.06,82.63,82.75,9164.0209
2026-05-31T10:00:00+00:00,82.75,82.75,82.48,82.72,6493.3785
2026-05-31T11:00:00+00:00,82.72,82.88,82.68,82.76,12091.3907
2026-05-31T12:00:00+00:00,82.76,82.95,82.58,82.84,10239.6065
2026-05-31T13:00:00+00:00,82.84,83.14,82.67,82.78,15800.6531
2026-05-31T14:00:00+00:00,82.78,82.78,81.79,81.98,39973.5249
2026-05-31T15:00:00+00:00,81.98,82.28,81.84,81.88,15486.4161
2026-05-31T16:00:00+00:00,81.88,82.05,81.4,81.57,40015.3068
2026-05-31T17:00:00+00:00,81.57,81.91,81.46,81.86,17284.8345
2026-05-31T18:00:00+00:00,81.86,81.87,81.63,81.75,4507.8272
2026-05-31T19:00:00+00:00,81.75,81.79,81.33,81.58,6462.3061
2026-05-31T20:00:00+00:00,81.58,82.02,81.58,81.97,7177.3103
2026-05-31T21:00:00+00:00,81.97,82.39,81.89,82.31,11399.5285
2026-05-31T22:00:00+00:00,82.31,82.71,82.05,82.53,21738.8743
2026-05-31T23:00:00+00:00,82.53,82.92,81.96,82.44,22917.887
2026-06-01T00:00:00+00:00,82.44,83.09,82.38,82.81,27202.7259
2026-06-01T01:00:00+00:00,82.81,82.89,81.74,81.76,17545.2309
2026-06-01T02:00:00+00:00,81.76,82.89,81.6,82.68,21856.2349
2026-06-01T03:00:00+00:00,82.68,82.98,82.55,82.62,12985.936
2026-06-01T04:00:00+00:00,82.62,82.78,81.76,82.04,10837.9829
2026-06-01T05:00:00+00:00,82.04,82.11,81.63,81.82,16009.9701
2026-06-01T06:00:00+00:00,81.82,81.88,81.13,81.45,35474.9927
2026-06-01T07:00:00+00:00,81.45,81.58,80.64,80.73,25529.6291
2026-06-01T08:00:00+00:00,80.73,81.04,80.46,80.98,21120.8508
2026-06-01T09:00:00+00:00,80.98,81.29,80.98,81.07,19304.2849
2026-06-01T10:00:00+00:00,81.07,81.18,80.83,81.09,12698.5781
2026-06-01T11:00:00+00:00,81.09,81.22,80.62,80.82,14630.7648
2026-06-01T12:00:00+00:00,80.82,81.07,80.23,80.83,37210.0155
2026-06-01T13:00:00+00:00,80.83,80.87,79.31,79.85,113562.179
2026-06-01T14:00:00+00:00,79.85,80.11,79.44,79.7,52799.6076
2026-06-01T15:00:00+00:00,79.7,80.06,79.2,79.62,50578.6912
2026-06-01T16:00:00+00:00,79.62,80.47,79.12,80.41,57845.1645
2026-06-01T17:00:00+00:00,80.41,81.22,80.28,80.94,53069.9993
2026-06-01T18:00:00+00:00,80.94,81.23,80.59,80.85,29637.3566
2026-06-01T19:00:00+00:00,80.85,81.31,80.61,81.2,15416.2911
2026-06-01T20:00:00+00:00,81.2,81.26,80.96,81.14,22990.7037
2026-06-01T21:00:00+00:00,81.14,81.15,80.52,80.69,39688.7513
2026-06-01T22:00:00+00:00,80.69,81.49,80.34,81.41,30263.3231
2026-06-01T23:00:00+00:00,81.41,81.65,81.08,81.27,30035.9094
2026-06-02T00:00:00+00:00,81.27,81.29,80.88,80.9,8508.5618
2026-06-02T01:00:00+00:00,80.9,81.02,80.03,80.12,18681.2286
2026-06-02T02:00:00+00:00,80.12,80.79,79.4,80.79,39307.4252
2026-06-02T03:00:00+00:00,80.79,81.07,80.64,80.92,17010.9471
2026-06-02T04:00:00+00:00,80.92,81.02,80.36,80.45,14691.0704
2026-06-02T05:00:00+00:00,80.45,80.61,79.55,79.63,44756.7428
2026-06-02T06:00:00+00:00,79.63,79.84,79.29,79.58,35999.1743
2026-06-02T07:00:00+00:00,79.58,79.92,79.13,79.66,36967.3951
2026-06-02T08:00:00+00:00,79.66,79.81,79.45,79.6,22400.1113
2026-06-02T09:00:00+00:00,79.6,79.64,78.78,79.12,38810.6564
2026-06-02T10:00:00+00:00,79.12,79.5,78.97,79.44,14490.9859
2026-06-02T11:00:00+00:00,79.44,79.46,78.85,78.93,20188.4164
2026-06-02T12:00:00+00:00,78.93,79.16,78.64,78.98,25930.8465
2026-06-02T13:00:00+00:00,78.98,79.24,78.81,78.97,59763.8139
2026-06-02T14:00:00+00:00,78.97,79.0,76.73,77.44,193581.3346
2026-06-02T15:00:00+00:00,77.44,77.51,75.52,76.37,161651.0657
2026-06-02T16:00:00+00:00,76.37,77.66,76.14,76.71,91543.5396
2026-06-02T17:00:00+00:00,76.71,77.2,76.47,76.84,46647.9072
2026-06-02T18:00:00+00:00,76.84,77.06,75.8,76.14,41436.7248
2026-06-02T19:00:00+00:00,76.14,76.26,74.45,75.52,131152.4385
2026-06-02T20:00:00+00:00,75.52,75.93,74.76,75.44,42606.9615
2026-06-02T21:00:00+00:00,75.44,76.08,75.31,75.66,43561.6098
2026-06-02T22:00:00+00:00,75.66,75.66,73.34,73.67,137030.3803
2026-06-02T23:00:00+00:00,73.67,74.32,72.71,74.23,148921.959
2026-06-03T00:00:00+00:00,74.23,75.12,74.0,74.83,87571.6679
2026-06-03T01:00:00+00:00,74.83,75.03,74.14,74.75,36297.3507
2026-06-03T02:00:00+00:00,74.75,74.79,74.21,74.4,40522.3395
2026-06-03T03:00:00+00:00,74.4,74.55,72.25,72.69,170197.6648
2026-06-03T04:00:00+00:00,72.69,74.11,72.67,74.04,78471.2901
2026-06-03T05:00:00+00:00,74.04,74.92,74.04,74.74,84866.5288
2026-06-03T06:00:00+00:00,74.74,75.35,74.67,74.85,57505.6693
2026-06-03T07:00:00+00:00,74.85,75.43,74.76,75.27,19157.0791
2026-06-03T08:00:00+00:00,75.27,75.35,74.87,75.01,24366.196
2026-06-03T09:00:00+00:00,75.01,75.42,74.71,75.01,45853.0267
2026-06-03T10:00:00+00:00,75.01,75.63,74.97,75.54,35360.3064
2026-06-03T11:00:00+00:00,75.54,75.71,74.99,75.12,29370.3452
2026-06-03T12:00:00+00:00,75.12,75.26,74.67,75.18,24298.8342
2026-06-03T13:00:00+00:00,75.18,75.39,74.39,74.57,64241.8869
2026-06-03T14:00:00+00:00,74.57,74.61,73.84,74.46,67315.1089
2026-06-03T15:00:00+00:00,74.46,74.5,73.23,73.29,79758.373
2026-06-03T16:00:00+00:00,73.29,73.48,72.01,72.98,179380.1978
2026-06-03T17:00:00+00:00,72.98,74.13,72.37,73.17,78218.2225
2026-06-03T18:00:00+00:00,73.17,73.49,72.46,73.09,55182.4982
2026-06-03T19:00:00+00:00,73.09,73.17,71.69,71.99,123075.2092
2026-06-03T20:00:00+00:00,71.99,72.43,70.85,71.22,162126.8506
2026-06-03T21:00:00+00:00,71.22,72.85,71.03,72.81,153565.695
2026-06-03T22:00:00+00:00,72.81,73.17,71.89,72.21,90706.7818
2026-06-03T23:00:00+00:00,72.21,72.29,71.55,71.62,73404.8034
2026-06-04T00:00:00+00:00,71.62,72.1,70.31,70.74,216659.4201
2026-06-04T01:00:00+00:00,70.74,70.97,68.4,68.63,404090.3011
2026-06-04T02:00:00+00:00,68.63,70.47,66.65,70.05,437122.0861
2026-06-04T03:00:00+00:00,70.05,71.64,70.04,71.47,157451.6611
2026-06-04T04:00:00+00:00,71.47,71.81,70.81,70.89,65139.2742
2026-06-04T05:00:00+00:00,70.89,70.89,69.87,70.34,82658.3511
2026-06-04T06:00:00+00:00,70.34,71.22,70.25,70.35,60571.0932
2026-06-04T07:00:00+00:00,70.35,70.4,69.12,69.15,94297.2901
2026-06-04T08:00:00+00:00,69.15,69.44,68.31,69.24,156929.4634
2026-06-04T09:00:00+00:00,69.24,69.26,67.73,68.86,194165.2919
2026-06-04T10:00:00+00:00,68.86,68.92,67.54,67.88,172079.8192
2026-06-04T11:00:00+00:00,67.88,68.69,67.39,68.68,117326.7101
2026-06-04T12:00:00+00:00,68.68,70.37,68.3,70.12,148182.3863
2026-06-04T13:00:00+00:00,70.12,70.59,69.0,70.37,122011.3629
2026-06-04T14:00:00+00:00,70.37,70.64,69.55,69.76,122492.7048
2026-06-04T15:00:00+00:00,69.76,70.5,69.37,69.63,178693.8315
2026-06-04T16:00:00+00:00,69.63,69.66,68.96,69.4,54703.4598
2026-06-04T17:00:00+00:00,69.4,69.74,68.47,69.25,113830.8583
2026-06-04T18:00:00+00:00,69.25,69.9,68.64,69.5,70680.9582
2026-06-04T19:00:00+00:00,69.5,69.72,69.03,69.09,54510.388
2026-06-04T20:00:00+00:00,69.09,69.13,68.45,68.81,39303.916
2026-06-04T21:00:00+00:00,68.81,69.05,67.6,67.79,69516.2934
2026-06-04T22:00:00+00:00,67.79,68.58,67.57,68.5,80599.8796
2026-06-04T23:00:00+00:00,68.5,68.92,68.0,68.87,30813.6668
2026-06-05T00:00:00+00:00,68.87,69.11,68.28,68.3,50868.9682
2026-06-05T01:00:00+00:00,68.3,68.82,67.57,68.53,58873.3366
2026-06-05T02:00:00+00:00,68.53,68.62,67.17,67.31,115235.4961
2026-06-05T03:00:00+00:00,67.31,67.86,66.93,67.09,188722.2963
2026-06-05T04:00:00+00:00,67.09,68.02,66.5,67.94,209216.1216
2026-06-05T05:00:00+00:00,67.94,68.1,66.06,66.24,203199.5258
2026-06-05T06:00:00+00:00,66.24,66.55,63.82,65.06,570595.5022
2026-06-05T07:00:00+00:00,65.06,66.33,63.92,66.19,269315.496
2026-06-05T08:00:00+00:00,66.19,66.21,65.08,65.31,124396.992
2026-06-05T09:00:00+00:00,65.31,66.6,65.3,66.57,147712.2154
2026-06-05T10:00:00+00:00,66.57,66.74,66.13,66.4,55289.2898
2026-06-05T11:00:00+00:00,66.4,66.81,65.81,66.07,97991.5787
2026-06-05T12:00:00+00:00,66.07,66.38,65.2,65.82,157819.2408
2026-06-05T13:00:00+00:00,65.82,66.84,64.29,64.31,194814.6018
2026-06-05T14:00:00+00:00,64.31,65.87,63.92,65.27,337357.1968
2026-06-05T15:00:00+00:00,65.27,65.35,63.76,64.24,318758.6305
2026-06-05T16:00:00+00:00,64.24,66.0,63.17,65.88,379293.2129
2026-06-05T17:00:00+00:00,65.88,66.06,64.81,65.1,122434.7048
2026-06-05T18:00:00+00:00,65.1,65.39,62.64,62.92,190532.9236
2026-06-05T19:00:00+00:00,62.92,63.86,61.47,63.44,172878.7351
2026-06-05T20:00:00+00:00,63.44,64.82,62.68,64.65,124434.8262
2026-06-05T21:00:00+00:00,64.65,65.41,64.54,64.88,68344.1855
2026-06-05T22:00:00+00:00,64.88,64.9,63.8,64.42,95600.967
2026-06-05T23:00:00+00:00,64.42,64.79,62.66,63.63,63847.1792
2026-06-06T00:00:00+00:00,63.63,64.83,63.62,64.67,31032.5952
2026-06-06T01:00:00+00:00,64.67,64.86,63.79,63.86,25815.4684
2026-06-06T02:00:00+00:00,63.86,63.93,63.27,63.52,41775.2351
2026-06-06T03:00:00+00:00,63.52,63.52,62.57,62.84,35071.7278
2026-06-06T04:00:00+00:00,62.84,63.12,60.33,60.87,171857.1655
2026-06-06T05:00:00+00:00,60.87,62.73,60.11,62.62,84003.5531
2026-06-06T06:00:00+00:00,62.62,63.37,62.09,62.24,104157.5496
2026-06-06T07:00:00+00:00,62.24,63.18,62.06,62.79,92458.2893
2026-06-06T08:00:00+00:00,62.79,63.64,62.53,63.17,70187.0108
2026-06-06T09:00:00+00:00,63.17,63.56,62.47,62.71,55443.6508
2026-06-06T10:00:00+00:00,62.71,62.72,61.19,61.83,110523.1438
2026-06-06T11:00:00+00:00,61.83,62.69,61.76,62.47,48238.5274
2026-06-06T12:00:00+00:00,62.47,63.1,62.04,62.92,61993.8166
2026-06-06T13:00:00+00:00,62.92,63.07,62.17,62.44,35141.8931
2026-06-06T14:00:00+00:00,62.44,62.94,62.3,62.32,58506.505
2026-06-06T15:00:00+00:00,62.32,62.48,61.3,62.03,117034.3742
2026-06-06T16:00:00+00:00,62.03,62.4,61.36,62.11,139874.9605
2026-06-06T17:00:00+00:00,62.11,62.26,61.43,61.62,186516.4511
2026-06-06T18:00:00+00:00,61.62,62.13,61.41,61.73,77108.4286
2026-06-06T19:00:00+00:00,61.73,62.19,61.62,61.64,48161.2716
2026-06-06T20:00:00+00:00,61.64,61.93,61.35,61.84,68475.597
2026-06-06T21:00:00+00:00,61.84,62.36,61.83,61.91,47164.6536
2026-06-06T22:00:00+00:00,61.91,61.99,61.46,61.72,42670.1242
2026-06-06T23:00:00+00:00,61.72,62.31,61.68,62.2,25084.7254
2026-06-07T00:00:00+00:00,62.2,62.64,61.96,62.12,36678.1526
2026-06-07T01:00:00+00:00,62.12,63.86,62.03,63.66,88966.2047
2026-06-07T02:00:00+00:00,63.66,63.8,63.08,63.55,39092.0971
2026-06-07T03:00:00+00:00,63.55,64.14,63.42,63.83,34759.7482
2026-06-07T04:00:00+00:00,63.83,64.13,63.31,64.1,28811.2426
2026-06-07T05:00:00+00:00,64.1,64.5,63.9,64.26,57971.7243
2026-06-07T06:00:00+00:00,64.26,65.0,64.03,64.85,56235.409
2026-06-07T07:00:00+00:00,64.85,65.01,64.6,64.91,41161.2094
2026-06-07T08:00:00+00:00,64.91,65.97,64.5,65.97,92671.9446
2026-06-07T09:00:00+00:00,65.97,66.1,64.85,65.02,60716.6962
2026-06-07T10:00:00+00:00,65.02,65.11,64.43,64.66,33310.1046
2026-06-07T11:00:00+00:00,64.66,65.23,64.53,65.04,20709.1222
2026-06-07T12:00:00+00:00,65.04,65.1,63.65,64.34,111796.6894
2026-06-07T13:00:00+00:00,64.34,64.45,64.09,64.34,21693.879
2026-06-07T14:00:00+00:00,64.34,65.35,64.32,64.93,37569.1837
2026-06-07T15:00:00+00:00,64.93,65.25,64.63,64.99,25824.6862
2026-06-07T16:00:00+00:00,64.99,65.32,64.76,65.16,44989.8944
2026-06-07T17:00:00+00:00,65.16,65.61,65.07,65.31,44962.4237
2026-06-07T18:00:00+00:00,65.31,65.57,64.9,64.96,32671.1229
2026-06-07T19:00:00+00:00,64.96,64.99,63.63,63.95,101003.9933
2026-06-07T20:00:00+00:00,63.95,64.8,63.74,64.68,58441.8237
2026-06-07T21:00:00+00:00,64.68,64.92,64.29,64.63,37687.1567
2026-06-07T22:00:00+00:00,64.63,67.92,64.53,65.82,202977.4096
2026-06-07T23:00:00+00:00,65.82,66.65,65.77,66.5,71698.2244
2026-06-08T00:00:00+00:00,66.5,67.11,66.02,66.72,118280.7578
2026-06-08T01:00:00+00:00,66.72,66.83,65.4,66.19,105193.9038
2026-06-08T02:00:00+00:00,66.19,66.63,66.05,66.47,51436.3849
2026-06-08T03:00:00+00:00,66.47,66.75,66.19,66.35,22155.2497
2026-06-08T04:00:00+00:00,66.35,66.41,65.37,65.43,36804.8085
2026-06-08T05:00:00+00:00,65.43,65.66,64.98,65.33,37486.8709
2026-06-08T06:00:00+00:00,65.33,65.88,65.27,65.67,28069.2624
2026-06-08T07:00:00+00:00,65.67,66.22,65.37,66.11,45829.0526
2026-06-08T08:00:00+00:00,66.11,66.11,65.44,65.63,44989.7927
2026-06-08T09:00:00+00:00,65.63,66.4,65.6,66.38,55218.164
2026-06-08T10:00:00+00:00,66.38,66.47,65.81,66.21,45752.5461
2026-06-08T11:00:00+00:00,66.21,67.06,66.04,66.68,67185.9907
2026-06-08T12:00:00+00:00,66.68,67.33,65.99,67.26,110921.131
2026-06-08T13:00:00+00:00,67.26,67.29,66.41,66.78,91915.9737
2026-06-08T14:00:00+00:00,66.78,67.32,66.43,67.29,155376.5875
2026-06-08T15:00:00+00:00,67.29,67.82,67.05,67.17,104575.9922
2026-06-08T16:00:00+00:00,67.17,67.75,66.89,66.94,56342.6227
2026-06-08T17:00:00+00:00,66.94,67.4,66.54,67.4,42945.5651
2026-06-08T18:00:00+00:00,67.4,67.62,67.16,67.44,23376.9678
2026-06-08T19:00:00+00:00,67.44,67.83,67.27,67.45,43837.8547
2026-06-08T20:00:00+00:00,67.45,67.52,66.95,67.48,33208.053
2026-06-08T21:00:00+00:00,67.48,68.17,67.43,67.47,43261.3128
2026-06-08T22:00:00+00:00,67.47,67.47,66.84,67.19,39029.4609
2026-06-08T23:00:00+00:00,67.19,67.41,66.64,66.82,33168.003
2026-06-09T00:00:00+00:00,66.82,66.88,65.28,65.43,86801.2893
2026-06-09T01:00:00+00:00,65.43,66.07,65.38,65.97,69109.2314
2026-06-09T02:00:00+00:00,65.97,66.09,65.51,65.91,31165.2327
2026-06-09T03:00:00+00:00,65.91,66.1,65.67,66.02,28087.0448
2026-06-09T04:00:00+00:00,66.02,67.42,65.81,67.01,135093.3614
2026-06-09T05:00:00+00:00,67.01,67.39,66.71,67.2,56347.7515
2026-06-09T06:00:00+00:00,67.2,67.48,66.98,67.07,44618.7044
2026-06-09T07:00:00+00:00,67.07,67.36,66.63,66.91,74466.6689
2026-06-09T08:00:00+00:00,66.91,66.93,66.4,66.62,62581.1704
2026-06-09T09:00:00+00:00,66.62,66.83,66.07,66.18,44534.4209
2026-06-09T10:00:00+00:00,66.18,66.49,65.99,66.41,33007.6994
2026-06-09T11:00:00+00:00,66.41,66.48,65.9,66.12,58729.4049
2026-06-09T12:00:00+00:00,66.12,66.53,65.95,66.21,47708.9785
2026-06-09T13:00:00+00:00,66.21,66.38,65.59,65.85,75945.3457
2026-06-09T14:00:00+00:00,65.85,66.01,64.4,65.08,158751.5271
2026-06-09T15:00:00+00:00,65.08,65.32,64.27,64.34,77420.984
2026-06-09T16:00:00+00:00,64.34,64.5,63.54,64.15,96756.7876
2026-06-09T17:00:00+00:00,64.15,65.16,64.09,64.8,57331.1822
2026-06-09T18:00:00+00:00,64.8,65.55,64.67,65.3,47705.6246
2026-06-09T19:00:00+00:00,65.3,65.67,65.07,65.42,45847.1067
2026-06-09T20:00:00+00:00,65.42,65.71,65.3,65.63,27863.832
2026-06-09T21:00:00+00:00,65.63,65.67,64.88,65.02,26663.4578
2026-06-09T22:00:00+00:00,65.02,65.36,64.83,64.89,17185.1682
2026-06-09T23:00:00+00:00,64.89,65.18,64.69,64.98,29759.2931
2026-06-10T00:00:00+00:00,64.98,65.22,64.48,65.2,49178.7183
2026-06-10T01:00:00+00:00,65.2,65.31,64.8,65.11,50313.1707
2026-06-10T02:00:00+00:00,65.11,65.26,64.25,64.32,42492.3256
2026-06-10T03:00:00+00:00,64.32,64.87,64.27,64.53,27452.3427
2026-06-10T04:00:00+00:00,64.53,64.65,64.13,64.29,24481.9421
2026-06-10T05:00:00+00:00,64.29,64.39,63.92,64.12,31705.714
2026-06-10T06:00:00+00:00,64.12,64.37,63.83,64.23,25636.4768
2026-06-10T07:00:00+00:00,64.23,64.78,64.14,64.5,27496.6172
2026-06-10T08:00:00+00:00,64.5,64.53,63.42,63.62,61313.2068
2026-06-10T09:00:00+00:00,63.62,63.76,63.05,63.63,50886.7
2026-06-10T10:00:00+00:00,63.63,63.8,63.27,63.69,25984.2441
2026-06-10T11:00:00+00:00,63.69,63.77,62.94,63.54,117246.3917
2026-06-10T12:00:00+00:00,63.54,64.69,63.31,64.14,201286.7123
2026-06-10T13:00:00+00:00,64.14,65.54,64.0,65.08,162793.8138
2026-06-10T14:00:00+00:00,65.08,65.29,64.59,65.07,115940.4587
2026-06-10T15:00:00+00:00,65.07,65.77,64.56,65.46,178076.3856
2026-06-10T16:00:00+00:00,65.46,65.48,64.23,64.63,116367.0199
2026-06-10T17:00:00+00:00,64.63,64.98,63.63,64.05,135098.5407
2026-06-10T18:00:00+00:00,64.05,64.22,63.36,63.85,96917.3744
2026-06-10T19:00:00+00:00,63.85,63.96,63.39,63.55,121634.3937
2026-06-10T20:00:00+00:00,63.55,63.67,63.16,63.3,88288.0323
2026-06-10T21:00:00+00:00,63.3,63.31,62.33,62.59,96828.5315
2026-06-10T22:00:00+00:00,62.59,63.07,62.35,62.78,62615.0524
2026-06-10T23:00:00+00:00,62.78,63.31,62.45,63.19,54331.1149
2026-06-11T00:00:00+00:00,63.19,63.78,63.19,63.65,32791.8696
2026-06-11T01:00:00+00:00,63.65,65.19,63.65,64.92,226144.8077
2026-06-11T02:00:00+00:00,64.92,65.02,64.38,64.54,107787.1965
2026-06-11T03:00:00+00:00,64.54,65.5,64.35,65.28,87861.0048
2026-06-11T04:00:00+00:00,65.28,65.35,64.98,65.22,30331.4951
2026-06-11T05:00:00+00:00,65.22,65.25,64.97,64.98,24613.0741
2026-06-11T06:00:00+00:00,64.98,65.45,64.82,65.12,45663.7309
2026-06-11T07:00:00+00:00,65.12,65.18,64.78,65.05,38222.9144
2026-06-11T08:00:00+00:00,65.05,65.54,65.04,65.33,39520.4005
2026-06-11T09:00:00+00:00,65.33,65.58,65.03,65.4,52597.3731
2026-06-11T10:00:00+00:00,65.4,65.66,65.29,65.52,37251.1591
2026-06-11T11:00:00+00:00,65.52,66.16,65.34,65.89,69392.8929
2026-06-11T12:00:00+00:00,65.89,65.93,64.91,65.26,105654.5306
2026-06-11T13:00:00+00:00,65.26,65.74,65.07,65.54,72743.8358
2026-06-11T14:00:00+00:00,65.54,65.78,64.99,65.37,54604.3505
2026-06-11T15:00:00+00:00,65.37,65.88,65.01,65.57,75548.6811
2026-06-11T16:00:00+00:00,65.57,65.82,65.31,65.39,55985.2343
2026-06-11T17:00:00+00:00,65.39,67.19,65.06,67.17,183704.3276
2026-06-11T18:00:00+00:00,67.17,67.32,66.66,66.82,58400.6545
2026-06-11T19:00:00+00:00,66.82,67.4,66.61,66.95,50589.5706
2026-06-11T20:00:00+00:00,66.95,67.05,66.38,66.6,38962.2445
2026-06-11T21:00:00+00:00,66.6,67.13,66.58,66.94,27553.5587
2026-06-11T22:00:00+00:00,66.94,67.15,66.87,66.91,24287.1519
2026-06-11T23:00:00+00:00,66.91,67.13,66.7,66.92,24417.116
2026-06-12T00:00:00+00:00,66.92,67.11,66.75,66.88,20782.0729
2026-06-12T01:00:00+00:00,66.88,66.88,66.41,66.68,29255.6682
2026-06-12T02:00:00+00:00,66.68,67.31,66.68,67.17,31569.8295
2026-06-12T03:00:00+00:00,67.17,67.18,66.7,67.05,30540.1463
2026-06-12T04:00:00+00:00,67.05,67.26,66.86,67.08,27064.2094
2026-06-12T05:00:00+00:00,67.08,67.1,66.64,66.74,27045.7711
2026-06-12T06:00:00+00:00,66.74,66.82,65.96,66.13,43222.7273
2026-06-12T07:00:00+00:00,66.13,66.5,66.12,66.32,42319.6966
2026-06-12T08:00:00+00:00,66.32,67.06,66.32,66.94,30321.9317
2026-06-12T09:00:00+00:00,66.94,67.49,66.84,67.18,30624.4878
2026-06-12T10:00:00+00:00,67.18,67.35,66.6,66.79,33426.6278
2026-06-12T11:00:00+00:00,66.79,67.11,66.78,66.93,23601.3598
2026-06-12T12:00:00+00:00,66.93,67.01,66.64,66.78,41749.6088
2026-06-12T13:00:00+00:00,66.78,67.01,66.37,66.72,86568.1874
2026-06-12T14:00:00+00:00,66.72,68.0,66.65,67.95,112222.7585
2026-06-12T15:00:00+00:00,67.95,68.82,67.18,67.25,182381.1573
2026-06-12T16:00:00+00:00,67.25,68.03,67.08,68.02,84532.2434
2026-06-12T17:00:00+00:00,68.02,68.24,67.28,67.4,48994.8812
2026-06-12T18:00:00+00:00,67.4,67.5,67.01,67.07,47420.1497
2026-06-12T19:00:00+00:00,67.07,67.41,66.69,66.78,57368.44
2026-06-12T20:00:00+00:00,66.78,66.85,66.51,66.69,48859.6843
2026-06-12T21:00:00+00:00,66.69,66.95,66.47,66.57,36993.9611
2026-06-12T22:00:00+00:00,66.57,66.77,66.46,66.64,25675.0896
2026-06-12T23:00:00+00:00,66.64,66.82,66.48,66.82,16946.313
2026-06-13T00:00:00+00:00,66.82,67.08,66.77,66.99,16997.3164
2026-06-13T01:00:00+00:00,66.99,67.52,66.99,67.44,22758.5198
2026-06-13T02:00:00+00:00,67.44,67.51,66.87,66.96,18937.4636
2026-06-13T03:00:00+00:00,66.96,67.06,66.69,66.87,11283.3528
2026-06-13T04:00:00+00:00,66.87,66.97,66.65,66.66,4631.985
2026-06-13T05:00:00+00:00,66.66,66.88,66.56,66.79,21692.1262
2026-06-13T06:00:00+00:00,66.79,67.22,66.67,67.16,18851.0122
2026-06-13T07:00:00+00:00,67.16,67.49,66.97,67.36,41584.3137
2026-06-13T08:00:00+00:00,67.36,67.55,67.26,67.32,26918.287
2026-06-13T09:00:00+00:00,67.32,67.54,67.28,67.37,13103.3033
2026-06-13T10:00:00+00:00,67.37,67.62,67.34,67.44,8536.4314
2026-06-13T11:00:00+00:00,67.44,67.96,67.39,67.92,16033.4008
2026-06-13T12:00:00+00:00,67.92,68.08,67.79,67.97,17059.6066
2026-06-13T13:00:00+00:00,67.97,68.32,67.84,68.02,31705.9481
2026-06-13T14:00:00+00:00,68.02,68.43,67.99,68.28,30623.2047
2026-06-13T15:00:00+00:00,68.28,68.7,68.17,68.6,49819.4455
2026-06-13T16:00:00+00:00,68.6,68.64,67.83,68.1,49660.7602
2026-06-13T17:00:00+00:00,68.1,68.28,67.84,67.99,22513.0139
2026-06-13T18:00:00+00:00,67.99,68.38,67.97,68.12,8502.2845
2026-06-13T19:00:00+00:00,68.12,68.4,68.02,68.23,16876.5982
2026-06-13T20:00:00+00:00,68.23,68.28,68.06,68.28,9688.9273
2026-06-13T21:00:00+00:00,68.28,69.58,68.21,69.27,76636.2442
2026-06-13T22:00:00+00:00,69.27,69.28,68.89,68.9,28353.635
2026-06-13T23:00:00+00:00,68.9,69.19,68.79,68.92,15622.5484
2026-06-14T00:00:00+00:00,68.92,68.93,68.65,68.76,10412.5495
2026-06-14T01:00:00+00:00,68.76,69.11,68.65,68.82,16640.6054
2026-06-14T02:00:00+00:00,68.82,69.08,68.71,68.83,10261.9195
2026-06-14T03:00:00+00:00,68.83,69.04,68.75,68.95,8071.5149
2026-06-14T04:00:00+00:00,68.95,69.01,68.43,68.52,17861.4407
2026-06-14T05:00:00+00:00,68.52,68.6,68.03,68.25,22072.5725
2026-06-14T06:00:00+00:00,68.25,68.49,68.11,68.19,9641.2437
2026-06-14T07:00:00+00:00,68.19,68.26,68.04,68.22,5485.0703
2026-06-14T08:00:00+00:00,68.22,68.36,68.11,68.25,4269.295
2026-06-14T09:00:00+00:00,68.25,68.51,67.92,68.48,10471.4828
2026-06-14T10:00:00+00:00,68.48,68.52,68.15,68.15,7777.624
2026-06-14T11:00:00+00:00,68.15,68.35,68.02,68.1,4477.7731
2026-06-14T12:00:00+00:00,68.1,68.17,67.71,67.78,7105.5053
2026-06-14T13:00:00+00:00,67.78,67.87,67.51,67.76,13475.0886
2026-06-14T14:00:00+00:00,67.76,67.84,66.96,67.27,22968.4687
2026-06-14T15:00:00+00:00,67.27,67.54,67.27,67.44,13176.762
2026-06-14T16:00:00+00:00,67.44,67.75,67.41,67.48,6770.5929
2026-06-14T17:00:00+00:00,67.48,67.73,67.3,67.35,7830.4897
2026-06-14T18:00:00+00:00,67.35,67.49,67.2,67.42,4776.8106
2026-06-14T19:00:00+00:00,67.42,67.75,67.34,67.55,6240.4653
2026-06-14T20:00:00+00:00,67.55,68.08,67.45,67.8,14086.2015
2026-06-14T21:00:00+00:00,67.8,70.55,67.8,70.15,108312.1995
2026-06-14T22:00:00+00:00,70.15,70.73,69.68,70.44,76192.3059
2026-06-14T23:00:00+00:00,70.44,71.29,70.17,71.27,41179.5251
2026-06-15T00:00:00+00:00,71.27,71.73,70.95,71.14,48218.301
2026-06-15T01:00:00+00:00,71.14,71.36,70.69,71.01,27974.01
2026-06-15T02:00:00+00:00,71.01,71.6,70.89,70.99,38799.7937
2026-06-15T03:00:00+00:00,70.99,71.37,70.91,71.25,28909.5813
2026-06-15T04:00:00+00:00,71.25,71.29,70.89,70.94,11533.1578
2026-06-15T05:00:00+00:00,70.94,71.32,70.82,71.22,14959.6856
2026-06-15T06:00:00+00:00,71.22,71.5,71.11,71.35,16000.7045
2026-06-15T07:00:00+00:00,71.35,71.52,71.13,71.27,15137.7312
2026-06-15T08:00:00+00:00,71.27,71.62,71.18,71.3,18504.084
2026-06-15T09:00:00+00:00,71.3,71.46,70.81,71.21,25988.6409
2026-06-15T10:00:00+00:00,71.21,72.16,71.18,71.88,62245.3501
2026-06-15T11:00:00+00:00,71.88,72.85,71.67,72.61,68586.3945
2026-06-15T12:00:00+00:00,72.61,73.01,72.32,72.85,43443.1525
2026-06-15T13:00:00+00:00,72.85,74.24,72.71,73.64,76708.2485
2026-06-15T14:00:00+00:00,73.64,73.98,73.22,73.82,28808.2429
2026-06-15T15:00:00+00:00,73.82,75.26,73.78,75.26,56411.7075
2026-06-15T16:00:00+00:00,75.26,76.08,74.97,75.47,65183.5452
2026-06-15T17:00:00+00:00,75.47,75.48,74.67,75.28,57625.5287
2026-06-15T18:00:00+00:00,75.28,75.69,75.1,75.3,35467.6184
2026-06-15T19:00:00+00:00,75.3,75.8,74.57,75.26,64789.6221
2026-06-15T20:00:00+00:00,75.26,75.46,74.77,74.95,20214.5349
2026-06-15T21:00:00+00:00,74.95,75.02,74.41,74.45,26646.5873
2026-06-15T22:00:00+00:00,74.45,74.61,73.64,73.77,33535.1088
2026-06-15T23:00:00+00:00,73.77,74.07,73.62,73.98,24337.3956
2026-06-16T00:00:00+00:00,73.98,74.4,73.86,74.05,24021.0365
2026-06-16T01:00:00+00:00,74.05,74.36,73.86,73.87,23332.3177
2026-06-16T02:00:00+00:00,73.87,73.89,72.77,73.01,28760.9646
2026-06-16T03:00:00+00:00,73.01,73.81,72.87,73.75,25950.462
2026-06-16T04:00:00+00:00,73.75,73.94,73.2,73.37,14880.9433
2026-06-16T05:00:00+00:00,73.37,73.83,73.37,73.66,11904.1726
2026-06-16T06:00:00+00:00,73.66,74.31,73.66,74.18,34389.5472
2026-06-16T07:00:00+00:00,74.18,74.53,74.13,74.47,18019.042
2026-06-16T08:00:00+00:00,74.47,75.64,74.34,75.4,23187.942
2026-06-16T09:00:00+00:00,75.4,75.46,74.82,74.85,18435.8033
2026-06-16T10:00:00+00:00,74.85,75.12,74.68,74.7,17393.0178
2026-06-16T11:00:00+00:00,74.7,74.89,74.38,74.67,10712.7732
2026-06-16T12:00:00+00:00,74.67,75.55,74.5,74.94,54128.4858
2026-06-16T13:00:00+00:00,74.94,74.98,73.87,73.98,41818.4777
2026-06-16T14:00:00+00:00,73.98,74.31,72.34,72.96,51873.3729
2026-06-16T15:00:00+00:00,72.96,73.66,72.87,73.29,22710.6467
2026-06-16T16:00:00+00:00,73.29,73.48,73.01,73.09,16745.4841
2026-06-16T17:00:00+00:00,73.09,73.83,73.06,73.66,18329.3812
2026-06-16T18:00:00+00:00,73.66,74.34,73.59,74.01,35271.289
2026-06-16T19:00:00+00:00,74.01,74.23,73.5,73.85,19833.3777
2026-06-16T20:00:00+00:00,73.85,74.26,73.68,74.15,11633.6673
2026-06-16T21:00:00+00:00,74.15,74.22,73.75,73.94,21682.143
2026-06-16T22:00:00+00:00,73.94,74.11,73.61,73.85,7174.4536
2026-06-16T23:00:00+00:00,73.85,73.98,73.43,73.53,4944.4634
2026-06-17T00:00:00+00:00,73.53,73.79,73.32,73.37,7872.2607
2026-06-17T01:00:00+00:00,73.37,74.01,73.18,73.94,14648.8525
2026-06-17T02:00:00+00:00,73.94,74.47,73.71,74.06,17120.2916
2026-06-17T03:00:00+00:00,74.06,74.07,73.53,73.69,7026.9616
2026-06-17T04:00:00+00:00,73.69,74.12,73.61,73.83,5848.1849
2026-06-17T05:00:00+00:00,73.83,74.02,73.45,73.66,6025.1764
2026-06-17T06:00:00+00:00,73.66,73.84,73.18,73.41,10508.5455
2026-06-17T07:00:00+00:00,73.41,73.61,73.01,73.28,47057.8435
2026-06-17T08:00:00+00:00,73.28,73.31,72.17,72.35,28349.0003
2026-06-17T09:00:00+00:00,72.35,72.67,72.32,72.54,13856.9824
2026-06-17T10:00:00+00:00,72.54,72.68,72.13,72.14,7570.7674
2026-06-17T11:00:00+00:00,72.14,72.25,71.72,72.03,18371.1298
2026-06-17T12:00:00+00:00,72.03,72.35,71.59,72.33,20526.8404
2026-06-17T13:00:00+00:00,72.33,72.76,72.15,72.42,29559.623
2026-06-17T14:00:00+00:00,72.42,72.67,71.82,72.39,31468.4753
2026-06-17T15:00:00+00:00,72.39,73.88,72.35,73.83,37816.6098
2026-06-17T16:00:00+00:00,73.83,74.69,73.72,73.77,33418.8349
2026-06-17T17:00:00+00:00,73.77,74.35,73.48,74.21,29354.0326
2026-06-17T18:00:00+00:00,74.21,74.38,72.21,73.51,145735.625
2026-06-17T19:00:00+00:00,73.51,73.71,71.43,71.66,104952.301
2026-06-17T20:00:00+00:00,71.66,72.25,71.55,72.2,36691.243
2026-06-17T21:00:00+00:00,72.2,72.23,71.38,71.61,15736.3975
2026-06-17T22:00:00+00:00,71.61,71.94,70.83,71.71,30583.4956
2026-06-17T23:00:00+00:00,71.71,72.14,71.69,72.04,9475.643
2026-06-18T00:00:00+00:00,72.04,72.5,72.02,72.23,12313.7702
2026-06-18T01:00:00+00:00,72.23,72.63,72.09,72.22,9452.8449
2026-06-18T02:00:00+00:00,72.22,72.68,72.12,72.53,17307.3426
2026-06-18T03:00:00+00:00,72.53,72.55,71.54,71.66,15695.3529
2026-06-18T04:00:00+00:00,71.66,71.72,70.9,71.06,19929.9864
2026-06-18T05:00:00+00:00,71.06,71.13,70.64,71.12,15946.6457
2026-06-18T06:00:00+00:00,71.12,71.4,70.99,71.35,12495.5657
2026-06-18T07:00:00+00:00,71.35,71.84,71.16,71.77,13423.5113
2026-06-18T08:00:00+00:00,71.77,72.07,71.63,71.87,13789.7179
2026-06-18T09:00:00+00:00,71.87,72.15,71.75,71.85,8435.9579
2026-06-18T10:00:00+00:00,71.85,71.86,71.1,71.38,18538.9479
2026-06-18T11:00:00+00:00,71.38,71.56,70.72,70.93,47540.2171
2026-06-18T12:00:00+00:00,70.93,71.61,70.87,71.56,16539.9829
2026-06-18T13:00:00+00:00,71.56,71.79,70.69,71.04,34310.97
2026-06-18T14:00:00+00:00,71.04,71.71,70.69,71.07,49797.4997
2026-06-18T15:00:00+00:00,71.07,71.1,68.36,68.44,170880.1092
2026-06-18T16:00:00+00:00,68.44,69.12,68.39,69.04,30996.2136
2026-06-18T17:00:00+00:00,69.04,69.14,68.5,68.63,86166.3397
2026-06-18T18:00:00+00:00,68.63,68.97,68.23,68.65,146926.7895
2026-06-18T19:00:00+00:00,68.65,69.52,68.57,69.37,32221.9611
2026-06-18T20:00:00+00:00,69.37,69.95,69.37,69.82,20960.0923
2026-06-18T21:00:00+00:00,69.82,69.89,69.39,69.57,19495.4218
2026-06-18T22:00:00+00:00,69.57,69.69,69.26,69.52,17185.3346
2026-06-18T23:00:00+00:00,69.52,69.78,69.28,69.72,11205.7121
2026-06-19T00:00:00+00:00,69.72,69.89,69.55,69.79,12359.5432
2026-06-19T01:00:00+00:00,69.79,70.02,69.54,69.94,16024.626
2026-06-19T02:00:00+00:00,69.94,70.08,69.42,69.67,10475.3468
2026-06-19T03:00:00+00:00,69.67,69.75,68.65,69.06,36108.4987
2026-06-19T04:00:00+00:00,69.06,69.27,68.21,68.33,22866.77
2026-06-19T05:00:00+00:00,68.33,68.75,68.31,68.69,22736.2006
2026-06-19T06:00:00+00:00,68.69,68.84,68.46,68.75,18726.8883
2026-06-19T07:00:00+00:00,68.75,68.77,67.98,68.39,23631.9259
2026-06-19T08:00:00+00:00,68.39,68.75,68.23,68.68,11949.1088
2026-06-19T09:00:00+00:00,68.68,68.75,68.22,68.33,28791.399
2026-06-19T10:00:00+00:00,68.33,68.46,68.05,68.31,19690.6703
2026-06-19T11:00:00+00:00,68.31,68.47,68.1,68.24,17518.5894
2026-06-19T12:00:00+00:00,68.24,68.7,67.85,68.6,43855.3338
2026-06-19T13:00:00+00:00,68.6,69.55,68.39,69.27,48907.8796
2026-06-19T14:00:00+00:00,69.27,69.47,68.83,69.14,25020.9712
2026-06-19T15:00:00+00:00,69.14,69.53,68.93,69.33,14780.5921
2026-06-19T16:00:00+00:00,69.33,69.57,68.69,68.72,21117.3185
2026-06-19T17:00:00+00:00,68.72,69.52,68.64,69.31,19768.2259
2026-06-19T18:00:00+00:00,69.31,69.37,68.81,69.07,12206.0713
2026-06-19T19:00:00+00:00,69.07,69.14,68.79,68.96,11764.9738
2026-06-19T20:00:00+00:00,68.96,69.31,68.72,69.25,13270.1068
2026-06-19T21:00:00+00:00,69.25,69.3,68.9,69.0,17206.6361
2026-06-19T22:00:00+00:00,69.0,69.44,68.98,69.4,20079.0041
2026-06-19T23:00:00+00:00,69.4,69.88,69.22,69.72,21350.7622
2026-06-20T00:00:00+00:00,69.72,70.15,69.59,69.62,24160.4342
2026-06-20T01:00:00+00:00,69.62,69.94,69.54,69.8,17066.8584
2026-06-20T02:00:00+00:00,69.8,69.86,69.49,69.65,4798.8145
2026-06-20T03:00:00+00:00,69.65,70.1,69.62,70.0,7154.8115
2026-06-20T04:00:00+00:00,70.0,71.09,69.88,70.86,22930.9098
2026-06-20T05:00:00+00:00,70.86,72.46,70.72,71.79,52039.2088
2026-06-20T06:00:00+00:00,71.79,72.38,71.7,72.11,20770.6579
2026-06-20T07:00:00+00:00,72.11,72.15,71.46,71.59,14172.7663
2026-06-20T08:00:00+00:00,71.59,71.65,71.28,71.35,8188.3138
2026-06-20T09:00:00+00:00,71.35,71.63,71.21,71.56,5435.2752
2026-06-20T10:00:00+00:00,71.56,71.71,71.43,71.69,5955.7717
2026-06-20T11:00:00+00:00,71.69,72.1,71.44,71.78,8130.6933
2026-06-20T12:00:00+00:00,71.78,71.94,71.41,71.56,8169.3188
2026-06-20T13:00:00+00:00,71.56,71.6,70.77,71.21,13903.2502
2026-06-20T14:00:00+00:00,71.21,72.2,70.49,71.95,30308.2755
2026-06-20T15:00:00+00:00,71.95,72.64,71.63,72.04,50521.8507
2026-06-20T16:00:00+00:00,72.04,72.06,71.33,71.68,21407.9882
2026-06-20T17:00:00+00:00,71.68,71.69,71.09,71.56,12683.1743
2026-06-20T18:00:00+00:00,71.56,71.98,71.54,71.77,16070.8651
2026-06-20T19:00:00+00:00,71.77,71.92,71.61,71.87,8070.3307
2026-06-20T20:00:00+00:00,71.87,72.07,71.72,72.03,4300.7657
2026-06-20T21:00:00+00:00,72.03,72.45,71.97,72.41,14518.4408
2026-06-20T22:00:00+00:00,72.41,74.29,72.37,73.56,70676.1232
2026-06-20T23:00:00+00:00,73.56,73.65,73.21,73.21,29396.5573
2026-06-21T00:00:00+00:00,73.21,73.28,73.02,73.2,11897.2288
2026-06-21T01:00:00+00:00,73.2,73.31,72.89,73.19,14687.6675
2026-06-21T02:00:00+00:00,73.19,73.38,73.09,73.33,7204.9359
2026-06-21T03:00:00+00:00,73.33,73.86,73.12,73.63,22387.9105
2026-06-21T04:00:00+00:00,73.63,73.85,73.39,73.45,8321.5123
2026-06-21T05:00:00+00:00,73.45,73.52,73.01,73.1,13853.5088
2026-06-21T06:00:00+00:00,73.1,73.36,73.05,73.24,7853.8282
2026-06-21T07:00:00+00:00,73.24,73.45,73.13,73.22,23660.9818
2026-06-21T08:00:00+00:00,73.22,73.26,72.75,73.16,15022.8848
2026-06-21T09:00:00+00:00,73.16,74.12,73.09,74.05,34917.5889
2026-06-21T10:00:00+00:00,74.05,74.4,73.88,73.9,16131.3163
2026-06-21T11:00:00+00:00,73.9,74.02,73.1,73.2,14322.3625
2026-06-21T12:00:00+00:00,73.2,73.7,72.93,73.64,18186.2189
2026-06-21T13:00:00+00:00,73.64,73.95,73.49,73.92,30038.6126
2026-06-21T14:00:00+00:00,73.92,74.18,73.66,74.12,30559.6286
2026-06-21T15:00:00+00:00,74.12,74.31,73.92,74.15,17135.0491
2026-06-21T16:00:00+00:00,74.15,74.69,73.82,74.35,37976.4546
2026-06-21T17:00:00+00:00,74.35,74.65,74.06,74.26,13690.795
2026-06-21T18:00:00+00:00,74.26,74.46,73.87,74.23,12985.7016
2026-06-21T19:00:00+00:00,74.23,74.47,74.12,74.44,7246.5658
2026-06-21T20:00:00+00:00,74.44,74.56,73.35,73.44,17819.8305
2026-06-21T21:00:00+00:00,73.44,73.47,72.42,73.16,45161.9805
2026-06-21T22:00:00+00:00,73.16,73.26,72.64,73.06,16041.5112
2026-06-21T23:00:00+00:00,73.06,73.1,72.3,72.47,17601.7132
2026-06-22T00:00:00+00:00,72.47,73.59,72.46,73.38,18154.7803
2026-06-22T01:00:00+00:00,73.38,75.0,73.27,74.41,36640.1271
2026-06-22T02:00:00+00:00,74.41,74.46,73.78,73.83,15012.601
2026-06-22T03:00:00+00:00,73.83,74.07,73.3,73.53,12632.177
2026-06-22T04:00:00+00:00,73.53,73.91,73.36,73.88,8611.3605
2026-06-22T05:00:00+00:00,73.88,74.15,73.81,73.96,14086.4484
2026-06-22T06:00:00+00:00,73.96,74.21,73.56,73.71,10948.9644
2026-06-22T07:00:00+00:00,73.71,74.5,73.68,74.1,47568.933
2026-06-22T08:00:00+00:00,74.1,74.34,73.71,73.89,25962.7017
2026-06-22T09:00:00+00:00,73.89,74.03,73.58,73.81,16789.5474
2026-06-22T10:00:00+00:00,73.81,74.03,73.6,73.78,10947.8696
2026-06-22T11:00:00+00:00,73.78,74.44,73.65,74.19,54906.9452
2026-06-22T12:00:00+00:00,74.19,74.58,74.04,74.43,40035.9873
2026-06-22T13:00:00+00:00,74.43,74.99,74.25,74.97,38828.4321
2026-06-22T14:00:00+00:00,74.97,75.01,73.19,73.44,38604.944
2026-06-22T15:00:00+00:00,73.44,73.8,72.98,73.14,33453.2904
2026-06-22T16:00:00+00:00,73.14,73.2,72.55,72.95,26932.6237
2026-06-22T17:00:00+00:00,72.95,73.32,72.63,73.29,11698.7364
2026-06-22T18:00:00+00:00,73.29,73.57,72.58,72.64,40034.3712
2026-06-22T19:00:00+00:00,72.64,72.81,72.45,72.7,23440.7962
2026-06-22T20:00:00+00:00,72.7,72.96,72.49,72.83,9920.7689
2026-06-22T21:00:00+00:00,72.83,72.88,72.28,72.72,12042.7764
2026-06-22T22:00:00+00:00,72.72,72.95,71.32,72.1,62640.0267
2026-06-22T23:00:00+00:00,72.1,72.16,71.83,71.97,31780.3139
2026-06-23T00:00:00+00:00,71.97,72.04,71.47,71.87,28920.866
2026-06-23T01:00:00+00:00,71.87,72.04,71.29,71.71,26823.0486
2026-06-23T02:00:00+00:00,71.71,72.04,71.54,72.0,15384.2312
2026-06-23T03:00:00+00:00,72.0,72.01,71.72,71.99,10738.0633
2026-06-23T04:00:00+00:00,71.99,72.02,71.38,71.44,8990.8989
2026-06-23T05:00:00+00:00,71.44,71.58,70.92,71.0,22894.1892
2026-06-23T06:00:00+00:00,71.0,71.07,69.66,70.32,68590.2951
2026-06-23T07:00:00+00:00,70.32,70.56,69.99,70.02,39883.0435
2026-06-23T08:00:00+00:00,70.02,70.11,68.16,68.69,104884.618
2026-06-23T09:00:00+00:00,68.69,69.04,68.68,68.9,27681.753
2026-06-23T10:00:00+00:00,68.9,69.22,68.6,68.82,21902.6406
2026-06-23T11:00:00+00:00,68.82,69.34,68.82,69.31,40087.7719
2026-06-23T12:00:00+00:00,69.31,69.37,68.85,68.96,36501.294
2026-06-23T13:00:00+00:00,68.96,69.36,68.62,69.21,54808.6783
2026-06-23T14:00:00+00:00,69.21,69.67,69.06,69.2,50438.4893
2026-06-23T15:00:00+00:00,69.2,69.2,68.39,68.93,30125.9524
2026-06-23T16:00:00+00:00,68.93,69.4,68.79,68.88,30847.2787
2026-06-23T17:00:00+00:00,68.88,69.18,68.63,68.76,14913.5603
2026-06-23T18:00:00+00:00,68.76,69.04,68.67,68.89,23505.319
2026-06-23T19:00:00+00:00,68.89,69.1,68.72,68.84,29236.9737
2026-06-23T20:00:00+00:00,68.84,69.06,68.83,69.01,11099.4947
2026-06-23T21:00:00+00:00,69.01,69.31,68.98,69.28,14050.0832
2026-06-23T22:00:00+00:00,69.28,69.82,69.24,69.56,27782.0517
2026-06-23T23:00:00+00:00,69.56,69.81,69.31,69.7,14343.9984
2026-06-24T00:00:00+00:00,69.7,70.14,69.58,69.99,31380.2222
2026-06-24T01:00:00+00:00,69.99,70.38,69.66,70.07,26555.8923
2026-06-24T02:00:00+00:00,70.07,70.14,69.43,69.45,31015.746
2026-06-24T03:00:00+00:00,69.45,69.76,69.1,69.55,15384.5056
2026-06-24T04:00:00+00:00,69.55,69.68,68.99,69.59,16692.7
2026-06-24T05:00:00+00:00,69.59,70.21,69.52,69.94,11735.7414
2026-06-24T06:00:00+00:00,69.94,70.04,69.69,69.73,22095.1764
2026-06-24T07:00:00+00:00,69.73,69.78,69.27,69.37,31346.1061
2026-06-24T08:00:00+00:00,69.37,69.62,69.23,69.46,39897.3214
2026-06-24T09:00:00+00:00,69.46,69.54,69.21,69.34,33606.8415
2026-06-24T10:00:00+00:00,69.34,69.34,68.94,69.04,23240.2523
2026-06-24T11:00:00+00:00,69.04,70.45,68.77,69.8,31096.6294
2026-06-24T12:00:00+00:00,69.8,69.92,69.42,69.46,19601.6817
2026-06-24T13:00:00+00:00,69.46,69.5,68.38,68.89,80800.9961
2026-06-24T14:00:00+00:00,68.89,69.42,68.6,68.86,72907.5156
2026-06-24T15:00:00+00:00,68.86,68.89,67.26,67.32,65801.046
2026-06-24T16:00:00+00:00,67.32,68.03,66.3,66.54,112911.9962
2026-06-24T17:00:00+00:00,66.54,66.92,64.71,64.96,92633.19
2026-06-24T18:00:00+00:00,64.96,66.49,64.82,66.01,90016.2726
2026-06-24T19:00:00+00:00,66.01,66.37,65.53,66.12,56299.3561
2026-06-24T20:00:00+00:00,66.12,68.01,65.98,67.67,74406.5056
2026-06-24T21:00:00+00:00,67.67,68.13,67.22,68.08,38462.2403
2026-06-24T22:00:00+00:00,68.08,68.57,67.7,67.82,19587.6512
2026-06-24T23:00:00+00:00,67.82,68.19,67.77,68.11,9951.0496
2026-06-25T00:00:00+00:00,68.11,68.32,67.55,67.71,11467.8606
2026-06-25T01:00:00+00:00,67.71,68.0,67.41,67.88,7761.5951
2026-06-25T02:00:00+00:00,67.88,67.93,67.61,67.74,6142.2582
2026-06-25T03:00:00+00:00,67.74,67.85,67.47,67.69,8280.8623
2026-06-25T04:00:00+00:00,67.69,68.52,67.49,68.47,19436.4326
2026-06-25T05:00:00+00:00,68.47,69.29,68.37,69.03,38562.4147
2026-06-25T06:00:00+00:00,69.03,69.65,69.02,69.47,18638.636
2026-06-25T07:00:00+00:00,69.47,69.58,69.24,69.44,17327.0349
2026-06-25T08:00:00+00:00,69.44,69.44,68.99,69.06,32386.3173
2026-06-25T09:00:00+00:00,69.06,69.19,68.79,68.83,20940.8059
2026-06-25T10:00:00+00:00,68.83,68.88,68.12,68.31,39042.8764
2026-06-25T11:00:00+00:00,68.31,68.43,68.0,68.18,27576.3635
2026-06-25T12:00:00+00:00,68.18,68.92,67.8,68.29,44796.5286
2026-06-25T13:00:00+00:00,68.29,68.46,64.02,64.23,164073.5095
2026-06-25T14:00:00+00:00,64.23,67.15,64.23,66.36,187534.0047
2026-06-25T15:00:00+00:00,66.36,66.4,65.24,66.3,130798.0634
2026-06-25T16:00:00+00:00,66.3,67.03,65.67,65.97,50173.6054
2026-06-25T17:00:00+00:00,65.97,67.37,65.82,67.14,53176.365
2026-06-25T18:00:00+00:00,67.14,67.16,65.92,66.19,57012.0023
2026-06-25T19:00:00+00:00,66.19,66.23,65.66,66.21,37265.435
2026-06-25T20:00:00+00:00,66.21,66.8,66.07,66.28,34273.947
2026-06-25T21:00:00+00:00,66.28,67.31,66.28,67.29,25364.2808
2026-06-25T22:00:00+00:00,67.29,67.34,66.95,67.15,21542.3886
2026-06-25T23:00:00+00:00,67.15,68.81,67.01,67.71,80392.1582
2026-06-26T00:00:00+00:00,67.71,68.1,67.62,67.74,23677.7985
2026-06-26T01:00:00+00:00,67.74,67.92,67.14,67.31,17048.455
2026-06-26T02:00:00+00:00,67.31,67.35,65.92,66.21,47191.7895
2026-06-26T03:00:00+00:00,66.21,68.5,65.92,68.22,77388.0528
2026-06-26T04:00:00+00:00,68.22,68.38,67.98,68.08,31505.144
2026-06-26T05:00:00+00:00,68.08,68.48,68.0,68.37,21478.239
2026-06-26T06:00:00+00:00,68.37,70.02,68.01,69.99,61525.3385
2026-06-26T07:00:00+00:00,69.99,71.0,69.93,70.79,75534.1142
2026-06-26T08:00:00+00:00,70.79,70.89,69.73,69.96,70760.1691
2026-06-26T09:00:00+00:00,69.96,69.96,68.86,69.01,40182.2591
2026-06-26T10:00:00+00:00,69.01,69.25,68.66,68.77,31112.9772
2026-06-26T11:00:00+00:00,68.77,69.11,68.4,68.6,26855.4529
2026-06-26T12:00:00+00:00,68.6,69.74,68.38,68.88,34332.2345
2026-06-26T13:00:00+00:00,68.88,70.96,68.21,70.71,79146.7125
2026-06-26T14:00:00+00:00,70.71,71.98,70.26,70.47,133019.4461
2026-06-26T15:00:00+00:00,70.47,72.26,70.33,72.07,80235.2567
2026-06-26T16:00:00+00:00,72.07,73.55,72.03,72.5,93223.6005
2026-06-26T17:00:00+00:00,72.5,72.88,72.2,72.57,49451.6385
2026-06-26T18:00:00+00:00,72.57,73.1,72.39,72.61,36257.976
2026-06-26T19:00:00+00:00,72.61,73.94,72.5,73.02,66944.5884
2026-06-26T20:00:00+00:00,73.02,73.68,72.07,72.18,62828.9944
2026-06-26T21:00:00+00:00,72.18,72.4,71.82,71.98,31555.7143
2026-06-26T22:00:00+00:00,71.98,72.1,71.44,71.82,24777.4526
2026-06-26T23:00:00+00:00,71.82,72.01,71.68,71.9,15334.1506
2026-06-27T00:00:00+00:00,71.9,72.49,71.58,71.81,28794.8405
2026-06-27T01:00:00+00:00,71.81,71.82,71.37,71.45,9641.2383
2026-06-27T02:00:00+00:00,71.45,72.25,71.39,72.12,17874.177
2026-06-27T03:00:00+00:00,72.12,72.4,71.84,72.25,15672.8966
2026-06-27T04:00:00+00:00,72.25,72.58,71.89,71.93,16586.3913
2026-06-27T05:00:00+00:00,71.93,72.02,71.51,71.8,10281.316
2026-06-27T06:00:00+00:00,71.8,72.32,71.62,72.13,20473.9881
2026-06-27T07:00:00+00:00,72.13,72.34,72.01,72.3,10657.6998
2026-06-27T08:00:00+00:00,72.3,72.32,71.87,72.02,12844.9236
2026-06-27T09:00:00+00:00,72.02,72.11,71.72,71.88,8487.7115
2026-06-27T10:00:00+00:00,71.88,72.05,71.83,72.02,6751.998
2026-06-27T11:00:00+00:00,72.02,72.08,71.54,71.8,7334.5682
2026-06-27T12:00:00+00:00,71.8,72.19,71.66,72.16,13840.3581
2026-06-27T13:00:00+00:00,72.16,72.63,72.12,72.36,14285.6777
2026-06-27T14:00:00+00:00,72.36,72.91,72.22,72.72,11085.7951
2026-06-27T15:00:00+00:00,72.72,73.19,72.62,72.85,18621.5991
2026-06-27T16:00:00+00:00,72.85,73.01,72.64,72.65,12257.4626
2026-06-27T17:00:00+00:00,72.65,72.65,71.91,72.04,28123.8878
2026-06-27T18:00:00+00:00,72.04,72.18,71.76,71.92,11472.4405
2026-06-27T19:00:00+00:00,71.92,72.02,70.94,71.1,30320.1727
2026-06-27T20:00:00+00:00,71.1,71.35,71.08,71.31,6265.7174
2026-06-27T21:00:00+00:00,71.31,71.63,70.81,70.98,12808.6081
2026-06-27T22:00:00+00:00,70.98,71.09,70.25,71.08,22236.6992
2026-06-27T23:00:00+00:00,71.08,71.16,70.43,70.49,22503.2101
2026-06-28T00:00:00+00:00,70.49,70.8,70.46,70.69,8083.5282
2026-06-28T01:00:00+00:00,70.69,70.92,70.43,70.84,7090.0086
2026-06-28T02:00:00+00:00,70.84,71.0,70.49,70.72,6062.598
2026-06-28T03:00:00+00:00,70.72,70.97,70.71,70.86,7005.6934
2026-06-28T04:00:00+00:00,70.86,70.98,70.56,70.77,5140.3532
2026-06-28T05:00:00+00:00,70.77,70.77,70.15,70.52,9181.2808
2026-06-28T06:00:00+00:00,70.52,70.57,70.17,70.45,5524.0595
2026-06-28T07:00:00+00:00,70.45,71.09,70.44,71.07,10712.4949
2026-06-28T08:00:00+00:00,71.07,72.2,71.05,71.91,31000.9355
2026-06-28T09:00:00+00:00,71.91,72.05,71.5,71.53,14785.7468
2026-06-28T10:00:00+00:00,71.53,71.61,71.12,71.48,10749.0553
2026-06-28T11:00:00+00:00,71.48,72.03,71.42,71.91,15280.0524
2026-06-28T12:00:00+00:00,71.91,72.42,71.65,71.88,12749.1288
2026-06-28T13:00:00+00:00,71.88,72.09,71.34,71.74,17499.5221
2026-06-28T14:00:00+00:00,71.74,72.2,71.65,71.66,10852.756
2026-06-28T15:00:00+00:00,71.66,72.11,71.46,72.09,16346.7854
2026-06-28T16:00:00+00:00,72.09,72.14,71.17,71.57,24026.0754
2026-06-28T17:00:00+00:00,71.57,71.97,70.96,71.56,18335.6711
2026-06-28T18:00:00+00:00,71.56,71.72,71.0,71.17,19097.6689
2026-06-28T19:00:00+00:00,71.17,71.31,70.25,70.71,23826.847
2026-06-28T20:00:00+00:00,70.71,71.29,70.49,70.9,104415.1069
2026-06-28T21:00:00+00:00,70.9,71.06,70.25,70.46,21268.8001
2026-06-28T22:00:00+00:00,70.46,71.52,69.72,70.25,41814.7804
2026-06-28T23:00:00+00:00,70.25,71.77,70.13,71.4,33694.2864
2026-06-29T00:00:00+00:00,71.4,71.7,70.36,71.65,43083.3348
2026-06-29T01:00:00+00:00,71.65,71.7,70.96,71.5,27463.4129
2026-06-29T02:00:00+00:00,71.5,72.23,70.52,72.21,38667.2581
2026-06-29T03:00:00+00:00,72.21,73.34,72.19,72.68,57068.6939
2026-06-29T04:00:00+00:00,72.68,72.69,71.64,71.69,15062.4382
2026-06-29T05:00:00+00:00,71.69,72.34,71.03,72.32,31225.6961
2026-06-29T06:00:00+00:00,72.32,73.12,72.22,72.38,47131.0272
2026-06-29T07:00:00+00:00,72.38,72.94,72.09,72.72,23772.7351
2026-06-29T08:00:00+00:00,72.72,73.01,72.4,72.72,37981.403
2026-06-29T09:00:00+00:00,72.72,73.16,72.6,72.92,28963.9339
2026-06-29T10:00:00+00:00,72.92,73.68,72.92,73.24,30973.892
2026-06-29T11:00:00+00:00,73.24,73.28,72.25,72.52,40211.2338
2026-06-29T12:00:00+00:00,72.52,74.54,72.12,73.49,122164.9297
2026-06-29T13:00:00+00:00,73.49,74.33,72.78,73.73,106665.1892
2026-06-29T14:00:00+00:00,73.73,73.94,72.31,73.72,92309.1551
2026-06-29T15:00:00+00:00,73.72,74.45,72.79,73.89,73481.3539
2026-06-29T16:00:00+00:00,73.89,74.18,72.91,74.04,42566.7819
2026-06-29T17:00:00+00:00,74.04,76.48,74.02,75.29,168416.8566
2026-06-29T18:00:00+00:00,75.29,75.82,75.15,75.61,27245.7677
2026-06-29T19:00:00+00:00,75.61,76.22,75.42,75.99,31245.3416
2026-06-29T20:00:00+00:00,75.99,76.01,75.28,75.39,18807.0847
2026-06-29T21:00:00+00:00,75.39,75.8,75.25,75.52,15838.6555
2026-06-29T22:00:00+00:00,75.52,75.65,75.06,75.28,12860.9675
2026-06-29T23:00:00+00:00,75.28,75.43,74.9,75.16,16866.8215
2026-06-30T00:00:00+00:00,75.16,75.24,74.2,74.45,22850.058
2026-06-30T01:00:00+00:00,74.45,74.67,74.07,74.41,17364.163
2026-06-30T02:00:00+00:00,74.41,74.85,74.05,74.61,12748.8529
2026-06-30T03:00:00+00:00,74.61,74.9,74.14,74.2,9036.6749
2026-06-30T04:00:00+00:00,74.2,74.26,73.68,74.03,21924.2288
2026-06-30T05:00:00+00:00,74.03,74.23,73.85,74.23,10944.2298
2026-06-30T06:00:00+00:00,74.23,74.25,73.91,74.16,7562.0773
2026-06-30T07:00:00+00:00,74.16,74.25,73.86,74.15,22921.339
2026-06-30T08:00:00+00:00,74.15,74.21,73.33,73.63,50495.7286
2026-06-30T09:00:00+00:00,73.63,73.88,73.54,73.79,14970.5709
2026-06-30T10:00:00+00:00,73.79,73.9,73.48,73.69,6027.1037
2026-06-30T11:00:00+00:00,73.69,73.77,73.33,73.39,10892.816
2026-06-30T12:00:00+00:00,73.39,73.41,72.07,72.1,34652.0173
2026-06-30T13:00:00+00:00,72.1,72.93,71.9,72.87,51338.8093
2026-06-30T14:00:00+00:00,72.87,73.91,72.75,72.95,27407.132
2026-06-30T15:00:00+00:00,72.95,74.11,72.6,73.13,54331.1893
2026-06-30T16:00:00+00:00,73.13,73.72,72.74,73.5,26460.9212
2026-06-30T17:00:00+00:00,73.5,73.92,73.16,73.17,28368.0536
2026-06-30T18:00:00+00:00,73.17,73.81,72.95,73.6,18230.5242
2026-06-30T19:00:00+00:00,73.6,73.97,73.36,73.75,20725.9108
2026-06-30T20:00:00+00:00,73.75,73.94,73.53,73.7,23946.2242
2026-06-30T21:00:00+00:00,73.7,73.78,73.2,73.5,14390.2536
2026-06-30T22:00:00+00:00,73.5,73.74,73.28,73.45,9469.1787
2026-06-30T23:00:00+00:00,73.45,73.71,73.33,73.67,7567.8645
2026-07-01T00:00:00+00:00,73.67,73.88,73.37,73.63,14857.7071
2026-07-01T01:00:00+00:00,73.63,74.36,72.25,73.95,48592.6596
2026-07-01T02:00:00+00:00,73.95,75.03,73.8,74.78,37215.3888
2026-07-01T03:00:00+00:00,74.78,75.71,74.36,75.47,45055.0577
2026-07-01T04:00:00+00:00,75.47,75.87,75.26,75.58,41020.8155
2026-07-01T05:00:00+00:00,75.58,75.8,75.16,75.26,16423.5279
2026-07-01T06:00:00+00:00,75.26,75.28,73.97,74.32,22074.8726
2026-07-01T07:00:00+00:00,74.32,74.96,74.1,74.88,27825.0314
2026-07-01T08:00:00+00:00,74.88,75.52,74.47,75.44,31739.9637
2026-07-01T09:00:00+00:00,75.44,75.58,75.08,75.46,29078.071
2026-07-01T10:00:00+00:00,75.46,75.56,74.99,75.0,24260.4211
2026-07-01T11:00:00+00:00,75.0,75.33,74.64,74.84,19564.5599
2026-07-01T12:00:00+00:00,74.84,74.97,74.26,74.6,24980.2022
2026-07-01T13:00:00+00:00,74.6,76.13,74.6,76.05,66562.2893
2026-07-01T14:00:00+00:00,76.05,77.28,75.65,76.98,90149.5957
2026-07-01T15:00:00+00:00,76.98,77.83,76.84,77.44,52380.9903
2026-07-01T16:00:00+00:00,77.44,78.24,76.91,77.17,52879.8733
2026-07-01T17:00:00+00:00,77.17,77.95,76.87,77.78,25248.8218
2026-07-01T18:00:00+00:00,77.78,77.92,77.31,77.44,38304.7647
2026-07-01T19:00:00+00:00,77.44,77.7,76.81,77.01,23380.8789
2026-07-01T20:00:00+00:00,77.01,77.51,76.61,77.43,29266.0762
2026-07-01T21:00:00+00:00,77.43,78.7,77.43,78.42,47467.9765
2026-07-01T22:00:00+00:00,78.42,78.96,77.78,77.88,39929.6007
2026-07-01T23:00:00+00:00,77.88,77.88,77.27,77.47,21088.5681
2026-07-02T00:00:00+00:00,77.47,77.47,76.91,77.26,16446.5039
2026-07-02T01:00:00+00:00,77.26,78.71,77.23,78.19,23027.9319
2026-07-02T02:00:00+00:00,78.19,78.62,77.82,78.45,14327.7583
2026-07-02T03:00:00+00:00,78.45,79.0,77.95,78.73,48094.4853
2026-07-02T04:00:00+00:00,78.73,78.74,78.07,78.3,22292.7025
2026-07-02T05:00:00+00:00,78.3,78.36,77.8,78.13,11092.4713
2026-07-02T06:00:00+00:00,78.13,78.65,77.78,77.91,20956.951
2026-07-02T07:00:00+00:00,77.91,78.2,77.6,77.99,18587.3183
2026-07-02T08:00:00+00:00,77.99,78.5,77.95,78.49,14918.0013
2026-07-02T09:00:00+00:00,78.49,79.8,78.3,79.48,46401.8476
2026-07-02T10:00:00+00:00,79.48,82.2,79.43,82.09,101698.3383
2026-07-02T11:00:00+00:00,82.09,82.77,81.52,82.39,100721.5161
2026-07-02T12:00:00+00:00,82.39,82.45,81.13,81.41,79134.3186
2026-07-02T13:00:00+00:00,81.41,82.0,80.73,81.51,54440.9212
2026-07-02T14:00:00+00:00,81.51,81.53,80.12,80.54,90686.5738
2026-07-02T15:00:00+00:00,80.54,80.91,80.1,80.86,27759.9255
2026-07-02T16:00:00+00:00,80.86,81.11,80.17,80.56,42768.4535
2026-07-02T17:00:00+00:00,80.56,81.24,80.51,80.65,21314.7923
2026-07-02T18:00:00+00:00,80.65,81.25,80.65,81.03,26146.4133
2026-07-02T19:00:00+00:00,81.03,81.31,80.79,80.85,15455.6727
2026-07-02T20:00:00+00:00,80.85,81.1,80.6,81.02,13776.3065
2026-07-02T21:00:00+00:00,81.02,81.17,80.5,80.8,8265.8271
2026-07-02T22:00:00+00:00,80.8,80.88,80.42,80.66,11532.3751
2026-07-02T23:00:00+00:00,80.66,80.77,80.5,80.72,9077.5965
2026-07-03T00:00:00+00:00,80.72,80.93,80.52,80.76,22009.0858
2026-07-03T01:00:00+00:00,80.76,81.69,80.71,81.49,14573.7689
2026-07-03T02:00:00+00:00,81.49,81.68,80.69,80.82,9654.0668
2026-07-03T03:00:00+00:00,80.82,80.98,80.35,80.74,10631.8014
2026-07-03T04:00:00+00:00,80.74,80.81,80.48,80.52,5525.918
2026-07-03T05:00:00+00:00,80.52,81.27,80.47,81.15,8041.0099
2026-07-03T06:00:00+00:00,81.15,81.39,80.75,80.96,9438.3934
2026-07-03T07:00:00+00:00,80.96,81.52,80.83,81.23,9237.6761
2026-07-03T08:00:00+00:00,81.23,81.52,80.84,80.92,16199.9194
2026-07-03T09:00:00+00:00,80.92,81.29,80.68,81.02,15453.5076
2026-07-03T10:00:00+00:00,81.02,81.87,80.87,81.56,30338.6555
2026-07-03T11:00:00+00:00,81.56,81.69,81.25,81.56,31002.5856
2026-07-03T12:00:00+00:00,81.56,81.77,81.21,81.52,13106.289
2026-07-03T13:00:00+00:00,81.52,81.84,81.42,81.6,16141.8272
2026-07-03T14:00:00+00:00,81.6,81.79,80.93,81.78,28241.3089
