timestamp,open,high,low,close,volume
2026-04-11T07:00:00+00:00,1.3464,1.3479,1.3457,1.3466,180532.7
2026-04-11T08:00:00+00:00,1.3466,1.3486,1.3448,1.3454,289987.5
2026-04-11T09:00:00+00:00,1.3454,1.3489,1.3423,1.3477,796148.87
2026-04-11T10:00:00+00:00,1.3477,1.348,1.3455,1.3471,282597.73
2026-04-11T11:00:00+00:00,1.3471,1.3499,1.3441,1.3456,1047947.3
2026-04-11T12:00:00+00:00,1.3456,1.3463,1.3418,1.3444,1484638.32
2026-04-11T13:00:00+00:00,1.3444,1.3452,1.3402,1.345,743189.42
2026-04-11T14:00:00+00:00,1.345,1.3491,1.3418,1.3425,1346527.46
2026-04-11T15:00:00+00:00,1.3425,1.3466,1.3394,1.3461,1511606.55
2026-04-11T16:00:00+00:00,1.3461,1.3588,1.3458,1.3546,672160.03
2026-04-11T17:00:00+00:00,1.3546,1.3569,1.3511,1.353,632247.91
2026-04-11T18:00:00+00:00,1.353,1.3671,1.3513,1.3641,1037048.78
2026-04-11T19:00:00+00:00,1.3641,1.3751,1.3631,1.371,1318341.62
2026-04-11T20:00:00+00:00,1.371,1.3727,1.3583,1.3616,886562.31
2026-04-11T21:00:00+00:00,1.3616,1.3656,1.3595,1.3624,563288.82
2026-04-11T22:00:00+00:00,1.3624,1.3699,1.3601,1.3616,871214.67
2026-04-11T23:00:00+00:00,1.3616,1.3616,1.3512,1.3544,519972.14
2026-04-12T00:00:00+00:00,1.3544,1.3547,1.3515,1.3535,346075.23
2026-04-12T01:00:00+00:00,1.3535,1.3559,1.3259,1.3295,2913680.0
2026-04-12T02:00:00+00:00,1.3295,1.3377,1.3254,1.3344,1055140.92
2026-04-12T03:00:00+00:00,1.3344,1.3363,1.3301,1.3304,785336.82
2026-04-12T04:00:00+00:00,1.3304,1.3309,1.3271,1.3281,645013.85
2026-04-12T05:00:00+00:00,1.3281,1.3311,1.327,1.3305,389339.29
2026-04-12T06:00:00+00:00,1.3305,1.3323,1.3286,1.3295,535972.03
2026-04-12T07:00:00+00:00,1.3295,1.331,1.3274,1.3298,493586.5
2026-04-12T08:00:00+00:00,1.3298,1.3319,1.328,1.3286,471546.48
2026-04-12T09:00:00+00:00,1.3286,1.332,1.3262,1.3303,828803.73
2026-04-12T10:00:00+00:00,1.3303,1.3329,1.3295,1.3306,215856.25
2026-04-12T11:00:00+00:00,1.3306,1.334,1.3299,1.333,828307.01
2026-04-12T12:00:00+00:00,1.333,1.3345,1.3276,1.3309,1158436.27
2026-04-12T13:00:00+00:00,1.3309,1.3328,1.3232,1.3235,2710325.99
2026-04-12T14:00:00+00:00,1.3235,1.3279,1.3216,1.3223,2904329.39
2026-04-12T15:00:00+00:00,1.3223,1.3252,1.3193,1.3238,784748.04
2026-04-12T16:00:00+00:00,1.3238,1.328,1.3233,1.3279,383877.21
2026-04-12T17:00:00+00:00,1.3279,1.3337,1.3271,1.3326,393213.37
2026-04-12T18:00:00+00:00,1.3326,1.334,1.33,1.3307,385622.15
2026-04-12T19:00:00+00:00,1.3307,1.3318,1.3297,1.3309,316490.18
2026-04-12T20:00:00+00:00,1.3309,1.3395,1.3295,1.3366,477294.34
2026-04-12T21:00:00+00:00,1.3366,1.3391,1.3337,1.3365,449668.13
2026-04-12T22:00:00+00:00,1.3365,1.3365,1.3231,1.328,1031576.89
2026-04-12T23:00:00+00:00,1.328,1.328,1.3225,1.3246,445677.96
2026-04-13T00:00:00+00:00,1.3246,1.3333,1.3232,1.3319,390280.49
2026-04-13T01:00:00+00:00,1.3319,1.333,1.3266,1.3321,242528.55
2026-04-13T02:00:00+00:00,1.3321,1.3332,1.3246,1.3255,380188.86
2026-04-13T03:00:00+00:00,1.3255,1.329,1.3244,1.3256,312872.42
2026-04-13T04:00:00+00:00,1.3256,1.3273,1.3196,1.323,938100.91
2026-04-13T05:00:00+00:00,1.323,1.3319,1.3219,1.3314,383255.33
2026-04-13T06:00:00+00:00,1.3314,1.3369,1.3311,1.3343,1730164.04
2026-04-13T07:00:00+00:00,1.3343,1.3353,1.3253,1.3255,429505.91
2026-04-13T08:00:00+00:00,1.3255,1.3286,1.3229,1.3255,759075.99
2026-04-13T09:00:00+00:00,1.3255,1.3305,1.3245,1.3267,1586550.16
2026-04-13T10:00:00+00:00,1.3267,1.3268,1.3237,1.3252,256144.49
2026-04-13T11:00:00+00:00,1.3252,1.328,1.3248,1.3257,358357.89
2026-04-13T12:00:00+00:00,1.3257,1.3337,1.3235,1.3321,701639.54
2026-04-13T13:00:00+00:00,1.3321,1.3414,1.3275,1.3394,1681615.81
2026-04-13T14:00:00+00:00,1.3394,1.3465,1.3318,1.3458,1056680.0
2026-04-13T15:00:00+00:00,1.3458,1.3461,1.3311,1.3345,714804.96
2026-04-13T16:00:00+00:00,1.3345,1.3423,1.3294,1.3396,874333.09
2026-04-13T17:00:00+00:00,1.3396,1.3456,1.3372,1.3379,421544.84
2026-04-13T18:00:00+00:00,1.3379,1.3406,1.3346,1.3404,339357.36
2026-04-13T19:00:00+00:00,1.3404,1.3556,1.3391,1.3533,1556740.38
2026-04-13T20:00:00+00:00,1.3533,1.3553,1.3469,1.3471,1106910.1
2026-04-13T21:00:00+00:00,1.3471,1.3535,1.3439,1.351,870692.3
2026-04-13T22:00:00+00:00,1.351,1.3772,1.3503,1.3749,4277753.73
2026-04-13T23:00:00+00:00,1.3749,1.3841,1.3709,1.3755,3094377.32
2026-04-14T00:00:00+00:00,1.3755,1.3773,1.3609,1.3623,1469066.51
2026-04-14T01:00:00+00:00,1.3623,1.3681,1.3596,1.3664,1345395.74
2026-04-14T02:00:00+00:00,1.3664,1.371,1.3647,1.3684,844153.45
2026-04-14T03:00:00+00:00,1.3684,1.3684,1.3655,1.3671,462546.4
2026-04-14T04:00:00+00:00,1.3671,1.3682,1.3605,1.3635,960705.08
2026-04-14T05:00:00+00:00,1.3635,1.3654,1.3615,1.3621,352820.35
2026-04-14T06:00:00+00:00,1.3621,1.3731,1.3621,1.3714,1531165.49
2026-04-14T07:00:00+00:00,1.3714,1.3774,1.3675,1.368,1560399.76
2026-04-14T08:00:00+00:00,1.368,1.3753,1.3663,1.3732,827217.88
2026-04-14T09:00:00+00:00,1.3732,1.3759,1.3711,1.3732,481496.34
2026-04-14T10:00:00+00:00,1.3732,1.3733,1.369,1.3701,415153.45
2026-04-14T11:00:00+00:00,1.3701,1.3744,1.3679,1.3691,605861.12
2026-04-14T12:00:00+00:00,1.3691,1.3713,1.3651,1.3674,836403.12
2026-04-14T13:00:00+00:00,1.3674,1.3934,1.3672,1.3927,3005129.0
2026-04-14T14:00:00+00:00,1.3927,1.3953,1.3719,1.3719,2443607.43
2026-04-14T15:00:00+00:00,1.3719,1.3794,1.3672,1.3743,1360250.23
2026-04-14T16:00:00+00:00,1.3743,1.3808,1.3662,1.3685,848593.47
2026-04-14T17:00:00+00:00,1.3685,1.374,1.3654,1.3689,528211.73
2026-04-14T18:00:00+00:00,1.3689,1.3704,1.3523,1.3546,1217595.16
2026-04-14T19:00:00+00:00,1.3546,1.3608,1.3525,1.3604,997884.78
2026-04-14T20:00:00+00:00,1.3604,1.3617,1.3553,1.3567,795251.03
2026-04-14T21:00:00+00:00,1.3567,1.3619,1.3559,1.36,660339.55
2026-04-14T22:00:00+00:00,1.36,1.3653,1.3555,1.3584,1582953.3
2026-04-14T23:00:00+00:00,1.3584,1.366,1.3571,1.3616,1393634.27
2026-04-15T00:00:00+00:00,1.3616,1.3667,1.3574,1.362,2932500.83
2026-04-15T01:00:00+00:00,1.362,1.3648,1.3591,1.3623,1791721.45
2026-04-15T02:00:00+00:00,1.3623,1.3641,1.3555,1.3573,762253.07
2026-04-15T03:00:00+00:00,1.3573,1.3584,1.3559,1.3577,250960.89
2026-04-15T04:00:00+00:00,1.3577,1.3607,1.3574,1.3594,353347.31
2026-04-15T05:00:00+00:00,1.3594,1.3618,1.3551,1.3588,336341.49
2026-04-15T06:00:00+00:00,1.3588,1.3589,1.3541,1.3557,384643.91
2026-04-15T07:00:00+00:00,1.3557,1.3567,1.35,1.3515,1992584.87
2026-04-15T08:00:00+00:00,1.3515,1.3571,1.3506,1.3556,643610.31
2026-04-15T09:00:00+00:00,1.3556,1.3561,1.3507,1.3523,1008911.01
2026-04-15T10:00:00+00:00,1.3523,1.3593,1.3516,1.3562,635273.34
2026-04-15T11:00:00+00:00,1.3562,1.365,1.3562,1.3634,860317.34
2026-04-15T12:00:00+00:00,1.3634,1.3698,1.361,1.3651,1114214.86
2026-04-15T13:00:00+00:00,1.3651,1.3681,1.3614,1.3673,1225081.91
2026-04-15T14:00:00+00:00,1.3673,1.3794,1.3641,1.3766,2687229.68
2026-04-15T15:00:00+00:00,1.3766,1.3836,1.3718,1.3734,3000520.05
2026-04-15T16:00:00+00:00,1.3734,1.3822,1.372,1.3783,2433609.3
2026-04-15T17:00:00+00:00,1.3783,1.3839,1.3759,1.3801,1225020.76
2026-04-15T18:00:00+00:00,1.3801,1.3873,1.3791,1.3868,1826284.64
2026-04-15T19:00:00+00:00,1.3868,1.4082,1.3844,1.3998,3662267.72
2026-04-15T20:00:00+00:00,1.3998,1.4005,1.3846,1.388,1269530.96
2026-04-15T21:00:00+00:00,1.388,1.3902,1.3806,1.3885,861403.17
2026-04-15T22:00:00+00:00,1.3885,1.4025,1.3884,1.3939,1108034.73
2026-04-15T23:00:00+00:00,1.3939,1.3939,1.3853,1.3919,1272419.1
2026-04-16T00:00:00+00:00,1.3919,1.3983,1.3866,1.3969,620744.31
2026-04-16T01:00:00+00:00,1.3969,1.4019,1.3901,1.4001,1229589.89
2026-04-16T02:00:00+00:00,1.4001,1.41,1.3965,1.4065,1327194.81
2026-04-16T03:00:00+00:00,1.4065,1.4154,1.4055,1.4062,1168748.75
2026-04-16T04:00:00+00:00,1.4062,1.4115,1.4021,1.4039,782522.77
2026-04-16T05:00:00+00:00,1.4039,1.4072,1.4006,1.4056,623671.73
2026-04-16T06:00:00+00:00,1.4056,1.4102,1.4042,1.4098,653737.05
2026-04-16T07:00:00+00:00,1.4098,1.4127,1.4041,1.4058,852411.26
2026-04-16T08:00:00+00:00,1.4058,1.4098,1.4026,1.4052,1356202.14
2026-04-16T09:00:00+00:00,1.4052,1.4229,1.4039,1.4171,3393569.86
2026-04-16T10:00:00+00:00,1.4171,1.4175,1.4079,1.4085,1199064.02
2026-04-16T11:00:00+00:00,1.4085,1.4095,1.4016,1.4095,1149749.31
2026-04-16T12:00:00+00:00,1.4095,1.4233,1.4092,1.414,2057606.74
2026-04-16T13:00:00+00:00,1.414,1.4344,1.3993,1.4072,3463858.28
2026-04-16T14:00:00+00:00,1.4072,1.4126,1.3928,1.4103,3593151.21
2026-04-16T15:00:00+00:00,1.4103,1.4325,1.4074,1.429,2610357.2
2026-04-16T16:00:00+00:00,1.429,1.4416,1.4157,1.4194,2514776.61
2026-04-16T17:00:00+00:00,1.4194,1.4297,1.4145,1.4272,1228763.1
2026-04-16T18:00:00+00:00,1.4272,1.4483,1.4242,1.4466,2129806.09
2026-04-16T19:00:00+00:00,1.4466,1.4662,1.4414,1.4645,4210805.18
2026-04-16T20:00:00+00:00,1.4645,1.4661,1.444,1.4523,2110677.61
2026-04-16T21:00:00+00:00,1.4523,1.4587,1.4456,1.4463,1243497.42
2026-04-16T22:00:00+00:00,1.4463,1.4535,1.4463,1.4514,798174.97
2026-04-16T23:00:00+00:00,1.4514,1.4577,1.448,1.4527,748455.56
2026-04-17T00:00:00+00:00,1.4527,1.4553,1.4402,1.4404,1227671.59
2026-04-17T01:00:00+00:00,1.4404,1.4422,1.4273,1.4301,1657174.78
2026-04-17T02:00:00+00:00,1.4301,1.4311,1.4224,1.4293,1603329.81
2026-04-17T03:00:00+00:00,1.4293,1.4402,1.4268,1.4306,2845733.14
2026-04-17T04:00:00+00:00,1.4306,1.4341,1.4265,1.4318,1200071.79
2026-04-17T05:00:00+00:00,1.4318,1.4368,1.4249,1.425,2789897.12
2026-04-17T06:00:00+00:00,1.425,1.4335,1.424,1.4323,860761.99
2026-04-17T07:00:00+00:00,1.4323,1.4395,1.4321,1.4371,1363790.12
2026-04-17T08:00:00+00:00,1.4371,1.4475,1.4353,1.4466,1680708.03
2026-04-17T09:00:00+00:00,1.4466,1.4591,1.4427,1.4516,2600576.72
2026-04-17T10:00:00+00:00,1.4516,1.4532,1.4325,1.437,1950515.36
2026-04-17T11:00:00+00:00,1.437,1.4484,1.4365,1.4472,982703.28
2026-04-17T12:00:00+00:00,1.4472,1.4608,1.4441,1.4587,2062937.78
2026-04-17T13:00:00+00:00,1.4587,1.4907,1.4556,1.4869,5117337.89
2026-04-17T14:00:00+00:00,1.4869,1.5097,1.4831,1.4985,4055835.85
2026-04-17T15:00:00+00:00,1.4985,1.5018,1.4762,1.4858,2902876.66
2026-04-17T16:00:00+00:00,1.4858,1.5003,1.4854,1.4973,2956764.93
2026-04-17T17:00:00+00:00,1.4973,1.4975,1.4771,1.4837,2079817.83
2026-04-17T18:00:00+00:00,1.4837,1.4842,1.4729,1.4774,1092533.75
2026-04-17T19:00:00+00:00,1.4774,1.4922,1.4765,1.4876,1473300.48
2026-04-17T20:00:00+00:00,1.4876,1.4897,1.4753,1.4816,857606.93
2026-04-17T21:00:00+00:00,1.4816,1.4869,1.4775,1.4791,774326.35
2026-04-17T22:00:00+00:00,1.4791,1.4882,1.477,1.4845,1460207.93
2026-04-17T23:00:00+00:00,1.4845,1.4845,1.4719,1.476,1001730.15
2026-04-18T00:00:00+00:00,1.476,1.48,1.4719,1.4759,616237.5
2026-04-18T01:00:00+00:00,1.4759,1.4822,1.4732,1.478,1323890.54
2026-04-18T02:00:00+00:00,1.478,1.478,1.4695,1.4753,609538.89
2026-04-18T03:00:00+00:00,1.4753,1.4754,1.467,1.4685,542098.81
2026-04-18T04:00:00+00:00,1.4685,1.4696,1.4626,1.4683,967748.46
2026-04-18T05:00:00+00:00,1.4683,1.4776,1.4679,1.4689,1017546.16
2026-04-18T06:00:00+00:00,1.4689,1.4731,1.4638,1.4707,949040.36
2026-04-18T07:00:00+00:00,1.4707,1.4756,1.4688,1.4739,518406.87
2026-04-18T08:00:00+00:00,1.4739,1.4753,1.4456,1.4533,3428884.82
2026-04-18T09:00:00+00:00,1.4533,1.4543,1.4462,1.4503,2183687.01
2026-04-18T10:00:00+00:00,1.4503,1.4505,1.4355,1.4396,1437856.75
2026-04-18T11:00:00+00:00,1.4396,1.4399,1.4234,1.4313,1595219.0
2026-04-18T12:00:00+00:00,1.4313,1.4379,1.4304,1.436,789290.72
2026-04-18T13:00:00+00:00,1.436,1.4385,1.4294,1.4371,733850.09
2026-04-18T14:00:00+00:00,1.4371,1.4384,1.4325,1.435,646794.25
2026-04-18T15:00:00+00:00,1.435,1.4397,1.4306,1.4357,972143.74
2026-04-18T16:00:00+00:00,1.4357,1.4394,1.4311,1.4336,707097.65
2026-04-18T17:00:00+00:00,1.4336,1.4337,1.4275,1.4318,749666.01
2026-04-18T18:00:00+00:00,1.4318,1.4344,1.4236,1.4255,968156.8
2026-04-18T19:00:00+00:00,1.4255,1.431,1.4249,1.427,552165.01
2026-04-18T20:00:00+00:00,1.427,1.4303,1.4238,1.4282,569985.84
2026-04-18T21:00:00+00:00,1.4282,1.438,1.4279,1.4359,486018.71
2026-04-18T22:00:00+00:00,1.4359,1.4361,1.43,1.4345,507277.3
2026-04-18T23:00:00+00:00,1.4345,1.4383,1.432,1.4323,386076.38
2026-04-19T00:00:00+00:00,1.4323,1.4362,1.4296,1.4329,342444.71
2026-04-19T01:00:00+00:00,1.4329,1.4386,1.4293,1.4319,602033.46
2026-04-19T02:00:00+00:00,1.4319,1.4351,1.424,1.4301,647021.31
2026-04-19T03:00:00+00:00,1.4301,1.4339,1.4265,1.4293,454902.17
2026-04-19T04:00:00+00:00,1.4293,1.4334,1.4236,1.4305,586704.78
2026-04-19T05:00:00+00:00,1.4305,1.4431,1.4294,1.4301,981720.57
2026-04-19T06:00:00+00:00,1.4301,1.431,1.4181,1.4285,1686310.53
2026-04-19T07:00:00+00:00,1.4285,1.4293,1.4148,1.42,2041897.96
2026-04-19T08:00:00+00:00,1.42,1.4291,1.4154,1.4245,1643480.02
2026-04-19T09:00:00+00:00,1.4245,1.4256,1.413,1.4213,1384747.87
2026-04-19T10:00:00+00:00,1.4213,1.4276,1.4159,1.4231,2181111.58
2026-04-19T11:00:00+00:00,1.4231,1.4312,1.4223,1.4295,576494.96
2026-04-19T12:00:00+00:00,1.4295,1.4332,1.4249,1.4313,718580.51
2026-04-19T13:00:00+00:00,1.4313,1.4479,1.431,1.4385,2240431.08
2026-04-19T14:00:00+00:00,1.4385,1.4427,1.4328,1.4379,3033681.8
2026-04-19T15:00:00+00:00,1.4379,1.4391,1.4204,1.4315,8366758.5
2026-04-19T16:00:00+00:00,1.4315,1.4326,1.4201,1.422,3878737.76
2026-04-19T17:00:00+00:00,1.422,1.4242,1.4118,1.4127,5615955.12
2026-04-19T18:00:00+00:00,1.4127,1.4181,1.4112,1.4154,4126599.27
2026-04-19T19:00:00+00:00,1.4154,1.4216,1.4154,1.4175,3643800.2
2026-04-19T20:00:00+00:00,1.4175,1.4175,1.4091,1.4104,5552200.1
2026-04-19T21:00:00+00:00,1.4104,1.4168,1.4089,1.4096,3726514.84
2026-04-19T22:00:00+00:00,1.4096,1.4096,1.3887,1.399,6165223.7
2026-04-19T23:00:00+00:00,1.399,1.399,1.3918,1.3939,2843888.48
2026-04-20T00:00:00+00:00,1.3939,1.4079,1.393,1.4054,4553113.61
2026-04-20T01:00:00+00:00,1.4054,1.4119,1.4047,1.4081,3977702.4
2026-04-20T02:00:00+00:00,1.4081,1.4086,1.4036,1.4081,2942152.92
2026-04-20T03:00:00+00:00,1.4081,1.4132,1.4076,1.411,3357959.6
2026-04-20T04:00:00+00:00,1.411,1.4115,1.4056,1.4095,2103564.67
2026-04-20T05:00:00+00:00,1.4095,1.4097,1.3955,1.3991,2419524.3
2026-04-20T06:00:00+00:00,1.3991,1.4152,1.3991,1.4139,1895823.74
2026-04-20T07:00:00+00:00,1.4139,1.4325,1.4106,1.4152,6220497.73
2026-04-20T08:00:00+00:00,1.4152,1.4176,1.406,1.4099,4517809.7
2026-04-20T09:00:00+00:00,1.4099,1.4208,1.4079,1.418,4013218.8
2026-04-20T10:00:00+00:00,1.418,1.4274,1.4129,1.414,3260787.67
2026-04-20T11:00:00+00:00,1.414,1.4186,1.4112,1.4152,2848335.51
2026-04-20T12:00:00+00:00,1.4152,1.4238,1.4129,1.422,2483236.85
2026-04-20T13:00:00+00:00,1.422,1.4278,1.4176,1.4246,4357526.54
2026-04-20T14:00:00+00:00,1.4246,1.4317,1.4143,1.4165,4658182.22
2026-04-20T15:00:00+00:00,1.4165,1.435,1.4091,1.433,3700740.73
2026-04-20T16:00:00+00:00,1.433,1.4338,1.4224,1.4237,2621568.78
2026-04-20T17:00:00+00:00,1.4237,1.4329,1.4229,1.4272,1929902.35
2026-04-20T18:00:00+00:00,1.4272,1.437,1.4272,1.4323,5351418.02
2026-04-20T19:00:00+00:00,1.4323,1.4336,1.4278,1.4303,3165812.28
2026-04-20T20:00:00+00:00,1.4303,1.4337,1.4245,1.4317,4819856.16
2026-04-20T21:00:00+00:00,1.4317,1.4326,1.4245,1.4301,3847763.41
2026-04-20T22:00:00+00:00,1.4301,1.4321,1.4252,1.426,2414702.18
2026-04-20T23:00:00+00:00,1.426,1.426,1.4209,1.4247,3020049.53
2026-04-21T00:00:00+00:00,1.4247,1.4295,1.4243,1.4274,1588754.17
2026-04-21T01:00:00+00:00,1.4274,1.4318,1.4246,1.4257,3001863.35
2026-04-21T02:00:00+00:00,1.4257,1.4265,1.4222,1.4222,1784187.95
2026-04-21T03:00:00+00:00,1.4222,1.4258,1.4195,1.4239,2725641.41
2026-04-21T04:00:00+00:00,1.4239,1.4286,1.4236,1.4279,2054022.18
2026-04-21T05:00:00+00:00,1.4279,1.4331,1.4279,1.4317,2640648.14
2026-04-21T06:00:00+00:00,1.4317,1.4411,1.4283,1.4371,3097931.5
2026-04-21T07:00:00+00:00,1.4371,1.4424,1.4324,1.4393,2615572.89
2026-04-21T08:00:00+00:00,1.4393,1.4496,1.4374,1.4427,1578188.43
2026-04-21T09:00:00+00:00,1.4427,1.4447,1.4376,1.4415,1213015.74
2026-04-21T10:00:00+00:00,1.4415,1.4469,1.4383,1.4445,1502211.69
2026-04-21T11:00:00+00:00,1.4445,1.4448,1.4376,1.4395,1872322.53
2026-04-21T12:00:00+00:00,1.4395,1.4408,1.4263,1.4324,1658127.93
2026-04-21T13:00:00+00:00,1.4324,1.4357,1.4289,1.433,1012020.84
2026-04-21T14:00:00+00:00,1.433,1.445,1.4303,1.4317,1045851.93
2026-04-21T15:00:00+00:00,1.4317,1.4335,1.4258,1.4323,1243872.9
2026-04-21T16:00:00+00:00,1.4323,1.436,1.4275,1.4286,988640.0
2026-04-21T17:00:00+00:00,1.4286,1.4309,1.4137,1.4243,1899500.64
2026-04-21T18:00:00+00:00,1.4243,1.4272,1.4201,1.427,1100242.41
2026-04-21T19:00:00+00:00,1.427,1.4318,1.4117,1.4138,1776444.34
2026-04-21T20:00:00+00:00,1.4138,1.4289,1.4124,1.4234,1535239.99
2026-04-21T21:00:00+00:00,1.4234,1.4249,1.4205,1.4226,424051.16
2026-04-21T22:00:00+00:00,1.4226,1.4236,1.4168,1.4222,425883.15
2026-04-21T23:00:00+00:00,1.4222,1.4341,1.4221,1.4334,659890.49
2026-04-22T00:00:00+00:00,1.4334,1.4343,1.4298,1.432,1774256.75
2026-04-22T01:00:00+00:00,1.432,1.4321,1.4268,1.4289,906597.03
2026-04-22T02:00:00+00:00,1.4289,1.449,1.4265,1.4484,3518934.93
2026-04-22T03:00:00+00:00,1.4484,1.4503,1.4406,1.443,1352685.4
2026-04-22T04:00:00+00:00,1.443,1.447,1.4414,1.4445,494309.9
2026-04-22T05:00:00+00:00,1.4445,1.4607,1.443,1.4544,2448715.49
2026-04-22T06:00:00+00:00,1.4544,1.4571,1.452,1.4567,1154900.85
2026-04-22T07:00:00+00:00,1.4567,1.4582,1.4513,1.4542,1797185.43
2026-04-22T08:00:00+00:00,1.4542,1.4554,1.45,1.4525,681924.41
2026-04-22T09:00:00+00:00,1.4525,1.4545,1.4497,1.4514,764505.83
2026-04-22T10:00:00+00:00,1.4514,1.4525,1.4486,1.4506,1234498.65
2026-04-22T11:00:00+00:00,1.4506,1.4547,1.449,1.4544,1293398.5
2026-04-22T12:00:00+00:00,1.4544,1.4554,1.4472,1.4507,1495976.18
2026-04-22T13:00:00+00:00,1.4507,1.4611,1.4478,1.4589,1772120.52
2026-04-22T14:00:00+00:00,1.4589,1.4632,1.4521,1.4576,1886043.97
2026-04-22T15:00:00+00:00,1.4576,1.4604,1.4517,1.4563,1342368.17
2026-04-22T16:00:00+00:00,1.4563,1.4589,1.446,1.447,1520935.69
2026-04-22T17:00:00+00:00,1.447,1.4521,1.4457,1.4492,1110872.19
2026-04-22T18:00:00+00:00,1.4492,1.4529,1.4478,1.4479,394111.44
2026-04-22T19:00:00+00:00,1.4479,1.4481,1.4374,1.4414,1039853.93
2026-04-22T20:00:00+00:00,1.4414,1.4429,1.434,1.437,1022560.07
2026-04-22T21:00:00+00:00,1.437,1.4417,1.437,1.4416,465105.75
2026-04-22T22:00:00+00:00,1.4416,1.4418,1.4354,1.438,616169.31
2026-04-22T23:00:00+00:00,1.438,1.4381,1.4289,1.4294,1546713.84
2026-04-23T00:00:00+00:00,1.4294,1.4314,1.4169,1.4291,2294543.38
2026-04-23T01:00:00+00:00,1.4291,1.4296,1.4209,1.4259,930377.11
2026-04-23T02:00:00+00:00,1.4259,1.426,1.4153,1.4191,1894465.52
2026-04-23T03:00:00+00:00,1.4191,1.4221,1.4115,1.4161,1370810.08
2026-04-23T04:00:00+00:00,1.4161,1.4193,1.4152,1.4178,816767.24
2026-04-23T05:00:00+00:00,1.4178,1.4205,1.4149,1.4195,987138.26
2026-04-23T06:00:00+00:00,1.4195,1.425,1.4195,1.4237,1007442.31
2026-04-23T07:00:00+00:00,1.4237,1.4239,1.4199,1.4208,1470367.08
2026-04-23T08:00:00+00:00,1.4208,1.4213,1.4152,1.4181,810685.06
2026-04-23T09:00:00+00:00,1.4181,1.4186,1.412,1.4148,1120908.23
2026-04-23T10:00:00+00:00,1.4148,1.4159,1.409,1.4106,1461394.62
2026-04-23T11:00:00+00:00,1.4106,1.4175,1.4106,1.4164,626867.0
2026-04-23T12:00:00+00:00,1.4164,1.4206,1.4148,1.4185,1234347.4
2026-04-23T13:00:00+00:00,1.4185,1.4197,1.4141,1.416,1393825.1
2026-04-23T14:00:00+00:00,1.416,1.43,1.4139,1.43,1289897.62
2026-04-23T15:00:00+00:00,1.43,1.4368,1.4255,1.4315,1266832.34
2026-04-23T16:00:00+00:00,1.4315,1.4332,1.4279,1.4299,1629896.3
2026-04-23T17:00:00+00:00,1.4299,1.4367,1.4211,1.435,3462343.75
2026-04-23T18:00:00+00:00,1.435,1.4408,1.4312,1.4312,1308093.37
2026-04-23T19:00:00+00:00,1.4312,1.4337,1.4268,1.4294,735301.91
2026-04-23T20:00:00+00:00,1.4294,1.4372,1.4278,1.4331,711552.96
2026-04-23T21:00:00+00:00,1.4331,1.4379,1.4308,1.4334,330005.97
2026-04-23T22:00:00+00:00,1.4334,1.4392,1.4332,1.4361,559519.21
2026-04-23T23:00:00+00:00,1.4361,1.4402,1.4323,1.4385,625095.26
2026-04-24T00:00:00+00:00,1.4385,1.4405,1.4377,1.4404,1016533.06
2026-04-24T01:00:00+00:00,1.4404,1.4447,1.4321,1.4442,952037.91
2026-04-24T02:00:00+00:00,1.4442,1.4454,1.4366,1.4374,673453.45
2026-04-24T03:00:00+00:00,1.4374,1.4388,1.4283,1.4306,943456.4
2026-04-24T04:00:00+00:00,1.4306,1.4308,1.4245,1.4289,937450.08
2026-04-24T05:00:00+00:00,1.4289,1.4336,1.4257,1.4327,497390.1
2026-04-24T06:00:00+00:00,1.4327,1.4332,1.4298,1.4299,665824.46
2026-04-24T07:00:00+00:00,1.4299,1.4327,1.4283,1.4324,494291.13
2026-04-24T08:00:00+00:00,1.4324,1.4362,1.4298,1.4314,596204.39
2026-04-24T09:00:00+00:00,1.4314,1.4317,1.4247,1.4256,1216402.23
2026-04-24T10:00:00+00:00,1.4256,1.4325,1.4235,1.4314,1557455.63
2026-04-24T11:00:00+00:00,1.4314,1.44,1.4313,1.4381,2198843.45
2026-04-24T12:00:00+00:00,1.4381,1.4408,1.4325,1.4344,1948309.49
2026-04-24T13:00:00+00:00,1.4344,1.4439,1.4334,1.4355,1830887.03
2026-04-24T14:00:00+00:00,1.4355,1.4391,1.4284,1.4338,2924376.76
2026-04-24T15:00:00+00:00,1.4338,1.448,1.4289,1.4477,1711158.6
2026-04-24T16:00:00+00:00,1.4477,1.4503,1.4376,1.4402,2663920.02
2026-04-24T17:00:00+00:00,1.4402,1.4426,1.4357,1.441,705587.1
2026-04-24T18:00:00+00:00,1.441,1.4417,1.4336,1.4387,347733.22
2026-04-24T19:00:00+00:00,1.4387,1.4422,1.4365,1.4389,352141.52
2026-04-24T20:00:00+00:00,1.4389,1.4418,1.4347,1.4403,358925.62
2026-04-24T21:00:00+00:00,1.4403,1.443,1.4367,1.4375,617481.83
2026-04-24T22:00:00+00:00,1.4375,1.4381,1.4295,1.4313,578803.91
2026-04-24T23:00:00+00:00,1.4313,1.4337,1.4313,1.4331,404815.03
2026-04-25T00:00:00+00:00,1.4331,1.4343,1.4316,1.4333,287196.19
2026-04-25T01:00:00+00:00,1.4333,1.437,1.4332,1.4359,371186.22
2026-04-25T02:00:00+00:00,1.4359,1.4375,1.4333,1.4336,415735.34
2026-04-25T03:00:00+00:00,1.4336,1.437,1.4329,1.4367,543527.81
2026-04-25T04:00:00+00:00,1.4367,1.4371,1.4336,1.434,171958.99
2026-04-25T05:00:00+00:00,1.434,1.434,1.4315,1.4324,222864.72
2026-04-25T06:00:00+00:00,1.4324,1.435,1.4311,1.4329,193618.24
2026-04-25T07:00:00+00:00,1.4329,1.4351,1.4311,1.4335,198569.77
2026-04-25T08:00:00+00:00,1.4335,1.4351,1.4324,1.4346,274560.91
2026-04-25T09:00:00+00:00,1.4346,1.4369,1.4332,1.4355,323120.31
2026-04-25T10:00:00+00:00,1.4355,1.4366,1.4348,1.4356,114464.71
2026-04-25T11:00:00+00:00,1.4356,1.4356,1.4296,1.4307,472091.09
2026-04-25T12:00:00+00:00,1.4307,1.4316,1.4284,1.4293,352028.31
2026-04-25T13:00:00+00:00,1.4293,1.4323,1.4287,1.431,180445.48
2026-04-25T14:00:00+00:00,1.431,1.4316,1.4291,1.4293,213387.07
2026-04-25T15:00:00+00:00,1.4293,1.4313,1.4245,1.4258,357043.3
2026-04-25T16:00:00+00:00,1.4258,1.428,1.4205,1.4243,461995.63
2026-04-25T17:00:00+00:00,1.4243,1.4249,1.4193,1.4202,454891.57
2026-04-25T18:00:00+00:00,1.4202,1.4228,1.4196,1.4213,290976.75
2026-04-25T19:00:00+00:00,1.4213,1.4215,1.4192,1.4205,263733.4
2026-04-25T20:00:00+00:00,1.4205,1.4224,1.4189,1.4222,230162.72
2026-04-25T21:00:00+00:00,1.4222,1.4236,1.422,1.4227,357101.62
2026-04-25T22:00:00+00:00,1.4227,1.4258,1.4223,1.4235,416741.23
2026-04-25T23:00:00+00:00,1.4235,1.4254,1.4225,1.4241,285331.91
2026-04-26T00:00:00+00:00,1.4241,1.4241,1.4201,1.4211,251068.12
2026-04-26T01:00:00+00:00,1.4211,1.4219,1.4187,1.4193,407400.21
2026-04-26T02:00:00+00:00,1.4193,1.4227,1.4193,1.4219,187538.19
2026-04-26T03:00:00+00:00,1.4219,1.424,1.4181,1.4187,392717.56
2026-04-26T04:00:00+00:00,1.4187,1.4238,1.4185,1.4222,689834.63
2026-04-26T05:00:00+00:00,1.4222,1.4295,1.4214,1.4256,671788.84
2026-04-26T06:00:00+00:00,1.4256,1.4284,1.4256,1.4275,259497.13
2026-04-26T07:00:00+00:00,1.4275,1.4292,1.4262,1.429,317723.61
2026-04-26T08:00:00+00:00,1.429,1.4295,1.4261,1.4265,368193.61
2026-04-26T09:00:00+00:00,1.4265,1.4286,1.4256,1.4284,281183.47
2026-04-26T10:00:00+00:00,1.4284,1.4289,1.4267,1.4275,249896.34
2026-04-26T11:00:00+00:00,1.4275,1.4318,1.4275,1.4306,374396.42
2026-04-26T12:00:00+00:00,1.4306,1.4321,1.4239,1.4251,642015.79
2026-04-26T13:00:00+00:00,1.4251,1.4258,1.4233,1.4246,431099.65
2026-04-26T14:00:00+00:00,1.4246,1.43,1.4236,1.4274,447973.35
2026-04-26T15:00:00+00:00,1.4274,1.4294,1.4264,1.4292,301159.1
2026-04-26T16:00:00+00:00,1.4292,1.4297,1.4251,1.4254,311293.61
2026-04-26T17:00:00+00:00,1.4254,1.4267,1.4225,1.4249,386414.46
2026-04-26T18:00:00+00:00,1.4249,1.4302,1.4231,1.4289,484475.2
2026-04-26T19:00:00+00:00,1.4289,1.4363,1.428,1.4303,854308.84
2026-04-26T20:00:00+00:00,1.4303,1.433,1.4274,1.4275,417684.11
2026-04-26T21:00:00+00:00,1.4275,1.4302,1.4203,1.4284,1308186.69
2026-04-26T22:00:00+00:00,1.4284,1.4357,1.4237,1.4272,1099551.93
2026-04-26T23:00:00+00:00,1.4272,1.4349,1.4252,1.4308,835643.83
2026-04-27T00:00:00+00:00,1.4308,1.4407,1.4254,1.4394,849338.29
2026-04-27T01:00:00+00:00,1.4394,1.4463,1.435,1.4446,1522598.77
2026-04-27T02:00:00+00:00,1.4446,1.4458,1.4401,1.4436,847548.6
2026-04-27T03:00:00+00:00,1.4436,1.4467,1.4417,1.4424,885096.48
2026-04-27T04:00:00+00:00,1.4424,1.4425,1.438,1.4402,474788.36
2026-04-27T05:00:00+00:00,1.4402,1.4406,1.4167,1.4195,2322332.54
2026-04-27T06:00:00+00:00,1.4195,1.4208,1.413,1.4182,802249.69
2026-04-27T07:00:00+00:00,1.4182,1.4189,1.4137,1.4146,814679.1
2026-04-27T08:00:00+00:00,1.4146,1.4181,1.413,1.4181,947284.33
2026-04-27T09:00:00+00:00,1.4181,1.4191,1.4153,1.4168,651288.38
2026-04-27T10:00:00+00:00,1.4168,1.417,1.4144,1.4153,607851.26
2026-04-27T11:00:00+00:00,1.4153,1.4153,1.4125,1.4137,687702.56
2026-04-27T12:00:00+00:00,1.4137,1.415,1.41,1.4107,802858.63
2026-04-27T13:00:00+00:00,1.4107,1.4124,1.3981,1.4019,2496950.25
2026-04-27T14:00:00+00:00,1.4019,1.4108,1.3988,1.4038,1780176.11
2026-04-27T15:00:00+00:00,1.4038,1.4043,1.3842,1.3881,2456437.87
2026-04-27T16:00:00+00:00,1.3881,1.3916,1.3847,1.3889,801174.92
2026-04-27T17:00:00+00:00,1.3889,1.3954,1.3889,1.3935,918561.83
2026-04-27T18:00:00+00:00,1.3935,1.3974,1.3927,1.3959,398552.39
2026-04-27T19:00:00+00:00,1.3959,1.3966,1.3871,1.3931,482502.77
2026-04-27T20:00:00+00:00,1.3931,1.3951,1.391,1.3928,312578.15
2026-04-27T21:00:00+00:00,1.3928,1.3937,1.3899,1.3899,439676.19
2026-04-27T22:00:00+00:00,1.3899,1.3972,1.3895,1.3969,556529.88
2026-04-27T23:00:00+00:00,1.3969,1.4023,1.3967,1.4008,510180.6
2026-04-28T00:00:00+00:00,1.4008,1.4009,1.3954,1.398,457272.9
2026-04-28T01:00:00+00:00,1.398,1.3992,1.3963,1.3976,314410.64
2026-04-28T02:00:00+00:00,1.3976,1.3992,1.3913,1.3935,451274.85
2026-04-28T03:00:00+00:00,1.3935,1.3938,1.3888,1.393,370427.45
2026-04-28T04:00:00+00:00,1.393,1.3945,1.3906,1.3928,330678.9
2026-04-28T05:00:00+00:00,1.3928,1.3973,1.3923,1.3935,914738.67
2026-04-28T06:00:00+00:00,1.3935,1.3971,1.3863,1.3889,732881.05
2026-04-28T07:00:00+00:00,1.3889,1.3935,1.385,1.393,679562.94
2026-04-28T08:00:00+00:00,1.393,1.3959,1.391,1.3924,419983.88
2026-04-28T09:00:00+00:00,1.3924,1.3926,1.3862,1.3872,808979.62
2026-04-28T10:00:00+00:00,1.3872,1.3897,1.3862,1.388,1227665.98
2026-04-28T11:00:00+00:00,1.388,1.3886,1.3793,1.3812,2228942.63
2026-04-28T12:00:00+00:00,1.3812,1.3845,1.3786,1.3828,1268461.25
2026-04-28T13:00:00+00:00,1.3828,1.3841,1.3747,1.3782,2122085.21
2026-04-28T14:00:00+00:00,1.3782,1.3782,1.3678,1.37,1817011.82
2026-04-28T15:00:00+00:00,1.37,1.376,1.3691,1.3753,1542849.47
2026-04-28T16:00:00+00:00,1.3753,1.3772,1.3703,1.3768,1376047.67
2026-04-28T17:00:00+00:00,1.3768,1.381,1.3742,1.3789,798523.83
2026-04-28T18:00:00+00:00,1.3789,1.3827,1.3787,1.3823,630475.55
2026-04-28T19:00:00+00:00,1.3823,1.3864,1.3778,1.3825,1307138.1
2026-04-28T20:00:00+00:00,1.3825,1.385,1.3816,1.3831,603804.86
2026-04-28T21:00:00+00:00,1.3831,1.3843,1.3788,1.3803,476352.64
2026-04-28T22:00:00+00:00,1.3803,1.3853,1.3788,1.3799,698432.57
2026-04-28T23:00:00+00:00,1.3799,1.3818,1.3787,1.3807,222945.96
2026-04-29T00:00:00+00:00,1.3807,1.3847,1.3783,1.3831,1455453.72
2026-04-29T01:00:00+00:00,1.3831,1.3837,1.377,1.3817,925210.8
2026-04-29T02:00:00+00:00,1.3817,1.3835,1.3791,1.3799,989385.77
2026-04-29T03:00:00+00:00,1.3799,1.39,1.3794,1.3892,1518490.38
2026-04-29T04:00:00+00:00,1.3892,1.3975,1.3876,1.3951,1285088.61
2026-04-29T05:00:00+00:00,1.3951,1.3974,1.3939,1.396,493075.31
2026-04-29T06:00:00+00:00,1.396,1.399,1.3906,1.3924,2285749.43
2026-04-29T07:00:00+00:00,1.3924,1.3959,1.3908,1.3923,888469.33
2026-04-29T08:00:00+00:00,1.3923,1.3932,1.3891,1.3916,479759.49
2026-04-29T09:00:00+00:00,1.3916,1.4064,1.3906,1.4037,1953600.43
2026-04-29T10:00:00+00:00,1.4037,1.4064,1.3968,1.3978,1793855.01
2026-04-29T11:00:00+00:00,1.3978,1.3978,1.3926,1.3945,1467123.14
2026-04-29T12:00:00+00:00,1.3945,1.3947,1.3794,1.3833,2688473.27
2026-04-29T13:00:00+00:00,1.3833,1.3841,1.3704,1.3757,2851197.16
2026-04-29T14:00:00+00:00,1.3757,1.3781,1.3701,1.3722,1787384.07
2026-04-29T15:00:00+00:00,1.3722,1.3729,1.3588,1.3618,2834317.77
2026-04-29T16:00:00+00:00,1.3618,1.3674,1.3586,1.3635,3112340.61
2026-04-29T17:00:00+00:00,1.3635,1.3687,1.3629,1.368,1060535.21
2026-04-29T18:00:00+00:00,1.368,1.3703,1.3457,1.3576,3784748.58
2026-04-29T19:00:00+00:00,1.3576,1.3586,1.3518,1.3534,669351.39
2026-04-29T20:00:00+00:00,1.3534,1.3654,1.3532,1.3627,1385408.14
2026-04-29T21:00:00+00:00,1.3627,1.3729,1.3619,1.369,881400.41
2026-04-29T22:00:00+00:00,1.369,1.371,1.3671,1.3699,465724.93
2026-04-29T23:00:00+00:00,1.3699,1.3712,1.3649,1.3692,655462.14
2026-04-30T00:00:00+00:00,1.3692,1.3847,1.3692,1.3831,1036085.42
2026-04-30T01:00:00+00:00,1.3831,1.3846,1.3776,1.3795,1044480.43
2026-04-30T02:00:00+00:00,1.3795,1.3818,1.3676,1.3731,1104271.22
2026-04-30T03:00:00+00:00,1.3731,1.3755,1.3711,1.3734,394916.23
2026-04-30T04:00:00+00:00,1.3734,1.3734,1.3609,1.3629,809326.04
2026-04-30T05:00:00+00:00,1.3629,1.3674,1.3589,1.3645,520629.57
2026-04-30T06:00:00+00:00,1.3645,1.3717,1.3609,1.369,1778403.6
2026-04-30T07:00:00+00:00,1.369,1.3754,1.3673,1.3746,615847.82
2026-04-30T08:00:00+00:00,1.3746,1.3765,1.3724,1.3728,450058.44
2026-04-30T09:00:00+00:00,1.3728,1.3798,1.3719,1.3734,526796.62
2026-04-30T10:00:00+00:00,1.3734,1.3747,1.3693,1.3702,1509118.01
2026-04-30T11:00:00+00:00,1.3702,1.3757,1.3664,1.3693,1793478.68
2026-04-30T12:00:00+00:00,1.3693,1.3757,1.3689,1.3696,1818828.49
2026-04-30T13:00:00+00:00,1.3696,1.3745,1.365,1.3697,1691355.78
2026-04-30T14:00:00+00:00,1.3697,1.3725,1.3626,1.3682,1501795.24
2026-04-30T15:00:00+00:00,1.3682,1.375,1.3651,1.3693,1640438.68
2026-04-30T16:00:00+00:00,1.3693,1.3695,1.3648,1.3659,1044885.86
2026-04-30T17:00:00+00:00,1.3659,1.3696,1.3627,1.3682,628076.81
2026-04-30T18:00:00+00:00,1.3682,1.372,1.3667,1.3701,544101.65
2026-04-30T19:00:00+00:00,1.3701,1.3745,1.3692,1.3705,294163.43
2026-04-30T20:00:00+00:00,1.3705,1.3715,1.3682,1.3699,266046.45
2026-04-30T21:00:00+00:00,1.3699,1.3724,1.366,1.366,378835.85
2026-04-30T22:00:00+00:00,1.366,1.3682,1.3646,1.3649,356004.8
2026-04-30T23:00:00+00:00,1.3649,1.3686,1.3647,1.3679,195245.66
2026-05-01T00:00:00+00:00,1.3679,1.3733,1.3648,1.369,1898441.1
2026-05-01T01:00:00+00:00,1.369,1.3749,1.3652,1.3712,2894208.22
2026-05-01T02:00:00+00:00,1.3712,1.3721,1.3685,1.3702,416769.77
2026-05-01T03:00:00+00:00,1.3702,1.3804,1.3689,1.3766,1032766.86
2026-05-01T04:00:00+00:00,1.3766,1.3788,1.3742,1.3758,644533.63
2026-05-01T05:00:00+00:00,1.3758,1.3785,1.3748,1.3767,365225.22
2026-05-01T06:00:00+00:00,1.3767,1.3789,1.3723,1.3734,407982.96
2026-05-01T07:00:00+00:00,1.3734,1.3758,1.3719,1.375,515530.02
2026-05-01T08:00:00+00:00,1.375,1.3809,1.3741,1.3785,938399.3
2026-05-01T09:00:00+00:00,1.3785,1.3788,1.3742,1.3756,294658.11
2026-05-01T10:00:00+00:00,1.3756,1.3769,1.372,1.3767,357650.5
2026-05-01T11:00:00+00:00,1.3767,1.3801,1.3756,1.378,203679.82
2026-05-01T12:00:00+00:00,1.378,1.3877,1.3774,1.3835,1170691.34
2026-05-01T13:00:00+00:00,1.3835,1.3996,1.3835,1.398,1437663.58
2026-05-01T14:00:00+00:00,1.398,1.4001,1.3896,1.3947,906828.52
2026-05-01T15:00:00+00:00,1.3947,1.3996,1.3911,1.3962,1000337.84
2026-05-01T16:00:00+00:00,1.3962,1.3988,1.3917,1.3917,705434.64
2026-05-01T17:00:00+00:00,1.3917,1.3953,1.3889,1.3948,528272.49
2026-05-01T18:00:00+00:00,1.3948,1.3955,1.3929,1.3938,204941.89
2026-05-01T19:00:00+00:00,1.3938,1.3961,1.3923,1.3938,378257.56
2026-05-01T20:00:00+00:00,1.3938,1.3948,1.3829,1.3846,646574.8
2026-05-01T21:00:00+00:00,1.3846,1.3891,1.3843,1.3888,271623.14
2026-05-01T22:00:00+00:00,1.3888,1.3901,1.3835,1.3835,424954.36
2026-05-01T23:00:00+00:00,1.3835,1.3857,1.3813,1.3857,900870.06
2026-05-02T00:00:00+00:00,1.3857,1.3906,1.3847,1.3867,1533248.01
2026-05-02T01:00:00+00:00,1.3867,1.3888,1.384,1.3847,344364.34
2026-05-02T02:00:00+00:00,1.3847,1.3883,1.3811,1.3857,1015068.24
2026-05-02T03:00:00+00:00,1.3857,1.3885,1.3841,1.386,231246.23
2026-05-02T04:00:00+00:00,1.386,1.3862,1.3828,1.3848,421571.86
2026-05-02T05:00:00+00:00,1.3848,1.3849,1.3826,1.3837,368137.84
2026-05-02T06:00:00+00:00,1.3837,1.3875,1.3837,1.3872,126533.82
2026-05-02T07:00:00+00:00,1.3872,1.3881,1.3853,1.3854,142443.47
2026-05-02T08:00:00+00:00,1.3854,1.386,1.384,1.3849,222885.03
2026-05-02T09:00:00+00:00,1.3849,1.3877,1.3839,1.3865,417013.21
2026-05-02T10:00:00+00:00,1.3865,1.3879,1.3862,1.3876,228928.72
2026-05-02T11:00:00+00:00,1.3876,1.391,1.3852,1.3859,484340.54
2026-05-02T12:00:00+00:00,1.3859,1.388,1.3849,1.387,402713.91
2026-05-02T13:00:00+00:00,1.387,1.3925,1.387,1.392,381718.35
2026-05-02T14:00:00+00:00,1.392,1.3933,1.3898,1.3919,284361.5
2026-05-02T15:00:00+00:00,1.3919,1.3942,1.3914,1.3932,210826.35
2026-05-02T16:00:00+00:00,1.3932,1.395,1.3911,1.393,321378.08
2026-05-02T17:00:00+00:00,1.393,1.3944,1.3914,1.3914,281128.79
2026-05-02T18:00:00+00:00,1.3914,1.3938,1.3895,1.3931,174061.54
2026-05-02T19:00:00+00:00,1.3931,1.395,1.393,1.3944,84095.93
2026-05-02T20:00:00+00:00,1.3944,1.3947,1.393,1.3931,167616.12
2026-05-02T21:00:00+00:00,1.3931,1.4003,1.3902,1.3934,1411060.34
2026-05-02T22:00:00+00:00,1.3934,1.4011,1.3919,1.3965,1396467.21
2026-05-02T23:00:00+00:00,1.3965,1.3968,1.391,1.3937,1759777.12
2026-05-03T00:00:00+00:00,1.3937,1.3947,1.3882,1.3892,338992.32
2026-05-03T01:00:00+00:00,1.3892,1.3893,1.3835,1.3839,302388.96
2026-05-03T02:00:00+00:00,1.3839,1.3848,1.3816,1.3834,203322.65
2026-05-03T03:00:00+00:00,1.3834,1.3844,1.382,1.3841,183778.1
2026-05-03T04:00:00+00:00,1.3841,1.3854,1.3822,1.3838,124054.76
2026-05-03T05:00:00+00:00,1.3838,1.3859,1.3837,1.3849,154688.53
2026-05-03T06:00:00+00:00,1.3849,1.3858,1.3823,1.3852,309523.44
2026-05-03T07:00:00+00:00,1.3852,1.3887,1.385,1.3862,263733.12
2026-05-03T08:00:00+00:00,1.3862,1.3883,1.3859,1.3879,242312.36
2026-05-03T09:00:00+00:00,1.3879,1.3908,1.3876,1.3893,154963.24
2026-05-03T10:00:00+00:00,1.3893,1.39,1.3879,1.3882,126482.46
2026-05-03T11:00:00+00:00,1.3882,1.3982,1.3871,1.3951,479143.82
2026-05-03T12:00:00+00:00,1.3951,1.3984,1.395,1.3963,378635.59
2026-05-03T13:00:00+00:00,1.3963,1.3988,1.3932,1.3951,236205.76
2026-05-03T14:00:00+00:00,1.3951,1.3974,1.393,1.3973,190518.67
2026-05-03T15:00:00+00:00,1.3973,1.3987,1.3943,1.3956,285578.97
2026-05-03T16:00:00+00:00,1.3956,1.3982,1.3941,1.3944,157680.5
2026-05-03T17:00:00+00:00,1.3944,1.3963,1.3918,1.3949,178862.19
2026-05-03T18:00:00+00:00,1.3949,1.3954,1.3935,1.3941,129830.08
2026-05-03T19:00:00+00:00,1.3941,1.3979,1.3937,1.3952,135981.07
2026-05-03T20:00:00+00:00,1.3952,1.3998,1.3925,1.393,410755.0
2026-05-03T21:00:00+00:00,1.393,1.3958,1.3892,1.3918,524456.16
2026-05-03T22:00:00+00:00,1.3918,1.4039,1.3918,1.3978,808010.86
2026-05-03T23:00:00+00:00,1.3978,1.4009,1.3867,1.3877,570589.56
2026-05-04T00:00:00+00:00,1.3877,1.3891,1.383,1.3881,456868.4
2026-05-04T01:00:00+00:00,1.3881,1.4075,1.3839,1.4047,2533302.96
2026-05-04T02:00:00+00:00,1.4047,1.4152,1.4009,1.4106,2414708.06
2026-05-04T03:00:00+00:00,1.4106,1.4149,1.408,1.4132,1762143.41
2026-05-04T04:00:00+00:00,1.4132,1.4209,1.4132,1.4165,1279607.15
2026-05-04T05:00:00+00:00,1.4165,1.4176,1.4109,1.4118,968824.09
2026-05-04T06:00:00+00:00,1.4118,1.4127,1.4021,1.4091,1434504.97
2026-05-04T07:00:00+00:00,1.4091,1.4143,1.408,1.4106,516573.17
2026-05-04T08:00:00+00:00,1.4106,1.4128,1.4073,1.4115,488506.67
2026-05-04T09:00:00+00:00,1.4115,1.4197,1.4109,1.4173,991858.08
2026-05-04T10:00:00+00:00,1.4173,1.4179,1.3857,1.3953,3271141.0
2026-05-04T11:00:00+00:00,1.3953,1.3978,1.3923,1.3939,898581.12
2026-05-04T12:00:00+00:00,1.3939,1.3966,1.3925,1.3933,667221.97
2026-05-04T13:00:00+00:00,1.3933,1.3997,1.3886,1.3933,1010561.25
2026-05-04T14:00:00+00:00,1.3933,1.4134,1.3889,1.408,2078310.04
2026-05-04T15:00:00+00:00,1.408,1.409,1.393,1.3988,2192321.75
2026-05-04T16:00:00+00:00,1.3988,1.4052,1.3938,1.4006,1337087.38
2026-05-04T17:00:00+00:00,1.4006,1.4122,1.4,1.4086,657860.25
2026-05-04T18:00:00+00:00,1.4086,1.4098,1.402,1.4039,367458.76
2026-05-04T19:00:00+00:00,1.4039,1.4043,1.3978,1.398,287411.74
2026-05-04T20:00:00+00:00,1.398,1.3982,1.3925,1.3933,324340.01
2026-05-04T21:00:00+00:00,1.3933,1.3989,1.3933,1.3974,283863.38
2026-05-04T22:00:00+00:00,1.3974,1.4012,1.3945,1.3955,296698.85
2026-05-04T23:00:00+00:00,1.3955,1.3955,1.3902,1.3917,377434.16
2026-05-05T00:00:00+00:00,1.3917,1.3959,1.3905,1.3958,255724.63
2026-05-05T01:00:00+00:00,1.3958,1.3983,1.3936,1.3971,299762.55
2026-05-05T02:00:00+00:00,1.3971,1.4047,1.3965,1.4005,711114.03
2026-05-05T03:00:00+00:00,1.4005,1.4098,1.3993,1.4057,557010.59
2026-05-05T04:00:00+00:00,1.4057,1.4068,1.4007,1.4019,564297.36
2026-05-05T05:00:00+00:00,1.4019,1.4068,1.4,1.4017,611052.57
2026-05-05T06:00:00+00:00,1.4017,1.4073,1.401,1.4072,461802.46
2026-05-05T07:00:00+00:00,1.4072,1.41,1.4022,1.407,1240065.67
2026-05-05T08:00:00+00:00,1.407,1.4095,1.4061,1.4068,731700.87
2026-05-05T09:00:00+00:00,1.4068,1.4071,1.4019,1.4035,365245.78
2026-05-05T10:00:00+00:00,1.4035,1.4076,1.4026,1.4066,672754.81
2026-05-05T11:00:00+00:00,1.4066,1.4087,1.402,1.4078,557275.19
2026-05-05T12:00:00+00:00,1.4078,1.414,1.4065,1.4129,840321.97
2026-05-05T13:00:00+00:00,1.4129,1.4202,1.4108,1.4135,1425383.58
2026-05-05T14:00:00+00:00,1.4135,1.4137,1.4048,1.411,1026816.96
2026-05-05T15:00:00+00:00,1.411,1.4159,1.4101,1.4117,443977.82
2026-05-05T16:00:00+00:00,1.4117,1.4149,1.4046,1.408,674399.8
2026-05-05T17:00:00+00:00,1.408,1.4097,1.405,1.4083,443339.0
2026-05-05T18:00:00+00:00,1.4083,1.4125,1.408,1.41,320154.55
2026-05-05T19:00:00+00:00,1.41,1.4135,1.4087,1.4129,327806.05
2026-05-05T20:00:00+00:00,1.4129,1.4179,1.4125,1.4168,512895.49
2026-05-05T21:00:00+00:00,1.4168,1.4224,1.413,1.4158,976890.36
2026-05-05T22:00:00+00:00,1.4158,1.4213,1.4099,1.4156,1312350.27
2026-05-05T23:00:00+00:00,1.4156,1.4179,1.4093,1.4128,337825.27
2026-05-06T00:00:00+00:00,1.4128,1.415,1.4072,1.411,1878307.34
2026-05-06T01:00:00+00:00,1.411,1.4195,1.4098,1.418,1677547.92
2026-05-06T02:00:00+00:00,1.418,1.4184,1.4103,1.4164,466399.66
2026-05-06T03:00:00+00:00,1.4164,1.4242,1.4162,1.4218,1007736.32
2026-05-06T04:00:00+00:00,1.4218,1.4247,1.4175,1.4198,1389823.82
2026-05-06T05:00:00+00:00,1.4198,1.4232,1.414,1.4225,1931769.45
2026-05-06T06:00:00+00:00,1.4225,1.4273,1.4209,1.4259,847729.26
2026-05-06T07:00:00+00:00,1.4259,1.4354,1.4244,1.4313,1717777.81
2026-05-06T08:00:00+00:00,1.4313,1.4434,1.4298,1.4429,1403068.78
2026-05-06T09:00:00+00:00,1.4429,1.4509,1.4386,1.4491,1937008.37
2026-05-06T10:00:00+00:00,1.4491,1.4539,1.4467,1.4511,1350582.02
2026-05-06T11:00:00+00:00,1.4511,1.457,1.4491,1.4509,1103117.81
2026-05-06T12:00:00+00:00,1.4509,1.4523,1.4446,1.4451,1400749.14
2026-05-06T13:00:00+00:00,1.4451,1.4451,1.418,1.4226,3751618.31
2026-05-06T14:00:00+00:00,1.4226,1.4295,1.4133,1.4233,2808654.2
2026-05-06T15:00:00+00:00,1.4233,1.4322,1.4215,1.4299,1144740.04
2026-05-06T16:00:00+00:00,1.4299,1.4344,1.4238,1.4291,1183791.08
2026-05-06T17:00:00+00:00,1.4291,1.4308,1.4242,1.4258,813848.11
2026-05-06T18:00:00+00:00,1.4258,1.427,1.4211,1.4227,639676.55
2026-05-06T19:00:00+00:00,1.4227,1.4287,1.4222,1.4277,1984452.99
2026-05-06T20:00:00+00:00,1.4277,1.4288,1.4213,1.4244,1003071.05
2026-05-06T21:00:00+00:00,1.4244,1.4283,1.4218,1.4264,963841.16
2026-05-06T22:00:00+00:00,1.4264,1.4268,1.4215,1.4221,896637.79
2026-05-06T23:00:00+00:00,1.4221,1.4251,1.4166,1.4248,733543.17
2026-05-07T00:00:00+00:00,1.4248,1.4256,1.4171,1.4179,729749.09
2026-05-07T01:00:00+00:00,1.4179,1.4195,1.4128,1.4155,874682.27
2026-05-07T02:00:00+00:00,1.4155,1.4163,1.4101,1.4119,1028474.51
2026-05-07T03:00:00+00:00,1.4119,1.4119,1.4028,1.4051,2669869.42
2026-05-07T04:00:00+00:00,1.4051,1.4097,1.404,1.4076,2027989.0
2026-05-07T05:00:00+00:00,1.4076,1.4143,1.4073,1.411,1834435.11
2026-05-07T06:00:00+00:00,1.411,1.4163,1.4048,1.4158,1248761.53
2026-05-07T07:00:00+00:00,1.4158,1.4214,1.4147,1.4199,865417.03
2026-05-07T08:00:00+00:00,1.4199,1.4211,1.4156,1.4161,617798.56
2026-05-07T09:00:00+00:00,1.4161,1.4162,1.4104,1.4115,1135899.12
2026-05-07T10:00:00+00:00,1.4115,1.4138,1.4065,1.4098,964882.43
2026-05-07T11:00:00+00:00,1.4098,1.4134,1.4086,1.4097,524631.85
2026-05-07T12:00:00+00:00,1.4097,1.4149,1.4092,1.4147,947697.15
2026-05-07T13:00:00+00:00,1.4147,1.4147,1.3966,1.4014,1662402.47
2026-05-07T14:00:00+00:00,1.4014,1.4038,1.3911,1.3931,3500336.41
2026-05-07T15:00:00+00:00,1.3931,1.3946,1.3831,1.3905,3957494.91
2026-05-07T16:00:00+00:00,1.3905,1.3924,1.3866,1.3886,2131167.54
2026-05-07T17:00:00+00:00,1.3886,1.3927,1.3838,1.3916,1993705.69
2026-05-07T18:00:00+00:00,1.3916,1.3961,1.3888,1.3922,1150314.21
2026-05-07T19:00:00+00:00,1.3922,1.3922,1.3854,1.3859,977988.52
2026-05-07T20:00:00+00:00,1.3859,1.3932,1.3818,1.3826,962698.39
2026-05-07T21:00:00+00:00,1.3826,1.3867,1.3802,1.3836,947597.04
2026-05-07T22:00:00+00:00,1.3836,1.3866,1.3802,1.3849,862045.93
2026-05-07T23:00:00+00:00,1.3849,1.3876,1.3842,1.3867,596477.35
2026-05-08T00:00:00+00:00,1.3867,1.3898,1.3842,1.3854,639066.25
2026-05-08T01:00:00+00:00,1.3854,1.3868,1.3824,1.3857,231764.15
2026-05-08T02:00:00+00:00,1.3857,1.386,1.3795,1.3834,767336.62
2026-05-08T03:00:00+00:00,1.3834,1.3874,1.3796,1.3853,516242.55
2026-05-08T04:00:00+00:00,1.3853,1.387,1.3837,1.3857,777088.93
2026-05-08T05:00:00+00:00,1.3857,1.3878,1.3832,1.3832,623511.2
2026-05-08T06:00:00+00:00,1.3832,1.3833,1.3777,1.3816,872871.91
2026-05-08T07:00:00+00:00,1.3816,1.3847,1.3788,1.3838,560889.44
2026-05-08T08:00:00+00:00,1.3838,1.3901,1.382,1.388,1224950.21
2026-05-08T09:00:00+00:00,1.388,1.3915,1.3857,1.3869,416138.48
2026-05-08T10:00:00+00:00,1.3869,1.3918,1.3848,1.3896,1389516.31
2026-05-08T11:00:00+00:00,1.3896,1.3924,1.3888,1.3911,2133084.36
2026-05-08T12:00:00+00:00,1.3911,1.3939,1.3863,1.3874,1291800.66
2026-05-08T13:00:00+00:00,1.3874,1.3884,1.3838,1.3867,1407847.71
2026-05-08T14:00:00+00:00,1.3867,1.3964,1.3867,1.3928,1472571.71
2026-05-08T15:00:00+00:00,1.3928,1.3981,1.3854,1.3973,1392383.27
2026-05-08T16:00:00+00:00,1.3973,1.3976,1.3927,1.3943,993862.18
2026-05-08T17:00:00+00:00,1.3943,1.4105,1.394,1.4082,1221411.12
2026-05-08T18:00:00+00:00,1.4082,1.4245,1.4082,1.4193,1792416.19
2026-05-08T19:00:00+00:00,1.4193,1.4271,1.4167,1.4191,1119031.95
2026-05-08T20:00:00+00:00,1.4191,1.4191,1.4112,1.4123,843841.86
2026-05-08T21:00:00+00:00,1.4123,1.4219,1.4123,1.4219,876117.41
2026-05-08T22:00:00+00:00,1.4219,1.4237,1.4179,1.4186,491698.45
2026-05-08T23:00:00+00:00,1.4186,1.419,1.4155,1.4181,263546.29
2026-05-09T00:00:00+00:00,1.4181,1.4252,1.418,1.4248,643771.29
2026-05-09T01:00:00+00:00,1.4248,1.4349,1.4245,1.4324,1042924.53
2026-05-09T02:00:00+00:00,1.4324,1.4341,1.4278,1.4311,478208.95
2026-05-09T03:00:00+00:00,1.4311,1.4344,1.4269,1.429,827734.4
2026-05-09T04:00:00+00:00,1.429,1.4344,1.4274,1.4282,634612.08
2026-05-09T05:00:00+00:00,1.4282,1.4313,1.4252,1.4265,1086051.63
2026-05-09T06:00:00+00:00,1.4265,1.4276,1.4227,1.4259,1263935.15
2026-05-09T07:00:00+00:00,1.4259,1.4277,1.4225,1.4237,1555567.03
2026-05-09T08:00:00+00:00,1.4237,1.4256,1.4231,1.4243,348234.34
2026-05-09T09:00:00+00:00,1.4243,1.4256,1.4184,1.4196,530594.43
2026-05-09T10:00:00+00:00,1.4196,1.4228,1.4175,1.4212,283815.61
2026-05-09T11:00:00+00:00,1.4212,1.423,1.4205,1.4221,174033.97
2026-05-09T12:00:00+00:00,1.4221,1.4227,1.4195,1.4205,616502.63
2026-05-09T13:00:00+00:00,1.4205,1.4206,1.4167,1.4199,288730.7
2026-05-09T14:00:00+00:00,1.4199,1.4212,1.4151,1.4154,350781.45
2026-05-09T15:00:00+00:00,1.4154,1.4161,1.412,1.4142,426037.38
2026-05-09T16:00:00+00:00,1.4142,1.4196,1.4112,1.4174,1201530.85
2026-05-09T17:00:00+00:00,1.4174,1.4246,1.4173,1.421,492240.44
2026-05-09T18:00:00+00:00,1.421,1.4249,1.4206,1.4222,381422.85
2026-05-09T19:00:00+00:00,1.4222,1.4241,1.4213,1.4238,222453.31
2026-05-09T20:00:00+00:00,1.4238,1.424,1.4205,1.4215,151460.4
2026-05-09T21:00:00+00:00,1.4215,1.4238,1.4211,1.4224,231546.06
2026-05-09T22:00:00+00:00,1.4224,1.4251,1.4212,1.4232,138545.31
2026-05-09T23:00:00+00:00,1.4232,1.4253,1.4187,1.4203,248343.92
2026-05-10T00:00:00+00:00,1.4203,1.4226,1.4157,1.4167,273639.54
2026-05-10T01:00:00+00:00,1.4167,1.4171,1.4118,1.4148,306395.54
2026-05-10T02:00:00+00:00,1.4148,1.4229,1.4132,1.4174,906941.33
2026-05-10T03:00:00+00:00,1.4174,1.4201,1.4144,1.4168,1108330.12
2026-05-10T04:00:00+00:00,1.4168,1.419,1.4153,1.4178,258293.97
2026-05-10T05:00:00+00:00,1.4178,1.42,1.4163,1.4178,197008.56
2026-05-10T06:00:00+00:00,1.4178,1.4189,1.4157,1.4183,289604.02
2026-05-10T07:00:00+00:00,1.4183,1.4215,1.4172,1.42,209557.21
2026-05-10T08:00:00+00:00,1.42,1.4274,1.4192,1.4269,378059.03
2026-05-10T09:00:00+00:00,1.4269,1.4287,1.4233,1.4282,534093.57
2026-05-10T10:00:00+00:00,1.4282,1.4307,1.4242,1.4272,890824.78
2026-05-10T11:00:00+00:00,1.4272,1.4274,1.4184,1.4231,790758.17
2026-05-10T12:00:00+00:00,1.4231,1.4241,1.421,1.424,214625.07
2026-05-10T13:00:00+00:00,1.424,1.4339,1.4232,1.4324,957616.23
2026-05-10T14:00:00+00:00,1.4324,1.4371,1.4292,1.435,826769.19
2026-05-10T15:00:00+00:00,1.435,1.445,1.4336,1.4442,846717.75
2026-05-10T16:00:00+00:00,1.4442,1.4788,1.4427,1.4721,6143954.31
2026-05-10T17:00:00+00:00,1.4721,1.5079,1.472,1.5044,3730084.38
2026-05-10T18:00:00+00:00,1.5044,1.5062,1.485,1.4863,3635198.73
2026-05-10T19:00:00+00:00,1.4863,1.4912,1.475,1.4867,2747390.17
2026-05-10T20:00:00+00:00,1.4867,1.4896,1.4372,1.4501,3635234.55
2026-05-10T21:00:00+00:00,1.4501,1.4639,1.4442,1.455,1620311.02
2026-05-10T22:00:00+00:00,1.455,1.4749,1.453,1.4736,1611086.0
2026-05-10T23:00:00+00:00,1.4736,1.477,1.4695,1.4734,1178469.83
2026-05-11T00:00:00+00:00,1.4734,1.4779,1.4523,1.458,1290175.19
2026-05-11T01:00:00+00:00,1.458,1.4686,1.4522,1.4608,802712.07
2026-05-11T02:00:00+00:00,1.4608,1.4624,1.4495,1.4538,656572.95
2026-05-11T03:00:00+00:00,1.4538,1.4542,1.4399,1.4487,1288224.15
2026-05-11T04:00:00+00:00,1.4487,1.4565,1.4452,1.4481,941542.97
2026-05-11T05:00:00+00:00,1.4481,1.4563,1.4479,1.4551,770808.55
2026-05-11T06:00:00+00:00,1.4551,1.4589,1.4506,1.4534,619211.18
2026-05-11T07:00:00+00:00,1.4534,1.4536,1.441,1.4494,3993643.43
2026-05-11T08:00:00+00:00,1.4494,1.4526,1.4418,1.4458,1337070.04
2026-05-11T09:00:00+00:00,1.4458,1.4542,1.4456,1.4513,563705.87
2026-05-11T10:00:00+00:00,1.4513,1.4544,1.4493,1.4508,1317072.77
2026-05-11T11:00:00+00:00,1.4508,1.4577,1.4475,1.4577,681320.79
2026-05-11T12:00:00+00:00,1.4577,1.4636,1.4541,1.4581,2309416.85
2026-05-11T13:00:00+00:00,1.4581,1.465,1.4525,1.4598,1361720.43
2026-05-11T14:00:00+00:00,1.4598,1.4726,1.453,1.4716,2840011.81
2026-05-11T15:00:00+00:00,1.4716,1.4885,1.467,1.4849,2569179.98
2026-05-11T16:00:00+00:00,1.4849,1.4875,1.4718,1.4742,1526716.03
2026-05-11T17:00:00+00:00,1.4742,1.4811,1.4665,1.4802,1310778.1
2026-05-11T18:00:00+00:00,1.4802,1.4814,1.4705,1.4706,607287.42
2026-05-11T19:00:00+00:00,1.4706,1.4808,1.4673,1.4796,1214389.54
2026-05-11T20:00:00+00:00,1.4796,1.4828,1.4725,1.4732,739057.13
2026-05-11T21:00:00+00:00,1.4732,1.475,1.4694,1.4699,349463.13
2026-05-11T22:00:00+00:00,1.4699,1.4772,1.4685,1.4752,403772.98
2026-05-11T23:00:00+00:00,1.4752,1.4803,1.4711,1.4774,485000.46
2026-05-12T00:00:00+00:00,1.4774,1.4853,1.4758,1.4798,772142.03
2026-05-12T01:00:00+00:00,1.4798,1.4819,1.4565,1.467,1165254.26
2026-05-12T02:00:00+00:00,1.467,1.4708,1.4606,1.4646,591886.21
2026-05-12T03:00:00+00:00,1.4646,1.4655,1.4586,1.4599,360937.62
2026-05-12T04:00:00+00:00,1.4599,1.4665,1.4573,1.4629,349629.07
2026-05-12T05:00:00+00:00,1.4629,1.469,1.4597,1.4621,838736.21
2026-05-12T06:00:00+00:00,1.4621,1.4671,1.4557,1.4584,972546.96
2026-05-12T07:00:00+00:00,1.4584,1.4653,1.4543,1.463,517360.48
2026-05-12T08:00:00+00:00,1.463,1.4711,1.4597,1.4653,952362.44
2026-05-12T09:00:00+00:00,1.4653,1.4653,1.4543,1.4556,1435784.39
2026-05-12T10:00:00+00:00,1.4556,1.4582,1.4473,1.4496,1362264.23
2026-05-12T11:00:00+00:00,1.4496,1.452,1.4438,1.4488,821741.3
2026-05-12T12:00:00+00:00,1.4488,1.4557,1.4464,1.4507,1263191.02
2026-05-12T13:00:00+00:00,1.4507,1.4526,1.4331,1.4346,1804351.24
2026-05-12T14:00:00+00:00,1.4346,1.4408,1.4249,1.4282,1821924.58
2026-05-12T15:00:00+00:00,1.4282,1.4312,1.4186,1.4239,1399149.92
2026-05-12T16:00:00+00:00,1.4239,1.4291,1.42,1.4223,931068.97
2026-05-12T17:00:00+00:00,1.4223,1.4351,1.4223,1.434,810375.84
2026-05-12T18:00:00+00:00,1.434,1.438,1.4317,1.4362,532913.17
2026-05-12T19:00:00+00:00,1.4362,1.4428,1.4362,1.4409,1078007.6
2026-05-12T20:00:00+00:00,1.4409,1.4428,1.4386,1.4408,912645.78
2026-05-12T21:00:00+00:00,1.4408,1.4413,1.4379,1.4407,1184343.6
2026-05-12T22:00:00+00:00,1.4407,1.444,1.4397,1.4398,553732.73
2026-05-12T23:00:00+00:00,1.4398,1.4408,1.434,1.437,570884.78
2026-05-13T00:00:00+00:00,1.437,1.4401,1.4349,1.4393,1035997.84
2026-05-13T01:00:00+00:00,1.4393,1.4516,1.439,1.4487,608435.41
2026-05-13T02:00:00+00:00,1.4487,1.4533,1.447,1.4481,611084.75
2026-05-13T03:00:00+00:00,1.4481,1.4529,1.4471,1.452,313684.15
2026-05-13T04:00:00+00:00,1.452,1.4635,1.45,1.4623,839077.58
2026-05-13T05:00:00+00:00,1.4623,1.4648,1.4543,1.4544,992740.34
2026-05-13T06:00:00+00:00,1.4544,1.4609,1.4527,1.4545,1372449.83
2026-05-13T07:00:00+00:00,1.4545,1.4644,1.4542,1.4622,494123.84
2026-05-13T08:00:00+00:00,1.4622,1.4657,1.4587,1.4631,979342.19
2026-05-13T09:00:00+00:00,1.4631,1.4695,1.4625,1.4687,542923.26
2026-05-13T10:00:00+00:00,1.4687,1.4695,1.4566,1.4583,440546.99
2026-05-13T11:00:00+00:00,1.4583,1.4599,1.4474,1.4487,1957591.2
2026-05-13T12:00:00+00:00,1.4487,1.4499,1.4259,1.4336,2617941.16
2026-05-13T13:00:00+00:00,1.4336,1.4392,1.4222,1.4272,1446475.36
2026-05-13T14:00:00+00:00,1.4272,1.431,1.4215,1.4288,1064843.92
2026-05-13T15:00:00+00:00,1.4288,1.4321,1.4115,1.4133,2611364.27
2026-05-13T16:00:00+00:00,1.4133,1.4246,1.4121,1.4232,1930469.31
2026-05-13T17:00:00+00:00,1.4232,1.4306,1.4232,1.4293,942083.76
2026-05-13T18:00:00+00:00,1.4293,1.4339,1.4265,1.4265,1034234.15
2026-05-13T19:00:00+00:00,1.4265,1.4269,1.4169,1.4189,1504312.73
2026-05-13T20:00:00+00:00,1.4189,1.4262,1.4189,1.4254,753255.86
2026-05-13T21:00:00+00:00,1.4254,1.4258,1.4174,1.4186,471557.21
2026-05-13T22:00:00+00:00,1.4186,1.4242,1.4157,1.4232,537180.12
2026-05-13T23:00:00+00:00,1.4232,1.4276,1.4211,1.4272,568804.66
2026-05-14T00:00:00+00:00,1.4272,1.4334,1.4266,1.4317,1399861.48
2026-05-14T01:00:00+00:00,1.4317,1.4349,1.4264,1.4325,875303.77
2026-05-14T02:00:00+00:00,1.4325,1.4341,1.4234,1.4261,341207.9
2026-05-14T03:00:00+00:00,1.4261,1.4303,1.4208,1.4225,492042.1
2026-05-14T04:00:00+00:00,1.4225,1.4318,1.4209,1.4303,710767.07
2026-05-14T05:00:00+00:00,1.4303,1.4397,1.4295,1.4359,582245.35
2026-05-14T06:00:00+00:00,1.4359,1.4368,1.4268,1.4346,815489.55
2026-05-14T07:00:00+00:00,1.4346,1.4367,1.4303,1.4325,800976.07
2026-05-14T08:00:00+00:00,1.4325,1.4368,1.4297,1.4348,487474.01
2026-05-14T09:00:00+00:00,1.4348,1.436,1.4274,1.4296,529455.92
2026-05-14T10:00:00+00:00,1.4296,1.4374,1.4281,1.4366,581039.63
2026-05-14T11:00:00+00:00,1.4366,1.4391,1.4319,1.4325,437287.97
2026-05-14T12:00:00+00:00,1.4325,1.4519,1.4313,1.4482,1072299.81
2026-05-14T13:00:00+00:00,1.4482,1.4599,1.4416,1.4425,2029485.02
2026-05-14T14:00:00+00:00,1.4425,1.4747,1.4391,1.4711,3825589.1
2026-05-14T15:00:00+00:00,1.4711,1.4744,1.4627,1.4726,2353823.09
2026-05-14T16:00:00+00:00,1.4726,1.481,1.4648,1.4802,2069468.54
2026-05-14T17:00:00+00:00,1.4802,1.5001,1.4722,1.4917,5390199.34
2026-05-14T18:00:00+00:00,1.4917,1.545,1.4863,1.5362,7970297.4
2026-05-14T19:00:00+00:00,1.5362,1.5498,1.5094,1.5164,6396901.02
2026-05-14T20:00:00+00:00,1.5164,1.5175,1.4973,1.5082,3239898.37
2026-05-14T21:00:00+00:00,1.5082,1.5113,1.4939,1.4978,2254424.68
2026-05-14T22:00:00+00:00,1.4978,1.5062,1.4938,1.5008,1401985.54
2026-05-14T23:00:00+00:00,1.5008,1.5008,1.4831,1.4851,916419.0
2026-05-15T00:00:00+00:00,1.4851,1.5,1.4849,1.4952,1210403.36
2026-05-15T01:00:00+00:00,1.4952,1.4997,1.4839,1.4843,1987250.5
2026-05-15T02:00:00+00:00,1.4843,1.4925,1.4762,1.4906,1432371.49
2026-05-15T03:00:00+00:00,1.4906,1.4924,1.4832,1.4891,909382.47
2026-05-15T04:00:00+00:00,1.4891,1.4904,1.4729,1.4734,1206595.85
2026-05-15T05:00:00+00:00,1.4734,1.4751,1.4533,1.4604,3263206.73
2026-05-15T06:00:00+00:00,1.4604,1.4732,1.4583,1.4688,1434513.51
2026-05-15T07:00:00+00:00,1.4688,1.4728,1.4656,1.4695,762179.89
2026-05-15T08:00:00+00:00,1.4695,1.4722,1.4612,1.4712,1394689.26
2026-05-15T09:00:00+00:00,1.4712,1.4731,1.4616,1.4648,1036498.03
2026-05-15T10:00:00+00:00,1.4648,1.4767,1.4636,1.4746,628718.9
2026-05-15T11:00:00+00:00,1.4746,1.4756,1.4666,1.4682,675264.24
2026-05-15T12:00:00+00:00,1.4682,1.4691,1.4586,1.4596,1569345.23
2026-05-15T13:00:00+00:00,1.4596,1.4596,1.4287,1.432,5179914.1
2026-05-15T14:00:00+00:00,1.432,1.441,1.4272,1.4394,2921788.69
2026-05-15T15:00:00+00:00,1.4394,1.4409,1.43,1.4351,1162463.37
2026-05-15T16:00:00+00:00,1.4351,1.4474,1.434,1.4467,2528502.07
2026-05-15T17:00:00+00:00,1.4467,1.4508,1.4458,1.4467,702712.6
2026-05-15T18:00:00+00:00,1.4467,1.4493,1.4397,1.4414,731171.89
2026-05-15T19:00:00+00:00,1.4414,1.4414,1.4322,1.4344,1383997.45
2026-05-15T20:00:00+00:00,1.4344,1.437,1.4317,1.4349,568660.08
2026-05-15T21:00:00+00:00,1.4349,1.437,1.43,1.4302,425543.6
2026-05-15T22:00:00+00:00,1.4302,1.4343,1.4298,1.4334,693872.8
2026-05-15T23:00:00+00:00,1.4334,1.4356,1.4324,1.4338,705099.44
2026-05-16T00:00:00+00:00,1.4338,1.4382,1.4322,1.4341,1066652.7
2026-05-16T01:00:00+00:00,1.4341,1.4384,1.4313,1.437,330650.57
2026-05-16T02:00:00+00:00,1.437,1.4393,1.435,1.4369,245577.92
2026-05-16T03:00:00+00:00,1.4369,1.4386,1.4336,1.4356,300047.46
2026-05-16T04:00:00+00:00,1.4356,1.4366,1.4175,1.4255,3865411.09
2026-05-16T05:00:00+00:00,1.4255,1.4297,1.4214,1.425,1597894.89
2026-05-16T06:00:00+00:00,1.425,1.4264,1.4136,1.42,2017239.41
2026-05-16T07:00:00+00:00,1.42,1.4201,1.4043,1.4167,2871188.49
2026-05-16T08:00:00+00:00,1.4167,1.4183,1.4145,1.415,335149.49
2026-05-16T09:00:00+00:00,1.415,1.4158,1.4018,1.4024,1607260.22
2026-05-16T10:00:00+00:00,1.4024,1.4091,1.3963,1.4073,2109607.91
2026-05-16T11:00:00+00:00,1.4073,1.4137,1.4068,1.411,502277.16
2026-05-16T12:00:00+00:00,1.411,1.4134,1.4081,1.4103,401684.94
2026-05-16T13:00:00+00:00,1.4103,1.4154,1.408,1.4117,793799.54
2026-05-16T14:00:00+00:00,1.4117,1.4132,1.4061,1.4095,1393993.49
2026-05-16T15:00:00+00:00,1.4095,1.4151,1.4094,1.4147,374600.67
2026-05-16T16:00:00+00:00,1.4147,1.4209,1.4135,1.4168,957881.98
2026-05-16T17:00:00+00:00,1.4168,1.4193,1.4154,1.4171,201230.73
2026-05-16T18:00:00+00:00,1.4171,1.418,1.414,1.4158,202715.09
2026-05-16T19:00:00+00:00,1.4158,1.4175,1.415,1.416,174106.74
2026-05-16T20:00:00+00:00,1.416,1.4213,1.4152,1.4158,1413518.44
2026-05-16T21:00:00+00:00,1.4158,1.4165,1.4137,1.4151,333496.07
2026-05-16T22:00:00+00:00,1.4151,1.4155,1.4121,1.4138,237866.64
2026-05-16T23:00:00+00:00,1.4138,1.4159,1.4133,1.4136,183270.63
2026-05-17T00:00:00+00:00,1.4136,1.4177,1.4092,1.4112,493964.11
2026-05-17T01:00:00+00:00,1.4112,1.4141,1.4038,1.4039,834031.34
2026-05-17T02:00:00+00:00,1.4039,1.4106,1.4024,1.4071,1157675.32
2026-05-17T03:00:00+00:00,1.4071,1.414,1.4068,1.4122,362017.55
2026-05-17T04:00:00+00:00,1.4122,1.4171,1.4118,1.4157,265689.3
2026-05-17T05:00:00+00:00,1.4157,1.4215,1.4154,1.4164,199609.0
2026-05-17T06:00:00+00:00,1.4164,1.4191,1.4157,1.4174,229776.94
2026-05-17T07:00:00+00:00,1.4174,1.4212,1.4166,1.4184,315823.88
2026-05-17T08:00:00+00:00,1.4184,1.4202,1.4144,1.4147,657513.19
2026-05-17T09:00:00+00:00,1.4147,1.4216,1.4138,1.4208,573216.17
2026-05-17T10:00:00+00:00,1.4208,1.4289,1.4208,1.4247,983963.1
2026-05-17T11:00:00+00:00,1.4247,1.4247,1.4205,1.4225,548487.05
2026-05-17T12:00:00+00:00,1.4225,1.4266,1.4222,1.4235,533250.56
2026-05-17T13:00:00+00:00,1.4235,1.4235,1.4168,1.4188,428171.13
2026-05-17T14:00:00+00:00,1.4188,1.419,1.4107,1.4134,396151.55
2026-05-17T15:00:00+00:00,1.4134,1.4149,1.4098,1.4131,457716.43
2026-05-17T16:00:00+00:00,1.4131,1.4161,1.4103,1.4121,917222.75
2026-05-17T17:00:00+00:00,1.4121,1.4129,1.4086,1.4112,486415.56
2026-05-17T18:00:00+00:00,1.4112,1.4143,1.4067,1.4143,474001.5
2026-05-17T19:00:00+00:00,1.4143,1.4243,1.4142,1.4226,649538.49
2026-05-17T20:00:00+00:00,1.4226,1.4236,1.4175,1.4195,376791.11
2026-05-17T21:00:00+00:00,1.4195,1.4264,1.4179,1.4232,457501.44
2026-05-17T22:00:00+00:00,1.4232,1.4232,1.4097,1.4121,972617.43
2026-05-17T23:00:00+00:00,1.4121,1.4143,1.37,1.4015,6461005.1
2026-05-18T00:00:00+00:00,1.4015,1.4017,1.3887,1.3968,2972276.86
2026-05-18T01:00:00+00:00,1.3968,1.3975,1.3852,1.3943,953223.04
2026-05-18T02:00:00+00:00,1.3943,1.4028,1.3907,1.3928,716358.12
2026-05-18T03:00:00+00:00,1.3928,1.4006,1.3901,1.3931,812754.95
2026-05-18T04:00:00+00:00,1.3931,1.3997,1.3873,1.3949,652262.98
2026-05-18T05:00:00+00:00,1.3949,1.3962,1.3874,1.3892,1248811.57
2026-05-18T06:00:00+00:00,1.3892,1.3922,1.3769,1.3883,2434684.24
2026-05-18T07:00:00+00:00,1.3883,1.3911,1.3804,1.3867,471512.25
2026-05-18T08:00:00+00:00,1.3867,1.3897,1.3823,1.3879,355234.04
2026-05-18T09:00:00+00:00,1.3879,1.3883,1.3826,1.3829,957138.05
2026-05-18T10:00:00+00:00,1.3829,1.3835,1.3771,1.3782,816306.31
2026-05-18T11:00:00+00:00,1.3782,1.3967,1.3763,1.3905,905822.45
2026-05-18T12:00:00+00:00,1.3905,1.4024,1.3904,1.3988,683137.37
2026-05-18T13:00:00+00:00,1.3988,1.399,1.3767,1.386,1608186.68
2026-05-18T14:00:00+00:00,1.386,1.386,1.3725,1.3774,1399417.85
2026-05-18T15:00:00+00:00,1.3774,1.3791,1.3688,1.3765,1950587.34
2026-05-18T16:00:00+00:00,1.3765,1.3811,1.3706,1.3788,1094613.7
2026-05-18T17:00:00+00:00,1.3788,1.3838,1.3771,1.3807,915228.97
2026-05-18T18:00:00+00:00,1.3807,1.381,1.3642,1.3681,1088025.48
2026-05-18T19:00:00+00:00,1.3681,1.3909,1.3673,1.3877,1308585.34
2026-05-18T20:00:00+00:00,1.3877,1.3922,1.3836,1.3848,403991.65
2026-05-18T21:00:00+00:00,1.3848,1.396,1.3823,1.3932,478601.08
2026-05-18T22:00:00+00:00,1.3932,1.3962,1.3887,1.3924,725114.9
2026-05-18T23:00:00+00:00,1.3924,1.3945,1.3889,1.3902,280494.42
2026-05-19T00:00:00+00:00,1.3902,1.3978,1.3893,1.3932,455201.48
2026-05-19T01:00:00+00:00,1.3932,1.3932,1.3845,1.3845,579138.71
2026-05-19T02:00:00+00:00,1.3845,1.3885,1.3777,1.3795,1009516.66
2026-05-19T03:00:00+00:00,1.3795,1.3849,1.3782,1.3837,392195.14
2026-05-19T04:00:00+00:00,1.3837,1.3875,1.3793,1.387,842297.58
2026-05-19T05:00:00+00:00,1.387,1.3885,1.3787,1.3833,1550323.14
2026-05-19T06:00:00+00:00,1.3833,1.3882,1.3822,1.3855,719142.54
2026-05-19T07:00:00+00:00,1.3855,1.3899,1.3834,1.3885,1475042.93
2026-05-19T08:00:00+00:00,1.3885,1.3889,1.3801,1.3827,778972.96
2026-05-19T09:00:00+00:00,1.3827,1.3847,1.3708,1.3747,1055566.69
2026-05-19T10:00:00+00:00,1.3747,1.3769,1.3684,1.3742,1067870.44
2026-05-19T11:00:00+00:00,1.3742,1.377,1.3695,1.3721,766247.53
2026-05-19T12:00:00+00:00,1.3721,1.3784,1.3705,1.3776,686962.5
2026-05-19T13:00:00+00:00,1.3776,1.382,1.3711,1.3767,1266816.52
2026-05-19T14:00:00+00:00,1.3767,1.3797,1.361,1.3666,1230141.54
2026-05-19T15:00:00+00:00,1.3666,1.373,1.3656,1.3673,516977.21
2026-05-19T16:00:00+00:00,1.3673,1.3736,1.3636,1.3726,747215.49
2026-05-19T17:00:00+00:00,1.3726,1.3744,1.3624,1.3641,739632.63
2026-05-19T18:00:00+00:00,1.3641,1.368,1.3615,1.3627,710434.87
2026-05-19T19:00:00+00:00,1.3627,1.3668,1.3565,1.3573,968370.59
2026-05-19T20:00:00+00:00,1.3573,1.3609,1.356,1.3587,709661.1
2026-05-19T21:00:00+00:00,1.3587,1.3633,1.3578,1.36,647940.91
2026-05-19T22:00:00+00:00,1.36,1.3601,1.3534,1.3582,707871.03
2026-05-19T23:00:00+00:00,1.3582,1.3658,1.3572,1.3618,313097.6
2026-05-20T00:00:00+00:00,1.3618,1.364,1.3521,1.3558,1278743.33
2026-05-20T01:00:00+00:00,1.3558,1.3585,1.3478,1.3552,1371689.38
2026-05-20T02:00:00+00:00,1.3552,1.3564,1.3507,1.3521,481745.04
2026-05-20T03:00:00+00:00,1.3521,1.3586,1.3499,1.3563,681613.11
2026-05-20T04:00:00+00:00,1.3563,1.3601,1.3536,1.3598,412647.96
2026-05-20T05:00:00+00:00,1.3598,1.3698,1.3598,1.3684,886702.64
2026-05-20T06:00:00+00:00,1.3684,1.3711,1.3667,1.3707,962310.51
2026-05-20T07:00:00+00:00,1.3707,1.3738,1.3676,1.3684,359287.42
2026-05-20T08:00:00+00:00,1.3684,1.3727,1.3658,1.3704,677180.04
2026-05-20T09:00:00+00:00,1.3704,1.3729,1.3688,1.3699,510341.36
2026-05-20T10:00:00+00:00,1.3699,1.3758,1.3697,1.3706,903583.91
2026-05-20T11:00:00+00:00,1.3706,1.3715,1.3643,1.3658,1044380.65
2026-05-20T12:00:00+00:00,1.3658,1.3758,1.3643,1.3733,672903.34
2026-05-20T13:00:00+00:00,1.3733,1.3743,1.3593,1.3638,1172899.28
2026-05-20T14:00:00+00:00,1.3638,1.3762,1.3583,1.3735,2710356.96
2026-05-20T15:00:00+00:00,1.3735,1.3806,1.3684,1.3745,2138479.45
2026-05-20T16:00:00+00:00,1.3745,1.3775,1.366,1.3749,1692778.6
2026-05-20T17:00:00+00:00,1.3749,1.3802,1.371,1.3754,1228353.69
2026-05-20T18:00:00+00:00,1.3754,1.376,1.3646,1.3674,1138660.85
2026-05-20T19:00:00+00:00,1.3674,1.3728,1.3655,1.3727,580125.6
2026-05-20T20:00:00+00:00,1.3727,1.3728,1.3642,1.3702,605498.82
2026-05-20T21:00:00+00:00,1.3702,1.3719,1.3669,1.3669,247961.37
2026-05-20T22:00:00+00:00,1.3669,1.3679,1.3603,1.3658,881614.19
2026-05-20T23:00:00+00:00,1.3658,1.3675,1.3627,1.3671,874509.36
2026-05-21T00:00:00+00:00,1.3671,1.3779,1.3664,1.3761,436592.7
2026-05-21T01:00:00+00:00,1.3761,1.3814,1.3757,1.3782,625516.73
2026-05-21T02:00:00+00:00,1.3782,1.386,1.3777,1.3814,779800.51
2026-05-21T03:00:00+00:00,1.3814,1.385,1.3803,1.3843,588005.92
2026-05-21T04:00:00+00:00,1.3843,1.3858,1.3815,1.3823,1391070.06
2026-05-21T05:00:00+00:00,1.3823,1.3839,1.3724,1.3749,629802.09
2026-05-21T06:00:00+00:00,1.3749,1.3767,1.3697,1.3713,573650.41
2026-05-21T07:00:00+00:00,1.3713,1.3773,1.3701,1.3761,428147.82
2026-05-21T08:00:00+00:00,1.3761,1.3859,1.3761,1.3805,1498523.49
2026-05-21T09:00:00+00:00,1.3805,1.3822,1.3743,1.3746,1632607.51
2026-05-21T10:00:00+00:00,1.3746,1.3751,1.3642,1.3664,2067545.99
2026-05-21T11:00:00+00:00,1.3664,1.3696,1.3637,1.3638,1180273.05
2026-05-21T12:00:00+00:00,1.3638,1.3668,1.3619,1.3649,1054447.28
2026-05-21T13:00:00+00:00,1.3649,1.3687,1.3549,1.3617,1798279.59
2026-05-21T14:00:00+00:00,1.3617,1.3639,1.3514,1.357,1380073.15
2026-05-21T15:00:00+00:00,1.357,1.3657,1.3558,1.3614,1216874.24
2026-05-21T16:00:00+00:00,1.3614,1.365,1.3572,1.3613,1214126.91
2026-05-21T17:00:00+00:00,1.3613,1.3863,1.3613,1.3812,2736218.21
2026-05-21T18:00:00+00:00,1.3812,1.3826,1.3667,1.3711,736909.15
2026-05-21T19:00:00+00:00,1.3711,1.3812,1.3709,1.3795,606697.32
2026-05-21T20:00:00+00:00,1.3795,1.3811,1.3763,1.3771,227418.62
2026-05-21T21:00:00+00:00,1.3771,1.3788,1.3756,1.3759,255621.38
2026-05-21T22:00:00+00:00,1.3759,1.3766,1.371,1.3727,340785.2
2026-05-21T23:00:00+00:00,1.3727,1.3756,1.3694,1.374,476142.66
2026-05-22T00:00:00+00:00,1.374,1.3745,1.3674,1.3682,387843.47
2026-05-22T01:00:00+00:00,1.3682,1.3719,1.365,1.371,386363.04
2026-05-22T02:00:00+00:00,1.371,1.375,1.3699,1.3732,1093657.93
2026-05-22T03:00:00+00:00,1.3732,1.3746,1.371,1.3722,278594.32
2026-05-22T04:00:00+00:00,1.3722,1.3762,1.3681,1.3703,580597.74
2026-05-22T05:00:00+00:00,1.3703,1.373,1.3676,1.3683,493725.98
2026-05-22T06:00:00+00:00,1.3683,1.3699,1.3605,1.3608,1168245.69
2026-05-22T07:00:00+00:00,1.3608,1.368,1.357,1.3651,1595235.67
2026-05-22T08:00:00+00:00,1.3651,1.3686,1.3607,1.3629,953729.19
2026-05-22T09:00:00+00:00,1.3629,1.3654,1.3592,1.3601,452896.25
2026-05-22T10:00:00+00:00,1.3601,1.3622,1.3574,1.3599,767607.11
2026-05-22T11:00:00+00:00,1.3599,1.3618,1.3552,1.3618,968111.92
2026-05-22T12:00:00+00:00,1.3618,1.3662,1.3605,1.3661,1867303.26
2026-05-22T13:00:00+00:00,1.3661,1.3705,1.3576,1.3626,2019093.92
2026-05-22T14:00:00+00:00,1.3626,1.3626,1.3501,1.3522,2771697.51
2026-05-22T15:00:00+00:00,1.3522,1.3578,1.3469,1.3533,1937923.52
2026-05-22T16:00:00+00:00,1.3533,1.3557,1.3503,1.3546,1284201.31
2026-05-22T17:00:00+00:00,1.3546,1.3595,1.3509,1.3534,1182950.45
2026-05-22T18:00:00+00:00,1.3534,1.3557,1.3348,1.3501,3135994.59
2026-05-22T19:00:00+00:00,1.3501,1.3524,1.3347,1.3386,2791067.91
2026-05-22T20:00:00+00:00,1.3386,1.343,1.3355,1.3421,910220.86
2026-05-22T21:00:00+00:00,1.3421,1.3438,1.3403,1.3426,285244.84
2026-05-22T22:00:00+00:00,1.3426,1.3439,1.3378,1.3405,372930.25
2026-05-22T23:00:00+00:00,1.3405,1.3428,1.3299,1.335,2571702.9
2026-05-23T00:00:00+00:00,1.335,1.3369,1.3269,1.3347,1813692.81
2026-05-23T01:00:00+00:00,1.3347,1.3391,1.3337,1.3376,480588.15
2026-05-23T02:00:00+00:00,1.3376,1.3405,1.3366,1.34,392780.9
2026-05-23T03:00:00+00:00,1.34,1.3423,1.3397,1.3411,330284.17
2026-05-23T04:00:00+00:00,1.3411,1.3411,1.3349,1.3361,291170.22
2026-05-23T05:00:00+00:00,1.3361,1.3364,1.3294,1.3314,921059.75
2026-05-23T06:00:00+00:00,1.3314,1.3355,1.3287,1.333,1060652.94
2026-05-23T07:00:00+00:00,1.333,1.3337,1.3013,1.3123,5850381.49
2026-05-23T08:00:00+00:00,1.3123,1.3186,1.307,1.3108,3110910.87
2026-05-23T09:00:00+00:00,1.3108,1.3181,1.3101,1.3172,1035666.39
2026-05-23T10:00:00+00:00,1.3172,1.3239,1.3171,1.3228,1220248.07
2026-05-23T11:00:00+00:00,1.3228,1.3265,1.3214,1.3246,478928.12
2026-05-23T12:00:00+00:00,1.3246,1.3273,1.3241,1.3264,374996.25
2026-05-23T13:00:00+00:00,1.3264,1.337,1.3264,1.3333,757181.31
2026-05-23T14:00:00+00:00,1.3333,1.3407,1.3316,1.3398,1965658.26
2026-05-23T15:00:00+00:00,1.3398,1.342,1.3354,1.3361,1524050.84
2026-05-23T16:00:00+00:00,1.3361,1.3393,1.3345,1.3378,982621.86
2026-05-23T17:00:00+00:00,1.3378,1.3393,1.3359,1.3386,238895.65
2026-05-23T18:00:00+00:00,1.3386,1.3509,1.3386,1.3454,744770.34
2026-05-23T19:00:00+00:00,1.3454,1.3474,1.343,1.347,276095.82
2026-05-23T20:00:00+00:00,1.347,1.3719,1.3452,1.3718,2291259.2
2026-05-23T21:00:00+00:00,1.3718,1.3762,1.3539,1.3598,1648659.08
2026-05-23T22:00:00+00:00,1.3598,1.3635,1.3529,1.3588,1088424.88
2026-05-23T23:00:00+00:00,1.3588,1.3615,1.3572,1.3583,433087.06
2026-05-24T00:00:00+00:00,1.3583,1.3636,1.3571,1.362,300814.47
2026-05-24T01:00:00+00:00,1.362,1.3633,1.3596,1.3606,278730.68
2026-05-24T02:00:00+00:00,1.3606,1.3625,1.3585,1.3611,211153.47
2026-05-24T03:00:00+00:00,1.3611,1.3632,1.3595,1.3607,202909.22
2026-05-24T04:00:00+00:00,1.3607,1.3618,1.3592,1.361,201880.0
2026-05-24T05:00:00+00:00,1.361,1.3611,1.355,1.3594,406869.03
2026-05-24T06:00:00+00:00,1.3594,1.3633,1.3572,1.3629,369884.08
2026-05-24T07:00:00+00:00,1.3629,1.3649,1.3588,1.3595,265082.31
2026-05-24T08:00:00+00:00,1.3595,1.3615,1.3577,1.361,410598.4
2026-05-24T09:00:00+00:00,1.361,1.3669,1.3606,1.3646,650469.16
2026-05-24T10:00:00+00:00,1.3646,1.3709,1.3628,1.3635,1183107.13
2026-05-24T11:00:00+00:00,1.3635,1.3719,1.3619,1.3655,2044944.57
2026-05-24T12:00:00+00:00,1.3655,1.3658,1.361,1.3628,735780.97
2026-05-24T13:00:00+00:00,1.3628,1.3638,1.3567,1.3589,411102.57
2026-05-24T14:00:00+00:00,1.3589,1.3597,1.3387,1.35,1426129.34
2026-05-24T15:00:00+00:00,1.35,1.3512,1.3482,1.3484,310309.56
2026-05-24T16:00:00+00:00,1.3484,1.3527,1.347,1.3509,271573.83
2026-05-24T17:00:00+00:00,1.3509,1.3545,1.3508,1.3532,202370.0
2026-05-24T18:00:00+00:00,1.3532,1.3534,1.3477,1.3486,429101.8
2026-05-24T19:00:00+00:00,1.3486,1.3505,1.3461,1.3492,341449.91
2026-05-24T20:00:00+00:00,1.3492,1.3496,1.343,1.3449,375663.77
2026-05-24T21:00:00+00:00,1.3449,1.3472,1.3324,1.3364,1436280.0
2026-05-24T22:00:00+00:00,1.3364,1.3512,1.3358,1.3476,884810.27
2026-05-24T23:00:00+00:00,1.3476,1.3539,1.3476,1.3506,440536.48
2026-05-25T00:00:00+00:00,1.3506,1.3556,1.3506,1.3517,604553.98
2026-05-25T01:00:00+00:00,1.3517,1.3551,1.3469,1.3473,347720.69
2026-05-25T02:00:00+00:00,1.3473,1.3584,1.3468,1.3472,1748018.66
2026-05-25T03:00:00+00:00,1.3472,1.3487,1.3435,1.3468,255964.85
2026-05-25T04:00:00+00:00,1.3468,1.3567,1.3452,1.3556,785120.21
2026-05-25T05:00:00+00:00,1.3556,1.361,1.3542,1.3584,1524856.65
2026-05-25T06:00:00+00:00,1.3584,1.3611,1.3543,1.3584,397063.81
2026-05-25T07:00:00+00:00,1.3584,1.361,1.3526,1.3589,1702937.42
2026-05-25T08:00:00+00:00,1.3589,1.3656,1.3566,1.3592,2641938.93
2026-05-25T09:00:00+00:00,1.3592,1.3634,1.3571,1.3611,1024527.16
2026-05-25T10:00:00+00:00,1.3611,1.3617,1.3592,1.3606,579342.62
2026-05-25T11:00:00+00:00,1.3606,1.3614,1.3572,1.3576,1246447.91
2026-05-25T12:00:00+00:00,1.3576,1.359,1.3564,1.3571,1906258.26
2026-05-25T13:00:00+00:00,1.3571,1.3587,1.3554,1.3581,1108140.93
2026-05-25T14:00:00+00:00,1.3581,1.3624,1.3575,1.3612,941808.48
2026-05-25T15:00:00+00:00,1.3612,1.3654,1.3575,1.3587,1278161.93
2026-05-25T16:00:00+00:00,1.3587,1.3638,1.3571,1.3628,791664.14
2026-05-25T17:00:00+00:00,1.3628,1.3639,1.3601,1.3612,457129.63
2026-05-25T18:00:00+00:00,1.3612,1.3633,1.3587,1.3588,204708.05
2026-05-25T19:00:00+00:00,1.3588,1.3588,1.3544,1.357,323756.35
2026-05-25T20:00:00+00:00,1.357,1.3595,1.3515,1.3544,389818.93
2026-05-25T21:00:00+00:00,1.3544,1.3567,1.3542,1.3547,346106.98
2026-05-25T22:00:00+00:00,1.3547,1.3558,1.3467,1.349,896966.71
2026-05-25T23:00:00+00:00,1.349,1.3522,1.3471,1.3501,465851.25
2026-05-26T00:00:00+00:00,1.3501,1.3514,1.3355,1.3423,753338.27
2026-05-26T01:00:00+00:00,1.3423,1.3447,1.3372,1.3397,1397968.92
2026-05-26T02:00:00+00:00,1.3397,1.3403,1.3358,1.3373,509988.33
2026-05-26T03:00:00+00:00,1.3373,1.3409,1.3341,1.3402,563086.09
2026-05-26T04:00:00+00:00,1.3402,1.3465,1.3398,1.3454,510334.94
2026-05-26T05:00:00+00:00,1.3454,1.3506,1.3445,1.3478,625109.73
2026-05-26T06:00:00+00:00,1.3478,1.3497,1.3447,1.3481,757907.61
2026-05-26T07:00:00+00:00,1.3481,1.3489,1.3394,1.3407,772305.66
2026-05-26T08:00:00+00:00,1.3407,1.3441,1.3397,1.3407,553830.9
2026-05-26T09:00:00+00:00,1.3407,1.3434,1.3395,1.3419,526526.15
2026-05-26T10:00:00+00:00,1.3419,1.3595,1.3401,1.357,1580112.11
2026-05-26T11:00:00+00:00,1.357,1.3578,1.3517,1.3521,966278.34
2026-05-26T12:00:00+00:00,1.3521,1.3558,1.3478,1.3551,1099913.39
2026-05-26T13:00:00+00:00,1.3551,1.3603,1.3483,1.3558,917153.99
2026-05-26T14:00:00+00:00,1.3558,1.3655,1.3478,1.3525,1423935.94
2026-05-26T15:00:00+00:00,1.3525,1.3537,1.3397,1.3449,2169248.56
2026-05-26T16:00:00+00:00,1.3449,1.3456,1.3378,1.3409,1659794.27
2026-05-26T17:00:00+00:00,1.3409,1.3434,1.3272,1.3333,2464983.93
2026-05-26T18:00:00+00:00,1.3333,1.3386,1.3288,1.3298,919197.95
2026-05-26T19:00:00+00:00,1.3298,1.3344,1.327,1.332,762522.8
2026-05-26T20:00:00+00:00,1.332,1.334,1.3309,1.3334,503312.3
2026-05-26T21:00:00+00:00,1.3334,1.3347,1.3282,1.3315,928367.53
2026-05-26T22:00:00+00:00,1.3315,1.3336,1.3287,1.3298,898294.85
2026-05-26T23:00:00+00:00,1.3298,1.3317,1.3288,1.3291,267064.32
2026-05-27T00:00:00+00:00,1.3291,1.3327,1.3289,1.3324,743471.17
2026-05-27T01:00:00+00:00,1.3324,1.333,1.3295,1.3306,806252.71
2026-05-27T02:00:00+00:00,1.3306,1.3312,1.3263,1.3312,520821.45
2026-05-27T03:00:00+00:00,1.3312,1.3331,1.3265,1.3277,416069.7
2026-05-27T04:00:00+00:00,1.3277,1.3312,1.3213,1.3308,835298.25
2026-05-27T05:00:00+00:00,1.3308,1.3327,1.3295,1.331,853510.65
2026-05-27T06:00:00+00:00,1.331,1.3369,1.3303,1.3359,535792.53
2026-05-27T07:00:00+00:00,1.3359,1.3368,1.3302,1.3319,627410.34
2026-05-27T08:00:00+00:00,1.3319,1.3376,1.3296,1.3354,1788594.9
2026-05-27T09:00:00+00:00,1.3354,1.3372,1.3279,1.3293,1866948.98
2026-05-27T10:00:00+00:00,1.3293,1.3346,1.3287,1.3301,1784605.32
2026-05-27T11:00:00+00:00,1.3301,1.3338,1.3289,1.3296,1116297.27
2026-05-27T12:00:00+00:00,1.3296,1.3406,1.3248,1.3318,2053679.17
2026-05-27T13:00:00+00:00,1.3318,1.3333,1.3186,1.3243,2072250.55
2026-05-27T14:00:00+00:00,1.3243,1.3308,1.319,1.3303,1754022.8
2026-05-27T15:00:00+00:00,1.3303,1.3436,1.33,1.3364,1306134.5
2026-05-27T16:00:00+00:00,1.3364,1.3389,1.3281,1.3324,468485.67
2026-05-27T17:00:00+00:00,1.3324,1.3326,1.3176,1.3207,1027564.7
2026-05-27T18:00:00+00:00,1.3207,1.3273,1.3177,1.3267,408235.33
2026-05-27T19:00:00+00:00,1.3267,1.3341,1.3267,1.3306,836050.93
2026-05-27T20:00:00+00:00,1.3306,1.3348,1.3276,1.331,413350.37
2026-05-27T21:00:00+00:00,1.331,1.3329,1.3115,1.3158,2655562.12
2026-05-27T22:00:00+00:00,1.3158,1.3208,1.31,1.3108,1555743.16
2026-05-27T23:00:00+00:00,1.3108,1.3124,1.3033,1.3076,1222212.5
2026-05-28T00:00:00+00:00,1.3076,1.3112,1.3061,1.3096,572551.88
2026-05-28T01:00:00+00:00,1.3096,1.3102,1.298,1.303,1469110.34
2026-05-28T02:00:00+00:00,1.303,1.3058,1.3004,1.3012,980832.37
2026-05-28T03:00:00+00:00,1.3012,1.3036,1.2752,1.279,6402450.3
2026-05-28T04:00:00+00:00,1.279,1.2844,1.2676,1.2844,3957512.61
2026-05-28T05:00:00+00:00,1.2844,1.2859,1.2778,1.2837,2437179.54
2026-05-28T06:00:00+00:00,1.2837,1.2895,1.2805,1.2872,1850799.54
2026-05-28T07:00:00+00:00,1.2872,1.2936,1.287,1.2934,870817.82
2026-05-28T08:00:00+00:00,1.2934,1.2938,1.287,1.2888,440315.93
2026-05-28T09:00:00+00:00,1.2888,1.2938,1.2874,1.2929,278396.82
2026-05-28T10:00:00+00:00,1.2929,1.2962,1.2885,1.2885,1348168.41
2026-05-28T11:00:00+00:00,1.2885,1.2906,1.2862,1.2877,911349.49
2026-05-28T12:00:00+00:00,1.2877,1.2949,1.2839,1.2948,1047149.98
2026-05-28T13:00:00+00:00,1.2948,1.2995,1.2896,1.2965,2712101.28
2026-05-28T14:00:00+00:00,1.2965,1.3106,1.286,1.3018,4245855.98
2026-05-28T15:00:00+00:00,1.3018,1.3153,1.2944,1.3125,1410539.38
2026-05-28T16:00:00+00:00,1.3125,1.3294,1.3069,1.3239,3231283.63
2026-05-28T17:00:00+00:00,1.3239,1.3299,1.3184,1.3261,1580365.65
2026-05-28T18:00:00+00:00,1.3261,1.3384,1.3254,1.3344,2279314.63
2026-05-28T19:00:00+00:00,1.3344,1.3345,1.3156,1.3161,718195.25
2026-05-28T20:00:00+00:00,1.3161,1.325,1.3109,1.3204,1280372.12
2026-05-28T21:00:00+00:00,1.3204,1.3236,1.3169,1.3202,406305.97
2026-05-28T22:00:00+00:00,1.3202,1.3219,1.3124,1.3144,402431.7
2026-05-28T23:00:00+00:00,1.3144,1.3185,1.3138,1.3156,252498.72
2026-05-29T00:00:00+00:00,1.3156,1.3203,1.3145,1.3151,315979.07
2026-05-29T01:00:00+00:00,1.3151,1.3174,1.3082,1.3104,560687.57
2026-05-29T02:00:00+00:00,1.3104,1.3116,1.3039,1.3042,540115.4
2026-05-29T03:00:00+00:00,1.3042,1.3148,1.3042,1.3122,446318.72
2026-05-29T04:00:00+00:00,1.3122,1.3129,1.304,1.3107,751040.08
2026-05-29T05:00:00+00:00,1.3107,1.3156,1.3088,1.3151,786053.36
2026-05-29T06:00:00+00:00,1.3151,1.3211,1.3143,1.3162,619683.69
2026-05-29T07:00:00+00:00,1.3162,1.3193,1.3101,1.3168,702654.21
2026-05-29T08:00:00+00:00,1.3168,1.3236,1.3164,1.3212,1075562.72
2026-05-29T09:00:00+00:00,1.3212,1.3275,1.3203,1.3236,1020972.05
2026-05-29T10:00:00+00:00,1.3236,1.3237,1.3173,1.3187,715492.85
2026-05-29T11:00:00+00:00,1.3187,1.3189,1.3072,1.3115,1669974.95
2026-05-29T12:00:00+00:00,1.3115,1.3122,1.3027,1.3046,1597032.87
2026-05-29T13:00:00+00:00,1.3046,1.3059,1.2977,1.3028,1892903.11
2026-05-29T14:00:00+00:00,1.3028,1.3087,1.2946,1.3079,3291897.28
2026-05-29T15:00:00+00:00,1.3079,1.3337,1.305,1.3227,3203214.33
2026-05-29T16:00:00+00:00,1.3227,1.3316,1.3165,1.3272,2370372.42
2026-05-29T17:00:00+00:00,1.3272,1.3331,1.3236,1.3254,1506253.3
2026-05-29T18:00:00+00:00,1.3254,1.3302,1.3156,1.3188,979548.52
2026-05-29T19:00:00+00:00,1.3188,1.3235,1.311,1.321,773044.79
2026-05-29T20:00:00+00:00,1.321,1.3254,1.3203,1.3227,291738.56
2026-05-29T21:00:00+00:00,1.3227,1.3268,1.3162,1.3162,595082.32
2026-05-29T22:00:00+00:00,1.3162,1.3212,1.3145,1.3208,366265.9
2026-05-29T23:00:00+00:00,1.3208,1.3313,1.3199,1.3298,535930.95
2026-05-30T00:00:00+00:00,1.3298,1.3501,1.3281,1.3486,1462352.1
2026-05-30T01:00:00+00:00,1.3486,1.3662,1.3442,1.3569,2875499.0
2026-05-30T02:00:00+00:00,1.3569,1.3641,1.3547,1.3599,1800254.62
2026-05-30T03:00:00+00:00,1.3599,1.3626,1.3502,1.3505,1214965.88
2026-05-30T04:00:00+00:00,1.3505,1.353,1.3372,1.3439,1371747.33
2026-05-30T05:00:00+00:00,1.3439,1.3509,1.3422,1.3489,1251176.47
2026-05-30T06:00:00+00:00,1.3489,1.3495,1.3432,1.3453,791921.97
2026-05-30T07:00:00+00:00,1.3453,1.346,1.3404,1.3428,305464.99
2026-05-30T08:00:00+00:00,1.3428,1.3429,1.3406,1.3409,588009.53
2026-05-30T09:00:00+00:00,1.3409,1.3458,1.34,1.3446,942953.71
2026-05-30T10:00:00+00:00,1.3446,1.3449,1.3413,1.3425,250776.15
2026-05-30T11:00:00+00:00,1.3425,1.3445,1.3371,1.3406,726833.65
2026-05-30T12:00:00+00:00,1.3406,1.3427,1.3379,1.3399,468032.33
2026-05-30T13:00:00+00:00,1.3399,1.3419,1.3376,1.3411,271679.83
2026-05-30T14:00:00+00:00,1.3411,1.3473,1.3397,1.343,395388.62
2026-05-30T15:00:00+00:00,1.343,1.3457,1.34,1.3424,334546.74
2026-05-30T16:00:00+00:00,1.3424,1.3486,1.3414,1.3481,476893.76
2026-05-30T17:00:00+00:00,1.3481,1.3532,1.3447,1.3527,714951.84
2026-05-30T18:00:00+00:00,1.3527,1.3541,1.3488,1.352,464441.96
2026-05-30T19:00:00+00:00,1.352,1.352,1.3457,1.3476,583826.45
2026-05-30T20:00:00+00:00,1.3476,1.35,1.3467,1.348,228873.85
2026-05-30T21:00:00+00:00,1.348,1.3521,1.347,1.3502,401695.73
2026-05-30T22:00:00+00:00,1.3502,1.3502,1.3379,1.3426,770036.64
2026-05-30T23:00:00+00:00,1.3426,1.3438,1.3385,1.341,256792.77
2026-05-31T00:00:00+00:00,1.341,1.3419,1.3381,1.3403,385157.85
2026-05-31T01:00:00+00:00,1.3403,1.3441,1.3403,1.3417,421789.38
2026-05-31T02:00:00+00:00,1.3417,1.346,1.3361,1.342,575122.36
2026-05-31T03:00:00+00:00,1.342,1.3456,1.3415,1.3448,253063.57
2026-05-31T04:00:00+00:00,1.3448,1.3466,1.343,1.346,201255.46
2026-05-31T05:00:00+00:00,1.346,1.3462,1.3427,1.3435,140528.37
2026-05-31T06:00:00+00:00,1.3435,1.3435,1.3401,1.3401,233478.81
2026-05-31T07:00:00+00:00,1.3401,1.3401,1.3331,1.3354,913359.15
2026-05-31T08:00:00+00:00,1.3354,1.3398,1.3354,1.3388,499057.23
2026-05-31T09:00:00+00:00,1.3388,1.3428,1.3367,1.3392,409857.83
2026-05-31T10:00:00+00:00,1.3392,1.3396,1.3342,1.3372,358891.81
2026-05-31T11:00:00+00:00,1.3372,1.3433,1.3371,1.3418,270369.84
2026-05-31T12:00:00+00:00,1.3418,1.3437,1.3388,1.3424,315067.3
2026-05-31T13:00:00+00:00,1.3424,1.3484,1.3416,1.3425,505636.25
2026-05-31T14:00:00+00:00,1.3425,1.3441,1.3279,1.3303,2478917.55
2026-05-31T15:00:00+00:00,1.3303,1.3349,1.329,1.3306,379150.33
2026-05-31T16:00:00+00:00,1.3306,1.3326,1.3217,1.3278,2288850.97
2026-05-31T17:00:00+00:00,1.3278,1.332,1.3275,1.3309,366067.78
2026-05-31T18:00:00+00:00,1.3309,1.3311,1.3261,1.3275,245501.66
2026-05-31T19:00:00+00:00,1.3275,1.3281,1.3208,1.3264,367113.84
2026-05-31T20:00:00+00:00,1.3264,1.3313,1.3263,1.3309,307809.78
2026-05-31T21:00:00+00:00,1.3309,1.335,1.3292,1.3346,416783.97
2026-05-31T22:00:00+00:00,1.3346,1.3401,1.3314,1.337,945239.2
2026-05-31T23:00:00+00:00,1.337,1.3425,1.3276,1.333,906090.48
2026-06-01T00:00:00+00:00,1.333,1.3412,1.3308,1.3378,809594.58
2026-06-01T01:00:00+00:00,1.3378,1.3389,1.3218,1.322,806789.44
2026-06-01T02:00:00+00:00,1.322,1.3347,1.3193,1.331,1134272.59
2026-06-01T03:00:00+00:00,1.331,1.3357,1.3296,1.3308,712430.35
2026-06-01T04:00:00+00:00,1.3308,1.3332,1.3173,1.3223,815409.28
2026-06-01T05:00:00+00:00,1.3223,1.3233,1.3156,1.3165,953034.32
2026-06-01T06:00:00+00:00,1.3165,1.317,1.3097,1.3141,1318490.76
2026-06-01T07:00:00+00:00,1.3141,1.3154,1.3031,1.3038,1288115.54
2026-06-01T08:00:00+00:00,1.3038,1.3077,1.2989,1.303,1186649.22
2026-06-01T09:00:00+00:00,1.303,1.3098,1.303,1.3046,669893.16
2026-06-01T10:00:00+00:00,1.3046,1.3078,1.3017,1.3058,548404.68
2026-06-01T11:00:00+00:00,1.3058,1.308,1.3011,1.3035,582559.16
2026-06-01T12:00:00+00:00,1.3035,1.3064,1.2962,1.3027,1070665.76
2026-06-01T13:00:00+00:00,1.3027,1.3033,1.2863,1.2906,4356753.45
2026-06-01T14:00:00+00:00,1.2906,1.293,1.2821,1.2861,2085269.75
2026-06-01T15:00:00+00:00,1.2861,1.2903,1.2799,1.2822,1899197.86
2026-06-01T16:00:00+00:00,1.2822,1.2941,1.2797,1.294,1303596.42
2026-06-01T17:00:00+00:00,1.294,1.3053,1.2934,1.3007,1950461.95
2026-06-01T18:00:00+00:00,1.3007,1.3032,1.2952,1.2963,494192.34
2026-06-01T19:00:00+00:00,1.2963,1.3013,1.2944,1.3001,331592.47
2026-06-01T20:00:00+00:00,1.3001,1.3006,1.2958,1.299,836614.21
2026-06-01T21:00:00+00:00,1.299,1.299,1.2913,1.2917,460190.09
2026-06-01T22:00:00+00:00,1.2917,1.3012,1.2866,1.3004,1049869.85
2026-06-01T23:00:00+00:00,1.3004,1.3016,1.2931,1.2972,680788.73
2026-06-02T00:00:00+00:00,1.2972,1.2972,1.2884,1.2891,528900.45
2026-06-02T01:00:00+00:00,1.2891,1.2907,1.2792,1.2797,1571173.29
2026-06-02T02:00:00+00:00,1.2797,1.2857,1.2683,1.2844,2004198.82
2026-06-02T03:00:00+00:00,1.2844,1.2891,1.2821,1.2881,775458.01
2026-06-02T04:00:00+00:00,1.2881,1.2897,1.2798,1.2802,1242709.05
2026-06-02T05:00:00+00:00,1.2802,1.2811,1.2665,1.2677,2317678.47
2026-06-02T06:00:00+00:00,1.2677,1.2724,1.2628,1.2658,2370722.99
2026-06-02T07:00:00+00:00,1.2658,1.272,1.2586,1.2682,1972247.16
2026-06-02T08:00:00+00:00,1.2682,1.2694,1.2623,1.2647,1130937.04
2026-06-02T09:00:00+00:00,1.2647,1.2652,1.2569,1.2598,1872037.32
2026-06-02T10:00:00+00:00,1.2598,1.2681,1.2575,1.2673,597384.96
2026-06-02T11:00:00+00:00,1.2673,1.2673,1.259,1.261,908611.32
2026-06-02T12:00:00+00:00,1.261,1.266,1.2586,1.2637,1212441.06
2026-06-02T13:00:00+00:00,1.2637,1.2687,1.2598,1.2618,1481426.83
2026-06-02T14:00:00+00:00,1.2618,1.262,1.2275,1.2351,10077505.77
2026-06-02T15:00:00+00:00,1.2351,1.2373,1.2168,1.2221,10889313.51
2026-06-02T16:00:00+00:00,1.2221,1.2437,1.2195,1.2327,3743319.88
2026-06-02T17:00:00+00:00,1.2327,1.2436,1.2316,1.2364,1627423.34
2026-06-02T18:00:00+00:00,1.2364,1.2405,1.2179,1.224,2336500.33
2026-06-02T19:00:00+00:00,1.224,1.2309,1.2061,1.2216,4899818.19
2026-06-02T20:00:00+00:00,1.2216,1.2277,1.2129,1.2232,1936171.81
2026-06-02T21:00:00+00:00,1.2232,1.2323,1.2197,1.2264,2328708.67
2026-06-02T22:00:00+00:00,1.2264,1.2264,1.1945,1.2009,4842533.84
2026-06-02T23:00:00+00:00,1.2009,1.2125,1.1971,1.2115,4699780.56
2026-06-03T00:00:00+00:00,1.2115,1.2255,1.2115,1.2243,2784190.53
2026-06-03T01:00:00+00:00,1.2243,1.2317,1.2183,1.2233,2553754.09
2026-06-03T02:00:00+00:00,1.2233,1.2244,1.2174,1.2207,1794613.77
2026-06-03T03:00:00+00:00,1.2207,1.2236,1.1897,1.1977,5742310.96
2026-06-03T04:00:00+00:00,1.1977,1.219,1.1976,1.2185,3641307.15
2026-06-03T05:00:00+00:00,1.2185,1.2348,1.2185,1.2325,3020846.9
2026-06-03T06:00:00+00:00,1.2325,1.2465,1.2317,1.2388,2642999.42
2026-06-03T07:00:00+00:00,1.2388,1.2492,1.2377,1.2431,1563941.96
2026-06-03T08:00:00+00:00,1.2431,1.2456,1.2387,1.2428,1684833.96
2026-06-03T09:00:00+00:00,1.2428,1.2453,1.2353,1.2383,2181235.86
2026-06-03T10:00:00+00:00,1.2383,1.245,1.2379,1.242,1027692.59
2026-06-03T11:00:00+00:00,1.242,1.245,1.2339,1.237,1328674.95
2026-06-03T12:00:00+00:00,1.237,1.2378,1.2309,1.2356,1681237.45
2026-06-03T13:00:00+00:00,1.2356,1.2381,1.2261,1.2309,2251242.74
2026-06-03T14:00:00+00:00,1.2309,1.234,1.2219,1.2309,2447393.78
2026-06-03T15:00:00+00:00,1.2309,1.232,1.221,1.2252,2257953.46
2026-06-03T16:00:00+00:00,1.2252,1.2286,1.2089,1.2228,3588294.35
2026-06-03T17:00:00+00:00,1.2228,1.2289,1.2135,1.2215,1657593.46
2026-06-03T18:00:00+00:00,1.2215,1.2248,1.2131,1.2186,1209084.91
2026-06-03T19:00:00+00:00,1.2186,1.2198,1.202,1.2041,2872458.68
2026-06-03T20:00:00+00:00,1.2041,1.2082,1.1864,1.1939,5211492.48
2026-06-03T21:00:00+00:00,1.1939,1.2205,1.1917,1.2183,2544587.6
2026-06-03T22:00:00+00:00,1.2183,1.2204,1.2042,1.2062,1629267.58
2026-06-03T23:00:00+00:00,1.2062,1.2074,1.1978,1.2012,1442417.29
2026-06-04T00:00:00+00:00,1.2012,1.208,1.1867,1.1935,5600374.29
2026-06-04T01:00:00+00:00,1.1935,1.1965,1.1562,1.1613,12263051.48
2026-06-04T02:00:00+00:00,1.1613,1.1872,1.1413,1.1816,11077330.69
2026-06-04T03:00:00+00:00,1.1816,1.2115,1.1815,1.2093,6808558.84
2026-06-04T04:00:00+00:00,1.2093,1.2133,1.2004,1.2018,4003110.52
2026-06-04T05:00:00+00:00,1.2018,1.2018,1.1842,1.188,3703278.58
2026-06-04T06:00:00+00:00,1.188,1.2003,1.1865,1.1892,2266967.57
2026-06-04T07:00:00+00:00,1.1892,1.1903,1.1675,1.168,4124758.45
2026-06-04T08:00:00+00:00,1.168,1.1724,1.1611,1.1678,3891559.34
2026-06-04T09:00:00+00:00,1.1678,1.1683,1.1451,1.1623,5588519.64
2026-06-04T10:00:00+00:00,1.1623,1.1626,1.1434,1.1484,5601901.88
2026-06-04T11:00:00+00:00,1.1484,1.1588,1.1416,1.1559,4584116.65
2026-06-04T12:00:00+00:00,1.1559,1.1825,1.1504,1.18,5999248.84
2026-06-04T13:00:00+00:00,1.18,1.1834,1.163,1.1795,5528649.1
2026-06-04T14:00:00+00:00,1.1795,1.183,1.168,1.173,3096413.17
2026-06-04T15:00:00+00:00,1.173,1.1827,1.166,1.1688,2664124.44
2026-06-04T16:00:00+00:00,1.1688,1.1737,1.1609,1.1702,2130527.19
2026-06-04T17:00:00+00:00,1.1702,1.1756,1.1597,1.1697,2783741.73
2026-06-04T18:00:00+00:00,1.1697,1.1833,1.1632,1.1795,2568059.21
2026-06-04T19:00:00+00:00,1.1795,1.1849,1.173,1.1752,1789618.44
2026-06-04T20:00:00+00:00,1.1752,1.1779,1.1667,1.176,1344220.7
2026-06-04T21:00:00+00:00,1.176,1.179,1.1561,1.1589,2068088.79
2026-06-04T22:00:00+00:00,1.1589,1.1703,1.1546,1.1695,3578006.92
2026-06-04T23:00:00+00:00,1.1695,1.1723,1.1585,1.1687,1603517.12
2026-06-05T00:00:00+00:00,1.1687,1.1749,1.1608,1.1615,2103753.02
2026-06-05T01:00:00+00:00,1.1615,1.162,1.1511,1.1579,3147541.84
2026-06-05T02:00:00+00:00,1.1579,1.1582,1.1349,1.1352,3761692.33
2026-06-05T03:00:00+00:00,1.1352,1.1478,1.133,1.1347,3817670.83
2026-06-05T04:00:00+00:00,1.1347,1.1491,1.1307,1.1477,7131142.26
2026-06-05T05:00:00+00:00,1.1477,1.149,1.1202,1.1206,6001270.41
2026-06-05T06:00:00+00:00,1.1206,1.1266,1.0917,1.1189,16623426.33
2026-06-05T07:00:00+00:00,1.1189,1.1385,1.105,1.1362,9067802.94
2026-06-05T08:00:00+00:00,1.1362,1.1364,1.1169,1.1194,3135619.81
2026-06-05T09:00:00+00:00,1.1194,1.1463,1.119,1.1403,6325934.3
2026-06-05T10:00:00+00:00,1.1403,1.147,1.1309,1.1364,3361913.77
2026-06-05T11:00:00+00:00,1.1364,1.1364,1.1184,1.1191,5083710.14
2026-06-05T12:00:00+00:00,1.1191,1.1261,1.1101,1.1198,6305921.24
2026-06-05T13:00:00+00:00,1.1198,1.1379,1.1014,1.1025,10119766.75
2026-06-05T14:00:00+00:00,1.1025,1.1185,1.0976,1.1069,11197675.8
2026-06-05T15:00:00+00:00,1.1069,1.1098,1.0924,1.1001,12609670.19
2026-06-05T16:00:00+00:00,1.1001,1.1238,1.0846,1.1205,16728111.8
2026-06-05T17:00:00+00:00,1.1205,1.1223,1.1002,1.109,5200853.58
2026-06-05T18:00:00+00:00,1.109,1.1138,1.0807,1.0836,7595923.94
2026-06-05T19:00:00+00:00,1.0836,1.1045,1.0695,1.0992,9316840.88
2026-06-05T20:00:00+00:00,1.0992,1.1184,1.0858,1.1156,5855268.02
2026-06-05T21:00:00+00:00,1.1156,1.1203,1.1114,1.1117,3229337.14
2026-06-05T22:00:00+00:00,1.1117,1.1117,1.0976,1.1059,3870036.22
2026-06-05T23:00:00+00:00,1.1059,1.1167,1.0873,1.0978,5401586.99
2026-06-06T00:00:00+00:00,1.0978,1.1132,1.0977,1.111,2715216.37
2026-06-06T01:00:00+00:00,1.111,1.1144,1.1002,1.1014,1756253.45
2026-06-06T02:00:00+00:00,1.1014,1.1033,1.0918,1.0962,2046635.61
2026-06-06T03:00:00+00:00,1.0962,1.0962,1.0839,1.0858,3264063.93
2026-06-06T04:00:00+00:00,1.0858,1.0907,1.0517,1.0579,9733909.36
2026-06-06T05:00:00+00:00,1.0579,1.0912,1.05,1.0896,8423452.22
2026-06-06T06:00:00+00:00,1.0896,1.101,1.0807,1.0828,7091809.34
2026-06-06T07:00:00+00:00,1.0828,1.0984,1.0814,1.0922,3959117.51
2026-06-06T08:00:00+00:00,1.0922,1.1042,1.0898,1.0989,2891211.45
2026-06-06T09:00:00+00:00,1.0989,1.1032,1.0882,1.0914,2492143.93
2026-06-06T10:00:00+00:00,1.0914,1.0916,1.0724,1.0804,4994277.34
2026-06-06T11:00:00+00:00,1.0804,1.0894,1.0796,1.0874,1869432.39
2026-06-06T12:00:00+00:00,1.0874,1.0987,1.0806,1.0956,3068286.49
2026-06-06T13:00:00+00:00,1.0956,1.1026,1.0919,1.0982,2339523.87
2026-06-06T14:00:00+00:00,1.0982,1.1099,1.0976,1.1033,3036847.34
2026-06-06T15:00:00+00:00,1.1033,1.104,1.0862,1.096,3999221.12
2026-06-06T16:00:00+00:00,1.096,1.1018,1.0875,1.0954,3761364.25
2026-06-06T17:00:00+00:00,1.0954,1.0978,1.08,1.0827,3826847.35
2026-06-06T18:00:00+00:00,1.0827,1.088,1.079,1.0848,2220572.88
2026-06-06T19:00:00+00:00,1.0848,1.0899,1.0806,1.0808,1421302.89
2026-06-06T20:00:00+00:00,1.0808,1.0859,1.0778,1.0847,1895445.07
2026-06-06T21:00:00+00:00,1.0847,1.0938,1.0847,1.0879,1591680.24
2026-06-06T22:00:00+00:00,1.0879,1.0897,1.0813,1.0862,1203962.04
2026-06-06T23:00:00+00:00,1.0862,1.0953,1.0859,1.0936,908641.35
2026-06-07T00:00:00+00:00,1.0936,1.0975,1.0891,1.0891,908359.74
2026-06-07T01:00:00+00:00,1.0891,1.1202,1.0885,1.1162,4024268.51
2026-06-07T02:00:00+00:00,1.1162,1.1238,1.1068,1.1192,2288861.57
2026-06-07T03:00:00+00:00,1.1192,1.1248,1.1149,1.1186,1753985.92
2026-06-07T04:00:00+00:00,1.1186,1.1223,1.1103,1.1214,1633544.58
2026-06-07T05:00:00+00:00,1.1214,1.1266,1.119,1.1199,2527813.39
2026-06-07T06:00:00+00:00,1.1199,1.1295,1.1161,1.1257,2403311.33
2026-06-07T07:00:00+00:00,1.1257,1.1374,1.1228,1.1371,2740574.44
2026-06-07T08:00:00+00:00,1.1371,1.1571,1.1303,1.1558,6475199.7
2026-06-07T09:00:00+00:00,1.1558,1.1703,1.1455,1.1465,7660052.08
2026-06-07T10:00:00+00:00,1.1465,1.1474,1.1326,1.1355,2477831.17
2026-06-07T11:00:00+00:00,1.1355,1.1409,1.1329,1.1401,1405835.03
2026-06-07T12:00:00+00:00,1.1401,1.1407,1.1181,1.1239,6175470.77
2026-06-07T13:00:00+00:00,1.1239,1.125,1.1206,1.1225,1499527.76
2026-06-07T14:00:00+00:00,1.1225,1.1373,1.1223,1.1333,2007838.98
2026-06-07T15:00:00+00:00,1.1333,1.137,1.1285,1.134,1275711.75
2026-06-07T16:00:00+00:00,1.134,1.1394,1.1304,1.138,1454564.75
2026-06-07T17:00:00+00:00,1.138,1.1461,1.1363,1.1444,2071243.82
2026-06-07T18:00:00+00:00,1.1444,1.1514,1.1408,1.1413,1914826.8
2026-06-07T19:00:00+00:00,1.1413,1.1415,1.1203,1.1249,6230956.79
2026-06-07T20:00:00+00:00,1.1249,1.1366,1.1218,1.1323,1857780.34
2026-06-07T21:00:00+00:00,1.1323,1.1342,1.1248,1.1302,1555922.04
2026-06-07T22:00:00+00:00,1.1302,1.1719,1.1281,1.1536,10565266.56
2026-06-07T23:00:00+00:00,1.1536,1.1607,1.1505,1.1556,3377322.33
2026-06-08T00:00:00+00:00,1.1556,1.1679,1.1487,1.1631,4873230.05
2026-06-08T01:00:00+00:00,1.1631,1.1657,1.1423,1.1574,4335537.18
2026-06-08T02:00:00+00:00,1.1574,1.162,1.1524,1.1565,3688081.08
2026-06-08T03:00:00+00:00,1.1565,1.1614,1.149,1.1518,2892406.71
2026-06-08T04:00:00+00:00,1.1518,1.1528,1.1393,1.1399,3561822.46
2026-06-08T05:00:00+00:00,1.1399,1.1435,1.1318,1.1365,3565780.51
2026-06-08T06:00:00+00:00,1.1365,1.1435,1.1362,1.141,1911315.7
2026-06-08T07:00:00+00:00,1.141,1.151,1.1378,1.1479,2227502.72
2026-06-08T08:00:00+00:00,1.1479,1.1479,1.1359,1.1397,1934843.85
2026-06-08T09:00:00+00:00,1.1397,1.1502,1.1397,1.1502,2241315.05
2026-06-08T10:00:00+00:00,1.1502,1.1528,1.1431,1.1451,2266617.56
2026-06-08T11:00:00+00:00,1.1451,1.1656,1.1432,1.1579,4127839.46
2026-06-08T12:00:00+00:00,1.1579,1.1704,1.1462,1.1698,5737240.31
2026-06-08T13:00:00+00:00,1.1698,1.1708,1.1558,1.1625,6304744.9
2026-06-08T14:00:00+00:00,1.1625,1.1754,1.1569,1.1729,3889090.19
2026-06-08T15:00:00+00:00,1.1729,1.1849,1.1691,1.171,3298467.53
2026-06-08T16:00:00+00:00,1.171,1.1774,1.1641,1.165,2882232.5
2026-06-08T17:00:00+00:00,1.165,1.1728,1.1579,1.1727,2572975.38
2026-06-08T18:00:00+00:00,1.1727,1.1799,1.1715,1.1746,1646785.95
2026-06-08T19:00:00+00:00,1.1746,1.1864,1.1735,1.1791,2423369.74
2026-06-08T20:00:00+00:00,1.1791,1.1817,1.1689,1.1774,2252569.57
2026-06-08T21:00:00+00:00,1.1774,1.1864,1.1774,1.1808,1765225.24
2026-06-08T22:00:00+00:00,1.1808,1.1808,1.1718,1.1777,1570111.38
2026-06-08T23:00:00+00:00,1.1777,1.1817,1.1664,1.1681,1184065.1
2026-06-09T00:00:00+00:00,1.1681,1.1714,1.1517,1.1527,4150787.1
2026-06-09T01:00:00+00:00,1.1527,1.1573,1.1495,1.1511,2863166.57
2026-06-09T02:00:00+00:00,1.1511,1.1547,1.1432,1.1526,1982480.41
2026-06-09T03:00:00+00:00,1.1526,1.1563,1.1507,1.1549,1641622.26
2026-06-09T04:00:00+00:00,1.1549,1.1729,1.1508,1.1665,6146794.03
2026-06-09T05:00:00+00:00,1.1665,1.1765,1.1623,1.1729,2039654.33
2026-06-09T06:00:00+00:00,1.1729,1.177,1.1711,1.1728,2661430.18
2026-06-09T07:00:00+00:00,1.1728,1.1765,1.1665,1.1713,2586655.28
2026-06-09T08:00:00+00:00,1.1713,1.1723,1.1646,1.1674,2040317.38
2026-06-09T09:00:00+00:00,1.1674,1.1703,1.1587,1.1597,2243000.34
2026-06-09T10:00:00+00:00,1.1597,1.1611,1.1551,1.1592,2737621.28
2026-06-09T11:00:00+00:00,1.1592,1.1595,1.1527,1.1556,1866624.73
2026-06-09T12:00:00+00:00,1.1556,1.1642,1.1548,1.1631,2290541.35
2026-06-09T13:00:00+00:00,1.1631,1.1668,1.1542,1.1577,3002764.61
2026-06-09T14:00:00+00:00,1.1577,1.1603,1.1309,1.1375,6310941.33
2026-06-09T15:00:00+00:00,1.1375,1.1424,1.1269,1.1277,3942111.18
2026-06-09T16:00:00+00:00,1.1277,1.1318,1.1188,1.128,3215846.8
2026-06-09T17:00:00+00:00,1.128,1.1472,1.128,1.1382,2834680.9
2026-06-09T18:00:00+00:00,1.1382,1.1462,1.1359,1.139,1258708.53
2026-06-09T19:00:00+00:00,1.139,1.1453,1.1361,1.1403,1940746.46
2026-06-09T20:00:00+00:00,1.1403,1.1461,1.1388,1.1439,1086307.94
2026-06-09T21:00:00+00:00,1.1439,1.1444,1.1349,1.137,994829.89
2026-06-09T22:00:00+00:00,1.137,1.1414,1.134,1.1355,855533.07
2026-06-09T23:00:00+00:00,1.1355,1.1394,1.1339,1.1375,933656.82
2026-06-10T00:00:00+00:00,1.1375,1.1412,1.1271,1.1375,2029708.1
2026-06-10T01:00:00+00:00,1.1375,1.1376,1.1276,1.1296,2008767.74
2026-06-10T02:00:00+00:00,1.1296,1.1312,1.1154,1.1174,3187705.77
2026-06-10T03:00:00+00:00,1.1174,1.124,1.1167,1.1192,1575566.49
2026-06-10T04:00:00+00:00,1.1192,1.1225,1.1134,1.1162,1358111.47
2026-06-10T05:00:00+00:00,1.1162,1.1177,1.1096,1.1121,2033625.7
2026-06-10T06:00:00+00:00,1.1121,1.1149,1.1067,1.1118,1743417.67
2026-06-10T07:00:00+00:00,1.1118,1.12,1.1118,1.1167,1377182.27
2026-06-10T08:00:00+00:00,1.1167,1.117,1.1056,1.1077,2566411.2
2026-06-10T09:00:00+00:00,1.1077,1.1106,1.1007,1.1099,2112998.43
2026-06-10T10:00:00+00:00,1.1099,1.1116,1.1055,1.1111,1319935.17
2026-06-10T11:00:00+00:00,1.1111,1.1115,1.1016,1.1043,4098777.0
2026-06-10T12:00:00+00:00,1.1043,1.1251,1.1018,1.1179,6558480.35
2026-06-10T13:00:00+00:00,1.1179,1.1378,1.116,1.1302,6622167.59
2026-06-10T14:00:00+00:00,1.1302,1.1306,1.1178,1.1246,5630204.89
2026-06-10T15:00:00+00:00,1.1246,1.1335,1.1184,1.1284,5656482.87
2026-06-10T16:00:00+00:00,1.1284,1.1303,1.108,1.1142,4659553.91
2026-06-10T17:00:00+00:00,1.1142,1.1186,1.1037,1.11,4128458.26
2026-06-10T18:00:00+00:00,1.11,1.1114,1.099,1.1072,3683629.9
2026-06-10T19:00:00+00:00,1.1072,1.1075,1.0956,1.0982,3691113.15
2026-06-10T20:00:00+00:00,1.0982,1.104,1.0941,1.0993,2477126.18
2026-06-10T21:00:00+00:00,1.0993,1.1,1.0882,1.0928,2140594.57
2026-06-10T22:00:00+00:00,1.0928,1.1,1.0903,1.0949,2882396.89
2026-06-10T23:00:00+00:00,1.0949,1.0996,1.0895,1.0971,2794840.51
2026-06-11T00:00:00+00:00,1.0971,1.1043,1.0965,1.102,2200117.47
2026-06-11T01:00:00+00:00,1.102,1.1201,1.102,1.1159,4086947.71
2026-06-11T02:00:00+00:00,1.1159,1.118,1.1051,1.1095,2126289.01
2026-06-11T03:00:00+00:00,1.1095,1.124,1.106,1.12,3055417.42
2026-06-11T04:00:00+00:00,1.12,1.1215,1.1148,1.1201,1733229.27
2026-06-11T05:00:00+00:00,1.1201,1.1201,1.1145,1.1147,961042.01
2026-06-11T06:00:00+00:00,1.1147,1.1211,1.1121,1.115,1534059.37
2026-06-11T07:00:00+00:00,1.115,1.1176,1.112,1.1153,790502.43
2026-06-11T08:00:00+00:00,1.1153,1.1239,1.1153,1.1212,1268343.36
2026-06-11T09:00:00+00:00,1.1212,1.122,1.1167,1.1173,1120589.95
2026-06-11T10:00:00+00:00,1.1173,1.1256,1.1148,1.1219,3907347.8
2026-06-11T11:00:00+00:00,1.1219,1.1259,1.1189,1.1225,2250372.99
2026-06-11T12:00:00+00:00,1.1225,1.1225,1.1086,1.114,4156284.87
2026-06-11T13:00:00+00:00,1.114,1.1205,1.1081,1.1168,3209952.46
2026-06-11T14:00:00+00:00,1.1168,1.1188,1.1107,1.113,2413387.84
2026-06-11T15:00:00+00:00,1.113,1.1183,1.1071,1.1129,3813616.17
2026-06-11T16:00:00+00:00,1.1129,1.1157,1.1062,1.108,2483105.43
2026-06-11T17:00:00+00:00,1.108,1.1436,1.1044,1.1396,7861065.77
2026-06-11T18:00:00+00:00,1.1396,1.1463,1.1341,1.1381,3954243.44
2026-06-11T19:00:00+00:00,1.1381,1.1502,1.1343,1.1433,4062722.63
2026-06-11T20:00:00+00:00,1.1433,1.1443,1.1323,1.1361,2664167.65
2026-06-11T21:00:00+00:00,1.1361,1.1435,1.1355,1.1414,1287309.0
2026-06-11T22:00:00+00:00,1.1414,1.1471,1.14,1.1434,2034223.14
2026-06-11T23:00:00+00:00,1.1434,1.1445,1.139,1.1428,1636986.29
2026-06-12T00:00:00+00:00,1.1428,1.1451,1.1391,1.1423,1455601.39
2026-06-12T01:00:00+00:00,1.1423,1.1423,1.1357,1.1398,1399487.98
2026-06-12T02:00:00+00:00,1.1398,1.1502,1.1398,1.146,1966822.76
2026-06-12T03:00:00+00:00,1.146,1.1482,1.1408,1.1441,2286883.83
2026-06-12T04:00:00+00:00,1.1441,1.1511,1.1422,1.1466,2467962.5
2026-06-12T05:00:00+00:00,1.1466,1.1468,1.139,1.1399,1967684.2
2026-06-12T06:00:00+00:00,1.1399,1.1416,1.1278,1.13,2438741.72
2026-06-12T07:00:00+00:00,1.13,1.1366,1.13,1.1335,1981334.47
2026-06-12T08:00:00+00:00,1.1335,1.145,1.1335,1.1426,1575954.75
2026-06-12T09:00:00+00:00,1.1426,1.1518,1.1394,1.1467,2337144.75
2026-06-12T10:00:00+00:00,1.1467,1.1489,1.1403,1.1435,2343519.06
2026-06-12T11:00:00+00:00,1.1435,1.1451,1.1407,1.1413,1630214.85
2026-06-12T12:00:00+00:00,1.1413,1.1423,1.1346,1.1358,1386889.49
2026-06-12T13:00:00+00:00,1.1358,1.1372,1.1257,1.1303,3702754.05
2026-06-12T14:00:00+00:00,1.1303,1.151,1.1289,1.1486,6807815.74
2026-06-12T15:00:00+00:00,1.1486,1.1576,1.1273,1.1287,6677829.83
2026-06-12T16:00:00+00:00,1.1287,1.1368,1.1261,1.1357,4646797.04
2026-06-12T17:00:00+00:00,1.1357,1.1392,1.1302,1.1323,1701399.41
2026-06-12T18:00:00+00:00,1.1323,1.1349,1.1277,1.1303,1813354.53
2026-06-12T19:00:00+00:00,1.1303,1.1368,1.13,1.1314,1664269.18
2026-06-12T20:00:00+00:00,1.1314,1.135,1.13,1.1329,1419975.85
2026-06-12T21:00:00+00:00,1.1329,1.1353,1.1297,1.1299,840471.98
2026-06-12T22:00:00+00:00,1.1299,1.1323,1.1284,1.131,898239.02
2026-06-12T23:00:00+00:00,1.131,1.1331,1.1286,1.1325,795299.61
2026-06-13T00:00:00+00:00,1.1325,1.1357,1.1315,1.1347,908188.82
2026-06-13T01:00:00+00:00,1.1347,1.1409,1.1346,1.1399,1165972.36
2026-06-13T02:00:00+00:00,1.1399,1.1399,1.1331,1.1345,406183.63
2026-06-13T03:00:00+00:00,1.1345,1.1368,1.1308,1.1337,440802.62
2026-06-13T04:00:00+00:00,1.1337,1.1367,1.133,1.1334,332334.12
2026-06-13T05:00:00+00:00,1.1334,1.134,1.1295,1.1323,660700.44
2026-06-13T06:00:00+00:00,1.1323,1.1385,1.1311,1.1373,746090.92
2026-06-13T07:00:00+00:00,1.1373,1.1448,1.1351,1.1416,2355665.4
2026-06-13T08:00:00+00:00,1.1416,1.147,1.1405,1.1433,1329750.44
2026-06-13T09:00:00+00:00,1.1433,1.1453,1.142,1.1431,555266.3
2026-06-13T10:00:00+00:00,1.1431,1.1464,1.1425,1.1447,655594.24
2026-06-13T11:00:00+00:00,1.1447,1.1497,1.1444,1.1486,646751.93
2026-06-13T12:00:00+00:00,1.1486,1.1561,1.1471,1.1541,921308.48
2026-06-13T13:00:00+00:00,1.1541,1.1548,1.1502,1.1514,1083622.36
2026-06-13T14:00:00+00:00,1.1514,1.1575,1.1513,1.1553,877913.32
2026-06-13T15:00:00+00:00,1.1553,1.1609,1.1525,1.1566,956174.84
2026-06-13T16:00:00+00:00,1.1566,1.1568,1.144,1.1472,1987987.19
2026-06-13T17:00:00+00:00,1.1472,1.1492,1.1428,1.1443,817320.38
2026-06-13T18:00:00+00:00,1.1443,1.1481,1.1438,1.1462,533992.63
2026-06-13T19:00:00+00:00,1.1462,1.1489,1.1446,1.1477,495706.72
2026-06-13T20:00:00+00:00,1.1477,1.1477,1.1452,1.1469,245301.4
2026-06-13T21:00:00+00:00,1.1469,1.1563,1.145,1.1527,1314802.66
2026-06-13T22:00:00+00:00,1.1527,1.1531,1.1494,1.1501,539673.0
2026-06-13T23:00:00+00:00,1.1501,1.1529,1.149,1.1506,343465.39
2026-06-14T00:00:00+00:00,1.1506,1.1509,1.1484,1.1493,474659.65
2026-06-14T01:00:00+00:00,1.1493,1.1565,1.1487,1.1519,635438.74
2026-06-14T02:00:00+00:00,1.1519,1.1556,1.1511,1.1519,520163.78
2026-06-14T03:00:00+00:00,1.1519,1.1544,1.1508,1.1537,672877.26
2026-06-14T04:00:00+00:00,1.1537,1.1542,1.1466,1.1482,489170.63
2026-06-14T05:00:00+00:00,1.1482,1.1505,1.1444,1.148,597816.56
2026-06-14T06:00:00+00:00,1.148,1.1533,1.1456,1.1464,942852.59
2026-06-14T07:00:00+00:00,1.1464,1.1466,1.1426,1.1462,985803.29
2026-06-14T08:00:00+00:00,1.1462,1.148,1.1444,1.1453,643202.64
2026-06-14T09:00:00+00:00,1.1453,1.1489,1.141,1.1484,830079.19
2026-06-14T10:00:00+00:00,1.1484,1.1488,1.143,1.143,474355.76
2026-06-14T11:00:00+00:00,1.143,1.1457,1.1417,1.144,417522.23
2026-06-14T12:00:00+00:00,1.144,1.1442,1.1372,1.1377,660193.05
2026-06-14T13:00:00+00:00,1.1377,1.1396,1.1334,1.135,887352.29
2026-06-14T14:00:00+00:00,1.135,1.1369,1.1268,1.1318,1129828.63
2026-06-14T15:00:00+00:00,1.1318,1.1359,1.1318,1.135,903887.18
2026-06-14T16:00:00+00:00,1.135,1.1391,1.1345,1.1367,1003878.36
2026-06-14T17:00:00+00:00,1.1367,1.1389,1.1325,1.1332,925957.98
2026-06-14T18:00:00+00:00,1.1332,1.1355,1.1306,1.1325,482424.38
2026-06-14T19:00:00+00:00,1.1325,1.1353,1.1307,1.1329,389738.21
2026-06-14T20:00:00+00:00,1.1329,1.14,1.1317,1.138,845183.11
2026-06-14T21:00:00+00:00,1.138,1.1759,1.138,1.1681,3512989.4
2026-06-14T22:00:00+00:00,1.1681,1.1777,1.1628,1.1737,3619905.97
2026-06-14T23:00:00+00:00,1.1737,1.1878,1.1687,1.186,3356464.19
2026-06-15T00:00:00+00:00,1.186,1.1886,1.181,1.1847,2247493.78
2026-06-15T01:00:00+00:00,1.1847,1.1919,1.1779,1.1826,2241994.77
2026-06-15T02:00:00+00:00,1.1826,1.1936,1.1804,1.1826,1696389.33
2026-06-15T03:00:00+00:00,1.1826,1.1912,1.1813,1.1871,1163418.57
2026-06-15T04:00:00+00:00,1.1871,1.1885,1.1826,1.1839,695970.58
2026-06-15T05:00:00+00:00,1.1839,1.1882,1.1811,1.1842,1664029.52
2026-06-15T06:00:00+00:00,1.1842,1.1871,1.1817,1.1828,839623.61
2026-06-15T07:00:00+00:00,1.1828,1.1869,1.1801,1.1813,942522.69
2026-06-15T08:00:00+00:00,1.1813,1.1836,1.1791,1.1811,750370.21
2026-06-15T09:00:00+00:00,1.1811,1.1874,1.179,1.1854,1424251.71
2026-06-15T10:00:00+00:00,1.1854,1.1998,1.1842,1.1995,2419247.97
2026-06-15T11:00:00+00:00,1.1995,1.2332,1.1957,1.2325,7177579.0
2026-06-15T12:00:00+00:00,1.2325,1.2486,1.2266,1.2391,4703516.53
2026-06-15T13:00:00+00:00,1.2391,1.2497,1.234,1.2398,4172727.79
2026-06-15T14:00:00+00:00,1.2398,1.2475,1.2344,1.2445,2077548.67
2026-06-15T15:00:00+00:00,1.2445,1.2705,1.2442,1.2688,4636914.89
2026-06-15T16:00:00+00:00,1.2688,1.2933,1.258,1.2799,5069139.5
2026-06-15T17:00:00+00:00,1.2799,1.2875,1.2693,1.282,2723594.03
2026-06-15T18:00:00+00:00,1.282,1.2887,1.2742,1.2816,1919630.23
2026-06-15T19:00:00+00:00,1.2816,1.2916,1.2667,1.2757,3065040.66
2026-06-15T20:00:00+00:00,1.2757,1.2785,1.2629,1.264,1352682.91
2026-06-15T21:00:00+00:00,1.264,1.2649,1.2487,1.25,1298289.64
2026-06-15T22:00:00+00:00,1.25,1.2554,1.2379,1.2401,2311152.42
2026-06-15T23:00:00+00:00,1.2401,1.2424,1.2329,1.2381,1287929.87
2026-06-16T00:00:00+00:00,1.2381,1.2431,1.233,1.2347,1191466.88
2026-06-16T01:00:00+00:00,1.2347,1.2384,1.2281,1.2286,752841.78
2026-06-16T02:00:00+00:00,1.2286,1.2291,1.2142,1.2177,1438002.62
2026-06-16T03:00:00+00:00,1.2177,1.2278,1.2164,1.2273,968724.73
2026-06-16T04:00:00+00:00,1.2273,1.2306,1.221,1.2226,815536.48
2026-06-16T05:00:00+00:00,1.2226,1.2276,1.2225,1.2255,595444.47
2026-06-16T06:00:00+00:00,1.2255,1.2369,1.2255,1.2358,1770805.92
2026-06-16T07:00:00+00:00,1.2358,1.2389,1.2303,1.2354,924758.39
2026-06-16T08:00:00+00:00,1.2354,1.2524,1.2332,1.2481,1439409.89
2026-06-16T09:00:00+00:00,1.2481,1.2481,1.237,1.239,763044.45
2026-06-16T10:00:00+00:00,1.239,1.2434,1.237,1.2398,904842.65
2026-06-16T11:00:00+00:00,1.2398,1.2425,1.2338,1.2384,803743.29
2026-06-16T12:00:00+00:00,1.2384,1.2559,1.237,1.2448,2310777.73
2026-06-16T13:00:00+00:00,1.2448,1.2459,1.2247,1.2258,2292520.32
2026-06-16T14:00:00+00:00,1.2258,1.2304,1.2053,1.2095,2135930.22
2026-06-16T15:00:00+00:00,1.2095,1.2176,1.2072,1.2099,935363.46
2026-06-16T16:00:00+00:00,1.2099,1.2145,1.2086,1.213,639015.1
2026-06-16T17:00:00+00:00,1.213,1.2223,1.2118,1.221,828521.14
2026-06-16T18:00:00+00:00,1.221,1.2311,1.2209,1.2267,806949.58
2026-06-16T19:00:00+00:00,1.2267,1.2267,1.2174,1.2206,1188476.78
2026-06-16T20:00:00+00:00,1.2206,1.2245,1.2165,1.223,576709.45
2026-06-16T21:00:00+00:00,1.223,1.2259,1.2161,1.2198,801535.3
2026-06-16T22:00:00+00:00,1.2198,1.2221,1.217,1.2218,300971.39
2026-06-16T23:00:00+00:00,1.2218,1.2239,1.2164,1.2175,253851.94
2026-06-17T00:00:00+00:00,1.2175,1.22,1.2137,1.2152,1143107.47
2026-06-17T01:00:00+00:00,1.2152,1.2226,1.2083,1.2215,1037017.64
2026-06-17T02:00:00+00:00,1.2215,1.2282,1.2157,1.2196,810754.54
2026-06-17T03:00:00+00:00,1.2196,1.2196,1.2129,1.2161,568042.46
2026-06-17T04:00:00+00:00,1.2161,1.2216,1.2144,1.2174,448846.8
2026-06-17T05:00:00+00:00,1.2174,1.2228,1.2144,1.2185,322355.46
2026-06-17T06:00:00+00:00,1.2185,1.2206,1.21,1.2119,584509.81
2026-06-17T07:00:00+00:00,1.2119,1.2159,1.2054,1.2097,859578.85
2026-06-17T08:00:00+00:00,1.2097,1.2109,1.1949,1.1962,1422099.21
2026-06-17T09:00:00+00:00,1.1962,1.1992,1.1944,1.1978,554257.76
2026-06-17T10:00:00+00:00,1.1978,1.1987,1.1945,1.1958,609159.3
2026-06-17T11:00:00+00:00,1.1958,1.1975,1.1881,1.1928,1362803.74
2026-06-17T12:00:00+00:00,1.1928,1.1984,1.1892,1.1977,943357.14
2026-06-17T13:00:00+00:00,1.1977,1.2072,1.1966,1.201,1049223.43
2026-06-17T14:00:00+00:00,1.201,1.2041,1.1889,1.1951,1244297.83
2026-06-17T15:00:00+00:00,1.1951,1.2135,1.1933,1.2135,714347.98
2026-06-17T16:00:00+00:00,1.2135,1.2249,1.2118,1.2127,864660.36
2026-06-17T17:00:00+00:00,1.2127,1.2194,1.2087,1.2183,449943.73
2026-06-17T18:00:00+00:00,1.2183,1.2199,1.1933,1.2091,2783772.96
2026-06-17T19:00:00+00:00,1.2091,1.2129,1.1772,1.1808,2748337.62
2026-06-17T20:00:00+00:00,1.1808,1.1911,1.1786,1.1898,732634.22
2026-06-17T21:00:00+00:00,1.1898,1.1907,1.1791,1.182,556566.71
2026-06-17T22:00:00+00:00,1.182,1.1887,1.1716,1.184,698095.88
2026-06-17T23:00:00+00:00,1.184,1.1887,1.1839,1.1866,439339.57
2026-06-18T00:00:00+00:00,1.1866,1.1913,1.1864,1.1872,440633.17
2026-06-18T01:00:00+00:00,1.1872,1.1921,1.1854,1.1887,500189.4
2026-06-18T02:00:00+00:00,1.1887,1.1911,1.1886,1.1896,260528.34
2026-06-18T03:00:00+00:00,1.1896,1.1898,1.1782,1.1789,682129.08
2026-06-18T04:00:00+00:00,1.1789,1.1792,1.1674,1.1694,980870.78
2026-06-18T05:00:00+00:00,1.1694,1.1694,1.1629,1.1678,1097009.95
2026-06-18T06:00:00+00:00,1.1678,1.1715,1.164,1.1711,607354.62
2026-06-18T07:00:00+00:00,1.1711,1.1814,1.1686,1.1789,494679.79
2026-06-18T08:00:00+00:00,1.1789,1.1816,1.1769,1.1782,595398.88
2026-06-18T09:00:00+00:00,1.1782,1.1823,1.1764,1.1789,787472.61
2026-06-18T10:00:00+00:00,1.1789,1.1789,1.1674,1.1692,1280884.54
2026-06-18T11:00:00+00:00,1.1692,1.1711,1.1615,1.1646,1323031.57
2026-06-18T12:00:00+00:00,1.1646,1.1708,1.1634,1.1689,1673822.51
2026-06-18T13:00:00+00:00,1.1689,1.1724,1.1553,1.1609,2029029.97
2026-06-18T14:00:00+00:00,1.1609,1.1701,1.1556,1.1601,906659.1
2026-06-18T15:00:00+00:00,1.1601,1.1606,1.133,1.138,2887807.4
2026-06-18T16:00:00+00:00,1.138,1.1483,1.1374,1.1474,1242451.42
2026-06-18T17:00:00+00:00,1.1474,1.1489,1.1379,1.1433,1068054.23
2026-06-18T18:00:00+00:00,1.1433,1.1468,1.1367,1.1384,1377670.08
2026-06-18T19:00:00+00:00,1.1384,1.1465,1.1336,1.1438,893265.58
2026-06-18T20:00:00+00:00,1.1438,1.1548,1.1438,1.1525,1798680.85
2026-06-18T21:00:00+00:00,1.1525,1.1525,1.1425,1.1449,493648.18
2026-06-18T22:00:00+00:00,1.1449,1.1484,1.1422,1.1473,528893.77
2026-06-18T23:00:00+00:00,1.1473,1.1478,1.143,1.1466,242229.37
2026-06-19T00:00:00+00:00,1.1466,1.1502,1.1435,1.1489,509442.21
2026-06-19T01:00:00+00:00,1.1489,1.1522,1.1448,1.1513,491079.69
2026-06-19T02:00:00+00:00,1.1513,1.1531,1.1453,1.1486,317160.82
2026-06-19T03:00:00+00:00,1.1486,1.1502,1.1366,1.1391,1568292.44
2026-06-19T04:00:00+00:00,1.1391,1.1404,1.1254,1.1274,1175392.6
2026-06-19T05:00:00+00:00,1.1274,1.1336,1.1273,1.1334,623302.08
2026-06-19T06:00:00+00:00,1.1334,1.1361,1.1283,1.134,416122.06
2026-06-19T07:00:00+00:00,1.134,1.134,1.1211,1.1255,1260398.79
2026-06-19T08:00:00+00:00,1.1255,1.1311,1.1245,1.1267,1078347.84
2026-06-19T09:00:00+00:00,1.1267,1.1282,1.1222,1.1247,548441.51
2026-06-19T10:00:00+00:00,1.1247,1.1271,1.1211,1.1253,717771.73
2026-06-19T11:00:00+00:00,1.1253,1.129,1.1223,1.1271,899190.77
2026-06-19T12:00:00+00:00,1.1271,1.1323,1.1193,1.1314,2002489.74
2026-06-19T13:00:00+00:00,1.1314,1.1439,1.1292,1.1403,1158392.65
2026-06-19T14:00:00+00:00,1.1403,1.1416,1.1343,1.1366,777946.93
2026-06-19T15:00:00+00:00,1.1366,1.1385,1.1328,1.1371,735043.02
2026-06-19T16:00:00+00:00,1.1371,1.1391,1.1292,1.1303,560337.19
2026-06-19T17:00:00+00:00,1.1303,1.1389,1.1289,1.1362,560428.04
2026-06-19T18:00:00+00:00,1.1362,1.1362,1.1296,1.1328,481319.77
2026-06-19T19:00:00+00:00,1.1328,1.134,1.1286,1.1316,344009.45
2026-06-19T20:00:00+00:00,1.1316,1.1353,1.1276,1.1347,353357.74
2026-06-19T21:00:00+00:00,1.1347,1.1347,1.129,1.13,186619.14
2026-06-19T22:00:00+00:00,1.13,1.1359,1.1296,1.1342,317081.78
2026-06-19T23:00:00+00:00,1.1342,1.1385,1.1325,1.1358,1072111.67
2026-06-20T00:00:00+00:00,1.1358,1.1427,1.1353,1.1373,760865.02
2026-06-20T01:00:00+00:00,1.1373,1.1422,1.1365,1.1418,315227.6
2026-06-20T02:00:00+00:00,1.1418,1.142,1.1363,1.1391,257264.78
2026-06-20T03:00:00+00:00,1.1391,1.1407,1.1374,1.1399,226985.47
2026-06-20T04:00:00+00:00,1.1399,1.1455,1.139,1.1442,554697.68
2026-06-20T05:00:00+00:00,1.1442,1.1545,1.1429,1.1478,1168662.94
2026-06-20T06:00:00+00:00,1.1478,1.1512,1.1474,1.1497,439296.84
2026-06-20T07:00:00+00:00,1.1497,1.1501,1.1453,1.1471,458589.06
2026-06-20T08:00:00+00:00,1.1471,1.1477,1.1444,1.1469,286048.84
2026-06-20T09:00:00+00:00,1.1469,1.153,1.1467,1.1522,402000.5
2026-06-20T10:00:00+00:00,1.1522,1.1522,1.1475,1.1494,257729.72
2026-06-20T11:00:00+00:00,1.1494,1.15,1.1465,1.1473,255664.17
2026-06-20T12:00:00+00:00,1.1473,1.1496,1.1451,1.1461,339050.79
2026-06-20T13:00:00+00:00,1.1461,1.1471,1.1384,1.1411,918712.68
2026-06-20T14:00:00+00:00,1.1411,1.1518,1.1342,1.1467,1603458.26
2026-06-20T15:00:00+00:00,1.1467,1.1559,1.1446,1.1509,1534389.45
2026-06-20T16:00:00+00:00,1.1509,1.1509,1.1446,1.1493,1342625.46
2026-06-20T17:00:00+00:00,1.1493,1.1493,1.1392,1.1437,528021.02
2026-06-20T18:00:00+00:00,1.1437,1.1464,1.1416,1.1422,376621.17
2026-06-20T19:00:00+00:00,1.1422,1.1446,1.14,1.1441,222793.43
2026-06-20T20:00:00+00:00,1.1441,1.1467,1.1439,1.1456,194046.94
2026-06-20T21:00:00+00:00,1.1456,1.15,1.145,1.1478,296402.67
2026-06-20T22:00:00+00:00,1.1478,1.1557,1.147,1.1527,446963.22
2026-06-20T23:00:00+00:00,1.1527,1.1539,1.1498,1.1499,224179.16
2026-06-21T00:00:00+00:00,1.1499,1.1506,1.1485,1.1494,263904.01
2026-06-21T01:00:00+00:00,1.1494,1.15,1.147,1.1498,124559.41
2026-06-21T02:00:00+00:00,1.1498,1.15,1.147,1.1472,223322.92
2026-06-21T03:00:00+00:00,1.1472,1.1515,1.1461,1.1493,293917.71
2026-06-21T04:00:00+00:00,1.1493,1.1521,1.1449,1.1454,246278.35
2026-06-21T05:00:00+00:00,1.1454,1.1462,1.1431,1.1445,376017.02
2026-06-21T06:00:00+00:00,1.1445,1.1476,1.1441,1.1472,410389.11
2026-06-21T07:00:00+00:00,1.1472,1.1505,1.1462,1.1474,577671.04
2026-06-21T08:00:00+00:00,1.1474,1.148,1.1415,1.1447,380979.26
2026-06-21T09:00:00+00:00,1.1447,1.1505,1.1442,1.1492,493438.8
2026-06-21T10:00:00+00:00,1.1492,1.1534,1.1482,1.1484,557859.55
2026-06-21T11:00:00+00:00,1.1484,1.1504,1.1418,1.1427,511475.09
2026-06-21T12:00:00+00:00,1.1427,1.145,1.1399,1.1445,539628.44
2026-06-21T13:00:00+00:00,1.1445,1.1469,1.1417,1.145,434624.06
2026-06-21T14:00:00+00:00,1.145,1.1474,1.142,1.1474,217482.4
2026-06-21T15:00:00+00:00,1.1474,1.1517,1.1471,1.1497,464470.0
2026-06-21T16:00:00+00:00,1.1497,1.1497,1.1423,1.145,359208.52
2026-06-21T17:00:00+00:00,1.145,1.1472,1.1413,1.1428,287659.17
2026-06-21T18:00:00+00:00,1.1428,1.1466,1.139,1.1453,462092.98
2026-06-21T19:00:00+00:00,1.1453,1.1482,1.1448,1.1456,360201.1
2026-06-21T20:00:00+00:00,1.1456,1.1473,1.1366,1.1395,600918.14
2026-06-21T21:00:00+00:00,1.1395,1.1399,1.1216,1.1349,3250286.59
2026-06-21T22:00:00+00:00,1.1349,1.1371,1.1274,1.1319,894555.18
2026-06-21T23:00:00+00:00,1.1319,1.1319,1.1236,1.1247,853737.96
2026-06-22T00:00:00+00:00,1.1247,1.1408,1.1247,1.1392,831989.84
2026-06-22T01:00:00+00:00,1.1392,1.1523,1.1342,1.1454,1636234.42
2026-06-22T02:00:00+00:00,1.1454,1.1461,1.1364,1.1364,467924.01
2026-06-22T03:00:00+00:00,1.1364,1.1384,1.1285,1.1299,725880.31
2026-06-22T04:00:00+00:00,1.1299,1.1345,1.1293,1.1344,315787.87
2026-06-22T05:00:00+00:00,1.1344,1.1387,1.134,1.1355,399685.21
2026-06-22T06:00:00+00:00,1.1355,1.1379,1.1295,1.131,450281.91
2026-06-22T07:00:00+00:00,1.131,1.1401,1.1302,1.1375,1803312.21
2026-06-22T08:00:00+00:00,1.1375,1.1382,1.1323,1.1353,433253.73
2026-06-22T09:00:00+00:00,1.1353,1.1377,1.133,1.1348,373246.28
2026-06-22T10:00:00+00:00,1.1348,1.1392,1.1346,1.1373,493607.15
2026-06-22T11:00:00+00:00,1.1373,1.1502,1.1365,1.1479,1297842.16
2026-06-22T12:00:00+00:00,1.1479,1.1591,1.1463,1.1577,1197817.74
2026-06-22T13:00:00+00:00,1.1577,1.1638,1.1524,1.1633,1651956.48
2026-06-22T14:00:00+00:00,1.1633,1.1638,1.1405,1.143,1967290.29
2026-06-22T15:00:00+00:00,1.143,1.148,1.1378,1.1397,1625192.79
2026-06-22T16:00:00+00:00,1.1397,1.1432,1.1354,1.1388,983948.14
2026-06-22T17:00:00+00:00,1.1388,1.1404,1.1329,1.1395,502354.81
2026-06-22T18:00:00+00:00,1.1395,1.144,1.1321,1.1331,752496.76
2026-06-22T19:00:00+00:00,1.1331,1.1352,1.1299,1.1344,1182139.54
2026-06-22T20:00:00+00:00,1.1344,1.1374,1.1296,1.1319,542514.14
2026-06-22T21:00:00+00:00,1.1319,1.1331,1.1256,1.1313,902581.12
2026-06-22T22:00:00+00:00,1.1313,1.1342,1.1216,1.1272,1442184.92
2026-06-22T23:00:00+00:00,1.1272,1.1307,1.1264,1.1296,306376.87
2026-06-23T00:00:00+00:00,1.1296,1.1321,1.1266,1.1317,452849.85
2026-06-23T01:00:00+00:00,1.1317,1.1339,1.1225,1.129,535939.99
2026-06-23T02:00:00+00:00,1.129,1.1304,1.1253,1.1296,282662.51
2026-06-23T03:00:00+00:00,1.1296,1.1297,1.1259,1.1273,338253.78
2026-06-23T04:00:00+00:00,1.1273,1.128,1.1166,1.1175,1172097.46
2026-06-23T05:00:00+00:00,1.1175,1.1193,1.1136,1.1157,967997.25
2026-06-23T06:00:00+00:00,1.1157,1.1162,1.1072,1.1131,2337871.48
2026-06-23T07:00:00+00:00,1.1131,1.1172,1.1127,1.1127,491958.17
2026-06-23T08:00:00+00:00,1.1127,1.1153,1.0945,1.1003,2420846.36
2026-06-23T09:00:00+00:00,1.1003,1.1054,1.1003,1.1036,532934.06
2026-06-23T10:00:00+00:00,1.1036,1.1075,1.1013,1.1043,437339.28
2026-06-23T11:00:00+00:00,1.1043,1.1104,1.1041,1.1093,875542.32
2026-06-23T12:00:00+00:00,1.1093,1.1095,1.0997,1.1013,651855.9
2026-06-23T13:00:00+00:00,1.1013,1.1062,1.0963,1.1024,1521084.77
2026-06-23T14:00:00+00:00,1.1024,1.1084,1.1005,1.1015,1199834.56
2026-06-23T15:00:00+00:00,1.1015,1.1015,1.092,1.0991,1339898.56
2026-06-23T16:00:00+00:00,1.0991,1.1042,1.0972,1.1014,709465.45
2026-06-23T17:00:00+00:00,1.1014,1.1048,1.0964,1.098,282878.66
2026-06-23T18:00:00+00:00,1.098,1.1015,1.0958,1.0985,339347.71
2026-06-23T19:00:00+00:00,1.0985,1.1049,1.0971,1.102,537221.06
2026-06-23T20:00:00+00:00,1.102,1.1054,1.102,1.1043,381623.97
2026-06-23T21:00:00+00:00,1.1043,1.1068,1.1034,1.1048,376289.3
2026-06-23T22:00:00+00:00,1.1048,1.1124,1.1045,1.109,959549.22
2026-06-23T23:00:00+00:00,1.109,1.1119,1.1058,1.1102,195447.13
2026-06-24T00:00:00+00:00,1.1102,1.1129,1.1088,1.1111,826610.12
2026-06-24T01:00:00+00:00,1.1111,1.1137,1.1073,1.1089,416829.23
2026-06-24T02:00:00+00:00,1.1089,1.1096,1.105,1.1055,601956.52
2026-06-24T03:00:00+00:00,1.1055,1.1061,1.0992,1.1039,527410.1
2026-06-24T04:00:00+00:00,1.1039,1.1042,1.0948,1.1018,633736.36
2026-06-24T05:00:00+00:00,1.1018,1.1067,1.1012,1.1053,318099.8
2026-06-24T06:00:00+00:00,1.1053,1.1068,1.1025,1.1025,220456.43
2026-06-24T07:00:00+00:00,1.1025,1.103,1.0973,1.0988,340949.14
2026-06-24T08:00:00+00:00,1.0988,1.1036,1.0978,1.1024,346516.3
2026-06-24T09:00:00+00:00,1.1024,1.1024,1.0972,1.0992,322255.49
2026-06-24T10:00:00+00:00,1.0992,1.0992,1.0842,1.0866,1989712.19
2026-06-24T11:00:00+00:00,1.0866,1.1025,1.082,1.0957,1212004.59
2026-06-24T12:00:00+00:00,1.0957,1.0957,1.0901,1.0902,1076932.52
2026-06-24T13:00:00+00:00,1.0902,1.0909,1.0752,1.076,2958737.79
2026-06-24T14:00:00+00:00,1.076,1.0824,1.0733,1.0755,1831725.6
2026-06-24T15:00:00+00:00,1.0755,1.0755,1.0565,1.0582,1994764.45
2026-06-24T16:00:00+00:00,1.0582,1.0675,1.0515,1.0568,2546815.35
2026-06-24T17:00:00+00:00,1.0568,1.061,1.0463,1.0512,2301078.87
2026-06-24T18:00:00+00:00,1.0512,1.0705,1.0494,1.0601,1410755.14
2026-06-24T19:00:00+00:00,1.0601,1.062,1.0528,1.0574,2223232.58
2026-06-24T20:00:00+00:00,1.0574,1.0782,1.0544,1.0745,2280791.97
2026-06-24T21:00:00+00:00,1.0745,1.0773,1.067,1.0766,978375.51
2026-06-24T22:00:00+00:00,1.0766,1.0808,1.0701,1.071,530508.46
2026-06-24T23:00:00+00:00,1.071,1.0765,1.0699,1.0736,559614.52
2026-06-25T00:00:00+00:00,1.0736,1.0772,1.0723,1.0741,729188.91
2026-06-25T01:00:00+00:00,1.0741,1.0779,1.0728,1.0754,620768.09
2026-06-25T02:00:00+00:00,1.0754,1.0772,1.0694,1.0715,527028.17
2026-06-25T03:00:00+00:00,1.0715,1.0736,1.0687,1.072,427947.95
2026-06-25T04:00:00+00:00,1.072,1.0822,1.07,1.0801,1038400.33
2026-06-25T05:00:00+00:00,1.0801,1.0883,1.0787,1.0845,1241715.8
2026-06-25T06:00:00+00:00,1.0845,1.0896,1.0836,1.0881,1513158.86
2026-06-25T07:00:00+00:00,1.0881,1.0884,1.0846,1.087,633811.44
2026-06-25T08:00:00+00:00,1.087,1.087,1.0823,1.0829,346753.3
2026-06-25T09:00:00+00:00,1.0829,1.0838,1.0802,1.0814,339750.08
2026-06-25T10:00:00+00:00,1.0814,1.082,1.0731,1.0738,867029.33
2026-06-25T11:00:00+00:00,1.0738,1.0744,1.068,1.0721,654525.13
2026-06-25T12:00:00+00:00,1.0721,1.0802,1.0672,1.0749,1389598.1
2026-06-25T13:00:00+00:00,1.0749,1.0765,1.012,1.0153,9046145.21
2026-06-25T14:00:00+00:00,1.0153,1.0491,1.0153,1.0334,10297870.91
2026-06-25T15:00:00+00:00,1.0334,1.0375,1.0234,1.0348,2873530.7
2026-06-25T16:00:00+00:00,1.0348,1.0446,1.0264,1.0306,2478764.9
2026-06-25T17:00:00+00:00,1.0306,1.0461,1.0293,1.0461,1718611.14
2026-06-25T18:00:00+00:00,1.0461,1.0477,1.0335,1.0346,2150970.79
2026-06-25T19:00:00+00:00,1.0346,1.0349,1.0281,1.0344,1673489.46
2026-06-25T20:00:00+00:00,1.0344,1.0401,1.0314,1.0333,815809.97
2026-06-25T21:00:00+00:00,1.0333,1.0437,1.0328,1.0437,741969.63
2026-06-25T22:00:00+00:00,1.0437,1.0442,1.0386,1.0409,573821.14
2026-06-25T23:00:00+00:00,1.0409,1.0487,1.0374,1.0432,1064736.15
2026-06-26T00:00:00+00:00,1.0432,1.0463,1.0407,1.0412,625644.68
2026-06-26T01:00:00+00:00,1.0412,1.0425,1.0288,1.032,820567.98
2026-06-26T02:00:00+00:00,1.032,1.0323,1.0118,1.0146,3071018.04
2026-06-26T03:00:00+00:00,1.0146,1.0359,1.0091,1.0344,2434870.79
2026-06-26T04:00:00+00:00,1.0344,1.0355,1.0271,1.0281,826794.26
2026-06-26T05:00:00+00:00,1.0281,1.0354,1.0269,1.0334,626132.44
2026-06-26T06:00:00+00:00,1.0334,1.0459,1.0297,1.0445,1844757.74
2026-06-26T07:00:00+00:00,1.0445,1.0529,1.0442,1.0497,1572971.39
2026-06-26T08:00:00+00:00,1.0497,1.0509,1.0375,1.0394,1031215.85
2026-06-26T09:00:00+00:00,1.0394,1.0397,1.0288,1.0318,1589301.46
2026-06-26T10:00:00+00:00,1.0318,1.0341,1.0259,1.0274,694120.4
2026-06-26T11:00:00+00:00,1.0274,1.0313,1.0198,1.0226,1125672.38
2026-06-26T12:00:00+00:00,1.0226,1.0339,1.0165,1.0196,1821225.74
2026-06-26T13:00:00+00:00,1.0196,1.0394,1.0111,1.039,3748910.91
2026-06-26T14:00:00+00:00,1.039,1.0483,1.0349,1.037,5619833.32
2026-06-26T15:00:00+00:00,1.037,1.0493,1.0349,1.0451,3255958.89
2026-06-26T16:00:00+00:00,1.0451,1.0539,1.0395,1.0447,2096649.2
2026-06-26T17:00:00+00:00,1.0447,1.0511,1.0443,1.0476,875326.78
2026-06-26T18:00:00+00:00,1.0476,1.0501,1.0396,1.0408,626200.13
2026-06-26T19:00:00+00:00,1.0408,1.0538,1.0393,1.0478,1635752.04
2026-06-26T20:00:00+00:00,1.0478,1.056,1.0433,1.0445,1163632.2
2026-06-26T21:00:00+00:00,1.0445,1.0476,1.0408,1.0425,320717.68
2026-06-26T22:00:00+00:00,1.0425,1.0484,1.0383,1.0483,454599.68
2026-06-26T23:00:00+00:00,1.0483,1.0499,1.0458,1.0488,243054.32
2026-06-27T00:00:00+00:00,1.0488,1.0523,1.0441,1.0479,366629.51
2026-06-27T01:00:00+00:00,1.0479,1.0526,1.046,1.0522,358125.81
2026-06-27T02:00:00+00:00,1.0522,1.067,1.0512,1.0621,1130207.3
2026-06-27T03:00:00+00:00,1.0621,1.0628,1.0568,1.0592,578403.27
2026-06-27T04:00:00+00:00,1.0592,1.0641,1.059,1.0597,381107.93
2026-06-27T05:00:00+00:00,1.0597,1.0608,1.0531,1.058,391968.23
2026-06-27T06:00:00+00:00,1.058,1.0615,1.0541,1.0596,594206.51
2026-06-27T07:00:00+00:00,1.0596,1.0628,1.0579,1.0602,350329.64
2026-06-27T08:00:00+00:00,1.0602,1.0603,1.0554,1.0572,336754.67
2026-06-27T09:00:00+00:00,1.0572,1.0585,1.0543,1.0584,254465.11
2026-06-27T10:00:00+00:00,1.0584,1.0597,1.0568,1.0593,157168.87
2026-06-27T11:00:00+00:00,1.0593,1.0605,1.0547,1.0593,245403.71
2026-06-27T12:00:00+00:00,1.0593,1.0617,1.0577,1.0609,359634.0
2026-06-27T13:00:00+00:00,1.0609,1.0651,1.0601,1.0647,545801.22
2026-06-27T14:00:00+00:00,1.0647,1.0689,1.0631,1.0686,539742.6
2026-06-27T15:00:00+00:00,1.0686,1.0759,1.0682,1.0753,1165628.02
2026-06-27T16:00:00+00:00,1.0753,1.0772,1.0695,1.0701,1169453.04
2026-06-27T17:00:00+00:00,1.0701,1.0708,1.0604,1.0606,811109.23
2026-06-27T18:00:00+00:00,1.0606,1.0609,1.0561,1.0587,517587.77
2026-06-27T19:00:00+00:00,1.0587,1.06,1.0526,1.0545,839239.51
2026-06-27T20:00:00+00:00,1.0545,1.0569,1.0542,1.0551,239133.52
2026-06-27T21:00:00+00:00,1.0551,1.0579,1.0509,1.0531,451409.44
2026-06-27T22:00:00+00:00,1.0531,1.054,1.0453,1.0538,1197368.58
2026-06-27T23:00:00+00:00,1.0538,1.0555,1.0471,1.0475,471535.71
2026-06-28T00:00:00+00:00,1.0475,1.0512,1.047,1.05,367314.66
2026-06-28T01:00:00+00:00,1.05,1.0514,1.046,1.0512,301992.74
2026-06-28T02:00:00+00:00,1.0512,1.0532,1.0455,1.0466,517307.15
2026-06-28T03:00:00+00:00,1.0466,1.0507,1.0466,1.0498,339412.09
2026-06-28T04:00:00+00:00,1.0498,1.0506,1.0463,1.0484,283725.68
2026-06-28T05:00:00+00:00,1.0484,1.0485,1.0427,1.0476,466793.67
2026-06-28T06:00:00+00:00,1.0476,1.0486,1.0421,1.0452,326545.82
2026-06-28T07:00:00+00:00,1.0452,1.0514,1.0447,1.051,766908.13
2026-06-28T08:00:00+00:00,1.051,1.0589,1.0504,1.0547,899231.97
2026-06-28T09:00:00+00:00,1.0547,1.0555,1.049,1.0502,214847.1
2026-06-28T10:00:00+00:00,1.0502,1.0514,1.0461,1.0487,204890.73
2026-06-28T11:00:00+00:00,1.0487,1.0538,1.047,1.0527,227240.94
2026-06-28T12:00:00+00:00,1.0527,1.0562,1.0493,1.0519,325294.79
2026-06-28T13:00:00+00:00,1.0519,1.0526,1.0463,1.0495,259326.03
2026-06-28T14:00:00+00:00,1.0495,1.0574,1.0487,1.0525,809845.86
2026-06-28T15:00:00+00:00,1.0525,1.0576,1.05,1.0525,510837.44
2026-06-28T16:00:00+00:00,1.0525,1.0535,1.0442,1.0473,524086.41
2026-06-28T17:00:00+00:00,1.0473,1.0498,1.0413,1.0475,370037.78
2026-06-28T18:00:00+00:00,1.0475,1.0487,1.0434,1.0468,147915.69
2026-06-28T19:00:00+00:00,1.0468,1.0493,1.0394,1.0446,516139.79
2026-06-28T20:00:00+00:00,1.0446,1.0502,1.0438,1.0469,325862.3
2026-06-28T21:00:00+00:00,1.0469,1.0469,1.0384,1.0408,381400.73
2026-06-28T22:00:00+00:00,1.0408,1.0521,1.0331,1.038,1139455.55
2026-06-28T23:00:00+00:00,1.038,1.0522,1.037,1.0485,582513.62
2026-06-29T00:00:00+00:00,1.0485,1.0493,1.0338,1.0476,917179.72
2026-06-29T01:00:00+00:00,1.0476,1.0485,1.0394,1.0436,421378.13
2026-06-29T02:00:00+00:00,1.0436,1.0484,1.032,1.0465,698863.91
2026-06-29T03:00:00+00:00,1.0465,1.0559,1.0464,1.0508,819257.97
2026-06-29T04:00:00+00:00,1.0508,1.0509,1.0421,1.0433,339212.75
2026-06-29T05:00:00+00:00,1.0433,1.0487,1.0363,1.0487,489288.64
2026-06-29T06:00:00+00:00,1.0487,1.0549,1.0476,1.0495,572498.56
2026-06-29T07:00:00+00:00,1.0495,1.0524,1.0458,1.0492,287398.5
2026-06-29T08:00:00+00:00,1.0492,1.051,1.0421,1.0442,482546.95
2026-06-29T09:00:00+00:00,1.0442,1.0506,1.0434,1.0493,450516.38
2026-06-29T10:00:00+00:00,1.0493,1.0555,1.0493,1.0522,1151353.75
2026-06-29T11:00:00+00:00,1.0522,1.0612,1.0481,1.0538,1245007.5
2026-06-29T12:00:00+00:00,1.0538,1.0662,1.0485,1.0554,1641933.86
2026-06-29T13:00:00+00:00,1.0554,1.0625,1.0446,1.0504,1491998.04
2026-06-29T14:00:00+00:00,1.0504,1.0512,1.0402,1.0494,1399750.46
2026-06-29T15:00:00+00:00,1.0494,1.052,1.0411,1.0493,1191591.15
2026-06-29T16:00:00+00:00,1.0493,1.0533,1.0427,1.0509,2268752.4
2026-06-29T17:00:00+00:00,1.0509,1.0691,1.0506,1.0656,2414545.74
2026-06-29T18:00:00+00:00,1.0656,1.0694,1.0629,1.0649,491139.99
2026-06-29T19:00:00+00:00,1.0649,1.0766,1.0638,1.0752,904229.8
2026-06-29T20:00:00+00:00,1.0752,1.0754,1.063,1.064,482958.56
2026-06-29T21:00:00+00:00,1.064,1.0664,1.0601,1.0648,445281.93
2026-06-29T22:00:00+00:00,1.0648,1.0656,1.0594,1.0595,327663.57
2026-06-29T23:00:00+00:00,1.0595,1.06,1.0556,1.0592,255634.31
2026-06-30T00:00:00+00:00,1.0592,1.0592,1.0487,1.0487,682742.55
2026-06-30T01:00:00+00:00,1.0487,1.052,1.0474,1.0502,436541.1
2026-06-30T02:00:00+00:00,1.0502,1.0524,1.0463,1.0505,670671.29
2026-06-30T03:00:00+00:00,1.0505,1.0526,1.044,1.0457,766876.13
2026-06-30T04:00:00+00:00,1.0457,1.0481,1.0429,1.0464,553630.52
2026-06-30T05:00:00+00:00,1.0464,1.0495,1.0453,1.0495,301952.82
2026-06-30T06:00:00+00:00,1.0495,1.0511,1.0476,1.0496,248436.66
2026-06-30T07:00:00+00:00,1.0496,1.0504,1.0466,1.0474,454093.75
2026-06-30T08:00:00+00:00,1.0474,1.0482,1.0412,1.0448,1001961.85
2026-06-30T09:00:00+00:00,1.0448,1.0461,1.0423,1.044,281045.84
2026-06-30T10:00:00+00:00,1.044,1.0444,1.0416,1.042,315202.28
2026-06-30T11:00:00+00:00,1.042,1.0436,1.0371,1.0389,667194.34
2026-06-30T12:00:00+00:00,1.0389,1.0389,1.0277,1.0277,1147688.68
2026-06-30T13:00:00+00:00,1.0277,1.036,1.0276,1.0354,1088370.95
2026-06-30T14:00:00+00:00,1.0354,1.0451,1.033,1.0345,1216934.28
2026-06-30T15:00:00+00:00,1.0345,1.0413,1.0296,1.0341,1103532.05
2026-06-30T16:00:00+00:00,1.0341,1.0446,1.0325,1.0415,1825704.54
2026-06-30T17:00:00+00:00,1.0415,1.0445,1.0381,1.0388,1238329.14
2026-06-30T18:00:00+00:00,1.0388,1.0479,1.0379,1.0435,800550.42
2026-06-30T19:00:00+00:00,1.0435,1.0498,1.0388,1.0451,1032888.1
2026-06-30T20:00:00+00:00,1.0451,1.0468,1.0412,1.0419,521120.28
2026-06-30T21:00:00+00:00,1.0419,1.0429,1.0388,1.0416,641212.83
2026-06-30T22:00:00+00:00,1.0416,1.0444,1.039,1.0406,549950.52
2026-06-30T23:00:00+00:00,1.0406,1.0409,1.0384,1.0401,400272.76
2026-07-01T00:00:00+00:00,1.0401,1.0414,1.0353,1.0373,950247.47
2026-07-01T01:00:00+00:00,1.0373,1.0433,1.0221,1.0416,2232131.62
2026-07-01T02:00:00+00:00,1.0416,1.0478,1.0383,1.0461,1204996.11
2026-07-01T03:00:00+00:00,1.0461,1.0532,1.0426,1.051,1122333.29
2026-07-01T04:00:00+00:00,1.051,1.0542,1.0487,1.0515,486628.17
2026-07-01T05:00:00+00:00,1.0515,1.0533,1.0485,1.0509,492711.81
2026-07-01T06:00:00+00:00,1.0509,1.051,1.0394,1.0422,986199.32
2026-07-01T07:00:00+00:00,1.0422,1.0441,1.0394,1.0439,615742.99
2026-07-01T08:00:00+00:00,1.0439,1.0477,1.0382,1.0477,952769.11
2026-07-01T09:00:00+00:00,1.0477,1.0492,1.0445,1.0462,769343.26
2026-07-01T10:00:00+00:00,1.0462,1.0466,1.0395,1.0402,487137.14
2026-07-01T11:00:00+00:00,1.0402,1.0427,1.0366,1.0386,609181.57
2026-07-01T12:00:00+00:00,1.0386,1.0399,1.0344,1.0371,1423355.21
2026-07-01T13:00:00+00:00,1.0371,1.0495,1.0366,1.0489,2030054.81
2026-07-01T14:00:00+00:00,1.0489,1.0605,1.0469,1.0518,1304971.34
2026-07-01T15:00:00+00:00,1.0518,1.0654,1.0517,1.0606,1231538.78
2026-07-01T16:00:00+00:00,1.0606,1.0647,1.0557,1.0571,703397.06
2026-07-01T17:00:00+00:00,1.0571,1.0629,1.0548,1.0621,490821.79
2026-07-01T18:00:00+00:00,1.0621,1.0644,1.0582,1.0603,435520.87
2026-07-01T19:00:00+00:00,1.0603,1.0656,1.0591,1.0615,950644.88
2026-07-01T20:00:00+00:00,1.0615,1.0616,1.056,1.0583,391236.67
2026-07-01T21:00:00+00:00,1.0583,1.0692,1.058,1.0664,813445.13
2026-07-01T22:00:00+00:00,1.0664,1.0738,1.0602,1.0614,887927.07
2026-07-01T23:00:00+00:00,1.0614,1.0614,1.0522,1.0529,766056.54
2026-07-02T00:00:00+00:00,1.0529,1.0531,1.045,1.0472,917418.32
2026-07-02T01:00:00+00:00,1.0472,1.06,1.0468,1.0574,586027.51
2026-07-02T02:00:00+00:00,1.0574,1.0613,1.055,1.0598,364716.19
2026-07-02T03:00:00+00:00,1.0598,1.0703,1.0564,1.0678,1205676.55
2026-07-02T04:00:00+00:00,1.0678,1.068,1.0616,1.0645,606112.57
2026-07-02T05:00:00+00:00,1.0645,1.0664,1.0587,1.0598,358347.54
2026-07-02T06:00:00+00:00,1.0598,1.0619,1.0558,1.0566,329718.6
2026-07-02T07:00:00+00:00,1.0566,1.06,1.0558,1.0585,280061.82
2026-07-02T08:00:00+00:00,1.0585,1.0648,1.0585,1.0642,309710.75
2026-07-02T09:00:00+00:00,1.0642,1.0815,1.0623,1.0736,1272816.94
2026-07-02T10:00:00+00:00,1.0736,1.0823,1.0727,1.0814,640488.42
2026-07-02T11:00:00+00:00,1.0814,1.0859,1.0773,1.0842,845191.15
2026-07-02T12:00:00+00:00,1.0842,1.0971,1.0834,1.0928,1425208.83
2026-07-02T13:00:00+00:00,1.0928,1.1125,1.092,1.1042,1737928.47
2026-07-02T14:00:00+00:00,1.1042,1.1077,1.0882,1.092,1155563.68
2026-07-02T15:00:00+00:00,1.092,1.0965,1.0864,1.0932,916650.24
2026-07-02T16:00:00+00:00,1.0932,1.0963,1.0867,1.091,823930.99
2026-07-02T17:00:00+00:00,1.091,1.0942,1.0882,1.0885,331385.79
2026-07-02T18:00:00+00:00,1.0885,1.0917,1.0875,1.0893,225562.23
2026-07-02T19:00:00+00:00,1.0893,1.0897,1.0835,1.0854,689403.46
2026-07-02T20:00:00+00:00,1.0854,1.0857,1.0814,1.0833,330055.09
2026-07-02T21:00:00+00:00,1.0833,1.0844,1.0793,1.0816,287508.95
2026-07-02T22:00:00+00:00,1.0816,1.0848,1.0788,1.084,737886.9
2026-07-02T23:00:00+00:00,1.084,1.0882,1.0822,1.0882,220306.71
2026-07-03T00:00:00+00:00,1.0882,1.0885,1.0827,1.0845,344484.8
2026-07-03T01:00:00+00:00,1.0845,1.0958,1.0836,1.094,538677.52
2026-07-03T02:00:00+00:00,1.094,1.0952,1.0872,1.0914,288724.39
2026-07-03T03:00:00+00:00,1.0914,1.0928,1.0866,1.0906,270600.61
2026-07-03T04:00:00+00:00,1.0906,1.0941,1.0887,1.0927,243900.48
2026-07-03T05:00:00+00:00,1.0927,1.1016,1.0914,1.1,293952.87
2026-07-03T06:00:00+00:00,1.1,1.1068,1.0994,1.101,314188.37
2026-07-03T07:00:00+00:00,1.101,1.1051,1.0978,1.1027,386570.11
2026-07-03T08:00:00+00:00,1.1027,1.1074,1.0992,1.1003,522494.65
2026-07-03T09:00:00+00:00,1.1003,1.1044,1.0985,1.1011,804634.31
2026-07-03T10:00:00+00:00,1.1011,1.1129,1.0993,1.1091,1310441.44
2026-07-03T11:00:00+00:00,1.1091,1.1124,1.1067,1.1101,995714.16
2026-07-03T12:00:00+00:00,1.1101,1.114,1.1034,1.1077,1302568.02
2026-07-03T13:00:00+00:00,1.1077,1.1154,1.1077,1.1112,821790.41
2026-07-03T14:00:00+00:00,1.1112,1.1139,1.1057,1.1137,1341809.25
