timestamp,symbol,direction,signal,score,confidence,trend_long,trend_short,structure_long,structure_short,momentum_long,momentum_short,risk_long,risk_short,long_total,short_total,diff,winner,trend_reason,structure_reason,momentum_reason,risk_reason,summary
2026-06-25T20:07:47.300699+00:00,BTC/USDT,SHORT,WAIT,21,70.0,10,50,10,0,14,7,0,0,9,21,12,SHORT,1d: EMA SHORT +20 | 1d: MACD LONG +10 | 4h: EMA SHORT +12 | 4h: MACD SHORT +6 | 1h: EMA SHORT +8 | 1h: MACD SHORT +4,1d: цена у нижней границы (+10 LONG) | 4h: середина диапазона | 1h: середина диапазона,1d: MACD LONG +5 | 1d: RSI 30.3 <35 LONG +5 | 4h: MACD SHORT +4 | 4h: RSI 34.4 <35 LONG +4 | 1h: MACD SHORT +3 | 1h: RSI 41.6 neutral,Цена далеко от зоны входа,SHORT wins by 12 points
2026-06-25T20:07:48.060854+00:00,ETH/USDT,WAIT,NO TRADE,21,60.0,10,50,18,0,14,7,15,0,14,21,7,WAIT,1d: EMA SHORT +20 | 1d: MACD LONG +10 | 4h: EMA SHORT +12 | 4h: MACD SHORT +6 | 1h: EMA SHORT +8 | 1h: MACD SHORT +4,1d: цена у нижней границы (+10 LONG) | 4h: цена у нижней границы (+8 LONG) | 1h: середина диапазона,1d: MACD LONG +5 | 1d: RSI 30.5 <35 LONG +5 | 4h: MACD SHORT +4 | 4h: RSI 33.6 <35 LONG +4 | 1h: MACD SHORT +3 | 1h: RSI 38.7 neutral,Хорошая зона для LONG (+15 LONG),No clear directional edge.
2026-06-25T20:07:49.030883+00:00,SOL/USDT,SHORT,WAIT,21,80.8,10,50,0,0,5,7,0,0,5,21,16,SHORT,1d: EMA SHORT +20 | 1d: MACD LONG +10 | 4h: EMA SHORT +12 | 4h: MACD SHORT +6 | 1h: EMA SHORT +8 | 1h: MACD SHORT +4,1d: середина диапазона | 4h: середина диапазона | 1h: середина диапазона,1d: MACD LONG +5 | 1d: RSI 37.6 neutral | 4h: MACD SHORT +4 | 4h: RSI 38.4 neutral | 1h: MACD SHORT +3 | 1h: RSI 44.7 neutral,Цена далеко от зоны входа,SHORT wins by 16 points
2026-06-25T21:05:14.410255+00:00,BTC/USDT,SHORT,WAIT,21,70.0,10,50,10,0,14,7,0,0,9,21,12,SHORT,1d: EMA SHORT +20 | 1d: MACD LONG +10 | 4h: EMA SHORT +12 | 4h: MACD SHORT +6 | 1h: EMA SHORT +8 | 1h: MACD SHORT +4,1d: цена у нижней границы (+10 LONG) | 4h: середина диапазона | 1h: середина диапазона,1d: MACD LONG +5 | 1d: RSI 30.1 <35 LONG +5 | 4h: MACD SHORT +4 | 4h: RSI 33.5 <35 LONG +4 | 1h: MACD SHORT +3 | 1h: RSI 40.5 neutral,Цена далеко от зоны входа,SHORT wins by 12 points
2026-06-25T21:05:15.296682+00:00,ETH/USDT,WAIT,NO TRADE,21,60.0,10,50,18,0,14,7,15,0,14,21,7,WAIT,1d: EMA SHORT +20 | 1d: MACD LONG +10 | 4h: EMA SHORT +12 | 4h: MACD SHORT +6 | 1h: EMA SHORT +8 | 1h: MACD SHORT +4,1d: цена у нижней границы (+10 LONG) | 4h: цена у нижней границы (+8 LONG) | 1h: середина диапазона,1d: MACD LONG +5 | 1d: RSI 30.3 <35 LONG +5 | 4h: MACD SHORT +4 | 4h: RSI 32.4 <35 LONG +4 | 1h: MACD SHORT +3 | 1h: RSI 37.0 neutral,Хорошая зона для LONG (+15 LONG),No clear directional edge.
2026-06-25T21:05:16.270061+00:00,SOL/USDT,SHORT,WAIT,21,80.8,10,50,0,0,5,7,0,0,5,21,16,SHORT,1d: EMA SHORT +20 | 1d: MACD LONG +10 | 4h: EMA SHORT +12 | 4h: MACD SHORT +6 | 1h: EMA SHORT +8 | 1h: MACD SHORT +4,1d: середина диапазона | 4h: середина диапазона | 1h: середина диапазона,1d: MACD LONG +5 | 1d: RSI 37.5 neutral | 4h: MACD SHORT +4 | 4h: RSI 38.1 neutral | 1h: MACD SHORT +3 | 1h: RSI 44.3 neutral,Цена далеко от зоны входа,SHORT wins by 16 points
2026-06-25T21:06:19.602349+00:00,BTC/USDT,SHORT,WAIT,21,70.0,10,50,10,0,14,7,0,0,9,21,12,SHORT,1d: EMA SHORT +20 | 1d: MACD LONG +10 | 4h: EMA SHORT +12 | 4h: MACD SHORT +6 | 1h: EMA SHORT +8 | 1h: MACD SHORT +4,1d: цена у нижней границы (+10 LONG) | 4h: середина диапазона | 1h: середина диапазона,1d: MACD LONG +5 | 1d: RSI 30.0 <35 LONG +5 | 4h: MACD SHORT +4 | 4h: RSI 32.9 <35 LONG +4 | 1h: MACD SHORT +3 | 1h: RSI 39.7 neutral,Цена далеко от зоны входа,SHORT wins by 12 points
2026-06-25T21:06:20.597908+00:00,ETH/USDT,WAIT,NO TRADE,21,60.0,10,50,18,0,14,7,15,0,14,21,7,WAIT,1d: EMA SHORT +20 | 1d: MACD LONG +10 | 4h: EMA SHORT +12 | 4h: MACD SHORT +6 | 1h: EMA SHORT +8 | 1h: MACD SHORT +4,1d: цена у нижней границы (+10 LONG) | 4h: цена у нижней границы (+8 LONG) | 1h: середина диапазона,1d: MACD LONG +5 | 1d: RSI 30.2 <35 LONG +5 | 4h: MACD SHORT +4 | 4h: RSI 32.1 <35 LONG +4 | 1h: MACD SHORT +3 | 1h: RSI 36.5 neutral,Хорошая зона для LONG (+15 LONG),No clear directional edge.
2026-06-25T21:06:21.604501+00:00,SOL/USDT,SHORT,WAIT,21,80.8,10,50,0,0,5,7,0,0,5,21,16,SHORT,1d: EMA SHORT +20 | 1d: MACD LONG +10 | 4h: EMA SHORT +12 | 4h: MACD SHORT +6 | 1h: EMA SHORT +8 | 1h: MACD SHORT +4,1d: середина диапазона | 4h: середина диапазона | 1h: середина диапазона,1d: MACD LONG +5 | 1d: RSI 37.3 neutral | 4h: MACD SHORT +4 | 4h: RSI 37.4 neutral | 1h: MACD SHORT +3 | 1h: RSI 43.4 neutral,Цена далеко от зоны входа,SHORT wins by 16 points
2026-06-25T21:07:52.985306+00:00,BTC/USDT,SHORT,WAIT,21,70.0,10,50,10,0,14,7,0,0,9,21,12,SHORT,1d: EMA SHORT +20 | 1d: MACD LONG +10 | 4h: EMA SHORT +12 | 4h: MACD SHORT +6 | 1h: EMA SHORT +8 | 1h: MACD SHORT +4,1d: цена у нижней границы (+10 LONG) | 4h: середина диапазона | 1h: середина диапазона,1d: MACD LONG +5 | 1d: RSI 30.0 <35 LONG +5 | 4h: MACD SHORT +4 | 4h: RSI 33.1 <35 LONG +4 | 1h: MACD SHORT +3 | 1h: RSI 39.9 neutral,Цена далеко от зоны входа,SHORT wins by 12 points
2026-06-25T21:07:54.159034+00:00,ETH/USDT,WAIT,NO TRADE,21,60.0,10,50,18,0,14,7,15,0,14,21,7,WAIT,1d: EMA SHORT +20 | 1d: MACD LONG +10 | 4h: EMA SHORT +12 | 4h: MACD SHORT +6 | 1h: EMA SHORT +8 | 1h: MACD SHORT +4,1d: цена у нижней границы (+10 LONG) | 4h: цена у нижней границы (+8 LONG) | 1h: середина диапазона,1d: MACD LONG +5 | 1d: RSI 30.2 <35 LONG +5 | 4h: MACD SHORT +4 | 4h: RSI 32.2 <35 LONG +4 | 1h: MACD SHORT +3 | 1h: RSI 36.7 neutral,Хорошая зона для LONG (+15 LONG),No clear directional edge.
2026-06-25T21:07:55.337106+00:00,SOL/USDT,SHORT,WAIT,21,80.8,10,50,0,0,5,7,0,0,5,21,16,SHORT,1d: EMA SHORT +20 | 1d: MACD LONG +10 | 4h: EMA SHORT +12 | 4h: MACD SHORT +6 | 1h: EMA SHORT +8 | 1h: MACD SHORT +4,1d: середина диапазона | 4h: середина диапазона | 1h: середина диапазона,1d: MACD LONG +5 | 1d: RSI 37.4 neutral | 4h: MACD SHORT +4 | 4h: RSI 37.5 neutral | 1h: MACD SHORT +3 | 1h: RSI 43.6 neutral,Цена далеко от зоны входа,SHORT wins by 16 points
2026-06-25T21:12:58.523346+00:00,BTC/USDT,SHORT,WAIT,21,70.0,10,50,10,0,14,7,0,0,9,21,12,SHORT,1d: EMA SHORT +20 | 1d: MACD LONG +10 | 4h: EMA SHORT +12 | 4h: MACD SHORT +6 | 1h: EMA SHORT +8 | 1h: MACD SHORT +4,1d: цена у нижней границы (+10 LONG) | 4h: середина диапазона | 1h: середина диапазона,1d: MACD LONG +5 | 1d: RSI 30.1 <35 LONG +5 | 4h: MACD SHORT +4 | 4h: RSI 33.3 <35 LONG +4 | 1h: MACD SHORT +3 | 1h: RSI 40.2 neutral,Цена далеко от зоны входа,SHORT wins by 12 points
2026-06-25T21:13:00.755761+00:00,ETH/USDT,WAIT,NO TRADE,21,60.0,10,50,18,0,14,7,15,0,14,21,7,WAIT,1d: EMA SHORT +20 | 1d: MACD LONG +10 | 4h: EMA SHORT +12 | 4h: MACD SHORT +6 | 1h: EMA SHORT +8 | 1h: MACD SHORT +4,1d: цена у нижней границы (+10 LONG) | 4h: цена у нижней границы (+8 LONG) | 1h: середина диапазона,1d: MACD LONG +5 | 1d: RSI 30.3 <35 LONG +5 | 4h: MACD SHORT +4 | 4h: RSI 32.4 <35 LONG +4 | 1h: MACD SHORT +3 | 1h: RSI 37.0 neutral,Хорошая зона для LONG (+15 LONG),No clear directional edge.
2026-06-25T21:13:03.407599+00:00,SOL/USDT,SHORT,WAIT,21,80.8,10,50,0,0,5,7,0,0,5,21,16,SHORT,1d: EMA SHORT +20 | 1d: MACD LONG +10 | 4h: EMA SHORT +12 | 4h: MACD SHORT +6 | 1h: EMA SHORT +8 | 1h: MACD SHORT +4,1d: середина диапазона | 4h: середина диапазона | 1h: середина диапазона,1d: MACD LONG +5 | 1d: RSI 37.3 neutral | 4h: MACD SHORT +4 | 4h: RSI 37.2 neutral | 1h: MACD SHORT +3 | 1h: RSI 43.2 neutral,Цена далеко от зоны входа,SHORT wins by 16 points
2026-06-25T21:18:12.592116+00:00,BTC/USDT,SHORT,WAIT,21,70.0,10,50,10,0,14,7,0,0,9,21,12,SHORT,1d: EMA SHORT +20 | 1d: MACD LONG +10 | 4h: EMA SHORT +12 | 4h: MACD SHORT +6 | 1h: EMA SHORT +8 | 1h: MACD SHORT +4,1d: цена у нижней границы (+10 LONG) | 4h: середина диапазона | 1h: середина диапазона,1d: MACD LONG +5 | 1d: RSI 30.1 <35 LONG +5 | 4h: MACD SHORT +4 | 4h: RSI 33.5 <35 LONG +4 | 1h: MACD SHORT +3 | 1h: RSI 40.5 neutral,Цена далеко от зоны входа,SHORT wins by 12 points
2026-06-25T21:18:13.648391+00:00,ETH/USDT,WAIT,NO TRADE,21,60.0,10,50,18,0,14,7,15,0,14,21,7,WAIT,1d: EMA SHORT +20 | 1d: MACD LONG +10 | 4h: EMA SHORT +12 | 4h: MACD SHORT +6 | 1h: EMA SHORT +8 | 1h: MACD SHORT +4,1d: цена у нижней границы (+10 LONG) | 4h: цена у нижней границы (+8 LONG) | 1h: середина диапазона,1d: MACD LONG +5 | 1d: RSI 30.3 <35 LONG +5 | 4h: MACD SHORT +4 | 4h: RSI 32.6 <35 LONG +4 | 1h: MACD SHORT +3 | 1h: RSI 37.3 neutral,Хорошая зона для LONG (+15 LONG),No clear directional edge.
2026-06-25T21:18:14.987791+00:00,SOL/USDT,SHORT,WAIT,21,80.8,10,50,0,0,5,7,0,0,5,21,16,SHORT,1d: EMA SHORT +20 | 1d: MACD LONG +10 | 4h: EMA SHORT +12 | 4h: MACD SHORT +6 | 1h: EMA SHORT +8 | 1h: MACD SHORT +4,1d: середина диапазона | 4h: середина диапазона | 1h: середина диапазона,1d: MACD LONG +5 | 1d: RSI 37.4 neutral | 4h: MACD SHORT +4 | 4h: RSI 37.6 neutral | 1h: MACD SHORT +3 | 1h: RSI 43.7 neutral,Цена далеко от зоны входа,SHORT wins by 16 points
2026-06-25T21:23:19.265572+00:00,BTC/USDT,SHORT,WAIT,21,70.0,10,50,10,0,14,7,0,0,9,21,12,SHORT,1d: EMA SHORT +20 | 1d: MACD LONG +10 | 4h: EMA SHORT +12 | 4h: MACD SHORT +6 | 1h: EMA SHORT +8 | 1h: MACD SHORT +4,1d: цена у нижней границы (+10 LONG) | 4h: середина диапазона | 1h: середина диапазона,1d: MACD LONG +5 | 1d: RSI 30.2 <35 LONG +5 | 4h: MACD SHORT +4 | 4h: RSI 33.9 <35 LONG +4 | 1h: MACD SHORT +3 | 1h: RSI 41.1 neutral,Цена далеко от зоны входа,SHORT wins by 12 points
2026-06-25T21:23:20.173101+00:00,ETH/USDT,WAIT,NO TRADE,21,60.0,10,50,18,0,14,7,15,0,14,21,7,WAIT,1d: EMA SHORT +20 | 1d: MACD LONG +10 | 4h: EMA SHORT +12 | 4h: MACD SHORT +6 | 1h: EMA SHORT +8 | 1h: MACD SHORT +4,1d: цена у нижней границы (+10 LONG) | 4h: цена у нижней границы (+8 LONG) | 1h: середина диапазона,1d: MACD LONG +5 | 1d: RSI 30.4 <35 LONG +5 | 4h: MACD SHORT +4 | 4h: RSI 32.8 <35 LONG +4 | 1h: MACD SHORT +3 | 1h: RSI 37.7 neutral,Хорошая зона для LONG (+15 LONG),No clear directional edge.
2026-06-25T21:23:21.235747+00:00,SOL/USDT,SHORT,WAIT,21,80.8,10,50,0,0,5,7,0,0,5,21,16,SHORT,1d: EMA SHORT +20 | 1d: MACD LONG +10 | 4h: EMA SHORT +12 | 4h: MACD SHORT +6 | 1h: EMA SHORT +8 | 1h: MACD SHORT +4,1d: середина диапазона | 4h: середина диапазона | 1h: середина диапазона,1d: MACD LONG +5 | 1d: RSI 37.6 neutral | 4h: MACD SHORT +4 | 4h: RSI 38.2 neutral | 1h: MACD SHORT +3 | 1h: RSI 44.5 neutral,Цена далеко от зоны входа,SHORT wins by 16 points
2026-06-25T21:28:29.929817+00:00,BTC/USDT,SHORT,WAIT,21,70.0,10,50,10,0,14,7,0,0,9,21,12,SHORT,1d: EMA SHORT +20 | 1d: MACD LONG +10 | 4h: EMA SHORT +12 | 4h: MACD SHORT +6 | 1h: EMA SHORT +8 | 1h: MACD SHORT +4,1d: цена у нижней границы (+10 LONG) | 4h: середина диапазона | 1h: середина диапазона,1d: MACD LONG +5 | 1d: RSI 30.4 <35 LONG +5 | 4h: MACD SHORT +4 | 4h: RSI 34.7 <35 LONG +4 | 1h: MACD SHORT +3 | 1h: RSI 42.2 neutral,Цена далеко от зоны входа,SHORT wins by 12 points
2026-06-25T21:28:30.921096+00:00,ETH/USDT,WAIT,NO TRADE,21,60.0,10,50,18,0,14,7,15,0,14,21,7,WAIT,1d: EMA SHORT +20 | 1d: MACD LONG +10 | 4h: EMA SHORT +12 | 4h: MACD SHORT +6 | 1h: EMA SHORT +8 | 1h: MACD SHORT +4,1d: цена у нижней границы (+10 LONG) | 4h: цена у нижней границы (+8 LONG) | 1h: середина диапазона,1d: MACD LONG +5 | 1d: RSI 30.6 <35 LONG +5 | 4h: MACD SHORT +4 | 4h: RSI 33.7 <35 LONG +4 | 1h: MACD SHORT +3 | 1h: RSI 39.0 neutral,Хорошая зона для LONG (+15 LONG),No clear directional edge.
2026-06-25T21:28:32.829961+00:00,SOL/USDT,SHORT,WAIT,21,80.8,10,50,0,0,5,7,0,0,5,21,16,SHORT,1d: EMA SHORT +20 | 1d: MACD LONG +10 | 4h: EMA SHORT +12 | 4h: MACD SHORT +6 | 1h: EMA SHORT +8 | 1h: MACD SHORT +4,1d: середина диапазона | 4h: середина диапазона | 1h: середина диапазона,1d: MACD LONG +5 | 1d: RSI 38.1 neutral | 4h: MACD SHORT +4 | 4h: RSI 39.8 neutral | 1h: MACD SHORT +3 | 1h: RSI 46.5 neutral,Цена далеко от зоны входа,SHORT wins by 16 points
2026-06-25T21:33:35.288752+00:00,BTC/USDT,SHORT,WAIT,21,72.4,10,50,10,0,10,7,0,0,8,21,13,SHORT,1d: EMA SHORT +20 | 1d: MACD LONG +10 | 4h: EMA SHORT +12 | 4h: MACD SHORT +6 | 1h: EMA SHORT +8 | 1h: MACD SHORT +4,1d: цена у нижней границы (+10 LONG) | 4h: середина диапазона | 1h: середина диапазона,1d: MACD LONG +5 | 1d: RSI 30.7 <35 LONG +5 | 4h: MACD SHORT +4 | 4h: RSI 36.0 neutral | 1h: MACD SHORT +3 | 1h: RSI 44.0 neutral,Цена далеко от зоны входа,SHORT wins by 13 points
2026-06-25T21:33:36.190510+00:00,ETH/USDT,WAIT,NO TRADE,21,60.0,10,50,18,0,14,7,15,0,14,21,7,WAIT,1d: EMA SHORT +20 | 1d: MACD LONG +10 | 4h: EMA SHORT +12 | 4h: MACD SHORT +6 | 1h: EMA SHORT +8 | 1h: MACD SHORT +4,1d: цена у нижней границы (+10 LONG) | 4h: цена у нижней границы (+8 LONG) | 1h: середина диапазона,1d: MACD LONG +5 | 1d: RSI 30.8 <35 LONG +5 | 4h: MACD SHORT +4 | 4h: RSI 34.5 <35 LONG +4 | 1h: MACD SHORT +3 | 1h: RSI 40.4 neutral,Хорошая зона для LONG (+15 LONG),No clear directional edge.
2026-06-25T21:33:37.193095+00:00,SOL/USDT,SHORT,WAIT,21,80.8,10,50,0,0,5,7,0,0,5,21,16,SHORT,1d: EMA SHORT +20 | 1d: MACD LONG +10 | 4h: EMA SHORT +12 | 4h: MACD SHORT +6 | 1h: EMA SHORT +8 | 1h: MACD SHORT +4,1d: середина диапазона | 4h: середина диапазона | 1h: середина диапазона,1d: MACD LONG +5 | 1d: RSI 38.3 neutral | 4h: MACD SHORT +4 | 4h: RSI 40.6 neutral | 1h: MACD SHORT +3 | 1h: RSI 47.5 neutral,Цена далеко от зоны входа,SHORT wins by 16 points
2026-06-25T21:38:39.900140+00:00,BTC/USDT,SHORT,WAIT,21,72.4,10,50,10,0,10,7,0,0,8,21,13,SHORT,1d: EMA SHORT +20 | 1d: MACD LONG +10 | 4h: EMA SHORT +12 | 4h: MACD SHORT +6 | 1h: EMA SHORT +8 | 1h: MACD SHORT +4,1d: цена у нижней границы (+10 LONG) | 4h: середина диапазона | 1h: середина диапазона,1d: MACD LONG +5 | 1d: RSI 30.8 <35 LONG +5 | 4h: MACD SHORT +4 | 4h: RSI 36.5 neutral | 1h: MACD SHORT +3 | 1h: RSI 44.6 neutral,Цена далеко от зоны входа,SHORT wins by 13 points
2026-06-25T21:38:40.710867+00:00,ETH/USDT,SHORT,WAIT,21,67.7,10,50,8,0,10,7,15,0,10,21,11,SHORT,1d: EMA SHORT +20 | 1d: MACD LONG +10 | 4h: EMA SHORT +12 | 4h: MACD SHORT +6 | 1h: EMA SHORT +8 | 1h: MACD SHORT +4,1d: середина диапазона | 4h: цена у нижней границы (+8 LONG) | 1h: середина диапазона,1d: MACD LONG +5 | 1d: RSI 30.9 <35 LONG +5 | 4h: MACD SHORT +4 | 4h: RSI 35.2 neutral | 1h: MACD SHORT +3 | 1h: RSI 41.4 neutral,Хорошая зона для LONG (+15 LONG),SHORT wins by 11 points
2026-06-25T21:38:41.498962+00:00,SOL/USDT,SHORT,WAIT,21,80.8,10,50,0,0,5,7,0,0,5,21,16,SHORT,1d: EMA SHORT +20 | 1d: MACD LONG +10 | 4h: EMA SHORT +12 | 4h: MACD SHORT +6 | 1h: EMA SHORT +8 | 1h: MACD SHORT +4,1d: середина диапазона | 4h: середина диапазона | 1h: середина диапазона,1d: MACD LONG +5 | 1d: RSI 38.6 neutral | 4h: MACD SHORT +4 | 4h: RSI 41.3 neutral | 1h: MACD SHORT +3 | 1h: RSI 48.4 neutral,Цена далеко от зоны входа,SHORT wins by 16 points
2026-06-25T21:43:45.003426+00:00,BTC/USDT,SHORT,WAIT,21,72.4,10,50,10,0,10,7,0,0,8,21,13,SHORT,1d: EMA SHORT +20 | 1d: MACD LONG +10 | 4h: EMA SHORT +12 | 4h: MACD SHORT +6 | 1h: EMA SHORT +8 | 1h: MACD SHORT +4,1d: цена у нижней границы (+10 LONG) | 4h: середина диапазона | 1h: середина диапазона,1d: MACD LONG +5 | 1d: RSI 30.8 <35 LONG +5 | 4h: MACD SHORT +4 | 4h: RSI 36.4 neutral | 1h: MACD SHORT +3 | 1h: RSI 44.4 neutral,Цена далеко от зоны входа,SHORT wins by 13 points
2026-06-25T21:43:45.891498+00:00,ETH/USDT,SHORT,WAIT,21,67.7,10,50,8,0,10,7,15,0,10,21,11,SHORT,1d: EMA SHORT +20 | 1d: MACD LONG +10 | 4h: EMA SHORT +12 | 4h: MACD SHORT +6 | 1h: EMA SHORT +8 | 1h: MACD SHORT +4,1d: середина диапазона | 4h: цена у нижней границы (+8 LONG) | 1h: середина диапазона,1d: MACD LONG +5 | 1d: RSI 30.9 <35 LONG +5 | 4h: MACD SHORT +4 | 4h: RSI 35.1 neutral | 1h: MACD SHORT +3 | 1h: RSI 41.2 neutral,Хорошая зона для LONG (+15 LONG),SHORT wins by 11 points
2026-06-25T21:43:46.770785+00:00,SOL/USDT,SHORT,WAIT,21,80.8,10,50,0,0,5,7,0,0,5,21,16,SHORT,1d: EMA SHORT +20 | 1d: MACD LONG +10 | 4h: EMA SHORT +12 | 4h: MACD SHORT +6 | 1h: EMA SHORT +8 | 1h: MACD SHORT +4,1d: середина диапазона | 4h: середина диапазона | 1h: середина диапазона,1d: MACD LONG +5 | 1d: RSI 38.3 neutral | 4h: MACD SHORT +4 | 4h: RSI 40.4 neutral | 1h: MACD SHORT +3 | 1h: RSI 47.3 neutral,Цена далеко от зоны входа,SHORT wins by 16 points
2026-06-25T21:48:50.253504+00:00,BTC/USDT,SHORT,WAIT,21,72.4,10,50,10,0,10,7,0,0,8,21,13,SHORT,1d: EMA SHORT +20 | 1d: MACD LONG +10 | 4h: EMA SHORT +12 | 4h: MACD SHORT +6 | 1h: EMA SHORT +8 | 1h: MACD SHORT +4,1d: цена у нижней границы (+10 LONG) | 4h: середина диапазона | 1h: середина диапазона,1d: MACD LONG +5 | 1d: RSI 30.8 <35 LONG +5 | 4h: MACD SHORT +4 | 4h: RSI 36.4 neutral | 1h: MACD SHORT +3 | 1h: RSI 44.5 neutral,Цена далеко от зоны входа,SHORT wins by 13 points
2026-06-25T21:48:51.138124+00:00,ETH/USDT,WAIT,NO TRADE,21,61.8,10,50,18,0,10,7,15,0,13,21,8,WAIT,1d: EMA SHORT +20 | 1d: MACD LONG +10 | 4h: EMA SHORT +12 | 4h: MACD SHORT +6 | 1h: EMA SHORT +8 | 1h: MACD SHORT +4,1d: цена у нижней границы (+10 LONG) | 4h: цена у нижней границы (+8 LONG) | 1h: середина диапазона,1d: MACD LONG +5 | 1d: RSI 30.9 <35 LONG +5 | 4h: MACD SHORT +4 | 4h: RSI 35.0 neutral | 1h: MACD SHORT +3 | 1h: RSI 41.1 neutral,Хорошая зона для LONG (+15 LONG),No clear directional edge.
2026-06-25T21:48:54.818592+00:00,SOL/USDT,SHORT,WAIT,21,80.8,10,50,0,0,5,7,0,0,5,21,16,SHORT,1d: EMA SHORT +20 | 1d: MACD LONG +10 | 4h: EMA SHORT +12 | 4h: MACD SHORT +6 | 1h: EMA SHORT +8 | 1h: MACD SHORT +4,1d: середина диапазона | 4h: середина диапазона | 1h: середина диапазона,1d: MACD LONG +5 | 1d: RSI 38.3 neutral | 4h: MACD SHORT +4 | 4h: RSI 40.5 neutral | 1h: MACD SHORT +3 | 1h: RSI 47.4 neutral,Цена далеко от зоны входа,SHORT wins by 16 points
2026-06-25T21:53:57.246613+00:00,BTC/USDT,SHORT,WAIT,21,77.8,10,50,0,0,10,7,0,0,6,21,15,SHORT,1d: EMA SHORT +20 | 1d: MACD LONG +10 | 4h: EMA SHORT +12 | 4h: MACD SHORT +6 | 1h: EMA SHORT +8 | 1h: MACD SHORT +4,1d: середина диапазона | 4h: середина диапазона | 1h: середина диапазона,1d: MACD LONG +5 | 1d: RSI 31.1 <35 LONG +5 | 4h: MACD SHORT +4 | 4h: RSI 37.4 neutral | 1h: MACD SHORT +3 | 1h: RSI 45.8 neutral,Цена далеко от зоны входа,SHORT wins by 15 points
2026-06-25T21:53:58.245553+00:00,ETH/USDT,SHORT,WAIT,21,77.8,10,50,0,0,10,7,0,0,6,21,15,SHORT,1d: EMA SHORT +20 | 1d: MACD LONG +10 | 4h: EMA SHORT +12 | 4h: MACD SHORT +6 | 1h: EMA SHORT +8 | 1h: MACD SHORT +4,1d: середина диапазона | 4h: середина диапазона | 1h: середина диапазона,1d: MACD LONG +5 | 1d: RSI 31.1 <35 LONG +5 | 4h: MACD SHORT +4 | 4h: RSI 35.9 neutral | 1h: MACD SHORT +3 | 1h: RSI 42.5 neutral,Цена далеко от зоны входа,SHORT wins by 15 points
2026-06-25T21:53:59.031146+00:00,SOL/USDT,SHORT,WAIT,21,80.8,10,50,0,0,5,7,0,0,5,21,16,SHORT,1d: EMA SHORT +20 | 1d: MACD LONG +10 | 4h: EMA SHORT +12 | 4h: MACD SHORT +6 | 1h: EMA SHORT +8 | 1h: MACD SHORT +4,1d: середина диапазона | 4h: середина диапазона | 1h: середина диапазона,1d: MACD LONG +5 | 1d: RSI 38.5 neutral | 4h: MACD SHORT +4 | 4h: RSI 41.0 neutral | 1h: MACD SHORT +3 | 1h: RSI 48.1 neutral,Цена далеко от зоны входа,SHORT wins by 16 points
2026-06-25T21:59:01.544033+00:00,BTC/USDT,SHORT,WAIT,21,77.8,10,50,0,0,10,7,0,0,6,21,15,SHORT,1d: EMA SHORT +20 | 1d: MACD LONG +10 | 4h: EMA SHORT +12 | 4h: MACD SHORT +6 | 1h: EMA SHORT +8 | 1h: MACD SHORT +4,1d: середина диапазона | 4h: середина диапазона | 1h: середина диапазона,1d: MACD LONG +5 | 1d: RSI 31.4 <35 LONG +5 | 4h: MACD SHORT +4 | 4h: RSI 38.7 neutral | 1h: MACD SHORT +3 | 1h: RSI 47.5 neutral,Цена далеко от зоны входа,SHORT wins by 15 points
2026-06-25T21:59:02.658140+00:00,ETH/USDT,SHORT,WAIT,21,77.8,10,50,0,0,10,7,0,0,6,21,15,SHORT,1d: EMA SHORT +20 | 1d: MACD LONG +10 | 4h: EMA SHORT +12 | 4h: MACD SHORT +6 | 1h: EMA SHORT +8 | 1h: MACD SHORT +4,1d: середина диапазона | 4h: середина диапазона | 1h: середина диапазона,1d: MACD LONG +5 | 1d: RSI 31.3 <35 LONG +5 | 4h: MACD SHORT +4 | 4h: RSI 36.6 neutral | 1h: MACD SHORT +3 | 1h: RSI 43.5 neutral,Цена далеко от зоны входа,SHORT wins by 15 points
2026-06-25T21:59:03.533492+00:00,SOL/USDT,SHORT,WAIT,21,80.8,10,50,0,0,5,7,0,0,5,21,16,SHORT,1d: EMA SHORT +20 | 1d: MACD LONG +10 | 4h: EMA SHORT +12 | 4h: MACD SHORT +6 | 1h: EMA SHORT +8 | 1h: MACD SHORT +4,1d: середина диапазона | 4h: середина диапазона | 1h: середина диапазона,1d: MACD LONG +5 | 1d: RSI 38.8 neutral | 4h: MACD SHORT +4 | 4h: RSI 41.8 neutral | 1h: MACD SHORT +3 | 1h: RSI 49.1 neutral,Цена далеко от зоны входа,SHORT wins by 16 points
2026-06-25T22:04:06.648510+00:00,BTC/USDT,SHORT,NO TRADE,19,70.4,14,46,0,0,13,4,0,0,8,19,11,SHORT,1d: EMA SHORT +20 | 1d: MACD LONG +10 | 4h: EMA SHORT +12 | 4h: MACD SHORT +6 | 1h: EMA SHORT +8 | 1h: MACD LONG +4,1d: середина диапазона | 4h: середина диапазона | 1h: середина диапазона,1d: MACD LONG +5 | 1d: RSI 31.2 <35 LONG +5 | 4h: MACD SHORT +4 | 4h: RSI 38.0 neutral | 1h: MACD LONG +3 | 1h: RSI 46.6 neutral,Цена далеко от зоны входа,SHORT wins by 11 points
2026-06-25T22:04:07.909222+00:00,ETH/USDT,SHORT,WAIT,21,77.8,10,50,0,0,10,7,0,0,6,21,15,SHORT,1d: EMA SHORT +20 | 1d: MACD LONG +10 | 4h: EMA SHORT +12 | 4h: MACD SHORT +6 | 1h: EMA SHORT +8 | 1h: MACD SHORT +4,1d: середина диапазона | 4h: середина диапазона | 1h: середина диапазона,1d: MACD LONG +5 | 1d: RSI 31.2 <35 LONG +5 | 4h: MACD SHORT +4 | 4h: RSI 36.4 neutral | 1h: MACD SHORT +3 | 1h: RSI 43.2 neutral,Цена далеко от зоны входа,SHORT wins by 15 points
2026-06-25T22:04:08.921031+00:00,SOL/USDT,SHORT,NO TRADE,19,73.1,14,46,0,0,8,4,0,0,7,19,12,SHORT,1d: EMA SHORT +20 | 1d: MACD LONG +10 | 4h: EMA SHORT +12 | 4h: MACD SHORT +6 | 1h: EMA SHORT +8 | 1h: MACD LONG +4,1d: середина диапазона | 4h: середина диапазона | 1h: середина диапазона,1d: MACD LONG +5 | 1d: RSI 38.7 neutral | 4h: MACD SHORT +4 | 4h: RSI 41.6 neutral | 1h: MACD LONG +3 | 1h: RSI 48.8 neutral,Цена далеко от зоны входа,SHORT wins by 12 points
2026-06-25T22:09:11.652445+00:00,BTC/USDT,SHORT,NO TRADE,19,70.4,14,46,0,0,13,4,0,0,8,19,11,SHORT,1d: EMA SHORT +20 | 1d: MACD LONG +10 | 4h: EMA SHORT +12 | 4h: MACD SHORT +6 | 1h: EMA SHORT +8 | 1h: MACD LONG +4,1d: середина диапазона | 4h: середина диапазона | 1h: середина диапазона,1d: MACD LONG +5 | 1d: RSI 31.0 <35 LONG +5 | 4h: MACD SHORT +4 | 4h: RSI 37.1 neutral | 1h: MACD LONG +3 | 1h: RSI 45.6 neutral,Цена далеко от зоны входа,SHORT wins by 11 points
2026-06-25T22:09:12.454306+00:00,ETH/USDT,SHORT,WAIT,21,72.4,10,50,0,0,10,7,15,0,8,21,13,SHORT,1d: EMA SHORT +20 | 1d: MACD LONG +10 | 4h: EMA SHORT +12 | 4h: MACD SHORT +6 | 1h: EMA SHORT +8 | 1h: MACD SHORT +4,1d: середина диапазона | 4h: середина диапазона | 1h: середина диапазона,1d: MACD LONG +5 | 1d: RSI 31.1 <35 LONG +5 | 4h: MACD SHORT +4 | 4h: RSI 35.7 neutral | 1h: MACD SHORT +3 | 1h: RSI 42.4 neutral,Хорошая зона для LONG (+15 LONG),SHORT wins by 13 points
2026-06-25T22:09:13.348338+00:00,SOL/USDT,SHORT,NO TRADE,19,73.1,14,46,0,0,8,4,0,0,7,19,12,SHORT,1d: EMA SHORT +20 | 1d: MACD LONG +10 | 4h: EMA SHORT +12 | 4h: MACD SHORT +6 | 1h: EMA SHORT +8 | 1h: MACD LONG +4,1d: середина диапазона | 4h: середина диапазона | 1h: середина диапазона,1d: MACD LONG +5 | 1d: RSI 38.6 neutral | 4h: MACD SHORT +4 | 4h: RSI 41.3 neutral | 1h: MACD LONG +3 | 1h: RSI 48.4 neutral,Цена далеко от зоны входа,SHORT wins by 12 points
2026-06-25T22:14:16.490052+00:00,BTC/USDT,WAIT,NO TRADE,19,63.3,14,46,10,0,13,4,0,0,11,19,8,WAIT,1d: EMA SHORT +20 | 1d: MACD LONG +10 | 4h: EMA SHORT +12 | 4h: MACD SHORT +6 | 1h: EMA SHORT +8 | 1h: MACD LONG +4,1d: цена у нижней границы (+10 LONG) | 4h: середина диапазона | 1h: середина диапазона,1d: MACD LONG +5 | 1d: RSI 30.8 <35 LONG +5 | 4h: MACD SHORT +4 | 4h: RSI 36.5 neutral | 1h: MACD LONG +3 | 1h: RSI 44.9 neutral,Цена далеко от зоны входа,No clear directional edge.
2026-06-25T22:14:17.515971+00:00,ETH/USDT,WAIT,NO TRADE,21,60.0,10,50,18,0,14,7,15,0,14,21,7,WAIT,1d: EMA SHORT +20 | 1d: MACD LONG +10 | 4h: EMA SHORT +12 | 4h: MACD SHORT +6 | 1h: EMA SHORT +8 | 1h: MACD SHORT +4,1d: цена у нижней границы (+10 LONG) | 4h: цена у нижней границы (+8 LONG) | 1h: середина диапазона,1d: MACD LONG +5 | 1d: RSI 30.8 <35 LONG +5 | 4h: MACD SHORT +4 | 4h: RSI 34.5 <35 LONG +4 | 1h: MACD SHORT +3 | 1h: RSI 41.1 neutral,Хорошая зона для LONG (+15 LONG),No clear directional edge.
2026-06-25T22:14:18.344765+00:00,SOL/USDT,SHORT,NO TRADE,19,73.1,14,46,0,0,8,4,0,0,7,19,12,SHORT,1d: EMA SHORT +20 | 1d: MACD LONG +10 | 4h: EMA SHORT +12 | 4h: MACD SHORT +6 | 1h: EMA SHORT +8 | 1h: MACD LONG +4,1d: середина диапазона | 4h: середина диапазона | 1h: середина диапазона,1d: MACD LONG +5 | 1d: RSI 38.4 neutral | 4h: MACD SHORT +4 | 4h: RSI 40.7 neutral | 1h: MACD LONG +3 | 1h: RSI 47.7 neutral,Цена далеко от зоны входа,SHORT wins by 12 points
2026-06-25T22:19:21.702873+00:00,BTC/USDT,WAIT,NO TRADE,19,63.3,14,46,10,0,13,4,0,0,11,19,8,WAIT,1d: EMA SHORT +20 | 1d: MACD LONG +10 | 4h: EMA SHORT +12 | 4h: MACD SHORT +6 | 1h: EMA SHORT +8 | 1h: MACD LONG +4,1d: цена у нижней границы (+10 LONG) | 4h: середина диапазона | 1h: середина диапазона,1d: MACD LONG +5 | 1d: RSI 30.8 <35 LONG +5 | 4h: MACD SHORT +4 | 4h: RSI 36.2 neutral | 1h: MACD LONG +3 | 1h: RSI 44.7 neutral,Цена далеко от зоны входа,No clear directional edge.
2026-06-25T22:19:22.610546+00:00,ETH/USDT,WAIT,NO TRADE,21,60.0,10,50,18,0,14,7,15,0,14,21,7,WAIT,1d: EMA SHORT +20 | 1d: MACD LONG +10 | 4h: EMA SHORT +12 | 4h: MACD SHORT +6 | 1h: EMA SHORT +8 | 1h: MACD SHORT +4,1d: цена у нижней границы (+10 LONG) | 4h: цена у нижней границы (+8 LONG) | 1h: середина диапазона,1d: MACD LONG +5 | 1d: RSI 30.6 <35 LONG +5 | 4h: MACD SHORT +4 | 4h: RSI 34.0 <35 LONG +4 | 1h: MACD SHORT +3 | 1h: RSI 40.6 neutral,Хорошая зона для LONG (+15 LONG),No clear directional edge.
2026-06-25T22:19:23.593908+00:00,SOL/USDT,SHORT,NO TRADE,19,73.1,14,46,0,0,8,4,0,0,7,19,12,SHORT,1d: EMA SHORT +20 | 1d: MACD LONG +10 | 4h: EMA SHORT +12 | 4h: MACD SHORT +6 | 1h: EMA SHORT +8 | 1h: MACD LONG +4,1d: середина диапазона | 4h: середина диапазона | 1h: середина диапазона,1d: MACD LONG +5 | 1d: RSI 38.4 neutral | 4h: MACD SHORT +4 | 4h: RSI 40.7 neutral | 1h: MACD LONG +3 | 1h: RSI 47.7 neutral,Цена далеко от зоны входа,SHORT wins by 12 points
2026-06-25T22:24:27.098779+00:00,BTC/USDT,SHORT,WAIT,21,72.4,10,50,10,0,10,7,0,0,8,21,13,SHORT,1d: EMA SHORT +20 | 1d: MACD LONG +10 | 4h: EMA SHORT +12 | 4h: MACD SHORT +6 | 1h: EMA SHORT +8 | 1h: MACD SHORT +4,1d: цена у нижней границы (+10 LONG) | 4h: середина диапазона | 1h: середина диапазона,1d: MACD LONG +5 | 1d: RSI 30.7 <35 LONG +5 | 4h: MACD SHORT +4 | 4h: RSI 35.9 neutral | 1h: MACD SHORT +3 | 1h: RSI 44.3 neutral,Цена далеко от зоны входа,SHORT wins by 13 points
2026-06-25T22:24:27.980621+00:00,ETH/USDT,WAIT,NO TRADE,21,60.0,10,50,18,0,14,7,15,0,14,21,7,WAIT,1d: EMA SHORT +20 | 1d: MACD LONG +10 | 4h: EMA SHORT +12 | 4h: MACD SHORT +6 | 1h: EMA SHORT +8 | 1h: MACD SHORT +4,1d: цена у нижней границы (+10 LONG) | 4h: цена у нижней границы (+8 LONG) | 1h: середина диапазона,1d: MACD LONG +5 | 1d: RSI 30.6 <35 LONG +5 | 4h: MACD SHORT +4 | 4h: RSI 33.8 <35 LONG +4 | 1h: MACD SHORT +3 | 1h: RSI 40.4 neutral,Хорошая зона для LONG (+15 LONG),No clear directional edge.
2026-06-25T22:24:28.783667+00:00,SOL/USDT,SHORT,NO TRADE,19,73.1,14,46,0,0,8,4,0,0,7,19,12,SHORT,1d: EMA SHORT +20 | 1d: MACD LONG +10 | 4h: EMA SHORT +12 | 4h: MACD SHORT +6 | 1h: EMA SHORT +8 | 1h: MACD LONG +4,1d: середина диапазона | 4h: середина диапазона | 1h: середина диапазона,1d: MACD LONG +5 | 1d: RSI 38.4 neutral | 4h: MACD SHORT +4 | 4h: RSI 40.7 neutral | 1h: MACD LONG +3 | 1h: RSI 47.8 neutral,Цена далеко от зоны входа,SHORT wins by 12 points
2026-06-25T22:29:32.300104+00:00,BTC/USDT,SHORT,WAIT,21,72.4,10,50,10,0,10,7,0,0,8,21,13,SHORT,1d: EMA SHORT +20 | 1d: MACD LONG +10 | 4h: EMA SHORT +12 | 4h: MACD SHORT +6 | 1h: EMA SHORT +8 | 1h: MACD SHORT +4,1d: цена у нижней границы (+10 LONG) | 4h: середина диапазона | 1h: середина диапазона,1d: MACD LONG +5 | 1d: RSI 30.6 <35 LONG +5 | 4h: MACD SHORT +4 | 4h: RSI 35.4 neutral | 1h: MACD SHORT +3 | 1h: RSI 43.9 neutral,Цена далеко от зоны входа,SHORT wins by 13 points
2026-06-25T22:29:33.367747+00:00,ETH/USDT,WAIT,NO TRADE,21,60.0,10,50,18,0,14,7,15,0,14,21,7,WAIT,1d: EMA SHORT +20 | 1d: MACD LONG +10 | 4h: EMA SHORT +12 | 4h: MACD SHORT +6 | 1h: EMA SHORT +8 | 1h: MACD SHORT +4,1d: цена у нижней границы (+10 LONG) | 4h: цена у нижней границы (+8 LONG) | 1h: середина диапазона,1d: MACD LONG +5 | 1d: RSI 30.6 <35 LONG +5 | 4h: MACD SHORT +4 | 4h: RSI 33.8 <35 LONG +4 | 1h: MACD SHORT +3 | 1h: RSI 40.4 neutral,Хорошая зона для LONG (+15 LONG),No clear directional edge.
2026-06-25T22:29:34.249318+00:00,SOL/USDT,SHORT,NO TRADE,19,73.1,14,46,0,0,8,4,0,0,7,19,12,SHORT,1d: EMA SHORT +20 | 1d: MACD LONG +10 | 4h: EMA SHORT +12 | 4h: MACD SHORT +6 | 1h: EMA SHORT +8 | 1h: MACD LONG +4,1d: середина диапазона | 4h: середина диапазона | 1h: середина диапазона,1d: MACD LONG +5 | 1d: RSI 38.5 neutral | 4h: MACD SHORT +4 | 4h: RSI 41.0 neutral | 1h: MACD LONG +3 | 1h: RSI 48.0 neutral,Цена далеко от зоны входа,SHORT wins by 12 points
2026-06-25T22:34:37.802870+00:00,BTC/USDT,SHORT,WAIT,21,72.4,10,50,10,0,10,7,0,0,8,21,13,SHORT,1d: EMA SHORT +20 | 1d: MACD LONG +10 | 4h: EMA SHORT +12 | 4h: MACD SHORT +6 | 1h: EMA SHORT +8 | 1h: MACD SHORT +4,1d: цена у нижней границы (+10 LONG) | 4h: середина диапазона | 1h: середина диапазона,1d: MACD LONG +5 | 1d: RSI 30.6 <35 LONG +5 | 4h: MACD SHORT +4 | 4h: RSI 35.4 neutral | 1h: MACD SHORT +3 | 1h: RSI 43.9 neutral,Цена далеко от зоны входа,SHORT wins by 13 points
2026-06-25T22:34:38.704389+00:00,ETH/USDT,WAIT,NO TRADE,21,60.0,10,50,18,0,14,7,15,0,14,21,7,WAIT,1d: EMA SHORT +20 | 1d: MACD LONG +10 | 4h: EMA SHORT +12 | 4h: MACD SHORT +6 | 1h: EMA SHORT +8 | 1h: MACD SHORT +4,1d: цена у нижней границы (+10 LONG) | 4h: цена у нижней границы (+8 LONG) | 1h: середина диапазона,1d: MACD LONG +5 | 1d: RSI 30.7 <35 LONG +5 | 4h: MACD SHORT +4 | 4h: RSI 34.1 <35 LONG +4 | 1h: MACD SHORT +3 | 1h: RSI 40.7 neutral,Хорошая зона для LONG (+15 LONG),No clear directional edge.
2026-06-25T22:34:39.512766+00:00,SOL/USDT,SHORT,NO TRADE,19,73.1,14,46,0,0,8,4,0,0,7,19,12,SHORT,1d: EMA SHORT +20 | 1d: MACD LONG +10 | 4h: EMA SHORT +12 | 4h: MACD SHORT +6 | 1h: EMA SHORT +8 | 1h: MACD LONG +4,1d: середина диапазона | 4h: середина диапазона | 1h: середина диапазона,1d: MACD LONG +5 | 1d: RSI 38.6 neutral | 4h: MACD SHORT +4 | 4h: RSI 41.3 neutral | 1h: MACD LONG +3 | 1h: RSI 48.4 neutral,Цена далеко от зоны входа,SHORT wins by 12 points
2026-06-25T22:39:42.972126+00:00,BTC/USDT,SHORT,WAIT,21,72.4,10,50,10,0,10,7,0,0,8,21,13,SHORT,1d: EMA SHORT +20 | 1d: MACD LONG +10 | 4h: EMA SHORT +12 | 4h: MACD SHORT +6 | 1h: EMA SHORT +8 | 1h: MACD SHORT +4,1d: цена у нижней границы (+10 LONG) | 4h: середина диапазона | 1h: середина диапазона,1d: MACD LONG +5 | 1d: RSI 30.6 <35 LONG +5 | 4h: MACD SHORT +4 | 4h: RSI 35.3 neutral | 1h: MACD SHORT +3 | 1h: RSI 43.8 neutral,Цена далеко от зоны входа,SHORT wins by 13 points
2026-06-25T22:39:43.883758+00:00,ETH/USDT,WAIT,NO TRADE,21,60.0,10,50,18,0,14,7,15,0,14,21,7,WAIT,1d: EMA SHORT +20 | 1d: MACD LONG +10 | 4h: EMA SHORT +12 | 4h: MACD SHORT +6 | 1h: EMA SHORT +8 | 1h: MACD SHORT +4,1d: цена у нижней границы (+10 LONG) | 4h: цена у нижней границы (+8 LONG) | 1h: середина диапазона,1d: MACD LONG +5 | 1d: RSI 30.7 <35 LONG +5 | 4h: MACD SHORT +4 | 4h: RSI 34.1 <35 LONG +4 | 1h: MACD SHORT +3 | 1h: RSI 40.7 neutral,Хорошая зона для LONG (+15 LONG),No clear directional edge.
2026-06-25T22:39:44.690464+00:00,SOL/USDT,SHORT,NO TRADE,19,73.1,14,46,0,0,8,4,0,0,7,19,12,SHORT,1d: EMA SHORT +20 | 1d: MACD LONG +10 | 4h: EMA SHORT +12 | 4h: MACD SHORT +6 | 1h: EMA SHORT +8 | 1h: MACD LONG +4,1d: середина диапазона | 4h: середина диапазона | 1h: середина диапазона,1d: MACD LONG +5 | 1d: RSI 38.6 neutral | 4h: MACD SHORT +4 | 4h: RSI 41.4 neutral | 1h: MACD LONG +3 | 1h: RSI 48.5 neutral,Цена далеко от зоны входа,SHORT wins by 12 points
2026-06-25T22:44:48.268191+00:00,BTC/USDT,SHORT,WAIT,21,72.4,10,50,10,0,10,7,0,0,8,21,13,SHORT,1d: EMA SHORT +20 | 1d: MACD LONG +10 | 4h: EMA SHORT +12 | 4h: MACD SHORT +6 | 1h: EMA SHORT +8 | 1h: MACD SHORT +4,1d: цена у нижней границы (+10 LONG) | 4h: середина диапазона | 1h: середина диапазона,1d: MACD LONG +5 | 1d: RSI 30.6 <35 LONG +5 | 4h: MACD SHORT +4 | 4h: RSI 35.4 neutral | 1h: MACD SHORT +3 | 1h: RSI 43.8 neutral,Цена далеко от зоны входа,SHORT wins by 13 points
2026-06-25T22:44:49.183722+00:00,ETH/USDT,WAIT,NO TRADE,21,60.0,10,50,18,0,14,7,15,0,14,21,7,WAIT,1d: EMA SHORT +20 | 1d: MACD LONG +10 | 4h: EMA SHORT +12 | 4h: MACD SHORT +6 | 1h: EMA SHORT +8 | 1h: MACD SHORT +4,1d: цена у нижней границы (+10 LONG) | 4h: цена у нижней границы (+8 LONG) | 1h: середина диапазона,1d: MACD LONG +5 | 1d: RSI 30.7 <35 LONG +5 | 4h: MACD SHORT +4 | 4h: RSI 34.3 <35 LONG +4 | 1h: MACD SHORT +3 | 1h: RSI 40.8 neutral,Хорошая зона для LONG (+15 LONG),No clear directional edge.
2026-06-25T22:44:50.123206+00:00,SOL/USDT,SHORT,NO TRADE,19,73.1,14,46,0,0,8,4,0,0,7,19,12,SHORT,1d: EMA SHORT +20 | 1d: MACD LONG +10 | 4h: EMA SHORT +12 | 4h: MACD SHORT +6 | 1h: EMA SHORT +8 | 1h: MACD LONG +4,1d: середина диапазона | 4h: середина диапазона | 1h: середина диапазона,1d: MACD LONG +5 | 1d: RSI 38.7 neutral | 4h: MACD SHORT +4 | 4h: RSI 41.5 neutral | 1h: MACD LONG +3 | 1h: RSI 48.7 neutral,Цена далеко от зоны входа,SHORT wins by 12 points
2026-06-25T22:49:53.572814+00:00,BTC/USDT,SHORT,WAIT,21,72.4,10,50,10,0,10,7,0,0,8,21,13,SHORT,1d: EMA SHORT +20 | 1d: MACD LONG +10 | 4h: EMA SHORT +12 | 4h: MACD SHORT +6 | 1h: EMA SHORT +8 | 1h: MACD SHORT +4,1d: цена у нижней границы (+10 LONG) | 4h: середина диапазона | 1h: середина диапазона,1d: MACD LONG +5 | 1d: RSI 30.5 <35 LONG +5 | 4h: MACD SHORT +4 | 4h: RSI 35.0 neutral | 1h: MACD SHORT +3 | 1h: RSI 43.5 neutral,Цена далеко от зоны входа,SHORT wins by 13 points
2026-06-25T22:49:54.474489+00:00,ETH/USDT,WAIT,NO TRADE,21,60.0,10,50,18,0,14,7,15,0,14,21,7,WAIT,1d: EMA SHORT +20 | 1d: MACD LONG +10 | 4h: EMA SHORT +12 | 4h: MACD SHORT +6 | 1h: EMA SHORT +8 | 1h: MACD SHORT +4,1d: цена у нижней границы (+10 LONG) | 4h: цена у нижней границы (+8 LONG) | 1h: середина диапазона,1d: MACD LONG +5 | 1d: RSI 30.6 <35 LONG +5 | 4h: MACD SHORT +4 | 4h: RSI 33.8 <35 LONG +4 | 1h: MACD SHORT +3 | 1h: RSI 40.3 neutral,Хорошая зона для LONG (+15 LONG),No clear directional edge.
2026-06-25T22:49:55.398759+00:00,SOL/USDT,SHORT,NO TRADE,19,73.1,14,46,0,0,8,4,0,0,7,19,12,SHORT,1d: EMA SHORT +20 | 1d: MACD LONG +10 | 4h: EMA SHORT +12 | 4h: MACD SHORT +6 | 1h: EMA SHORT +8 | 1h: MACD LONG +4,1d: середина диапазона | 4h: середина диапазона | 1h: середина диапазона,1d: MACD LONG +5 | 1d: RSI 38.5 neutral | 4h: MACD SHORT +4 | 4h: RSI 40.9 neutral | 1h: MACD LONG +3 | 1h: RSI 48.0 neutral,Цена далеко от зоны входа,SHORT wins by 12 points
2026-06-25T22:54:58.803896+00:00,BTC/USDT,SHORT,WAIT,21,72.4,10,50,10,0,10,7,0,0,8,21,13,SHORT,1d: EMA SHORT +20 | 1d: MACD LONG +10 | 4h: EMA SHORT +12 | 4h: MACD SHORT +6 | 1h: EMA SHORT +8 | 1h: MACD SHORT +4,1d: цена у нижней границы (+10 LONG) | 4h: середина диапазона | 1h: середина диапазона,1d: MACD LONG +5 | 1d: RSI 30.7 <35 LONG +5 | 4h: MACD SHORT +4 | 4h: RSI 35.8 neutral | 1h: MACD SHORT +3 | 1h: RSI 44.3 neutral,Цена далеко от зоны входа,SHORT wins by 13 points
2026-06-25T22:54:59.897722+00:00,ETH/USDT,WAIT,NO TRADE,21,60.0,10,50,18,0,14,7,15,0,14,21,7,WAIT,1d: EMA SHORT +20 | 1d: MACD LONG +10 | 4h: EMA SHORT +12 | 4h: MACD SHORT +6 | 1h: EMA SHORT +8 | 1h: MACD SHORT +4,1d: цена у нижней границы (+10 LONG) | 4h: цена у нижней границы (+8 LONG) | 1h: середина диапазона,1d: MACD LONG +5 | 1d: RSI 30.8 <35 LONG +5 | 4h: MACD SHORT +4 | 4h: RSI 34.5 <35 LONG +4 | 1h: MACD SHORT +3 | 1h: RSI 41.1 neutral,Хорошая зона для LONG (+15 LONG),No clear directional edge.
2026-06-25T22:55:00.693781+00:00,SOL/USDT,SHORT,NO TRADE,19,73.1,14,46,0,0,8,4,0,0,7,19,12,SHORT,1d: EMA SHORT +20 | 1d: MACD LONG +10 | 4h: EMA SHORT +12 | 4h: MACD SHORT +6 | 1h: EMA SHORT +8 | 1h: MACD LONG +4,1d: середина диапазона | 4h: середина диапазона | 1h: середина диапазона,1d: MACD LONG +5 | 1d: RSI 38.6 neutral | 4h: MACD SHORT +4 | 4h: RSI 41.4 neutral | 1h: MACD LONG +3 | 1h: RSI 48.5 neutral,Цена далеко от зоны входа,SHORT wins by 12 points
2026-06-25T23:00:03.989063+00:00,BTC/USDT,WAIT,NO TRADE,19,63.3,14,46,10,0,13,4,0,0,11,19,8,WAIT,1d: EMA SHORT +20 | 1d: MACD LONG +10 | 4h: EMA SHORT +12 | 4h: MACD SHORT +6 | 1h: EMA SHORT +8 | 1h: MACD LONG +4,1d: цена у нижней границы (+10 LONG) | 4h: середина диапазона | 1h: середина диапазона,1d: MACD LONG +5 | 1d: RSI 30.6 <35 LONG +5 | 4h: MACD SHORT +4 | 4h: RSI 35.7 neutral | 1h: MACD LONG +3 | 1h: RSI 44.2 neutral,Цена далеко от зоны входа,No clear directional edge.
2026-06-25T23:00:04.886251+00:00,ETH/USDT,WAIT,NO TRADE,21,60.0,10,50,18,0,14,7,15,0,14,21,7,WAIT,1d: EMA SHORT +20 | 1d: MACD LONG +10 | 4h: EMA SHORT +12 | 4h: MACD SHORT +6 | 1h: EMA SHORT +8 | 1h: MACD SHORT +4,1d: цена у нижней границы (+10 LONG) | 4h: цена у нижней границы (+8 LONG) | 1h: середина диапазона,1d: MACD LONG +5 | 1d: RSI 30.7 <35 LONG +5 | 4h: MACD SHORT +4 | 4h: RSI 34.1 <35 LONG +4 | 1h: MACD SHORT +3 | 1h: RSI 40.7 neutral,Хорошая зона для LONG (+15 LONG),No clear directional edge.
2026-06-25T23:00:05.763784+00:00,SOL/USDT,SHORT,NO TRADE,19,73.1,14,46,0,0,8,4,0,0,7,19,12,SHORT,1d: EMA SHORT +20 | 1d: MACD LONG +10 | 4h: EMA SHORT +12 | 4h: MACD SHORT +6 | 1h: EMA SHORT +8 | 1h: MACD LONG +4,1d: середина диапазона | 4h: середина диапазона | 1h: середина диапазона,1d: MACD LONG +5 | 1d: RSI 38.6 neutral | 4h: MACD SHORT +4 | 4h: RSI 41.3 neutral | 1h: MACD LONG +3 | 1h: RSI 48.4 neutral,Цена далеко от зоны входа,SHORT wins by 12 points
2026-06-25T23:05:09.171641+00:00,BTC/USDT,WAIT,NO TRADE,19,63.3,14,46,10,0,13,4,0,0,11,19,8,WAIT,1d: EMA SHORT +20 | 1d: MACD LONG +10 | 4h: EMA SHORT +12 | 4h: MACD SHORT +6 | 1h: EMA SHORT +8 | 1h: MACD LONG +4,1d: цена у нижней границы (+10 LONG) | 4h: середина диапазона | 1h: середина диапазона,1d: MACD LONG +5 | 1d: RSI 30.8 <35 LONG +5 | 4h: MACD SHORT +4 | 4h: RSI 36.4 neutral | 1h: MACD LONG +3 | 1h: RSI 45.1 neutral,Цена далеко от зоны входа,No clear directional edge.
2026-06-25T23:05:10.054029+00:00,ETH/USDT,WAIT,NO TRADE,21,60.0,10,50,18,0,14,7,15,0,14,21,7,WAIT,1d: EMA SHORT +20 | 1d: MACD LONG +10 | 4h: EMA SHORT +12 | 4h: MACD SHORT +6 | 1h: EMA SHORT +8 | 1h: MACD SHORT +4,1d: цена у нижней границы (+10 LONG) | 4h: цена у нижней границы (+8 LONG) | 1h: середина диапазона,1d: MACD LONG +5 | 1d: RSI 30.8 <35 LONG +5 | 4h: MACD SHORT +4 | 4h: RSI 34.5 <35 LONG +4 | 1h: MACD SHORT +3 | 1h: RSI 41.3 neutral,Хорошая зона для LONG (+15 LONG),No clear directional edge.
2026-06-25T23:05:10.841172+00:00,SOL/USDT,SHORT,NO TRADE,19,73.1,14,46,0,0,8,4,0,0,7,19,12,SHORT,1d: EMA SHORT +20 | 1d: MACD LONG +10 | 4h: EMA SHORT +12 | 4h: MACD SHORT +6 | 1h: EMA SHORT +8 | 1h: MACD LONG +4,1d: середина диапазона | 4h: середина диапазона | 1h: середина диапазона,1d: MACD LONG +5 | 1d: RSI 38.7 neutral | 4h: MACD SHORT +4 | 4h: RSI 41.7 neutral | 1h: MACD LONG +3 | 1h: RSI 48.9 neutral,Цена далеко от зоны входа,SHORT wins by 12 points
2026-06-25T23:10:14.098956+00:00,BTC/USDT,WAIT,NO TRADE,19,63.3,14,46,10,0,13,4,0,0,11,19,8,WAIT,1d: EMA SHORT +20 | 1d: MACD LONG +10 | 4h: EMA SHORT +12 | 4h: MACD SHORT +6 | 1h: EMA SHORT +8 | 1h: MACD LONG +4,1d: цена у нижней границы (+10 LONG) | 4h: середина диапазона | 1h: середина диапазона,1d: MACD LONG +5 | 1d: RSI 30.6 <35 LONG +5 | 4h: MACD SHORT +4 | 4h: RSI 35.5 neutral | 1h: MACD LONG +3 | 1h: RSI 44.0 neutral,Цена далеко от зоны входа,No clear directional edge.
2026-06-25T23:10:14.973674+00:00,ETH/USDT,WAIT,NO TRADE,21,60.0,10,50,18,0,14,7,15,0,14,21,7,WAIT,1d: EMA SHORT +20 | 1d: MACD LONG +10 | 4h: EMA SHORT +12 | 4h: MACD SHORT +6 | 1h: EMA SHORT +8 | 1h: MACD SHORT +4,1d: цена у нижней границы (+10 LONG) | 4h: цена у нижней границы (+8 LONG) | 1h: середина диапазона,1d: MACD LONG +5 | 1d: RSI 30.5 <35 LONG +5 | 4h: MACD SHORT +4 | 4h: RSI 33.6 <35 LONG +4 | 1h: MACD SHORT +3 | 1h: RSI 40.1 neutral,Хорошая зона для LONG (+15 LONG),No clear directional edge.
2026-06-25T23:10:16.251408+00:00,SOL/USDT,SHORT,NO TRADE,19,73.1,14,46,0,0,8,4,0,0,7,19,12,SHORT,1d: EMA SHORT +20 | 1d: MACD LONG +10 | 4h: EMA SHORT +12 | 4h: MACD SHORT +6 | 1h: EMA SHORT +8 | 1h: MACD LONG +4,1d: середина диапазона | 4h: середина диапазона | 1h: середина диапазона,1d: MACD LONG +5 | 1d: RSI 38.4 neutral | 4h: MACD SHORT +4 | 4h: RSI 40.7 neutral | 1h: MACD LONG +3 | 1h: RSI 47.6 neutral,Цена далеко от зоны входа,SHORT wins by 12 points
2026-06-25T23:15:19.522142+00:00,BTC/USDT,SHORT,NO TRADE,19,70.4,14,46,0,0,13,4,0,0,8,19,11,SHORT,1d: EMA SHORT +20 | 1d: MACD LONG +10 | 4h: EMA SHORT +12 | 4h: MACD SHORT +6 | 1h: EMA SHORT +8 | 1h: MACD LONG +4,1d: середина диапазона | 4h: середина диапазона | 1h: середина диапазона,1d: MACD LONG +5 | 1d: RSI 30.9 <35 LONG +5 | 4h: MACD SHORT +4 | 4h: RSI 36.7 neutral | 1h: MACD LONG +3 | 1h: RSI 45.4 neutral,Цена далеко от зоны входа,SHORT wins by 11 points
2026-06-25T23:15:20.413945+00:00,ETH/USDT,WAIT,NO TRADE,21,60.0,10,50,18,0,14,7,15,0,14,21,7,WAIT,1d: EMA SHORT +20 | 1d: MACD LONG +10 | 4h: EMA SHORT +12 | 4h: MACD SHORT +6 | 1h: EMA SHORT +8 | 1h: MACD SHORT +4,1d: цена у нижней границы (+10 LONG) | 4h: цена у нижней границы (+8 LONG) | 1h: середина диапазона,1d: MACD LONG +5 | 1d: RSI 30.8 <35 LONG +5 | 4h: MACD SHORT +4 | 4h: RSI 34.7 <35 LONG +4 | 1h: MACD SHORT +3 | 1h: RSI 41.7 neutral,Хорошая зона для LONG (+15 LONG),No clear directional edge.
2026-06-25T23:15:21.424958+00:00,SOL/USDT,SHORT,NO TRADE,19,73.1,14,46,0,0,8,4,0,0,7,19,12,SHORT,1d: EMA SHORT +20 | 1d: MACD LONG +10 | 4h: EMA SHORT +12 | 4h: MACD SHORT +6 | 1h: EMA SHORT +8 | 1h: MACD LONG +4,1d: середина диапазона | 4h: середина диапазона | 1h: середина диапазона,1d: MACD LONG +5 | 1d: RSI 38.7 neutral | 4h: MACD SHORT +4 | 4h: RSI 41.6 neutral | 1h: MACD LONG +3 | 1h: RSI 48.8 neutral,Цена далеко от зоны входа,SHORT wins by 12 points
2026-06-25T23:20:24.931979+00:00,BTC/USDT,SHORT,NO TRADE,19,70.4,14,46,0,0,13,4,0,0,8,19,11,SHORT,1d: EMA SHORT +20 | 1d: MACD LONG +10 | 4h: EMA SHORT +12 | 4h: MACD SHORT +6 | 1h: EMA SHORT +8 | 1h: MACD LONG +4,1d: середина диапазона | 4h: середина диапазона | 1h: середина диапазона,1d: MACD LONG +5 | 1d: RSI 31.1 <35 LONG +5 | 4h: MACD SHORT +4 | 4h: RSI 37.6 neutral | 1h: MACD LONG +3 | 1h: RSI 46.6 neutral,Цена далеко от зоны входа,SHORT wins by 11 points
2026-06-25T23:20:25.757960+00:00,ETH/USDT,SHORT,WAIT,21,72.4,10,50,0,0,10,7,15,0,8,21,13,SHORT,1d: EMA SHORT +20 | 1d: MACD LONG +10 | 4h: EMA SHORT +12 | 4h: MACD SHORT +6 | 1h: EMA SHORT +8 | 1h: MACD SHORT +4,1d: середина диапазона | 4h: середина диапазона | 1h: середина диапазона,1d: MACD LONG +5 | 1d: RSI 31.1 <35 LONG +5 | 4h: MACD SHORT +4 | 4h: RSI 35.7 neutral | 1h: MACD SHORT +3 | 1h: RSI 43.1 neutral,Хорошая зона для LONG (+15 LONG),SHORT wins by 13 points
2026-06-25T23:20:26.676970+00:00,SOL/USDT,SHORT,NO TRADE,19,73.1,14,46,0,0,8,4,0,0,7,19,12,SHORT,1d: EMA SHORT +20 | 1d: MACD LONG +10 | 4h: EMA SHORT +12 | 4h: MACD SHORT +6 | 1h: EMA SHORT +8 | 1h: MACD LONG +4,1d: середина диапазона | 4h: середина диапазона | 1h: середина диапазона,1d: MACD LONG +5 | 1d: RSI 39.1 neutral | 4h: MACD SHORT +4 | 4h: RSI 42.6 neutral | 1h: MACD LONG +3 | 1h: RSI 50.2 neutral,Цена далеко от зоны входа,SHORT wins by 12 points
2026-06-25T23:25:30.146890+00:00,BTC/USDT,SHORT,NO TRADE,19,70.4,14,46,0,0,13,4,0,0,8,19,11,SHORT,1d: EMA SHORT +20 | 1d: MACD LONG +10 | 4h: EMA SHORT +12 | 4h: MACD SHORT +6 | 1h: EMA SHORT +8 | 1h: MACD LONG +4,1d: середина диапазона | 4h: середина диапазона | 1h: середина диапазона,1d: MACD LONG +5 | 1d: RSI 31.3 <35 LONG +5 | 4h: MACD SHORT +4 | 4h: RSI 38.3 neutral | 1h: MACD LONG +3 | 1h: RSI 47.6 neutral,Цена далеко от зоны входа,SHORT wins by 11 points
2026-06-25T23:25:31.023617+00:00,ETH/USDT,SHORT,WAIT,21,77.8,10,50,0,0,10,7,0,0,6,21,15,SHORT,1d: EMA SHORT +20 | 1d: MACD LONG +10 | 4h: EMA SHORT +12 | 4h: MACD SHORT +6 | 1h: EMA SHORT +8 | 1h: MACD SHORT +4,1d: середина диапазона | 4h: середина диапазона | 1h: середина диапазона,1d: MACD LONG +5 | 1d: RSI 31.2 <35 LONG +5 | 4h: MACD SHORT +4 | 4h: RSI 36.1 neutral | 1h: MACD SHORT +3 | 1h: RSI 43.7 neutral,Цена далеко от зоны входа,SHORT wins by 15 points
2026-06-25T23:25:32.006664+00:00,SOL/USDT,SHORT,WAIT,21,75.0,14,46,0,0,8,4,0,15,7,21,14,SHORT,1d: EMA SHORT +20 | 1d: MACD LONG +10 | 4h: EMA SHORT +12 | 4h: MACD SHORT +6 | 1h: EMA SHORT +8 | 1h: MACD LONG +4,1d: середина диапазона | 4h: середина диапазона | 1h: середина диапазона,1d: MACD LONG +5 | 1d: RSI 39.7 neutral | 4h: MACD SHORT +4 | 4h: RSI 44.1 neutral | 1h: MACD LONG +3 | 1h: RSI 52.2 neutral,Хорошая зона для SHORT (+15 SHORT),SHORT wins by 14 points
2026-06-25T23:30:35.540005+00:00,BTC/USDT,SHORT,NO TRADE,19,70.4,14,46,0,0,13,4,0,0,8,19,11,SHORT,1d: EMA SHORT +20 | 1d: MACD LONG +10 | 4h: EMA SHORT +12 | 4h: MACD SHORT +6 | 1h: EMA SHORT +8 | 1h: MACD LONG +4,1d: середина диапазона | 4h: середина диапазона | 1h: середина диапазона,1d: MACD LONG +5 | 1d: RSI 31.2 <35 LONG +5 | 4h: MACD SHORT +4 | 4h: RSI 38.0 neutral | 1h: MACD LONG +3 | 1h: RSI 47.1 neutral,Цена далеко от зоны входа,SHORT wins by 11 points
2026-06-25T23:30:36.620615+00:00,ETH/USDT,SHORT,WAIT,21,77.8,10,50,0,0,10,7,0,0,6,21,15,SHORT,1d: EMA SHORT +20 | 1d: MACD LONG +10 | 4h: EMA SHORT +12 | 4h: MACD SHORT +6 | 1h: EMA SHORT +8 | 1h: MACD SHORT +4,1d: середина диапазона | 4h: середина диапазона | 1h: середина диапазона,1d: MACD LONG +5 | 1d: RSI 31.2 <35 LONG +5 | 4h: MACD SHORT +4 | 4h: RSI 36.1 neutral | 1h: MACD SHORT +3 | 1h: RSI 43.6 neutral,Цена далеко от зоны входа,SHORT wins by 15 points
2026-06-25T23:30:37.401316+00:00,SOL/USDT,SHORT,WATCH,23,76.7,14,46,0,7,8,4,0,15,7,23,16,SHORT,1d: EMA SHORT +20 | 1d: MACD LONG +10 | 4h: EMA SHORT +12 | 4h: MACD SHORT +6 | 1h: EMA SHORT +8 | 1h: MACD LONG +4,1d: середина диапазона | 4h: середина диапазона | 1h: цена у верхней границы (+7 SHORT),1d: MACD LONG +5 | 1d: RSI 41.6 neutral | 4h: MACD SHORT +4 | 4h: RSI 47.4 neutral | 1h: MACD LONG +3 | 1h: RSI 56.4 neutral,Хорошая зона для SHORT (+15 SHORT),SHORT wins by 16 points
2026-06-25T23:35:40.893656+00:00,BTC/USDT,SHORT,NO TRADE,19,70.4,14,46,0,0,13,4,0,0,8,19,11,SHORT,1d: EMA SHORT +20 | 1d: MACD LONG +10 | 4h: EMA SHORT +12 | 4h: MACD SHORT +6 | 1h: EMA SHORT +8 | 1h: MACD LONG +4,1d: середина диапазона | 4h: середина диапазона | 1h: середина диапазона,1d: MACD LONG +5 | 1d: RSI 31.3 <35 LONG +5 | 4h: MACD SHORT +4 | 4h: RSI 38.1 neutral | 1h: MACD LONG +3 | 1h: RSI 47.3 neutral,Цена далеко от зоны входа,SHORT wins by 11 points
2026-06-25T23:35:41.779277+00:00,ETH/USDT,SHORT,WAIT,21,77.8,10,50,0,0,10,7,0,0,6,21,15,SHORT,1d: EMA SHORT +20 | 1d: MACD LONG +10 | 4h: EMA SHORT +12 | 4h: MACD SHORT +6 | 1h: EMA SHORT +8 | 1h: MACD SHORT +4,1d: середина диапазона | 4h: середина диапазона | 1h: середина диапазона,1d: MACD LONG +5 | 1d: RSI 31.1 <35 LONG +5 | 4h: MACD SHORT +4 | 4h: RSI 36.0 neutral | 1h: MACD SHORT +3 | 1h: RSI 43.6 neutral,Цена далеко от зоны входа,SHORT wins by 15 points
2026-06-25T23:35:42.590896+00:00,SOL/USDT,SHORT,WAIT,21,75.0,14,46,0,0,8,4,0,15,7,21,14,SHORT,1d: EMA SHORT +20 | 1d: MACD LONG +10 | 4h: EMA SHORT +12 | 4h: MACD SHORT +6 | 1h: EMA SHORT +8 | 1h: MACD LONG +4,1d: середина диапазона | 4h: середина диапазона | 1h: середина диапазона,1d: MACD LONG +5 | 1d: RSI 40.8 neutral | 4h: MACD SHORT +4 | 4h: RSI 46.3 neutral | 1h: MACD LONG +3 | 1h: RSI 55.1 neutral,Хорошая зона для SHORT (+15 SHORT),SHORT wins by 14 points
2026-06-25T23:40:46.062154+00:00,BTC/USDT,SHORT,NO TRADE,19,70.4,14,46,0,0,13,4,0,0,8,19,11,SHORT,1d: EMA SHORT +20 | 1d: MACD LONG +10 | 4h: EMA SHORT +12 | 4h: MACD SHORT +6 | 1h: EMA SHORT +8 | 1h: MACD LONG +4,1d: середина диапазона | 4h: середина диапазона | 1h: середина диапазона,1d: MACD LONG +5 | 1d: RSI 31.1 <35 LONG +5 | 4h: MACD SHORT +4 | 4h: RSI 37.5 neutral | 1h: MACD LONG +3 | 1h: RSI 46.5 neutral,Цена далеко от зоны входа,SHORT wins by 11 points
2026-06-25T23:40:46.957555+00:00,ETH/USDT,SHORT,WAIT,21,67.7,10,50,8,0,10,7,15,0,10,21,11,SHORT,1d: EMA SHORT +20 | 1d: MACD LONG +10 | 4h: EMA SHORT +12 | 4h: MACD SHORT +6 | 1h: EMA SHORT +8 | 1h: MACD SHORT +4,1d: середина диапазона | 4h: цена у нижней границы (+8 LONG) | 1h: середина диапазона,1d: MACD LONG +5 | 1d: RSI 30.9 <35 LONG +5 | 4h: MACD SHORT +4 | 4h: RSI 35.2 neutral | 1h: MACD SHORT +3 | 1h: RSI 42.4 neutral,Хорошая зона для LONG (+15 LONG),SHORT wins by 11 points
2026-06-25T23:40:47.837318+00:00,SOL/USDT,SHORT,WAIT,21,75.0,14,46,0,0,8,4,0,15,7,21,14,SHORT,1d: EMA SHORT +20 | 1d: MACD LONG +10 | 4h: EMA SHORT +12 | 4h: MACD SHORT +6 | 1h: EMA SHORT +8 | 1h: MACD LONG +4,1d: середина диапазона | 4h: середина диапазона | 1h: середина диапазона,1d: MACD LONG +5 | 1d: RSI 40.1 neutral | 4h: MACD SHORT +4 | 4h: RSI 45.1 neutral | 1h: MACD LONG +3 | 1h: RSI 53.6 neutral,Хорошая зона для SHORT (+15 SHORT),SHORT wins by 14 points
2026-06-25T23:45:51.158945+00:00,BTC/USDT,SHORT,NO TRADE,19,70.4,14,46,0,0,13,4,0,0,8,19,11,SHORT,1d: EMA SHORT +20 | 1d: MACD LONG +10 | 4h: EMA SHORT +12 | 4h: MACD SHORT +6 | 1h: EMA SHORT +8 | 1h: MACD LONG +4,1d: середина диапазона | 4h: середина диапазона | 1h: середина диапазона,1d: MACD LONG +5 | 1d: RSI 30.9 <35 LONG +5 | 4h: MACD SHORT +4 | 4h: RSI 36.7 neutral | 1h: MACD LONG +3 | 1h: RSI 45.4 neutral,Цена далеко от зоны входа,SHORT wins by 11 points
2026-06-25T23:45:52.072109+00:00,ETH/USDT,WAIT,NO TRADE,21,60.0,10,50,18,0,14,7,15,0,14,21,7,WAIT,1d: EMA SHORT +20 | 1d: MACD LONG +10 | 4h: EMA SHORT +12 | 4h: MACD SHORT +6 | 1h: EMA SHORT +8 | 1h: MACD SHORT +4,1d: цена у нижней границы (+10 LONG) | 4h: цена у нижней границы (+8 LONG) | 1h: середина диапазона,1d: MACD LONG +5 | 1d: RSI 30.7 <35 LONG +5 | 4h: MACD SHORT +4 | 4h: RSI 34.3 <35 LONG +4 | 1h: MACD SHORT +3 | 1h: RSI 41.0 neutral,Хорошая зона для LONG (+15 LONG),No clear directional edge.
2026-06-25T23:45:52.951031+00:00,SOL/USDT,SHORT,WAIT,21,75.0,14,46,0,0,8,4,0,15,7,21,14,SHORT,1d: EMA SHORT +20 | 1d: MACD LONG +10 | 4h: EMA SHORT +12 | 4h: MACD SHORT +6 | 1h: EMA SHORT +8 | 1h: MACD LONG +4,1d: середина диапазона | 4h: середина диапазона | 1h: середина диапазона,1d: MACD LONG +5 | 1d: RSI 39.8 neutral | 4h: MACD SHORT +4 | 4h: RSI 44.3 neutral | 1h: MACD LONG +3 | 1h: RSI 52.5 neutral,Хорошая зона для SHORT (+15 SHORT),SHORT wins by 14 points
2026-06-25T23:50:56.210519+00:00,BTC/USDT,WAIT,NO TRADE,19,63.3,14,46,10,0,13,4,0,0,11,19,8,WAIT,1d: EMA SHORT +20 | 1d: MACD LONG +10 | 4h: EMA SHORT +12 | 4h: MACD SHORT +6 | 1h: EMA SHORT +8 | 1h: MACD LONG +4,1d: цена у нижней границы (+10 LONG) | 4h: середина диапазона | 1h: середина диапазона,1d: MACD LONG +5 | 1d: RSI 30.7 <35 LONG +5 | 4h: MACD SHORT +4 | 4h: RSI 35.8 neutral | 1h: MACD LONG +3 | 1h: RSI 44.2 neutral,Цена далеко от зоны входа,No clear directional edge.
2026-06-25T23:50:57.112123+00:00,ETH/USDT,WAIT,NO TRADE,21,60.0,10,50,18,0,14,7,15,0,14,21,7,WAIT,1d: EMA SHORT +20 | 1d: MACD LONG +10 | 4h: EMA SHORT +12 | 4h: MACD SHORT +6 | 1h: EMA SHORT +8 | 1h: MACD SHORT +4,1d: цена у нижней границы (+10 LONG) | 4h: цена у нижней границы (+8 LONG) | 1h: середина диапазона,1d: MACD LONG +5 | 1d: RSI 30.5 <35 LONG +5 | 4h: MACD SHORT +4 | 4h: RSI 33.6 <35 LONG +4 | 1h: MACD SHORT +3 | 1h: RSI 40.2 neutral,Хорошая зона для LONG (+15 LONG),No clear directional edge.
2026-06-25T23:50:57.901023+00:00,SOL/USDT,SHORT,WAIT,21,75.0,14,46,0,0,8,4,0,15,7,21,14,SHORT,1d: EMA SHORT +20 | 1d: MACD LONG +10 | 4h: EMA SHORT +12 | 4h: MACD SHORT +6 | 1h: EMA SHORT +8 | 1h: MACD LONG +4,1d: середина диапазона | 4h: середина диапазона | 1h: середина диапазона,1d: MACD LONG +5 | 1d: RSI 39.6 neutral | 4h: MACD SHORT +4 | 4h: RSI 43.9 neutral | 1h: MACD LONG +3 | 1h: RSI 51.9 neutral,Хорошая зона для SHORT (+15 SHORT),SHORT wins by 14 points
2026-06-25T23:56:01.393226+00:00,BTC/USDT,WAIT,NO TRADE,19,63.3,14,46,10,0,13,4,0,0,11,19,8,WAIT,1d: EMA SHORT +20 | 1d: MACD LONG +10 | 4h: EMA SHORT +12 | 4h: MACD SHORT +6 | 1h: EMA SHORT +8 | 1h: MACD LONG +4,1d: цена у нижней границы (+10 LONG) | 4h: середина диапазона | 1h: середина диапазона,1d: MACD LONG +5 | 1d: RSI 30.6 <35 LONG +5 | 4h: MACD SHORT +4 | 4h: RSI 35.6 neutral | 1h: MACD LONG +3 | 1h: RSI 44.0 neutral,Цена далеко от зоны входа,No clear directional edge.
2026-06-25T23:56:02.316891+00:00,ETH/USDT,WAIT,NO TRADE,21,60.0,10,50,18,0,14,7,15,0,14,21,7,WAIT,1d: EMA SHORT +20 | 1d: MACD LONG +10 | 4h: EMA SHORT +12 | 4h: MACD SHORT +6 | 1h: EMA SHORT +8 | 1h: MACD SHORT +4,1d: цена у нижней границы (+10 LONG) | 4h: цена у нижней границы (+8 LONG) | 1h: середина диапазона,1d: MACD LONG +5 | 1d: RSI 30.4 <35 LONG +5 | 4h: MACD SHORT +4 | 4h: RSI 33.1 <35 LONG +4 | 1h: MACD SHORT +3 | 1h: RSI 39.7 neutral,Хорошая зона для LONG (+15 LONG),No clear directional edge.
2026-06-25T23:56:03.250298+00:00,SOL/USDT,SHORT,NO TRADE,19,73.1,14,46,0,0,8,4,0,0,7,19,12,SHORT,1d: EMA SHORT +20 | 1d: MACD LONG +10 | 4h: EMA SHORT +12 | 4h: MACD SHORT +6 | 1h: EMA SHORT +8 | 1h: MACD LONG +4,1d: середина диапазона | 4h: середина диапазона | 1h: середина диапазона,1d: MACD LONG +5 | 1d: RSI 39.4 neutral | 4h: MACD SHORT +4 | 4h: RSI 43.5 neutral | 1h: MACD LONG +3 | 1h: RSI 51.5 neutral,Цена далеко от зоны входа,SHORT wins by 12 points
2026-06-26T00:01:07.284650+00:00,BTC/USDT,SHORT,WATCH,24,80.0,4,56,10,0,8,9,0,0,6,24,18,SHORT,1d: EMA SHORT +20 | 1d: MACD SHORT +10 | 4h: EMA SHORT +12 | 4h: MACD SHORT +6 | 1h: EMA SHORT +8 | 1h: MACD LONG +4,1d: цена у нижней границы (+10 LONG) | 4h: середина диапазона | 1h: середина диапазона,1d: MACD SHORT +5 | 1d: RSI 30.7 <35 LONG +5 | 4h: MACD SHORT +4 | 4h: RSI 35.7 neutral | 1h: MACD LONG +3 | 1h: RSI 44.2 neutral,Цена далеко от зоны входа,SHORT wins by 18 points
2026-06-26T00:01:08.187771+00:00,ETH/USDT,SHORT,SETUP,26,74.3,0,60,18,0,9,12,15,0,9,26,17,SHORT,1d: EMA SHORT +20 | 1d: MACD SHORT +10 | 4h: EMA SHORT +12 | 4h: MACD SHORT +6 | 1h: EMA SHORT +8 | 1h: MACD SHORT +4,1d: цена у нижней границы (+10 LONG) | 4h: цена у нижней границы (+8 LONG) | 1h: середина диапазона,1d: MACD SHORT +5 | 1d: RSI 30.9 <35 LONG +5 | 4h: MACD SHORT +4 | 4h: RSI 34.2 <35 LONG +4 | 1h: MACD SHORT +3 | 1h: RSI 41.0 neutral,Хорошая зона для LONG (+15 LONG),SHORT wins by 17 points
2026-06-26T00:01:09.087268+00:00,SOL/USDT,SHORT,WAIT,21,75.0,14,46,0,0,8,4,0,15,7,21,14,SHORT,1d: EMA SHORT +20 | 1d: MACD LONG +10 | 4h: EMA SHORT +12 | 4h: MACD SHORT +6 | 1h: EMA SHORT +8 | 1h: MACD LONG +4,1d: середина диапазона | 4h: середина диапазона | 1h: середина диапазона,1d: MACD LONG +5 | 1d: RSI 39.8 neutral | 4h: MACD SHORT +4 | 4h: RSI 44.1 neutral | 1h: MACD LONG +3 | 1h: RSI 52.3 neutral,Хорошая зона для SHORT (+15 SHORT),SHORT wins by 14 points
2026-06-26T00:06:12.528633+00:00,BTC/USDT,SHORT,WATCH,24,80.0,4,56,10,0,8,9,0,0,6,24,18,SHORT,1d: EMA SHORT +20 | 1d: MACD SHORT +10 | 4h: EMA SHORT +12 | 4h: MACD SHORT +6 | 1h: EMA SHORT +8 | 1h: MACD LONG +4,1d: цена у нижней границы (+10 LONG) | 4h: середина диапазона | 1h: середина диапазона,1d: MACD SHORT +5 | 1d: RSI 31.0 <35 LONG +5 | 4h: MACD SHORT +4 | 4h: RSI 36.1 neutral | 1h: MACD LONG +3 | 1h: RSI 44.8 neutral,Цена далеко от зоны входа,SHORT wins by 18 points
2026-06-26T00:06:13.418950+00:00,ETH/USDT,SHORT,SETUP,26,74.3,0,60,18,0,9,12,15,0,9,26,17,SHORT,1d: EMA SHORT +20 | 1d: MACD SHORT +10 | 4h: EMA SHORT +12 | 4h: MACD SHORT +6 | 1h: EMA SHORT +8 | 1h: MACD SHORT +4,1d: цена у нижней границы (+10 LONG) | 4h: цена у нижней границы (+8 LONG) | 1h: середина диапазона,1d: MACD SHORT +5 | 1d: RSI 30.9 <35 LONG +5 | 4h: MACD SHORT +4 | 4h: RSI 34.3 <35 LONG +4 | 1h: MACD SHORT +3 | 1h: RSI 41.2 neutral,Хорошая зона для LONG (+15 LONG),SHORT wins by 17 points
2026-06-26T00:06:14.301372+00:00,SOL/USDT,SHORT,WAIT,21,75.0,14,46,0,0,8,4,0,15,7,21,14,SHORT,1d: EMA SHORT +20 | 1d: MACD LONG +10 | 4h: EMA SHORT +12 | 4h: MACD SHORT +6 | 1h: EMA SHORT +8 | 1h: MACD LONG +4,1d: середина диапазона | 4h: середина диапазона | 1h: середина диапазона,1d: MACD LONG +5 | 1d: RSI 39.7 neutral | 4h: MACD SHORT +4 | 4h: RSI 44.0 neutral | 1h: MACD LONG +3 | 1h: RSI 52.1 neutral,Хорошая зона для SHORT (+15 SHORT),SHORT wins by 14 points
2026-06-26T00:11:17.852676+00:00,BTC/USDT,SHORT,WATCH,24,80.0,4,56,10,0,8,9,0,0,6,24,18,SHORT,1d: EMA SHORT +20 | 1d: MACD SHORT +10 | 4h: EMA SHORT +12 | 4h: MACD SHORT +6 | 1h: EMA SHORT +8 | 1h: MACD LONG +4,1d: цена у нижней границы (+10 LONG) | 4h: середина диапазона | 1h: середина диапазона,1d: MACD SHORT +5 | 1d: RSI 31.1 <35 LONG +5 | 4h: MACD SHORT +4 | 4h: RSI 36.4 neutral | 1h: MACD LONG +3 | 1h: RSI 45.1 neutral,Цена далеко от зоны входа,SHORT wins by 18 points
2026-06-26T00:11:18.762298+00:00,ETH/USDT,WAIT,NO TRADE,21,60.0,10,50,18,0,14,7,15,0,14,21,7,WAIT,1d: EMA SHORT +20 | 1d: MACD LONG +10 | 4h: EMA SHORT +12 | 4h: MACD SHORT +6 | 1h: EMA SHORT +8 | 1h: MACD SHORT +4,1d: цена у нижней границы (+10 LONG) | 4h: цена у нижней границы (+8 LONG) | 1h: середина диапазона,1d: MACD LONG +5 | 1d: RSI 31.1 <35 LONG +5 | 4h: MACD SHORT +4 | 4h: RSI 34.5 <35 LONG +4 | 1h: MACD SHORT +3 | 1h: RSI 41.6 neutral,Хорошая зона для LONG (+15 LONG),No clear directional edge.
2026-06-26T00:11:19.557169+00:00,SOL/USDT,SHORT,WAIT,21,75.0,14,46,0,0,8,4,0,15,7,21,14,SHORT,1d: EMA SHORT +20 | 1d: MACD LONG +10 | 4h: EMA SHORT +12 | 4h: MACD SHORT +6 | 1h: EMA SHORT +8 | 1h: MACD LONG +4,1d: середина диапазона | 4h: середина диапазона | 1h: середина диапазона,1d: MACD LONG +5 | 1d: RSI 39.8 neutral | 4h: MACD SHORT +4 | 4h: RSI 44.3 neutral | 1h: MACD LONG +3 | 1h: RSI 52.5 neutral,Хорошая зона для SHORT (+15 SHORT),SHORT wins by 14 points
2026-06-26T00:16:23.123339+00:00,BTC/USDT,SHORT,WATCH,24,80.0,4,56,10,0,8,9,0,0,6,24,18,SHORT,1d: EMA SHORT +20 | 1d: MACD SHORT +10 | 4h: EMA SHORT +12 | 4h: MACD SHORT +6 | 1h: EMA SHORT +8 | 1h: MACD LONG +4,1d: цена у нижней границы (+10 LONG) | 4h: середина диапазона | 1h: середина диапазона,1d: MACD SHORT +5 | 1d: RSI 30.8 <35 LONG +5 | 4h: MACD SHORT +4 | 4h: RSI 35.8 neutral | 1h: MACD LONG +3 | 1h: RSI 44.4 neutral,Цена далеко от зоны входа,SHORT wins by 18 points
2026-06-26T00:16:23.993465+00:00,ETH/USDT,SHORT,SETUP,26,74.3,0,60,18,0,9,12,15,0,9,26,17,SHORT,1d: EMA SHORT +20 | 1d: MACD SHORT +10 | 4h: EMA SHORT +12 | 4h: MACD SHORT +6 | 1h: EMA SHORT +8 | 1h: MACD SHORT +4,1d: цена у нижней границы (+10 LONG) | 4h: цена у нижней границы (+8 LONG) | 1h: середина диапазона,1d: MACD SHORT +5 | 1d: RSI 30.9 <35 LONG +5 | 4h: MACD SHORT +4 | 4h: RSI 34.2 <35 LONG +4 | 1h: MACD SHORT +3 | 1h: RSI 41.0 neutral,Хорошая зона для LONG (+15 LONG),SHORT wins by 17 points
2026-06-26T00:16:24.755743+00:00,SOL/USDT,SHORT,WAIT,21,75.0,14,46,0,0,8,4,0,15,7,21,14,SHORT,1d: EMA SHORT +20 | 1d: MACD LONG +10 | 4h: EMA SHORT +12 | 4h: MACD SHORT +6 | 1h: EMA SHORT +8 | 1h: MACD LONG +4,1d: середина диапазона | 4h: середина диапазона | 1h: середина диапазона,1d: MACD LONG +5 | 1d: RSI 40.2 neutral | 4h: MACD SHORT +4 | 4h: RSI 44.8 neutral | 1h: MACD LONG +3 | 1h: RSI 53.1 neutral,Хорошая зона для SHORT (+15 SHORT),SHORT wins by 14 points
2026-06-26T00:21:28.087130+00:00,BTC/USDT,SHORT,WATCH,24,80.0,4,56,10,0,8,9,0,0,6,24,18,SHORT,1d: EMA SHORT +20 | 1d: MACD SHORT +10 | 4h: EMA SHORT +12 | 4h: MACD SHORT +6 | 1h: EMA SHORT +8 | 1h: MACD LONG +4,1d: цена у нижней границы (+10 LONG) | 4h: середина диапазона | 1h: середина диапазона,1d: MACD SHORT +5 | 1d: RSI 30.6 <35 LONG +5 | 4h: MACD SHORT +4 | 4h: RSI 35.5 neutral | 1h: MACD LONG +3 | 1h: RSI 44.0 neutral,Цена далеко от зоны входа,SHORT wins by 18 points
2026-06-26T00:21:28.980908+00:00,ETH/USDT,SHORT,SETUP,26,74.3,0,60,18,0,9,12,15,0,9,26,17,SHORT,1d: EMA SHORT +20 | 1d: MACD SHORT +10 | 4h: EMA SHORT +12 | 4h: MACD SHORT +6 | 1h: EMA SHORT +8 | 1h: MACD SHORT +4,1d: цена у нижней границы (+10 LONG) | 4h: цена у нижней границы (+8 LONG) | 1h: середина диапазона,1d: MACD SHORT +5 | 1d: RSI 30.8 <35 LONG +5 | 4h: MACD SHORT +4 | 4h: RSI 34.0 <35 LONG +4 | 1h: MACD SHORT +3 | 1h: RSI 40.9 neutral,Хорошая зона для LONG (+15 LONG),SHORT wins by 17 points
2026-06-26T00:21:29.877732+00:00,SOL/USDT,SHORT,WAIT,21,75.0,14,46,0,0,8,4,0,15,7,21,14,SHORT,1d: EMA SHORT +20 | 1d: MACD LONG +10 | 4h: EMA SHORT +12 | 4h: MACD SHORT +6 | 1h: EMA SHORT +8 | 1h: MACD LONG +4,1d: середина диапазона | 4h: середина диапазона | 1h: середина диапазона,1d: MACD LONG +5 | 1d: RSI 40.4 neutral | 4h: MACD SHORT +4 | 4h: RSI 45.1 neutral | 1h: MACD LONG +3 | 1h: RSI 53.6 neutral,Хорошая зона для SHORT (+15 SHORT),SHORT wins by 14 points
2026-06-26T00:26:33.284872+00:00,BTC/USDT,SHORT,WATCH,24,80.0,4,56,10,0,8,9,0,0,6,24,18,SHORT,1d: EMA SHORT +20 | 1d: MACD SHORT +10 | 4h: EMA SHORT +12 | 4h: MACD SHORT +6 | 1h: EMA SHORT +8 | 1h: MACD LONG +4,1d: цена у нижней границы (+10 LONG) | 4h: середина диапазона | 1h: середина диапазона,1d: MACD SHORT +5 | 1d: RSI 30.5 <35 LONG +5 | 4h: MACD SHORT +4 | 4h: RSI 35.3 neutral | 1h: MACD LONG +3 | 1h: RSI 43.5 neutral,Цена далеко от зоны входа,SHORT wins by 18 points
2026-06-26T00:26:34.263535+00:00,ETH/USDT,SHORT,SETUP,26,74.3,0,60,18,0,9,12,15,0,9,26,17,SHORT,1d: EMA SHORT +20 | 1d: MACD SHORT +10 | 4h: EMA SHORT +12 | 4h: MACD SHORT +6 | 1h: EMA SHORT +8 | 1h: MACD SHORT +4,1d: цена у нижней границы (+10 LONG) | 4h: цена у нижней границы (+8 LONG) | 1h: середина диапазона,1d: MACD SHORT +5 | 1d: RSI 30.5 <35 LONG +5 | 4h: MACD SHORT +4 | 4h: RSI 33.6 <35 LONG +4 | 1h: MACD SHORT +3 | 1h: RSI 40.1 neutral,Хорошая зона для LONG (+15 LONG),SHORT wins by 17 points
2026-06-26T00:26:35.373184+00:00,SOL/USDT,SHORT,WAIT,21,75.0,14,46,0,0,8,4,0,15,7,21,14,SHORT,1d: EMA SHORT +20 | 1d: MACD LONG +10 | 4h: EMA SHORT +12 | 4h: MACD SHORT +6 | 1h: EMA SHORT +8 | 1h: MACD LONG +4,1d: середина диапазона | 4h: середина диапазона | 1h: середина диапазона,1d: MACD LONG +5 | 1d: RSI 39.8 neutral | 4h: MACD SHORT +4 | 4h: RSI 44.2 neutral | 1h: MACD LONG +3 | 1h: RSI 52.4 neutral,Хорошая зона для SHORT (+15 SHORT),SHORT wins by 14 points
2026-06-26T00:31:38.793201+00:00,BTC/USDT,SHORT,WATCH,24,80.0,4,56,10,0,8,9,0,0,6,24,18,SHORT,1d: EMA SHORT +20 | 1d: MACD SHORT +10 | 4h: EMA SHORT +12 | 4h: MACD SHORT +6 | 1h: EMA SHORT +8 | 1h: MACD LONG +4,1d: цена у нижней границы (+10 LONG) | 4h: середина диапазона | 1h: середина диапазона,1d: MACD SHORT +5 | 1d: RSI 30.5 <35 LONG +5 | 4h: MACD SHORT +4 | 4h: RSI 35.3 neutral | 1h: MACD LONG +3 | 1h: RSI 43.7 neutral,Цена далеко от зоны входа,SHORT wins by 18 points
2026-06-26T00:31:39.689235+00:00,ETH/USDT,SHORT,SETUP,26,74.3,0,60,18,0,9,12,15,0,9,26,17,SHORT,1d: EMA SHORT +20 | 1d: MACD SHORT +10 | 4h: EMA SHORT +12 | 4h: MACD SHORT +6 | 1h: EMA SHORT +8 | 1h: MACD SHORT +4,1d: цена у нижней границы (+10 LONG) | 4h: цена у нижней границы (+8 LONG) | 1h: середина диапазона,1d: MACD SHORT +5 | 1d: RSI 30.7 <35 LONG +5 | 4h: MACD SHORT +4 | 4h: RSI 33.9 <35 LONG +4 | 1h: MACD SHORT +3 | 1h: RSI 40.6 neutral,Хорошая зона для LONG (+15 LONG),SHORT wins by 17 points
2026-06-26T00:31:40.652382+00:00,SOL/USDT,SHORT,WAIT,21,75.0,14,46,0,0,8,4,0,15,7,21,14,SHORT,1d: EMA SHORT +20 | 1d: MACD LONG +10 | 4h: EMA SHORT +12 | 4h: MACD SHORT +6 | 1h: EMA SHORT +8 | 1h: MACD LONG +4,1d: середина диапазона | 4h: середина диапазона | 1h: середина диапазона,1d: MACD LONG +5 | 1d: RSI 40.1 neutral | 4h: MACD SHORT +4 | 4h: RSI 44.6 neutral | 1h: MACD LONG +3 | 1h: RSI 52.9 neutral,Хорошая зона для SHORT (+15 SHORT),SHORT wins by 14 points
2026-06-26T00:36:43.967861+00:00,BTC/USDT,SHORT,WATCH,24,80.0,4,56,10,0,8,9,0,0,6,24,18,SHORT,1d: EMA SHORT +20 | 1d: MACD SHORT +10 | 4h: EMA SHORT +12 | 4h: MACD SHORT +6 | 1h: EMA SHORT +8 | 1h: MACD LONG +4,1d: цена у нижней границы (+10 LONG) | 4h: середина диапазона | 1h: середина диапазона,1d: MACD SHORT +5 | 1d: RSI 30.5 <35 LONG +5 | 4h: MACD SHORT +4 | 4h: RSI 35.3 neutral | 1h: MACD LONG +3 | 1h: RSI 43.6 neutral,Цена далеко от зоны входа,SHORT wins by 18 points
2026-06-26T00:36:44.934757+00:00,ETH/USDT,SHORT,SETUP,26,74.3,0,60,18,0,9,12,15,0,9,26,17,SHORT,1d: EMA SHORT +20 | 1d: MACD SHORT +10 | 4h: EMA SHORT +12 | 4h: MACD SHORT +6 | 1h: EMA SHORT +8 | 1h: MACD SHORT +4,1d: цена у нижней границы (+10 LONG) | 4h: цена у нижней границы (+8 LONG) | 1h: середина диапазона,1d: MACD SHORT +5 | 1d: RSI 30.6 <35 LONG +5 | 4h: MACD SHORT +4 | 4h: RSI 33.7 <35 LONG +4 | 1h: MACD SHORT +3 | 1h: RSI 40.4 neutral,Хорошая зона для LONG (+15 LONG),SHORT wins by 17 points
2026-06-26T00:36:45.809095+00:00,SOL/USDT,SHORT,WAIT,21,75.0,14,46,0,0,8,4,0,15,7,21,14,SHORT,1d: EMA SHORT +20 | 1d: MACD LONG +10 | 4h: EMA SHORT +12 | 4h: MACD SHORT +6 | 1h: EMA SHORT +8 | 1h: MACD LONG +4,1d: середина диапазона | 4h: середина диапазона | 1h: середина диапазона,1d: MACD LONG +5 | 1d: RSI 40.0 neutral | 4h: MACD SHORT +4 | 4h: RSI 44.4 neutral | 1h: MACD LONG +3 | 1h: RSI 52.7 neutral,Хорошая зона для SHORT (+15 SHORT),SHORT wins by 14 points
2026-06-26T00:41:49.314533+00:00,BTC/USDT,SHORT,WATCH,24,80.0,4,56,10,0,8,9,0,0,6,24,18,SHORT,1d: EMA SHORT +20 | 1d: MACD SHORT +10 | 4h: EMA SHORT +12 | 4h: MACD SHORT +6 | 1h: EMA SHORT +8 | 1h: MACD LONG +4,1d: цена у нижней границы (+10 LONG) | 4h: середина диапазона | 1h: середина диапазона,1d: MACD SHORT +5 | 1d: RSI 30.6 <35 LONG +5 | 4h: MACD SHORT +4 | 4h: RSI 35.4 neutral | 1h: MACD LONG +3 | 1h: RSI 43.8 neutral,Цена далеко от зоны входа,SHORT wins by 18 points
2026-06-26T00:41:50.110676+00:00,ETH/USDT,SHORT,SETUP,26,74.3,0,60,18,0,9,12,15,0,9,26,17,SHORT,1d: EMA SHORT +20 | 1d: MACD SHORT +10 | 4h: EMA SHORT +12 | 4h: MACD SHORT +6 | 1h: EMA SHORT +8 | 1h: MACD SHORT +4,1d: цена у нижней границы (+10 LONG) | 4h: цена у нижней границы (+8 LONG) | 1h: середина диапазона,1d: MACD SHORT +5 | 1d: RSI 30.6 <35 LONG +5 | 4h: MACD SHORT +4 | 4h: RSI 33.6 <35 LONG +4 | 1h: MACD SHORT +3 | 1h: RSI 40.2 neutral,Хорошая зона для LONG (+15 LONG),SHORT wins by 17 points
2026-06-26T00:41:50.923630+00:00,SOL/USDT,SHORT,WAIT,21,75.0,14,46,0,0,8,4,0,15,7,21,14,SHORT,1d: EMA SHORT +20 | 1d: MACD LONG +10 | 4h: EMA SHORT +12 | 4h: MACD SHORT +6 | 1h: EMA SHORT +8 | 1h: MACD LONG +4,1d: середина диапазона | 4h: середина диапазона | 1h: середина диапазона,1d: MACD LONG +5 | 1d: RSI 40.1 neutral | 4h: MACD SHORT +4 | 4h: RSI 44.6 neutral | 1h: MACD LONG +3 | 1h: RSI 52.9 neutral,Хорошая зона для SHORT (+15 SHORT),SHORT wins by 14 points
2026-06-26T00:46:54.355498+00:00,BTC/USDT,SHORT,WATCH,24,80.0,4,56,10,0,8,9,0,0,6,24,18,SHORT,1d: EMA SHORT +20 | 1d: MACD SHORT +10 | 4h: EMA SHORT +12 | 4h: MACD SHORT +6 | 1h: EMA SHORT +8 | 1h: MACD LONG +4,1d: цена у нижней границы (+10 LONG) | 4h: середина диапазона | 1h: середина диапазона,1d: MACD SHORT +5 | 1d: RSI 30.6 <35 LONG +5 | 4h: MACD SHORT +4 | 4h: RSI 35.4 neutral | 1h: MACD LONG +3 | 1h: RSI 43.8 neutral,Цена далеко от зоны входа,SHORT wins by 18 points
2026-06-26T00:46:55.246696+00:00,ETH/USDT,SHORT,SETUP,26,74.3,0,60,18,0,9,12,15,0,9,26,17,SHORT,1d: EMA SHORT +20 | 1d: MACD SHORT +10 | 4h: EMA SHORT +12 | 4h: MACD SHORT +6 | 1h: EMA SHORT +8 | 1h: MACD SHORT +4,1d: цена у нижней границы (+10 LONG) | 4h: цена у нижней границы (+8 LONG) | 1h: середина диапазона,1d: MACD SHORT +5 | 1d: RSI 30.6 <35 LONG +5 | 4h: MACD SHORT +4 | 4h: RSI 33.8 <35 LONG +4 | 1h: MACD SHORT +3 | 1h: RSI 40.4 neutral,Хорошая зона для LONG (+15 LONG),SHORT wins by 17 points
2026-06-26T00:46:56.038462+00:00,SOL/USDT,SHORT,WAIT,21,75.0,14,46,0,0,8,4,0,15,7,21,14,SHORT,1d: EMA SHORT +20 | 1d: MACD LONG +10 | 4h: EMA SHORT +12 | 4h: MACD SHORT +6 | 1h: EMA SHORT +8 | 1h: MACD LONG +4,1d: середина диапазона | 4h: середина диапазона | 1h: середина диапазона,1d: MACD LONG +5 | 1d: RSI 40.1 neutral | 4h: MACD SHORT +4 | 4h: RSI 44.7 neutral | 1h: MACD LONG +3 | 1h: RSI 53.0 neutral,Хорошая зона для SHORT (+15 SHORT),SHORT wins by 14 points
2026-06-26T00:52:00.033254+00:00,BTC/USDT,SHORT,WATCH,24,80.0,4,56,10,0,8,9,0,0,6,24,18,SHORT,1d: EMA SHORT +20 | 1d: MACD SHORT +10 | 4h: EMA SHORT +12 | 4h: MACD SHORT +6 | 1h: EMA SHORT +8 | 1h: MACD LONG +4,1d: цена у нижней границы (+10 LONG) | 4h: середина диапазона | 1h: середина диапазона,1d: MACD SHORT +5 | 1d: RSI 30.6 <35 LONG +5 | 4h: MACD SHORT +4 | 4h: RSI 35.4 neutral | 1h: MACD LONG +3 | 1h: RSI 43.8 neutral,Цена далеко от зоны входа,SHORT wins by 18 points
2026-06-26T00:52:01.878161+00:00,ETH/USDT,SHORT,SETUP,26,74.3,0,60,18,0,9,12,15,0,9,26,17,SHORT,1d: EMA SHORT +20 | 1d: MACD SHORT +10 | 4h: EMA SHORT +12 | 4h: MACD SHORT +6 | 1h: EMA SHORT +8 | 1h: MACD SHORT +4,1d: цена у нижней границы (+10 LONG) | 4h: цена у нижней границы (+8 LONG) | 1h: середина диапазона,1d: MACD SHORT +5 | 1d: RSI 30.6 <35 LONG +5 | 4h: MACD SHORT +4 | 4h: RSI 33.7 <35 LONG +4 | 1h: MACD SHORT +3 | 1h: RSI 40.3 neutral,Хорошая зона для LONG (+15 LONG),SHORT wins by 17 points
2026-06-26T00:52:03.414841+00:00,SOL/USDT,SHORT,WAIT,21,75.0,14,46,0,0,8,4,0,15,7,21,14,SHORT,1d: EMA SHORT +20 | 1d: MACD LONG +10 | 4h: EMA SHORT +12 | 4h: MACD SHORT +6 | 1h: EMA SHORT +8 | 1h: MACD LONG +4,1d: середина диапазона | 4h: середина диапазона | 1h: середина диапазона,1d: MACD LONG +5 | 1d: RSI 40.1 neutral | 4h: MACD SHORT +4 | 4h: RSI 44.6 neutral | 1h: MACD LONG +3 | 1h: RSI 52.9 neutral,Хорошая зона для SHORT (+15 SHORT),SHORT wins by 14 points
2026-06-26T00:57:06.841113+00:00,BTC/USDT,SHORT,WATCH,24,80.0,4,56,10,0,12,9,0,0,6,24,18,SHORT,1d: EMA SHORT +20 | 1d: MACD SHORT +10 | 4h: EMA SHORT +12 | 4h: MACD SHORT +6 | 1h: EMA SHORT +8 | 1h: MACD LONG +4,1d: цена у нижней границы (+10 LONG) | 4h: середина диапазона | 1h: середина диапазона,1d: MACD SHORT +5 | 1d: RSI 30.3 <35 LONG +5 | 4h: MACD SHORT +4 | 4h: RSI 34.8 <35 LONG +4 | 1h: MACD LONG +3 | 1h: RSI 42.7 neutral,Цена далеко от зоны входа,SHORT wins by 18 points
2026-06-26T00:57:07.629342+00:00,ETH/USDT,SHORT,SETUP,26,74.3,0,60,18,0,9,12,15,0,9,26,17,SHORT,1d: EMA SHORT +20 | 1d: MACD SHORT +10 | 4h: EMA SHORT +12 | 4h: MACD SHORT +6 | 1h: EMA SHORT +8 | 1h: MACD SHORT +4,1d: цена у нижней границы (+10 LONG) | 4h: цена у нижней границы (+8 LONG) | 1h: середина диапазона,1d: MACD SHORT +5 | 1d: RSI 30.4 <35 LONG +5 | 4h: MACD SHORT +4 | 4h: RSI 33.2 <35 LONG +4 | 1h: MACD SHORT +3 | 1h: RSI 39.4 neutral,Хорошая зона для LONG (+15 LONG),SHORT wins by 17 points
2026-06-26T00:57:08.536932+00:00,SOL/USDT,SHORT,WAIT,21,75.0,14,46,0,0,8,4,0,15,7,21,14,SHORT,1d: EMA SHORT +20 | 1d: MACD LONG +10 | 4h: EMA SHORT +12 | 4h: MACD SHORT +6 | 1h: EMA SHORT +8 | 1h: MACD LONG +4,1d: середина диапазона | 4h: середина диапазона | 1h: середина диапазона,1d: MACD LONG +5 | 1d: RSI 39.6 neutral | 4h: MACD SHORT +4 | 4h: RSI 43.8 neutral | 1h: MACD LONG +3 | 1h: RSI 51.9 neutral,Хорошая зона для SHORT (+15 SHORT),SHORT wins by 14 points
2026-06-26T01:02:12.012958+00:00,BTC/USDT,SHORT,WATCH,24,80.0,4,56,10,0,8,9,0,0,6,24,18,SHORT,1d: EMA SHORT +20 | 1d: MACD SHORT +10 | 4h: EMA SHORT +12 | 4h: MACD SHORT +6 | 1h: EMA SHORT +8 | 1h: MACD LONG +4,1d: цена у нижней границы (+10 LONG) | 4h: середина диапазона | 1h: середина диапазона,1d: MACD SHORT +5 | 1d: RSI 30.5 <35 LONG +5 | 4h: MACD SHORT +4 | 4h: RSI 35.2 neutral | 1h: MACD LONG +3 | 1h: RSI 43.8 neutral,Цена далеко от зоны входа,SHORT wins by 18 points
2026-06-26T01:02:12.905739+00:00,ETH/USDT,SHORT,SETUP,26,74.3,0,60,18,0,9,12,15,0,9,26,17,SHORT,1d: EMA SHORT +20 | 1d: MACD SHORT +10 | 4h: EMA SHORT +12 | 4h: MACD SHORT +6 | 1h: EMA SHORT +8 | 1h: MACD SHORT +4,1d: цена у нижней границы (+10 LONG) | 4h: цена у нижней границы (+8 LONG) | 1h: середина диапазона,1d: MACD SHORT +5 | 1d: RSI 30.5 <35 LONG +5 | 4h: MACD SHORT +4 | 4h: RSI 33.5 <35 LONG +4 | 1h: MACD SHORT +3 | 1h: RSI 40.5 neutral,Хорошая зона для LONG (+15 LONG),SHORT wins by 17 points
2026-06-26T01:02:13.876245+00:00,SOL/USDT,SHORT,WAIT,21,75.0,14,46,0,0,8,4,0,15,7,21,14,SHORT,1d: EMA SHORT +20 | 1d: MACD LONG +10 | 4h: EMA SHORT +12 | 4h: MACD SHORT +6 | 1h: EMA SHORT +8 | 1h: MACD LONG +4,1d: середина диапазона | 4h: середина диапазона | 1h: середина диапазона,1d: MACD LONG +5 | 1d: RSI 39.8 neutral | 4h: MACD SHORT +4 | 4h: RSI 44.2 neutral | 1h: MACD LONG +3 | 1h: RSI 52.4 neutral,Хорошая зона для SHORT (+15 SHORT),SHORT wins by 14 points
2026-06-26T01:07:17.277965+00:00,BTC/USDT,SHORT,WATCH,24,80.0,4,56,10,0,12,9,0,0,6,24,18,SHORT,1d: EMA SHORT +20 | 1d: MACD SHORT +10 | 4h: EMA SHORT +12 | 4h: MACD SHORT +6 | 1h: EMA SHORT +8 | 1h: MACD LONG +4,1d: цена у нижней границы (+10 LONG) | 4h: середина диапазона | 1h: середина диапазона,1d: MACD SHORT +5 | 1d: RSI 30.1 <35 LONG +5 | 4h: MACD SHORT +4 | 4h: RSI 34.3 <35 LONG +4 | 1h: MACD LONG +3 | 1h: RSI 41.6 neutral,Цена далеко от зоны входа,SHORT wins by 18 points
2026-06-26T01:07:18.176106+00:00,ETH/USDT,SHORT,SETUP,26,74.3,0,60,18,0,9,12,15,0,9,26,17,SHORT,1d: EMA SHORT +20 | 1d: MACD SHORT +10 | 4h: EMA SHORT +12 | 4h: MACD SHORT +6 | 1h: EMA SHORT +8 | 1h: MACD SHORT +4,1d: цена у нижней границы (+10 LONG) | 4h: цена у нижней границы (+8 LONG) | 1h: середина диапазона,1d: MACD SHORT +5 | 1d: RSI 30.2 <35 LONG +5 | 4h: MACD SHORT +4 | 4h: RSI 32.9 <35 LONG +4 | 1h: MACD SHORT +3 | 1h: RSI 38.9 neutral,Хорошая зона для LONG (+15 LONG),SHORT wins by 17 points
2026-06-26T01:07:19.085538+00:00,SOL/USDT,SHORT,NO TRADE,19,73.1,14,46,0,0,8,4,0,0,7,19,12,SHORT,1d: EMA SHORT +20 | 1d: MACD LONG +10 | 4h: EMA SHORT +12 | 4h: MACD SHORT +6 | 1h: EMA SHORT +8 | 1h: MACD LONG +4,1d: середина диапазона | 4h: середина диапазона | 1h: середина диапазона,1d: MACD LONG +5 | 1d: RSI 39.3 neutral | 4h: MACD SHORT +4 | 4h: RSI 43.4 neutral | 1h: MACD LONG +3 | 1h: RSI 51.1 neutral,Цена далеко от зоны входа,SHORT wins by 12 points
2026-06-26T01:12:22.442839+00:00,BTC/USDT,SHORT,WATCH,24,80.0,4,56,10,0,12,9,0,0,6,24,18,SHORT,1d: EMA SHORT +20 | 1d: MACD SHORT +10 | 4h: EMA SHORT +12 | 4h: MACD SHORT +6 | 1h: EMA SHORT +8 | 1h: MACD LONG +4,1d: цена у нижней границы (+10 LONG) | 4h: середина диапазона | 1h: середина диапазона,1d: MACD SHORT +5 | 1d: RSI 30.3 <35 LONG +5 | 4h: MACD SHORT +4 | 4h: RSI 34.7 <35 LONG +4 | 1h: MACD LONG +3 | 1h: RSI 42.5 neutral,Цена далеко от зоны входа,SHORT wins by 18 points
2026-06-26T01:12:23.342911+00:00,ETH/USDT,SHORT,SETUP,26,74.3,0,60,18,0,9,12,15,0,9,26,17,SHORT,1d: EMA SHORT +20 | 1d: MACD SHORT +10 | 4h: EMA SHORT +12 | 4h: MACD SHORT +6 | 1h: EMA SHORT +8 | 1h: MACD SHORT +4,1d: цена у нижней границы (+10 LONG) | 4h: цена у нижней границы (+8 LONG) | 1h: середина диапазона,1d: MACD SHORT +5 | 1d: RSI 30.4 <35 LONG +5 | 4h: MACD SHORT +4 | 4h: RSI 33.4 <35 LONG +4 | 1h: MACD SHORT +3 | 1h: RSI 39.9 neutral,Хорошая зона для LONG (+15 LONG),SHORT wins by 17 points
2026-06-26T01:12:24.196539+00:00,SOL/USDT,SHORT,WAIT,21,75.0,14,46,0,0,8,4,0,15,7,21,14,SHORT,1d: EMA SHORT +20 | 1d: MACD LONG +10 | 4h: EMA SHORT +12 | 4h: MACD SHORT +6 | 1h: EMA SHORT +8 | 1h: MACD LONG +4,1d: середина диапазона | 4h: середина диапазона | 1h: середина диапазона,1d: MACD LONG +5 | 1d: RSI 39.5 neutral | 4h: MACD SHORT +4 | 4h: RSI 43.6 neutral | 1h: MACD LONG +3 | 1h: RSI 51.5 neutral,Хорошая зона для SHORT (+15 SHORT),SHORT wins by 14 points
2026-06-26T01:17:27.503650+00:00,BTC/USDT,SHORT,WATCH,24,80.0,4,56,10,0,12,9,0,0,6,24,18,SHORT,1d: EMA SHORT +20 | 1d: MACD SHORT +10 | 4h: EMA SHORT +12 | 4h: MACD SHORT +6 | 1h: EMA SHORT +8 | 1h: MACD LONG +4,1d: цена у нижней границы (+10 LONG) | 4h: середина диапазона | 1h: середина диапазона,1d: MACD SHORT +5 | 1d: RSI 30.3 <35 LONG +5 | 4h: MACD SHORT +4 | 4h: RSI 34.7 <35 LONG +4 | 1h: MACD LONG +3 | 1h: RSI 42.6 neutral,Цена далеко от зоны входа,SHORT wins by 18 points
2026-06-26T01:17:28.391424+00:00,ETH/USDT,SHORT,SETUP,26,74.3,0,60,18,0,9,12,15,0,9,26,17,SHORT,1d: EMA SHORT +20 | 1d: MACD SHORT +10 | 4h: EMA SHORT +12 | 4h: MACD SHORT +6 | 1h: EMA SHORT +8 | 1h: MACD SHORT +4,1d: цена у нижней границы (+10 LONG) | 4h: цена у нижней границы (+8 LONG) | 1h: середина диапазона,1d: MACD SHORT +5 | 1d: RSI 30.5 <35 LONG +5 | 4h: MACD SHORT +4 | 4h: RSI 33.5 <35 LONG +4 | 1h: MACD SHORT +3 | 1h: RSI 40.3 neutral,Хорошая зона для LONG (+15 LONG),SHORT wins by 17 points
2026-06-26T01:17:29.171027+00:00,SOL/USDT,SHORT,WAIT,21,75.0,14,46,0,0,8,4,0,15,7,21,14,SHORT,1d: EMA SHORT +20 | 1d: MACD LONG +10 | 4h: EMA SHORT +12 | 4h: MACD SHORT +6 | 1h: EMA SHORT +8 | 1h: MACD LONG +4,1d: середина диапазона | 4h: середина диапазона | 1h: середина диапазона,1d: MACD LONG +5 | 1d: RSI 39.7 neutral | 4h: MACD SHORT +4 | 4h: RSI 44.1 neutral | 1h: MACD LONG +3 | 1h: RSI 52.3 neutral,Хорошая зона для SHORT (+15 SHORT),SHORT wins by 14 points
2026-06-26T01:22:33.448156+00:00,BTC/USDT,SHORT,WATCH,24,80.0,4,56,10,0,12,9,0,0,6,24,18,SHORT,1d: EMA SHORT +20 | 1d: MACD SHORT +10 | 4h: EMA SHORT +12 | 4h: MACD SHORT +6 | 1h: EMA SHORT +8 | 1h: MACD LONG +4,1d: цена у нижней границы (+10 LONG) | 4h: середина диапазона | 1h: середина диапазона,1d: MACD SHORT +5 | 1d: RSI 30.1 <35 LONG +5 | 4h: MACD SHORT +4 | 4h: RSI 34.4 <35 LONG +4 | 1h: MACD LONG +3 | 1h: RSI 41.8 neutral,Цена далеко от зоны входа,SHORT wins by 18 points
2026-06-26T01:22:34.229817+00:00,ETH/USDT,SHORT,SETUP,26,74.3,0,60,18,0,9,12,15,0,9,26,17,SHORT,1d: EMA SHORT +20 | 1d: MACD SHORT +10 | 4h: EMA SHORT +12 | 4h: MACD SHORT +6 | 1h: EMA SHORT +8 | 1h: MACD SHORT +4,1d: цена у нижней границы (+10 LONG) | 4h: цена у нижней границы (+8 LONG) | 1h: середина диапазона,1d: MACD SHORT +5 | 1d: RSI 30.3 <35 LONG +5 | 4h: MACD SHORT +4 | 4h: RSI 33.1 <35 LONG +4 | 1h: MACD SHORT +3 | 1h: RSI 39.3 neutral,Хорошая зона для LONG (+15 LONG),SHORT wins by 17 points
2026-06-26T01:22:35.106093+00:00,SOL/USDT,SHORT,NO TRADE,19,73.1,14,46,0,0,8,4,0,0,7,19,12,SHORT,1d: EMA SHORT +20 | 1d: MACD LONG +10 | 4h: EMA SHORT +12 | 4h: MACD SHORT +6 | 1h: EMA SHORT +8 | 1h: MACD LONG +4,1d: середина диапазона | 4h: середина диапазона | 1h: середина диапазона,1d: MACD LONG +5 | 1d: RSI 39.5 neutral | 4h: MACD SHORT +4 | 4h: RSI 43.6 neutral | 1h: MACD LONG +3 | 1h: RSI 51.5 neutral,Цена далеко от зоны входа,SHORT wins by 12 points
2026-06-26T01:27:38.506013+00:00,BTC/USDT,SHORT,WATCH,24,68.6,4,56,18,0,12,9,15,0,11,24,13,SHORT,1d: EMA SHORT +20 | 1d: MACD SHORT +10 | 4h: EMA SHORT +12 | 4h: MACD SHORT +6 | 1h: EMA SHORT +8 | 1h: MACD LONG +4,1d: цена у нижней границы (+10 LONG) | 4h: цена у нижней границы (+8 LONG) | 1h: середина диапазона,1d: MACD SHORT +5 | 1d: RSI 29.8 <35 LONG +5 | 4h: MACD SHORT +4 | 4h: RSI 33.7 <35 LONG +4 | 1h: MACD LONG +3 | 1h: RSI 40.6 neutral,Хорошая зона для LONG (+15 LONG),SHORT wins by 13 points
2026-06-26T01:27:39.500646+00:00,ETH/USDT,SHORT,SETUP,26,74.3,0,60,18,0,9,12,15,0,9,26,17,SHORT,1d: EMA SHORT +20 | 1d: MACD SHORT +10 | 4h: EMA SHORT +12 | 4h: MACD SHORT +6 | 1h: EMA SHORT +8 | 1h: MACD SHORT +4,1d: цена у нижней границы (+10 LONG) | 4h: цена у нижней границы (+8 LONG) | 1h: середина диапазона,1d: MACD SHORT +5 | 1d: RSI 30.1 <35 LONG +5 | 4h: MACD SHORT +4 | 4h: RSI 32.6 <35 LONG +4 | 1h: MACD SHORT +3 | 1h: RSI 38.1 neutral,Хорошая зона для LONG (+15 LONG),SHORT wins by 17 points
2026-06-26T01:27:40.397537+00:00,SOL/USDT,SHORT,NO TRADE,19,73.1,14,46,0,0,8,4,0,0,7,19,12,SHORT,1d: EMA SHORT +20 | 1d: MACD LONG +10 | 4h: EMA SHORT +12 | 4h: MACD SHORT +6 | 1h: EMA SHORT +8 | 1h: MACD LONG +4,1d: середина диапазона | 4h: середина диапазона | 1h: середина диапазона,1d: MACD LONG +5 | 1d: RSI 39.0 neutral | 4h: MACD SHORT +4 | 4h: RSI 42.8 neutral | 1h: MACD LONG +3 | 1h: RSI 49.9 neutral,Цена далеко от зоны входа,SHORT wins by 12 points
2026-06-26T01:32:43.865045+00:00,BTC/USDT,SHORT,WATCH,24,68.6,4,56,18,0,12,9,15,0,11,24,13,SHORT,1d: EMA SHORT +20 | 1d: MACD SHORT +10 | 4h: EMA SHORT +12 | 4h: MACD SHORT +6 | 1h: EMA SHORT +8 | 1h: MACD LONG +4,1d: цена у нижней границы (+10 LONG) | 4h: цена у нижней границы (+8 LONG) | 1h: середина диапазона,1d: MACD SHORT +5 | 1d: RSI 29.5 <35 LONG +5 | 4h: MACD SHORT +4 | 4h: RSI 33.1 <35 LONG +4 | 1h: MACD LONG +3 | 1h: RSI 39.3 neutral,Хорошая зона для LONG (+15 LONG),SHORT wins by 13 points
2026-06-26T01:32:44.748411+00:00,ETH/USDT,SHORT,SETUP,26,72.2,0,60,25,0,9,12,15,0,10,26,16,SHORT,1d: EMA SHORT +20 | 1d: MACD SHORT +10 | 4h: EMA SHORT +12 | 4h: MACD SHORT +6 | 1h: EMA SHORT +8 | 1h: MACD SHORT +4,1d: цена у нижней границы (+10 LONG) | 4h: цена у нижней границы (+8 LONG) | 1h: цена у нижней границы (+7 LONG),1d: MACD SHORT +5 | 1d: RSI 29.8 <35 LONG +5 | 4h: MACD SHORT +4 | 4h: RSI 32.1 <35 LONG +4 | 1h: MACD SHORT +3 | 1h: RSI 37.1 neutral,Хорошая зона для LONG (+15 LONG),SHORT wins by 16 points
2026-06-26T01:32:45.624287+00:00,SOL/USDT,SHORT,NO TRADE,19,73.1,14,46,0,0,8,4,0,0,7,19,12,SHORT,1d: EMA SHORT +20 | 1d: MACD LONG +10 | 4h: EMA SHORT +12 | 4h: MACD SHORT +6 | 1h: EMA SHORT +8 | 1h: MACD LONG +4,1d: середина диапазона | 4h: середина диапазона | 1h: середина диапазона,1d: MACD LONG +5 | 1d: RSI 38.6 neutral | 4h: MACD SHORT +4 | 4h: RSI 41.9 neutral | 1h: MACD LONG +3 | 1h: RSI 48.3 neutral,Цена далеко от зоны входа,SHORT wins by 12 points
2026-06-26T01:37:48.907243+00:00,BTC/USDT,SHORT,WATCH,24,68.6,4,56,18,0,12,9,15,0,11,24,13,SHORT,1d: EMA SHORT +20 | 1d: MACD SHORT +10 | 4h: EMA SHORT +12 | 4h: MACD SHORT +6 | 1h: EMA SHORT +8 | 1h: MACD LONG +4,1d: цена у нижней границы (+10 LONG) | 4h: цена у нижней границы (+8 LONG) | 1h: середина диапазона,1d: MACD SHORT +5 | 1d: RSI 29.5 <35 LONG +5 | 4h: MACD SHORT +4 | 4h: RSI 33.2 <35 LONG +4 | 1h: MACD LONG +3 | 1h: RSI 39.5 neutral,Хорошая зона для LONG (+15 LONG),SHORT wins by 13 points
2026-06-26T01:37:50.207351+00:00,ETH/USDT,SHORT,SETUP,26,74.3,0,60,18,0,9,12,15,0,9,26,17,SHORT,1d: EMA SHORT +20 | 1d: MACD SHORT +10 | 4h: EMA SHORT +12 | 4h: MACD SHORT +6 | 1h: EMA SHORT +8 | 1h: MACD SHORT +4,1d: цена у нижней границы (+10 LONG) | 4h: цена у нижней границы (+8 LONG) | 1h: середина диапазона,1d: MACD SHORT +5 | 1d: RSI 30.0 <35 LONG +5 | 4h: MACD SHORT +4 | 4h: RSI 32.4 <35 LONG +4 | 1h: MACD SHORT +3 | 1h: RSI 37.8 neutral,Хорошая зона для LONG (+15 LONG),SHORT wins by 17 points
2026-06-26T01:37:51.187299+00:00,SOL/USDT,SHORT,NO TRADE,19,73.1,14,46,0,0,8,4,0,0,7,19,12,SHORT,1d: EMA SHORT +20 | 1d: MACD LONG +10 | 4h: EMA SHORT +12 | 4h: MACD SHORT +6 | 1h: EMA SHORT +8 | 1h: MACD LONG +4,1d: середина диапазона | 4h: середина диапазона | 1h: середина диапазона,1d: MACD LONG +5 | 1d: RSI 38.8 neutral | 4h: MACD SHORT +4 | 4h: RSI 42.3 neutral | 1h: MACD LONG +3 | 1h: RSI 48.9 neutral,Цена далеко от зоны входа,SHORT wins by 12 points
2026-06-26T01:42:54.565017+00:00,BTC/USDT,SHORT,WATCH,24,68.6,4,56,18,0,12,9,15,0,11,24,13,SHORT,1d: EMA SHORT +20 | 1d: MACD SHORT +10 | 4h: EMA SHORT +12 | 4h: MACD SHORT +6 | 1h: EMA SHORT +8 | 1h: MACD LONG +4,1d: цена у нижней границы (+10 LONG) | 4h: цена у нижней границы (+8 LONG) | 1h: середина диапазона,1d: MACD SHORT +5 | 1d: RSI 29.5 <35 LONG +5 | 4h: MACD SHORT +4 | 4h: RSI 33.1 <35 LONG +4 | 1h: MACD LONG +3 | 1h: RSI 39.3 neutral,Хорошая зона для LONG (+15 LONG),SHORT wins by 13 points
2026-06-26T01:42:55.353124+00:00,ETH/USDT,SHORT,SETUP,26,72.2,0,60,25,0,9,12,15,0,10,26,16,SHORT,1d: EMA SHORT +20 | 1d: MACD SHORT +10 | 4h: EMA SHORT +12 | 4h: MACD SHORT +6 | 1h: EMA SHORT +8 | 1h: MACD SHORT +4,1d: цена у нижней границы (+10 LONG) | 4h: цена у нижней границы (+8 LONG) | 1h: цена у нижней границы (+7 LONG),1d: MACD SHORT +5 | 1d: RSI 29.9 <35 LONG +5 | 4h: MACD SHORT +4 | 4h: RSI 32.2 <35 LONG +4 | 1h: MACD SHORT +3 | 1h: RSI 37.4 neutral,Хорошая зона для LONG (+15 LONG),SHORT wins by 16 points
2026-06-26T01:42:56.138209+00:00,SOL/USDT,SHORT,NO TRADE,19,73.1,14,46,0,0,8,4,0,0,7,19,12,SHORT,1d: EMA SHORT +20 | 1d: MACD LONG +10 | 4h: EMA SHORT +12 | 4h: MACD SHORT +6 | 1h: EMA SHORT +8 | 1h: MACD LONG +4,1d: середина диапазона | 4h: середина диапазона | 1h: середина диапазона,1d: MACD LONG +5 | 1d: RSI 38.7 neutral | 4h: MACD SHORT +4 | 4h: RSI 42.2 neutral | 1h: MACD LONG +3 | 1h: RSI 48.8 neutral,Цена далеко от зоны входа,SHORT wins by 12 points
2026-06-26T01:47:59.683727+00:00,BTC/USDT,SHORT,WATCH,24,68.6,4,56,18,0,12,9,15,0,11,24,13,SHORT,1d: EMA SHORT +20 | 1d: MACD SHORT +10 | 4h: EMA SHORT +12 | 4h: MACD SHORT +6 | 1h: EMA SHORT +8 | 1h: MACD LONG +4,1d: цена у нижней границы (+10 LONG) | 4h: цена у нижней границы (+8 LONG) | 1h: середина диапазона,1d: MACD SHORT +5 | 1d: RSI 29.6 <35 LONG +5 | 4h: MACD SHORT +4 | 4h: RSI 33.3 <35 LONG +4 | 1h: MACD LONG +3 | 1h: RSI 39.8 neutral,Хорошая зона для LONG (+15 LONG),SHORT wins by 13 points
2026-06-26T01:48:00.574710+00:00,ETH/USDT,SHORT,SETUP,26,74.3,0,60,18,0,9,12,15,0,9,26,17,SHORT,1d: EMA SHORT +20 | 1d: MACD SHORT +10 | 4h: EMA SHORT +12 | 4h: MACD SHORT +6 | 1h: EMA SHORT +8 | 1h: MACD SHORT +4,1d: цена у нижней границы (+10 LONG) | 4h: цена у нижней границы (+8 LONG) | 1h: середина диапазона,1d: MACD SHORT +5 | 1d: RSI 30.0 <35 LONG +5 | 4h: MACD SHORT +4 | 4h: RSI 32.5 <35 LONG +4 | 1h: MACD SHORT +3 | 1h: RSI 37.9 neutral,Хорошая зона для LONG (+15 LONG),SHORT wins by 17 points
2026-06-26T01:48:01.356873+00:00,SOL/USDT,SHORT,NO TRADE,19,73.1,14,46,0,0,8,4,0,0,7,19,12,SHORT,1d: EMA SHORT +20 | 1d: MACD LONG +10 | 4h: EMA SHORT +12 | 4h: MACD SHORT +6 | 1h: EMA SHORT +8 | 1h: MACD LONG +4,1d: середина диапазона | 4h: середина диапазона | 1h: середина диапазона,1d: MACD LONG +5 | 1d: RSI 38.9 neutral | 4h: MACD SHORT +4 | 4h: RSI 42.5 neutral | 1h: MACD LONG +3 | 1h: RSI 49.4 neutral,Цена далеко от зоны входа,SHORT wins by 12 points
2026-06-26T01:53:04.831262+00:00,BTC/USDT,SHORT,WATCH,24,68.6,4,56,18,0,12,9,15,0,11,24,13,SHORT,1d: EMA SHORT +20 | 1d: MACD SHORT +10 | 4h: EMA SHORT +12 | 4h: MACD SHORT +6 | 1h: EMA SHORT +8 | 1h: MACD LONG +4,1d: цена у нижней границы (+10 LONG) | 4h: цена у нижней границы (+8 LONG) | 1h: середина диапазона,1d: MACD SHORT +5 | 1d: RSI 29.8 <35 LONG +5 | 4h: MACD SHORT +4 | 4h: RSI 33.6 <35 LONG +4 | 1h: MACD LONG +3 | 1h: RSI 40.4 neutral,Хорошая зона для LONG (+15 LONG),SHORT wins by 13 points
2026-06-26T01:53:05.725232+00:00,ETH/USDT,SHORT,SETUP,26,74.3,0,60,18,0,9,12,15,0,9,26,17,SHORT,1d: EMA SHORT +20 | 1d: MACD SHORT +10 | 4h: EMA SHORT +12 | 4h: MACD SHORT +6 | 1h: EMA SHORT +8 | 1h: MACD SHORT +4,1d: цена у нижней границы (+10 LONG) | 4h: цена у нижней границы (+8 LONG) | 1h: середина диапазона,1d: MACD SHORT +5 | 1d: RSI 30.1 <35 LONG +5 | 4h: MACD SHORT +4 | 4h: RSI 32.7 <35 LONG +4 | 1h: MACD SHORT +3 | 1h: RSI 38.3 neutral,Хорошая зона для LONG (+15 LONG),SHORT wins by 17 points
2026-06-26T01:53:06.617241+00:00,SOL/USDT,SHORT,NO TRADE,19,73.1,14,46,0,0,8,4,0,0,7,19,12,SHORT,1d: EMA SHORT +20 | 1d: MACD LONG +10 | 4h: EMA SHORT +12 | 4h: MACD SHORT +6 | 1h: EMA SHORT +8 | 1h: MACD LONG +4,1d: середина диапазона | 4h: середина диапазона | 1h: середина диапазона,1d: MACD LONG +5 | 1d: RSI 38.9 neutral | 4h: MACD SHORT +4 | 4h: RSI 42.6 neutral | 1h: MACD LONG +3 | 1h: RSI 49.6 neutral,Цена далеко от зоны входа,SHORT wins by 12 points
2026-06-26T01:58:10.098359+00:00,BTC/USDT,SHORT,WATCH,24,68.6,4,56,18,0,12,9,15,0,11,24,13,SHORT,1d: EMA SHORT +20 | 1d: MACD SHORT +10 | 4h: EMA SHORT +12 | 4h: MACD SHORT +6 | 1h: EMA SHORT +8 | 1h: MACD LONG +4,1d: цена у нижней границы (+10 LONG) | 4h: цена у нижней границы (+8 LONG) | 1h: середина диапазона,1d: MACD SHORT +5 | 1d: RSI 29.7 <35 LONG +5 | 4h: MACD SHORT +4 | 4h: RSI 33.6 <35 LONG +4 | 1h: MACD LONG +3 | 1h: RSI 40.3 neutral,Хорошая зона для LONG (+15 LONG),SHORT wins by 13 points
2026-06-26T01:58:11.000497+00:00,ETH/USDT,SHORT,SETUP,26,74.3,0,60,18,0,9,12,15,0,9,26,17,SHORT,1d: EMA SHORT +20 | 1d: MACD SHORT +10 | 4h: EMA SHORT +12 | 4h: MACD SHORT +6 | 1h: EMA SHORT +8 | 1h: MACD SHORT +4,1d: цена у нижней границы (+10 LONG) | 4h: цена у нижней границы (+8 LONG) | 1h: середина диапазона,1d: MACD SHORT +5 | 1d: RSI 30.0 <35 LONG +5 | 4h: MACD SHORT +4 | 4h: RSI 32.5 <35 LONG +4 | 1h: MACD SHORT +3 | 1h: RSI 38.0 neutral,Хорошая зона для LONG (+15 LONG),SHORT wins by 17 points
2026-06-26T01:58:11.773338+00:00,SOL/USDT,SHORT,NO TRADE,19,73.1,14,46,0,0,8,4,0,0,7,19,12,SHORT,1d: EMA SHORT +20 | 1d: MACD LONG +10 | 4h: EMA SHORT +12 | 4h: MACD SHORT +6 | 1h: EMA SHORT +8 | 1h: MACD LONG +4,1d: середина диапазона | 4h: середина диапазона | 1h: середина диапазона,1d: MACD LONG +5 | 1d: RSI 38.7 neutral | 4h: MACD SHORT +4 | 4h: RSI 42.2 neutral | 1h: MACD LONG +3 | 1h: RSI 48.8 neutral,Цена далеко от зоны входа,SHORT wins by 12 points
2026-06-26T02:03:15.386534+00:00,BTC/USDT,SHORT,WATCH,24,68.6,4,56,18,0,12,9,15,0,11,24,13,SHORT,1d: EMA SHORT +20 | 1d: MACD SHORT +10 | 4h: EMA SHORT +12 | 4h: MACD SHORT +6 | 1h: EMA SHORT +8 | 1h: MACD LONG +4,1d: цена у нижней границы (+10 LONG) | 4h: цена у нижней границы (+8 LONG) | 1h: середина диапазона,1d: MACD SHORT +5 | 1d: RSI 29.8 <35 LONG +5 | 4h: MACD SHORT +4 | 4h: RSI 33.7 <35 LONG +4 | 1h: MACD LONG +3 | 1h: RSI 40.5 neutral,Хорошая зона для LONG (+15 LONG),SHORT wins by 13 points
2026-06-26T02:03:16.142737+00:00,ETH/USDT,SHORT,SETUP,26,74.3,0,60,18,0,9,12,15,0,9,26,17,SHORT,1d: EMA SHORT +20 | 1d: MACD SHORT +10 | 4h: EMA SHORT +12 | 4h: MACD SHORT +6 | 1h: EMA SHORT +8 | 1h: MACD SHORT +4,1d: цена у нижней границы (+10 LONG) | 4h: цена у нижней границы (+8 LONG) | 1h: середина диапазона,1d: MACD SHORT +5 | 1d: RSI 30.1 <35 LONG +5 | 4h: MACD SHORT +4 | 4h: RSI 32.6 <35 LONG +4 | 1h: MACD SHORT +3 | 1h: RSI 38.3 neutral,Хорошая зона для LONG (+15 LONG),SHORT wins by 17 points
2026-06-26T02:03:17.078258+00:00,SOL/USDT,SHORT,NO TRADE,19,73.1,14,46,0,0,8,4,0,0,7,19,12,SHORT,1d: EMA SHORT +20 | 1d: MACD LONG +10 | 4h: EMA SHORT +12 | 4h: MACD SHORT +6 | 1h: EMA SHORT +8 | 1h: MACD LONG +4,1d: середина диапазона | 4h: середина диапазона | 1h: середина диапазона,1d: MACD LONG +5 | 1d: RSI 38.7 neutral | 4h: MACD SHORT +4 | 4h: RSI 42.2 neutral | 1h: MACD LONG +3 | 1h: RSI 48.8 neutral,Цена далеко от зоны входа,SHORT wins by 12 points
2026-06-26T02:08:20.538015+00:00,BTC/USDT,SHORT,WATCH,24,68.6,4,56,18,0,12,9,15,0,11,24,13,SHORT,1d: EMA SHORT +20 | 1d: MACD SHORT +10 | 4h: EMA SHORT +12 | 4h: MACD SHORT +6 | 1h: EMA SHORT +8 | 1h: MACD LONG +4,1d: цена у нижней границы (+10 LONG) | 4h: цена у нижней границы (+8 LONG) | 1h: середина диапазона,1d: MACD SHORT +5 | 1d: RSI 29.7 <35 LONG +5 | 4h: MACD SHORT +4 | 4h: RSI 33.6 <35 LONG +4 | 1h: MACD LONG +3 | 1h: RSI 40.3 neutral,Хорошая зона для LONG (+15 LONG),SHORT wins by 13 points
2026-06-26T02:08:21.435369+00:00,ETH/USDT,SHORT,SETUP,26,74.3,0,60,18,0,9,12,15,0,9,26,17,SHORT,1d: EMA SHORT +20 | 1d: MACD SHORT +10 | 4h: EMA SHORT +12 | 4h: MACD SHORT +6 | 1h: EMA SHORT +8 | 1h: MACD SHORT +4,1d: цена у нижней границы (+10 LONG) | 4h: цена у нижней границы (+8 LONG) | 1h: середина диапазона,1d: MACD SHORT +5 | 1d: RSI 30.0 <35 LONG +5 | 4h: MACD SHORT +4 | 4h: RSI 32.4 <35 LONG +4 | 1h: MACD SHORT +3 | 1h: RSI 37.8 neutral,Хорошая зона для LONG (+15 LONG),SHORT wins by 17 points
2026-06-26T02:08:22.320366+00:00,SOL/USDT,SHORT,NO TRADE,19,73.1,14,46,0,0,8,4,0,0,7,19,12,SHORT,1d: EMA SHORT +20 | 1d: MACD LONG +10 | 4h: EMA SHORT +12 | 4h: MACD SHORT +6 | 1h: EMA SHORT +8 | 1h: MACD LONG +4,1d: середина диапазона | 4h: середина диапазона | 1h: середина диапазона,1d: MACD LONG +5 | 1d: RSI 38.6 neutral | 4h: MACD SHORT +4 | 4h: RSI 42.1 neutral | 1h: MACD LONG +3 | 1h: RSI 48.5 neutral,Цена далеко от зоны входа,SHORT wins by 12 points
2026-06-26T02:13:25.803023+00:00,BTC/USDT,SHORT,SETUP,26,74.3,0,60,18,0,9,12,15,0,9,26,17,SHORT,1d: EMA SHORT +20 | 1d: MACD SHORT +10 | 4h: EMA SHORT +12 | 4h: MACD SHORT +6 | 1h: EMA SHORT +8 | 1h: MACD SHORT +4,1d: цена у нижней границы (+10 LONG) | 4h: цена у нижней границы (+8 LONG) | 1h: середина диапазона,1d: MACD SHORT +5 | 1d: RSI 28.8 <35 LONG +5 | 4h: MACD SHORT +4 | 4h: RSI 31.7 <35 LONG +4 | 1h: MACD SHORT +3 | 1h: RSI 36.6 neutral,Хорошая зона для LONG (+15 LONG),SHORT wins by 17 points
2026-06-26T02:13:26.613350+00:00,ETH/USDT,SHORT,SETUP,26,70.3,0,60,25,0,13,12,15,0,11,26,15,SHORT,1d: EMA SHORT +20 | 1d: MACD SHORT +10 | 4h: EMA SHORT +12 | 4h: MACD SHORT +6 | 1h: EMA SHORT +8 | 1h: MACD SHORT +4,1d: цена у нижней границы (+10 LONG) | 4h: цена у нижней границы (+8 LONG) | 1h: цена у нижней границы (+7 LONG),1d: MACD SHORT +5 | 1d: RSI 28.7 <35 LONG +5 | 4h: MACD SHORT +4 | 4h: RSI 29.8 <35 LONG +4 | 1h: MACD SHORT +3 | 1h: RSI 32.2 <35 LONG +4,Хорошая зона для LONG (+15 LONG),SHORT wins by 15 points
2026-06-26T02:13:27.411223+00:00,SOL/USDT,SHORT,NO TRADE,19,73.1,14,46,0,0,8,4,0,0,7,19,12,SHORT,1d: EMA SHORT +20 | 1d: MACD LONG +10 | 4h: EMA SHORT +12 | 4h: MACD SHORT +6 | 1h: EMA SHORT +8 | 1h: MACD LONG +4,1d: середина диапазона | 4h: середина диапазона | 1h: середина диапазона,1d: MACD LONG +5 | 1d: RSI 37.2 neutral | 4h: MACD SHORT +4 | 4h: RSI 39.4 neutral | 1h: MACD LONG +3 | 1h: RSI 43.5 neutral,Цена далеко от зоны входа,SHORT wins by 12 points
2026-06-26T02:18:30.821281+00:00,BTC/USDT,SHORT,SETUP,26,72.2,0,60,25,0,9,12,15,0,10,26,16,SHORT,1d: EMA SHORT +20 | 1d: MACD SHORT +10 | 4h: EMA SHORT +12 | 4h: MACD SHORT +6 | 1h: EMA SHORT +8 | 1h: MACD SHORT +4,1d: цена у нижней границы (+10 LONG) | 4h: цена у нижней границы (+8 LONG) | 1h: цена у нижней границы (+7 LONG),1d: MACD SHORT +5 | 1d: RSI 28.4 <35 LONG +5 | 4h: MACD SHORT +4 | 4h: RSI 31.0 <35 LONG +4 | 1h: MACD SHORT +3 | 1h: RSI 35.3 neutral,Хорошая зона для LONG (+15 LONG),SHORT wins by 16 points
2026-06-26T02:18:31.619202+00:00,ETH/USDT,SHORT,SETUP,26,70.3,0,60,25,0,13,12,15,0,11,26,15,SHORT,1d: EMA SHORT +20 | 1d: MACD SHORT +10 | 4h: EMA SHORT +12 | 4h: MACD SHORT +6 | 1h: EMA SHORT +8 | 1h: MACD SHORT +4,1d: цена у нижней границы (+10 LONG) | 4h: цена у нижней границы (+8 LONG) | 1h: цена у нижней границы (+7 LONG),1d: MACD SHORT +5 | 1d: RSI 28.4 <35 LONG +5 | 4h: MACD SHORT +4 | 4h: RSI 29.4 <35 LONG +4 | 1h: MACD SHORT +3 | 1h: RSI 31.5 <35 LONG +4,Хорошая зона для LONG (+15 LONG),SHORT wins by 15 points
2026-06-26T02:18:33.001297+00:00,SOL/USDT,SHORT,NO TRADE,19,73.1,14,46,0,0,8,4,0,0,7,19,12,SHORT,1d: EMA SHORT +20 | 1d: MACD LONG +10 | 4h: EMA SHORT +12 | 4h: MACD SHORT +6 | 1h: EMA SHORT +8 | 1h: MACD LONG +4,1d: середина диапазона | 4h: середина диапазона | 1h: середина диапазона,1d: MACD LONG +5 | 1d: RSI 37.2 neutral | 4h: MACD SHORT +4 | 4h: RSI 39.5 neutral | 1h: MACD LONG +3 | 1h: RSI 43.6 neutral,Цена далеко от зоны входа,SHORT wins by 12 points
2026-06-26T02:23:36.195969+00:00,BTC/USDT,SHORT,SETUP,26,70.3,0,60,25,0,13,12,15,0,11,26,15,SHORT,1d: EMA SHORT +20 | 1d: MACD SHORT +10 | 4h: EMA SHORT +12 | 4h: MACD SHORT +6 | 1h: EMA SHORT +8 | 1h: MACD SHORT +4,1d: цена у нижней границы (+10 LONG) | 4h: цена у нижней границы (+8 LONG) | 1h: цена у нижней границы (+7 LONG),1d: MACD SHORT +5 | 1d: RSI 27.9 <35 LONG +5 | 4h: MACD SHORT +4 | 4h: RSI 29.9 <35 LONG +4 | 1h: MACD SHORT +3 | 1h: RSI 33.3 <35 LONG +4,Хорошая зона для LONG (+15 LONG),SHORT wins by 15 points
2026-06-26T02:23:37.178619+00:00,ETH/USDT,SHORT,SETUP,26,70.3,0,60,25,0,13,12,15,0,11,26,15,SHORT,1d: EMA SHORT +20 | 1d: MACD SHORT +10 | 4h: EMA SHORT +12 | 4h: MACD SHORT +6 | 1h: EMA SHORT +8 | 1h: MACD SHORT +4,1d: цена у нижней границы (+10 LONG) | 4h: цена у нижней границы (+8 LONG) | 1h: цена у нижней границы (+7 LONG),1d: MACD SHORT +5 | 1d: RSI 28.2 <35 LONG +5 | 4h: MACD SHORT +4 | 4h: RSI 28.8 <35 LONG +4 | 1h: MACD SHORT +3 | 1h: RSI 30.4 <35 LONG +4,Хорошая зона для LONG (+15 LONG),SHORT wins by 15 points
2026-06-26T02:23:37.962499+00:00,SOL/USDT,SHORT,NO TRADE,19,73.1,14,46,0,0,8,4,0,0,7,19,12,SHORT,1d: EMA SHORT +20 | 1d: MACD LONG +10 | 4h: EMA SHORT +12 | 4h: MACD SHORT +6 | 1h: EMA SHORT +8 | 1h: MACD LONG +4,1d: середина диапазона | 4h: середина диапазона | 1h: середина диапазона,1d: MACD LONG +5 | 1d: RSI 36.7 neutral | 4h: MACD SHORT +4 | 4h: RSI 38.6 neutral | 1h: MACD LONG +3 | 1h: RSI 41.9 neutral,Цена далеко от зоны входа,SHORT wins by 12 points
2026-06-26T02:28:41.479821+00:00,BTC/USDT,SHORT,SETUP,26,72.2,0,60,25,0,9,12,15,0,10,26,16,SHORT,1d: EMA SHORT +20 | 1d: MACD SHORT +10 | 4h: EMA SHORT +12 | 4h: MACD SHORT +6 | 1h: EMA SHORT +8 | 1h: MACD SHORT +4,1d: цена у нижней границы (+10 LONG) | 4h: цена у нижней границы (+8 LONG) | 1h: цена у нижней границы (+7 LONG),1d: MACD SHORT +5 | 1d: RSI 28.6 <35 LONG +5 | 4h: MACD SHORT +4 | 4h: RSI 31.2 <35 LONG +4 | 1h: MACD SHORT +3 | 1h: RSI 35.6 neutral,Хорошая зона для LONG (+15 LONG),SHORT wins by 16 points
2026-06-26T02:28:42.356087+00:00,ETH/USDT,SHORT,SETUP,26,70.3,0,60,25,0,13,12,15,0,11,26,15,SHORT,1d: EMA SHORT +20 | 1d: MACD SHORT +10 | 4h: EMA SHORT +12 | 4h: MACD SHORT +6 | 1h: EMA SHORT +8 | 1h: MACD SHORT +4,1d: цена у нижней границы (+10 LONG) | 4h: цена у нижней границы (+8 LONG) | 1h: цена у нижней границы (+7 LONG),1d: MACD SHORT +5 | 1d: RSI 28.7 <35 LONG +5 | 4h: MACD SHORT +4 | 4h: RSI 29.9 <35 LONG +4 | 1h: MACD SHORT +3 | 1h: RSI 32.4 <35 LONG +4,Хорошая зона для LONG (+15 LONG),SHORT wins by 15 points
2026-06-26T02:28:43.309890+00:00,SOL/USDT,SHORT,NO TRADE,19,73.1,14,46,0,0,8,4,0,0,7,19,12,SHORT,1d: EMA SHORT +20 | 1d: MACD LONG +10 | 4h: EMA SHORT +12 | 4h: MACD SHORT +6 | 1h: EMA SHORT +8 | 1h: MACD LONG +4,1d: середина диапазона | 4h: середина диапазона | 1h: середина диапазона,1d: MACD LONG +5 | 1d: RSI 37.6 neutral | 4h: MACD SHORT +4 | 4h: RSI 40.3 neutral | 1h: MACD LONG +3 | 1h: RSI 45.0 neutral,Цена далеко от зоны входа,SHORT wins by 12 points
2026-06-26T02:33:46.705452+00:00,BTC/USDT,SHORT,SETUP,26,72.2,0,60,25,0,9,12,15,0,10,26,16,SHORT,1d: EMA SHORT +20 | 1d: MACD SHORT +10 | 4h: EMA SHORT +12 | 4h: MACD SHORT +6 | 1h: EMA SHORT +8 | 1h: MACD SHORT +4,1d: цена у нижней границы (+10 LONG) | 4h: цена у нижней границы (+8 LONG) | 1h: цена у нижней границы (+7 LONG),1d: MACD SHORT +5 | 1d: RSI 28.5 <35 LONG +5 | 4h: MACD SHORT +4 | 4h: RSI 31.1 <35 LONG +4 | 1h: MACD SHORT +3 | 1h: RSI 35.5 neutral,Хорошая зона для LONG (+15 LONG),SHORT wins by 16 points
2026-06-26T02:33:47.703399+00:00,ETH/USDT,SHORT,SETUP,26,70.3,0,60,25,0,13,12,15,0,11,26,15,SHORT,1d: EMA SHORT +20 | 1d: MACD SHORT +10 | 4h: EMA SHORT +12 | 4h: MACD SHORT +6 | 1h: EMA SHORT +8 | 1h: MACD SHORT +4,1d: цена у нижней границы (+10 LONG) | 4h: цена у нижней границы (+8 LONG) | 1h: цена у нижней границы (+7 LONG),1d: MACD SHORT +5 | 1d: RSI 28.6 <35 LONG +5 | 4h: MACD SHORT +4 | 4h: RSI 29.8 <35 LONG +4 | 1h: MACD SHORT +3 | 1h: RSI 32.2 <35 LONG +4,Хорошая зона для LONG (+15 LONG),SHORT wins by 15 points
2026-06-26T02:33:48.597217+00:00,SOL/USDT,SHORT,NO TRADE,19,73.1,14,46,0,0,8,4,0,0,7,19,12,SHORT,1d: EMA SHORT +20 | 1d: MACD LONG +10 | 4h: EMA SHORT +12 | 4h: MACD SHORT +6 | 1h: EMA SHORT +8 | 1h: MACD LONG +4,1d: середина диапазона | 4h: середина диапазона | 1h: середина диапазона,1d: MACD LONG +5 | 1d: RSI 37.4 neutral | 4h: MACD SHORT +4 | 4h: RSI 39.8 neutral | 1h: MACD LONG +3 | 1h: RSI 44.1 neutral,Цена далеко от зоны входа,SHORT wins by 12 points
2026-06-26T02:38:52.263643+00:00,BTC/USDT,SHORT,SETUP,26,72.2,0,60,25,0,9,12,15,0,10,26,16,SHORT,1d: EMA SHORT +20 | 1d: MACD SHORT +10 | 4h: EMA SHORT +12 | 4h: MACD SHORT +6 | 1h: EMA SHORT +8 | 1h: MACD SHORT +4,1d: цена у нижней границы (+10 LONG) | 4h: цена у нижней границы (+8 LONG) | 1h: цена у нижней границы (+7 LONG),1d: MACD SHORT +5 | 1d: RSI 28.5 <35 LONG +5 | 4h: MACD SHORT +4 | 4h: RSI 31.2 <35 LONG +4 | 1h: MACD SHORT +3 | 1h: RSI 35.5 neutral,Хорошая зона для LONG (+15 LONG),SHORT wins by 16 points
2026-06-26T02:38:53.591694+00:00,ETH/USDT,SHORT,SETUP,26,70.3,0,60,25,0,13,12,15,0,11,26,15,SHORT,1d: EMA SHORT +20 | 1d: MACD SHORT +10 | 4h: EMA SHORT +12 | 4h: MACD SHORT +6 | 1h: EMA SHORT +8 | 1h: MACD SHORT +4,1d: цена у нижней границы (+10 LONG) | 4h: цена у нижней границы (+8 LONG) | 1h: цена у нижней границы (+7 LONG),1d: MACD SHORT +5 | 1d: RSI 28.6 <35 LONG +5 | 4h: MACD SHORT +4 | 4h: RSI 29.7 <35 LONG +4 | 1h: MACD SHORT +3 | 1h: RSI 32.1 <35 LONG +4,Хорошая зона для LONG (+15 LONG),SHORT wins by 15 points
2026-06-26T02:38:54.377001+00:00,SOL/USDT,SHORT,NO TRADE,19,73.1,14,46,0,0,8,4,0,0,7,19,12,SHORT,1d: EMA SHORT +20 | 1d: MACD LONG +10 | 4h: EMA SHORT +12 | 4h: MACD SHORT +6 | 1h: EMA SHORT +8 | 1h: MACD LONG +4,1d: середина диапазона | 4h: середина диапазона | 1h: середина диапазона,1d: MACD LONG +5 | 1d: RSI 37.4 neutral | 4h: MACD SHORT +4 | 4h: RSI 39.8 neutral | 1h: MACD LONG +3 | 1h: RSI 44.1 neutral,Цена далеко от зоны входа,SHORT wins by 12 points
2026-06-26T02:43:57.866963+00:00,BTC/USDT,SHORT,SETUP,26,74.3,0,60,18,0,9,12,15,0,9,26,17,SHORT,1d: EMA SHORT +20 | 1d: MACD SHORT +10 | 4h: EMA SHORT +12 | 4h: MACD SHORT +6 | 1h: EMA SHORT +8 | 1h: MACD SHORT +4,1d: цена у нижней границы (+10 LONG) | 4h: цена у нижней границы (+8 LONG) | 1h: середина диапазона,1d: MACD SHORT +5 | 1d: RSI 28.8 <35 LONG +5 | 4h: MACD SHORT +4 | 4h: RSI 31.6 <35 LONG +4 | 1h: MACD SHORT +3 | 1h: RSI 36.3 neutral,Хорошая зона для LONG (+15 LONG),SHORT wins by 17 points
2026-06-26T02:43:58.752928+00:00,ETH/USDT,SHORT,SETUP,26,70.3,0,60,25,0,13,12,15,0,11,26,15,SHORT,1d: EMA SHORT +20 | 1d: MACD SHORT +10 | 4h: EMA SHORT +12 | 4h: MACD SHORT +6 | 1h: EMA SHORT +8 | 1h: MACD SHORT +4,1d: цена у нижней границы (+10 LONG) | 4h: цена у нижней границы (+8 LONG) | 1h: цена у нижней границы (+7 LONG),1d: MACD SHORT +5 | 1d: RSI 28.8 <35 LONG +5 | 4h: MACD SHORT +4 | 4h: RSI 30.1 <35 LONG +4 | 1h: MACD SHORT +3 | 1h: RSI 32.9 <35 LONG +4,Хорошая зона для LONG (+15 LONG),SHORT wins by 15 points
2026-06-26T02:43:59.724279+00:00,SOL/USDT,SHORT,NO TRADE,19,73.1,14,46,0,0,8,4,0,0,7,19,12,SHORT,1d: EMA SHORT +20 | 1d: MACD LONG +10 | 4h: EMA SHORT +12 | 4h: MACD SHORT +6 | 1h: EMA SHORT +8 | 1h: MACD LONG +4,1d: середина диапазона | 4h: середина диапазона | 1h: середина диапазона,1d: MACD LONG +5 | 1d: RSI 37.7 neutral | 4h: MACD SHORT +4 | 4h: RSI 40.4 neutral | 1h: MACD LONG +3 | 1h: RSI 45.3 neutral,Цена далеко от зоны входа,SHORT wins by 12 points
2026-06-26T02:49:03.167489+00:00,BTC/USDT,SHORT,SETUP,26,70.3,0,60,25,0,13,12,15,0,11,26,15,SHORT,1d: EMA SHORT +20 | 1d: MACD SHORT +10 | 4h: EMA SHORT +12 | 4h: MACD SHORT +6 | 1h: EMA SHORT +8 | 1h: MACD SHORT +4,1d: цена у нижней границы (+10 LONG) | 4h: цена у нижней границы (+8 LONG) | 1h: цена у нижней границы (+7 LONG),1d: MACD SHORT +5 | 1d: RSI 28.2 <35 LONG +5 | 4h: MACD SHORT +4 | 4h: RSI 30.5 <35 LONG +4 | 1h: MACD SHORT +3 | 1h: RSI 34.3 <35 LONG +4,Хорошая зона для LONG (+15 LONG),SHORT wins by 15 points
2026-06-26T02:49:04.187374+00:00,ETH/USDT,SHORT,SETUP,26,70.3,0,60,25,0,13,12,15,0,11,26,15,SHORT,1d: EMA SHORT +20 | 1d: MACD SHORT +10 | 4h: EMA SHORT +12 | 4h: MACD SHORT +6 | 1h: EMA SHORT +8 | 1h: MACD SHORT +4,1d: цена у нижней границы (+10 LONG) | 4h: цена у нижней границы (+8 LONG) | 1h: цена у нижней границы (+7 LONG),1d: MACD SHORT +5 | 1d: RSI 28.2 <35 LONG +5 | 4h: MACD SHORT +4 | 4h: RSI 28.9 <35 LONG +4 | 1h: MACD SHORT +3 | 1h: RSI 30.6 <35 LONG +4,Хорошая зона для LONG (+15 LONG),SHORT wins by 15 points
2026-06-26T02:49:05.086091+00:00,SOL/USDT,SHORT,NO TRADE,19,73.1,14,46,0,0,8,4,0,0,7,19,12,SHORT,1d: EMA SHORT +20 | 1d: MACD LONG +10 | 4h: EMA SHORT +12 | 4h: MACD SHORT +6 | 1h: EMA SHORT +8 | 1h: MACD LONG +4,1d: середина диапазона | 4h: середина диапазона | 1h: середина диапазона,1d: MACD LONG +5 | 1d: RSI 37.2 neutral | 4h: MACD SHORT +4 | 4h: RSI 39.4 neutral | 1h: MACD LONG +3 | 1h: RSI 43.4 neutral,Цена далеко от зоны входа,SHORT wins by 12 points
2026-06-26T02:54:08.655622+00:00,BTC/USDT,SHORT,SETUP,26,70.3,0,60,25,0,13,12,15,0,11,26,15,SHORT,1d: EMA SHORT +20 | 1d: MACD SHORT +10 | 4h: EMA SHORT +12 | 4h: MACD SHORT +6 | 1h: EMA SHORT +8 | 1h: MACD SHORT +4,1d: цена у нижней границы (+10 LONG) | 4h: цена у нижней границы (+8 LONG) | 1h: цена у нижней границы (+7 LONG),1d: MACD SHORT +5 | 1d: RSI 28.0 <35 LONG +5 | 4h: MACD SHORT +4 | 4h: RSI 30.2 <35 LONG +4 | 1h: MACD SHORT +3 | 1h: RSI 33.7 <35 LONG +4,Хорошая зона для LONG (+15 LONG),SHORT wins by 15 points
2026-06-26T02:54:09.784365+00:00,ETH/USDT,SHORT,SETUP,26,70.3,0,60,25,0,13,12,15,0,11,26,15,SHORT,1d: EMA SHORT +20 | 1d: MACD SHORT +10 | 4h: EMA SHORT +12 | 4h: MACD SHORT +6 | 1h: EMA SHORT +8 | 1h: MACD SHORT +4,1d: цена у нижней границы (+10 LONG) | 4h: цена у нижней границы (+8 LONG) | 1h: цена у нижней границы (+7 LONG),1d: MACD SHORT +5 | 1d: RSI 28.1 <35 LONG +5 | 4h: MACD SHORT +4 | 4h: RSI 28.8 <35 LONG +4 | 1h: MACD SHORT +3 | 1h: RSI 30.4 <35 LONG +4,Хорошая зона для LONG (+15 LONG),SHORT wins by 15 points
2026-06-26T02:54:10.577975+00:00,SOL/USDT,SHORT,NO TRADE,19,73.1,14,46,0,0,8,4,0,0,7,19,12,SHORT,1d: EMA SHORT +20 | 1d: MACD LONG +10 | 4h: EMA SHORT +12 | 4h: MACD SHORT +6 | 1h: EMA SHORT +8 | 1h: MACD LONG +4,1d: середина диапазона | 4h: середина диапазона | 1h: середина диапазона,1d: MACD LONG +5 | 1d: RSI 36.8 neutral | 4h: MACD SHORT +4 | 4h: RSI 38.7 neutral | 1h: MACD LONG +3 | 1h: RSI 42.1 neutral,Цена далеко от зоны входа,SHORT wins by 12 points
2026-06-26T02:59:13.976943+00:00,BTC/USDT,SHORT,SETUP,26,70.3,0,60,25,0,13,12,15,0,11,26,15,SHORT,1d: EMA SHORT +20 | 1d: MACD SHORT +10 | 4h: EMA SHORT +12 | 4h: MACD SHORT +6 | 1h: EMA SHORT +8 | 1h: MACD SHORT +4,1d: цена у нижней границы (+10 LONG) | 4h: цена у нижней границы (+8 LONG) | 1h: цена у нижней границы (+7 LONG),1d: MACD SHORT +5 | 1d: RSI 28.2 <35 LONG +5 | 4h: MACD SHORT +4 | 4h: RSI 30.5 <35 LONG +4 | 1h: MACD SHORT +3 | 1h: RSI 34.3 <35 LONG +4,Хорошая зона для LONG (+15 LONG),SHORT wins by 15 points
2026-06-26T02:59:14.859991+00:00,ETH/USDT,SHORT,SETUP,26,70.3,0,60,25,0,13,12,15,0,11,26,15,SHORT,1d: EMA SHORT +20 | 1d: MACD SHORT +10 | 4h: EMA SHORT +12 | 4h: MACD SHORT +6 | 1h: EMA SHORT +8 | 1h: MACD SHORT +4,1d: цена у нижней границы (+10 LONG) | 4h: цена у нижней границы (+8 LONG) | 1h: цена у нижней границы (+7 LONG),1d: MACD SHORT +5 | 1d: RSI 28.2 <35 LONG +5 | 4h: MACD SHORT +4 | 4h: RSI 28.9 <35 LONG +4 | 1h: MACD SHORT +3 | 1h: RSI 30.6 <35 LONG +4,Хорошая зона для LONG (+15 LONG),SHORT wins by 15 points
2026-06-26T02:59:15.634558+00:00,SOL/USDT,SHORT,NO TRADE,19,73.1,14,46,0,0,8,4,0,0,7,19,12,SHORT,1d: EMA SHORT +20 | 1d: MACD LONG +10 | 4h: EMA SHORT +12 | 4h: MACD SHORT +6 | 1h: EMA SHORT +8 | 1h: MACD LONG +4,1d: середина диапазона | 4h: середина диапазона | 1h: середина диапазона,1d: MACD LONG +5 | 1d: RSI 37.0 neutral | 4h: MACD SHORT +4 | 4h: RSI 39.1 neutral | 1h: MACD LONG +3 | 1h: RSI 42.8 neutral,Цена далеко от зоны входа,SHORT wins by 12 points
2026-06-26T03:04:19.497253+00:00,BTC/USDT,SHORT,SETUP,26,70.3,0,60,25,0,13,12,15,0,11,26,15,SHORT,1d: EMA SHORT +20 | 1d: MACD SHORT +10 | 4h: EMA SHORT +12 | 4h: MACD SHORT +6 | 1h: EMA SHORT +8 | 1h: MACD SHORT +4,1d: цена у нижней границы (+10 LONG) | 4h: цена у нижней границы (+8 LONG) | 1h: цена у нижней границы (+7 LONG),1d: MACD SHORT +5 | 1d: RSI 28.2 <35 LONG +5 | 4h: MACD SHORT +4 | 4h: RSI 30.5 <35 LONG +4 | 1h: MACD SHORT +3 | 1h: RSI 34.4 <35 LONG +4,Хорошая зона для LONG (+15 LONG),SHORT wins by 15 points
2026-06-26T03:04:20.404009+00:00,ETH/USDT,SHORT,SETUP,26,70.3,0,60,25,0,13,12,15,0,11,26,15,SHORT,1d: EMA SHORT +20 | 1d: MACD SHORT +10 | 4h: EMA SHORT +12 | 4h: MACD SHORT +6 | 1h: EMA SHORT +8 | 1h: MACD SHORT +4,1d: цена у нижней границы (+10 LONG) | 4h: цена у нижней границы (+8 LONG) | 1h: цена у нижней границы (+7 LONG),1d: MACD SHORT +5 | 1d: RSI 27.9 <35 LONG +5 | 4h: MACD SHORT +4 | 4h: RSI 28.4 <35 LONG +4 | 1h: MACD SHORT +3 | 1h: RSI 29.7 <35 LONG +4,Хорошая зона для LONG (+15 LONG),SHORT wins by 15 points
2026-06-26T03:04:21.378498+00:00,SOL/USDT,SHORT,NO TRADE,19,73.1,14,46,0,0,8,4,0,0,7,19,12,SHORT,1d: EMA SHORT +20 | 1d: MACD LONG +10 | 4h: EMA SHORT +12 | 4h: MACD SHORT +6 | 1h: EMA SHORT +8 | 1h: MACD LONG +4,1d: середина диапазона | 4h: середина диапазона | 1h: середина диапазона,1d: MACD LONG +5 | 1d: RSI 37.1 neutral | 4h: MACD SHORT +4 | 4h: RSI 39.4 neutral | 1h: MACD LONG +3 | 1h: RSI 43.5 neutral,Цена далеко от зоны входа,SHORT wins by 12 points
2026-06-26T03:09:24.689107+00:00,BTC/USDT,SHORT,SETUP,26,72.2,0,60,25,0,9,12,15,0,10,26,16,SHORT,1d: EMA SHORT +20 | 1d: MACD SHORT +10 | 4h: EMA SHORT +12 | 4h: MACD SHORT +6 | 1h: EMA SHORT +8 | 1h: MACD SHORT +4,1d: цена у нижней границы (+10 LONG) | 4h: цена у нижней границы (+8 LONG) | 1h: цена у нижней границы (+7 LONG),1d: MACD SHORT +5 | 1d: RSI 28.5 <35 LONG +5 | 4h: MACD SHORT +4 | 4h: RSI 31.0 <35 LONG +4 | 1h: MACD SHORT +3 | 1h: RSI 36.2 neutral,Хорошая зона для LONG (+15 LONG),SHORT wins by 16 points
2026-06-26T03:09:25.582144+00:00,ETH/USDT,SHORT,SETUP,26,70.3,0,60,25,0,13,12,15,0,11,26,15,SHORT,1d: EMA SHORT +20 | 1d: MACD SHORT +10 | 4h: EMA SHORT +12 | 4h: MACD SHORT +6 | 1h: EMA SHORT +8 | 1h: MACD SHORT +4,1d: цена у нижней границы (+10 LONG) | 4h: цена у нижней границы (+8 LONG) | 1h: цена у нижней границы (+7 LONG),1d: MACD SHORT +5 | 1d: RSI 28.2 <35 LONG +5 | 4h: MACD SHORT +4 | 4h: RSI 28.9 <35 LONG +4 | 1h: MACD SHORT +3 | 1h: RSI 31.1 <35 LONG +4,Хорошая зона для LONG (+15 LONG),SHORT wins by 15 points
2026-06-26T03:09:26.542510+00:00,SOL/USDT,SHORT,NO TRADE,19,73.1,14,46,0,0,8,4,0,0,7,19,12,SHORT,1d: EMA SHORT +20 | 1d: MACD LONG +10 | 4h: EMA SHORT +12 | 4h: MACD SHORT +6 | 1h: EMA SHORT +8 | 1h: MACD LONG +4,1d: середина диапазона | 4h: середина диапазона | 1h: середина диапазона,1d: MACD LONG +5 | 1d: RSI 37.7 neutral | 4h: MACD SHORT +4 | 4h: RSI 40.3 neutral | 1h: MACD LONG +3 | 1h: RSI 45.7 neutral,Цена далеко от зоны входа,SHORT wins by 12 points
2026-06-26T03:14:29.940610+00:00,BTC/USDT,SHORT,SETUP,26,74.3,0,60,18,0,9,12,15,0,9,26,17,SHORT,1d: EMA SHORT +20 | 1d: MACD SHORT +10 | 4h: EMA SHORT +12 | 4h: MACD SHORT +6 | 1h: EMA SHORT +8 | 1h: MACD SHORT +4,1d: цена у нижней границы (+10 LONG) | 4h: цена у нижней границы (+8 LONG) | 1h: середина диапазона,1d: MACD SHORT +5 | 1d: RSI 28.8 <35 LONG +5 | 4h: MACD SHORT +4 | 4h: RSI 31.7 <35 LONG +4 | 1h: MACD SHORT +3 | 1h: RSI 38.3 neutral,Хорошая зона для LONG (+15 LONG),SHORT wins by 17 points
2026-06-26T03:14:30.944337+00:00,ETH/USDT,SHORT,SETUP,26,70.3,0,60,25,0,13,12,15,0,11,26,15,SHORT,1d: EMA SHORT +20 | 1d: MACD SHORT +10 | 4h: EMA SHORT +12 | 4h: MACD SHORT +6 | 1h: EMA SHORT +8 | 1h: MACD SHORT +4,1d: цена у нижней границы (+10 LONG) | 4h: цена у нижней границы (+8 LONG) | 1h: цена у нижней границы (+7 LONG),1d: MACD SHORT +5 | 1d: RSI 28.6 <35 LONG +5 | 4h: MACD SHORT +4 | 4h: RSI 29.6 <35 LONG +4 | 1h: MACD SHORT +3 | 1h: RSI 33.9 <35 LONG +4,Хорошая зона для LONG (+15 LONG),SHORT wins by 15 points
2026-06-26T03:14:31.829373+00:00,SOL/USDT,SHORT,NO TRADE,19,73.1,14,46,0,0,8,4,0,0,7,19,12,SHORT,1d: EMA SHORT +20 | 1d: MACD LONG +10 | 4h: EMA SHORT +12 | 4h: MACD SHORT +6 | 1h: EMA SHORT +8 | 1h: MACD LONG +4,1d: середина диапазона | 4h: середина диапазона | 1h: середина диапазона,1d: MACD LONG +5 | 1d: RSI 38.2 neutral | 4h: MACD SHORT +4 | 4h: RSI 41.3 neutral | 1h: MACD LONG +3 | 1h: RSI 47.9 neutral,Цена далеко от зоны входа,SHORT wins by 12 points
2026-06-26T03:19:35.210744+00:00,BTC/USDT,SHORT,SETUP,26,74.3,0,60,18,0,9,12,15,0,9,26,17,SHORT,1d: EMA SHORT +20 | 1d: MACD SHORT +10 | 4h: EMA SHORT +12 | 4h: MACD SHORT +6 | 1h: EMA SHORT +8 | 1h: MACD SHORT +4,1d: цена у нижней границы (+10 LONG) | 4h: цена у нижней границы (+8 LONG) | 1h: середина диапазона,1d: MACD SHORT +5 | 1d: RSI 28.8 <35 LONG +5 | 4h: MACD SHORT +4 | 4h: RSI 31.6 <35 LONG +4 | 1h: MACD SHORT +3 | 1h: RSI 38.1 neutral,Хорошая зона для LONG (+15 LONG),SHORT wins by 17 points
2026-06-26T03:19:36.102927+00:00,ETH/USDT,SHORT,SETUP,26,70.3,0,60,25,0,13,12,15,0,11,26,15,SHORT,1d: EMA SHORT +20 | 1d: MACD SHORT +10 | 4h: EMA SHORT +12 | 4h: MACD SHORT +6 | 1h: EMA SHORT +8 | 1h: MACD SHORT +4,1d: цена у нижней границы (+10 LONG) | 4h: цена у нижней границы (+8 LONG) | 1h: цена у нижней границы (+7 LONG),1d: MACD SHORT +5 | 1d: RSI 28.5 <35 LONG +5 | 4h: MACD SHORT +4 | 4h: RSI 29.5 <35 LONG +4 | 1h: MACD SHORT +3 | 1h: RSI 33.3 <35 LONG +4,Хорошая зона для LONG (+15 LONG),SHORT wins by 15 points
2026-06-26T03:19:36.869741+00:00,SOL/USDT,SHORT,NO TRADE,19,73.1,14,46,0,0,8,4,0,0,7,19,12,SHORT,1d: EMA SHORT +20 | 1d: MACD LONG +10 | 4h: EMA SHORT +12 | 4h: MACD SHORT +6 | 1h: EMA SHORT +8 | 1h: MACD LONG +4,1d: середина диапазона | 4h: середина диапазона | 1h: середина диапазона,1d: MACD LONG +5 | 1d: RSI 38.0 neutral | 4h: MACD SHORT +4 | 4h: RSI 40.9 neutral | 1h: MACD LONG +3 | 1h: RSI 47.0 neutral,Цена далеко от зоны входа,SHORT wins by 12 points
2026-06-26T03:24:40.307921+00:00,BTC/USDT,SHORT,SETUP,26,72.2,0,60,25,0,9,12,15,0,10,26,16,SHORT,1d: EMA SHORT +20 | 1d: MACD SHORT +10 | 4h: EMA SHORT +12 | 4h: MACD SHORT +6 | 1h: EMA SHORT +8 | 1h: MACD SHORT +4,1d: цена у нижней границы (+10 LONG) | 4h: цена у нижней границы (+8 LONG) | 1h: цена у нижней границы (+7 LONG),1d: MACD SHORT +5 | 1d: RSI 28.7 <35 LONG +5 | 4h: MACD SHORT +4 | 4h: RSI 31.4 <35 LONG +4 | 1h: MACD SHORT +3 | 1h: RSI 37.6 neutral,Хорошая зона для LONG (+15 LONG),SHORT wins by 16 points
2026-06-26T03:24:41.198789+00:00,ETH/USDT,SHORT,SETUP,26,70.3,0,60,25,0,13,12,15,0,11,26,15,SHORT,1d: EMA SHORT +20 | 1d: MACD SHORT +10 | 4h: EMA SHORT +12 | 4h: MACD SHORT +6 | 1h: EMA SHORT +8 | 1h: MACD SHORT +4,1d: цена у нижней границы (+10 LONG) | 4h: цена у нижней границы (+8 LONG) | 1h: цена у нижней границы (+7 LONG),1d: MACD SHORT +5 | 1d: RSI 28.3 <35 LONG +5 | 4h: MACD SHORT +4 | 4h: RSI 29.1 <35 LONG +4 | 1h: MACD SHORT +3 | 1h: RSI 31.5 <35 LONG +4,Хорошая зона для LONG (+15 LONG),SHORT wins by 15 points
2026-06-26T03:24:41.974256+00:00,SOL/USDT,SHORT,NO TRADE,19,73.1,14,46,0,0,8,4,0,0,7,19,12,SHORT,1d: EMA SHORT +20 | 1d: MACD LONG +10 | 4h: EMA SHORT +12 | 4h: MACD SHORT +6 | 1h: EMA SHORT +8 | 1h: MACD LONG +4,1d: середина диапазона | 4h: середина диапазона | 1h: середина диапазона,1d: MACD LONG +5 | 1d: RSI 37.5 neutral | 4h: MACD SHORT +4 | 4h: RSI 40.1 neutral | 1h: MACD LONG +3 | 1h: RSI 45.2 neutral,Цена далеко от зоны входа,SHORT wins by 12 points
2026-06-26T03:29:45.552549+00:00,BTC/USDT,SHORT,SETUP,26,74.3,0,60,18,0,9,12,15,0,9,26,17,SHORT,1d: EMA SHORT +20 | 1d: MACD SHORT +10 | 4h: EMA SHORT +12 | 4h: MACD SHORT +6 | 1h: EMA SHORT +8 | 1h: MACD SHORT +4,1d: цена у нижней границы (+10 LONG) | 4h: цена у нижней границы (+8 LONG) | 1h: середина диапазона,1d: MACD SHORT +5 | 1d: RSI 29.2 <35 LONG +5 | 4h: MACD SHORT +4 | 4h: RSI 32.4 <35 LONG +4 | 1h: MACD SHORT +3 | 1h: RSI 40.5 neutral,Хорошая зона для LONG (+15 LONG),SHORT wins by 17 points
2026-06-26T03:29:46.453572+00:00,ETH/USDT,SHORT,SETUP,26,70.3,0,60,25,0,13,12,15,0,11,26,15,SHORT,1d: EMA SHORT +20 | 1d: MACD SHORT +10 | 4h: EMA SHORT +12 | 4h: MACD SHORT +6 | 1h: EMA SHORT +8 | 1h: MACD SHORT +4,1d: цена у нижней границы (+10 LONG) | 4h: цена у нижней границы (+8 LONG) | 1h: цена у нижней границы (+7 LONG),1d: MACD SHORT +5 | 1d: RSI 28.6 <35 LONG +5 | 4h: MACD SHORT +4 | 4h: RSI 29.6 <35 LONG +4 | 1h: MACD SHORT +3 | 1h: RSI 33.7 <35 LONG +4,Хорошая зона для LONG (+15 LONG),SHORT wins by 15 points
2026-06-26T03:29:47.325030+00:00,SOL/USDT,SHORT,NO TRADE,19,73.1,14,46,0,0,8,4,0,0,7,19,12,SHORT,1d: EMA SHORT +20 | 1d: MACD LONG +10 | 4h: EMA SHORT +12 | 4h: MACD SHORT +6 | 1h: EMA SHORT +8 | 1h: MACD LONG +4,1d: середина диапазона | 4h: середина диапазона | 1h: середина диапазона,1d: MACD LONG +5 | 1d: RSI 38.0 neutral | 4h: MACD SHORT +4 | 4h: RSI 41.0 neutral | 1h: MACD LONG +3 | 1h: RSI 47.1 neutral,Цена далеко от зоны входа,SHORT wins by 12 points
2026-06-26T03:34:50.688474+00:00,BTC/USDT,SHORT,SETUP,26,74.3,0,60,18,0,9,12,15,0,9,26,17,SHORT,1d: EMA SHORT +20 | 1d: MACD SHORT +10 | 4h: EMA SHORT +12 | 4h: MACD SHORT +6 | 1h: EMA SHORT +8 | 1h: MACD SHORT +4,1d: цена у нижней границы (+10 LONG) | 4h: цена у нижней границы (+8 LONG) | 1h: середина диапазона,1d: MACD SHORT +5 | 1d: RSI 29.4 <35 LONG +5 | 4h: MACD SHORT +4 | 4h: RSI 32.9 <35 LONG +4 | 1h: MACD SHORT +3 | 1h: RSI 41.7 neutral,Хорошая зона для LONG (+15 LONG),SHORT wins by 17 points
2026-06-26T03:34:51.552794+00:00,ETH/USDT,SHORT,SETUP,26,70.3,0,60,25,0,13,12,15,0,11,26,15,SHORT,1d: EMA SHORT +20 | 1d: MACD SHORT +10 | 4h: EMA SHORT +12 | 4h: MACD SHORT +6 | 1h: EMA SHORT +8 | 1h: MACD SHORT +4,1d: цена у нижней границы (+10 LONG) | 4h: цена у нижней границы (+8 LONG) | 1h: цена у нижней границы (+7 LONG),1d: MACD SHORT +5 | 1d: RSI 28.6 <35 LONG +5 | 4h: MACD SHORT +4 | 4h: RSI 29.7 <35 LONG +4 | 1h: MACD SHORT +3 | 1h: RSI 34.0 <35 LONG +4,Хорошая зона для LONG (+15 LONG),SHORT wins by 15 points
2026-06-26T03:34:52.316023+00:00,SOL/USDT,SHORT,NO TRADE,19,73.1,14,46,0,0,8,4,0,0,7,19,12,SHORT,1d: EMA SHORT +20 | 1d: MACD LONG +10 | 4h: EMA SHORT +12 | 4h: MACD SHORT +6 | 1h: EMA SHORT +8 | 1h: MACD LONG +4,1d: середина диапазона | 4h: середина диапазона | 1h: середина диапазона,1d: MACD LONG +5 | 1d: RSI 38.2 neutral | 4h: MACD SHORT +4 | 4h: RSI 41.2 neutral | 1h: MACD LONG +3 | 1h: RSI 47.7 neutral,Цена далеко от зоны входа,SHORT wins by 12 points
2026-06-26T03:39:55.725745+00:00,BTC/USDT,SHORT,SETUP,26,86.7,0,60,10,0,9,12,0,0,4,26,22,SHORT,1d: EMA SHORT +20 | 1d: MACD SHORT +10 | 4h: EMA SHORT +12 | 4h: MACD SHORT +6 | 1h: EMA SHORT +8 | 1h: MACD SHORT +4,1d: цена у нижней границы (+10 LONG) | 4h: середина диапазона | 1h: середина диапазона,1d: MACD SHORT +5 | 1d: RSI 29.9 <35 LONG +5 | 4h: MACD SHORT +4 | 4h: RSI 33.9 <35 LONG +4 | 1h: MACD SHORT +3 | 1h: RSI 44.2 neutral,Цена далеко от зоны входа,SHORT wins by 22 points
2026-06-26T03:39:56.626598+00:00,ETH/USDT,SHORT,SETUP,26,72.2,0,60,25,0,9,12,15,0,10,26,16,SHORT,1d: EMA SHORT +20 | 1d: MACD SHORT +10 | 4h: EMA SHORT +12 | 4h: MACD SHORT +6 | 1h: EMA SHORT +8 | 1h: MACD SHORT +4,1d: цена у нижней границы (+10 LONG) | 4h: цена у нижней границы (+8 LONG) | 1h: цена у нижней границы (+7 LONG),1d: MACD SHORT +5 | 1d: RSI 28.8 <35 LONG +5 | 4h: MACD SHORT +4 | 4h: RSI 30.1 <35 LONG +4 | 1h: MACD SHORT +3 | 1h: RSI 35.7 neutral,Хорошая зона для LONG (+15 LONG),SHORT wins by 16 points
2026-06-26T03:39:57.388981+00:00,SOL/USDT,SHORT,NO TRADE,19,73.1,14,46,0,0,8,4,0,0,7,19,12,SHORT,1d: EMA SHORT +20 | 1d: MACD LONG +10 | 4h: EMA SHORT +12 | 4h: MACD SHORT +6 | 1h: EMA SHORT +8 | 1h: MACD LONG +4,1d: середина диапазона | 4h: середина диапазона | 1h: середина диапазона,1d: MACD LONG +5 | 1d: RSI 38.9 neutral | 4h: MACD SHORT +4 | 4h: RSI 42.5 neutral | 1h: MACD LONG +3 | 1h: RSI 50.1 neutral,Цена далеко от зоны входа,SHORT wins by 12 points
2026-06-26T03:45:00.792789+00:00,BTC/USDT,SHORT,SETUP,26,86.7,0,60,10,0,9,12,0,0,4,26,22,SHORT,1d: EMA SHORT +20 | 1d: MACD SHORT +10 | 4h: EMA SHORT +12 | 4h: MACD SHORT +6 | 1h: EMA SHORT +8 | 1h: MACD SHORT +4,1d: цена у нижней границы (+10 LONG) | 4h: середина диапазона | 1h: середина диапазона,1d: MACD SHORT +5 | 1d: RSI 29.9 <35 LONG +5 | 4h: MACD SHORT +4 | 4h: RSI 34.0 <35 LONG +4 | 1h: MACD SHORT +3 | 1h: RSI 44.4 neutral,Цена далеко от зоны входа,SHORT wins by 22 points
2026-06-26T03:45:01.696017+00:00,ETH/USDT,SHORT,SETUP,26,72.2,0,60,25,0,9,12,15,0,10,26,16,SHORT,1d: EMA SHORT +20 | 1d: MACD SHORT +10 | 4h: EMA SHORT +12 | 4h: MACD SHORT +6 | 1h: EMA SHORT +8 | 1h: MACD SHORT +4,1d: цена у нижней границы (+10 LONG) | 4h: цена у нижней границы (+8 LONG) | 1h: цена у нижней границы (+7 LONG),1d: MACD SHORT +5 | 1d: RSI 28.9 <35 LONG +5 | 4h: MACD SHORT +4 | 4h: RSI 30.3 <35 LONG +4 | 1h: MACD SHORT +3 | 1h: RSI 36.4 neutral,Хорошая зона для LONG (+15 LONG),SHORT wins by 16 points
2026-06-26T03:45:02.492214+00:00,SOL/USDT,SHORT,NO TRADE,19,73.1,14,46,0,0,8,4,0,0,7,19,12,SHORT,1d: EMA SHORT +20 | 1d: MACD LONG +10 | 4h: EMA SHORT +12 | 4h: MACD SHORT +6 | 1h: EMA SHORT +8 | 1h: MACD LONG +4,1d: середина диапазона | 4h: середина диапазона | 1h: середина диапазона,1d: MACD LONG +5 | 1d: RSI 39.2 neutral | 4h: MACD SHORT +4 | 4h: RSI 43.1 neutral | 1h: MACD LONG +3 | 1h: RSI 51.0 neutral,Цена далеко от зоны входа,SHORT wins by 12 points
2026-06-26T03:50:05.873636+00:00,BTC/USDT,SHORT,WATCH,24,80.0,4,56,10,0,12,9,0,0,6,24,18,SHORT,1d: EMA SHORT +20 | 1d: MACD SHORT +10 | 4h: EMA SHORT +12 | 4h: MACD SHORT +6 | 1h: EMA SHORT +8 | 1h: MACD LONG +4,1d: цена у нижней границы (+10 LONG) | 4h: середина диапазона | 1h: середина диапазона,1d: MACD SHORT +5 | 1d: RSI 30.4 <35 LONG +5 | 4h: MACD SHORT +4 | 4h: RSI 34.9 <35 LONG +4 | 1h: MACD LONG +3 | 1h: RSI 46.2 neutral,Цена далеко от зоны входа,SHORT wins by 18 points
2026-06-26T03:50:06.772457+00:00,ETH/USDT,SHORT,SETUP,26,74.3,0,60,18,0,9,12,15,0,9,26,17,SHORT,1d: EMA SHORT +20 | 1d: MACD SHORT +10 | 4h: EMA SHORT +12 | 4h: MACD SHORT +6 | 1h: EMA SHORT +8 | 1h: MACD SHORT +4,1d: цена у нижней границы (+10 LONG) | 4h: цена у нижней границы (+8 LONG) | 1h: середина диапазона,1d: MACD SHORT +5 | 1d: RSI 29.5 <35 LONG +5 | 4h: MACD SHORT +4 | 4h: RSI 31.5 <35 LONG +4 | 1h: MACD SHORT +3 | 1h: RSI 40.0 neutral,Хорошая зона для LONG (+15 LONG),SHORT wins by 17 points
2026-06-26T03:50:07.799593+00:00,SOL/USDT,SHORT,WAIT,21,75.0,14,46,0,0,8,4,0,15,7,21,14,SHORT,1d: EMA SHORT +20 | 1d: MACD LONG +10 | 4h: EMA SHORT +12 | 4h: MACD SHORT +6 | 1h: EMA SHORT +8 | 1h: MACD LONG +4,1d: середина диапазона | 4h: середина диапазона | 1h: середина диапазона,1d: MACD LONG +5 | 1d: RSI 39.8 neutral | 4h: MACD SHORT +4 | 4h: RSI 44.3 neutral | 1h: MACD LONG +3 | 1h: RSI 52.5 neutral,Хорошая зона для SHORT (+15 SHORT),SHORT wins by 14 points
2026-06-26T03:55:11.237263+00:00,BTC/USDT,SHORT,WATCH,24,80.0,4,56,10,0,8,9,0,0,6,24,18,SHORT,1d: EMA SHORT +20 | 1d: MACD SHORT +10 | 4h: EMA SHORT +12 | 4h: MACD SHORT +6 | 1h: EMA SHORT +8 | 1h: MACD LONG +4,1d: цена у нижней границы (+10 LONG) | 4h: середина диапазона | 1h: середина диапазона,1d: MACD SHORT +5 | 1d: RSI 30.5 <35 LONG +5 | 4h: MACD SHORT +4 | 4h: RSI 35.3 neutral | 1h: MACD LONG +3 | 1h: RSI 47.0 neutral,Цена далеко от зоны входа,SHORT wins by 18 points
2026-06-26T03:55:12.146698+00:00,ETH/USDT,SHORT,SETUP,26,74.3,0,60,18,0,9,12,15,0,9,26,17,SHORT,1d: EMA SHORT +20 | 1d: MACD SHORT +10 | 4h: EMA SHORT +12 | 4h: MACD SHORT +6 | 1h: EMA SHORT +8 | 1h: MACD SHORT +4,1d: цена у нижней границы (+10 LONG) | 4h: цена у нижней границы (+8 LONG) | 1h: середина диапазона,1d: MACD SHORT +5 | 1d: RSI 29.6 <35 LONG +5 | 4h: MACD SHORT +4 | 4h: RSI 31.6 <35 LONG +4 | 1h: MACD SHORT +3 | 1h: RSI 40.4 neutral,Хорошая зона для LONG (+15 LONG),SHORT wins by 17 points
2026-06-26T03:55:12.943817+00:00,SOL/USDT,SHORT,WAIT,21,75.0,14,46,0,0,8,4,0,15,7,21,14,SHORT,1d: EMA SHORT +20 | 1d: MACD LONG +10 | 4h: EMA SHORT +12 | 4h: MACD SHORT +6 | 1h: EMA SHORT +8 | 1h: MACD LONG +4,1d: середина диапазона | 4h: середина диапазона | 1h: середина диапазона,1d: MACD LONG +5 | 1d: RSI 40.6 neutral | 4h: MACD SHORT +4 | 4h: RSI 45.4 neutral | 1h: MACD LONG +3 | 1h: RSI 53.7 neutral,Хорошая зона для SHORT (+15 SHORT),SHORT wins by 14 points
2026-06-26T04:00:15.999059+00:00,BTC/USDT,SHORT,WATCH,24,88.9,4,56,0,0,8,9,0,0,3,24,21,SHORT,1d: EMA SHORT +20 | 1d: MACD SHORT +10 | 4h: EMA SHORT +12 | 4h: MACD SHORT +6 | 1h: EMA SHORT +8 | 1h: MACD LONG +4,1d: середина диапазона | 4h: середина диапазона | 1h: середина диапазона,1d: MACD SHORT +5 | 1d: RSI 31.7 <35 LONG +5 | 4h: MACD SHORT +4 | 4h: RSI 37.4 neutral | 1h: MACD LONG +3 | 1h: RSI 49.4 neutral,Цена далеко от зоны входа,SHORT wins by 21 points
2026-06-26T04:00:17.132586+00:00,ETH/USDT,SHORT,SETUP,26,78.8,0,60,10,0,9,12,15,0,7,26,19,SHORT,1d: EMA SHORT +20 | 1d: MACD SHORT +10 | 4h: EMA SHORT +12 | 4h: MACD SHORT +6 | 1h: EMA SHORT +8 | 1h: MACD SHORT +4,1d: цена у нижней границы (+10 LONG) | 4h: середина диапазона | 1h: середина диапазона,1d: MACD SHORT +5 | 1d: RSI 29.9 <35 LONG +5 | 4h: MACD SHORT +4 | 4h: RSI 32.3 <35 LONG +4 | 1h: MACD SHORT +3 | 1h: RSI 42.2 neutral,Хорошая зона для LONG (+15 LONG),SHORT wins by 19 points
2026-06-26T04:00:18.038858+00:00,SOL/USDT,SHORT,WAIT,20,66.7,20,40,0,7,12,0,0,15,10,20,10,SHORT,1d: EMA SHORT +20 | 1d: MACD LONG +10 | 4h: EMA SHORT +12 | 4h: MACD LONG +6 | 1h: EMA SHORT +8 | 1h: MACD LONG +4,1d: середина диапазона | 4h: середина диапазона | 1h: цена у верхней границы (+7 SHORT),1d: MACD LONG +5 | 1d: RSI 40.8 neutral | 4h: MACD LONG +4 | 4h: RSI 45.8 neutral | 1h: MACD LONG +3 | 1h: RSI 54.1 neutral,Хорошая зона для SHORT (+15 SHORT),SHORT wins by 10 points
2026-06-26T04:05:21.591637+00:00,BTC/USDT,SHORT,WATCH,24,80.0,4,56,10,0,8,9,0,0,6,24,18,SHORT,1d: EMA SHORT +20 | 1d: MACD SHORT +10 | 4h: EMA SHORT +12 | 4h: MACD SHORT +6 | 1h: EMA SHORT +8 | 1h: MACD LONG +4,1d: цена у нижней границы (+10 LONG) | 4h: середина диапазона | 1h: середина диапазона,1d: MACD SHORT +5 | 1d: RSI 30.9 <35 LONG +5 | 4h: MACD SHORT +4 | 4h: RSI 36.6 neutral | 1h: MACD LONG +3 | 1h: RSI 47.7 neutral,Цена далеко от зоны входа,SHORT wins by 18 points
2026-06-26T04:05:22.520537+00:00,ETH/USDT,SHORT,SETUP,26,74.3,0,60,18,0,9,12,15,0,9,26,17,SHORT,1d: EMA SHORT +20 | 1d: MACD SHORT +10 | 4h: EMA SHORT +12 | 4h: MACD SHORT +6 | 1h: EMA SHORT +8 | 1h: MACD SHORT +4,1d: цена у нижней границы (+10 LONG) | 4h: цена у нижней границы (+8 LONG) | 1h: середина диапазона,1d: MACD SHORT +5 | 1d: RSI 29.7 <35 LONG +5 | 4h: MACD SHORT +4 | 4h: RSI 31.8 <35 LONG +4 | 1h: MACD SHORT +3 | 1h: RSI 41.3 neutral,Хорошая зона для LONG (+15 LONG),SHORT wins by 17 points
2026-06-26T04:05:23.390643+00:00,SOL/USDT,WAIT,NO TRADE,18,64.3,20,40,0,0,12,0,0,15,10,18,8,WAIT,1d: EMA SHORT +20 | 1d: MACD LONG +10 | 4h: EMA SHORT +12 | 4h: MACD LONG +6 | 1h: EMA SHORT +8 | 1h: MACD LONG +4,1d: середина диапазона | 4h: середина диапазона | 1h: середина диапазона,1d: MACD LONG +5 | 1d: RSI 40.7 neutral | 4h: MACD LONG +4 | 4h: RSI 45.6 neutral | 1h: MACD LONG +3 | 1h: RSI 53.9 neutral,Хорошая зона для SHORT (+15 SHORT),No clear directional edge.
2026-06-26T04:10:27.172103+00:00,BTC/USDT,SHORT,WATCH,24,88.9,4,56,0,0,8,9,0,0,3,24,21,SHORT,1d: EMA SHORT +20 | 1d: MACD SHORT +10 | 4h: EMA SHORT +12 | 4h: MACD SHORT +6 | 1h: EMA SHORT +8 | 1h: MACD LONG +4,1d: середина диапазона | 4h: середина диапазона | 1h: середина диапазона,1d: MACD SHORT +5 | 1d: RSI 31.4 <35 LONG +5 | 4h: MACD SHORT +4 | 4h: RSI 37.1 neutral | 1h: MACD LONG +3 | 1h: RSI 48.6 neutral,Цена далеко от зоны входа,SHORT wins by 21 points
2026-06-26T04:10:28.091624+00:00,ETH/USDT,SHORT,SETUP,26,74.3,0,60,18,0,9,12,15,0,9,26,17,SHORT,1d: EMA SHORT +20 | 1d: MACD SHORT +10 | 4h: EMA SHORT +12 | 4h: MACD SHORT +6 | 1h: EMA SHORT +8 | 1h: MACD SHORT +4,1d: цена у нижней границы (+10 LONG) | 4h: цена у нижней границы (+8 LONG) | 1h: середина диапазона,1d: MACD SHORT +5 | 1d: RSI 29.8 <35 LONG +5 | 4h: MACD SHORT +4 | 4h: RSI 31.9 <35 LONG +4 | 1h: MACD SHORT +3 | 1h: RSI 41.6 neutral,Хорошая зона для LONG (+15 LONG),SHORT wins by 17 points
2026-06-26T04:10:28.961674+00:00,SOL/USDT,WAIT,NO TRADE,18,64.3,20,40,0,0,12,0,0,15,10,18,8,WAIT,1d: EMA SHORT +20 | 1d: MACD LONG +10 | 4h: EMA SHORT +12 | 4h: MACD LONG +6 | 1h: EMA SHORT +8 | 1h: MACD LONG +4,1d: середина диапазона | 4h: середина диапазона | 1h: середина диапазона,1d: MACD LONG +5 | 1d: RSI 40.5 neutral | 4h: MACD LONG +4 | 4h: RSI 45.4 neutral | 1h: MACD LONG +3 | 1h: RSI 53.6 neutral,Хорошая зона для SHORT (+15 SHORT),No clear directional edge.
2026-06-26T04:15:32.462365+00:00,BTC/USDT,SHORT,WATCH,24,80.0,4,56,10,0,8,9,0,0,6,24,18,SHORT,1d: EMA SHORT +20 | 1d: MACD SHORT +10 | 4h: EMA SHORT +12 | 4h: MACD SHORT +6 | 1h: EMA SHORT +8 | 1h: MACD LONG +4,1d: цена у нижней границы (+10 LONG) | 4h: середина диапазона | 1h: середина диапазона,1d: MACD SHORT +5 | 1d: RSI 31.0 <35 LONG +5 | 4h: MACD SHORT +4 | 4h: RSI 36.7 neutral | 1h: MACD LONG +3 | 1h: RSI 47.9 neutral,Цена далеко от зоны входа,SHORT wins by 18 points
2026-06-26T04:15:33.238907+00:00,ETH/USDT,SHORT,SETUP,26,74.3,0,60,18,0,9,12,15,0,9,26,17,SHORT,1d: EMA SHORT +20 | 1d: MACD SHORT +10 | 4h: EMA SHORT +12 | 4h: MACD SHORT +6 | 1h: EMA SHORT +8 | 1h: MACD SHORT +4,1d: цена у нижней границы (+10 LONG) | 4h: цена у нижней границы (+8 LONG) | 1h: середина диапазона,1d: MACD SHORT +5 | 1d: RSI 29.7 <35 LONG +5 | 4h: MACD SHORT +4 | 4h: RSI 31.9 <35 LONG +4 | 1h: MACD SHORT +3 | 1h: RSI 41.4 neutral,Хорошая зона для LONG (+15 LONG),SHORT wins by 17 points
2026-06-26T04:15:34.252179+00:00,SOL/USDT,WAIT,NO TRADE,18,64.3,20,40,0,0,12,0,0,15,10,18,8,WAIT,1d: EMA SHORT +20 | 1d: MACD LONG +10 | 4h: EMA SHORT +12 | 4h: MACD LONG +6 | 1h: EMA SHORT +8 | 1h: MACD LONG +4,1d: середина диапазона | 4h: середина диапазона | 1h: середина диапазона,1d: MACD LONG +5 | 1d: RSI 40.4 neutral | 4h: MACD LONG +4 | 4h: RSI 45.2 neutral | 1h: MACD LONG +3 | 1h: RSI 53.2 neutral,Хорошая зона для SHORT (+15 SHORT),No clear directional edge.
2026-06-26T04:20:37.744593+00:00,BTC/USDT,SHORT,WATCH,24,88.9,4,56,0,0,8,9,0,0,3,24,21,SHORT,1d: EMA SHORT +20 | 1d: MACD SHORT +10 | 4h: EMA SHORT +12 | 4h: MACD SHORT +6 | 1h: EMA SHORT +8 | 1h: MACD LONG +4,1d: середина диапазона | 4h: середина диапазона | 1h: середина диапазона,1d: MACD SHORT +5 | 1d: RSI 31.6 <35 LONG +5 | 4h: MACD SHORT +4 | 4h: RSI 37.3 neutral | 1h: MACD LONG +3 | 1h: RSI 48.9 neutral,Цена далеко от зоны входа,SHORT wins by 21 points
2026-06-26T04:20:39.766330+00:00,ETH/USDT,SHORT,SETUP,26,74.3,0,60,18,0,9,12,15,0,9,26,17,SHORT,1d: EMA SHORT +20 | 1d: MACD SHORT +10 | 4h: EMA SHORT +12 | 4h: MACD SHORT +6 | 1h: EMA SHORT +8 | 1h: MACD SHORT +4,1d: цена у нижней границы (+10 LONG) | 4h: цена у нижней границы (+8 LONG) | 1h: середина диапазона,1d: MACD SHORT +5 | 1d: RSI 29.7 <35 LONG +5 | 4h: MACD SHORT +4 | 4h: RSI 31.8 <35 LONG +4 | 1h: MACD SHORT +3 | 1h: RSI 41.3 neutral,Хорошая зона для LONG (+15 LONG),SHORT wins by 17 points
2026-06-26T04:20:40.641931+00:00,SOL/USDT,WAIT,NO TRADE,18,64.3,20,40,0,0,12,0,0,15,10,18,8,WAIT,1d: EMA SHORT +20 | 1d: MACD LONG +10 | 4h: EMA SHORT +12 | 4h: MACD LONG +6 | 1h: EMA SHORT +8 | 1h: MACD LONG +4,1d: середина диапазона | 4h: середина диапазона | 1h: середина диапазона,1d: MACD LONG +5 | 1d: RSI 40.4 neutral | 4h: MACD LONG +4 | 4h: RSI 45.2 neutral | 1h: MACD LONG +3 | 1h: RSI 53.2 neutral,Хорошая зона для SHORT (+15 SHORT),No clear directional edge.
2026-06-26T04:25:44.362442+00:00,BTC/USDT,SHORT,WATCH,24,88.9,4,56,0,0,8,9,0,0,3,24,21,SHORT,1d: EMA SHORT +20 | 1d: MACD SHORT +10 | 4h: EMA SHORT +12 | 4h: MACD SHORT +6 | 1h: EMA SHORT +8 | 1h: MACD LONG +4,1d: середина диапазона | 4h: середина диапазона | 1h: середина диапазона,1d: MACD SHORT +5 | 1d: RSI 31.4 <35 LONG +5 | 4h: MACD SHORT +4 | 4h: RSI 37.0 neutral | 1h: MACD LONG +3 | 1h: RSI 48.5 neutral,Цена далеко от зоны входа,SHORT wins by 21 points
2026-06-26T04:25:45.268061+00:00,ETH/USDT,SHORT,SETUP,26,74.3,0,60,18,0,9,12,15,0,9,26,17,SHORT,1d: EMA SHORT +20 | 1d: MACD SHORT +10 | 4h: EMA SHORT +12 | 4h: MACD SHORT +6 | 1h: EMA SHORT +8 | 1h: MACD SHORT +4,1d: цена у нижней границы (+10 LONG) | 4h: цена у нижней границы (+8 LONG) | 1h: середина диапазона,1d: MACD SHORT +5 | 1d: RSI 29.6 <35 LONG +5 | 4h: MACD SHORT +4 | 4h: RSI 31.5 <35 LONG +4 | 1h: MACD SHORT +3 | 1h: RSI 40.8 neutral,Хорошая зона для LONG (+15 LONG),SHORT wins by 17 points
2026-06-26T04:25:46.159709+00:00,SOL/USDT,WAIT,NO TRADE,18,64.3,20,40,0,0,12,0,0,15,10,18,8,WAIT,1d: EMA SHORT +20 | 1d: MACD LONG +10 | 4h: EMA SHORT +12 | 4h: MACD LONG +6 | 1h: EMA SHORT +8 | 1h: MACD LONG +4,1d: середина диапазона | 4h: середина диапазона | 1h: середина диапазона,1d: MACD LONG +5 | 1d: RSI 40.5 neutral | 4h: MACD LONG +4 | 4h: RSI 45.3 neutral | 1h: MACD LONG +3 | 1h: RSI 53.4 neutral,Хорошая зона для SHORT (+15 SHORT),No clear directional edge.
2026-06-26T04:30:49.479186+00:00,BTC/USDT,SHORT,WATCH,24,88.9,4,56,0,0,8,9,0,0,3,24,21,SHORT,1d: EMA SHORT +20 | 1d: MACD SHORT +10 | 4h: EMA SHORT +12 | 4h: MACD SHORT +6 | 1h: EMA SHORT +8 | 1h: MACD LONG +4,1d: середина диапазона | 4h: середина диапазона | 1h: середина диапазона,1d: MACD SHORT +5 | 1d: RSI 31.4 <35 LONG +5 | 4h: MACD SHORT +4 | 4h: RSI 37.1 neutral | 1h: MACD LONG +3 | 1h: RSI 48.6 neutral,Цена далеко от зоны входа,SHORT wins by 21 points
2026-06-26T04:30:50.392065+00:00,ETH/USDT,SHORT,SETUP,26,74.3,0,60,18,0,9,12,15,0,9,26,17,SHORT,1d: EMA SHORT +20 | 1d: MACD SHORT +10 | 4h: EMA SHORT +12 | 4h: MACD SHORT +6 | 1h: EMA SHORT +8 | 1h: MACD SHORT +4,1d: цена у нижней границы (+10 LONG) | 4h: цена у нижней границы (+8 LONG) | 1h: середина диапазона,1d: MACD SHORT +5 | 1d: RSI 29.6 <35 LONG +5 | 4h: MACD SHORT +4 | 4h: RSI 31.7 <35 LONG +4 | 1h: MACD SHORT +3 | 1h: RSI 41.0 neutral,Хорошая зона для LONG (+15 LONG),SHORT wins by 17 points
2026-06-26T04:30:51.175096+00:00,SOL/USDT,WAIT,NO TRADE,18,64.3,20,40,0,0,12,0,0,15,10,18,8,WAIT,1d: EMA SHORT +20 | 1d: MACD LONG +10 | 4h: EMA SHORT +12 | 4h: MACD LONG +6 | 1h: EMA SHORT +8 | 1h: MACD LONG +4,1d: середина диапазона | 4h: середина диапазона | 1h: середина диапазона,1d: MACD LONG +5 | 1d: RSI 40.6 neutral | 4h: MACD LONG +4 | 4h: RSI 45.4 neutral | 1h: MACD LONG +3 | 1h: RSI 53.6 neutral,Хорошая зона для SHORT (+15 SHORT),No clear directional edge.
2026-06-26T04:35:54.374715+00:00,BTC/USDT,SHORT,WATCH,24,80.0,4,56,10,0,8,9,0,0,6,24,18,SHORT,1d: EMA SHORT +20 | 1d: MACD SHORT +10 | 4h: EMA SHORT +12 | 4h: MACD SHORT +6 | 1h: EMA SHORT +8 | 1h: MACD LONG +4,1d: цена у нижней границы (+10 LONG) | 4h: середина диапазона | 1h: середина диапазона,1d: MACD SHORT +5 | 1d: RSI 31.3 <35 LONG +5 | 4h: MACD SHORT +4 | 4h: RSI 36.9 neutral | 1h: MACD LONG +3 | 1h: RSI 48.3 neutral,Цена далеко от зоны входа,SHORT wins by 18 points
2026-06-26T04:35:55.271314+00:00,ETH/USDT,SHORT,SETUP,26,74.3,0,60,18,0,9,12,15,0,9,26,17,SHORT,1d: EMA SHORT +20 | 1d: MACD SHORT +10 | 4h: EMA SHORT +12 | 4h: MACD SHORT +6 | 1h: EMA SHORT +8 | 1h: MACD SHORT +4,1d: цена у нижней границы (+10 LONG) | 4h: цена у нижней границы (+8 LONG) | 1h: середина диапазона,1d: MACD SHORT +5 | 1d: RSI 29.6 <35 LONG +5 | 4h: MACD SHORT +4 | 4h: RSI 31.6 <35 LONG +4 | 1h: MACD SHORT +3 | 1h: RSI 40.9 neutral,Хорошая зона для LONG (+15 LONG),SHORT wins by 17 points
2026-06-26T04:35:56.077861+00:00,SOL/USDT,WAIT,NO TRADE,18,64.3,20,40,0,0,12,0,0,15,10,18,8,WAIT,1d: EMA SHORT +20 | 1d: MACD LONG +10 | 4h: EMA SHORT +12 | 4h: MACD LONG +6 | 1h: EMA SHORT +8 | 1h: MACD LONG +4,1d: середина диапазона | 4h: середина диапазона | 1h: середина диапазона,1d: MACD LONG +5 | 1d: RSI 40.5 neutral | 4h: MACD LONG +4 | 4h: RSI 45.4 neutral | 1h: MACD LONG +3 | 1h: RSI 53.5 neutral,Хорошая зона для SHORT (+15 SHORT),No clear directional edge.
2026-06-26T04:40:59.408746+00:00,BTC/USDT,SHORT,WATCH,24,88.9,4,56,0,0,8,9,0,0,3,24,21,SHORT,1d: EMA SHORT +20 | 1d: MACD SHORT +10 | 4h: EMA SHORT +12 | 4h: MACD SHORT +6 | 1h: EMA SHORT +8 | 1h: MACD LONG +4,1d: середина диапазона | 4h: середина диапазона | 1h: середина диапазона,1d: MACD SHORT +5 | 1d: RSI 31.4 <35 LONG +5 | 4h: MACD SHORT +4 | 4h: RSI 37.1 neutral | 1h: MACD LONG +3 | 1h: RSI 48.5 neutral,Цена далеко от зоны входа,SHORT wins by 21 points
2026-06-26T04:41:00.297804+00:00,ETH/USDT,SHORT,SETUP,26,74.3,0,60,18,0,9,12,15,0,9,26,17,SHORT,1d: EMA SHORT +20 | 1d: MACD SHORT +10 | 4h: EMA SHORT +12 | 4h: MACD SHORT +6 | 1h: EMA SHORT +8 | 1h: MACD SHORT +4,1d: цена у нижней границы (+10 LONG) | 4h: цена у нижней границы (+8 LONG) | 1h: середина диапазона,1d: MACD SHORT +5 | 1d: RSI 29.5 <35 LONG +5 | 4h: MACD SHORT +4 | 4h: RSI 31.5 <35 LONG +4 | 1h: MACD SHORT +3 | 1h: RSI 40.7 neutral,Хорошая зона для LONG (+15 LONG),SHORT wins by 17 points
2026-06-26T04:41:01.068115+00:00,SOL/USDT,WAIT,NO TRADE,18,64.3,20,40,0,0,12,0,0,15,10,18,8,WAIT,1d: EMA SHORT +20 | 1d: MACD LONG +10 | 4h: EMA SHORT +12 | 4h: MACD LONG +6 | 1h: EMA SHORT +8 | 1h: MACD LONG +4,1d: середина диапазона | 4h: середина диапазона | 1h: середина диапазона,1d: MACD LONG +5 | 1d: RSI 40.6 neutral | 4h: MACD LONG +4 | 4h: RSI 45.6 neutral | 1h: MACD LONG +3 | 1h: RSI 53.8 neutral,Хорошая зона для SHORT (+15 SHORT),No clear directional edge.
2026-06-26T04:46:04.250886+00:00,BTC/USDT,SHORT,WATCH,24,88.9,4,56,0,0,8,9,0,0,3,24,21,SHORT,1d: EMA SHORT +20 | 1d: MACD SHORT +10 | 4h: EMA SHORT +12 | 4h: MACD SHORT +6 | 1h: EMA SHORT +8 | 1h: MACD LONG +4,1d: середина диапазона | 4h: середина диапазона | 1h: середина диапазона,1d: MACD SHORT +5 | 1d: RSI 31.4 <35 LONG +5 | 4h: MACD SHORT +4 | 4h: RSI 37.1 neutral | 1h: MACD LONG +3 | 1h: RSI 48.5 neutral,Цена далеко от зоны входа,SHORT wins by 21 points
2026-06-26T04:46:05.045462+00:00,ETH/USDT,SHORT,SETUP,26,74.3,0,60,18,0,9,12,15,0,9,26,17,SHORT,1d: EMA SHORT +20 | 1d: MACD SHORT +10 | 4h: EMA SHORT +12 | 4h: MACD SHORT +6 | 1h: EMA SHORT +8 | 1h: MACD SHORT +4,1d: цена у нижней границы (+10 LONG) | 4h: цена у нижней границы (+8 LONG) | 1h: середина диапазона,1d: MACD SHORT +5 | 1d: RSI 29.6 <35 LONG +5 | 4h: MACD SHORT +4 | 4h: RSI 31.6 <35 LONG +4 | 1h: MACD SHORT +3 | 1h: RSI 41.0 neutral,Хорошая зона для LONG (+15 LONG),SHORT wins by 17 points
2026-06-26T04:46:05.933290+00:00,SOL/USDT,WAIT,NO TRADE,18,64.3,20,40,0,0,12,0,0,15,10,18,8,WAIT,1d: EMA SHORT +20 | 1d: MACD LONG +10 | 4h: EMA SHORT +12 | 4h: MACD LONG +6 | 1h: EMA SHORT +8 | 1h: MACD LONG +4,1d: середина диапазона | 4h: середина диапазона | 1h: середина диапазона,1d: MACD LONG +5 | 1d: RSI 40.6 neutral | 4h: MACD LONG +4 | 4h: RSI 45.5 neutral | 1h: MACD LONG +3 | 1h: RSI 53.8 neutral,Хорошая зона для SHORT (+15 SHORT),No clear directional edge.
2026-06-26T04:51:09.522124+00:00,BTC/USDT,SHORT,WATCH,24,80.0,4,56,10,0,8,9,0,0,6,24,18,SHORT,1d: EMA SHORT +20 | 1d: MACD SHORT +10 | 4h: EMA SHORT +12 | 4h: MACD SHORT +6 | 1h: EMA SHORT +8 | 1h: MACD LONG +4,1d: цена у нижней границы (+10 LONG) | 4h: середина диапазона | 1h: середина диапазона,1d: MACD SHORT +5 | 1d: RSI 31.0 <35 LONG +5 | 4h: MACD SHORT +4 | 4h: RSI 36.7 neutral | 1h: MACD LONG +3 | 1h: RSI 47.9 neutral,Цена далеко от зоны входа,SHORT wins by 18 points
2026-06-26T04:51:10.421830+00:00,ETH/USDT,SHORT,SETUP,26,74.3,0,60,18,0,9,12,15,0,9,26,17,SHORT,1d: EMA SHORT +20 | 1d: MACD SHORT +10 | 4h: EMA SHORT +12 | 4h: MACD SHORT +6 | 1h: EMA SHORT +8 | 1h: MACD SHORT +4,1d: цена у нижней границы (+10 LONG) | 4h: цена у нижней границы (+8 LONG) | 1h: середина диапазона,1d: MACD SHORT +5 | 1d: RSI 29.4 <35 LONG +5 | 4h: MACD SHORT +4 | 4h: RSI 31.2 <35 LONG +4 | 1h: MACD SHORT +3 | 1h: RSI 40.3 neutral,Хорошая зона для LONG (+15 LONG),SHORT wins by 17 points
2026-06-26T04:51:11.309899+00:00,SOL/USDT,WAIT,NO TRADE,18,64.3,20,40,0,0,12,0,0,15,10,18,8,WAIT,1d: EMA SHORT +20 | 1d: MACD LONG +10 | 4h: EMA SHORT +12 | 4h: MACD LONG +6 | 1h: EMA SHORT +8 | 1h: MACD LONG +4,1d: середина диапазона | 4h: середина диапазона | 1h: середина диапазона,1d: MACD LONG +5 | 1d: RSI 40.5 neutral | 4h: MACD LONG +4 | 4h: RSI 45.3 neutral | 1h: MACD LONG +3 | 1h: RSI 53.5 neutral,Хорошая зона для SHORT (+15 SHORT),No clear directional edge.
2026-06-26T04:56:14.627285+00:00,BTC/USDT,SHORT,WATCH,24,80.0,4,56,10,0,8,9,0,0,6,24,18,SHORT,1d: EMA SHORT +20 | 1d: MACD SHORT +10 | 4h: EMA SHORT +12 | 4h: MACD SHORT +6 | 1h: EMA SHORT +8 | 1h: MACD LONG +4,1d: цена у нижней границы (+10 LONG) | 4h: середина диапазона | 1h: середина диапазона,1d: MACD SHORT +5 | 1d: RSI 31.1 <35 LONG +5 | 4h: MACD SHORT +4 | 4h: RSI 36.7 neutral | 1h: MACD LONG +3 | 1h: RSI 48.0 neutral,Цена далеко от зоны входа,SHORT wins by 18 points
2026-06-26T04:56:15.506882+00:00,ETH/USDT,SHORT,SETUP,26,74.3,0,60,18,0,9,12,15,0,9,26,17,SHORT,1d: EMA SHORT +20 | 1d: MACD SHORT +10 | 4h: EMA SHORT +12 | 4h: MACD SHORT +6 | 1h: EMA SHORT +8 | 1h: MACD SHORT +4,1d: цена у нижней границы (+10 LONG) | 4h: цена у нижней границы (+8 LONG) | 1h: середина диапазона,1d: MACD SHORT +5 | 1d: RSI 29.4 <35 LONG +5 | 4h: MACD SHORT +4 | 4h: RSI 31.2 <35 LONG +4 | 1h: MACD SHORT +3 | 1h: RSI 40.2 neutral,Хорошая зона для LONG (+15 LONG),SHORT wins by 17 points
2026-06-26T04:56:16.390934+00:00,SOL/USDT,WAIT,NO TRADE,18,64.3,20,40,0,0,12,0,0,15,10,18,8,WAIT,1d: EMA SHORT +20 | 1d: MACD LONG +10 | 4h: EMA SHORT +12 | 4h: MACD LONG +6 | 1h: EMA SHORT +8 | 1h: MACD LONG +4,1d: середина диапазона | 4h: середина диапазона | 1h: середина диапазона,1d: MACD LONG +5 | 1d: RSI 40.4 neutral | 4h: MACD LONG +4 | 4h: RSI 45.2 neutral | 1h: MACD LONG +3 | 1h: RSI 53.2 neutral,Хорошая зона для SHORT (+15 SHORT),No clear directional edge.
2026-06-26T05:01:19.774043+00:00,BTC/USDT,SHORT,WATCH,24,80.0,4,56,10,0,8,9,0,0,6,24,18,SHORT,1d: EMA SHORT +20 | 1d: MACD SHORT +10 | 4h: EMA SHORT +12 | 4h: MACD SHORT +6 | 1h: EMA SHORT +8 | 1h: MACD LONG +4,1d: цена у нижней границы (+10 LONG) | 4h: середина диапазона | 1h: середина диапазона,1d: MACD SHORT +5 | 1d: RSI 31.0 <35 LONG +5 | 4h: MACD SHORT +4 | 4h: RSI 36.7 neutral | 1h: MACD LONG +3 | 1h: RSI 47.9 neutral,Цена далеко от зоны входа,SHORT wins by 18 points
2026-06-26T05:01:20.657470+00:00,ETH/USDT,SHORT,SETUP,26,74.3,0,60,18,0,9,12,15,0,9,26,17,SHORT,1d: EMA SHORT +20 | 1d: MACD SHORT +10 | 4h: EMA SHORT +12 | 4h: MACD SHORT +6 | 1h: EMA SHORT +8 | 1h: MACD SHORT +4,1d: цена у нижней границы (+10 LONG) | 4h: цена у нижней границы (+8 LONG) | 1h: середина диапазона,1d: MACD SHORT +5 | 1d: RSI 29.5 <35 LONG +5 | 4h: MACD SHORT +4 | 4h: RSI 31.3 <35 LONG +4 | 1h: MACD SHORT +3 | 1h: RSI 40.3 neutral,Хорошая зона для LONG (+15 LONG),SHORT wins by 17 points
2026-06-26T05:01:21.551145+00:00,SOL/USDT,SHORT,WAIT,20,66.7,20,40,0,7,12,0,0,15,10,20,10,SHORT,1d: EMA SHORT +20 | 1d: MACD LONG +10 | 4h: EMA SHORT +12 | 4h: MACD LONG +6 | 1h: EMA SHORT +8 | 1h: MACD LONG +4,1d: середина диапазона | 4h: середина диапазона | 1h: цена у верхней границы (+7 SHORT),1d: MACD LONG +5 | 1d: RSI 40.5 neutral | 4h: MACD LONG +4 | 4h: RSI 45.3 neutral | 1h: MACD LONG +3 | 1h: RSI 53.5 neutral,Хорошая зона для SHORT (+15 SHORT),SHORT wins by 10 points
2026-06-26T05:06:25.025407+00:00,BTC/USDT,SHORT,WATCH,24,80.0,4,56,10,0,8,9,0,0,6,24,18,SHORT,1d: EMA SHORT +20 | 1d: MACD SHORT +10 | 4h: EMA SHORT +12 | 4h: MACD SHORT +6 | 1h: EMA SHORT +8 | 1h: MACD LONG +4,1d: цена у нижней границы (+10 LONG) | 4h: середина диапазона | 1h: середина диапазона,1d: MACD SHORT +5 | 1d: RSI 30.8 <35 LONG +5 | 4h: MACD SHORT +4 | 4h: RSI 36.5 neutral | 1h: MACD LONG +3 | 1h: RSI 47.6 neutral,Цена далеко от зоны входа,SHORT wins by 18 points
2026-06-26T05:06:25.845235+00:00,ETH/USDT,SHORT,SETUP,26,74.3,0,60,18,0,9,12,15,0,9,26,17,SHORT,1d: EMA SHORT +20 | 1d: MACD SHORT +10 | 4h: EMA SHORT +12 | 4h: MACD SHORT +6 | 1h: EMA SHORT +8 | 1h: MACD SHORT +4,1d: цена у нижней границы (+10 LONG) | 4h: цена у нижней границы (+8 LONG) | 1h: середина диапазона,1d: MACD SHORT +5 | 1d: RSI 29.5 <35 LONG +5 | 4h: MACD SHORT +4 | 4h: RSI 31.3 <35 LONG +4 | 1h: MACD SHORT +3 | 1h: RSI 40.4 neutral,Хорошая зона для LONG (+15 LONG),SHORT wins by 17 points
2026-06-26T05:06:26.738824+00:00,SOL/USDT,SHORT,WAIT,20,66.7,20,40,0,7,12,0,0,15,10,20,10,SHORT,1d: EMA SHORT +20 | 1d: MACD LONG +10 | 4h: EMA SHORT +12 | 4h: MACD LONG +6 | 1h: EMA SHORT +8 | 1h: MACD LONG +4,1d: середина диапазона | 4h: середина диапазона | 1h: цена у верхней границы (+7 SHORT),1d: MACD LONG +5 | 1d: RSI 40.4 neutral | 4h: MACD LONG +4 | 4h: RSI 45.2 neutral | 1h: MACD LONG +3 | 1h: RSI 53.1 neutral,Хорошая зона для SHORT (+15 SHORT),SHORT wins by 10 points
2026-06-26T05:11:30.096907+00:00,BTC/USDT,SHORT,WATCH,24,80.0,4,56,10,0,8,9,0,0,6,24,18,SHORT,1d: EMA SHORT +20 | 1d: MACD SHORT +10 | 4h: EMA SHORT +12 | 4h: MACD SHORT +6 | 1h: EMA SHORT +8 | 1h: MACD LONG +4,1d: цена у нижней границы (+10 LONG) | 4h: середина диапазона | 1h: середина диапазона,1d: MACD SHORT +5 | 1d: RSI 31.2 <35 LONG +5 | 4h: MACD SHORT +4 | 4h: RSI 36.9 neutral | 1h: MACD LONG +3 | 1h: RSI 48.3 neutral,Цена далеко от зоны входа,SHORT wins by 18 points
2026-06-26T05:11:30.988563+00:00,ETH/USDT,SHORT,SETUP,26,74.3,0,60,18,0,9,12,15,0,9,26,17,SHORT,1d: EMA SHORT +20 | 1d: MACD SHORT +10 | 4h: EMA SHORT +12 | 4h: MACD SHORT +6 | 1h: EMA SHORT +8 | 1h: MACD SHORT +4,1d: цена у нижней границы (+10 LONG) | 4h: цена у нижней границы (+8 LONG) | 1h: середина диапазона,1d: MACD SHORT +5 | 1d: RSI 29.5 <35 LONG +5 | 4h: MACD SHORT +4 | 4h: RSI 31.4 <35 LONG +4 | 1h: MACD SHORT +3 | 1h: RSI 40.8 neutral,Хорошая зона для LONG (+15 LONG),SHORT wins by 17 points
2026-06-26T05:11:31.870078+00:00,SOL/USDT,SHORT,WAIT,20,66.7,20,40,0,7,12,0,0,15,10,20,10,SHORT,1d: EMA SHORT +20 | 1d: MACD LONG +10 | 4h: EMA SHORT +12 | 4h: MACD LONG +6 | 1h: EMA SHORT +8 | 1h: MACD LONG +4,1d: середина диапазона | 4h: середина диапазона | 1h: цена у верхней границы (+7 SHORT),1d: MACD LONG +5 | 1d: RSI 40.7 neutral | 4h: MACD LONG +4 | 4h: RSI 45.6 neutral | 1h: MACD LONG +3 | 1h: RSI 53.9 neutral,Хорошая зона для SHORT (+15 SHORT),SHORT wins by 10 points
2026-06-26T05:16:35.192937+00:00,BTC/USDT,SHORT,WATCH,24,88.9,4,56,0,0,8,9,0,0,3,24,21,SHORT,1d: EMA SHORT +20 | 1d: MACD SHORT +10 | 4h: EMA SHORT +12 | 4h: MACD SHORT +6 | 1h: EMA SHORT +8 | 1h: MACD LONG +4,1d: середина диапазона | 4h: середина диапазона | 1h: середина диапазона,1d: MACD SHORT +5 | 1d: RSI 31.5 <35 LONG +5 | 4h: MACD SHORT +4 | 4h: RSI 37.2 neutral | 1h: MACD LONG +3 | 1h: RSI 48.7 neutral,Цена далеко от зоны входа,SHORT wins by 21 points
2026-06-26T05:16:35.975662+00:00,ETH/USDT,SHORT,SETUP,26,74.3,0,60,18,0,9,12,15,0,9,26,17,SHORT,1d: EMA SHORT +20 | 1d: MACD SHORT +10 | 4h: EMA SHORT +12 | 4h: MACD SHORT +6 | 1h: EMA SHORT +8 | 1h: MACD SHORT +4,1d: цена у нижней границы (+10 LONG) | 4h: цена у нижней границы (+8 LONG) | 1h: середина диапазона,1d: MACD SHORT +5 | 1d: RSI 29.8 <35 LONG +5 | 4h: MACD SHORT +4 | 4h: RSI 31.9 <35 LONG +4 | 1h: MACD SHORT +3 | 1h: RSI 42.0 neutral,Хорошая зона для LONG (+15 LONG),SHORT wins by 17 points
2026-06-26T05:16:36.854840+00:00,SOL/USDT,SHORT,WAIT,20,66.7,20,40,0,7,12,0,0,15,10,20,10,SHORT,1d: EMA SHORT +20 | 1d: MACD LONG +10 | 4h: EMA SHORT +12 | 4h: MACD LONG +6 | 1h: EMA SHORT +8 | 1h: MACD LONG +4,1d: середина диапазона | 4h: середина диапазона | 1h: цена у верхней границы (+7 SHORT),1d: MACD LONG +5 | 1d: RSI 41.2 neutral | 4h: MACD LONG +4 | 4h: RSI 46.4 neutral | 1h: MACD LONG +3 | 1h: RSI 54.8 neutral,Хорошая зона для SHORT (+15 SHORT),SHORT wins by 10 points
2026-06-26T05:21:40.291365+00:00,BTC/USDT,SHORT,WATCH,24,80.0,4,56,10,0,8,9,0,0,6,24,18,SHORT,1d: EMA SHORT +20 | 1d: MACD SHORT +10 | 4h: EMA SHORT +12 | 4h: MACD SHORT +6 | 1h: EMA SHORT +8 | 1h: MACD LONG +4,1d: цена у нижней границы (+10 LONG) | 4h: середина диапазона | 1h: середина диапазона,1d: MACD SHORT +5 | 1d: RSI 31.2 <35 LONG +5 | 4h: MACD SHORT +4 | 4h: RSI 36.9 neutral | 1h: MACD LONG +3 | 1h: RSI 48.3 neutral,Цена далеко от зоны входа,SHORT wins by 18 points
2026-06-26T05:21:41.248395+00:00,ETH/USDT,SHORT,SETUP,26,74.3,0,60,18,0,9,12,15,0,9,26,17,SHORT,1d: EMA SHORT +20 | 1d: MACD SHORT +10 | 4h: EMA SHORT +12 | 4h: MACD SHORT +6 | 1h: EMA SHORT +8 | 1h: MACD SHORT +4,1d: цена у нижней границы (+10 LONG) | 4h: цена у нижней границы (+8 LONG) | 1h: середина диапазона,1d: MACD SHORT +5 | 1d: RSI 29.8 <35 LONG +5 | 4h: MACD SHORT +4 | 4h: RSI 31.9 <35 LONG +4 | 1h: MACD SHORT +3 | 1h: RSI 42.0 neutral,Хорошая зона для LONG (+15 LONG),SHORT wins by 17 points
2026-06-26T05:21:42.121204+00:00,SOL/USDT,SHORT,WAIT,20,66.7,20,40,0,7,12,0,0,15,10,20,10,SHORT,1d: EMA SHORT +20 | 1d: MACD LONG +10 | 4h: EMA SHORT +12 | 4h: MACD LONG +6 | 1h: EMA SHORT +8 | 1h: MACD LONG +4,1d: середина диапазона | 4h: середина диапазона | 1h: цена у верхней границы (+7 SHORT),1d: MACD LONG +5 | 1d: RSI 40.9 neutral | 4h: MACD LONG +4 | 4h: RSI 46.0 neutral | 1h: MACD LONG +3 | 1h: RSI 54.4 neutral,Хорошая зона для SHORT (+15 SHORT),SHORT wins by 10 points
2026-06-26T05:26:45.466733+00:00,BTC/USDT,SHORT,WATCH,24,80.0,4,56,10,0,8,9,0,0,6,24,18,SHORT,1d: EMA SHORT +20 | 1d: MACD SHORT +10 | 4h: EMA SHORT +12 | 4h: MACD SHORT +6 | 1h: EMA SHORT +8 | 1h: MACD LONG +4,1d: цена у нижней границы (+10 LONG) | 4h: середина диапазона | 1h: середина диапазона,1d: MACD SHORT +5 | 1d: RSI 31.0 <35 LONG +5 | 4h: MACD SHORT +4 | 4h: RSI 36.6 neutral | 1h: MACD LONG +3 | 1h: RSI 47.8 neutral,Цена далеко от зоны входа,SHORT wins by 18 points
2026-06-26T05:26:46.363702+00:00,ETH/USDT,SHORT,SETUP,26,74.3,0,60,18,0,9,12,15,0,9,26,17,SHORT,1d: EMA SHORT +20 | 1d: MACD SHORT +10 | 4h: EMA SHORT +12 | 4h: MACD SHORT +6 | 1h: EMA SHORT +8 | 1h: MACD SHORT +4,1d: цена у нижней границы (+10 LONG) | 4h: цена у нижней границы (+8 LONG) | 1h: середина диапазона,1d: MACD SHORT +5 | 1d: RSI 29.8 <35 LONG +5 | 4h: MACD SHORT +4 | 4h: RSI 32.0 <35 LONG +4 | 1h: MACD SHORT +3 | 1h: RSI 42.2 neutral,Хорошая зона для LONG (+15 LONG),SHORT wins by 17 points
2026-06-26T05:26:47.242846+00:00,SOL/USDT,SHORT,WAIT,20,66.7,20,40,0,7,12,0,0,15,10,20,10,SHORT,1d: EMA SHORT +20 | 1d: MACD LONG +10 | 4h: EMA SHORT +12 | 4h: MACD LONG +6 | 1h: EMA SHORT +8 | 1h: MACD LONG +4,1d: середина диапазона | 4h: середина диапазона | 1h: цена у верхней границы (+7 SHORT),1d: MACD LONG +5 | 1d: RSI 40.7 neutral | 4h: MACD LONG +4 | 4h: RSI 45.7 neutral | 1h: MACD LONG +3 | 1h: RSI 54.0 neutral,Хорошая зона для SHORT (+15 SHORT),SHORT wins by 10 points
2026-06-26T05:31:50.657703+00:00,BTC/USDT,SHORT,WATCH,24,88.9,4,56,0,0,8,9,0,0,3,24,21,SHORT,1d: EMA SHORT +20 | 1d: MACD SHORT +10 | 4h: EMA SHORT +12 | 4h: MACD SHORT +6 | 1h: EMA SHORT +8 | 1h: MACD LONG +4,1d: середина диапазона | 4h: середина диапазона | 1h: середина диапазона,1d: MACD SHORT +5 | 1d: RSI 31.4 <35 LONG +5 | 4h: MACD SHORT +4 | 4h: RSI 37.0 neutral | 1h: MACD LONG +3 | 1h: RSI 48.5 neutral,Цена далеко от зоны входа,SHORT wins by 21 points
2026-06-26T05:31:51.560467+00:00,ETH/USDT,SHORT,WATCH,24,68.6,4,56,18,0,12,9,15,0,11,24,13,SHORT,1d: EMA SHORT +20 | 1d: MACD SHORT +10 | 4h: EMA SHORT +12 | 4h: MACD SHORT +6 | 1h: EMA SHORT +8 | 1h: MACD LONG +4,1d: цена у нижней границы (+10 LONG) | 4h: цена у нижней границы (+8 LONG) | 1h: середина диапазона,1d: MACD SHORT +5 | 1d: RSI 29.9 <35 LONG +5 | 4h: MACD SHORT +4 | 4h: RSI 32.2 <35 LONG +4 | 1h: MACD LONG +3 | 1h: RSI 42.7 neutral,Хорошая зона для LONG (+15 LONG),SHORT wins by 13 points
2026-06-26T05:31:52.451349+00:00,SOL/USDT,SHORT,WAIT,20,66.7,20,40,0,7,12,0,0,15,10,20,10,SHORT,1d: EMA SHORT +20 | 1d: MACD LONG +10 | 4h: EMA SHORT +12 | 4h: MACD LONG +6 | 1h: EMA SHORT +8 | 1h: MACD LONG +4,1d: середина диапазона | 4h: середина диапазона | 1h: цена у верхней границы (+7 SHORT),1d: MACD LONG +5 | 1d: RSI 41.1 neutral | 4h: MACD LONG +4 | 4h: RSI 46.2 neutral | 1h: MACD LONG +3 | 1h: RSI 54.6 neutral,Хорошая зона для SHORT (+15 SHORT),SHORT wins by 10 points
2026-06-26T05:36:56.267884+00:00,BTC/USDT,SHORT,WATCH,24,88.9,4,56,0,0,8,9,0,0,3,24,21,SHORT,1d: EMA SHORT +20 | 1d: MACD SHORT +10 | 4h: EMA SHORT +12 | 4h: MACD SHORT +6 | 1h: EMA SHORT +8 | 1h: MACD LONG +4,1d: середина диапазона | 4h: середина диапазона | 1h: середина диапазона,1d: MACD SHORT +5 | 1d: RSI 31.4 <35 LONG +5 | 4h: MACD SHORT +4 | 4h: RSI 37.1 neutral | 1h: MACD LONG +3 | 1h: RSI 48.6 neutral,Цена далеко от зоны входа,SHORT wins by 21 points
2026-06-26T05:36:57.255769+00:00,ETH/USDT,SHORT,WATCH,24,72.7,4,56,10,0,12,9,15,0,9,24,15,SHORT,1d: EMA SHORT +20 | 1d: MACD SHORT +10 | 4h: EMA SHORT +12 | 4h: MACD SHORT +6 | 1h: EMA SHORT +8 | 1h: MACD LONG +4,1d: цена у нижней границы (+10 LONG) | 4h: середина диапазона | 1h: середина диапазона,1d: MACD SHORT +5 | 1d: RSI 29.9 <35 LONG +5 | 4h: MACD SHORT +4 | 4h: RSI 32.3 <35 LONG +4 | 1h: MACD LONG +3 | 1h: RSI 43.0 neutral,Хорошая зона для LONG (+15 LONG),SHORT wins by 15 points
2026-06-26T05:36:58.035837+00:00,SOL/USDT,SHORT,WAIT,20,66.7,20,40,0,7,12,0,0,15,10,20,10,SHORT,1d: EMA SHORT +20 | 1d: MACD LONG +10 | 4h: EMA SHORT +12 | 4h: MACD LONG +6 | 1h: EMA SHORT +8 | 1h: MACD LONG +4,1d: середина диапазона | 4h: середина диапазона | 1h: цена у верхней границы (+7 SHORT),1d: MACD LONG +5 | 1d: RSI 41.3 neutral | 4h: MACD LONG +4 | 4h: RSI 46.5 neutral | 1h: MACD LONG +3 | 1h: RSI 55.0 neutral,Хорошая зона для SHORT (+15 SHORT),SHORT wins by 10 points
2026-06-26T05:42:01.569862+00:00,BTC/USDT,SHORT,WATCH,24,80.0,4,56,10,0,8,9,0,0,6,24,18,SHORT,1d: EMA SHORT +20 | 1d: MACD SHORT +10 | 4h: EMA SHORT +12 | 4h: MACD SHORT +6 | 1h: EMA SHORT +8 | 1h: MACD LONG +4,1d: цена у нижней границы (+10 LONG) | 4h: середина диапазона | 1h: середина диапазона,1d: MACD SHORT +5 | 1d: RSI 31.1 <35 LONG +5 | 4h: MACD SHORT +4 | 4h: RSI 36.8 neutral | 1h: MACD LONG +3 | 1h: RSI 48.1 neutral,Цена далеко от зоны входа,SHORT wins by 18 points
2026-06-26T05:42:02.484971+00:00,ETH/USDT,SHORT,WATCH,24,68.6,4,56,18,0,12,9,15,0,11,24,13,SHORT,1d: EMA SHORT +20 | 1d: MACD SHORT +10 | 4h: EMA SHORT +12 | 4h: MACD SHORT +6 | 1h: EMA SHORT +8 | 1h: MACD LONG +4,1d: цена у нижней границы (+10 LONG) | 4h: цена у нижней границы (+8 LONG) | 1h: середина диапазона,1d: MACD SHORT +5 | 1d: RSI 29.8 <35 LONG +5 | 4h: MACD SHORT +4 | 4h: RSI 32.1 <35 LONG +4 | 1h: MACD LONG +3 | 1h: RSI 42.5 neutral,Хорошая зона для LONG (+15 LONG),SHORT wins by 13 points
2026-06-26T05:42:03.264209+00:00,SOL/USDT,SHORT,WAIT,20,66.7,20,40,0,7,12,0,0,15,10,20,10,SHORT,1d: EMA SHORT +20 | 1d: MACD LONG +10 | 4h: EMA SHORT +12 | 4h: MACD LONG +6 | 1h: EMA SHORT +8 | 1h: MACD LONG +4,1d: середина диапазона | 4h: середина диапазона | 1h: цена у верхней границы (+7 SHORT),1d: MACD LONG +5 | 1d: RSI 41.4 neutral | 4h: MACD LONG +4 | 4h: RSI 46.7 neutral | 1h: MACD LONG +3 | 1h: RSI 55.2 neutral,Хорошая зона для SHORT (+15 SHORT),SHORT wins by 10 points
2026-06-26T05:47:06.504672+00:00,BTC/USDT,SHORT,WATCH,24,80.0,4,56,10,0,8,9,0,0,6,24,18,SHORT,1d: EMA SHORT +20 | 1d: MACD SHORT +10 | 4h: EMA SHORT +12 | 4h: MACD SHORT +6 | 1h: EMA SHORT +8 | 1h: MACD LONG +4,1d: цена у нижней границы (+10 LONG) | 4h: середина диапазона | 1h: середина диапазона,1d: MACD SHORT +5 | 1d: RSI 30.7 <35 LONG +5 | 4h: MACD SHORT +4 | 4h: RSI 36.3 neutral | 1h: MACD LONG +3 | 1h: RSI 47.3 neutral,Цена далеко от зоны входа,SHORT wins by 18 points
2026-06-26T05:47:07.498272+00:00,ETH/USDT,SHORT,SETUP,26,74.3,0,60,18,0,9,12,15,0,9,26,17,SHORT,1d: EMA SHORT +20 | 1d: MACD SHORT +10 | 4h: EMA SHORT +12 | 4h: MACD SHORT +6 | 1h: EMA SHORT +8 | 1h: MACD SHORT +4,1d: цена у нижней границы (+10 LONG) | 4h: цена у нижней границы (+8 LONG) | 1h: середина диапазона,1d: MACD SHORT +5 | 1d: RSI 29.7 <35 LONG +5 | 4h: MACD SHORT +4 | 4h: RSI 31.7 <35 LONG +4 | 1h: MACD SHORT +3 | 1h: RSI 41.5 neutral,Хорошая зона для LONG (+15 LONG),SHORT wins by 17 points
2026-06-26T05:47:08.389333+00:00,SOL/USDT,SHORT,WAIT,20,66.7,20,40,0,7,12,0,0,15,10,20,10,SHORT,1d: EMA SHORT +20 | 1d: MACD LONG +10 | 4h: EMA SHORT +12 | 4h: MACD LONG +6 | 1h: EMA SHORT +8 | 1h: MACD LONG +4,1d: середина диапазона | 4h: середина диапазона | 1h: цена у верхней границы (+7 SHORT),1d: MACD LONG +5 | 1d: RSI 40.7 neutral | 4h: MACD LONG +4 | 4h: RSI 45.6 neutral | 1h: MACD LONG +3 | 1h: RSI 53.9 neutral,Хорошая зона для SHORT (+15 SHORT),SHORT wins by 10 points
2026-06-26T05:52:11.902633+00:00,BTC/USDT,SHORT,WATCH,24,80.0,4,56,10,0,8,9,0,0,6,24,18,SHORT,1d: EMA SHORT +20 | 1d: MACD SHORT +10 | 4h: EMA SHORT +12 | 4h: MACD SHORT +6 | 1h: EMA SHORT +8 | 1h: MACD LONG +4,1d: цена у нижней границы (+10 LONG) | 4h: середина диапазона | 1h: середина диапазона,1d: MACD SHORT +5 | 1d: RSI 30.8 <35 LONG +5 | 4h: MACD SHORT +4 | 4h: RSI 36.5 neutral | 1h: MACD LONG +3 | 1h: RSI 47.6 neutral,Цена далеко от зоны входа,SHORT wins by 18 points
2026-06-26T05:52:13.203525+00:00,ETH/USDT,SHORT,SETUP,26,74.3,0,60,18,0,9,12,15,0,9,26,17,SHORT,1d: EMA SHORT +20 | 1d: MACD SHORT +10 | 4h: EMA SHORT +12 | 4h: MACD SHORT +6 | 1h: EMA SHORT +8 | 1h: MACD SHORT +4,1d: цена у нижней границы (+10 LONG) | 4h: цена у нижней границы (+8 LONG) | 1h: середина диапазона,1d: MACD SHORT +5 | 1d: RSI 29.8 <35 LONG +5 | 4h: MACD SHORT +4 | 4h: RSI 32.1 <35 LONG +4 | 1h: MACD SHORT +3 | 1h: RSI 42.4 neutral,Хорошая зона для LONG (+15 LONG),SHORT wins by 17 points
2026-06-26T05:52:14.650859+00:00,SOL/USDT,SHORT,WAIT,20,66.7,20,40,0,7,12,0,0,15,10,20,10,SHORT,1d: EMA SHORT +20 | 1d: MACD LONG +10 | 4h: EMA SHORT +12 | 4h: MACD LONG +6 | 1h: EMA SHORT +8 | 1h: MACD LONG +4,1d: середина диапазона | 4h: середина диапазона | 1h: цена у верхней границы (+7 SHORT),1d: MACD LONG +5 | 1d: RSI 41.3 neutral | 4h: MACD LONG +4 | 4h: RSI 46.5 neutral | 1h: MACD LONG +3 | 1h: RSI 55.0 neutral,Хорошая зона для SHORT (+15 SHORT),SHORT wins by 10 points
2026-06-26T05:57:18.126487+00:00,BTC/USDT,SHORT,WATCH,24,88.9,4,56,0,0,8,9,0,0,3,24,21,SHORT,1d: EMA SHORT +20 | 1d: MACD SHORT +10 | 4h: EMA SHORT +12 | 4h: MACD SHORT +6 | 1h: EMA SHORT +8 | 1h: MACD LONG +4,1d: середина диапазона | 4h: середина диапазона | 1h: середина диапазона,1d: MACD SHORT +5 | 1d: RSI 31.4 <35 LONG +5 | 4h: MACD SHORT +4 | 4h: RSI 37.0 neutral | 1h: MACD LONG +3 | 1h: RSI 48.5 neutral,Цена далеко от зоны входа,SHORT wins by 21 points
2026-06-26T05:57:18.904164+00:00,ETH/USDT,SHORT,WATCH,24,68.6,4,56,18,0,12,9,15,0,11,24,13,SHORT,1d: EMA SHORT +20 | 1d: MACD SHORT +10 | 4h: EMA SHORT +12 | 4h: MACD SHORT +6 | 1h: EMA SHORT +8 | 1h: MACD LONG +4,1d: цена у нижней границы (+10 LONG) | 4h: цена у нижней границы (+8 LONG) | 1h: середина диапазона,1d: MACD SHORT +5 | 1d: RSI 29.9 <35 LONG +5 | 4h: MACD SHORT +4 | 4h: RSI 32.2 <35 LONG +4 | 1h: MACD LONG +3 | 1h: RSI 42.7 neutral,Хорошая зона для LONG (+15 LONG),SHORT wins by 13 points
2026-06-26T05:57:19.801213+00:00,SOL/USDT,SHORT,WAIT,20,66.7,20,40,0,7,12,0,0,15,10,20,10,SHORT,1d: EMA SHORT +20 | 1d: MACD LONG +10 | 4h: EMA SHORT +12 | 4h: MACD LONG +6 | 1h: EMA SHORT +8 | 1h: MACD LONG +4,1d: середина диапазона | 4h: середина диапазона | 1h: цена у верхней границы (+7 SHORT),1d: MACD LONG +5 | 1d: RSI 41.4 neutral | 4h: MACD LONG +4 | 4h: RSI 46.8 neutral | 1h: MACD LONG +3 | 1h: RSI 55.3 neutral,Хорошая зона для SHORT (+15 SHORT),SHORT wins by 10 points
2026-06-26T06:02:23.392776+00:00,BTC/USDT,SHORT,WATCH,24,80.0,4,56,10,0,8,9,0,0,6,24,18,SHORT,1d: EMA SHORT +20 | 1d: MACD SHORT +10 | 4h: EMA SHORT +12 | 4h: MACD SHORT +6 | 1h: EMA SHORT +8 | 1h: MACD LONG +4,1d: цена у нижней границы (+10 LONG) | 4h: середина диапазона | 1h: середина диапазона,1d: MACD SHORT +5 | 1d: RSI 30.7 <35 LONG +5 | 4h: MACD SHORT +4 | 4h: RSI 36.3 neutral | 1h: MACD LONG +3 | 1h: RSI 47.2 neutral,Цена далеко от зоны входа,SHORT wins by 18 points
2026-06-26T06:02:24.469148+00:00,ETH/USDT,SHORT,WATCH,24,68.6,4,56,18,0,12,9,15,0,11,24,13,SHORT,1d: EMA SHORT +20 | 1d: MACD SHORT +10 | 4h: EMA SHORT +12 | 4h: MACD SHORT +6 | 1h: EMA SHORT +8 | 1h: MACD LONG +4,1d: цена у нижней границы (+10 LONG) | 4h: цена у нижней границы (+8 LONG) | 1h: середина диапазона,1d: MACD SHORT +5 | 1d: RSI 29.5 <35 LONG +5 | 4h: MACD SHORT +4 | 4h: RSI 31.3 <35 LONG +4 | 1h: MACD LONG +3 | 1h: RSI 40.8 neutral,Хорошая зона для LONG (+15 LONG),SHORT wins by 13 points
2026-06-26T06:02:25.355182+00:00,SOL/USDT,SHORT,WAIT,20,66.7,20,40,0,7,12,0,0,15,10,20,10,SHORT,1d: EMA SHORT +20 | 1d: MACD LONG +10 | 4h: EMA SHORT +12 | 4h: MACD LONG +6 | 1h: EMA SHORT +8 | 1h: MACD LONG +4,1d: середина диапазона | 4h: середина диапазона | 1h: цена у верхней границы (+7 SHORT),1d: MACD LONG +5 | 1d: RSI 40.9 neutral | 4h: MACD LONG +4 | 4h: RSI 45.9 neutral | 1h: MACD LONG +3 | 1h: RSI 54.0 neutral,Хорошая зона для SHORT (+15 SHORT),SHORT wins by 10 points
2026-06-26T06:07:28.927582+00:00,BTC/USDT,SHORT,WATCH,24,80.0,4,56,10,0,8,9,0,0,6,24,18,SHORT,1d: EMA SHORT +20 | 1d: MACD SHORT +10 | 4h: EMA SHORT +12 | 4h: MACD SHORT +6 | 1h: EMA SHORT +8 | 1h: MACD LONG +4,1d: цена у нижней границы (+10 LONG) | 4h: середина диапазона | 1h: середина диапазона,1d: MACD SHORT +5 | 1d: RSI 30.5 <35 LONG +5 | 4h: MACD SHORT +4 | 4h: RSI 36.2 neutral | 1h: MACD LONG +3 | 1h: RSI 46.9 neutral,Цена далеко от зоны входа,SHORT wins by 18 points
2026-06-26T06:07:29.733398+00:00,ETH/USDT,SHORT,WATCH,24,68.6,4,56,18,0,12,9,15,0,11,24,13,SHORT,1d: EMA SHORT +20 | 1d: MACD SHORT +10 | 4h: EMA SHORT +12 | 4h: MACD SHORT +6 | 1h: EMA SHORT +8 | 1h: MACD LONG +4,1d: цена у нижней границы (+10 LONG) | 4h: цена у нижней границы (+8 LONG) | 1h: середина диапазона,1d: MACD SHORT +5 | 1d: RSI 29.4 <35 LONG +5 | 4h: MACD SHORT +4 | 4h: RSI 31.1 <35 LONG +4 | 1h: MACD LONG +3 | 1h: RSI 40.6 neutral,Хорошая зона для LONG (+15 LONG),SHORT wins by 13 points
2026-06-26T06:07:30.628723+00:00,SOL/USDT,SHORT,WAIT,20,66.7,20,40,0,7,12,0,0,15,10,20,10,SHORT,1d: EMA SHORT +20 | 1d: MACD LONG +10 | 4h: EMA SHORT +12 | 4h: MACD LONG +6 | 1h: EMA SHORT +8 | 1h: MACD LONG +4,1d: середина диапазона | 4h: середина диапазона | 1h: цена у верхней границы (+7 SHORT),1d: MACD LONG +5 | 1d: RSI 40.7 neutral | 4h: MACD LONG +4 | 4h: RSI 45.7 neutral | 1h: MACD LONG +3 | 1h: RSI 53.7 neutral,Хорошая зона для SHORT (+15 SHORT),SHORT wins by 10 points
2026-06-26T06:12:34.036063+00:00,BTC/USDT,SHORT,WATCH,24,80.0,4,56,10,0,8,9,0,0,6,24,18,SHORT,1d: EMA SHORT +20 | 1d: MACD SHORT +10 | 4h: EMA SHORT +12 | 4h: MACD SHORT +6 | 1h: EMA SHORT +8 | 1h: MACD LONG +4,1d: цена у нижней границы (+10 LONG) | 4h: середина диапазона | 1h: середина диапазона,1d: MACD SHORT +5 | 1d: RSI 30.5 <35 LONG +5 | 4h: MACD SHORT +4 | 4h: RSI 36.1 neutral | 1h: MACD LONG +3 | 1h: RSI 46.9 neutral,Цена далеко от зоны входа,SHORT wins by 18 points
2026-06-26T06:12:34.931222+00:00,ETH/USDT,SHORT,WATCH,24,68.6,4,56,18,0,12,9,15,0,11,24,13,SHORT,1d: EMA SHORT +20 | 1d: MACD SHORT +10 | 4h: EMA SHORT +12 | 4h: MACD SHORT +6 | 1h: EMA SHORT +8 | 1h: MACD LONG +4,1d: цена у нижней границы (+10 LONG) | 4h: цена у нижней границы (+8 LONG) | 1h: середина диапазона,1d: MACD SHORT +5 | 1d: RSI 29.3 <35 LONG +5 | 4h: MACD SHORT +4 | 4h: RSI 30.9 <35 LONG +4 | 1h: MACD LONG +3 | 1h: RSI 40.2 neutral,Хорошая зона для LONG (+15 LONG),SHORT wins by 13 points
2026-06-26T06:12:35.809485+00:00,SOL/USDT,SHORT,WAIT,20,66.7,20,40,0,7,12,0,0,15,10,20,10,SHORT,1d: EMA SHORT +20 | 1d: MACD LONG +10 | 4h: EMA SHORT +12 | 4h: MACD LONG +6 | 1h: EMA SHORT +8 | 1h: MACD LONG +4,1d: середина диапазона | 4h: середина диапазона | 1h: цена у верхней границы (+7 SHORT),1d: MACD LONG +5 | 1d: RSI 40.6 neutral | 4h: MACD LONG +4 | 4h: RSI 45.5 neutral | 1h: MACD LONG +3 | 1h: RSI 53.4 neutral,Хорошая зона для SHORT (+15 SHORT),SHORT wins by 10 points
2026-06-26T06:17:39.350077+00:00,BTC/USDT,SHORT,WATCH,24,80.0,4,56,10,0,8,9,0,0,6,24,18,SHORT,1d: EMA SHORT +20 | 1d: MACD SHORT +10 | 4h: EMA SHORT +12 | 4h: MACD SHORT +6 | 1h: EMA SHORT +8 | 1h: MACD LONG +4,1d: цена у нижней границы (+10 LONG) | 4h: середина диапазона | 1h: середина диапазона,1d: MACD SHORT +5 | 1d: RSI 30.5 <35 LONG +5 | 4h: MACD SHORT +4 | 4h: RSI 36.1 neutral | 1h: MACD LONG +3 | 1h: RSI 46.8 neutral,Цена далеко от зоны входа,SHORT wins by 18 points
2026-06-26T06:17:40.246060+00:00,ETH/USDT,SHORT,WATCH,24,68.6,4,56,18,0,12,9,15,0,11,24,13,SHORT,1d: EMA SHORT +20 | 1d: MACD SHORT +10 | 4h: EMA SHORT +12 | 4h: MACD SHORT +6 | 1h: EMA SHORT +8 | 1h: MACD LONG +4,1d: цена у нижней границы (+10 LONG) | 4h: цена у нижней границы (+8 LONG) | 1h: середина диапазона,1d: MACD SHORT +5 | 1d: RSI 29.3 <35 LONG +5 | 4h: MACD SHORT +4 | 4h: RSI 31.0 <35 LONG +4 | 1h: MACD LONG +3 | 1h: RSI 40.4 neutral,Хорошая зона для LONG (+15 LONG),SHORT wins by 13 points
2026-06-26T06:17:41.029977+00:00,SOL/USDT,SHORT,WAIT,20,66.7,20,40,0,7,12,0,0,15,10,20,10,SHORT,1d: EMA SHORT +20 | 1d: MACD LONG +10 | 4h: EMA SHORT +12 | 4h: MACD LONG +6 | 1h: EMA SHORT +8 | 1h: MACD LONG +4,1d: середина диапазона | 4h: середина диапазона | 1h: цена у верхней границы (+7 SHORT),1d: MACD LONG +5 | 1d: RSI 41.0 neutral | 4h: MACD LONG +4 | 4h: RSI 46.1 neutral | 1h: MACD LONG +3 | 1h: RSI 54.3 neutral,Хорошая зона для SHORT (+15 SHORT),SHORT wins by 10 points
2026-06-26T06:22:44.519546+00:00,BTC/USDT,SHORT,NO TRADE,19,70.4,14,46,0,0,13,4,0,0,8,19,11,SHORT,1d: EMA SHORT +20 | 1d: MACD LONG +10 | 4h: EMA SHORT +12 | 4h: MACD SHORT +6 | 1h: EMA SHORT +8 | 1h: MACD LONG +4,1d: середина диапазона | 4h: середина диапазона | 1h: середина диапазона,1d: MACD LONG +5 | 1d: RSI 31.8 <35 LONG +5 | 4h: MACD SHORT +4 | 4h: RSI 37.6 neutral | 1h: MACD LONG +3 | 1h: RSI 49.4 neutral,Цена далеко от зоны входа,SHORT wins by 11 points
2026-06-26T06:22:45.461897+00:00,ETH/USDT,SHORT,WATCH,24,72.7,4,56,10,0,12,9,15,0,9,24,15,SHORT,1d: EMA SHORT +20 | 1d: MACD SHORT +10 | 4h: EMA SHORT +12 | 4h: MACD SHORT +6 | 1h: EMA SHORT +8 | 1h: MACD LONG +4,1d: цена у нижней границы (+10 LONG) | 4h: середина диапазона | 1h: середина диапазона,1d: MACD SHORT +5 | 1d: RSI 30.1 <35 LONG +5 | 4h: MACD SHORT +4 | 4h: RSI 32.9 <35 LONG +4 | 1h: MACD LONG +3 | 1h: RSI 43.9 neutral,Хорошая зона для LONG (+15 LONG),SHORT wins by 15 points
2026-06-26T06:22:46.362657+00:00,SOL/USDT,SHORT,WAIT,20,66.7,20,40,0,7,12,0,0,15,10,20,10,SHORT,1d: EMA SHORT +20 | 1d: MACD LONG +10 | 4h: EMA SHORT +12 | 4h: MACD LONG +6 | 1h: EMA SHORT +8 | 1h: MACD LONG +4,1d: середина диапазона | 4h: середина диапазона | 1h: цена у верхней границы (+7 SHORT),1d: MACD LONG +5 | 1d: RSI 43.7 neutral | 4h: MACD LONG +4 | 4h: RSI 50.4 neutral | 1h: MACD LONG +3 | 1h: RSI 59.6 neutral,Хорошая зона для SHORT (+15 SHORT),SHORT wins by 10 points
2026-06-26T06:27:49.908030+00:00,BTC/USDT,SHORT,WATCH,24,88.9,4,56,0,0,8,9,0,0,3,24,21,SHORT,1d: EMA SHORT +20 | 1d: MACD SHORT +10 | 4h: EMA SHORT +12 | 4h: MACD SHORT +6 | 1h: EMA SHORT +8 | 1h: MACD LONG +4,1d: середина диапазона | 4h: середина диапазона | 1h: середина диапазона,1d: MACD SHORT +5 | 1d: RSI 31.4 <35 LONG +5 | 4h: MACD SHORT +4 | 4h: RSI 37.1 neutral | 1h: MACD LONG +3 | 1h: RSI 48.7 neutral,Цена далеко от зоны входа,SHORT wins by 21 points
2026-06-26T06:27:50.807859+00:00,ETH/USDT,SHORT,WATCH,24,72.7,4,56,10,0,12,9,15,0,9,24,15,SHORT,1d: EMA SHORT +20 | 1d: MACD SHORT +10 | 4h: EMA SHORT +12 | 4h: MACD SHORT +6 | 1h: EMA SHORT +8 | 1h: MACD LONG +4,1d: цена у нижней границы (+10 LONG) | 4h: середина диапазона | 1h: середина диапазона,1d: MACD SHORT +5 | 1d: RSI 29.9 <35 LONG +5 | 4h: MACD SHORT +4 | 4h: RSI 32.3 <35 LONG +4 | 1h: MACD LONG +3 | 1h: RSI 43.0 neutral,Хорошая зона для LONG (+15 LONG),SHORT wins by 15 points
2026-06-26T06:27:51.715127+00:00,SOL/USDT,SHORT,WAIT,20,66.7,20,40,0,7,12,0,0,15,10,20,10,SHORT,1d: EMA SHORT +20 | 1d: MACD LONG +10 | 4h: EMA SHORT +12 | 4h: MACD LONG +6 | 1h: EMA SHORT +8 | 1h: MACD LONG +4,1d: середина диапазона | 4h: середина диапазона | 1h: цена у верхней границы (+7 SHORT),1d: MACD LONG +5 | 1d: RSI 43.2 neutral | 4h: MACD LONG +4 | 4h: RSI 49.6 neutral | 1h: MACD LONG +3 | 1h: RSI 58.7 neutral,Хорошая зона для SHORT (+15 SHORT),SHORT wins by 10 points
2026-06-26T06:32:55.344951+00:00,BTC/USDT,SHORT,WATCH,24,88.9,4,56,0,0,8,9,0,0,3,24,21,SHORT,1d: EMA SHORT +20 | 1d: MACD SHORT +10 | 4h: EMA SHORT +12 | 4h: MACD SHORT +6 | 1h: EMA SHORT +8 | 1h: MACD LONG +4,1d: середина диапазона | 4h: середина диапазона | 1h: середина диапазона,1d: MACD SHORT +5 | 1d: RSI 31.7 <35 LONG +5 | 4h: MACD SHORT +4 | 4h: RSI 37.4 neutral | 1h: MACD LONG +3 | 1h: RSI 49.2 neutral,Цена далеко от зоны входа,SHORT wins by 21 points
2026-06-26T06:32:56.235650+00:00,ETH/USDT,SHORT,WATCH,24,72.7,4,56,10,0,12,9,15,0,9,24,15,SHORT,1d: EMA SHORT +20 | 1d: MACD SHORT +10 | 4h: EMA SHORT +12 | 4h: MACD SHORT +6 | 1h: EMA SHORT +8 | 1h: MACD LONG +4,1d: цена у нижней границы (+10 LONG) | 4h: середина диапазона | 1h: середина диапазона,1d: MACD SHORT +5 | 1d: RSI 30.1 <35 LONG +5 | 4h: MACD SHORT +4 | 4h: RSI 32.8 <35 LONG +4 | 1h: MACD LONG +3 | 1h: RSI 43.7 neutral,Хорошая зона для LONG (+15 LONG),SHORT wins by 15 points
2026-06-26T06:32:57.119860+00:00,SOL/USDT,SHORT,WAIT,20,66.7,20,40,0,7,12,0,0,15,10,20,10,SHORT,1d: EMA SHORT +20 | 1d: MACD LONG +10 | 4h: EMA SHORT +12 | 4h: MACD LONG +6 | 1h: EMA SHORT +8 | 1h: MACD LONG +4,1d: середина диапазона | 4h: середина диапазона | 1h: цена у верхней границы (+7 SHORT),1d: MACD LONG +5 | 1d: RSI 43.2 neutral | 4h: MACD LONG +4 | 4h: RSI 49.6 neutral | 1h: MACD LONG +3 | 1h: RSI 58.8 neutral,Хорошая зона для SHORT (+15 SHORT),SHORT wins by 10 points
2026-06-26T06:38:00.409737+00:00,BTC/USDT,SHORT,NO TRADE,19,70.4,14,46,0,0,13,4,0,0,8,19,11,SHORT,1d: EMA SHORT +20 | 1d: MACD LONG +10 | 4h: EMA SHORT +12 | 4h: MACD SHORT +6 | 1h: EMA SHORT +8 | 1h: MACD LONG +4,1d: середина диапазона | 4h: середина диапазона | 1h: середина диапазона,1d: MACD LONG +5 | 1d: RSI 32.2 <35 LONG +5 | 4h: MACD SHORT +4 | 4h: RSI 38.3 neutral | 1h: MACD LONG +3 | 1h: RSI 50.2 neutral,Цена далеко от зоны входа,SHORT wins by 11 points
2026-06-26T06:38:01.300224+00:00,ETH/USDT,SHORT,WATCH,24,80.0,4,56,10,0,12,9,0,0,6,24,18,SHORT,1d: EMA SHORT +20 | 1d: MACD SHORT +10 | 4h: EMA SHORT +12 | 4h: MACD SHORT +6 | 1h: EMA SHORT +8 | 1h: MACD LONG +4,1d: цена у нижней границы (+10 LONG) | 4h: середина диапазона | 1h: середина диапазона,1d: MACD SHORT +5 | 1d: RSI 30.3 <35 LONG +5 | 4h: MACD SHORT +4 | 4h: RSI 33.8 <35 LONG +4 | 1h: MACD LONG +3 | 1h: RSI 45.0 neutral,Цена далеко от зоны входа,SHORT wins by 18 points
2026-06-26T06:38:02.302915+00:00,SOL/USDT,SHORT,WAIT,20,66.7,20,40,0,7,12,0,0,15,10,20,10,SHORT,1d: EMA SHORT +20 | 1d: MACD LONG +10 | 4h: EMA SHORT +12 | 4h: MACD LONG +6 | 1h: EMA SHORT +8 | 1h: MACD LONG +4,1d: середина диапазона | 4h: середина диапазона | 1h: цена у верхней границы (+7 SHORT),1d: MACD LONG +5 | 1d: RSI 43.6 neutral | 4h: MACD LONG +4 | 4h: RSI 50.3 neutral | 1h: MACD LONG +3 | 1h: RSI 59.5 neutral,Хорошая зона для SHORT (+15 SHORT),SHORT wins by 10 points
2026-06-26T06:43:05.793968+00:00,BTC/USDT,SHORT,NO TRADE,19,70.4,14,46,0,0,13,4,0,0,8,19,11,SHORT,1d: EMA SHORT +20 | 1d: MACD LONG +10 | 4h: EMA SHORT +12 | 4h: MACD SHORT +6 | 1h: EMA SHORT +8 | 1h: MACD LONG +4,1d: середина диапазона | 4h: середина диапазона | 1h: середина диапазона,1d: MACD LONG +5 | 1d: RSI 32.8 <35 LONG +5 | 4h: MACD SHORT +4 | 4h: RSI 39.4 neutral | 1h: MACD LONG +3 | 1h: RSI 51.3 neutral,Цена далеко от зоны входа,SHORT wins by 11 points
2026-06-26T06:43:06.705616+00:00,ETH/USDT,SHORT,WATCH,24,80.0,4,56,10,0,12,9,0,0,6,24,18,SHORT,1d: EMA SHORT +20 | 1d: MACD SHORT +10 | 4h: EMA SHORT +12 | 4h: MACD SHORT +6 | 1h: EMA SHORT +8 | 1h: MACD LONG +4,1d: цена у нижней границы (+10 LONG) | 4h: середина диапазона | 1h: середина диапазона,1d: MACD SHORT +5 | 1d: RSI 30.6 <35 LONG +5 | 4h: MACD SHORT +4 | 4h: RSI 35.0 <35 LONG +4 | 1h: MACD LONG +3 | 1h: RSI 46.3 neutral,Цена далеко от зоны входа,SHORT wins by 18 points
2026-06-26T06:43:07.617709+00:00,SOL/USDT,SHORT,WAIT,20,66.7,20,40,0,7,12,0,0,15,10,20,10,SHORT,1d: EMA SHORT +20 | 1d: MACD LONG +10 | 4h: EMA SHORT +12 | 4h: MACD LONG +6 | 1h: EMA SHORT +8 | 1h: MACD LONG +4,1d: середина диапазона | 4h: середина диапазона | 1h: цена у верхней границы (+7 SHORT),1d: MACD LONG +5 | 1d: RSI 44.7 neutral | 4h: MACD LONG +4 | 4h: RSI 52.0 neutral | 1h: MACD LONG +3 | 1h: RSI 61.5 neutral,Хорошая зона для SHORT (+15 SHORT),SHORT wins by 10 points
2026-06-26T06:48:11.186318+00:00,BTC/USDT,SHORT,NO TRADE,19,70.4,14,46,0,0,13,4,0,0,8,19,11,SHORT,1d: EMA SHORT +20 | 1d: MACD LONG +10 | 4h: EMA SHORT +12 | 4h: MACD SHORT +6 | 1h: EMA SHORT +8 | 1h: MACD LONG +4,1d: середина диапазона | 4h: середина диапазона | 1h: середина диапазона,1d: MACD LONG +5 | 1d: RSI 33.4 <35 LONG +5 | 4h: MACD SHORT +4 | 4h: RSI 40.5 neutral | 1h: MACD LONG +3 | 1h: RSI 52.4 neutral,Цена далеко от зоны входа,SHORT wins by 11 points
2026-06-26T06:48:12.075624+00:00,ETH/USDT,SHORT,WATCH,24,80.0,4,56,10,0,8,9,0,0,6,24,18,SHORT,1d: EMA SHORT +20 | 1d: MACD SHORT +10 | 4h: EMA SHORT +12 | 4h: MACD SHORT +6 | 1h: EMA SHORT +8 | 1h: MACD LONG +4,1d: цена у нижней границы (+10 LONG) | 4h: середина диапазона | 1h: середина диапазона,1d: MACD SHORT +5 | 1d: RSI 30.9 <35 LONG +5 | 4h: MACD SHORT +4 | 4h: RSI 35.6 neutral | 1h: MACD LONG +3 | 1h: RSI 47.1 neutral,Цена далеко от зоны входа,SHORT wins by 18 points
2026-06-26T06:48:12.958748+00:00,SOL/USDT,SHORT,WAIT,20,66.7,20,40,0,7,12,0,0,15,10,20,10,SHORT,1d: EMA SHORT +20 | 1d: MACD LONG +10 | 4h: EMA SHORT +12 | 4h: MACD LONG +6 | 1h: EMA SHORT +8 | 1h: MACD LONG +4,1d: середина диапазона | 4h: середина диапазона | 1h: цена у верхней границы (+7 SHORT),1d: MACD LONG +5 | 1d: RSI 44.8 neutral | 4h: MACD LONG +4 | 4h: RSI 52.1 neutral | 1h: MACD LONG +3 | 1h: RSI 61.6 neutral,Хорошая зона для SHORT (+15 SHORT),SHORT wins by 10 points
2026-06-26T06:53:16.579569+00:00,BTC/USDT,SHORT,NO TRADE,19,70.4,14,46,0,0,13,4,0,0,8,19,11,SHORT,1d: EMA SHORT +20 | 1d: MACD LONG +10 | 4h: EMA SHORT +12 | 4h: MACD SHORT +6 | 1h: EMA SHORT +8 | 1h: MACD LONG +4,1d: середина диапазона | 4h: середина диапазона | 1h: середина диапазона,1d: MACD LONG +5 | 1d: RSI 32.8 <35 LONG +5 | 4h: MACD SHORT +4 | 4h: RSI 39.4 neutral | 1h: MACD LONG +3 | 1h: RSI 51.3 neutral,Цена далеко от зоны входа,SHORT wins by 11 points
2026-06-26T06:53:17.462540+00:00,ETH/USDT,SHORT,WATCH,24,80.0,4,56,10,0,8,9,0,0,6,24,18,SHORT,1d: EMA SHORT +20 | 1d: MACD SHORT +10 | 4h: EMA SHORT +12 | 4h: MACD SHORT +6 | 1h: EMA SHORT +8 | 1h: MACD LONG +4,1d: цена у нижней границы (+10 LONG) | 4h: середина диапазона | 1h: середина диапазона,1d: MACD SHORT +5 | 1d: RSI 30.7 <35 LONG +5 | 4h: MACD SHORT +4 | 4h: RSI 35.2 neutral | 1h: MACD LONG +3 | 1h: RSI 46.6 neutral,Цена далеко от зоны входа,SHORT wins by 18 points
2026-06-26T06:53:18.371383+00:00,SOL/USDT,SHORT,WAIT,20,66.7,20,40,0,7,12,0,0,15,10,20,10,SHORT,1d: EMA SHORT +20 | 1d: MACD LONG +10 | 4h: EMA SHORT +12 | 4h: MACD LONG +6 | 1h: EMA SHORT +8 | 1h: MACD LONG +4,1d: середина диапазона | 4h: середина диапазона | 1h: цена у верхней границы (+7 SHORT),1d: MACD LONG +5 | 1d: RSI 44.4 neutral | 4h: MACD LONG +4 | 4h: RSI 51.4 neutral | 1h: MACD LONG +3 | 1h: RSI 60.9 neutral,Хорошая зона для SHORT (+15 SHORT),SHORT wins by 10 points
2026-06-26T06:58:21.923859+00:00,BTC/USDT,SHORT,NO TRADE,19,70.4,14,46,0,0,13,4,0,0,8,19,11,SHORT,1d: EMA SHORT +20 | 1d: MACD LONG +10 | 4h: EMA SHORT +12 | 4h: MACD SHORT +6 | 1h: EMA SHORT +8 | 1h: MACD LONG +4,1d: середина диапазона | 4h: середина диапазона | 1h: середина диапазона,1d: MACD LONG +5 | 1d: RSI 33.0 <35 LONG +5 | 4h: MACD SHORT +4 | 4h: RSI 39.8 neutral | 1h: MACD LONG +3 | 1h: RSI 51.8 neutral,Цена далеко от зоны входа,SHORT wins by 11 points
2026-06-26T06:58:22.811405+00:00,ETH/USDT,SHORT,WATCH,24,80.0,4,56,10,0,8,9,0,0,6,24,18,SHORT,1d: EMA SHORT +20 | 1d: MACD SHORT +10 | 4h: EMA SHORT +12 | 4h: MACD SHORT +6 | 1h: EMA SHORT +8 | 1h: MACD LONG +4,1d: цена у нижней границы (+10 LONG) | 4h: середина диапазона | 1h: середина диапазона,1d: MACD SHORT +5 | 1d: RSI 31.0 <35 LONG +5 | 4h: MACD SHORT +4 | 4h: RSI 35.6 neutral | 1h: MACD LONG +3 | 1h: RSI 47.1 neutral,Цена далеко от зоны входа,SHORT wins by 18 points
2026-06-26T06:58:23.593793+00:00,SOL/USDT,SHORT,WAIT,20,66.7,20,40,0,7,12,0,0,15,10,20,10,SHORT,1d: EMA SHORT +20 | 1d: MACD LONG +10 | 4h: EMA SHORT +12 | 4h: MACD LONG +6 | 1h: EMA SHORT +8 | 1h: MACD LONG +4,1d: середина диапазона | 4h: середина диапазона | 1h: цена у верхней границы (+7 SHORT),1d: MACD LONG +5 | 1d: RSI 44.9 neutral | 4h: MACD LONG +4 | 4h: RSI 52.2 neutral | 1h: MACD LONG +3 | 1h: RSI 61.7 neutral,Хорошая зона для SHORT (+15 SHORT),SHORT wins by 10 points
2026-06-26T07:03:26.997136+00:00,BTC/USDT,SHORT,NO TRADE,19,70.4,14,46,0,0,13,4,0,0,8,19,11,SHORT,1d: EMA SHORT +20 | 1d: MACD LONG +10 | 4h: EMA SHORT +12 | 4h: MACD SHORT +6 | 1h: EMA SHORT +8 | 1h: MACD LONG +4,1d: середина диапазона | 4h: середина диапазона | 1h: середина диапазона,1d: MACD LONG +5 | 1d: RSI 33.0 <35 LONG +5 | 4h: MACD SHORT +4 | 4h: RSI 39.8 neutral | 1h: MACD LONG +3 | 1h: RSI 51.7 neutral,Цена далеко от зоны входа,SHORT wins by 11 points
2026-06-26T07:03:28.009768+00:00,ETH/USDT,WAIT,NO TRADE,19,63.3,14,46,10,0,13,4,0,0,11,19,8,WAIT,1d: EMA SHORT +20 | 1d: MACD LONG +10 | 4h: EMA SHORT +12 | 4h: MACD SHORT +6 | 1h: EMA SHORT +8 | 1h: MACD LONG +4,1d: цена у нижней границы (+10 LONG) | 4h: середина диапазона | 1h: середина диапазона,1d: MACD LONG +5 | 1d: RSI 31.2 <35 LONG +5 | 4h: MACD SHORT +4 | 4h: RSI 36.1 neutral | 1h: MACD LONG +3 | 1h: RSI 47.6 neutral,Цена далеко от зоны входа,No clear directional edge.
2026-06-26T07:03:29.313815+00:00,SOL/USDT,SHORT,WAIT,20,66.7,20,40,0,7,12,0,0,15,10,20,10,SHORT,1d: EMA SHORT +20 | 1d: MACD LONG +10 | 4h: EMA SHORT +12 | 4h: MACD LONG +6 | 1h: EMA SHORT +8 | 1h: MACD LONG +4,1d: середина диапазона | 4h: середина диапазона | 1h: цена у верхней границы (+7 SHORT),1d: MACD LONG +5 | 1d: RSI 46.0 neutral | 4h: MACD LONG +4 | 4h: RSI 53.9 neutral | 1h: MACD LONG +3 | 1h: RSI 63.7 neutral,Хорошая зона для SHORT (+15 SHORT),SHORT wins by 10 points
2026-06-26T07:46:32.735018+00:00,BTC/USDT,SHORT,WAIT,21,72.4,14,46,0,0,13,4,0,15,8,21,13,SHORT,1d: EMA SHORT +20 | 1d: MACD LONG +10 | 4h: EMA SHORT +12 | 4h: MACD SHORT +6 | 1h: EMA SHORT +8 | 1h: MACD LONG +4,1d: середина диапазона | 4h: середина диапазона | 1h: середина диапазона,1d: MACD LONG +5 | 1d: RSI 34.0 <35 LONG +5 | 4h: MACD SHORT +4 | 4h: RSI 41.5 neutral | 1h: MACD LONG +3 | 1h: RSI 53.7 neutral,Хорошая зона для SHORT (+15 SHORT),SHORT wins by 13 points
2026-06-26T07:46:33.466411+00:00,ETH/USDT,SHORT,NO TRADE,19,70.4,14,46,0,0,13,4,0,0,8,19,11,SHORT,1d: EMA SHORT +20 | 1d: MACD LONG +10 | 4h: EMA SHORT +12 | 4h: MACD SHORT +6 | 1h: EMA SHORT +8 | 1h: MACD LONG +4,1d: середина диапазона | 4h: середина диапазона | 1h: середина диапазона,1d: MACD LONG +5 | 1d: RSI 32.4 <35 LONG +5 | 4h: MACD SHORT +4 | 4h: RSI 38.2 neutral | 1h: MACD LONG +3 | 1h: RSI 50.2 neutral,Цена далеко от зоны входа,SHORT wins by 11 points
2026-06-26T07:46:34.470487+00:00,SOL/USDT,SHORT,WATCH,23,69.7,20,40,0,15,12,4,0,15,10,23,13,SHORT,1d: EMA SHORT +20 | 1d: MACD LONG +10 | 4h: EMA SHORT +12 | 4h: MACD LONG +6 | 1h: EMA SHORT +8 | 1h: MACD LONG +4,1d: середина диапазона | 4h: цена у верхней границы (+8 SHORT) | 1h: цена у верхней границы (+7 SHORT),1d: MACD LONG +5 | 1d: RSI 46.9 neutral | 4h: MACD LONG +4 | 4h: RSI 55.1 neutral | 1h: MACD LONG +3 | 1h: RSI 65.1 >65 SHORT +4,Хорошая зона для SHORT (+15 SHORT),SHORT wins by 13 points
2026-06-26T08:01:41.600537+00:00,BTC/USDT,SHORT,WAIT,21,72.4,14,46,0,0,13,4,0,15,8,21,13,SHORT,1d: EMA SHORT +20 | 1d: MACD LONG +10 | 4h: EMA SHORT +12 | 4h: MACD SHORT +6 | 1h: EMA SHORT +8 | 1h: MACD LONG +4,1d: середина диапазона | 4h: середина диапазона | 1h: середина диапазона,1d: MACD LONG +5 | 1d: RSI 33.6 <35 LONG +5 | 4h: MACD SHORT +4 | 4h: RSI 41.0 neutral | 1h: MACD LONG +3 | 1h: RSI 52.9 neutral,Хорошая зона для SHORT (+15 SHORT),SHORT wins by 13 points
2026-06-26T08:01:42.461796+00:00,ETH/USDT,WAIT,NO TRADE,19,63.3,14,46,10,0,13,4,0,0,11,19,8,WAIT,1d: EMA SHORT +20 | 1d: MACD LONG +10 | 4h: EMA SHORT +12 | 4h: MACD SHORT +6 | 1h: EMA SHORT +8 | 1h: MACD LONG +4,1d: цена у нижней границы (+10 LONG) | 4h: середина диапазона | 1h: середина диапазона,1d: MACD LONG +5 | 1d: RSI 32.1 <35 LONG +5 | 4h: MACD SHORT +4 | 4h: RSI 37.8 neutral | 1h: MACD LONG +3 | 1h: RSI 49.6 neutral,Цена далеко от зоны входа,No clear directional edge.
2026-06-26T08:01:43.322504+00:00,SOL/USDT,SHORT,WAIT,22,68.8,20,40,0,15,12,0,0,15,10,22,12,SHORT,1d: EMA SHORT +20 | 1d: MACD LONG +10 | 4h: EMA SHORT +12 | 4h: MACD LONG +6 | 1h: EMA SHORT +8 | 1h: MACD LONG +4,1d: середина диапазона | 4h: цена у верхней границы (+8 SHORT) | 1h: цена у верхней границы (+7 SHORT),1d: MACD LONG +5 | 1d: RSI 46.7 neutral | 4h: MACD LONG +4 | 4h: RSI 54.8 neutral | 1h: MACD LONG +3 | 1h: RSI 64.4 neutral,Хорошая зона для SHORT (+15 SHORT),SHORT wins by 12 points
2026-06-26T08:16:51.817251+00:00,BTC/USDT,SHORT,WAIT,21,72.4,14,46,0,0,13,4,0,15,8,21,13,SHORT,1d: EMA SHORT +20 | 1d: MACD LONG +10 | 4h: EMA SHORT +12 | 4h: MACD SHORT +6 | 1h: EMA SHORT +8 | 1h: MACD LONG +4,1d: середина диапазона | 4h: середина диапазона | 1h: середина диапазона,1d: MACD LONG +5 | 1d: RSI 32.8 <35 LONG +5 | 4h: MACD SHORT +4 | 4h: RSI 40.1 neutral | 1h: MACD LONG +3 | 1h: RSI 51.2 neutral,Хорошая зона для SHORT (+15 SHORT),SHORT wins by 13 points
2026-06-26T08:16:52.567938+00:00,ETH/USDT,WAIT,NO TRADE,19,63.3,14,46,10,0,13,4,0,0,11,19,8,WAIT,1d: EMA SHORT +20 | 1d: MACD LONG +10 | 4h: EMA SHORT +12 | 4h: MACD SHORT +6 | 1h: EMA SHORT +8 | 1h: MACD LONG +4,1d: цена у нижней границы (+10 LONG) | 4h: середина диапазона | 1h: середина диапазона,1d: MACD LONG +5 | 1d: RSI 31.3 <35 LONG +5 | 4h: MACD SHORT +4 | 4h: RSI 36.9 neutral | 1h: MACD LONG +3 | 1h: RSI 47.9 neutral,Цена далеко от зоны входа,No clear directional edge.
2026-06-26T08:16:53.539685+00:00,SOL/USDT,SHORT,WAIT,20,66.7,20,40,0,7,12,0,0,15,10,20,10,SHORT,1d: EMA SHORT +20 | 1d: MACD LONG +10 | 4h: EMA SHORT +12 | 4h: MACD LONG +6 | 1h: EMA SHORT +8 | 1h: MACD LONG +4,1d: середина диапазона | 4h: середина диапазона | 1h: цена у верхней границы (+7 SHORT),1d: MACD LONG +5 | 1d: RSI 45.5 neutral | 4h: MACD LONG +4 | 4h: RSI 52.7 neutral | 1h: MACD LONG +3 | 1h: RSI 60.9 neutral,Хорошая зона для SHORT (+15 SHORT),SHORT wins by 10 points
2026-06-26T08:32:55.790417+00:00,BTC/USDT,SHORT,WAIT,21,72.4,14,46,0,0,13,4,0,15,8,21,13,SHORT,1d: EMA SHORT +20 | 1d: MACD LONG +10 | 4h: EMA SHORT +12 | 4h: MACD SHORT +6 | 1h: EMA SHORT +8 | 1h: MACD LONG +4,1d: середина диапазона | 4h: середина диапазона | 1h: середина диапазона,1d: MACD LONG +5 | 1d: RSI 32.7 <35 LONG +5 | 4h: MACD SHORT +4 | 4h: RSI 39.9 neutral | 1h: MACD LONG +3 | 1h: RSI 50.8 neutral,Хорошая зона для SHORT (+15 SHORT),SHORT wins by 13 points
2026-06-26T08:32:57.840227+00:00,ETH/USDT,SHORT,WATCH,24,80.0,4,56,10,0,8,9,0,0,6,24,18,SHORT,1d: EMA SHORT +20 | 1d: MACD SHORT +10 | 4h: EMA SHORT +12 | 4h: MACD SHORT +6 | 1h: EMA SHORT +8 | 1h: MACD LONG +4,1d: цена у нижней границы (+10 LONG) | 4h: середина диапазона | 1h: середина диапазона,1d: MACD SHORT +5 | 1d: RSI 30.9 <35 LONG +5 | 4h: MACD SHORT +4 | 4h: RSI 36.5 neutral | 1h: MACD LONG +3 | 1h: RSI 47.1 neutral,Цена далеко от зоны входа,SHORT wins by 18 points
2026-06-26T08:49:20.828275+00:00,BTC/USDT,SHORT,NO TRADE,19,70.4,14,46,0,0,13,4,0,0,8,19,11,SHORT,1d: EMA SHORT +20 | 1d: MACD LONG +10 | 4h: EMA SHORT +12 | 4h: MACD SHORT +6 | 1h: EMA SHORT +8 | 1h: MACD LONG +4,1d: середина диапазона | 4h: середина диапазона | 1h: середина диапазона,1d: MACD LONG +5 | 1d: RSI 32.4 <35 LONG +5 | 4h: MACD SHORT +4 | 4h: RSI 39.5 neutral | 1h: MACD LONG +3 | 1h: RSI 50.2 neutral,Цена далеко от зоны входа,SHORT wins by 11 points
2026-06-26T08:49:21.830406+00:00,ETH/USDT,SHORT,WATCH,24,80.0,4,56,10,0,8,9,0,0,6,24,18,SHORT,1d: EMA SHORT +20 | 1d: MACD SHORT +10 | 4h: EMA SHORT +12 | 4h: MACD SHORT +6 | 1h: EMA SHORT +8 | 1h: MACD LONG +4,1d: цена у нижней границы (+10 LONG) | 4h: середина диапазона | 1h: середина диапазона,1d: MACD SHORT +5 | 1d: RSI 30.5 <35 LONG +5 | 4h: MACD SHORT +4 | 4h: RSI 35.9 neutral | 1h: MACD LONG +3 | 1h: RSI 46.1 neutral,Цена далеко от зоны входа,SHORT wins by 18 points
2026-06-26T08:49:22.903000+00:00,SOL/USDT,SHORT,WAIT,20,66.7,20,40,0,7,12,0,0,15,10,20,10,SHORT,1d: EMA SHORT +20 | 1d: MACD LONG +10 | 4h: EMA SHORT +12 | 4h: MACD LONG +6 | 1h: EMA SHORT +8 | 1h: MACD LONG +4,1d: середина диапазона | 4h: середина диапазона | 1h: цена у верхней границы (+7 SHORT),1d: MACD LONG +5 | 1d: RSI 44.9 neutral | 4h: MACD LONG +4 | 4h: RSI 51.7 neutral | 1h: MACD LONG +3 | 1h: RSI 59.3 neutral,Хорошая зона для SHORT (+15 SHORT),SHORT wins by 10 points
2026-06-26T09:04:28.525904+00:00,BTC/USDT,SHORT,WAIT,21,72.4,14,46,0,0,13,4,0,15,8,21,13,SHORT,1d: EMA SHORT +20 | 1d: MACD LONG +10 | 4h: EMA SHORT +12 | 4h: MACD SHORT +6 | 1h: EMA SHORT +8 | 1h: MACD LONG +4,1d: середина диапазона | 4h: середина диапазона | 1h: середина диапазона,1d: MACD LONG +5 | 1d: RSI 32.0 <35 LONG +5 | 4h: MACD SHORT +4 | 4h: RSI 39.0 neutral | 1h: MACD LONG +3 | 1h: RSI 49.2 neutral,Хорошая зона для SHORT (+15 SHORT),SHORT wins by 13 points
2026-06-26T09:04:29.398452+00:00,ETH/USDT,SHORT,WATCH,24,80.0,4,56,10,0,8,9,0,0,6,24,18,SHORT,1d: EMA SHORT +20 | 1d: MACD SHORT +10 | 4h: EMA SHORT +12 | 4h: MACD SHORT +6 | 1h: EMA SHORT +8 | 1h: MACD LONG +4,1d: цена у нижней границы (+10 LONG) | 4h: середина диапазона | 1h: середина диапазона,1d: MACD SHORT +5 | 1d: RSI 30.1 <35 LONG +5 | 4h: MACD SHORT +4 | 4h: RSI 35.2 neutral | 1h: MACD LONG +3 | 1h: RSI 44.5 neutral,Цена далеко от зоны входа,SHORT wins by 18 points
2026-06-26T09:04:30.249520+00:00,SOL/USDT,WAIT,NO TRADE,17,54.8,28,32,0,7,12,0,0,15,14,17,3,WAIT,1d: EMA SHORT +20 | 1d: MACD LONG +10 | 4h: EMA SHORT +12 | 4h: MACD LONG +6 | 1h: EMA LONG +8 | 1h: MACD LONG +4,1d: середина диапазона | 4h: середина диапазона | 1h: цена у верхней границы (+7 SHORT),1d: MACD LONG +5 | 1d: RSI 44.6 neutral | 4h: MACD LONG +4 | 4h: RSI 51.3 neutral | 1h: MACD LONG +3 | 1h: RSI 58.5 neutral,Хорошая зона для SHORT (+15 SHORT),No clear directional edge.
2026-06-26T09:19:35.151220+00:00,BTC/USDT,SHORT,WAIT,21,72.4,14,46,0,0,13,4,0,15,8,21,13,SHORT,1d: EMA SHORT +20 | 1d: MACD LONG +10 | 4h: EMA SHORT +12 | 4h: MACD SHORT +6 | 1h: EMA SHORT +8 | 1h: MACD LONG +4,1d: середина диапазона | 4h: середина диапазона | 1h: середина диапазона,1d: MACD LONG +5 | 1d: RSI 32.0 <35 LONG +5 | 4h: MACD SHORT +4 | 4h: RSI 39.1 neutral | 1h: MACD LONG +3 | 1h: RSI 49.3 neutral,Хорошая зона для SHORT (+15 SHORT),SHORT wins by 13 points
2026-06-26T09:19:36.238188+00:00,ETH/USDT,SHORT,WATCH,24,80.0,4,56,10,0,8,9,0,0,6,24,18,SHORT,1d: EMA SHORT +20 | 1d: MACD SHORT +10 | 4h: EMA SHORT +12 | 4h: MACD SHORT +6 | 1h: EMA SHORT +8 | 1h: MACD LONG +4,1d: цена у нижней границы (+10 LONG) | 4h: середина диапазона | 1h: середина диапазона,1d: MACD SHORT +5 | 1d: RSI 30.1 <35 LONG +5 | 4h: MACD SHORT +4 | 4h: RSI 35.3 neutral | 1h: MACD LONG +3 | 1h: RSI 44.7 neutral,Цена далеко от зоны входа,SHORT wins by 18 points
2026-06-26T09:19:37.529694+00:00,SOL/USDT,WAIT,NO TRADE,17,54.8,28,32,0,7,12,0,0,15,14,17,3,WAIT,1d: EMA SHORT +20 | 1d: MACD LONG +10 | 4h: EMA SHORT +12 | 4h: MACD LONG +6 | 1h: EMA LONG +8 | 1h: MACD LONG +4,1d: середина диапазона | 4h: середина диапазона | 1h: цена у верхней границы (+7 SHORT),1d: MACD LONG +5 | 1d: RSI 44.7 neutral | 4h: MACD LONG +4 | 4h: RSI 51.5 neutral | 1h: MACD LONG +3 | 1h: RSI 58.8 neutral,Хорошая зона для SHORT (+15 SHORT),No clear directional edge.
2026-06-26T09:34:41.988119+00:00,BTC/USDT,SHORT,WAIT,21,72.4,14,46,0,0,13,4,0,15,8,21,13,SHORT,1d: EMA SHORT +20 | 1d: MACD LONG +10 | 4h: EMA SHORT +12 | 4h: MACD SHORT +6 | 1h: EMA SHORT +8 | 1h: MACD LONG +4,1d: середина диапазона | 4h: середина диапазона | 1h: середина диапазона,1d: MACD LONG +5 | 1d: RSI 31.9 <35 LONG +5 | 4h: MACD SHORT +4 | 4h: RSI 38.9 neutral | 1h: MACD LONG +3 | 1h: RSI 49.1 neutral,Хорошая зона для SHORT (+15 SHORT),SHORT wins by 13 points
2026-06-26T09:34:43.047447+00:00,ETH/USDT,SHORT,WATCH,24,80.0,4,56,10,0,8,9,0,0,6,24,18,SHORT,1d: EMA SHORT +20 | 1d: MACD SHORT +10 | 4h: EMA SHORT +12 | 4h: MACD SHORT +6 | 1h: EMA SHORT +8 | 1h: MACD LONG +4,1d: цена у нижней границы (+10 LONG) | 4h: середина диапазона | 1h: середина диапазона,1d: MACD SHORT +5 | 1d: RSI 30.2 <35 LONG +5 | 4h: MACD SHORT +4 | 4h: RSI 35.4 neutral | 1h: MACD LONG +3 | 1h: RSI 45.0 neutral,Цена далеко от зоны входа,SHORT wins by 18 points
2026-06-26T09:34:43.918541+00:00,SOL/USDT,WAIT,NO TRADE,17,54.8,28,32,0,7,12,0,0,15,14,17,3,WAIT,1d: EMA SHORT +20 | 1d: MACD LONG +10 | 4h: EMA SHORT +12 | 4h: MACD LONG +6 | 1h: EMA LONG +8 | 1h: MACD LONG +4,1d: середина диапазона | 4h: середина диапазона | 1h: цена у верхней границы (+7 SHORT),1d: MACD LONG +5 | 1d: RSI 44.7 neutral | 4h: MACD LONG +4 | 4h: RSI 51.4 neutral | 1h: MACD LONG +3 | 1h: RSI 58.7 neutral,Хорошая зона для SHORT (+15 SHORT),No clear directional edge.
2026-06-26T09:49:49.031408+00:00,BTC/USDT,SHORT,WATCH,24,80.0,4,56,10,0,8,9,0,0,6,24,18,SHORT,1d: EMA SHORT +20 | 1d: MACD SHORT +10 | 4h: EMA SHORT +12 | 4h: MACD SHORT +6 | 1h: EMA SHORT +8 | 1h: MACD LONG +4,1d: цена у нижней границы (+10 LONG) | 4h: середина диапазона | 1h: середина диапазона,1d: MACD SHORT +5 | 1d: RSI 30.6 <35 LONG +5 | 4h: MACD SHORT +4 | 4h: RSI 37.6 neutral | 1h: MACD LONG +3 | 1h: RSI 46.7 neutral,Цена далеко от зоны входа,SHORT wins by 18 points
2026-06-26T09:49:50.265408+00:00,ETH/USDT,SHORT,WATCH,24,80.0,4,56,10,0,12,9,0,0,6,24,18,SHORT,1d: EMA SHORT +20 | 1d: MACD SHORT +10 | 4h: EMA SHORT +12 | 4h: MACD SHORT +6 | 1h: EMA SHORT +8 | 1h: MACD LONG +4,1d: цена у нижней границы (+10 LONG) | 4h: середина диапазона | 1h: середина диапазона,1d: MACD SHORT +5 | 1d: RSI 29.9 <35 LONG +5 | 4h: MACD SHORT +4 | 4h: RSI 34.6 <35 LONG +4 | 1h: MACD LONG +3 | 1h: RSI 43.4 neutral,Цена далеко от зоны входа,SHORT wins by 18 points
2026-06-26T09:49:51.308944+00:00,SOL/USDT,WAIT,NO TRADE,18,64.3,20,40,0,0,12,0,0,15,10,18,8,WAIT,1d: EMA SHORT +20 | 1d: MACD LONG +10 | 4h: EMA SHORT +12 | 4h: MACD LONG +6 | 1h: EMA SHORT +8 | 1h: MACD LONG +4,1d: середина диапазона | 4h: середина диапазона | 1h: середина диапазона,1d: MACD LONG +5 | 1d: RSI 43.3 neutral | 4h: MACD LONG +4 | 4h: RSI 49.5 neutral | 1h: MACD LONG +3 | 1h: RSI 55.4 neutral,Хорошая зона для SHORT (+15 SHORT),No clear directional edge.
2026-06-26T10:04:57.245675+00:00,BTC/USDT,SHORT,WATCH,24,80.0,4,56,10,0,8,9,0,0,6,24,18,SHORT,1d: EMA SHORT +20 | 1d: MACD SHORT +10 | 4h: EMA SHORT +12 | 4h: MACD SHORT +6 | 1h: EMA SHORT +8 | 1h: MACD LONG +4,1d: цена у нижней границы (+10 LONG) | 4h: середина диапазона | 1h: середина диапазона,1d: MACD SHORT +5 | 1d: RSI 30.4 <35 LONG +5 | 4h: MACD SHORT +4 | 4h: RSI 37.2 neutral | 1h: MACD LONG +3 | 1h: RSI 45.9 neutral,Цена далеко от зоны входа,SHORT wins by 18 points
2026-06-26T10:04:58.015942+00:00,ETH/USDT,SHORT,WATCH,24,75.0,4,56,18,0,12,9,0,0,8,24,16,SHORT,1d: EMA SHORT +20 | 1d: MACD SHORT +10 | 4h: EMA SHORT +12 | 4h: MACD SHORT +6 | 1h: EMA SHORT +8 | 1h: MACD LONG +4,1d: цена у нижней границы (+10 LONG) | 4h: цена у нижней границы (+8 LONG) | 1h: середина диапазона,1d: MACD SHORT +5 | 1d: RSI 29.6 <35 LONG +5 | 4h: MACD SHORT +4 | 4h: RSI 34.1 <35 LONG +4 | 1h: MACD LONG +3 | 1h: RSI 42.4 neutral,Цена далеко от зоны входа,SHORT wins by 16 points
2026-06-26T10:04:58.969244+00:00,SOL/USDT,WAIT,NO TRADE,15,51.7,28,32,0,0,12,0,0,15,14,15,1,WAIT,1d: EMA SHORT +20 | 1d: MACD LONG +10 | 4h: EMA SHORT +12 | 4h: MACD LONG +6 | 1h: EMA LONG +8 | 1h: MACD LONG +4,1d: середина диапазона | 4h: середина диапазона | 1h: середина диапазона,1d: MACD LONG +5 | 1d: RSI 43.2 neutral | 4h: MACD LONG +4 | 4h: RSI 49.3 neutral | 1h: MACD LONG +3 | 1h: RSI 55.0 neutral,Хорошая зона для SHORT (+15 SHORT),No clear directional edge.
2026-06-26T10:20:06.445043+00:00,BTC/USDT,SHORT,WATCH,24,80.0,4,56,10,0,8,9,0,0,6,24,18,SHORT,1d: EMA SHORT +20 | 1d: MACD SHORT +10 | 4h: EMA SHORT +12 | 4h: MACD SHORT +6 | 1h: EMA SHORT +8 | 1h: MACD LONG +4,1d: цена у нижней границы (+10 LONG) | 4h: середина диапазона | 1h: середина диапазона,1d: MACD SHORT +5 | 1d: RSI 30.5 <35 LONG +5 | 4h: MACD SHORT +4 | 4h: RSI 37.4 neutral | 1h: MACD LONG +3 | 1h: RSI 46.4 neutral,Цена далеко от зоны входа,SHORT wins by 18 points
2026-06-26T10:20:07.419407+00:00,ETH/USDT,SHORT,WATCH,24,75.0,4,56,18,0,12,9,0,0,8,24,16,SHORT,1d: EMA SHORT +20 | 1d: MACD SHORT +10 | 4h: EMA SHORT +12 | 4h: MACD SHORT +6 | 1h: EMA SHORT +8 | 1h: MACD LONG +4,1d: цена у нижней границы (+10 LONG) | 4h: цена у нижней границы (+8 LONG) | 1h: середина диапазона,1d: MACD SHORT +5 | 1d: RSI 29.7 <35 LONG +5 | 4h: MACD SHORT +4 | 4h: RSI 34.2 <35 LONG +4 | 1h: MACD LONG +3 | 1h: RSI 42.8 neutral,Цена далеко от зоны входа,SHORT wins by 16 points
2026-06-26T10:20:08.182432+00:00,SOL/USDT,WAIT,NO TRADE,15,51.7,28,32,0,0,12,0,0,15,14,15,1,WAIT,1d: EMA SHORT +20 | 1d: MACD LONG +10 | 4h: EMA SHORT +12 | 4h: MACD LONG +6 | 1h: EMA LONG +8 | 1h: MACD LONG +4,1d: середина диапазона | 4h: середина диапазона | 1h: середина диапазона,1d: MACD LONG +5 | 1d: RSI 43.1 neutral | 4h: MACD LONG +4 | 4h: RSI 49.1 neutral | 1h: MACD LONG +3 | 1h: RSI 54.7 neutral,Хорошая зона для SHORT (+15 SHORT),No clear directional edge.
2026-06-26T10:48:11.927531+00:00,BTC/USDT,SHORT,WATCH,24,80.0,4,56,10,0,8,9,0,0,6,24,18,SHORT,1d: EMA SHORT +20 | 1d: MACD SHORT +10 | 4h: EMA SHORT +12 | 4h: MACD SHORT +6 | 1h: EMA SHORT +8 | 1h: MACD LONG +4 |  | === Trend Summary === | 1d: EMA=BEARISH | MACD=BEARISH | EMA20=63785.24 | EMA50=67842.72 | MACD=-2342.0808 | Signal=-2300.7790 | 4h: EMA=BEARISH | MACD=BEARISH | EMA20=61151.64 | EMA50=62439.20 | MACD=-985.5971 | Signal=-879.8139 | 1h: EMA=BEARISH | MACD=BULLISH | EMA20=59953.40 | EMA50=60590.99 | MACD=-196.6363 | Signal=-266.1536,1d: цена у нижней границы (+10 LONG) | 4h: середина диапазона | 1h: середина диапазона,1d: MACD SHORT +5 | 1d: RSI 29.8 <35 LONG +5 | 4h: MACD SHORT +4 | 4h: RSI 35.7 neutral | 1h: MACD LONG +3 | 1h: RSI 43.2 neutral,Цена далеко от зоны входа,SHORT wins by 18 points
2026-06-26T10:48:13.390121+00:00,ETH/USDT,SHORT,WATCH,24,75.0,4,56,18,0,12,9,0,0,8,24,16,SHORT,1d: EMA SHORT +20 | 1d: MACD SHORT +10 | 4h: EMA SHORT +12 | 4h: MACD SHORT +6 | 1h: EMA SHORT +8 | 1h: MACD LONG +4 |  | === Trend Summary === | 1d: EMA=BEARISH | MACD=BEARISH | EMA20=1708.36 | EMA50=1865.19 | MACD=-79.9649 | Signal=-78.4455 | 4h: EMA=BEARISH | MACD=BEARISH | EMA20=1619.19 | EMA50=1666.06 | MACD=-38.7099 | Signal=-32.7197 | 1h: EMA=BEARISH | MACD=BULLISH | EMA20=1568.68 | EMA50=1597.95 | MACD=-13.2720 | Signal=-15.2798,1d: цена у нижней границы (+10 LONG) | 4h: цена у нижней границы (+8 LONG) | 1h: середина диапазона,1d: MACD SHORT +5 | 1d: RSI 29.4 <35 LONG +5 | 4h: MACD SHORT +4 | 4h: RSI 33.6 <35 LONG +4 | 1h: MACD LONG +3 | 1h: RSI 41.4 neutral,Цена далеко от зоны входа,SHORT wins by 16 points
2026-06-26T10:48:14.717175+00:00,SOL/USDT,WAIT,NO TRADE,16,61.5,20,40,0,0,12,0,0,0,10,16,6,WAIT,1d: EMA SHORT +20 | 1d: MACD LONG +10 | 4h: EMA SHORT +12 | 4h: MACD LONG +6 | 1h: EMA SHORT +8 | 1h: MACD LONG +4 |  | === Trend Summary === | 1d: EMA=BEARISH | MACD=BULLISH | EMA20=70.87 | EMA50=75.51 | MACD=-1.8997 | Signal=-2.2467 | 4h: EMA=BEARISH | MACD=BULLISH | EMA20=68.93 | EMA50=69.87 | MACD=-0.6975 | Signal=-0.9192 | 1h: EMA=BEARISH | MACD=BULLISH | EMA20=68.30 | EMA50=68.31 | MACD=0.4728 | Signal=0.2209,1d: середина диапазона | 4h: середина диапазона | 1h: середина диапазона,1d: MACD LONG +5 | 1d: RSI 42.3 neutral | 4h: MACD LONG +4 | 4h: RSI 48.2 neutral | 1h: MACD LONG +3 | 1h: RSI 53.1 neutral,Цена далеко от зоны входа,No clear directional edge.
2026-06-26T10:49:58.613022+00:00,BTC/USDT,SHORT,WATCH,24,80.0,4,56,10,0,8,9,0,0,6,24,18,SHORT,1d: EMA SHORT +20 | 1d: MACD SHORT +10 | 4h: EMA SHORT +12 | 4h: MACD SHORT +6 | 1h: EMA SHORT +8 | 1h: MACD LONG +4 |  | === Trend Summary === | 1d: EMA=BEARISH | MACD=BEARISH | EMA20=63790.74 | EMA50=67844.99 | MACD=-2337.4779 | Signal=-2299.8584 | 4h: EMA=BEARISH | MACD=BEARISH | EMA20=61157.87 | EMA50=62441.77 | MACD=-980.3721 | Signal=-878.7689 | 1h: EMA=BEARISH | MACD=BULLISH | EMA20=59959.64 | EMA50=60593.56 | MACD=-191.4112 | Signal=-265.1086,1d: цена у нижней границы (+10 LONG) | 4h: середина диапазона | 1h: середина диапазона,1d: MACD SHORT +5 | 1d: RSI 29.9 <35 LONG +5 | 4h: MACD SHORT +4 | 4h: RSI 36.0 neutral | 1h: MACD LONG +3 | 1h: RSI 43.7 neutral,Цена далеко от зоны входа,SHORT wins by 18 points
2026-06-26T10:49:59.448019+00:00,ETH/USDT,SHORT,WATCH,24,75.0,4,56,18,0,12,9,0,0,8,24,16,SHORT,1d: EMA SHORT +20 | 1d: MACD SHORT +10 | 4h: EMA SHORT +12 | 4h: MACD SHORT +6 | 1h: EMA SHORT +8 | 1h: MACD LONG +4 |  | === Trend Summary === | 1d: EMA=BEARISH | MACD=BEARISH | EMA20=1708.56 | EMA50=1865.28 | MACD=-79.7998 | Signal=-78.4125 | 4h: EMA=BEARISH | MACD=BEARISH | EMA20=1619.38 | EMA50=1666.14 | MACD=-38.5471 | Signal=-32.6872 | 1h: EMA=BEARISH | MACD=BULLISH | EMA20=1568.84 | EMA50=1598.02 | MACD=-13.1372 | Signal=-15.2529,1d: цена у нижней границы (+10 LONG) | 4h: цена у нижней границы (+8 LONG) | 1h: середина диапазона,1d: MACD SHORT +5 | 1d: RSI 29.5 <35 LONG +5 | 4h: MACD SHORT +4 | 4h: RSI 33.8 <35 LONG +4 | 1h: MACD LONG +3 | 1h: RSI 41.8 neutral,Цена далеко от зоны входа,SHORT wins by 16 points
2026-06-26T10:50:00.287129+00:00,SOL/USDT,WAIT,NO TRADE,14,51.9,28,32,0,0,12,0,0,0,14,13,1,WAIT,1d: EMA SHORT +20 | 1d: MACD LONG +10 | 4h: EMA SHORT +12 | 4h: MACD LONG +6 | 1h: EMA LONG +8 | 1h: MACD LONG +4 |  | === Trend Summary === | 1d: EMA=BEARISH | MACD=BULLISH | EMA20=70.88 | EMA50=75.52 | MACD=-1.8918 | Signal=-2.2451 | 4h: EMA=BEARISH | MACD=BULLISH | EMA20=68.94 | EMA50=69.87 | MACD=-0.6895 | Signal=-0.9176 | 1h: EMA=BULLISH | MACD=BULLISH | EMA20=68.31 | EMA50=68.31 | MACD=0.4808 | Signal=0.2225,1d: середина диапазона | 4h: середина диапазона | 1h: середина диапазона,1d: MACD LONG +5 | 1d: RSI 42.5 neutral | 4h: MACD LONG +4 | 4h: RSI 48.5 neutral | 1h: MACD LONG +3 | 1h: RSI 53.6 neutral,Цена далеко от зоны входа,No clear directional edge.
2026-06-26T10:55:02.969958+00:00,BTC/USDT,SHORT,WATCH,24,80.0,4,56,10,0,8,9,0,0,6,24,18,SHORT,1d: EMA SHORT +20 | 1d: MACD SHORT +10 | 4h: EMA SHORT +12 | 4h: MACD SHORT +6 | 1h: EMA SHORT +8 | 1h: MACD LONG +4 |  | === Trend Summary === | 1d: EMA=BEARISH | MACD=BEARISH | EMA20=63782.76 | EMA50=67841.70 | MACD=-2344.1549 | Signal=-2301.1938 | 4h: EMA=BEARISH | MACD=BEARISH | EMA20=61149.90 | EMA50=62438.49 | MACD=-987.0490 | Signal=-880.1043 | 1h: EMA=BEARISH | MACD=BULLISH | EMA20=59951.67 | EMA50=60590.27 | MACD=-198.0882 | Signal=-266.4440,1d: цена у нижней границы (+10 LONG) | 4h: середина диапазона | 1h: середина диапазона,1d: MACD SHORT +5 | 1d: RSI 29.7 <35 LONG +5 | 4h: MACD SHORT +4 | 4h: RSI 35.6 neutral | 1h: MACD LONG +3 | 1h: RSI 43.0 neutral,Цена далеко от зоны входа,SHORT wins by 18 points
2026-06-26T10:55:03.745708+00:00,ETH/USDT,SHORT,WATCH,24,75.0,4,56,18,0,12,9,0,0,8,24,16,SHORT,1d: EMA SHORT +20 | 1d: MACD SHORT +10 | 4h: EMA SHORT +12 | 4h: MACD SHORT +6 | 1h: EMA SHORT +8 | 1h: MACD LONG +4 |  | === Trend Summary === | 1d: EMA=BEARISH | MACD=BEARISH | EMA20=1708.45 | EMA50=1865.23 | MACD=-79.8931 | Signal=-78.4311 | 4h: EMA=BEARISH | MACD=BEARISH | EMA20=1619.27 | EMA50=1666.09 | MACD=-38.6405 | Signal=-32.7058 | 1h: EMA=BEARISH | MACD=BULLISH | EMA20=1568.76 | EMA50=1597.99 | MACD=-13.2026 | Signal=-15.2659,1d: цена у нижней границы (+10 LONG) | 4h: цена у нижней границы (+8 LONG) | 1h: середина диапазона,1d: MACD SHORT +5 | 1d: RSI 29.4 <35 LONG +5 | 4h: MACD SHORT +4 | 4h: RSI 33.7 <35 LONG +4 | 1h: MACD LONG +3 | 1h: RSI 41.6 neutral,Цена далеко от зоны входа,SHORT wins by 16 points
2026-06-26T10:55:04.723235+00:00,SOL/USDT,WAIT,NO TRADE,16,61.5,20,40,0,0,12,0,0,0,10,16,6,WAIT,1d: EMA SHORT +20 | 1d: MACD LONG +10 | 4h: EMA SHORT +12 | 4h: MACD LONG +6 | 1h: EMA SHORT +8 | 1h: MACD LONG +4 |  | === Trend Summary === | 1d: EMA=BEARISH | MACD=BULLISH | EMA20=70.87 | EMA50=75.51 | MACD=-1.8989 | Signal=-2.2465 | 4h: EMA=BEARISH | MACD=BULLISH | EMA20=68.93 | EMA50=69.87 | MACD=-0.6967 | Signal=-0.9191 | 1h: EMA=BEARISH | MACD=BULLISH | EMA20=68.30 | EMA50=68.31 | MACD=0.4736 | Signal=0.2211,1d: середина диапазона | 4h: середина диапазона | 1h: середина диапазона,1d: MACD LONG +5 | 1d: RSI 42.3 neutral | 4h: MACD LONG +4 | 4h: RSI 48.2 neutral | 1h: MACD LONG +3 | 1h: RSI 53.1 neutral,Цена далеко от зоны входа,No clear directional edge.
2026-06-26T11:00:08.109331+00:00,BTC/USDT,SHORT,WATCH,24,75.0,4,56,18,0,8,9,0,0,8,24,16,SHORT,1d: EMA SHORT +20 | 1d: MACD SHORT +10 | 4h: EMA SHORT +12 | 4h: MACD SHORT +6 | 1h: EMA SHORT +8 | 1h: MACD LONG +4 |  | === Trend Summary === | 1d: EMA=BEARISH | MACD=BEARISH | EMA20=63776.14 | EMA50=67838.97 | MACD=-2349.7070 | Signal=-2302.3043 | 4h: EMA=BEARISH | MACD=BEARISH | EMA20=61143.27 | EMA50=62435.76 | MACD=-992.6011 | Signal=-881.2147 | 1h: EMA=BEARISH | MACD=BULLISH | EMA20=59885.55 | EMA50=60537.75 | MACD=-231.0941 | Signal=-260.0619,1d: цена у нижней границы (+10 LONG) | 4h: цена у нижней границы (+8 LONG) | 1h: середина диапазона,1d: MACD SHORT +5 | 1d: RSI 29.6 <35 LONG +5 | 4h: MACD SHORT +4 | 4h: RSI 35.3 neutral | 1h: MACD LONG +3 | 1h: RSI 42.5 neutral,Цена далеко от зоны входа,SHORT wins by 16 points
2026-06-26T11:00:08.980914+00:00,ETH/USDT,SHORT,WATCH,24,75.0,4,56,18,0,12,9,0,0,8,24,16,SHORT,1d: EMA SHORT +20 | 1d: MACD SHORT +10 | 4h: EMA SHORT +12 | 4h: MACD SHORT +6 | 1h: EMA SHORT +8 | 1h: MACD LONG +4 |  | === Trend Summary === | 1d: EMA=BEARISH | MACD=BEARISH | EMA20=1708.38 | EMA50=1865.20 | MACD=-79.9466 | Signal=-78.4418 | 4h: EMA=BEARISH | MACD=BEARISH | EMA20=1619.21 | EMA50=1666.07 | MACD=-38.6891 | Signal=-32.7156 | 1h: EMA=BEARISH | MACD=BULLISH | EMA20=1566.77 | EMA50=1596.01 | MACD=-13.3238 | Signal=-14.8787,1d: цена у нижней границы (+10 LONG) | 4h: цена у нижней границы (+8 LONG) | 1h: середина диапазона,1d: MACD SHORT +5 | 1d: RSI 29.4 <35 LONG +5 | 4h: MACD SHORT +4 | 4h: RSI 33.6 <35 LONG +4 | 1h: MACD LONG +3 | 1h: RSI 41.4 neutral,Цена далеко от зоны входа,SHORT wins by 16 points
2026-06-26T11:00:10.337904+00:00,SOL/USDT,WAIT,NO TRADE,14,51.9,28,32,0,0,12,0,0,0,14,13,1,WAIT,1d: EMA SHORT +20 | 1d: MACD LONG +10 | 4h: EMA SHORT +12 | 4h: MACD LONG +6 | 1h: EMA LONG +8 | 1h: MACD LONG +4 |  | === Trend Summary === | 1d: EMA=BEARISH | MACD=BULLISH | EMA20=70.87 | EMA50=75.51 | MACD=-1.8958 | Signal=-2.2459 | 4h: EMA=BEARISH | MACD=BULLISH | EMA20=68.94 | EMA50=69.87 | MACD=-0.6935 | Signal=-0.9184 | 1h: EMA=BULLISH | MACD=BULLISH | EMA20=68.35 | EMA50=68.33 | MACD=0.4500 | Signal=0.2671,1d: середина диапазона | 4h: середина диапазона | 1h: середина диапазона,1d: MACD LONG +5 | 1d: RSI 42.4 neutral | 4h: MACD LONG +4 | 4h: RSI 48.3 neutral | 1h: MACD LONG +3 | 1h: RSI 53.3 neutral,Цена далеко от зоны входа,No clear directional edge.
2026-06-26T11:05:14.970434+00:00,BTC/USDT,SHORT,WATCH,24,80.0,4,56,10,0,8,9,0,0,6,24,18,SHORT,1d: EMA SHORT +20 | 1d: MACD SHORT +10 | 4h: EMA SHORT +12 | 4h: MACD SHORT +6 | 1h: EMA SHORT +8 | 1h: MACD LONG +4 |  | === Trend Summary === | 1d: EMA=BEARISH | MACD=BEARISH | EMA20=63799.47 | EMA50=67848.58 | MACD=-2330.1628 | Signal=-2298.3954 | 4h: EMA=BEARISH | MACD=BEARISH | EMA20=61166.61 | EMA50=62445.37 | MACD=-973.0570 | Signal=-877.3059 | 1h: EMA=BEARISH | MACD=BULLISH | EMA20=59909.38 | EMA50=60547.56 | MACD=-211.1352 | Signal=-256.0701,1d: цена у нижней границы (+10 LONG) | 4h: середина диапазона | 1h: середина диапазона,1d: MACD SHORT +5 | 1d: RSI 30.1 <35 LONG +5 | 4h: MACD SHORT +4 | 4h: RSI 36.4 neutral | 1h: MACD LONG +3 | 1h: RSI 45.1 neutral,Цена далеко от зоны входа,SHORT wins by 18 points
2026-06-26T11:05:16.527544+00:00,ETH/USDT,SHORT,WATCH,24,75.0,4,56,18,0,12,9,0,0,8,24,16,SHORT,1d: EMA SHORT +20 | 1d: MACD SHORT +10 | 4h: EMA SHORT +12 | 4h: MACD SHORT +6 | 1h: EMA SHORT +8 | 1h: MACD LONG +4 |  | === Trend Summary === | 1d: EMA=BEARISH | MACD=BEARISH | EMA20=1709.02 | EMA50=1865.47 | MACD=-79.4081 | Signal=-78.3341 | 4h: EMA=BEARISH | MACD=BEARISH | EMA20=1619.85 | EMA50=1666.33 | MACD=-38.1554 | Signal=-32.6088 | 1h: EMA=BEARISH | MACD=BULLISH | EMA20=1567.40 | EMA50=1596.28 | MACD=-12.7901 | Signal=-14.7719,1d: цена у нижней границы (+10 LONG) | 4h: цена у нижней границы (+8 LONG) | 1h: середина диапазона,1d: MACD SHORT +5 | 1d: RSI 29.8 <35 LONG +5 | 4h: MACD SHORT +4 | 4h: RSI 34.4 <35 LONG +4 | 1h: MACD LONG +3 | 1h: RSI 43.7 neutral,Цена далеко от зоны входа,SHORT wins by 16 points
2026-06-26T11:05:18.088849+00:00,SOL/USDT,WAIT,NO TRADE,14,51.9,28,32,0,0,12,0,0,0,14,13,1,WAIT,1d: EMA SHORT +20 | 1d: MACD LONG +10 | 4h: EMA SHORT +12 | 4h: MACD LONG +6 | 1h: EMA LONG +8 | 1h: MACD LONG +4 |  | === Trend Summary === | 1d: EMA=BEARISH | MACD=BULLISH | EMA20=70.89 | EMA50=75.52 | MACD=-1.8790 | Signal=-2.2426 | 4h: EMA=BEARISH | MACD=BULLISH | EMA20=68.96 | EMA50=69.88 | MACD=-0.6767 | Signal=-0.9151 | 1h: EMA=BULLISH | MACD=BULLISH | EMA20=68.37 | EMA50=68.34 | MACD=0.4667 | Signal=0.2705,1d: середина диапазона | 4h: середина диапазона | 1h: середина диапазона,1d: MACD LONG +5 | 1d: RSI 42.9 neutral | 4h: MACD LONG +4 | 4h: RSI 49.0 neutral | 1h: MACD LONG +3 | 1h: RSI 54.4 neutral,Цена далеко от зоны входа,No clear directional edge.
2026-06-26T11:10:21.558194+00:00,BTC/USDT,SHORT,WATCH,24,80.0,4,56,10,0,8,9,0,0,6,24,18,SHORT,1d: EMA SHORT +20 | 1d: MACD SHORT +10 | 4h: EMA SHORT +12 | 4h: MACD SHORT +6 | 1h: EMA SHORT +8 | 1h: MACD LONG +4 |  | === Trend Summary === | 1d: EMA=BEARISH | MACD=BEARISH | EMA20=63788.60 | EMA50=67844.11 | MACD=-2339.2648 | Signal=-2300.2158 | 4h: EMA=BEARISH | MACD=BEARISH | EMA20=61155.74 | EMA50=62440.89 | MACD=-982.1590 | Signal=-879.1263 | 1h: EMA=BEARISH | MACD=BULLISH | EMA20=59897.94 | EMA50=60542.85 | MACD=-220.7158 | Signal=-257.9862,1d: цена у нижней границы (+10 LONG) | 4h: середина диапазона | 1h: середина диапазона,1d: MACD SHORT +5 | 1d: RSI 29.8 <35 LONG +5 | 4h: MACD SHORT +4 | 4h: RSI 35.9 neutral | 1h: MACD LONG +3 | 1h: RSI 43.9 neutral,Цена далеко от зоны входа,SHORT wins by 18 points
2026-06-26T11:10:22.555056+00:00,ETH/USDT,SHORT,WATCH,24,75.0,4,56,18,0,12,9,0,0,8,24,16,SHORT,1d: EMA SHORT +20 | 1d: MACD SHORT +10 | 4h: EMA SHORT +12 | 4h: MACD SHORT +6 | 1h: EMA SHORT +8 | 1h: MACD LONG +4 |  | === Trend Summary === | 1d: EMA=BEARISH | MACD=BEARISH | EMA20=1708.65 | EMA50=1865.31 | MACD=-79.7224 | Signal=-78.3970 | 4h: EMA=BEARISH | MACD=BEARISH | EMA20=1619.48 | EMA50=1666.18 | MACD=-38.4697 | Signal=-32.6717 | 1h: EMA=BEARISH | MACD=BULLISH | EMA20=1567.03 | EMA50=1596.12 | MACD=-13.1044 | Signal=-14.8348,1d: цена у нижней границы (+10 LONG) | 4h: цена у нижней границы (+8 LONG) | 1h: середина диапазона,1d: MACD SHORT +5 | 1d: RSI 29.5 <35 LONG +5 | 4h: MACD SHORT +4 | 4h: RSI 33.9 <35 LONG +4 | 1h: MACD LONG +3 | 1h: RSI 42.4 neutral,Цена далеко от зоны входа,SHORT wins by 16 points
2026-06-26T11:10:23.543299+00:00,SOL/USDT,WAIT,NO TRADE,14,51.9,28,32,0,0,12,0,0,0,14,13,1,WAIT,1d: EMA SHORT +20 | 1d: MACD LONG +10 | 4h: EMA SHORT +12 | 4h: MACD LONG +6 | 1h: EMA LONG +8 | 1h: MACD LONG +4 |  | === Trend Summary === | 1d: EMA=BEARISH | MACD=BULLISH | EMA20=70.87 | EMA50=75.51 | MACD=-1.9021 | Signal=-2.2472 | 4h: EMA=BEARISH | MACD=BULLISH | EMA20=68.93 | EMA50=69.86 | MACD=-0.6999 | Signal=-0.9197 | 1h: EMA=BULLISH | MACD=BULLISH | EMA20=68.34 | EMA50=68.32 | MACD=0.4436 | Signal=0.2658,1d: середина диапазона | 4h: середина диапазона | 1h: середина диапазона,1d: MACD LONG +5 | 1d: RSI 42.2 neutral | 4h: MACD LONG +4 | 4h: RSI 48.1 neutral | 1h: MACD LONG +3 | 1h: RSI 52.9 neutral,Цена далеко от зоны входа,No clear directional edge.
2026-06-26T11:15:27.155091+00:00,BTC/USDT,SHORT,WATCH,24,80.0,4,56,10,0,8,9,0,0,6,24,18,SHORT,1d: EMA SHORT +20 | 1d: MACD SHORT +10 | 4h: EMA SHORT +12 | 4h: MACD SHORT +6 | 1h: EMA SHORT +8 | 1h: MACD LONG +4 |  | === Trend Summary === | 1d: EMA=BEARISH | MACD=BEARISH | EMA20=63789.49 | EMA50=67844.47 | MACD=-2338.5230 | Signal=-2300.0674 | 4h: EMA=BEARISH | MACD=BEARISH | EMA20=61156.63 | EMA50=62441.26 | MACD=-981.4171 | Signal=-878.9779 | 1h: EMA=BEARISH | MACD=BULLISH | EMA20=59898.83 | EMA50=60543.22 | MACD=-219.9739 | Signal=-257.8378,1d: цена у нижней границы (+10 LONG) | 4h: середина диапазона | 1h: середина диапазона,1d: MACD SHORT +5 | 1d: RSI 29.8 <35 LONG +5 | 4h: MACD SHORT +4 | 4h: RSI 36.0 neutral | 1h: MACD LONG +3 | 1h: RSI 44.0 neutral,Цена далеко от зоны входа,SHORT wins by 18 points
2026-06-26T11:15:28.104837+00:00,ETH/USDT,SHORT,WATCH,24,75.0,4,56,18,0,12,9,0,0,8,24,16,SHORT,1d: EMA SHORT +20 | 1d: MACD SHORT +10 | 4h: EMA SHORT +12 | 4h: MACD SHORT +6 | 1h: EMA SHORT +8 | 1h: MACD LONG +4 |  | === Trend Summary === | 1d: EMA=BEARISH | MACD=BEARISH | EMA20=1708.57 | EMA50=1865.28 | MACD=-79.7886 | Signal=-78.4102 | 4h: EMA=BEARISH | MACD=BEARISH | EMA20=1619.36 | EMA50=1666.13 | MACD=-38.5695 | Signal=-32.6916 | 1h: EMA=BEARISH | MACD=BULLISH | EMA20=1566.91 | EMA50=1596.07 | MACD=-13.2041 | Signal=-14.8547,1d: цена у нижней границы (+10 LONG) | 4h: цена у нижней границы (+8 LONG) | 1h: середина диапазона,1d: MACD SHORT +5 | 1d: RSI 29.5 <35 LONG +5 | 4h: MACD SHORT +4 | 4h: RSI 33.8 <35 LONG +4 | 1h: MACD LONG +3 | 1h: RSI 41.9 neutral,Цена далеко от зоны входа,SHORT wins by 16 points
2026-06-26T11:15:29.095095+00:00,SOL/USDT,WAIT,NO TRADE,14,51.9,28,32,0,0,12,0,0,0,14,13,1,WAIT,1d: EMA SHORT +20 | 1d: MACD LONG +10 | 4h: EMA SHORT +12 | 4h: MACD LONG +6 | 1h: EMA LONG +8 | 1h: MACD LONG +4 |  | === Trend Summary === | 1d: EMA=BEARISH | MACD=BULLISH | EMA20=70.86 | EMA50=75.51 | MACD=-1.9029 | Signal=-2.2473 | 4h: EMA=BEARISH | MACD=BULLISH | EMA20=68.93 | EMA50=69.86 | MACD=-0.7007 | Signal=-0.9199 | 1h: EMA=BULLISH | MACD=BULLISH | EMA20=68.34 | EMA50=68.32 | MACD=0.4428 | Signal=0.2657,1d: середина диапазона | 4h: середина диапазона | 1h: середина диапазона,1d: MACD LONG +5 | 1d: RSI 42.2 neutral | 4h: MACD LONG +4 | 4h: RSI 48.0 neutral | 1h: MACD LONG +3 | 1h: RSI 52.8 neutral,Цена далеко от зоны входа,No clear directional edge.
2026-06-26T11:20:31.892284+00:00,BTC/USDT,SHORT,WATCH,24,80.0,4,56,10,0,8,9,0,0,6,24,18,SHORT,1d: EMA SHORT +20 | 1d: MACD SHORT +10 | 4h: EMA SHORT +12 | 4h: MACD SHORT +6 | 1h: EMA SHORT +8 | 1h: MACD LONG +4 |  | === Trend Summary === | 1d: EMA=BEARISH | MACD=BEARISH | EMA20=63787.19 | EMA50=67843.53 | MACD=-2340.4455 | Signal=-2300.4519 | 4h: EMA=BEARISH | MACD=BEARISH | EMA20=61154.33 | EMA50=62440.31 | MACD=-983.3396 | Signal=-879.3624 | 1h: EMA=BEARISH | MACD=BULLISH | EMA20=59896.53 | EMA50=60542.27 | MACD=-221.8964 | Signal=-258.2223,1d: цена у нижней границы (+10 LONG) | 4h: середина диапазона | 1h: середина диапазона,1d: MACD SHORT +5 | 1d: RSI 29.8 <35 LONG +5 | 4h: MACD SHORT +4 | 4h: RSI 35.9 neutral | 1h: MACD LONG +3 | 1h: RSI 43.7 neutral,Цена далеко от зоны входа,SHORT wins by 18 points
2026-06-26T11:20:33.129432+00:00,ETH/USDT,SHORT,WATCH,24,75.0,4,56,18,0,12,9,0,0,8,24,16,SHORT,1d: EMA SHORT +20 | 1d: MACD SHORT +10 | 4h: EMA SHORT +12 | 4h: MACD SHORT +6 | 1h: EMA SHORT +8 | 1h: MACD LONG +4 |  | === Trend Summary === | 1d: EMA=BEARISH | MACD=BEARISH | EMA20=1708.33 | EMA50=1865.18 | MACD=-79.9936 | Signal=-78.4512 | 4h: EMA=BEARISH | MACD=BEARISH | EMA20=1619.15 | EMA50=1666.04 | MACD=-38.7410 | Signal=-32.7259 | 1h: EMA=BEARISH | MACD=BULLISH | EMA20=1566.71 | EMA50=1595.99 | MACD=-13.3757 | Signal=-14.8890,1d: цена у нижней границы (+10 LONG) | 4h: цена у нижней границы (+8 LONG) | 1h: середина диапазона,1d: MACD SHORT +5 | 1d: RSI 29.3 <35 LONG +5 | 4h: MACD SHORT +4 | 4h: RSI 33.5 <35 LONG +4 | 1h: MACD LONG +3 | 1h: RSI 41.3 neutral,Цена далеко от зоны входа,SHORT wins by 16 points
2026-06-26T11:20:34.107754+00:00,SOL/USDT,WAIT,NO TRADE,14,51.9,28,32,0,0,12,0,0,0,14,13,1,WAIT,1d: EMA SHORT +20 | 1d: MACD LONG +10 | 4h: EMA SHORT +12 | 4h: MACD LONG +6 | 1h: EMA LONG +8 | 1h: MACD LONG +4 |  | === Trend Summary === | 1d: EMA=BEARISH | MACD=BULLISH | EMA20=70.86 | EMA50=75.51 | MACD=-1.9061 | Signal=-2.2480 | 4h: EMA=BEARISH | MACD=BULLISH | EMA20=68.92 | EMA50=69.86 | MACD=-0.7039 | Signal=-0.9205 | 1h: EMA=BULLISH | MACD=BULLISH | EMA20=68.34 | EMA50=68.32 | MACD=0.4396 | Signal=0.2650,1d: середина диапазона | 4h: середина диапазона | 1h: середина диапазона,1d: MACD LONG +5 | 1d: RSI 42.1 neutral | 4h: MACD LONG +4 | 4h: RSI 47.9 neutral | 1h: MACD LONG +3 | 1h: RSI 52.6 neutral,Цена далеко от зоны входа,No clear directional edge.
2026-06-26T11:25:37.543409+00:00,BTC/USDT,SHORT,WATCH,24,80.0,4,56,10,0,8,9,0,0,6,24,18,SHORT,1d: EMA SHORT +20 | 1d: MACD SHORT +10 | 4h: EMA SHORT +12 | 4h: MACD SHORT +6 | 1h: EMA SHORT +8 | 1h: MACD LONG +4 |  | === Trend Summary === | 1d: EMA=BEARISH | MACD=BEARISH | EMA20=63792.51 | EMA50=67845.71 | MACD=-2335.9942 | Signal=-2299.5617 | 4h: EMA=BEARISH | MACD=BEARISH | EMA20=61159.65 | EMA50=62442.50 | MACD=-978.8883 | Signal=-878.4722 | 1h: EMA=BEARISH | MACD=BULLISH | EMA20=59901.85 | EMA50=60544.46 | MACD=-217.4451 | Signal=-257.3321,1d: цена у нижней границы (+10 LONG) | 4h: середина диапазона | 1h: середина диапазона,1d: MACD SHORT +5 | 1d: RSI 29.9 <35 LONG +5 | 4h: MACD SHORT +4 | 4h: RSI 36.1 neutral | 1h: MACD LONG +3 | 1h: RSI 44.3 neutral,Цена далеко от зоны входа,SHORT wins by 18 points
2026-06-26T11:25:38.466563+00:00,ETH/USDT,SHORT,WATCH,24,75.0,4,56,18,0,12,9,0,0,8,24,16,SHORT,1d: EMA SHORT +20 | 1d: MACD SHORT +10 | 4h: EMA SHORT +12 | 4h: MACD SHORT +6 | 1h: EMA SHORT +8 | 1h: MACD LONG +4 |  | === Trend Summary === | 1d: EMA=BEARISH | MACD=BEARISH | EMA20=1708.50 | EMA50=1865.25 | MACD=-79.8500 | Signal=-78.4225 | 4h: EMA=BEARISH | MACD=BEARISH | EMA20=1619.32 | EMA50=1666.11 | MACD=-38.5974 | Signal=-32.6972 | 1h: EMA=BEARISH | MACD=BULLISH | EMA20=1566.88 | EMA50=1596.06 | MACD=-13.2329 | Signal=-14.8605,1d: цена у нижней границы (+10 LONG) | 4h: цена у нижней границы (+8 LONG) | 1h: середина диапазона,1d: MACD SHORT +5 | 1d: RSI 29.4 <35 LONG +5 | 4h: MACD SHORT +4 | 4h: RSI 33.7 <35 LONG +4 | 1h: MACD LONG +3 | 1h: RSI 41.8 neutral,Цена далеко от зоны входа,SHORT wins by 16 points
2026-06-26T11:25:39.290805+00:00,SOL/USDT,WAIT,NO TRADE,14,51.9,28,32,0,0,12,0,0,0,14,13,1,WAIT,1d: EMA SHORT +20 | 1d: MACD LONG +10 | 4h: EMA SHORT +12 | 4h: MACD LONG +6 | 1h: EMA LONG +8 | 1h: MACD LONG +4 |  | === Trend Summary === | 1d: EMA=BEARISH | MACD=BULLISH | EMA20=70.87 | EMA50=75.51 | MACD=-1.8989 | Signal=-2.2465 | 4h: EMA=BEARISH | MACD=BULLISH | EMA20=68.93 | EMA50=69.87 | MACD=-0.6967 | Signal=-0.9191 | 1h: EMA=BULLISH | MACD=BULLISH | EMA20=68.35 | EMA50=68.33 | MACD=0.4468 | Signal=0.2665,1d: середина диапазона | 4h: середина диапазона | 1h: середина диапазона,1d: MACD LONG +5 | 1d: RSI 42.3 neutral | 4h: MACD LONG +4 | 4h: RSI 48.2 neutral | 1h: MACD LONG +3 | 1h: RSI 53.1 neutral,Цена далеко от зоны входа,No clear directional edge.
2026-06-26T11:30:42.771531+00:00,BTC/USDT,SHORT,WATCH,24,80.0,4,56,10,0,8,9,0,0,6,24,18,SHORT,1d: EMA SHORT +20 | 1d: MACD SHORT +10 | 4h: EMA SHORT +12 | 4h: MACD SHORT +6 | 1h: EMA SHORT +8 | 1h: MACD LONG +4 |  | === Trend Summary === | 1d: EMA=BEARISH | MACD=BEARISH | EMA20=63790.26 | EMA50=67844.79 | MACD=-2337.8768 | Signal=-2299.9382 | 4h: EMA=BEARISH | MACD=BEARISH | EMA20=61157.40 | EMA50=62441.58 | MACD=-980.7709 | Signal=-878.8487 | 1h: EMA=BEARISH | MACD=BULLISH | EMA20=59899.60 | EMA50=60543.53 | MACD=-219.3278 | Signal=-257.7086,1d: цена у нижней границы (+10 LONG) | 4h: середина диапазона | 1h: середина диапазона,1d: MACD SHORT +5 | 1d: RSI 29.9 <35 LONG +5 | 4h: MACD SHORT +4 | 4h: RSI 36.0 neutral | 1h: MACD LONG +3 | 1h: RSI 44.1 neutral,Цена далеко от зоны входа,SHORT wins by 18 points
2026-06-26T11:30:43.654805+00:00,ETH/USDT,SHORT,WATCH,24,75.0,4,56,18,0,12,9,0,0,8,24,16,SHORT,1d: EMA SHORT +20 | 1d: MACD SHORT +10 | 4h: EMA SHORT +12 | 4h: MACD SHORT +6 | 1h: EMA SHORT +8 | 1h: MACD LONG +4 |  | === Trend Summary === | 1d: EMA=BEARISH | MACD=BEARISH | EMA20=1708.35 | EMA50=1865.19 | MACD=-79.9761 | Signal=-78.4477 | 4h: EMA=BEARISH | MACD=BEARISH | EMA20=1619.17 | EMA50=1666.05 | MACD=-38.7234 | Signal=-32.7224 | 1h: EMA=BEARISH | MACD=BULLISH | EMA20=1566.73 | EMA50=1596.00 | MACD=-13.3581 | Signal=-14.8855,1d: цена у нижней границы (+10 LONG) | 4h: цена у нижней границы (+8 LONG) | 1h: середина диапазона,1d: MACD SHORT +5 | 1d: RSI 29.4 <35 LONG +5 | 4h: MACD SHORT +4 | 4h: RSI 33.6 <35 LONG +4 | 1h: MACD LONG +3 | 1h: RSI 41.3 neutral,Цена далеко от зоны входа,SHORT wins by 16 points
2026-06-26T11:30:44.630360+00:00,SOL/USDT,WAIT,NO TRADE,14,51.9,28,32,0,0,12,0,0,0,14,13,1,WAIT,1d: EMA SHORT +20 | 1d: MACD LONG +10 | 4h: EMA SHORT +12 | 4h: MACD LONG +6 | 1h: EMA LONG +8 | 1h: MACD LONG +4 |  | === Trend Summary === | 1d: EMA=BEARISH | MACD=BULLISH | EMA20=70.86 | EMA50=75.51 | MACD=-1.9093 | Signal=-2.2486 | 4h: EMA=BEARISH | MACD=BULLISH | EMA20=68.92 | EMA50=69.86 | MACD=-0.7071 | Signal=-0.9211 | 1h: EMA=BULLISH | MACD=BULLISH | EMA20=68.33 | EMA50=68.32 | MACD=0.4364 | Signal=0.2644,1d: середина диапазона | 4h: середина диапазона | 1h: середина диапазона,1d: MACD LONG +5 | 1d: RSI 42.0 neutral | 4h: MACD LONG +4 | 4h: RSI 47.8 neutral | 1h: MACD LONG +3 | 1h: RSI 52.4 neutral,Цена далеко от зоны входа,No clear directional edge.
2026-06-26T11:35:48.080550+00:00,BTC/USDT,SHORT,WATCH,24,80.0,4,56,10,0,8,9,0,0,6,24,18,SHORT,1d: EMA SHORT +20 | 1d: MACD SHORT +10 | 4h: EMA SHORT +12 | 4h: MACD SHORT +6 | 1h: EMA SHORT +8 | 1h: MACD LONG +4 |  | === Trend Summary === | 1d: EMA=BEARISH | MACD=BEARISH | EMA20=63792.93 | EMA50=67845.89 | MACD=-2335.6432 | Signal=-2299.4915 | 4h: EMA=BEARISH | MACD=BEARISH | EMA20=61160.06 | EMA50=62442.67 | MACD=-978.5373 | Signal=-878.4020 | 1h: EMA=BEARISH | MACD=BULLISH | EMA20=59902.27 | EMA50=60544.63 | MACD=-217.0941 | Signal=-257.2619,1d: цена у нижней границы (+10 LONG) | 4h: середина диапазона | 1h: середина диапазона,1d: MACD SHORT +5 | 1d: RSI 29.9 <35 LONG +5 | 4h: MACD SHORT +4 | 4h: RSI 36.1 neutral | 1h: MACD LONG +3 | 1h: RSI 44.4 neutral,Цена далеко от зоны входа,SHORT wins by 18 points
2026-06-26T11:35:48.970230+00:00,ETH/USDT,SHORT,WATCH,24,75.0,4,56,18,0,12,9,0,0,8,24,16,SHORT,1d: EMA SHORT +20 | 1d: MACD SHORT +10 | 4h: EMA SHORT +12 | 4h: MACD SHORT +6 | 1h: EMA SHORT +8 | 1h: MACD LONG +4 |  | === Trend Summary === | 1d: EMA=BEARISH | MACD=BEARISH | EMA20=1708.41 | EMA50=1865.22 | MACD=-79.9218 | Signal=-78.4369 | 4h: EMA=BEARISH | MACD=BEARISH | EMA20=1619.25 | EMA50=1666.08 | MACD=-38.6604 | Signal=-32.7098 | 1h: EMA=BEARISH | MACD=BULLISH | EMA20=1566.80 | EMA50=1596.03 | MACD=-13.2951 | Signal=-14.8729,1d: цена у нижней границы (+10 LONG) | 4h: цена у нижней границы (+8 LONG) | 1h: середина диапазона,1d: MACD SHORT +5 | 1d: RSI 29.4 <35 LONG +5 | 4h: MACD SHORT +4 | 4h: RSI 33.6 <35 LONG +4 | 1h: MACD LONG +3 | 1h: RSI 41.5 neutral,Цена далеко от зоны входа,SHORT wins by 16 points
2026-06-26T11:35:49.952356+00:00,SOL/USDT,WAIT,NO TRADE,14,51.9,28,32,0,0,12,0,0,0,14,13,1,WAIT,1d: EMA SHORT +20 | 1d: MACD LONG +10 | 4h: EMA SHORT +12 | 4h: MACD LONG +6 | 1h: EMA LONG +8 | 1h: MACD LONG +4 |  | === Trend Summary === | 1d: EMA=BEARISH | MACD=BULLISH | EMA20=70.87 | EMA50=75.51 | MACD=-1.9021 | Signal=-2.2472 | 4h: EMA=BEARISH | MACD=BULLISH | EMA20=68.93 | EMA50=69.86 | MACD=-0.6999 | Signal=-0.9197 | 1h: EMA=BULLISH | MACD=BULLISH | EMA20=68.34 | EMA50=68.32 | MACD=0.4436 | Signal=0.2658,1d: середина диапазона | 4h: середина диапазона | 1h: середина диапазона,1d: MACD LONG +5 | 1d: RSI 42.2 neutral | 4h: MACD LONG +4 | 4h: RSI 48.1 neutral | 1h: MACD LONG +3 | 1h: RSI 52.9 neutral,Цена далеко от зоны входа,No clear directional edge.
2026-06-26T11:40:53.357911+00:00,BTC/USDT,SHORT,WATCH,24,80.0,4,56,10,0,8,9,0,0,6,24,18,SHORT,1d: EMA SHORT +20 | 1d: MACD SHORT +10 | 4h: EMA SHORT +12 | 4h: MACD SHORT +6 | 1h: EMA SHORT +8 | 1h: MACD LONG +4 |  | === Trend Summary === | 1d: EMA=BEARISH | MACD=BEARISH | EMA20=63790.21 | EMA50=67844.77 | MACD=-2337.9167 | Signal=-2299.9462 | 4h: EMA=BEARISH | MACD=BEARISH | EMA20=61157.35 | EMA50=62441.56 | MACD=-980.8108 | Signal=-878.8567 | 1h: EMA=BEARISH | MACD=BULLISH | EMA20=59899.55 | EMA50=60543.51 | MACD=-219.3676 | Signal=-257.7166,1d: цена у нижней границы (+10 LONG) | 4h: середина диапазона | 1h: середина диапазона,1d: MACD SHORT +5 | 1d: RSI 29.9 <35 LONG +5 | 4h: MACD SHORT +4 | 4h: RSI 36.0 neutral | 1h: MACD LONG +3 | 1h: RSI 44.1 neutral,Цена далеко от зоны входа,SHORT wins by 18 points
2026-06-26T11:40:54.248895+00:00,ETH/USDT,SHORT,WATCH,24,75.0,4,56,18,0,12,9,0,0,8,24,16,SHORT,1d: EMA SHORT +20 | 1d: MACD SHORT +10 | 4h: EMA SHORT +12 | 4h: MACD SHORT +6 | 1h: EMA SHORT +8 | 1h: MACD LONG +4 |  | === Trend Summary === | 1d: EMA=BEARISH | MACD=BEARISH | EMA20=1708.39 | EMA50=1865.21 | MACD=-79.9418 | Signal=-78.4409 | 4h: EMA=BEARISH | MACD=BEARISH | EMA20=1619.21 | EMA50=1666.07 | MACD=-38.6891 | Signal=-32.7156 | 1h: EMA=BEARISH | MACD=BULLISH | EMA20=1566.77 | EMA50=1596.01 | MACD=-13.3238 | Signal=-14.8787,1d: цена у нижней границы (+10 LONG) | 4h: цена у нижней границы (+8 LONG) | 1h: середина диапазона,1d: MACD SHORT +5 | 1d: RSI 29.4 <35 LONG +5 | 4h: MACD SHORT +4 | 4h: RSI 33.6 <35 LONG +4 | 1h: MACD LONG +3 | 1h: RSI 41.4 neutral,Цена далеко от зоны входа,SHORT wins by 16 points
2026-06-26T11:40:55.227381+00:00,SOL/USDT,WAIT,NO TRADE,14,51.9,28,32,0,0,12,0,0,0,14,13,1,WAIT,1d: EMA SHORT +20 | 1d: MACD LONG +10 | 4h: EMA SHORT +12 | 4h: MACD LONG +6 | 1h: EMA LONG +8 | 1h: MACD LONG +4 |  | === Trend Summary === | 1d: EMA=BEARISH | MACD=BULLISH | EMA20=70.87 | EMA50=75.51 | MACD=-1.8997 | Signal=-2.2467 | 4h: EMA=BEARISH | MACD=BULLISH | EMA20=68.93 | EMA50=69.87 | MACD=-0.6975 | Signal=-0.9192 | 1h: EMA=BULLISH | MACD=BULLISH | EMA20=68.35 | EMA50=68.33 | MACD=0.4460 | Signal=0.2663,1d: середина диапазона | 4h: середина диапазона | 1h: середина диапазона,1d: MACD LONG +5 | 1d: RSI 42.3 neutral | 4h: MACD LONG +4 | 4h: RSI 48.2 neutral | 1h: MACD LONG +3 | 1h: RSI 53.1 neutral,Цена далеко от зоны входа,No clear directional edge.
2026-06-26T11:45:59.108161+00:00,BTC/USDT,SHORT,WATCH,24,80.0,4,56,10,0,8,9,0,0,6,24,18,SHORT,1d: EMA SHORT +20 | 1d: MACD SHORT +10 | 4h: EMA SHORT +12 | 4h: MACD SHORT +6 | 1h: EMA SHORT +8 | 1h: MACD LONG +4 |  | === Trend Summary === | 1d: EMA=BEARISH | MACD=BEARISH | EMA20=63786.14 | EMA50=67843.09 | MACD=-2341.3309 | Signal=-2300.6290 | 4h: EMA=BEARISH | MACD=BEARISH | EMA20=61153.26 | EMA50=62439.87 | MACD=-984.2410 | Signal=-879.5427 | 1h: EMA=BEARISH | MACD=BULLISH | EMA20=59895.46 | EMA50=60541.83 | MACD=-222.7978 | Signal=-258.4026,1d: цена у нижней границы (+10 LONG) | 4h: середина диапазона | 1h: середина диапазона,1d: MACD SHORT +5 | 1d: RSI 29.8 <35 LONG +5 | 4h: MACD SHORT +4 | 4h: RSI 35.8 neutral | 1h: MACD LONG +3 | 1h: RSI 43.6 neutral,Цена далеко от зоны входа,SHORT wins by 18 points
2026-06-26T11:46:00.035258+00:00,ETH/USDT,SHORT,WATCH,24,75.0,4,56,18,0,12,9,0,0,8,24,16,SHORT,1d: EMA SHORT +20 | 1d: MACD SHORT +10 | 4h: EMA SHORT +12 | 4h: MACD SHORT +6 | 1h: EMA SHORT +8 | 1h: MACD LONG +4 |  | === Trend Summary === | 1d: EMA=BEARISH | MACD=BEARISH | EMA20=1708.25 | EMA50=1865.15 | MACD=-80.0575 | Signal=-78.4640 | 4h: EMA=BEARISH | MACD=BEARISH | EMA20=1619.09 | EMA50=1666.02 | MACD=-38.7920 | Signal=-32.7361 | 1h: EMA=BEARISH | MACD=BULLISH | EMA20=1566.64 | EMA50=1595.96 | MACD=-13.4267 | Signal=-14.8992,1d: цена у нижней границы (+10 LONG) | 4h: цена у нижней границы (+8 LONG) | 1h: середина диапазона,1d: MACD SHORT +5 | 1d: RSI 29.3 <35 LONG +5 | 4h: MACD SHORT +4 | 4h: RSI 33.5 <35 LONG +4 | 1h: MACD LONG +3 | 1h: RSI 41.1 neutral,Цена далеко от зоны входа,SHORT wins by 16 points
2026-06-26T11:46:02.136002+00:00,SOL/USDT,WAIT,NO TRADE,14,51.9,28,32,0,0,12,0,0,0,14,13,1,WAIT,1d: EMA SHORT +20 | 1d: MACD LONG +10 | 4h: EMA SHORT +12 | 4h: MACD LONG +6 | 1h: EMA LONG +8 | 1h: MACD LONG +4 |  | === Trend Summary === | 1d: EMA=BEARISH | MACD=BULLISH | EMA20=70.86 | EMA50=75.51 | MACD=-1.9085 | Signal=-2.2485 | 4h: EMA=BEARISH | MACD=BULLISH | EMA20=68.92 | EMA50=69.86 | MACD=-0.7063 | Signal=-0.9210 | 1h: EMA=BULLISH | MACD=BULLISH | EMA20=68.34 | EMA50=68.32 | MACD=0.4372 | Signal=0.2646,1d: середина диапазона | 4h: середина диапазона | 1h: середина диапазона,1d: MACD LONG +5 | 1d: RSI 42.0 neutral | 4h: MACD LONG +4 | 4h: RSI 47.8 neutral | 1h: MACD LONG +3 | 1h: RSI 52.4 neutral,Цена далеко от зоны входа,No clear directional edge.
2026-06-26T11:51:05.841943+00:00,BTC/USDT,SHORT,WATCH,24,80.0,4,56,10,0,8,9,0,0,6,24,18,SHORT,1d: EMA SHORT +20 | 1d: MACD SHORT +10 | 4h: EMA SHORT +12 | 4h: MACD SHORT +6 | 1h: EMA SHORT +8 | 1h: MACD LONG +4 |  | === Trend Summary === | 1d: EMA=BEARISH | MACD=BEARISH | EMA20=63783.95 | EMA50=67842.19 | MACD=-2343.1577 | Signal=-2300.9944 | 4h: EMA=BEARISH | MACD=BEARISH | EMA20=61151.08 | EMA50=62438.98 | MACD=-986.0598 | Signal=-879.9065 | 1h: EMA=BEARISH | MACD=BULLISH | EMA20=59893.28 | EMA50=60540.93 | MACD=-224.6167 | Signal=-258.7664,1d: цена у нижней границы (+10 LONG) | 4h: середина диапазона | 1h: середина диапазона,1d: MACD SHORT +5 | 1d: RSI 29.7 <35 LONG +5 | 4h: MACD SHORT +4 | 4h: RSI 35.7 neutral | 1h: MACD LONG +3 | 1h: RSI 43.4 neutral,Цена далеко от зоны входа,SHORT wins by 18 points
2026-06-26T11:51:06.839522+00:00,ETH/USDT,SHORT,WATCH,24,75.0,4,56,18,0,12,9,0,0,8,24,16,SHORT,1d: EMA SHORT +20 | 1d: MACD SHORT +10 | 4h: EMA SHORT +12 | 4h: MACD SHORT +6 | 1h: EMA SHORT +8 | 1h: MACD LONG +4 |  | === Trend Summary === | 1d: EMA=BEARISH | MACD=BEARISH | EMA20=1707.93 | EMA50=1865.02 | MACD=-80.3231 | Signal=-78.5171 | 4h: EMA=BEARISH | MACD=BEARISH | EMA20=1618.76 | EMA50=1665.88 | MACD=-39.0704 | Signal=-32.7918 | 1h: EMA=BEARISH | MACD=BULLISH | EMA20=1566.31 | EMA50=1595.83 | MACD=-13.7051 | Signal=-14.9549,1d: цена у нижней границы (+10 LONG) | 4h: цена у нижней границы (+8 LONG) | 1h: середина диапазона,1d: MACD SHORT +5 | 1d: RSI 29.1 <35 LONG +5 | 4h: MACD SHORT +4 | 4h: RSI 33.1 <35 LONG +4 | 1h: MACD LONG +3 | 1h: RSI 40.3 neutral,Цена далеко от зоны входа,SHORT wins by 16 points
2026-06-26T11:51:08.079882+00:00,SOL/USDT,WAIT,NO TRADE,14,51.9,28,32,0,0,12,0,0,0,14,13,1,WAIT,1d: EMA SHORT +20 | 1d: MACD LONG +10 | 4h: EMA SHORT +12 | 4h: MACD LONG +6 | 1h: EMA LONG +8 | 1h: MACD LONG +4 |  | === Trend Summary === | 1d: EMA=BEARISH | MACD=BULLISH | EMA20=70.85 | EMA50=75.50 | MACD=-1.9149 | Signal=-2.2497 | 4h: EMA=BEARISH | MACD=BULLISH | EMA20=68.91 | EMA50=69.86 | MACD=-0.7126 | Signal=-0.9222 | 1h: EMA=BULLISH | MACD=BULLISH | EMA20=68.33 | EMA50=68.32 | MACD=0.4300 | Signal=0.2631,1d: середина диапазона | 4h: середина диапазона | 1h: середина диапазона,1d: MACD LONG +5 | 1d: RSI 41.8 neutral | 4h: MACD LONG +4 | 4h: RSI 47.6 neutral | 1h: MACD LONG +3 | 1h: RSI 51.9 neutral,Цена далеко от зоны входа,No clear directional edge.
2026-06-26T11:56:11.623464+00:00,BTC/USDT,SHORT,WATCH,24,80.0,4,56,10,0,8,9,0,0,6,24,18,SHORT,1d: EMA SHORT +20 | 1d: MACD SHORT +10 | 4h: EMA SHORT +12 | 4h: MACD SHORT +6 | 1h: EMA SHORT +8 | 1h: MACD LONG +4 |  | === Trend Summary === | 1d: EMA=BEARISH | MACD=BEARISH | EMA20=63782.92 | EMA50=67841.77 | MACD=-2344.0272 | Signal=-2301.1683 | 4h: EMA=BEARISH | MACD=BEARISH | EMA20=61150.06 | EMA50=62438.55 | MACD=-986.9214 | Signal=-880.0788 | 1h: EMA=BEARISH | MACD=BULLISH | EMA20=59892.26 | EMA50=60540.51 | MACD=-225.4782 | Signal=-258.9387,1d: цена у нижней границы (+10 LONG) | 4h: середина диапазона | 1h: середина диапазона,1d: MACD SHORT +5 | 1d: RSI 29.7 <35 LONG +5 | 4h: MACD SHORT +4 | 4h: RSI 35.7 neutral | 1h: MACD LONG +3 | 1h: RSI 43.2 neutral,Цена далеко от зоны входа,SHORT wins by 18 points
2026-06-26T11:56:12.834035+00:00,ETH/USDT,SHORT,WATCH,24,75.0,4,56,18,0,12,9,0,0,8,24,16,SHORT,1d: EMA SHORT +20 | 1d: MACD SHORT +10 | 4h: EMA SHORT +12 | 4h: MACD SHORT +6 | 1h: EMA SHORT +8 | 1h: MACD LONG +4 |  | === Trend Summary === | 1d: EMA=BEARISH | MACD=BEARISH | EMA20=1708.01 | EMA50=1865.05 | MACD=-80.2585 | Signal=-78.5042 | 4h: EMA=BEARISH | MACD=BEARISH | EMA20=1618.84 | EMA50=1665.91 | MACD=-39.0058 | Signal=-32.7789 | 1h: EMA=BEARISH | MACD=BULLISH | EMA20=1566.39 | EMA50=1595.86 | MACD=-13.6405 | Signal=-14.9420,1d: цена у нижней границы (+10 LONG) | 4h: цена у нижней границы (+8 LONG) | 1h: середина диапазона,1d: MACD SHORT +5 | 1d: RSI 29.2 <35 LONG +5 | 4h: MACD SHORT +4 | 4h: RSI 33.1 <35 LONG +4 | 1h: MACD LONG +3 | 1h: RSI 40.4 neutral,Цена далеко от зоны входа,SHORT wins by 16 points
2026-06-26T11:56:13.741380+00:00,SOL/USDT,WAIT,NO TRADE,14,51.9,28,32,0,0,12,0,0,0,14,13,1,WAIT,1d: EMA SHORT +20 | 1d: MACD LONG +10 | 4h: EMA SHORT +12 | 4h: MACD LONG +6 | 1h: EMA LONG +8 | 1h: MACD LONG +4 |  | === Trend Summary === | 1d: EMA=BEARISH | MACD=BULLISH | EMA20=70.85 | EMA50=75.50 | MACD=-1.9157 | Signal=-2.2499 | 4h: EMA=BEARISH | MACD=BULLISH | EMA20=68.91 | EMA50=69.86 | MACD=-0.7126 | Signal=-0.9222 | 1h: EMA=BULLISH | MACD=BULLISH | EMA20=68.33 | EMA50=68.32 | MACD=0.4308 | Signal=0.2633,1d: середина диапазона | 4h: середина диапазона | 1h: середина диапазона,1d: MACD LONG +5 | 1d: RSI 41.8 neutral | 4h: MACD LONG +4 | 4h: RSI 47.6 neutral | 1h: MACD LONG +3 | 1h: RSI 52.0 neutral,Цена далеко от зоны входа,No clear directional edge.
2026-06-26T12:01:17.862103+00:00,BTC/USDT,SHORT,WATCH,24,80.0,4,56,10,0,8,9,0,0,6,24,18,SHORT,1d: EMA SHORT +20 | 1d: MACD SHORT +10 | 4h: EMA SHORT +12 | 4h: MACD SHORT +6 | 1h: EMA SHORT +8 | 1h: MACD LONG +4 |  | === Trend Summary === | 1d: EMA=BEARISH | MACD=BEARISH | EMA20=63789.94 | EMA50=67844.66 | MACD=-2338.1480 | Signal=-2299.9925 | 4h: EMA=BEARISH | MACD=BEARISH | EMA20=60991.10 | EMA50=62322.83 | MACD=-997.9558 | Signal=-903.1476 | 1h: EMA=BEARISH | MACD=BULLISH | EMA20=59853.09 | EMA50=60499.09 | MACD=-233.0899 | Signal=-253.2622,1d: цена у нижней границы (+10 LONG) | 4h: середина диапазона | 1h: середина диапазона,1d: MACD SHORT +5 | 1d: RSI 29.9 <35 LONG +5 | 4h: MACD SHORT +4 | 4h: RSI 36.1 neutral | 1h: MACD LONG +3 | 1h: RSI 44.0 neutral,Цена далеко от зоны входа,SHORT wins by 18 points
2026-06-26T12:01:19.003489+00:00,ETH/USDT,SHORT,WATCH,24,75.0,4,56,18,0,12,9,0,0,8,24,16,SHORT,1d: EMA SHORT +20 | 1d: MACD SHORT +10 | 4h: EMA SHORT +12 | 4h: MACD SHORT +6 | 1h: EMA SHORT +8 | 1h: MACD LONG +4 |  | === Trend Summary === | 1d: EMA=BEARISH | MACD=BEARISH | EMA20=1708.21 | EMA50=1865.13 | MACD=-80.0910 | Signal=-78.4707 | 4h: EMA=BEARISH | MACD=BEARISH | EMA20=1612.02 | EMA50=1661.26 | MACD=-39.8565 | Signal=-34.1771 | 1h: EMA=BEARISH | MACD=BULLISH | EMA20=1564.57 | EMA50=1593.96 | MACD=-13.5712 | Signal=-14.6505,1d: цена у нижней границы (+10 LONG) | 4h: цена у нижней границы (+8 LONG) | 1h: середина диапазона,1d: MACD SHORT +5 | 1d: RSI 29.3 <35 LONG +5 | 4h: MACD SHORT +4 | 4h: RSI 33.5 <35 LONG +4 | 1h: MACD LONG +3 | 1h: RSI 41.1 neutral,Цена далеко от зоны входа,SHORT wins by 16 points
2026-06-26T12:01:19.982733+00:00,SOL/USDT,WAIT,NO TRADE,14,51.9,28,32,0,0,12,0,0,0,14,13,1,WAIT,1d: EMA SHORT +20 | 1d: MACD LONG +10 | 4h: EMA SHORT +12 | 4h: MACD LONG +6 | 1h: EMA LONG +8 | 1h: MACD LONG +4 |  | === Trend Summary === | 1d: EMA=BEARISH | MACD=BULLISH | EMA20=70.86 | EMA50=75.51 | MACD=-1.9045 | Signal=-2.2477 | 4h: EMA=BEARISH | MACD=BULLISH | EMA20=68.89 | EMA50=69.81 | MACD=-0.6428 | Signal=-0.8657 | 1h: EMA=BULLISH | MACD=BULLISH | EMA20=68.37 | EMA50=68.33 | MACD=0.4045 | Signal=0.2922,1d: середина диапазона | 4h: середина диапазона | 1h: середина диапазона,1d: MACD LONG +5 | 1d: RSI 42.1 neutral | 4h: MACD LONG +4 | 4h: RSI 48.0 neutral | 1h: MACD LONG +3 | 1h: RSI 52.7 neutral,Цена далеко от зоны входа,No clear directional edge.
2026-06-26T12:06:24.045421+00:00,BTC/USDT,SHORT,WATCH,24,80.0,4,56,10,0,8,9,0,0,6,24,18,SHORT,1d: EMA SHORT +20 | 1d: MACD SHORT +10 | 4h: EMA SHORT +12 | 4h: MACD SHORT +6 | 1h: EMA SHORT +8 | 1h: MACD LONG +4 |  | === Trend Summary === | 1d: EMA=BEARISH | MACD=BEARISH | EMA20=63792.95 | EMA50=67845.90 | MACD=-2335.6193 | Signal=-2299.4867 | 4h: EMA=BEARISH | MACD=BEARISH | EMA20=60996.24 | EMA50=62324.95 | MACD=-993.6481 | Signal=-902.2861 | 1h: EMA=BEARISH | MACD=BULLISH | EMA20=59858.23 | EMA50=60501.21 | MACD=-228.7822 | Signal=-252.4007,1d: цена у нижней границы (+10 LONG) | 4h: середина диапазона | 1h: середина диапазона,1d: MACD SHORT +5 | 1d: RSI 29.9 <35 LONG +5 | 4h: MACD SHORT +4 | 4h: RSI 36.5 neutral | 1h: MACD LONG +3 | 1h: RSI 44.6 neutral,Цена далеко от зоны входа,SHORT wins by 18 points
2026-06-26T12:06:25.309364+00:00,ETH/USDT,SHORT,WATCH,24,75.0,4,56,18,0,12,9,0,0,8,24,16,SHORT,1d: EMA SHORT +20 | 1d: MACD SHORT +10 | 4h: EMA SHORT +12 | 4h: MACD SHORT +6 | 1h: EMA SHORT +8 | 1h: MACD LONG +4 |  | === Trend Summary === | 1d: EMA=BEARISH | MACD=BEARISH | EMA20=1708.33 | EMA50=1865.18 | MACD=-79.9881 | Signal=-78.4501 | 4h: EMA=BEARISH | MACD=BEARISH | EMA20=1612.15 | EMA50=1661.32 | MACD=-39.7457 | Signal=-34.1549 | 1h: EMA=BEARISH | MACD=BULLISH | EMA20=1564.70 | EMA50=1594.01 | MACD=-13.4604 | Signal=-14.6283,1d: цена у нижней границы (+10 LONG) | 4h: цена у нижней границы (+8 LONG) | 1h: середина диапазона,1d: MACD SHORT +5 | 1d: RSI 29.3 <35 LONG +5 | 4h: MACD SHORT +4 | 4h: RSI 33.8 <35 LONG +4 | 1h: MACD LONG +3 | 1h: RSI 41.6 neutral,Цена далеко от зоны входа,SHORT wins by 16 points
2026-06-26T12:06:26.904358+00:00,SOL/USDT,WAIT,NO TRADE,14,51.9,28,32,0,0,12,0,0,0,14,13,1,WAIT,1d: EMA SHORT +20 | 1d: MACD LONG +10 | 4h: EMA SHORT +12 | 4h: MACD LONG +6 | 1h: EMA LONG +8 | 1h: MACD LONG +4 |  | === Trend Summary === | 1d: EMA=BEARISH | MACD=BULLISH | EMA20=70.88 | EMA50=75.51 | MACD=-1.8942 | Signal=-2.2456 | 4h: EMA=BEARISH | MACD=BULLISH | EMA20=68.91 | EMA50=69.82 | MACD=-0.6324 | Signal=-0.8636 | 1h: EMA=BULLISH | MACD=BULLISH | EMA20=68.38 | EMA50=68.34 | MACD=0.4149 | Signal=0.2942,1d: середина диапазона | 4h: середина диапазона | 1h: середина диапазона,1d: MACD LONG +5 | 1d: RSI 42.5 neutral | 4h: MACD LONG +4 | 4h: RSI 48.5 neutral | 1h: MACD LONG +3 | 1h: RSI 53.4 neutral,Цена далеко от зоны входа,No clear directional edge.
2026-06-26T12:11:30.407579+00:00,BTC/USDT,SHORT,WATCH,24,80.0,4,56,10,0,8,9,0,0,6,24,18,SHORT,1d: EMA SHORT +20 | 1d: MACD SHORT +10 | 4h: EMA SHORT +12 | 4h: MACD SHORT +6 | 1h: EMA SHORT +8 | 1h: MACD LONG +4 |  | === Trend Summary === | 1d: EMA=BEARISH | MACD=BEARISH | EMA20=63785.87 | EMA50=67842.98 | MACD=-2341.5543 | Signal=-2300.6737 | 4h: EMA=BEARISH | MACD=BEARISH | EMA20=60987.53 | EMA50=62321.36 | MACD=-1000.9473 | Signal=-903.7459 | 1h: EMA=BEARISH | MACD=BULLISH | EMA20=59849.52 | EMA50=60497.62 | MACD=-236.0814 | Signal=-253.8605,1d: цена у нижней границы (+10 LONG) | 4h: середина диапазона | 1h: середина диапазона,1d: MACD SHORT +5 | 1d: RSI 29.8 <35 LONG +5 | 4h: MACD SHORT +4 | 4h: RSI 35.8 neutral | 1h: MACD LONG +3 | 1h: RSI 43.6 neutral,Цена далеко от зоны входа,SHORT wins by 18 points
2026-06-26T12:11:31.449942+00:00,ETH/USDT,SHORT,WATCH,24,75.0,4,56,18,0,12,9,0,0,8,24,16,SHORT,1d: EMA SHORT +20 | 1d: MACD SHORT +10 | 4h: EMA SHORT +12 | 4h: MACD SHORT +6 | 1h: EMA SHORT +8 | 1h: MACD LONG +4 |  | === Trend Summary === | 1d: EMA=BEARISH | MACD=BEARISH | EMA20=1707.99 | EMA50=1865.04 | MACD=-80.2776 | Signal=-78.5080 | 4h: EMA=BEARISH | MACD=BEARISH | EMA20=1611.80 | EMA50=1661.17 | MACD=-40.0432 | Signal=-34.2144 | 1h: EMA=BEARISH | MACD=BULLISH | EMA20=1564.35 | EMA50=1593.86 | MACD=-13.7579 | Signal=-14.6878,1d: цена у нижней границы (+10 LONG) | 4h: цена у нижней границы (+8 LONG) | 1h: середина диапазона,1d: MACD SHORT +5 | 1d: RSI 29.1 <35 LONG +5 | 4h: MACD SHORT +4 | 4h: RSI 33.1 <35 LONG +4 | 1h: MACD LONG +3 | 1h: RSI 40.4 neutral,Цена далеко от зоны входа,SHORT wins by 16 points
2026-06-26T12:11:32.430797+00:00,SOL/USDT,WAIT,NO TRADE,14,51.9,28,32,0,0,12,0,0,0,14,13,1,WAIT,1d: EMA SHORT +20 | 1d: MACD LONG +10 | 4h: EMA SHORT +12 | 4h: MACD LONG +6 | 1h: EMA LONG +8 | 1h: MACD LONG +4 |  | === Trend Summary === | 1d: EMA=BEARISH | MACD=BULLISH | EMA20=70.87 | EMA50=75.51 | MACD=-1.8950 | Signal=-2.2457 | 4h: EMA=BEARISH | MACD=BULLISH | EMA20=68.91 | EMA50=69.82 | MACD=-0.6332 | Signal=-0.8638 | 1h: EMA=BULLISH | MACD=BULLISH | EMA20=68.38 | EMA50=68.34 | MACD=0.4141 | Signal=0.2941,1d: середина диапазона | 4h: середина диапазона | 1h: середина диапазона,1d: MACD LONG +5 | 1d: RSI 42.4 neutral | 4h: MACD LONG +4 | 4h: RSI 48.4 neutral | 1h: MACD LONG +3 | 1h: RSI 53.3 neutral,Цена далеко от зоны входа,No clear directional edge.
2026-06-26T12:16:35.772791+00:00,BTC/USDT,SHORT,WATCH,24,80.0,4,56,10,0,8,9,0,0,6,24,18,SHORT,1d: EMA SHORT +20 | 1d: MACD SHORT +10 | 4h: EMA SHORT +12 | 4h: MACD SHORT +6 | 1h: EMA SHORT +8 | 1h: MACD LONG +4 |  | === Trend Summary === | 1d: EMA=BEARISH | MACD=BEARISH | EMA20=63801.95 | EMA50=67849.60 | MACD=-2328.0808 | Signal=-2297.9790 | 4h: EMA=BEARISH | MACD=BEARISH | EMA20=61004.17 | EMA50=62328.21 | MACD=-987.0111 | Signal=-900.9587 | 1h: EMA=BEARISH | MACD=BULLISH | EMA20=59866.16 | EMA50=60504.47 | MACD=-222.1452 | Signal=-251.0733,1d: цена у нижней границы (+10 LONG) | 4h: середина диапазона | 1h: середина диапазона,1d: MACD SHORT +5 | 1d: RSI 30.1 <35 LONG +5 | 4h: MACD SHORT +4 | 4h: RSI 37.2 neutral | 1h: MACD LONG +3 | 1h: RSI 45.5 neutral,Цена далеко от зоны входа,SHORT wins by 18 points
2026-06-26T12:16:36.631592+00:00,ETH/USDT,SHORT,WATCH,24,80.0,4,56,10,0,12,9,0,0,6,24,18,SHORT,1d: EMA SHORT +20 | 1d: MACD SHORT +10 | 4h: EMA SHORT +12 | 4h: MACD SHORT +6 | 1h: EMA SHORT +8 | 1h: MACD LONG +4 |  | === Trend Summary === | 1d: EMA=BEARISH | MACD=BEARISH | EMA20=1708.54 | EMA50=1865.27 | MACD=-79.8102 | Signal=-78.4146 | 4h: EMA=BEARISH | MACD=BEARISH | EMA20=1612.36 | EMA50=1661.40 | MACD=-39.5758 | Signal=-34.1209 | 1h: EMA=BEARISH | MACD=BULLISH | EMA20=1564.90 | EMA50=1594.09 | MACD=-13.2904 | Signal=-14.5943,1d: цена у нижней границы (+10 LONG) | 4h: середина диапазона | 1h: середина диапазона,1d: MACD SHORT +5 | 1d: RSI 29.5 <35 LONG +5 | 4h: MACD SHORT +4 | 4h: RSI 34.3 <35 LONG +4 | 1h: MACD LONG +3 | 1h: RSI 42.4 neutral,Цена далеко от зоны входа,SHORT wins by 18 points
2026-06-26T12:16:37.508395+00:00,SOL/USDT,WAIT,NO TRADE,14,51.9,28,32,0,0,12,0,0,0,14,13,1,WAIT,1d: EMA SHORT +20 | 1d: MACD LONG +10 | 4h: EMA SHORT +12 | 4h: MACD LONG +6 | 1h: EMA LONG +8 | 1h: MACD LONG +4 |  | === Trend Summary === | 1d: EMA=BEARISH | MACD=BULLISH | EMA20=70.90 | EMA50=75.52 | MACD=-1.8726 | Signal=-2.2413 | 4h: EMA=BEARISH | MACD=BULLISH | EMA20=68.93 | EMA50=69.83 | MACD=-0.6109 | Signal=-0.8593 | 1h: EMA=BULLISH | MACD=BULLISH | EMA20=68.40 | EMA50=68.35 | MACD=0.4365 | Signal=0.2986,1d: середина диапазона | 4h: середина диапазона | 1h: середина диапазона,1d: MACD LONG +5 | 1d: RSI 43.1 neutral | 4h: MACD LONG +4 | 4h: RSI 49.4 neutral | 1h: MACD LONG +3 | 1h: RSI 54.8 neutral,Цена далеко от зоны входа,No clear directional edge.
2026-06-26T12:21:40.989483+00:00,BTC/USDT,SHORT,WATCH,24,80.0,4,56,10,0,8,9,0,0,6,24,18,SHORT,1d: EMA SHORT +20 | 1d: MACD SHORT +10 | 4h: EMA SHORT +12 | 4h: MACD SHORT +6 | 1h: EMA SHORT +8 | 1h: MACD LONG +4 |  | === Trend Summary === | 1d: EMA=BEARISH | MACD=BEARISH | EMA20=63798.48 | EMA50=67848.17 | MACD=-2330.9925 | Signal=-2298.5613 | 4h: EMA=BEARISH | MACD=BEARISH | EMA20=61000.15 | EMA50=62326.56 | MACD=-990.3775 | Signal=-901.6319 | 1h: EMA=BEARISH | MACD=BULLISH | EMA20=59862.14 | EMA50=60502.81 | MACD=-225.5116 | Signal=-251.7466,1d: цена у нижней границы (+10 LONG) | 4h: середина диапазона | 1h: середина диапазона,1d: MACD SHORT +5 | 1d: RSI 30.0 <35 LONG +5 | 4h: MACD SHORT +4 | 4h: RSI 36.9 neutral | 1h: MACD LONG +3 | 1h: RSI 45.1 neutral,Цена далеко от зоны входа,SHORT wins by 18 points
2026-06-26T12:21:41.980892+00:00,ETH/USDT,SHORT,WATCH,24,75.0,4,56,18,0,12,9,0,0,8,24,16,SHORT,1d: EMA SHORT +20 | 1d: MACD SHORT +10 | 4h: EMA SHORT +12 | 4h: MACD SHORT +6 | 1h: EMA SHORT +8 | 1h: MACD LONG +4 |  | === Trend Summary === | 1d: EMA=BEARISH | MACD=BEARISH | EMA20=1708.39 | EMA50=1865.21 | MACD=-79.9354 | Signal=-78.4396 | 4h: EMA=BEARISH | MACD=BEARISH | EMA20=1612.21 | EMA50=1661.34 | MACD=-39.7010 | Signal=-34.1460 | 1h: EMA=BEARISH | MACD=BULLISH | EMA20=1564.75 | EMA50=1594.03 | MACD=-13.4157 | Signal=-14.6194,1d: цена у нижней границы (+10 LONG) | 4h: цена у нижней границы (+8 LONG) | 1h: середина диапазона,1d: MACD SHORT +5 | 1d: RSI 29.4 <35 LONG +5 | 4h: MACD SHORT +4 | 4h: RSI 34.0 <35 LONG +4 | 1h: MACD LONG +3 | 1h: RSI 41.8 neutral,Цена далеко от зоны входа,SHORT wins by 16 points
2026-06-26T12:21:42.970695+00:00,SOL/USDT,WAIT,NO TRADE,14,51.9,28,32,0,0,12,0,0,0,14,13,1,WAIT,1d: EMA SHORT +20 | 1d: MACD LONG +10 | 4h: EMA SHORT +12 | 4h: MACD LONG +6 | 1h: EMA LONG +8 | 1h: MACD LONG +4 |  | === Trend Summary === | 1d: EMA=BEARISH | MACD=BULLISH | EMA20=70.88 | EMA50=75.52 | MACD=-1.8862 | Signal=-2.2440 | 4h: EMA=BEARISH | MACD=BULLISH | EMA20=68.92 | EMA50=69.82 | MACD=-0.6244 | Signal=-0.8620 | 1h: EMA=BULLISH | MACD=BULLISH | EMA20=68.39 | EMA50=68.34 | MACD=0.4229 | Signal=0.2958,1d: середина диапазона | 4h: середина диапазона | 1h: середина диапазона,1d: MACD LONG +5 | 1d: RSI 42.7 neutral | 4h: MACD LONG +4 | 4h: RSI 48.8 neutral | 1h: MACD LONG +3 | 1h: RSI 53.9 neutral,Цена далеко от зоны входа,No clear directional edge.
2026-06-26T12:26:46.275683+00:00,BTC/USDT,SHORT,WATCH,24,80.0,4,56,10,0,8,9,0,0,6,24,18,SHORT,1d: EMA SHORT +20 | 1d: MACD SHORT +10 | 4h: EMA SHORT +12 | 4h: MACD SHORT +6 | 1h: EMA SHORT +8 | 1h: MACD LONG +4 |  | === Trend Summary === | 1d: EMA=BEARISH | MACD=BEARISH | EMA20=63811.49 | EMA50=67853.53 | MACD=-2320.0956 | Signal=-2296.3820 | 4h: EMA=BEARISH | MACD=BEARISH | EMA20=61013.15 | EMA50=62331.91 | MACD=-979.4886 | Signal=-899.4542 | 1h: EMA=BEARISH | MACD=BULLISH | EMA20=59874.90 | EMA50=60508.07 | MACD=-214.8221 | Signal=-249.6087,1d: цена у нижней границы (+10 LONG) | 4h: середина диапазона | 1h: середина диапазона,1d: MACD SHORT +5 | 1d: RSI 30.3 <35 LONG +5 | 4h: MACD SHORT +4 | 4h: RSI 37.9 neutral | 1h: MACD LONG +3 | 1h: RSI 46.5 neutral,Цена далеко от зоны входа,SHORT wins by 18 points
2026-06-26T12:26:47.218350+00:00,ETH/USDT,SHORT,WATCH,24,80.0,4,56,10,0,12,9,0,0,6,24,18,SHORT,1d: EMA SHORT +20 | 1d: MACD SHORT +10 | 4h: EMA SHORT +12 | 4h: MACD SHORT +6 | 1h: EMA SHORT +8 | 1h: MACD LONG +4 |  | === Trend Summary === | 1d: EMA=BEARISH | MACD=BEARISH | EMA20=1708.70 | EMA50=1865.33 | MACD=-79.6809 | Signal=-78.3887 | 4h: EMA=BEARISH | MACD=BEARISH | EMA20=1612.50 | EMA50=1661.46 | MACD=-39.4521 | Signal=-34.0962 | 1h: EMA=BEARISH | MACD=BULLISH | EMA20=1565.05 | EMA50=1594.16 | MACD=-13.1668 | Signal=-14.5696,1d: цена у нижней границы (+10 LONG) | 4h: середина диапазона | 1h: середина диапазона,1d: MACD SHORT +5 | 1d: RSI 29.6 <35 LONG +5 | 4h: MACD SHORT +4 | 4h: RSI 34.7 <35 LONG +4 | 1h: MACD LONG +3 | 1h: RSI 42.9 neutral,Цена далеко от зоны входа,SHORT wins by 18 points
2026-06-26T12:26:48.193505+00:00,SOL/USDT,WAIT,NO TRADE,15,51.7,28,32,0,0,12,0,0,15,14,15,1,WAIT,1d: EMA SHORT +20 | 1d: MACD LONG +10 | 4h: EMA SHORT +12 | 4h: MACD LONG +6 | 1h: EMA LONG +8 | 1h: MACD LONG +4 |  | === Trend Summary === | 1d: EMA=BEARISH | MACD=BULLISH | EMA20=70.91 | EMA50=75.53 | MACD=-1.8662 | Signal=-2.2400 | 4h: EMA=BEARISH | MACD=BULLISH | EMA20=68.94 | EMA50=69.83 | MACD=-0.6045 | Signal=-0.8581 | 1h: EMA=BULLISH | MACD=BULLISH | EMA20=68.41 | EMA50=68.35 | MACD=0.4428 | Signal=0.2998,1d: середина диапазона | 4h: середина диапазона | 1h: середина диапазона,1d: MACD LONG +5 | 1d: RSI 43.3 neutral | 4h: MACD LONG +4 | 4h: RSI 49.7 neutral | 1h: MACD LONG +3 | 1h: RSI 55.2 neutral,Хорошая зона для SHORT (+15 SHORT),No clear directional edge.
2026-06-26T12:31:51.779403+00:00,BTC/USDT,SHORT,WATCH,24,80.0,4,56,10,0,8,9,0,0,6,24,18,SHORT,1d: EMA SHORT +20 | 1d: MACD SHORT +10 | 4h: EMA SHORT +12 | 4h: MACD SHORT +6 | 1h: EMA SHORT +8 | 1h: MACD LONG +4 |  | === Trend Summary === | 1d: EMA=BEARISH | MACD=BEARISH | EMA20=63815.59 | EMA50=67855.22 | MACD=-2316.6574 | Signal=-2295.6943 | 4h: EMA=BEARISH | MACD=BEARISH | EMA20=61017.25 | EMA50=62333.60 | MACD=-976.0504 | Signal=-898.7665 | 1h: EMA=BEARISH | MACD=BULLISH | EMA20=59879.24 | EMA50=60509.86 | MACD=-211.1845 | Signal=-248.8811,1d: цена у нижней границы (+10 LONG) | 4h: середина диапазона | 1h: середина диапазона,1d: MACD SHORT +5 | 1d: RSI 30.4 <35 LONG +5 | 4h: MACD SHORT +4 | 4h: RSI 38.3 neutral | 1h: MACD LONG +3 | 1h: RSI 47.0 neutral,Цена далеко от зоны входа,SHORT wins by 18 points
2026-06-26T12:31:52.651009+00:00,ETH/USDT,SHORT,WATCH,24,80.0,4,56,10,0,12,9,0,0,6,24,18,SHORT,1d: EMA SHORT +20 | 1d: MACD SHORT +10 | 4h: EMA SHORT +12 | 4h: MACD SHORT +6 | 1h: EMA SHORT +8 | 1h: MACD LONG +4 |  | === Trend Summary === | 1d: EMA=BEARISH | MACD=BEARISH | EMA20=1708.71 | EMA50=1865.34 | MACD=-79.6698 | Signal=-78.3865 | 4h: EMA=BEARISH | MACD=BEARISH | EMA20=1612.52 | EMA50=1661.47 | MACD=-39.4354 | Signal=-34.0928 | 1h: EMA=BEARISH | MACD=BULLISH | EMA20=1565.07 | EMA50=1594.16 | MACD=-13.1500 | Signal=-14.5663,1d: цена у нижней границы (+10 LONG) | 4h: середина диапазона | 1h: середина диапазона,1d: MACD SHORT +5 | 1d: RSI 29.6 <35 LONG +5 | 4h: MACD SHORT +4 | 4h: RSI 34.8 <35 LONG +4 | 1h: MACD LONG +3 | 1h: RSI 43.0 neutral,Цена далеко от зоны входа,SHORT wins by 18 points
2026-06-26T12:31:53.515436+00:00,SOL/USDT,WAIT,NO TRADE,15,51.7,28,32,0,0,12,0,0,15,14,15,1,WAIT,1d: EMA SHORT +20 | 1d: MACD LONG +10 | 4h: EMA SHORT +12 | 4h: MACD LONG +6 | 1h: EMA LONG +8 | 1h: MACD LONG +4 |  | === Trend Summary === | 1d: EMA=BEARISH | MACD=BULLISH | EMA20=70.92 | EMA50=75.53 | MACD=-1.8575 | Signal=-2.2382 | 4h: EMA=BEARISH | MACD=BULLISH | EMA20=68.95 | EMA50=69.84 | MACD=-0.5957 | Signal=-0.8563 | 1h: EMA=BULLISH | MACD=BULLISH | EMA20=68.42 | EMA50=68.36 | MACD=0.4516 | Signal=0.3016,1d: середина диапазона | 4h: середина диапазона | 1h: середина диапазона,1d: MACD LONG +5 | 1d: RSI 43.6 neutral | 4h: MACD LONG +4 | 4h: RSI 50.0 neutral | 1h: MACD LONG +3 | 1h: RSI 55.7 neutral,Хорошая зона для SHORT (+15 SHORT),No clear directional edge.
2026-06-26T12:36:57.032913+00:00,BTC/USDT,SHORT,WATCH,24,80.0,4,56,10,0,8,9,0,0,6,24,18,SHORT,1d: EMA SHORT +20 | 1d: MACD SHORT +10 | 4h: EMA SHORT +12 | 4h: MACD SHORT +6 | 1h: EMA SHORT +8 | 1h: MACD LONG +4 |  | === Trend Summary === | 1d: EMA=BEARISH | MACD=BEARISH | EMA20=63811.36 | EMA50=67853.48 | MACD=-2320.1993 | Signal=-2296.4027 | 4h: EMA=BEARISH | MACD=BEARISH | EMA20=61012.64 | EMA50=62331.70 | MACD=-979.9114 | Signal=-899.5387 | 1h: EMA=BEARISH | MACD=BULLISH | EMA20=59874.63 | EMA50=60507.96 | MACD=-215.0455 | Signal=-249.6533,1d: цена у нижней границы (+10 LONG) | 4h: середина диапазона | 1h: середина диапазона,1d: MACD SHORT +5 | 1d: RSI 30.3 <35 LONG +5 | 4h: MACD SHORT +4 | 4h: RSI 37.9 neutral | 1h: MACD LONG +3 | 1h: RSI 46.5 neutral,Цена далеко от зоны входа,SHORT wins by 18 points
2026-06-26T12:36:58.078614+00:00,ETH/USDT,SHORT,WATCH,24,80.0,4,56,10,0,12,9,0,0,6,24,18,SHORT,1d: EMA SHORT +20 | 1d: MACD SHORT +10 | 4h: EMA SHORT +12 | 4h: MACD SHORT +6 | 1h: EMA SHORT +8 | 1h: MACD LONG +4 |  | === Trend Summary === | 1d: EMA=BEARISH | MACD=BEARISH | EMA20=1708.62 | EMA50=1865.30 | MACD=-79.7487 | Signal=-78.4023 | 4h: EMA=BEARISH | MACD=BEARISH | EMA20=1612.43 | EMA50=1661.43 | MACD=-39.5143 | Signal=-34.1086 | 1h: EMA=BEARISH | MACD=BULLISH | EMA20=1564.98 | EMA50=1594.12 | MACD=-13.2290 | Signal=-14.5820,1d: цена у нижней границы (+10 LONG) | 4h: середина диапазона | 1h: середина диапазона,1d: MACD SHORT +5 | 1d: RSI 29.5 <35 LONG +5 | 4h: MACD SHORT +4 | 4h: RSI 34.5 <35 LONG +4 | 1h: MACD LONG +3 | 1h: RSI 42.7 neutral,Цена далеко от зоны входа,SHORT wins by 18 points
2026-06-26T12:36:59.008317+00:00,SOL/USDT,WAIT,NO TRADE,15,51.7,28,32,0,0,12,0,0,15,14,15,1,WAIT,1d: EMA SHORT +20 | 1d: MACD LONG +10 | 4h: EMA SHORT +12 | 4h: MACD LONG +6 | 1h: EMA LONG +8 | 1h: MACD LONG +4 |  | === Trend Summary === | 1d: EMA=BEARISH | MACD=BULLISH | EMA20=70.92 | EMA50=75.53 | MACD=-1.8543 | Signal=-2.2376 | 4h: EMA=BEARISH | MACD=BULLISH | EMA20=68.95 | EMA50=69.84 | MACD=-0.5925 | Signal=-0.8557 | 1h: EMA=BULLISH | MACD=BULLISH | EMA20=68.43 | EMA50=68.36 | MACD=0.4548 | Signal=0.3022,1d: середина диапазона | 4h: середина диапазона | 1h: середина диапазона,1d: MACD LONG +5 | 1d: RSI 43.7 neutral | 4h: MACD LONG +4 | 4h: RSI 50.1 neutral | 1h: MACD LONG +3 | 1h: RSI 55.9 neutral,Хорошая зона для SHORT (+15 SHORT),No clear directional edge.
2026-06-26T12:42:02.600489+00:00,BTC/USDT,SHORT,WATCH,24,80.0,4,56,10,0,12,9,0,0,6,24,18,SHORT,1d: EMA SHORT +20 | 1d: MACD SHORT +10 | 4h: EMA SHORT +12 | 4h: MACD SHORT +6 | 1h: EMA SHORT +8 | 1h: MACD LONG +4 |  | === Trend Summary === | 1d: EMA=BEARISH | MACD=BEARISH | EMA20=63768.92 | EMA50=67836.00 | MACD=-2355.7537 | Signal=-2303.5136 | 4h: EMA=BEARISH | MACD=BEARISH | EMA20=60970.58 | EMA50=62314.38 | MACD=-1015.1467 | Signal=-906.5858 | 1h: EMA=BEARISH | MACD=BULLISH | EMA20=59832.57 | EMA50=60490.64 | MACD=-250.2808 | Signal=-256.7004,1d: цена у нижней границы (+10 LONG) | 4h: середина диапазона | 1h: середина диапазона,1d: MACD SHORT +5 | 1d: RSI 29.4 <35 LONG +5 | 4h: MACD SHORT +4 | 4h: RSI 35.0 <35 LONG +4 | 1h: MACD LONG +3 | 1h: RSI 42.1 neutral,Цена далеко от зоны входа,SHORT wins by 18 points
2026-06-26T12:42:03.615118+00:00,ETH/USDT,SHORT,WATCH,24,68.6,4,56,18,0,12,9,15,0,11,24,13,SHORT,1d: EMA SHORT +20 | 1d: MACD SHORT +10 | 4h: EMA SHORT +12 | 4h: MACD SHORT +6 | 1h: EMA SHORT +8 | 1h: MACD LONG +4 |  | === Trend Summary === | 1d: EMA=BEARISH | MACD=BEARISH | EMA20=1707.08 | EMA50=1864.67 | MACD=-81.0402 | Signal=-78.6606 | 4h: EMA=BEARISH | MACD=BEARISH | EMA20=1610.89 | EMA50=1660.80 | MACD=-40.8058 | Signal=-34.3669 | 1h: EMA=BEARISH | MACD=BULLISH | EMA20=1563.43 | EMA50=1593.49 | MACD=-14.5205 | Signal=-14.8403,1d: цена у нижней границы (+10 LONG) | 4h: цена у нижней границы (+8 LONG) | 1h: середина диапазона,1d: MACD SHORT +5 | 1d: RSI 28.6 <35 LONG +5 | 4h: MACD SHORT +4 | 4h: RSI 32.0 <35 LONG +4 | 1h: MACD LONG +3 | 1h: RSI 38.0 neutral,Хорошая зона для LONG (+15 LONG),SHORT wins by 13 points
2026-06-26T12:42:04.996532+00:00,SOL/USDT,WAIT,NO TRADE,14,51.9,28,32,0,0,12,0,0,0,14,13,1,WAIT,1d: EMA SHORT +20 | 1d: MACD LONG +10 | 4h: EMA SHORT +12 | 4h: MACD LONG +6 | 1h: EMA LONG +8 | 1h: MACD LONG +4 |  | === Trend Summary === | 1d: EMA=BEARISH | MACD=BULLISH | EMA20=70.86 | EMA50=75.51 | MACD=-1.9069 | Signal=-2.2481 | 4h: EMA=BEARISH | MACD=BULLISH | EMA20=68.89 | EMA50=69.81 | MACD=-0.6452 | Signal=-0.8662 | 1h: EMA=BULLISH | MACD=BULLISH | EMA20=68.36 | EMA50=68.33 | MACD=0.4022 | Signal=0.2917,1d: середина диапазона | 4h: середина диапазона | 1h: середина диапазона,1d: MACD LONG +5 | 1d: RSI 42.0 neutral | 4h: MACD LONG +4 | 4h: RSI 47.9 neutral | 1h: MACD LONG +3 | 1h: RSI 52.5 neutral,Цена далеко от зоны входа,No clear directional edge.
2026-06-26T12:47:08.229047+00:00,BTC/USDT,SHORT,WATCH,24,80.0,4,56,10,0,8,9,0,0,6,24,18,SHORT,1d: EMA SHORT +20 | 1d: MACD SHORT +10 | 4h: EMA SHORT +12 | 4h: MACD SHORT +6 | 1h: EMA SHORT +8 | 1h: MACD LONG +4 |  | === Trend Summary === | 1d: EMA=BEARISH | MACD=BEARISH | EMA20=63784.55 | EMA50=67842.44 | MACD=-2342.6551 | Signal=-2300.8939 | 4h: EMA=BEARISH | MACD=BEARISH | EMA20=60986.21 | EMA50=62320.82 | MACD=-1002.0481 | Signal=-903.9661 | 1h: EMA=BEARISH | MACD=BULLISH | EMA20=59847.63 | EMA50=60496.84 | MACD=-237.6608 | Signal=-254.1764,1d: цена у нижней границы (+10 LONG) | 4h: середина диапазона | 1h: середина диапазона,1d: MACD SHORT +5 | 1d: RSI 29.7 <35 LONG +5 | 4h: MACD SHORT +4 | 4h: RSI 35.7 neutral | 1h: MACD LONG +3 | 1h: RSI 43.4 neutral,Цена далеко от зоны входа,SHORT wins by 18 points
2026-06-26T12:47:09.354307+00:00,ETH/USDT,SHORT,WATCH,24,75.0,4,56,18,0,12,9,0,0,8,24,16,SHORT,1d: EMA SHORT +20 | 1d: MACD SHORT +10 | 4h: EMA SHORT +12 | 4h: MACD SHORT +6 | 1h: EMA SHORT +8 | 1h: MACD LONG +4 |  | === Trend Summary === | 1d: EMA=BEARISH | MACD=BEARISH | EMA20=1707.64 | EMA50=1864.90 | MACD=-80.5656 | Signal=-78.5656 | 4h: EMA=BEARISH | MACD=BEARISH | EMA20=1611.47 | EMA50=1661.04 | MACD=-40.3136 | Signal=-34.2685 | 1h: EMA=BEARISH | MACD=BULLISH | EMA20=1564.02 | EMA50=1593.73 | MACD=-14.0283 | Signal=-14.7419,1d: цена у нижней границы (+10 LONG) | 4h: цена у нижней границы (+8 LONG) | 1h: середина диапазона,1d: MACD SHORT +5 | 1d: RSI 28.9 <35 LONG +5 | 4h: MACD SHORT +4 | 4h: RSI 32.7 <35 LONG +4 | 1h: MACD LONG +3 | 1h: RSI 39.5 neutral,Цена далеко от зоны входа,SHORT wins by 16 points
2026-06-26T12:47:11.296592+00:00,SOL/USDT,WAIT,NO TRADE,14,51.9,28,32,0,0,12,0,0,0,14,13,1,WAIT,1d: EMA SHORT +20 | 1d: MACD LONG +10 | 4h: EMA SHORT +12 | 4h: MACD LONG +6 | 1h: EMA LONG +8 | 1h: MACD LONG +4 |  | === Trend Summary === | 1d: EMA=BEARISH | MACD=BULLISH | EMA20=70.90 | EMA50=75.52 | MACD=-1.8742 | Signal=-2.2416 | 4h: EMA=BEARISH | MACD=BULLISH | EMA20=68.93 | EMA50=69.83 | MACD=-0.6133 | Signal=-0.8598 | 1h: EMA=BULLISH | MACD=BULLISH | EMA20=68.40 | EMA50=68.35 | MACD=0.4341 | Signal=0.2981,1d: середина диапазона | 4h: середина диапазона | 1h: середина диапазона,1d: MACD LONG +5 | 1d: RSI 43.1 neutral | 4h: MACD LONG +4 | 4h: RSI 49.3 neutral | 1h: MACD LONG +3 | 1h: RSI 54.6 neutral,Цена далеко от зоны входа,No clear directional edge.
2026-06-26T12:52:14.851677+00:00,BTC/USDT,SHORT,WATCH,24,80.0,4,56,10,0,8,9,0,0,6,24,18,SHORT,1d: EMA SHORT +20 | 1d: MACD SHORT +10 | 4h: EMA SHORT +12 | 4h: MACD SHORT +6 | 1h: EMA SHORT +8 | 1h: MACD LONG +4 |  | === Trend Summary === | 1d: EMA=BEARISH | MACD=BEARISH | EMA20=63776.51 | EMA50=67839.13 | MACD=-2349.3959 | Signal=-2302.2420 | 4h: EMA=BEARISH | MACD=BEARISH | EMA20=60977.60 | EMA50=62317.27 | MACD=-1009.2595 | Signal=-905.4083 | 1h: EMA=BEARISH | MACD=BULLISH | EMA20=59839.60 | EMA50=60493.53 | MACD=-244.3936 | Signal=-255.5230,1d: цена у нижней границы (+10 LONG) | 4h: середина диапазона | 1h: середина диапазона,1d: MACD SHORT +5 | 1d: RSI 29.6 <35 LONG +5 | 4h: MACD SHORT +4 | 4h: RSI 35.3 neutral | 1h: MACD LONG +3 | 1h: RSI 42.7 neutral,Цена далеко от зоны входа,SHORT wins by 18 points
2026-06-26T12:52:15.632954+00:00,ETH/USDT,SHORT,WATCH,24,75.0,4,56,18,0,12,9,0,0,8,24,16,SHORT,1d: EMA SHORT +20 | 1d: MACD SHORT +10 | 4h: EMA SHORT +12 | 4h: MACD SHORT +6 | 1h: EMA SHORT +8 | 1h: MACD LONG +4 |  | === Trend Summary === | 1d: EMA=BEARISH | MACD=BEARISH | EMA20=1707.48 | EMA50=1864.83 | MACD=-80.7036 | Signal=-78.5932 | 4h: EMA=BEARISH | MACD=BEARISH | EMA20=1611.29 | EMA50=1660.96 | MACD=-40.4692 | Signal=-34.2996 | 1h: EMA=BEARISH | MACD=BULLISH | EMA20=1563.84 | EMA50=1593.66 | MACD=-14.1839 | Signal=-14.7730,1d: цена у нижней границы (+10 LONG) | 4h: цена у нижней границы (+8 LONG) | 1h: середина диапазона,1d: MACD SHORT +5 | 1d: RSI 28.9 <35 LONG +5 | 4h: MACD SHORT +4 | 4h: RSI 32.5 <35 LONG +4 | 1h: MACD LONG +3 | 1h: RSI 39.0 neutral,Цена далеко от зоны входа,SHORT wins by 16 points
2026-06-26T12:52:16.519970+00:00,SOL/USDT,WAIT,NO TRADE,14,51.9,28,32,0,0,12,0,0,0,14,13,1,WAIT,1d: EMA SHORT +20 | 1d: MACD LONG +10 | 4h: EMA SHORT +12 | 4h: MACD LONG +6 | 1h: EMA LONG +8 | 1h: MACD LONG +4 |  | === Trend Summary === | 1d: EMA=BEARISH | MACD=BULLISH | EMA20=70.89 | EMA50=75.52 | MACD=-1.8822 | Signal=-2.2432 | 4h: EMA=BEARISH | MACD=BULLISH | EMA20=68.92 | EMA50=69.82 | MACD=-0.6204 | Signal=-0.8612 | 1h: EMA=BULLISH | MACD=BULLISH | EMA20=68.39 | EMA50=68.34 | MACD=0.4269 | Signal=0.2966,1d: середина диапазона | 4h: середина диапазона | 1h: середина диапазона,1d: MACD LONG +5 | 1d: RSI 42.8 neutral | 4h: MACD LONG +4 | 4h: RSI 49.0 neutral | 1h: MACD LONG +3 | 1h: RSI 54.2 neutral,Цена далеко от зоны входа,No clear directional edge.
2026-06-26T12:57:19.959199+00:00,BTC/USDT,SHORT,WATCH,24,80.0,4,56,10,0,8,9,0,0,6,24,18,SHORT,1d: EMA SHORT +20 | 1d: MACD SHORT +10 | 4h: EMA SHORT +12 | 4h: MACD SHORT +6 | 1h: EMA SHORT +8 | 1h: MACD LONG +4 |  | === Trend Summary === | 1d: EMA=BEARISH | MACD=BEARISH | EMA20=63769.04 | EMA50=67836.05 | MACD=-2355.6500 | Signal=-2303.4929 | 4h: EMA=BEARISH | MACD=BEARISH | EMA20=60971.37 | EMA50=62314.71 | MACD=-1014.4846 | Signal=-906.4534 | 1h: EMA=BEARISH | MACD=BULLISH | EMA20=59833.36 | EMA50=60490.96 | MACD=-249.6187 | Signal=-256.5680,1d: цена у нижней границы (+10 LONG) | 4h: середина диапазона | 1h: середина диапазона,1d: MACD SHORT +5 | 1d: RSI 29.4 <35 LONG +5 | 4h: MACD SHORT +4 | 4h: RSI 35.0 neutral | 1h: MACD LONG +3 | 1h: RSI 42.1 neutral,Цена далеко от зоны входа,SHORT wins by 18 points
2026-06-26T12:57:21.061418+00:00,ETH/USDT,SHORT,WATCH,24,68.6,4,56,18,0,12,9,15,0,11,24,13,SHORT,1d: EMA SHORT +20 | 1d: MACD SHORT +10 | 4h: EMA SHORT +12 | 4h: MACD SHORT +6 | 1h: EMA SHORT +8 | 1h: MACD LONG +4 |  | === Trend Summary === | 1d: EMA=BEARISH | MACD=BEARISH | EMA20=1707.39 | EMA50=1864.79 | MACD=-80.7802 | Signal=-78.6086 | 4h: EMA=BEARISH | MACD=BEARISH | EMA20=1611.21 | EMA50=1660.93 | MACD=-40.5370 | Signal=-34.3132 | 1h: EMA=BEARISH | MACD=BULLISH | EMA20=1563.76 | EMA50=1593.62 | MACD=-14.2517 | Signal=-14.7866,1d: цена у нижней границы (+10 LONG) | 4h: цена у нижней границы (+8 LONG) | 1h: середина диапазона,1d: MACD SHORT +5 | 1d: RSI 28.8 <35 LONG +5 | 4h: MACD SHORT +4 | 4h: RSI 32.4 <35 LONG +4 | 1h: MACD LONG +3 | 1h: RSI 38.8 neutral,Хорошая зона для LONG (+15 LONG),SHORT wins by 13 points
2026-06-26T12:57:22.142581+00:00,SOL/USDT,WAIT,NO TRADE,14,51.9,28,32,0,0,12,0,0,0,14,13,1,WAIT,1d: EMA SHORT +20 | 1d: MACD LONG +10 | 4h: EMA SHORT +12 | 4h: MACD LONG +6 | 1h: EMA LONG +8 | 1h: MACD LONG +4 |  | === Trend Summary === | 1d: EMA=BEARISH | MACD=BULLISH | EMA20=70.89 | EMA50=75.52 | MACD=-1.8846 | Signal=-2.2437 | 4h: EMA=BEARISH | MACD=BULLISH | EMA20=68.92 | EMA50=69.82 | MACD=-0.6228 | Signal=-0.8617 | 1h: EMA=BULLISH | MACD=BULLISH | EMA20=68.39 | EMA50=68.34 | MACD=0.4237 | Signal=0.2960,1d: середина диапазона | 4h: середина диапазона | 1h: середина диапазона,1d: MACD LONG +5 | 1d: RSI 42.8 neutral | 4h: MACD LONG +4 | 4h: RSI 48.9 neutral | 1h: MACD LONG +3 | 1h: RSI 54.0 neutral,Цена далеко от зоны входа,No clear directional edge.
2026-06-26T13:02:25.638438+00:00,BTC/USDT,SHORT,SETUP,26,86.7,0,60,10,0,9,12,0,0,4,26,22,SHORT,1d: EMA SHORT +20 | 1d: MACD SHORT +10 | 4h: EMA SHORT +12 | 4h: MACD SHORT +6 | 1h: EMA SHORT +8 | 1h: MACD SHORT +4 |  | === Trend Summary === | 1d: EMA=BEARISH | MACD=BEARISH | EMA20=63765.46 | EMA50=67834.58 | MACD=-2358.6494 | Signal=-2304.0927 | 4h: EMA=BEARISH | MACD=BEARISH | EMA20=60967.12 | EMA50=62312.96 | MACD=-1018.0424 | Signal=-907.1649 | 1h: EMA=BEARISH | MACD=BEARISH | EMA20=59768.25 | EMA50=60438.29 | MACD=-274.6891 | Signal=-260.8062,1d: цена у нижней границы (+10 LONG) | 4h: середина диапазона | 1h: середина диапазона,1d: MACD SHORT +5 | 1d: RSI 29.3 <35 LONG +5 | 4h: MACD SHORT +4 | 4h: RSI 34.8 <35 LONG +4 | 1h: MACD SHORT +3 | 1h: RSI 41.8 neutral,Цена далеко от зоны входа,SHORT wins by 22 points
2026-06-26T13:02:26.529802+00:00,ETH/USDT,SHORT,SETUP,26,74.3,0,60,18,0,9,12,15,0,9,26,17,SHORT,1d: EMA SHORT +20 | 1d: MACD SHORT +10 | 4h: EMA SHORT +12 | 4h: MACD SHORT +6 | 1h: EMA SHORT +8 | 1h: MACD SHORT +4 |  | === Trend Summary === | 1d: EMA=BEARISH | MACD=BEARISH | EMA20=1707.29 | EMA50=1864.76 | MACD=-80.8592 | Signal=-78.6244 | 4h: EMA=BEARISH | MACD=BEARISH | EMA20=1611.10 | EMA50=1660.89 | MACD=-40.6248 | Signal=-34.3307 | 1h: EMA=BEARISH | MACD=BEARISH | EMA20=1561.05 | EMA50=1591.34 | MACD=-14.8142 | Signal=-14.8073,1d: цена у нижней границы (+10 LONG) | 4h: цена у нижней границы (+8 LONG) | 1h: середина диапазона,1d: MACD SHORT +5 | 1d: RSI 28.8 <35 LONG +5 | 4h: MACD SHORT +4 | 4h: RSI 32.2 <35 LONG +4 | 1h: MACD SHORT +3 | 1h: RSI 38.6 neutral,Хорошая зона для LONG (+15 LONG),SHORT wins by 17 points
2026-06-26T13:02:27.403172+00:00,SOL/USDT,WAIT,NO TRADE,14,51.9,28,32,0,0,12,0,0,0,14,13,1,WAIT,1d: EMA SHORT +20 | 1d: MACD LONG +10 | 4h: EMA SHORT +12 | 4h: MACD LONG +6 | 1h: EMA LONG +8 | 1h: MACD LONG +4 |  | === Trend Summary === | 1d: EMA=BEARISH | MACD=BULLISH | EMA20=70.88 | EMA50=75.52 | MACD=-1.8894 | Signal=-2.2446 | 4h: EMA=BEARISH | MACD=BULLISH | EMA20=68.91 | EMA50=69.82 | MACD=-0.6276 | Signal=-0.8627 | 1h: EMA=BULLISH | MACD=BULLISH | EMA20=68.43 | EMA50=68.36 | MACD=0.4037 | Signal=0.3170,1d: середина диапазона | 4h: середина диапазона | 1h: середина диапазона,1d: MACD LONG +5 | 1d: RSI 42.6 neutral | 4h: MACD LONG +4 | 4h: RSI 48.7 neutral | 1h: MACD LONG +3 | 1h: RSI 53.7 neutral,Цена далеко от зоны входа,No clear directional edge.
2026-06-26T13:07:30.805642+00:00,BTC/USDT,SHORT,SETUP,26,74.3,0,60,18,0,9,12,15,0,9,26,17,SHORT,1d: EMA SHORT +20 | 1d: MACD SHORT +10 | 4h: EMA SHORT +12 | 4h: MACD SHORT +6 | 1h: EMA SHORT +8 | 1h: MACD SHORT +4 |  | === Trend Summary === | 1d: EMA=BEARISH | MACD=BEARISH | EMA20=63759.12 | EMA50=67831.97 | MACD=-2363.9623 | Signal=-2305.1553 | 4h: EMA=BEARISH | MACD=BEARISH | EMA20=60961.38 | EMA50=62310.59 | MACD=-1022.8527 | Signal=-908.1270 | 1h: EMA=BEARISH | MACD=BEARISH | EMA20=59762.51 | EMA50=60435.93 | MACD=-279.4993 | Signal=-261.7682,1d: цена у нижней границы (+10 LONG) | 4h: цена у нижней границы (+8 LONG) | 1h: середина диапазона,1d: MACD SHORT +5 | 1d: RSI 29.2 <35 LONG +5 | 4h: MACD SHORT +4 | 4h: RSI 34.5 <35 LONG +4 | 1h: MACD SHORT +3 | 1h: RSI 41.2 neutral,Хорошая зона для LONG (+15 LONG),SHORT wins by 17 points
2026-06-26T13:07:31.607010+00:00,ETH/USDT,SHORT,SETUP,26,74.3,0,60,18,0,9,12,15,0,9,26,17,SHORT,1d: EMA SHORT +20 | 1d: MACD SHORT +10 | 4h: EMA SHORT +12 | 4h: MACD SHORT +6 | 1h: EMA SHORT +8 | 1h: MACD SHORT +4 |  | === Trend Summary === | 1d: EMA=BEARISH | MACD=BEARISH | EMA20=1707.13 | EMA50=1864.69 | MACD=-80.9932 | Signal=-78.6512 | 4h: EMA=BEARISH | MACD=BEARISH | EMA20=1610.94 | EMA50=1660.82 | MACD=-40.7588 | Signal=-34.3575 | 1h: EMA=BEARISH | MACD=BEARISH | EMA20=1560.89 | EMA50=1591.27 | MACD=-14.9482 | Signal=-14.8341,1d: цена у нижней границы (+10 LONG) | 4h: цена у нижней границы (+8 LONG) | 1h: середина диапазона,1d: MACD SHORT +5 | 1d: RSI 28.7 <35 LONG +5 | 4h: MACD SHORT +4 | 4h: RSI 32.0 <35 LONG +4 | 1h: MACD SHORT +3 | 1h: RSI 38.1 neutral,Хорошая зона для LONG (+15 LONG),SHORT wins by 17 points
2026-06-26T13:07:32.809739+00:00,SOL/USDT,WAIT,NO TRADE,14,51.9,28,32,0,0,12,0,0,0,14,13,1,WAIT,1d: EMA SHORT +20 | 1d: MACD LONG +10 | 4h: EMA SHORT +12 | 4h: MACD LONG +6 | 1h: EMA LONG +8 | 1h: MACD LONG +4 |  | === Trend Summary === | 1d: EMA=BEARISH | MACD=BULLISH | EMA20=70.88 | EMA50=75.52 | MACD=-1.8894 | Signal=-2.2446 | 4h: EMA=BEARISH | MACD=BULLISH | EMA20=68.91 | EMA50=69.82 | MACD=-0.6276 | Signal=-0.8627 | 1h: EMA=BULLISH | MACD=BULLISH | EMA20=68.43 | EMA50=68.36 | MACD=0.4037 | Signal=0.3170,1d: середина диапазона | 4h: середина диапазона | 1h: середина диапазона,1d: MACD LONG +5 | 1d: RSI 42.6 neutral | 4h: MACD LONG +4 | 4h: RSI 48.7 neutral | 1h: MACD LONG +3 | 1h: RSI 53.7 neutral,Цена далеко от зоны входа,No clear directional edge.
2026-06-26T13:12:36.004348+00:00,BTC/USDT,SHORT,SETUP,26,78.8,0,60,10,0,9,12,15,0,7,26,19,SHORT,1d: EMA SHORT +20 | 1d: MACD SHORT +10 | 4h: EMA SHORT +12 | 4h: MACD SHORT +6 | 1h: EMA SHORT +8 | 1h: MACD SHORT +4 |  | === Trend Summary === | 1d: EMA=BEARISH | MACD=BEARISH | EMA20=63764.49 | EMA50=67834.18 | MACD=-2359.4631 | Signal=-2304.2555 | 4h: EMA=BEARISH | MACD=BEARISH | EMA20=60966.15 | EMA50=62312.56 | MACD=-1018.8561 | Signal=-907.3277 | 1h: EMA=BEARISH | MACD=BEARISH | EMA20=59765.66 | EMA50=60437.22 | MACD=-276.8589 | Signal=-261.2401,1d: цена у нижней границы (+10 LONG) | 4h: середина диапазона | 1h: середина диапазона,1d: MACD SHORT +5 | 1d: RSI 29.3 <35 LONG +5 | 4h: MACD SHORT +4 | 4h: RSI 34.8 <35 LONG +4 | 1h: MACD SHORT +3 | 1h: RSI 41.5 neutral,Хорошая зона для LONG (+15 LONG),SHORT wins by 19 points
2026-06-26T13:12:36.869258+00:00,ETH/USDT,SHORT,WATCH,24,75.0,4,56,18,0,12,9,0,0,8,24,16,SHORT,1d: EMA SHORT +20 | 1d: MACD SHORT +10 | 4h: EMA SHORT +12 | 4h: MACD SHORT +6 | 1h: EMA SHORT +8 | 1h: MACD LONG +4 |  | === Trend Summary === | 1d: EMA=BEARISH | MACD=BEARISH | EMA20=1707.56 | EMA50=1864.87 | MACD=-80.6310 | Signal=-78.5787 | 4h: EMA=BEARISH | MACD=BEARISH | EMA20=1611.38 | EMA50=1661.00 | MACD=-40.3966 | Signal=-34.2851 | 1h: EMA=BEARISH | MACD=BULLISH | EMA20=1561.32 | EMA50=1591.45 | MACD=-14.5860 | Signal=-14.7617,1d: цена у нижней границы (+10 LONG) | 4h: цена у нижней границы (+8 LONG) | 1h: середина диапазона,1d: MACD SHORT +5 | 1d: RSI 28.9 <35 LONG +5 | 4h: MACD SHORT +4 | 4h: RSI 32.6 <35 LONG +4 | 1h: MACD LONG +3 | 1h: RSI 39.7 neutral,Цена далеко от зоны входа,SHORT wins by 16 points
2026-06-26T13:12:37.727078+00:00,SOL/USDT,WAIT,NO TRADE,14,51.9,28,32,0,0,12,0,0,0,14,13,1,WAIT,1d: EMA SHORT +20 | 1d: MACD LONG +10 | 4h: EMA SHORT +12 | 4h: MACD LONG +6 | 1h: EMA LONG +8 | 1h: MACD LONG +4 |  | === Trend Summary === | 1d: EMA=BEARISH | MACD=BULLISH | EMA20=70.90 | EMA50=75.53 | MACD=-1.8694 | Signal=-2.2406 | 4h: EMA=BEARISH | MACD=BULLISH | EMA20=68.93 | EMA50=69.83 | MACD=-0.6125 | Signal=-0.8596 | 1h: EMA=BULLISH | MACD=BULLISH | EMA20=68.45 | EMA50=68.37 | MACD=0.4189 | Signal=0.3201,1d: середина диапазона | 4h: середина диапазона | 1h: середина диапазона,1d: MACD LONG +5 | 1d: RSI 43.2 neutral | 4h: MACD LONG +4 | 4h: RSI 49.3 neutral | 1h: MACD LONG +3 | 1h: RSI 54.7 neutral,Цена далеко от зоны входа,No clear directional edge.
2026-06-26T13:17:41.133170+00:00,BTC/USDT,SHORT,SETUP,26,74.3,0,60,18,0,9,12,15,0,9,26,17,SHORT,1d: EMA SHORT +20 | 1d: MACD SHORT +10 | 4h: EMA SHORT +12 | 4h: MACD SHORT +6 | 1h: EMA SHORT +8 | 1h: MACD SHORT +4 |  | === Trend Summary === | 1d: EMA=BEARISH | MACD=BEARISH | EMA20=63750.29 | EMA50=67828.33 | MACD=-2371.3571 | Signal=-2306.6343 | 4h: EMA=BEARISH | MACD=BEARISH | EMA20=60951.95 | EMA50=62306.71 | MACD=-1030.7501 | Signal=-909.7065 | 1h: EMA=BEARISH | MACD=BEARISH | EMA20=59753.53 | EMA50=60432.23 | MACD=-287.0218 | Signal=-263.2727,1d: цена у нижней границы (+10 LONG) | 4h: цена у нижней границы (+8 LONG) | 1h: середина диапазона,1d: MACD SHORT +5 | 1d: RSI 29.0 <35 LONG +5 | 4h: MACD SHORT +4 | 4h: RSI 34.1 <35 LONG +4 | 1h: MACD SHORT +3 | 1h: RSI 40.4 neutral,Хорошая зона для LONG (+15 LONG),SHORT wins by 17 points
2026-06-26T13:17:42.176361+00:00,ETH/USDT,SHORT,SETUP,26,74.3,0,60,18,0,9,12,15,0,9,26,17,SHORT,1d: EMA SHORT +20 | 1d: MACD SHORT +10 | 4h: EMA SHORT +12 | 4h: MACD SHORT +6 | 1h: EMA SHORT +8 | 1h: MACD SHORT +4 |  | === Trend Summary === | 1d: EMA=BEARISH | MACD=BEARISH | EMA20=1707.00 | EMA50=1864.64 | MACD=-81.1001 | Signal=-78.6725 | 4h: EMA=BEARISH | MACD=BEARISH | EMA20=1610.82 | EMA50=1660.77 | MACD=-40.8617 | Signal=-34.3781 | 1h: EMA=BEARISH | MACD=BEARISH | EMA20=1560.77 | EMA50=1591.22 | MACD=-15.0511 | Signal=-14.8547,1d: цена у нижней границы (+10 LONG) | 4h: цена у нижней границы (+8 LONG) | 1h: середина диапазона,1d: MACD SHORT +5 | 1d: RSI 28.6 <35 LONG +5 | 4h: MACD SHORT +4 | 4h: RSI 31.9 <35 LONG +4 | 1h: MACD SHORT +3 | 1h: RSI 37.8 neutral,Хорошая зона для LONG (+15 LONG),SHORT wins by 17 points
2026-06-26T13:17:43.161995+00:00,SOL/USDT,WAIT,NO TRADE,14,51.9,28,32,0,0,12,0,0,0,14,13,1,WAIT,1d: EMA SHORT +20 | 1d: MACD LONG +10 | 4h: EMA SHORT +12 | 4h: MACD LONG +6 | 1h: EMA LONG +8 | 1h: MACD LONG +4 |  | === Trend Summary === | 1d: EMA=BEARISH | MACD=BULLISH | EMA20=70.87 | EMA50=75.51 | MACD=-1.8966 | Signal=-2.2461 | 4h: EMA=BEARISH | MACD=BULLISH | EMA20=68.90 | EMA50=69.82 | MACD=-0.6348 | Signal=-0.8641 | 1h: EMA=BULLISH | MACD=BULLISH | EMA20=68.42 | EMA50=68.36 | MACD=0.3965 | Signal=0.3156,1d: середина диапазона | 4h: середина диапазона | 1h: середина диапазона,1d: MACD LONG +5 | 1d: RSI 42.4 neutral | 4h: MACD LONG +4 | 4h: RSI 48.4 neutral | 1h: MACD LONG +3 | 1h: RSI 53.1 neutral,Цена далеко от зоны входа,No clear directional edge.
2026-06-26T13:22:46.808068+00:00,BTC/USDT,SHORT,SETUP,26,74.3,0,60,18,0,9,12,15,0,9,26,17,SHORT,1d: EMA SHORT +20 | 1d: MACD SHORT +10 | 4h: EMA SHORT +12 | 4h: MACD SHORT +6 | 1h: EMA SHORT +8 | 1h: MACD SHORT +4 |  | === Trend Summary === | 1d: EMA=BEARISH | MACD=BEARISH | EMA20=63743.76 | EMA50=67825.64 | MACD=-2376.8215 | Signal=-2307.7272 | 4h: EMA=BEARISH | MACD=BEARISH | EMA20=60945.16 | EMA50=62303.91 | MACD=-1036.4379 | Signal=-910.8440 | 1h: EMA=BEARISH | MACD=BEARISH | EMA20=59746.29 | EMA50=60429.25 | MACD=-293.0845 | Signal=-264.4852,1d: цена у нижней границы (+10 LONG) | 4h: цена у нижней границы (+8 LONG) | 1h: середина диапазона,1d: MACD SHORT +5 | 1d: RSI 28.9 <35 LONG +5 | 4h: MACD SHORT +4 | 4h: RSI 33.8 <35 LONG +4 | 1h: MACD SHORT +3 | 1h: RSI 39.8 neutral,Хорошая зона для LONG (+15 LONG),SHORT wins by 17 points
2026-06-26T13:22:48.255044+00:00,ETH/USDT,SHORT,SETUP,26,74.3,0,60,18,0,9,12,15,0,9,26,17,SHORT,1d: EMA SHORT +20 | 1d: MACD SHORT +10 | 4h: EMA SHORT +12 | 4h: MACD SHORT +6 | 1h: EMA SHORT +8 | 1h: MACD SHORT +4 |  | === Trend Summary === | 1d: EMA=BEARISH | MACD=BEARISH | EMA20=1707.00 | EMA50=1864.63 | MACD=-81.1049 | Signal=-78.6735 | 4h: EMA=BEARISH | MACD=BEARISH | EMA20=1610.81 | EMA50=1660.77 | MACD=-40.8697 | Signal=-34.3797 | 1h: EMA=BEARISH | MACD=BEARISH | EMA20=1560.76 | EMA50=1591.21 | MACD=-15.0591 | Signal=-14.8563,1d: цена у нижней границы (+10 LONG) | 4h: цена у нижней границы (+8 LONG) | 1h: середина диапазона,1d: MACD SHORT +5 | 1d: RSI 28.6 <35 LONG +5 | 4h: MACD SHORT +4 | 4h: RSI 31.9 <35 LONG +4 | 1h: MACD SHORT +3 | 1h: RSI 37.8 neutral,Хорошая зона для LONG (+15 LONG),SHORT wins by 17 points
2026-06-26T13:22:49.244994+00:00,SOL/USDT,WAIT,NO TRADE,14,51.9,28,32,0,0,12,0,0,0,14,13,1,WAIT,1d: EMA SHORT +20 | 1d: MACD LONG +10 | 4h: EMA SHORT +12 | 4h: MACD LONG +6 | 1h: EMA LONG +8 | 1h: MACD LONG +4 |  | === Trend Summary === | 1d: EMA=BEARISH | MACD=BULLISH | EMA20=70.87 | EMA50=75.51 | MACD=-1.8997 | Signal=-2.2467 | 4h: EMA=BEARISH | MACD=BULLISH | EMA20=68.90 | EMA50=69.82 | MACD=-0.6380 | Signal=-0.8648 | 1h: EMA=BULLISH | MACD=BULLISH | EMA20=68.42 | EMA50=68.36 | MACD=0.3933 | Signal=0.3150,1d: середина диапазона | 4h: середина диапазона | 1h: середина диапазона,1d: MACD LONG +5 | 1d: RSI 42.3 neutral | 4h: MACD LONG +4 | 4h: RSI 48.2 neutral | 1h: MACD LONG +3 | 1h: RSI 52.9 neutral,Цена далеко от зоны входа,No clear directional edge.
2026-06-26T13:27:52.946695+00:00,BTC/USDT,SHORT,SETUP,26,74.3,0,60,18,0,9,12,15,0,9,26,17,SHORT,1d: EMA SHORT +20 | 1d: MACD SHORT +10 | 4h: EMA SHORT +12 | 4h: MACD SHORT +6 | 1h: EMA SHORT +8 | 1h: MACD SHORT +4 |  | === Trend Summary === | 1d: EMA=BEARISH | MACD=BEARISH | EMA20=63737.65 | EMA50=67823.13 | MACD=-2381.9429 | Signal=-2308.7514 | 4h: EMA=BEARISH | MACD=BEARISH | EMA20=60939.31 | EMA50=62301.51 | MACD=-1041.3359 | Signal=-911.8236 | 1h: EMA=BEARISH | MACD=BEARISH | EMA20=59739.02 | EMA50=60426.25 | MACD=-299.1791 | Signal=-265.7042,1d: цена у нижней границы (+10 LONG) | 4h: цена у нижней границы (+8 LONG) | 1h: середина диапазона,1d: MACD SHORT +5 | 1d: RSI 28.8 <35 LONG +5 | 4h: MACD SHORT +4 | 4h: RSI 33.6 <35 LONG +4 | 1h: MACD SHORT +3 | 1h: RSI 39.2 neutral,Хорошая зона для LONG (+15 LONG),SHORT wins by 17 points
2026-06-26T13:27:54.036522+00:00,ETH/USDT,SHORT,SETUP,26,74.3,0,60,18,0,9,12,15,0,9,26,17,SHORT,1d: EMA SHORT +20 | 1d: MACD SHORT +10 | 4h: EMA SHORT +12 | 4h: MACD SHORT +6 | 1h: EMA SHORT +8 | 1h: MACD SHORT +4 |  | === Trend Summary === | 1d: EMA=BEARISH | MACD=BEARISH | EMA20=1707.02 | EMA50=1864.64 | MACD=-81.0905 | Signal=-78.6706 | 4h: EMA=BEARISH | MACD=BEARISH | EMA20=1610.82 | EMA50=1660.77 | MACD=-40.8593 | Signal=-34.3776 | 1h: EMA=BEARISH | MACD=BEARISH | EMA20=1560.77 | EMA50=1591.22 | MACD=-15.0487 | Signal=-14.8542,1d: цена у нижней границы (+10 LONG) | 4h: цена у нижней границы (+8 LONG) | 1h: середина диапазона,1d: MACD SHORT +5 | 1d: RSI 28.6 <35 LONG +5 | 4h: MACD SHORT +4 | 4h: RSI 31.9 <35 LONG +4 | 1h: MACD SHORT +3 | 1h: RSI 37.8 neutral,Хорошая зона для LONG (+15 LONG),SHORT wins by 17 points
2026-06-26T13:27:55.018629+00:00,SOL/USDT,WAIT,NO TRADE,14,51.9,28,32,0,0,12,0,0,0,14,13,1,WAIT,1d: EMA SHORT +20 | 1d: MACD LONG +10 | 4h: EMA SHORT +12 | 4h: MACD LONG +6 | 1h: EMA LONG +8 | 1h: MACD LONG +4 |  | === Trend Summary === | 1d: EMA=BEARISH | MACD=BULLISH | EMA20=70.87 | EMA50=75.51 | MACD=-1.9005 | Signal=-2.2469 | 4h: EMA=BEARISH | MACD=BULLISH | EMA20=68.90 | EMA50=69.82 | MACD=-0.6388 | Signal=-0.8649 | 1h: EMA=BULLISH | MACD=BULLISH | EMA20=68.42 | EMA50=68.36 | MACD=0.3925 | Signal=0.3148,1d: середина диапазона | 4h: середина диапазона | 1h: середина диапазона,1d: MACD LONG +5 | 1d: RSI 42.2 neutral | 4h: MACD LONG +4 | 4h: RSI 48.2 neutral | 1h: MACD LONG +3 | 1h: RSI 52.8 neutral,Цена далеко от зоны входа,No clear directional edge.
2026-06-26T13:32:58.867263+00:00,BTC/USDT,SHORT,SETUP,26,74.3,0,60,18,0,9,12,15,0,9,26,17,SHORT,1d: EMA SHORT +20 | 1d: MACD SHORT +10 | 4h: EMA SHORT +12 | 4h: MACD SHORT +6 | 1h: EMA SHORT +8 | 1h: MACD SHORT +4 |  | === Trend Summary === | 1d: EMA=BEARISH | MACD=BEARISH | EMA20=63755.57 | EMA50=67830.51 | MACD=-2366.9298 | Signal=-2305.7488 | 4h: EMA=BEARISH | MACD=BEARISH | EMA20=60959.56 | EMA50=62309.84 | MACD=-1024.3763 | Signal=-908.4317 | 1h: EMA=BEARISH | MACD=BEARISH | EMA20=59760.69 | EMA50=60435.18 | MACD=-281.0230 | Signal=-262.0729,1d: цена у нижней границы (+10 LONG) | 4h: цена у нижней границы (+8 LONG) | 1h: середина диапазона,1d: MACD SHORT +5 | 1d: RSI 29.1 <35 LONG +5 | 4h: MACD SHORT +4 | 4h: RSI 34.5 <35 LONG +4 | 1h: MACD SHORT +3 | 1h: RSI 41.1 neutral,Хорошая зона для LONG (+15 LONG),SHORT wins by 17 points
2026-06-26T13:32:59.758999+00:00,ETH/USDT,SHORT,WATCH,24,68.6,4,56,18,0,12,9,15,0,11,24,13,SHORT,1d: EMA SHORT +20 | 1d: MACD SHORT +10 | 4h: EMA SHORT +12 | 4h: MACD SHORT +6 | 1h: EMA SHORT +8 | 1h: MACD LONG +4 |  | === Trend Summary === | 1d: EMA=BEARISH | MACD=BEARISH | EMA20=1707.32 | EMA50=1864.77 | MACD=-80.8360 | Signal=-78.6197 | 4h: EMA=BEARISH | MACD=BEARISH | EMA20=1611.13 | EMA50=1660.90 | MACD=-40.6016 | Signal=-34.3261 | 1h: EMA=BEARISH | MACD=BULLISH | EMA20=1561.08 | EMA50=1591.35 | MACD=-14.7910 | Signal=-14.8027,1d: цена у нижней границы (+10 LONG) | 4h: цена у нижней границы (+8 LONG) | 1h: середина диапазона,1d: MACD SHORT +5 | 1d: RSI 28.8 <35 LONG +5 | 4h: MACD SHORT +4 | 4h: RSI 32.3 <35 LONG +4 | 1h: MACD LONG +3 | 1h: RSI 38.7 neutral,Хорошая зона для LONG (+15 LONG),SHORT wins by 13 points
2026-06-26T13:33:00.769814+00:00,SOL/USDT,WAIT,NO TRADE,14,51.9,28,32,0,0,12,0,0,0,14,13,1,WAIT,1d: EMA SHORT +20 | 1d: MACD LONG +10 | 4h: EMA SHORT +12 | 4h: MACD LONG +6 | 1h: EMA LONG +8 | 1h: MACD LONG +4 |  | === Trend Summary === | 1d: EMA=BEARISH | MACD=BULLISH | EMA20=70.90 | EMA50=75.53 | MACD=-1.8702 | Signal=-2.2408 | 4h: EMA=BEARISH | MACD=BULLISH | EMA20=68.93 | EMA50=69.83 | MACD=-0.6093 | Signal=-0.8590 | 1h: EMA=BULLISH | MACD=BULLISH | EMA20=68.45 | EMA50=68.37 | MACD=0.4220 | Signal=0.3207,1d: середина диапазона | 4h: середина диапазона | 1h: середина диапазона,1d: MACD LONG +5 | 1d: RSI 43.2 neutral | 4h: MACD LONG +4 | 4h: RSI 49.5 neutral | 1h: MACD LONG +3 | 1h: RSI 54.9 neutral,Цена далеко от зоны входа,No clear directional edge.
2026-06-26T13:38:04.281539+00:00,BTC/USDT,SHORT,SETUP,26,78.8,0,60,10,0,9,12,15,0,7,26,19,SHORT,1d: EMA SHORT +20 | 1d: MACD SHORT +10 | 4h: EMA SHORT +12 | 4h: MACD SHORT +6 | 1h: EMA SHORT +8 | 1h: MACD SHORT +4 |  | === Trend Summary === | 1d: EMA=BEARISH | MACD=BEARISH | EMA20=63762.22 | EMA50=67833.24 | MACD=-2361.3617 | Signal=-2304.6352 | 4h: EMA=BEARISH | MACD=BEARISH | EMA20=60963.88 | EMA50=62311.62 | MACD=-1020.7547 | Signal=-907.7074 | 1h: EMA=BEARISH | MACD=BEARISH | EMA20=59762.14 | EMA50=60435.77 | MACD=-279.8104 | Signal=-261.8304,1d: цена у нижней границы (+10 LONG) | 4h: середина диапазона | 1h: середина диапазона,1d: MACD SHORT +5 | 1d: RSI 29.3 <35 LONG +5 | 4h: MACD SHORT +4 | 4h: RSI 34.7 <35 LONG +4 | 1h: MACD SHORT +3 | 1h: RSI 41.2 neutral,Хорошая зона для LONG (+15 LONG),SHORT wins by 19 points
2026-06-26T13:38:05.431997+00:00,ETH/USDT,SHORT,WATCH,24,75.0,4,56,18,0,12,9,0,0,8,24,16,SHORT,1d: EMA SHORT +20 | 1d: MACD SHORT +10 | 4h: EMA SHORT +12 | 4h: MACD SHORT +6 | 1h: EMA SHORT +8 | 1h: MACD LONG +4 |  | === Trend Summary === | 1d: EMA=BEARISH | MACD=BEARISH | EMA20=1707.69 | EMA50=1864.92 | MACD=-80.5241 | Signal=-78.5573 | 4h: EMA=BEARISH | MACD=BEARISH | EMA20=1611.50 | EMA50=1661.05 | MACD=-40.2897 | Signal=-34.2637 | 1h: EMA=BEARISH | MACD=BULLISH | EMA20=1561.43 | EMA50=1591.49 | MACD=-14.4951 | Signal=-14.7435,1d: цена у нижней границы (+10 LONG) | 4h: цена у нижней границы (+8 LONG) | 1h: середина диапазона,1d: MACD SHORT +5 | 1d: RSI 29.0 <35 LONG +5 | 4h: MACD SHORT +4 | 4h: RSI 32.7 <35 LONG +4 | 1h: MACD LONG +3 | 1h: RSI 40.2 neutral,Цена далеко от зоны входа,SHORT wins by 16 points
2026-06-26T13:38:06.315639+00:00,SOL/USDT,WAIT,NO TRADE,15,51.7,28,32,0,0,12,0,0,15,14,15,1,WAIT,1d: EMA SHORT +20 | 1d: MACD LONG +10 | 4h: EMA SHORT +12 | 4h: MACD LONG +6 | 1h: EMA LONG +8 | 1h: MACD LONG +4 |  | === Trend Summary === | 1d: EMA=BEARISH | MACD=BULLISH | EMA20=70.92 | EMA50=75.53 | MACD=-1.8583 | Signal=-2.2384 | 4h: EMA=BEARISH | MACD=BULLISH | EMA20=68.95 | EMA50=69.84 | MACD=-0.5965 | Signal=-0.8565 | 1h: EMA=BULLISH | MACD=BULLISH | EMA20=68.47 | EMA50=68.38 | MACD=0.4348 | Signal=0.3233,1d: середина диапазона | 4h: середина диапазона | 1h: середина диапазона,1d: MACD LONG +5 | 1d: RSI 43.6 neutral | 4h: MACD LONG +4 | 4h: RSI 50.0 neutral | 1h: MACD LONG +3 | 1h: RSI 55.8 neutral,Хорошая зона для SHORT (+15 SHORT),No clear directional edge.
2026-06-26T13:43:09.830135+00:00,BTC/USDT,SHORT,WATCH,24,80.0,4,56,10,0,8,9,0,0,6,24,18,SHORT,1d: EMA SHORT +20 | 1d: MACD SHORT +10 | 4h: EMA SHORT +12 | 4h: MACD SHORT +6 | 1h: EMA SHORT +8 | 1h: MACD LONG +4 |  | === Trend Summary === | 1d: EMA=BEARISH | MACD=BEARISH | EMA20=63787.55 | EMA50=67843.67 | MACD=-2340.1503 | Signal=-2300.3929 | 4h: EMA=BEARISH | MACD=BEARISH | EMA20=60989.08 | EMA50=62322.00 | MACD=-999.6470 | Signal=-903.4858 | 1h: EMA=BEARISH | MACD=BULLISH | EMA20=59790.22 | EMA50=60447.33 | MACD=-256.2936 | Signal=-257.1271,1d: цена у нижней границы (+10 LONG) | 4h: середина диапазона | 1h: середина диапазона,1d: MACD SHORT +5 | 1d: RSI 29.8 <35 LONG +5 | 4h: MACD SHORT +4 | 4h: RSI 35.9 neutral | 1h: MACD LONG +3 | 1h: RSI 44.5 neutral,Цена далеко от зоны входа,SHORT wins by 18 points
2026-06-26T13:43:10.714162+00:00,ETH/USDT,SHORT,WATCH,24,75.0,4,56,18,0,12,9,0,0,8,24,16,SHORT,1d: EMA SHORT +20 | 1d: MACD SHORT +10 | 4h: EMA SHORT +12 | 4h: MACD SHORT +6 | 1h: EMA SHORT +8 | 1h: MACD LONG +4 |  | === Trend Summary === | 1d: EMA=BEARISH | MACD=BEARISH | EMA20=1708.12 | EMA50=1865.10 | MACD=-80.1675 | Signal=-78.4860 | 4h: EMA=BEARISH | MACD=BEARISH | EMA20=1611.93 | EMA50=1661.23 | MACD=-39.9331 | Signal=-34.1924 | 1h: EMA=BEARISH | MACD=BULLISH | EMA20=1561.87 | EMA50=1591.68 | MACD=-14.1226 | Signal=-14.6690,1d: цена у нижней границы (+10 LONG) | 4h: цена у нижней границы (+8 LONG) | 1h: середина диапазона,1d: MACD SHORT +5 | 1d: RSI 29.2 <35 LONG +5 | 4h: MACD SHORT +4 | 4h: RSI 33.3 <35 LONG +4 | 1h: MACD LONG +3 | 1h: RSI 41.9 neutral,Цена далеко от зоны входа,SHORT wins by 16 points
2026-06-26T13:43:11.781326+00:00,SOL/USDT,WAIT,NO TRADE,17,54.8,28,32,0,8,12,0,0,15,14,17,3,WAIT,1d: EMA SHORT +20 | 1d: MACD LONG +10 | 4h: EMA SHORT +12 | 4h: MACD LONG +6 | 1h: EMA LONG +8 | 1h: MACD LONG +4 |  | === Trend Summary === | 1d: EMA=BEARISH | MACD=BULLISH | EMA20=70.95 | EMA50=75.55 | MACD=-1.8287 | Signal=-2.2325 | 4h: EMA=BEARISH | MACD=BULLISH | EMA20=68.98 | EMA50=69.85 | MACD=-0.5678 | Signal=-0.8507 | 1h: EMA=BULLISH | MACD=BULLISH | EMA20=68.50 | EMA50=68.39 | MACD=0.4635 | Signal=0.3290,1d: середина диапазона | 4h: цена у верхней границы (+8 SHORT) | 1h: середина диапазона,1d: MACD LONG +5 | 1d: RSI 44.5 neutral | 4h: MACD LONG +4 | 4h: RSI 51.1 neutral | 1h: MACD LONG +3 | 1h: RSI 57.5 neutral,Хорошая зона для SHORT (+15 SHORT),No clear directional edge.
2026-06-26T13:48:14.632475+00:00,BTC/USDT,SHORT,WATCH,24,80.0,4,56,10,0,8,9,0,0,6,24,18,SHORT,1d: EMA SHORT +20 | 1d: MACD SHORT +10 | 4h: EMA SHORT +12 | 4h: MACD SHORT +6 | 1h: EMA SHORT +8 | 1h: MACD LONG +4 |  | === Trend Summary === | 1d: EMA=BEARISH | MACD=BEARISH | EMA20=63793.75 | EMA50=67846.23 | MACD=-2334.9492 | Signal=-2299.3527 | 4h: EMA=BEARISH | MACD=BEARISH | EMA20=60995.41 | EMA50=62324.61 | MACD=-994.3422 | Signal=-902.4249 | 1h: EMA=BEARISH | MACD=BULLISH | EMA20=59796.55 | EMA50=60449.94 | MACD=-250.9888 | Signal=-256.0661,1d: цена у нижней границы (+10 LONG) | 4h: середина диапазона | 1h: середина диапазона,1d: MACD SHORT +5 | 1d: RSI 29.9 <35 LONG +5 | 4h: MACD SHORT +4 | 4h: RSI 36.4 neutral | 1h: MACD LONG +3 | 1h: RSI 45.2 neutral,Цена далеко от зоны входа,SHORT wins by 18 points
2026-06-26T13:48:15.517674+00:00,ETH/USDT,SHORT,WATCH,24,80.0,4,56,10,0,12,9,0,0,6,24,18,SHORT,1d: EMA SHORT +20 | 1d: MACD SHORT +10 | 4h: EMA SHORT +12 | 4h: MACD SHORT +6 | 1h: EMA SHORT +8 | 1h: MACD LONG +4 |  | === Trend Summary === | 1d: EMA=BEARISH | MACD=BEARISH | EMA20=1708.43 | EMA50=1865.23 | MACD=-79.9035 | Signal=-78.4332 | 4h: EMA=BEARISH | MACD=BEARISH | EMA20=1612.24 | EMA50=1661.36 | MACD=-39.6691 | Signal=-34.1396 | 1h: EMA=BEARISH | MACD=BULLISH | EMA20=1562.19 | EMA50=1591.80 | MACD=-13.8585 | Signal=-14.6162,1d: цена у нижней границы (+10 LONG) | 4h: середина диапазона | 1h: середина диапазона,1d: MACD SHORT +5 | 1d: RSI 29.4 <35 LONG +5 | 4h: MACD SHORT +4 | 4h: RSI 34.1 <35 LONG +4 | 1h: MACD LONG +3 | 1h: RSI 43.1 neutral,Цена далеко от зоны входа,SHORT wins by 18 points
2026-06-26T13:48:16.504256+00:00,SOL/USDT,WAIT,NO TRADE,17,54.8,28,32,0,8,12,0,0,15,14,17,3,WAIT,1d: EMA SHORT +20 | 1d: MACD LONG +10 | 4h: EMA SHORT +12 | 4h: MACD LONG +6 | 1h: EMA LONG +8 | 1h: MACD LONG +4 |  | === Trend Summary === | 1d: EMA=BEARISH | MACD=BULLISH | EMA20=70.98 | EMA50=75.56 | MACD=-1.8064 | Signal=-2.2280 | 4h: EMA=BEARISH | MACD=BULLISH | EMA20=69.01 | EMA50=69.86 | MACD=-0.5446 | Signal=-0.8461 | 1h: EMA=BULLISH | MACD=BULLISH | EMA20=68.53 | EMA50=68.40 | MACD=0.4867 | Signal=0.3336,1d: середина диапазона | 4h: цена у верхней границы (+8 SHORT) | 1h: середина диапазона,1d: MACD LONG +5 | 1d: RSI 45.1 neutral | 4h: MACD LONG +4 | 4h: RSI 52.0 neutral | 1h: MACD LONG +3 | 1h: RSI 58.9 neutral,Хорошая зона для SHORT (+15 SHORT),No clear directional edge.
2026-06-26T13:53:19.874708+00:00,BTC/USDT,SHORT,WATCH,24,80.0,4,56,10,0,8,9,0,0,6,24,18,SHORT,1d: EMA SHORT +20 | 1d: MACD SHORT +10 | 4h: EMA SHORT +12 | 4h: MACD SHORT +6 | 1h: EMA SHORT +8 | 1h: MACD LONG +4 |  | === Trend Summary === | 1d: EMA=BEARISH | MACD=BEARISH | EMA20=63809.45 | EMA50=67852.69 | MACD=-2321.8027 | Signal=-2296.7234 | 4h: EMA=BEARISH | MACD=BEARISH | EMA20=61011.11 | EMA50=62331.07 | MACD=-981.1957 | Signal=-899.7956 | 1h: EMA=BEARISH | MACD=BULLISH | EMA20=59812.81 | EMA50=60456.64 | MACD=-237.3717 | Signal=-253.3427,1d: цена у нижней границы (+10 LONG) | 4h: середина диапазона | 1h: середина диапазона,1d: MACD SHORT +5 | 1d: RSI 30.3 <35 LONG +5 | 4h: MACD SHORT +4 | 4h: RSI 37.8 neutral | 1h: MACD LONG +3 | 1h: RSI 47.0 neutral,Цена далеко от зоны входа,SHORT wins by 18 points
2026-06-26T13:53:21.022452+00:00,ETH/USDT,SHORT,WATCH,24,80.0,4,56,10,0,12,9,0,0,6,24,18,SHORT,1d: EMA SHORT +20 | 1d: MACD SHORT +10 | 4h: EMA SHORT +12 | 4h: MACD SHORT +6 | 1h: EMA SHORT +8 | 1h: MACD LONG +4 |  | === Trend Summary === | 1d: EMA=BEARISH | MACD=BEARISH | EMA20=1708.61 | EMA50=1865.30 | MACD=-79.7575 | Signal=-78.4040 | 4h: EMA=BEARISH | MACD=BEARISH | EMA20=1612.42 | EMA50=1661.43 | MACD=-39.5231 | Signal=-34.1104 | 1h: EMA=BEARISH | MACD=BULLISH | EMA20=1562.36 | EMA50=1591.88 | MACD=-13.7125 | Signal=-14.5870,1d: цена у нижней границы (+10 LONG) | 4h: середина диапазона | 1h: середина диапазона,1d: MACD SHORT +5 | 1d: RSI 29.5 <35 LONG +5 | 4h: MACD SHORT +4 | 4h: RSI 34.5 <35 LONG +4 | 1h: MACD LONG +3 | 1h: RSI 43.7 neutral,Цена далеко от зоны входа,SHORT wins by 18 points
2026-06-26T13:53:22.012985+00:00,SOL/USDT,WAIT,NO TRADE,19,57.6,28,32,0,15,12,0,0,15,14,19,5,WAIT,1d: EMA SHORT +20 | 1d: MACD LONG +10 | 4h: EMA SHORT +12 | 4h: MACD LONG +6 | 1h: EMA LONG +8 | 1h: MACD LONG +4 |  | === Trend Summary === | 1d: EMA=BEARISH | MACD=BULLISH | EMA20=71.00 | EMA50=75.57 | MACD=-1.7873 | Signal=-2.2242 | 4h: EMA=BEARISH | MACD=BULLISH | EMA20=69.03 | EMA50=69.87 | MACD=-0.5255 | Signal=-0.8423 | 1h: EMA=BULLISH | MACD=BULLISH | EMA20=68.55 | EMA50=68.41 | MACD=0.5042 | Signal=0.3371,1d: середина диапазона | 4h: цена у верхней границы (+8 SHORT) | 1h: цена у верхней границы (+7 SHORT),1d: MACD LONG +5 | 1d: RSI 45.7 neutral | 4h: MACD LONG +4 | 4h: RSI 52.7 neutral | 1h: MACD LONG +3 | 1h: RSI 59.8 neutral,Хорошая зона для SHORT (+15 SHORT),No clear directional edge.
2026-06-26T13:58:24.940911+00:00,BTC/USDT,SHORT,WAIT,21,72.4,14,46,0,0,13,4,0,15,8,21,13,SHORT,1d: EMA SHORT +20 | 1d: MACD LONG +10 | 4h: EMA SHORT +12 | 4h: MACD SHORT +6 | 1h: EMA SHORT +8 | 1h: MACD LONG +4 |  | === Trend Summary === | 1d: EMA=BEARISH | MACD=BULLISH | EMA20=63851.14 | EMA50=67869.86 | MACD=-2286.8865 | Signal=-2289.7402 | 4h: EMA=BEARISH | MACD=BEARISH | EMA20=61050.90 | EMA50=62347.45 | MACD=-947.8669 | Signal=-893.1298 | 1h: EMA=BEARISH | MACD=BULLISH | EMA20=59852.04 | EMA50=60472.79 | MACD=-204.5136 | Signal=-246.7711,1d: середина диапазона | 4h: середина диапазона | 1h: середина диапазона,1d: MACD LONG +5 | 1d: RSI 32.0 <35 LONG +5 | 4h: MACD SHORT +4 | 4h: RSI 40.9 neutral | 1h: MACD LONG +3 | 1h: RSI 50.9 neutral,Хорошая зона для SHORT (+15 SHORT),SHORT wins by 13 points
2026-06-26T13:58:25.879681+00:00,ETH/USDT,SHORT,SETUP,26,81.2,4,56,10,0,8,9,0,15,6,26,20,SHORT,1d: EMA SHORT +20 | 1d: MACD SHORT +10 | 4h: EMA SHORT +12 | 4h: MACD SHORT +6 | 1h: EMA SHORT +8 | 1h: MACD LONG +4 |  | === Trend Summary === | 1d: EMA=BEARISH | MACD=BEARISH | EMA20=1710.06 | EMA50=1865.89 | MACD=-78.5418 | Signal=-78.1609 | 4h: EMA=BEARISH | MACD=BEARISH | EMA20=1613.89 | EMA50=1662.03 | MACD=-38.2938 | Signal=-33.8645 | 1h: EMA=BEARISH | MACD=BULLISH | EMA20=1563.83 | EMA50=1592.48 | MACD=-12.4832 | Signal=-14.3411,1d: цена у нижней границы (+10 LONG) | 4h: середина диапазона | 1h: середина диапазона,1d: MACD SHORT +5 | 1d: RSI 30.4 <35 LONG +5 | 4h: MACD SHORT +4 | 4h: RSI 38.0 neutral | 1h: MACD LONG +3 | 1h: RSI 48.5 neutral,Хорошая зона для SHORT (+15 SHORT),SHORT wins by 20 points
2026-06-26T13:58:26.974364+00:00,SOL/USDT,WAIT,NO TRADE,19,57.6,28,32,0,15,12,0,0,15,14,19,5,WAIT,1d: EMA SHORT +20 | 1d: MACD LONG +10 | 4h: EMA SHORT +12 | 4h: MACD LONG +6 | 1h: EMA LONG +8 | 1h: MACD LONG +4 |  | === Trend Summary === | 1d: EMA=BEARISH | MACD=BULLISH | EMA20=71.05 | EMA50=75.59 | MACD=-1.7490 | Signal=-2.2165 | 4h: EMA=BEARISH | MACD=BULLISH | EMA20=69.08 | EMA50=69.89 | MACD=-0.4872 | Signal=-0.8346 | 1h: EMA=BULLISH | MACD=BULLISH | EMA20=68.60 | EMA50=68.43 | MACD=0.5441 | Signal=0.3451,1d: середина диапазона | 4h: цена у верхней границы (+8 SHORT) | 1h: цена у верхней границы (+7 SHORT),1d: MACD LONG +5 | 1d: RSI 46.7 neutral | 4h: MACD LONG +4 | 4h: RSI 54.1 neutral | 1h: MACD LONG +3 | 1h: RSI 61.8 neutral,Хорошая зона для SHORT (+15 SHORT),No clear directional edge.
2026-06-26T14:02:13.499658+00:00,BTC/USDT,SHORT,SETUP,26,89.7,4,56,0,0,8,9,0,15,3,26,23,SHORT,1d: EMA SHORT +20 | 1d: MACD SHORT +10 | 4h: EMA SHORT +12 | 4h: MACD SHORT +6 | 1h: EMA SHORT +8 | 1h: MACD LONG +4 |  | === Trend Summary === | 1d: EMA=BEARISH | MACD=BEARISH | EMA20=63837.77 | EMA50=67864.35 | MACD=-2298.0785 | Signal=-2291.9786 | 4h: EMA=BEARISH | MACD=BEARISH | EMA20=61039.43 | EMA50=62342.73 | MACD=-957.4715 | Signal=-895.0507 | 1h: EMA=BEARISH | MACD=BULLISH | EMA20=59870.12 | EMA50=60456.25 | MACD=-167.3636 | Signal=-229.6299,1d: середина диапазона | 4h: середина диапазона | 1h: середина диапазона,1d: MACD SHORT +5 | 1d: RSI 31.3 <35 LONG +5 | 4h: MACD SHORT +4 | 4h: RSI 40.1 neutral | 1h: MACD LONG +3 | 1h: RSI 49.7 neutral,Хорошая зона для SHORT (+15 SHORT),SHORT wins by 23 points
2026-06-26T14:02:14.233868+00:00,ETH/USDT,SHORT,SETUP,26,81.2,4,56,10,0,8,9,0,15,6,26,20,SHORT,1d: EMA SHORT +20 | 1d: MACD SHORT +10 | 4h: EMA SHORT +12 | 4h: MACD SHORT +6 | 1h: EMA SHORT +8 | 1h: MACD LONG +4 |  | === Trend Summary === | 1d: EMA=BEARISH | MACD=BEARISH | EMA20=1709.92 | EMA50=1865.84 | MACD=-78.6598 | Signal=-78.1845 | 4h: EMA=BEARISH | MACD=BEARISH | EMA20=1613.73 | EMA50=1661.97 | MACD=-38.4254 | Signal=-33.8909 | 1h: EMA=BEARISH | MACD=BULLISH | EMA20=1564.16 | EMA50=1591.50 | MACD=-10.7915 | Signal=-13.5837,1d: цена у нижней границы (+10 LONG) | 4h: середина диапазона | 1h: середина диапазона,1d: MACD SHORT +5 | 1d: RSI 30.3 <35 LONG +5 | 4h: MACD SHORT +4 | 4h: RSI 37.6 neutral | 1h: MACD LONG +3 | 1h: RSI 48.0 neutral,Хорошая зона для SHORT (+15 SHORT),SHORT wins by 20 points
2026-06-26T14:02:15.220843+00:00,SOL/USDT,WAIT,NO TRADE,19,57.6,28,32,0,15,12,0,0,15,14,19,5,WAIT,1d: EMA SHORT +20 | 1d: MACD LONG +10 | 4h: EMA SHORT +12 | 4h: MACD LONG +6 | 1h: EMA LONG +8 | 1h: MACD LONG +4 |  | === Trend Summary === | 1d: EMA=BEARISH | MACD=BULLISH | EMA20=71.03 | EMA50=75.58 | MACD=-1.7673 | Signal=-2.2202 | 4h: EMA=BEARISH | MACD=BULLISH | EMA20=69.06 | EMA50=69.88 | MACD=-0.5056 | Signal=-0.8383 | 1h: EMA=BULLISH | MACD=BULLISH | EMA20=68.78 | EMA50=68.51 | MACD=0.6213 | Signal=0.4014,1d: середина диапазона | 4h: цена у верхней границы (+8 SHORT) | 1h: цена у верхней границы (+7 SHORT),1d: MACD LONG +5 | 1d: RSI 46.2 neutral | 4h: MACD LONG +4 | 4h: RSI 53.4 neutral | 1h: MACD LONG +3 | 1h: RSI 60.1 neutral,Хорошая зона для SHORT (+15 SHORT),No clear directional edge.
2026-06-26T14:07:18.567341+00:00,BTC/USDT,SHORT,SETUP,26,81.2,4,56,10,0,8,9,0,15,6,26,20,SHORT,1d: EMA SHORT +20 | 1d: MACD SHORT +10 | 4h: EMA SHORT +12 | 4h: MACD SHORT +6 | 1h: EMA SHORT +8 | 1h: MACD LONG +4 |  | === Trend Summary === | 1d: EMA=BEARISH | MACD=BEARISH | EMA20=63834.15 | EMA50=67862.86 | MACD=-2301.1178 | Signal=-2292.5864 | 4h: EMA=BEARISH | MACD=BEARISH | EMA20=61035.80 | EMA50=62341.24 | MACD=-960.5108 | Signal=-895.6586 | 1h: EMA=BEARISH | MACD=BULLISH | EMA20=59866.65 | EMA50=60454.82 | MACD=-170.2673 | Signal=-230.2107,1d: цена у нижней границы (+10 LONG) | 4h: середина диапазона | 1h: середина диапазона,1d: MACD SHORT +5 | 1d: RSI 31.1 <35 LONG +5 | 4h: MACD SHORT +4 | 4h: RSI 39.8 neutral | 1h: MACD LONG +3 | 1h: RSI 49.4 neutral,Хорошая зона для SHORT (+15 SHORT),SHORT wins by 20 points
2026-06-26T14:07:20.003131+00:00,ETH/USDT,SHORT,WATCH,24,80.0,4,56,10,0,8,9,0,0,6,24,18,SHORT,1d: EMA SHORT +20 | 1d: MACD SHORT +10 | 4h: EMA SHORT +12 | 4h: MACD SHORT +6 | 1h: EMA SHORT +8 | 1h: MACD LONG +4 |  | === Trend Summary === | 1d: EMA=BEARISH | MACD=BEARISH | EMA20=1709.60 | EMA50=1865.71 | MACD=-78.9255 | Signal=-78.2376 | 4h: EMA=BEARISH | MACD=BEARISH | EMA20=1613.41 | EMA50=1661.84 | MACD=-38.6911 | Signal=-33.9440 | 1h: EMA=BEARISH | MACD=BULLISH | EMA20=1563.80 | EMA50=1591.36 | MACD=-11.0867 | Signal=-13.6427,1d: цена у нижней границы (+10 LONG) | 4h: середина диапазона | 1h: середина диапазона,1d: MACD SHORT +5 | 1d: RSI 30.1 <35 LONG +5 | 4h: MACD SHORT +4 | 4h: RSI 36.9 neutral | 1h: MACD LONG +3 | 1h: RSI 47.0 neutral,Цена далеко от зоны входа,SHORT wins by 18 points
2026-06-26T14:07:21.271326+00:00,SOL/USDT,WAIT,NO TRADE,19,57.6,28,32,0,15,12,0,0,15,14,19,5,WAIT,1d: EMA SHORT +20 | 1d: MACD LONG +10 | 4h: EMA SHORT +12 | 4h: MACD LONG +6 | 1h: EMA LONG +8 | 1h: MACD LONG +4 |  | === Trend Summary === | 1d: EMA=BEARISH | MACD=BULLISH | EMA20=71.03 | EMA50=75.58 | MACD=-1.7617 | Signal=-2.2191 | 4h: EMA=BEARISH | MACD=BULLISH | EMA20=69.07 | EMA50=69.88 | MACD=-0.5000 | Signal=-0.8372 | 1h: EMA=BULLISH | MACD=BULLISH | EMA20=68.78 | EMA50=68.51 | MACD=0.6269 | Signal=0.4025,1d: середина диапазона | 4h: цена у верхней границы (+8 SHORT) | 1h: цена у верхней границы (+7 SHORT),1d: MACD LONG +5 | 1d: RSI 46.4 neutral | 4h: MACD LONG +4 | 4h: RSI 53.6 neutral | 1h: MACD LONG +3 | 1h: RSI 60.6 neutral,Хорошая зона для SHORT (+15 SHORT),No clear directional edge.
2026-06-26T14:12:24.545877+00:00,BTC/USDT,SHORT,SETUP,26,89.7,4,56,0,0,8,9,0,15,3,26,23,SHORT,1d: EMA SHORT +20 | 1d: MACD SHORT +10 | 4h: EMA SHORT +12 | 4h: MACD SHORT +6 | 1h: EMA SHORT +8 | 1h: MACD LONG +4 |  | === Trend Summary === | 1d: EMA=BEARISH | MACD=BEARISH | EMA20=63842.96 | EMA50=67866.49 | MACD=-2293.7309 | Signal=-2291.1090 | 4h: EMA=BEARISH | MACD=BEARISH | EMA20=61044.62 | EMA50=62344.87 | MACD=-953.1239 | Signal=-894.1812 | 1h: EMA=BEARISH | MACD=BULLISH | EMA20=59875.31 | EMA50=60458.39 | MACD=-163.0160 | Signal=-228.7604,1d: середина диапазона | 4h: середина диапазона | 1h: середина диапазона,1d: MACD SHORT +5 | 1d: RSI 31.6 <35 LONG +5 | 4h: MACD SHORT +4 | 4h: RSI 40.4 neutral | 1h: MACD LONG +3 | 1h: RSI 50.2 neutral,Хорошая зона для SHORT (+15 SHORT),SHORT wins by 23 points
2026-06-26T14:12:25.419519+00:00,ETH/USDT,SHORT,SETUP,26,81.2,4,56,10,0,8,9,0,15,6,26,20,SHORT,1d: EMA SHORT +20 | 1d: MACD SHORT +10 | 4h: EMA SHORT +12 | 4h: MACD SHORT +6 | 1h: EMA SHORT +8 | 1h: MACD LONG +4 |  | === Trend Summary === | 1d: EMA=BEARISH | MACD=BEARISH | EMA20=1710.06 | EMA50=1865.89 | MACD=-78.5434 | Signal=-78.1612 | 4h: EMA=BEARISH | MACD=BEARISH | EMA20=1613.87 | EMA50=1662.03 | MACD=-38.3090 | Signal=-33.8676 | 1h: EMA=BEARISH | MACD=BULLISH | EMA20=1564.31 | EMA50=1591.57 | MACD=-10.6671 | Signal=-13.5588,1d: цена у нижней границы (+10 LONG) | 4h: середина диапазона | 1h: середина диапазона,1d: MACD SHORT +5 | 1d: RSI 30.4 <35 LONG +5 | 4h: MACD SHORT +4 | 4h: RSI 37.9 neutral | 1h: MACD LONG +3 | 1h: RSI 48.4 neutral,Хорошая зона для SHORT (+15 SHORT),SHORT wins by 20 points
2026-06-26T14:12:26.572013+00:00,SOL/USDT,WAIT,NO TRADE,19,57.6,28,32,0,15,12,0,0,15,14,19,5,WAIT,1d: EMA SHORT +20 | 1d: MACD LONG +10 | 4h: EMA SHORT +12 | 4h: MACD LONG +6 | 1h: EMA LONG +8 | 1h: MACD LONG +4 |  | === Trend Summary === | 1d: EMA=BEARISH | MACD=BULLISH | EMA20=71.08 | EMA50=75.60 | MACD=-1.7211 | Signal=-2.2110 | 4h: EMA=BEARISH | MACD=BULLISH | EMA20=69.11 | EMA50=69.90 | MACD=-0.4585 | Signal=-0.8289 | 1h: EMA=BULLISH | MACD=BULLISH | EMA20=68.83 | EMA50=68.53 | MACD=0.6684 | Signal=0.4108,1d: середина диапазона | 4h: цена у верхней границы (+8 SHORT) | 1h: цена у верхней границы (+7 SHORT),1d: MACD LONG +5 | 1d: RSI 47.5 neutral | 4h: MACD LONG +4 | 4h: RSI 55.1 neutral | 1h: MACD LONG +3 | 1h: RSI 63.2 neutral,Хорошая зона для SHORT (+15 SHORT),No clear directional edge.
2026-06-26T14:17:30.101081+00:00,BTC/USDT,SHORT,SETUP,26,89.7,4,56,0,0,8,9,0,15,3,26,23,SHORT,1d: EMA SHORT +20 | 1d: MACD SHORT +10 | 4h: EMA SHORT +12 | 4h: MACD SHORT +6 | 1h: EMA SHORT +8 | 1h: MACD LONG +4 |  | === Trend Summary === | 1d: EMA=BEARISH | MACD=BEARISH | EMA20=63841.84 | EMA50=67866.03 | MACD=-2294.6722 | Signal=-2291.2973 | 4h: EMA=BEARISH | MACD=BEARISH | EMA20=61043.50 | EMA50=62344.41 | MACD=-954.0652 | Signal=-894.3695 | 1h: EMA=BEARISH | MACD=BULLISH | EMA20=59874.81 | EMA50=60458.18 | MACD=-163.4308 | Signal=-228.8434,1d: середина диапазона | 4h: середина диапазона | 1h: середина диапазона,1d: MACD SHORT +5 | 1d: RSI 31.5 <35 LONG +5 | 4h: MACD SHORT +4 | 4h: RSI 40.4 neutral | 1h: MACD LONG +3 | 1h: RSI 50.2 neutral,Хорошая зона для SHORT (+15 SHORT),SHORT wins by 23 points
2026-06-26T14:17:31.027225+00:00,ETH/USDT,SHORT,SETUP,26,81.2,4,56,10,0,8,9,0,15,6,26,20,SHORT,1d: EMA SHORT +20 | 1d: MACD SHORT +10 | 4h: EMA SHORT +12 | 4h: MACD SHORT +6 | 1h: EMA SHORT +8 | 1h: MACD LONG +4 |  | === Trend Summary === | 1d: EMA=BEARISH | MACD=BEARISH | EMA20=1710.08 | EMA50=1865.90 | MACD=-78.5234 | Signal=-78.1572 | 4h: EMA=BEARISH | MACD=BEARISH | EMA20=1613.89 | EMA50=1662.04 | MACD=-38.2890 | Signal=-33.8636 | 1h: EMA=BEARISH | MACD=BULLISH | EMA20=1564.33 | EMA50=1591.58 | MACD=-10.6472 | Signal=-13.5548,1d: цена у нижней границы (+10 LONG) | 4h: середина диапазона | 1h: середина диапазона,1d: MACD SHORT +5 | 1d: RSI 30.4 <35 LONG +5 | 4h: MACD SHORT +4 | 4h: RSI 38.0 neutral | 1h: MACD LONG +3 | 1h: RSI 48.5 neutral,Хорошая зона для SHORT (+15 SHORT),SHORT wins by 20 points
2026-06-26T14:17:31.891693+00:00,SOL/USDT,WAIT,NO TRADE,19,57.6,28,32,0,15,12,0,0,15,14,19,5,WAIT,1d: EMA SHORT +20 | 1d: MACD LONG +10 | 4h: EMA SHORT +12 | 4h: MACD LONG +6 | 1h: EMA LONG +8 | 1h: MACD LONG +4 |  | === Trend Summary === | 1d: EMA=BEARISH | MACD=BULLISH | EMA20=71.08 | EMA50=75.60 | MACD=-1.7226 | Signal=-2.2113 | 4h: EMA=BEARISH | MACD=BULLISH | EMA20=69.11 | EMA50=69.90 | MACD=-0.4609 | Signal=-0.8293 | 1h: EMA=BULLISH | MACD=BULLISH | EMA20=68.83 | EMA50=68.53 | MACD=0.6676 | Signal=0.4106,1d: середина диапазона | 4h: цена у верхней границы (+8 SHORT) | 1h: цена у верхней границы (+7 SHORT),1d: MACD LONG +5 | 1d: RSI 47.4 neutral | 4h: MACD LONG +4 | 4h: RSI 55.0 neutral | 1h: MACD LONG +3 | 1h: RSI 63.2 neutral,Хорошая зона для SHORT (+15 SHORT),No clear directional edge.
2026-06-26T14:22:35.350027+00:00,BTC/USDT,SHORT,SETUP,26,89.7,4,56,0,0,8,9,0,15,3,26,23,SHORT,1d: EMA SHORT +20 | 1d: MACD SHORT +10 | 4h: EMA SHORT +12 | 4h: MACD SHORT +6 | 1h: EMA SHORT +8 | 1h: MACD LONG +4 |  | === Trend Summary === | 1d: EMA=BEARISH | MACD=BEARISH | EMA20=63846.07 | EMA50=67867.77 | MACD=-2291.1304 | Signal=-2290.5889 | 4h: EMA=BEARISH | MACD=BEARISH | EMA20=61047.73 | EMA50=62346.15 | MACD=-950.5234 | Signal=-893.6611 | 1h: EMA=BEARISH | MACD=BULLISH | EMA20=59878.41 | EMA50=60459.67 | MACD=-160.4155 | Signal=-228.2403,1d: середина диапазона | 4h: середина диапазона | 1h: середина диапазона,1d: MACD SHORT +5 | 1d: RSI 31.7 <35 LONG +5 | 4h: MACD SHORT +4 | 4h: RSI 40.7 neutral | 1h: MACD LONG +3 | 1h: RSI 50.5 neutral,Хорошая зона для SHORT (+15 SHORT),SHORT wins by 23 points
2026-06-26T14:22:36.232528+00:00,ETH/USDT,SHORT,SETUP,26,81.2,4,56,10,0,8,9,0,15,6,26,20,SHORT,1d: EMA SHORT +20 | 1d: MACD SHORT +10 | 4h: EMA SHORT +12 | 4h: MACD SHORT +6 | 1h: EMA SHORT +8 | 1h: MACD LONG +4 |  | === Trend Summary === | 1d: EMA=BEARISH | MACD=BEARISH | EMA20=1710.49 | EMA50=1866.07 | MACD=-78.1844 | Signal=-78.0894 | 4h: EMA=BEARISH | MACD=BEARISH | EMA20=1614.30 | EMA50=1662.20 | MACD=-37.9500 | Signal=-33.7958 | 1h: EMA=BEARISH | MACD=BULLISH | EMA20=1564.74 | EMA50=1591.74 | MACD=-10.3065 | Signal=-13.4867,1d: цена у нижней границы (+10 LONG) | 4h: середина диапазона | 1h: середина диапазона,1d: MACD SHORT +5 | 1d: RSI 30.8 <35 LONG +5 | 4h: MACD SHORT +4 | 4h: RSI 38.9 neutral | 1h: MACD LONG +3 | 1h: RSI 49.7 neutral,Хорошая зона для SHORT (+15 SHORT),SHORT wins by 20 points
2026-06-26T14:22:37.352119+00:00,SOL/USDT,WAIT,NO TRADE,20,58.8,28,32,0,15,12,4,0,15,14,20,6,WAIT,1d: EMA SHORT +20 | 1d: MACD LONG +10 | 4h: EMA SHORT +12 | 4h: MACD LONG +6 | 1h: EMA LONG +8 | 1h: MACD LONG +4 |  | === Trend Summary === | 1d: EMA=BEARISH | MACD=BULLISH | EMA20=71.14 | EMA50=75.62 | MACD=-1.6756 | Signal=-2.2019 | 4h: EMA=BEARISH | MACD=BULLISH | EMA20=69.17 | EMA50=69.93 | MACD=-0.4138 | Signal=-0.8199 | 1h: EMA=BULLISH | MACD=BULLISH | EMA20=68.89 | EMA50=68.56 | MACD=0.7131 | Signal=0.4197,1d: середина диапазона | 4h: цена у верхней границы (+8 SHORT) | 1h: цена у верхней границы (+7 SHORT),1d: MACD LONG +5 | 1d: RSI 48.6 neutral | 4h: MACD LONG +4 | 4h: RSI 56.5 neutral | 1h: MACD LONG +3 | 1h: RSI 65.2 >65 SHORT +4,Хорошая зона для SHORT (+15 SHORT),No clear directional edge.
2026-06-26T14:27:41.294236+00:00,BTC/USDT,SHORT,WAIT,21,72.4,14,46,0,0,13,4,0,15,8,21,13,SHORT,1d: EMA SHORT +20 | 1d: MACD LONG +10 | 4h: EMA SHORT +12 | 4h: MACD SHORT +6 | 1h: EMA SHORT +8 | 1h: MACD LONG +4 |  | === Trend Summary === | 1d: EMA=BEARISH | MACD=BULLISH | EMA20=63850.54 | EMA50=67869.61 | MACD=-2287.3891 | Signal=-2289.8407 | 4h: EMA=BEARISH | MACD=BEARISH | EMA20=61052.19 | EMA50=62347.99 | MACD=-946.7820 | Signal=-892.9128 | 1h: EMA=BEARISH | MACD=BULLISH | EMA20=59883.04 | EMA50=60461.57 | MACD=-156.5385 | Signal=-227.4649,1d: середина диапазона | 4h: середина диапазона | 1h: середина диапазона,1d: MACD LONG +5 | 1d: RSI 31.9 <35 LONG +5 | 4h: MACD SHORT +4 | 4h: RSI 41.0 neutral | 1h: MACD LONG +3 | 1h: RSI 51.0 neutral,Хорошая зона для SHORT (+15 SHORT),SHORT wins by 13 points
2026-06-26T14:27:42.500850+00:00,ETH/USDT,SHORT,SETUP,26,81.2,4,56,10,0,8,9,0,15,6,26,20,SHORT,1d: EMA SHORT +20 | 1d: MACD SHORT +10 | 4h: EMA SHORT +12 | 4h: MACD SHORT +6 | 1h: EMA SHORT +8 | 1h: MACD LONG +4 |  | === Trend Summary === | 1d: EMA=BEARISH | MACD=BEARISH | EMA20=1710.62 | EMA50=1866.13 | MACD=-78.0695 | Signal=-78.0664 | 4h: EMA=BEARISH | MACD=BEARISH | EMA20=1614.43 | EMA50=1662.26 | MACD=-37.8351 | Signal=-33.7728 | 1h: EMA=BEARISH | MACD=BULLISH | EMA20=1564.88 | EMA50=1591.80 | MACD=-10.1893 | Signal=-13.4633,1d: цена у нижней границы (+10 LONG) | 4h: середина диапазона | 1h: середина диапазона,1d: MACD SHORT +5 | 1d: RSI 31.0 <35 LONG +5 | 4h: MACD SHORT +4 | 4h: RSI 39.2 neutral | 1h: MACD LONG +3 | 1h: RSI 50.2 neutral,Хорошая зона для SHORT (+15 SHORT),SHORT wins by 20 points
2026-06-26T14:27:43.388486+00:00,SOL/USDT,WAIT,NO TRADE,20,58.8,28,32,0,15,12,4,0,15,14,20,6,WAIT,1d: EMA SHORT +20 | 1d: MACD LONG +10 | 4h: EMA SHORT +12 | 4h: MACD LONG +6 | 1h: EMA LONG +8 | 1h: MACD LONG +4 |  | === Trend Summary === | 1d: EMA=BEARISH | MACD=BULLISH | EMA20=71.15 | EMA50=75.63 | MACD=-1.6676 | Signal=-2.2003 | 4h: EMA=BEARISH | MACD=BULLISH | EMA20=69.18 | EMA50=69.93 | MACD=-0.4058 | Signal=-0.8183 | 1h: EMA=BULLISH | MACD=BULLISH | EMA20=68.90 | EMA50=68.56 | MACD=0.7210 | Signal=0.4213,1d: середина диапазона | 4h: цена у верхней границы (+8 SHORT) | 1h: цена у верхней границы (+7 SHORT),1d: MACD LONG +5 | 1d: RSI 48.8 neutral | 4h: MACD LONG +4 | 4h: RSI 56.7 neutral | 1h: MACD LONG +3 | 1h: RSI 65.6 >65 SHORT +4,Хорошая зона для SHORT (+15 SHORT),No clear directional edge.
2026-06-26T14:32:46.497372+00:00,BTC/USDT,SHORT,SETUP,26,81.2,4,56,10,0,8,9,0,15,6,26,20,SHORT,1d: EMA SHORT +20 | 1d: MACD SHORT +10 | 4h: EMA SHORT +12 | 4h: MACD SHORT +6 | 1h: EMA SHORT +8 | 1h: MACD LONG +4 |  | === Trend Summary === | 1d: EMA=BEARISH | MACD=BEARISH | EMA20=63835.13 | EMA50=67863.26 | MACD=-2300.2962 | Signal=-2292.4221 | 4h: EMA=BEARISH | MACD=BEARISH | EMA20=61036.79 | EMA50=62341.64 | MACD=-959.6892 | Signal=-895.4943 | 1h: EMA=BEARISH | MACD=BULLISH | EMA20=59867.47 | EMA50=60455.16 | MACD=-169.5813 | Signal=-230.0734,1d: цена у нижней границы (+10 LONG) | 4h: середина диапазона | 1h: середина диапазона,1d: MACD SHORT +5 | 1d: RSI 31.2 <35 LONG +5 | 4h: MACD SHORT +4 | 4h: RSI 39.8 neutral | 1h: MACD LONG +3 | 1h: RSI 49.5 neutral,Хорошая зона для SHORT (+15 SHORT),SHORT wins by 20 points
2026-06-26T14:32:47.374634+00:00,ETH/USDT,SHORT,SETUP,26,81.2,4,56,10,0,8,9,0,15,6,26,20,SHORT,1d: EMA SHORT +20 | 1d: MACD SHORT +10 | 4h: EMA SHORT +12 | 4h: MACD SHORT +6 | 1h: EMA SHORT +8 | 1h: MACD LONG +4 |  | === Trend Summary === | 1d: EMA=BEARISH | MACD=BEARISH | EMA20=1710.13 | EMA50=1865.92 | MACD=-78.4828 | Signal=-78.1491 | 4h: EMA=BEARISH | MACD=BEARISH | EMA20=1613.94 | EMA50=1662.06 | MACD=-38.2483 | Signal=-33.8554 | 1h: EMA=BEARISH | MACD=BULLISH | EMA20=1564.38 | EMA50=1591.60 | MACD=-10.6065 | Signal=-13.5467,1d: цена у нижней границы (+10 LONG) | 4h: середина диапазона | 1h: середина диапазона,1d: MACD SHORT +5 | 1d: RSI 30.4 <35 LONG +5 | 4h: MACD SHORT +4 | 4h: RSI 38.1 neutral | 1h: MACD LONG +3 | 1h: RSI 48.7 neutral,Хорошая зона для SHORT (+15 SHORT),SHORT wins by 20 points
2026-06-26T14:32:48.237590+00:00,SOL/USDT,WAIT,NO TRADE,20,58.8,28,32,0,15,12,4,0,15,14,20,6,WAIT,1d: EMA SHORT +20 | 1d: MACD LONG +10 | 4h: EMA SHORT +12 | 4h: MACD LONG +6 | 1h: EMA LONG +8 | 1h: MACD LONG +4 |  | === Trend Summary === | 1d: EMA=BEARISH | MACD=BULLISH | EMA20=71.14 | EMA50=75.63 | MACD=-1.6684 | Signal=-2.2004 | 4h: EMA=BEARISH | MACD=BULLISH | EMA20=69.18 | EMA50=69.93 | MACD=-0.4066 | Signal=-0.8185 | 1h: EMA=BULLISH | MACD=BULLISH | EMA20=68.90 | EMA50=68.56 | MACD=0.7202 | Signal=0.4212,1d: середина диапазона | 4h: цена у верхней границы (+8 SHORT) | 1h: цена у верхней границы (+7 SHORT),1d: MACD LONG +5 | 1d: RSI 48.8 neutral | 4h: MACD LONG +4 | 4h: RSI 56.7 neutral | 1h: MACD LONG +3 | 1h: RSI 65.5 >65 SHORT +4,Хорошая зона для SHORT (+15 SHORT),No clear directional edge.
2026-06-26T14:37:50.856290+00:00,BTC/USDT,SHORT,WATCH,24,80.0,4,56,10,0,8,9,0,0,6,24,18,SHORT,1d: EMA SHORT +20 | 1d: MACD SHORT +10 | 4h: EMA SHORT +12 | 4h: MACD SHORT +6 | 1h: EMA SHORT +8 | 1h: MACD LONG +4 |  | === Trend Summary === | 1d: EMA=BEARISH | MACD=BEARISH | EMA20=63805.25 | EMA50=67850.96 | MACD=-2325.3207 | Signal=-2297.4270 | 4h: EMA=BEARISH | MACD=BEARISH | EMA20=61006.90 | EMA50=62329.34 | MACD=-984.7216 | Signal=-900.5008 | 1h: EMA=BEARISH | MACD=BULLISH | EMA20=59837.58 | EMA50=60442.85 | MACD=-194.6138 | Signal=-235.0799,1d: цена у нижней границы (+10 LONG) | 4h: середина диапазона | 1h: середина диапазона,1d: MACD SHORT +5 | 1d: RSI 30.2 <35 LONG +5 | 4h: MACD SHORT +4 | 4h: RSI 37.4 neutral | 1h: MACD LONG +3 | 1h: RSI 46.8 neutral,Цена далеко от зоны входа,SHORT wins by 18 points
2026-06-26T14:37:52.264566+00:00,ETH/USDT,SHORT,WATCH,24,80.0,4,56,10,0,8,9,0,0,6,24,18,SHORT,1d: EMA SHORT +20 | 1d: MACD SHORT +10 | 4h: EMA SHORT +12 | 4h: MACD SHORT +6 | 1h: EMA SHORT +8 | 1h: MACD LONG +4 |  | === Trend Summary === | 1d: EMA=BEARISH | MACD=BEARISH | EMA20=1709.23 | EMA50=1865.55 | MACD=-79.2366 | Signal=-78.2998 | 4h: EMA=BEARISH | MACD=BEARISH | EMA20=1613.04 | EMA50=1661.69 | MACD=-38.9990 | Signal=-34.0056 | 1h: EMA=BEARISH | MACD=BULLISH | EMA20=1563.48 | EMA50=1591.23 | MACD=-11.3571 | Signal=-13.6968,1d: цена у нижней границы (+10 LONG) | 4h: середина диапазона | 1h: середина диапазона,1d: MACD SHORT +5 | 1d: RSI 29.9 <35 LONG +5 | 4h: MACD SHORT +4 | 4h: RSI 36.0 neutral | 1h: MACD LONG +3 | 1h: RSI 46.2 neutral,Цена далеко от зоны входа,SHORT wins by 18 points
2026-06-26T14:37:53.296653+00:00,SOL/USDT,WAIT,NO TRADE,19,57.6,28,32,0,15,12,0,0,15,14,19,5,WAIT,1d: EMA SHORT +20 | 1d: MACD LONG +10 | 4h: EMA SHORT +12 | 4h: MACD LONG +6 | 1h: EMA LONG +8 | 1h: MACD LONG +4 |  | === Trend Summary === | 1d: EMA=BEARISH | MACD=BULLISH | EMA20=71.07 | EMA50=75.59 | MACD=-1.7322 | Signal=-2.2132 | 4h: EMA=BEARISH | MACD=BULLISH | EMA20=69.10 | EMA50=69.90 | MACD=-0.4705 | Signal=-0.8313 | 1h: EMA=BULLISH | MACD=BULLISH | EMA20=68.82 | EMA50=68.53 | MACD=0.6564 | Signal=0.4084,1d: середина диапазона | 4h: цена у верхней границы (+8 SHORT) | 1h: цена у верхней границы (+7 SHORT),1d: MACD LONG +5 | 1d: RSI 47.2 neutral | 4h: MACD LONG +4 | 4h: RSI 54.7 neutral | 1h: MACD LONG +3 | 1h: RSI 62.6 neutral,Хорошая зона для SHORT (+15 SHORT),No clear directional edge.
2026-06-26T14:42:55.780685+00:00,BTC/USDT,SHORT,WATCH,24,80.0,4,56,10,0,8,9,0,0,6,24,18,SHORT,1d: EMA SHORT +20 | 1d: MACD SHORT +10 | 4h: EMA SHORT +12 | 4h: MACD SHORT +6 | 1h: EMA SHORT +8 | 1h: MACD LONG +4 |  | === Trend Summary === | 1d: EMA=BEARISH | MACD=BEARISH | EMA20=63809.89 | EMA50=67852.87 | MACD=-2321.4358 | Signal=-2296.6500 | 4h: EMA=BEARISH | MACD=BEARISH | EMA20=61011.55 | EMA50=62331.25 | MACD=-980.8288 | Signal=-899.7222 | 1h: EMA=BEARISH | MACD=BULLISH | EMA20=59842.23 | EMA50=60444.77 | MACD=-190.7209 | Signal=-234.3014,1d: цена у нижней границы (+10 LONG) | 4h: середина диапазона | 1h: середина диапазона,1d: MACD SHORT +5 | 1d: RSI 30.3 <35 LONG +5 | 4h: MACD SHORT +4 | 4h: RSI 37.8 neutral | 1h: MACD LONG +3 | 1h: RSI 47.2 neutral,Цена далеко от зоны входа,SHORT wins by 18 points
2026-06-26T14:42:57.511577+00:00,ETH/USDT,SHORT,WATCH,24,80.0,4,56,10,0,8,9,0,0,6,24,18,SHORT,1d: EMA SHORT +20 | 1d: MACD SHORT +10 | 4h: EMA SHORT +12 | 4h: MACD SHORT +6 | 1h: EMA SHORT +8 | 1h: MACD LONG +4 |  | === Trend Summary === | 1d: EMA=BEARISH | MACD=BEARISH | EMA20=1709.41 | EMA50=1865.63 | MACD=-79.0826 | Signal=-78.2690 | 4h: EMA=BEARISH | MACD=BEARISH | EMA20=1613.22 | EMA50=1661.76 | MACD=-38.8482 | Signal=-33.9754 | 1h: EMA=BEARISH | MACD=BULLISH | EMA20=1563.66 | EMA50=1591.30 | MACD=-11.2064 | Signal=-13.6667,1d: цена у нижней границы (+10 LONG) | 4h: середина диапазона | 1h: середина диапазона,1d: MACD SHORT +5 | 1d: RSI 30.0 <35 LONG +5 | 4h: MACD SHORT +4 | 4h: RSI 36.5 neutral | 1h: MACD LONG +3 | 1h: RSI 46.6 neutral,Цена далеко от зоны входа,SHORT wins by 18 points
2026-06-26T14:42:58.655761+00:00,SOL/USDT,WAIT,NO TRADE,19,57.6,28,32,0,15,12,0,0,15,14,19,5,WAIT,1d: EMA SHORT +20 | 1d: MACD LONG +10 | 4h: EMA SHORT +12 | 4h: MACD LONG +6 | 1h: EMA LONG +8 | 1h: MACD LONG +4 |  | === Trend Summary === | 1d: EMA=BEARISH | MACD=BULLISH | EMA20=71.08 | EMA50=75.60 | MACD=-1.7242 | Signal=-2.2116 | 4h: EMA=BEARISH | MACD=BULLISH | EMA20=69.11 | EMA50=69.90 | MACD=-0.4625 | Signal=-0.8297 | 1h: EMA=BULLISH | MACD=BULLISH | EMA20=68.83 | EMA50=68.53 | MACD=0.6644 | Signal=0.4100,1d: середина диапазона | 4h: цена у верхней границы (+8 SHORT) | 1h: цена у верхней границы (+7 SHORT),1d: MACD LONG +5 | 1d: RSI 47.4 neutral | 4h: MACD LONG +4 | 4h: RSI 54.9 neutral | 1h: MACD LONG +3 | 1h: RSI 63.0 neutral,Хорошая зона для SHORT (+15 SHORT),No clear directional edge.
2026-06-26T14:48:03.433275+00:00,BTC/USDT,SHORT,WATCH,24,80.0,4,56,10,0,8,9,0,0,6,24,18,SHORT,1d: EMA SHORT +20 | 1d: MACD SHORT +10 | 4h: EMA SHORT +12 | 4h: MACD SHORT +6 | 1h: EMA SHORT +8 | 1h: MACD LONG +4 |  | === Trend Summary === | 1d: EMA=BEARISH | MACD=BEARISH | EMA20=63817.92 | EMA50=67856.18 | MACD=-2314.7110 | Signal=-2295.3051 | 4h: EMA=BEARISH | MACD=BEARISH | EMA20=61019.58 | EMA50=62334.56 | MACD=-974.1040 | Signal=-898.3772 | 1h: EMA=BEARISH | MACD=BULLISH | EMA20=59847.65 | EMA50=60447.00 | MACD=-186.1818 | Signal=-233.3936,1d: цена у нижней границы (+10 LONG) | 4h: середина диапазона | 1h: середина диапазона,1d: MACD SHORT +5 | 1d: RSI 30.5 <35 LONG +5 | 4h: MACD SHORT +4 | 4h: RSI 38.5 neutral | 1h: MACD LONG +3 | 1h: RSI 47.7 neutral,Цена далеко от зоны входа,SHORT wins by 18 points
2026-06-26T14:48:04.286125+00:00,ETH/USDT,SHORT,SETUP,26,81.2,4,56,10,0,8,9,0,15,6,26,20,SHORT,1d: EMA SHORT +20 | 1d: MACD SHORT +10 | 4h: EMA SHORT +12 | 4h: MACD SHORT +6 | 1h: EMA SHORT +8 | 1h: MACD LONG +4 |  | === Trend Summary === | 1d: EMA=BEARISH | MACD=BEARISH | EMA20=1709.95 | EMA50=1865.85 | MACD=-78.6319 | Signal=-78.1789 | 4h: EMA=BEARISH | MACD=BEARISH | EMA20=1613.76 | EMA50=1661.98 | MACD=-38.3975 | Signal=-33.8853 | 1h: EMA=BEARISH | MACD=BULLISH | EMA20=1564.19 | EMA50=1591.52 | MACD=-10.7636 | Signal=-13.5781,1d: цена у нижней границы (+10 LONG) | 4h: середина диапазона | 1h: середина диапазона,1d: MACD SHORT +5 | 1d: RSI 30.3 <35 LONG +5 | 4h: MACD SHORT +4 | 4h: RSI 37.7 neutral | 1h: MACD LONG +3 | 1h: RSI 48.1 neutral,Хорошая зона для SHORT (+15 SHORT),SHORT wins by 20 points
2026-06-26T14:48:05.250571+00:00,SOL/USDT,WAIT,NO TRADE,19,57.6,28,32,0,15,12,0,0,15,14,19,5,WAIT,1d: EMA SHORT +20 | 1d: MACD LONG +10 | 4h: EMA SHORT +12 | 4h: MACD LONG +6 | 1h: EMA LONG +8 | 1h: MACD LONG +4 |  | === Trend Summary === | 1d: EMA=BEARISH | MACD=BULLISH | EMA20=71.07 | EMA50=75.59 | MACD=-1.7306 | Signal=-2.2129 | 4h: EMA=BEARISH | MACD=BULLISH | EMA20=69.10 | EMA50=69.90 | MACD=-0.4689 | Signal=-0.8309 | 1h: EMA=BULLISH | MACD=BULLISH | EMA20=68.82 | EMA50=68.53 | MACD=0.6580 | Signal=0.4087,1d: середина диапазона | 4h: цена у верхней границы (+8 SHORT) | 1h: цена у верхней границы (+7 SHORT),1d: MACD LONG +5 | 1d: RSI 47.2 neutral | 4h: MACD LONG +4 | 4h: RSI 54.7 neutral | 1h: MACD LONG +3 | 1h: RSI 62.7 neutral,Хорошая зона для SHORT (+15 SHORT),No clear directional edge.
2026-06-26T14:53:09.201580+00:00,BTC/USDT,SHORT,WATCH,24,80.0,4,56,10,0,8,9,0,0,6,24,18,SHORT,1d: EMA SHORT +20 | 1d: MACD SHORT +10 | 4h: EMA SHORT +12 | 4h: MACD SHORT +6 | 1h: EMA SHORT +8 | 1h: MACD LONG +4 |  | === Trend Summary === | 1d: EMA=BEARISH | MACD=BEARISH | EMA20=63811.80 | EMA50=67853.66 | MACD=-2319.8324 | Signal=-2296.3293 | 4h: EMA=BEARISH | MACD=BEARISH | EMA20=61013.46 | EMA50=62332.04 | MACD=-979.2253 | Signal=-899.4015 | 1h: EMA=BEARISH | MACD=BULLISH | EMA20=59843.18 | EMA50=60445.16 | MACD=-189.9311 | Signal=-234.1434,1d: цена у нижней границы (+10 LONG) | 4h: середина диапазона | 1h: середина диапазона,1d: MACD SHORT +5 | 1d: RSI 30.3 <35 LONG +5 | 4h: MACD SHORT +4 | 4h: RSI 38.0 neutral | 1h: MACD LONG +3 | 1h: RSI 47.3 neutral,Цена далеко от зоны входа,SHORT wins by 18 points
2026-06-26T14:53:10.539565+00:00,ETH/USDT,SHORT,SETUP,26,81.2,4,56,10,0,8,9,0,15,6,26,20,SHORT,1d: EMA SHORT +20 | 1d: MACD SHORT +10 | 4h: EMA SHORT +12 | 4h: MACD SHORT +6 | 1h: EMA SHORT +8 | 1h: MACD LONG +4 |  | === Trend Summary === | 1d: EMA=BEARISH | MACD=BEARISH | EMA20=1709.80 | EMA50=1865.79 | MACD=-78.7596 | Signal=-78.2044 | 4h: EMA=BEARISH | MACD=BEARISH | EMA20=1613.61 | EMA50=1661.92 | MACD=-38.5252 | Signal=-33.9108 | 1h: EMA=BEARISH | MACD=BULLISH | EMA20=1564.07 | EMA50=1591.47 | MACD=-10.8673 | Signal=-13.5989,1d: цена у нижней границы (+10 LONG) | 4h: середина диапазона | 1h: середина диапазона,1d: MACD SHORT +5 | 1d: RSI 30.2 <35 LONG +5 | 4h: MACD SHORT +4 | 4h: RSI 37.4 neutral | 1h: MACD LONG +3 | 1h: RSI 47.8 neutral,Хорошая зона для SHORT (+15 SHORT),SHORT wins by 20 points
2026-06-26T14:53:12.656209+00:00,SOL/USDT,WAIT,NO TRADE,19,57.6,28,32,0,15,12,0,0,15,14,19,5,WAIT,1d: EMA SHORT +20 | 1d: MACD LONG +10 | 4h: EMA SHORT +12 | 4h: MACD LONG +6 | 1h: EMA LONG +8 | 1h: MACD LONG +4 |  | === Trend Summary === | 1d: EMA=BEARISH | MACD=BULLISH | EMA20=71.09 | EMA50=75.60 | MACD=-1.7171 | Signal=-2.2102 | 4h: EMA=BEARISH | MACD=BULLISH | EMA20=69.12 | EMA50=69.91 | MACD=-0.4553 | Signal=-0.8282 | 1h: EMA=BULLISH | MACD=BULLISH | EMA20=68.84 | EMA50=68.54 | MACD=0.6708 | Signal=0.4113,1d: середина диапазона | 4h: цена у верхней границы (+8 SHORT) | 1h: цена у верхней границы (+7 SHORT),1d: MACD LONG +5 | 1d: RSI 47.6 neutral | 4h: MACD LONG +4 | 4h: RSI 55.2 neutral | 1h: MACD LONG +3 | 1h: RSI 63.3 neutral,Хорошая зона для SHORT (+15 SHORT),No clear directional edge.
2026-06-26T14:58:17.584144+00:00,BTC/USDT,SHORT,WATCH,24,80.0,4,56,10,0,8,9,0,0,6,24,18,SHORT,1d: EMA SHORT +20 | 1d: MACD SHORT +10 | 4h: EMA SHORT +12 | 4h: MACD SHORT +6 | 1h: EMA SHORT +8 | 1h: MACD LONG +4 |  | === Trend Summary === | 1d: EMA=BEARISH | MACD=BEARISH | EMA20=63805.11 | EMA50=67850.90 | MACD=-2325.4403 | Signal=-2297.4509 | 4h: EMA=BEARISH | MACD=BEARISH | EMA20=61006.77 | EMA50=62329.28 | MACD=-984.8333 | Signal=-900.5231 | 1h: EMA=BEARISH | MACD=BULLISH | EMA20=59837.45 | EMA50=60442.80 | MACD=-194.7254 | Signal=-235.1023,1d: цена у нижней границы (+10 LONG) | 4h: середина диапазона | 1h: середина диапазона,1d: MACD SHORT +5 | 1d: RSI 30.2 <35 LONG +5 | 4h: MACD SHORT +4 | 4h: RSI 37.4 neutral | 1h: MACD LONG +3 | 1h: RSI 46.8 neutral,Цена далеко от зоны входа,SHORT wins by 18 points
2026-06-26T14:58:18.873332+00:00,ETH/USDT,SHORT,WATCH,24,80.0,4,56,10,0,8,9,0,0,6,24,18,SHORT,1d: EMA SHORT +20 | 1d: MACD SHORT +10 | 4h: EMA SHORT +12 | 4h: MACD SHORT +6 | 1h: EMA SHORT +8 | 1h: MACD LONG +4 |  | === Trend Summary === | 1d: EMA=BEARISH | MACD=BEARISH | EMA20=1709.55 | EMA50=1865.68 | MACD=-78.9710 | Signal=-78.2467 | 4h: EMA=BEARISH | MACD=BEARISH | EMA20=1613.36 | EMA50=1661.82 | MACD=-38.7365 | Signal=-33.9531 | 1h: EMA=BEARISH | MACD=BULLISH | EMA20=1563.80 | EMA50=1591.36 | MACD=-11.0947 | Signal=-13.6443,1d: цена у нижней границы (+10 LONG) | 4h: середина диапазона | 1h: середина диапазона,1d: MACD SHORT +5 | 1d: RSI 30.1 <35 LONG +5 | 4h: MACD SHORT +4 | 4h: RSI 36.8 neutral | 1h: MACD LONG +3 | 1h: RSI 47.0 neutral,Цена далеко от зоны входа,SHORT wins by 18 points
2026-06-26T14:58:23.243691+00:00,SOL/USDT,WAIT,NO TRADE,17,54.8,28,32,0,8,12,0,0,15,14,17,3,WAIT,1d: EMA SHORT +20 | 1d: MACD LONG +10 | 4h: EMA SHORT +12 | 4h: MACD LONG +6 | 1h: EMA LONG +8 | 1h: MACD LONG +4 |  | === Trend Summary === | 1d: EMA=BEARISH | MACD=BULLISH | EMA20=71.04 | EMA50=75.58 | MACD=-1.7585 | Signal=-2.2185 | 4h: EMA=BEARISH | MACD=BULLISH | EMA20=69.07 | EMA50=69.89 | MACD=-0.4968 | Signal=-0.8365 | 1h: EMA=BULLISH | MACD=BULLISH | EMA20=68.79 | EMA50=68.52 | MACD=0.6301 | Signal=0.4031,1d: середина диапазона | 4h: цена у верхней границы (+8 SHORT) | 1h: середина диапазона,1d: MACD LONG +5 | 1d: RSI 46.5 neutral | 4h: MACD LONG +4 | 4h: RSI 53.7 neutral | 1h: MACD LONG +3 | 1h: RSI 60.8 neutral,Хорошая зона для SHORT (+15 SHORT),No clear directional edge.
2026-06-26T15:03:26.422694+00:00,BTC/USDT,SHORT,WATCH,24,80.0,4,56,10,0,8,9,0,0,6,24,18,SHORT,1d: EMA SHORT +20 | 1d: MACD SHORT +10 | 4h: EMA SHORT +12 | 4h: MACD SHORT +6 | 1h: EMA SHORT +8 | 1h: MACD LONG +4 |  | === Trend Summary === | 1d: EMA=BEARISH | MACD=BEARISH | EMA20=63819.64 | EMA50=67856.89 | MACD=-2313.2671 | Signal=-2295.0163 | 4h: EMA=BEARISH | MACD=BEARISH | EMA20=61021.30 | EMA50=62335.27 | MACD=-972.6601 | Signal=-898.0885 | 1h: EMA=BEARISH | MACD=BULLISH | EMA20=59828.63 | EMA50=60415.35 | MACD=-180.0155 | Signal=-224.3300,1d: цена у нижней границы (+10 LONG) | 4h: середина диапазона | 1h: середина диапазона,1d: MACD SHORT +5 | 1d: RSI 30.5 <35 LONG +5 | 4h: MACD SHORT +4 | 4h: RSI 38.6 neutral | 1h: MACD LONG +3 | 1h: RSI 48.3 neutral,Цена далеко от зоны входа,SHORT wins by 18 points
2026-06-26T15:03:27.329719+00:00,ETH/USDT,SHORT,SETUP,26,81.2,4,56,10,0,8,9,0,15,6,26,20,SHORT,1d: EMA SHORT +20 | 1d: MACD SHORT +10 | 4h: EMA SHORT +12 | 4h: MACD SHORT +6 | 1h: EMA SHORT +8 | 1h: MACD LONG +4 |  | === Trend Summary === | 1d: EMA=BEARISH | MACD=BEARISH | EMA20=1709.90 | EMA50=1865.83 | MACD=-78.6710 | Signal=-78.1867 | 4h: EMA=BEARISH | MACD=BEARISH | EMA20=1613.72 | EMA50=1661.96 | MACD=-38.4366 | Signal=-33.8931 | 1h: EMA=BEARISH | MACD=BULLISH | EMA20=1563.80 | EMA50=1590.27 | MACD=-9.8147 | Signal=-12.8788,1d: цена у нижней границы (+10 LONG) | 4h: середина диапазона | 1h: середина диапазона,1d: MACD SHORT +5 | 1d: RSI 30.3 <35 LONG +5 | 4h: MACD SHORT +4 | 4h: RSI 37.6 neutral | 1h: MACD LONG +3 | 1h: RSI 48.2 neutral,Хорошая зона для SHORT (+15 SHORT),SHORT wins by 20 points
2026-06-26T15:03:28.215646+00:00,SOL/USDT,WAIT,NO TRADE,17,54.8,28,32,0,8,12,0,0,15,14,17,3,WAIT,1d: EMA SHORT +20 | 1d: MACD LONG +10 | 4h: EMA SHORT +12 | 4h: MACD LONG +6 | 1h: EMA LONG +8 | 1h: MACD LONG +4 |  | === Trend Summary === | 1d: EMA=BEARISH | MACD=BULLISH | EMA20=71.04 | EMA50=75.58 | MACD=-1.7522 | Signal=-2.2172 | 4h: EMA=BEARISH | MACD=BULLISH | EMA20=69.08 | EMA50=69.89 | MACD=-0.4904 | Signal=-0.8352 | 1h: EMA=BULLISH | MACD=BULLISH | EMA20=68.96 | EMA50=68.60 | MACD=0.6892 | Signal=0.4598,1d: середина диапазона | 4h: цена у верхней границы (+8 SHORT) | 1h: середина диапазона,1d: MACD LONG +5 | 1d: RSI 46.6 neutral | 4h: MACD LONG +4 | 4h: RSI 54.0 neutral | 1h: MACD LONG +3 | 1h: RSI 61.1 neutral,Хорошая зона для SHORT (+15 SHORT),No clear directional edge.
2026-06-26T15:08:30.841324+00:00,BTC/USDT,SHORT,WATCH,24,80.0,4,56,10,0,8,9,0,0,6,24,18,SHORT,1d: EMA SHORT +20 | 1d: MACD SHORT +10 | 4h: EMA SHORT +12 | 4h: MACD SHORT +6 | 1h: EMA SHORT +8 | 1h: MACD LONG +4 |  | === Trend Summary === | 1d: EMA=BEARISH | MACD=BEARISH | EMA20=63822.71 | EMA50=67858.15 | MACD=-2310.6985 | Signal=-2294.5025 | 4h: EMA=BEARISH | MACD=BEARISH | EMA20=61024.63 | EMA50=62336.64 | MACD=-969.8681 | Signal=-897.5301 | 1h: EMA=BEARISH | MACD=BULLISH | EMA20=59831.96 | EMA50=60416.72 | MACD=-177.2235 | Signal=-223.7716,1d: цена у нижней границы (+10 LONG) | 4h: середина диапазона | 1h: середина диапазона,1d: MACD SHORT +5 | 1d: RSI 30.6 <35 LONG +5 | 4h: MACD SHORT +4 | 4h: RSI 38.9 neutral | 1h: MACD LONG +3 | 1h: RSI 48.6 neutral,Цена далеко от зоны входа,SHORT wins by 18 points
2026-06-26T15:08:31.895014+00:00,ETH/USDT,SHORT,SETUP,26,81.2,4,56,10,0,8,9,0,15,6,26,20,SHORT,1d: EMA SHORT +20 | 1d: MACD SHORT +10 | 4h: EMA SHORT +12 | 4h: MACD SHORT +6 | 1h: EMA SHORT +8 | 1h: MACD LONG +4 |  | === Trend Summary === | 1d: EMA=BEARISH | MACD=BEARISH | EMA20=1710.10 | EMA50=1865.91 | MACD=-78.5083 | Signal=-78.1542 | 4h: EMA=BEARISH | MACD=BEARISH | EMA20=1613.91 | EMA50=1662.04 | MACD=-38.2739 | Signal=-33.8605 | 1h: EMA=BEARISH | MACD=BULLISH | EMA20=1563.99 | EMA50=1590.35 | MACD=-9.6520 | Signal=-12.8463,1d: цена у нижней границы (+10 LONG) | 4h: середина диапазона | 1h: середина диапазона,1d: MACD SHORT +5 | 1d: RSI 30.4 <35 LONG +5 | 4h: MACD SHORT +4 | 4h: RSI 38.0 neutral | 1h: MACD LONG +3 | 1h: RSI 48.8 neutral,Хорошая зона для SHORT (+15 SHORT),SHORT wins by 20 points
2026-06-26T15:08:33.114883+00:00,SOL/USDT,WAIT,NO TRADE,17,54.8,28,32,0,8,12,0,0,15,14,17,3,WAIT,1d: EMA SHORT +20 | 1d: MACD LONG +10 | 4h: EMA SHORT +12 | 4h: MACD LONG +6 | 1h: EMA LONG +8 | 1h: MACD LONG +4 |  | === Trend Summary === | 1d: EMA=BEARISH | MACD=BULLISH | EMA20=71.06 | EMA50=75.59 | MACD=-1.7418 | Signal=-2.2151 | 4h: EMA=BEARISH | MACD=BULLISH | EMA20=69.09 | EMA50=69.89 | MACD=-0.4800 | Signal=-0.8332 | 1h: EMA=BULLISH | MACD=BULLISH | EMA20=68.97 | EMA50=68.60 | MACD=0.6996 | Signal=0.4619,1d: середина диапазона | 4h: цена у верхней границы (+8 SHORT) | 1h: середина диапазона,1d: MACD LONG +5 | 1d: RSI 46.9 neutral | 4h: MACD LONG +4 | 4h: RSI 54.3 neutral | 1h: MACD LONG +3 | 1h: RSI 61.6 neutral,Хорошая зона для SHORT (+15 SHORT),No clear directional edge.
2026-06-26T15:14:53.575830+00:00,BTC/USDT,SHORT,WATCH,24,80.0,4,56,10,0,8,9,0,0,6,24,18,SHORT,1d: EMA SHORT +20 | 1d: MACD SHORT +10 | 4h: EMA SHORT +12 | 4h: MACD SHORT +6 | 1h: EMA SHORT +8 | 1h: MACD LONG +4 |  | === Trend Summary === | 1d: EMA=BEARISH | MACD=BEARISH | EMA20=63826.76 | EMA50=67859.82 | MACD=-2307.3002 | Signal=-2293.8229 | 4h: EMA=BEARISH | MACD=BEARISH | EMA20=61028.42 | EMA50=62338.20 | MACD=-966.6932 | Signal=-896.8951 | 1h: EMA=BEARISH | MACD=BULLISH | EMA20=59835.75 | EMA50=60418.28 | MACD=-174.0485 | Signal=-223.1366,1d: цена у нижней границы (+10 LONG) | 4h: середина диапазона | 1h: середина диапазона,1d: MACD SHORT +5 | 1d: RSI 30.8 <35 LONG +5 | 4h: MACD SHORT +4 | 4h: RSI 39.2 neutral | 1h: MACD LONG +3 | 1h: RSI 49.0 neutral,Цена далеко от зоны входа,SHORT wins by 18 points
2026-06-26T15:14:54.535669+00:00,ETH/USDT,SHORT,SETUP,26,81.2,4,56,10,0,8,9,0,15,6,26,20,SHORT,1d: EMA SHORT +20 | 1d: MACD SHORT +10 | 4h: EMA SHORT +12 | 4h: MACD SHORT +6 | 1h: EMA SHORT +8 | 1h: MACD LONG +4 |  | === Trend Summary === | 1d: EMA=BEARISH | MACD=BEARISH | EMA20=1710.27 | EMA50=1865.98 | MACD=-78.3663 | Signal=-78.1258 | 4h: EMA=BEARISH | MACD=BEARISH | EMA20=1614.08 | EMA50=1662.11 | MACD=-38.1319 | Signal=-33.8321 | 1h: EMA=BEARISH | MACD=BULLISH | EMA20=1564.16 | EMA50=1590.42 | MACD=-9.5100 | Signal=-12.8179,1d: цена у нижней границы (+10 LONG) | 4h: середина диапазона | 1h: середина диапазона,1d: MACD SHORT +5 | 1d: RSI 30.5 <35 LONG +5 | 4h: MACD SHORT +4 | 4h: RSI 38.4 neutral | 1h: MACD LONG +3 | 1h: RSI 49.3 neutral,Хорошая зона для SHORT (+15 SHORT),SHORT wins by 20 points
2026-06-26T15:14:55.564099+00:00,SOL/USDT,WAIT,NO TRADE,19,57.6,28,32,0,15,12,0,0,15,14,19,5,WAIT,1d: EMA SHORT +20 | 1d: MACD LONG +10 | 4h: EMA SHORT +12 | 4h: MACD LONG +6 | 1h: EMA LONG +8 | 1h: MACD LONG +4 |  | === Trend Summary === | 1d: EMA=BEARISH | MACD=BULLISH | EMA20=71.07 | EMA50=75.59 | MACD=-1.7330 | Signal=-2.2134 | 4h: EMA=BEARISH | MACD=BULLISH | EMA20=69.10 | EMA50=69.90 | MACD=-0.4713 | Signal=-0.8314 | 1h: EMA=BULLISH | MACD=BULLISH | EMA20=68.98 | EMA50=68.61 | MACD=0.7084 | Signal=0.4637,1d: середина диапазона | 4h: цена у верхней границы (+8 SHORT) | 1h: цена у верхней границы (+7 SHORT),1d: MACD LONG +5 | 1d: RSI 47.1 neutral | 4h: MACD LONG +4 | 4h: RSI 54.6 neutral | 1h: MACD LONG +3 | 1h: RSI 62.1 neutral,Хорошая зона для SHORT (+15 SHORT),No clear directional edge.
2026-06-26T15:29:04.370142+00:00,BTC/USDT,SHORT,WAIT,21,72.4,14,46,0,0,13,4,0,15,8,21,13,SHORT,1d: EMA SHORT +20 | 1d: MACD LONG +10 | 4h: EMA SHORT +12 | 4h: MACD SHORT +6 | 1h: EMA SHORT +8 | 1h: MACD LONG +4 |  | === Trend Summary === | 1d: EMA=BEARISH | MACD=BULLISH | EMA20=63860.48 | EMA50=67873.70 | MACD=-2279.0608 | Signal=-2288.1750 | 4h: EMA=BEARISH | MACD=BEARISH | EMA20=61062.14 | EMA50=62352.08 | MACD=-938.4538 | Signal=-891.2472 | 1h: EMA=BEARISH | MACD=BULLISH | EMA20=59869.15 | EMA50=60432.04 | MACD=-146.0725 | Signal=-217.5414,1d: середина диапазона | 4h: середина диапазона | 1h: середина диапазона,1d: MACD LONG +5 | 1d: RSI 32.4 <35 LONG +5 | 4h: MACD SHORT +4 | 4h: RSI 41.8 neutral | 1h: MACD LONG +3 | 1h: RSI 51.9 neutral,Хорошая зона для SHORT (+15 SHORT),SHORT wins by 13 points
2026-06-26T15:29:06.084134+00:00,ETH/USDT,SHORT,WATCH,23,74.2,14,46,0,7,13,4,0,15,8,23,15,SHORT,1d: EMA SHORT +20 | 1d: MACD LONG +10 | 4h: EMA SHORT +12 | 4h: MACD SHORT +6 | 1h: EMA SHORT +8 | 1h: MACD LONG +4 |  | === Trend Summary === | 1d: EMA=BEARISH | MACD=BULLISH | EMA20=1711.63 | EMA50=1866.54 | MACD=-77.2295 | Signal=-77.8984 | 4h: EMA=BEARISH | MACD=BEARISH | EMA20=1615.42 | EMA50=1662.66 | MACD=-37.0087 | Signal=-33.6075 | 1h: EMA=BEARISH | MACD=BULLISH | EMA20=1565.45 | EMA50=1590.96 | MACD=-8.4299 | Signal=-12.6018,1d: середина диапазона | 4h: середина диапазона | 1h: цена у верхней границы (+7 SHORT),1d: MACD LONG +5 | 1d: RSI 32.4 <35 LONG +5 | 4h: MACD SHORT +4 | 4h: RSI 41.3 neutral | 1h: MACD LONG +3 | 1h: RSI 52.9 neutral,Хорошая зона для SHORT (+15 SHORT),SHORT wins by 15 points
2026-06-26T15:29:07.622735+00:00,SOL/USDT,WAIT,NO TRADE,19,57.6,28,32,0,15,12,0,0,15,14,19,5,WAIT,1d: EMA SHORT +20 | 1d: MACD LONG +10 | 4h: EMA SHORT +12 | 4h: MACD LONG +6 | 1h: EMA LONG +8 | 1h: MACD LONG +4 |  | === Trend Summary === | 1d: EMA=BEARISH | MACD=BULLISH | EMA20=71.14 | EMA50=75.62 | MACD=-1.6764 | Signal=-2.2020 | 4h: EMA=BEARISH | MACD=BULLISH | EMA20=69.17 | EMA50=69.93 | MACD=-0.4138 | Signal=-0.8199 | 1h: EMA=BULLISH | MACD=BULLISH | EMA20=69.05 | EMA50=68.63 | MACD=0.7658 | Signal=0.4751,1d: середина диапазона | 4h: цена у верхней границы (+8 SHORT) | 1h: цена у верхней границы (+7 SHORT),1d: MACD LONG +5 | 1d: RSI 48.6 neutral | 4h: MACD LONG +4 | 4h: RSI 56.5 neutral | 1h: MACD LONG +3 | 1h: RSI 64.8 neutral,Хорошая зона для SHORT (+15 SHORT),No clear directional edge.
2026-06-26T15:57:50.406175+00:00,BTC/USDT,SHORT,WATCH,23,74.2,14,46,0,7,13,4,0,15,8,23,15,SHORT,1d: EMA SHORT +20 | 1d: MACD LONG +10 | 4h: EMA SHORT +12 | 4h: MACD SHORT +6 | 1h: EMA SHORT +8 | 1h: MACD LONG +4 |  | === Trend Summary === | 1d: EMA=BEARISH | MACD=BULLISH | EMA20=63875.99 | EMA50=67880.09 | MACD=-2266.0660 | Signal=-2285.5760 | 4h: EMA=BEARISH | MACD=BEARISH | EMA20=61077.65 | EMA50=62358.47 | MACD=-925.4590 | Signal=-888.6482 | 1h: EMA=BEARISH | MACD=BULLISH | EMA20=59884.98 | EMA50=60438.56 | MACD=-132.8144 | Signal=-214.8897,1d: середина диапазона | 4h: середина диапазона | 1h: цена у верхней границы (+7 SHORT),1d: MACD LONG +5 | 1d: RSI 33.2 <35 LONG +5 | 4h: MACD SHORT +4 | 4h: RSI 42.9 neutral | 1h: MACD LONG +3 | 1h: RSI 53.2 neutral,Хорошая зона для SHORT (+15 SHORT),SHORT wins by 15 points
2026-06-26T15:57:51.991068+00:00,ETH/USDT,SHORT,WATCH,23,74.2,14,46,0,7,13,4,0,15,8,23,15,SHORT,1d: EMA SHORT +20 | 1d: MACD LONG +10 | 4h: EMA SHORT +12 | 4h: MACD SHORT +6 | 1h: EMA SHORT +8 | 1h: MACD LONG +4 |  | === Trend Summary === | 1d: EMA=BEARISH | MACD=BULLISH | EMA20=1711.57 | EMA50=1866.52 | MACD=-77.2782 | Signal=-77.9082 | 4h: EMA=BEARISH | MACD=BEARISH | EMA20=1615.38 | EMA50=1662.65 | MACD=-37.0438 | Signal=-33.6145 | 1h: EMA=BEARISH | MACD=BULLISH | EMA20=1565.47 | EMA50=1590.97 | MACD=-8.4092 | Signal=-12.5977,1d: середина диапазона | 4h: середина диапазона | 1h: цена у верхней границы (+7 SHORT),1d: MACD LONG +5 | 1d: RSI 32.3 <35 LONG +5 | 4h: MACD SHORT +4 | 4h: RSI 41.2 neutral | 1h: MACD LONG +3 | 1h: RSI 53.0 neutral,Хорошая зона для SHORT (+15 SHORT),SHORT wins by 15 points
2026-06-26T15:57:53.334946+00:00,SOL/USDT,WAIT,NO TRADE,20,58.8,28,32,0,15,12,4,0,15,14,20,6,WAIT,1d: EMA SHORT +20 | 1d: MACD LONG +10 | 4h: EMA SHORT +12 | 4h: MACD LONG +6 | 1h: EMA LONG +8 | 1h: MACD LONG +4 |  | === Trend Summary === | 1d: EMA=BEARISH | MACD=BULLISH | EMA20=71.19 | EMA50=75.64 | MACD=-1.6341 | Signal=-2.1936 | 4h: EMA=BEARISH | MACD=BULLISH | EMA20=69.22 | EMA50=69.95 | MACD=-0.3723 | Signal=-0.8116 | 1h: EMA=BULLISH | MACD=BULLISH | EMA20=69.10 | EMA50=68.65 | MACD=0.8073 | Signal=0.4834,1d: середина диапазона | 4h: цена у верхней границы (+8 SHORT) | 1h: цена у верхней границы (+7 SHORT),1d: MACD LONG +5 | 1d: RSI 49.7 neutral | 4h: MACD LONG +4 | 4h: RSI 57.7 neutral | 1h: MACD LONG +3 | 1h: RSI 66.6 >65 SHORT +4,Хорошая зона для SHORT (+15 SHORT),No clear directional edge.
2026-06-26T16:02:56.360121+00:00,BTC/USDT,WAIT,NO TRADE,20,64.5,20,40,0,7,17,0,0,15,11,20,9,WAIT,1d: EMA SHORT +20 | 1d: MACD LONG +10 | 4h: EMA SHORT +12 | 4h: MACD LONG +6 | 1h: EMA SHORT +8 | 1h: MACD LONG +4 |  | === Trend Summary === | 1d: EMA=BEARISH | MACD=BULLISH | EMA20=63886.47 | EMA50=67884.40 | MACD=-2257.2910 | Signal=-2283.8211 | 4h: EMA=BEARISH | MACD=BULLISH | EMA20=61016.67 | EMA50=62282.75 | MACD=-862.2749 | Signal=-883.7486 | 1h: EMA=BEARISH | MACD=BULLISH | EMA20=59937.40 | EMA50=60438.30 | MACD=-74.7823 | Signal=-187.2434,1d: середина диапазона | 4h: середина диапазона | 1h: цена у верхней границы (+7 SHORT),1d: MACD LONG +5 | 1d: RSI 33.7 <35 LONG +5 | 4h: MACD LONG +4 | 4h: RSI 43.7 neutral | 1h: MACD LONG +3 | 1h: RSI 54.1 neutral,Хорошая зона для SHORT (+15 SHORT),No clear directional edge.
2026-06-26T16:02:58.368112+00:00,ETH/USDT,SHORT,WATCH,23,74.2,14,46,0,7,13,4,0,15,8,23,15,SHORT,1d: EMA SHORT +20 | 1d: MACD LONG +10 | 4h: EMA SHORT +12 | 4h: MACD SHORT +6 | 1h: EMA SHORT +8 | 1h: MACD LONG +4 |  | === Trend Summary === | 1d: EMA=BEARISH | MACD=BULLISH | EMA20=1712.03 | EMA50=1866.71 | MACD=-76.8929 | Signal=-77.8311 | 4h: EMA=BEARISH | MACD=BEARISH | EMA20=1612.50 | EMA50=1659.60 | MACD=-34.8513 | Signal=-33.8758 | 1h: EMA=BEARISH | MACD=BULLISH | EMA20=1567.33 | EMA50=1590.73 | MACD=-5.9167 | Signal=-11.2774,1d: середина диапазона | 4h: середина диапазона | 1h: цена у верхней границы (+7 SHORT),1d: MACD LONG +5 | 1d: RSI 33.0 <35 LONG +5 | 4h: MACD SHORT +4 | 4h: RSI 42.2 neutral | 1h: MACD LONG +3 | 1h: RSI 54.2 neutral,Хорошая зона для SHORT (+15 SHORT),SHORT wins by 15 points
2026-06-26T16:02:59.943394+00:00,SOL/USDT,WAIT,NO TRADE,20,58.8,28,32,0,15,12,4,0,15,14,20,6,WAIT,1d: EMA SHORT +20 | 1d: MACD LONG +10 | 4h: EMA SHORT +12 | 4h: MACD LONG +6 | 1h: EMA LONG +8 | 1h: MACD LONG +4 |  | === Trend Summary === | 1d: EMA=BEARISH | MACD=BULLISH | EMA20=71.25 | EMA50=75.67 | MACD=-1.5791 | Signal=-2.1826 | 4h: EMA=BEARISH | MACD=BULLISH | EMA20=69.55 | EMA50=70.06 | MACD=-0.0496 | Signal=-0.6592 | 1h: EMA=BULLISH | MACD=BULLISH | EMA20=69.45 | EMA50=68.82 | MACD=0.9952 | Signal=0.5858,1d: середина диапазона | 4h: цена у верхней границы (+8 SHORT) | 1h: цена у верхней границы (+7 SHORT),1d: MACD LONG +5 | 1d: RSI 51.0 neutral | 4h: MACD LONG +4 | 4h: RSI 59.4 neutral | 1h: MACD LONG +3 | 1h: RSI 68.8 >65 SHORT +4,Хорошая зона для SHORT (+15 SHORT),No clear directional edge.
2026-06-26T16:08:04.130515+00:00,BTC/USDT,WAIT,NO TRADE,20,64.5,20,40,0,7,17,0,0,15,11,20,9,WAIT,1d: EMA SHORT +20 | 1d: MACD LONG +10 | 4h: EMA SHORT +12 | 4h: MACD LONG +6 | 1h: EMA SHORT +8 | 1h: MACD LONG +4 |  | === Trend Summary === | 1d: EMA=BEARISH | MACD=BULLISH | EMA20=63871.15 | EMA50=67878.10 | MACD=-2270.1184 | Signal=-2286.3865 | 4h: EMA=BEARISH | MACD=BULLISH | EMA20=61002.04 | EMA50=62276.73 | MACD=-874.5279 | Signal=-886.1992 | 1h: EMA=BEARISH | MACD=BULLISH | EMA20=59922.96 | EMA50=60432.35 | MACD=-86.8838 | Signal=-189.6637,1d: середина диапазона | 4h: середина диапазона | 1h: цена у верхней границы (+7 SHORT),1d: MACD LONG +5 | 1d: RSI 32.9 <35 LONG +5 | 4h: MACD LONG +4 | 4h: RSI 42.6 neutral | 1h: MACD LONG +3 | 1h: RSI 52.9 neutral,Хорошая зона для SHORT (+15 SHORT),No clear directional edge.
2026-06-26T16:08:07.404818+00:00,ETH/USDT,SHORT,WATCH,23,74.2,14,46,0,7,13,4,0,15,8,23,15,SHORT,1d: EMA SHORT +20 | 1d: MACD LONG +10 | 4h: EMA SHORT +12 | 4h: MACD SHORT +6 | 1h: EMA SHORT +8 | 1h: MACD LONG +4 |  | === Trend Summary === | 1d: EMA=BEARISH | MACD=BULLISH | EMA20=1711.63 | EMA50=1866.54 | MACD=-77.2216 | Signal=-77.8968 | 4h: EMA=BEARISH | MACD=BEARISH | EMA20=1612.09 | EMA50=1659.43 | MACD=-35.1927 | Signal=-33.9441 | 1h: EMA=BEARISH | MACD=BULLISH | EMA20=1566.93 | EMA50=1590.56 | MACD=-6.2541 | Signal=-11.3449,1d: середина диапазона | 4h: середина диапазона | 1h: цена у верхней границы (+7 SHORT),1d: MACD LONG +5 | 1d: RSI 32.4 <35 LONG +5 | 4h: MACD SHORT +4 | 4h: RSI 41.3 neutral | 1h: MACD LONG +3 | 1h: RSI 53.1 neutral,Хорошая зона для SHORT (+15 SHORT),SHORT wins by 15 points
2026-06-26T16:08:09.246978+00:00,SOL/USDT,WAIT,NO TRADE,20,58.8,28,32,0,15,12,4,0,15,14,20,6,WAIT,1d: EMA SHORT +20 | 1d: MACD LONG +10 | 4h: EMA SHORT +12 | 4h: MACD LONG +6 | 1h: EMA LONG +8 | 1h: MACD LONG +4 |  | === Trend Summary === | 1d: EMA=BEARISH | MACD=BULLISH | EMA20=71.23 | EMA50=75.66 | MACD=-1.5950 | Signal=-2.1858 | 4h: EMA=BEARISH | MACD=BULLISH | EMA20=69.54 | EMA50=70.05 | MACD=-0.0655 | Signal=-0.6624 | 1h: EMA=BULLISH | MACD=BULLISH | EMA20=69.43 | EMA50=68.81 | MACD=0.9785 | Signal=0.5825,1d: середина диапазона | 4h: цена у верхней границы (+8 SHORT) | 1h: цена у верхней границы (+7 SHORT),1d: MACD LONG +5 | 1d: RSI 50.6 neutral | 4h: MACD LONG +4 | 4h: RSI 58.9 neutral | 1h: MACD LONG +3 | 1h: RSI 68.1 >65 SHORT +4,Хорошая зона для SHORT (+15 SHORT),No clear directional edge.
2026-06-26T16:13:12.117182+00:00,BTC/USDT,WAIT,NO TRADE,18,62.1,20,40,0,0,17,0,0,15,11,18,7,WAIT,1d: EMA SHORT +20 | 1d: MACD LONG +10 | 4h: EMA SHORT +12 | 4h: MACD LONG +6 | 1h: EMA SHORT +8 | 1h: MACD LONG +4 |  | === Trend Summary === | 1d: EMA=BEARISH | MACD=BULLISH | EMA20=63861.03 | EMA50=67873.93 | MACD=-2278.5982 | Signal=-2288.0825 | 4h: EMA=BEARISH | MACD=BULLISH | EMA20=60991.23 | EMA50=62272.27 | MACD=-883.5820 | Signal=-888.0100 | 1h: EMA=BEARISH | MACD=BULLISH | EMA20=59912.15 | EMA50=60427.90 | MACD=-95.9379 | Signal=-191.4746,1d: середина диапазона | 4h: середина диапазона | 1h: середина диапазона,1d: MACD LONG +5 | 1d: RSI 32.5 <35 LONG +5 | 4h: MACD LONG +4 | 4h: RSI 42.0 neutral | 1h: MACD LONG +3 | 1h: RSI 51.8 neutral,Хорошая зона для SHORT (+15 SHORT),No clear directional edge.
2026-06-26T16:13:13.255318+00:00,ETH/USDT,SHORT,WATCH,23,74.2,14,46,0,7,13,4,0,15,8,23,15,SHORT,1d: EMA SHORT +20 | 1d: MACD LONG +10 | 4h: EMA SHORT +12 | 4h: MACD SHORT +6 | 1h: EMA SHORT +8 | 1h: MACD LONG +4 |  | === Trend Summary === | 1d: EMA=BEARISH | MACD=BULLISH | EMA20=1711.42 | EMA50=1866.46 | MACD=-77.4010 | Signal=-77.9327 | 4h: EMA=BEARISH | MACD=BEARISH | EMA20=1611.89 | EMA50=1659.35 | MACD=-35.3594 | Signal=-33.9774 | 1h: EMA=BEARISH | MACD=BULLISH | EMA20=1566.74 | EMA50=1590.49 | MACD=-6.4065 | Signal=-11.3754,1d: середина диапазона | 4h: середина диапазона | 1h: цена у верхней границы (+7 SHORT),1d: MACD LONG +5 | 1d: RSI 32.1 <35 LONG +5 | 4h: MACD SHORT +4 | 4h: RSI 40.9 neutral | 1h: MACD LONG +3 | 1h: RSI 52.6 neutral,Хорошая зона для SHORT (+15 SHORT),SHORT wins by 15 points
2026-06-26T16:13:14.336793+00:00,SOL/USDT,WAIT,NO TRADE,20,58.8,28,32,0,15,12,4,0,15,14,20,6,WAIT,1d: EMA SHORT +20 | 1d: MACD LONG +10 | 4h: EMA SHORT +12 | 4h: MACD LONG +6 | 1h: EMA LONG +8 | 1h: MACD LONG +4 |  | === Trend Summary === | 1d: EMA=BEARISH | MACD=BULLISH | EMA20=71.23 | EMA50=75.66 | MACD=-1.6006 | Signal=-2.1869 | 4h: EMA=BEARISH | MACD=BULLISH | EMA20=69.53 | EMA50=70.05 | MACD=-0.0719 | Signal=-0.6637 | 1h: EMA=BULLISH | MACD=BULLISH | EMA20=69.42 | EMA50=68.80 | MACD=0.9721 | Signal=0.5812,1d: середина диапазона | 4h: цена у верхней границы (+8 SHORT) | 1h: цена у верхней границы (+7 SHORT),1d: MACD LONG +5 | 1d: RSI 50.5 neutral | 4h: MACD LONG +4 | 4h: RSI 58.7 neutral | 1h: MACD LONG +3 | 1h: RSI 67.9 >65 SHORT +4,Хорошая зона для SHORT (+15 SHORT),No clear directional edge.
2026-06-26T16:18:16.970298+00:00,BTC/USDT,WAIT,NO TRADE,18,62.1,20,40,0,0,17,0,0,15,11,18,7,WAIT,1d: EMA SHORT +20 | 1d: MACD LONG +10 | 4h: EMA SHORT +12 | 4h: MACD LONG +6 | 1h: EMA SHORT +8 | 1h: MACD LONG +4 |  | === Trend Summary === | 1d: EMA=BEARISH | MACD=BULLISH | EMA20=63859.53 | EMA50=67873.31 | MACD=-2279.8586 | Signal=-2288.3346 | 4h: EMA=BEARISH | MACD=BULLISH | EMA20=60989.72 | EMA50=62271.66 | MACD=-884.8424 | Signal=-888.2621 | 1h: EMA=BEARISH | MACD=BULLISH | EMA20=59910.64 | EMA50=60427.28 | MACD=-97.1983 | Signal=-191.7266,1d: середина диапазона | 4h: середина диапазона | 1h: середина диапазона,1d: MACD LONG +5 | 1d: RSI 32.4 <35 LONG +5 | 4h: MACD LONG +4 | 4h: RSI 41.9 neutral | 1h: MACD LONG +3 | 1h: RSI 51.7 neutral,Хорошая зона для SHORT (+15 SHORT),No clear directional edge.
2026-06-26T16:18:18.052763+00:00,ETH/USDT,SHORT,WATCH,23,67.6,14,46,10,7,13,4,0,15,11,23,12,SHORT,1d: EMA SHORT +20 | 1d: MACD LONG +10 | 4h: EMA SHORT +12 | 4h: MACD SHORT +6 | 1h: EMA SHORT +8 | 1h: MACD LONG +4 |  | === Trend Summary === | 1d: EMA=BEARISH | MACD=BULLISH | EMA20=1711.37 | EMA50=1866.44 | MACD=-77.4393 | Signal=-77.9404 | 4h: EMA=BEARISH | MACD=BEARISH | EMA20=1611.85 | EMA50=1659.33 | MACD=-35.3977 | Signal=-33.9851 | 1h: EMA=BEARISH | MACD=BULLISH | EMA20=1566.68 | EMA50=1590.46 | MACD=-6.4575 | Signal=-11.3856,1d: цена у нижней границы (+10 LONG) | 4h: середина диапазона | 1h: цена у верхней границы (+7 SHORT),1d: MACD LONG +5 | 1d: RSI 32.1 <35 LONG +5 | 4h: MACD SHORT +4 | 4h: RSI 40.8 neutral | 1h: MACD LONG +3 | 1h: RSI 52.4 neutral,Хорошая зона для SHORT (+15 SHORT),SHORT wins by 12 points
2026-06-26T16:18:19.077763+00:00,SOL/USDT,WAIT,NO TRADE,20,58.8,28,32,0,15,12,4,0,15,14,20,6,WAIT,1d: EMA SHORT +20 | 1d: MACD LONG +10 | 4h: EMA SHORT +12 | 4h: MACD LONG +6 | 1h: EMA LONG +8 | 1h: MACD LONG +4 |  | === Trend Summary === | 1d: EMA=BEARISH | MACD=BULLISH | EMA20=71.23 | EMA50=75.66 | MACD=-1.5990 | Signal=-2.1866 | 4h: EMA=BEARISH | MACD=BULLISH | EMA20=69.53 | EMA50=70.05 | MACD=-0.0695 | Signal=-0.6632 | 1h: EMA=BULLISH | MACD=BULLISH | EMA20=69.42 | EMA50=68.81 | MACD=0.9745 | Signal=0.5817,1d: середина диапазона | 4h: цена у верхней границы (+8 SHORT) | 1h: цена у верхней границы (+7 SHORT),1d: MACD LONG +5 | 1d: RSI 50.5 neutral | 4h: MACD LONG +4 | 4h: RSI 58.8 neutral | 1h: MACD LONG +3 | 1h: RSI 68.0 >65 SHORT +4,Хорошая зона для SHORT (+15 SHORT),No clear directional edge.
2026-06-26T16:23:21.704730+00:00,BTC/USDT,SHORT,SETUP,26,89.7,4,56,0,0,8,9,0,15,3,26,23,SHORT,1d: EMA SHORT +20 | 1d: MACD SHORT +10 | 4h: EMA SHORT +12 | 4h: MACD SHORT +6 | 1h: EMA SHORT +8 | 1h: MACD LONG +4 |  | === Trend Summary === | 1d: EMA=BEARISH | MACD=BEARISH | EMA20=63840.90 | EMA50=67865.64 | MACD=-2295.4620 | Signal=-2291.4553 | 4h: EMA=BEARISH | MACD=BEARISH | EMA20=60971.48 | EMA50=62264.14 | MACD=-900.1268 | Signal=-891.3189 | 1h: EMA=BEARISH | MACD=BULLISH | EMA20=59892.39 | EMA50=60419.77 | MACD=-112.4826 | Signal=-194.7835,1d: середина диапазона | 4h: середина диапазона | 1h: середина диапазона,1d: MACD SHORT +5 | 1d: RSI 31.5 <35 LONG +5 | 4h: MACD SHORT +4 | 4h: RSI 40.9 neutral | 1h: MACD LONG +3 | 1h: RSI 50.1 neutral,Хорошая зона для SHORT (+15 SHORT),SHORT wins by 23 points
2026-06-26T16:23:22.665657+00:00,ETH/USDT,SHORT,WAIT,21,65.6,14,46,10,0,13,4,0,15,11,21,10,SHORT,1d: EMA SHORT +20 | 1d: MACD LONG +10 | 4h: EMA SHORT +12 | 4h: MACD SHORT +6 | 1h: EMA SHORT +8 | 1h: MACD LONG +4 |  | === Trend Summary === | 1d: EMA=BEARISH | MACD=BULLISH | EMA20=1710.81 | EMA50=1866.20 | MACD=-77.9148 | Signal=-78.0355 | 4h: EMA=BEARISH | MACD=BEARISH | EMA20=1611.28 | EMA50=1659.09 | MACD=-35.8731 | Signal=-34.0801 | 1h: EMA=BEARISH | MACD=BULLISH | EMA20=1566.11 | EMA50=1590.23 | MACD=-6.9337 | Signal=-11.4809,1d: цена у нижней границы (+10 LONG) | 4h: середина диапазона | 1h: середина диапазона,1d: MACD LONG +5 | 1d: RSI 31.3 <35 LONG +5 | 4h: MACD SHORT +4 | 4h: RSI 40.0 neutral | 1h: MACD LONG +3 | 1h: RSI 50.7 neutral,Хорошая зона для SHORT (+15 SHORT),SHORT wins by 10 points
2026-06-26T16:23:23.645825+00:00,SOL/USDT,WAIT,NO TRADE,20,58.8,28,32,0,15,12,4,0,15,14,20,6,WAIT,1d: EMA SHORT +20 | 1d: MACD LONG +10 | 4h: EMA SHORT +12 | 4h: MACD LONG +6 | 1h: EMA LONG +8 | 1h: MACD LONG +4 |  | === Trend Summary === | 1d: EMA=BEARISH | MACD=BULLISH | EMA20=71.19 | EMA50=75.64 | MACD=-1.6309 | Signal=-2.1929 | 4h: EMA=BEARISH | MACD=BULLISH | EMA20=69.49 | EMA50=70.03 | MACD=-0.1014 | Signal=-0.6696 | 1h: EMA=BULLISH | MACD=BULLISH | EMA20=69.38 | EMA50=68.79 | MACD=0.9434 | Signal=0.5754,1d: середина диапазона | 4h: цена у верхней границы (+8 SHORT) | 1h: цена у верхней границы (+7 SHORT),1d: MACD LONG +5 | 1d: RSI 49.7 neutral | 4h: MACD LONG +4 | 4h: RSI 57.8 neutral | 1h: MACD LONG +3 | 1h: RSI 66.7 >65 SHORT +4,Хорошая зона для SHORT (+15 SHORT),No clear directional edge.
2026-06-26T16:24:27.423942+00:00,BTC/USDT,SHORT,WAIT,21,72.4,14,46,0,0,13,4,0,15,8,21,13,SHORT,1d: EMA SHORT +20 | 1d: MACD LONG +10 | 4h: EMA SHORT +12 | 4h: MACD SHORT +6 | 1h: EMA SHORT +8 | 1h: MACD LONG +4 |  | === Trend Summary === | 1d: EMA=BEARISH | MACD=BULLISH | EMA20=63849.45 | EMA50=67869.16 | MACD=-2288.2985 | Signal=-2290.0225 | 4h: EMA=BEARISH | MACD=BEARISH | EMA20=60979.66 | EMA50=62267.51 | MACD=-893.2743 | Signal=-889.9485 | 1h: EMA=BEARISH | MACD=BULLISH | EMA20=59900.57 | EMA50=60423.14 | MACD=-105.6302 | Signal=-193.4130,1d: середина диапазона | 4h: середина диапазона | 1h: середина диапазона,1d: MACD LONG +5 | 1d: RSI 31.9 <35 LONG +5 | 4h: MACD SHORT +4 | 4h: RSI 41.4 neutral | 1h: MACD LONG +3 | 1h: RSI 50.8 neutral,Хорошая зона для SHORT (+15 SHORT),SHORT wins by 13 points
2026-06-26T16:24:29.267710+00:00,ETH/USDT,SHORT,WAIT,21,65.6,14,46,10,0,13,4,0,15,11,21,10,SHORT,1d: EMA SHORT +20 | 1d: MACD LONG +10 | 4h: EMA SHORT +12 | 4h: MACD SHORT +6 | 1h: EMA SHORT +8 | 1h: MACD LONG +4 |  | === Trend Summary === | 1d: EMA=BEARISH | MACD=BULLISH | EMA20=1711.14 | EMA50=1866.34 | MACD=-77.6356 | Signal=-77.9796 | 4h: EMA=BEARISH | MACD=BEARISH | EMA20=1611.59 | EMA50=1659.22 | MACD=-35.6099 | Signal=-34.0275 | 1h: EMA=BEARISH | MACD=BULLISH | EMA20=1566.43 | EMA50=1590.36 | MACD=-6.6705 | Signal=-11.4282,1d: цена у нижней границы (+10 LONG) | 4h: середина диапазона | 1h: середина диапазона,1d: MACD LONG +5 | 1d: RSI 31.8 <35 LONG +5 | 4h: MACD SHORT +4 | 4h: RSI 40.5 neutral | 1h: MACD LONG +3 | 1h: RSI 51.6 neutral,Хорошая зона для SHORT (+15 SHORT),SHORT wins by 10 points
2026-06-26T16:24:30.025275+00:00,SOL/USDT,WAIT,NO TRADE,20,58.8,28,32,0,15,12,4,0,15,14,20,6,WAIT,1d: EMA SHORT +20 | 1d: MACD LONG +10 | 4h: EMA SHORT +12 | 4h: MACD LONG +6 | 1h: EMA LONG +8 | 1h: MACD LONG +4 |  | === Trend Summary === | 1d: EMA=BEARISH | MACD=BULLISH | EMA20=71.21 | EMA50=75.65 | MACD=-1.6134 | Signal=-2.1894 | 4h: EMA=BEARISH | MACD=BULLISH | EMA20=69.51 | EMA50=70.04 | MACD=-0.0839 | Signal=-0.6661 | 1h: EMA=BULLISH | MACD=BULLISH | EMA20=69.40 | EMA50=68.80 | MACD=0.9601 | Signal=0.5788,1d: середина диапазона | 4h: цена у верхней границы (+8 SHORT) | 1h: цена у верхней границы (+7 SHORT),1d: MACD LONG +5 | 1d: RSI 50.2 neutral | 4h: MACD LONG +4 | 4h: RSI 58.4 neutral | 1h: MACD LONG +3 | 1h: RSI 67.4 >65 SHORT +4,Хорошая зона для SHORT (+15 SHORT),No clear directional edge.
2026-06-26T16:29:32.647326+00:00,BTC/USDT,SHORT,WAIT,21,72.4,14,46,0,0,13,4,0,15,8,21,13,SHORT,1d: EMA SHORT +20 | 1d: MACD LONG +10 | 4h: EMA SHORT +12 | 4h: MACD SHORT +6 | 1h: EMA SHORT +8 | 1h: MACD LONG +4 |  | === Trend Summary === | 1d: EMA=BEARISH | MACD=BULLISH | EMA20=63848.71 | EMA50=67868.86 | MACD=-2288.9207 | Signal=-2290.1470 | 4h: EMA=BEARISH | MACD=BEARISH | EMA20=60978.90 | EMA50=62267.20 | MACD=-893.9045 | Signal=-890.0745 | 1h: EMA=BEARISH | MACD=BULLISH | EMA20=59899.82 | EMA50=60422.83 | MACD=-106.2604 | Signal=-193.5391,1d: середина диапазона | 4h: середина диапазона | 1h: середина диапазона,1d: MACD LONG +5 | 1d: RSI 31.9 <35 LONG +5 | 4h: MACD SHORT +4 | 4h: RSI 41.3 neutral | 1h: MACD LONG +3 | 1h: RSI 50.7 neutral,Хорошая зона для SHORT (+15 SHORT),SHORT wins by 13 points
2026-06-26T16:29:33.496436+00:00,ETH/USDT,SHORT,WAIT,21,65.6,14,46,10,0,13,4,0,15,11,21,10,SHORT,1d: EMA SHORT +20 | 1d: MACD LONG +10 | 4h: EMA SHORT +12 | 4h: MACD SHORT +6 | 1h: EMA SHORT +8 | 1h: MACD LONG +4 |  | === Trend Summary === | 1d: EMA=BEARISH | MACD=BULLISH | EMA20=1711.09 | EMA50=1866.32 | MACD=-77.6763 | Signal=-77.9878 | 4h: EMA=BEARISH | MACD=BEARISH | EMA20=1611.56 | EMA50=1659.21 | MACD=-35.6346 | Signal=-34.0324 | 1h: EMA=BEARISH | MACD=BULLISH | EMA20=1566.40 | EMA50=1590.34 | MACD=-6.6952 | Signal=-11.4332,1d: цена у нижней границы (+10 LONG) | 4h: середина диапазона | 1h: середина диапазона,1d: MACD LONG +5 | 1d: RSI 31.7 <35 LONG +5 | 4h: MACD SHORT +4 | 4h: RSI 40.4 neutral | 1h: MACD LONG +3 | 1h: RSI 51.5 neutral,Хорошая зона для SHORT (+15 SHORT),SHORT wins by 10 points
2026-06-26T16:29:34.394017+00:00,SOL/USDT,WAIT,NO TRADE,20,58.8,28,32,0,15,12,4,0,15,14,20,6,WAIT,1d: EMA SHORT +20 | 1d: MACD LONG +10 | 4h: EMA SHORT +12 | 4h: MACD LONG +6 | 1h: EMA LONG +8 | 1h: MACD LONG +4 |  | === Trend Summary === | 1d: EMA=BEARISH | MACD=BULLISH | EMA20=71.19 | EMA50=75.65 | MACD=-1.6269 | Signal=-2.1921 | 4h: EMA=BEARISH | MACD=BULLISH | EMA20=69.50 | EMA50=70.03 | MACD=-0.0950 | Signal=-0.6683 | 1h: EMA=BULLISH | MACD=BULLISH | EMA20=69.39 | EMA50=68.79 | MACD=0.9490 | Signal=0.5765,1d: середина диапазона | 4h: цена у верхней границы (+8 SHORT) | 1h: цена у верхней границы (+7 SHORT),1d: MACD LONG +5 | 1d: RSI 49.8 neutral | 4h: MACD LONG +4 | 4h: RSI 58.0 neutral | 1h: MACD LONG +3 | 1h: RSI 67.0 >65 SHORT +4,Хорошая зона для SHORT (+15 SHORT),No clear directional edge.
2026-06-26T16:34:37.868525+00:00,BTC/USDT,WAIT,NO TRADE,18,62.1,20,40,0,0,17,0,0,15,11,18,7,WAIT,1d: EMA SHORT +20 | 1d: MACD LONG +10 | 4h: EMA SHORT +12 | 4h: MACD LONG +6 | 1h: EMA SHORT +8 | 1h: MACD LONG +4 |  | === Trend Summary === | 1d: EMA=BEARISH | MACD=BULLISH | EMA20=63859.63 | EMA50=67873.35 | MACD=-2279.7708 | Signal=-2288.3170 | 4h: EMA=BEARISH | MACD=BULLISH | EMA20=60989.49 | EMA50=62271.56 | MACD=-885.0339 | Signal=-888.3004 | 1h: EMA=BEARISH | MACD=BULLISH | EMA20=59910.41 | EMA50=60427.19 | MACD=-97.3898 | Signal=-191.7649,1d: середина диапазона | 4h: середина диапазона | 1h: середина диапазона,1d: MACD LONG +5 | 1d: RSI 32.4 <35 LONG +5 | 4h: MACD LONG +4 | 4h: RSI 41.9 neutral | 1h: MACD LONG +3 | 1h: RSI 51.7 neutral,Хорошая зона для SHORT (+15 SHORT),No clear directional edge.
2026-06-26T16:34:38.857912+00:00,ETH/USDT,SHORT,WATCH,23,74.2,14,46,0,7,13,4,0,15,8,23,15,SHORT,1d: EMA SHORT +20 | 1d: MACD LONG +10 | 4h: EMA SHORT +12 | 4h: MACD SHORT +6 | 1h: EMA SHORT +8 | 1h: MACD LONG +4 |  | === Trend Summary === | 1d: EMA=BEARISH | MACD=BULLISH | EMA20=1711.71 | EMA50=1866.57 | MACD=-77.1585 | Signal=-77.8842 | 4h: EMA=BEARISH | MACD=BEARISH | EMA20=1612.18 | EMA50=1659.46 | MACD=-35.1169 | Signal=-33.9289 | 1h: EMA=BEARISH | MACD=BULLISH | EMA20=1567.02 | EMA50=1590.60 | MACD=-6.1775 | Signal=-11.3296,1d: середина диапазона | 4h: середина диапазона | 1h: цена у верхней границы (+7 SHORT),1d: MACD LONG +5 | 1d: RSI 32.5 <35 LONG +5 | 4h: MACD SHORT +4 | 4h: RSI 41.5 neutral | 1h: MACD LONG +3 | 1h: RSI 53.4 neutral,Хорошая зона для SHORT (+15 SHORT),SHORT wins by 15 points
2026-06-26T16:34:39.941153+00:00,SOL/USDT,WAIT,NO TRADE,20,58.8,28,32,0,15,12,4,0,15,14,20,6,WAIT,1d: EMA SHORT +20 | 1d: MACD LONG +10 | 4h: EMA SHORT +12 | 4h: MACD LONG +6 | 1h: EMA LONG +8 | 1h: MACD LONG +4 |  | === Trend Summary === | 1d: EMA=BEARISH | MACD=BULLISH | EMA20=71.27 | EMA50=75.68 | MACD=-1.5647 | Signal=-2.1797 | 4h: EMA=BEARISH | MACD=BULLISH | EMA20=69.57 | EMA50=70.06 | MACD=-0.0352 | Signal=-0.6563 | 1h: EMA=BULLISH | MACD=BULLISH | EMA20=69.46 | EMA50=68.82 | MACD=1.0088 | Signal=0.5885,1d: середина диапазона | 4h: цена у верхней границы (+8 SHORT) | 1h: цена у верхней границы (+7 SHORT),1d: MACD LONG +5 | 1d: RSI 51.3 neutral | 4h: MACD LONG +4 | 4h: RSI 59.8 neutral | 1h: MACD LONG +3 | 1h: RSI 69.3 >65 SHORT +4,Хорошая зона для SHORT (+15 SHORT),No clear directional edge.
2026-06-26T16:39:44.538580+00:00,BTC/USDT,WAIT,NO TRADE,18,62.1,20,40,0,0,17,0,0,15,11,18,7,WAIT,1d: EMA SHORT +20 | 1d: MACD LONG +10 | 4h: EMA SHORT +12 | 4h: MACD LONG +6 | 1h: EMA SHORT +8 | 1h: MACD LONG +4 |  | === Trend Summary === | 1d: EMA=BEARISH | MACD=BULLISH | EMA20=63862.25 | EMA50=67874.43 | MACD=-2277.5771 | Signal=-2287.8783 | 4h: EMA=BEARISH | MACD=BULLISH | EMA20=60992.45 | EMA50=62272.78 | MACD=-882.5610 | Signal=-887.8058 | 1h: EMA=BEARISH | MACD=BULLISH | EMA20=59913.37 | EMA50=60428.40 | MACD=-94.9168 | Signal=-191.2703,1d: середина диапазона | 4h: середина диапазона | 1h: середина диапазона,1d: MACD LONG +5 | 1d: RSI 32.5 <35 LONG +5 | 4h: MACD LONG +4 | 4h: RSI 42.1 neutral | 1h: MACD LONG +3 | 1h: RSI 51.9 neutral,Хорошая зона для SHORT (+15 SHORT),No clear directional edge.
2026-06-26T16:39:45.991924+00:00,ETH/USDT,SHORT,WATCH,23,74.2,14,46,0,7,13,4,0,15,8,23,15,SHORT,1d: EMA SHORT +20 | 1d: MACD LONG +10 | 4h: EMA SHORT +12 | 4h: MACD SHORT +6 | 1h: EMA SHORT +8 | 1h: MACD LONG +4 |  | === Trend Summary === | 1d: EMA=BEARISH | MACD=BULLISH | EMA20=1711.86 | EMA50=1866.64 | MACD=-77.0341 | Signal=-77.8593 | 4h: EMA=BEARISH | MACD=BEARISH | EMA20=1612.33 | EMA50=1659.53 | MACD=-34.9925 | Signal=-33.9040 | 1h: EMA=BEARISH | MACD=BULLISH | EMA20=1567.15 | EMA50=1590.65 | MACD=-6.0658 | Signal=-11.3073,1d: середина диапазона | 4h: середина диапазона | 1h: цена у верхней границы (+7 SHORT),1d: MACD LONG +5 | 1d: RSI 32.7 <35 LONG +5 | 4h: MACD SHORT +4 | 4h: RSI 41.8 neutral | 1h: MACD LONG +3 | 1h: RSI 53.8 neutral,Хорошая зона для SHORT (+15 SHORT),SHORT wins by 15 points
2026-06-26T16:39:47.975149+00:00,SOL/USDT,WAIT,NO TRADE,20,58.8,28,32,0,15,12,4,0,15,14,20,6,WAIT,1d: EMA SHORT +20 | 1d: MACD LONG +10 | 4h: EMA SHORT +12 | 4h: MACD LONG +6 | 1h: EMA LONG +8 | 1h: MACD LONG +4 |  | === Trend Summary === | 1d: EMA=BEARISH | MACD=BULLISH | EMA20=71.26 | EMA50=75.67 | MACD=-1.5735 | Signal=-2.1814 | 4h: EMA=BEARISH | MACD=BULLISH | EMA20=69.56 | EMA50=70.06 | MACD=-0.0440 | Signal=-0.6581 | 1h: EMA=BULLISH | MACD=BULLISH | EMA20=69.45 | EMA50=68.82 | MACD=1.0000 | Signal=0.5868,1d: середина диапазона | 4h: цена у верхней границы (+8 SHORT) | 1h: цена у верхней границы (+7 SHORT),1d: MACD LONG +5 | 1d: RSI 51.1 neutral | 4h: MACD LONG +4 | 4h: RSI 59.5 neutral | 1h: MACD LONG +3 | 1h: RSI 69.0 >65 SHORT +4,Хорошая зона для SHORT (+15 SHORT),No clear directional edge.
2026-06-26T16:44:50.454581+00:00,BTC/USDT,SHORT,WAIT,21,72.4,14,46,0,0,13,4,0,15,8,21,13,SHORT,1d: EMA SHORT +20 | 1d: MACD LONG +10 | 4h: EMA SHORT +12 | 4h: MACD SHORT +6 | 1h: EMA SHORT +8 | 1h: MACD LONG +4 |  | === Trend Summary === | 1d: EMA=BEARISH | MACD=BULLISH | EMA20=63847.68 | EMA50=67868.43 | MACD=-2289.7822 | Signal=-2290.3193 | 4h: EMA=BEARISH | MACD=BEARISH | EMA20=60977.88 | EMA50=62266.78 | MACD=-894.7661 | Signal=-890.2468 | 1h: EMA=BEARISH | MACD=BULLISH | EMA20=59898.79 | EMA50=60422.40 | MACD=-107.1219 | Signal=-193.7114,1d: середина диапазона | 4h: середина диапазона | 1h: середина диапазона,1d: MACD LONG +5 | 1d: RSI 31.8 <35 LONG +5 | 4h: MACD SHORT +4 | 4h: RSI 41.3 neutral | 1h: MACD LONG +3 | 1h: RSI 50.6 neutral,Хорошая зона для SHORT (+15 SHORT),SHORT wins by 13 points
2026-06-26T16:44:52.421595+00:00,ETH/USDT,SHORT,WATCH,23,74.2,14,46,0,7,13,4,0,15,8,23,15,SHORT,1d: EMA SHORT +20 | 1d: MACD LONG +10 | 4h: EMA SHORT +12 | 4h: MACD SHORT +6 | 1h: EMA SHORT +8 | 1h: MACD LONG +4 |  | === Trend Summary === | 1d: EMA=BEARISH | MACD=BULLISH | EMA20=1711.41 | EMA50=1866.45 | MACD=-77.4066 | Signal=-77.9338 | 4h: EMA=BEARISH | MACD=BEARISH | EMA20=1611.88 | EMA50=1659.34 | MACD=-35.3674 | Signal=-33.9790 | 1h: EMA=BEARISH | MACD=BULLISH | EMA20=1566.73 | EMA50=1590.48 | MACD=-6.4192 | Signal=-11.3779,1d: середина диапазона | 4h: середина диапазона | 1h: цена у верхней границы (+7 SHORT),1d: MACD LONG +5 | 1d: RSI 32.1 <35 LONG +5 | 4h: MACD SHORT +4 | 4h: RSI 40.9 neutral | 1h: MACD LONG +3 | 1h: RSI 52.6 neutral,Хорошая зона для SHORT (+15 SHORT),SHORT wins by 15 points
2026-06-26T16:44:54.028595+00:00,SOL/USDT,WAIT,NO TRADE,20,58.8,28,32,0,15,12,4,0,15,14,20,6,WAIT,1d: EMA SHORT +20 | 1d: MACD LONG +10 | 4h: EMA SHORT +12 | 4h: MACD LONG +6 | 1h: EMA LONG +8 | 1h: MACD LONG +4 |  | === Trend Summary === | 1d: EMA=BEARISH | MACD=BULLISH | EMA20=71.24 | EMA50=75.66 | MACD=-1.5894 | Signal=-2.1846 | 4h: EMA=BEARISH | MACD=BULLISH | EMA20=69.54 | EMA50=70.05 | MACD=-0.0599 | Signal=-0.6613 | 1h: EMA=BULLISH | MACD=BULLISH | EMA20=69.43 | EMA50=68.81 | MACD=0.9841 | Signal=0.5836,1d: середина диапазона | 4h: цена у верхней границы (+8 SHORT) | 1h: цена у верхней границы (+7 SHORT),1d: MACD LONG +5 | 1d: RSI 50.7 neutral | 4h: MACD LONG +4 | 4h: RSI 59.1 neutral | 1h: MACD LONG +3 | 1h: RSI 68.4 >65 SHORT +4,Хорошая зона для SHORT (+15 SHORT),No clear directional edge.
2026-06-26T16:49:56.383729+00:00,BTC/USDT,WAIT,NO TRADE,18,62.1,20,40,0,0,17,0,0,15,11,18,7,WAIT,1d: EMA SHORT +20 | 1d: MACD LONG +10 | 4h: EMA SHORT +12 | 4h: MACD LONG +6 | 1h: EMA SHORT +8 | 1h: MACD LONG +4 |  | === Trend Summary === | 1d: EMA=BEARISH | MACD=BULLISH | EMA20=63856.90 | EMA50=67872.23 | MACD=-2282.0603 | Signal=-2288.7749 | 4h: EMA=BEARISH | MACD=BULLISH | EMA20=60987.09 | EMA50=62270.57 | MACD=-887.0441 | Signal=-888.7024 | 1h: EMA=BEARISH | MACD=BULLISH | EMA20=59908.01 | EMA50=60426.20 | MACD=-99.4000 | Signal=-192.1670,1d: середина диапазона | 4h: середина диапазона | 1h: середина диапазона,1d: MACD LONG +5 | 1d: RSI 32.3 <35 LONG +5 | 4h: MACD LONG +4 | 4h: RSI 41.8 neutral | 1h: MACD LONG +3 | 1h: RSI 51.4 neutral,Хорошая зона для SHORT (+15 SHORT),No clear directional edge.
2026-06-26T16:49:57.090000+00:00,ETH/USDT,SHORT,WATCH,23,74.2,14,46,0,7,13,4,0,15,8,23,15,SHORT,1d: EMA SHORT +20 | 1d: MACD LONG +10 | 4h: EMA SHORT +12 | 4h: MACD SHORT +6 | 1h: EMA SHORT +8 | 1h: MACD LONG +4 |  | === Trend Summary === | 1d: EMA=BEARISH | MACD=BULLISH | EMA20=1711.54 | EMA50=1866.51 | MACD=-77.2989 | Signal=-77.9123 | 4h: EMA=BEARISH | MACD=BEARISH | EMA20=1612.01 | EMA50=1659.40 | MACD=-35.2573 | Signal=-33.9570 | 1h: EMA=BEARISH | MACD=BULLISH | EMA20=1566.85 | EMA50=1590.53 | MACD=-6.3179 | Signal=-11.3577,1d: середина диапазона | 4h: середина диапазона | 1h: цена у верхней границы (+7 SHORT),1d: MACD LONG +5 | 1d: RSI 32.3 <35 LONG +5 | 4h: MACD SHORT +4 | 4h: RSI 41.1 neutral | 1h: MACD LONG +3 | 1h: RSI 52.9 neutral,Хорошая зона для SHORT (+15 SHORT),SHORT wins by 15 points
2026-06-26T16:49:57.776136+00:00,SOL/USDT,WAIT,NO TRADE,20,58.8,28,32,0,15,12,4,0,15,14,20,6,WAIT,1d: EMA SHORT +20 | 1d: MACD LONG +10 | 4h: EMA SHORT +12 | 4h: MACD LONG +6 | 1h: EMA LONG +8 | 1h: MACD LONG +4 |  | === Trend Summary === | 1d: EMA=BEARISH | MACD=BULLISH | EMA20=71.26 | EMA50=75.67 | MACD=-1.5751 | Signal=-2.1818 | 4h: EMA=BEARISH | MACD=BULLISH | EMA20=69.56 | EMA50=70.06 | MACD=-0.0456 | Signal=-0.6584 | 1h: EMA=BULLISH | MACD=BULLISH | EMA20=69.45 | EMA50=68.82 | MACD=0.9984 | Signal=0.5864,1d: середина диапазона | 4h: цена у верхней границы (+8 SHORT) | 1h: цена у верхней границы (+7 SHORT),1d: MACD LONG +5 | 1d: RSI 51.1 neutral | 4h: MACD LONG +4 | 4h: RSI 59.5 neutral | 1h: MACD LONG +3 | 1h: RSI 68.9 >65 SHORT +4,Хорошая зона для SHORT (+15 SHORT),No clear directional edge.
2026-06-26T16:54:59.801137+00:00,BTC/USDT,SHORT,WAIT,21,72.4,14,46,0,0,13,4,0,15,8,21,13,SHORT,1d: EMA SHORT +20 | 1d: MACD LONG +10 | 4h: EMA SHORT +12 | 4h: MACD SHORT +6 | 1h: EMA SHORT +8 | 1h: MACD LONG +4 |  | === Trend Summary === | 1d: EMA=BEARISH | MACD=BULLISH | EMA20=63850.92 | EMA50=67869.77 | MACD=-2287.0700 | Signal=-2289.7768 | 4h: EMA=BEARISH | MACD=BEARISH | EMA20=60981.10 | EMA50=62268.11 | MACD=-892.0618 | Signal=-889.7059 | 1h: EMA=BEARISH | MACD=BULLISH | EMA20=59902.02 | EMA50=60423.73 | MACD=-104.4177 | Signal=-193.1705,1d: середина диапазона | 4h: середина диапазона | 1h: середина диапазона,1d: MACD LONG +5 | 1d: RSI 32.0 <35 LONG +5 | 4h: MACD SHORT +4 | 4h: RSI 41.4 neutral | 1h: MACD LONG +3 | 1h: RSI 50.9 neutral,Хорошая зона для SHORT (+15 SHORT),SHORT wins by 13 points
2026-06-26T16:55:00.838172+00:00,ETH/USDT,SHORT,WAIT,21,65.6,14,46,10,0,13,4,0,15,11,21,10,SHORT,1d: EMA SHORT +20 | 1d: MACD LONG +10 | 4h: EMA SHORT +12 | 4h: MACD SHORT +6 | 1h: EMA SHORT +8 | 1h: MACD LONG +4 |  | === Trend Summary === | 1d: EMA=BEARISH | MACD=BULLISH | EMA20=1711.29 | EMA50=1866.40 | MACD=-77.5119 | Signal=-77.9549 | 4h: EMA=BEARISH | MACD=BEARISH | EMA20=1611.76 | EMA50=1659.29 | MACD=-35.4703 | Signal=-33.9996 | 1h: EMA=BEARISH | MACD=BULLISH | EMA20=1566.60 | EMA50=1590.42 | MACD=-6.5309 | Signal=-11.4003,1d: цена у нижней границы (+10 LONG) | 4h: середина диапазона | 1h: середина диапазона,1d: MACD LONG +5 | 1d: RSI 32.0 <35 LONG +5 | 4h: MACD SHORT +4 | 4h: RSI 40.7 neutral | 1h: MACD LONG +3 | 1h: RSI 52.1 neutral,Хорошая зона для SHORT (+15 SHORT),SHORT wins by 10 points
2026-06-26T16:55:01.565146+00:00,SOL/USDT,WAIT,NO TRADE,20,58.8,28,32,0,15,12,4,0,15,14,20,6,WAIT,1d: EMA SHORT +20 | 1d: MACD LONG +10 | 4h: EMA SHORT +12 | 4h: MACD LONG +6 | 1h: EMA LONG +8 | 1h: MACD LONG +4 |  | === Trend Summary === | 1d: EMA=BEARISH | MACD=BULLISH | EMA20=71.23 | EMA50=75.66 | MACD=-1.5958 | Signal=-2.1859 | 4h: EMA=BEARISH | MACD=BULLISH | EMA20=69.53 | EMA50=70.05 | MACD=-0.0663 | Signal=-0.6626 | 1h: EMA=BULLISH | MACD=BULLISH | EMA20=69.43 | EMA50=68.81 | MACD=0.9777 | Signal=0.5823,1d: середина диапазона | 4h: цена у верхней границы (+8 SHORT) | 1h: цена у верхней границы (+7 SHORT),1d: MACD LONG +5 | 1d: RSI 50.6 neutral | 4h: MACD LONG +4 | 4h: RSI 58.9 neutral | 1h: MACD LONG +3 | 1h: RSI 68.1 >65 SHORT +4,Хорошая зона для SHORT (+15 SHORT),No clear directional edge.
2026-06-26T17:00:05.017247+00:00,BTC/USDT,SHORT,SETUP,26,89.7,4,56,0,0,8,9,0,15,3,26,23,SHORT,1d: EMA SHORT +20 | 1d: MACD SHORT +10 | 4h: EMA SHORT +12 | 4h: MACD SHORT +6 | 1h: EMA SHORT +8 | 1h: MACD LONG +4 |  | === Trend Summary === | 1d: EMA=BEARISH | MACD=BEARISH | EMA20=63844.95 | EMA50=67867.31 | MACD=-2292.0637 | Signal=-2290.7756 | 4h: EMA=BEARISH | MACD=BEARISH | EMA20=60975.15 | EMA50=62265.66 | MACD=-897.0476 | Signal=-890.7031 | 1h: EMA=BEARISH | MACD=BULLISH | EMA20=59909.90 | EMA50=60406.37 | MACD=-87.0719 | Signal=-172.5609,1d: середина диапазона | 4h: середина диапазона | 1h: середина диапазона,1d: MACD SHORT +5 | 1d: RSI 31.7 <35 LONG +5 | 4h: MACD SHORT +4 | 4h: RSI 41.1 neutral | 1h: MACD LONG +3 | 1h: RSI 50.4 neutral,Хорошая зона для SHORT (+15 SHORT),SHORT wins by 23 points
2026-06-26T17:00:05.774311+00:00,ETH/USDT,SHORT,WAIT,21,65.6,14,46,10,0,13,4,0,15,11,21,10,SHORT,1d: EMA SHORT +20 | 1d: MACD LONG +10 | 4h: EMA SHORT +12 | 4h: MACD SHORT +6 | 1h: EMA SHORT +8 | 1h: MACD LONG +4 |  | === Trend Summary === | 1d: EMA=BEARISH | MACD=BULLISH | EMA20=1711.15 | EMA50=1866.34 | MACD=-77.6308 | Signal=-77.9787 | 4h: EMA=BEARISH | MACD=BEARISH | EMA20=1611.62 | EMA50=1659.23 | MACD=-35.5892 | Signal=-34.0234 | 1h: EMA=BEARISH | MACD=BULLISH | EMA20=1567.53 | EMA50=1589.87 | MACD=-5.0583 | Signal=-10.1386,1d: цена у нижней границы (+10 LONG) | 4h: середина диапазона | 1h: середина диапазона,1d: MACD LONG +5 | 1d: RSI 31.8 <35 LONG +5 | 4h: MACD SHORT +4 | 4h: RSI 40.5 neutral | 1h: MACD LONG +3 | 1h: RSI 51.7 neutral,Хорошая зона для SHORT (+15 SHORT),SHORT wins by 10 points
2026-06-26T17:00:06.543275+00:00,SOL/USDT,WAIT,NO TRADE,20,58.8,28,32,0,15,12,4,0,15,14,20,6,WAIT,1d: EMA SHORT +20 | 1d: MACD LONG +10 | 4h: EMA SHORT +12 | 4h: MACD LONG +6 | 1h: EMA LONG +8 | 1h: MACD LONG +4 |  | === Trend Summary === | 1d: EMA=BEARISH | MACD=BULLISH | EMA20=71.22 | EMA50=75.66 | MACD=-1.6046 | Signal=-2.1877 | 4h: EMA=BEARISH | MACD=BULLISH | EMA20=69.52 | EMA50=70.04 | MACD=-0.0751 | Signal=-0.6643 | 1h: EMA=BULLISH | MACD=BULLISH | EMA20=69.71 | EMA50=68.95 | MACD=1.0882 | Signal=0.6828,1d: середина диапазона | 4h: цена у верхней границы (+8 SHORT) | 1h: цена у верхней границы (+7 SHORT),1d: MACD LONG +5 | 1d: RSI 50.4 neutral | 4h: MACD LONG +4 | 4h: RSI 58.6 neutral | 1h: MACD LONG +3 | 1h: RSI 67.5 >65 SHORT +4,Хорошая зона для SHORT (+15 SHORT),No clear directional edge.
2026-06-26T17:05:15.470033+00:00,BTC/USDT,WAIT,NO TRADE,18,62.1,20,40,0,0,17,0,0,15,11,18,7,WAIT,1d: EMA SHORT +20 | 1d: MACD LONG +10 | 4h: EMA SHORT +12 | 4h: MACD LONG +6 | 1h: EMA SHORT +8 | 1h: MACD LONG +4 |  | === Trend Summary === | 1d: EMA=BEARISH | MACD=BULLISH | EMA20=63858.35 | EMA50=67872.82 | MACD=-2280.8477 | Signal=-2288.5324 | 4h: EMA=BEARISH | MACD=BULLISH | EMA20=60988.54 | EMA50=62271.17 | MACD=-885.8316 | Signal=-888.4599 | 1h: EMA=BEARISH | MACD=BULLISH | EMA20=59923.29 | EMA50=60411.88 | MACD=-75.8560 | Signal=-170.3177,1d: середина диапазона | 4h: середина диапазона | 1h: середина диапазона,1d: MACD LONG +5 | 1d: RSI 32.3 <35 LONG +5 | 4h: MACD LONG +4 | 4h: RSI 41.8 neutral | 1h: MACD LONG +3 | 1h: RSI 51.6 neutral,Хорошая зона для SHORT (+15 SHORT),No clear directional edge.
2026-06-26T17:05:16.163129+00:00,ETH/USDT,SHORT,WATCH,23,74.2,14,46,0,7,13,4,0,15,8,23,15,SHORT,1d: EMA SHORT +20 | 1d: MACD LONG +10 | 4h: EMA SHORT +12 | 4h: MACD SHORT +6 | 1h: EMA SHORT +8 | 1h: MACD LONG +4 |  | === Trend Summary === | 1d: EMA=BEARISH | MACD=BULLISH | EMA20=1711.45 | EMA50=1866.47 | MACD=-77.3731 | Signal=-77.9271 | 4h: EMA=BEARISH | MACD=BEARISH | EMA20=1611.93 | EMA50=1659.36 | MACD=-35.3315 | Signal=-33.9718 | 1h: EMA=BEARISH | MACD=BULLISH | EMA20=1567.82 | EMA50=1589.99 | MACD=-4.8134 | Signal=-10.0897,1d: середина диапазона | 4h: середина диапазона | 1h: цена у верхней границы (+7 SHORT),1d: MACD LONG +5 | 1d: RSI 32.2 <35 LONG +5 | 4h: MACD SHORT +4 | 4h: RSI 41.0 neutral | 1h: MACD LONG +3 | 1h: RSI 52.6 neutral,Хорошая зона для SHORT (+15 SHORT),SHORT wins by 15 points
2026-06-26T17:05:16.865684+00:00,SOL/USDT,WAIT,NO TRADE,20,58.8,28,32,0,15,12,4,0,15,14,20,6,WAIT,1d: EMA SHORT +20 | 1d: MACD LONG +10 | 4h: EMA SHORT +12 | 4h: MACD LONG +6 | 1h: EMA LONG +8 | 1h: MACD LONG +4 |  | === Trend Summary === | 1d: EMA=BEARISH | MACD=BULLISH | EMA20=71.24 | EMA50=75.66 | MACD=-1.5894 | Signal=-2.1846 | 4h: EMA=BEARISH | MACD=BULLISH | EMA20=69.54 | EMA50=70.05 | MACD=-0.0599 | Signal=-0.6613 | 1h: EMA=BULLISH | MACD=BULLISH | EMA20=69.73 | EMA50=68.95 | MACD=1.1025 | Signal=0.6857,1d: середина диапазона | 4h: цена у верхней границы (+8 SHORT) | 1h: цена у верхней границы (+7 SHORT),1d: MACD LONG +5 | 1d: RSI 50.7 neutral | 4h: MACD LONG +4 | 4h: RSI 59.1 neutral | 1h: MACD LONG +3 | 1h: RSI 68.4 >65 SHORT +4,Хорошая зона для SHORT (+15 SHORT),No clear directional edge.
2026-06-26T17:10:20.825538+00:00,BTC/USDT,WAIT,NO TRADE,18,62.1,20,40,0,0,17,0,0,15,11,18,7,WAIT,1d: EMA SHORT +20 | 1d: MACD LONG +10 | 4h: EMA SHORT +12 | 4h: MACD LONG +6 | 1h: EMA SHORT +8 | 1h: MACD LONG +4 |  | === Trend Summary === | 1d: EMA=BEARISH | MACD=BULLISH | EMA20=63865.58 | EMA50=67875.80 | MACD=-2274.7851 | Signal=-2287.3199 | 4h: EMA=BEARISH | MACD=BULLISH | EMA20=60995.78 | EMA50=62274.15 | MACD=-879.7689 | Signal=-887.2474 | 1h: EMA=BEARISH | MACD=BULLISH | EMA20=59929.64 | EMA50=60414.50 | MACD=-70.5352 | Signal=-169.2535,1d: середина диапазона | 4h: середина диапазона | 1h: середина диапазона,1d: MACD LONG +5 | 1d: RSI 32.7 <35 LONG +5 | 4h: MACD LONG +4 | 4h: RSI 42.2 neutral | 1h: MACD LONG +3 | 1h: RSI 52.2 neutral,Хорошая зона для SHORT (+15 SHORT),No clear directional edge.
2026-06-26T17:10:23.630687+00:00,ETH/USDT,SHORT,WATCH,23,74.2,14,46,0,7,13,4,0,15,8,23,15,SHORT,1d: EMA SHORT +20 | 1d: MACD LONG +10 | 4h: EMA SHORT +12 | 4h: MACD SHORT +6 | 1h: EMA SHORT +8 | 1h: MACD LONG +4 |  | === Trend Summary === | 1d: EMA=BEARISH | MACD=BULLISH | EMA20=1711.95 | EMA50=1866.67 | MACD=-76.9583 | Signal=-77.8442 | 4h: EMA=BEARISH | MACD=BEARISH | EMA20=1612.42 | EMA50=1659.56 | MACD=-34.9167 | Signal=-33.8889 | 1h: EMA=BEARISH | MACD=BULLISH | EMA20=1568.29 | EMA50=1590.19 | MACD=-4.4225 | Signal=-10.0115,1d: середина диапазона | 4h: середина диапазона | 1h: цена у верхней границы (+7 SHORT),1d: MACD LONG +5 | 1d: RSI 32.9 <35 LONG +5 | 4h: MACD SHORT +4 | 4h: RSI 42.0 neutral | 1h: MACD LONG +3 | 1h: RSI 54.0 neutral,Хорошая зона для SHORT (+15 SHORT),SHORT wins by 15 points
2026-06-26T17:10:25.916871+00:00,SOL/USDT,WAIT,NO TRADE,20,58.8,28,32,0,15,12,4,0,15,14,20,6,WAIT,1d: EMA SHORT +20 | 1d: MACD LONG +10 | 4h: EMA SHORT +12 | 4h: MACD LONG +6 | 1h: EMA LONG +8 | 1h: MACD LONG +4 |  | === Trend Summary === | 1d: EMA=BEARISH | MACD=BULLISH | EMA20=71.25 | EMA50=75.67 | MACD=-1.5838 | Signal=-2.1835 | 4h: EMA=BEARISH | MACD=BULLISH | EMA20=69.55 | EMA50=70.05 | MACD=-0.0552 | Signal=-0.6603 | 1h: EMA=BULLISH | MACD=BULLISH | EMA20=69.73 | EMA50=68.96 | MACD=1.1081 | Signal=0.6868,1d: середина диапазона | 4h: цена у верхней границы (+8 SHORT) | 1h: цена у верхней границы (+7 SHORT),1d: MACD LONG +5 | 1d: RSI 50.9 neutral | 4h: MACD LONG +4 | 4h: RSI 59.2 neutral | 1h: MACD LONG +3 | 1h: RSI 68.6 >65 SHORT +4,Хорошая зона для SHORT (+15 SHORT),No clear directional edge.
2026-06-26T17:15:30.395042+00:00,BTC/USDT,WAIT,NO TRADE,18,62.1,20,40,0,0,17,0,0,15,11,18,7,WAIT,1d: EMA SHORT +20 | 1d: MACD LONG +10 | 4h: EMA SHORT +12 | 4h: MACD LONG +6 | 1h: EMA SHORT +8 | 1h: MACD LONG +4 |  | === Trend Summary === | 1d: EMA=BEARISH | MACD=BULLISH | EMA20=63859.62 | EMA50=67873.35 | MACD=-2279.7788 | Signal=-2288.3186 | 4h: EMA=BEARISH | MACD=BULLISH | EMA20=60989.82 | EMA50=62271.69 | MACD=-884.7627 | Signal=-888.2461 | 1h: EMA=BEARISH | MACD=BULLISH | EMA20=59924.56 | EMA50=60412.41 | MACD=-74.7950 | Signal=-170.1055,1d: середина диапазона | 4h: середина диапазона | 1h: середина диапазона,1d: MACD LONG +5 | 1d: RSI 32.4 <35 LONG +5 | 4h: MACD LONG +4 | 4h: RSI 41.9 neutral | 1h: MACD LONG +3 | 1h: RSI 51.7 neutral,Хорошая зона для SHORT (+15 SHORT),No clear directional edge.
2026-06-26T17:15:32.226757+00:00,ETH/USDT,SHORT,WATCH,23,74.2,14,46,0,7,13,4,0,15,8,23,15,SHORT,1d: EMA SHORT +20 | 1d: MACD LONG +10 | 4h: EMA SHORT +12 | 4h: MACD SHORT +6 | 1h: EMA SHORT +8 | 1h: MACD LONG +4 |  | === Trend Summary === | 1d: EMA=BEARISH | MACD=BULLISH | EMA20=1711.84 | EMA50=1866.63 | MACD=-77.0469 | Signal=-77.8619 | 4h: EMA=BEARISH | MACD=BEARISH | EMA20=1612.33 | EMA50=1659.53 | MACD=-34.9893 | Signal=-33.9034 | 1h: EMA=BEARISH | MACD=BULLISH | EMA20=1568.29 | EMA50=1590.19 | MACD=-4.4177 | Signal=-10.0105,1d: середина диапазона | 4h: середина диапазона | 1h: цена у верхней границы (+7 SHORT),1d: MACD LONG +5 | 1d: RSI 32.7 <35 LONG +5 | 4h: MACD SHORT +4 | 4h: RSI 41.8 neutral | 1h: MACD LONG +3 | 1h: RSI 54.0 neutral,Хорошая зона для SHORT (+15 SHORT),SHORT wins by 15 points
2026-06-26T17:15:33.863156+00:00,SOL/USDT,WAIT,NO TRADE,20,58.8,28,32,0,15,12,4,0,15,14,20,6,WAIT,1d: EMA SHORT +20 | 1d: MACD LONG +10 | 4h: EMA SHORT +12 | 4h: MACD LONG +6 | 1h: EMA LONG +8 | 1h: MACD LONG +4 |  | === Trend Summary === | 1d: EMA=BEARISH | MACD=BULLISH | EMA20=71.24 | EMA50=75.66 | MACD=-1.5878 | Signal=-2.1843 | 4h: EMA=BEARISH | MACD=BULLISH | EMA20=69.54 | EMA50=70.05 | MACD=-0.0583 | Signal=-0.6610 | 1h: EMA=BULLISH | MACD=BULLISH | EMA20=69.73 | EMA50=68.96 | MACD=1.1049 | Signal=0.6862,1d: середина диапазона | 4h: цена у верхней границы (+8 SHORT) | 1h: цена у верхней границы (+7 SHORT),1d: MACD LONG +5 | 1d: RSI 50.8 neutral | 4h: MACD LONG +4 | 4h: RSI 59.1 neutral | 1h: MACD LONG +3 | 1h: RSI 68.5 >65 SHORT +4,Хорошая зона для SHORT (+15 SHORT),No clear directional edge.
2026-06-26T17:20:37.287920+00:00,BTC/USDT,SHORT,WAIT,21,72.4,14,46,0,0,13,4,0,15,8,21,13,SHORT,1d: EMA SHORT +20 | 1d: MACD LONG +10 | 4h: EMA SHORT +12 | 4h: MACD SHORT +6 | 1h: EMA SHORT +8 | 1h: MACD LONG +4 |  | === Trend Summary === | 1d: EMA=BEARISH | MACD=BULLISH | EMA20=63851.15 | EMA50=67869.86 | MACD=-2286.8785 | Signal=-2289.7386 | 4h: EMA=BEARISH | MACD=BEARISH | EMA20=60981.34 | EMA50=62268.20 | MACD=-891.8624 | Signal=-889.6661 | 1h: EMA=BEARISH | MACD=BULLISH | EMA20=59916.09 | EMA50=60408.92 | MACD=-81.8867 | Signal=-171.5238,1d: середина диапазона | 4h: середина диапазона | 1h: середина диапазона,1d: MACD LONG +5 | 1d: RSI 32.0 <35 LONG +5 | 4h: MACD SHORT +4 | 4h: RSI 41.5 neutral | 1h: MACD LONG +3 | 1h: RSI 50.9 neutral,Хорошая зона для SHORT (+15 SHORT),SHORT wins by 13 points
2026-06-26T17:20:39.863076+00:00,ETH/USDT,SHORT,WATCH,23,74.2,14,46,0,7,13,4,0,15,8,23,15,SHORT,1d: EMA SHORT +20 | 1d: MACD LONG +10 | 4h: EMA SHORT +12 | 4h: MACD SHORT +6 | 1h: EMA SHORT +8 | 1h: MACD LONG +4 |  | === Trend Summary === | 1d: EMA=BEARISH | MACD=BULLISH | EMA20=1711.92 | EMA50=1866.66 | MACD=-76.9862 | Signal=-77.8498 | 4h: EMA=BEARISH | MACD=BEARISH | EMA20=1612.39 | EMA50=1659.55 | MACD=-34.9446 | Signal=-33.8944 | 1h: EMA=BEARISH | MACD=BULLISH | EMA20=1568.30 | EMA50=1590.19 | MACD=-4.4121 | Signal=-10.0094,1d: середина диапазона | 4h: середина диапазона | 1h: цена у верхней границы (+7 SHORT),1d: MACD LONG +5 | 1d: RSI 32.8 <35 LONG +5 | 4h: MACD SHORT +4 | 4h: RSI 41.9 neutral | 1h: MACD LONG +3 | 1h: RSI 54.0 neutral,Хорошая зона для SHORT (+15 SHORT),SHORT wins by 15 points
2026-06-26T17:20:42.040125+00:00,SOL/USDT,WAIT,NO TRADE,20,58.8,28,32,0,15,12,4,0,15,14,20,6,WAIT,1d: EMA SHORT +20 | 1d: MACD LONG +10 | 4h: EMA SHORT +12 | 4h: MACD LONG +6 | 1h: EMA LONG +8 | 1h: MACD LONG +4 |  | === Trend Summary === | 1d: EMA=BEARISH | MACD=BULLISH | EMA20=71.21 | EMA50=75.65 | MACD=-1.6126 | Signal=-2.1893 | 4h: EMA=BEARISH | MACD=BULLISH | EMA20=69.51 | EMA50=70.04 | MACD=-0.0831 | Signal=-0.6659 | 1h: EMA=BULLISH | MACD=BULLISH | EMA20=69.70 | EMA50=68.94 | MACD=1.0802 | Signal=0.6812,1d: середина диапазона | 4h: цена у верхней границы (+8 SHORT) | 1h: цена у верхней границы (+7 SHORT),1d: MACD LONG +5 | 1d: RSI 50.2 neutral | 4h: MACD LONG +4 | 4h: RSI 58.4 neutral | 1h: MACD LONG +3 | 1h: RSI 66.8 >65 SHORT +4,Хорошая зона для SHORT (+15 SHORT),No clear directional edge.
2026-06-26T17:25:46.339459+00:00,BTC/USDT,SHORT,WAIT,21,72.4,14,46,0,0,13,4,0,15,8,21,13,SHORT,1d: EMA SHORT +20 | 1d: MACD LONG +10 | 4h: EMA SHORT +12 | 4h: MACD SHORT +6 | 1h: EMA SHORT +8 | 1h: MACD LONG +4 |  | === Trend Summary === | 1d: EMA=BEARISH | MACD=BULLISH | EMA20=63852.01 | EMA50=67870.22 | MACD=-2286.1526 | Signal=-2289.5934 | 4h: EMA=BEARISH | MACD=BEARISH | EMA20=60982.14 | EMA50=62268.53 | MACD=-891.1923 | Signal=-889.5320 | 1h: EMA=BEARISH | MACD=BULLISH | EMA20=59916.89 | EMA50=60409.25 | MACD=-81.2166 | Signal=-171.3898,1d: середина диапазона | 4h: середина диапазона | 1h: середина диапазона,1d: MACD LONG +5 | 1d: RSI 32.0 <35 LONG +5 | 4h: MACD SHORT +4 | 4h: RSI 41.5 neutral | 1h: MACD LONG +3 | 1h: RSI 51.0 neutral,Хорошая зона для SHORT (+15 SHORT),SHORT wins by 13 points
2026-06-26T17:25:47.720745+00:00,ETH/USDT,SHORT,WATCH,23,74.2,14,46,0,7,13,4,0,15,8,23,15,SHORT,1d: EMA SHORT +20 | 1d: MACD LONG +10 | 4h: EMA SHORT +12 | 4h: MACD SHORT +6 | 1h: EMA SHORT +8 | 1h: MACD LONG +4 |  | === Trend Summary === | 1d: EMA=BEARISH | MACD=BULLISH | EMA20=1711.85 | EMA50=1866.63 | MACD=-77.0429 | Signal=-77.8611 | 4h: EMA=BEARISH | MACD=BEARISH | EMA20=1612.32 | EMA50=1659.52 | MACD=-35.0012 | Signal=-33.9058 | 1h: EMA=BEARISH | MACD=BULLISH | EMA20=1568.23 | EMA50=1590.16 | MACD=-4.4704 | Signal=-10.0211,1d: середина диапазона | 4h: середина диапазона | 1h: цена у верхней границы (+7 SHORT),1d: MACD LONG +5 | 1d: RSI 32.7 <35 LONG +5 | 4h: MACD SHORT +4 | 4h: RSI 41.8 neutral | 1h: MACD LONG +3 | 1h: RSI 53.8 neutral,Хорошая зона для SHORT (+15 SHORT),SHORT wins by 15 points
2026-06-26T17:25:49.238819+00:00,SOL/USDT,WAIT,NO TRADE,20,58.8,28,32,0,15,12,4,0,15,14,20,6,WAIT,1d: EMA SHORT +20 | 1d: MACD LONG +10 | 4h: EMA SHORT +12 | 4h: MACD LONG +6 | 1h: EMA LONG +8 | 1h: MACD LONG +4 |  | === Trend Summary === | 1d: EMA=BEARISH | MACD=BULLISH | EMA20=71.22 | EMA50=75.66 | MACD=-1.6046 | Signal=-2.1877 | 4h: EMA=BEARISH | MACD=BULLISH | EMA20=69.52 | EMA50=70.04 | MACD=-0.0751 | Signal=-0.6643 | 1h: EMA=BULLISH | MACD=BULLISH | EMA20=69.71 | EMA50=68.95 | MACD=1.0882 | Signal=0.6828,1d: середина диапазона | 4h: цена у верхней границы (+8 SHORT) | 1h: цена у верхней границы (+7 SHORT),1d: MACD LONG +5 | 1d: RSI 50.4 neutral | 4h: MACD LONG +4 | 4h: RSI 58.6 neutral | 1h: MACD LONG +3 | 1h: RSI 67.5 >65 SHORT +4,Хорошая зона для SHORT (+15 SHORT),No clear directional edge.
2026-06-26T17:30:52.878524+00:00,BTC/USDT,WAIT,NO TRADE,18,62.1,20,40,0,0,17,0,0,15,11,18,7,WAIT,1d: EMA SHORT +20 | 1d: MACD LONG +10 | 4h: EMA SHORT +12 | 4h: MACD LONG +6 | 1h: EMA SHORT +8 | 1h: MACD LONG +4 |  | === Trend Summary === | 1d: EMA=BEARISH | MACD=BULLISH | EMA20=63859.18 | EMA50=67873.17 | MACD=-2280.1457 | Signal=-2288.3920 | 4h: EMA=BEARISH | MACD=BULLISH | EMA20=60989.39 | EMA50=62271.52 | MACD=-885.1216 | Signal=-888.3179 | 1h: EMA=BEARISH | MACD=BULLISH | EMA20=59924.14 | EMA50=60412.23 | MACD=-75.1460 | Signal=-170.1757,1d: середина диапазона | 4h: середина диапазона | 1h: середина диапазона,1d: MACD LONG +5 | 1d: RSI 32.4 <35 LONG +5 | 4h: MACD LONG +4 | 4h: RSI 41.9 neutral | 1h: MACD LONG +3 | 1h: RSI 51.7 neutral,Хорошая зона для SHORT (+15 SHORT),No clear directional edge.
2026-06-26T17:30:54.341439+00:00,ETH/USDT,SHORT,WATCH,23,74.2,14,46,0,7,13,4,0,15,8,23,15,SHORT,1d: EMA SHORT +20 | 1d: MACD LONG +10 | 4h: EMA SHORT +12 | 4h: MACD SHORT +6 | 1h: EMA SHORT +8 | 1h: MACD LONG +4 |  | === Trend Summary === | 1d: EMA=BEARISH | MACD=BULLISH | EMA20=1712.12 | EMA50=1866.74 | MACD=-76.8147 | Signal=-77.8155 | 4h: EMA=BEARISH | MACD=BEARISH | EMA20=1612.59 | EMA50=1659.63 | MACD=-34.7731 | Signal=-33.8601 | 1h: EMA=BEARISH | MACD=BULLISH | EMA20=1568.50 | EMA50=1590.27 | MACD=-4.2422 | Signal=-9.9754,1d: середина диапазона | 4h: середина диапазона | 1h: цена у верхней границы (+7 SHORT),1d: MACD LONG +5 | 1d: RSI 33.1 <35 LONG +5 | 4h: MACD SHORT +4 | 4h: RSI 42.4 neutral | 1h: MACD LONG +3 | 1h: RSI 54.6 neutral,Хорошая зона для SHORT (+15 SHORT),SHORT wins by 15 points
2026-06-26T17:30:55.450199+00:00,SOL/USDT,WAIT,NO TRADE,20,58.8,28,32,0,15,12,4,0,15,14,20,6,WAIT,1d: EMA SHORT +20 | 1d: MACD LONG +10 | 4h: EMA SHORT +12 | 4h: MACD LONG +6 | 1h: EMA LONG +8 | 1h: MACD LONG +4 |  | === Trend Summary === | 1d: EMA=BEARISH | MACD=BULLISH | EMA20=71.25 | EMA50=75.67 | MACD=-1.5822 | Signal=-2.1832 | 4h: EMA=BEARISH | MACD=BULLISH | EMA20=69.55 | EMA50=70.05 | MACD=-0.0528 | Signal=-0.6599 | 1h: EMA=BULLISH | MACD=BULLISH | EMA20=69.74 | EMA50=68.96 | MACD=1.1105 | Signal=0.6873,1d: середина диапазона | 4h: цена у верхней границы (+8 SHORT) | 1h: цена у верхней границы (+7 SHORT),1d: MACD LONG +5 | 1d: RSI 50.9 neutral | 4h: MACD LONG +4 | 4h: RSI 59.3 neutral | 1h: MACD LONG +3 | 1h: RSI 68.7 >65 SHORT +4,Хорошая зона для SHORT (+15 SHORT),No clear directional edge.
2026-06-26T17:35:58.640848+00:00,BTC/USDT,SHORT,SETUP,26,89.7,4,56,0,0,8,9,0,15,3,26,23,SHORT,1d: EMA SHORT +20 | 1d: MACD SHORT +10 | 4h: EMA SHORT +12 | 4h: MACD SHORT +6 | 1h: EMA SHORT +8 | 1h: MACD LONG +4 |  | === Trend Summary === | 1d: EMA=BEARISH | MACD=BEARISH | EMA20=63845.40 | EMA50=67867.49 | MACD=-2291.6888 | Signal=-2290.7006 | 4h: EMA=BEARISH | MACD=BEARISH | EMA20=60975.60 | EMA50=62265.84 | MACD=-896.6726 | Signal=-890.6281 | 1h: EMA=BEARISH | MACD=BULLISH | EMA20=59910.35 | EMA50=60406.55 | MACD=-86.6970 | Signal=-172.4859,1d: середина диапазона | 4h: середина диапазона | 1h: середина диапазона,1d: MACD SHORT +5 | 1d: RSI 31.7 <35 LONG +5 | 4h: MACD SHORT +4 | 4h: RSI 41.1 neutral | 1h: MACD LONG +3 | 1h: RSI 50.4 neutral,Хорошая зона для SHORT (+15 SHORT),SHORT wins by 23 points
2026-06-26T17:35:59.629006+00:00,ETH/USDT,SHORT,WATCH,23,74.2,14,46,0,7,13,4,0,15,8,23,15,SHORT,1d: EMA SHORT +20 | 1d: MACD LONG +10 | 4h: EMA SHORT +12 | 4h: MACD SHORT +6 | 1h: EMA SHORT +8 | 1h: MACD LONG +4 |  | === Trend Summary === | 1d: EMA=BEARISH | MACD=BULLISH | EMA20=1711.76 | EMA50=1866.59 | MACD=-77.1187 | Signal=-77.8763 | 4h: EMA=BEARISH | MACD=BEARISH | EMA20=1612.23 | EMA50=1659.48 | MACD=-35.0770 | Signal=-33.9209 | 1h: EMA=BEARISH | MACD=BULLISH | EMA20=1568.14 | EMA50=1590.12 | MACD=-4.5461 | Signal=-10.0362,1d: середина диапазона | 4h: середина диапазона | 1h: цена у верхней границы (+7 SHORT),1d: MACD LONG +5 | 1d: RSI 32.6 <35 LONG +5 | 4h: MACD SHORT +4 | 4h: RSI 41.6 neutral | 1h: MACD LONG +3 | 1h: RSI 53.5 neutral,Хорошая зона для SHORT (+15 SHORT),SHORT wins by 15 points
2026-06-26T17:36:00.547385+00:00,SOL/USDT,WAIT,NO TRADE,20,58.8,28,32,0,15,12,4,0,15,14,20,6,WAIT,1d: EMA SHORT +20 | 1d: MACD LONG +10 | 4h: EMA SHORT +12 | 4h: MACD LONG +6 | 1h: EMA LONG +8 | 1h: MACD LONG +4 |  | === Trend Summary === | 1d: EMA=BEARISH | MACD=BULLISH | EMA20=71.22 | EMA50=75.66 | MACD=-1.6054 | Signal=-2.1878 | 4h: EMA=BEARISH | MACD=BULLISH | EMA20=69.52 | EMA50=70.04 | MACD=-0.0759 | Signal=-0.6645 | 1h: EMA=BULLISH | MACD=BULLISH | EMA20=69.71 | EMA50=68.95 | MACD=1.0874 | Signal=0.6827,1d: середина диапазона | 4h: цена у верхней границы (+8 SHORT) | 1h: цена у верхней границы (+7 SHORT),1d: MACD LONG +5 | 1d: RSI 50.4 neutral | 4h: MACD LONG +4 | 4h: RSI 58.6 neutral | 1h: MACD LONG +3 | 1h: RSI 67.5 >65 SHORT +4,Хорошая зона для SHORT (+15 SHORT),No clear directional edge.
2026-06-26T17:41:04.144564+00:00,BTC/USDT,SHORT,SETUP,26,89.7,4,56,0,0,8,9,0,15,3,26,23,SHORT,1d: EMA SHORT +20 | 1d: MACD SHORT +10 | 4h: EMA SHORT +12 | 4h: MACD SHORT +6 | 1h: EMA SHORT +8 | 1h: MACD LONG +4 |  | === Trend Summary === | 1d: EMA=BEARISH | MACD=BEARISH | EMA20=63841.18 | EMA50=67865.76 | MACD=-2295.2227 | Signal=-2291.4074 | 4h: EMA=BEARISH | MACD=BEARISH | EMA20=60971.38 | EMA50=62264.10 | MACD=-900.2065 | Signal=-891.3349 | 1h: EMA=BEARISH | MACD=BULLISH | EMA20=59906.12 | EMA50=60404.81 | MACD=-90.2389 | Signal=-173.1942,1d: середина диапазона | 4h: середина диапазона | 1h: середина диапазона,1d: MACD SHORT +5 | 1d: RSI 31.5 <35 LONG +5 | 4h: MACD SHORT +4 | 4h: RSI 40.9 neutral | 1h: MACD LONG +3 | 1h: RSI 50.0 neutral,Хорошая зона для SHORT (+15 SHORT),SHORT wins by 23 points
2026-06-26T17:41:05.624778+00:00,ETH/USDT,SHORT,WATCH,23,74.2,14,46,0,7,13,4,0,15,8,23,15,SHORT,1d: EMA SHORT +20 | 1d: MACD LONG +10 | 4h: EMA SHORT +12 | 4h: MACD SHORT +6 | 1h: EMA SHORT +8 | 1h: MACD LONG +4 |  | === Trend Summary === | 1d: EMA=BEARISH | MACD=BULLISH | EMA20=1711.52 | EMA50=1866.50 | MACD=-77.3173 | Signal=-77.9160 | 4h: EMA=BEARISH | MACD=BEARISH | EMA20=1611.98 | EMA50=1659.38 | MACD=-35.2876 | Signal=-33.9630 | 1h: EMA=BEARISH | MACD=BULLISH | EMA20=1567.89 | EMA50=1590.02 | MACD=-4.7567 | Signal=-10.0783,1d: середина диапазона | 4h: середина диапазона | 1h: цена у верхней границы (+7 SHORT),1d: MACD LONG +5 | 1d: RSI 32.3 <35 LONG +5 | 4h: MACD SHORT +4 | 4h: RSI 41.1 neutral | 1h: MACD LONG +3 | 1h: RSI 52.8 neutral,Хорошая зона для SHORT (+15 SHORT),SHORT wins by 15 points
2026-06-26T17:41:07.369168+00:00,SOL/USDT,WAIT,NO TRADE,20,58.8,28,32,0,15,12,4,0,15,14,20,6,WAIT,1d: EMA SHORT +20 | 1d: MACD LONG +10 | 4h: EMA SHORT +12 | 4h: MACD LONG +6 | 1h: EMA LONG +8 | 1h: MACD LONG +4 |  | === Trend Summary === | 1d: EMA=BEARISH | MACD=BULLISH | EMA20=71.21 | EMA50=75.65 | MACD=-1.6118 | Signal=-2.1891 | 4h: EMA=BEARISH | MACD=BULLISH | EMA20=69.52 | EMA50=70.04 | MACD=-0.0815 | Signal=-0.6656 | 1h: EMA=BULLISH | MACD=BULLISH | EMA20=69.70 | EMA50=68.94 | MACD=1.0818 | Signal=0.6816,1d: середина диапазона | 4h: цена у верхней границы (+8 SHORT) | 1h: цена у верхней границы (+7 SHORT),1d: MACD LONG +5 | 1d: RSI 50.2 neutral | 4h: MACD LONG +4 | 4h: RSI 58.4 neutral | 1h: MACD LONG +3 | 1h: RSI 67.0 >65 SHORT +4,Хорошая зона для SHORT (+15 SHORT),No clear directional edge.
2026-06-26T17:47:57.276185+00:00,SOL/USDT,WAIT,NO TRADE,20,58.8,E,28,32,0,15,12,4,0,15,14,20,6,WAIT,1d: EMA SHORT +20 | 1d: MACD LONG +10 | 4h: EMA SHORT +12 | 4h: MACD LONG +6 | 1h: EMA LONG +8 | 1h: MACD LONG +4 |  | === Trend Summary === | 1d: EMA=BEARISH | MACD=BULLISH | EMA20=71.25 | EMA50=75.67 | MACD=-1.5799 | Signal=-2.1827 | 4h: EMA=BEARISH | MACD=BULLISH | EMA20=69.55 | EMA50=70.06 | MACD=-0.0504 | Signal=-0.6594 | 1h: EMA=BULLISH | MACD=BULLISH | EMA20=69.74 | EMA50=68.96 | MACD=1.1129 | Signal=0.6878,1d: середина диапазона | 4h: цена у верхней границы (+8 SHORT) | 1h: цена у верхней границы (+7 SHORT),1d: MACD LONG +5 | 1d: RSI 51.0 neutral | 4h: MACD LONG +4 | 4h: RSI 59.4 neutral | 1h: MACD LONG +3 | 1h: RSI 68.8 >65 SHORT +4,Хорошая зона для SHORT (+15 SHORT),No clear directional edge.
2026-06-26T17:52:23.909862+00:00,BTC/USDT,SHORT,SETUP,26,89.7,B,4,56,0,0,8,9,0,15,3,26,23,SHORT,1d: EMA SHORT +20 | 1d: MACD SHORT +10 | 4h: EMA SHORT +12 | 4h: MACD SHORT +6 | 1h: EMA SHORT +8 | 1h: MACD LONG +4 |  | === Trend Summary === | 1d: EMA=BEARISH | MACD=BEARISH | EMA20=63843.44 | EMA50=67866.69 | MACD=-2293.3321 | Signal=-2291.0293 | 4h: EMA=BEARISH | MACD=BEARISH | EMA20=60973.64 | EMA50=62265.03 | MACD=-898.3159 | Signal=-890.9568 | 1h: EMA=BEARISH | MACD=BULLISH | EMA20=59908.39 | EMA50=60405.75 | MACD=-88.3403 | Signal=-172.8145,1d: середина диапазона | 4h: середина диапазона | 1h: середина диапазона,1d: MACD SHORT +5 | 1d: RSI 31.6 <35 LONG +5 | 4h: MACD SHORT +4 | 4h: RSI 41.0 neutral | 1h: MACD LONG +3 | 1h: RSI 50.2 neutral,Хорошая зона для SHORT (+15 SHORT),SHORT wins by 23 points
2026-06-26T17:52:25.790961+00:00,ETH/USDT,SHORT,WATCH,23,74.2,C,14,46,0,7,13,4,0,15,8,23,15,SHORT,1d: EMA SHORT +20 | 1d: MACD LONG +10 | 4h: EMA SHORT +12 | 4h: MACD SHORT +6 | 1h: EMA SHORT +8 | 1h: MACD LONG +4 |  | === Trend Summary === | 1d: EMA=BEARISH | MACD=BULLISH | EMA20=1711.63 | EMA50=1866.54 | MACD=-77.2224 | Signal=-77.8970 | 4h: EMA=BEARISH | MACD=BEARISH | EMA20=1612.11 | EMA50=1659.43 | MACD=-35.1807 | Signal=-33.9417 | 1h: EMA=BEARISH | MACD=BULLISH | EMA20=1568.02 | EMA50=1590.07 | MACD=-4.6498 | Signal=-10.0570,1d: середина диапазона | 4h: середина диапазона | 1h: цена у верхней границы (+7 SHORT),1d: MACD LONG +5 | 1d: RSI 32.4 <35 LONG +5 | 4h: MACD SHORT +4 | 4h: RSI 41.3 neutral | 1h: MACD LONG +3 | 1h: RSI 53.2 neutral,Хорошая зона для SHORT (+15 SHORT),SHORT wins by 15 points
2026-06-26T17:52:28.571946+00:00,SOL/USDT,WAIT,NO TRADE,20,58.8,E,28,32,0,15,12,4,0,15,14,20,6,WAIT,1d: EMA SHORT +20 | 1d: MACD LONG +10 | 4h: EMA SHORT +12 | 4h: MACD LONG +6 | 1h: EMA LONG +8 | 1h: MACD LONG +4 |  | === Trend Summary === | 1d: EMA=BEARISH | MACD=BULLISH | EMA20=71.23 | EMA50=75.66 | MACD=-1.5934 | Signal=-2.1854 | 4h: EMA=BEARISH | MACD=BULLISH | EMA20=69.54 | EMA50=70.05 | MACD=-0.0639 | Signal=-0.6621 | 1h: EMA=BULLISH | MACD=BULLISH | EMA20=69.72 | EMA50=68.95 | MACD=1.0994 | Signal=0.6851,1d: середина диапазона | 4h: цена у верхней границы (+8 SHORT) | 1h: цена у верхней границы (+7 SHORT),1d: MACD LONG +5 | 1d: RSI 50.6 neutral | 4h: MACD LONG +4 | 4h: RSI 59.0 neutral | 1h: MACD LONG +3 | 1h: RSI 68.2 >65 SHORT +4,Хорошая зона для SHORT (+15 SHORT),No clear directional edge.
2026-06-26T17:57:31.831665+00:00,BTC/USDT,SHORT,SETUP,26,89.7,B,4,56,0,0,8,9,0,15,3,26,23,SHORT,1d: EMA SHORT +20 | 1d: MACD SHORT +10 | 4h: EMA SHORT +12 | 4h: MACD SHORT +6 | 1h: EMA SHORT +8 | 1h: MACD LONG +4 |  | === Trend Summary === | 1d: EMA=BEARISH | MACD=BEARISH | EMA20=63839.40 | EMA50=67865.02 | MACD=-2296.7144 | Signal=-2291.7057 | 4h: EMA=BEARISH | MACD=BEARISH | EMA20=60969.60 | EMA50=62263.37 | MACD=-901.6983 | Signal=-891.6332 | 1h: EMA=BEARISH | MACD=BULLISH | EMA20=59904.35 | EMA50=60404.08 | MACD=-91.7226 | Signal=-173.4910,1d: середина диапазона | 4h: середина диапазона | 1h: середина диапазона,1d: MACD SHORT +5 | 1d: RSI 31.4 <35 LONG +5 | 4h: MACD SHORT +4 | 4h: RSI 40.8 neutral | 1h: MACD LONG +3 | 1h: RSI 49.9 neutral,Хорошая зона для SHORT (+15 SHORT),SHORT wins by 23 points
2026-06-26T17:57:33.149251+00:00,ETH/USDT,SHORT,WATCH,23,74.2,C,14,46,0,7,13,4,0,15,8,23,15,SHORT,1d: EMA SHORT +20 | 1d: MACD LONG +10 | 4h: EMA SHORT +12 | 4h: MACD SHORT +6 | 1h: EMA SHORT +8 | 1h: MACD LONG +4 |  | === Trend Summary === | 1d: EMA=BEARISH | MACD=BULLISH | EMA20=1711.54 | EMA50=1866.51 | MACD=-77.2973 | Signal=-77.9120 | 4h: EMA=BEARISH | MACD=BEARISH | EMA20=1612.02 | EMA50=1659.40 | MACD=-35.2557 | Signal=-33.9567 | 1h: EMA=BEARISH | MACD=BULLISH | EMA20=1567.93 | EMA50=1590.04 | MACD=-4.7248 | Signal=-10.0720,1d: середина диапазона | 4h: середина диапазона | 1h: цена у верхней границы (+7 SHORT),1d: MACD LONG +5 | 1d: RSI 32.3 <35 LONG +5 | 4h: MACD SHORT +4 | 4h: RSI 41.1 neutral | 1h: MACD LONG +3 | 1h: RSI 52.9 neutral,Хорошая зона для SHORT (+15 SHORT),SHORT wins by 15 points
2026-06-26T17:57:34.634921+00:00,SOL/USDT,WAIT,NO TRADE,20,58.8,E,28,32,0,15,12,4,0,15,14,20,6,WAIT,1d: EMA SHORT +20 | 1d: MACD LONG +10 | 4h: EMA SHORT +12 | 4h: MACD LONG +6 | 1h: EMA LONG +8 | 1h: MACD LONG +4 |  | === Trend Summary === | 1d: EMA=BEARISH | MACD=BULLISH | EMA20=71.23 | EMA50=75.66 | MACD=-1.5958 | Signal=-2.1859 | 4h: EMA=BEARISH | MACD=BULLISH | EMA20=69.53 | EMA50=70.05 | MACD=-0.0663 | Signal=-0.6626 | 1h: EMA=BULLISH | MACD=BULLISH | EMA20=69.72 | EMA50=68.95 | MACD=1.0970 | Signal=0.6846,1d: середина диапазона | 4h: цена у верхней границы (+8 SHORT) | 1h: цена у верхней границы (+7 SHORT),1d: MACD LONG +5 | 1d: RSI 50.6 neutral | 4h: MACD LONG +4 | 4h: RSI 58.9 neutral | 1h: MACD LONG +3 | 1h: RSI 68.1 >65 SHORT +4,Хорошая зона для SHORT (+15 SHORT),No clear directional edge.
2026-06-26T18:02:38.790996+00:00,BTC/USDT,SHORT,WAIT,21,72.4,D,14,46,0,0,13,4,0,15,8,21,13,SHORT,1d: EMA SHORT +20 | 1d: MACD LONG +10 | 4h: EMA SHORT +12 | 4h: MACD SHORT +6 | 1h: EMA SHORT +8 | 1h: MACD LONG +4 |  | === Trend Summary === | 1d: EMA=BEARISH | MACD=BULLISH | EMA20=63849.04 | EMA50=67868.99 | MACD=-2288.6415 | Signal=-2290.0911 | 4h: EMA=BEARISH | MACD=BEARISH | EMA20=60979.24 | EMA50=62267.34 | MACD=-893.6253 | Signal=-890.0187 | 1h: EMA=BEARISH | MACD=BULLISH | EMA20=59924.91 | EMA50=60393.03 | MACD=-66.3140 | Signal=-151.3600,1d: середина диапазона | 4h: середина диапазона | 1h: середина диапазона,1d: MACD LONG +5 | 1d: RSI 31.9 <35 LONG +5 | 4h: MACD SHORT +4 | 4h: RSI 41.3 neutral | 1h: MACD LONG +3 | 1h: RSI 50.8 neutral,Хорошая зона для SHORT (+15 SHORT),SHORT wins by 13 points
2026-06-26T18:02:40.055704+00:00,ETH/USDT,SHORT,WATCH,23,74.2,C,14,46,0,7,13,4,0,15,8,23,15,SHORT,1d: EMA SHORT +20 | 1d: MACD LONG +10 | 4h: EMA SHORT +12 | 4h: MACD SHORT +6 | 1h: EMA SHORT +8 | 1h: MACD LONG +4 |  | === Trend Summary === | 1d: EMA=BEARISH | MACD=BULLISH | EMA20=1711.82 | EMA50=1866.62 | MACD=-77.0628 | Signal=-77.8651 | 4h: EMA=BEARISH | MACD=BEARISH | EMA20=1612.30 | EMA50=1659.51 | MACD=-35.0212 | Signal=-33.9098 | 1h: EMA=BEARISH | MACD=BULLISH | EMA20=1569.53 | EMA50=1589.83 | MACD=-2.9378 | Signal=-8.6347,1d: середина диапазона | 4h: середина диапазона | 1h: цена у верхней границы (+7 SHORT),1d: MACD LONG +5 | 1d: RSI 32.7 <35 LONG +5 | 4h: MACD SHORT +4 | 4h: RSI 41.7 neutral | 1h: MACD LONG +3 | 1h: RSI 53.8 neutral,Хорошая зона для SHORT (+15 SHORT),SHORT wins by 15 points
2026-06-26T18:02:41.205129+00:00,SOL/USDT,WAIT,NO TRADE,20,58.8,E,28,32,0,15,12,4,0,15,14,20,6,WAIT,1d: EMA SHORT +20 | 1d: MACD LONG +10 | 4h: EMA SHORT +12 | 4h: MACD LONG +6 | 1h: EMA LONG +8 | 1h: MACD LONG +4 |  | === Trend Summary === | 1d: EMA=BEARISH | MACD=BULLISH | EMA20=71.25 | EMA50=75.67 | MACD=-1.5791 | Signal=-2.1826 | 4h: EMA=BEARISH | MACD=BULLISH | EMA20=69.55 | EMA50=70.06 | MACD=-0.0496 | Signal=-0.6592 | 1h: EMA=BULLISH | MACD=BULLISH | EMA20=70.01 | EMA50=69.10 | MACD=1.1982 | Signal=0.7876,1d: середина диапазона | 4h: цена у верхней границы (+8 SHORT) | 1h: цена у верхней границы (+7 SHORT),1d: MACD LONG +5 | 1d: RSI 51.0 neutral | 4h: MACD LONG +4 | 4h: RSI 59.4 neutral | 1h: MACD LONG +3 | 1h: RSI 68.8 >65 SHORT +4,Хорошая зона для SHORT (+15 SHORT),No clear directional edge.
2026-06-26T18:07:46.223406+00:00,BTC/USDT,SHORT,WAIT,21,72.4,D,14,46,0,0,13,4,0,15,8,21,13,SHORT,1d: EMA SHORT +20 | 1d: MACD LONG +10 | 4h: EMA SHORT +12 | 4h: MACD SHORT +6 | 1h: EMA SHORT +8 | 1h: MACD LONG +4 |  | === Trend Summary === | 1d: EMA=BEARISH | MACD=BULLISH | EMA20=63852.33 | EMA50=67870.35 | MACD=-2285.8893 | Signal=-2289.5407 | 4h: EMA=BEARISH | MACD=BEARISH | EMA20=60982.52 | EMA50=62268.69 | MACD=-890.8732 | Signal=-889.4682 | 1h: EMA=BEARISH | MACD=BULLISH | EMA20=59928.19 | EMA50=60394.39 | MACD=-63.5619 | Signal=-150.8095,1d: середина диапазона | 4h: середина диапазона | 1h: середина диапазона,1d: MACD LONG +5 | 1d: RSI 32.0 <35 LONG +5 | 4h: MACD SHORT +4 | 4h: RSI 41.5 neutral | 1h: MACD LONG +3 | 1h: RSI 51.1 neutral,Хорошая зона для SHORT (+15 SHORT),SHORT wins by 13 points
2026-06-26T18:07:47.336597+00:00,ETH/USDT,SHORT,WATCH,23,74.2,C,14,46,0,7,13,4,0,15,8,23,15,SHORT,1d: EMA SHORT +20 | 1d: MACD LONG +10 | 4h: EMA SHORT +12 | 4h: MACD SHORT +6 | 1h: EMA SHORT +8 | 1h: MACD LONG +4 |  | === Trend Summary === | 1d: EMA=BEARISH | MACD=BULLISH | EMA20=1711.78 | EMA50=1866.60 | MACD=-77.1011 | Signal=-77.8727 | 4h: EMA=BEARISH | MACD=BEARISH | EMA20=1612.25 | EMA50=1659.49 | MACD=-35.0595 | Signal=-33.9174 | 1h: EMA=BEARISH | MACD=BULLISH | EMA20=1569.48 | EMA50=1589.81 | MACD=-2.9761 | Signal=-8.6423,1d: середина диапазона | 4h: середина диапазона | 1h: цена у верхней границы (+7 SHORT),1d: MACD LONG +5 | 1d: RSI 32.6 <35 LONG +5 | 4h: MACD SHORT +4 | 4h: RSI 41.6 neutral | 1h: MACD LONG +3 | 1h: RSI 53.6 neutral,Хорошая зона для SHORT (+15 SHORT),SHORT wins by 15 points
2026-06-26T18:07:48.685144+00:00,SOL/USDT,WAIT,NO TRADE,20,58.8,E,28,32,0,15,12,4,0,15,14,20,6,WAIT,1d: EMA SHORT +20 | 1d: MACD LONG +10 | 4h: EMA SHORT +12 | 4h: MACD LONG +6 | 1h: EMA LONG +8 | 1h: MACD LONG +4 |  | === Trend Summary === | 1d: EMA=BEARISH | MACD=BULLISH | EMA20=71.26 | EMA50=75.67 | MACD=-1.5703 | Signal=-2.1808 | 4h: EMA=BEARISH | MACD=BULLISH | EMA20=69.56 | EMA50=70.06 | MACD=-0.0416 | Signal=-0.6576 | 1h: EMA=BULLISH | MACD=BULLISH | EMA20=70.02 | EMA50=69.11 | MACD=1.2070 | Signal=0.7893,1d: середина диапазона | 4h: цена у верхней границы (+8 SHORT) | 1h: цена у верхней границы (+7 SHORT),1d: MACD LONG +5 | 1d: RSI 51.2 neutral | 4h: MACD LONG +4 | 4h: RSI 59.6 neutral | 1h: MACD LONG +3 | 1h: RSI 69.2 >65 SHORT +4,Хорошая зона для SHORT (+15 SHORT),No clear directional edge.
2026-06-26T18:12:54.283243+00:00,BTC/USDT,SHORT,WAIT,21,72.4,D,14,46,0,0,13,4,0,15,8,21,13,SHORT,1d: EMA SHORT +20 | 1d: MACD LONG +10 | 4h: EMA SHORT +12 | 4h: MACD SHORT +6 | 1h: EMA SHORT +8 | 1h: MACD LONG +4 |  | === Trend Summary === | 1d: EMA=BEARISH | MACD=BULLISH | EMA20=63854.15 | EMA50=67871.10 | MACD=-2284.3577 | Signal=-2289.2344 | 4h: EMA=BEARISH | MACD=BEARISH | EMA20=60984.35 | EMA50=62269.44 | MACD=-889.3416 | Signal=-889.1619 | 1h: EMA=BEARISH | MACD=BULLISH | EMA20=59930.02 | EMA50=60395.14 | MACD=-62.0303 | Signal=-150.5032,1d: середина диапазона | 4h: середина диапазона | 1h: середина диапазона,1d: MACD LONG +5 | 1d: RSI 32.1 <35 LONG +5 | 4h: MACD SHORT +4 | 4h: RSI 41.6 neutral | 1h: MACD LONG +3 | 1h: RSI 51.3 neutral,Хорошая зона для SHORT (+15 SHORT),SHORT wins by 13 points
2026-06-26T18:12:55.361014+00:00,ETH/USDT,SHORT,WATCH,23,74.2,C,14,46,0,7,13,4,0,15,8,23,15,SHORT,1d: EMA SHORT +20 | 1d: MACD LONG +10 | 4h: EMA SHORT +12 | 4h: MACD SHORT +6 | 1h: EMA SHORT +8 | 1h: MACD LONG +4 |  | === Trend Summary === | 1d: EMA=BEARISH | MACD=BULLISH | EMA20=1711.81 | EMA50=1866.62 | MACD=-77.0748 | Signal=-77.8675 | 4h: EMA=BEARISH | MACD=BEARISH | EMA20=1612.28 | EMA50=1659.51 | MACD=-35.0331 | Signal=-33.9121 | 1h: EMA=BEARISH | MACD=BULLISH | EMA20=1569.51 | EMA50=1589.82 | MACD=-2.9498 | Signal=-8.6371,1d: середина диапазона | 4h: середина диапазона | 1h: цена у верхней границы (+7 SHORT),1d: MACD LONG +5 | 1d: RSI 32.7 <35 LONG +5 | 4h: MACD SHORT +4 | 4h: RSI 41.7 neutral | 1h: MACD LONG +3 | 1h: RSI 53.7 neutral,Хорошая зона для SHORT (+15 SHORT),SHORT wins by 15 points
2026-06-26T18:12:56.745054+00:00,SOL/USDT,WAIT,NO TRADE,20,58.8,E,28,32,0,15,12,4,0,15,14,20,6,WAIT,1d: EMA SHORT +20 | 1d: MACD LONG +10 | 4h: EMA SHORT +12 | 4h: MACD LONG +6 | 1h: EMA LONG +8 | 1h: MACD LONG +4 |  | === Trend Summary === | 1d: EMA=BEARISH | MACD=BULLISH | EMA20=71.28 | EMA50=75.68 | MACD=-1.5575 | Signal=-2.1783 | 4h: EMA=BEARISH | MACD=BULLISH | EMA20=69.58 | EMA50=70.07 | MACD=-0.0280 | Signal=-0.6549 | 1h: EMA=BULLISH | MACD=BULLISH | EMA20=70.04 | EMA50=69.11 | MACD=1.2206 | Signal=0.7920,1d: середина диапазона | 4h: цена у верхней границы (+8 SHORT) | 1h: цена у верхней границы (+7 SHORT),1d: MACD LONG +5 | 1d: RSI 51.5 neutral | 4h: MACD LONG +4 | 4h: RSI 60.0 neutral | 1h: MACD LONG +3 | 1h: RSI 69.8 >65 SHORT +4,Хорошая зона для SHORT (+15 SHORT),No clear directional edge.
2026-06-26T18:18:00.351111+00:00,BTC/USDT,SHORT,SETUP,26,89.7,B,4,56,0,0,8,9,0,15,3,26,23,SHORT,1d: EMA SHORT +20 | 1d: MACD SHORT +10 | 4h: EMA SHORT +12 | 4h: MACD SHORT +6 | 1h: EMA SHORT +8 | 1h: MACD LONG +4 |  | === Trend Summary === | 1d: EMA=BEARISH | MACD=BEARISH | EMA20=63844.12 | EMA50=67866.97 | MACD=-2292.7657 | Signal=-2290.9160 | 4h: EMA=BEARISH | MACD=BEARISH | EMA20=60974.31 | EMA50=62265.31 | MACD=-897.7496 | Signal=-890.8435 | 1h: EMA=BEARISH | MACD=BULLISH | EMA20=59919.98 | EMA50=60391.01 | MACD=-70.4382 | Signal=-152.1848,1d: середина диапазона | 4h: середина диапазона | 1h: середина диапазона,1d: MACD SHORT +5 | 1d: RSI 31.6 <35 LONG +5 | 4h: MACD SHORT +4 | 4h: RSI 41.1 neutral | 1h: MACD LONG +3 | 1h: RSI 50.3 neutral,Хорошая зона для SHORT (+15 SHORT),SHORT wins by 23 points
2026-06-26T18:18:01.355448+00:00,ETH/USDT,SHORT,WATCH,23,74.2,C,14,46,0,7,13,4,0,15,8,23,15,SHORT,1d: EMA SHORT +20 | 1d: MACD LONG +10 | 4h: EMA SHORT +12 | 4h: MACD SHORT +6 | 1h: EMA SHORT +8 | 1h: MACD LONG +4 |  | === Trend Summary === | 1d: EMA=BEARISH | MACD=BULLISH | EMA20=1711.49 | EMA50=1866.49 | MACD=-77.3388 | Signal=-77.9203 | 4h: EMA=BEARISH | MACD=BEARISH | EMA20=1611.97 | EMA50=1659.38 | MACD=-35.2972 | Signal=-33.9650 | 1h: EMA=BEARISH | MACD=BULLISH | EMA20=1569.20 | EMA50=1589.69 | MACD=-3.2138 | Signal=-8.6899,1d: середина диапазона | 4h: середина диапазона | 1h: цена у верхней границы (+7 SHORT),1d: MACD LONG +5 | 1d: RSI 32.2 <35 LONG +5 | 4h: MACD SHORT +4 | 4h: RSI 41.0 neutral | 1h: MACD LONG +3 | 1h: RSI 52.7 neutral,Хорошая зона для SHORT (+15 SHORT),SHORT wins by 15 points
2026-06-26T18:18:02.221072+00:00,SOL/USDT,WAIT,NO TRADE,20,58.8,E,28,32,0,15,12,4,0,15,14,20,6,WAIT,1d: EMA SHORT +20 | 1d: MACD LONG +10 | 4h: EMA SHORT +12 | 4h: MACD LONG +6 | 1h: EMA LONG +8 | 1h: MACD LONG +4 |  | === Trend Summary === | 1d: EMA=BEARISH | MACD=BULLISH | EMA20=71.25 | EMA50=75.67 | MACD=-1.5799 | Signal=-2.1827 | 4h: EMA=BEARISH | MACD=BULLISH | EMA20=69.55 | EMA50=70.06 | MACD=-0.0504 | Signal=-0.6594 | 1h: EMA=BULLISH | MACD=BULLISH | EMA20=70.01 | EMA50=69.10 | MACD=1.1982 | Signal=0.7876,1d: середина диапазона | 4h: цена у верхней границы (+8 SHORT) | 1h: цена у верхней границы (+7 SHORT),1d: MACD LONG +5 | 1d: RSI 51.0 neutral | 4h: MACD LONG +4 | 4h: RSI 59.4 neutral | 1h: MACD LONG +3 | 1h: RSI 68.8 >65 SHORT +4,Хорошая зона для SHORT (+15 SHORT),No clear directional edge.
2026-06-26T18:23:06.651282+00:00,BTC/USDT,SHORT,WAIT,21,72.4,D,14,46,0,0,13,4,0,15,8,21,13,SHORT,1d: EMA SHORT +20 | 1d: MACD LONG +10 | 4h: EMA SHORT +12 | 4h: MACD SHORT +6 | 1h: EMA SHORT +8 | 1h: MACD LONG +4 |  | === Trend Summary === | 1d: EMA=BEARISH | MACD=BULLISH | EMA20=63848.84 | EMA50=67868.91 | MACD=-2288.8090 | Signal=-2290.1247 | 4h: EMA=BEARISH | MACD=BEARISH | EMA20=60979.04 | EMA50=62267.26 | MACD=-893.7929 | Signal=-890.0522 | 1h: EMA=BEARISH | MACD=BULLISH | EMA20=59924.71 | EMA50=60392.95 | MACD=-66.4815 | Signal=-151.3935,1d: середина диапазона | 4h: середина диапазона | 1h: середина диапазона,1d: MACD LONG +5 | 1d: RSI 31.9 <35 LONG +5 | 4h: MACD SHORT +4 | 4h: RSI 41.3 neutral | 1h: MACD LONG +3 | 1h: RSI 50.8 neutral,Хорошая зона для SHORT (+15 SHORT),SHORT wins by 13 points
2026-06-26T18:23:08.091108+00:00,ETH/USDT,SHORT,WATCH,23,74.2,C,14,46,0,7,13,4,0,15,8,23,15,SHORT,1d: EMA SHORT +20 | 1d: MACD LONG +10 | 4h: EMA SHORT +12 | 4h: MACD SHORT +6 | 1h: EMA SHORT +8 | 1h: MACD LONG +4 |  | === Trend Summary === | 1d: EMA=BEARISH | MACD=BULLISH | EMA20=1711.67 | EMA50=1866.56 | MACD=-77.1920 | Signal=-77.8909 | 4h: EMA=BEARISH | MACD=BEARISH | EMA20=1612.14 | EMA50=1659.45 | MACD=-35.1504 | Signal=-33.9356 | 1h: EMA=BEARISH | MACD=BULLISH | EMA20=1569.37 | EMA50=1589.77 | MACD=-3.0671 | Signal=-8.6605,1d: середина диапазона | 4h: середина диапазона | 1h: цена у верхней границы (+7 SHORT),1d: MACD LONG +5 | 1d: RSI 32.5 <35 LONG +5 | 4h: MACD SHORT +4 | 4h: RSI 41.4 neutral | 1h: MACD LONG +3 | 1h: RSI 53.3 neutral,Хорошая зона для SHORT (+15 SHORT),SHORT wins by 15 points
2026-06-26T18:23:09.446358+00:00,SOL/USDT,WAIT,NO TRADE,20,58.8,E,28,32,0,15,12,4,0,15,14,20,6,WAIT,1d: EMA SHORT +20 | 1d: MACD LONG +10 | 4h: EMA SHORT +12 | 4h: MACD LONG +6 | 1h: EMA LONG +8 | 1h: MACD LONG +4 |  | === Trend Summary === | 1d: EMA=BEARISH | MACD=BULLISH | EMA20=71.26 | EMA50=75.67 | MACD=-1.5687 | Signal=-2.1805 | 4h: EMA=BEARISH | MACD=BULLISH | EMA20=69.57 | EMA50=70.06 | MACD=-0.0392 | Signal=-0.6571 | 1h: EMA=BULLISH | MACD=BULLISH | EMA20=70.02 | EMA50=69.11 | MACD=1.2094 | Signal=0.7898,1d: середина диапазона | 4h: цена у верхней границы (+8 SHORT) | 1h: цена у верхней границы (+7 SHORT),1d: MACD LONG +5 | 1d: RSI 51.2 neutral | 4h: MACD LONG +4 | 4h: RSI 59.7 neutral | 1h: MACD LONG +3 | 1h: RSI 69.3 >65 SHORT +4,Хорошая зона для SHORT (+15 SHORT),No clear directional edge.
2026-06-26T18:28:12.871509+00:00,BTC/USDT,SHORT,WATCH,24,80.0,C,4,56,10,0,8,9,0,0,6,24,18,SHORT,1d: EMA SHORT +20 | 1d: MACD SHORT +10 | 4h: EMA SHORT +12 | 4h: MACD SHORT +6 | 1h: EMA SHORT +8 | 1h: MACD LONG +4 |  | === Trend Summary === | 1d: EMA=BEARISH | MACD=BEARISH | EMA20=63833.55 | EMA50=67862.61 | MACD=-2301.6204 | Signal=-2292.6869 | 4h: EMA=BEARISH | MACD=BEARISH | EMA20=60963.74 | EMA50=62260.96 | MACD=-906.6043 | Signal=-892.6144 | 1h: EMA=BEARISH | MACD=BULLISH | EMA20=59909.41 | EMA50=60386.65 | MACD=-79.2929 | Signal=-153.9557,1d: цена у нижней границы (+10 LONG) | 4h: середина диапазона | 1h: середина диапазона,1d: MACD SHORT +5 | 1d: RSI 31.1 <35 LONG +5 | 4h: MACD SHORT +4 | 4h: RSI 40.5 neutral | 1h: MACD LONG +3 | 1h: RSI 49.2 neutral,Цена далеко от зоны входа,SHORT wins by 18 points
2026-06-26T18:28:13.649409+00:00,ETH/USDT,SHORT,WAIT,21,65.6,D,14,46,10,0,13,4,0,15,11,21,10,SHORT,1d: EMA SHORT +20 | 1d: MACD LONG +10 | 4h: EMA SHORT +12 | 4h: MACD SHORT +6 | 1h: EMA SHORT +8 | 1h: MACD LONG +4 |  | === Trend Summary === | 1d: EMA=BEARISH | MACD=BULLISH | EMA20=1711.19 | EMA50=1866.36 | MACD=-77.5933 | Signal=-77.9712 | 4h: EMA=BEARISH | MACD=BEARISH | EMA20=1611.66 | EMA50=1659.25 | MACD=-35.5517 | Signal=-34.0159 | 1h: EMA=BEARISH | MACD=BULLISH | EMA20=1568.90 | EMA50=1589.57 | MACD=-3.4683 | Signal=-8.7408,1d: цена у нижней границы (+10 LONG) | 4h: середина диапазона | 1h: середина диапазона,1d: MACD LONG +5 | 1d: RSI 31.8 <35 LONG +5 | 4h: MACD SHORT +4 | 4h: RSI 40.6 neutral | 1h: MACD LONG +3 | 1h: RSI 51.6 neutral,Хорошая зона для SHORT (+15 SHORT),SHORT wins by 10 points
2026-06-26T18:28:15.644947+00:00,SOL/USDT,WAIT,NO TRADE,20,58.8,E,28,32,0,15,12,4,0,15,14,20,6,WAIT,1d: EMA SHORT +20 | 1d: MACD LONG +10 | 4h: EMA SHORT +12 | 4h: MACD LONG +6 | 1h: EMA LONG +8 | 1h: MACD LONG +4 |  | === Trend Summary === | 1d: EMA=BEARISH | MACD=BULLISH | EMA20=71.23 | EMA50=75.66 | MACD=-1.5958 | Signal=-2.1859 | 4h: EMA=BEARISH | MACD=BULLISH | EMA20=69.53 | EMA50=70.05 | MACD=-0.0663 | Signal=-0.6626 | 1h: EMA=BULLISH | MACD=BULLISH | EMA20=69.99 | EMA50=69.09 | MACD=1.1831 | Signal=0.7845,1d: середина диапазона | 4h: цена у верхней границы (+8 SHORT) | 1h: цена у верхней границы (+7 SHORT),1d: MACD LONG +5 | 1d: RSI 50.6 neutral | 4h: MACD LONG +4 | 4h: RSI 58.9 neutral | 1h: MACD LONG +3 | 1h: RSI 68.1 >65 SHORT +4,Хорошая зона для SHORT (+15 SHORT),No clear directional edge.
2026-06-26T18:33:19.097443+00:00,BTC/USDT,SHORT,WATCH,24,80.0,C,4,56,10,0,8,9,0,0,6,24,18,SHORT,1d: EMA SHORT +20 | 1d: MACD SHORT +10 | 4h: EMA SHORT +12 | 4h: MACD SHORT +6 | 1h: EMA SHORT +8 | 1h: MACD LONG +4 |  | === Trend Summary === | 1d: EMA=BEARISH | MACD=BEARISH | EMA20=63827.54 | EMA50=67860.14 | MACD=-2306.6540 | Signal=-2293.6937 | 4h: EMA=BEARISH | MACD=BEARISH | EMA20=60957.73 | EMA50=62258.48 | MACD=-911.6379 | Signal=-893.6212 | 1h: EMA=BEARISH | MACD=BULLISH | EMA20=59903.55 | EMA50=60384.24 | MACD=-84.1989 | Signal=-154.9369,1d: цена у нижней границы (+10 LONG) | 4h: середина диапазона | 1h: середина диапазона,1d: MACD SHORT +5 | 1d: RSI 30.8 <35 LONG +5 | 4h: MACD SHORT +4 | 4h: RSI 40.2 neutral | 1h: MACD LONG +3 | 1h: RSI 48.7 neutral,Цена далеко от зоны входа,SHORT wins by 18 points
2026-06-26T18:33:19.874509+00:00,ETH/USDT,SHORT,WAIT,21,65.6,D,14,46,10,0,13,4,0,15,11,21,10,SHORT,1d: EMA SHORT +20 | 1d: MACD LONG +10 | 4h: EMA SHORT +12 | 4h: MACD SHORT +6 | 1h: EMA SHORT +8 | 1h: MACD LONG +4 |  | === Trend Summary === | 1d: EMA=BEARISH | MACD=BULLISH | EMA20=1711.12 | EMA50=1866.33 | MACD=-77.6563 | Signal=-77.9838 | 4h: EMA=BEARISH | MACD=BEARISH | EMA20=1611.59 | EMA50=1659.22 | MACD=-35.6147 | Signal=-34.0285 | 1h: EMA=BEARISH | MACD=BULLISH | EMA20=1568.82 | EMA50=1589.54 | MACD=-3.5313 | Signal=-8.7534,1d: цена у нижней границы (+10 LONG) | 4h: середина диапазона | 1h: середина диапазона,1d: MACD LONG +5 | 1d: RSI 31.7 <35 LONG +5 | 4h: MACD SHORT +4 | 4h: RSI 40.4 neutral | 1h: MACD LONG +3 | 1h: RSI 51.4 neutral,Хорошая зона для SHORT (+15 SHORT),SHORT wins by 10 points
2026-06-26T18:33:20.841727+00:00,SOL/USDT,WAIT,NO TRADE,20,58.8,E,28,32,0,15,12,4,0,15,14,20,6,WAIT,1d: EMA SHORT +20 | 1d: MACD LONG +10 | 4h: EMA SHORT +12 | 4h: MACD LONG +6 | 1h: EMA LONG +8 | 1h: MACD LONG +4 |  | === Trend Summary === | 1d: EMA=BEARISH | MACD=BULLISH | EMA20=71.24 | EMA50=75.66 | MACD=-1.5886 | Signal=-2.1845 | 4h: EMA=BEARISH | MACD=BULLISH | EMA20=69.54 | EMA50=70.05 | MACD=-0.0599 | Signal=-0.6613 | 1h: EMA=BULLISH | MACD=BULLISH | EMA20=70.00 | EMA50=69.10 | MACD=1.1887 | Signal=0.7857,1d: середина диапазона | 4h: цена у верхней границы (+8 SHORT) | 1h: цена у верхней границы (+7 SHORT),1d: MACD LONG +5 | 1d: RSI 50.8 neutral | 4h: MACD LONG +4 | 4h: RSI 59.1 neutral | 1h: MACD LONG +3 | 1h: RSI 68.4 >65 SHORT +4,Хорошая зона для SHORT (+15 SHORT),No clear directional edge.
2026-06-26T18:38:25.060521+00:00,BTC/USDT,SHORT,WATCH,24,80.0,C,4,56,10,0,8,9,0,0,6,24,18,SHORT,1d: EMA SHORT +20 | 1d: MACD SHORT +10 | 4h: EMA SHORT +12 | 4h: MACD SHORT +6 | 1h: EMA SHORT +8 | 1h: MACD LONG +4 |  | === Trend Summary === | 1d: EMA=BEARISH | MACD=BEARISH | EMA20=63824.45 | EMA50=67858.87 | MACD=-2309.2386 | Signal=-2294.2106 | 4h: EMA=BEARISH | MACD=BEARISH | EMA20=60954.65 | EMA50=62257.21 | MACD=-914.2225 | Signal=-894.1381 | 1h: EMA=BEARISH | MACD=BULLISH | EMA20=59900.32 | EMA50=60382.91 | MACD=-86.9112 | Signal=-155.4794,1d: цена у нижней границы (+10 LONG) | 4h: середина диапазона | 1h: середина диапазона,1d: MACD SHORT +5 | 1d: RSI 30.7 <35 LONG +5 | 4h: MACD SHORT +4 | 4h: RSI 40.1 neutral | 1h: MACD LONG +3 | 1h: RSI 48.4 neutral,Цена далеко от зоны входа,SHORT wins by 18 points
2026-06-26T18:38:26.456798+00:00,ETH/USDT,SHORT,WAIT,21,65.6,D,14,46,10,0,13,4,0,15,11,21,10,SHORT,1d: EMA SHORT +20 | 1d: MACD LONG +10 | 4h: EMA SHORT +12 | 4h: MACD SHORT +6 | 1h: EMA SHORT +8 | 1h: MACD LONG +4 |  | === Trend Summary === | 1d: EMA=BEARISH | MACD=BULLISH | EMA20=1710.99 | EMA50=1866.28 | MACD=-77.7584 | Signal=-78.0042 | 4h: EMA=BEARISH | MACD=BEARISH | EMA20=1611.47 | EMA50=1659.17 | MACD=-35.7168 | Signal=-34.0489 | 1h: EMA=BEARISH | MACD=BULLISH | EMA20=1568.70 | EMA50=1589.49 | MACD=-3.6334 | Signal=-8.7738,1d: цена у нижней границы (+10 LONG) | 4h: середина диапазона | 1h: середина диапазона,1d: MACD LONG +5 | 1d: RSI 31.5 <35 LONG +5 | 4h: MACD SHORT +4 | 4h: RSI 40.3 neutral | 1h: MACD LONG +3 | 1h: RSI 51.0 neutral,Хорошая зона для SHORT (+15 SHORT),SHORT wins by 10 points
2026-06-26T18:38:27.827768+00:00,SOL/USDT,WAIT,NO TRADE,20,58.8,E,28,32,0,15,12,4,0,15,14,20,6,WAIT,1d: EMA SHORT +20 | 1d: MACD LONG +10 | 4h: EMA SHORT +12 | 4h: MACD LONG +6 | 1h: EMA LONG +8 | 1h: MACD LONG +4 |  | === Trend Summary === | 1d: EMA=BEARISH | MACD=BULLISH | EMA20=71.23 | EMA50=75.66 | MACD=-1.5982 | Signal=-2.1864 | 4h: EMA=BEARISH | MACD=BULLISH | EMA20=69.53 | EMA50=70.05 | MACD=-0.0687 | Signal=-0.6630 | 1h: EMA=BULLISH | MACD=BULLISH | EMA20=69.99 | EMA50=69.09 | MACD=1.1799 | Signal=0.7839,1d: середина диапазона | 4h: цена у верхней границы (+8 SHORT) | 1h: цена у верхней границы (+7 SHORT),1d: MACD LONG +5 | 1d: RSI 50.5 neutral | 4h: MACD LONG +4 | 4h: RSI 58.8 neutral | 1h: MACD LONG +3 | 1h: RSI 67.8 >65 SHORT +4,Хорошая зона для SHORT (+15 SHORT),No clear directional edge.
2026-06-26T18:43:30.434314+00:00,BTC/USDT,SHORT,WATCH,24,80.0,C,4,56,10,0,8,9,0,0,6,24,18,SHORT,1d: EMA SHORT +20 | 1d: MACD SHORT +10 | 4h: EMA SHORT +12 | 4h: MACD SHORT +6 | 1h: EMA SHORT +8 | 1h: MACD LONG +4 |  | === Trend Summary === | 1d: EMA=BEARISH | MACD=BEARISH | EMA20=63818.94 | EMA50=67856.60 | MACD=-2313.8574 | Signal=-2295.1343 | 4h: EMA=BEARISH | MACD=BEARISH | EMA20=60949.13 | EMA50=62254.94 | MACD=-918.8413 | Signal=-895.0618 | 1h: EMA=BEARISH | MACD=BULLISH | EMA20=59894.80 | EMA50=60380.64 | MACD=-91.5300 | Signal=-156.4032,1d: цена у нижней границы (+10 LONG) | 4h: середина диапазона | 1h: середина диапазона,1d: MACD SHORT +5 | 1d: RSI 30.5 <35 LONG +5 | 4h: MACD SHORT +4 | 4h: RSI 39.8 neutral | 1h: MACD LONG +3 | 1h: RSI 47.9 neutral,Цена далеко от зоны входа,SHORT wins by 18 points
2026-06-26T18:43:31.310235+00:00,ETH/USDT,SHORT,WAIT,21,65.6,D,14,46,10,0,13,4,0,15,11,21,10,SHORT,1d: EMA SHORT +20 | 1d: MACD LONG +10 | 4h: EMA SHORT +12 | 4h: MACD SHORT +6 | 1h: EMA SHORT +8 | 1h: MACD LONG +4 |  | === Trend Summary === | 1d: EMA=BEARISH | MACD=BULLISH | EMA20=1711.01 | EMA50=1866.29 | MACD=-77.7433 | Signal=-78.0012 | 4h: EMA=BEARISH | MACD=BEARISH | EMA20=1611.48 | EMA50=1659.18 | MACD=-35.7016 | Signal=-34.0458 | 1h: EMA=BEARISH | MACD=BULLISH | EMA20=1568.72 | EMA50=1589.50 | MACD=-3.6183 | Signal=-8.7708,1d: цена у нижней границы (+10 LONG) | 4h: середина диапазона | 1h: середина диапазона,1d: MACD LONG +5 | 1d: RSI 31.6 <35 LONG +5 | 4h: MACD SHORT +4 | 4h: RSI 40.3 neutral | 1h: MACD LONG +3 | 1h: RSI 51.0 neutral,Хорошая зона для SHORT (+15 SHORT),SHORT wins by 10 points
2026-06-26T18:43:32.294084+00:00,SOL/USDT,WAIT,NO TRADE,20,58.8,E,28,32,0,15,12,4,0,15,14,20,6,WAIT,1d: EMA SHORT +20 | 1d: MACD LONG +10 | 4h: EMA SHORT +12 | 4h: MACD LONG +6 | 1h: EMA LONG +8 | 1h: MACD LONG +4 |  | === Trend Summary === | 1d: EMA=BEARISH | MACD=BULLISH | EMA20=71.24 | EMA50=75.66 | MACD=-1.5894 | Signal=-2.1846 | 4h: EMA=BEARISH | MACD=BULLISH | EMA20=69.54 | EMA50=70.05 | MACD=-0.0599 | Signal=-0.6613 | 1h: EMA=BULLISH | MACD=BULLISH | EMA20=70.00 | EMA50=69.10 | MACD=1.1887 | Signal=0.7857,1d: середина диапазона | 4h: цена у верхней границы (+8 SHORT) | 1h: цена у верхней границы (+7 SHORT),1d: MACD LONG +5 | 1d: RSI 50.7 neutral | 4h: MACD LONG +4 | 4h: RSI 59.1 neutral | 1h: MACD LONG +3 | 1h: RSI 68.4 >65 SHORT +4,Хорошая зона для SHORT (+15 SHORT),No clear directional edge.
2026-06-26T18:48:35.156425+00:00,BTC/USDT,SHORT,WATCH,24,80.0,C,4,56,10,0,8,9,0,0,6,24,18,SHORT,1d: EMA SHORT +20 | 1d: MACD SHORT +10 | 4h: EMA SHORT +12 | 4h: MACD SHORT +6 | 1h: EMA SHORT +8 | 1h: MACD LONG +4 |  | === Trend Summary === | 1d: EMA=BEARISH | MACD=BEARISH | EMA20=63811.03 | EMA50=67853.34 | MACD=-2320.4785 | Signal=-2296.4586 | 4h: EMA=BEARISH | MACD=BEARISH | EMA20=60941.23 | EMA50=62251.69 | MACD=-925.4624 | Signal=-896.3861 | 1h: EMA=BEARISH | MACD=BULLISH | EMA20=59886.90 | EMA50=60377.38 | MACD=-98.1510 | Signal=-157.7274,1d: цена у нижней границы (+10 LONG) | 4h: середина диапазона | 1h: середина диапазона,1d: MACD SHORT +5 | 1d: RSI 30.3 <35 LONG +5 | 4h: MACD SHORT +4 | 4h: RSI 39.4 neutral | 1h: MACD LONG +3 | 1h: RSI 47.1 neutral,Цена далеко от зоны входа,SHORT wins by 18 points
2026-06-26T18:48:36.137272+00:00,ETH/USDT,SHORT,WAIT,21,65.6,D,14,46,10,0,13,4,0,15,11,21,10,SHORT,1d: EMA SHORT +20 | 1d: MACD LONG +10 | 4h: EMA SHORT +12 | 4h: MACD SHORT +6 | 1h: EMA SHORT +8 | 1h: MACD LONG +4 |  | === Trend Summary === | 1d: EMA=BEARISH | MACD=BULLISH | EMA20=1710.80 | EMA50=1866.20 | MACD=-77.9212 | Signal=-78.0368 | 4h: EMA=BEARISH | MACD=BEARISH | EMA20=1611.29 | EMA50=1659.10 | MACD=-35.8676 | Signal=-34.0790 | 1h: EMA=BEARISH | MACD=BULLISH | EMA20=1568.52 | EMA50=1589.41 | MACD=-3.7842 | Signal=-8.8039,1d: цена у нижней границы (+10 LONG) | 4h: середина диапазона | 1h: середина диапазона,1d: MACD LONG +5 | 1d: RSI 31.3 <35 LONG +5 | 4h: MACD SHORT +4 | 4h: RSI 40.0 neutral | 1h: MACD LONG +3 | 1h: RSI 50.4 neutral,Хорошая зона для SHORT (+15 SHORT),SHORT wins by 10 points
2026-06-26T18:48:37.159467+00:00,SOL/USDT,WAIT,NO TRADE,20,58.8,E,28,32,0,15,12,4,0,15,14,20,6,WAIT,1d: EMA SHORT +20 | 1d: MACD LONG +10 | 4h: EMA SHORT +12 | 4h: MACD LONG +6 | 1h: EMA LONG +8 | 1h: MACD LONG +4 |  | === Trend Summary === | 1d: EMA=BEARISH | MACD=BULLISH | EMA20=71.22 | EMA50=75.66 | MACD=-1.6054 | Signal=-2.1878 | 4h: EMA=BEARISH | MACD=BULLISH | EMA20=69.52 | EMA50=70.04 | MACD=-0.0759 | Signal=-0.6645 | 1h: EMA=BULLISH | MACD=BULLISH | EMA20=69.98 | EMA50=69.09 | MACD=1.1727 | Signal=0.7825,1d: середина диапазона | 4h: цена у верхней границы (+8 SHORT) | 1h: цена у верхней границы (+7 SHORT),1d: MACD LONG +5 | 1d: RSI 50.4 neutral | 4h: MACD LONG +4 | 4h: RSI 58.6 neutral | 1h: MACD LONG +3 | 1h: RSI 67.1 >65 SHORT +4,Хорошая зона для SHORT (+15 SHORT),No clear directional edge.
2026-06-26T18:51:32.137278+00:00,BTC/USDT,SHORT,WATCH,24,80.0,C,4,56,10,0,8,9,0,0,6,24,18,SHORT,1d: EMA SHORT +20 | 1d: MACD SHORT +10 | 4h: EMA SHORT +12 | 4h: MACD SHORT +6 | 1h: EMA SHORT +8 | 1h: MACD LONG +4 |  | === Trend Summary === | 1d: EMA=BEARISH | MACD=BEARISH | EMA20=63811.36 | EMA50=67853.48 | MACD=-2320.1993 | Signal=-2296.4027 | 4h: EMA=BEARISH | MACD=BEARISH | EMA20=60941.56 | EMA50=62251.82 | MACD=-925.1832 | Signal=-896.3302 | 1h: EMA=BEARISH | MACD=BULLISH | EMA20=59887.23 | EMA50=60377.52 | MACD=-97.8718 | Signal=-157.6715,1d: цена у нижней границы (+10 LONG) | 4h: середина диапазона | 1h: середина диапазона,1d: MACD SHORT +5 | 1d: RSI 30.3 <35 LONG +5 | 4h: MACD SHORT +4 | 4h: RSI 39.4 neutral | 1h: MACD LONG +3 | 1h: RSI 47.2 neutral,Цена далеко от зоны входа,SHORT wins by 18 points
2026-06-26T18:51:33.295385+00:00,ETH/USDT,SHORT,WAIT,21,65.6,D,14,46,10,0,13,4,0,15,11,21,10,SHORT,1d: EMA SHORT +20 | 1d: MACD LONG +10 | 4h: EMA SHORT +12 | 4h: MACD SHORT +6 | 1h: EMA SHORT +8 | 1h: MACD LONG +4 |  | === Trend Summary === | 1d: EMA=BEARISH | MACD=BULLISH | EMA20=1710.83 | EMA50=1866.21 | MACD=-77.8964 | Signal=-78.0318 | 4h: EMA=BEARISH | MACD=BEARISH | EMA20=1611.30 | EMA50=1659.10 | MACD=-35.8548 | Signal=-34.0765 | 1h: EMA=BEARISH | MACD=BULLISH | EMA20=1568.53 | EMA50=1589.42 | MACD=-3.7714 | Signal=-8.8014,1d: цена у нижней границы (+10 LONG) | 4h: середина диапазона | 1h: середина диапазона,1d: MACD LONG +5 | 1d: RSI 31.3 <35 LONG +5 | 4h: MACD SHORT +4 | 4h: RSI 40.0 neutral | 1h: MACD LONG +3 | 1h: RSI 50.4 neutral,Хорошая зона для SHORT (+15 SHORT),SHORT wins by 10 points
2026-06-26T18:51:34.615418+00:00,SOL/USDT,WAIT,NO TRADE,20,58.8,E,28,32,0,15,12,4,0,15,14,20,6,WAIT,1d: EMA SHORT +20 | 1d: MACD LONG +10 | 4h: EMA SHORT +12 | 4h: MACD LONG +6 | 1h: EMA LONG +8 | 1h: MACD LONG +4 |  | === Trend Summary === | 1d: EMA=BEARISH | MACD=BULLISH | EMA20=71.23 | EMA50=75.66 | MACD=-1.5974 | Signal=-2.1862 | 4h: EMA=BEARISH | MACD=BULLISH | EMA20=69.53 | EMA50=70.05 | MACD=-0.0679 | Signal=-0.6629 | 1h: EMA=BULLISH | MACD=BULLISH | EMA20=69.99 | EMA50=69.09 | MACD=1.1807 | Signal=0.7841,1d: середина диапазона | 4h: цена у верхней границы (+8 SHORT) | 1h: цена у верхней границы (+7 SHORT),1d: MACD LONG +5 | 1d: RSI 50.5 neutral | 4h: MACD LONG +4 | 4h: RSI 58.8 neutral | 1h: MACD LONG +3 | 1h: RSI 67.9 >65 SHORT +4,Хорошая зона для SHORT (+15 SHORT),No clear directional edge.
2026-06-26T18:56:39.138201+00:00,BTC/USDT,SHORT,WATCH,24,80.0,C,4,56,10,0,8,9,0,0,6,24,18,SHORT,1d: EMA SHORT +20 | 1d: MACD SHORT +10 | 4h: EMA SHORT +12 | 4h: MACD SHORT +6 | 1h: EMA SHORT +8 | 1h: MACD LONG +4 |  | === Trend Summary === | 1d: EMA=BEARISH | MACD=BEARISH | EMA20=63807.46 | EMA50=67851.87 | MACD=-2323.4700 | Signal=-2297.0568 | 4h: EMA=BEARISH | MACD=BEARISH | EMA20=60937.66 | EMA50=62250.22 | MACD=-928.4538 | Signal=-896.9844 | 1h: EMA=BEARISH | MACD=BULLISH | EMA20=59883.33 | EMA50=60375.91 | MACD=-101.1425 | Signal=-158.3257,1d: цена у нижней границы (+10 LONG) | 4h: середина диапазона | 1h: середина диапазона,1d: MACD SHORT +5 | 1d: RSI 30.2 <35 LONG +5 | 4h: MACD SHORT +4 | 4h: RSI 39.2 neutral | 1h: MACD LONG +3 | 1h: RSI 46.8 neutral,Цена далеко от зоны входа,SHORT wins by 18 points
2026-06-26T18:56:40.805611+00:00,ETH/USDT,SHORT,WAIT,21,65.6,D,14,46,10,0,13,4,0,15,11,21,10,SHORT,1d: EMA SHORT +20 | 1d: MACD LONG +10 | 4h: EMA SHORT +12 | 4h: MACD SHORT +6 | 1h: EMA SHORT +8 | 1h: MACD LONG +4 |  | === Trend Summary === | 1d: EMA=BEARISH | MACD=BULLISH | EMA20=1710.84 | EMA50=1866.22 | MACD=-77.8837 | Signal=-78.0293 | 4h: EMA=BEARISH | MACD=BEARISH | EMA20=1611.32 | EMA50=1659.11 | MACD=-35.8420 | Signal=-34.0739 | 1h: EMA=BEARISH | MACD=BULLISH | EMA20=1568.55 | EMA50=1589.43 | MACD=-3.7587 | Signal=-8.7988,1d: цена у нижней границы (+10 LONG) | 4h: середина диапазона | 1h: середина диапазона,1d: MACD LONG +5 | 1d: RSI 31.3 <35 LONG +5 | 4h: MACD SHORT +4 | 4h: RSI 40.0 neutral | 1h: MACD LONG +3 | 1h: RSI 50.5 neutral,Хорошая зона для SHORT (+15 SHORT),SHORT wins by 10 points
2026-06-26T18:56:42.693935+00:00,SOL/USDT,WAIT,NO TRADE,20,58.8,E,28,32,0,15,12,4,0,15,14,20,6,WAIT,1d: EMA SHORT +20 | 1d: MACD LONG +10 | 4h: EMA SHORT +12 | 4h: MACD LONG +6 | 1h: EMA LONG +8 | 1h: MACD LONG +4 |  | === Trend Summary === | 1d: EMA=BEARISH | MACD=BULLISH | EMA20=71.24 | EMA50=75.66 | MACD=-1.5918 | Signal=-2.1851 | 4h: EMA=BEARISH | MACD=BULLISH | EMA20=69.54 | EMA50=70.05 | MACD=-0.0623 | Signal=-0.6618 | 1h: EMA=BULLISH | MACD=BULLISH | EMA20=70.00 | EMA50=69.10 | MACD=1.1871 | Signal=0.7853,1d: середина диапазона | 4h: цена у верхней границы (+8 SHORT) | 1h: цена у верхней границы (+7 SHORT),1d: MACD LONG +5 | 1d: RSI 50.7 neutral | 4h: MACD LONG +4 | 4h: RSI 59.0 neutral | 1h: MACD LONG +3 | 1h: RSI 68.3 >65 SHORT +4,Хорошая зона для SHORT (+15 SHORT),No clear directional edge.
2026-06-26T19:01:45.962683+00:00,BTC/USDT,SHORT,WATCH,24,80.0,C,4,56,10,0,8,9,0,0,6,24,18,SHORT,1d: EMA SHORT +20 | 1d: MACD SHORT +10 | 4h: EMA SHORT +12 | 4h: MACD SHORT +6 | 1h: EMA SHORT +8 | 1h: MACD LONG +4 |  | === Trend Summary === | 1d: EMA=BEARISH | MACD=BEARISH | EMA20=63811.99 | EMA50=67853.74 | MACD=-2319.6728 | Signal=-2296.2974 | 4h: EMA=BEARISH | MACD=BEARISH | EMA20=60942.19 | EMA50=62252.08 | MACD=-924.6567 | Signal=-896.2249 | 1h: EMA=BEARISH | MACD=BULLISH | EMA20=59867.10 | EMA50=60350.12 | MACD=-104.8667 | Signal=-147.1962,1d: цена у нижней границы (+10 LONG) | 4h: середина диапазона | 1h: середина диапазона,1d: MACD SHORT +5 | 1d: RSI 30.3 <35 LONG +5 | 4h: MACD SHORT +4 | 4h: RSI 39.5 neutral | 1h: MACD LONG +3 | 1h: RSI 47.3 neutral,Цена далеко от зоны входа,SHORT wins by 18 points
2026-06-26T19:01:46.947187+00:00,ETH/USDT,SHORT,WAIT,21,65.6,D,14,46,10,0,13,4,0,15,11,21,10,SHORT,1d: EMA SHORT +20 | 1d: MACD LONG +10 | 4h: EMA SHORT +12 | 4h: MACD SHORT +6 | 1h: EMA SHORT +8 | 1h: MACD LONG +4 |  | === Trend Summary === | 1d: EMA=BEARISH | MACD=BULLISH | EMA20=1710.70 | EMA50=1866.16 | MACD=-78.0057 | Signal=-78.0537 | 4h: EMA=BEARISH | MACD=BEARISH | EMA20=1611.17 | EMA50=1659.05 | MACD=-35.9641 | Signal=-34.0983 | 1h: EMA=BEARISH | MACD=BULLISH | EMA20=1568.86 | EMA50=1588.74 | MACD=-3.1581 | Signal=-7.6760,1d: цена у нижней границы (+10 LONG) | 4h: середина диапазона | 1h: середина диапазона,1d: MACD LONG +5 | 1d: RSI 31.1 <35 LONG +5 | 4h: MACD SHORT +4 | 4h: RSI 39.8 neutral | 1h: MACD LONG +3 | 1h: RSI 50.0 neutral,Хорошая зона для SHORT (+15 SHORT),SHORT wins by 10 points
2026-06-26T19:01:48.051281+00:00,SOL/USDT,WAIT,NO TRADE,20,58.8,E,28,32,0,15,12,4,0,15,14,20,6,WAIT,1d: EMA SHORT +20 | 1d: MACD LONG +10 | 4h: EMA SHORT +12 | 4h: MACD LONG +6 | 1h: EMA LONG +8 | 1h: MACD LONG +4 |  | === Trend Summary === | 1d: EMA=BEARISH | MACD=BULLISH | EMA20=71.24 | EMA50=75.66 | MACD=-1.5886 | Signal=-2.1845 | 4h: EMA=BEARISH | MACD=BULLISH | EMA20=69.54 | EMA50=70.05 | MACD=-0.0591 | Signal=-0.6611 | 1h: EMA=BULLISH | MACD=BULLISH | EMA20=70.25 | EMA50=69.23 | MACD=1.2453 | Signal=0.8773,1d: середина диапазона | 4h: цена у верхней границы (+8 SHORT) | 1h: цена у верхней границы (+7 SHORT),1d: MACD LONG +5 | 1d: RSI 50.8 neutral | 4h: MACD LONG +4 | 4h: RSI 59.1 neutral | 1h: MACD LONG +3 | 1h: RSI 68.5 >65 SHORT +4,Хорошая зона для SHORT (+15 SHORT),No clear directional edge.
2026-06-26T19:06:52.597494+00:00,BTC/USDT,SHORT,WATCH,24,80.0,C,4,56,10,0,8,9,0,0,6,24,18,SHORT,1d: EMA SHORT +20 | 1d: MACD SHORT +10 | 4h: EMA SHORT +12 | 4h: MACD SHORT +6 | 1h: EMA SHORT +8 | 1h: MACD LONG +4 |  | === Trend Summary === | 1d: EMA=BEARISH | MACD=BEARISH | EMA20=63820.08 | EMA50=67857.07 | MACD=-2312.9002 | Signal=-2294.9429 | 4h: EMA=BEARISH | MACD=BEARISH | EMA20=60950.28 | EMA50=62255.41 | MACD=-917.8840 | Signal=-894.8704 | 1h: EMA=BEARISH | MACD=BULLISH | EMA20=59873.25 | EMA50=60352.66 | MACD=-99.7135 | Signal=-146.1655,1d: цена у нижней границы (+10 LONG) | 4h: середина диапазона | 1h: середина диапазона,1d: MACD SHORT +5 | 1d: RSI 30.5 <35 LONG +5 | 4h: MACD SHORT +4 | 4h: RSI 39.9 neutral | 1h: MACD LONG +3 | 1h: RSI 47.9 neutral,Цена далеко от зоны входа,SHORT wins by 18 points
2026-06-26T19:06:53.723979+00:00,ETH/USDT,SHORT,WAIT,21,65.6,D,14,46,10,0,13,4,0,15,11,21,10,SHORT,1d: EMA SHORT +20 | 1d: MACD LONG +10 | 4h: EMA SHORT +12 | 4h: MACD SHORT +6 | 1h: EMA SHORT +8 | 1h: MACD LONG +4 |  | === Trend Summary === | 1d: EMA=BEARISH | MACD=BULLISH | EMA20=1710.79 | EMA50=1866.20 | MACD=-77.9283 | Signal=-78.0382 | 4h: EMA=BEARISH | MACD=BEARISH | EMA20=1611.26 | EMA50=1659.09 | MACD=-35.8867 | Signal=-34.0829 | 1h: EMA=BEARISH | MACD=BULLISH | EMA20=1568.94 | EMA50=1588.77 | MACD=-3.0886 | Signal=-7.6622,1d: цена у нижней границы (+10 LONG) | 4h: середина диапазона | 1h: середина диапазона,1d: MACD LONG +5 | 1d: RSI 31.3 <35 LONG +5 | 4h: MACD SHORT +4 | 4h: RSI 40.0 neutral | 1h: MACD LONG +3 | 1h: RSI 50.3 neutral,Хорошая зона для SHORT (+15 SHORT),SHORT wins by 10 points
2026-06-26T19:06:54.949015+00:00,SOL/USDT,WAIT,NO TRADE,20,58.8,E,28,32,0,15,12,4,0,15,14,20,6,WAIT,1d: EMA SHORT +20 | 1d: MACD LONG +10 | 4h: EMA SHORT +12 | 4h: MACD LONG +6 | 1h: EMA LONG +8 | 1h: MACD LONG +4 |  | === Trend Summary === | 1d: EMA=BEARISH | MACD=BULLISH | EMA20=71.25 | EMA50=75.67 | MACD=-1.5830 | Signal=-2.1834 | 4h: EMA=BEARISH | MACD=BULLISH | EMA20=69.55 | EMA50=70.05 | MACD=-0.0536 | Signal=-0.6600 | 1h: EMA=BULLISH | MACD=BULLISH | EMA20=70.25 | EMA50=69.24 | MACD=1.2508 | Signal=0.8784,1d: середина диапазона | 4h: цена у верхней границы (+8 SHORT) | 1h: цена у верхней границы (+7 SHORT),1d: MACD LONG +5 | 1d: RSI 50.9 neutral | 4h: MACD LONG +4 | 4h: RSI 59.3 neutral | 1h: MACD LONG +3 | 1h: RSI 68.7 >65 SHORT +4,Хорошая зона для SHORT (+15 SHORT),No clear directional edge.
2026-06-26T19:11:58.411649+00:00,BTC/USDT,SHORT,SETUP,26,89.7,B,4,56,0,0,8,9,0,15,3,26,23,SHORT,1d: EMA SHORT +20 | 1d: MACD SHORT +10 | 4h: EMA SHORT +12 | 4h: MACD SHORT +6 | 1h: EMA SHORT +8 | 1h: MACD LONG +4 |  | === Trend Summary === | 1d: EMA=BEARISH | MACD=BEARISH | EMA20=63842.73 | EMA50=67866.39 | MACD=-2293.9304 | Signal=-2291.1489 | 4h: EMA=BEARISH | MACD=BEARISH | EMA20=60972.92 | EMA50=62264.74 | MACD=-898.9142 | Signal=-891.0764 | 1h: EMA=BEARISH | MACD=BULLISH | EMA20=59897.83 | EMA50=60362.78 | MACD=-79.1243 | Signal=-142.0477,1d: середина диапазона | 4h: середина диапазона | 1h: середина диапазона,1d: MACD SHORT +5 | 1d: RSI 31.6 <35 LONG +5 | 4h: MACD SHORT +4 | 4h: RSI 41.0 neutral | 1h: MACD LONG +3 | 1h: RSI 50.3 neutral,Хорошая зона для SHORT (+15 SHORT),SHORT wins by 23 points
2026-06-26T19:11:59.650581+00:00,ETH/USDT,SHORT,WATCH,23,74.2,C,14,46,0,7,13,4,0,15,8,23,15,SHORT,1d: EMA SHORT +20 | 1d: MACD LONG +10 | 4h: EMA SHORT +12 | 4h: MACD SHORT +6 | 1h: EMA SHORT +8 | 1h: MACD LONG +4 |  | === Trend Summary === | 1d: EMA=BEARISH | MACD=BULLISH | EMA20=1711.53 | EMA50=1866.50 | MACD=-77.3077 | Signal=-77.9141 | 4h: EMA=BEARISH | MACD=BEARISH | EMA20=1612.00 | EMA50=1659.39 | MACD=-35.2661 | Signal=-33.9587 | 1h: EMA=BEARISH | MACD=BULLISH | EMA20=1569.69 | EMA50=1589.08 | MACD=-2.4648 | Signal=-7.5374,1d: середина диапазона | 4h: середина диапазона | 1h: цена у верхней границы (+7 SHORT),1d: MACD LONG +5 | 1d: RSI 32.3 <35 LONG +5 | 4h: MACD SHORT +4 | 4h: RSI 41.1 neutral | 1h: MACD LONG +3 | 1h: RSI 52.7 neutral,Хорошая зона для SHORT (+15 SHORT),SHORT wins by 15 points
2026-06-26T19:12:00.687764+00:00,SOL/USDT,WAIT,NO TRADE,22,61.1,E,28,32,0,25,12,4,0,15,14,22,8,WAIT,1d: EMA SHORT +20 | 1d: MACD LONG +10 | 4h: EMA SHORT +12 | 4h: MACD LONG +6 | 1h: EMA LONG +8 | 1h: MACD LONG +4 |  | === Trend Summary === | 1d: EMA=BEARISH | MACD=BULLISH | EMA20=71.30 | EMA50=75.69 | MACD=-1.5392 | Signal=-2.1746 | 4h: EMA=BEARISH | MACD=BULLISH | EMA20=69.60 | EMA50=70.08 | MACD=-0.0089 | Signal=-0.6511 | 1h: EMA=BULLISH | MACD=BULLISH | EMA20=70.31 | EMA50=69.26 | MACD=1.2955 | Signal=0.8874,1d: цена у верхней границы (+10 SHORT) | 4h: цена у верхней границы (+8 SHORT) | 1h: цена у верхней границы (+7 SHORT),1d: MACD LONG +5 | 1d: RSI 51.9 neutral | 4h: MACD LONG +4 | 4h: RSI 60.5 neutral | 1h: MACD LONG +3 | 1h: RSI 70.7 >65 SHORT +4,Хорошая зона для SHORT (+15 SHORT),No clear directional edge.
2026-06-26T19:17:04.228210+00:00,BTC/USDT,SHORT,SETUP,26,89.7,B,4,56,0,0,8,9,0,15,3,26,23,SHORT,1d: EMA SHORT +20 | 1d: MACD SHORT +10 | 4h: EMA SHORT +12 | 4h: MACD SHORT +6 | 1h: EMA SHORT +8 | 1h: MACD LONG +4 |  | === Trend Summary === | 1d: EMA=BEARISH | MACD=BEARISH | EMA20=63841.83 | EMA50=67866.02 | MACD=-2294.6802 | Signal=-2291.2989 | 4h: EMA=BEARISH | MACD=BEARISH | EMA20=60972.03 | EMA50=62264.37 | MACD=-899.6641 | Signal=-891.2264 | 1h: EMA=BEARISH | MACD=BULLISH | EMA20=59896.94 | EMA50=60362.41 | MACD=-79.8742 | Signal=-142.1977,1d: середина диапазона | 4h: середина диапазона | 1h: середина диапазона,1d: MACD SHORT +5 | 1d: RSI 31.5 <35 LONG +5 | 4h: MACD SHORT +4 | 4h: RSI 41.0 neutral | 1h: MACD LONG +3 | 1h: RSI 50.3 neutral,Хорошая зона для SHORT (+15 SHORT),SHORT wins by 23 points
2026-06-26T19:17:05.088651+00:00,ETH/USDT,SHORT,WATCH,23,74.2,C,14,46,0,7,13,4,0,15,8,23,15,SHORT,1d: EMA SHORT +20 | 1d: MACD LONG +10 | 4h: EMA SHORT +12 | 4h: MACD SHORT +6 | 1h: EMA SHORT +8 | 1h: MACD LONG +4 |  | === Trend Summary === | 1d: EMA=BEARISH | MACD=BULLISH | EMA20=1711.53 | EMA50=1866.50 | MACD=-77.3093 | Signal=-77.9144 | 4h: EMA=BEARISH | MACD=BEARISH | EMA20=1612.00 | EMA50=1659.39 | MACD=-35.2693 | Signal=-33.9594 | 1h: EMA=BEARISH | MACD=BULLISH | EMA20=1569.69 | EMA50=1589.08 | MACD=-2.4632 | Signal=-7.5371,1d: середина диапазона | 4h: середина диапазона | 1h: цена у верхней границы (+7 SHORT),1d: MACD LONG +5 | 1d: RSI 32.3 <35 LONG +5 | 4h: MACD SHORT +4 | 4h: RSI 41.1 neutral | 1h: MACD LONG +3 | 1h: RSI 52.7 neutral,Хорошая зона для SHORT (+15 SHORT),SHORT wins by 15 points
2026-06-26T19:17:06.005090+00:00,SOL/USDT,WAIT,NO TRADE,20,58.8,E,28,32,0,15,12,4,0,15,14,20,6,WAIT,1d: EMA SHORT +20 | 1d: MACD LONG +10 | 4h: EMA SHORT +12 | 4h: MACD LONG +6 | 1h: EMA LONG +8 | 1h: MACD LONG +4 |  | === Trend Summary === | 1d: EMA=BEARISH | MACD=BULLISH | EMA20=71.29 | EMA50=75.69 | MACD=-1.5440 | Signal=-2.1755 | 4h: EMA=BEARISH | MACD=BULLISH | EMA20=69.60 | EMA50=70.07 | MACD=-0.0145 | Signal=-0.6522 | 1h: EMA=BULLISH | MACD=BULLISH | EMA20=70.30 | EMA50=69.26 | MACD=1.2899 | Signal=0.8863,1d: середина диапазона | 4h: цена у верхней границы (+8 SHORT) | 1h: цена у верхней границы (+7 SHORT),1d: MACD LONG +5 | 1d: RSI 51.8 neutral | 4h: MACD LONG +4 | 4h: RSI 60.4 neutral | 1h: MACD LONG +3 | 1h: RSI 70.4 >65 SHORT +4,Хорошая зона для SHORT (+15 SHORT),No clear directional edge.
2026-06-26T19:22:09.962341+00:00,BTC/USDT,SHORT,SETUP,26,81.2,B,4,56,10,0,8,9,0,15,6,26,20,SHORT,1d: EMA SHORT +20 | 1d: MACD SHORT +10 | 4h: EMA SHORT +12 | 4h: MACD SHORT +6 | 1h: EMA SHORT +8 | 1h: MACD LONG +4 |  | === Trend Summary === | 1d: EMA=BEARISH | MACD=BEARISH | EMA20=63837.16 | EMA50=67864.10 | MACD=-2298.5891 | Signal=-2292.0807 | 4h: EMA=BEARISH | MACD=BEARISH | EMA20=60967.36 | EMA50=62262.45 | MACD=-903.5729 | Signal=-892.0082 | 1h: EMA=BEARISH | MACD=BULLISH | EMA20=59892.27 | EMA50=60360.49 | MACD=-83.7830 | Signal=-142.9794,1d: цена у нижней границы (+10 LONG) | 4h: середина диапазона | 1h: середина диапазона,1d: MACD SHORT +5 | 1d: RSI 31.3 <35 LONG +5 | 4h: MACD SHORT +4 | 4h: RSI 40.7 neutral | 1h: MACD LONG +3 | 1h: RSI 49.8 neutral,Хорошая зона для SHORT (+15 SHORT),SHORT wins by 20 points
2026-06-26T19:22:11.325512+00:00,ETH/USDT,SHORT,WATCH,23,74.2,C,14,46,0,7,13,4,0,15,8,23,15,SHORT,1d: EMA SHORT +20 | 1d: MACD LONG +10 | 4h: EMA SHORT +12 | 4h: MACD SHORT +6 | 1h: EMA SHORT +8 | 1h: MACD LONG +4 |  | === Trend Summary === | 1d: EMA=BEARISH | MACD=BULLISH | EMA20=1711.45 | EMA50=1866.47 | MACD=-77.3731 | Signal=-77.9271 | 4h: EMA=BEARISH | MACD=BEARISH | EMA20=1611.93 | EMA50=1659.36 | MACD=-35.3315 | Signal=-33.9718 | 1h: EMA=BEARISH | MACD=BULLISH | EMA20=1569.61 | EMA50=1589.05 | MACD=-2.5255 | Signal=-7.5495,1d: середина диапазона | 4h: середина диапазона | 1h: цена у верхней границы (+7 SHORT),1d: MACD LONG +5 | 1d: RSI 32.2 <35 LONG +5 | 4h: MACD SHORT +4 | 4h: RSI 41.0 neutral | 1h: MACD LONG +3 | 1h: RSI 52.5 neutral,Хорошая зона для SHORT (+15 SHORT),SHORT wins by 15 points
2026-06-26T19:22:12.387231+00:00,SOL/USDT,WAIT,NO TRADE,22,61.1,E,28,32,0,25,12,4,0,15,14,22,8,WAIT,1d: EMA SHORT +20 | 1d: MACD LONG +10 | 4h: EMA SHORT +12 | 4h: MACD LONG +6 | 1h: EMA LONG +8 | 1h: MACD LONG +4 |  | === Trend Summary === | 1d: EMA=BEARISH | MACD=BULLISH | EMA20=71.30 | EMA50=75.69 | MACD=-1.5368 | Signal=-2.1741 | 4h: EMA=BEARISH | MACD=BULLISH | EMA20=69.61 | EMA50=70.08 | MACD=-0.0073 | Signal=-0.6508 | 1h: EMA=BULLISH | MACD=BULLISH | EMA20=70.31 | EMA50=69.26 | MACD=1.2971 | Signal=0.8877,1d: цена у верхней границы (+10 SHORT) | 4h: цена у верхней границы (+8 SHORT) | 1h: цена у верхней границы (+7 SHORT),1d: MACD LONG +5 | 1d: RSI 51.9 neutral | 4h: MACD LONG +4 | 4h: RSI 60.6 neutral | 1h: MACD LONG +3 | 1h: RSI 70.7 >65 SHORT +4,Хорошая зона для SHORT (+15 SHORT),No clear directional edge.
2026-06-26T19:27:18.591447+00:00,BTC/USDT,SHORT,SETUP,26,81.2,B,4,56,10,0,8,9,0,15,6,26,20,SHORT,1d: EMA SHORT +20 | 1d: MACD SHORT +10 | 4h: EMA SHORT +12 | 4h: MACD SHORT +6 | 1h: EMA SHORT +8 | 1h: MACD LONG +4 |  | === Trend Summary === | 1d: EMA=BEARISH | MACD=BEARISH | EMA20=63836.85 | EMA50=67863.97 | MACD=-2298.8523 | Signal=-2292.1333 | 4h: EMA=BEARISH | MACD=BEARISH | EMA20=60967.05 | EMA50=62262.32 | MACD=-903.8362 | Signal=-892.0608 | 1h: EMA=BEARISH | MACD=BULLISH | EMA20=59891.95 | EMA50=60360.36 | MACD=-84.0542 | Signal=-143.0337,1d: цена у нижней границы (+10 LONG) | 4h: середина диапазона | 1h: середина диапазона,1d: MACD SHORT +5 | 1d: RSI 31.3 <35 LONG +5 | 4h: MACD SHORT +4 | 4h: RSI 40.7 neutral | 1h: MACD LONG +3 | 1h: RSI 49.8 neutral,Хорошая зона для SHORT (+15 SHORT),SHORT wins by 20 points
2026-06-26T19:27:20.508292+00:00,ETH/USDT,SHORT,WATCH,23,67.6,C,14,46,10,7,13,4,0,15,11,23,12,SHORT,1d: EMA SHORT +20 | 1d: MACD LONG +10 | 4h: EMA SHORT +12 | 4h: MACD SHORT +6 | 1h: EMA SHORT +8 | 1h: MACD LONG +4 |  | === Trend Summary === | 1d: EMA=BEARISH | MACD=BULLISH | EMA20=1711.34 | EMA50=1866.42 | MACD=-77.4712 | Signal=-77.9468 | 4h: EMA=BEARISH | MACD=BEARISH | EMA20=1611.80 | EMA50=1659.31 | MACD=-35.4368 | Signal=-33.9929 | 1h: EMA=BEARISH | MACD=BULLISH | EMA20=1569.49 | EMA50=1589.00 | MACD=-2.6308 | Signal=-7.5706,1d: цена у нижней границы (+10 LONG) | 4h: середина диапазона | 1h: цена у верхней границы (+7 SHORT),1d: MACD LONG +5 | 1d: RSI 32.0 <35 LONG +5 | 4h: MACD SHORT +4 | 4h: RSI 40.8 neutral | 1h: MACD LONG +3 | 1h: RSI 52.1 neutral,Хорошая зона для SHORT (+15 SHORT),SHORT wins by 12 points
2026-06-26T19:27:22.320008+00:00,SOL/USDT,WAIT,NO TRADE,22,61.1,E,28,32,0,25,12,4,0,15,14,22,8,WAIT,1d: EMA SHORT +20 | 1d: MACD LONG +10 | 4h: EMA SHORT +12 | 4h: MACD LONG +6 | 1h: EMA LONG +8 | 1h: MACD LONG +4 |  | === Trend Summary === | 1d: EMA=BEARISH | MACD=BULLISH | EMA20=71.30 | EMA50=75.69 | MACD=-1.5352 | Signal=-2.1738 | 4h: EMA=BEARISH | MACD=BULLISH | EMA20=69.61 | EMA50=70.08 | MACD=-0.0073 | Signal=-0.6508 | 1h: EMA=BULLISH | MACD=BULLISH | EMA20=70.31 | EMA50=69.26 | MACD=1.2971 | Signal=0.8877,1d: цена у верхней границы (+10 SHORT) | 4h: цена у верхней границы (+8 SHORT) | 1h: цена у верхней границы (+7 SHORT),1d: MACD LONG +5 | 1d: RSI 52.0 neutral | 4h: MACD LONG +4 | 4h: RSI 60.6 neutral | 1h: MACD LONG +3 | 1h: RSI 70.7 >65 SHORT +4,Хорошая зона для SHORT (+15 SHORT),No clear directional edge.
2026-06-26T19:32:26.098105+00:00,BTC/USDT,SHORT,SETUP,26,89.7,B,4,56,0,0,8,9,0,15,3,26,23,SHORT,1d: EMA SHORT +20 | 1d: MACD SHORT +10 | 4h: EMA SHORT +12 | 4h: MACD SHORT +6 | 1h: EMA SHORT +8 | 1h: MACD LONG +4 |  | === Trend Summary === | 1d: EMA=BEARISH | MACD=BEARISH | EMA20=63844.99 | EMA50=67867.33 | MACD=-2292.0318 | Signal=-2290.7692 | 4h: EMA=BEARISH | MACD=BEARISH | EMA20=60975.19 | EMA50=62265.67 | MACD=-897.0157 | Signal=-890.6967 | 1h: EMA=BEARISH | MACD=BULLISH | EMA20=59900.10 | EMA50=60363.71 | MACD=-77.2257 | Signal=-141.6680,1d: середина диапазона | 4h: середина диапазона | 1h: середина диапазона,1d: MACD SHORT +5 | 1d: RSI 31.7 <35 LONG +5 | 4h: MACD SHORT +4 | 4h: RSI 41.1 neutral | 1h: MACD LONG +3 | 1h: RSI 50.6 neutral,Хорошая зона для SHORT (+15 SHORT),SHORT wins by 23 points
2026-06-26T19:32:27.485860+00:00,ETH/USDT,SHORT,WATCH,23,74.2,C,14,46,0,7,13,4,0,15,8,23,15,SHORT,1d: EMA SHORT +20 | 1d: MACD LONG +10 | 4h: EMA SHORT +12 | 4h: MACD SHORT +6 | 1h: EMA SHORT +8 | 1h: MACD LONG +4 |  | === Trend Summary === | 1d: EMA=BEARISH | MACD=BULLISH | EMA20=1711.61 | EMA50=1866.53 | MACD=-77.2439 | Signal=-77.9013 | 4h: EMA=BEARISH | MACD=BEARISH | EMA20=1612.08 | EMA50=1659.42 | MACD=-35.2023 | Signal=-33.9460 | 1h: EMA=BEARISH | MACD=BULLISH | EMA20=1569.77 | EMA50=1589.11 | MACD=-2.3962 | Signal=-7.5237,1d: середина диапазона | 4h: середина диапазона | 1h: цена у верхней границы (+7 SHORT),1d: MACD LONG +5 | 1d: RSI 32.4 <35 LONG +5 | 4h: MACD SHORT +4 | 4h: RSI 41.3 neutral | 1h: MACD LONG +3 | 1h: RSI 53.0 neutral,Хорошая зона для SHORT (+15 SHORT),SHORT wins by 15 points
2026-06-26T19:32:28.722645+00:00,SOL/USDT,WAIT,NO TRADE,22,61.1,E,28,32,0,25,12,4,0,15,14,22,8,WAIT,1d: EMA SHORT +20 | 1d: MACD LONG +10 | 4h: EMA SHORT +12 | 4h: MACD LONG +6 | 1h: EMA LONG +8 | 1h: MACD LONG +4 |  | === Trend Summary === | 1d: EMA=BEARISH | MACD=BULLISH | EMA20=71.35 | EMA50=75.71 | MACD=-1.4953 | Signal=-2.1658 | 4h: EMA=BEARISH | MACD=BULLISH | EMA20=69.66 | EMA50=70.10 | MACD=0.0358 | Signal=-0.6421 | 1h: EMA=BULLISH | MACD=BULLISH | EMA20=70.36 | EMA50=69.28 | MACD=1.3402 | Signal=0.8963,1d: цена у верхней границы (+10 SHORT) | 4h: цена у верхней границы (+8 SHORT) | 1h: цена у верхней границы (+7 SHORT),1d: MACD LONG +5 | 1d: RSI 52.8 neutral | 4h: MACD LONG +4 | 4h: RSI 61.7 neutral | 1h: MACD LONG +3 | 1h: RSI 72.4 >65 SHORT +4,Хорошая зона для SHORT (+15 SHORT),No clear directional edge.
2026-06-26T19:37:32.274959+00:00,BTC/USDT,SHORT,WATCH,24,80.0,C,4,56,10,0,8,9,0,0,6,24,18,SHORT,1d: EMA SHORT +20 | 1d: MACD SHORT +10 | 4h: EMA SHORT +12 | 4h: MACD SHORT +6 | 1h: EMA SHORT +8 | 1h: MACD LONG +4 |  | === Trend Summary === | 1d: EMA=BEARISH | MACD=BEARISH | EMA20=63833.07 | EMA50=67862.42 | MACD=-2302.0193 | Signal=-2292.7667 | 4h: EMA=BEARISH | MACD=BEARISH | EMA20=60963.27 | EMA50=62260.76 | MACD=-907.0031 | Signal=-892.6942 | 1h: EMA=BEARISH | MACD=BULLISH | EMA20=59888.17 | EMA50=60358.80 | MACD=-87.2132 | Signal=-143.6655,1d: цена у нижней границы (+10 LONG) | 4h: середина диапазона | 1h: середина диапазона,1d: MACD SHORT +5 | 1d: RSI 31.1 <35 LONG +5 | 4h: MACD SHORT +4 | 4h: RSI 40.5 neutral | 1h: MACD LONG +3 | 1h: RSI 49.4 neutral,Цена далеко от зоны входа,SHORT wins by 18 points
2026-06-26T19:37:33.941831+00:00,ETH/USDT,SHORT,WAIT,21,65.6,D,14,46,10,0,13,4,0,15,11,21,10,SHORT,1d: EMA SHORT +20 | 1d: MACD LONG +10 | 4h: EMA SHORT +12 | 4h: MACD SHORT +6 | 1h: EMA SHORT +8 | 1h: MACD LONG +4 |  | === Trend Summary === | 1d: EMA=BEARISH | MACD=BULLISH | EMA20=1711.26 | EMA50=1866.39 | MACD=-77.5375 | Signal=-77.9600 | 4h: EMA=BEARISH | MACD=BEARISH | EMA20=1611.73 | EMA50=1659.28 | MACD=-35.4958 | Signal=-34.0047 | 1h: EMA=BEARISH | MACD=BULLISH | EMA20=1569.43 | EMA50=1588.97 | MACD=-2.6786 | Signal=-7.5802,1d: цена у нижней границы (+10 LONG) | 4h: середина диапазона | 1h: середина диапазона,1d: MACD LONG +5 | 1d: RSI 31.9 <35 LONG +5 | 4h: MACD SHORT +4 | 4h: RSI 40.7 neutral | 1h: MACD LONG +3 | 1h: RSI 51.9 neutral,Хорошая зона для SHORT (+15 SHORT),SHORT wins by 10 points
2026-06-26T19:37:34.930782+00:00,SOL/USDT,WAIT,NO TRADE,22,61.1,E,28,32,0,25,12,4,0,15,14,22,8,WAIT,1d: EMA SHORT +20 | 1d: MACD LONG +10 | 4h: EMA SHORT +12 | 4h: MACD LONG +6 | 1h: EMA LONG +8 | 1h: MACD LONG +4 |  | === Trend Summary === | 1d: EMA=BEARISH | MACD=BULLISH | EMA20=71.33 | EMA50=75.70 | MACD=-1.5105 | Signal=-2.1688 | 4h: EMA=BEARISH | MACD=BULLISH | EMA20=69.64 | EMA50=70.09 | MACD=0.0190 | Signal=-0.6455 | 1h: EMA=BULLISH | MACD=BULLISH | EMA20=70.34 | EMA50=69.27 | MACD=1.3234 | Signal=0.8930,1d: цена у верхней границы (+10 SHORT) | 4h: цена у верхней границы (+8 SHORT) | 1h: цена у верхней границы (+7 SHORT),1d: MACD LONG +5 | 1d: RSI 52.5 neutral | 4h: MACD LONG +4 | 4h: RSI 61.3 neutral | 1h: MACD LONG +3 | 1h: RSI 71.8 >65 SHORT +4,Хорошая зона для SHORT (+15 SHORT),No clear directional edge.
2026-06-26T19:42:38.360196+00:00,BTC/USDT,SHORT,SETUP,26,81.2,B,4,56,10,0,8,9,0,15,6,26,20,SHORT,1d: EMA SHORT +20 | 1d: MACD SHORT +10 | 4h: EMA SHORT +12 | 4h: MACD SHORT +6 | 1h: EMA SHORT +8 | 1h: MACD LONG +4 |  | === Trend Summary === | 1d: EMA=BEARISH | MACD=BEARISH | EMA20=63836.62 | EMA50=67863.88 | MACD=-2299.0438 | Signal=-2292.1716 | 4h: EMA=BEARISH | MACD=BEARISH | EMA20=60966.82 | EMA50=62262.22 | MACD=-904.0276 | Signal=-892.0991 | 1h: EMA=BEARISH | MACD=BULLISH | EMA20=59891.71 | EMA50=60360.26 | MACD=-84.2536 | Signal=-143.0736,1d: цена у нижней границы (+10 LONG) | 4h: середина диапазона | 1h: середина диапазона,1d: MACD SHORT +5 | 1d: RSI 31.3 <35 LONG +5 | 4h: MACD SHORT +4 | 4h: RSI 40.7 neutral | 1h: MACD LONG +3 | 1h: RSI 49.8 neutral,Хорошая зона для SHORT (+15 SHORT),SHORT wins by 20 points
2026-06-26T19:42:39.354933+00:00,ETH/USDT,SHORT,WATCH,23,74.2,C,14,46,0,7,13,4,0,15,8,23,15,SHORT,1d: EMA SHORT +20 | 1d: MACD LONG +10 | 4h: EMA SHORT +12 | 4h: MACD SHORT +6 | 1h: EMA SHORT +8 | 1h: MACD LONG +4 |  | === Trend Summary === | 1d: EMA=BEARISH | MACD=BULLISH | EMA20=1711.46 | EMA50=1866.47 | MACD=-77.3707 | Signal=-77.9267 | 4h: EMA=BEARISH | MACD=BEARISH | EMA20=1611.93 | EMA50=1659.36 | MACD=-35.3291 | Signal=-33.9713 | 1h: EMA=BEARISH | MACD=BULLISH | EMA20=1569.63 | EMA50=1589.06 | MACD=-2.5087 | Signal=-7.5462,1d: середина диапазона | 4h: середина диапазона | 1h: цена у верхней границы (+7 SHORT),1d: MACD LONG +5 | 1d: RSI 32.2 <35 LONG +5 | 4h: MACD SHORT +4 | 4h: RSI 41.0 neutral | 1h: MACD LONG +3 | 1h: RSI 52.6 neutral,Хорошая зона для SHORT (+15 SHORT),SHORT wins by 15 points
2026-06-26T19:42:40.293650+00:00,SOL/USDT,WAIT,NO TRADE,22,61.1,E,28,32,0,25,12,4,0,15,14,22,8,WAIT,1d: EMA SHORT +20 | 1d: MACD LONG +10 | 4h: EMA SHORT +12 | 4h: MACD LONG +6 | 1h: EMA LONG +8 | 1h: MACD LONG +4 |  | === Trend Summary === | 1d: EMA=BEARISH | MACD=BULLISH | EMA20=71.35 | EMA50=75.71 | MACD=-1.4985 | Signal=-2.1664 | 4h: EMA=BEARISH | MACD=BULLISH | EMA20=69.65 | EMA50=70.10 | MACD=0.0310 | Signal=-0.6431 | 1h: EMA=BULLISH | MACD=BULLISH | EMA20=70.36 | EMA50=69.28 | MACD=1.3354 | Signal=0.8953,1d: цена у верхней границы (+10 SHORT) | 4h: цена у верхней границы (+8 SHORT) | 1h: цена у верхней границы (+7 SHORT),1d: MACD LONG +5 | 1d: RSI 52.8 neutral | 4h: MACD LONG +4 | 4h: RSI 61.6 neutral | 1h: MACD LONG +3 | 1h: RSI 72.2 >65 SHORT +4,Хорошая зона для SHORT (+15 SHORT),No clear directional edge.
2026-06-26T19:47:42.790732+00:00,BTC/USDT,SHORT,WATCH,24,80.0,C,4,56,10,0,8,9,0,0,6,24,18,SHORT,1d: EMA SHORT +20 | 1d: MACD SHORT +10 | 4h: EMA SHORT +12 | 4h: MACD SHORT +6 | 1h: EMA SHORT +8 | 1h: MACD LONG +4 |  | === Trend Summary === | 1d: EMA=BEARISH | MACD=BEARISH | EMA20=63831.47 | EMA50=67861.76 | MACD=-2303.3594 | Signal=-2293.0347 | 4h: EMA=BEARISH | MACD=BEARISH | EMA20=60961.67 | EMA50=62260.10 | MACD=-908.3433 | Signal=-892.9622 | 1h: EMA=BEARISH | MACD=BULLISH | EMA20=59886.57 | EMA50=60358.14 | MACD=-88.5534 | Signal=-143.9335,1d: цена у нижней границы (+10 LONG) | 4h: середина диапазона | 1h: середина диапазона,1d: MACD SHORT +5 | 1d: RSI 31.0 <35 LONG +5 | 4h: MACD SHORT +4 | 4h: RSI 40.4 neutral | 1h: MACD LONG +3 | 1h: RSI 49.3 neutral,Цена далеко от зоны входа,SHORT wins by 18 points
2026-06-26T19:47:43.735379+00:00,ETH/USDT,SHORT,WAIT,21,65.6,D,14,46,10,0,13,4,0,15,11,21,10,SHORT,1d: EMA SHORT +20 | 1d: MACD LONG +10 | 4h: EMA SHORT +12 | 4h: MACD SHORT +6 | 1h: EMA SHORT +8 | 1h: MACD LONG +4 |  | === Trend Summary === | 1d: EMA=BEARISH | MACD=BULLISH | EMA20=1711.28 | EMA50=1866.40 | MACD=-77.5215 | Signal=-77.9568 | 4h: EMA=BEARISH | MACD=BEARISH | EMA20=1611.75 | EMA50=1659.29 | MACD=-35.4799 | Signal=-34.0015 | 1h: EMA=BEARISH | MACD=BULLISH | EMA20=1569.44 | EMA50=1588.97 | MACD=-2.6738 | Signal=-7.5792,1d: цена у нижней границы (+10 LONG) | 4h: середина диапазона | 1h: середина диапазона,1d: MACD LONG +5 | 1d: RSI 31.9 <35 LONG +5 | 4h: MACD SHORT +4 | 4h: RSI 40.7 neutral | 1h: MACD LONG +3 | 1h: RSI 51.9 neutral,Хорошая зона для SHORT (+15 SHORT),SHORT wins by 10 points
2026-06-26T19:47:44.765737+00:00,SOL/USDT,WAIT,NO TRADE,22,61.1,E,28,32,0,25,12,4,0,15,14,22,8,WAIT,1d: EMA SHORT +20 | 1d: MACD LONG +10 | 4h: EMA SHORT +12 | 4h: MACD LONG +6 | 1h: EMA LONG +8 | 1h: MACD LONG +4 |  | === Trend Summary === | 1d: EMA=BEARISH | MACD=BULLISH | EMA20=71.34 | EMA50=75.70 | MACD=-1.5089 | Signal=-2.1685 | 4h: EMA=BEARISH | MACD=BULLISH | EMA20=69.64 | EMA50=70.09 | MACD=0.0206 | Signal=-0.6452 | 1h: EMA=BULLISH | MACD=BULLISH | EMA20=70.34 | EMA50=69.27 | MACD=1.3250 | Signal=0.8933,1d: цена у верхней границы (+10 SHORT) | 4h: цена у верхней границы (+8 SHORT) | 1h: цена у верхней границы (+7 SHORT),1d: MACD LONG +5 | 1d: RSI 52.5 neutral | 4h: MACD LONG +4 | 4h: RSI 61.3 neutral | 1h: MACD LONG +3 | 1h: RSI 71.8 >65 SHORT +4,Хорошая зона для SHORT (+15 SHORT),No clear directional edge.
2026-06-26T19:52:47.554618+00:00,BTC/USDT,SHORT,SETUP,26,81.2,B,4,56,10,0,8,9,0,15,6,26,20,SHORT,1d: EMA SHORT +20 | 1d: MACD SHORT +10 | 4h: EMA SHORT +12 | 4h: MACD SHORT +6 | 1h: EMA SHORT +8 | 1h: MACD LONG +4 |  | === Trend Summary === | 1d: EMA=BEARISH | MACD=BEARISH | EMA20=63834.24 | EMA50=67862.90 | MACD=-2301.0381 | Signal=-2292.5705 | 4h: EMA=BEARISH | MACD=BEARISH | EMA20=60964.44 | EMA50=62261.24 | MACD=-906.0219 | Signal=-892.4980 | 1h: EMA=BEARISH | MACD=BULLISH | EMA20=59889.35 | EMA50=60359.28 | MACD=-86.2320 | Signal=-143.4692,1d: цена у нижней границы (+10 LONG) | 4h: середина диапазона | 1h: середина диапазона,1d: MACD SHORT +5 | 1d: RSI 31.1 <35 LONG +5 | 4h: MACD SHORT +4 | 4h: RSI 40.6 neutral | 1h: MACD LONG +3 | 1h: RSI 49.5 neutral,Хорошая зона для SHORT (+15 SHORT),SHORT wins by 20 points
2026-06-26T19:52:48.664497+00:00,ETH/USDT,SHORT,WATCH,23,67.6,C,14,46,10,7,13,4,0,15,11,23,12,SHORT,1d: EMA SHORT +20 | 1d: MACD LONG +10 | 4h: EMA SHORT +12 | 4h: MACD SHORT +6 | 1h: EMA SHORT +8 | 1h: MACD LONG +4 |  | === Trend Summary === | 1d: EMA=BEARISH | MACD=BULLISH | EMA20=1711.39 | EMA50=1866.44 | MACD=-77.4274 | Signal=-77.9380 | 4h: EMA=BEARISH | MACD=BEARISH | EMA20=1611.86 | EMA50=1659.33 | MACD=-35.3857 | Signal=-33.9827 | 1h: EMA=BEARISH | MACD=BULLISH | EMA20=1569.55 | EMA50=1589.02 | MACD=-2.5797 | Signal=-7.5604,1d: цена у нижней границы (+10 LONG) | 4h: середина диапазона | 1h: цена у верхней границы (+7 SHORT),1d: MACD LONG +5 | 1d: RSI 32.1 <35 LONG +5 | 4h: MACD SHORT +4 | 4h: RSI 40.9 neutral | 1h: MACD LONG +3 | 1h: RSI 52.3 neutral,Хорошая зона для SHORT (+15 SHORT),SHORT wins by 12 points
2026-06-26T19:52:49.799644+00:00,SOL/USDT,WAIT,NO TRADE,22,61.1,E,28,32,0,25,12,4,0,15,14,22,8,WAIT,1d: EMA SHORT +20 | 1d: MACD LONG +10 | 4h: EMA SHORT +12 | 4h: MACD LONG +6 | 1h: EMA LONG +8 | 1h: MACD LONG +4 |  | === Trend Summary === | 1d: EMA=BEARISH | MACD=BULLISH | EMA20=71.31 | EMA50=75.69 | MACD=-1.5296 | Signal=-2.1727 | 4h: EMA=BEARISH | MACD=BULLISH | EMA20=69.61 | EMA50=70.08 | MACD=-0.0001 | Signal=-0.6493 | 1h: EMA=BULLISH | MACD=BULLISH | EMA20=70.32 | EMA50=69.26 | MACD=1.3043 | Signal=0.8891,1d: цена у верхней границы (+10 SHORT) | 4h: цена у верхней границы (+8 SHORT) | 1h: цена у верхней границы (+7 SHORT),1d: MACD LONG +5 | 1d: RSI 52.1 neutral | 4h: MACD LONG +4 | 4h: RSI 60.8 neutral | 1h: MACD LONG +3 | 1h: RSI 71.0 >65 SHORT +4,Хорошая зона для SHORT (+15 SHORT),No clear directional edge.
2026-06-26T19:57:52.366256+00:00,BTC/USDT,SHORT,WATCH,24,80.0,C,4,56,10,0,8,9,0,0,6,24,18,SHORT,1d: EMA SHORT +20 | 1d: MACD SHORT +10 | 4h: EMA SHORT +12 | 4h: MACD SHORT +6 | 1h: EMA SHORT +8 | 1h: MACD LONG +4 |  | === Trend Summary === | 1d: EMA=BEARISH | MACD=BEARISH | EMA20=63828.70 | EMA50=67860.62 | MACD=-2305.6808 | Signal=-2293.4990 | 4h: EMA=BEARISH | MACD=BEARISH | EMA20=60958.89 | EMA50=62258.96 | MACD=-910.6647 | Signal=-893.4265 | 1h: EMA=BEARISH | MACD=BULLISH | EMA20=59883.80 | EMA50=60357.00 | MACD=-90.8747 | Signal=-144.3978,1d: цена у нижней границы (+10 LONG) | 4h: середина диапазона | 1h: середина диапазона,1d: MACD SHORT +5 | 1d: RSI 30.9 <35 LONG +5 | 4h: MACD SHORT +4 | 4h: RSI 40.3 neutral | 1h: MACD LONG +3 | 1h: RSI 49.0 neutral,Цена далеко от зоны входа,SHORT wins by 18 points
2026-06-26T19:57:53.284455+00:00,ETH/USDT,SHORT,WATCH,23,67.6,C,14,46,10,7,13,4,0,15,11,23,12,SHORT,1d: EMA SHORT +20 | 1d: MACD LONG +10 | 4h: EMA SHORT +12 | 4h: MACD SHORT +6 | 1h: EMA SHORT +8 | 1h: MACD LONG +4 |  | === Trend Summary === | 1d: EMA=BEARISH | MACD=BULLISH | EMA20=1711.31 | EMA50=1866.41 | MACD=-77.4944 | Signal=-77.9514 | 4h: EMA=BEARISH | MACD=BEARISH | EMA20=1611.78 | EMA50=1659.30 | MACD=-35.4527 | Signal=-33.9961 | 1h: EMA=BEARISH | MACD=BULLISH | EMA20=1569.47 | EMA50=1588.99 | MACD=-2.6467 | Signal=-7.5738,1d: цена у нижней границы (+10 LONG) | 4h: середина диапазона | 1h: цена у верхней границы (+7 SHORT),1d: MACD LONG +5 | 1d: RSI 32.0 <35 LONG +5 | 4h: MACD SHORT +4 | 4h: RSI 40.7 neutral | 1h: MACD LONG +3 | 1h: RSI 52.0 neutral,Хорошая зона для SHORT (+15 SHORT),SHORT wins by 12 points
2026-06-26T19:57:54.495791+00:00,SOL/USDT,WAIT,NO TRADE,22,61.1,E,28,32,0,25,12,4,0,15,14,22,8,WAIT,1d: EMA SHORT +20 | 1d: MACD LONG +10 | 4h: EMA SHORT +12 | 4h: MACD LONG +6 | 1h: EMA LONG +8 | 1h: MACD LONG +4 |  | === Trend Summary === | 1d: EMA=BEARISH | MACD=BULLISH | EMA20=71.30 | EMA50=75.69 | MACD=-1.5360 | Signal=-2.1739 | 4h: EMA=BEARISH | MACD=BULLISH | EMA20=69.61 | EMA50=70.08 | MACD=-0.0065 | Signal=-0.6506 | 1h: EMA=BULLISH | MACD=BULLISH | EMA20=70.31 | EMA50=69.26 | MACD=1.2979 | Signal=0.8879,1d: цена у верхней границы (+10 SHORT) | 4h: цена у верхней границы (+8 SHORT) | 1h: цена у верхней границы (+7 SHORT),1d: MACD LONG +5 | 1d: RSI 51.9 neutral | 4h: MACD LONG +4 | 4h: RSI 60.6 neutral | 1h: MACD LONG +3 | 1h: RSI 70.8 >65 SHORT +4,Хорошая зона для SHORT (+15 SHORT),No clear directional edge.
2026-06-26T20:02:57.255614+00:00,BTC/USDT,SHORT,WAIT,21,70.0,D,10,50,10,0,12,5,0,0,9,21,12,SHORT,1d: EMA SHORT +20 | 1d: MACD SHORT +10 | 4h: EMA SHORT +12 | 4h: MACD LONG +6 | 1h: EMA SHORT +8 | 1h: MACD LONG +4 |  | === Trend Summary === | 1d: EMA=BEARISH | MACD=BEARISH | EMA20=63826.53 | EMA50=67859.72 | MACD=-2307.4996 | Signal=-2293.8628 | 4h: EMA=BEARISH | MACD=BULLISH | EMA20=60843.72 | EMA50=62160.48 | MACD=-894.4606 | Signal=-894.8319 | 1h: EMA=BEARISH | MACD=BULLISH | EMA20=59871.02 | EMA50=60332.84 | MACD=-91.5403 | Signal=-135.0247,1d: цена у нижней границы (+10 LONG) | 4h: середина диапазона | 1h: середина диапазона,1d: MACD SHORT +5 | 1d: RSI 30.8 <35 LONG +5 | 4h: MACD LONG +4 | 4h: RSI 40.4 neutral | 1h: MACD LONG +3 | 1h: RSI 48.8 neutral,Цена далеко от зоны входа,SHORT wins by 12 points
2026-06-26T20:02:58.129108+00:00,ETH/USDT,WAIT,NO TRADE,20,58.8,E,20,40,10,7,17,0,0,15,14,20,6,WAIT,1d: EMA SHORT +20 | 1d: MACD LONG +10 | 4h: EMA SHORT +12 | 4h: MACD LONG +6 | 1h: EMA SHORT +8 | 1h: MACD LONG +4 |  | === Trend Summary === | 1d: EMA=BEARISH | MACD=BULLISH | EMA20=1711.30 | EMA50=1866.40 | MACD=-77.5055 | Signal=-77.9536 | 4h: EMA=BEARISH | MACD=BULLISH | EMA20=1608.26 | EMA50=1655.98 | MACD=-33.9910 | Signal=-34.0460 | 1h: EMA=BEARISH | MACD=BULLISH | EMA20=1569.98 | EMA50=1588.42 | MACD=-1.9760 | Signal=-6.5051,1d: цена у нижней границы (+10 LONG) | 4h: середина диапазона | 1h: цена у верхней границы (+7 SHORT),1d: MACD LONG +5 | 1d: RSI 32.0 <35 LONG +5 | 4h: MACD LONG +4 | 4h: RSI 41.0 neutral | 1h: MACD LONG +3 | 1h: RSI 52.1 neutral,Хорошая зона для SHORT (+15 SHORT),No clear directional edge.
2026-06-26T20:02:59.435516+00:00,SOL/USDT,WAIT,NO TRADE,22,61.1,E,28,32,0,25,12,4,0,15,14,22,8,WAIT,1d: EMA SHORT +20 | 1d: MACD LONG +10 | 4h: EMA SHORT +12 | 4h: MACD LONG +6 | 1h: EMA LONG +8 | 1h: MACD LONG +4 |  | === Trend Summary === | 1d: EMA=BEARISH | MACD=BULLISH | EMA20=71.30 | EMA50=75.69 | MACD=-1.5344 | Signal=-2.1736 | 4h: EMA=BEARISH | MACD=BULLISH | EMA20=69.94 | EMA50=70.19 | MACD=0.2646 | Signal=-0.4711 | 1h: EMA=BULLISH | MACD=BULLISH | EMA20=70.57 | EMA50=69.41 | MACD=1.3543 | Signal=0.9776,1d: цена у верхней границы (+10 SHORT) | 4h: цена у верхней границы (+8 SHORT) | 1h: цена у верхней границы (+7 SHORT),1d: MACD LONG +5 | 1d: RSI 52.0 neutral | 4h: MACD LONG +4 | 4h: RSI 60.7 neutral | 1h: MACD LONG +3 | 1h: RSI 70.9 >65 SHORT +4,Хорошая зона для SHORT (+15 SHORT),No clear directional edge.
2026-06-26T20:08:02.012488+00:00,BTC/USDT,SHORT,WATCH,24,80.0,C,4,56,10,0,8,9,0,0,6,24,18,SHORT,1d: EMA SHORT +20 | 1d: MACD SHORT +10 | 4h: EMA SHORT +12 | 4h: MACD SHORT +6 | 1h: EMA SHORT +8 | 1h: MACD LONG +4 |  | === Trend Summary === | 1d: EMA=BEARISH | MACD=BEARISH | EMA20=63822.50 | EMA50=67858.06 | MACD=-2310.8740 | Signal=-2294.5376 | 4h: EMA=BEARISH | MACD=BEARISH | EMA20=60839.69 | EMA50=62158.82 | MACD=-897.8350 | Signal=-895.5068 | 1h: EMA=BEARISH | MACD=BULLISH | EMA20=59867.58 | EMA50=60331.43 | MACD=-94.4201 | Signal=-135.6006,1d: цена у нижней границы (+10 LONG) | 4h: середина диапазона | 1h: середина диапазона,1d: MACD SHORT +5 | 1d: RSI 30.6 <35 LONG +5 | 4h: MACD SHORT +4 | 4h: RSI 40.1 neutral | 1h: MACD LONG +3 | 1h: RSI 48.4 neutral,Цена далеко от зоны входа,SHORT wins by 18 points
2026-06-26T20:08:02.850612+00:00,ETH/USDT,WAIT,NO TRADE,18,56.2,E,20,40,10,0,17,0,0,15,14,18,4,WAIT,1d: EMA SHORT +20 | 1d: MACD LONG +10 | 4h: EMA SHORT +12 | 4h: MACD LONG +6 | 1h: EMA SHORT +8 | 1h: MACD LONG +4 |  | === Trend Summary === | 1d: EMA=BEARISH | MACD=BULLISH | EMA20=1711.27 | EMA50=1866.40 | MACD=-77.5231 | Signal=-77.9571 | 4h: EMA=BEARISH | MACD=BULLISH | EMA20=1608.24 | EMA50=1655.97 | MACD=-34.0085 | Signal=-34.0495 | 1h: EMA=BEARISH | MACD=BULLISH | EMA20=1569.96 | EMA50=1588.41 | MACD=-1.9936 | Signal=-6.5087,1d: цена у нижней границы (+10 LONG) | 4h: середина диапазона | 1h: середина диапазона,1d: MACD LONG +5 | 1d: RSI 31.9 <35 LONG +5 | 4h: MACD LONG +4 | 4h: RSI 41.0 neutral | 1h: MACD LONG +3 | 1h: RSI 52.0 neutral,Хорошая зона для SHORT (+15 SHORT),No clear directional edge.
2026-06-26T20:08:03.848995+00:00,SOL/USDT,WAIT,NO TRADE,22,61.1,E,28,32,0,25,12,4,0,15,14,22,8,WAIT,1d: EMA SHORT +20 | 1d: MACD LONG +10 | 4h: EMA SHORT +12 | 4h: MACD LONG +6 | 1h: EMA LONG +8 | 1h: MACD LONG +4 |  | === Trend Summary === | 1d: EMA=BEARISH | MACD=BULLISH | EMA20=71.30 | EMA50=75.69 | MACD=-1.5384 | Signal=-2.1744 | 4h: EMA=BEARISH | MACD=BULLISH | EMA20=69.93 | EMA50=70.19 | MACD=0.2630 | Signal=-0.4715 | 1h: EMA=BULLISH | MACD=BULLISH | EMA20=70.57 | EMA50=69.41 | MACD=1.3527 | Signal=0.9773,1d: цена у верхней границы (+10 SHORT) | 4h: цена у верхней границы (+8 SHORT) | 1h: цена у верхней границы (+7 SHORT),1d: MACD LONG +5 | 1d: RSI 51.9 neutral | 4h: MACD LONG +4 | 4h: RSI 60.6 neutral | 1h: MACD LONG +3 | 1h: RSI 70.8 >65 SHORT +4,Хорошая зона для SHORT (+15 SHORT),No clear directional edge.
2026-06-26T20:13:06.722537+00:00,BTC/USDT,SHORT,WATCH,24,80.0,C,4,56,10,0,8,9,0,0,6,24,18,SHORT,1d: EMA SHORT +20 | 1d: MACD SHORT +10 | 4h: EMA SHORT +12 | 4h: MACD SHORT +6 | 1h: EMA SHORT +8 | 1h: MACD LONG +4 |  | === Trend Summary === | 1d: EMA=BEARISH | MACD=BEARISH | EMA20=63815.45 | EMA50=67855.16 | MACD=-2316.7771 | Signal=-2295.7183 | 4h: EMA=BEARISH | MACD=BEARISH | EMA20=60832.64 | EMA50=62155.92 | MACD=-903.7381 | Signal=-896.6874 | 1h: EMA=BEARISH | MACD=BULLISH | EMA20=59859.94 | EMA50=60328.28 | MACD=-100.8178 | Signal=-136.8802,1d: цена у нижней границы (+10 LONG) | 4h: середина диапазона | 1h: середина диапазона,1d: MACD SHORT +5 | 1d: RSI 30.4 <35 LONG +5 | 4h: MACD SHORT +4 | 4h: RSI 39.6 neutral | 1h: MACD LONG +3 | 1h: RSI 47.6 neutral,Цена далеко от зоны входа,SHORT wins by 18 points
2026-06-26T20:13:07.605284+00:00,ETH/USDT,SHORT,WAIT,21,65.6,D,14,46,10,0,13,4,0,15,11,21,10,SHORT,1d: EMA SHORT +20 | 1d: MACD LONG +10 | 4h: EMA SHORT +12 | 4h: MACD SHORT +6 | 1h: EMA SHORT +8 | 1h: MACD LONG +4 |  | === Trend Summary === | 1d: EMA=BEARISH | MACD=BULLISH | EMA20=1711.07 | EMA50=1866.31 | MACD=-77.6978 | Signal=-77.9921 | 4h: EMA=BEARISH | MACD=BEARISH | EMA20=1608.03 | EMA50=1655.89 | MACD=-34.1832 | Signal=-34.0844 | 1h: EMA=BEARISH | MACD=BULLISH | EMA20=1569.75 | EMA50=1588.33 | MACD=-2.1683 | Signal=-6.5436,1d: цена у нижней границы (+10 LONG) | 4h: середина диапазона | 1h: середина диапазона,1d: MACD LONG +5 | 1d: RSI 31.6 <35 LONG +5 | 4h: MACD SHORT +4 | 4h: RSI 40.5 neutral | 1h: MACD LONG +3 | 1h: RSI 51.3 neutral,Хорошая зона для SHORT (+15 SHORT),SHORT wins by 10 points
2026-06-26T20:13:08.483052+00:00,SOL/USDT,WAIT,NO TRADE,20,58.8,E,28,32,0,15,12,4,0,15,14,20,6,WAIT,1d: EMA SHORT +20 | 1d: MACD LONG +10 | 4h: EMA SHORT +12 | 4h: MACD LONG +6 | 1h: EMA LONG +8 | 1h: MACD LONG +4 |  | === Trend Summary === | 1d: EMA=BEARISH | MACD=BULLISH | EMA20=71.27 | EMA50=75.68 | MACD=-1.5631 | Signal=-2.1794 | 4h: EMA=BEARISH | MACD=BULLISH | EMA20=69.90 | EMA50=70.18 | MACD=0.2358 | Signal=-0.4769 | 1h: EMA=BULLISH | MACD=BULLISH | EMA20=70.54 | EMA50=69.40 | MACD=1.3256 | Signal=0.9718,1d: середина диапазона | 4h: цена у верхней границы (+8 SHORT) | 1h: цена у верхней границы (+7 SHORT),1d: MACD LONG +5 | 1d: RSI 51.3 neutral | 4h: MACD LONG +4 | 4h: RSI 59.8 neutral | 1h: MACD LONG +3 | 1h: RSI 69.3 >65 SHORT +4,Хорошая зона для SHORT (+15 SHORT),No clear directional edge.
2026-06-26T20:18:10.738962+00:00,BTC/USDT,SHORT,WATCH,24,80.0,C,4,56,10,0,8,9,0,0,6,24,18,SHORT,1d: EMA SHORT +20 | 1d: MACD SHORT +10 | 4h: EMA SHORT +12 | 4h: MACD SHORT +6 | 1h: EMA SHORT +8 | 1h: MACD LONG +4 |  | === Trend Summary === | 1d: EMA=BEARISH | MACD=BEARISH | EMA20=63819.34 | EMA50=67856.76 | MACD=-2313.5224 | Signal=-2295.0673 | 4h: EMA=BEARISH | MACD=BEARISH | EMA20=60836.53 | EMA50=62157.52 | MACD=-900.4834 | Signal=-896.0365 | 1h: EMA=BEARISH | MACD=BULLISH | EMA20=59863.83 | EMA50=60329.88 | MACD=-97.5631 | Signal=-136.2292,1d: цена у нижней границы (+10 LONG) | 4h: середина диапазона | 1h: середина диапазона,1d: MACD SHORT +5 | 1d: RSI 30.5 <35 LONG +5 | 4h: MACD SHORT +4 | 4h: RSI 39.8 neutral | 1h: MACD LONG +3 | 1h: RSI 48.0 neutral,Цена далеко от зоны входа,SHORT wins by 18 points
2026-06-26T20:18:11.792383+00:00,ETH/USDT,SHORT,WAIT,21,65.6,D,14,46,10,0,13,4,0,15,11,21,10,SHORT,1d: EMA SHORT +20 | 1d: MACD LONG +10 | 4h: EMA SHORT +12 | 4h: MACD SHORT +6 | 1h: EMA SHORT +8 | 1h: MACD LONG +4 |  | === Trend Summary === | 1d: EMA=BEARISH | MACD=BULLISH | EMA20=1711.10 | EMA50=1866.32 | MACD=-77.6723 | Signal=-77.9870 | 4h: EMA=BEARISH | MACD=BEARISH | EMA20=1608.06 | EMA50=1655.90 | MACD=-34.1577 | Signal=-34.0793 | 1h: EMA=BEARISH | MACD=BULLISH | EMA20=1569.78 | EMA50=1588.34 | MACD=-2.1427 | Signal=-6.5385,1d: цена у нижней границы (+10 LONG) | 4h: середина диапазона | 1h: середина диапазона,1d: MACD LONG +5 | 1d: RSI 31.7 <35 LONG +5 | 4h: MACD SHORT +4 | 4h: RSI 40.6 neutral | 1h: MACD LONG +3 | 1h: RSI 51.4 neutral,Хорошая зона для SHORT (+15 SHORT),SHORT wins by 10 points
2026-06-26T20:18:12.758686+00:00,SOL/USDT,WAIT,NO TRADE,20,58.8,E,28,32,0,15,12,4,0,15,14,20,6,WAIT,1d: EMA SHORT +20 | 1d: MACD LONG +10 | 4h: EMA SHORT +12 | 4h: MACD LONG +6 | 1h: EMA LONG +8 | 1h: MACD LONG +4 |  | === Trend Summary === | 1d: EMA=BEARISH | MACD=BULLISH | EMA20=71.26 | EMA50=75.67 | MACD=-1.5695 | Signal=-2.1806 | 4h: EMA=BEARISH | MACD=BULLISH | EMA20=69.89 | EMA50=70.18 | MACD=0.2295 | Signal=-0.4782 | 1h: EMA=BULLISH | MACD=BULLISH | EMA20=70.53 | EMA50=69.39 | MACD=1.3192 | Signal=0.9706,1d: середина диапазона | 4h: цена у верхней границы (+8 SHORT) | 1h: цена у верхней границы (+7 SHORT),1d: MACD LONG +5 | 1d: RSI 51.2 neutral | 4h: MACD LONG +4 | 4h: RSI 59.5 neutral | 1h: MACD LONG +3 | 1h: RSI 68.6 >65 SHORT +4,Хорошая зона для SHORT (+15 SHORT),No clear directional edge.
2026-06-26T20:23:15.230914+00:00,BTC/USDT,SHORT,WATCH,24,80.0,C,4,56,10,0,8,9,0,0,6,24,18,SHORT,1d: EMA SHORT +20 | 1d: MACD SHORT +10 | 4h: EMA SHORT +12 | 4h: MACD SHORT +6 | 1h: EMA SHORT +8 | 1h: MACD LONG +4 |  | === Trend Summary === | 1d: EMA=BEARISH | MACD=BEARISH | EMA20=63814.20 | EMA50=67854.65 | MACD=-2317.8221 | Signal=-2295.9273 | 4h: EMA=BEARISH | MACD=BEARISH | EMA20=60831.39 | EMA50=62155.41 | MACD=-904.7831 | Signal=-896.8964 | 1h: EMA=BEARISH | MACD=BULLISH | EMA20=59858.75 | EMA50=60327.79 | MACD=-101.8149 | Signal=-137.0796,1d: цена у нижней границы (+10 LONG) | 4h: середина диапазона | 1h: середина диапазона,1d: MACD SHORT +5 | 1d: RSI 30.4 <35 LONG +5 | 4h: MACD SHORT +4 | 4h: RSI 39.5 neutral | 1h: MACD LONG +3 | 1h: RSI 47.5 neutral,Цена далеко от зоны входа,SHORT wins by 18 points
2026-06-26T20:23:15.995924+00:00,ETH/USDT,SHORT,WAIT,21,65.6,D,14,46,10,0,13,4,0,15,11,21,10,SHORT,1d: EMA SHORT +20 | 1d: MACD LONG +10 | 4h: EMA SHORT +12 | 4h: MACD SHORT +6 | 1h: EMA SHORT +8 | 1h: MACD LONG +4 |  | === Trend Summary === | 1d: EMA=BEARISH | MACD=BULLISH | EMA20=1711.07 | EMA50=1866.31 | MACD=-77.6986 | Signal=-77.9922 | 4h: EMA=BEARISH | MACD=BEARISH | EMA20=1608.03 | EMA50=1655.89 | MACD=-34.1840 | Signal=-34.0846 | 1h: EMA=BEARISH | MACD=BULLISH | EMA20=1569.75 | EMA50=1588.32 | MACD=-2.1691 | Signal=-6.5438,1d: цена у нижней границы (+10 LONG) | 4h: середина диапазона | 1h: середина диапазона,1d: MACD LONG +5 | 1d: RSI 31.6 <35 LONG +5 | 4h: MACD SHORT +4 | 4h: RSI 40.5 neutral | 1h: MACD LONG +3 | 1h: RSI 51.3 neutral,Хорошая зона для SHORT (+15 SHORT),SHORT wins by 10 points
2026-06-26T20:23:18.020652+00:00,SOL/USDT,WAIT,NO TRADE,20,58.8,E,28,32,0,15,12,4,0,15,14,20,6,WAIT,1d: EMA SHORT +20 | 1d: MACD LONG +10 | 4h: EMA SHORT +12 | 4h: MACD LONG +6 | 1h: EMA LONG +8 | 1h: MACD LONG +4 |  | === Trend Summary === | 1d: EMA=BEARISH | MACD=BULLISH | EMA20=71.25 | EMA50=75.67 | MACD=-1.5775 | Signal=-2.1822 | 4h: EMA=BEARISH | MACD=BULLISH | EMA20=69.88 | EMA50=70.17 | MACD=0.2199 | Signal=-0.4801 | 1h: EMA=BULLISH | MACD=BULLISH | EMA20=70.52 | EMA50=69.39 | MACD=1.3097 | Signal=0.9686,1d: середина диапазона | 4h: цена у верхней границы (+8 SHORT) | 1h: цена у верхней границы (+7 SHORT),1d: MACD LONG +5 | 1d: RSI 51.0 neutral | 4h: MACD LONG +4 | 4h: RSI 59.1 neutral | 1h: MACD LONG +3 | 1h: RSI 67.7 >65 SHORT +4,Хорошая зона для SHORT (+15 SHORT),No clear directional edge.
2026-06-26T20:28:20.410960+00:00,BTC/USDT,SHORT,WATCH,24,80.0,C,4,56,10,0,8,9,0,0,6,24,18,SHORT,1d: EMA SHORT +20 | 1d: MACD SHORT +10 | 4h: EMA SHORT +12 | 4h: MACD SHORT +6 | 1h: EMA SHORT +8 | 1h: MACD LONG +4 |  | === Trend Summary === | 1d: EMA=BEARISH | MACD=BEARISH | EMA20=63819.25 | EMA50=67856.73 | MACD=-2313.5942 | Signal=-2295.0817 | 4h: EMA=BEARISH | MACD=BEARISH | EMA20=60836.44 | EMA50=62157.48 | MACD=-900.5552 | Signal=-896.0509 | 1h: EMA=BEARISH | MACD=BULLISH | EMA20=59863.74 | EMA50=60329.85 | MACD=-97.6349 | Signal=-136.2436,1d: цена у нижней границы (+10 LONG) | 4h: середина диапазона | 1h: середина диапазона,1d: MACD SHORT +5 | 1d: RSI 30.5 <35 LONG +5 | 4h: MACD SHORT +4 | 4h: RSI 39.8 neutral | 1h: MACD LONG +3 | 1h: RSI 48.0 neutral,Цена далеко от зоны входа,SHORT wins by 18 points
2026-06-26T20:28:21.331758+00:00,ETH/USDT,WAIT,NO TRADE,18,56.2,E,20,40,10,0,17,0,0,15,14,18,4,WAIT,1d: EMA SHORT +20 | 1d: MACD LONG +10 | 4h: EMA SHORT +12 | 4h: MACD LONG +6 | 1h: EMA SHORT +8 | 1h: MACD LONG +4 |  | === Trend Summary === | 1d: EMA=BEARISH | MACD=BULLISH | EMA20=1711.30 | EMA50=1866.40 | MACD=-77.5047 | Signal=-77.9535 | 4h: EMA=BEARISH | MACD=BULLISH | EMA20=1608.26 | EMA50=1655.98 | MACD=-33.9902 | Signal=-34.0458 | 1h: EMA=BEARISH | MACD=BULLISH | EMA20=1569.97 | EMA50=1588.41 | MACD=-1.9880 | Signal=-6.5075,1d: цена у нижней границы (+10 LONG) | 4h: середина диапазона | 1h: середина диапазона,1d: MACD LONG +5 | 1d: RSI 32.0 <35 LONG +5 | 4h: MACD LONG +4 | 4h: RSI 41.0 neutral | 1h: MACD LONG +3 | 1h: RSI 52.0 neutral,Хорошая зона для SHORT (+15 SHORT),No clear directional edge.
2026-06-26T20:28:22.406475+00:00,SOL/USDT,WAIT,NO TRADE,20,58.8,E,28,32,0,15,12,4,0,15,14,20,6,WAIT,1d: EMA SHORT +20 | 1d: MACD LONG +10 | 4h: EMA SHORT +12 | 4h: MACD LONG +6 | 1h: EMA LONG +8 | 1h: MACD LONG +4 |  | === Trend Summary === | 1d: EMA=BEARISH | MACD=BULLISH | EMA20=71.26 | EMA50=75.67 | MACD=-1.5735 | Signal=-2.1814 | 4h: EMA=BEARISH | MACD=BULLISH | EMA20=69.89 | EMA50=70.18 | MACD=0.2255 | Signal=-0.4790 | 1h: EMA=BULLISH | MACD=BULLISH | EMA20=70.53 | EMA50=69.39 | MACD=1.3152 | Signal=0.9698,1d: середина диапазона | 4h: цена у верхней границы (+8 SHORT) | 1h: цена у верхней границы (+7 SHORT),1d: MACD LONG +5 | 1d: RSI 51.1 neutral | 4h: MACD LONG +4 | 4h: RSI 59.3 neutral | 1h: MACD LONG +3 | 1h: RSI 68.2 >65 SHORT +4,Хорошая зона для SHORT (+15 SHORT),No clear directional edge.
