timestamp,symbol,decision,trend,structure,momentum,risk,primary_blocker,lost_score,potential_score
2026-07-02T10:56:28.462258+00:00,BTC/USDT,NO TRADE,PASS,PASS,FAIL,PASS,Momentum,2.4,23.4
2026-07-02T10:56:29.181232+00:00,ETH/USDT,NO TRADE,PASS,PASS,FAIL,PASS,Momentum,2.4,23.4
2026-07-02T10:56:29.904682+00:00,SOL/USDT,NO TRADE,PASS,FAIL,PASS,FAIL,Structure,7.25,28.25
2026-07-02T10:58:02.477250+00:00,BTC/USDT,NO TRADE,PASS,PASS,FAIL,PASS,Momentum,2.4,23.4
2026-07-02T10:58:03.192830+00:00,ETH/USDT,NO TRADE,PASS,PASS,FAIL,PASS,Momentum,2.4,23.4
2026-07-02T10:58:04.005258+00:00,SOL/USDT,NO TRADE,PASS,FAIL,PASS,FAIL,Structure,7.25,28.25
2026-07-02T11:01:37.670260+00:00,BTC/USDT,NO TRADE,PASS,PASS,FAIL,PASS,Momentum,2.4,23.4
2026-07-02T11:01:38.486150+00:00,ETH/USDT,NO TRADE,PASS,PASS,FAIL,PASS,Momentum,2.4,23.4
2026-07-02T11:01:39.236261+00:00,SOL/USDT,NO TRADE,PASS,FAIL,PASS,FAIL,Structure,7.25,28.25
2026-07-02T11:03:06.399190+00:00,BTC/USDT,NO TRADE,PASS,PASS,FAIL,PASS,Momentum,2.4,23.4
2026-07-02T11:03:07.119076+00:00,ETH/USDT,NO TRADE,PASS,PASS,FAIL,PASS,Momentum,2.4,23.4
2026-07-02T11:03:07.844941+00:00,SOL/USDT,NO TRADE,PASS,FAIL,PASS,FAIL,Structure,7.25,28.25
2026-07-02T11:04:19.654472+00:00,BTC/USDT,NO TRADE,PASS,PASS,FAIL,PASS,Momentum,2.4,23.4
2026-07-02T11:04:20.475987+00:00,ETH/USDT,NO TRADE,PASS,PASS,FAIL,PASS,Momentum,2.4,23.4
2026-07-02T11:04:21.202994+00:00,SOL/USDT,NO TRADE,PASS,FAIL,PASS,FAIL,Structure,7.25,28.25
2026-07-02T11:09:23.484484+00:00,BTC/USDT,NO TRADE,PASS,PASS,FAIL,PASS,Momentum,2.4,23.4
2026-07-02T11:09:24.561957+00:00,ETH/USDT,NO TRADE,PASS,PASS,FAIL,PASS,Momentum,2.4,23.4
2026-07-02T11:09:25.983950+00:00,SOL/USDT,NO TRADE,PASS,FAIL,PASS,FAIL,Structure,7.25,28.25
2026-07-02T11:14:28.179378+00:00,BTC/USDT,NO TRADE,PASS,PASS,FAIL,PASS,Momentum,2.4,23.4
2026-07-02T11:14:29.005917+00:00,ETH/USDT,NO TRADE,PASS,PASS,FAIL,PASS,Momentum,1.6,23.6
2026-07-02T11:14:29.731730+00:00,SOL/USDT,NO TRADE,PASS,FAIL,FAIL,FAIL,Structure,7.45,28.45
2026-07-02T11:19:32.009014+00:00,BTC/USDT,NO TRADE,PASS,PASS,FAIL,PASS,Momentum,2.4,23.4
2026-07-02T11:19:32.875337+00:00,ETH/USDT,NO TRADE,PASS,PASS,FAIL,PASS,Momentum,1.6,23.6
2026-07-02T11:19:33.585729+00:00,SOL/USDT,NO TRADE,PASS,FAIL,FAIL,FAIL,Structure,7.45,28.45
2026-07-02T11:24:35.717037+00:00,BTC/USDT,NO TRADE,PASS,PASS,FAIL,PASS,Momentum,2.4,23.4
2026-07-02T11:24:36.529369+00:00,ETH/USDT,NO TRADE,PASS,PASS,FAIL,PASS,Momentum,1.6,23.6
2026-07-02T11:24:37.447506+00:00,SOL/USDT,NO TRADE,PASS,FAIL,FAIL,FAIL,Structure,7.45,28.45
2026-07-02T11:29:40.019352+00:00,BTC/USDT,NO TRADE,PASS,PASS,FAIL,PASS,Momentum,2.4,23.4
2026-07-02T11:29:41.178614+00:00,ETH/USDT,NO TRADE,PASS,PASS,FAIL,PASS,Momentum,2.4,23.4
2026-07-02T11:29:42.110645+00:00,SOL/USDT,NO TRADE,PASS,FAIL,FAIL,FAIL,Structure,7.45,28.45
2026-07-02T11:34:44.584272+00:00,BTC/USDT,NO TRADE,PASS,PASS,FAIL,PASS,Momentum,2.4,23.4
2026-07-02T11:34:45.304784+00:00,ETH/USDT,NO TRADE,PASS,PASS,FAIL,PASS,Momentum,2.4,23.4
2026-07-02T11:34:46.028179+00:00,SOL/USDT,NO TRADE,PASS,FAIL,FAIL,FAIL,Structure,7.45,28.45
2026-07-02T11:39:49.410962+00:00,BTC/USDT,NO TRADE,PASS,PASS,FAIL,PASS,Momentum,2.4,23.4
2026-07-02T11:39:50.242749+00:00,ETH/USDT,NO TRADE,PASS,PASS,FAIL,PASS,Momentum,2.4,23.4
2026-07-02T11:39:51.130768+00:00,SOL/USDT,NO TRADE,PASS,FAIL,FAIL,FAIL,Structure,7.45,28.45
2026-07-02T11:43:45.403727+00:00,BTC/USDT,NO TRADE,PASS,PASS,FAIL,PASS,Momentum,2.4,23.4
2026-07-02T11:43:46.163810+00:00,ETH/USDT,NO TRADE,PASS,PASS,FAIL,PASS,Momentum,2.4,23.4
2026-07-02T11:43:47.448720+00:00,SOL/USDT,NO TRADE,PASS,FAIL,FAIL,FAIL,Structure,7.45,28.45
2026-07-02T11:45:36.315450+00:00,BTC/USDT,NO TRADE,PASS,PASS,FAIL,PASS,Momentum,2.4,23.4
2026-07-02T11:45:37.079422+00:00,ETH/USDT,NO TRADE,PASS,PASS,FAIL,PASS,Momentum,2.4,23.4
2026-07-02T11:45:38.028109+00:00,SOL/USDT,NO TRADE,PASS,FAIL,FAIL,FAIL,Structure,7.45,28.45
2026-07-02T11:50:40.244667+00:00,BTC/USDT,NO TRADE,PASS,PASS,FAIL,PASS,Momentum,2.4,23.4
2026-07-02T11:50:41.103137+00:00,ETH/USDT,NO TRADE,PASS,PASS,FAIL,PASS,Momentum,1.6,23.6
2026-07-02T11:50:42.074732+00:00,SOL/USDT,NO TRADE,PASS,FAIL,FAIL,FAIL,Structure,7.45,28.45
2026-07-02T11:55:44.455813+00:00,BTC/USDT,NO TRADE,PASS,PASS,FAIL,PASS,Momentum,2.4,23.4
2026-07-02T11:55:45.238437+00:00,ETH/USDT,NO TRADE,PASS,PASS,FAIL,PASS,Momentum,2.4,23.4
2026-07-02T11:55:46.006502+00:00,SOL/USDT,NO TRADE,PASS,FAIL,FAIL,FAIL,Structure,7.45,28.45
2026-07-02T12:00:49.744169+00:00,BTC/USDT,NO TRADE,PASS,PASS,FAIL,PASS,Momentum,2.4,23.4
2026-07-02T12:00:50.574605+00:00,ETH/USDT,NO TRADE,PASS,PASS,FAIL,PASS,Momentum,2.4,23.4
2026-07-02T12:00:51.352656+00:00,SOL/USDT,NO TRADE,PASS,FAIL,FAIL,FAIL,Structure,7.45,28.45
2026-07-02T12:05:53.911726+00:00,BTC/USDT,NO TRADE,PASS,PASS,FAIL,PASS,Momentum,2.4,23.4
2026-07-02T12:05:54.797436+00:00,ETH/USDT,NO TRADE,PASS,PASS,FAIL,PASS,Momentum,1.6,23.6
2026-07-02T12:05:55.560518+00:00,SOL/USDT,NO TRADE,PASS,FAIL,FAIL,FAIL,Structure,7.45,28.45
2026-07-02T12:10:58.003158+00:00,BTC/USDT,NO TRADE,PASS,PASS,FAIL,PASS,Momentum,2.4,23.4
2026-07-02T12:10:58.956063+00:00,ETH/USDT,NO TRADE,PASS,PASS,FAIL,PASS,Momentum,1.6,23.6
2026-07-02T12:11:00.136233+00:00,SOL/USDT,NO TRADE,PASS,FAIL,FAIL,FAIL,Structure,7.45,28.45
2026-07-02T12:16:02.615743+00:00,BTC/USDT,NO TRADE,PASS,PASS,FAIL,PASS,Momentum,2.4,23.4
2026-07-02T12:16:03.715910+00:00,ETH/USDT,NO TRADE,PASS,PASS,FAIL,PASS,Momentum,1.6,23.6
2026-07-02T12:16:04.916594+00:00,SOL/USDT,NO TRADE,PASS,FAIL,FAIL,FAIL,Structure,7.45,28.45
2026-07-02T12:21:07.320411+00:00,BTC/USDT,NO TRADE,PASS,PASS,FAIL,PASS,Momentum,2.4,23.4
2026-07-02T12:21:08.965205+00:00,ETH/USDT,NO TRADE,PASS,PASS,FAIL,PASS,Momentum,1.6,23.6
2026-07-02T12:21:09.749948+00:00,SOL/USDT,NO TRADE,PASS,FAIL,PASS,FAIL,Structure,7.25,28.25
2026-07-02T12:24:28.846053+00:00,BTC/USDT,NO TRADE,PASS,PASS,FAIL,PASS,Momentum,2.4,23.4
2026-07-02T12:24:29.596107+00:00,ETH/USDT,NO TRADE,PASS,PASS,FAIL,PASS,Momentum,1.6,23.6
2026-07-02T12:24:30.361625+00:00,SOL/USDT,NO TRADE,PASS,FAIL,PASS,FAIL,Structure,7.25,28.25
2026-07-02T12:29:32.562072+00:00,BTC/USDT,NO TRADE,PASS,PASS,FAIL,PASS,Momentum,2.4,23.4
2026-07-02T12:29:33.452559+00:00,ETH/USDT,NO TRADE,PASS,PASS,FAIL,PASS,Momentum,1.6,23.6
2026-07-02T12:29:34.235734+00:00,SOL/USDT,NO TRADE,PASS,FAIL,FAIL,FAIL,Structure,7.45,28.45
2026-07-02T12:34:36.990554+00:00,BTC/USDT,NO TRADE,PASS,PASS,FAIL,PASS,Momentum,2.4,23.4
2026-07-02T12:34:38.508193+00:00,ETH/USDT,NO TRADE,PASS,PASS,FAIL,PASS,Momentum,1.6,21.6
2026-07-02T12:34:39.677150+00:00,SOL/USDT,NO TRADE,PASS,FAIL,PASS,FAIL,Risk,5.5,26.5
2026-07-02T12:39:42.066870+00:00,BTC/USDT,NO TRADE,PASS,PASS,FAIL,PASS,Momentum,1.6,23.6
2026-07-02T12:39:42.932484+00:00,ETH/USDT,NO TRADE,PASS,PASS,FAIL,PASS,Momentum,1.6,23.6
2026-07-02T12:39:43.692480+00:00,SOL/USDT,NO TRADE,PASS,FAIL,PASS,FAIL,Risk,5.5,26.5
2026-07-02T12:44:46.553554+00:00,BTC/USDT,NO TRADE,PASS,PASS,FAIL,PASS,Momentum,1.6,23.6
2026-07-02T12:44:47.829798+00:00,ETH/USDT,NO TRADE,PASS,PASS,FAIL,PASS,Momentum,1.6,23.6
2026-07-02T12:44:49.160398+00:00,SOL/USDT,NO TRADE,PASS,FAIL,PASS,FAIL,Risk,5.5,26.5
2026-07-02T12:47:29.694407+00:00,BTC/USDT,NO TRADE,PASS,PASS,FAIL,PASS,Momentum,1.6,23.6
2026-07-02T12:47:31.700448+00:00,ETH/USDT,NO TRADE,PASS,PASS,FAIL,PASS,Momentum,1.6,23.6
2026-07-02T12:47:32.627854+00:00,SOL/USDT,NO TRADE,PASS,FAIL,PASS,FAIL,Risk,5.5,26.5
2026-07-02T12:52:35.451382+00:00,BTC/USDT,NO TRADE,PASS,PASS,FAIL,PASS,Momentum,1.6,23.6
2026-07-02T12:52:36.282151+00:00,ETH/USDT,NO TRADE,PASS,PASS,FAIL,PASS,Momentum,1.6,23.6
2026-07-02T12:52:37.730285+00:00,SOL/USDT,NO TRADE,PASS,FAIL,PASS,FAIL,Risk,5.5,26.5
2026-07-02T12:57:40.874495+00:00,BTC/USDT,NO TRADE,PASS,PASS,FAIL,PASS,Momentum,1.6,23.6
2026-07-02T12:57:42.613444+00:00,ETH/USDT,NO TRADE,PASS,PASS,FAIL,PASS,Momentum,1.6,23.6
2026-07-02T12:57:43.870213+00:00,SOL/USDT,NO TRADE,PASS,FAIL,PASS,FAIL,Risk,5.5,26.5
2026-07-02T13:02:46.548015+00:00,BTC/USDT,NO TRADE,PASS,PASS,FAIL,PASS,Momentum,1.6,23.6
2026-07-02T13:02:47.799109+00:00,ETH/USDT,NO TRADE,PASS,PASS,FAIL,PASS,Momentum,1.6,23.6
2026-07-02T13:02:48.846950+00:00,SOL/USDT,NO TRADE,PASS,FAIL,PASS,FAIL,Risk,5.5,26.5
2026-07-02T13:05:43.270410+00:00,BTC/USDT,NO TRADE,PASS,PASS,FAIL,PASS,Momentum,1.6,23.6
2026-07-02T13:05:44.355229+00:00,ETH/USDT,NO TRADE,PASS,PASS,FAIL,PASS,Momentum,1.6,23.6
2026-07-02T13:05:45.117984+00:00,SOL/USDT,NO TRADE,PASS,FAIL,PASS,FAIL,Risk,5.5,26.5
2026-07-02T13:06:23.625888+00:00,BTC/USDT,NO TRADE,PASS,PASS,FAIL,PASS,Momentum,1.6,23.6
2026-07-02T13:06:24.507099+00:00,ETH/USDT,NO TRADE,PASS,PASS,FAIL,PASS,Momentum,1.6,23.6
2026-07-02T13:06:25.552090+00:00,SOL/USDT,NO TRADE,PASS,FAIL,PASS,FAIL,Structure,7.25,28.25
2026-07-02T13:11:27.853605+00:00,BTC/USDT,NO TRADE,PASS,PASS,FAIL,PASS,Momentum,1.6,23.6
2026-07-02T13:11:28.752866+00:00,ETH/USDT,NO TRADE,PASS,PASS,FAIL,PASS,Momentum,1.6,23.6
2026-07-02T13:11:29.516453+00:00,SOL/USDT,NO TRADE,PASS,FAIL,PASS,FAIL,Structure,7.25,28.25
2026-07-02T13:16:32.045782+00:00,BTC/USDT,NO TRADE,PASS,PASS,FAIL,PASS,Momentum,1.6,23.6
2026-07-02T13:16:33.292911+00:00,ETH/USDT,NO TRADE,PASS,PASS,FAIL,PASS,Momentum,1.6,23.6
2026-07-02T13:16:34.985520+00:00,SOL/USDT,NO TRADE,PASS,FAIL,PASS,FAIL,Risk,5.5,26.5
2026-07-02T13:21:37.299197+00:00,BTC/USDT,NO TRADE,PASS,PASS,FAIL,PASS,Momentum,1.6,23.6
2026-07-02T13:21:38.099072+00:00,ETH/USDT,NO TRADE,PASS,PASS,FAIL,PASS,Momentum,1.6,23.6
2026-07-02T13:21:38.868014+00:00,SOL/USDT,NO TRADE,PASS,FAIL,PASS,FAIL,Risk,5.5,26.5
2026-07-02T13:23:46.652962+00:00,BTC/USDT,NO TRADE,PASS,PASS,FAIL,PASS,Momentum,1.6,23.6
2026-07-02T13:23:47.410797+00:00,ETH/USDT,NO TRADE,PASS,PASS,FAIL,PASS,Momentum,0.8,22.8
2026-07-02T13:23:48.287681+00:00,SOL/USDT,NO TRADE,PASS,FAIL,PASS,FAIL,Risk,5.5,26.5
2026-07-02T13:28:50.938382+00:00,BTC/USDT,NO TRADE,PASS,PASS,FAIL,PASS,Momentum,1.6,23.6
2026-07-02T13:28:51.916342+00:00,ETH/USDT,NO TRADE,PASS,PASS,FAIL,PASS,Momentum,0.8,22.8
2026-07-02T13:28:52.712623+00:00,SOL/USDT,NO TRADE,PASS,FAIL,PASS,FAIL,Risk,5.5,26.5
2026-07-02T13:33:55.102159+00:00,BTC/USDT,NO TRADE,PASS,PASS,FAIL,PASS,Momentum,1.6,23.6
2026-07-02T13:33:56.003554+00:00,ETH/USDT,NO TRADE,PASS,PASS,FAIL,PASS,Momentum,0.8,22.8
2026-07-02T13:33:56.907849+00:00,SOL/USDT,NO TRADE,PASS,FAIL,PASS,FAIL,Risk,5.5,26.5
2026-07-02T13:38:59.404633+00:00,BTC/USDT,NO TRADE,PASS,PASS,FAIL,PASS,Momentum,1.6,23.6
2026-07-02T13:39:00.299891+00:00,ETH/USDT,NO TRADE,PASS,PASS,FAIL,PASS,Momentum,0.8,22.8
2026-07-02T13:39:01.137886+00:00,SOL/USDT,NO TRADE,PASS,FAIL,PASS,FAIL,Structure,7.25,28.25
2026-07-02T13:44:04.693272+00:00,BTC/USDT,NO TRADE,PASS,PASS,FAIL,PASS,Momentum,1.6,23.6
2026-07-02T13:44:05.607777+00:00,ETH/USDT,NO TRADE,PASS,PASS,FAIL,PASS,Momentum,0.8,22.8
2026-07-02T13:44:06.394105+00:00,SOL/USDT,NO TRADE,PASS,FAIL,PASS,FAIL,Structure,7.25,28.25
2026-07-02T13:49:11.653515+00:00,BTC/USDT,NO TRADE,PASS,PASS,FAIL,PASS,Momentum,1.6,23.6
2026-07-02T13:49:12.657464+00:00,ETH/USDT,NO TRADE,PASS,PASS,FAIL,PASS,Momentum,0.8,22.8
2026-07-02T13:49:13.692499+00:00,SOL/USDT,NO TRADE,PASS,FAIL,PASS,FAIL,Structure,7.25,28.25
2026-07-02T13:54:16.591053+00:00,BTC/USDT,NO TRADE,PASS,PASS,FAIL,PASS,Momentum,1.6,23.6
2026-07-02T13:54:17.384784+00:00,ETH/USDT,NO TRADE,PASS,PASS,FAIL,PASS,Momentum,0.8,22.8
2026-07-02T13:54:18.293861+00:00,SOL/USDT,NO TRADE,PASS,FAIL,PASS,FAIL,Risk,5.5,26.5
2026-07-02T13:59:21.478594+00:00,BTC/USDT,NO TRADE,PASS,PASS,FAIL,PASS,Momentum,1.6,23.6
2026-07-02T13:59:22.478487+00:00,ETH/USDT,NO TRADE,PASS,PASS,FAIL,PASS,Momentum,0.8,22.8
2026-07-02T13:59:23.413519+00:00,SOL/USDT,NO TRADE,PASS,FAIL,PASS,FAIL,Risk,5.5,26.5
2026-07-02T14:04:26.135874+00:00,BTC/USDT,NO TRADE,PASS,PASS,FAIL,PASS,Momentum,1.6,23.6
2026-07-02T14:04:26.956209+00:00,ETH/USDT,NO TRADE,PASS,PASS,FAIL,PASS,Momentum,0.8,22.8
2026-07-02T14:04:27.824014+00:00,SOL/USDT,NO TRADE,PASS,FAIL,PASS,FAIL,Risk,5.5,26.5
2026-07-02T14:09:30.144301+00:00,BTC/USDT,NO TRADE,PASS,PASS,FAIL,PASS,Momentum,1.6,23.6
2026-07-02T14:09:31.015743+00:00,ETH/USDT,NO TRADE,PASS,PASS,FAIL,PASS,Momentum,0.8,22.8
2026-07-02T14:09:31.776585+00:00,SOL/USDT,NO TRADE,PASS,FAIL,PASS,FAIL,Risk,5.5,26.5
2026-07-02T14:14:34.115694+00:00,BTC/USDT,NO TRADE,PASS,PASS,FAIL,PASS,Momentum,1.6,23.6
2026-07-02T14:14:34.978462+00:00,ETH/USDT,NO TRADE,PASS,PASS,FAIL,PASS,Momentum,0.8,22.8
2026-07-02T14:14:35.890807+00:00,SOL/USDT,NO TRADE,PASS,FAIL,PASS,FAIL,Risk,5.5,26.5
2026-07-02T14:19:38.012728+00:00,BTC/USDT,NO TRADE,PASS,PASS,FAIL,PASS,Momentum,1.6,23.6
2026-07-02T14:19:38.793625+00:00,ETH/USDT,NO TRADE,PASS,PASS,FAIL,PASS,Momentum,0.8,22.8
2026-07-02T14:19:39.672919+00:00,SOL/USDT,NO TRADE,PASS,FAIL,PASS,FAIL,Risk,5.5,26.5
2026-07-02T14:24:42.871641+00:00,BTC/USDT,NO TRADE,PASS,PASS,FAIL,PASS,Momentum,1.6,23.6
2026-07-02T14:24:44.134883+00:00,ETH/USDT,NO TRADE,PASS,PASS,FAIL,PASS,Momentum,0.8,22.8
2026-07-02T14:24:45.021409+00:00,SOL/USDT,NO TRADE,PASS,FAIL,PASS,FAIL,Risk,5.5,26.5
2026-07-02T14:29:49.061758+00:00,BTC/USDT,NO TRADE,PASS,PASS,FAIL,PASS,Momentum,1.6,23.6
2026-07-02T14:29:50.598071+00:00,ETH/USDT,NO TRADE,PASS,PASS,FAIL,PASS,Momentum,0.8,22.8
2026-07-02T14:29:51.591955+00:00,SOL/USDT,NO TRADE,PASS,FAIL,PASS,FAIL,Structure,2.5,22.5
2026-07-02T14:34:53.813310+00:00,BTC/USDT,NO TRADE,PASS,PASS,FAIL,PASS,Momentum,2.4,21.4
2026-07-02T14:34:54.687312+00:00,ETH/USDT,NO TRADE,PASS,PASS,FAIL,PASS,Momentum,0.8,21.8
2026-07-02T14:34:55.618961+00:00,SOL/USDT,NO TRADE,PASS,FAIL,PASS,FAIL,Structure,0.5,20.5
2026-07-02T14:37:54.392809+00:00,BTC/USDT,NO TRADE,PASS,PASS,FAIL,PASS,Momentum,1.6,23.6
2026-07-02T14:37:55.262651+00:00,ETH/USDT,NO TRADE,PASS,PASS,FAIL,PASS,Momentum,0.8,22.8
2026-07-02T14:37:56.029070+00:00,SOL/USDT,NO TRADE,PASS,FAIL,PASS,FAIL,Risk,5.5,26.5
2026-07-02T14:37:56.783234+00:00,BNB/USDT,NO TRADE,PASS,PASS,FAIL,PASS,Momentum,0.4,24.4
2026-07-02T14:37:57.529032+00:00,XRP/USDT,NO TRADE,PASS,FAIL,FAIL,PASS,Momentum,1.6,19.6
2026-07-02T14:37:58.395711+00:00,LINK/USDT,NO TRADE,PASS,PASS,FAIL,PASS,Momentum,0.8,22.8
2026-07-02T14:37:59.155445+00:00,ADA/USDT,NO TRADE,PASS,FAIL,PASS,FAIL,Risk,3.5,24.5
2026-07-02T14:38:00.124691+00:00,AVAX/USDT,NO TRADE,PASS,PASS,PASS,FAIL,Risk,0.0,20.0
2026-07-02T14:38:00.954211+00:00,DOGE/USDT,NO TRADE,PASS,PASS,FAIL,PASS,Momentum,1.4,26.4
2026-07-02T14:43:04.167009+00:00,BTC/USDT,NO TRADE,PASS,PASS,FAIL,PASS,Momentum,2.4,21.4
2026-07-02T14:43:05.076430+00:00,ETH/USDT,NO TRADE,PASS,PASS,FAIL,PASS,Momentum,0.8,21.8
2026-07-02T14:43:06.039650+00:00,SOL/USDT,NO TRADE,PASS,FAIL,PASS,FAIL,Structure,0.5,20.5
2026-07-02T14:43:07.135484+00:00,BNB/USDT,NO TRADE,PASS,FAIL,FAIL,PASS,Momentum,0.4,22.4
2026-07-02T14:43:07.993086+00:00,XRP/USDT,NO TRADE,PASS,FAIL,FAIL,PASS,Momentum,2.4,19.4
2026-07-02T14:43:08.975167+00:00,LINK/USDT,NO TRADE,PASS,PASS,FAIL,PASS,Momentum,0.8,21.8
2026-07-02T14:43:10.083525+00:00,ADA/USDT,NO TRADE,PASS,FAIL,PASS,FAIL,Risk,3.5,24.5
2026-07-02T14:43:11.185631+00:00,AVAX/USDT,NO TRADE,PASS,PASS,PASS,FAIL,Risk,0.0,20.0
2026-07-02T14:43:12.112432+00:00,DOGE/USDT,NO TRADE,PASS,PASS,FAIL,PASS,Momentum,1.4,26.4
2026-07-02T14:48:14.417184+00:00,BTC/USDT,NO TRADE,PASS,PASS,FAIL,PASS,Momentum,2.4,21.4
2026-07-02T14:48:15.438826+00:00,ETH/USDT,NO TRADE,PASS,PASS,FAIL,PASS,Momentum,0.8,21.8
2026-07-02T14:48:16.305066+00:00,SOL/USDT,NO TRADE,PASS,FAIL,PASS,FAIL,Structure,0.5,20.5
2026-07-02T14:48:17.077029+00:00,BNB/USDT,NO TRADE,PASS,FAIL,FAIL,PASS,Momentum,0.4,22.4
2026-07-02T14:48:18.121227+00:00,XRP/USDT,NO TRADE,PASS,FAIL,FAIL,PASS,Momentum,2.4,19.4
2026-07-02T14:48:19.001481+00:00,LINK/USDT,NO TRADE,PASS,PASS,FAIL,PASS,Momentum,0.8,21.8
2026-07-02T14:48:19.773174+00:00,ADA/USDT,NO TRADE,PASS,FAIL,PASS,FAIL,Risk,3.5,24.5
2026-07-02T14:48:20.676601+00:00,AVAX/USDT,NO TRADE,PASS,PASS,PASS,FAIL,Risk,0.0,20.0
2026-07-02T14:48:21.606426+00:00,DOGE/USDT,NO TRADE,PASS,PASS,FAIL,PASS,Momentum,1.4,26.4
2026-07-02T14:53:23.983126+00:00,BTC/USDT,NO TRADE,PASS,PASS,FAIL,PASS,Momentum,2.4,21.4
2026-07-02T14:53:25.467463+00:00,ETH/USDT,NO TRADE,PASS,PASS,FAIL,PASS,Momentum,0.8,21.8
2026-07-02T14:53:26.260075+00:00,SOL/USDT,NO TRADE,PASS,FAIL,PASS,FAIL,Structure,0.5,20.5
2026-07-02T14:53:27.153234+00:00,BNB/USDT,NO TRADE,PASS,FAIL,FAIL,PASS,Momentum,0.4,22.4
2026-07-02T14:53:27.944928+00:00,XRP/USDT,NO TRADE,PASS,FAIL,FAIL,PASS,Momentum,2.4,19.4
2026-07-02T14:53:29.146417+00:00,LINK/USDT,NO TRADE,PASS,PASS,FAIL,PASS,Momentum,0.8,21.8
2026-07-02T14:53:29.951525+00:00,ADA/USDT,NO TRADE,PASS,FAIL,PASS,FAIL,Risk,3.5,24.5
2026-07-02T14:53:31.978925+00:00,AVAX/USDT,NO TRADE,PASS,PASS,PASS,FAIL,Risk,0.0,20.0
2026-07-02T14:53:33.080861+00:00,DOGE/USDT,NO TRADE,PASS,PASS,FAIL,PASS,Momentum,1.4,26.4
2026-07-02T14:58:35.403763+00:00,BTC/USDT,NO TRADE,PASS,PASS,FAIL,PASS,Momentum,2.4,21.4
2026-07-02T14:58:38.471125+00:00,ETH/USDT,NO TRADE,PASS,PASS,FAIL,PASS,Momentum,0.8,21.8
2026-07-02T14:58:39.670301+00:00,SOL/USDT,NO TRADE,PASS,FAIL,PASS,FAIL,Structure,0.5,20.5
2026-07-02T14:58:40.888864+00:00,BNB/USDT,NO TRADE,PASS,FAIL,FAIL,PASS,Momentum,0.4,22.4
2026-07-02T14:58:41.765807+00:00,XRP/USDT,NO TRADE,PASS,FAIL,FAIL,PASS,Momentum,2.4,19.4
2026-07-02T14:58:43.366790+00:00,LINK/USDT,NO TRADE,PASS,PASS,FAIL,PASS,Momentum,0.8,21.8
2026-07-02T14:58:44.532877+00:00,ADA/USDT,NO TRADE,PASS,FAIL,PASS,FAIL,Risk,3.5,24.5
2026-07-02T14:58:45.580775+00:00,AVAX/USDT,NO TRADE,PASS,PASS,PASS,FAIL,Risk,0.0,20.0
2026-07-02T14:58:46.515763+00:00,DOGE/USDT,NO TRADE,PASS,PASS,FAIL,PASS,Momentum,1.4,24.4
2026-07-02T15:03:48.864657+00:00,BTC/USDT,NO TRADE,PASS,PASS,FAIL,PASS,Momentum,1.6,23.6
2026-07-02T15:03:49.736498+00:00,ETH/USDT,NO TRADE,PASS,PASS,FAIL,PASS,Momentum,0.8,21.8
2026-07-02T15:03:50.593073+00:00,SOL/USDT,NO TRADE,PASS,FAIL,PASS,FAIL,Structure,0.5,20.5
2026-07-02T15:03:51.368410+00:00,BNB/USDT,NO TRADE,PASS,PASS,FAIL,PASS,Momentum,0.4,24.4
2026-07-02T15:03:52.136336+00:00,XRP/USDT,NO TRADE,PASS,FAIL,FAIL,PASS,Momentum,2.4,19.4
2026-07-02T15:03:53.162668+00:00,LINK/USDT,NO TRADE,PASS,PASS,FAIL,PASS,Momentum,0.8,21.8
2026-07-02T15:03:53.953309+00:00,ADA/USDT,NO TRADE,PASS,FAIL,PASS,FAIL,Risk,3.5,24.5
2026-07-02T15:03:54.730929+00:00,AVAX/USDT,NO TRADE,PASS,PASS,PASS,FAIL,Risk,0.0,20.0
2026-07-02T15:03:56.082985+00:00,DOGE/USDT,NO TRADE,PASS,PASS,FAIL,PASS,Momentum,1.4,26.4
2026-07-02T15:08:58.736437+00:00,BTC/USDT,NO TRADE,PASS,PASS,FAIL,PASS,Momentum,2.4,21.4
2026-07-02T15:08:59.940044+00:00,ETH/USDT,NO TRADE,PASS,PASS,FAIL,PASS,Momentum,0.8,21.8
2026-07-02T15:09:01.158528+00:00,SOL/USDT,NO TRADE,PASS,FAIL,PASS,FAIL,Structure,0.5,20.5
2026-07-02T15:09:01.923284+00:00,BNB/USDT,NO TRADE,PASS,PASS,FAIL,PASS,Momentum,0.4,24.4
2026-07-02T15:09:02.842908+00:00,XRP/USDT,NO TRADE,PASS,FAIL,FAIL,PASS,Momentum,2.4,19.4
2026-07-02T15:09:03.594193+00:00,LINK/USDT,NO TRADE,PASS,FAIL,FAIL,PASS,Momentum,1.3,20.3
2026-07-02T15:09:04.349195+00:00,ADA/USDT,NO TRADE,PASS,FAIL,PASS,FAIL,Risk,3.5,24.5
2026-07-02T15:09:05.225157+00:00,AVAX/USDT,NO TRADE,PASS,PASS,PASS,FAIL,Risk,0.0,20.0
2026-07-02T15:09:06.134751+00:00,DOGE/USDT,NO TRADE,PASS,PASS,FAIL,PASS,Momentum,1.4,24.4
2026-07-02T15:14:08.571016+00:00,BTC/USDT,NO TRADE,PASS,PASS,FAIL,PASS,Momentum,2.4,21.4
2026-07-02T15:14:09.696891+00:00,ETH/USDT,NO TRADE,PASS,PASS,FAIL,PASS,Momentum,0.8,21.8
2026-07-02T15:14:10.821314+00:00,SOL/USDT,NO TRADE,PASS,FAIL,PASS,FAIL,Structure,0.5,20.5
2026-07-02T15:14:11.608580+00:00,BNB/USDT,NO TRADE,PASS,PASS,FAIL,PASS,Momentum,0.4,24.4
2026-07-02T15:14:12.809249+00:00,XRP/USDT,NO TRADE,PASS,FAIL,FAIL,PASS,Momentum,2.4,19.4
2026-07-02T15:14:13.756354+00:00,LINK/USDT,NO TRADE,PASS,PASS,FAIL,PASS,Momentum,0.8,21.8
2026-07-02T15:14:14.518607+00:00,ADA/USDT,NO TRADE,PASS,FAIL,PASS,FAIL,Risk,3.5,24.5
2026-07-02T15:14:15.304012+00:00,AVAX/USDT,NO TRADE,PASS,PASS,PASS,FAIL,Risk,0.0,20.0
2026-07-02T15:14:16.232334+00:00,DOGE/USDT,NO TRADE,PASS,PASS,FAIL,PASS,Momentum,1.4,24.4
2026-07-02T15:19:19.898053+00:00,BTC/USDT,NO TRADE,PASS,PASS,FAIL,PASS,Momentum,2.4,21.4
2026-07-02T15:19:20.777851+00:00,ETH/USDT,NO TRADE,PASS,PASS,FAIL,PASS,Momentum,0.8,21.8
2026-07-02T15:19:21.755415+00:00,SOL/USDT,NO TRADE,PASS,FAIL,PASS,FAIL,Structure,0.5,20.5
2026-07-02T15:19:23.162563+00:00,BNB/USDT,NO TRADE,PASS,PASS,FAIL,PASS,Momentum,0.4,24.4
2026-07-02T15:19:23.942870+00:00,XRP/USDT,NO TRADE,PASS,FAIL,FAIL,PASS,Momentum,2.4,19.4
2026-07-02T15:19:25.003271+00:00,LINK/USDT,NO TRADE,PASS,FAIL,FAIL,PASS,Momentum,1.3,20.3
2026-07-02T15:19:25.884866+00:00,ADA/USDT,NO TRADE,PASS,FAIL,PASS,FAIL,Risk,3.5,24.5
2026-07-02T15:19:28.086061+00:00,AVAX/USDT,NO TRADE,PASS,PASS,PASS,FAIL,Risk,0.0,20.0
2026-07-02T15:19:28.958963+00:00,DOGE/USDT,NO TRADE,PASS,PASS,FAIL,PASS,Momentum,1.4,24.4
2026-07-02T15:24:32.544860+00:00,BTC/USDT,NO TRADE,PASS,PASS,FAIL,PASS,Momentum,1.6,23.6
2026-07-02T15:24:33.700110+00:00,ETH/USDT,NO TRADE,PASS,PASS,FAIL,PASS,Momentum,0.8,21.8
2026-07-02T15:24:34.479754+00:00,SOL/USDT,NO TRADE,PASS,FAIL,PASS,FAIL,Risk,5.5,26.5
2026-07-02T15:24:35.407482+00:00,BNB/USDT,NO TRADE,PASS,PASS,FAIL,PASS,Momentum,0.4,24.4
2026-07-02T15:24:36.178003+00:00,XRP/USDT,NO TRADE,PASS,FAIL,FAIL,PASS,Momentum,1.6,19.6
2026-07-02T15:24:37.104088+00:00,LINK/USDT,NO TRADE,PASS,PASS,FAIL,PASS,Momentum,0.8,21.8
2026-07-02T15:24:37.873234+00:00,ADA/USDT,NO TRADE,PASS,FAIL,PASS,FAIL,Risk,3.5,24.5
2026-07-02T15:24:38.633195+00:00,AVAX/USDT,NO TRADE,PASS,PASS,PASS,FAIL,Risk,0.0,20.0
2026-07-02T15:24:39.578759+00:00,DOGE/USDT,NO TRADE,PASS,PASS,FAIL,PASS,Momentum,1.4,26.4
2026-07-02T15:29:42.999975+00:00,BTC/USDT,NO TRADE,PASS,PASS,FAIL,PASS,Momentum,1.6,23.6
2026-07-02T15:29:44.168665+00:00,ETH/USDT,NO TRADE,PASS,PASS,FAIL,PASS,Momentum,0.8,21.8
2026-07-02T15:29:44.948907+00:00,SOL/USDT,NO TRADE,PASS,FAIL,PASS,FAIL,Risk,5.5,26.5
2026-07-02T15:29:45.725975+00:00,BNB/USDT,NO TRADE,PASS,PASS,FAIL,PASS,Momentum,0.4,24.4
2026-07-02T15:29:46.687192+00:00,XRP/USDT,NO TRADE,PASS,FAIL,FAIL,PASS,Momentum,1.6,19.6
2026-07-02T15:29:47.460627+00:00,LINK/USDT,NO TRADE,PASS,PASS,FAIL,PASS,Momentum,0.8,21.8
2026-07-02T15:29:48.287518+00:00,ADA/USDT,NO TRADE,PASS,FAIL,PASS,FAIL,Risk,3.5,24.5
2026-07-02T15:29:49.050938+00:00,AVAX/USDT,NO TRADE,PASS,PASS,PASS,FAIL,Risk,0.0,20.0
2026-07-02T15:29:49.922693+00:00,DOGE/USDT,NO TRADE,PASS,PASS,FAIL,PASS,Momentum,1.4,26.4
2026-07-02T15:34:53.068896+00:00,BTC/USDT,NO TRADE,PASS,PASS,FAIL,PASS,Momentum,1.6,23.6
2026-07-02T15:34:53.991882+00:00,ETH/USDT,NO TRADE,PASS,PASS,FAIL,PASS,Momentum,0.8,21.8
2026-07-02T15:34:54.805566+00:00,SOL/USDT,NO TRADE,PASS,FAIL,PASS,FAIL,Risk,5.5,26.5
2026-07-02T15:34:55.566964+00:00,BNB/USDT,SETUP,PASS,PASS,FAIL,PASS,Momentum,0.4,26.4
2026-07-02T15:34:56.968297+00:00,XRP/USDT,NO TRADE,PASS,FAIL,FAIL,PASS,Momentum,1.6,19.6
2026-07-02T15:34:57.740546+00:00,LINK/USDT,NO TRADE,PASS,PASS,FAIL,PASS,Momentum,0.8,21.8
2026-07-02T15:34:58.683001+00:00,ADA/USDT,NO TRADE,PASS,FAIL,PASS,FAIL,Risk,5.25,26.25
2026-07-02T15:34:59.471308+00:00,AVAX/USDT,NO TRADE,PASS,PASS,PASS,FAIL,Risk,0.0,20.0
2026-07-02T15:35:00.303885+00:00,DOGE/USDT,NO TRADE,PASS,PASS,FAIL,PASS,Momentum,1.4,26.4
2026-07-02T15:40:02.529900+00:00,BTC/USDT,NO TRADE,PASS,PASS,FAIL,PASS,Momentum,1.6,21.6
2026-07-02T15:40:03.534641+00:00,ETH/USDT,NO TRADE,PASS,PASS,FAIL,PASS,Momentum,0.8,21.8
2026-07-02T15:40:04.492959+00:00,SOL/USDT,NO TRADE,PASS,FAIL,PASS,FAIL,Risk,5.5,26.5
2026-07-02T15:40:05.279707+00:00,BNB/USDT,NO TRADE,PASS,PASS,FAIL,PASS,Momentum,0.4,24.4
2026-07-02T15:40:06.065429+00:00,XRP/USDT,NO TRADE,PASS,FAIL,FAIL,PASS,Momentum,1.6,19.6
2026-07-02T15:40:06.857867+00:00,LINK/USDT,NO TRADE,PASS,PASS,FAIL,PASS,Momentum,0.8,21.8
2026-07-02T15:40:07.713632+00:00,ADA/USDT,NO TRADE,PASS,FAIL,PASS,FAIL,Risk,5.25,26.25
2026-07-02T15:40:08.512161+00:00,AVAX/USDT,NO TRADE,PASS,PASS,PASS,FAIL,Risk,0.0,20.0
2026-07-02T15:40:09.392577+00:00,DOGE/USDT,NO TRADE,PASS,PASS,FAIL,PASS,Momentum,1.4,26.4
2026-07-02T15:45:11.695289+00:00,BTC/USDT,NO TRADE,PASS,PASS,FAIL,PASS,Momentum,1.6,23.6
2026-07-02T15:45:12.841678+00:00,ETH/USDT,NO TRADE,PASS,PASS,FAIL,PASS,Momentum,0.8,22.8
2026-07-02T15:45:13.609985+00:00,SOL/USDT,NO TRADE,PASS,FAIL,PASS,FAIL,Risk,5.5,26.5
2026-07-02T15:45:14.373657+00:00,BNB/USDT,SETUP,PASS,PASS,FAIL,PASS,Momentum,0.4,26.4
2026-07-02T15:45:15.152128+00:00,XRP/USDT,NO TRADE,PASS,PASS,FAIL,PASS,Momentum,1.6,21.6
2026-07-02T15:45:16.200562+00:00,LINK/USDT,NO TRADE,PASS,PASS,FAIL,PASS,Momentum,0.8,21.8
2026-07-02T15:45:17.172055+00:00,ADA/USDT,NO TRADE,PASS,FAIL,PASS,FAIL,Risk,5.25,26.25
2026-07-02T15:45:18.353207+00:00,AVAX/USDT,NO TRADE,PASS,FAIL,PASS,FAIL,Structure,0.5,20.5
2026-07-02T15:45:19.192413+00:00,DOGE/USDT,NO TRADE,PASS,PASS,FAIL,PASS,Momentum,1.4,25.4
2026-07-02T15:50:21.897422+00:00,BTC/USDT,NO TRADE,PASS,PASS,FAIL,PASS,Momentum,2.4,21.4
2026-07-02T15:50:22.849175+00:00,ETH/USDT,NO TRADE,PASS,PASS,FAIL,PASS,Momentum,0.8,21.8
2026-07-02T15:50:23.613168+00:00,SOL/USDT,NO TRADE,PASS,FAIL,PASS,FAIL,Risk,5.5,26.5
2026-07-02T15:50:24.395953+00:00,BNB/USDT,NO TRADE,PASS,PASS,FAIL,PASS,Momentum,0.4,24.4
2026-07-02T15:50:25.251796+00:00,XRP/USDT,NO TRADE,PASS,FAIL,FAIL,PASS,Momentum,1.6,19.6
2026-07-02T15:50:26.676566+00:00,LINK/USDT,NO TRADE,PASS,PASS,FAIL,PASS,Momentum,0.8,21.8
2026-07-02T15:50:28.202884+00:00,ADA/USDT,NO TRADE,PASS,FAIL,PASS,FAIL,Risk,3.5,24.5
2026-07-02T15:50:29.355214+00:00,AVAX/USDT,NO TRADE,PASS,PASS,PASS,FAIL,Risk,0.0,20.0
2026-07-02T15:50:30.488175+00:00,DOGE/USDT,NO TRADE,PASS,PASS,FAIL,PASS,Momentum,1.4,26.4
2026-07-02T15:55:33.545827+00:00,BTC/USDT,NO TRADE,PASS,PASS,FAIL,PASS,Momentum,2.4,21.4
2026-07-02T15:55:35.386626+00:00,ETH/USDT,NO TRADE,PASS,PASS,FAIL,PASS,Momentum,0.8,21.8
2026-07-02T15:55:36.901326+00:00,SOL/USDT,NO TRADE,PASS,FAIL,PASS,FAIL,Risk,5.5,26.5
2026-07-02T15:55:37.994231+00:00,BNB/USDT,NO TRADE,PASS,PASS,FAIL,PASS,Momentum,0.4,24.4
2026-07-02T15:55:38.915664+00:00,XRP/USDT,NO TRADE,PASS,FAIL,FAIL,PASS,Momentum,1.6,19.6
2026-07-02T15:55:39.992705+00:00,LINK/USDT,NO TRADE,PASS,PASS,FAIL,PASS,Momentum,0.8,21.8
2026-07-02T15:55:40.742630+00:00,ADA/USDT,NO TRADE,PASS,FAIL,PASS,FAIL,Risk,5.25,26.25
2026-07-02T15:55:41.489843+00:00,AVAX/USDT,NO TRADE,PASS,PASS,PASS,FAIL,Risk,0.0,20.0
2026-07-02T15:55:42.526442+00:00,DOGE/USDT,NO TRADE,PASS,PASS,FAIL,PASS,Momentum,1.4,26.4
2026-07-02T16:00:46.308844+00:00,BTC/USDT,NO TRADE,PASS,PASS,FAIL,PASS,Momentum,2.4,21.4
2026-07-02T16:00:47.265413+00:00,ETH/USDT,NO TRADE,PASS,FAIL,PASS,FAIL,Risk,3.5,24.5
2026-07-02T16:00:48.334003+00:00,SOL/USDT,NO TRADE,PASS,FAIL,PASS,FAIL,Risk,5.5,26.5
2026-07-02T16:00:49.342713+00:00,BNB/USDT,NO TRADE,PASS,PASS,FAIL,PASS,Momentum,0.4,24.4
2026-07-02T16:00:50.715091+00:00,XRP/USDT,NO TRADE,PASS,FAIL,FAIL,PASS,Momentum,1.6,19.6
2026-07-02T16:00:51.559644+00:00,LINK/USDT,NO TRADE,PASS,FAIL,PASS,FAIL,Risk,3.5,24.5
2026-07-02T16:00:52.299240+00:00,ADA/USDT,NO TRADE,PASS,FAIL,PASS,FAIL,Risk,5.25,26.25
2026-07-02T16:00:53.542487+00:00,AVAX/USDT,NO TRADE,PASS,PASS,PASS,FAIL,Risk,0.0,20.0
2026-07-02T16:00:54.392858+00:00,DOGE/USDT,NO TRADE,PASS,PASS,FAIL,PASS,Momentum,1.4,26.4
2026-07-02T16:05:59.261820+00:00,BTC/USDT,NO TRADE,PASS,PASS,FAIL,PASS,Momentum,2.4,21.4
2026-07-02T16:06:00.227632+00:00,ETH/USDT,NO TRADE,PASS,FAIL,PASS,FAIL,Risk,3.5,24.5
2026-07-02T16:06:00.970119+00:00,SOL/USDT,NO TRADE,PASS,FAIL,PASS,FAIL,Risk,5.5,26.5
2026-07-02T16:06:02.809425+00:00,BNB/USDT,SETUP,PASS,PASS,FAIL,PASS,Momentum,0.4,26.4
2026-07-02T16:06:03.615595+00:00,XRP/USDT,NO TRADE,PASS,PASS,FAIL,PASS,Momentum,1.6,21.6
2026-07-02T16:06:05.105588+00:00,LINK/USDT,NO TRADE,PASS,FAIL,PASS,FAIL,Risk,3.5,24.5
2026-07-02T16:06:05.940945+00:00,ADA/USDT,NO TRADE,PASS,FAIL,PASS,FAIL,Risk,5.25,26.25
2026-07-02T16:06:07.193651+00:00,AVAX/USDT,NO TRADE,PASS,PASS,PASS,FAIL,Risk,0.0,20.0
2026-07-02T16:06:08.193835+00:00,DOGE/USDT,NO TRADE,PASS,PASS,FAIL,PASS,Momentum,1.4,26.4
2026-07-02T16:11:12.098186+00:00,BTC/USDT,NO TRADE,PASS,PASS,FAIL,PASS,Momentum,1.6,23.6
2026-07-02T16:11:13.326893+00:00,ETH/USDT,NO TRADE,PASS,FAIL,PASS,FAIL,Risk,3.5,24.5
2026-07-02T16:11:15.388916+00:00,SOL/USDT,NO TRADE,PASS,FAIL,PASS,FAIL,Risk,5.5,26.5
2026-07-02T16:11:16.197022+00:00,BNB/USDT,SETUP,PASS,PASS,FAIL,PASS,Momentum,0.4,26.4
2026-07-02T16:11:17.254756+00:00,XRP/USDT,NO TRADE,PASS,PASS,FAIL,PASS,Momentum,1.6,21.6
2026-07-02T16:11:18.220574+00:00,LINK/USDT,NO TRADE,PASS,FAIL,PASS,FAIL,Risk,3.5,24.5
2026-07-02T16:11:20.085129+00:00,ADA/USDT,NO TRADE,PASS,FAIL,PASS,FAIL,Risk,5.25,26.25
2026-07-02T16:11:20.987453+00:00,AVAX/USDT,NO TRADE,PASS,PASS,PASS,FAIL,Risk,0.0,20.0
2026-07-02T16:11:21.892468+00:00,DOGE/USDT,NO TRADE,PASS,PASS,FAIL,PASS,Momentum,1.4,26.4
2026-07-02T16:16:24.348295+00:00,BTC/USDT,NO TRADE,PASS,PASS,FAIL,PASS,Momentum,2.4,21.4
2026-07-02T16:16:25.695312+00:00,ETH/USDT,NO TRADE,PASS,FAIL,PASS,FAIL,Risk,3.5,24.5
2026-07-02T16:16:26.581823+00:00,SOL/USDT,NO TRADE,PASS,FAIL,PASS,FAIL,Risk,5.5,26.5
2026-07-02T16:16:27.456059+00:00,BNB/USDT,NO TRADE,PASS,PASS,FAIL,PASS,Momentum,0.4,24.4
2026-07-02T16:16:28.233843+00:00,XRP/USDT,NO TRADE,PASS,FAIL,FAIL,PASS,Momentum,2.4,19.4
2026-07-02T16:16:29.079164+00:00,LINK/USDT,NO TRADE,PASS,FAIL,PASS,FAIL,Risk,3.5,24.5
2026-07-02T16:16:30.031855+00:00,ADA/USDT,NO TRADE,PASS,FAIL,PASS,FAIL,Risk,5.25,26.25
2026-07-02T16:16:30.848000+00:00,AVAX/USDT,NO TRADE,PASS,PASS,PASS,FAIL,Risk,0.0,20.0
2026-07-02T16:16:31.773660+00:00,DOGE/USDT,NO TRADE,PASS,PASS,FAIL,PASS,Momentum,1.4,26.4
2026-07-02T16:21:35.334851+00:00,BTC/USDT,NO TRADE,PASS,PASS,FAIL,PASS,Momentum,2.4,21.4
2026-07-02T16:21:36.109112+00:00,ETH/USDT,NO TRADE,PASS,FAIL,PASS,FAIL,Risk,3.5,24.5
2026-07-02T16:21:36.892043+00:00,SOL/USDT,NO TRADE,PASS,FAIL,PASS,FAIL,Structure,2.5,22.5
2026-07-02T16:21:37.681573+00:00,BNB/USDT,NO TRADE,PASS,PASS,FAIL,PASS,Momentum,0.4,24.4
2026-07-02T16:21:38.469631+00:00,XRP/USDT,NO TRADE,PASS,FAIL,FAIL,PASS,Momentum,2.4,19.4
2026-07-02T16:21:39.246887+00:00,LINK/USDT,NO TRADE,PASS,PASS,FAIL,PASS,Momentum,0.8,21.8
2026-07-02T16:21:40.705771+00:00,ADA/USDT,NO TRADE,PASS,FAIL,PASS,FAIL,Risk,3.5,24.5
2026-07-02T16:21:41.523275+00:00,AVAX/USDT,NO TRADE,PASS,PASS,PASS,FAIL,Risk,0.0,20.0
2026-07-02T16:21:42.876665+00:00,DOGE/USDT,NO TRADE,PASS,PASS,FAIL,PASS,Momentum,1.4,26.4
2026-07-02T16:26:46.658859+00:00,BTC/USDT,NO TRADE,PASS,PASS,FAIL,PASS,Momentum,2.4,21.4
2026-07-02T16:26:47.484827+00:00,ETH/USDT,NO TRADE,PASS,FAIL,PASS,FAIL,Risk,3.5,24.5
2026-07-02T16:26:48.450380+00:00,SOL/USDT,NO TRADE,PASS,FAIL,PASS,FAIL,Structure,2.5,22.5
2026-07-02T16:26:49.273092+00:00,BNB/USDT,NO TRADE,PASS,FAIL,FAIL,PASS,Momentum,0.4,22.4
2026-07-02T16:26:50.250594+00:00,XRP/USDT,NO TRADE,PASS,FAIL,FAIL,PASS,Momentum,2.4,19.4
2026-07-02T16:26:51.223148+00:00,LINK/USDT,NO TRADE,PASS,FAIL,FAIL,PASS,Momentum,1.3,20.3
2026-07-02T16:26:52.098071+00:00,ADA/USDT,NO TRADE,PASS,FAIL,PASS,FAIL,Risk,3.5,24.5
2026-07-02T16:26:52.912376+00:00,AVAX/USDT,NO TRADE,PASS,PASS,PASS,FAIL,Risk,0.0,20.0
2026-07-02T16:26:53.734844+00:00,DOGE/USDT,NO TRADE,PASS,PASS,FAIL,PASS,Momentum,1.4,26.4
2026-07-02T16:31:57.070696+00:00,BTC/USDT,NO TRADE,FAIL,FAIL,FAIL,FAIL,Trend,0.0,0.0
2026-07-02T16:31:57.946429+00:00,ETH/USDT,NO TRADE,PASS,PASS,PASS,FAIL,Risk,3.0,24.0
2026-07-02T16:31:58.830575+00:00,SOL/USDT,NO TRADE,PASS,FAIL,PASS,FAIL,Structure,2.5,22.5
2026-07-02T16:31:59.597557+00:00,BNB/USDT,NO TRADE,PASS,FAIL,FAIL,PASS,Momentum,0.4,22.4
2026-07-02T16:32:00.466425+00:00,XRP/USDT,NO TRADE,PASS,FAIL,FAIL,PASS,Momentum,2.4,19.4
2026-07-02T16:32:01.772734+00:00,LINK/USDT,NO TRADE,PASS,FAIL,FAIL,PASS,Momentum,1.3,20.3
2026-07-02T16:32:02.610049+00:00,ADA/USDT,NO TRADE,PASS,FAIL,PASS,FAIL,Risk,3.5,24.5
2026-07-02T16:32:04.913309+00:00,AVAX/USDT,NO TRADE,PASS,PASS,PASS,FAIL,Risk,0.0,20.0
2026-07-02T16:32:06.297026+00:00,DOGE/USDT,NO TRADE,PASS,PASS,FAIL,PASS,Momentum,1.4,24.4
2026-07-02T16:37:10.390773+00:00,BTC/USDT,NO TRADE,FAIL,FAIL,FAIL,FAIL,Trend,0.0,0.0
2026-07-02T16:37:11.353102+00:00,ETH/USDT,NO TRADE,PASS,PASS,PASS,FAIL,Risk,3.0,24.0
2026-07-02T16:37:13.088611+00:00,SOL/USDT,NO TRADE,PASS,FAIL,PASS,FAIL,Structure,0.5,20.5
2026-07-02T16:37:14.727316+00:00,BNB/USDT,NO TRADE,PASS,FAIL,FAIL,PASS,Momentum,0.4,22.4
2026-07-02T16:37:15.983037+00:00,XRP/USDT,NO TRADE,PASS,FAIL,FAIL,PASS,Momentum,2.4,19.4
2026-07-02T16:37:16.994825+00:00,LINK/USDT,NO TRADE,PASS,FAIL,FAIL,PASS,Momentum,1.3,20.3
2026-07-02T16:37:18.775654+00:00,ADA/USDT,NO TRADE,PASS,FAIL,PASS,FAIL,Risk,3.5,24.5
2026-07-02T16:37:19.713490+00:00,AVAX/USDT,NO TRADE,PASS,PASS,PASS,FAIL,Risk,0.0,20.0
2026-07-02T16:37:21.033555+00:00,DOGE/USDT,NO TRADE,PASS,PASS,FAIL,PASS,Momentum,1.4,24.4
2026-07-02T16:42:25.156647+00:00,BTC/USDT,NO TRADE,PASS,PASS,FAIL,PASS,Momentum,2.4,21.4
2026-07-02T16:42:26.287965+00:00,ETH/USDT,NO TRADE,PASS,FAIL,PASS,FAIL,Risk,3.5,24.5
2026-07-02T16:42:27.409519+00:00,SOL/USDT,NO TRADE,PASS,FAIL,PASS,FAIL,Structure,0.5,20.5
2026-07-02T16:42:28.451639+00:00,BNB/USDT,NO TRADE,PASS,FAIL,FAIL,PASS,Momentum,0.4,22.4
2026-07-02T16:42:29.706716+00:00,XRP/USDT,NO TRADE,PASS,FAIL,FAIL,PASS,Momentum,2.4,19.4
2026-07-02T16:42:30.900963+00:00,LINK/USDT,NO TRADE,PASS,FAIL,FAIL,PASS,Momentum,1.3,20.3
2026-07-02T16:42:31.760957+00:00,ADA/USDT,NO TRADE,PASS,FAIL,PASS,FAIL,Risk,3.5,24.5
2026-07-02T16:42:32.766165+00:00,AVAX/USDT,NO TRADE,PASS,PASS,PASS,FAIL,Risk,0.0,20.0
2026-07-02T16:42:33.815093+00:00,DOGE/USDT,NO TRADE,PASS,PASS,FAIL,PASS,Momentum,1.4,24.4
2026-07-02T16:47:39.032706+00:00,BTC/USDT,NO TRADE,PASS,PASS,FAIL,PASS,Momentum,2.4,21.4
2026-07-02T16:47:40.682030+00:00,ETH/USDT,NO TRADE,PASS,FAIL,PASS,FAIL,Risk,3.5,24.5
2026-07-02T16:47:41.694534+00:00,SOL/USDT,NO TRADE,PASS,FAIL,PASS,FAIL,Structure,0.5,20.5
2026-07-02T16:47:42.793857+00:00,BNB/USDT,NO TRADE,PASS,PASS,FAIL,PASS,Momentum,0.4,24.4
2026-07-02T16:47:43.699214+00:00,XRP/USDT,NO TRADE,PASS,FAIL,FAIL,PASS,Momentum,2.4,19.4
2026-07-02T16:47:44.948016+00:00,LINK/USDT,NO TRADE,PASS,PASS,FAIL,PASS,Momentum,0.8,21.8
2026-07-02T16:47:46.651622+00:00,ADA/USDT,NO TRADE,PASS,FAIL,PASS,FAIL,Risk,3.5,24.5
2026-07-02T16:47:47.905512+00:00,AVAX/USDT,NO TRADE,PASS,PASS,PASS,FAIL,Risk,0.0,20.0
2026-07-02T16:47:49.043106+00:00,DOGE/USDT,NO TRADE,PASS,PASS,FAIL,PASS,Momentum,1.4,26.4
2026-07-02T16:52:52.143139+00:00,BTC/USDT,NO TRADE,PASS,PASS,FAIL,PASS,Momentum,1.6,23.6
2026-07-02T16:52:53.020055+00:00,ETH/USDT,NO TRADE,PASS,FAIL,PASS,FAIL,Risk,3.5,24.5
2026-07-02T16:52:53.795087+00:00,SOL/USDT,NO TRADE,PASS,FAIL,PASS,FAIL,Structure,2.5,22.5
2026-07-02T16:52:54.580843+00:00,BNB/USDT,NO TRADE,PASS,PASS,FAIL,PASS,Momentum,0.4,24.4
2026-07-02T16:52:55.906812+00:00,XRP/USDT,NO TRADE,PASS,FAIL,FAIL,PASS,Momentum,1.6,19.6
2026-07-02T16:52:57.447504+00:00,LINK/USDT,NO TRADE,PASS,FAIL,PASS,FAIL,Risk,3.5,24.5
2026-07-02T16:52:58.470225+00:00,ADA/USDT,NO TRADE,PASS,FAIL,PASS,FAIL,Risk,3.5,24.5
2026-07-02T16:53:00.123526+00:00,AVAX/USDT,NO TRADE,PASS,PASS,PASS,FAIL,Risk,0.0,20.0
2026-07-02T16:53:01.298919+00:00,DOGE/USDT,NO TRADE,PASS,PASS,FAIL,PASS,Momentum,1.4,26.4
2026-07-02T16:58:03.780056+00:00,BTC/USDT,NO TRADE,PASS,PASS,FAIL,PASS,Momentum,2.4,21.4
2026-07-02T16:58:04.883669+00:00,ETH/USDT,NO TRADE,PASS,FAIL,PASS,FAIL,Risk,3.5,24.5
2026-07-02T16:58:06.072845+00:00,SOL/USDT,NO TRADE,PASS,FAIL,PASS,FAIL,Structure,2.5,22.5
2026-07-02T16:58:07.295640+00:00,BNB/USDT,NO TRADE,PASS,PASS,FAIL,PASS,Momentum,0.4,24.4
2026-07-02T16:58:08.453291+00:00,XRP/USDT,NO TRADE,PASS,FAIL,FAIL,PASS,Momentum,2.4,19.4
2026-07-02T16:58:09.442382+00:00,LINK/USDT,NO TRADE,PASS,PASS,FAIL,PASS,Momentum,0.8,21.8
2026-07-02T16:58:10.495846+00:00,ADA/USDT,NO TRADE,PASS,FAIL,PASS,FAIL,Risk,3.5,24.5
2026-07-02T16:58:11.387071+00:00,AVAX/USDT,NO TRADE,PASS,PASS,PASS,FAIL,Risk,0.0,20.0
2026-07-02T16:58:12.491139+00:00,DOGE/USDT,NO TRADE,PASS,PASS,FAIL,PASS,Momentum,1.4,24.4
2026-07-02T17:03:14.783577+00:00,BTC/USDT,NO TRADE,PASS,PASS,FAIL,PASS,Momentum,2.4,21.4
2026-07-02T17:03:15.778123+00:00,ETH/USDT,NO TRADE,PASS,FAIL,PASS,FAIL,Risk,3.5,24.5
2026-07-02T17:03:16.589520+00:00,SOL/USDT,NO TRADE,PASS,FAIL,PASS,FAIL,Structure,2.5,20.5
2026-07-02T17:03:17.482755+00:00,BNB/USDT,NO TRADE,PASS,PASS,FAIL,PASS,Momentum,0.4,24.4
2026-07-02T17:03:18.917660+00:00,XRP/USDT,NO TRADE,PASS,FAIL,FAIL,PASS,Momentum,2.4,19.4
2026-07-02T17:03:20.866635+00:00,LINK/USDT,NO TRADE,PASS,FAIL,FAIL,PASS,Momentum,1.3,20.3
2026-07-02T17:03:22.571384+00:00,ADA/USDT,NO TRADE,PASS,FAIL,PASS,FAIL,Risk,3.5,24.5
2026-07-02T17:03:23.725535+00:00,AVAX/USDT,NO TRADE,PASS,PASS,PASS,FAIL,Risk,0.0,20.0
2026-07-02T17:03:24.796834+00:00,DOGE/USDT,NO TRADE,PASS,PASS,FAIL,PASS,Momentum,1.4,24.4
2026-07-02T17:08:27.472625+00:00,BTC/USDT,NO TRADE,PASS,PASS,FAIL,PASS,Momentum,1.6,23.6
2026-07-02T17:08:28.256554+00:00,ETH/USDT,NO TRADE,PASS,FAIL,PASS,FAIL,Risk,3.5,24.5
2026-07-02T17:08:29.092998+00:00,SOL/USDT,NO TRADE,FAIL,FAIL,FAIL,FAIL,Trend,0.0,0.0
2026-07-02T17:08:30.580229+00:00,BNB/USDT,NO TRADE,PASS,PASS,FAIL,PASS,Momentum,0.4,24.4
2026-07-02T17:08:31.429728+00:00,XRP/USDT,NO TRADE,PASS,FAIL,FAIL,PASS,Momentum,2.4,19.4
2026-07-02T17:08:32.237504+00:00,LINK/USDT,NO TRADE,PASS,PASS,FAIL,PASS,Momentum,0.8,21.8
2026-07-02T17:08:33.796014+00:00,ADA/USDT,NO TRADE,PASS,FAIL,PASS,FAIL,Risk,3.5,24.5
2026-07-02T17:08:34.818711+00:00,AVAX/USDT,NO TRADE,PASS,PASS,PASS,FAIL,Risk,0.0,20.0
2026-07-02T17:08:36.018250+00:00,DOGE/USDT,NO TRADE,PASS,PASS,FAIL,PASS,Momentum,1.4,24.4
2026-07-02T17:13:38.161639+00:00,BTC/USDT,NO TRADE,PASS,PASS,FAIL,PASS,Momentum,1.6,23.6
2026-07-02T17:13:39.058412+00:00,ETH/USDT,NO TRADE,PASS,FAIL,PASS,FAIL,Risk,3.5,24.5
2026-07-02T17:13:39.825942+00:00,SOL/USDT,NO TRADE,PASS,FAIL,PASS,FAIL,Risk,5.5,26.5
2026-07-02T17:13:41.263431+00:00,BNB/USDT,NO TRADE,PASS,PASS,FAIL,PASS,Momentum,0.4,24.4
2026-07-02T17:13:42.241189+00:00,XRP/USDT,NO TRADE,PASS,FAIL,FAIL,PASS,Momentum,2.4,19.4
2026-07-02T17:13:43.066946+00:00,LINK/USDT,NO TRADE,PASS,PASS,FAIL,PASS,Momentum,0.8,21.8
2026-07-02T17:13:43.857825+00:00,ADA/USDT,NO TRADE,PASS,FAIL,PASS,FAIL,Risk,3.5,24.5
2026-07-02T17:13:45.231248+00:00,AVAX/USDT,NO TRADE,PASS,PASS,PASS,FAIL,Risk,0.0,20.0
2026-07-02T17:13:46.611661+00:00,DOGE/USDT,NO TRADE,PASS,PASS,FAIL,PASS,Momentum,1.4,24.4
2026-07-02T17:18:48.877951+00:00,BTC/USDT,NO TRADE,PASS,PASS,FAIL,PASS,Momentum,1.6,23.6
2026-07-02T17:18:49.761080+00:00,ETH/USDT,NO TRADE,PASS,FAIL,PASS,FAIL,Risk,3.5,24.5
2026-07-02T17:18:50.583100+00:00,SOL/USDT,NO TRADE,PASS,FAIL,PASS,FAIL,Risk,5.5,26.5
2026-07-02T17:18:51.387740+00:00,BNB/USDT,NO TRADE,PASS,PASS,FAIL,PASS,Momentum,0.4,24.4
2026-07-02T17:18:52.209057+00:00,XRP/USDT,NO TRADE,PASS,FAIL,FAIL,PASS,Momentum,2.4,19.4
2026-07-02T17:18:53.112627+00:00,LINK/USDT,NO TRADE,PASS,PASS,FAIL,PASS,Momentum,0.8,21.8
2026-07-02T17:18:53.894842+00:00,ADA/USDT,NO TRADE,PASS,FAIL,PASS,FAIL,Risk,3.5,24.5
2026-07-02T17:18:55.834126+00:00,AVAX/USDT,NO TRADE,PASS,PASS,PASS,FAIL,Risk,0.0,20.0
2026-07-02T17:18:56.791770+00:00,DOGE/USDT,NO TRADE,PASS,PASS,FAIL,PASS,Momentum,1.4,26.4
2026-07-02T17:23:59.532446+00:00,BTC/USDT,NO TRADE,PASS,PASS,FAIL,PASS,Momentum,1.6,23.6
2026-07-02T17:24:01.304516+00:00,ETH/USDT,NO TRADE,PASS,FAIL,PASS,FAIL,Risk,5.25,26.25
2026-07-02T17:24:02.951306+00:00,SOL/USDT,NO TRADE,PASS,FAIL,PASS,FAIL,Risk,5.5,26.5
2026-07-02T17:24:04.465598+00:00,BNB/USDT,SETUP,PASS,PASS,FAIL,PASS,Momentum,0.4,26.4
2026-07-02T17:24:06.224808+00:00,XRP/USDT,NO TRADE,PASS,FAIL,FAIL,PASS,Momentum,2.4,19.4
2026-07-02T17:24:07.476618+00:00,LINK/USDT,NO TRADE,PASS,PASS,FAIL,PASS,Momentum,0.8,21.8
2026-07-02T17:24:08.319181+00:00,ADA/USDT,NO TRADE,PASS,FAIL,PASS,FAIL,Risk,3.5,24.5
2026-07-02T17:24:09.279643+00:00,AVAX/USDT,NO TRADE,PASS,PASS,PASS,FAIL,Risk,0.0,20.0
2026-07-02T17:24:10.779863+00:00,DOGE/USDT,NO TRADE,PASS,PASS,FAIL,PASS,Momentum,1.4,26.4
2026-07-02T17:29:13.191153+00:00,BTC/USDT,NO TRADE,PASS,PASS,FAIL,PASS,Momentum,1.6,23.6
2026-07-02T17:29:14.720211+00:00,ETH/USDT,NO TRADE,PASS,FAIL,PASS,FAIL,Risk,5.25,26.25
2026-07-02T17:29:16.123439+00:00,SOL/USDT,NO TRADE,PASS,FAIL,PASS,FAIL,Risk,5.5,26.5
2026-07-02T17:29:17.092990+00:00,BNB/USDT,NO TRADE,PASS,PASS,FAIL,PASS,Momentum,0.4,24.4
2026-07-02T17:29:18.210916+00:00,XRP/USDT,NO TRADE,PASS,FAIL,FAIL,PASS,Momentum,1.6,19.6
2026-07-02T17:29:19.130727+00:00,LINK/USDT,NO TRADE,PASS,FAIL,PASS,FAIL,Risk,3.5,24.5
2026-07-02T17:29:20.015691+00:00,ADA/USDT,NO TRADE,PASS,FAIL,PASS,FAIL,Risk,3.5,24.5
2026-07-02T17:29:20.898733+00:00,AVAX/USDT,NO TRADE,PASS,PASS,PASS,FAIL,Risk,0.0,20.0
2026-07-02T17:29:21.786878+00:00,DOGE/USDT,NO TRADE,PASS,PASS,FAIL,PASS,Momentum,1.4,26.4
2026-07-02T17:34:24.039042+00:00,BTC/USDT,NO TRADE,PASS,PASS,FAIL,PASS,Momentum,1.6,23.6
2026-07-02T17:34:24.979886+00:00,ETH/USDT,NO TRADE,PASS,FAIL,PASS,FAIL,Risk,3.5,24.5
2026-07-02T17:34:26.379133+00:00,SOL/USDT,NO TRADE,PASS,FAIL,PASS,FAIL,Risk,5.5,26.5
2026-07-02T17:34:27.705343+00:00,BNB/USDT,NO TRADE,PASS,PASS,FAIL,PASS,Momentum,0.4,24.4
2026-07-02T17:34:28.919903+00:00,XRP/USDT,NO TRADE,PASS,FAIL,FAIL,PASS,Momentum,2.4,19.4
2026-07-02T17:34:29.779887+00:00,LINK/USDT,NO TRADE,PASS,PASS,FAIL,PASS,Momentum,0.8,21.8
2026-07-02T17:34:30.603179+00:00,ADA/USDT,NO TRADE,PASS,FAIL,PASS,FAIL,Risk,3.5,24.5
2026-07-02T17:34:31.487300+00:00,AVAX/USDT,NO TRADE,PASS,PASS,PASS,FAIL,Risk,0.0,20.0
2026-07-02T17:34:32.480158+00:00,DOGE/USDT,NO TRADE,PASS,PASS,FAIL,PASS,Momentum,1.4,26.4
2026-07-02T17:39:35.497783+00:00,BTC/USDT,NO TRADE,PASS,PASS,FAIL,PASS,Momentum,1.6,23.6
2026-07-02T17:39:36.632974+00:00,ETH/USDT,NO TRADE,PASS,FAIL,PASS,FAIL,Risk,3.5,24.5
2026-07-02T17:39:37.693293+00:00,SOL/USDT,NO TRADE,FAIL,FAIL,FAIL,FAIL,Trend,0.0,0.0
2026-07-02T17:39:39.214034+00:00,BNB/USDT,NO TRADE,PASS,FAIL,FAIL,PASS,Momentum,0.4,22.4
2026-07-02T17:39:40.202203+00:00,XRP/USDT,NO TRADE,FAIL,FAIL,FAIL,FAIL,Trend,0.0,0.0
2026-07-02T17:39:41.017623+00:00,LINK/USDT,NO TRADE,PASS,FAIL,FAIL,PASS,Momentum,1.3,20.3
2026-07-02T17:39:41.996615+00:00,ADA/USDT,NO TRADE,PASS,FAIL,PASS,FAIL,Risk,3.5,24.5
2026-07-02T17:39:42.891361+00:00,AVAX/USDT,NO TRADE,PASS,PASS,PASS,FAIL,Risk,0.0,18.0
2026-07-02T17:39:44.346181+00:00,DOGE/USDT,NO TRADE,PASS,PASS,FAIL,FAIL,Momentum,1.4,20.4
2026-07-02T17:44:46.569607+00:00,BTC/USDT,NO TRADE,PASS,PASS,FAIL,PASS,Momentum,1.6,23.6
2026-07-02T17:44:47.968435+00:00,ETH/USDT,NO TRADE,PASS,FAIL,PASS,FAIL,Risk,3.5,24.5
2026-07-02T17:44:50.212052+00:00,SOL/USDT,NO TRADE,FAIL,FAIL,FAIL,FAIL,Trend,0.0,0.0
2026-07-02T17:44:52.276791+00:00,BNB/USDT,NO TRADE,PASS,PASS,FAIL,PASS,Momentum,0.4,24.4
2026-07-02T17:44:53.436966+00:00,XRP/USDT,NO TRADE,PASS,FAIL,FAIL,PASS,Momentum,2.4,19.4
2026-07-02T17:44:54.283607+00:00,LINK/USDT,NO TRADE,PASS,FAIL,FAIL,PASS,Momentum,1.3,20.3
2026-07-02T17:44:55.475104+00:00,ADA/USDT,NO TRADE,PASS,FAIL,PASS,FAIL,Risk,3.5,24.5
2026-07-02T17:44:56.404320+00:00,AVAX/USDT,NO TRADE,PASS,PASS,PASS,FAIL,Risk,0.0,20.0
2026-07-02T17:44:57.461504+00:00,DOGE/USDT,NO TRADE,PASS,PASS,FAIL,PASS,Momentum,1.4,24.4
2026-07-02T17:49:59.918306+00:00,BTC/USDT,NO TRADE,PASS,PASS,FAIL,PASS,Momentum,2.4,21.4
2026-07-02T17:50:01.445865+00:00,ETH/USDT,NO TRADE,PASS,FAIL,PASS,FAIL,Risk,3.5,24.5
2026-07-02T17:50:02.344470+00:00,SOL/USDT,NO TRADE,PASS,FAIL,PASS,FAIL,Structure,2.5,20.5
2026-07-02T17:50:03.483066+00:00,BNB/USDT,NO TRADE,PASS,FAIL,FAIL,PASS,Momentum,0.4,22.4
2026-07-02T17:50:04.277554+00:00,XRP/USDT,NO TRADE,FAIL,FAIL,FAIL,FAIL,Trend,0.0,0.0
2026-07-02T17:50:05.142123+00:00,LINK/USDT,NO TRADE,PASS,FAIL,FAIL,PASS,Momentum,1.3,20.3
2026-07-02T17:50:06.054270+00:00,ADA/USDT,NO TRADE,PASS,FAIL,PASS,FAIL,Structure,1.0,21.0
2026-07-02T17:50:07.398980+00:00,AVAX/USDT,NO TRADE,PASS,PASS,PASS,FAIL,Risk,0.0,18.0
2026-07-02T17:50:08.514738+00:00,DOGE/USDT,NO TRADE,PASS,PASS,FAIL,PASS,Momentum,1.4,24.4
2026-07-02T17:55:10.770999+00:00,BTC/USDT,NO TRADE,PASS,PASS,FAIL,PASS,Momentum,1.6,23.6
2026-07-02T17:55:11.611340+00:00,ETH/USDT,NO TRADE,PASS,FAIL,PASS,FAIL,Risk,3.5,24.5
2026-07-02T17:55:12.448093+00:00,SOL/USDT,NO TRADE,FAIL,FAIL,FAIL,FAIL,Trend,0.0,0.0
2026-07-02T17:55:13.260473+00:00,BNB/USDT,NO TRADE,PASS,FAIL,FAIL,PASS,Momentum,0.4,22.4
2026-07-02T17:55:15.239567+00:00,XRP/USDT,NO TRADE,PASS,FAIL,FAIL,PASS,Momentum,2.4,19.4
2026-07-02T17:55:16.270715+00:00,LINK/USDT,NO TRADE,PASS,FAIL,FAIL,PASS,Momentum,1.3,20.3
2026-07-02T17:55:17.835532+00:00,ADA/USDT,NO TRADE,PASS,FAIL,PASS,FAIL,Risk,3.5,24.5
2026-07-02T17:55:18.671674+00:00,AVAX/USDT,NO TRADE,PASS,PASS,PASS,FAIL,Risk,0.0,20.0
2026-07-02T17:55:19.895034+00:00,DOGE/USDT,NO TRADE,PASS,PASS,FAIL,PASS,Momentum,1.4,24.4
2026-07-02T18:00:22.261544+00:00,BTC/USDT,NO TRADE,PASS,PASS,FAIL,PASS,Momentum,2.4,21.4
2026-07-02T18:00:23.291526+00:00,ETH/USDT,NO TRADE,PASS,FAIL,PASS,FAIL,Risk,3.5,24.5
2026-07-02T18:00:24.274381+00:00,SOL/USDT,NO TRADE,PASS,FAIL,PASS,FAIL,Structure,2.5,20.5
2026-07-02T18:00:25.272535+00:00,BNB/USDT,NO TRADE,PASS,FAIL,FAIL,PASS,Momentum,0.4,22.4
2026-07-02T18:00:26.263872+00:00,XRP/USDT,NO TRADE,FAIL,FAIL,FAIL,FAIL,Trend,0.0,0.0
2026-07-02T18:00:27.166356+00:00,LINK/USDT,NO TRADE,PASS,FAIL,FAIL,PASS,Momentum,1.3,20.3
2026-07-02T18:00:27.990766+00:00,ADA/USDT,NO TRADE,PASS,FAIL,PASS,FAIL,Structure,1.0,18.0
2026-07-02T18:00:28.836076+00:00,AVAX/USDT,NO TRADE,PASS,PASS,PASS,FAIL,Risk,0.0,18.0
2026-07-02T18:00:29.751940+00:00,DOGE/USDT,NO TRADE,PASS,PASS,FAIL,PASS,Momentum,1.4,24.4
2026-07-02T18:05:32.559854+00:00,BTC/USDT,NO TRADE,PASS,PASS,FAIL,PASS,Momentum,1.6,23.6
2026-07-02T18:05:33.628361+00:00,ETH/USDT,NO TRADE,PASS,FAIL,PASS,FAIL,Risk,3.5,24.5
2026-07-02T18:05:34.717830+00:00,SOL/USDT,NO TRADE,FAIL,FAIL,FAIL,FAIL,Trend,0.0,0.0
2026-07-02T18:05:35.835785+00:00,BNB/USDT,NO TRADE,PASS,PASS,FAIL,PASS,Momentum,0.4,24.4
2026-07-02T18:05:36.803044+00:00,XRP/USDT,NO TRADE,PASS,FAIL,FAIL,PASS,Momentum,2.4,19.4
2026-07-02T18:05:37.805825+00:00,LINK/USDT,NO TRADE,PASS,FAIL,FAIL,PASS,Momentum,1.3,20.3
2026-07-02T18:05:38.898845+00:00,ADA/USDT,NO TRADE,PASS,FAIL,PASS,FAIL,Risk,3.5,21.5
2026-07-02T18:05:39.913261+00:00,AVAX/USDT,NO TRADE,PASS,PASS,PASS,FAIL,Risk,0.0,18.0
2026-07-02T18:05:41.459709+00:00,DOGE/USDT,NO TRADE,PASS,PASS,FAIL,PASS,Momentum,1.4,26.4
2026-07-02T18:10:44.078667+00:00,BTC/USDT,NO TRADE,PASS,PASS,FAIL,PASS,Momentum,1.6,23.6
2026-07-02T18:10:45.980275+00:00,ETH/USDT,NO TRADE,PASS,FAIL,PASS,FAIL,Risk,3.5,24.5
2026-07-02T18:10:47.149300+00:00,SOL/USDT,NO TRADE,FAIL,FAIL,FAIL,FAIL,Trend,0.0,0.0
2026-07-02T18:10:48.828392+00:00,BNB/USDT,NO TRADE,PASS,PASS,FAIL,PASS,Momentum,0.4,24.4
2026-07-02T18:10:50.196304+00:00,XRP/USDT,NO TRADE,PASS,FAIL,FAIL,PASS,Momentum,2.4,19.4
2026-07-02T18:10:51.176306+00:00,LINK/USDT,NO TRADE,PASS,FAIL,FAIL,PASS,Momentum,1.3,20.3
2026-07-02T18:10:52.058182+00:00,ADA/USDT,NO TRADE,PASS,FAIL,PASS,FAIL,Risk,3.5,21.5
2026-07-02T18:10:53.169448+00:00,AVAX/USDT,NO TRADE,PASS,PASS,PASS,FAIL,Risk,0.0,18.0
2026-07-02T18:10:54.399259+00:00,DOGE/USDT,NO TRADE,PASS,PASS,FAIL,PASS,Momentum,1.4,26.4
2026-07-02T18:15:57.710420+00:00,BTC/USDT,NO TRADE,PASS,PASS,FAIL,PASS,Momentum,1.6,23.6
2026-07-02T18:15:58.762335+00:00,ETH/USDT,NO TRADE,PASS,FAIL,PASS,FAIL,Risk,3.5,24.5
2026-07-02T18:16:00.378217+00:00,SOL/USDT,NO TRADE,FAIL,FAIL,FAIL,FAIL,Trend,0.0,0.0
2026-07-02T18:16:01.460038+00:00,BNB/USDT,NO TRADE,PASS,PASS,FAIL,PASS,Momentum,0.4,24.4
2026-07-02T18:16:02.725073+00:00,XRP/USDT,NO TRADE,PASS,FAIL,FAIL,PASS,Momentum,2.4,19.4
2026-07-02T18:16:03.771671+00:00,LINK/USDT,NO TRADE,PASS,FAIL,FAIL,PASS,Momentum,1.3,20.3
2026-07-02T18:16:04.812209+00:00,ADA/USDT,NO TRADE,PASS,FAIL,PASS,FAIL,Risk,3.5,21.5
2026-07-02T18:16:05.626096+00:00,AVAX/USDT,NO TRADE,PASS,PASS,PASS,FAIL,Risk,0.0,18.0
2026-07-02T18:16:06.580390+00:00,DOGE/USDT,NO TRADE,PASS,PASS,FAIL,PASS,Momentum,1.4,26.4
2026-07-02T18:25:48.028750+00:00,BTC/USDT,NO TRADE,PASS,PASS,FAIL,PASS,Momentum,1.6,23.6
2026-07-02T18:25:53.443861+00:00,ETH/USDT,NO TRADE,PASS,FAIL,PASS,FAIL,Risk,5.25,26.25
2026-07-02T18:25:57.674796+00:00,SOL/USDT,NO TRADE,FAIL,FAIL,FAIL,FAIL,Trend,0.0,0.0
2026-07-02T18:26:03.072905+00:00,BNB/USDT,NO TRADE,PASS,PASS,FAIL,PASS,Momentum,0.4,24.4
2026-07-02T18:26:06.883505+00:00,XRP/USDT,NO TRADE,PASS,FAIL,FAIL,PASS,Momentum,2.4,19.4
2026-07-02T18:26:16.644333+00:00,LINK/USDT,NO TRADE,PASS,FAIL,FAIL,PASS,Momentum,1.3,20.3
2026-07-02T18:26:19.547429+00:00,ADA/USDT,NO TRADE,PASS,FAIL,PASS,FAIL,Risk,3.5,21.5
2026-07-02T18:26:20.835830+00:00,AVAX/USDT,NO TRADE,PASS,PASS,PASS,FAIL,Risk,0.0,18.0
2026-07-02T18:26:24.399760+00:00,DOGE/USDT,NO TRADE,PASS,PASS,FAIL,PASS,Momentum,1.4,26.4
2026-07-02T18:31:36.400230+00:00,BTC/USDT,NO TRADE,PASS,PASS,FAIL,PASS,Momentum,1.6,23.6
2026-07-02T18:31:37.738924+00:00,ETH/USDT,NO TRADE,PASS,FAIL,PASS,FAIL,Risk,5.25,26.25
2026-07-02T18:31:39.063162+00:00,SOL/USDT,NO TRADE,FAIL,FAIL,FAIL,FAIL,Trend,0.0,0.0
2026-07-02T18:31:40.100069+00:00,BNB/USDT,NO TRADE,PASS,PASS,FAIL,PASS,Momentum,0.4,24.4
2026-07-02T18:31:41.075521+00:00,XRP/USDT,NO TRADE,PASS,FAIL,FAIL,PASS,Momentum,2.4,19.4
2026-07-02T18:31:42.781485+00:00,LINK/USDT,NO TRADE,PASS,PASS,FAIL,PASS,Momentum,0.8,21.8
2026-07-02T18:31:43.994417+00:00,ADA/USDT,NO TRADE,PASS,FAIL,PASS,FAIL,Risk,3.5,21.5
2026-07-02T18:31:45.644809+00:00,AVAX/USDT,NO TRADE,PASS,PASS,PASS,FAIL,Risk,0.0,18.0
2026-07-02T18:31:46.665160+00:00,DOGE/USDT,NO TRADE,PASS,PASS,FAIL,PASS,Momentum,1.4,26.4
2026-07-02T18:36:49.715229+00:00,BTC/USDT,NO TRADE,PASS,PASS,FAIL,PASS,Momentum,1.6,23.6
2026-07-02T18:36:51.092541+00:00,ETH/USDT,NO TRADE,PASS,FAIL,PASS,FAIL,Risk,5.25,26.25
2026-07-02T18:36:52.250447+00:00,SOL/USDT,NO TRADE,FAIL,FAIL,FAIL,FAIL,Trend,0.0,0.0
2026-07-02T18:36:53.416778+00:00,BNB/USDT,NO TRADE,PASS,FAIL,FAIL,PASS,Momentum,0.4,22.4
2026-07-02T18:36:54.365784+00:00,XRP/USDT,NO TRADE,PASS,FAIL,FAIL,PASS,Momentum,2.4,19.4
2026-07-02T18:36:55.541952+00:00,LINK/USDT,NO TRADE,PASS,PASS,FAIL,PASS,Momentum,0.8,21.8
2026-07-02T18:36:56.794741+00:00,ADA/USDT,NO TRADE,PASS,FAIL,PASS,FAIL,Risk,3.5,21.5
2026-07-02T18:36:57.983423+00:00,AVAX/USDT,NO TRADE,PASS,PASS,PASS,FAIL,Risk,0.0,18.0
2026-07-02T18:36:58.870955+00:00,DOGE/USDT,NO TRADE,PASS,PASS,FAIL,PASS,Momentum,1.4,26.4
2026-07-02T18:42:02.659820+00:00,BTC/USDT,NO TRADE,PASS,PASS,FAIL,PASS,Momentum,1.6,23.6
2026-07-02T18:42:03.607051+00:00,ETH/USDT,NO TRADE,PASS,FAIL,PASS,FAIL,Risk,5.25,26.25
2026-07-02T18:42:04.436208+00:00,SOL/USDT,NO TRADE,FAIL,FAIL,FAIL,FAIL,Trend,0.0,0.0
2026-07-02T18:42:05.604896+00:00,BNB/USDT,NO TRADE,PASS,FAIL,FAIL,PASS,Momentum,0.4,22.4
2026-07-02T18:42:08.003809+00:00,XRP/USDT,NO TRADE,PASS,FAIL,FAIL,PASS,Momentum,2.4,19.4
2026-07-02T18:42:08.931047+00:00,LINK/USDT,NO TRADE,PASS,PASS,FAIL,PASS,Momentum,0.8,21.8
2026-07-02T18:42:10.331281+00:00,ADA/USDT,NO TRADE,PASS,FAIL,PASS,FAIL,Risk,3.5,21.5
2026-07-02T18:42:12.985695+00:00,AVAX/USDT,NO TRADE,PASS,PASS,PASS,FAIL,Risk,0.0,18.0
2026-07-02T18:42:14.791781+00:00,DOGE/USDT,NO TRADE,PASS,PASS,FAIL,PASS,Momentum,1.4,26.4
2026-07-02T18:47:22.463228+00:00,BTC/USDT,NO TRADE,PASS,PASS,FAIL,PASS,Momentum,1.6,23.6
2026-07-02T18:47:23.392429+00:00,ETH/USDT,NO TRADE,PASS,FAIL,PASS,FAIL,Risk,5.25,26.25
2026-07-02T18:47:24.709044+00:00,SOL/USDT,NO TRADE,FAIL,FAIL,FAIL,FAIL,Trend,0.0,0.0
2026-07-02T18:47:26.190122+00:00,BNB/USDT,NO TRADE,PASS,FAIL,FAIL,PASS,Momentum,0.4,22.4
2026-07-02T18:47:27.964965+00:00,XRP/USDT,NO TRADE,PASS,FAIL,FAIL,PASS,Momentum,2.4,19.4
2026-07-02T18:47:29.494637+00:00,LINK/USDT,NO TRADE,PASS,PASS,FAIL,PASS,Momentum,0.8,21.8
2026-07-02T18:47:30.818767+00:00,ADA/USDT,NO TRADE,PASS,FAIL,PASS,FAIL,Risk,3.5,21.5
2026-07-02T18:47:32.083941+00:00,AVAX/USDT,NO TRADE,PASS,PASS,PASS,FAIL,Risk,0.0,18.0
2026-07-02T18:47:35.365010+00:00,DOGE/USDT,NO TRADE,PASS,PASS,FAIL,PASS,Momentum,1.4,26.4
2026-07-02T18:52:39.987419+00:00,BTC/USDT,NO TRADE,PASS,PASS,FAIL,PASS,Momentum,1.6,23.6
2026-07-02T18:52:41.530231+00:00,ETH/USDT,NO TRADE,PASS,FAIL,PASS,FAIL,Risk,5.25,26.25
2026-07-02T18:52:43.688225+00:00,SOL/USDT,NO TRADE,FAIL,FAIL,FAIL,FAIL,Trend,0.0,0.0
2026-07-02T18:52:44.895789+00:00,BNB/USDT,NO TRADE,PASS,FAIL,FAIL,PASS,Momentum,0.4,22.4
2026-07-02T18:52:45.867406+00:00,XRP/USDT,NO TRADE,PASS,FAIL,FAIL,PASS,Momentum,2.4,19.4
2026-07-02T18:52:47.517751+00:00,LINK/USDT,NO TRADE,PASS,PASS,FAIL,PASS,Momentum,0.8,21.8
2026-07-02T18:52:48.659083+00:00,ADA/USDT,NO TRADE,PASS,FAIL,PASS,FAIL,Risk,3.5,21.5
2026-07-02T18:52:50.213494+00:00,AVAX/USDT,NO TRADE,PASS,PASS,PASS,FAIL,Risk,0.0,18.0
2026-07-02T18:52:51.607057+00:00,DOGE/USDT,NO TRADE,PASS,PASS,FAIL,PASS,Momentum,1.4,26.4
2026-07-02T18:57:55.773617+00:00,BTC/USDT,NO TRADE,PASS,PASS,FAIL,PASS,Momentum,1.6,23.6
2026-07-02T18:57:56.687086+00:00,ETH/USDT,NO TRADE,PASS,FAIL,PASS,FAIL,Risk,3.5,24.5
2026-07-02T18:57:57.898951+00:00,SOL/USDT,NO TRADE,FAIL,FAIL,FAIL,FAIL,Trend,0.0,0.0
2026-07-02T18:57:58.939949+00:00,BNB/USDT,NO TRADE,PASS,FAIL,FAIL,PASS,Momentum,0.4,22.4
2026-07-02T18:57:59.918862+00:00,XRP/USDT,NO TRADE,FAIL,FAIL,FAIL,FAIL,Trend,0.0,0.0
2026-07-02T18:58:02.060368+00:00,LINK/USDT,NO TRADE,PASS,FAIL,FAIL,PASS,Momentum,1.3,20.3
2026-07-02T18:58:03.134849+00:00,ADA/USDT,NO TRADE,PASS,FAIL,PASS,FAIL,Risk,3.5,21.5
2026-07-02T18:58:04.621897+00:00,AVAX/USDT,NO TRADE,PASS,PASS,PASS,FAIL,Risk,0.0,18.0
2026-07-02T18:58:05.561495+00:00,DOGE/USDT,NO TRADE,PASS,PASS,FAIL,PASS,Momentum,1.4,24.4
2026-07-02T19:03:09.478329+00:00,BTC/USDT,NO TRADE,PASS,PASS,FAIL,PASS,Momentum,1.6,23.6
2026-07-02T19:03:10.867032+00:00,ETH/USDT,NO TRADE,PASS,FAIL,PASS,FAIL,Risk,5.25,26.25
2026-07-02T19:03:12.038793+00:00,SOL/USDT,NO TRADE,FAIL,FAIL,FAIL,FAIL,Trend,0.0,0.0
2026-07-02T19:03:13.120400+00:00,BNB/USDT,NO TRADE,PASS,FAIL,FAIL,PASS,Momentum,0.4,22.4
2026-07-02T19:03:15.000139+00:00,XRP/USDT,NO TRADE,FAIL,FAIL,FAIL,FAIL,Trend,0.0,0.0
2026-07-02T19:03:16.358942+00:00,LINK/USDT,NO TRADE,PASS,FAIL,FAIL,PASS,Momentum,1.3,20.3
2026-07-02T19:03:17.362494+00:00,ADA/USDT,NO TRADE,PASS,FAIL,PASS,FAIL,Risk,3.5,21.5
2026-07-02T19:03:18.401027+00:00,AVAX/USDT,NO TRADE,PASS,PASS,PASS,FAIL,Risk,0.0,18.0
2026-07-02T19:03:19.583187+00:00,DOGE/USDT,NO TRADE,PASS,PASS,FAIL,PASS,Momentum,1.4,24.4
2026-07-02T19:08:22.780680+00:00,BTC/USDT,NO TRADE,PASS,PASS,FAIL,PASS,Momentum,2.4,21.4
2026-07-02T19:08:23.697515+00:00,ETH/USDT,NO TRADE,PASS,FAIL,PASS,FAIL,Risk,3.5,24.5
2026-07-02T19:08:25.223096+00:00,SOL/USDT,NO TRADE,FAIL,FAIL,FAIL,FAIL,Trend,0.0,0.0
2026-07-02T19:08:26.310605+00:00,BNB/USDT,NO TRADE,PASS,FAIL,FAIL,PASS,Momentum,0.4,22.4
2026-07-02T19:08:27.251149+00:00,XRP/USDT,NO TRADE,FAIL,FAIL,FAIL,FAIL,Trend,0.0,0.0
2026-07-02T19:08:28.913481+00:00,LINK/USDT,NO TRADE,PASS,FAIL,FAIL,PASS,Momentum,1.3,20.3
2026-07-02T19:08:29.944416+00:00,ADA/USDT,NO TRADE,PASS,FAIL,PASS,FAIL,Risk,3.5,21.5
2026-07-02T19:08:30.964281+00:00,AVAX/USDT,NO TRADE,PASS,PASS,PASS,FAIL,Risk,0.0,18.0
2026-07-02T19:08:31.940141+00:00,DOGE/USDT,NO TRADE,PASS,PASS,FAIL,PASS,Momentum,1.4,24.4
2026-07-02T19:13:34.733517+00:00,BTC/USDT,NO TRADE,PASS,PASS,FAIL,PASS,Momentum,2.4,21.4
2026-07-02T19:13:35.888296+00:00,ETH/USDT,NO TRADE,PASS,FAIL,PASS,FAIL,Risk,3.5,24.5
2026-07-02T19:13:37.843305+00:00,SOL/USDT,NO TRADE,FAIL,FAIL,FAIL,FAIL,Trend,0.0,0.0
2026-07-02T19:13:39.913180+00:00,BNB/USDT,NO TRADE,PASS,FAIL,FAIL,PASS,Momentum,0.4,22.4
2026-07-02T19:13:40.944832+00:00,XRP/USDT,NO TRADE,FAIL,FAIL,FAIL,FAIL,Trend,0.0,0.0
2026-07-02T19:13:42.854209+00:00,LINK/USDT,NO TRADE,PASS,FAIL,FAIL,PASS,Momentum,1.3,20.3
2026-07-02T19:13:44.531202+00:00,ADA/USDT,NO TRADE,PASS,FAIL,PASS,FAIL,Risk,3.5,21.5
2026-07-02T19:13:45.480668+00:00,AVAX/USDT,NO TRADE,PASS,PASS,PASS,FAIL,Risk,0.0,18.0
2026-07-02T19:13:46.702098+00:00,DOGE/USDT,NO TRADE,PASS,PASS,FAIL,PASS,Momentum,1.4,24.4
2026-07-02T19:18:50.205883+00:00,BTC/USDT,NO TRADE,PASS,PASS,FAIL,PASS,Momentum,2.4,21.4
2026-07-02T19:18:51.144090+00:00,ETH/USDT,NO TRADE,PASS,FAIL,PASS,FAIL,Risk,3.5,24.5
2026-07-02T19:18:53.588059+00:00,SOL/USDT,NO TRADE,FAIL,FAIL,FAIL,FAIL,Trend,0.0,0.0
2026-07-02T19:18:55.284188+00:00,BNB/USDT,NO TRADE,PASS,PASS,FAIL,FAIL,Momentum,0.4,19.4
2026-07-02T19:18:56.313141+00:00,XRP/USDT,NO TRADE,FAIL,FAIL,FAIL,FAIL,Trend,0.0,0.0
2026-07-02T19:18:57.534186+00:00,LINK/USDT,NO TRADE,PASS,FAIL,FAIL,PASS,Momentum,2.9,19.9
2026-07-02T19:18:58.716557+00:00,ADA/USDT,NO TRADE,PASS,FAIL,PASS,FAIL,Structure,1.0,18.0
2026-07-02T19:18:59.801054+00:00,AVAX/USDT,NO TRADE,PASS,PASS,PASS,FAIL,Risk,0.0,18.0
2026-07-02T19:19:01.923577+00:00,DOGE/USDT,NO TRADE,PASS,PASS,FAIL,FAIL,Momentum,1.4,20.4
2026-07-02T19:24:04.967486+00:00,BTC/USDT,NO TRADE,PASS,PASS,FAIL,PASS,Momentum,2.4,21.4
2026-07-02T19:24:06.074472+00:00,ETH/USDT,NO TRADE,PASS,FAIL,PASS,FAIL,Risk,3.5,24.5
2026-07-02T19:24:07.109366+00:00,SOL/USDT,NO TRADE,FAIL,FAIL,FAIL,FAIL,Trend,0.0,0.0
2026-07-02T19:24:08.636445+00:00,BNB/USDT,NO TRADE,PASS,PASS,FAIL,FAIL,Momentum,0.4,19.4
2026-07-02T19:24:10.060152+00:00,XRP/USDT,NO TRADE,FAIL,FAIL,FAIL,FAIL,Trend,0.0,0.0
2026-07-02T19:24:11.611380+00:00,LINK/USDT,NO TRADE,PASS,FAIL,FAIL,PASS,Momentum,2.9,19.9
2026-07-02T19:24:12.909531+00:00,ADA/USDT,NO TRADE,PASS,FAIL,PASS,FAIL,Risk,3.5,21.5
2026-07-02T19:24:14.035234+00:00,AVAX/USDT,NO TRADE,PASS,PASS,PASS,FAIL,Risk,0.0,17.0
2026-07-02T19:24:15.072179+00:00,DOGE/USDT,NO TRADE,PASS,PASS,FAIL,FAIL,Momentum,1.4,20.4
2026-07-02T19:29:18.767785+00:00,BTC/USDT,NO TRADE,PASS,PASS,FAIL,PASS,Momentum,2.4,21.4
2026-07-02T19:29:20.225978+00:00,ETH/USDT,NO TRADE,PASS,FAIL,PASS,FAIL,Risk,3.5,24.5
2026-07-02T19:29:21.461146+00:00,SOL/USDT,NO TRADE,FAIL,FAIL,FAIL,FAIL,Trend,0.0,0.0
2026-07-02T19:29:22.722416+00:00,BNB/USDT,NO TRADE,PASS,PASS,FAIL,FAIL,Momentum,0.4,19.4
2026-07-02T19:29:23.933430+00:00,XRP/USDT,NO TRADE,FAIL,FAIL,FAIL,FAIL,Trend,0.0,0.0
2026-07-02T19:29:25.065782+00:00,LINK/USDT,NO TRADE,PASS,FAIL,FAIL,PASS,Momentum,2.9,19.9
2026-07-02T19:29:26.413124+00:00,ADA/USDT,NO TRADE,PASS,FAIL,PASS,FAIL,Risk,3.5,21.5
2026-07-02T19:29:27.547376+00:00,AVAX/USDT,NO TRADE,PASS,PASS,PASS,FAIL,Risk,0.0,18.0
2026-07-02T19:29:28.955164+00:00,DOGE/USDT,NO TRADE,PASS,PASS,FAIL,PASS,Momentum,1.4,24.4
2026-07-02T19:34:32.787066+00:00,BTC/USDT,NO TRADE,PASS,PASS,FAIL,PASS,Momentum,2.4,21.4
2026-07-02T19:34:34.263263+00:00,ETH/USDT,NO TRADE,PASS,FAIL,PASS,FAIL,Risk,3.5,24.5
2026-07-02T19:34:36.083064+00:00,SOL/USDT,NO TRADE,FAIL,FAIL,FAIL,FAIL,Trend,0.0,0.0
2026-07-02T19:34:37.115384+00:00,BNB/USDT,NO TRADE,PASS,PASS,FAIL,FAIL,Momentum,0.4,19.4
2026-07-02T19:34:39.135194+00:00,XRP/USDT,NO TRADE,FAIL,FAIL,FAIL,FAIL,Trend,0.0,0.0
2026-07-02T19:34:40.807963+00:00,LINK/USDT,NO TRADE,PASS,FAIL,FAIL,PASS,Momentum,2.9,19.9
2026-07-02T19:34:42.756011+00:00,ADA/USDT,NO TRADE,PASS,FAIL,PASS,FAIL,Risk,3.5,21.5
2026-07-02T19:34:44.988379+00:00,AVAX/USDT,NO TRADE,PASS,PASS,PASS,FAIL,Risk,0.0,17.0
2026-07-02T19:34:46.332462+00:00,DOGE/USDT,NO TRADE,PASS,PASS,FAIL,PASS,Momentum,1.4,24.4
2026-07-02T19:39:48.718448+00:00,BTC/USDT,NO TRADE,PASS,PASS,FAIL,PASS,Momentum,2.4,21.4
2026-07-02T19:39:49.751818+00:00,ETH/USDT,NO TRADE,PASS,FAIL,PASS,FAIL,Risk,3.5,24.5
2026-07-02T19:39:50.718701+00:00,SOL/USDT,NO TRADE,FAIL,FAIL,FAIL,FAIL,Trend,0.0,0.0
2026-07-02T19:39:52.151148+00:00,BNB/USDT,NO TRADE,PASS,PASS,FAIL,FAIL,Momentum,0.4,19.4
2026-07-02T19:39:53.353021+00:00,XRP/USDT,NO TRADE,FAIL,FAIL,FAIL,FAIL,Trend,0.0,0.0
2026-07-02T19:39:54.500606+00:00,LINK/USDT,NO TRADE,PASS,FAIL,FAIL,PASS,Momentum,2.9,19.9
2026-07-02T19:39:56.150128+00:00,ADA/USDT,NO TRADE,PASS,FAIL,PASS,FAIL,Risk,3.5,21.5
2026-07-02T19:39:57.604316+00:00,AVAX/USDT,NO TRADE,PASS,PASS,PASS,FAIL,Risk,0.0,17.0
2026-07-02T19:39:58.692221+00:00,DOGE/USDT,NO TRADE,PASS,PASS,FAIL,FAIL,Momentum,1.4,20.4
2026-07-02T19:45:03.945809+00:00,BTC/USDT,NO TRADE,PASS,PASS,FAIL,PASS,Momentum,2.4,21.4
2026-07-02T19:45:05.337683+00:00,ETH/USDT,NO TRADE,PASS,FAIL,PASS,FAIL,Risk,3.5,24.5
2026-07-02T19:45:07.240660+00:00,SOL/USDT,NO TRADE,FAIL,FAIL,FAIL,FAIL,Trend,0.0,0.0
2026-07-02T19:45:08.348964+00:00,BNB/USDT,NO TRADE,PASS,PASS,FAIL,FAIL,Momentum,0.4,19.4
2026-07-02T19:45:09.240245+00:00,XRP/USDT,NO TRADE,FAIL,FAIL,FAIL,FAIL,Trend,0.0,0.0
2026-07-02T19:45:11.057234+00:00,LINK/USDT,NO TRADE,PASS,FAIL,FAIL,PASS,Momentum,2.1,20.1
2026-07-02T19:45:12.477946+00:00,ADA/USDT,NO TRADE,PASS,FAIL,PASS,FAIL,Risk,3.5,21.5
2026-07-02T19:45:13.541265+00:00,AVAX/USDT,NO TRADE,PASS,PASS,PASS,FAIL,Risk,0.0,18.0
2026-07-02T19:45:14.987911+00:00,DOGE/USDT,NO TRADE,PASS,PASS,FAIL,PASS,Momentum,1.4,24.4
2026-07-02T19:50:17.944021+00:00,BTC/USDT,NO TRADE,PASS,PASS,FAIL,PASS,Momentum,2.4,21.4
2026-07-02T19:50:19.306496+00:00,ETH/USDT,NO TRADE,PASS,FAIL,PASS,FAIL,Risk,5.25,26.25
2026-07-02T19:50:20.392554+00:00,SOL/USDT,NO TRADE,FAIL,PASS,PASS,PASS,Trend,4.8,24.8
2026-07-02T19:50:22.019279+00:00,BNB/USDT,NO TRADE,PASS,PASS,FAIL,FAIL,Momentum,0.4,19.4
2026-07-02T19:50:23.521824+00:00,XRP/USDT,NO TRADE,FAIL,FAIL,FAIL,FAIL,Trend,0.0,0.0
2026-07-02T19:50:25.740832+00:00,LINK/USDT,NO TRADE,PASS,FAIL,FAIL,PASS,Momentum,1.3,20.3
2026-07-02T19:50:27.319513+00:00,ADA/USDT,NO TRADE,PASS,FAIL,PASS,FAIL,Risk,3.5,21.5
2026-07-02T19:50:29.107447+00:00,AVAX/USDT,NO TRADE,PASS,PASS,PASS,FAIL,Risk,0.0,18.0
2026-07-02T19:50:30.205454+00:00,DOGE/USDT,NO TRADE,PASS,PASS,FAIL,PASS,Momentum,1.4,26.4
2026-07-02T19:55:33.460104+00:00,BTC/USDT,NO TRADE,PASS,PASS,FAIL,PASS,Momentum,2.4,21.4
2026-07-02T19:55:34.953482+00:00,ETH/USDT,NO TRADE,PASS,FAIL,PASS,FAIL,Risk,3.5,24.5
2026-07-02T19:55:36.019046+00:00,SOL/USDT,NO TRADE,FAIL,FAIL,FAIL,FAIL,Trend,0.0,0.0
2026-07-02T19:55:36.963475+00:00,BNB/USDT,NO TRADE,PASS,PASS,FAIL,FAIL,Momentum,0.4,19.4
2026-07-02T19:55:38.328732+00:00,XRP/USDT,NO TRADE,FAIL,FAIL,FAIL,FAIL,Trend,0.0,0.0
2026-07-02T19:55:39.381780+00:00,LINK/USDT,NO TRADE,PASS,FAIL,FAIL,PASS,Momentum,2.1,20.1
2026-07-02T19:55:40.915826+00:00,ADA/USDT,NO TRADE,PASS,FAIL,PASS,FAIL,Risk,3.5,21.5
2026-07-02T19:55:42.279023+00:00,AVAX/USDT,NO TRADE,PASS,PASS,PASS,FAIL,Risk,0.0,17.0
2026-07-02T19:55:43.693736+00:00,DOGE/USDT,NO TRADE,PASS,PASS,FAIL,PASS,Momentum,1.4,24.4
2026-07-02T20:00:47.383508+00:00,BTC/USDT,NO TRADE,PASS,PASS,FAIL,PASS,Momentum,1.2,23.2
2026-07-02T20:00:49.059817+00:00,ETH/USDT,NO TRADE,PASS,FAIL,PASS,FAIL,Risk,3.5,24.5
2026-07-02T20:00:50.531745+00:00,SOL/USDT,NO TRADE,PASS,FAIL,PASS,FAIL,Structure,2.5,20.5
2026-07-02T20:00:51.584065+00:00,BNB/USDT,NO TRADE,PASS,PASS,PASS,FAIL,Risk,0.0,21.0
2026-07-02T20:00:53.277882+00:00,XRP/USDT,NO TRADE,PASS,FAIL,FAIL,FAIL,Momentum,1.2,17.2
2026-07-02T20:00:55.441910+00:00,LINK/USDT,NO TRADE,PASS,PASS,PASS,FAIL,Risk,3.0,21.0
2026-07-02T20:00:56.510364+00:00,ADA/USDT,NO TRADE,PASS,FAIL,PASS,FAIL,Risk,3.5,21.5
2026-07-02T20:00:57.811493+00:00,AVAX/USDT,NO TRADE,PASS,PASS,PASS,FAIL,Risk,0.0,17.0
2026-07-02T20:00:59.218662+00:00,DOGE/USDT,NO TRADE,PASS,PASS,FAIL,FAIL,Momentum,0.2,21.2
2026-07-02T20:06:01.960569+00:00,BTC/USDT,NO TRADE,PASS,PASS,FAIL,PASS,Momentum,1.2,23.2
2026-07-02T20:06:03.376160+00:00,ETH/USDT,NO TRADE,PASS,FAIL,PASS,FAIL,Risk,3.5,24.5
2026-07-02T20:06:04.530979+00:00,SOL/USDT,NO TRADE,PASS,FAIL,PASS,FAIL,Structure,2.5,20.5
2026-07-02T20:06:05.618565+00:00,BNB/USDT,NO TRADE,PASS,PASS,PASS,FAIL,Risk,0.0,21.0
2026-07-02T20:06:06.586996+00:00,XRP/USDT,NO TRADE,PASS,FAIL,FAIL,FAIL,Momentum,1.2,17.2
2026-07-02T20:06:07.966807+00:00,LINK/USDT,NO TRADE,PASS,PASS,PASS,FAIL,Risk,3.0,21.0
2026-07-02T20:06:09.128979+00:00,ADA/USDT,NO TRADE,PASS,FAIL,PASS,FAIL,Risk,3.5,21.5
2026-07-02T20:06:10.289344+00:00,AVAX/USDT,NO TRADE,PASS,PASS,PASS,FAIL,Risk,0.0,17.0
2026-07-02T20:06:11.171533+00:00,DOGE/USDT,NO TRADE,PASS,PASS,FAIL,FAIL,Momentum,0.2,21.2
2026-07-02T20:11:14.131316+00:00,BTC/USDT,NO TRADE,PASS,PASS,FAIL,PASS,Momentum,1.2,23.2
2026-07-02T20:11:14.990912+00:00,ETH/USDT,NO TRADE,PASS,FAIL,PASS,FAIL,Risk,3.5,24.5
2026-07-02T20:11:15.815391+00:00,SOL/USDT,NO TRADE,PASS,FAIL,PASS,FAIL,Structure,2.5,20.5
2026-07-02T20:11:16.988775+00:00,BNB/USDT,NO TRADE,PASS,PASS,PASS,FAIL,Risk,0.0,21.0
2026-07-02T20:11:18.157406+00:00,XRP/USDT,NO TRADE,PASS,FAIL,FAIL,FAIL,Momentum,1.2,17.2
2026-07-02T20:11:19.209331+00:00,LINK/USDT,NO TRADE,PASS,PASS,PASS,FAIL,Risk,3.0,21.0
2026-07-02T20:11:21.187974+00:00,ADA/USDT,NO TRADE,PASS,FAIL,PASS,FAIL,Risk,3.5,21.5
2026-07-02T20:11:22.462451+00:00,AVAX/USDT,NO TRADE,PASS,PASS,PASS,FAIL,Risk,0.0,17.0
2026-07-02T20:11:24.020488+00:00,DOGE/USDT,NO TRADE,PASS,PASS,FAIL,FAIL,Momentum,0.2,21.2
2026-07-02T20:16:27.316349+00:00,BTC/USDT,NO TRADE,PASS,PASS,FAIL,PASS,Momentum,1.2,23.2
2026-07-02T20:16:28.256310+00:00,ETH/USDT,NO TRADE,PASS,FAIL,PASS,FAIL,Risk,3.5,24.5
2026-07-02T20:16:29.317660+00:00,SOL/USDT,NO TRADE,FAIL,FAIL,FAIL,FAIL,Trend,0.0,0.0
2026-07-02T20:16:30.359914+00:00,BNB/USDT,NO TRADE,PASS,PASS,PASS,FAIL,Risk,0.0,21.0
2026-07-02T20:16:31.301305+00:00,XRP/USDT,NO TRADE,PASS,FAIL,FAIL,FAIL,Momentum,1.2,17.2
2026-07-02T20:16:32.428208+00:00,LINK/USDT,NO TRADE,PASS,PASS,PASS,FAIL,Risk,3.0,24.0
2026-07-02T20:16:33.467305+00:00,ADA/USDT,NO TRADE,PASS,FAIL,PASS,FAIL,Risk,3.5,21.5
2026-07-02T20:16:34.819414+00:00,AVAX/USDT,NO TRADE,PASS,PASS,PASS,FAIL,Risk,0.0,18.0
2026-07-02T20:16:35.650784+00:00,DOGE/USDT,NO TRADE,PASS,PASS,FAIL,FAIL,Momentum,0.2,21.2
2026-07-02T20:21:38.867917+00:00,BTC/USDT,NO TRADE,PASS,PASS,FAIL,PASS,Momentum,1.2,23.2
2026-07-02T20:21:39.698740+00:00,ETH/USDT,NO TRADE,PASS,FAIL,PASS,FAIL,Risk,3.5,24.5
2026-07-02T20:21:41.243862+00:00,SOL/USDT,NO TRADE,PASS,FAIL,PASS,FAIL,Structure,2.5,20.5
2026-07-02T20:21:42.427604+00:00,BNB/USDT,NO TRADE,PASS,PASS,PASS,FAIL,Risk,0.0,21.0
2026-07-02T20:21:44.106711+00:00,XRP/USDT,NO TRADE,PASS,FAIL,FAIL,FAIL,Momentum,1.2,17.2
2026-07-02T20:21:45.125604+00:00,LINK/USDT,NO TRADE,PASS,PASS,PASS,FAIL,Risk,3.0,21.0
2026-07-02T20:21:46.149964+00:00,ADA/USDT,NO TRADE,PASS,FAIL,PASS,FAIL,Risk,3.5,21.5
2026-07-02T20:21:47.396166+00:00,AVAX/USDT,NO TRADE,PASS,PASS,PASS,FAIL,Risk,0.0,17.0
2026-07-02T20:21:49.294790+00:00,DOGE/USDT,NO TRADE,PASS,PASS,FAIL,FAIL,Momentum,0.2,21.2
2026-07-02T20:26:53.882470+00:00,BTC/USDT,NO TRADE,PASS,PASS,FAIL,PASS,Momentum,1.2,23.2
2026-07-02T20:26:55.690766+00:00,ETH/USDT,NO TRADE,PASS,FAIL,PASS,FAIL,Risk,3.5,24.5
2026-07-02T20:26:57.631079+00:00,SOL/USDT,NO TRADE,PASS,FAIL,PASS,FAIL,Structure,2.5,20.5
2026-07-02T20:26:59.528395+00:00,BNB/USDT,NO TRADE,PASS,PASS,PASS,FAIL,Risk,0.0,21.0
2026-07-02T20:27:00.655480+00:00,XRP/USDT,NO TRADE,PASS,FAIL,FAIL,FAIL,Momentum,1.2,17.2
2026-07-02T20:27:01.832993+00:00,LINK/USDT,NO TRADE,PASS,PASS,PASS,FAIL,Risk,0.0,18.0
2026-07-02T20:27:02.780957+00:00,ADA/USDT,NO TRADE,PASS,FAIL,PASS,FAIL,Risk,3.5,21.5
2026-07-02T20:27:04.167890+00:00,AVAX/USDT,NO TRADE,PASS,PASS,PASS,FAIL,Risk,0.0,17.0
2026-07-02T20:27:05.272997+00:00,DOGE/USDT,NO TRADE,PASS,PASS,FAIL,FAIL,Momentum,0.2,21.2
2026-07-02T20:32:09.571371+00:00,BTC/USDT,NO TRADE,PASS,PASS,FAIL,PASS,Momentum,1.2,23.2
2026-07-02T20:32:10.572178+00:00,ETH/USDT,NO TRADE,PASS,FAIL,PASS,FAIL,Risk,3.5,24.5
2026-07-02T20:32:11.849403+00:00,SOL/USDT,NO TRADE,PASS,FAIL,PASS,FAIL,Structure,2.5,20.5
2026-07-02T20:32:13.293612+00:00,BNB/USDT,NO TRADE,PASS,PASS,PASS,FAIL,Risk,0.0,21.0
2026-07-02T20:32:14.525984+00:00,XRP/USDT,NO TRADE,PASS,FAIL,FAIL,FAIL,Momentum,1.2,17.2
2026-07-02T20:32:15.789028+00:00,LINK/USDT,NO TRADE,PASS,PASS,PASS,FAIL,Risk,0.0,18.0
2026-07-02T20:32:17.729857+00:00,ADA/USDT,NO TRADE,FAIL,PASS,PASS,PASS,Trend,4.8,23.8
2026-07-02T20:32:18.878205+00:00,AVAX/USDT,NO TRADE,PASS,PASS,PASS,FAIL,Risk,0.0,17.0
2026-07-02T20:32:19.841549+00:00,DOGE/USDT,NO TRADE,PASS,PASS,FAIL,FAIL,Momentum,0.2,21.2
2026-07-02T20:37:22.361250+00:00,BTC/USDT,NO TRADE,PASS,PASS,FAIL,PASS,Momentum,1.2,23.2
2026-07-02T20:37:23.429157+00:00,ETH/USDT,NO TRADE,PASS,FAIL,PASS,FAIL,Risk,3.5,24.5
2026-07-02T20:37:24.622625+00:00,SOL/USDT,NO TRADE,PASS,FAIL,PASS,FAIL,Structure,2.5,20.5
2026-07-02T20:37:25.751968+00:00,BNB/USDT,NO TRADE,PASS,PASS,PASS,FAIL,Risk,0.0,21.0
2026-07-02T20:37:26.577097+00:00,XRP/USDT,NO TRADE,PASS,FAIL,FAIL,FAIL,Momentum,1.2,17.2
2026-07-02T20:37:27.611135+00:00,LINK/USDT,NO TRADE,PASS,PASS,PASS,FAIL,Risk,0.0,18.0
2026-07-02T20:37:28.794828+00:00,ADA/USDT,NO TRADE,FAIL,PASS,PASS,PASS,Trend,4.8,23.8
2026-07-02T20:37:29.940541+00:00,AVAX/USDT,NO TRADE,PASS,PASS,PASS,FAIL,Risk,0.0,17.0
2026-07-02T20:37:31.752673+00:00,DOGE/USDT,NO TRADE,PASS,PASS,FAIL,FAIL,Momentum,0.2,21.2
2026-07-02T20:42:35.339783+00:00,BTC/USDT,NO TRADE,PASS,PASS,FAIL,PASS,Momentum,1.2,23.2
2026-07-02T20:42:36.209678+00:00,ETH/USDT,NO TRADE,PASS,FAIL,PASS,FAIL,Risk,3.5,24.5
2026-07-02T20:42:37.246306+00:00,SOL/USDT,NO TRADE,PASS,FAIL,PASS,FAIL,Structure,2.5,20.5
2026-07-02T20:42:38.874316+00:00,BNB/USDT,NO TRADE,PASS,PASS,PASS,FAIL,Risk,0.0,21.0
2026-07-02T20:42:39.823257+00:00,XRP/USDT,NO TRADE,PASS,FAIL,FAIL,FAIL,Momentum,1.2,17.2
2026-07-02T20:42:41.173629+00:00,LINK/USDT,NO TRADE,PASS,PASS,PASS,FAIL,Risk,0.0,18.0
2026-07-02T20:42:42.158520+00:00,ADA/USDT,NO TRADE,FAIL,PASS,PASS,PASS,Trend,4.8,23.8
2026-07-02T20:42:43.068709+00:00,AVAX/USDT,NO TRADE,PASS,PASS,PASS,FAIL,Risk,0.0,17.0
2026-07-02T20:42:44.053842+00:00,DOGE/USDT,NO TRADE,PASS,PASS,FAIL,FAIL,Momentum,0.2,21.2
2026-07-02T20:47:47.664730+00:00,BTC/USDT,NO TRADE,PASS,PASS,FAIL,PASS,Momentum,1.2,23.2
2026-07-02T20:47:49.065934+00:00,ETH/USDT,NO TRADE,PASS,FAIL,PASS,FAIL,Risk,3.5,24.5
2026-07-02T20:47:50.201112+00:00,SOL/USDT,NO TRADE,FAIL,FAIL,FAIL,FAIL,Trend,0.0,0.0
2026-07-02T20:47:51.260951+00:00,BNB/USDT,NO TRADE,PASS,PASS,PASS,FAIL,Risk,0.0,21.0
2026-07-02T20:47:52.186273+00:00,XRP/USDT,NO TRADE,PASS,FAIL,FAIL,FAIL,Momentum,1.2,17.2
2026-07-02T20:47:53.602169+00:00,LINK/USDT,NO TRADE,PASS,PASS,PASS,FAIL,Risk,0.0,18.0
2026-07-02T20:47:54.423579+00:00,ADA/USDT,NO TRADE,FAIL,PASS,PASS,PASS,Trend,4.8,23.8
2026-07-02T20:47:55.703059+00:00,AVAX/USDT,NO TRADE,PASS,PASS,PASS,FAIL,Risk,0.0,17.0
2026-07-02T20:47:57.052220+00:00,DOGE/USDT,NO TRADE,PASS,PASS,FAIL,FAIL,Momentum,0.2,21.2
2026-07-02T20:53:00.630903+00:00,BTC/USDT,NO TRADE,PASS,PASS,FAIL,PASS,Momentum,1.2,23.2
2026-07-02T20:53:01.587994+00:00,ETH/USDT,NO TRADE,PASS,FAIL,PASS,FAIL,Risk,3.5,24.5
2026-07-02T20:53:02.706111+00:00,SOL/USDT,NO TRADE,FAIL,FAIL,FAIL,FAIL,Trend,0.0,0.0
2026-07-02T20:53:03.859949+00:00,BNB/USDT,NO TRADE,PASS,PASS,PASS,FAIL,Risk,0.0,21.0
2026-07-02T20:53:04.719875+00:00,XRP/USDT,NO TRADE,PASS,FAIL,FAIL,FAIL,Momentum,1.2,17.2
2026-07-02T20:53:05.860659+00:00,LINK/USDT,NO TRADE,PASS,PASS,PASS,FAIL,Risk,3.0,21.0
2026-07-02T20:53:07.007657+00:00,ADA/USDT,NO TRADE,FAIL,PASS,PASS,PASS,Trend,4.8,23.8
2026-07-02T20:53:08.055587+00:00,AVAX/USDT,NO TRADE,PASS,PASS,PASS,FAIL,Risk,0.0,18.0
2026-07-02T20:53:08.903170+00:00,DOGE/USDT,NO TRADE,PASS,PASS,FAIL,FAIL,Momentum,0.2,21.2
2026-07-02T20:58:12.341018+00:00,BTC/USDT,NO TRADE,PASS,PASS,FAIL,PASS,Momentum,1.2,23.2
2026-07-02T20:58:13.920200+00:00,ETH/USDT,NO TRADE,PASS,FAIL,PASS,FAIL,Risk,5.25,26.25
2026-07-02T20:58:14.837312+00:00,SOL/USDT,NO TRADE,FAIL,FAIL,FAIL,FAIL,Trend,0.0,0.0
2026-07-02T20:58:16.258248+00:00,BNB/USDT,NO TRADE,PASS,PASS,PASS,FAIL,Risk,0.0,21.0
2026-07-02T20:58:17.850194+00:00,XRP/USDT,NO TRADE,PASS,FAIL,FAIL,FAIL,Momentum,1.2,17.2
2026-07-02T20:58:19.132414+00:00,LINK/USDT,NO TRADE,PASS,PASS,PASS,FAIL,Risk,3.0,24.0
2026-07-02T20:58:20.168050+00:00,ADA/USDT,NO TRADE,FAIL,PASS,PASS,PASS,Trend,4.8,23.8
2026-07-02T20:58:21.376929+00:00,AVAX/USDT,NO TRADE,PASS,PASS,PASS,FAIL,Risk,0.0,18.0
2026-07-02T20:58:22.500582+00:00,DOGE/USDT,NO TRADE,PASS,PASS,FAIL,FAIL,Momentum,0.2,21.2
2026-07-02T21:03:27.240307+00:00,BTC/USDT,NO TRADE,PASS,PASS,FAIL,PASS,Momentum,1.2,23.2
2026-07-02T21:03:28.428987+00:00,ETH/USDT,NO TRADE,PASS,FAIL,PASS,FAIL,Risk,3.5,24.5
2026-07-02T21:03:30.827345+00:00,SOL/USDT,NO TRADE,FAIL,FAIL,FAIL,FAIL,Trend,0.0,0.0
2026-07-02T21:03:32.068706+00:00,BNB/USDT,NO TRADE,PASS,PASS,PASS,FAIL,Risk,0.0,21.0
2026-07-02T21:03:33.053863+00:00,XRP/USDT,NO TRADE,PASS,FAIL,FAIL,FAIL,Momentum,1.2,17.2
2026-07-02T21:03:34.355161+00:00,LINK/USDT,NO TRADE,PASS,PASS,PASS,FAIL,Risk,0.0,18.0
2026-07-02T21:03:35.813421+00:00,ADA/USDT,NO TRADE,FAIL,PASS,PASS,PASS,Trend,4.8,23.8
2026-07-02T21:03:36.834700+00:00,AVAX/USDT,NO TRADE,PASS,PASS,PASS,FAIL,Risk,0.0,18.0
2026-07-02T21:03:37.949718+00:00,DOGE/USDT,NO TRADE,PASS,PASS,FAIL,FAIL,Momentum,0.2,21.2
2026-07-02T21:08:41.550308+00:00,BTC/USDT,NO TRADE,PASS,PASS,FAIL,PASS,Momentum,1.2,23.2
2026-07-02T21:08:42.746019+00:00,ETH/USDT,NO TRADE,PASS,FAIL,PASS,FAIL,Risk,3.5,24.5
2026-07-02T21:08:43.710124+00:00,SOL/USDT,NO TRADE,FAIL,FAIL,FAIL,FAIL,Trend,0.0,0.0
2026-07-02T21:08:44.750168+00:00,BNB/USDT,NO TRADE,PASS,PASS,PASS,FAIL,Risk,0.0,21.0
2026-07-02T21:08:45.589135+00:00,XRP/USDT,NO TRADE,PASS,FAIL,FAIL,FAIL,Momentum,1.2,17.2
2026-07-02T21:08:46.686781+00:00,LINK/USDT,NO TRADE,PASS,PASS,PASS,FAIL,Risk,0.0,18.0
2026-07-02T21:08:47.844918+00:00,ADA/USDT,NO TRADE,FAIL,FAIL,FAIL,FAIL,Trend,0.0,0.0
2026-07-02T21:08:49.712896+00:00,AVAX/USDT,NO TRADE,PASS,PASS,PASS,FAIL,Risk,0.0,18.0
2026-07-02T21:08:50.566574+00:00,DOGE/USDT,NO TRADE,PASS,PASS,FAIL,FAIL,Momentum,0.2,21.2
2026-07-02T21:13:53.979696+00:00,BTC/USDT,NO TRADE,PASS,PASS,FAIL,PASS,Momentum,1.2,23.2
2026-07-02T21:13:55.131141+00:00,ETH/USDT,NO TRADE,PASS,FAIL,PASS,FAIL,Risk,3.5,24.5
2026-07-02T21:13:56.430212+00:00,SOL/USDT,NO TRADE,FAIL,FAIL,FAIL,FAIL,Trend,0.0,0.0
2026-07-02T21:13:57.451400+00:00,BNB/USDT,NO TRADE,PASS,PASS,PASS,FAIL,Risk,0.0,21.0
2026-07-02T21:13:58.381003+00:00,XRP/USDT,NO TRADE,PASS,FAIL,FAIL,FAIL,Momentum,1.2,17.2
2026-07-02T21:13:59.502083+00:00,LINK/USDT,NO TRADE,PASS,PASS,PASS,FAIL,Risk,0.0,18.0
2026-07-02T21:14:00.575659+00:00,ADA/USDT,NO TRADE,FAIL,PASS,PASS,PASS,Trend,4.8,23.8
2026-07-02T21:14:01.613938+00:00,AVAX/USDT,NO TRADE,PASS,PASS,PASS,FAIL,Risk,0.0,18.0
2026-07-02T21:14:02.663060+00:00,DOGE/USDT,NO TRADE,PASS,PASS,FAIL,FAIL,Momentum,0.2,21.2
2026-07-02T21:19:06.300722+00:00,BTC/USDT,NO TRADE,PASS,PASS,FAIL,PASS,Momentum,1.2,23.2
2026-07-02T21:19:07.226238+00:00,ETH/USDT,NO TRADE,PASS,FAIL,PASS,FAIL,Risk,3.5,24.5
2026-07-02T21:19:08.152174+00:00,SOL/USDT,NO TRADE,FAIL,FAIL,FAIL,FAIL,Trend,0.0,0.0
2026-07-02T21:19:09.182498+00:00,BNB/USDT,NO TRADE,PASS,PASS,PASS,FAIL,Risk,0.0,21.0
2026-07-02T21:19:10.102267+00:00,XRP/USDT,NO TRADE,PASS,FAIL,FAIL,FAIL,Momentum,1.2,17.2
2026-07-02T21:19:11.127152+00:00,LINK/USDT,NO TRADE,PASS,PASS,PASS,FAIL,Risk,0.0,18.0
2026-07-02T21:19:12.039042+00:00,ADA/USDT,NO TRADE,FAIL,PASS,PASS,PASS,Trend,4.8,23.8
2026-07-02T21:19:13.060735+00:00,AVAX/USDT,NO TRADE,PASS,PASS,PASS,FAIL,Risk,0.0,18.0
2026-07-02T21:19:13.896022+00:00,DOGE/USDT,NO TRADE,PASS,PASS,FAIL,FAIL,Momentum,0.2,21.2
2026-07-02T21:24:16.940929+00:00,BTC/USDT,NO TRADE,PASS,PASS,FAIL,PASS,Momentum,1.2,23.2
2026-07-02T21:24:17.966851+00:00,ETH/USDT,NO TRADE,PASS,FAIL,PASS,FAIL,Risk,3.5,24.5
2026-07-02T21:24:18.779430+00:00,SOL/USDT,NO TRADE,FAIL,FAIL,FAIL,FAIL,Trend,0.0,0.0
2026-07-02T21:24:19.795915+00:00,BNB/USDT,NO TRADE,PASS,PASS,PASS,FAIL,Risk,0.0,21.0
2026-07-02T21:24:20.710155+00:00,XRP/USDT,NO TRADE,PASS,FAIL,FAIL,FAIL,Momentum,1.2,17.2
2026-07-02T21:24:21.624446+00:00,LINK/USDT,NO TRADE,PASS,PASS,PASS,FAIL,Risk,0.0,18.0
2026-07-02T21:24:23.700258+00:00,ADA/USDT,NO TRADE,FAIL,PASS,PASS,PASS,Trend,4.8,23.8
2026-07-02T21:24:25.323270+00:00,AVAX/USDT,NO TRADE,PASS,FAIL,PASS,FAIL,Structure,0.5,18.5
2026-07-02T21:24:26.665582+00:00,DOGE/USDT,NO TRADE,PASS,PASS,FAIL,FAIL,Momentum,0.2,21.2
2026-07-02T21:29:30.175127+00:00,BTC/USDT,NO TRADE,PASS,PASS,FAIL,PASS,Momentum,1.2,23.2
2026-07-02T21:29:31.243037+00:00,ETH/USDT,NO TRADE,PASS,FAIL,PASS,FAIL,Risk,3.5,24.5
2026-07-02T21:29:32.159700+00:00,SOL/USDT,NO TRADE,PASS,FAIL,PASS,FAIL,Structure,2.5,20.5
2026-07-02T21:29:33.184008+00:00,BNB/USDT,NO TRADE,PASS,PASS,PASS,FAIL,Risk,0.0,21.0
2026-07-02T21:29:34.317347+00:00,XRP/USDT,NO TRADE,PASS,FAIL,FAIL,FAIL,Momentum,1.2,17.2
2026-07-02T21:29:35.341516+00:00,LINK/USDT,NO TRADE,PASS,PASS,PASS,FAIL,Risk,0.0,18.0
2026-07-02T21:29:36.364316+00:00,ADA/USDT,NO TRADE,FAIL,PASS,PASS,PASS,Trend,4.8,23.8
2026-07-02T21:29:37.292968+00:00,AVAX/USDT,NO TRADE,PASS,FAIL,PASS,FAIL,Structure,0.5,18.5
2026-07-02T21:29:38.238688+00:00,DOGE/USDT,NO TRADE,PASS,PASS,FAIL,FAIL,Momentum,0.2,21.2
2026-07-02T21:34:41.714942+00:00,BTC/USDT,NO TRADE,PASS,PASS,FAIL,PASS,Momentum,1.2,23.2
2026-07-02T21:34:42.663235+00:00,ETH/USDT,NO TRADE,PASS,FAIL,PASS,FAIL,Risk,3.5,24.5
2026-07-02T21:34:43.626969+00:00,SOL/USDT,NO TRADE,PASS,FAIL,PASS,FAIL,Structure,2.5,20.5
2026-07-02T21:34:44.776365+00:00,BNB/USDT,NO TRADE,PASS,PASS,PASS,FAIL,Risk,0.0,21.0
2026-07-02T21:34:45.721905+00:00,XRP/USDT,NO TRADE,PASS,FAIL,FAIL,FAIL,Momentum,1.2,17.2
2026-07-02T21:34:46.855466+00:00,LINK/USDT,NO TRADE,PASS,PASS,PASS,FAIL,Risk,0.0,18.0
2026-07-02T21:34:47.936719+00:00,ADA/USDT,NO TRADE,FAIL,PASS,PASS,PASS,Trend,4.8,23.8
2026-07-02T21:34:49.089424+00:00,AVAX/USDT,NO TRADE,PASS,FAIL,PASS,FAIL,Structure,0.5,18.5
2026-07-02T21:34:49.959547+00:00,DOGE/USDT,NO TRADE,PASS,PASS,FAIL,FAIL,Momentum,0.2,21.2
2026-07-02T21:39:53.461444+00:00,BTC/USDT,NO TRADE,PASS,PASS,FAIL,PASS,Momentum,1.2,23.2
2026-07-02T21:39:54.382136+00:00,ETH/USDT,NO TRADE,PASS,FAIL,PASS,FAIL,Risk,3.5,24.5
2026-07-02T21:39:55.306183+00:00,SOL/USDT,NO TRADE,PASS,FAIL,PASS,FAIL,Structure,2.5,20.5
2026-07-02T21:39:56.839379+00:00,BNB/USDT,NO TRADE,PASS,PASS,PASS,FAIL,Risk,0.0,21.0
2026-07-02T21:39:58.259425+00:00,XRP/USDT,NO TRADE,PASS,FAIL,FAIL,FAIL,Momentum,1.2,17.2
2026-07-02T21:39:59.792192+00:00,LINK/USDT,NO TRADE,PASS,PASS,PASS,FAIL,Risk,0.0,18.0
2026-07-02T21:40:00.739315+00:00,ADA/USDT,NO TRADE,FAIL,PASS,PASS,PASS,Trend,4.8,23.8
2026-07-02T21:40:01.705687+00:00,AVAX/USDT,NO TRADE,PASS,FAIL,PASS,FAIL,Structure,0.5,18.5
2026-07-02T21:40:02.764740+00:00,DOGE/USDT,NO TRADE,PASS,PASS,FAIL,FAIL,Momentum,0.2,21.2
2026-07-02T21:45:06.262923+00:00,BTC/USDT,NO TRADE,PASS,PASS,FAIL,PASS,Momentum,1.2,23.2
2026-07-02T21:45:07.311658+00:00,ETH/USDT,NO TRADE,PASS,FAIL,PASS,FAIL,Risk,3.5,24.5
2026-07-02T21:45:08.331421+00:00,SOL/USDT,NO TRADE,PASS,FAIL,PASS,FAIL,Structure,2.5,20.5
2026-07-02T21:45:09.848745+00:00,BNB/USDT,NO TRADE,PASS,PASS,PASS,FAIL,Risk,0.0,21.0
2026-07-02T21:45:11.858387+00:00,XRP/USDT,NO TRADE,PASS,FAIL,FAIL,FAIL,Momentum,1.2,17.2
2026-07-02T21:45:13.474624+00:00,LINK/USDT,NO TRADE,PASS,PASS,PASS,FAIL,Risk,0.0,18.0
2026-07-02T21:45:14.658907+00:00,ADA/USDT,NO TRADE,PASS,FAIL,PASS,FAIL,Risk,3.5,21.5
2026-07-02T21:45:15.682081+00:00,AVAX/USDT,NO TRADE,PASS,PASS,PASS,FAIL,Risk,0.0,18.0
2026-07-02T21:45:16.507629+00:00,DOGE/USDT,NO TRADE,PASS,PASS,FAIL,FAIL,Momentum,0.2,21.2
2026-07-02T21:50:20.133213+00:00,BTC/USDT,NO TRADE,PASS,PASS,FAIL,PASS,Momentum,1.2,23.2
2026-07-02T21:50:21.146428+00:00,ETH/USDT,NO TRADE,PASS,FAIL,PASS,FAIL,Risk,3.5,24.5
2026-07-02T21:50:22.269875+00:00,SOL/USDT,NO TRADE,PASS,FAIL,PASS,FAIL,Structure,0.5,18.5
2026-07-02T21:50:23.295447+00:00,BNB/USDT,NO TRADE,PASS,PASS,PASS,FAIL,Risk,0.0,21.0
2026-07-02T21:50:24.283275+00:00,XRP/USDT,NO TRADE,PASS,FAIL,FAIL,FAIL,Momentum,1.2,17.2
2026-07-02T21:50:25.356580+00:00,LINK/USDT,NO TRADE,PASS,PASS,PASS,FAIL,Risk,0.0,18.0
2026-07-02T21:50:26.280540+00:00,ADA/USDT,NO TRADE,PASS,FAIL,PASS,FAIL,Risk,3.5,21.5
2026-07-02T21:50:27.692682+00:00,AVAX/USDT,NO TRADE,PASS,PASS,PASS,FAIL,Risk,0.0,18.0
2026-07-02T21:50:29.115013+00:00,DOGE/USDT,NO TRADE,PASS,PASS,FAIL,FAIL,Momentum,0.2,21.2
2026-07-02T22:00:52.448371+00:00,BTC/USDT,NO TRADE,PASS,PASS,FAIL,PASS,Momentum,1.2,23.2
2026-07-02T22:06:13.713472+00:00,ETH/USDT,NO TRADE,PASS,FAIL,PASS,FAIL,Risk,3.5,24.5
2026-07-02T22:11:34.951298+00:00,SOL/USDT,NO TRADE,PASS,FAIL,PASS,FAIL,Structure,0.5,18.5
2026-07-02T22:12:21.223504+00:00,BNB/USDT,NO TRADE,PASS,PASS,PASS,FAIL,Risk,0.0,21.0
2026-07-02T22:12:22.158732+00:00,XRP/USDT,NO TRADE,PASS,FAIL,FAIL,FAIL,Momentum,1.2,17.2
2026-07-02T22:12:23.455060+00:00,LINK/USDT,NO TRADE,PASS,PASS,PASS,FAIL,Risk,0.0,18.0
2026-07-02T22:12:24.231135+00:00,ADA/USDT,NO TRADE,PASS,FAIL,PASS,FAIL,Risk,3.5,21.5
2026-07-02T22:12:25.197270+00:00,AVAX/USDT,NO TRADE,PASS,PASS,PASS,FAIL,Risk,0.0,18.0
2026-07-02T22:12:26.236778+00:00,DOGE/USDT,NO TRADE,PASS,PASS,FAIL,FAIL,Momentum,0.2,21.2
2026-07-02T22:17:33.620832+00:00,BTC/USDT,NO TRADE,PASS,PASS,FAIL,PASS,Momentum,1.2,23.2
2026-07-02T22:17:34.702469+00:00,ETH/USDT,NO TRADE,PASS,FAIL,PASS,FAIL,Risk,3.5,24.5
2026-07-02T22:17:35.610899+00:00,SOL/USDT,NO TRADE,PASS,FAIL,PASS,FAIL,Structure,0.5,18.5
2026-07-02T22:17:36.674365+00:00,BNB/USDT,NO TRADE,PASS,PASS,PASS,FAIL,Risk,0.0,21.0
2026-07-02T22:17:37.588924+00:00,XRP/USDT,NO TRADE,PASS,FAIL,FAIL,FAIL,Momentum,1.2,17.2
2026-07-02T22:17:38.756109+00:00,LINK/USDT,NO TRADE,PASS,PASS,PASS,FAIL,Risk,0.0,18.0
2026-07-02T22:17:39.869003+00:00,ADA/USDT,NO TRADE,PASS,FAIL,PASS,FAIL,Risk,3.5,21.5
2026-07-02T22:17:40.958874+00:00,AVAX/USDT,NO TRADE,PASS,FAIL,PASS,FAIL,Structure,0.5,18.5
2026-07-02T22:17:42.298627+00:00,DOGE/USDT,NO TRADE,PASS,PASS,FAIL,FAIL,Momentum,0.2,21.2
2026-07-02T22:22:44.753286+00:00,BTC/USDT,NO TRADE,PASS,PASS,FAIL,PASS,Momentum,1.2,23.2
2026-07-02T22:22:45.674397+00:00,ETH/USDT,NO TRADE,PASS,FAIL,PASS,FAIL,Risk,3.5,24.5
2026-07-02T22:22:47.772026+00:00,SOL/USDT,NO TRADE,PASS,FAIL,PASS,FAIL,Structure,0.5,18.5
2026-07-02T22:22:49.321010+00:00,BNB/USDT,NO TRADE,PASS,PASS,PASS,FAIL,Risk,0.0,21.0
2026-07-02T22:22:50.478855+00:00,XRP/USDT,NO TRADE,PASS,FAIL,FAIL,FAIL,Momentum,1.2,17.2
2026-07-02T22:22:51.919066+00:00,LINK/USDT,NO TRADE,PASS,PASS,PASS,FAIL,Risk,0.0,18.0
2026-07-02T22:22:53.304035+00:00,ADA/USDT,NO TRADE,PASS,FAIL,PASS,FAIL,Risk,3.5,21.5
2026-07-02T22:22:55.035947+00:00,AVAX/USDT,NO TRADE,PASS,FAIL,PASS,FAIL,Structure,0.5,18.5
2026-07-02T22:22:56.517274+00:00,DOGE/USDT,NO TRADE,PASS,PASS,FAIL,FAIL,Momentum,0.2,21.2
2026-07-02T22:27:59.877515+00:00,BTC/USDT,NO TRADE,PASS,PASS,FAIL,PASS,Momentum,1.2,23.2
2026-07-02T22:28:00.942431+00:00,ETH/USDT,NO TRADE,PASS,FAIL,PASS,FAIL,Risk,3.5,24.5
2026-07-02T22:28:02.044683+00:00,SOL/USDT,NO TRADE,PASS,FAIL,PASS,FAIL,Structure,2.5,20.5
2026-07-02T22:28:03.042665+00:00,BNB/USDT,NO TRADE,PASS,PASS,PASS,FAIL,Risk,0.0,21.0
2026-07-02T22:28:04.043683+00:00,XRP/USDT,NO TRADE,PASS,FAIL,FAIL,FAIL,Momentum,1.2,17.2
2026-07-02T22:28:05.145081+00:00,LINK/USDT,NO TRADE,PASS,PASS,PASS,FAIL,Risk,0.0,18.0
2026-07-02T22:28:06.439663+00:00,ADA/USDT,NO TRADE,PASS,FAIL,PASS,FAIL,Risk,3.5,21.5
2026-07-02T22:28:07.437897+00:00,AVAX/USDT,NO TRADE,PASS,FAIL,PASS,FAIL,Structure,0.5,18.5
2026-07-02T22:28:08.355115+00:00,DOGE/USDT,NO TRADE,PASS,FAIL,FAIL,FAIL,Structure,1.7,22.7
2026-07-02T22:33:11.449447+00:00,BTC/USDT,NO TRADE,PASS,PASS,FAIL,PASS,Momentum,1.2,23.2
2026-07-02T22:33:13.015787+00:00,ETH/USDT,NO TRADE,PASS,FAIL,PASS,FAIL,Risk,3.5,24.5
2026-07-02T22:33:14.337042+00:00,SOL/USDT,NO TRADE,PASS,FAIL,PASS,FAIL,Structure,2.5,20.5
2026-07-02T22:33:16.287734+00:00,BNB/USDT,NO TRADE,PASS,PASS,PASS,FAIL,Risk,0.0,21.0
2026-07-02T22:33:17.086695+00:00,XRP/USDT,NO TRADE,PASS,FAIL,FAIL,FAIL,Momentum,1.2,17.2
2026-07-02T22:33:18.238786+00:00,LINK/USDT,NO TRADE,PASS,PASS,PASS,FAIL,Risk,0.0,18.0
2026-07-02T22:33:19.568097+00:00,ADA/USDT,NO TRADE,PASS,FAIL,PASS,FAIL,Risk,3.5,21.5
2026-07-02T22:33:20.675279+00:00,AVAX/USDT,NO TRADE,FAIL,FAIL,FAIL,FAIL,Trend,0.0,0.0
2026-07-02T22:33:21.490761+00:00,DOGE/USDT,NO TRADE,PASS,PASS,FAIL,FAIL,Momentum,0.2,21.2
2026-07-02T22:38:24.177668+00:00,BTC/USDT,NO TRADE,PASS,PASS,FAIL,PASS,Momentum,1.2,23.2
2026-07-02T22:38:25.102025+00:00,ETH/USDT,NO TRADE,PASS,FAIL,PASS,FAIL,Risk,3.5,24.5
2026-07-02T22:38:26.108531+00:00,SOL/USDT,NO TRADE,PASS,FAIL,PASS,FAIL,Structure,2.5,20.5
2026-07-02T22:38:27.218018+00:00,BNB/USDT,NO TRADE,PASS,PASS,PASS,FAIL,Risk,0.0,21.0
2026-07-02T22:38:28.130904+00:00,XRP/USDT,NO TRADE,PASS,FAIL,FAIL,FAIL,Momentum,1.2,17.2
2026-07-02T22:38:29.140321+00:00,LINK/USDT,NO TRADE,PASS,PASS,PASS,FAIL,Risk,0.0,18.0
2026-07-02T22:38:30.163309+00:00,ADA/USDT,NO TRADE,PASS,FAIL,PASS,FAIL,Risk,3.5,21.5
2026-07-02T22:38:31.441817+00:00,AVAX/USDT,NO TRADE,FAIL,FAIL,FAIL,FAIL,Trend,0.0,0.0
2026-07-02T22:38:32.365054+00:00,DOGE/USDT,NO TRADE,PASS,PASS,FAIL,FAIL,Momentum,0.2,21.2
2026-07-02T22:43:34.744986+00:00,BTC/USDT,NO TRADE,PASS,PASS,FAIL,PASS,Momentum,1.2,23.2
2026-07-02T22:43:35.654868+00:00,ETH/USDT,NO TRADE,PASS,FAIL,PASS,FAIL,Risk,3.5,24.5
2026-07-02T22:43:36.562515+00:00,SOL/USDT,NO TRADE,PASS,FAIL,PASS,FAIL,Structure,0.5,18.5
2026-07-02T22:43:37.465663+00:00,BNB/USDT,NO TRADE,PASS,PASS,PASS,FAIL,Risk,0.0,21.0
2026-07-02T22:43:38.471652+00:00,XRP/USDT,NO TRADE,PASS,FAIL,FAIL,FAIL,Momentum,1.2,17.2
2026-07-02T22:43:39.373100+00:00,LINK/USDT,NO TRADE,PASS,PASS,PASS,FAIL,Risk,0.0,18.0
2026-07-02T22:43:40.271348+00:00,ADA/USDT,NO TRADE,PASS,FAIL,PASS,FAIL,Risk,3.5,21.5
2026-07-02T22:43:41.223242+00:00,AVAX/USDT,NO TRADE,PASS,FAIL,PASS,FAIL,Structure,3.0,21.0
2026-07-02T22:43:42.145096+00:00,DOGE/USDT,NO TRADE,PASS,PASS,FAIL,FAIL,Momentum,0.2,21.2
2026-07-02T22:48:44.637999+00:00,BTC/USDT,NO TRADE,PASS,PASS,FAIL,PASS,Momentum,1.2,23.2
2026-07-02T22:48:45.543379+00:00,ETH/USDT,NO TRADE,PASS,FAIL,PASS,FAIL,Risk,3.5,24.5
2026-07-02T22:48:46.539086+00:00,SOL/USDT,NO TRADE,PASS,FAIL,PASS,FAIL,Structure,0.5,18.5
2026-07-02T22:48:47.539652+00:00,BNB/USDT,NO TRADE,PASS,PASS,PASS,FAIL,Risk,0.0,21.0
2026-07-02T22:48:48.511450+00:00,XRP/USDT,NO TRADE,PASS,FAIL,FAIL,FAIL,Momentum,1.2,17.2
2026-07-02T22:48:49.522818+00:00,LINK/USDT,NO TRADE,PASS,PASS,PASS,FAIL,Risk,0.0,18.0
2026-07-02T22:48:50.705313+00:00,ADA/USDT,NO TRADE,FAIL,FAIL,FAIL,FAIL,Trend,0.0,0.0
2026-07-02T22:48:51.712094+00:00,AVAX/USDT,NO TRADE,PASS,FAIL,PASS,FAIL,Structure,0.5,18.5
2026-07-02T22:48:52.626748+00:00,DOGE/USDT,NO TRADE,PASS,FAIL,FAIL,FAIL,Structure,1.7,22.7
2026-07-02T22:53:55.339344+00:00,BTC/USDT,NO TRADE,PASS,PASS,FAIL,PASS,Momentum,1.2,23.2
2026-07-02T22:53:56.393988+00:00,ETH/USDT,NO TRADE,PASS,FAIL,PASS,FAIL,Risk,3.5,24.5
2026-07-02T22:53:57.506613+00:00,SOL/USDT,NO TRADE,PASS,FAIL,PASS,FAIL,Structure,2.5,20.5
2026-07-02T22:53:58.551483+00:00,BNB/USDT,NO TRADE,PASS,PASS,PASS,FAIL,Risk,0.0,21.0
2026-07-02T22:53:59.491573+00:00,XRP/USDT,NO TRADE,PASS,FAIL,FAIL,FAIL,Momentum,1.2,17.2
2026-07-02T22:54:01.018040+00:00,LINK/USDT,NO TRADE,PASS,PASS,PASS,FAIL,Risk,0.0,18.0
2026-07-02T22:54:02.466807+00:00,ADA/USDT,NO TRADE,FAIL,PASS,PASS,PASS,Trend,4.8,23.8
2026-07-02T22:54:04.105314+00:00,AVAX/USDT,NO TRADE,FAIL,FAIL,FAIL,FAIL,Trend,0.0,0.0
2026-07-02T22:54:04.950741+00:00,DOGE/USDT,NO TRADE,PASS,PASS,FAIL,FAIL,Momentum,0.2,21.2
2026-07-02T22:59:08.087005+00:00,BTC/USDT,NO TRADE,PASS,PASS,FAIL,PASS,Momentum,1.2,23.2
2026-07-02T22:59:09.326558+00:00,ETH/USDT,NO TRADE,PASS,FAIL,PASS,FAIL,Risk,3.5,24.5
2026-07-02T22:59:10.498918+00:00,SOL/USDT,NO TRADE,PASS,FAIL,PASS,FAIL,Structure,2.5,20.5
2026-07-02T22:59:11.571633+00:00,BNB/USDT,NO TRADE,PASS,PASS,PASS,FAIL,Risk,0.0,21.0
2026-07-02T22:59:12.483903+00:00,XRP/USDT,NO TRADE,PASS,FAIL,FAIL,FAIL,Momentum,1.2,17.2
2026-07-02T22:59:13.699774+00:00,LINK/USDT,NO TRADE,PASS,PASS,PASS,FAIL,Risk,0.0,18.0
2026-07-02T22:59:14.794165+00:00,ADA/USDT,NO TRADE,FAIL,PASS,PASS,PASS,Trend,4.8,23.8
2026-07-02T22:59:16.053680+00:00,AVAX/USDT,NO TRADE,FAIL,FAIL,FAIL,FAIL,Trend,0.0,0.0
2026-07-02T22:59:16.865204+00:00,DOGE/USDT,NO TRADE,PASS,PASS,FAIL,FAIL,Momentum,0.2,21.2
2026-07-02T23:13:17.826845+00:00,BTC/USDT,NO TRADE,PASS,PASS,FAIL,FAIL,Momentum,1.2,19.2
2026-07-02T23:13:18.856952+00:00,ETH/USDT,NO TRADE,PASS,FAIL,PASS,FAIL,Risk,3.5,21.5
2026-07-02T23:13:20.153084+00:00,SOL/USDT,NO TRADE,PASS,FAIL,PASS,FAIL,Structure,0.5,18.5
2026-07-02T23:13:21.794112+00:00,BNB/USDT,NO TRADE,PASS,PASS,PASS,FAIL,Risk,0.0,21.0
2026-07-02T23:13:22.668051+00:00,XRP/USDT,NO TRADE,PASS,FAIL,FAIL,FAIL,Momentum,1.2,17.2
2026-07-02T23:13:23.602068+00:00,LINK/USDT,NO TRADE,PASS,PASS,PASS,FAIL,Risk,0.0,18.0
2026-07-02T23:13:24.387849+00:00,ADA/USDT,NO TRADE,PASS,FAIL,PASS,FAIL,Risk,3.5,21.5
2026-07-02T23:13:25.149144+00:00,AVAX/USDT,NO TRADE,PASS,FAIL,PASS,FAIL,Structure,0.5,18.5
2026-07-02T23:13:25.914714+00:00,DOGE/USDT,NO TRADE,PASS,PASS,FAIL,FAIL,Momentum,0.2,21.2
2026-07-02T23:18:28.888405+00:00,BTC/USDT,NO TRADE,PASS,PASS,FAIL,FAIL,Momentum,1.2,19.2
2026-07-02T23:18:30.324614+00:00,ETH/USDT,NO TRADE,FAIL,FAIL,FAIL,FAIL,Trend,0.0,0.0
2026-07-02T23:18:31.517075+00:00,SOL/USDT,NO TRADE,PASS,FAIL,PASS,FAIL,Structure,2.5,20.5
2026-07-02T23:18:32.937321+00:00,BNB/USDT,NO TRADE,PASS,PASS,PASS,FAIL,Risk,0.0,21.0
2026-07-02T23:18:33.783296+00:00,XRP/USDT,NO TRADE,PASS,FAIL,FAIL,FAIL,Momentum,1.2,17.2
2026-07-02T23:18:34.911747+00:00,LINK/USDT,NO TRADE,PASS,PASS,PASS,FAIL,Risk,0.0,18.0
2026-07-02T23:18:35.944661+00:00,ADA/USDT,NO TRADE,FAIL,FAIL,FAIL,FAIL,Trend,0.0,0.0
2026-07-02T23:18:36.980066+00:00,AVAX/USDT,NO TRADE,PASS,FAIL,PASS,FAIL,Structure,3.0,23.0
2026-07-02T23:18:38.311876+00:00,DOGE/USDT,NO TRADE,PASS,PASS,FAIL,FAIL,Momentum,0.2,21.2
2026-07-02T23:22:22.318871+00:00,BTC/USDT,NO TRADE,PASS,PASS,FAIL,FAIL,Momentum,1.2,19.2
2026-07-02T23:22:23.083412+00:00,ETH/USDT,NO TRADE,FAIL,FAIL,FAIL,FAIL,Trend,0.0,0.0
2026-07-02T23:22:23.963488+00:00,SOL/USDT,NO TRADE,PASS,FAIL,PASS,FAIL,Structure,2.5,20.5
2026-07-02T23:22:24.840160+00:00,BNB/USDT,NO TRADE,PASS,PASS,PASS,FAIL,Risk,0.0,21.0
2026-07-02T23:22:25.609126+00:00,XRP/USDT,NO TRADE,PASS,FAIL,FAIL,FAIL,Momentum,1.2,17.2
2026-07-02T23:22:26.375236+00:00,LINK/USDT,NO TRADE,PASS,PASS,PASS,FAIL,Risk,0.0,18.0
2026-07-02T23:22:27.331160+00:00,ADA/USDT,NO TRADE,FAIL,PASS,PASS,PASS,Trend,4.8,23.8
2026-07-02T23:22:28.198130+00:00,AVAX/USDT,NO TRADE,PASS,FAIL,PASS,FAIL,Structure,6.0,27.0
2026-07-02T23:22:29.165557+00:00,DOGE/USDT,NO TRADE,PASS,PASS,FAIL,FAIL,Momentum,0.2,21.2
2026-07-02T23:27:31.513275+00:00,BTC/USDT,NO TRADE,PASS,PASS,FAIL,PASS,Momentum,1.2,23.2
2026-07-02T23:27:32.314714+00:00,ETH/USDT,NO TRADE,FAIL,FAIL,FAIL,FAIL,Trend,0.0,0.0
2026-07-02T23:27:33.210401+00:00,SOL/USDT,NO TRADE,PASS,FAIL,PASS,FAIL,Structure,2.5,20.5
2026-07-02T23:27:34.003363+00:00,BNB/USDT,NO TRADE,PASS,PASS,PASS,FAIL,Risk,0.0,21.0
2026-07-02T23:27:34.996089+00:00,XRP/USDT,NO TRADE,PASS,FAIL,FAIL,FAIL,Momentum,1.2,17.2
2026-07-02T23:27:35.888984+00:00,LINK/USDT,NO TRADE,PASS,PASS,PASS,FAIL,Risk,0.0,18.0
2026-07-02T23:27:36.789562+00:00,ADA/USDT,NO TRADE,FAIL,PASS,PASS,PASS,Trend,4.8,23.8
2026-07-02T23:27:37.793633+00:00,AVAX/USDT,NO TRADE,PASS,FAIL,PASS,FAIL,Structure,6.0,27.0
2026-07-02T23:27:38.775643+00:00,DOGE/USDT,NO TRADE,PASS,PASS,FAIL,FAIL,Momentum,0.2,21.2
2026-07-02T23:32:41.173554+00:00,BTC/USDT,NO TRADE,PASS,PASS,FAIL,PASS,Momentum,1.2,23.2
2026-07-02T23:32:42.177468+00:00,ETH/USDT,NO TRADE,PASS,FAIL,PASS,FAIL,Risk,3.5,24.5
2026-07-02T23:32:43.270383+00:00,SOL/USDT,NO TRADE,PASS,FAIL,PASS,FAIL,Structure,2.5,20.5
2026-07-02T23:32:44.265584+00:00,BNB/USDT,NO TRADE,PASS,PASS,PASS,FAIL,Risk,0.0,21.0
2026-07-02T23:32:45.071161+00:00,XRP/USDT,NO TRADE,PASS,FAIL,FAIL,FAIL,Momentum,1.2,17.2
2026-07-02T23:32:46.166591+00:00,LINK/USDT,NO TRADE,PASS,PASS,PASS,FAIL,Risk,0.0,18.0
2026-07-02T23:32:47.068138+00:00,ADA/USDT,NO TRADE,FAIL,PASS,PASS,PASS,Trend,4.8,23.8
2026-07-02T23:32:48.162377+00:00,AVAX/USDT,NO TRADE,PASS,FAIL,PASS,FAIL,Structure,6.0,27.0
2026-07-02T23:32:48.958942+00:00,DOGE/USDT,NO TRADE,PASS,PASS,FAIL,FAIL,Momentum,0.2,21.2
2026-07-02T23:37:51.531502+00:00,BTC/USDT,NO TRADE,PASS,PASS,FAIL,PASS,Momentum,1.2,23.2
2026-07-02T23:37:52.450093+00:00,ETH/USDT,NO TRADE,FAIL,FAIL,FAIL,FAIL,Trend,0.0,0.0
2026-07-02T23:37:53.460743+00:00,SOL/USDT,NO TRADE,PASS,FAIL,PASS,FAIL,Structure,0.5,18.5
2026-07-02T23:37:54.356716+00:00,BNB/USDT,NO TRADE,PASS,PASS,PASS,FAIL,Risk,0.0,21.0
2026-07-02T23:37:55.272946+00:00,XRP/USDT,NO TRADE,PASS,FAIL,FAIL,FAIL,Momentum,1.2,17.2
2026-07-02T23:37:56.517347+00:00,LINK/USDT,NO TRADE,PASS,PASS,PASS,FAIL,Risk,0.0,18.0
2026-07-02T23:37:57.520527+00:00,ADA/USDT,NO TRADE,FAIL,PASS,PASS,PASS,Trend,4.8,23.8
2026-07-02T23:37:58.525880+00:00,AVAX/USDT,NO TRADE,PASS,FAIL,PASS,FAIL,Structure,6.0,27.0
2026-07-02T23:37:59.346598+00:00,DOGE/USDT,NO TRADE,PASS,PASS,FAIL,FAIL,Momentum,0.2,21.2
2026-07-02T23:43:01.903920+00:00,BTC/USDT,NO TRADE,PASS,PASS,FAIL,FAIL,Momentum,1.2,19.2
2026-07-02T23:43:02.856430+00:00,ETH/USDT,NO TRADE,FAIL,FAIL,FAIL,FAIL,Trend,0.0,0.0
2026-07-02T23:43:03.836736+00:00,SOL/USDT,NO TRADE,PASS,FAIL,PASS,FAIL,Structure,2.5,20.5
2026-07-02T23:43:04.896506+00:00,BNB/USDT,NO TRADE,PASS,PASS,PASS,FAIL,Risk,0.0,21.0
2026-07-02T23:43:06.344336+00:00,XRP/USDT,NO TRADE,PASS,FAIL,FAIL,FAIL,Momentum,1.2,17.2
2026-07-02T23:43:08.317138+00:00,LINK/USDT,NO TRADE,PASS,PASS,PASS,FAIL,Risk,0.0,18.0
2026-07-02T23:43:09.539559+00:00,ADA/USDT,NO TRADE,FAIL,PASS,PASS,PASS,Trend,4.8,23.8
2026-07-02T23:43:10.690763+00:00,AVAX/USDT,NO TRADE,PASS,FAIL,PASS,FAIL,Structure,6.0,27.0
2026-07-02T23:43:11.547842+00:00,DOGE/USDT,NO TRADE,PASS,PASS,FAIL,FAIL,Momentum,0.2,21.2
2026-07-02T23:48:14.674407+00:00,BTC/USDT,NO TRADE,PASS,PASS,FAIL,PASS,Momentum,1.2,23.2
2026-07-02T23:48:16.314401+00:00,ETH/USDT,NO TRADE,FAIL,FAIL,FAIL,FAIL,Trend,0.0,0.0
2026-07-02T23:48:17.317443+00:00,SOL/USDT,NO TRADE,PASS,FAIL,PASS,FAIL,Structure,2.5,20.5
2026-07-02T23:48:18.373501+00:00,BNB/USDT,NO TRADE,PASS,PASS,PASS,FAIL,Risk,0.0,21.0
2026-07-02T23:48:19.295745+00:00,XRP/USDT,NO TRADE,PASS,FAIL,FAIL,FAIL,Momentum,1.2,17.2
2026-07-02T23:48:20.400539+00:00,LINK/USDT,NO TRADE,PASS,PASS,PASS,FAIL,Risk,0.0,18.0
2026-07-02T23:48:21.638317+00:00,ADA/USDT,NO TRADE,FAIL,PASS,PASS,PASS,Trend,4.8,23.8
2026-07-02T23:48:22.746733+00:00,AVAX/USDT,NO TRADE,PASS,FAIL,PASS,FAIL,Structure,3.0,23.0
2026-07-02T23:48:23.728906+00:00,DOGE/USDT,NO TRADE,PASS,PASS,FAIL,FAIL,Momentum,0.2,21.2
2026-07-02T23:53:26.610815+00:00,BTC/USDT,NO TRADE,PASS,PASS,FAIL,PASS,Momentum,1.2,23.2
2026-07-02T23:53:27.522402+00:00,ETH/USDT,NO TRADE,PASS,FAIL,PASS,FAIL,Risk,3.5,24.5
2026-07-02T23:53:28.331199+00:00,SOL/USDT,NO TRADE,PASS,FAIL,PASS,FAIL,Structure,2.5,20.5
2026-07-02T23:53:29.444124+00:00,BNB/USDT,NO TRADE,PASS,PASS,PASS,FAIL,Risk,0.0,21.0
2026-07-02T23:53:30.347965+00:00,XRP/USDT,NO TRADE,PASS,FAIL,FAIL,FAIL,Momentum,1.2,17.2
2026-07-02T23:53:31.371224+00:00,LINK/USDT,NO TRADE,PASS,PASS,PASS,FAIL,Risk,0.0,18.0
2026-07-02T23:53:32.380773+00:00,ADA/USDT,NO TRADE,FAIL,PASS,PASS,PASS,Trend,4.8,23.8
2026-07-02T23:53:33.487365+00:00,AVAX/USDT,NO TRADE,PASS,FAIL,PASS,FAIL,Structure,3.0,23.0
2026-07-02T23:53:34.294594+00:00,DOGE/USDT,NO TRADE,PASS,PASS,FAIL,FAIL,Momentum,0.2,21.2
2026-07-02T23:58:36.613526+00:00,BTC/USDT,NO TRADE,PASS,PASS,FAIL,PASS,Momentum,1.2,23.2
2026-07-02T23:58:37.412696+00:00,ETH/USDT,NO TRADE,PASS,FAIL,PASS,FAIL,Risk,3.5,24.5
2026-07-02T23:58:38.610072+00:00,SOL/USDT,NO TRADE,PASS,FAIL,PASS,FAIL,Structure,2.5,20.5
2026-07-02T23:58:39.616463+00:00,BNB/USDT,NO TRADE,PASS,PASS,PASS,FAIL,Risk,0.0,21.0
2026-07-02T23:58:40.526598+00:00,XRP/USDT,NO TRADE,PASS,FAIL,FAIL,FAIL,Momentum,1.2,17.2
2026-07-02T23:58:41.812221+00:00,LINK/USDT,NO TRADE,PASS,PASS,PASS,FAIL,Risk,0.0,18.0
2026-07-02T23:58:43.442293+00:00,ADA/USDT,NO TRADE,FAIL,PASS,PASS,PASS,Trend,4.8,23.8
2026-07-02T23:58:44.454373+00:00,AVAX/USDT,NO TRADE,PASS,FAIL,PASS,FAIL,Structure,3.0,23.0
2026-07-02T23:58:45.265502+00:00,DOGE/USDT,NO TRADE,PASS,PASS,FAIL,FAIL,Momentum,0.2,21.2
2026-07-03T00:03:47.482267+00:00,BTC/USDT,NO TRADE,PASS,PASS,FAIL,FAIL,Momentum,1.2,19.2
2026-07-03T00:03:48.280067+00:00,ETH/USDT,NO TRADE,FAIL,FAIL,FAIL,FAIL,Trend,0.0,0.0
2026-07-03T00:03:49.171787+00:00,SOL/USDT,NO TRADE,PASS,FAIL,PASS,FAIL,Structure,2.5,20.5
2026-07-03T00:03:50.064341+00:00,BNB/USDT,NO TRADE,PASS,PASS,FAIL,FAIL,Momentum,1.2,17.2
2026-07-03T00:03:51.041395+00:00,XRP/USDT,NO TRADE,PASS,FAIL,FAIL,FAIL,Momentum,1.2,17.2
2026-07-03T00:03:51.928728+00:00,LINK/USDT,NO TRADE,PASS,PASS,PASS,FAIL,Risk,0.0,18.0
2026-07-03T00:03:53.016052+00:00,ADA/USDT,NO TRADE,FAIL,PASS,PASS,PASS,Trend,4.8,23.8
2026-07-03T00:03:53.910567+00:00,AVAX/USDT,NO TRADE,PASS,FAIL,PASS,FAIL,Structure,3.0,23.0
2026-07-03T00:03:54.798400+00:00,DOGE/USDT,NO TRADE,PASS,PASS,FAIL,FAIL,Momentum,2.2,18.2
2026-07-03T00:08:57.644885+00:00,BTC/USDT,NO TRADE,PASS,PASS,FAIL,FAIL,Momentum,1.2,19.2
2026-07-03T00:08:58.661460+00:00,ETH/USDT,NO TRADE,FAIL,FAIL,FAIL,FAIL,Trend,0.0,0.0
2026-07-03T00:08:59.626629+00:00,SOL/USDT,NO TRADE,PASS,FAIL,PASS,FAIL,Structure,2.5,20.5
2026-07-03T00:09:00.736774+00:00,BNB/USDT,NO TRADE,PASS,PASS,FAIL,FAIL,Momentum,1.2,17.2
2026-07-03T00:09:01.549479+00:00,XRP/USDT,NO TRADE,PASS,FAIL,FAIL,FAIL,Momentum,1.2,17.2
2026-07-03T00:09:02.562373+00:00,LINK/USDT,NO TRADE,PASS,PASS,PASS,FAIL,Risk,0.0,18.0
2026-07-03T00:09:03.565612+00:00,ADA/USDT,NO TRADE,PASS,FAIL,PASS,FAIL,Risk,3.5,21.5
2026-07-03T00:09:04.570975+00:00,AVAX/USDT,NO TRADE,PASS,FAIL,PASS,FAIL,Structure,3.0,23.0
2026-07-03T00:09:05.393443+00:00,DOGE/USDT,NO TRADE,PASS,PASS,FAIL,FAIL,Momentum,2.2,18.2
2026-07-03T00:14:07.738349+00:00,BTC/USDT,NO TRADE,PASS,PASS,FAIL,FAIL,Momentum,1.2,19.2
2026-07-03T00:14:08.551812+00:00,ETH/USDT,NO TRADE,FAIL,FAIL,FAIL,FAIL,Trend,0.0,0.0
2026-07-03T00:14:09.457919+00:00,SOL/USDT,NO TRADE,PASS,FAIL,PASS,FAIL,Structure,2.5,20.5
2026-07-03T00:14:10.350244+00:00,BNB/USDT,NO TRADE,PASS,PASS,FAIL,FAIL,Momentum,1.2,17.2
2026-07-03T00:14:11.247980+00:00,XRP/USDT,NO TRADE,PASS,FAIL,FAIL,FAIL,Momentum,1.2,17.2
2026-07-03T00:14:12.239874+00:00,LINK/USDT,NO TRADE,PASS,PASS,PASS,FAIL,Risk,0.0,18.0
2026-07-03T00:14:13.135019+00:00,ADA/USDT,NO TRADE,FAIL,FAIL,FAIL,FAIL,Trend,0.0,0.0
2026-07-03T00:14:14.132855+00:00,AVAX/USDT,NO TRADE,PASS,FAIL,PASS,FAIL,Structure,6.0,27.0
2026-07-03T00:14:15.030935+00:00,DOGE/USDT,NO TRADE,PASS,PASS,FAIL,FAIL,Momentum,2.2,18.2
2026-07-03T00:19:17.516030+00:00,BTC/USDT,NO TRADE,PASS,PASS,FAIL,FAIL,Momentum,1.2,19.2
2026-07-03T00:19:18.704957+00:00,ETH/USDT,NO TRADE,FAIL,FAIL,FAIL,FAIL,Trend,0.0,0.0
2026-07-03T00:19:19.611400+00:00,SOL/USDT,NO TRADE,PASS,FAIL,PASS,FAIL,Structure,2.5,20.5
2026-07-03T00:19:20.618705+00:00,BNB/USDT,NO TRADE,PASS,PASS,FAIL,FAIL,Momentum,1.2,17.2
2026-07-03T00:19:21.534540+00:00,XRP/USDT,NO TRADE,PASS,FAIL,FAIL,FAIL,Momentum,1.2,17.2
2026-07-03T00:19:22.646914+00:00,LINK/USDT,NO TRADE,PASS,PASS,PASS,FAIL,Risk,0.0,18.0
2026-07-03T00:19:23.722156+00:00,ADA/USDT,NO TRADE,PASS,FAIL,PASS,FAIL,Risk,3.5,21.5
2026-07-03T00:19:24.741693+00:00,AVAX/USDT,NO TRADE,PASS,FAIL,PASS,FAIL,Structure,3.0,23.0
2026-07-03T00:19:25.558191+00:00,DOGE/USDT,NO TRADE,PASS,PASS,FAIL,FAIL,Momentum,2.2,18.2
2026-07-03T00:24:28.222266+00:00,BTC/USDT,NO TRADE,PASS,PASS,FAIL,FAIL,Momentum,1.2,19.2
2026-07-03T00:24:29.036963+00:00,ETH/USDT,NO TRADE,FAIL,FAIL,FAIL,FAIL,Trend,0.0,0.0
2026-07-03T00:24:30.141536+00:00,SOL/USDT,NO TRADE,PASS,FAIL,PASS,FAIL,Structure,2.5,20.5
2026-07-03T00:24:31.076619+00:00,BNB/USDT,NO TRADE,PASS,PASS,FAIL,FAIL,Momentum,1.2,17.2
2026-07-03T00:24:31.879008+00:00,XRP/USDT,NO TRADE,PASS,FAIL,FAIL,FAIL,Momentum,1.2,17.2
2026-07-03T00:24:32.991411+00:00,LINK/USDT,NO TRADE,PASS,PASS,PASS,FAIL,Risk,0.0,18.0
2026-07-03T00:24:33.900982+00:00,ADA/USDT,NO TRADE,FAIL,FAIL,FAIL,FAIL,Trend,0.0,0.0
2026-07-03T00:24:34.910033+00:00,AVAX/USDT,NO TRADE,PASS,FAIL,PASS,FAIL,Structure,0.5,18.5
2026-07-03T00:24:35.723364+00:00,DOGE/USDT,NO TRADE,PASS,PASS,FAIL,FAIL,Momentum,2.2,18.2
2026-07-03T00:29:38.174241+00:00,BTC/USDT,NO TRADE,PASS,FAIL,FAIL,FAIL,Momentum,1.2,17.2
2026-07-03T00:29:39.084562+00:00,ETH/USDT,NO TRADE,FAIL,FAIL,FAIL,FAIL,Trend,0.0,0.0
2026-07-03T00:29:40.572269+00:00,SOL/USDT,NO TRADE,PASS,FAIL,PASS,FAIL,Structure,2.5,20.5
2026-07-03T00:29:41.471416+00:00,BNB/USDT,NO TRADE,PASS,PASS,FAIL,FAIL,Momentum,1.2,17.2
2026-07-03T00:29:42.278548+00:00,XRP/USDT,NO TRADE,PASS,FAIL,FAIL,FAIL,Momentum,1.2,17.2
2026-07-03T00:29:43.185584+00:00,LINK/USDT,NO TRADE,PASS,PASS,PASS,FAIL,Risk,0.0,18.0
2026-07-03T00:29:44.095304+00:00,ADA/USDT,NO TRADE,PASS,FAIL,PASS,FAIL,Risk,3.5,21.5
2026-07-03T00:29:45.100326+00:00,AVAX/USDT,NO TRADE,PASS,FAIL,PASS,FAIL,Structure,0.5,18.5
2026-07-03T00:29:46.011154+00:00,DOGE/USDT,NO TRADE,PASS,PASS,FAIL,FAIL,Momentum,2.2,18.2
2026-07-03T00:34:48.462757+00:00,BTC/USDT,NO TRADE,PASS,FAIL,FAIL,FAIL,Momentum,1.2,17.2
2026-07-03T00:34:49.474554+00:00,ETH/USDT,NO TRADE,PASS,FAIL,PASS,FAIL,Risk,3.5,21.5
2026-07-03T00:34:50.902227+00:00,SOL/USDT,NO TRADE,PASS,FAIL,PASS,FAIL,Structure,0.5,18.5
2026-07-03T00:34:51.966782+00:00,BNB/USDT,NO TRADE,PASS,PASS,FAIL,FAIL,Momentum,1.2,17.2
2026-07-03T00:34:52.873179+00:00,XRP/USDT,NO TRADE,PASS,FAIL,FAIL,FAIL,Momentum,1.2,17.2
2026-07-03T00:34:53.885042+00:00,LINK/USDT,NO TRADE,PASS,PASS,PASS,FAIL,Risk,0.0,18.0
2026-07-03T00:34:54.792837+00:00,ADA/USDT,NO TRADE,PASS,FAIL,PASS,FAIL,Risk,3.5,21.5
2026-07-03T00:34:56.826288+00:00,AVAX/USDT,NO TRADE,PASS,FAIL,PASS,FAIL,Structure,0.5,18.5
2026-07-03T00:34:58.654145+00:00,DOGE/USDT,NO TRADE,PASS,PASS,FAIL,FAIL,Momentum,2.2,18.2
2026-07-03T00:40:01.662749+00:00,BTC/USDT,NO TRADE,PASS,PASS,FAIL,FAIL,Momentum,1.2,19.2
2026-07-03T00:40:02.883158+00:00,ETH/USDT,NO TRADE,FAIL,FAIL,FAIL,FAIL,Trend,0.0,0.0
2026-07-03T00:40:04.457390+00:00,SOL/USDT,NO TRADE,PASS,FAIL,PASS,FAIL,Structure,2.5,20.5
2026-07-03T00:40:05.860390+00:00,BNB/USDT,NO TRADE,PASS,PASS,FAIL,FAIL,Momentum,1.2,17.2
2026-07-03T00:40:06.828125+00:00,XRP/USDT,NO TRADE,PASS,FAIL,FAIL,FAIL,Momentum,1.2,17.2
2026-07-03T00:40:07.937881+00:00,LINK/USDT,NO TRADE,PASS,PASS,PASS,FAIL,Risk,0.0,18.0
2026-07-03T00:40:09.060482+00:00,ADA/USDT,NO TRADE,PASS,FAIL,PASS,FAIL,Risk,3.5,21.5
2026-07-03T00:40:10.322160+00:00,AVAX/USDT,NO TRADE,PASS,FAIL,PASS,FAIL,Structure,0.5,18.5
2026-07-03T00:40:11.241091+00:00,DOGE/USDT,NO TRADE,PASS,PASS,FAIL,FAIL,Momentum,2.2,18.2
2026-07-03T00:45:13.740145+00:00,BTC/USDT,NO TRADE,PASS,PASS,FAIL,FAIL,Momentum,1.2,19.2
2026-07-03T00:45:14.824618+00:00,ETH/USDT,NO TRADE,FAIL,FAIL,FAIL,FAIL,Trend,0.0,0.0
2026-07-03T00:45:16.269517+00:00,SOL/USDT,NO TRADE,PASS,FAIL,PASS,FAIL,Structure,2.5,20.5
2026-07-03T00:45:17.272475+00:00,BNB/USDT,NO TRADE,PASS,PASS,FAIL,FAIL,Momentum,1.2,17.2
2026-07-03T00:45:18.265139+00:00,XRP/USDT,NO TRADE,PASS,FAIL,FAIL,FAIL,Momentum,1.2,17.2
2026-07-03T00:45:19.268523+00:00,LINK/USDT,NO TRADE,PASS,PASS,PASS,FAIL,Risk,0.0,18.0
2026-07-03T00:45:20.175294+00:00,ADA/USDT,NO TRADE,PASS,FAIL,PASS,FAIL,Risk,3.5,21.5
2026-07-03T00:45:21.182349+00:00,AVAX/USDT,NO TRADE,PASS,FAIL,PASS,FAIL,Structure,0.5,18.5
2026-07-03T00:45:22.167809+00:00,DOGE/USDT,NO TRADE,PASS,PASS,FAIL,FAIL,Momentum,2.2,18.2
2026-07-03T00:50:24.760564+00:00,BTC/USDT,NO TRADE,PASS,PASS,FAIL,FAIL,Momentum,1.2,19.2
2026-07-03T00:50:25.747717+00:00,ETH/USDT,NO TRADE,FAIL,FAIL,FAIL,FAIL,Trend,0.0,0.0
2026-07-03T00:50:28.356513+00:00,SOL/USDT,NO TRADE,PASS,FAIL,PASS,FAIL,Structure,2.5,20.5
2026-07-03T00:50:29.701614+00:00,BNB/USDT,NO TRADE,PASS,PASS,FAIL,FAIL,Momentum,1.2,17.2
2026-07-03T00:50:31.328671+00:00,XRP/USDT,NO TRADE,PASS,FAIL,FAIL,FAIL,Momentum,1.2,17.2
2026-07-03T00:50:32.474243+00:00,LINK/USDT,NO TRADE,PASS,PASS,PASS,FAIL,Risk,0.0,18.0
2026-07-03T00:50:33.995102+00:00,ADA/USDT,NO TRADE,PASS,FAIL,PASS,FAIL,Risk,3.5,21.5
2026-07-03T00:50:35.272986+00:00,AVAX/USDT,NO TRADE,PASS,FAIL,PASS,FAIL,Structure,0.5,18.5
2026-07-03T00:50:36.221077+00:00,DOGE/USDT,NO TRADE,PASS,PASS,FAIL,FAIL,Momentum,2.2,18.2
2026-07-03T00:55:39.805780+00:00,BTC/USDT,NO TRADE,PASS,PASS,FAIL,FAIL,Momentum,1.2,19.2
2026-07-03T00:55:41.227509+00:00,ETH/USDT,NO TRADE,FAIL,FAIL,FAIL,FAIL,Trend,0.0,0.0
2026-07-03T00:55:42.277760+00:00,SOL/USDT,NO TRADE,PASS,FAIL,PASS,FAIL,Structure,2.5,20.5
2026-07-03T00:55:43.533431+00:00,BNB/USDT,NO TRADE,PASS,PASS,FAIL,FAIL,Momentum,1.2,17.2
2026-07-03T00:55:45.225126+00:00,XRP/USDT,NO TRADE,PASS,FAIL,FAIL,FAIL,Momentum,1.2,17.2
2026-07-03T00:55:46.230431+00:00,LINK/USDT,NO TRADE,PASS,PASS,PASS,FAIL,Risk,0.0,18.0
2026-07-03T00:55:47.243017+00:00,ADA/USDT,NO TRADE,PASS,FAIL,PASS,FAIL,Risk,3.5,21.5
2026-07-03T00:55:48.354099+00:00,AVAX/USDT,NO TRADE,PASS,FAIL,PASS,FAIL,Structure,0.5,18.5
2026-07-03T00:55:49.164292+00:00,DOGE/USDT,NO TRADE,PASS,PASS,FAIL,FAIL,Momentum,2.2,18.2
2026-07-03T01:00:52.575454+00:00,BTC/USDT,NO TRADE,PASS,FAIL,FAIL,FAIL,Momentum,1.2,17.2
2026-07-03T01:00:53.493888+00:00,ETH/USDT,NO TRADE,FAIL,FAIL,FAIL,FAIL,Trend,0.0,0.0
2026-07-03T01:00:54.506741+00:00,SOL/USDT,NO TRADE,PASS,FAIL,PASS,FAIL,Structure,2.5,20.5
2026-07-03T01:00:55.406593+00:00,BNB/USDT,NO TRADE,PASS,PASS,FAIL,FAIL,Momentum,1.2,17.2
2026-07-03T01:00:56.526561+00:00,XRP/USDT,NO TRADE,PASS,FAIL,FAIL,FAIL,Momentum,1.2,17.2
2026-07-03T01:00:57.629589+00:00,LINK/USDT,NO TRADE,PASS,PASS,PASS,FAIL,Risk,0.0,18.0
2026-07-03T01:00:58.608026+00:00,ADA/USDT,NO TRADE,FAIL,PASS,PASS,PASS,Trend,4.8,23.8
2026-07-03T01:00:59.612259+00:00,AVAX/USDT,NO TRADE,PASS,FAIL,PASS,FAIL,Structure,0.5,18.5
2026-07-03T01:01:00.424926+00:00,DOGE/USDT,NO TRADE,PASS,PASS,FAIL,FAIL,Momentum,2.2,18.2
2026-07-03T01:06:03.823813+00:00,BTC/USDT,NO TRADE,PASS,PASS,FAIL,FAIL,Momentum,1.2,19.2
2026-07-03T01:06:04.792182+00:00,ETH/USDT,NO TRADE,FAIL,FAIL,FAIL,FAIL,Trend,0.0,0.0
2026-07-03T01:06:05.850390+00:00,SOL/USDT,NO TRADE,FAIL,FAIL,FAIL,FAIL,Trend,0.0,0.0
2026-07-03T01:06:06.910870+00:00,BNB/USDT,NO TRADE,PASS,PASS,FAIL,FAIL,Momentum,1.2,17.2
2026-07-03T01:06:08.618421+00:00,XRP/USDT,NO TRADE,PASS,FAIL,FAIL,FAIL,Momentum,1.2,17.2
2026-07-03T01:06:09.726295+00:00,LINK/USDT,NO TRADE,PASS,PASS,PASS,FAIL,Risk,0.0,18.0
2026-07-03T01:06:10.687288+00:00,ADA/USDT,NO TRADE,FAIL,PASS,PASS,PASS,Trend,4.8,23.8
2026-07-03T01:06:12.333693+00:00,AVAX/USDT,NO TRADE,PASS,FAIL,PASS,FAIL,Structure,6.0,27.0
2026-07-03T01:06:13.526091+00:00,DOGE/USDT,NO TRADE,PASS,PASS,FAIL,FAIL,Momentum,2.2,18.2
2026-07-03T01:11:17.234414+00:00,BTC/USDT,NO TRADE,PASS,PASS,FAIL,PASS,Momentum,1.2,23.2
2026-07-03T01:11:18.938093+00:00,ETH/USDT,NO TRADE,FAIL,PASS,PASS,PASS,Trend,4.8,23.8
2026-07-03T01:11:20.264678+00:00,SOL/USDT,NO TRADE,FAIL,FAIL,FAIL,FAIL,Trend,0.0,0.0
2026-07-03T01:11:21.259767+00:00,BNB/USDT,NO TRADE,PASS,PASS,FAIL,FAIL,Momentum,1.2,17.2
2026-07-03T01:11:22.256921+00:00,XRP/USDT,NO TRADE,PASS,FAIL,FAIL,FAIL,Momentum,1.2,17.2
2026-07-03T01:11:23.463034+00:00,LINK/USDT,NO TRADE,PASS,PASS,PASS,FAIL,Risk,0.0,18.0
2026-07-03T01:11:24.531000+00:00,ADA/USDT,NO TRADE,FAIL,PASS,PASS,PASS,Trend,4.8,23.8
2026-07-03T01:11:25.632727+00:00,AVAX/USDT,NO TRADE,PASS,FAIL,PASS,FAIL,Structure,6.0,27.0
2026-07-03T01:11:26.535724+00:00,DOGE/USDT,NO TRADE,PASS,PASS,FAIL,FAIL,Momentum,2.2,18.2
2026-07-03T01:16:28.978778+00:00,BTC/USDT,NO TRADE,PASS,PASS,FAIL,PASS,Momentum,1.2,23.2
2026-07-03T01:16:29.798052+00:00,ETH/USDT,NO TRADE,FAIL,PASS,PASS,PASS,Trend,4.8,23.8
2026-07-03T01:16:30.923002+00:00,SOL/USDT,NO TRADE,FAIL,FAIL,FAIL,FAIL,Trend,0.0,0.0
2026-07-03T01:16:31.935232+00:00,BNB/USDT,NO TRADE,PASS,FAIL,FAIL,FAIL,Momentum,1.2,17.2
2026-07-03T01:16:32.739980+00:00,XRP/USDT,NO TRADE,PASS,FAIL,FAIL,FAIL,Momentum,1.2,17.2
2026-07-03T01:16:34.379340+00:00,LINK/USDT,NO TRADE,PASS,PASS,PASS,FAIL,Risk,3.0,21.0
2026-07-03T01:16:35.277614+00:00,ADA/USDT,NO TRADE,FAIL,PASS,PASS,PASS,Trend,4.8,23.8
2026-07-03T01:16:36.402545+00:00,AVAX/USDT,NO TRADE,PASS,FAIL,PASS,FAIL,Structure,6.0,27.0
2026-07-03T01:16:37.306165+00:00,DOGE/USDT,NO TRADE,PASS,PASS,FAIL,FAIL,Momentum,2.2,20.2
2026-07-03T01:21:40.730295+00:00,BTC/USDT,NO TRADE,PASS,PASS,FAIL,PASS,Momentum,1.2,23.2
2026-07-03T01:21:42.817720+00:00,ETH/USDT,NO TRADE,FAIL,PASS,PASS,PASS,Trend,4.8,23.8
2026-07-03T01:21:43.919509+00:00,SOL/USDT,NO TRADE,FAIL,FAIL,FAIL,FAIL,Trend,0.0,0.0
2026-07-03T01:21:44.913534+00:00,BNB/USDT,NO TRADE,PASS,FAIL,FAIL,FAIL,Momentum,1.2,17.2
2026-07-03T01:21:45.716726+00:00,XRP/USDT,NO TRADE,PASS,FAIL,FAIL,FAIL,Momentum,1.2,17.2
2026-07-03T01:21:46.824203+00:00,LINK/USDT,NO TRADE,FAIL,FAIL,FAIL,FAIL,Trend,0.0,0.0
2026-07-03T01:21:47.747617+00:00,ADA/USDT,NO TRADE,PASS,FAIL,PASS,FAIL,Risk,5.25,26.25
2026-07-03T01:21:48.848154+00:00,AVAX/USDT,NO TRADE,PASS,FAIL,PASS,FAIL,Structure,6.0,27.0
2026-07-03T01:21:49.964744+00:00,DOGE/USDT,NO TRADE,PASS,PASS,FAIL,PASS,Momentum,2.2,24.2
2026-07-03T01:26:53.732702+00:00,BTC/USDT,NO TRADE,PASS,PASS,FAIL,PASS,Momentum,1.2,23.2
2026-07-03T01:26:55.576939+00:00,ETH/USDT,NO TRADE,FAIL,PASS,PASS,PASS,Trend,4.8,23.8
2026-07-03T01:26:57.219351+00:00,SOL/USDT,NO TRADE,FAIL,FAIL,FAIL,FAIL,Trend,0.0,0.0
2026-07-03T01:26:58.434201+00:00,BNB/USDT,NO TRADE,PASS,FAIL,FAIL,FAIL,Momentum,1.2,17.2
2026-07-03T01:26:59.238322+00:00,XRP/USDT,NO TRADE,PASS,FAIL,FAIL,FAIL,Momentum,1.2,17.2
2026-07-03T01:27:00.539648+00:00,LINK/USDT,NO TRADE,PASS,FAIL,PASS,FAIL,Risk,3.5,21.5
2026-07-03T01:27:01.544169+00:00,ADA/USDT,NO TRADE,PASS,FAIL,PASS,FAIL,Risk,5.25,26.25
2026-07-03T01:27:02.649962+00:00,AVAX/USDT,NO TRADE,PASS,FAIL,PASS,FAIL,Structure,6.0,27.0
2026-07-03T01:27:03.554475+00:00,DOGE/USDT,NO TRADE,PASS,PASS,FAIL,PASS,Momentum,2.2,24.2
2026-07-03T01:32:07.437793+00:00,BTC/USDT,NO TRADE,PASS,PASS,FAIL,PASS,Momentum,1.2,23.2
2026-07-03T01:32:08.516795+00:00,ETH/USDT,NO TRADE,FAIL,PASS,PASS,PASS,Trend,4.8,23.8
2026-07-03T01:32:09.682484+00:00,SOL/USDT,NO TRADE,FAIL,FAIL,FAIL,FAIL,Trend,0.0,0.0
2026-07-03T01:32:10.696978+00:00,BNB/USDT,NO TRADE,PASS,FAIL,FAIL,FAIL,Momentum,1.2,17.2
2026-07-03T01:32:11.505536+00:00,XRP/USDT,NO TRADE,PASS,FAIL,FAIL,FAIL,Momentum,1.2,17.2
2026-07-03T01:32:12.506510+00:00,LINK/USDT,NO TRADE,FAIL,FAIL,FAIL,FAIL,Trend,0.0,0.0
2026-07-03T01:32:13.425707+00:00,ADA/USDT,NO TRADE,PASS,FAIL,PASS,FAIL,Risk,5.25,26.25
2026-07-03T01:32:14.428227+00:00,AVAX/USDT,NO TRADE,PASS,FAIL,PASS,FAIL,Structure,7.75,28.75
2026-07-03T01:32:15.240290+00:00,DOGE/USDT,NO TRADE,PASS,PASS,FAIL,PASS,Momentum,2.2,24.2
2026-07-03T01:37:18.544928+00:00,BTC/USDT,NO TRADE,PASS,PASS,FAIL,PASS,Momentum,1.2,23.2
2026-07-03T01:37:19.624886+00:00,ETH/USDT,NO TRADE,FAIL,PASS,PASS,PASS,Trend,4.8,23.8
2026-07-03T01:37:20.641102+00:00,SOL/USDT,NO TRADE,FAIL,PASS,PASS,PASS,Trend,4.8,24.8
2026-07-03T01:37:21.742763+00:00,BNB/USDT,NO TRADE,PASS,FAIL,FAIL,PASS,Momentum,1.2,21.2
2026-07-03T01:37:22.760388+00:00,XRP/USDT,NO TRADE,PASS,PASS,FAIL,PASS,Momentum,1.2,23.2
2026-07-03T01:37:24.313347+00:00,LINK/USDT,NO TRADE,FAIL,FAIL,FAIL,FAIL,Trend,0.0,0.0
2026-07-03T01:37:25.482985+00:00,ADA/USDT,NO TRADE,PASS,FAIL,PASS,FAIL,Risk,5.25,26.25
2026-07-03T01:37:26.663969+00:00,AVAX/USDT,NO TRADE,PASS,FAIL,PASS,FAIL,Structure,7.75,28.75
2026-07-03T01:37:27.667041+00:00,DOGE/USDT,NO TRADE,PASS,PASS,FAIL,PASS,Momentum,2.2,24.2
2026-07-03T01:42:31.021278+00:00,BTC/USDT,NO TRADE,PASS,PASS,FAIL,PASS,Momentum,1.2,23.2
2026-07-03T01:42:31.924540+00:00,ETH/USDT,NO TRADE,FAIL,PASS,PASS,PASS,Trend,4.8,23.8
2026-07-03T01:42:32.848828+00:00,SOL/USDT,NO TRADE,FAIL,PASS,PASS,PASS,Trend,4.8,24.8
2026-07-03T01:42:34.338196+00:00,BNB/USDT,NO TRADE,PASS,PASS,FAIL,PASS,Momentum,1.2,23.2
2026-07-03T01:42:36.211254+00:00,XRP/USDT,NO TRADE,PASS,PASS,FAIL,PASS,Momentum,1.2,23.2
2026-07-03T01:42:37.735597+00:00,LINK/USDT,NO TRADE,FAIL,FAIL,FAIL,FAIL,Trend,0.0,0.0
2026-07-03T01:42:38.804208+00:00,ADA/USDT,NO TRADE,PASS,FAIL,PASS,FAIL,Risk,5.25,26.25
2026-07-03T01:42:40.056954+00:00,AVAX/USDT,NO TRADE,PASS,FAIL,PASS,FAIL,Structure,7.75,28.75
2026-07-03T01:42:41.031061+00:00,DOGE/USDT,NO TRADE,PASS,PASS,FAIL,PASS,Momentum,2.2,24.2
2026-07-03T01:47:44.454541+00:00,BTC/USDT,NO TRADE,PASS,PASS,FAIL,PASS,Momentum,1.2,23.2
2026-07-03T01:47:45.644027+00:00,ETH/USDT,NO TRADE,FAIL,PASS,PASS,PASS,Trend,4.8,23.8
2026-07-03T01:47:46.798772+00:00,SOL/USDT,NO TRADE,FAIL,PASS,PASS,PASS,Trend,4.8,24.8
2026-07-03T01:47:47.709458+00:00,BNB/USDT,NO TRADE,PASS,PASS,FAIL,PASS,Momentum,1.2,23.2
2026-07-03T01:47:48.516543+00:00,XRP/USDT,NO TRADE,PASS,FAIL,FAIL,PASS,Momentum,1.2,21.2
2026-07-03T01:47:49.613675+00:00,LINK/USDT,NO TRADE,FAIL,FAIL,FAIL,FAIL,Trend,0.0,0.0
2026-07-03T01:47:50.527020+00:00,ADA/USDT,NO TRADE,PASS,FAIL,PASS,FAIL,Risk,5.25,26.25
2026-07-03T01:47:51.531241+00:00,AVAX/USDT,NO TRADE,PASS,FAIL,PASS,FAIL,Structure,7.75,28.75
2026-07-03T01:47:52.431575+00:00,DOGE/USDT,NO TRADE,PASS,PASS,FAIL,PASS,Momentum,2.2,24.2
2026-07-03T01:52:56.862000+00:00,BTC/USDT,NO TRADE,PASS,PASS,FAIL,PASS,Momentum,1.2,23.2
2026-07-03T01:52:58.089629+00:00,ETH/USDT,NO TRADE,FAIL,PASS,PASS,PASS,Trend,4.8,23.8
2026-07-03T01:52:59.525317+00:00,SOL/USDT,NO TRADE,FAIL,PASS,PASS,PASS,Trend,4.8,24.8
2026-07-03T01:53:00.682937+00:00,BNB/USDT,NO TRADE,PASS,PASS,FAIL,PASS,Momentum,1.2,23.2
2026-07-03T01:53:01.752250+00:00,XRP/USDT,NO TRADE,PASS,FAIL,FAIL,PASS,Momentum,1.2,21.2
2026-07-03T01:53:02.748048+00:00,LINK/USDT,NO TRADE,FAIL,FAIL,FAIL,FAIL,Trend,0.0,0.0
2026-07-03T01:53:03.818830+00:00,ADA/USDT,NO TRADE,PASS,FAIL,PASS,FAIL,Risk,5.25,26.25
2026-07-03T01:53:04.727727+00:00,AVAX/USDT,NO TRADE,PASS,FAIL,PASS,FAIL,Structure,7.75,28.75
2026-07-03T01:53:05.634982+00:00,DOGE/USDT,NO TRADE,PASS,PASS,FAIL,PASS,Momentum,2.2,25.2
2026-07-03T01:58:08.996993+00:00,BTC/USDT,NO TRADE,PASS,PASS,FAIL,PASS,Momentum,1.2,23.2
2026-07-03T01:58:09.930819+00:00,ETH/USDT,NO TRADE,FAIL,PASS,PASS,PASS,Trend,4.8,23.8
2026-07-03T01:58:10.956049+00:00,SOL/USDT,NO TRADE,FAIL,PASS,PASS,PASS,Trend,4.8,24.8
2026-07-03T01:58:11.979820+00:00,BNB/USDT,NO TRADE,PASS,PASS,FAIL,PASS,Momentum,1.2,23.2
2026-07-03T01:58:12.805540+00:00,XRP/USDT,NO TRADE,PASS,PASS,FAIL,PASS,Momentum,1.2,23.2
2026-07-03T01:58:13.836781+00:00,LINK/USDT,NO TRADE,FAIL,FAIL,FAIL,FAIL,Trend,0.0,0.0
2026-07-03T01:58:14.767280+00:00,ADA/USDT,NO TRADE,PASS,FAIL,PASS,FAIL,Risk,5.25,26.25
2026-07-03T01:58:15.796346+00:00,AVAX/USDT,NO TRADE,PASS,FAIL,PASS,FAIL,Structure,7.75,28.75
2026-07-03T01:58:16.618372+00:00,DOGE/USDT,NO TRADE,PASS,PASS,FAIL,PASS,Momentum,2.2,24.2
2026-07-03T02:03:20.149283+00:00,BTC/USDT,NO TRADE,PASS,PASS,FAIL,PASS,Momentum,1.2,23.2
2026-07-03T02:03:21.134335+00:00,ETH/USDT,NO TRADE,FAIL,PASS,PASS,PASS,Trend,4.8,23.8
2026-07-03T02:03:22.129012+00:00,SOL/USDT,NO TRADE,FAIL,PASS,PASS,PASS,Trend,4.8,24.8
2026-07-03T02:03:23.123181+00:00,BNB/USDT,NO TRADE,PASS,PASS,FAIL,PASS,Momentum,1.2,23.2
2026-07-03T02:03:23.977960+00:00,XRP/USDT,NO TRADE,PASS,PASS,FAIL,PASS,Momentum,1.2,23.2
2026-07-03T02:03:25.090213+00:00,LINK/USDT,NO TRADE,FAIL,FAIL,FAIL,FAIL,Trend,0.0,0.0
2026-07-03T02:03:26.090106+00:00,ADA/USDT,NO TRADE,PASS,FAIL,PASS,FAIL,Risk,5.25,26.25
2026-07-03T02:03:27.191371+00:00,AVAX/USDT,NO TRADE,PASS,FAIL,PASS,FAIL,Structure,7.75,28.75
2026-07-03T02:03:28.288987+00:00,DOGE/USDT,NO TRADE,PASS,PASS,FAIL,PASS,Momentum,2.2,24.2
2026-07-03T02:08:31.345519+00:00,BTC/USDT,NO TRADE,PASS,PASS,FAIL,PASS,Momentum,1.2,23.2
2026-07-03T02:08:32.174396+00:00,ETH/USDT,NO TRADE,FAIL,PASS,PASS,PASS,Trend,4.8,23.8
2026-07-03T02:08:33.282847+00:00,SOL/USDT,NO TRADE,FAIL,PASS,PASS,PASS,Trend,4.8,24.8
2026-07-03T02:08:34.182941+00:00,BNB/USDT,NO TRADE,PASS,FAIL,FAIL,PASS,Momentum,1.2,21.2
2026-07-03T02:08:34.992639+00:00,XRP/USDT,NO TRADE,PASS,FAIL,FAIL,PASS,Momentum,1.2,21.2
2026-07-03T02:08:35.988738+00:00,LINK/USDT,NO TRADE,PASS,FAIL,PASS,FAIL,Risk,3.5,21.5
2026-07-03T02:08:37.002968+00:00,ADA/USDT,NO TRADE,PASS,FAIL,PASS,FAIL,Risk,5.25,26.25
2026-07-03T02:08:38.005633+00:00,AVAX/USDT,NO TRADE,PASS,FAIL,PASS,FAIL,Structure,7.75,28.75
2026-07-03T02:08:38.834139+00:00,DOGE/USDT,NO TRADE,PASS,PASS,FAIL,PASS,Momentum,2.2,24.2
2026-07-03T02:13:42.093687+00:00,BTC/USDT,NO TRADE,PASS,PASS,FAIL,PASS,Momentum,1.2,23.2
2026-07-03T02:13:43.018675+00:00,ETH/USDT,NO TRADE,FAIL,PASS,PASS,PASS,Trend,4.8,23.8
2026-07-03T02:13:44.139604+00:00,SOL/USDT,NO TRADE,FAIL,FAIL,FAIL,FAIL,Trend,0.0,0.0
2026-07-03T02:13:45.156696+00:00,BNB/USDT,NO TRADE,PASS,FAIL,FAIL,FAIL,Momentum,1.2,17.2
2026-07-03T02:13:45.998064+00:00,XRP/USDT,NO TRADE,PASS,FAIL,FAIL,FAIL,Momentum,1.2,17.2
2026-07-03T02:13:47.029354+00:00,LINK/USDT,NO TRADE,PASS,FAIL,PASS,FAIL,Risk,3.5,21.5
2026-07-03T02:13:47.948797+00:00,ADA/USDT,NO TRADE,PASS,FAIL,PASS,FAIL,Risk,5.25,26.25
2026-07-03T02:13:48.965716+00:00,AVAX/USDT,NO TRADE,PASS,FAIL,PASS,FAIL,Structure,7.75,28.75
2026-07-03T02:13:49.788527+00:00,DOGE/USDT,NO TRADE,PASS,PASS,FAIL,PASS,Momentum,2.2,24.2
2026-07-03T02:18:53.239701+00:00,BTC/USDT,NO TRADE,PASS,PASS,FAIL,PASS,Momentum,1.2,23.2
2026-07-03T02:18:54.157419+00:00,ETH/USDT,NO TRADE,FAIL,PASS,PASS,PASS,Trend,4.8,23.8
2026-07-03T02:18:55.166249+00:00,SOL/USDT,NO TRADE,FAIL,FAIL,FAIL,FAIL,Trend,0.0,0.0
2026-07-03T02:18:56.175775+00:00,BNB/USDT,NO TRADE,PASS,FAIL,FAIL,PASS,Momentum,1.2,21.2
2026-07-03T02:18:56.980459+00:00,XRP/USDT,NO TRADE,PASS,FAIL,FAIL,FAIL,Momentum,1.2,17.2
2026-07-03T02:18:57.975031+00:00,LINK/USDT,NO TRADE,PASS,FAIL,PASS,FAIL,Risk,3.5,21.5
2026-07-03T02:19:00.121279+00:00,ADA/USDT,NO TRADE,PASS,FAIL,PASS,FAIL,Risk,5.25,26.25
2026-07-03T02:19:01.871637+00:00,AVAX/USDT,NO TRADE,PASS,FAIL,PASS,FAIL,Structure,7.75,28.75
2026-07-03T02:19:03.316408+00:00,DOGE/USDT,NO TRADE,PASS,PASS,FAIL,PASS,Momentum,2.2,24.2
2026-07-03T02:24:06.387056+00:00,BTC/USDT,NO TRADE,PASS,PASS,FAIL,PASS,Momentum,1.2,23.2
2026-07-03T02:24:07.197581+00:00,ETH/USDT,NO TRADE,FAIL,PASS,PASS,PASS,Trend,4.8,23.8
2026-07-03T02:24:08.083172+00:00,SOL/USDT,NO TRADE,FAIL,PASS,PASS,PASS,Trend,4.8,24.8
2026-07-03T02:24:08.999200+00:00,BNB/USDT,NO TRADE,PASS,PASS,FAIL,PASS,Momentum,1.2,23.2
2026-07-03T02:24:09.896360+00:00,XRP/USDT,NO TRADE,PASS,FAIL,FAIL,PASS,Momentum,1.2,21.2
2026-07-03T02:24:11.588539+00:00,LINK/USDT,NO TRADE,PASS,FAIL,PASS,FAIL,Risk,3.5,21.5
2026-07-03T02:24:12.998978+00:00,ADA/USDT,NO TRADE,PASS,FAIL,PASS,FAIL,Risk,5.25,26.25
2026-07-03T02:24:14.233990+00:00,AVAX/USDT,NO TRADE,PASS,FAIL,PASS,FAIL,Structure,7.75,28.75
2026-07-03T02:24:15.704113+00:00,DOGE/USDT,NO TRADE,PASS,PASS,FAIL,PASS,Momentum,2.2,24.2
2026-07-03T02:29:18.990960+00:00,BTC/USDT,NO TRADE,PASS,PASS,FAIL,FAIL,Momentum,1.2,19.2
2026-07-03T02:29:19.899842+00:00,ETH/USDT,NO TRADE,FAIL,FAIL,FAIL,FAIL,Trend,0.0,0.0
2026-07-03T02:29:20.907033+00:00,SOL/USDT,NO TRADE,FAIL,FAIL,FAIL,FAIL,Trend,0.0,0.0
2026-07-03T02:29:21.912716+00:00,BNB/USDT,NO TRADE,PASS,FAIL,FAIL,FAIL,Momentum,1.2,17.2
2026-07-03T02:29:22.715730+00:00,XRP/USDT,NO TRADE,PASS,FAIL,FAIL,FAIL,Momentum,1.2,17.2
2026-07-03T02:29:23.722155+00:00,LINK/USDT,NO TRADE,PASS,PASS,PASS,FAIL,Risk,0.0,18.0
2026-07-03T02:29:24.726308+00:00,ADA/USDT,NO TRADE,PASS,FAIL,PASS,FAIL,Risk,5.25,26.25
2026-07-03T02:29:25.718800+00:00,AVAX/USDT,NO TRADE,PASS,FAIL,PASS,FAIL,Structure,7.75,28.75
2026-07-03T02:29:26.531906+00:00,DOGE/USDT,NO TRADE,PASS,PASS,FAIL,PASS,Momentum,2.2,24.2
2026-07-03T02:34:29.793443+00:00,BTC/USDT,NO TRADE,PASS,PASS,FAIL,FAIL,Momentum,1.2,19.2
2026-07-03T02:34:30.858765+00:00,ETH/USDT,NO TRADE,PASS,FAIL,PASS,FAIL,Risk,3.5,21.5
2026-07-03T02:34:31.829469+00:00,SOL/USDT,NO TRADE,FAIL,FAIL,FAIL,FAIL,Trend,0.0,0.0
2026-07-03T02:34:32.759529+00:00,BNB/USDT,NO TRADE,PASS,FAIL,FAIL,FAIL,Momentum,1.2,17.2
2026-07-03T02:34:33.608590+00:00,XRP/USDT,NO TRADE,PASS,FAIL,FAIL,FAIL,Momentum,1.2,17.2
2026-07-03T02:34:34.642418+00:00,LINK/USDT,NO TRADE,PASS,PASS,PASS,FAIL,Risk,3.0,21.0
2026-07-03T02:34:35.592916+00:00,ADA/USDT,NO TRADE,PASS,FAIL,PASS,FAIL,Risk,5.25,26.25
2026-07-03T02:34:36.527506+00:00,AVAX/USDT,NO TRADE,PASS,FAIL,PASS,FAIL,Structure,7.75,28.75
2026-07-03T02:34:37.455961+00:00,DOGE/USDT,NO TRADE,PASS,PASS,FAIL,PASS,Momentum,2.2,24.2
2026-07-03T02:39:40.895464+00:00,BTC/USDT,NO TRADE,PASS,PASS,FAIL,FAIL,Momentum,1.2,19.2
2026-07-03T02:39:41.880194+00:00,ETH/USDT,NO TRADE,PASS,FAIL,PASS,FAIL,Risk,3.5,21.5
2026-07-03T02:39:43.149059+00:00,SOL/USDT,NO TRADE,PASS,FAIL,PASS,FAIL,Structure,2.5,20.5
2026-07-03T02:39:44.049137+00:00,BNB/USDT,NO TRADE,PASS,FAIL,FAIL,FAIL,Momentum,1.2,17.2
2026-07-03T02:39:45.036807+00:00,XRP/USDT,NO TRADE,PASS,FAIL,FAIL,FAIL,Momentum,1.2,17.2
2026-07-03T02:39:45.930981+00:00,LINK/USDT,NO TRADE,PASS,PASS,PASS,FAIL,Risk,3.0,21.0
2026-07-03T02:39:46.756681+00:00,ADA/USDT,NO TRADE,PASS,FAIL,PASS,FAIL,Risk,5.25,26.25
2026-07-03T02:39:47.764907+00:00,AVAX/USDT,NO TRADE,PASS,FAIL,PASS,FAIL,Structure,7.75,28.75
2026-07-03T02:39:48.574642+00:00,DOGE/USDT,NO TRADE,PASS,PASS,FAIL,PASS,Momentum,2.2,24.2
2026-07-03T02:44:51.832410+00:00,BTC/USDT,NO TRADE,PASS,PASS,FAIL,FAIL,Momentum,1.2,19.2
2026-07-03T02:44:53.020580+00:00,ETH/USDT,NO TRADE,PASS,FAIL,PASS,FAIL,Risk,3.5,21.5
2026-07-03T02:44:54.179788+00:00,SOL/USDT,NO TRADE,PASS,FAIL,PASS,FAIL,Structure,2.5,20.5
2026-07-03T02:44:55.930580+00:00,BNB/USDT,NO TRADE,PASS,FAIL,FAIL,FAIL,Momentum,1.2,17.2
2026-07-03T02:44:56.850166+00:00,XRP/USDT,NO TRADE,PASS,FAIL,FAIL,FAIL,Momentum,1.2,17.2
2026-07-03T02:44:58.027578+00:00,LINK/USDT,NO TRADE,PASS,PASS,PASS,FAIL,Risk,0.0,18.0
2026-07-03T02:44:59.034681+00:00,ADA/USDT,NO TRADE,PASS,FAIL,PASS,FAIL,Risk,5.25,26.25
2026-07-03T02:45:00.208084+00:00,AVAX/USDT,NO TRADE,PASS,FAIL,PASS,FAIL,Structure,7.75,28.75
2026-07-03T02:45:01.014636+00:00,DOGE/USDT,NO TRADE,PASS,PASS,FAIL,PASS,Momentum,2.2,24.2
2026-07-03T02:50:04.312985+00:00,BTC/USDT,NO TRADE,PASS,PASS,FAIL,FAIL,Momentum,1.2,19.2
2026-07-03T02:50:05.318095+00:00,ETH/USDT,NO TRADE,PASS,FAIL,PASS,FAIL,Risk,3.5,21.5
2026-07-03T02:50:06.322813+00:00,SOL/USDT,NO TRADE,PASS,FAIL,PASS,FAIL,Structure,2.5,20.5
2026-07-03T02:50:07.318556+00:00,BNB/USDT,NO TRADE,PASS,FAIL,FAIL,FAIL,Momentum,1.2,17.2
2026-07-03T02:50:08.219758+00:00,XRP/USDT,NO TRADE,PASS,FAIL,FAIL,FAIL,Momentum,1.2,17.2
2026-07-03T02:50:09.034091+00:00,LINK/USDT,NO TRADE,PASS,PASS,PASS,FAIL,Risk,0.0,18.0
2026-07-03T02:50:09.938000+00:00,ADA/USDT,NO TRADE,PASS,FAIL,PASS,FAIL,Risk,5.25,26.25
2026-07-03T02:50:10.942779+00:00,AVAX/USDT,NO TRADE,PASS,FAIL,PASS,FAIL,Structure,7.75,28.75
2026-07-03T02:50:11.745514+00:00,DOGE/USDT,NO TRADE,PASS,PASS,FAIL,PASS,Momentum,2.2,24.2
2026-07-03T02:55:15.100925+00:00,BTC/USDT,NO TRADE,PASS,PASS,FAIL,FAIL,Momentum,1.2,19.2
2026-07-03T02:55:15.955378+00:00,ETH/USDT,NO TRADE,PASS,FAIL,PASS,FAIL,Risk,3.5,21.5
2026-07-03T02:55:16.892007+00:00,SOL/USDT,NO TRADE,PASS,FAIL,PASS,FAIL,Structure,2.5,20.5
2026-07-03T02:55:17.815379+00:00,BNB/USDT,NO TRADE,PASS,FAIL,FAIL,PASS,Momentum,1.2,21.2
2026-07-03T02:55:18.738740+00:00,XRP/USDT,NO TRADE,PASS,FAIL,FAIL,FAIL,Momentum,1.2,17.2
2026-07-03T02:55:19.766271+00:00,LINK/USDT,NO TRADE,PASS,FAIL,PASS,FAIL,Risk,3.5,21.5
2026-07-03T02:55:21.475137+00:00,ADA/USDT,NO TRADE,PASS,FAIL,PASS,FAIL,Risk,5.25,26.25
2026-07-03T02:55:23.675235+00:00,AVAX/USDT,NO TRADE,PASS,FAIL,PASS,FAIL,Structure,7.75,28.75
2026-07-03T02:55:24.677522+00:00,DOGE/USDT,NO TRADE,PASS,PASS,FAIL,PASS,Momentum,2.2,24.2
2026-07-03T03:00:28.219326+00:00,BTC/USDT,NO TRADE,PASS,PASS,FAIL,FAIL,Momentum,1.2,19.2
2026-07-03T03:00:30.123742+00:00,ETH/USDT,NO TRADE,PASS,FAIL,PASS,FAIL,Risk,3.5,21.5
2026-07-03T03:00:31.678966+00:00,SOL/USDT,NO TRADE,PASS,FAIL,PASS,FAIL,Structure,2.5,20.5
2026-07-03T03:00:33.246685+00:00,BNB/USDT,NO TRADE,PASS,FAIL,FAIL,PASS,Momentum,1.2,21.2
2026-07-03T03:00:34.639563+00:00,XRP/USDT,NO TRADE,PASS,FAIL,FAIL,FAIL,Momentum,1.2,17.2
2026-07-03T03:00:35.653255+00:00,LINK/USDT,NO TRADE,PASS,FAIL,PASS,FAIL,Risk,3.5,21.5
2026-07-03T03:00:36.466215+00:00,ADA/USDT,NO TRADE,PASS,FAIL,PASS,FAIL,Risk,5.25,26.25
2026-07-03T03:00:37.583982+00:00,AVAX/USDT,NO TRADE,PASS,FAIL,PASS,FAIL,Structure,7.75,28.75
2026-07-03T03:00:38.577810+00:00,DOGE/USDT,NO TRADE,PASS,PASS,FAIL,PASS,Momentum,2.2,24.2
2026-07-03T03:05:41.787837+00:00,BTC/USDT,NO TRADE,PASS,PASS,FAIL,FAIL,Momentum,1.2,19.2
2026-07-03T03:05:42.666627+00:00,ETH/USDT,NO TRADE,PASS,FAIL,PASS,FAIL,Risk,3.5,21.5
2026-07-03T03:05:43.460805+00:00,SOL/USDT,NO TRADE,PASS,FAIL,PASS,FAIL,Structure,2.5,20.5
2026-07-03T03:05:44.332995+00:00,BNB/USDT,NO TRADE,PASS,FAIL,FAIL,FAIL,Momentum,1.2,17.2
2026-07-03T03:05:45.220256+00:00,XRP/USDT,NO TRADE,PASS,FAIL,FAIL,FAIL,Momentum,1.2,17.2
2026-07-03T03:05:46.129361+00:00,LINK/USDT,NO TRADE,PASS,FAIL,PASS,FAIL,Risk,3.5,21.5
2026-07-03T03:05:47.010454+00:00,ADA/USDT,NO TRADE,PASS,FAIL,PASS,FAIL,Risk,5.25,26.25
2026-07-03T03:05:47.886199+00:00,AVAX/USDT,NO TRADE,PASS,FAIL,PASS,FAIL,Structure,7.75,28.75
2026-07-03T03:05:48.867447+00:00,DOGE/USDT,NO TRADE,PASS,PASS,FAIL,PASS,Momentum,2.2,24.2
2026-07-03T03:10:52.241391+00:00,BTC/USDT,NO TRADE,PASS,PASS,FAIL,FAIL,Momentum,1.2,19.2
2026-07-03T03:10:53.037897+00:00,ETH/USDT,NO TRADE,PASS,FAIL,PASS,FAIL,Risk,3.5,21.5
2026-07-03T03:10:53.942655+00:00,SOL/USDT,NO TRADE,PASS,FAIL,PASS,FAIL,Structure,0.5,18.5
2026-07-03T03:10:54.822724+00:00,BNB/USDT,NO TRADE,PASS,FAIL,FAIL,FAIL,Momentum,1.2,17.2
2026-07-03T03:10:55.708639+00:00,XRP/USDT,NO TRADE,PASS,FAIL,FAIL,FAIL,Momentum,1.2,17.2
2026-07-03T03:10:56.619973+00:00,LINK/USDT,NO TRADE,PASS,PASS,PASS,FAIL,Risk,0.0,18.0
2026-07-03T03:10:58.281275+00:00,ADA/USDT,NO TRADE,PASS,FAIL,PASS,FAIL,Risk,5.25,26.25
2026-07-03T03:10:59.831248+00:00,AVAX/USDT,NO TRADE,PASS,FAIL,PASS,FAIL,Structure,6.0,27.0
2026-07-03T03:11:00.621558+00:00,DOGE/USDT,NO TRADE,PASS,PASS,FAIL,FAIL,Momentum,2.2,20.2
2026-07-03T03:16:04.246131+00:00,BTC/USDT,NO TRADE,PASS,PASS,FAIL,FAIL,Momentum,1.2,19.2
2026-07-03T03:16:06.163997+00:00,ETH/USDT,NO TRADE,PASS,FAIL,PASS,FAIL,Risk,3.5,21.5
2026-07-03T03:16:07.686503+00:00,SOL/USDT,NO TRADE,PASS,FAIL,PASS,FAIL,Structure,0.5,18.5
2026-07-03T03:16:09.006039+00:00,BNB/USDT,NO TRADE,PASS,FAIL,FAIL,FAIL,Momentum,1.2,17.2
2026-07-03T03:16:09.835045+00:00,XRP/USDT,NO TRADE,PASS,FAIL,FAIL,FAIL,Momentum,1.2,17.2
2026-07-03T03:16:10.861528+00:00,LINK/USDT,NO TRADE,PASS,PASS,PASS,FAIL,Risk,0.0,18.0
2026-07-03T03:16:11.789079+00:00,ADA/USDT,NO TRADE,PASS,FAIL,PASS,FAIL,Risk,5.25,26.25
2026-07-03T03:16:12.814491+00:00,AVAX/USDT,NO TRADE,PASS,FAIL,PASS,FAIL,Structure,6.0,27.0
2026-07-03T03:16:14.136283+00:00,DOGE/USDT,NO TRADE,PASS,PASS,FAIL,FAIL,Momentum,2.2,20.2
2026-07-03T03:21:17.469824+00:00,BTC/USDT,NO TRADE,PASS,PASS,FAIL,PASS,Momentum,1.2,23.2
2026-07-03T03:21:18.780200+00:00,ETH/USDT,NO TRADE,FAIL,PASS,PASS,PASS,Trend,4.8,23.8
2026-07-03T03:21:19.958149+00:00,SOL/USDT,NO TRADE,PASS,FAIL,PASS,FAIL,Structure,2.5,20.5
2026-07-03T03:21:20.767148+00:00,BNB/USDT,NO TRADE,PASS,FAIL,FAIL,PASS,Momentum,1.2,21.2
2026-07-03T03:21:21.768140+00:00,XRP/USDT,NO TRADE,PASS,FAIL,FAIL,FAIL,Momentum,1.2,17.2
2026-07-03T03:21:22.996897+00:00,LINK/USDT,NO TRADE,PASS,FAIL,PASS,FAIL,Risk,3.5,21.5
2026-07-03T03:21:24.188776+00:00,ADA/USDT,NO TRADE,PASS,FAIL,PASS,FAIL,Risk,5.25,26.25
2026-07-03T03:21:25.208192+00:00,AVAX/USDT,NO TRADE,PASS,FAIL,PASS,FAIL,Structure,7.75,28.75
2026-07-03T03:21:26.127691+00:00,DOGE/USDT,NO TRADE,PASS,PASS,FAIL,PASS,Momentum,2.2,24.2
2026-07-03T03:26:29.342342+00:00,BTC/USDT,NO TRADE,PASS,PASS,FAIL,PASS,Momentum,1.2,23.2
2026-07-03T03:26:30.272368+00:00,ETH/USDT,NO TRADE,FAIL,PASS,PASS,PASS,Trend,4.8,23.8
2026-07-03T03:26:31.558798+00:00,SOL/USDT,NO TRADE,PASS,FAIL,PASS,FAIL,Structure,2.5,20.5
2026-07-03T03:26:32.464216+00:00,BNB/USDT,NO TRADE,PASS,PASS,FAIL,PASS,Momentum,1.2,23.2
2026-07-03T03:26:33.373476+00:00,XRP/USDT,NO TRADE,PASS,FAIL,FAIL,FAIL,Momentum,1.2,17.2
2026-07-03T03:26:34.387657+00:00,LINK/USDT,NO TRADE,PASS,FAIL,PASS,FAIL,Risk,3.5,21.5
2026-07-03T03:26:35.295687+00:00,ADA/USDT,NO TRADE,PASS,FAIL,PASS,FAIL,Risk,5.25,26.25
2026-07-03T03:26:36.304217+00:00,AVAX/USDT,NO TRADE,PASS,FAIL,PASS,FAIL,Structure,7.75,28.75
2026-07-03T03:26:37.126821+00:00,DOGE/USDT,NO TRADE,PASS,PASS,FAIL,PASS,Momentum,2.2,24.2
2026-07-03T03:31:40.203095+00:00,BTC/USDT,NO TRADE,PASS,PASS,FAIL,PASS,Momentum,1.2,23.2
2026-07-03T03:31:41.085761+00:00,ETH/USDT,NO TRADE,FAIL,PASS,PASS,PASS,Trend,4.8,23.8
2026-07-03T03:31:41.974795+00:00,SOL/USDT,NO TRADE,PASS,FAIL,PASS,FAIL,Structure,2.5,20.5
2026-07-03T03:31:42.852779+00:00,BNB/USDT,NO TRADE,PASS,PASS,FAIL,PASS,Momentum,1.2,23.2
2026-07-03T03:31:43.740128+00:00,XRP/USDT,NO TRADE,PASS,FAIL,FAIL,FAIL,Momentum,1.2,17.2
2026-07-03T03:31:44.729050+00:00,LINK/USDT,NO TRADE,PASS,FAIL,PASS,FAIL,Risk,3.5,21.5
2026-07-03T03:31:45.618543+00:00,ADA/USDT,NO TRADE,PASS,FAIL,PASS,FAIL,Risk,5.25,26.25
2026-07-03T03:31:46.500256+00:00,AVAX/USDT,NO TRADE,PASS,FAIL,PASS,FAIL,Structure,7.75,28.75
2026-07-03T03:31:47.380575+00:00,DOGE/USDT,NO TRADE,PASS,PASS,FAIL,PASS,Momentum,2.2,24.2
2026-07-03T03:36:50.937504+00:00,BTC/USDT,NO TRADE,PASS,PASS,FAIL,PASS,Momentum,1.2,23.2
2026-07-03T03:36:51.728384+00:00,ETH/USDT,NO TRADE,FAIL,PASS,PASS,PASS,Trend,4.8,23.8
2026-07-03T03:36:52.881013+00:00,SOL/USDT,NO TRADE,PASS,FAIL,PASS,FAIL,Structure,2.5,20.5
2026-07-03T03:36:53.778142+00:00,BNB/USDT,NO TRADE,PASS,FAIL,FAIL,PASS,Momentum,1.2,21.2
2026-07-03T03:36:54.692406+00:00,XRP/USDT,NO TRADE,PASS,FAIL,FAIL,FAIL,Momentum,1.2,17.2
2026-07-03T03:36:56.076526+00:00,LINK/USDT,NO TRADE,PASS,FAIL,PASS,FAIL,Risk,3.5,21.5
2026-07-03T03:36:56.988216+00:00,ADA/USDT,NO TRADE,PASS,FAIL,PASS,FAIL,Risk,5.25,26.25
2026-07-03T03:36:57.886219+00:00,AVAX/USDT,NO TRADE,PASS,FAIL,PASS,FAIL,Structure,7.75,28.75
2026-07-03T03:36:59.196113+00:00,DOGE/USDT,NO TRADE,PASS,PASS,FAIL,PASS,Momentum,2.2,24.2
2026-07-03T03:42:02.492573+00:00,BTC/USDT,NO TRADE,PASS,PASS,FAIL,FAIL,Momentum,1.2,19.2
2026-07-03T03:42:03.518624+00:00,ETH/USDT,NO TRADE,FAIL,FAIL,FAIL,FAIL,Trend,0.0,0.0
2026-07-03T03:42:04.616084+00:00,SOL/USDT,NO TRADE,PASS,FAIL,PASS,FAIL,Structure,2.5,20.5
2026-07-03T03:42:05.521108+00:00,BNB/USDT,NO TRADE,PASS,FAIL,FAIL,FAIL,Momentum,1.2,17.2
2026-07-03T03:42:06.452042+00:00,XRP/USDT,NO TRADE,PASS,FAIL,FAIL,FAIL,Momentum,1.2,17.2
2026-07-03T03:42:07.445233+00:00,LINK/USDT,NO TRADE,PASS,PASS,PASS,FAIL,Risk,0.0,18.0
2026-07-03T03:42:08.350661+00:00,ADA/USDT,NO TRADE,PASS,FAIL,PASS,FAIL,Risk,5.25,26.25
2026-07-03T03:42:09.254549+00:00,AVAX/USDT,NO TRADE,PASS,FAIL,PASS,FAIL,Structure,7.75,28.75
2026-07-03T03:42:10.066424+00:00,DOGE/USDT,NO TRADE,PASS,PASS,FAIL,PASS,Momentum,2.2,24.2
2026-07-03T03:47:13.262824+00:00,BTC/USDT,NO TRADE,PASS,PASS,FAIL,FAIL,Momentum,1.2,19.2
2026-07-03T03:47:14.154617+00:00,ETH/USDT,NO TRADE,FAIL,FAIL,FAIL,FAIL,Trend,0.0,0.0
2026-07-03T03:47:15.038228+00:00,SOL/USDT,NO TRADE,PASS,FAIL,PASS,FAIL,Structure,2.5,20.5
2026-07-03T03:47:15.928341+00:00,BNB/USDT,NO TRADE,PASS,FAIL,FAIL,FAIL,Momentum,1.2,17.2
2026-07-03T03:47:16.713805+00:00,XRP/USDT,NO TRADE,PASS,FAIL,FAIL,FAIL,Momentum,1.2,17.2
2026-07-03T03:47:17.587824+00:00,LINK/USDT,NO TRADE,PASS,FAIL,PASS,FAIL,Structure,0.5,18.5
2026-07-03T03:47:18.737415+00:00,ADA/USDT,NO TRADE,PASS,FAIL,PASS,FAIL,Risk,5.25,26.25
2026-07-03T03:47:19.617808+00:00,AVAX/USDT,NO TRADE,PASS,FAIL,PASS,FAIL,Structure,7.75,28.75
2026-07-03T03:47:21.100284+00:00,DOGE/USDT,NO TRADE,PASS,PASS,FAIL,PASS,Momentum,2.2,24.2
2026-07-03T03:52:24.317815+00:00,BTC/USDT,NO TRADE,PASS,PASS,FAIL,FAIL,Momentum,1.2,19.2
2026-07-03T03:52:25.136667+00:00,ETH/USDT,NO TRADE,FAIL,PASS,PASS,PASS,Trend,4.8,23.8
2026-07-03T03:52:26.026283+00:00,SOL/USDT,NO TRADE,PASS,FAIL,PASS,FAIL,Structure,2.5,20.5
2026-07-03T03:52:26.996973+00:00,BNB/USDT,NO TRADE,PASS,FAIL,FAIL,FAIL,Momentum,1.2,17.2
2026-07-03T03:52:27.993265+00:00,XRP/USDT,NO TRADE,PASS,FAIL,FAIL,FAIL,Momentum,1.2,17.2
2026-07-03T03:52:28.879265+00:00,LINK/USDT,NO TRADE,PASS,FAIL,PASS,FAIL,Risk,3.5,21.5
2026-07-03T03:52:29.661389+00:00,ADA/USDT,NO TRADE,PASS,FAIL,PASS,FAIL,Risk,5.25,26.25
2026-07-03T03:52:30.545761+00:00,AVAX/USDT,NO TRADE,PASS,FAIL,PASS,FAIL,Structure,7.75,28.75
2026-07-03T03:52:31.577360+00:00,DOGE/USDT,NO TRADE,PASS,PASS,FAIL,PASS,Momentum,2.2,24.2
2026-07-03T03:57:35.025984+00:00,BTC/USDT,NO TRADE,PASS,PASS,FAIL,FAIL,Momentum,1.2,19.2
2026-07-03T03:57:35.957153+00:00,ETH/USDT,NO TRADE,FAIL,PASS,PASS,PASS,Trend,4.8,23.8
2026-07-03T03:57:36.965427+00:00,SOL/USDT,NO TRADE,PASS,FAIL,PASS,FAIL,Structure,2.5,20.5
2026-07-03T03:57:37.975614+00:00,BNB/USDT,NO TRADE,PASS,FAIL,FAIL,FAIL,Momentum,1.2,17.2
2026-07-03T03:57:39.883004+00:00,XRP/USDT,NO TRADE,PASS,FAIL,FAIL,FAIL,Momentum,1.2,17.2
2026-07-03T03:57:41.275392+00:00,LINK/USDT,NO TRADE,PASS,FAIL,PASS,FAIL,Risk,3.5,21.5
2026-07-03T03:57:43.027050+00:00,ADA/USDT,NO TRADE,PASS,FAIL,PASS,FAIL,Risk,5.25,26.25
2026-07-03T03:57:44.358548+00:00,AVAX/USDT,NO TRADE,PASS,FAIL,PASS,FAIL,Structure,7.75,28.75
2026-07-03T03:57:45.273497+00:00,DOGE/USDT,NO TRADE,PASS,PASS,FAIL,PASS,Momentum,2.2,24.2
2026-07-03T04:02:48.629134+00:00,BTC/USDT,NO TRADE,PASS,PASS,FAIL,FAIL,Momentum,1.2,19.2
2026-07-03T04:02:49.451930+00:00,ETH/USDT,NO TRADE,FAIL,FAIL,FAIL,FAIL,Trend,0.0,0.0
2026-07-03T04:02:50.304506+00:00,SOL/USDT,NO TRADE,PASS,FAIL,PASS,FAIL,Structure,2.5,20.5
2026-07-03T04:02:51.784858+00:00,BNB/USDT,NO TRADE,PASS,FAIL,FAIL,FAIL,Momentum,1.2,17.2
2026-07-03T04:02:53.277822+00:00,XRP/USDT,NO TRADE,PASS,FAIL,FAIL,FAIL,Momentum,1.2,17.2
2026-07-03T04:02:54.703733+00:00,LINK/USDT,NO TRADE,PASS,PASS,PASS,FAIL,Risk,0.0,18.0
2026-07-03T04:02:57.049480+00:00,ADA/USDT,NO TRADE,PASS,FAIL,PASS,FAIL,Risk,5.25,26.25
2026-07-03T04:02:58.768621+00:00,AVAX/USDT,NO TRADE,PASS,FAIL,PASS,FAIL,Structure,7.75,28.75
2026-07-03T04:03:00.510671+00:00,DOGE/USDT,NO TRADE,PASS,PASS,FAIL,PASS,Momentum,3.4,22.4
2026-07-03T04:08:04.126058+00:00,BTC/USDT,NO TRADE,PASS,PASS,FAIL,FAIL,Momentum,1.2,19.2
2026-07-03T04:08:05.448596+00:00,ETH/USDT,NO TRADE,PASS,FAIL,PASS,FAIL,Risk,3.5,21.5
2026-07-03T04:08:06.551183+00:00,SOL/USDT,NO TRADE,PASS,FAIL,PASS,FAIL,Structure,2.5,20.5
2026-07-03T04:08:07.710882+00:00,BNB/USDT,NO TRADE,PASS,FAIL,FAIL,FAIL,Momentum,1.2,17.2
2026-07-03T04:08:08.779272+00:00,XRP/USDT,NO TRADE,PASS,FAIL,FAIL,FAIL,Momentum,1.2,17.2
2026-07-03T04:08:09.679477+00:00,LINK/USDT,NO TRADE,PASS,PASS,PASS,FAIL,Risk,0.0,18.0
2026-07-03T04:08:10.585348+00:00,ADA/USDT,NO TRADE,PASS,FAIL,PASS,FAIL,Risk,3.5,24.5
2026-07-03T04:08:11.583551+00:00,AVAX/USDT,NO TRADE,PASS,FAIL,PASS,FAIL,Structure,6.0,27.0
2026-07-03T04:08:12.400771+00:00,DOGE/USDT,NO TRADE,PASS,PASS,FAIL,PASS,Momentum,2.2,24.2
2026-07-03T04:13:15.661948+00:00,BTC/USDT,NO TRADE,PASS,PASS,FAIL,FAIL,Momentum,1.2,19.2
2026-07-03T04:13:16.674674+00:00,ETH/USDT,NO TRADE,FAIL,FAIL,FAIL,FAIL,Trend,0.0,0.0
2026-07-03T04:13:17.776742+00:00,SOL/USDT,NO TRADE,PASS,FAIL,PASS,FAIL,Structure,2.5,20.5
2026-07-03T04:13:18.743588+00:00,BNB/USDT,NO TRADE,PASS,FAIL,FAIL,FAIL,Momentum,1.2,17.2
2026-07-03T04:13:19.641694+00:00,XRP/USDT,NO TRADE,PASS,FAIL,FAIL,FAIL,Momentum,1.2,17.2
2026-07-03T04:13:20.739353+00:00,LINK/USDT,NO TRADE,PASS,PASS,PASS,FAIL,Risk,0.0,18.0
2026-07-03T04:13:21.638084+00:00,ADA/USDT,NO TRADE,PASS,FAIL,PASS,FAIL,Risk,3.5,24.5
2026-07-03T04:13:22.636672+00:00,AVAX/USDT,NO TRADE,PASS,FAIL,PASS,FAIL,Structure,6.0,27.0
2026-07-03T04:13:23.450052+00:00,DOGE/USDT,NO TRADE,PASS,PASS,FAIL,PASS,Momentum,2.2,24.2
2026-07-03T04:18:26.661486+00:00,BTC/USDT,NO TRADE,PASS,PASS,FAIL,FAIL,Momentum,1.2,19.2
2026-07-03T04:18:27.580122+00:00,ETH/USDT,NO TRADE,PASS,FAIL,PASS,FAIL,Risk,3.5,21.5
2026-07-03T04:18:28.682928+00:00,SOL/USDT,NO TRADE,PASS,FAIL,PASS,FAIL,Structure,0.5,18.5
2026-07-03T04:18:29.809388+00:00,BNB/USDT,NO TRADE,PASS,FAIL,FAIL,FAIL,Momentum,1.2,17.2
2026-07-03T04:18:30.960122+00:00,XRP/USDT,NO TRADE,PASS,FAIL,FAIL,FAIL,Momentum,1.2,17.2
2026-07-03T04:18:32.450218+00:00,LINK/USDT,NO TRADE,PASS,PASS,PASS,FAIL,Risk,0.0,18.0
2026-07-03T04:18:33.351414+00:00,ADA/USDT,NO TRADE,PASS,FAIL,PASS,FAIL,Risk,3.5,24.5
2026-07-03T04:18:34.352407+00:00,AVAX/USDT,NO TRADE,PASS,FAIL,PASS,FAIL,Structure,6.0,27.0
2026-07-03T04:18:35.257414+00:00,DOGE/USDT,NO TRADE,PASS,PASS,FAIL,PASS,Momentum,2.2,24.2
2026-07-03T04:23:39.059385+00:00,BTC/USDT,NO TRADE,PASS,PASS,FAIL,FAIL,Momentum,1.2,19.2
2026-07-03T04:23:40.209887+00:00,ETH/USDT,NO TRADE,PASS,FAIL,PASS,FAIL,Risk,3.5,21.5
2026-07-03T04:23:41.399826+00:00,SOL/USDT,NO TRADE,PASS,FAIL,PASS,FAIL,Structure,2.5,20.5
2026-07-03T04:23:42.603067+00:00,BNB/USDT,NO TRADE,PASS,FAIL,FAIL,FAIL,Momentum,1.2,17.2
2026-07-03T04:23:43.755447+00:00,XRP/USDT,NO TRADE,PASS,FAIL,FAIL,FAIL,Momentum,1.2,17.2
2026-07-03T04:23:44.933249+00:00,LINK/USDT,NO TRADE,PASS,PASS,PASS,FAIL,Risk,0.0,18.0
2026-07-03T04:23:45.750165+00:00,ADA/USDT,NO TRADE,PASS,FAIL,PASS,FAIL,Risk,3.5,24.5
2026-07-03T04:23:46.761016+00:00,AVAX/USDT,NO TRADE,PASS,FAIL,PASS,FAIL,Structure,6.0,27.0
2026-07-03T04:23:47.749001+00:00,DOGE/USDT,NO TRADE,PASS,PASS,FAIL,PASS,Momentum,2.2,24.2
2026-07-03T04:28:50.948862+00:00,BTC/USDT,NO TRADE,PASS,PASS,FAIL,FAIL,Momentum,1.2,19.2
2026-07-03T04:28:51.921094+00:00,ETH/USDT,NO TRADE,PASS,FAIL,PASS,FAIL,Risk,3.5,21.5
2026-07-03T04:28:53.025019+00:00,SOL/USDT,NO TRADE,PASS,FAIL,PASS,FAIL,Structure,2.5,20.5
2026-07-03T04:28:54.023243+00:00,BNB/USDT,NO TRADE,PASS,FAIL,FAIL,FAIL,Momentum,1.2,17.2
2026-07-03T04:28:54.926707+00:00,XRP/USDT,NO TRADE,PASS,FAIL,FAIL,FAIL,Momentum,1.2,17.2
2026-07-03T04:28:55.822762+00:00,LINK/USDT,NO TRADE,PASS,PASS,PASS,FAIL,Risk,0.0,18.0
2026-07-03T04:28:56.725782+00:00,ADA/USDT,NO TRADE,PASS,FAIL,PASS,FAIL,Risk,3.5,24.5
2026-07-03T04:28:58.230123+00:00,AVAX/USDT,NO TRADE,PASS,FAIL,PASS,FAIL,Structure,6.0,27.0
2026-07-03T04:28:59.141412+00:00,DOGE/USDT,NO TRADE,PASS,PASS,FAIL,FAIL,Momentum,2.2,20.2
2026-07-03T04:34:02.321778+00:00,BTC/USDT,NO TRADE,PASS,PASS,FAIL,FAIL,Momentum,1.2,19.2
2026-07-03T04:34:03.212926+00:00,ETH/USDT,NO TRADE,PASS,FAIL,PASS,FAIL,Risk,3.5,21.5
2026-07-03T04:34:04.208492+00:00,SOL/USDT,NO TRADE,PASS,FAIL,PASS,FAIL,Structure,2.5,20.5
2026-07-03T04:34:05.090344+00:00,BNB/USDT,NO TRADE,PASS,FAIL,FAIL,FAIL,Momentum,1.2,17.2
2026-07-03T04:34:07.085146+00:00,XRP/USDT,NO TRADE,PASS,FAIL,FAIL,FAIL,Momentum,1.2,17.2
2026-07-03T04:34:08.495502+00:00,LINK/USDT,NO TRADE,PASS,PASS,PASS,FAIL,Risk,0.0,18.0
2026-07-03T04:34:09.893072+00:00,ADA/USDT,NO TRADE,PASS,FAIL,PASS,FAIL,Risk,3.5,24.5
2026-07-03T04:34:11.107822+00:00,AVAX/USDT,NO TRADE,PASS,FAIL,PASS,FAIL,Structure,6.0,27.0
2026-07-03T04:34:11.914321+00:00,DOGE/USDT,NO TRADE,PASS,PASS,FAIL,FAIL,Momentum,2.2,20.2
2026-07-03T04:39:15.317527+00:00,BTC/USDT,NO TRADE,PASS,PASS,FAIL,FAIL,Momentum,1.2,19.2
2026-07-03T04:39:16.095425+00:00,ETH/USDT,NO TRADE,FAIL,FAIL,FAIL,FAIL,Trend,0.0,0.0
2026-07-03T04:39:16.986839+00:00,SOL/USDT,NO TRADE,PASS,FAIL,PASS,FAIL,Structure,2.5,20.5
2026-07-03T04:39:17.866976+00:00,BNB/USDT,NO TRADE,PASS,FAIL,FAIL,FAIL,Momentum,1.2,17.2
2026-07-03T04:39:18.856233+00:00,XRP/USDT,NO TRADE,PASS,FAIL,FAIL,FAIL,Momentum,1.2,17.2
2026-07-03T04:39:19.768430+00:00,LINK/USDT,NO TRADE,PASS,PASS,PASS,FAIL,Risk,0.0,18.0
2026-07-03T04:39:20.683807+00:00,ADA/USDT,NO TRADE,PASS,FAIL,PASS,FAIL,Risk,3.5,24.5
2026-07-03T04:39:21.668051+00:00,AVAX/USDT,NO TRADE,PASS,FAIL,PASS,FAIL,Structure,6.0,27.0
2026-07-03T04:39:22.551065+00:00,DOGE/USDT,NO TRADE,PASS,PASS,FAIL,PASS,Momentum,2.2,24.2
2026-07-03T04:44:26.001420+00:00,BTC/USDT,NO TRADE,PASS,PASS,FAIL,FAIL,Momentum,1.2,19.2
2026-07-03T04:44:27.070853+00:00,ETH/USDT,NO TRADE,FAIL,FAIL,FAIL,FAIL,Trend,0.0,0.0
2026-07-03T04:44:28.127868+00:00,SOL/USDT,NO TRADE,PASS,FAIL,PASS,FAIL,Structure,2.5,20.5
2026-07-03T04:44:29.021383+00:00,BNB/USDT,NO TRADE,PASS,FAIL,FAIL,FAIL,Momentum,1.2,17.2
2026-07-03T04:44:30.407644+00:00,XRP/USDT,NO TRADE,PASS,FAIL,FAIL,FAIL,Momentum,1.2,17.2
2026-07-03T04:44:32.356515+00:00,LINK/USDT,NO TRADE,PASS,PASS,PASS,FAIL,Risk,0.0,18.0
2026-07-03T04:44:33.253269+00:00,ADA/USDT,NO TRADE,PASS,FAIL,PASS,FAIL,Risk,3.5,24.5
2026-07-03T04:44:34.319061+00:00,AVAX/USDT,NO TRADE,PASS,FAIL,PASS,FAIL,Structure,6.0,27.0
2026-07-03T04:44:35.700329+00:00,DOGE/USDT,NO TRADE,PASS,PASS,FAIL,PASS,Momentum,2.2,24.2
2026-07-03T04:49:38.600643+00:00,BTC/USDT,NO TRADE,PASS,PASS,FAIL,FAIL,Momentum,1.2,19.2
2026-07-03T04:49:39.392859+00:00,ETH/USDT,NO TRADE,PASS,FAIL,PASS,FAIL,Risk,3.5,21.5
2026-07-03T04:49:40.287776+00:00,SOL/USDT,NO TRADE,PASS,FAIL,PASS,FAIL,Structure,2.5,20.5
2026-07-03T04:49:41.276622+00:00,BNB/USDT,NO TRADE,PASS,FAIL,FAIL,FAIL,Momentum,1.2,17.2
2026-07-03T04:49:42.429726+00:00,XRP/USDT,NO TRADE,PASS,FAIL,FAIL,FAIL,Momentum,1.2,17.2
2026-07-03T04:49:43.816754+00:00,LINK/USDT,NO TRADE,PASS,PASS,PASS,FAIL,Risk,0.0,18.0
2026-07-03T04:49:45.808863+00:00,ADA/USDT,NO TRADE,PASS,FAIL,PASS,FAIL,Risk,3.5,24.5
2026-07-03T04:49:47.317301+00:00,AVAX/USDT,NO TRADE,PASS,FAIL,PASS,FAIL,Structure,6.0,27.0
2026-07-03T04:49:48.296573+00:00,DOGE/USDT,NO TRADE,PASS,PASS,FAIL,FAIL,Momentum,2.2,20.2
2026-07-03T04:54:52.479321+00:00,BTC/USDT,NO TRADE,PASS,PASS,FAIL,FAIL,Momentum,1.2,19.2
2026-07-03T04:54:53.996659+00:00,ETH/USDT,NO TRADE,PASS,FAIL,PASS,FAIL,Risk,3.5,21.5
2026-07-03T04:54:55.325448+00:00,SOL/USDT,NO TRADE,PASS,FAIL,PASS,FAIL,Structure,0.5,18.5
2026-07-03T04:54:56.725261+00:00,BNB/USDT,NO TRADE,PASS,FAIL,FAIL,FAIL,Momentum,1.2,17.2
2026-07-03T04:54:58.139589+00:00,XRP/USDT,NO TRADE,PASS,FAIL,FAIL,FAIL,Momentum,1.2,17.2
2026-07-03T04:54:59.369552+00:00,LINK/USDT,NO TRADE,PASS,PASS,PASS,FAIL,Risk,0.0,18.0
2026-07-03T04:55:00.653065+00:00,ADA/USDT,NO TRADE,PASS,FAIL,PASS,FAIL,Risk,3.5,24.5
2026-07-03T04:55:01.570926+00:00,AVAX/USDT,NO TRADE,PASS,FAIL,PASS,FAIL,Structure,6.0,27.0
2026-07-03T04:55:02.379150+00:00,DOGE/USDT,NO TRADE,PASS,PASS,FAIL,FAIL,Momentum,2.2,20.2
2026-07-03T05:00:05.763552+00:00,BTC/USDT,NO TRADE,PASS,PASS,FAIL,FAIL,Risk,4.2,22.2
2026-07-03T05:00:06.670674+00:00,ETH/USDT,NO TRADE,PASS,FAIL,PASS,FAIL,Risk,3.5,21.5
2026-07-03T05:00:07.667452+00:00,SOL/USDT,NO TRADE,PASS,FAIL,PASS,PASS,Structure,0.5,22.5
2026-07-03T05:00:08.799174+00:00,BNB/USDT,NO TRADE,PASS,FAIL,FAIL,FAIL,Momentum,1.2,17.2
2026-07-03T05:00:09.597837+00:00,XRP/USDT,NO TRADE,PASS,FAIL,FAIL,FAIL,Momentum,1.2,17.2
2026-07-03T05:00:10.750654+00:00,LINK/USDT,NO TRADE,PASS,PASS,PASS,FAIL,Risk,0.0,18.0
2026-07-03T05:00:11.649638+00:00,ADA/USDT,NO TRADE,PASS,FAIL,PASS,FAIL,Structure,0.5,20.5
2026-07-03T05:00:12.650447+00:00,AVAX/USDT,NO TRADE,PASS,FAIL,PASS,FAIL,Structure,3.0,23.0
2026-07-03T05:00:13.452745+00:00,DOGE/USDT,NO TRADE,PASS,PASS,FAIL,FAIL,Momentum,2.2,20.2
2026-07-03T05:05:16.779205+00:00,BTC/USDT,NO TRADE,PASS,PASS,FAIL,FAIL,Momentum,1.2,19.2
2026-07-03T05:05:17.564939+00:00,ETH/USDT,NO TRADE,PASS,FAIL,PASS,FAIL,Risk,3.5,21.5
2026-07-03T05:05:18.449820+00:00,SOL/USDT,NO TRADE,PASS,FAIL,PASS,FAIL,Structure,2.5,20.5
2026-07-03T05:05:19.445194+00:00,BNB/USDT,NO TRADE,PASS,FAIL,FAIL,FAIL,Momentum,1.2,17.2
2026-07-03T05:05:20.327529+00:00,XRP/USDT,NO TRADE,PASS,FAIL,FAIL,FAIL,Momentum,1.2,17.2
2026-07-03T05:05:21.705987+00:00,LINK/USDT,NO TRADE,PASS,PASS,PASS,FAIL,Risk,0.0,18.0
2026-07-03T05:05:23.695986+00:00,ADA/USDT,NO TRADE,PASS,FAIL,PASS,FAIL,Structure,0.5,20.5
2026-07-03T05:05:25.343053+00:00,AVAX/USDT,NO TRADE,PASS,FAIL,PASS,FAIL,Structure,6.0,27.0
2026-07-03T05:05:26.170330+00:00,DOGE/USDT,NO TRADE,PASS,PASS,FAIL,FAIL,Momentum,2.2,20.2
2026-07-03T05:10:29.311359+00:00,BTC/USDT,NO TRADE,PASS,PASS,FAIL,FAIL,Momentum,1.2,19.2
2026-07-03T05:10:30.535860+00:00,ETH/USDT,NO TRADE,PASS,FAIL,PASS,FAIL,Risk,3.5,21.5
2026-07-03T05:10:32.027644+00:00,SOL/USDT,NO TRADE,PASS,FAIL,PASS,FAIL,Structure,2.5,20.5
2026-07-03T05:10:33.443196+00:00,BNB/USDT,NO TRADE,PASS,FAIL,FAIL,FAIL,Momentum,1.2,17.2
2026-07-03T05:10:34.427316+00:00,XRP/USDT,NO TRADE,PASS,PASS,FAIL,FAIL,Momentum,1.2,19.2
2026-07-03T05:10:35.439851+00:00,LINK/USDT,NO TRADE,PASS,PASS,PASS,FAIL,Risk,0.0,18.0
2026-07-03T05:10:36.834997+00:00,ADA/USDT,NO TRADE,PASS,FAIL,PASS,FAIL,Structure,0.5,20.5
2026-07-03T05:10:37.734033+00:00,AVAX/USDT,NO TRADE,PASS,FAIL,PASS,FAIL,Structure,6.0,27.0
2026-07-03T05:10:38.541504+00:00,DOGE/USDT,NO TRADE,PASS,PASS,FAIL,FAIL,Momentum,2.2,20.2
2026-07-03T05:15:41.945916+00:00,BTC/USDT,NO TRADE,PASS,PASS,FAIL,FAIL,Momentum,1.2,19.2
2026-07-03T05:15:42.882409+00:00,ETH/USDT,NO TRADE,PASS,FAIL,PASS,FAIL,Risk,3.5,21.5
2026-07-03T05:15:43.895625+00:00,SOL/USDT,NO TRADE,PASS,FAIL,PASS,FAIL,Structure,2.5,20.5
2026-07-03T05:15:44.787787+00:00,BNB/USDT,NO TRADE,PASS,FAIL,FAIL,FAIL,Momentum,1.2,17.2
2026-07-03T05:15:45.853111+00:00,XRP/USDT,NO TRADE,PASS,PASS,FAIL,FAIL,Momentum,1.2,19.2
2026-07-03T05:15:46.854832+00:00,LINK/USDT,NO TRADE,PASS,PASS,PASS,FAIL,Risk,0.0,18.0
2026-07-03T05:15:47.754843+00:00,ADA/USDT,NO TRADE,PASS,FAIL,PASS,FAIL,Structure,0.5,20.5
2026-07-03T05:15:48.748311+00:00,AVAX/USDT,NO TRADE,PASS,FAIL,PASS,FAIL,Structure,6.0,27.0
2026-07-03T05:15:49.545725+00:00,DOGE/USDT,NO TRADE,PASS,PASS,FAIL,FAIL,Momentum,2.2,20.2
2026-07-03T05:20:52.979654+00:00,BTC/USDT,NO TRADE,PASS,PASS,FAIL,FAIL,Momentum,1.2,19.2
2026-07-03T05:20:53.888780+00:00,ETH/USDT,NO TRADE,FAIL,FAIL,FAIL,FAIL,Trend,0.0,0.0
2026-07-03T05:20:54.986808+00:00,SOL/USDT,NO TRADE,PASS,FAIL,PASS,FAIL,Structure,2.5,20.5
2026-07-03T05:20:55.885469+00:00,BNB/USDT,NO TRADE,PASS,PASS,FAIL,FAIL,Momentum,1.2,19.2
2026-07-03T05:20:56.791587+00:00,XRP/USDT,NO TRADE,PASS,PASS,FAIL,FAIL,Momentum,1.2,19.2
2026-07-03T05:20:57.700530+00:00,LINK/USDT,NO TRADE,PASS,PASS,PASS,FAIL,Risk,0.0,18.0
2026-07-03T05:20:58.634513+00:00,ADA/USDT,NO TRADE,PASS,FAIL,PASS,FAIL,Structure,0.5,20.5
2026-07-03T05:20:59.652867+00:00,AVAX/USDT,NO TRADE,PASS,FAIL,PASS,FAIL,Structure,6.0,27.0
2026-07-03T05:21:00.953216+00:00,DOGE/USDT,NO TRADE,PASS,PASS,FAIL,FAIL,Momentum,2.2,20.2
2026-07-03T05:26:04.252573+00:00,BTC/USDT,NO TRADE,PASS,PASS,FAIL,FAIL,Momentum,1.2,19.2
2026-07-03T05:26:05.146416+00:00,ETH/USDT,NO TRADE,FAIL,FAIL,FAIL,FAIL,Trend,0.0,0.0
2026-07-03T05:26:06.028954+00:00,SOL/USDT,NO TRADE,PASS,FAIL,PASS,FAIL,Structure,2.5,20.5
2026-07-03T05:26:06.910836+00:00,BNB/USDT,NO TRADE,PASS,FAIL,FAIL,FAIL,Momentum,1.2,17.2
2026-07-03T05:26:09.005771+00:00,XRP/USDT,NO TRADE,PASS,PASS,FAIL,FAIL,Momentum,1.2,19.2
2026-07-03T05:26:10.387066+00:00,LINK/USDT,NO TRADE,PASS,PASS,PASS,FAIL,Risk,0.0,18.0
2026-07-03T05:26:11.388584+00:00,ADA/USDT,NO TRADE,PASS,FAIL,PASS,FAIL,Structure,0.5,20.5
2026-07-03T05:26:12.908342+00:00,AVAX/USDT,NO TRADE,PASS,FAIL,PASS,FAIL,Structure,6.0,27.0
2026-07-03T05:26:14.213827+00:00,DOGE/USDT,NO TRADE,PASS,PASS,FAIL,FAIL,Momentum,2.2,20.2
2026-07-03T05:31:17.924925+00:00,BTC/USDT,NO TRADE,PASS,PASS,FAIL,FAIL,Momentum,1.2,19.2
2026-07-03T05:31:19.023414+00:00,ETH/USDT,NO TRADE,FAIL,PASS,PASS,PASS,Trend,4.8,23.8
2026-07-03T05:31:20.227513+00:00,SOL/USDT,NO TRADE,PASS,FAIL,PASS,FAIL,Structure,2.5,20.5
2026-07-03T05:31:21.321318+00:00,BNB/USDT,NO TRADE,PASS,PASS,FAIL,FAIL,Momentum,1.2,19.2
2026-07-03T05:31:22.672193+00:00,XRP/USDT,NO TRADE,PASS,PASS,FAIL,FAIL,Momentum,1.2,19.2
2026-07-03T05:31:23.717202+00:00,LINK/USDT,NO TRADE,PASS,PASS,PASS,FAIL,Risk,0.0,18.0
2026-07-03T05:31:24.650457+00:00,ADA/USDT,NO TRADE,PASS,FAIL,PASS,FAIL,Structure,0.5,20.5
2026-07-03T05:31:25.907665+00:00,AVAX/USDT,NO TRADE,PASS,FAIL,PASS,FAIL,Structure,7.75,28.75
2026-07-03T05:31:26.747132+00:00,DOGE/USDT,NO TRADE,PASS,PASS,FAIL,PASS,Momentum,2.2,24.2
2026-07-03T05:36:30.102569+00:00,BTC/USDT,NO TRADE,PASS,PASS,FAIL,FAIL,Momentum,1.2,19.2
2026-07-03T05:36:30.994735+00:00,ETH/USDT,NO TRADE,FAIL,PASS,PASS,PASS,Trend,4.8,23.8
2026-07-03T05:36:32.275140+00:00,SOL/USDT,NO TRADE,PASS,FAIL,PASS,FAIL,Structure,2.5,20.5
2026-07-03T05:36:33.150337+00:00,BNB/USDT,NO TRADE,PASS,PASS,FAIL,FAIL,Momentum,1.2,19.2
2026-07-03T05:36:34.129414+00:00,XRP/USDT,NO TRADE,PASS,PASS,FAIL,PASS,Momentum,0.4,22.4
2026-07-03T05:36:36.520455+00:00,LINK/USDT,NO TRADE,PASS,FAIL,PASS,FAIL,Structure,0.5,18.5
2026-07-03T05:36:37.678685+00:00,ADA/USDT,NO TRADE,PASS,FAIL,PASS,FAIL,Structure,0.5,20.5
2026-07-03T05:36:38.680165+00:00,AVAX/USDT,NO TRADE,PASS,FAIL,PASS,FAIL,Structure,7.75,28.75
2026-07-03T05:36:39.496136+00:00,DOGE/USDT,NO TRADE,PASS,PASS,FAIL,PASS,Momentum,2.6,24.6
2026-07-03T05:41:43.028283+00:00,BTC/USDT,NO TRADE,PASS,PASS,FAIL,FAIL,Momentum,1.2,19.2
2026-07-03T05:41:44.538725+00:00,ETH/USDT,NO TRADE,FAIL,PASS,PASS,PASS,Trend,4.8,23.8
2026-07-03T05:41:45.651508+00:00,SOL/USDT,NO TRADE,PASS,FAIL,PASS,FAIL,Structure,2.5,20.5
2026-07-03T05:41:46.647687+00:00,BNB/USDT,NO TRADE,PASS,PASS,FAIL,FAIL,Momentum,1.2,19.2
2026-07-03T05:41:47.563129+00:00,XRP/USDT,NO TRADE,PASS,PASS,FAIL,PASS,Momentum,1.2,23.2
2026-07-03T05:41:48.558185+00:00,LINK/USDT,NO TRADE,PASS,PASS,PASS,FAIL,Risk,0.0,18.0
2026-07-03T05:41:49.632010+00:00,ADA/USDT,NO TRADE,PASS,FAIL,PASS,FAIL,Structure,0.5,20.5
2026-07-03T05:41:50.646755+00:00,AVAX/USDT,NO TRADE,PASS,FAIL,PASS,FAIL,Structure,7.75,28.75
2026-07-03T05:41:51.574276+00:00,DOGE/USDT,NO TRADE,PASS,PASS,FAIL,PASS,Momentum,3.4,22.4
2026-07-03T05:46:55.029416+00:00,BTC/USDT,NO TRADE,PASS,PASS,FAIL,FAIL,Momentum,1.2,19.2
2026-07-03T05:46:55.980535+00:00,ETH/USDT,NO TRADE,FAIL,PASS,PASS,PASS,Trend,4.8,23.8
2026-07-03T05:46:57.026678+00:00,SOL/USDT,NO TRADE,PASS,FAIL,PASS,FAIL,Structure,2.5,20.5
2026-07-03T05:46:58.541654+00:00,BNB/USDT,NO TRADE,PASS,PASS,FAIL,FAIL,Momentum,1.2,19.2
2026-07-03T05:47:02.959539+00:00,XRP/USDT,NO TRADE,PASS,PASS,FAIL,PASS,Momentum,1.2,23.2
2026-07-03T05:47:04.057050+00:00,LINK/USDT,NO TRADE,PASS,PASS,PASS,FAIL,Risk,0.0,18.0
2026-07-03T05:47:04.898675+00:00,ADA/USDT,NO TRADE,PASS,FAIL,PASS,FAIL,Structure,0.5,20.5
2026-07-03T05:47:05.877361+00:00,AVAX/USDT,NO TRADE,PASS,FAIL,PASS,FAIL,Structure,6.0,27.0
2026-07-03T05:47:06.730463+00:00,DOGE/USDT,NO TRADE,PASS,PASS,FAIL,PASS,Momentum,3.4,22.4
2026-07-03T05:52:10.330214+00:00,BTC/USDT,NO TRADE,PASS,PASS,FAIL,FAIL,Momentum,1.2,19.2
2026-07-03T05:52:11.260173+00:00,ETH/USDT,NO TRADE,FAIL,PASS,PASS,PASS,Trend,4.8,23.8
2026-07-03T05:52:12.428944+00:00,SOL/USDT,NO TRADE,PASS,FAIL,PASS,FAIL,Structure,2.5,20.5
2026-07-03T05:52:14.429337+00:00,BNB/USDT,NO TRADE,PASS,PASS,FAIL,FAIL,Momentum,1.2,19.2
2026-07-03T05:52:15.566807+00:00,XRP/USDT,NO TRADE,PASS,PASS,FAIL,PASS,Momentum,0.4,22.4
2026-07-03T05:52:16.579515+00:00,LINK/USDT,NO TRADE,PASS,PASS,PASS,FAIL,Risk,0.0,18.0
2026-07-03T05:52:17.751292+00:00,ADA/USDT,NO TRADE,PASS,FAIL,PASS,FAIL,Structure,0.5,20.5
2026-07-03T05:52:19.079296+00:00,AVAX/USDT,NO TRADE,PASS,FAIL,PASS,FAIL,Structure,7.75,28.75
2026-07-03T05:52:19.888174+00:00,DOGE/USDT,NO TRADE,PASS,PASS,FAIL,PASS,Momentum,3.4,24.4
2026-07-03T05:57:23.363779+00:00,BTC/USDT,NO TRADE,PASS,PASS,FAIL,FAIL,Momentum,1.2,19.2
2026-07-03T05:57:24.290727+00:00,ETH/USDT,NO TRADE,FAIL,PASS,PASS,PASS,Trend,4.8,23.8
2026-07-03T05:57:25.301095+00:00,SOL/USDT,NO TRADE,PASS,FAIL,PASS,FAIL,Structure,2.5,20.5
2026-07-03T05:57:26.312212+00:00,BNB/USDT,NO TRADE,PASS,PASS,FAIL,FAIL,Momentum,1.2,19.2
2026-07-03T05:57:27.213644+00:00,XRP/USDT,NO TRADE,PASS,PASS,FAIL,PASS,Momentum,0.4,22.4
2026-07-03T05:57:28.016029+00:00,LINK/USDT,NO TRADE,PASS,FAIL,PASS,FAIL,Structure,0.5,18.5
2026-07-03T05:57:29.021861+00:00,ADA/USDT,NO TRADE,PASS,FAIL,PASS,FAIL,Structure,0.5,20.5
2026-07-03T05:57:30.451037+00:00,AVAX/USDT,NO TRADE,PASS,FAIL,PASS,FAIL,Structure,7.75,28.75
2026-07-03T05:57:31.566832+00:00,DOGE/USDT,NO TRADE,PASS,PASS,FAIL,PASS,Momentum,3.4,24.4
2026-07-03T06:02:34.977114+00:00,BTC/USDT,NO TRADE,PASS,PASS,FAIL,FAIL,Momentum,1.2,19.2
2026-07-03T06:02:35.875054+00:00,ETH/USDT,NO TRADE,FAIL,PASS,PASS,PASS,Trend,4.8,23.8
2026-07-03T06:02:36.773603+00:00,SOL/USDT,NO TRADE,PASS,FAIL,PASS,FAIL,Structure,2.5,20.5
2026-07-03T06:02:37.661071+00:00,BNB/USDT,NO TRADE,PASS,PASS,FAIL,FAIL,Momentum,1.2,19.2
2026-07-03T06:02:38.550776+00:00,XRP/USDT,NO TRADE,PASS,PASS,FAIL,PASS,Momentum,1.6,21.6
2026-07-03T06:02:39.345006+00:00,LINK/USDT,NO TRADE,PASS,FAIL,PASS,FAIL,Structure,0.5,18.5
2026-07-03T06:02:40.247881+00:00,ADA/USDT,NO TRADE,PASS,FAIL,PASS,FAIL,Structure,0.5,20.5
2026-07-03T06:02:41.035682+00:00,AVAX/USDT,NO TRADE,PASS,FAIL,PASS,FAIL,Structure,7.75,28.75
2026-07-03T06:02:43.105825+00:00,DOGE/USDT,NO TRADE,PASS,PASS,FAIL,PASS,Momentum,3.4,22.4
2026-07-03T06:07:47.017290+00:00,BTC/USDT,NO TRADE,PASS,PASS,FAIL,FAIL,Momentum,1.2,19.2
2026-07-03T06:07:48.079135+00:00,ETH/USDT,NO TRADE,FAIL,PASS,PASS,PASS,Trend,4.8,23.8
2026-07-03T06:07:49.255558+00:00,SOL/USDT,NO TRADE,PASS,FAIL,PASS,FAIL,Structure,2.5,20.5
2026-07-03T06:07:50.260445+00:00,BNB/USDT,NO TRADE,PASS,PASS,FAIL,PASS,Momentum,2.4,21.4
2026-07-03T06:07:51.079585+00:00,XRP/USDT,NO TRADE,PASS,PASS,FAIL,PASS,Momentum,1.6,21.6
2026-07-03T06:07:52.184954+00:00,LINK/USDT,NO TRADE,PASS,FAIL,PASS,FAIL,Structure,0.5,18.5
2026-07-03T06:07:53.189304+00:00,ADA/USDT,NO TRADE,PASS,FAIL,PASS,FAIL,Structure,0.5,20.5
2026-07-03T06:07:54.203514+00:00,AVAX/USDT,NO TRADE,PASS,FAIL,PASS,FAIL,Structure,7.75,28.75
2026-07-03T06:07:55.024411+00:00,DOGE/USDT,NO TRADE,PASS,PASS,FAIL,PASS,Momentum,2.6,24.6
2026-07-03T06:12:58.258875+00:00,BTC/USDT,NO TRADE,PASS,PASS,FAIL,FAIL,Momentum,1.2,19.2
2026-07-03T06:12:59.159143+00:00,ETH/USDT,NO TRADE,FAIL,PASS,PASS,PASS,Trend,4.8,23.8
2026-07-03T06:12:59.945770+00:00,SOL/USDT,NO TRADE,PASS,FAIL,PASS,FAIL,Structure,2.5,20.5
2026-07-03T06:13:00.949654+00:00,BNB/USDT,NO TRADE,PASS,PASS,FAIL,FAIL,Momentum,2.4,18.4
2026-07-03T06:13:01.838867+00:00,XRP/USDT,NO TRADE,PASS,PASS,FAIL,PASS,Momentum,1.6,21.6
2026-07-03T06:13:04.178298+00:00,LINK/USDT,NO TRADE,PASS,FAIL,PASS,FAIL,Structure,0.5,18.5
2026-07-03T06:13:05.677051+00:00,ADA/USDT,NO TRADE,PASS,FAIL,PASS,FAIL,Structure,0.5,20.5
2026-07-03T06:13:06.825494+00:00,AVAX/USDT,NO TRADE,PASS,FAIL,PASS,FAIL,Structure,7.75,28.75
2026-07-03T06:13:07.642578+00:00,DOGE/USDT,NO TRADE,PASS,PASS,FAIL,PASS,Momentum,2.6,24.6
2026-07-03T06:18:10.883793+00:00,BTC/USDT,NO TRADE,PASS,PASS,FAIL,FAIL,Momentum,1.2,19.2
2026-07-03T06:18:11.686267+00:00,ETH/USDT,NO TRADE,FAIL,PASS,PASS,PASS,Trend,4.8,23.8
2026-07-03T06:18:12.898442+00:00,SOL/USDT,NO TRADE,PASS,FAIL,PASS,FAIL,Structure,2.5,20.5
2026-07-03T06:18:13.774250+00:00,BNB/USDT,NO TRADE,PASS,PASS,FAIL,FAIL,Momentum,2.4,18.4
2026-07-03T06:18:14.722551+00:00,XRP/USDT,NO TRADE,PASS,PASS,FAIL,PASS,Momentum,0.8,22.8
2026-07-03T06:18:16.361192+00:00,LINK/USDT,NO TRADE,PASS,FAIL,PASS,FAIL,Structure,0.5,18.5
2026-07-03T06:18:18.432521+00:00,ADA/USDT,NO TRADE,PASS,FAIL,PASS,FAIL,Risk,3.5,24.5
2026-07-03T06:18:19.770813+00:00,AVAX/USDT,NO TRADE,PASS,FAIL,PASS,FAIL,Structure,7.75,28.75
2026-07-03T06:18:21.071922+00:00,DOGE/USDT,NO TRADE,PASS,PASS,FAIL,PASS,Momentum,2.6,24.6
2026-07-03T06:23:23.885221+00:00,BTC/USDT,NO TRADE,PASS,PASS,FAIL,FAIL,Momentum,1.2,19.2
2026-07-03T06:23:24.801446+00:00,ETH/USDT,NO TRADE,FAIL,PASS,PASS,PASS,Trend,4.8,23.8
2026-07-03T06:23:25.749972+00:00,SOL/USDT,NO TRADE,PASS,FAIL,PASS,PASS,Structure,2.5,24.5
2026-07-03T06:23:26.688044+00:00,BNB/USDT,NO TRADE,PASS,PASS,FAIL,FAIL,Momentum,1.2,19.2
2026-07-03T06:23:27.908426+00:00,XRP/USDT,NO TRADE,PASS,PASS,FAIL,PASS,Momentum,0.8,21.8
2026-07-03T06:23:28.824582+00:00,LINK/USDT,NO TRADE,PASS,FAIL,PASS,FAIL,Structure,0.5,18.5
2026-07-03T06:23:29.629043+00:00,ADA/USDT,NO TRADE,PASS,FAIL,PASS,FAIL,Risk,3.5,24.5
2026-07-03T06:23:30.558889+00:00,AVAX/USDT,NO TRADE,PASS,FAIL,PASS,FAIL,Structure,7.75,28.75
2026-07-03T06:23:31.462880+00:00,DOGE/USDT,NO TRADE,PASS,PASS,FAIL,PASS,Momentum,3.4,22.4
2026-07-03T06:28:34.563225+00:00,BTC/USDT,NO TRADE,PASS,PASS,FAIL,FAIL,Momentum,1.2,19.2
2026-07-03T06:28:35.404789+00:00,ETH/USDT,NO TRADE,FAIL,PASS,PASS,PASS,Trend,4.8,23.8
2026-07-03T06:28:36.761961+00:00,SOL/USDT,NO TRADE,PASS,FAIL,PASS,FAIL,Structure,2.5,20.5
2026-07-03T06:28:37.892841+00:00,BNB/USDT,NO TRADE,PASS,PASS,FAIL,FAIL,Momentum,1.2,19.2
2026-07-03T06:28:38.841875+00:00,XRP/USDT,NO TRADE,PASS,PASS,FAIL,PASS,Momentum,0.8,21.8
2026-07-03T06:28:39.876492+00:00,LINK/USDT,NO TRADE,PASS,FAIL,PASS,FAIL,Structure,0.5,18.5
2026-07-03T06:28:40.921408+00:00,ADA/USDT,NO TRADE,PASS,FAIL,PASS,FAIL,Risk,3.5,24.5
2026-07-03T06:28:42.057818+00:00,AVAX/USDT,NO TRADE,PASS,FAIL,PASS,FAIL,Structure,7.75,28.75
2026-07-03T06:28:44.807429+00:00,DOGE/USDT,NO TRADE,PASS,PASS,FAIL,PASS,Momentum,3.4,22.4
2026-07-03T06:33:48.683485+00:00,BTC/USDT,NO TRADE,PASS,PASS,FAIL,FAIL,Momentum,1.2,19.2
2026-07-03T06:33:50.163856+00:00,ETH/USDT,NO TRADE,FAIL,PASS,PASS,PASS,Trend,4.8,23.8
2026-07-03T06:33:51.690845+00:00,SOL/USDT,NO TRADE,PASS,FAIL,PASS,FAIL,Structure,2.5,20.5
2026-07-03T06:33:53.774558+00:00,BNB/USDT,NO TRADE,PASS,PASS,FAIL,FAIL,Momentum,2.4,18.4
2026-07-03T06:33:55.350734+00:00,XRP/USDT,NO TRADE,PASS,PASS,FAIL,PASS,Momentum,0.8,21.8
2026-07-03T06:33:57.047360+00:00,LINK/USDT,NO TRADE,PASS,FAIL,PASS,FAIL,Structure,0.5,18.5
2026-07-03T06:33:58.248563+00:00,ADA/USDT,NO TRADE,PASS,FAIL,PASS,FAIL,Risk,3.5,24.5
2026-07-03T06:33:59.345371+00:00,AVAX/USDT,NO TRADE,PASS,FAIL,PASS,FAIL,Structure,7.75,28.75
2026-07-03T06:34:00.559985+00:00,DOGE/USDT,NO TRADE,PASS,PASS,FAIL,PASS,Momentum,2.6,24.6
2026-07-03T06:39:03.966624+00:00,BTC/USDT,NO TRADE,PASS,PASS,FAIL,FAIL,Momentum,1.2,19.2
2026-07-03T06:39:04.842794+00:00,ETH/USDT,NO TRADE,FAIL,PASS,PASS,PASS,Trend,4.8,23.8
2026-07-03T06:39:06.523241+00:00,SOL/USDT,NO TRADE,PASS,FAIL,PASS,PASS,Structure,2.5,24.5
2026-07-03T06:39:07.719468+00:00,BNB/USDT,NO TRADE,PASS,PASS,FAIL,FAIL,Momentum,1.2,19.2
2026-07-03T06:39:08.720605+00:00,XRP/USDT,NO TRADE,PASS,PASS,FAIL,PASS,Momentum,1.6,21.6
2026-07-03T06:39:10.333237+00:00,LINK/USDT,NO TRADE,PASS,PASS,PASS,FAIL,Risk,0.0,18.0
2026-07-03T06:39:11.292187+00:00,ADA/USDT,NO TRADE,PASS,FAIL,PASS,FAIL,Structure,0.5,20.5
2026-07-03T06:39:12.734193+00:00,AVAX/USDT,NO TRADE,PASS,FAIL,PASS,FAIL,Structure,6.0,27.0
2026-07-03T06:39:13.836388+00:00,DOGE/USDT,NO TRADE,PASS,PASS,FAIL,PASS,Momentum,3.4,22.4
2026-07-03T06:44:17.385616+00:00,BTC/USDT,NO TRADE,PASS,PASS,FAIL,FAIL,Momentum,1.2,19.2
2026-07-03T06:44:18.302764+00:00,ETH/USDT,NO TRADE,FAIL,PASS,PASS,PASS,Trend,4.8,23.8
2026-07-03T06:44:19.423200+00:00,SOL/USDT,NO TRADE,PASS,FAIL,PASS,PASS,Structure,2.5,24.5
2026-07-03T06:44:20.953195+00:00,BNB/USDT,NO TRADE,PASS,FAIL,FAIL,FAIL,Momentum,1.2,17.2
2026-07-03T06:44:21.874949+00:00,XRP/USDT,NO TRADE,PASS,PASS,FAIL,PASS,Momentum,1.6,21.6
2026-07-03T06:44:23.158120+00:00,LINK/USDT,NO TRADE,PASS,PASS,PASS,FAIL,Risk,0.0,18.0
2026-07-03T06:44:24.186082+00:00,ADA/USDT,NO TRADE,PASS,FAIL,PASS,FAIL,Structure,0.5,20.5
2026-07-03T06:44:25.200236+00:00,AVAX/USDT,NO TRADE,PASS,FAIL,PASS,FAIL,Structure,7.75,28.75
2026-07-03T06:44:26.035161+00:00,DOGE/USDT,NO TRADE,PASS,PASS,FAIL,PASS,Momentum,3.4,22.4
2026-07-03T06:49:29.254788+00:00,BTC/USDT,NO TRADE,PASS,PASS,FAIL,FAIL,Momentum,1.2,19.2
2026-07-03T06:49:30.180380+00:00,ETH/USDT,NO TRADE,FAIL,PASS,PASS,PASS,Trend,4.8,23.8
2026-07-03T06:49:30.983459+00:00,SOL/USDT,NO TRADE,PASS,FAIL,PASS,PASS,Structure,2.5,24.5
2026-07-03T06:49:31.979068+00:00,BNB/USDT,NO TRADE,PASS,PASS,FAIL,FAIL,Momentum,1.2,19.2
2026-07-03T06:49:32.877759+00:00,XRP/USDT,NO TRADE,PASS,PASS,FAIL,PASS,Momentum,1.6,21.6
2026-07-03T06:49:33.775341+00:00,LINK/USDT,NO TRADE,PASS,FAIL,PASS,FAIL,Structure,0.5,18.5
2026-07-03T06:49:35.179712+00:00,ADA/USDT,NO TRADE,PASS,FAIL,PASS,FAIL,Risk,3.5,24.5
2026-07-03T06:49:36.078399+00:00,AVAX/USDT,NO TRADE,PASS,FAIL,PASS,FAIL,Structure,7.75,28.75
2026-07-03T06:49:37.588727+00:00,DOGE/USDT,NO TRADE,PASS,PASS,FAIL,PASS,Momentum,3.4,24.4
2026-07-03T06:54:40.930997+00:00,BTC/USDT,NO TRADE,PASS,PASS,FAIL,FAIL,Momentum,1.2,19.2
2026-07-03T06:54:42.054050+00:00,ETH/USDT,NO TRADE,FAIL,PASS,PASS,PASS,Trend,4.8,23.8
2026-07-03T06:54:43.073557+00:00,SOL/USDT,NO TRADE,PASS,FAIL,PASS,FAIL,Structure,2.5,20.5
2026-07-03T06:54:44.092374+00:00,BNB/USDT,NO TRADE,PASS,PASS,FAIL,FAIL,Momentum,1.2,19.2
2026-07-03T06:54:45.012505+00:00,XRP/USDT,NO TRADE,PASS,PASS,FAIL,PASS,Momentum,1.6,21.6
2026-07-03T06:54:46.042391+00:00,LINK/USDT,NO TRADE,PASS,FAIL,PASS,FAIL,Structure,0.5,18.5
2026-07-03T06:54:46.968507+00:00,ADA/USDT,NO TRADE,PASS,FAIL,PASS,FAIL,Risk,3.5,24.5
2026-07-03T06:54:47.985453+00:00,AVAX/USDT,NO TRADE,PASS,FAIL,PASS,FAIL,Structure,7.75,28.75
2026-07-03T06:54:48.829422+00:00,DOGE/USDT,NO TRADE,PASS,PASS,FAIL,PASS,Momentum,2.6,24.6
2026-07-03T06:59:52.526021+00:00,BTC/USDT,NO TRADE,PASS,PASS,FAIL,FAIL,Momentum,1.2,19.2
2026-07-03T06:59:53.588435+00:00,ETH/USDT,NO TRADE,FAIL,PASS,PASS,PASS,Trend,4.8,23.8
2026-07-03T06:59:55.059855+00:00,SOL/USDT,NO TRADE,PASS,FAIL,PASS,PASS,Structure,2.5,24.5
2026-07-03T06:59:56.149642+00:00,BNB/USDT,NO TRADE,PASS,PASS,FAIL,FAIL,Momentum,1.2,19.2
2026-07-03T06:59:57.101338+00:00,XRP/USDT,NO TRADE,PASS,PASS,FAIL,PASS,Momentum,1.6,21.6
2026-07-03T06:59:57.935285+00:00,LINK/USDT,NO TRADE,PASS,FAIL,PASS,FAIL,Structure,0.5,18.5
2026-07-03T06:59:58.976995+00:00,ADA/USDT,NO TRADE,PASS,FAIL,PASS,FAIL,Structure,0.5,20.5
2026-07-03T07:00:00.121675+00:00,AVAX/USDT,NO TRADE,PASS,FAIL,PASS,FAIL,Structure,7.75,28.75
2026-07-03T07:00:01.123789+00:00,DOGE/USDT,NO TRADE,PASS,PASS,FAIL,PASS,Momentum,3.4,24.4
2026-07-03T07:05:04.581004+00:00,BTC/USDT,NO TRADE,PASS,PASS,FAIL,FAIL,Momentum,1.2,19.2
2026-07-03T07:05:05.515133+00:00,ETH/USDT,NO TRADE,FAIL,PASS,PASS,PASS,Trend,4.8,23.8
2026-07-03T07:05:06.542701+00:00,SOL/USDT,NO TRADE,PASS,FAIL,PASS,PASS,Structure,2.5,24.5
2026-07-03T07:05:07.563194+00:00,BNB/USDT,NO TRADE,PASS,FAIL,FAIL,FAIL,Momentum,1.2,17.2
2026-07-03T07:05:08.386847+00:00,XRP/USDT,NO TRADE,PASS,PASS,FAIL,FAIL,Momentum,2.4,18.4
2026-07-03T07:05:09.934975+00:00,LINK/USDT,NO TRADE,PASS,PASS,PASS,FAIL,Risk,0.0,18.0
2026-07-03T07:05:10.971815+00:00,ADA/USDT,NO TRADE,PASS,FAIL,PASS,FAIL,Structure,0.5,20.5
2026-07-03T07:05:11.966476+00:00,AVAX/USDT,NO TRADE,PASS,FAIL,PASS,FAIL,Structure,7.75,28.75
2026-07-03T07:05:12.790144+00:00,DOGE/USDT,NO TRADE,PASS,PASS,FAIL,PASS,Momentum,3.4,22.4
2026-07-03T07:10:16.050430+00:00,BTC/USDT,NO TRADE,PASS,PASS,FAIL,FAIL,Momentum,1.2,19.2
2026-07-03T07:10:17.371981+00:00,ETH/USDT,NO TRADE,FAIL,PASS,PASS,PASS,Trend,4.8,23.8
2026-07-03T07:10:19.269064+00:00,SOL/USDT,NO TRADE,PASS,FAIL,PASS,PASS,Structure,2.5,24.5
2026-07-03T07:10:20.616181+00:00,BNB/USDT,NO TRADE,PASS,FAIL,FAIL,FAIL,Momentum,1.2,17.2
2026-07-03T07:10:21.736657+00:00,XRP/USDT,NO TRADE,PASS,PASS,FAIL,FAIL,Momentum,2.4,18.4
2026-07-03T07:10:22.817546+00:00,LINK/USDT,NO TRADE,PASS,FAIL,PASS,FAIL,Structure,0.5,18.5
2026-07-03T07:10:24.402060+00:00,ADA/USDT,NO TRADE,PASS,FAIL,PASS,FAIL,Structure,0.5,18.5
2026-07-03T07:10:25.442405+00:00,AVAX/USDT,NO TRADE,PASS,FAIL,PASS,FAIL,Structure,7.75,28.75
2026-07-03T07:10:26.446126+00:00,DOGE/USDT,NO TRADE,PASS,PASS,FAIL,PASS,Momentum,3.4,22.4
2026-07-03T07:15:29.608208+00:00,BTC/USDT,NO TRADE,PASS,PASS,FAIL,FAIL,Momentum,1.2,19.2
2026-07-03T07:15:30.682565+00:00,ETH/USDT,NO TRADE,FAIL,PASS,PASS,PASS,Trend,4.8,23.8
2026-07-03T07:15:32.463802+00:00,SOL/USDT,NO TRADE,PASS,FAIL,PASS,FAIL,Structure,2.5,20.5
2026-07-03T07:15:33.715265+00:00,BNB/USDT,NO TRADE,PASS,PASS,FAIL,FAIL,Momentum,1.2,19.2
2026-07-03T07:15:34.738514+00:00,XRP/USDT,NO TRADE,PASS,PASS,FAIL,FAIL,Momentum,2.4,18.4
2026-07-03T07:15:35.656482+00:00,LINK/USDT,NO TRADE,PASS,FAIL,PASS,FAIL,Structure,0.5,18.5
2026-07-03T07:15:36.574613+00:00,ADA/USDT,NO TRADE,PASS,FAIL,PASS,FAIL,Structure,0.5,18.5
2026-07-03T07:15:37.665516+00:00,AVAX/USDT,NO TRADE,PASS,FAIL,PASS,FAIL,Structure,6.0,27.0
2026-07-03T07:15:38.487538+00:00,DOGE/USDT,NO TRADE,PASS,PASS,FAIL,PASS,Momentum,3.4,22.4
2026-07-03T07:20:43.097134+00:00,BTC/USDT,NO TRADE,PASS,PASS,FAIL,FAIL,Momentum,1.2,19.2
2026-07-03T07:20:44.190211+00:00,ETH/USDT,NO TRADE,FAIL,PASS,PASS,PASS,Trend,4.8,23.8
2026-07-03T07:20:45.203724+00:00,SOL/USDT,NO TRADE,PASS,FAIL,PASS,FAIL,Structure,2.5,20.5
2026-07-03T07:20:46.129532+00:00,BNB/USDT,NO TRADE,PASS,PASS,FAIL,FAIL,Momentum,1.2,19.2
2026-07-03T07:20:47.222104+00:00,XRP/USDT,NO TRADE,PASS,PASS,FAIL,FAIL,Momentum,2.4,18.4
2026-07-03T07:20:48.281687+00:00,LINK/USDT,NO TRADE,PASS,FAIL,PASS,FAIL,Structure,0.5,18.5
2026-07-03T07:20:49.323519+00:00,ADA/USDT,NO TRADE,PASS,FAIL,PASS,FAIL,Structure,0.5,18.5
2026-07-03T07:20:50.449396+00:00,AVAX/USDT,NO TRADE,PASS,FAIL,PASS,FAIL,Structure,6.0,27.0
2026-07-03T07:20:51.369944+00:00,DOGE/USDT,NO TRADE,PASS,PASS,FAIL,PASS,Momentum,2.6,24.6
2026-07-03T07:25:54.562416+00:00,BTC/USDT,NO TRADE,PASS,PASS,FAIL,FAIL,Momentum,1.2,19.2
2026-07-03T07:25:55.776199+00:00,ETH/USDT,NO TRADE,FAIL,PASS,PASS,PASS,Trend,4.8,23.8
2026-07-03T07:25:56.860761+00:00,SOL/USDT,NO TRADE,PASS,FAIL,PASS,FAIL,Structure,2.5,20.5
2026-07-03T07:25:57.887506+00:00,BNB/USDT,NO TRADE,PASS,PASS,FAIL,FAIL,Momentum,1.2,19.2
2026-07-03T07:25:59.216567+00:00,XRP/USDT,NO TRADE,PASS,PASS,FAIL,FAIL,Momentum,1.6,17.6
2026-07-03T07:26:00.788877+00:00,LINK/USDT,NO TRADE,PASS,FAIL,PASS,FAIL,Structure,0.5,18.5
2026-07-03T07:26:01.829458+00:00,ADA/USDT,NO TRADE,PASS,FAIL,PASS,FAIL,Structure,0.5,18.5
2026-07-03T07:26:03.180580+00:00,AVAX/USDT,NO TRADE,PASS,FAIL,PASS,FAIL,Structure,6.0,27.0
2026-07-03T07:26:04.192698+00:00,DOGE/USDT,NO TRADE,PASS,PASS,FAIL,PASS,Momentum,2.6,24.6
2026-07-03T07:31:07.518095+00:00,BTC/USDT,NO TRADE,PASS,PASS,FAIL,FAIL,Momentum,1.2,19.2
2026-07-03T07:31:08.932016+00:00,ETH/USDT,NO TRADE,FAIL,PASS,PASS,PASS,Trend,4.8,23.8
2026-07-03T07:31:09.839921+00:00,SOL/USDT,NO TRADE,PASS,FAIL,PASS,FAIL,Structure,2.5,20.5
2026-07-03T07:31:10.903245+00:00,BNB/USDT,NO TRADE,PASS,PASS,FAIL,FAIL,Momentum,1.2,19.2
2026-07-03T07:31:12.769545+00:00,XRP/USDT,NO TRADE,PASS,PASS,FAIL,PASS,Momentum,1.6,21.6
2026-07-03T07:31:14.544735+00:00,LINK/USDT,NO TRADE,PASS,FAIL,PASS,FAIL,Structure,0.5,18.5
2026-07-03T07:31:15.719595+00:00,ADA/USDT,NO TRADE,PASS,FAIL,PASS,FAIL,Structure,0.5,20.5
2026-07-03T07:31:16.676993+00:00,AVAX/USDT,NO TRADE,PASS,FAIL,PASS,FAIL,Structure,6.0,27.0
2026-07-03T07:31:18.002494+00:00,DOGE/USDT,NO TRADE,PASS,PASS,FAIL,PASS,Momentum,2.6,24.6
2026-07-03T07:36:21.653093+00:00,BTC/USDT,NO TRADE,PASS,PASS,FAIL,FAIL,Momentum,1.2,19.2
2026-07-03T07:36:23.856923+00:00,ETH/USDT,NO TRADE,FAIL,PASS,PASS,PASS,Trend,4.8,23.8
2026-07-03T07:36:25.051259+00:00,SOL/USDT,NO TRADE,PASS,FAIL,PASS,FAIL,Structure,2.5,20.5
2026-07-03T07:36:26.158682+00:00,BNB/USDT,NO TRADE,PASS,PASS,FAIL,FAIL,Momentum,1.2,19.2
2026-07-03T07:36:27.453714+00:00,XRP/USDT,NO TRADE,PASS,PASS,FAIL,PASS,Momentum,1.6,21.6
2026-07-03T07:36:28.754024+00:00,LINK/USDT,NO TRADE,PASS,FAIL,PASS,FAIL,Structure,0.5,18.5
2026-07-03T07:36:29.919333+00:00,ADA/USDT,NO TRADE,PASS,FAIL,PASS,FAIL,Structure,0.5,20.5
2026-07-03T07:36:31.060288+00:00,AVAX/USDT,NO TRADE,PASS,FAIL,PASS,FAIL,Structure,6.0,27.0
2026-07-03T07:36:31.921055+00:00,DOGE/USDT,NO TRADE,PASS,PASS,FAIL,PASS,Momentum,2.6,24.6
2026-07-03T07:41:34.243492+00:00,BTC/USDT,NO TRADE,PASS,PASS,FAIL,FAIL,Momentum,1.2,19.2
2026-07-03T07:41:36.145660+00:00,ETH/USDT,NO TRADE,FAIL,PASS,PASS,PASS,Trend,4.8,23.8
2026-07-03T07:41:37.143177+00:00,SOL/USDT,NO TRADE,PASS,FAIL,PASS,FAIL,Structure,2.5,20.5
2026-07-03T07:41:38.243290+00:00,BNB/USDT,NO TRADE,PASS,PASS,FAIL,FAIL,Momentum,1.2,19.2
2026-07-03T07:41:39.161448+00:00,XRP/USDT,NO TRADE,PASS,PASS,FAIL,PASS,Momentum,1.6,21.6
2026-07-03T07:41:40.441726+00:00,LINK/USDT,NO TRADE,PASS,FAIL,PASS,FAIL,Structure,0.5,18.5
2026-07-03T07:41:42.359919+00:00,ADA/USDT,NO TRADE,PASS,FAIL,PASS,FAIL,Risk,3.5,24.5
2026-07-03T07:41:43.292707+00:00,AVAX/USDT,NO TRADE,PASS,FAIL,PASS,FAIL,Structure,6.0,27.0
2026-07-03T07:41:44.382682+00:00,DOGE/USDT,NO TRADE,PASS,PASS,FAIL,PASS,Momentum,2.6,24.6
2026-07-03T07:46:48.388379+00:00,BTC/USDT,NO TRADE,PASS,PASS,FAIL,PASS,Momentum,1.2,23.2
2026-07-03T07:46:49.554955+00:00,ETH/USDT,NO TRADE,FAIL,PASS,PASS,PASS,Trend,4.8,23.8
2026-07-03T07:46:50.628334+00:00,SOL/USDT,NO TRADE,PASS,FAIL,PASS,FAIL,Structure,2.5,20.5
2026-07-03T07:46:51.664070+00:00,BNB/USDT,NO TRADE,PASS,PASS,FAIL,FAIL,Momentum,1.2,19.2
2026-07-03T07:46:53.100970+00:00,XRP/USDT,NO TRADE,PASS,PASS,FAIL,PASS,Momentum,1.6,21.6
2026-07-03T07:46:54.107728+00:00,LINK/USDT,NO TRADE,PASS,FAIL,PASS,FAIL,Structure,0.5,18.5
2026-07-03T07:46:55.520719+00:00,ADA/USDT,NO TRADE,PASS,FAIL,PASS,FAIL,Structure,0.5,20.5
2026-07-03T07:46:56.628360+00:00,AVAX/USDT,NO TRADE,PASS,FAIL,PASS,FAIL,Structure,6.0,27.0
2026-07-03T07:46:57.682704+00:00,DOGE/USDT,NO TRADE,PASS,PASS,FAIL,PASS,Momentum,2.6,24.6
2026-07-03T07:52:01.542617+00:00,BTC/USDT,NO TRADE,PASS,PASS,FAIL,FAIL,Momentum,1.2,19.2
2026-07-03T07:52:02.804618+00:00,ETH/USDT,NO TRADE,FAIL,PASS,PASS,PASS,Trend,4.8,23.8
2026-07-03T07:52:04.164090+00:00,SOL/USDT,NO TRADE,PASS,FAIL,PASS,FAIL,Structure,2.5,20.5
2026-07-03T07:52:05.264134+00:00,BNB/USDT,NO TRADE,PASS,PASS,FAIL,FAIL,Momentum,1.2,19.2
2026-07-03T07:52:06.358319+00:00,XRP/USDT,NO TRADE,PASS,PASS,FAIL,PASS,Momentum,0.8,21.8
2026-07-03T07:52:07.629833+00:00,LINK/USDT,NO TRADE,PASS,FAIL,PASS,FAIL,Structure,0.5,18.5
2026-07-03T07:52:08.752593+00:00,ADA/USDT,NO TRADE,PASS,FAIL,PASS,FAIL,Risk,3.5,24.5
2026-07-03T07:52:09.775841+00:00,AVAX/USDT,NO TRADE,PASS,FAIL,PASS,FAIL,Structure,6.0,27.0
2026-07-03T07:52:10.752253+00:00,DOGE/USDT,NO TRADE,PASS,PASS,FAIL,PASS,Momentum,2.6,24.6
2026-07-03T07:57:14.092416+00:00,BTC/USDT,NO TRADE,PASS,PASS,FAIL,FAIL,Momentum,1.2,19.2
2026-07-03T07:57:14.928011+00:00,ETH/USDT,NO TRADE,FAIL,PASS,PASS,PASS,Trend,4.8,23.8
2026-07-03T07:57:15.934761+00:00,SOL/USDT,NO TRADE,PASS,FAIL,PASS,FAIL,Structure,2.5,20.5
2026-07-03T07:57:16.889231+00:00,BNB/USDT,NO TRADE,PASS,PASS,FAIL,FAIL,Momentum,1.2,19.2
2026-07-03T07:57:17.936183+00:00,XRP/USDT,NO TRADE,PASS,PASS,FAIL,PASS,Momentum,1.6,21.6
2026-07-03T07:57:19.008275+00:00,LINK/USDT,NO TRADE,PASS,FAIL,PASS,FAIL,Structure,0.5,18.5
2026-07-03T07:57:19.831297+00:00,ADA/USDT,NO TRADE,PASS,FAIL,PASS,FAIL,Structure,0.5,20.5
2026-07-03T07:57:20.668578+00:00,AVAX/USDT,NO TRADE,PASS,FAIL,PASS,FAIL,Structure,6.0,27.0
2026-07-03T07:57:22.199281+00:00,DOGE/USDT,NO TRADE,PASS,PASS,FAIL,PASS,Momentum,2.6,24.6
2026-07-03T08:02:25.566773+00:00,BTC/USDT,NO TRADE,PASS,PASS,FAIL,FAIL,Momentum,1.2,19.2
2026-07-03T08:02:26.528309+00:00,ETH/USDT,NO TRADE,FAIL,PASS,PASS,PASS,Trend,4.8,23.8
2026-07-03T08:02:27.590462+00:00,SOL/USDT,NO TRADE,PASS,FAIL,PASS,FAIL,Structure,2.5,20.5
2026-07-03T08:02:28.563512+00:00,BNB/USDT,NO TRADE,PASS,PASS,FAIL,FAIL,Momentum,1.2,19.2
2026-07-03T08:02:29.489901+00:00,XRP/USDT,NO TRADE,PASS,FAIL,PASS,FAIL,Risk,4.0,24.0
2026-07-03T08:02:30.644088+00:00,LINK/USDT,NO TRADE,PASS,FAIL,PASS,FAIL,Structure,0.5,18.5
2026-07-03T08:02:31.610996+00:00,ADA/USDT,NO TRADE,PASS,FAIL,PASS,FAIL,Structure,0.5,18.5
2026-07-03T08:02:32.737295+00:00,AVAX/USDT,NO TRADE,PASS,FAIL,PASS,FAIL,Structure,6.0,27.0
2026-07-03T08:02:33.667573+00:00,DOGE/USDT,NO TRADE,PASS,PASS,FAIL,PASS,Momentum,2.6,24.6
2026-07-03T08:07:37.078026+00:00,BTC/USDT,NO TRADE,PASS,PASS,FAIL,FAIL,Momentum,1.2,19.2
2026-07-03T08:07:38.008900+00:00,ETH/USDT,NO TRADE,FAIL,PASS,PASS,PASS,Trend,4.8,23.8
2026-07-03T08:07:39.008354+00:00,SOL/USDT,NO TRADE,PASS,FAIL,PASS,FAIL,Structure,2.5,20.5
2026-07-03T08:07:40.411648+00:00,BNB/USDT,NO TRADE,PASS,PASS,FAIL,FAIL,Momentum,1.2,19.2
2026-07-03T08:07:41.962047+00:00,XRP/USDT,NO TRADE,PASS,FAIL,PASS,FAIL,Risk,4.0,24.0
2026-07-03T08:07:43.177830+00:00,LINK/USDT,NO TRADE,PASS,FAIL,PASS,PASS,Structure,0.5,21.5
2026-07-03T08:07:44.289270+00:00,ADA/USDT,NO TRADE,PASS,FAIL,PASS,FAIL,Structure,0.5,18.5
2026-07-03T08:07:45.366160+00:00,AVAX/USDT,NO TRADE,FAIL,FAIL,FAIL,FAIL,Trend,0.0,0.0
2026-07-03T08:07:47.068059+00:00,DOGE/USDT,NO TRADE,PASS,PASS,FAIL,PASS,Momentum,2.6,24.6
2026-07-03T08:12:56.082498+00:00,BTC/USDT,NO TRADE,PASS,PASS,FAIL,FAIL,Momentum,1.2,19.2
2026-07-03T08:13:00.304032+00:00,ETH/USDT,NO TRADE,FAIL,PASS,PASS,PASS,Trend,4.8,23.8
2026-07-03T08:13:02.478100+00:00,SOL/USDT,NO TRADE,PASS,FAIL,PASS,FAIL,Structure,2.5,20.5
2026-07-03T08:13:03.777777+00:00,BNB/USDT,NO TRADE,PASS,PASS,FAIL,FAIL,Momentum,1.2,19.2
2026-07-03T08:13:25.589899+00:00,XRP/USDT,NO TRADE,PASS,FAIL,PASS,FAIL,Structure,1.0,21.0
2026-07-03T08:13:28.428722+00:00,LINK/USDT,NO TRADE,PASS,FAIL,PASS,PASS,Structure,0.5,21.5
2026-07-03T08:13:33.265243+00:00,ADA/USDT,NO TRADE,PASS,FAIL,PASS,FAIL,Structure,0.5,18.5
2026-07-03T08:13:36.953288+00:00,AVAX/USDT,NO TRADE,PASS,FAIL,PASS,FAIL,Structure,6.0,27.0
2026-07-03T08:13:37.868265+00:00,DOGE/USDT,NO TRADE,PASS,PASS,FAIL,PASS,Momentum,3.4,24.4
2026-07-03T08:18:41.782485+00:00,BTC/USDT,NO TRADE,PASS,PASS,FAIL,FAIL,Momentum,1.2,19.2
2026-07-03T08:18:42.813981+00:00,ETH/USDT,NO TRADE,FAIL,PASS,PASS,PASS,Trend,4.8,23.8
2026-07-03T08:18:43.884317+00:00,SOL/USDT,NO TRADE,PASS,FAIL,PASS,FAIL,Structure,2.5,20.5
2026-07-03T08:18:45.003219+00:00,BNB/USDT,NO TRADE,PASS,PASS,FAIL,FAIL,Momentum,1.2,19.2
2026-07-03T08:18:46.040106+00:00,XRP/USDT,NO TRADE,PASS,FAIL,PASS,FAIL,Structure,1.0,21.0
2026-07-03T08:18:47.378217+00:00,LINK/USDT,NO TRADE,PASS,FAIL,PASS,PASS,Structure,0.5,21.5
2026-07-03T08:18:48.439509+00:00,ADA/USDT,NO TRADE,PASS,FAIL,PASS,FAIL,Structure,0.5,18.5
2026-07-03T08:18:49.609286+00:00,AVAX/USDT,NO TRADE,PASS,FAIL,PASS,FAIL,Structure,7.75,28.75
2026-07-03T08:18:52.241769+00:00,DOGE/USDT,NO TRADE,PASS,PASS,FAIL,PASS,Momentum,3.4,22.4
2026-07-03T08:23:54.805283+00:00,BTC/USDT,NO TRADE,PASS,PASS,FAIL,FAIL,Momentum,1.2,19.2
2026-07-03T08:23:56.714882+00:00,ETH/USDT,NO TRADE,FAIL,PASS,PASS,PASS,Trend,4.8,23.8
2026-07-03T08:23:57.645915+00:00,SOL/USDT,NO TRADE,PASS,FAIL,PASS,FAIL,Structure,2.5,20.5
2026-07-03T08:23:58.609622+00:00,BNB/USDT,NO TRADE,PASS,PASS,FAIL,FAIL,Momentum,1.2,19.2
2026-07-03T08:23:59.996956+00:00,XRP/USDT,NO TRADE,PASS,FAIL,PASS,FAIL,Risk,4.0,24.0
2026-07-03T08:24:01.663775+00:00,LINK/USDT,NO TRADE,PASS,FAIL,PASS,PASS,Structure,0.5,21.5
2026-07-03T08:24:03.847511+00:00,ADA/USDT,NO TRADE,PASS,FAIL,PASS,FAIL,Structure,0.5,18.5
2026-07-03T08:24:05.707800+00:00,AVAX/USDT,NO TRADE,PASS,FAIL,PASS,FAIL,Structure,7.75,28.75
2026-07-03T08:24:06.580146+00:00,DOGE/USDT,NO TRADE,PASS,PASS,FAIL,PASS,Momentum,3.4,22.4
2026-07-03T08:29:09.518422+00:00,BTC/USDT,NO TRADE,PASS,PASS,FAIL,FAIL,Momentum,1.2,19.2
2026-07-03T08:29:11.584634+00:00,ETH/USDT,NO TRADE,FAIL,PASS,PASS,PASS,Trend,4.8,23.8
2026-07-03T08:29:13.193586+00:00,SOL/USDT,NO TRADE,PASS,FAIL,PASS,FAIL,Structure,2.5,20.5
2026-07-03T08:29:14.201582+00:00,BNB/USDT,NO TRADE,PASS,PASS,FAIL,FAIL,Momentum,1.2,19.2
2026-07-03T08:29:15.060238+00:00,XRP/USDT,NO TRADE,PASS,FAIL,PASS,FAIL,Risk,4.0,24.0
2026-07-03T08:29:16.095015+00:00,LINK/USDT,NO TRADE,PASS,FAIL,PASS,PASS,Structure,0.5,21.5
2026-07-03T08:29:17.058018+00:00,ADA/USDT,NO TRADE,PASS,FAIL,PASS,FAIL,Risk,3.5,21.5
2026-07-03T08:29:18.437999+00:00,AVAX/USDT,NO TRADE,PASS,FAIL,PASS,FAIL,Structure,7.75,28.75
2026-07-03T08:29:20.152033+00:00,DOGE/USDT,NO TRADE,PASS,PASS,FAIL,PASS,Momentum,3.4,24.4
2026-07-03T08:34:22.757412+00:00,BTC/USDT,NO TRADE,PASS,PASS,FAIL,FAIL,Momentum,1.2,19.2
2026-07-03T08:34:23.642698+00:00,ETH/USDT,NO TRADE,FAIL,PASS,PASS,PASS,Trend,4.8,23.8
2026-07-03T08:34:24.942658+00:00,SOL/USDT,NO TRADE,PASS,FAIL,PASS,FAIL,Structure,2.5,20.5
2026-07-03T08:34:26.702032+00:00,BNB/USDT,NO TRADE,PASS,PASS,FAIL,FAIL,Momentum,1.2,19.2
2026-07-03T08:34:27.636789+00:00,XRP/USDT,NO TRADE,PASS,FAIL,PASS,FAIL,Risk,4.0,24.0
2026-07-03T08:34:28.758699+00:00,LINK/USDT,NO TRADE,PASS,FAIL,PASS,FAIL,Structure,0.5,18.5
2026-07-03T08:34:29.781994+00:00,ADA/USDT,NO TRADE,FAIL,FAIL,FAIL,FAIL,Trend,0.0,0.0
2026-07-03T08:34:30.904572+00:00,AVAX/USDT,NO TRADE,PASS,FAIL,PASS,FAIL,Structure,7.75,28.75
2026-07-03T08:34:31.770591+00:00,DOGE/USDT,NO TRADE,PASS,PASS,FAIL,PASS,Momentum,3.4,22.4
2026-07-03T08:36:00.679414+00:00,BTC/USDT,NO TRADE,PASS,PASS,FAIL,FAIL,Momentum,1.2,19.2
2026-07-03T08:36:02.330514+00:00,ETH/USDT,NO TRADE,FAIL,PASS,PASS,PASS,Trend,4.8,23.8
2026-07-03T08:36:03.768932+00:00,SOL/USDT,NO TRADE,PASS,FAIL,PASS,FAIL,Structure,2.5,20.5
2026-07-03T08:36:04.644530+00:00,BNB/USDT,NO TRADE,PASS,PASS,FAIL,FAIL,Momentum,1.2,19.2
2026-07-03T08:36:05.959030+00:00,XRP/USDT,NO TRADE,PASS,FAIL,PASS,FAIL,Risk,4.0,24.0
2026-07-03T08:36:07.010758+00:00,LINK/USDT,NO TRADE,PASS,FAIL,PASS,FAIL,Structure,0.5,18.5
2026-07-03T08:36:10.404122+00:00,ADA/USDT,NO TRADE,PASS,FAIL,PASS,FAIL,Risk,3.5,24.5
2026-07-03T08:36:11.696474+00:00,AVAX/USDT,NO TRADE,PASS,FAIL,PASS,FAIL,Structure,7.75,28.75
2026-07-03T08:36:14.500548+00:00,DOGE/USDT,NO TRADE,PASS,PASS,FAIL,PASS,Momentum,3.4,22.4
2026-07-03T08:41:17.268682+00:00,BTC/USDT,NO TRADE,PASS,PASS,FAIL,FAIL,Momentum,1.2,19.2
2026-07-03T08:41:18.072796+00:00,ETH/USDT,NO TRADE,FAIL,PASS,PASS,PASS,Trend,4.8,23.8
2026-07-03T08:41:19.021004+00:00,SOL/USDT,NO TRADE,PASS,FAIL,PASS,FAIL,Structure,2.5,20.5
2026-07-03T08:41:19.910051+00:00,BNB/USDT,NO TRADE,PASS,PASS,FAIL,FAIL,Momentum,1.2,19.2
2026-07-03T08:41:20.804831+00:00,XRP/USDT,NO TRADE,PASS,FAIL,PASS,FAIL,Risk,4.0,24.0
2026-07-03T08:41:21.717970+00:00,LINK/USDT,NO TRADE,PASS,FAIL,PASS,FAIL,Structure,0.5,18.5
2026-07-03T08:41:22.716966+00:00,ADA/USDT,NO TRADE,FAIL,FAIL,FAIL,FAIL,Trend,0.0,0.0
2026-07-03T08:41:23.732649+00:00,AVAX/USDT,NO TRADE,PASS,FAIL,PASS,FAIL,Structure,7.75,28.75
2026-07-03T08:41:24.707662+00:00,DOGE/USDT,NO TRADE,PASS,PASS,FAIL,PASS,Momentum,3.4,22.4
2026-07-03T08:46:28.436012+00:00,BTC/USDT,NO TRADE,PASS,PASS,FAIL,PASS,Momentum,1.2,23.2
2026-07-03T08:46:29.354374+00:00,ETH/USDT,NO TRADE,FAIL,PASS,PASS,PASS,Trend,4.8,23.8
2026-07-03T08:46:30.621839+00:00,SOL/USDT,NO TRADE,PASS,FAIL,PASS,FAIL,Structure,2.5,20.5
2026-07-03T08:46:31.523320+00:00,BNB/USDT,NO TRADE,PASS,PASS,FAIL,FAIL,Momentum,1.2,19.2
2026-07-03T08:46:32.552626+00:00,XRP/USDT,NO TRADE,PASS,FAIL,PASS,FAIL,Risk,3.5,24.5
2026-07-03T08:46:33.459570+00:00,LINK/USDT,NO TRADE,PASS,FAIL,PASS,FAIL,Structure,0.5,18.5
2026-07-03T08:46:34.473327+00:00,ADA/USDT,NO TRADE,PASS,FAIL,PASS,FAIL,Risk,3.5,24.5
2026-07-03T08:46:35.485044+00:00,AVAX/USDT,NO TRADE,PASS,FAIL,PASS,FAIL,Structure,7.75,28.75
2026-07-03T08:46:36.317742+00:00,DOGE/USDT,NO TRADE,PASS,PASS,FAIL,PASS,Momentum,2.6,24.6
2026-07-03T08:51:39.714003+00:00,BTC/USDT,NO TRADE,PASS,PASS,FAIL,FAIL,Momentum,1.2,19.2
2026-07-03T08:51:40.651430+00:00,ETH/USDT,NO TRADE,FAIL,PASS,PASS,PASS,Trend,4.8,23.8
2026-07-03T08:51:41.702425+00:00,SOL/USDT,NO TRADE,PASS,FAIL,PASS,FAIL,Structure,2.5,20.5
2026-07-03T08:51:43.151446+00:00,BNB/USDT,NO TRADE,PASS,PASS,FAIL,FAIL,Momentum,1.2,19.2
2026-07-03T08:51:44.241572+00:00,XRP/USDT,NO TRADE,PASS,FAIL,PASS,FAIL,Risk,4.0,24.0
2026-07-03T08:51:45.465798+00:00,LINK/USDT,NO TRADE,PASS,FAIL,PASS,FAIL,Structure,0.5,18.5
2026-07-03T08:51:46.504258+00:00,ADA/USDT,NO TRADE,PASS,FAIL,PASS,FAIL,Risk,3.5,24.5
2026-07-03T08:51:47.523147+00:00,AVAX/USDT,NO TRADE,PASS,FAIL,PASS,FAIL,Structure,6.0,27.0
2026-07-03T08:51:48.358787+00:00,DOGE/USDT,NO TRADE,PASS,PASS,FAIL,PASS,Momentum,3.4,22.4
2026-07-03T08:56:52.339330+00:00,BTC/USDT,NO TRADE,PASS,PASS,FAIL,FAIL,Momentum,1.2,19.2
2026-07-03T08:56:54.021043+00:00,ETH/USDT,NO TRADE,FAIL,FAIL,FAIL,FAIL,Trend,0.0,0.0
2026-07-03T08:56:55.228053+00:00,SOL/USDT,NO TRADE,PASS,FAIL,PASS,FAIL,Structure,2.5,20.5
2026-07-03T08:56:56.338785+00:00,BNB/USDT,NO TRADE,PASS,PASS,FAIL,FAIL,Momentum,1.2,19.2
2026-07-03T08:56:57.275238+00:00,XRP/USDT,NO TRADE,PASS,FAIL,PASS,FAIL,Structure,1.0,21.0
2026-07-03T08:56:58.581736+00:00,LINK/USDT,NO TRADE,PASS,FAIL,PASS,PASS,Structure,0.5,21.5
2026-07-03T08:56:59.517032+00:00,ADA/USDT,NO TRADE,PASS,FAIL,PASS,FAIL,Risk,3.5,24.5
2026-07-03T08:57:00.560390+00:00,AVAX/USDT,NO TRADE,FAIL,FAIL,FAIL,FAIL,Trend,0.0,0.0
2026-07-03T08:57:01.629509+00:00,DOGE/USDT,NO TRADE,PASS,PASS,FAIL,FAIL,Momentum,3.4,19.4
2026-07-03T09:02:05.618120+00:00,BTC/USDT,NO TRADE,PASS,PASS,FAIL,FAIL,Momentum,1.2,19.2
2026-07-03T09:02:06.918558+00:00,ETH/USDT,NO TRADE,FAIL,FAIL,FAIL,FAIL,Trend,0.0,0.0
2026-07-03T09:02:08.198547+00:00,SOL/USDT,NO TRADE,PASS,FAIL,PASS,FAIL,Structure,2.5,20.5
2026-07-03T09:02:09.868577+00:00,BNB/USDT,NO TRADE,PASS,PASS,FAIL,FAIL,Momentum,1.2,19.2
2026-07-03T09:02:11.126850+00:00,XRP/USDT,NO TRADE,PASS,FAIL,PASS,FAIL,Risk,4.0,24.0
2026-07-03T09:02:12.149824+00:00,LINK/USDT,NO TRADE,PASS,FAIL,PASS,FAIL,Structure,0.5,18.5
2026-07-03T09:02:13.126347+00:00,ADA/USDT,NO TRADE,PASS,FAIL,PASS,FAIL,Risk,5.25,26.25
2026-07-03T09:02:14.386921+00:00,AVAX/USDT,NO TRADE,FAIL,FAIL,FAIL,FAIL,Trend,0.0,0.0
2026-07-03T09:02:15.207614+00:00,DOGE/USDT,NO TRADE,PASS,PASS,FAIL,FAIL,Momentum,3.4,19.4
2026-07-03T09:07:18.600855+00:00,BTC/USDT,NO TRADE,PASS,PASS,FAIL,FAIL,Momentum,1.2,19.2
2026-07-03T09:07:19.616926+00:00,ETH/USDT,NO TRADE,FAIL,PASS,PASS,PASS,Trend,4.8,23.8
2026-07-03T09:07:20.640916+00:00,SOL/USDT,NO TRADE,PASS,FAIL,PASS,FAIL,Structure,2.5,20.5
2026-07-03T09:07:21.551445+00:00,BNB/USDT,NO TRADE,PASS,PASS,FAIL,FAIL,Momentum,1.2,19.2
2026-07-03T09:07:22.467480+00:00,XRP/USDT,NO TRADE,PASS,FAIL,PASS,FAIL,Risk,4.0,24.0
2026-07-03T09:07:23.475637+00:00,LINK/USDT,NO TRADE,PASS,FAIL,PASS,FAIL,Structure,0.5,18.5
2026-07-03T09:07:24.492549+00:00,ADA/USDT,NO TRADE,PASS,FAIL,PASS,FAIL,Risk,5.25,26.25
2026-07-03T09:07:25.506476+00:00,AVAX/USDT,NO TRADE,FAIL,FAIL,FAIL,FAIL,Trend,0.0,0.0
2026-07-03T09:07:26.319007+00:00,DOGE/USDT,NO TRADE,PASS,PASS,FAIL,PASS,Momentum,3.4,22.4
2026-07-03T09:12:29.839198+00:00,BTC/USDT,NO TRADE,PASS,PASS,FAIL,FAIL,Momentum,1.2,19.2
2026-07-03T09:12:30.929516+00:00,ETH/USDT,NO TRADE,FAIL,PASS,PASS,PASS,Trend,4.8,23.8
2026-07-03T09:12:32.120603+00:00,SOL/USDT,NO TRADE,PASS,FAIL,PASS,FAIL,Structure,2.5,20.5
2026-07-03T09:12:33.063206+00:00,BNB/USDT,NO TRADE,PASS,PASS,FAIL,FAIL,Momentum,1.2,19.2
2026-07-03T09:12:33.995862+00:00,XRP/USDT,NO TRADE,PASS,FAIL,PASS,FAIL,Risk,5.75,25.75
2026-07-03T09:12:35.128852+00:00,LINK/USDT,NO TRADE,PASS,FAIL,PASS,FAIL,Structure,0.5,18.5
2026-07-03T09:12:36.350214+00:00,ADA/USDT,NO TRADE,PASS,FAIL,PASS,FAIL,Risk,5.25,26.25
2026-07-03T09:12:37.596374+00:00,AVAX/USDT,NO TRADE,FAIL,FAIL,FAIL,FAIL,Trend,0.0,0.0
2026-07-03T09:12:38.522102+00:00,DOGE/USDT,NO TRADE,PASS,PASS,FAIL,PASS,Momentum,3.4,22.4
2026-07-03T09:17:42.784353+00:00,BTC/USDT,NO TRADE,PASS,PASS,FAIL,FAIL,Momentum,1.2,19.2
2026-07-03T09:17:43.699215+00:00,ETH/USDT,NO TRADE,FAIL,PASS,PASS,PASS,Trend,4.8,23.8
2026-07-03T09:17:44.709516+00:00,SOL/USDT,NO TRADE,PASS,FAIL,PASS,FAIL,Structure,2.5,20.5
2026-07-03T09:17:45.612852+00:00,BNB/USDT,NO TRADE,PASS,PASS,FAIL,FAIL,Momentum,1.2,19.2
2026-07-03T09:17:46.536125+00:00,XRP/USDT,NO TRADE,PASS,FAIL,PASS,FAIL,Risk,5.75,25.75
2026-07-03T09:17:47.491395+00:00,LINK/USDT,NO TRADE,PASS,FAIL,PASS,FAIL,Structure,0.5,18.5
2026-07-03T09:17:48.400744+00:00,ADA/USDT,NO TRADE,PASS,FAIL,PASS,FAIL,Risk,5.25,26.25
2026-07-03T09:17:49.404730+00:00,AVAX/USDT,NO TRADE,FAIL,FAIL,FAIL,FAIL,Trend,0.0,0.0
2026-07-03T09:17:50.315719+00:00,DOGE/USDT,NO TRADE,PASS,PASS,FAIL,PASS,Momentum,3.4,22.4
2026-07-03T09:22:55.484264+00:00,BTC/USDT,NO TRADE,PASS,PASS,FAIL,FAIL,Momentum,1.2,19.2
2026-07-03T09:22:56.574135+00:00,ETH/USDT,NO TRADE,FAIL,PASS,PASS,PASS,Trend,4.8,23.8
2026-07-03T09:22:57.748324+00:00,SOL/USDT,NO TRADE,PASS,FAIL,PASS,FAIL,Structure,2.5,20.5
2026-07-03T09:22:58.663470+00:00,BNB/USDT,NO TRADE,PASS,PASS,FAIL,PASS,Momentum,1.2,23.2
2026-07-03T09:22:59.681240+00:00,XRP/USDT,NO TRADE,PASS,FAIL,PASS,FAIL,Risk,5.75,25.75
2026-07-03T09:23:00.696124+00:00,LINK/USDT,NO TRADE,PASS,FAIL,PASS,FAIL,Structure,0.5,18.5
2026-07-03T09:23:01.625315+00:00,ADA/USDT,NO TRADE,PASS,FAIL,PASS,FAIL,Risk,3.5,24.5
2026-07-03T09:23:02.702924+00:00,AVAX/USDT,NO TRADE,FAIL,FAIL,FAIL,FAIL,Trend,0.0,0.0
2026-07-03T09:23:03.741856+00:00,DOGE/USDT,NO TRADE,PASS,PASS,FAIL,PASS,Momentum,3.4,22.4
2026-07-03T09:28:07.239915+00:00,BTC/USDT,NO TRADE,PASS,PASS,FAIL,FAIL,Momentum,1.2,19.2
2026-07-03T09:28:08.372156+00:00,ETH/USDT,NO TRADE,FAIL,PASS,PASS,PASS,Trend,4.8,23.8
2026-07-03T09:28:10.890617+00:00,SOL/USDT,NO TRADE,PASS,FAIL,PASS,FAIL,Structure,2.5,20.5
2026-07-03T09:28:12.586311+00:00,BNB/USDT,NO TRADE,PASS,PASS,FAIL,PASS,Momentum,1.2,23.2
2026-07-03T09:28:13.939963+00:00,XRP/USDT,NO TRADE,PASS,FAIL,PASS,FAIL,Risk,5.75,25.75
2026-07-03T09:28:15.251144+00:00,LINK/USDT,NO TRADE,PASS,FAIL,PASS,FAIL,Structure,0.5,18.5
2026-07-03T09:28:16.390581+00:00,ADA/USDT,NO TRADE,PASS,FAIL,PASS,FAIL,Risk,5.25,26.25
2026-07-03T09:28:17.784013+00:00,AVAX/USDT,NO TRADE,FAIL,FAIL,FAIL,FAIL,Trend,0.0,0.0
2026-07-03T09:28:19.618682+00:00,DOGE/USDT,NO TRADE,PASS,PASS,FAIL,PASS,Momentum,3.4,22.4
2026-07-03T09:33:23.047627+00:00,BTC/USDT,NO TRADE,PASS,PASS,FAIL,FAIL,Momentum,1.2,19.2
2026-07-03T09:33:24.229697+00:00,ETH/USDT,NO TRADE,FAIL,PASS,PASS,PASS,Trend,4.8,23.8
2026-07-03T09:33:25.140210+00:00,SOL/USDT,NO TRADE,PASS,FAIL,PASS,FAIL,Structure,2.5,20.5
2026-07-03T09:33:26.057833+00:00,BNB/USDT,NO TRADE,PASS,PASS,FAIL,FAIL,Momentum,1.2,19.2
2026-07-03T09:33:26.973292+00:00,XRP/USDT,NO TRADE,PASS,FAIL,PASS,FAIL,Risk,5.75,25.75
2026-07-03T09:33:28.093244+00:00,LINK/USDT,NO TRADE,PASS,FAIL,PASS,FAIL,Structure,0.5,18.5
2026-07-03T09:33:29.106931+00:00,ADA/USDT,NO TRADE,PASS,FAIL,PASS,FAIL,Risk,5.25,26.25
2026-07-03T09:33:30.334461+00:00,AVAX/USDT,NO TRADE,FAIL,FAIL,FAIL,FAIL,Trend,0.0,0.0
2026-07-03T09:33:31.260023+00:00,DOGE/USDT,NO TRADE,PASS,PASS,FAIL,PASS,Momentum,3.4,22.4
2026-07-03T09:38:34.863392+00:00,BTC/USDT,NO TRADE,PASS,PASS,FAIL,FAIL,Momentum,1.2,19.2
2026-07-03T09:38:35.813047+00:00,ETH/USDT,NO TRADE,FAIL,FAIL,FAIL,FAIL,Trend,0.0,0.0
2026-07-03T09:38:36.818721+00:00,SOL/USDT,NO TRADE,PASS,FAIL,PASS,FAIL,Structure,2.5,20.5
2026-07-03T09:38:37.827299+00:00,BNB/USDT,NO TRADE,PASS,PASS,FAIL,FAIL,Momentum,1.2,19.2
2026-07-03T09:38:38.955187+00:00,XRP/USDT,NO TRADE,PASS,FAIL,PASS,FAIL,Risk,4.0,24.0
2026-07-03T09:38:39.868366+00:00,LINK/USDT,NO TRADE,PASS,PASS,PASS,PASS,Score Threshold,0.0,21.0
2026-07-03T09:38:40.795693+00:00,ADA/USDT,NO TRADE,PASS,FAIL,PASS,FAIL,Risk,3.5,24.5
2026-07-03T09:38:41.825100+00:00,AVAX/USDT,NO TRADE,FAIL,FAIL,FAIL,FAIL,Trend,0.0,0.0
2026-07-03T09:38:42.693022+00:00,DOGE/USDT,NO TRADE,PASS,PASS,FAIL,FAIL,Momentum,2.2,20.2
2026-07-03T09:43:46.273832+00:00,BTC/USDT,NO TRADE,PASS,PASS,FAIL,FAIL,Momentum,1.2,19.2
2026-07-03T09:43:47.880579+00:00,ETH/USDT,NO TRADE,FAIL,FAIL,FAIL,FAIL,Trend,0.0,0.0
2026-07-03T09:43:49.010278+00:00,SOL/USDT,NO TRADE,PASS,FAIL,PASS,FAIL,Structure,2.5,20.5
2026-07-03T09:43:50.026061+00:00,BNB/USDT,NO TRADE,PASS,PASS,FAIL,PASS,Momentum,1.2,23.2
2026-07-03T09:43:51.187341+00:00,XRP/USDT,NO TRADE,PASS,FAIL,PASS,FAIL,Risk,4.0,24.0
2026-07-03T09:43:52.302316+00:00,LINK/USDT,NO TRADE,PASS,FAIL,PASS,PASS,Structure,0.5,21.5
2026-07-03T09:43:53.315859+00:00,ADA/USDT,NO TRADE,PASS,FAIL,PASS,FAIL,Risk,3.5,24.5
2026-07-03T09:43:54.342407+00:00,AVAX/USDT,NO TRADE,FAIL,FAIL,FAIL,FAIL,Trend,0.0,0.0
2026-07-03T09:43:55.475987+00:00,DOGE/USDT,NO TRADE,PASS,PASS,FAIL,FAIL,Momentum,2.2,20.2
2026-07-03T09:48:58.993484+00:00,BTC/USDT,NO TRADE,PASS,PASS,FAIL,FAIL,Momentum,1.2,19.2
2026-07-03T09:48:59.885940+00:00,ETH/USDT,NO TRADE,FAIL,PASS,PASS,PASS,Trend,4.8,23.8
2026-07-03T09:49:00.905586+00:00,SOL/USDT,NO TRADE,PASS,FAIL,PASS,FAIL,Structure,2.5,20.5
2026-07-03T09:49:02.035816+00:00,BNB/USDT,NO TRADE,PASS,PASS,FAIL,PASS,Momentum,2.4,21.4
2026-07-03T09:49:03.231267+00:00,XRP/USDT,NO TRADE,PASS,FAIL,PASS,FAIL,Risk,5.75,25.75
2026-07-03T09:49:04.379761+00:00,LINK/USDT,NO TRADE,PASS,FAIL,PASS,FAIL,Structure,0.5,18.5
2026-07-03T09:49:05.242899+00:00,ADA/USDT,NO TRADE,PASS,FAIL,PASS,FAIL,Risk,5.25,26.25
2026-07-03T09:49:06.365595+00:00,AVAX/USDT,NO TRADE,PASS,FAIL,PASS,FAIL,Structure,6.0,27.0
2026-07-03T09:49:07.192561+00:00,DOGE/USDT,NO TRADE,PASS,PASS,FAIL,PASS,Momentum,3.4,22.4
2026-07-03T09:54:11.169669+00:00,BTC/USDT,NO TRADE,PASS,PASS,FAIL,FAIL,Momentum,1.2,19.2
2026-07-03T09:54:12.955014+00:00,ETH/USDT,NO TRADE,FAIL,PASS,PASS,PASS,Trend,4.8,23.8
2026-07-03T09:54:14.252686+00:00,SOL/USDT,NO TRADE,PASS,FAIL,PASS,FAIL,Structure,2.5,20.5
2026-07-03T09:54:15.190308+00:00,BNB/USDT,NO TRADE,PASS,PASS,FAIL,PASS,Momentum,1.2,23.2
2026-07-03T09:54:16.768228+00:00,XRP/USDT,NO TRADE,PASS,FAIL,PASS,FAIL,Risk,4.0,24.0
2026-07-03T09:54:18.103549+00:00,LINK/USDT,NO TRADE,PASS,FAIL,PASS,FAIL,Structure,0.5,18.5
2026-07-03T09:54:19.104230+00:00,ADA/USDT,NO TRADE,PASS,FAIL,PASS,FAIL,Risk,5.25,26.25
2026-07-03T09:54:20.167121+00:00,AVAX/USDT,NO TRADE,FAIL,FAIL,FAIL,FAIL,Trend,0.0,0.0
2026-07-03T09:54:21.717354+00:00,DOGE/USDT,NO TRADE,PASS,PASS,FAIL,PASS,Momentum,3.4,22.4
2026-07-03T09:59:25.459669+00:00,BTC/USDT,NO TRADE,PASS,PASS,FAIL,FAIL,Momentum,1.2,19.2
2026-07-03T09:59:26.859157+00:00,ETH/USDT,NO TRADE,FAIL,PASS,PASS,PASS,Trend,4.8,23.8
2026-07-03T09:59:28.911870+00:00,SOL/USDT,NO TRADE,PASS,FAIL,PASS,FAIL,Structure,2.5,20.5
2026-07-03T09:59:30.715034+00:00,BNB/USDT,NO TRADE,PASS,PASS,FAIL,PASS,Momentum,1.2,23.2
2026-07-03T09:59:32.570446+00:00,XRP/USDT,NO TRADE,PASS,FAIL,PASS,FAIL,Risk,4.0,24.0
2026-07-03T09:59:34.334379+00:00,LINK/USDT,NO TRADE,PASS,FAIL,PASS,FAIL,Structure,0.5,18.5
2026-07-03T09:59:35.624388+00:00,ADA/USDT,NO TRADE,PASS,FAIL,PASS,FAIL,Risk,5.25,26.25
2026-07-03T09:59:38.052668+00:00,AVAX/USDT,NO TRADE,FAIL,FAIL,FAIL,FAIL,Trend,0.0,0.0
2026-07-03T09:59:39.483399+00:00,DOGE/USDT,NO TRADE,PASS,PASS,FAIL,PASS,Momentum,3.4,22.4
2026-07-03T10:04:44.290447+00:00,BTC/USDT,NO TRADE,PASS,PASS,FAIL,PASS,Momentum,1.2,23.2
2026-07-03T10:04:46.320721+00:00,ETH/USDT,NO TRADE,FAIL,PASS,PASS,PASS,Trend,4.8,23.8
2026-07-03T10:04:48.708323+00:00,SOL/USDT,NO TRADE,PASS,FAIL,PASS,FAIL,Structure,2.5,20.5
2026-07-03T10:04:50.470611+00:00,BNB/USDT,NO TRADE,PASS,PASS,FAIL,PASS,Momentum,2.4,23.4
2026-07-03T10:04:53.346970+00:00,XRP/USDT,NO TRADE,PASS,FAIL,PASS,FAIL,Risk,4.0,24.0
2026-07-03T10:04:55.732211+00:00,LINK/USDT,NO TRADE,FAIL,FAIL,FAIL,FAIL,Trend,0.0,0.0
2026-07-03T10:04:57.531738+00:00,ADA/USDT,NO TRADE,PASS,FAIL,PASS,FAIL,Risk,5.25,26.25
2026-07-03T10:04:59.537349+00:00,AVAX/USDT,NO TRADE,FAIL,FAIL,FAIL,FAIL,Trend,0.0,0.0
2026-07-03T10:05:02.352005+00:00,DOGE/USDT,NO TRADE,PASS,PASS,FAIL,PASS,Momentum,2.2,24.2
2026-07-03T10:10:06.950414+00:00,BTC/USDT,NO TRADE,PASS,PASS,FAIL,PASS,Momentum,1.2,23.2
2026-07-03T10:10:08.116166+00:00,ETH/USDT,NO TRADE,FAIL,PASS,PASS,PASS,Trend,4.8,23.8
2026-07-03T10:10:09.917107+00:00,SOL/USDT,NO TRADE,PASS,FAIL,PASS,FAIL,Structure,2.5,20.5
2026-07-03T10:10:11.898246+00:00,BNB/USDT,NO TRADE,PASS,PASS,FAIL,PASS,Momentum,1.2,23.2
2026-07-03T10:10:14.294976+00:00,XRP/USDT,NO TRADE,PASS,FAIL,PASS,FAIL,Risk,4.0,22.0
2026-07-03T10:10:16.154714+00:00,LINK/USDT,NO TRADE,PASS,FAIL,PASS,FAIL,Risk,3.5,21.5
2026-07-03T10:10:17.711547+00:00,ADA/USDT,NO TRADE,PASS,FAIL,PASS,FAIL,Risk,5.25,26.25
2026-07-03T10:10:19.286063+00:00,AVAX/USDT,NO TRADE,FAIL,FAIL,FAIL,FAIL,Trend,0.0,0.0
2026-07-03T10:10:21.640615+00:00,DOGE/USDT,NO TRADE,PASS,PASS,FAIL,PASS,Momentum,2.2,24.2
2026-07-03T10:15:26.070606+00:00,BTC/USDT,NO TRADE,PASS,PASS,FAIL,PASS,Momentum,1.2,23.2
2026-07-03T10:15:28.213118+00:00,ETH/USDT,NO TRADE,FAIL,PASS,PASS,PASS,Trend,4.8,23.8
2026-07-03T10:15:30.240399+00:00,SOL/USDT,NO TRADE,PASS,FAIL,PASS,FAIL,Structure,2.5,20.5
2026-07-03T10:15:33.024151+00:00,BNB/USDT,NO TRADE,PASS,PASS,FAIL,PASS,Momentum,1.2,24.2
2026-07-03T10:15:35.495713+00:00,XRP/USDT,NO TRADE,PASS,FAIL,PASS,FAIL,Risk,4.0,24.0
2026-07-03T10:15:38.404994+00:00,LINK/USDT,NO TRADE,FAIL,FAIL,FAIL,FAIL,Trend,0.0,0.0
2026-07-03T10:15:40.727050+00:00,ADA/USDT,NO TRADE,PASS,FAIL,PASS,FAIL,Risk,5.25,26.25
2026-07-03T10:15:43.259630+00:00,AVAX/USDT,NO TRADE,FAIL,PASS,FAIL,PASS,Trend,6.0,26.0
2026-07-03T10:15:45.494276+00:00,DOGE/USDT,NO TRADE,PASS,PASS,FAIL,PASS,Momentum,3.4,22.4
2026-07-03T10:21:02.992782+00:00,BTC/USDT,NO TRADE,PASS,PASS,FAIL,PASS,Momentum,1.2,23.2
2026-07-03T10:21:04.947118+00:00,ETH/USDT,NO TRADE,FAIL,PASS,PASS,PASS,Trend,4.8,23.8
2026-07-03T10:21:07.767013+00:00,SOL/USDT,NO TRADE,PASS,FAIL,PASS,FAIL,Structure,2.5,20.5
2026-07-03T10:21:10.472959+00:00,BNB/USDT,NO TRADE,PASS,PASS,FAIL,PASS,Momentum,1.2,24.2
2026-07-03T10:21:13.057975+00:00,XRP/USDT,NO TRADE,PASS,FAIL,PASS,FAIL,Risk,4.0,24.0
2026-07-03T10:21:15.739901+00:00,LINK/USDT,NO TRADE,FAIL,FAIL,FAIL,FAIL,Trend,0.0,0.0
2026-07-03T10:21:18.624830+00:00,ADA/USDT,NO TRADE,PASS,FAIL,PASS,FAIL,Risk,5.25,26.25
2026-07-03T10:21:22.341159+00:00,AVAX/USDT,NO TRADE,FAIL,FAIL,FAIL,FAIL,Trend,0.0,0.0
2026-07-03T10:21:26.624583+00:00,DOGE/USDT,NO TRADE,PASS,PASS,FAIL,PASS,Momentum,2.2,24.2
2026-07-03T10:26:31.325845+00:00,BTC/USDT,NO TRADE,PASS,PASS,FAIL,PASS,Momentum,1.2,23.2
2026-07-03T10:26:32.996763+00:00,ETH/USDT,NO TRADE,FAIL,PASS,PASS,PASS,Trend,4.8,23.8
2026-07-03T10:26:34.407195+00:00,SOL/USDT,NO TRADE,PASS,FAIL,PASS,FAIL,Structure,2.5,20.5
2026-07-03T10:26:35.737068+00:00,BNB/USDT,NO TRADE,PASS,PASS,FAIL,PASS,Momentum,2.4,23.4
2026-07-03T10:26:37.117135+00:00,XRP/USDT,NO TRADE,PASS,FAIL,PASS,FAIL,Risk,5.75,25.75
2026-07-03T10:26:38.357263+00:00,LINK/USDT,NO TRADE,FAIL,FAIL,FAIL,FAIL,Trend,0.0,0.0
2026-07-03T10:26:39.568643+00:00,ADA/USDT,NO TRADE,PASS,FAIL,PASS,FAIL,Risk,5.25,26.25
2026-07-03T10:26:41.088337+00:00,AVAX/USDT,NO TRADE,FAIL,PASS,FAIL,PASS,Trend,6.0,26.0
2026-07-03T10:26:43.270693+00:00,DOGE/USDT,NO TRADE,PASS,PASS,FAIL,PASS,Momentum,2.2,24.2
2026-07-03T10:31:46.648210+00:00,BTC/USDT,NO TRADE,PASS,PASS,FAIL,PASS,Momentum,1.2,23.2
2026-07-03T10:31:48.020811+00:00,ETH/USDT,NO TRADE,FAIL,PASS,PASS,PASS,Trend,4.8,23.8
2026-07-03T10:31:49.485717+00:00,SOL/USDT,NO TRADE,PASS,FAIL,PASS,FAIL,Structure,2.5,20.5
2026-07-03T10:31:50.780161+00:00,BNB/USDT,NO TRADE,PASS,PASS,FAIL,PASS,Momentum,2.4,23.4
2026-07-03T10:31:51.731406+00:00,XRP/USDT,NO TRADE,PASS,FAIL,PASS,FAIL,Risk,5.75,25.75
2026-07-03T10:31:52.700110+00:00,LINK/USDT,NO TRADE,FAIL,PASS,PASS,PASS,Trend,4.8,23.8
2026-07-03T10:31:53.749712+00:00,ADA/USDT,NO TRADE,PASS,FAIL,PASS,FAIL,Risk,5.25,26.25
2026-07-03T10:31:55.123737+00:00,AVAX/USDT,NO TRADE,FAIL,PASS,FAIL,PASS,Trend,6.0,26.0
2026-07-03T10:31:56.235481+00:00,DOGE/USDT,NO TRADE,PASS,PASS,FAIL,PASS,Momentum,2.2,24.2
2026-07-03T10:36:59.677346+00:00,BTC/USDT,NO TRADE,PASS,PASS,FAIL,PASS,Momentum,1.2,23.2
2026-07-03T10:37:00.604493+00:00,ETH/USDT,NO TRADE,FAIL,PASS,PASS,PASS,Trend,4.8,23.8
2026-07-03T10:37:01.518190+00:00,SOL/USDT,NO TRADE,FAIL,FAIL,FAIL,FAIL,Trend,0.0,0.0
2026-07-03T10:37:02.730612+00:00,BNB/USDT,NO TRADE,PASS,PASS,FAIL,PASS,Momentum,2.4,23.4
2026-07-03T10:37:03.625232+00:00,XRP/USDT,NO TRADE,PASS,FAIL,PASS,FAIL,Risk,5.75,25.75
2026-07-03T10:37:04.772237+00:00,LINK/USDT,NO TRADE,FAIL,FAIL,FAIL,FAIL,Trend,0.0,0.0
2026-07-03T10:37:06.242103+00:00,ADA/USDT,NO TRADE,PASS,FAIL,PASS,FAIL,Risk,5.25,26.25
2026-07-03T10:37:08.009647+00:00,AVAX/USDT,NO TRADE,PASS,FAIL,PASS,FAIL,Structure,7.75,28.75
2026-07-03T10:37:09.442094+00:00,DOGE/USDT,NO TRADE,PASS,PASS,FAIL,PASS,Momentum,3.4,22.4
2026-07-03T10:42:13.695406+00:00,BTC/USDT,NO TRADE,PASS,PASS,FAIL,PASS,Momentum,1.2,24.2
2026-07-03T10:42:15.349334+00:00,ETH/USDT,NO TRADE,FAIL,PASS,PASS,PASS,Trend,4.8,23.8
2026-07-03T10:42:16.432479+00:00,SOL/USDT,NO TRADE,FAIL,FAIL,FAIL,FAIL,Trend,0.0,0.0
2026-07-03T10:42:18.211656+00:00,BNB/USDT,NO TRADE,PASS,PASS,FAIL,PASS,Momentum,2.4,23.4
2026-07-03T10:42:19.502149+00:00,XRP/USDT,NO TRADE,PASS,FAIL,PASS,FAIL,Risk,5.25,26.25
2026-07-03T10:42:20.494084+00:00,LINK/USDT,NO TRADE,FAIL,PASS,PASS,PASS,Trend,4.8,23.8
2026-07-03T10:42:21.555894+00:00,ADA/USDT,NO TRADE,PASS,FAIL,PASS,FAIL,Risk,5.25,26.25
2026-07-03T10:42:22.701653+00:00,AVAX/USDT,NO TRADE,PASS,FAIL,PASS,FAIL,Structure,7.75,28.75
2026-07-03T10:42:23.566368+00:00,DOGE/USDT,NO TRADE,PASS,PASS,FAIL,PASS,Momentum,3.4,22.4
2026-07-03T10:47:27.221120+00:00,BTC/USDT,NO TRADE,PASS,PASS,FAIL,PASS,Momentum,1.2,24.2
2026-07-03T10:47:28.313253+00:00,ETH/USDT,NO TRADE,PASS,FAIL,PASS,FAIL,Risk,5.25,26.25
2026-07-03T10:47:29.446858+00:00,SOL/USDT,NO TRADE,FAIL,FAIL,FAIL,FAIL,Trend,0.0,0.0
2026-07-03T10:47:30.579350+00:00,BNB/USDT,NO TRADE,PASS,PASS,FAIL,PASS,Momentum,1.6,23.6
2026-07-03T10:47:31.755014+00:00,XRP/USDT,NO TRADE,PASS,FAIL,PASS,FAIL,Risk,5.25,26.25
2026-07-03T10:47:33.044567+00:00,LINK/USDT,NO TRADE,FAIL,PASS,PASS,PASS,Trend,4.8,23.8
2026-07-03T10:47:34.142839+00:00,ADA/USDT,NO TRADE,PASS,FAIL,PASS,FAIL,Risk,5.25,26.25
2026-07-03T10:47:35.234036+00:00,AVAX/USDT,NO TRADE,PASS,FAIL,PASS,FAIL,Structure,7.75,28.75
2026-07-03T10:47:36.292364+00:00,DOGE/USDT,NO TRADE,PASS,PASS,FAIL,PASS,Momentum,2.4,23.4
2026-07-03T10:52:40.632790+00:00,BTC/USDT,NO TRADE,PASS,PASS,FAIL,PASS,Momentum,1.2,24.2
2026-07-03T10:52:42.104762+00:00,ETH/USDT,NO TRADE,PASS,FAIL,PASS,FAIL,Risk,5.25,26.25
2026-07-03T10:52:43.763801+00:00,SOL/USDT,NO TRADE,FAIL,PASS,FAIL,PASS,Trend,5.2,26.2
2026-07-03T10:52:44.950786+00:00,BNB/USDT,NO TRADE,PASS,PASS,FAIL,PASS,Momentum,1.6,23.6
2026-07-03T10:52:46.696279+00:00,XRP/USDT,NO TRADE,PASS,FAIL,PASS,FAIL,Risk,5.25,26.25
2026-07-03T10:52:47.849995+00:00,LINK/USDT,NO TRADE,FAIL,PASS,PASS,PASS,Trend,4.8,23.8
2026-07-03T10:52:48.882297+00:00,ADA/USDT,NO TRADE,PASS,FAIL,PASS,FAIL,Risk,5.25,26.25
2026-07-03T10:52:50.249688+00:00,AVAX/USDT,NO TRADE,PASS,FAIL,PASS,FAIL,Structure,7.75,28.75
2026-07-03T10:52:51.629784+00:00,DOGE/USDT,NO TRADE,PASS,PASS,FAIL,PASS,Momentum,1.6,23.6
2026-07-03T10:57:55.483749+00:00,BTC/USDT,NO TRADE,PASS,PASS,FAIL,PASS,Momentum,1.2,24.2
2026-07-03T10:57:56.406621+00:00,ETH/USDT,NO TRADE,PASS,FAIL,PASS,FAIL,Risk,5.25,26.25
2026-07-03T10:57:57.564393+00:00,SOL/USDT,NO TRADE,FAIL,PASS,FAIL,PASS,Trend,5.2,26.2
2026-07-03T10:57:59.029027+00:00,BNB/USDT,NO TRADE,PASS,PASS,FAIL,PASS,Momentum,1.6,23.6
2026-07-03T10:58:00.850652+00:00,XRP/USDT,NO TRADE,PASS,FAIL,PASS,FAIL,Risk,5.25,26.25
2026-07-03T10:58:01.833682+00:00,LINK/USDT,NO TRADE,FAIL,PASS,PASS,PASS,Trend,4.8,23.8
2026-07-03T10:58:03.034739+00:00,ADA/USDT,NO TRADE,PASS,FAIL,PASS,FAIL,Risk,5.25,26.25
2026-07-03T10:58:04.330498+00:00,AVAX/USDT,NO TRADE,PASS,FAIL,PASS,FAIL,Structure,7.75,28.75
2026-07-03T10:58:05.507226+00:00,DOGE/USDT,NO TRADE,PASS,PASS,FAIL,PASS,Momentum,2.4,23.4
2026-07-03T11:03:08.902001+00:00,BTC/USDT,NO TRADE,PASS,PASS,FAIL,PASS,Momentum,1.2,24.2
2026-07-03T11:03:10.978995+00:00,ETH/USDT,NO TRADE,PASS,FAIL,PASS,FAIL,Risk,5.25,26.25
2026-07-03T11:03:12.181217+00:00,SOL/USDT,NO TRADE,FAIL,FAIL,FAIL,FAIL,Trend,0.0,0.0
2026-07-03T11:03:13.475171+00:00,BNB/USDT,NO TRADE,PASS,PASS,FAIL,PASS,Momentum,1.6,23.6
2026-07-03T11:03:14.301233+00:00,XRP/USDT,NO TRADE,PASS,FAIL,PASS,FAIL,Risk,5.25,26.25
2026-07-03T11:03:15.450675+00:00,LINK/USDT,NO TRADE,FAIL,PASS,PASS,PASS,Trend,4.8,23.8
2026-07-03T11:03:16.596606+00:00,ADA/USDT,NO TRADE,PASS,FAIL,PASS,FAIL,Risk,5.25,26.25
2026-07-03T11:03:18.113618+00:00,AVAX/USDT,NO TRADE,PASS,FAIL,PASS,FAIL,Structure,7.75,28.75
2026-07-03T11:03:19.758166+00:00,DOGE/USDT,NO TRADE,PASS,PASS,FAIL,PASS,Momentum,2.4,23.4
2026-07-03T11:08:23.320937+00:00,BTC/USDT,NO TRADE,PASS,PASS,FAIL,PASS,Momentum,1.2,24.2
2026-07-03T11:08:24.271577+00:00,ETH/USDT,NO TRADE,PASS,FAIL,PASS,FAIL,Risk,5.25,26.25
2026-07-03T11:08:25.382577+00:00,SOL/USDT,NO TRADE,FAIL,PASS,FAIL,PASS,Trend,5.2,26.2
2026-07-03T11:08:26.604905+00:00,BNB/USDT,NO TRADE,PASS,PASS,FAIL,PASS,Momentum,1.6,23.6
2026-07-03T11:08:27.552560+00:00,XRP/USDT,NO TRADE,PASS,FAIL,PASS,FAIL,Risk,5.25,26.25
2026-07-03T11:08:28.690624+00:00,LINK/USDT,NO TRADE,FAIL,PASS,PASS,PASS,Trend,4.8,23.8
2026-07-03T11:08:29.601201+00:00,ADA/USDT,NO TRADE,PASS,FAIL,PASS,FAIL,Risk,5.25,26.25
2026-07-03T11:08:30.836964+00:00,AVAX/USDT,NO TRADE,PASS,FAIL,PASS,FAIL,Structure,7.75,28.75
2026-07-03T11:08:31.675293+00:00,DOGE/USDT,NO TRADE,PASS,PASS,FAIL,PASS,Momentum,1.6,23.6
2026-07-03T11:13:35.183352+00:00,BTC/USDT,NO TRADE,PASS,PASS,FAIL,PASS,Momentum,1.2,24.2
2026-07-03T11:13:36.140223+00:00,ETH/USDT,NO TRADE,PASS,FAIL,PASS,FAIL,Risk,5.25,26.25
2026-07-03T11:13:37.278256+00:00,SOL/USDT,NO TRADE,FAIL,PASS,FAIL,PASS,Trend,5.2,26.2
2026-07-03T11:13:38.254129+00:00,BNB/USDT,NO TRADE,PASS,PASS,FAIL,PASS,Momentum,1.6,23.6
2026-07-03T11:13:39.197806+00:00,XRP/USDT,NO TRADE,PASS,FAIL,PASS,FAIL,Risk,5.25,26.25
2026-07-03T11:13:40.337993+00:00,LINK/USDT,NO TRADE,FAIL,PASS,PASS,PASS,Trend,4.8,23.8
2026-07-03T11:13:41.756669+00:00,ADA/USDT,NO TRADE,PASS,FAIL,PASS,FAIL,Risk,5.25,26.25
2026-07-03T11:13:44.026024+00:00,AVAX/USDT,NO TRADE,PASS,FAIL,PASS,FAIL,Structure,7.75,28.75
2026-07-03T11:13:45.651880+00:00,DOGE/USDT,NO TRADE,PASS,PASS,FAIL,PASS,Momentum,1.6,23.6
2026-07-03T11:18:50.103750+00:00,BTC/USDT,NO TRADE,PASS,PASS,FAIL,PASS,Momentum,1.2,24.2
2026-07-03T11:18:51.613563+00:00,ETH/USDT,NO TRADE,PASS,FAIL,PASS,FAIL,Risk,5.25,26.25
2026-07-03T11:18:53.459928+00:00,SOL/USDT,NO TRADE,FAIL,FAIL,FAIL,FAIL,Trend,0.0,0.0
2026-07-03T11:18:55.053785+00:00,BNB/USDT,NO TRADE,PASS,PASS,FAIL,PASS,Momentum,1.6,23.6
2026-07-03T11:18:56.676075+00:00,XRP/USDT,NO TRADE,PASS,FAIL,PASS,FAIL,Risk,5.25,26.25
2026-07-03T11:18:57.693584+00:00,LINK/USDT,NO TRADE,FAIL,PASS,PASS,PASS,Trend,4.8,23.8
2026-07-03T11:18:58.843723+00:00,ADA/USDT,NO TRADE,PASS,FAIL,PASS,FAIL,Risk,5.25,26.25
2026-07-03T11:18:59.852569+00:00,AVAX/USDT,NO TRADE,PASS,FAIL,PASS,FAIL,Structure,7.75,28.75
2026-07-03T11:19:00.703000+00:00,DOGE/USDT,NO TRADE,PASS,PASS,FAIL,PASS,Momentum,1.6,23.6
2026-07-03T11:24:03.975892+00:00,BTC/USDT,NO TRADE,PASS,PASS,FAIL,PASS,Momentum,1.2,24.2
2026-07-03T11:24:05.633470+00:00,ETH/USDT,NO TRADE,PASS,FAIL,PASS,FAIL,Risk,5.25,26.25
2026-07-03T11:24:07.169586+00:00,SOL/USDT,NO TRADE,FAIL,PASS,FAIL,PASS,Trend,5.2,26.2
2026-07-03T11:24:08.073917+00:00,BNB/USDT,NO TRADE,PASS,PASS,FAIL,PASS,Momentum,1.6,23.6
2026-07-03T11:24:09.016125+00:00,XRP/USDT,NO TRADE,PASS,FAIL,PASS,FAIL,Risk,5.25,26.25
2026-07-03T11:24:10.023893+00:00,LINK/USDT,NO TRADE,FAIL,PASS,PASS,PASS,Trend,4.8,23.8
2026-07-03T11:24:11.041147+00:00,ADA/USDT,NO TRADE,PASS,FAIL,PASS,FAIL,Risk,5.25,26.25
2026-07-03T11:24:12.151091+00:00,AVAX/USDT,NO TRADE,PASS,FAIL,PASS,FAIL,Structure,7.75,28.75
2026-07-03T11:24:12.965528+00:00,DOGE/USDT,NO TRADE,PASS,PASS,FAIL,PASS,Momentum,1.6,23.6
2026-07-03T11:29:17.567949+00:00,BTC/USDT,NO TRADE,PASS,PASS,FAIL,PASS,Momentum,1.2,24.2
2026-07-03T11:29:18.405236+00:00,ETH/USDT,NO TRADE,PASS,FAIL,PASS,FAIL,Risk,5.25,26.25
2026-07-03T11:29:19.657517+00:00,SOL/USDT,NO TRADE,FAIL,FAIL,FAIL,FAIL,Trend,0.0,0.0
2026-07-03T11:29:20.694294+00:00,BNB/USDT,NO TRADE,PASS,PASS,FAIL,PASS,Momentum,1.6,23.6
2026-07-03T11:29:21.730322+00:00,XRP/USDT,NO TRADE,PASS,FAIL,PASS,FAIL,Risk,5.25,26.25
2026-07-03T11:29:22.751349+00:00,LINK/USDT,NO TRADE,FAIL,PASS,PASS,PASS,Trend,4.8,23.8
2026-07-03T11:29:23.793818+00:00,ADA/USDT,NO TRADE,PASS,FAIL,PASS,FAIL,Risk,5.25,26.25
2026-07-03T11:29:24.922414+00:00,AVAX/USDT,NO TRADE,PASS,FAIL,PASS,FAIL,Structure,7.75,28.75
2026-07-03T11:29:26.059422+00:00,DOGE/USDT,NO TRADE,PASS,PASS,FAIL,PASS,Momentum,1.6,23.6
2026-07-03T11:34:30.407686+00:00,BTC/USDT,NO TRADE,PASS,PASS,FAIL,PASS,Momentum,1.2,24.2
2026-07-03T11:34:31.325661+00:00,ETH/USDT,NO TRADE,PASS,FAIL,PASS,FAIL,Risk,5.25,26.25
2026-07-03T11:34:32.654073+00:00,SOL/USDT,NO TRADE,FAIL,FAIL,FAIL,FAIL,Trend,0.0,0.0
2026-07-03T11:34:33.763427+00:00,BNB/USDT,NO TRADE,PASS,PASS,FAIL,PASS,Momentum,1.6,23.6
2026-07-03T11:34:34.703818+00:00,XRP/USDT,NO TRADE,PASS,FAIL,PASS,FAIL,Risk,5.25,26.25
2026-07-03T11:34:35.804869+00:00,LINK/USDT,NO TRADE,FAIL,PASS,PASS,PASS,Trend,4.8,23.8
2026-07-03T11:34:37.000940+00:00,ADA/USDT,NO TRADE,PASS,FAIL,PASS,FAIL,Risk,5.25,26.25
2026-07-03T11:34:38.107867+00:00,AVAX/USDT,NO TRADE,PASS,FAIL,PASS,FAIL,Structure,7.75,28.75
2026-07-03T11:34:38.919254+00:00,DOGE/USDT,NO TRADE,PASS,PASS,FAIL,PASS,Momentum,1.6,23.6
2026-07-03T11:39:42.793655+00:00,BTC/USDT,NO TRADE,PASS,PASS,FAIL,PASS,Momentum,1.2,24.2
2026-07-03T11:39:43.710819+00:00,ETH/USDT,NO TRADE,PASS,FAIL,PASS,FAIL,Risk,5.25,26.25
2026-07-03T11:39:44.731711+00:00,SOL/USDT,NO TRADE,FAIL,FAIL,FAIL,FAIL,Trend,0.0,0.0
2026-07-03T11:39:45.734826+00:00,BNB/USDT,NO TRADE,PASS,PASS,FAIL,PASS,Momentum,1.6,23.6
2026-07-03T11:39:46.647104+00:00,XRP/USDT,NO TRADE,PASS,FAIL,PASS,FAIL,Risk,5.25,26.25
2026-07-03T11:39:47.659530+00:00,LINK/USDT,NO TRADE,FAIL,PASS,PASS,PASS,Trend,4.8,23.8
2026-07-03T11:39:49.561254+00:00,ADA/USDT,NO TRADE,PASS,FAIL,PASS,FAIL,Risk,5.25,26.25
2026-07-03T11:39:51.606510+00:00,AVAX/USDT,NO TRADE,PASS,FAIL,PASS,FAIL,Structure,7.75,28.75
2026-07-03T11:39:52.729710+00:00,DOGE/USDT,NO TRADE,PASS,PASS,FAIL,PASS,Momentum,1.6,23.6
2026-07-03T11:44:56.040961+00:00,BTC/USDT,NO TRADE,PASS,PASS,FAIL,PASS,Momentum,1.2,24.2
2026-07-03T11:44:57.078126+00:00,ETH/USDT,NO TRADE,PASS,FAIL,PASS,FAIL,Risk,5.25,26.25
2026-07-03T11:44:58.413222+00:00,SOL/USDT,NO TRADE,FAIL,FAIL,FAIL,FAIL,Trend,0.0,0.0
2026-07-03T11:44:59.473967+00:00,BNB/USDT,NO TRADE,PASS,PASS,FAIL,PASS,Momentum,1.6,23.6
2026-07-03T11:45:00.864198+00:00,XRP/USDT,NO TRADE,PASS,FAIL,PASS,FAIL,Risk,5.25,26.25
2026-07-03T11:45:03.244260+00:00,LINK/USDT,NO TRADE,FAIL,PASS,PASS,PASS,Trend,4.8,23.8
2026-07-03T11:45:04.261485+00:00,ADA/USDT,NO TRADE,PASS,FAIL,PASS,FAIL,Risk,5.25,26.25
2026-07-03T11:45:05.600619+00:00,AVAX/USDT,NO TRADE,PASS,FAIL,PASS,FAIL,Structure,7.75,28.75
2026-07-03T11:45:06.448174+00:00,DOGE/USDT,NO TRADE,PASS,PASS,FAIL,PASS,Momentum,1.6,23.6
2026-07-03T11:50:10.273625+00:00,BTC/USDT,NO TRADE,PASS,PASS,FAIL,PASS,Momentum,0.4,24.4
2026-07-03T11:50:11.213307+00:00,ETH/USDT,NO TRADE,PASS,FAIL,PASS,FAIL,Risk,5.25,26.25
2026-07-03T11:50:12.246526+00:00,SOL/USDT,NO TRADE,FAIL,FAIL,FAIL,FAIL,Trend,0.0,0.0
2026-07-03T11:50:13.279374+00:00,BNB/USDT,NO TRADE,PASS,PASS,FAIL,PASS,Momentum,1.6,23.6
2026-07-03T11:50:14.214616+00:00,XRP/USDT,NO TRADE,PASS,FAIL,PASS,FAIL,Risk,5.25,26.25
2026-07-03T11:50:15.246958+00:00,LINK/USDT,NO TRADE,FAIL,PASS,PASS,PASS,Trend,4.8,23.8
2026-07-03T11:50:16.721801+00:00,ADA/USDT,NO TRADE,PASS,FAIL,PASS,FAIL,Risk,5.25,26.25
2026-07-03T11:50:17.850708+00:00,AVAX/USDT,NO TRADE,PASS,FAIL,PASS,FAIL,Structure,7.75,28.75
2026-07-03T11:50:18.922511+00:00,DOGE/USDT,NO TRADE,PASS,PASS,FAIL,PASS,Momentum,1.6,23.6
2026-07-03T11:55:22.375740+00:00,BTC/USDT,NO TRADE,PASS,PASS,FAIL,PASS,Momentum,0.4,24.4
2026-07-03T11:55:23.307563+00:00,ETH/USDT,NO TRADE,PASS,FAIL,PASS,FAIL,Risk,5.25,26.25
2026-07-03T11:55:25.335205+00:00,SOL/USDT,NO TRADE,FAIL,PASS,FAIL,PASS,Trend,5.2,26.2
2026-07-03T11:55:27.088331+00:00,BNB/USDT,NO TRADE,PASS,PASS,FAIL,PASS,Momentum,1.6,23.6
2026-07-03T11:55:27.914335+00:00,XRP/USDT,NO TRADE,PASS,FAIL,PASS,FAIL,Risk,5.25,26.25
2026-07-03T11:55:29.037559+00:00,LINK/USDT,NO TRADE,FAIL,PASS,PASS,PASS,Trend,4.8,23.8
2026-07-03T11:55:30.281487+00:00,ADA/USDT,NO TRADE,PASS,FAIL,PASS,FAIL,Risk,5.25,26.25
2026-07-03T11:55:31.298376+00:00,AVAX/USDT,NO TRADE,PASS,FAIL,PASS,FAIL,Structure,7.75,28.75
2026-07-03T11:55:32.138578+00:00,DOGE/USDT,NO TRADE,PASS,PASS,FAIL,PASS,Momentum,1.6,23.6
2026-07-03T12:00:36.774274+00:00,BTC/USDT,NO TRADE,FAIL,FAIL,FAIL,FAIL,Trend,0.0,0.0
2026-07-03T12:00:37.820627+00:00,ETH/USDT,NO TRADE,PASS,FAIL,PASS,FAIL,Risk,5.25,26.25
2026-07-03T12:00:39.065243+00:00,SOL/USDT,NO TRADE,FAIL,FAIL,FAIL,FAIL,Trend,0.0,0.0
2026-07-03T12:00:40.030174+00:00,BNB/USDT,NO TRADE,PASS,PASS,FAIL,PASS,Momentum,1.6,23.6
2026-07-03T12:00:41.211016+00:00,XRP/USDT,NO TRADE,PASS,FAIL,PASS,FAIL,Risk,5.25,26.25
2026-07-03T12:00:42.351762+00:00,LINK/USDT,NO TRADE,FAIL,PASS,PASS,PASS,Trend,4.8,23.8
2026-07-03T12:00:43.399286+00:00,ADA/USDT,NO TRADE,PASS,FAIL,PASS,FAIL,Risk,5.25,26.25
2026-07-03T12:00:44.431485+00:00,AVAX/USDT,NO TRADE,PASS,FAIL,PASS,FAIL,Structure,7.75,28.75
2026-07-03T12:00:46.001457+00:00,DOGE/USDT,NO TRADE,PASS,PASS,FAIL,PASS,Momentum,1.6,23.6
2026-07-03T12:05:51.775834+00:00,BTC/USDT,NO TRADE,FAIL,PASS,FAIL,PASS,Trend,5.2,24.2
2026-07-03T12:05:53.508705+00:00,ETH/USDT,NO TRADE,PASS,FAIL,PASS,FAIL,Risk,5.25,26.25
2026-07-03T12:05:56.253406+00:00,SOL/USDT,NO TRADE,FAIL,FAIL,FAIL,FAIL,Trend,0.0,0.0
2026-07-03T12:05:57.945243+00:00,BNB/USDT,NO TRADE,PASS,PASS,FAIL,PASS,Momentum,1.6,23.6
2026-07-03T12:06:01.701287+00:00,XRP/USDT,NO TRADE,PASS,FAIL,PASS,FAIL,Risk,5.25,26.25
2026-07-03T12:06:06.254081+00:00,LINK/USDT,NO TRADE,FAIL,PASS,PASS,PASS,Trend,4.8,23.8
2026-07-03T12:06:07.712417+00:00,ADA/USDT,NO TRADE,PASS,FAIL,PASS,FAIL,Risk,5.25,26.25
2026-07-03T12:06:16.558427+00:00,AVAX/USDT,NO TRADE,PASS,FAIL,PASS,FAIL,Structure,7.75,28.75
2026-07-03T12:06:22.770875+00:00,DOGE/USDT,NO TRADE,PASS,PASS,FAIL,PASS,Momentum,1.6,23.6
2026-07-03T12:11:26.126319+00:00,BTC/USDT,NO TRADE,PASS,FAIL,PASS,FAIL,Risk,5.25,26.25
2026-07-03T12:11:27.239420+00:00,ETH/USDT,NO TRADE,PASS,FAIL,PASS,FAIL,Risk,5.25,26.25
2026-07-03T12:11:28.771789+00:00,SOL/USDT,NO TRADE,FAIL,PASS,FAIL,PASS,Trend,5.2,26.2
2026-07-03T12:11:29.998803+00:00,BNB/USDT,NO TRADE,PASS,PASS,FAIL,PASS,Momentum,1.6,23.6
2026-07-03T12:11:30.899625+00:00,XRP/USDT,NO TRADE,PASS,FAIL,PASS,FAIL,Risk,5.25,26.25
2026-07-03T12:11:32.019259+00:00,LINK/USDT,NO TRADE,FAIL,PASS,PASS,PASS,Trend,4.8,23.8
2026-07-03T12:11:32.942232+00:00,ADA/USDT,NO TRADE,PASS,FAIL,PASS,FAIL,Risk,5.25,26.25
2026-07-03T12:11:34.010201+00:00,AVAX/USDT,NO TRADE,PASS,FAIL,PASS,FAIL,Structure,7.75,28.75
2026-07-03T12:11:35.158377+00:00,DOGE/USDT,NO TRADE,PASS,PASS,FAIL,PASS,Momentum,1.6,23.6
2026-07-03T12:16:39.050251+00:00,BTC/USDT,NO TRADE,PASS,FAIL,PASS,FAIL,Risk,5.75,25.75
2026-07-03T12:16:40.812410+00:00,ETH/USDT,NO TRADE,PASS,FAIL,PASS,FAIL,Risk,5.25,26.25
2026-07-03T12:16:42.082984+00:00,SOL/USDT,NO TRADE,FAIL,FAIL,FAIL,FAIL,Trend,0.0,0.0
2026-07-03T12:16:43.467222+00:00,BNB/USDT,NO TRADE,PASS,PASS,FAIL,PASS,Momentum,1.6,23.6
2026-07-03T12:16:44.832095+00:00,XRP/USDT,NO TRADE,PASS,FAIL,PASS,FAIL,Risk,5.25,26.25
2026-07-03T12:16:46.156927+00:00,LINK/USDT,NO TRADE,FAIL,PASS,PASS,PASS,Trend,4.8,23.8
2026-07-03T12:16:47.179151+00:00,ADA/USDT,NO TRADE,PASS,FAIL,PASS,FAIL,Risk,5.25,26.25
2026-07-03T12:16:48.618905+00:00,AVAX/USDT,NO TRADE,PASS,FAIL,PASS,FAIL,Structure,7.75,28.75
2026-07-03T12:16:49.774273+00:00,DOGE/USDT,NO TRADE,PASS,PASS,FAIL,PASS,Momentum,1.6,23.6
2026-07-03T12:21:53.975900+00:00,BTC/USDT,NO TRADE,PASS,FAIL,PASS,FAIL,Risk,4.0,22.0
2026-07-03T12:21:54.898754+00:00,ETH/USDT,NO TRADE,PASS,FAIL,PASS,FAIL,Risk,3.5,24.5
2026-07-03T12:21:56.491310+00:00,SOL/USDT,NO TRADE,PASS,FAIL,PASS,FAIL,Structure,2.5,20.5
2026-07-03T12:21:57.522684+00:00,BNB/USDT,NO TRADE,PASS,PASS,FAIL,PASS,Momentum,2.4,23.4
2026-07-03T12:21:58.449734+00:00,XRP/USDT,NO TRADE,PASS,FAIL,PASS,FAIL,Risk,3.5,24.5
2026-07-03T12:21:59.573270+00:00,LINK/USDT,NO TRADE,PASS,FAIL,PASS,FAIL,Risk,3.5,21.5
2026-07-03T12:22:00.699483+00:00,ADA/USDT,NO TRADE,PASS,FAIL,PASS,FAIL,Risk,5.25,26.25
2026-07-03T12:22:01.825426+00:00,AVAX/USDT,NO TRADE,PASS,FAIL,PASS,FAIL,Structure,6.0,27.0
2026-07-03T12:22:02.651682+00:00,DOGE/USDT,NO TRADE,PASS,PASS,FAIL,PASS,Momentum,1.6,23.6
2026-07-03T12:27:06.799477+00:00,BTC/USDT,NO TRADE,PASS,FAIL,PASS,FAIL,Risk,4.0,22.0
2026-07-03T12:27:08.455492+00:00,ETH/USDT,NO TRADE,PASS,FAIL,PASS,FAIL,Risk,3.5,24.5
2026-07-03T12:27:09.375450+00:00,SOL/USDT,NO TRADE,PASS,FAIL,PASS,FAIL,Structure,2.5,20.5
2026-07-03T12:27:11.208967+00:00,BNB/USDT,NO TRADE,PASS,PASS,FAIL,PASS,Momentum,2.4,21.4
2026-07-03T12:27:12.598309+00:00,XRP/USDT,NO TRADE,PASS,FAIL,PASS,FAIL,Risk,3.5,24.5
2026-07-03T12:27:14.688246+00:00,LINK/USDT,NO TRADE,PASS,FAIL,PASS,FAIL,Risk,3.5,21.5
2026-07-03T12:27:17.144710+00:00,ADA/USDT,NO TRADE,PASS,FAIL,PASS,FAIL,Risk,5.25,26.25
2026-07-03T12:27:18.309552+00:00,AVAX/USDT,NO TRADE,PASS,FAIL,PASS,FAIL,Structure,6.0,27.0
2026-07-03T12:27:19.375170+00:00,DOGE/USDT,NO TRADE,PASS,PASS,FAIL,PASS,Momentum,1.6,23.6
2026-07-03T12:32:22.501602+00:00,BTC/USDT,NO TRADE,PASS,FAIL,PASS,FAIL,Risk,4.0,22.0
2026-07-03T12:32:23.842495+00:00,ETH/USDT,NO TRADE,PASS,FAIL,PASS,FAIL,Risk,3.5,24.5
2026-07-03T12:32:24.776509+00:00,SOL/USDT,NO TRADE,FAIL,FAIL,FAIL,FAIL,Trend,0.0,0.0
2026-07-03T12:32:25.939293+00:00,BNB/USDT,NO TRADE,PASS,PASS,FAIL,PASS,Momentum,2.4,21.4
2026-07-03T12:32:26.864984+00:00,XRP/USDT,NO TRADE,PASS,FAIL,PASS,FAIL,Risk,3.5,24.5
2026-07-03T12:32:27.995685+00:00,LINK/USDT,NO TRADE,PASS,FAIL,PASS,FAIL,Risk,3.5,21.5
2026-07-03T12:32:28.808362+00:00,ADA/USDT,NO TRADE,PASS,FAIL,PASS,FAIL,Risk,5.25,26.25
2026-07-03T12:32:29.838779+00:00,AVAX/USDT,NO TRADE,PASS,FAIL,PASS,FAIL,Structure,6.0,27.0
2026-07-03T12:32:32.144469+00:00,DOGE/USDT,NO TRADE,PASS,PASS,FAIL,PASS,Momentum,1.6,23.6
2026-07-03T12:37:35.432507+00:00,BTC/USDT,NO TRADE,PASS,FAIL,PASS,FAIL,Risk,4.0,22.0
2026-07-03T12:37:36.588475+00:00,ETH/USDT,NO TRADE,PASS,FAIL,PASS,FAIL,Risk,3.5,24.5
2026-07-03T12:37:37.518722+00:00,SOL/USDT,NO TRADE,PASS,FAIL,PASS,FAIL,Structure,2.5,20.5
2026-07-03T12:37:38.705296+00:00,BNB/USDT,NO TRADE,PASS,PASS,FAIL,PASS,Momentum,2.4,21.4
2026-07-03T12:37:39.533243+00:00,XRP/USDT,NO TRADE,PASS,FAIL,PASS,FAIL,Risk,3.5,24.5
2026-07-03T12:37:40.686584+00:00,LINK/USDT,NO TRADE,PASS,FAIL,PASS,FAIL,Risk,3.5,21.5
2026-07-03T12:37:41.497272+00:00,ADA/USDT,NO TRADE,PASS,FAIL,PASS,FAIL,Risk,5.25,26.25
2026-07-03T12:37:42.829489+00:00,AVAX/USDT,NO TRADE,PASS,FAIL,PASS,FAIL,Structure,6.0,27.0
2026-07-03T12:37:43.733531+00:00,DOGE/USDT,NO TRADE,PASS,PASS,FAIL,PASS,Momentum,1.6,23.6
2026-07-03T12:42:47.645714+00:00,BTC/USDT,NO TRADE,PASS,FAIL,PASS,FAIL,Risk,4.0,22.0
2026-07-03T12:42:49.153883+00:00,ETH/USDT,NO TRADE,PASS,FAIL,PASS,FAIL,Risk,3.5,24.5
2026-07-03T12:42:50.315856+00:00,SOL/USDT,NO TRADE,FAIL,FAIL,FAIL,FAIL,Trend,0.0,0.0
2026-07-03T12:42:51.745435+00:00,BNB/USDT,NO TRADE,PASS,PASS,FAIL,PASS,Momentum,2.4,21.4
2026-07-03T12:42:53.163711+00:00,XRP/USDT,NO TRADE,PASS,FAIL,PASS,FAIL,Risk,3.5,24.5
2026-07-03T12:42:54.392645+00:00,LINK/USDT,NO TRADE,PASS,FAIL,PASS,FAIL,Risk,3.5,21.5
2026-07-03T12:42:55.771695+00:00,ADA/USDT,NO TRADE,PASS,FAIL,PASS,FAIL,Risk,5.25,26.25
2026-07-03T12:42:56.798041+00:00,AVAX/USDT,NO TRADE,PASS,FAIL,PASS,FAIL,Structure,6.0,27.0
2026-07-03T12:42:58.292768+00:00,DOGE/USDT,NO TRADE,PASS,PASS,FAIL,PASS,Momentum,1.6,23.6
2026-07-03T12:48:02.574816+00:00,BTC/USDT,NO TRADE,PASS,FAIL,PASS,FAIL,Risk,4.0,22.0
2026-07-03T12:48:03.649360+00:00,ETH/USDT,NO TRADE,PASS,FAIL,PASS,FAIL,Risk,3.5,24.5
2026-07-03T12:48:04.774354+00:00,SOL/USDT,NO TRADE,FAIL,FAIL,FAIL,FAIL,Trend,0.0,0.0
2026-07-03T12:48:05.715918+00:00,BNB/USDT,NO TRADE,PASS,PASS,FAIL,PASS,Momentum,2.4,21.4
2026-07-03T12:48:06.661726+00:00,XRP/USDT,NO TRADE,PASS,FAIL,PASS,FAIL,Risk,3.5,24.5
2026-07-03T12:48:08.224365+00:00,LINK/USDT,NO TRADE,PASS,FAIL,PASS,FAIL,Risk,3.5,21.5
2026-07-03T12:48:09.249813+00:00,ADA/USDT,NO TRADE,PASS,FAIL,PASS,FAIL,Risk,5.25,26.25
2026-07-03T12:48:10.254905+00:00,AVAX/USDT,NO TRADE,PASS,FAIL,PASS,FAIL,Structure,6.0,27.0
2026-07-03T12:48:11.095103+00:00,DOGE/USDT,NO TRADE,PASS,PASS,FAIL,PASS,Momentum,1.6,23.6
2026-07-03T12:53:14.584369+00:00,BTC/USDT,NO TRADE,PASS,FAIL,PASS,FAIL,Risk,4.0,22.0
2026-07-03T12:53:15.490828+00:00,ETH/USDT,NO TRADE,PASS,FAIL,PASS,FAIL,Risk,3.5,24.5
2026-07-03T12:53:16.606174+00:00,SOL/USDT,NO TRADE,FAIL,FAIL,FAIL,FAIL,Trend,0.0,0.0
2026-07-03T12:53:17.748240+00:00,BNB/USDT,NO TRADE,PASS,PASS,FAIL,PASS,Momentum,2.4,21.4
2026-07-03T12:53:18.642932+00:00,XRP/USDT,NO TRADE,PASS,FAIL,PASS,FAIL,Risk,3.5,24.5
2026-07-03T12:53:19.642329+00:00,LINK/USDT,NO TRADE,PASS,FAIL,PASS,FAIL,Risk,3.5,21.5
2026-07-03T12:53:20.761509+00:00,ADA/USDT,NO TRADE,PASS,FAIL,PASS,FAIL,Risk,5.25,26.25
2026-07-03T12:53:21.773457+00:00,AVAX/USDT,NO TRADE,PASS,FAIL,PASS,FAIL,Structure,6.0,27.0
2026-07-03T12:53:22.901799+00:00,DOGE/USDT,NO TRADE,PASS,PASS,FAIL,PASS,Momentum,1.6,23.6
2026-07-03T12:58:26.644519+00:00,BTC/USDT,NO TRADE,PASS,FAIL,PASS,FAIL,Risk,4.0,22.0
2026-07-03T12:58:27.575671+00:00,ETH/USDT,NO TRADE,PASS,FAIL,PASS,FAIL,Risk,3.5,24.5
2026-07-03T12:58:28.806150+00:00,SOL/USDT,NO TRADE,FAIL,FAIL,FAIL,FAIL,Trend,0.0,0.0
2026-07-03T12:58:29.982597+00:00,BNB/USDT,NO TRADE,PASS,PASS,FAIL,PASS,Momentum,2.4,21.4
2026-07-03T12:58:31.009201+00:00,XRP/USDT,NO TRADE,PASS,FAIL,PASS,FAIL,Risk,3.5,24.5
2026-07-03T12:58:32.028832+00:00,LINK/USDT,NO TRADE,PASS,FAIL,PASS,FAIL,Risk,3.5,21.5
2026-07-03T12:58:33.045599+00:00,ADA/USDT,NO TRADE,PASS,FAIL,PASS,FAIL,Risk,5.25,26.25
2026-07-03T12:58:34.070516+00:00,AVAX/USDT,NO TRADE,PASS,FAIL,PASS,FAIL,Structure,6.0,27.0
2026-07-03T12:58:35.276986+00:00,DOGE/USDT,NO TRADE,PASS,PASS,FAIL,PASS,Momentum,1.6,23.6
2026-07-03T13:03:39.287793+00:00,BTC/USDT,NO TRADE,FAIL,FAIL,FAIL,FAIL,Trend,0.0,0.0
2026-07-03T13:03:40.334196+00:00,ETH/USDT,NO TRADE,PASS,FAIL,PASS,FAIL,Risk,3.5,24.5
2026-07-03T13:03:42.075112+00:00,SOL/USDT,NO TRADE,FAIL,FAIL,FAIL,FAIL,Trend,0.0,0.0
2026-07-03T13:03:43.427401+00:00,BNB/USDT,NO TRADE,PASS,PASS,FAIL,PASS,Momentum,2.4,21.4
2026-07-03T13:03:45.161887+00:00,XRP/USDT,NO TRADE,PASS,FAIL,PASS,FAIL,Risk,5.25,26.25
2026-07-03T13:03:46.508983+00:00,LINK/USDT,NO TRADE,PASS,FAIL,PASS,FAIL,Risk,3.5,21.5
2026-07-03T13:03:47.804514+00:00,ADA/USDT,NO TRADE,PASS,FAIL,PASS,FAIL,Risk,5.25,26.25
2026-07-03T13:03:49.882227+00:00,AVAX/USDT,NO TRADE,PASS,FAIL,PASS,FAIL,Structure,6.0,27.0
2026-07-03T13:03:51.387441+00:00,DOGE/USDT,NO TRADE,PASS,PASS,FAIL,PASS,Momentum,1.6,23.6
2026-07-03T13:08:55.396079+00:00,BTC/USDT,NO TRADE,FAIL,FAIL,FAIL,FAIL,Trend,0.0,0.0
2026-07-03T13:08:56.571768+00:00,ETH/USDT,NO TRADE,PASS,FAIL,PASS,FAIL,Risk,5.25,26.25
2026-07-03T13:08:57.664501+00:00,SOL/USDT,NO TRADE,FAIL,PASS,FAIL,PASS,Trend,5.2,26.2
2026-07-03T13:08:59.484453+00:00,BNB/USDT,NO TRADE,PASS,PASS,FAIL,PASS,Momentum,2.4,23.4
2026-07-03T13:09:01.682711+00:00,XRP/USDT,NO TRADE,PASS,FAIL,PASS,FAIL,Risk,5.25,26.25
2026-07-03T13:09:03.196326+00:00,LINK/USDT,NO TRADE,PASS,FAIL,PASS,FAIL,Risk,3.5,21.5
2026-07-03T13:09:04.221729+00:00,ADA/USDT,NO TRADE,PASS,FAIL,PASS,FAIL,Risk,5.25,26.25
2026-07-03T13:09:05.661549+00:00,AVAX/USDT,NO TRADE,PASS,FAIL,PASS,FAIL,Structure,6.0,27.0
2026-07-03T13:09:06.582679+00:00,DOGE/USDT,NO TRADE,PASS,PASS,FAIL,PASS,Momentum,1.6,23.6
2026-07-03T13:14:10.730668+00:00,BTC/USDT,NO TRADE,FAIL,FAIL,FAIL,FAIL,Trend,0.0,0.0
2026-07-03T13:14:11.820453+00:00,ETH/USDT,NO TRADE,PASS,FAIL,PASS,FAIL,Risk,5.25,26.25
2026-07-03T13:14:13.205458+00:00,SOL/USDT,NO TRADE,FAIL,PASS,FAIL,PASS,Trend,5.2,26.2
2026-07-03T13:14:14.225437+00:00,BNB/USDT,NO TRADE,PASS,PASS,FAIL,PASS,Momentum,2.4,23.4
2026-07-03T13:14:15.354127+00:00,XRP/USDT,NO TRADE,PASS,FAIL,PASS,FAIL,Risk,5.25,26.25
2026-07-03T13:14:16.676217+00:00,LINK/USDT,NO TRADE,PASS,FAIL,PASS,FAIL,Risk,3.5,21.5
2026-07-03T13:14:17.906714+00:00,ADA/USDT,NO TRADE,PASS,FAIL,PASS,FAIL,Risk,5.25,26.25
2026-07-03T13:14:19.133260+00:00,AVAX/USDT,NO TRADE,FAIL,FAIL,FAIL,FAIL,Trend,0.0,0.0
2026-07-03T13:14:19.970505+00:00,DOGE/USDT,NO TRADE,PASS,PASS,FAIL,PASS,Momentum,1.6,23.6
2026-07-03T13:19:23.452296+00:00,BTC/USDT,NO TRADE,FAIL,FAIL,FAIL,FAIL,Trend,0.0,0.0
2026-07-03T13:19:24.596156+00:00,ETH/USDT,NO TRADE,PASS,FAIL,PASS,FAIL,Risk,5.25,26.25
2026-07-03T13:19:25.714532+00:00,SOL/USDT,NO TRADE,FAIL,PASS,FAIL,PASS,Trend,5.2,26.2
2026-07-03T13:19:26.920619+00:00,BNB/USDT,NO TRADE,PASS,PASS,FAIL,PASS,Momentum,2.4,23.4
2026-07-03T13:19:27.844005+00:00,XRP/USDT,NO TRADE,PASS,FAIL,PASS,FAIL,Risk,5.25,26.25
2026-07-03T13:19:28.952416+00:00,LINK/USDT,NO TRADE,PASS,FAIL,PASS,FAIL,Risk,3.5,21.5
2026-07-03T13:19:30.222641+00:00,ADA/USDT,NO TRADE,PASS,FAIL,PASS,FAIL,Risk,5.25,26.25
2026-07-03T13:19:31.344840+00:00,AVAX/USDT,NO TRADE,PASS,FAIL,PASS,FAIL,Structure,3.0,21.0
2026-07-03T13:19:32.794388+00:00,DOGE/USDT,NO TRADE,PASS,PASS,FAIL,PASS,Momentum,1.6,23.6
2026-07-03T13:24:38.204560+00:00,BTC/USDT,NO TRADE,FAIL,FAIL,FAIL,FAIL,Trend,0.0,0.0
2026-07-03T13:24:39.171558+00:00,ETH/USDT,NO TRADE,PASS,FAIL,PASS,FAIL,Risk,5.25,26.25
2026-07-03T13:24:40.512842+00:00,SOL/USDT,NO TRADE,FAIL,FAIL,FAIL,FAIL,Trend,0.0,0.0
2026-07-03T13:24:41.520254+00:00,BNB/USDT,NO TRADE,PASS,PASS,FAIL,PASS,Momentum,1.6,23.6
2026-07-03T13:24:42.344432+00:00,XRP/USDT,NO TRADE,PASS,FAIL,PASS,FAIL,Risk,5.25,26.25
2026-07-03T13:24:43.873860+00:00,LINK/USDT,NO TRADE,PASS,FAIL,PASS,FAIL,Risk,3.5,21.5
2026-07-03T13:24:44.889278+00:00,ADA/USDT,NO TRADE,PASS,FAIL,PASS,FAIL,Risk,5.25,26.25
2026-07-03T13:24:45.903670+00:00,AVAX/USDT,NO TRADE,PASS,FAIL,PASS,FAIL,Structure,3.0,21.0
2026-07-03T13:24:46.722722+00:00,DOGE/USDT,NO TRADE,PASS,PASS,FAIL,PASS,Momentum,1.6,23.6
2026-07-03T13:29:50.503680+00:00,BTC/USDT,NO TRADE,PASS,FAIL,PASS,FAIL,Risk,5.75,25.75
2026-07-03T13:29:51.685676+00:00,ETH/USDT,NO TRADE,PASS,FAIL,PASS,FAIL,Risk,5.25,26.25
2026-07-03T13:29:52.701720+00:00,SOL/USDT,NO TRADE,FAIL,PASS,FAIL,PASS,Trend,5.2,26.2
2026-07-03T13:29:53.966512+00:00,BNB/USDT,NO TRADE,PASS,PASS,FAIL,PASS,Momentum,1.6,23.6
2026-07-03T13:29:55.289876+00:00,XRP/USDT,NO TRADE,PASS,FAIL,PASS,FAIL,Risk,5.25,26.25
2026-07-03T13:29:56.198361+00:00,LINK/USDT,NO TRADE,FAIL,FAIL,FAIL,FAIL,Trend,0.0,0.0
2026-07-03T13:29:57.370159+00:00,ADA/USDT,NO TRADE,PASS,FAIL,PASS,FAIL,Risk,5.25,26.25
2026-07-03T13:29:58.237886+00:00,AVAX/USDT,NO TRADE,FAIL,FAIL,FAIL,FAIL,Trend,0.0,0.0
2026-07-03T13:29:59.180399+00:00,DOGE/USDT,NO TRADE,PASS,PASS,FAIL,PASS,Momentum,1.6,23.6
2026-07-03T13:35:03.127563+00:00,BTC/USDT,NO TRADE,FAIL,FAIL,FAIL,FAIL,Trend,0.0,0.0
2026-07-03T13:35:04.458539+00:00,ETH/USDT,NO TRADE,PASS,FAIL,PASS,FAIL,Risk,5.25,26.25
2026-07-03T13:35:05.289854+00:00,SOL/USDT,NO TRADE,FAIL,FAIL,FAIL,FAIL,Trend,0.0,0.0
2026-07-03T13:35:06.410302+00:00,BNB/USDT,NO TRADE,PASS,PASS,FAIL,PASS,Momentum,2.4,23.4
2026-07-03T13:35:07.301365+00:00,XRP/USDT,NO TRADE,PASS,FAIL,PASS,FAIL,Risk,5.25,26.25
2026-07-03T13:35:08.187504+00:00,LINK/USDT,NO TRADE,PASS,FAIL,PASS,FAIL,Risk,3.5,21.5
2026-07-03T13:35:09.089953+00:00,ADA/USDT,NO TRADE,PASS,FAIL,PASS,FAIL,Risk,5.25,26.25
2026-07-03T13:35:10.020525+00:00,AVAX/USDT,NO TRADE,PASS,FAIL,PASS,FAIL,Structure,3.0,21.0
2026-07-03T13:35:10.915260+00:00,DOGE/USDT,NO TRADE,PASS,PASS,FAIL,PASS,Momentum,1.6,23.6
2026-07-03T13:40:14.665639+00:00,BTC/USDT,NO TRADE,FAIL,FAIL,FAIL,FAIL,Trend,0.0,0.0
2026-07-03T13:40:15.602686+00:00,ETH/USDT,NO TRADE,PASS,FAIL,PASS,FAIL,Risk,5.25,26.25
2026-07-03T13:40:16.727159+00:00,SOL/USDT,NO TRADE,FAIL,FAIL,FAIL,FAIL,Trend,0.0,0.0
2026-07-03T13:40:17.734312+00:00,BNB/USDT,NO TRADE,PASS,PASS,FAIL,PASS,Momentum,2.4,23.4
2026-07-03T13:40:19.134134+00:00,XRP/USDT,NO TRADE,PASS,FAIL,PASS,FAIL,Risk,5.25,26.25
2026-07-03T13:40:20.244893+00:00,LINK/USDT,NO TRADE,PASS,FAIL,PASS,FAIL,Risk,3.5,21.5
2026-07-03T13:40:21.558593+00:00,ADA/USDT,NO TRADE,PASS,FAIL,PASS,FAIL,Risk,5.25,26.25
2026-07-03T13:40:22.804163+00:00,AVAX/USDT,NO TRADE,PASS,FAIL,PASS,FAIL,Structure,3.0,21.0
2026-07-03T13:40:23.621429+00:00,DOGE/USDT,NO TRADE,PASS,PASS,FAIL,PASS,Momentum,1.6,23.6
2026-07-03T13:45:27.132966+00:00,BTC/USDT,NO TRADE,PASS,FAIL,PASS,FAIL,Risk,5.75,25.75
2026-07-03T13:45:28.283587+00:00,ETH/USDT,NO TRADE,PASS,FAIL,PASS,FAIL,Risk,5.25,26.25
2026-07-03T13:45:29.434203+00:00,SOL/USDT,NO TRADE,FAIL,PASS,FAIL,PASS,Trend,5.2,26.2
2026-07-03T13:45:30.642464+00:00,BNB/USDT,NO TRADE,PASS,PASS,FAIL,PASS,Momentum,1.6,23.6
2026-07-03T13:45:32.158395+00:00,XRP/USDT,NO TRADE,PASS,FAIL,PASS,FAIL,Risk,5.25,26.25
2026-07-03T13:45:33.194541+00:00,LINK/USDT,NO TRADE,FAIL,PASS,PASS,PASS,Trend,4.8,23.8
2026-07-03T13:45:34.239825+00:00,ADA/USDT,NO TRADE,PASS,FAIL,PASS,FAIL,Risk,5.25,26.25
2026-07-03T13:45:35.279088+00:00,AVAX/USDT,NO TRADE,FAIL,FAIL,FAIL,FAIL,Trend,0.0,0.0
2026-07-03T13:45:36.097480+00:00,DOGE/USDT,NO TRADE,PASS,PASS,FAIL,PASS,Momentum,1.6,23.6
2026-07-03T13:50:39.499448+00:00,BTC/USDT,NO TRADE,PASS,FAIL,PASS,FAIL,Risk,5.75,25.75
2026-07-03T13:50:41.397787+00:00,ETH/USDT,NO TRADE,PASS,FAIL,PASS,FAIL,Risk,5.25,26.25
2026-07-03T13:50:42.381776+00:00,SOL/USDT,NO TRADE,FAIL,FAIL,FAIL,FAIL,Trend,0.0,0.0
2026-07-03T13:50:43.742194+00:00,BNB/USDT,NO TRADE,PASS,PASS,FAIL,PASS,Momentum,1.6,23.6
2026-07-03T13:50:44.650556+00:00,XRP/USDT,NO TRADE,PASS,FAIL,PASS,FAIL,Risk,5.25,26.25
2026-07-03T13:50:46.152219+00:00,LINK/USDT,NO TRADE,PASS,FAIL,PASS,FAIL,Risk,3.5,21.5
2026-07-03T13:50:47.382653+00:00,ADA/USDT,NO TRADE,PASS,FAIL,PASS,FAIL,Risk,5.25,26.25
2026-07-03T13:50:48.952772+00:00,AVAX/USDT,NO TRADE,FAIL,FAIL,FAIL,FAIL,Trend,0.0,0.0
2026-07-03T13:50:50.261642+00:00,DOGE/USDT,NO TRADE,PASS,PASS,FAIL,PASS,Momentum,1.6,23.6
2026-07-03T13:55:53.526987+00:00,BTC/USDT,NO TRADE,PASS,FAIL,PASS,FAIL,Risk,5.75,25.75
2026-07-03T13:55:54.481818+00:00,ETH/USDT,NO TRADE,PASS,FAIL,PASS,FAIL,Risk,5.25,26.25
2026-07-03T13:55:55.664165+00:00,SOL/USDT,NO TRADE,FAIL,PASS,FAIL,PASS,Trend,5.2,26.2
2026-07-03T13:55:56.714904+00:00,BNB/USDT,NO TRADE,PASS,PASS,FAIL,PASS,Momentum,1.6,23.6
2026-07-03T13:55:58.308870+00:00,XRP/USDT,NO TRADE,PASS,FAIL,PASS,FAIL,Risk,5.25,26.25
2026-07-03T13:55:59.475652+00:00,LINK/USDT,NO TRADE,FAIL,FAIL,FAIL,FAIL,Trend,0.0,0.0
2026-07-03T13:56:00.745864+00:00,ADA/USDT,NO TRADE,PASS,FAIL,PASS,FAIL,Risk,5.25,26.25
2026-07-03T13:56:02.077574+00:00,AVAX/USDT,NO TRADE,FAIL,FAIL,FAIL,FAIL,Trend,0.0,0.0
2026-07-03T13:56:03.033937+00:00,DOGE/USDT,NO TRADE,PASS,PASS,FAIL,PASS,Momentum,1.6,23.6
2026-07-03T14:01:06.554607+00:00,BTC/USDT,NO TRADE,PASS,FAIL,PASS,FAIL,Risk,4.0,22.0
2026-07-03T14:01:08.229387+00:00,ETH/USDT,NO TRADE,PASS,FAIL,PASS,FAIL,Risk,5.25,26.25
2026-07-03T14:01:09.662385+00:00,SOL/USDT,NO TRADE,FAIL,FAIL,FAIL,FAIL,Trend,0.0,0.0
2026-07-03T14:01:11.248494+00:00,BNB/USDT,NO TRADE,PASS,PASS,FAIL,PASS,Momentum,2.4,23.4
2026-07-03T14:01:12.397204+00:00,XRP/USDT,NO TRADE,PASS,FAIL,PASS,FAIL,Risk,5.25,26.25
2026-07-03T14:01:13.438999+00:00,LINK/USDT,NO TRADE,PASS,FAIL,PASS,FAIL,Risk,3.5,21.5
2026-07-03T14:01:14.543993+00:00,ADA/USDT,NO TRADE,PASS,FAIL,PASS,FAIL,Risk,5.25,26.25
2026-07-03T14:01:15.899641+00:00,AVAX/USDT,NO TRADE,PASS,FAIL,PASS,FAIL,Structure,3.0,21.0
2026-07-03T14:01:17.090188+00:00,DOGE/USDT,NO TRADE,PASS,PASS,FAIL,PASS,Momentum,1.6,23.6
2026-07-03T14:06:20.826665+00:00,BTC/USDT,NO TRADE,PASS,FAIL,PASS,FAIL,Risk,4.0,22.0
2026-07-03T14:06:22.161200+00:00,ETH/USDT,NO TRADE,PASS,FAIL,PASS,FAIL,Risk,5.25,26.25
2026-07-03T14:06:23.763704+00:00,SOL/USDT,NO TRADE,FAIL,FAIL,FAIL,FAIL,Trend,0.0,0.0
2026-07-03T14:06:25.352047+00:00,BNB/USDT,NO TRADE,PASS,PASS,FAIL,PASS,Momentum,2.4,23.4
2026-07-03T14:06:26.292790+00:00,XRP/USDT,NO TRADE,PASS,FAIL,PASS,FAIL,Risk,5.25,26.25
2026-07-03T14:06:27.447810+00:00,LINK/USDT,NO TRADE,FAIL,FAIL,FAIL,FAIL,Trend,0.0,0.0
2026-07-03T14:06:28.421594+00:00,ADA/USDT,NO TRADE,PASS,FAIL,PASS,FAIL,Risk,5.25,26.25
2026-07-03T14:06:29.693713+00:00,AVAX/USDT,NO TRADE,PASS,FAIL,PASS,FAIL,Structure,3.0,21.0
2026-07-03T14:06:30.842042+00:00,DOGE/USDT,NO TRADE,PASS,PASS,FAIL,PASS,Momentum,1.6,23.6
2026-07-03T14:11:34.417138+00:00,BTC/USDT,NO TRADE,PASS,FAIL,PASS,FAIL,Risk,4.0,22.0
2026-07-03T14:11:35.274856+00:00,ETH/USDT,NO TRADE,PASS,FAIL,PASS,FAIL,Risk,5.25,26.25
2026-07-03T14:11:36.539758+00:00,SOL/USDT,NO TRADE,FAIL,FAIL,FAIL,FAIL,Trend,0.0,0.0
2026-07-03T14:11:37.700362+00:00,BNB/USDT,NO TRADE,PASS,PASS,FAIL,PASS,Momentum,2.4,23.4
2026-07-03T14:11:38.729547+00:00,XRP/USDT,NO TRADE,PASS,FAIL,PASS,FAIL,Risk,5.25,26.25
2026-07-03T14:11:40.167193+00:00,LINK/USDT,NO TRADE,PASS,FAIL,PASS,FAIL,Risk,3.5,21.5
2026-07-03T14:11:41.778301+00:00,ADA/USDT,NO TRADE,PASS,FAIL,PASS,FAIL,Risk,5.25,26.25
2026-07-03T14:11:43.203745+00:00,AVAX/USDT,NO TRADE,PASS,FAIL,PASS,FAIL,Structure,3.0,21.0
2026-07-03T14:11:45.498121+00:00,DOGE/USDT,NO TRADE,PASS,PASS,FAIL,PASS,Momentum,1.6,23.6
2026-07-03T14:16:48.828115+00:00,BTC/USDT,NO TRADE,PASS,FAIL,PASS,FAIL,Structure,1.0,18.0
2026-07-03T14:16:49.778258+00:00,ETH/USDT,NO TRADE,FAIL,FAIL,FAIL,FAIL,Trend,0.0,0.0
2026-07-03T14:16:51.060613+00:00,SOL/USDT,NO TRADE,PASS,FAIL,PASS,FAIL,Structure,2.5,20.5
2026-07-03T14:16:52.394397+00:00,BNB/USDT,NO TRADE,PASS,PASS,FAIL,PASS,Momentum,2.4,21.4
2026-07-03T14:16:53.849548+00:00,XRP/USDT,NO TRADE,PASS,FAIL,PASS,FAIL,Risk,5.25,26.25
2026-07-03T14:16:55.016001+00:00,LINK/USDT,NO TRADE,PASS,FAIL,PASS,FAIL,Risk,3.5,21.5
2026-07-03T14:16:56.390287+00:00,ADA/USDT,NO TRADE,PASS,FAIL,PASS,FAIL,Risk,5.25,26.25
2026-07-03T14:16:58.052849+00:00,AVAX/USDT,NO TRADE,PASS,FAIL,PASS,FAIL,Structure,3.0,21.0
2026-07-03T14:16:58.906884+00:00,DOGE/USDT,NO TRADE,PASS,PASS,FAIL,PASS,Momentum,1.6,23.6
2026-07-03T14:22:02.578376+00:00,BTC/USDT,NO TRADE,PASS,FAIL,PASS,FAIL,Structure,1.0,18.0
2026-07-03T14:22:04.148651+00:00,ETH/USDT,NO TRADE,PASS,FAIL,PASS,FAIL,Structure,0.5,18.5
2026-07-03T14:22:05.438045+00:00,SOL/USDT,NO TRADE,PASS,FAIL,PASS,FAIL,Structure,2.5,20.5
2026-07-03T14:22:06.524036+00:00,BNB/USDT,NO TRADE,PASS,PASS,FAIL,FAIL,Momentum,2.4,18.4
2026-07-03T14:22:07.349805+00:00,XRP/USDT,NO TRADE,PASS,FAIL,PASS,FAIL,Risk,3.5,24.5
2026-07-03T14:22:08.380597+00:00,LINK/USDT,NO TRADE,PASS,FAIL,PASS,FAIL,Structure,0.5,18.5
2026-07-03T14:22:09.407974+00:00,ADA/USDT,NO TRADE,PASS,FAIL,PASS,FAIL,Risk,5.25,26.25
2026-07-03T14:22:10.435964+00:00,AVAX/USDT,NO TRADE,PASS,FAIL,PASS,FAIL,Structure,3.5,20.5
2026-07-03T14:22:11.717719+00:00,DOGE/USDT,NO TRADE,PASS,PASS,FAIL,PASS,Momentum,2.4,21.4
2026-07-03T14:27:15.103272+00:00,BTC/USDT,NO TRADE,PASS,FAIL,PASS,FAIL,Structure,1.0,18.0
2026-07-03T14:27:16.279883+00:00,ETH/USDT,NO TRADE,PASS,FAIL,PASS,FAIL,Risk,3.5,21.5
2026-07-03T14:27:17.088502+00:00,SOL/USDT,NO TRADE,PASS,FAIL,PASS,FAIL,Structure,2.5,20.5
2026-07-03T14:27:18.035045+00:00,BNB/USDT,NO TRADE,PASS,PASS,FAIL,PASS,Momentum,2.4,21.4
2026-07-03T14:27:19.209145+00:00,XRP/USDT,NO TRADE,PASS,FAIL,PASS,FAIL,Risk,5.25,26.25
2026-07-03T14:27:20.206076+00:00,LINK/USDT,NO TRADE,PASS,FAIL,PASS,FAIL,Risk,3.5,21.5
2026-07-03T14:27:21.043438+00:00,ADA/USDT,NO TRADE,PASS,FAIL,PASS,FAIL,Risk,5.25,26.25
2026-07-03T14:27:22.044198+00:00,AVAX/USDT,NO TRADE,PASS,FAIL,PASS,FAIL,Structure,3.0,21.0
2026-07-03T14:27:24.660604+00:00,DOGE/USDT,NO TRADE,PASS,PASS,FAIL,PASS,Momentum,1.6,21.6
2026-07-03T14:32:28.164866+00:00,BTC/USDT,NO TRADE,PASS,FAIL,PASS,FAIL,Risk,4.0,22.0
2026-07-03T14:32:29.034920+00:00,ETH/USDT,NO TRADE,PASS,FAIL,PASS,FAIL,Risk,3.5,21.5
2026-07-03T14:32:30.277372+00:00,SOL/USDT,NO TRADE,FAIL,FAIL,FAIL,FAIL,Trend,0.0,0.0
2026-07-03T14:32:31.307421+00:00,BNB/USDT,NO TRADE,PASS,PASS,FAIL,PASS,Momentum,2.4,21.4
2026-07-03T14:32:32.873386+00:00,XRP/USDT,NO TRADE,PASS,FAIL,PASS,FAIL,Risk,5.25,26.25
2026-07-03T14:32:34.006780+00:00,LINK/USDT,NO TRADE,PASS,FAIL,PASS,FAIL,Risk,3.5,21.5
2026-07-03T14:32:35.634311+00:00,ADA/USDT,NO TRADE,PASS,FAIL,PASS,FAIL,Risk,5.25,26.25
2026-07-03T14:32:36.759805+00:00,AVAX/USDT,NO TRADE,PASS,FAIL,PASS,FAIL,Structure,3.0,21.0
2026-07-03T14:32:37.723238+00:00,DOGE/USDT,NO TRADE,PASS,PASS,FAIL,PASS,Momentum,1.6,23.6
2026-07-03T14:37:41.132256+00:00,BTC/USDT,NO TRADE,PASS,FAIL,PASS,FAIL,Risk,4.0,22.0
2026-07-03T14:37:42.238514+00:00,ETH/USDT,NO TRADE,PASS,FAIL,PASS,FAIL,Risk,3.5,21.5
2026-07-03T14:37:43.922543+00:00,SOL/USDT,NO TRADE,FAIL,FAIL,FAIL,FAIL,Trend,0.0,0.0
2026-07-03T14:37:45.032945+00:00,BNB/USDT,NO TRADE,PASS,PASS,FAIL,PASS,Momentum,2.4,21.4
2026-07-03T14:37:46.426826+00:00,XRP/USDT,NO TRADE,PASS,FAIL,PASS,FAIL,Risk,5.25,26.25
2026-07-03T14:37:47.354155+00:00,LINK/USDT,NO TRADE,PASS,FAIL,PASS,FAIL,Risk,3.5,21.5
2026-07-03T14:37:48.442605+00:00,ADA/USDT,NO TRADE,PASS,FAIL,PASS,FAIL,Risk,5.25,26.25
2026-07-03T14:37:49.688008+00:00,AVAX/USDT,NO TRADE,PASS,FAIL,PASS,FAIL,Structure,3.0,21.0
2026-07-03T14:37:50.675371+00:00,DOGE/USDT,NO TRADE,PASS,PASS,FAIL,PASS,Momentum,1.6,23.6
2026-07-03T14:42:53.666056+00:00,BTC/USDT,NO TRADE,PASS,FAIL,PASS,FAIL,Risk,4.0,24.0
2026-07-03T14:42:55.606960+00:00,ETH/USDT,NO TRADE,PASS,FAIL,PASS,FAIL,Risk,3.5,24.5
2026-07-03T14:42:56.669527+00:00,SOL/USDT,NO TRADE,FAIL,FAIL,FAIL,FAIL,Trend,0.0,0.0
2026-07-03T14:42:57.716465+00:00,BNB/USDT,NO TRADE,PASS,PASS,FAIL,PASS,Momentum,2.4,21.4
2026-07-03T14:42:58.881577+00:00,XRP/USDT,NO TRADE,PASS,FAIL,PASS,FAIL,Risk,5.25,26.25
2026-07-03T14:42:59.920271+00:00,LINK/USDT,NO TRADE,FAIL,FAIL,FAIL,FAIL,Trend,0.0,0.0
2026-07-03T14:43:01.100806+00:00,ADA/USDT,NO TRADE,PASS,FAIL,PASS,FAIL,Risk,5.25,26.25
2026-07-03T14:43:02.208036+00:00,AVAX/USDT,NO TRADE,FAIL,FAIL,FAIL,FAIL,Trend,0.0,0.0
2026-07-03T14:43:03.031774+00:00,DOGE/USDT,NO TRADE,PASS,PASS,FAIL,PASS,Momentum,1.6,23.6
2026-07-03T14:48:05.982134+00:00,BTC/USDT,NO TRADE,PASS,FAIL,PASS,FAIL,Risk,5.75,25.75
2026-07-03T14:48:07.227258+00:00,ETH/USDT,NO TRADE,PASS,FAIL,PASS,FAIL,Risk,3.5,24.5
2026-07-03T14:48:09.321232+00:00,SOL/USDT,NO TRADE,FAIL,FAIL,FAIL,FAIL,Trend,0.0,0.0
2026-07-03T14:48:10.452316+00:00,BNB/USDT,NO TRADE,PASS,PASS,FAIL,PASS,Momentum,2.4,21.4
2026-07-03T14:48:11.601378+00:00,XRP/USDT,NO TRADE,PASS,FAIL,PASS,FAIL,Risk,5.25,26.25
2026-07-03T14:48:12.667403+00:00,LINK/USDT,NO TRADE,PASS,FAIL,PASS,FAIL,Risk,3.5,21.5
2026-07-03T14:48:13.939718+00:00,ADA/USDT,NO TRADE,PASS,FAIL,PASS,FAIL,Risk,5.25,26.25
2026-07-03T14:48:15.041163+00:00,AVAX/USDT,NO TRADE,PASS,FAIL,PASS,FAIL,Structure,3.0,21.0
2026-07-03T14:48:16.362396+00:00,DOGE/USDT,NO TRADE,PASS,PASS,FAIL,PASS,Momentum,1.6,23.6
2026-07-03T14:53:19.097592+00:00,BTC/USDT,NO TRADE,PASS,FAIL,PASS,FAIL,Risk,5.25,26.25
2026-07-03T14:53:20.128458+00:00,ETH/USDT,NO TRADE,PASS,FAIL,PASS,FAIL,Risk,3.5,24.5
2026-07-03T14:53:21.070551+00:00,SOL/USDT,NO TRADE,FAIL,PASS,FAIL,PASS,Trend,5.2,26.2
2026-07-03T14:53:22.064699+00:00,BNB/USDT,NO TRADE,PASS,PASS,FAIL,PASS,Momentum,2.4,23.4
2026-07-03T14:53:23.692272+00:00,XRP/USDT,NO TRADE,PASS,FAIL,PASS,FAIL,Risk,5.25,26.25
2026-07-03T14:53:25.038947+00:00,LINK/USDT,NO TRADE,PASS,FAIL,PASS,FAIL,Risk,3.5,21.5
2026-07-03T14:53:26.306348+00:00,ADA/USDT,NO TRADE,PASS,FAIL,PASS,FAIL,Risk,5.25,26.25
2026-07-03T14:53:27.292779+00:00,AVAX/USDT,NO TRADE,PASS,FAIL,PASS,FAIL,Structure,3.0,21.0
2026-07-03T14:53:28.376145+00:00,DOGE/USDT,NO TRADE,PASS,PASS,FAIL,PASS,Momentum,1.6,23.6
2026-07-03T14:55:11.635066+00:00,BTC/USDT,NO TRADE,PASS,FAIL,PASS,FAIL,Risk,5.25,26.25
2026-07-03T14:55:12.695405+00:00,ETH/USDT,NO TRADE,PASS,FAIL,PASS,FAIL,Risk,3.5,24.5
2026-07-03T14:55:13.581092+00:00,SOL/USDT,NO TRADE,FAIL,PASS,FAIL,PASS,Trend,5.2,26.2
2026-07-03T14:55:14.366623+00:00,BNB/USDT,NO TRADE,PASS,PASS,FAIL,PASS,Momentum,2.4,23.4
2026-07-03T14:55:15.366751+00:00,XRP/USDT,NO TRADE,PASS,FAIL,PASS,FAIL,Risk,5.25,26.25
2026-07-03T14:55:16.187638+00:00,LINK/USDT,NO TRADE,FAIL,FAIL,FAIL,FAIL,Trend,0.0,0.0
2026-07-03T14:55:17.077590+00:00,ADA/USDT,NO TRADE,PASS,FAIL,PASS,FAIL,Risk,5.25,26.25
2026-07-03T14:55:17.973740+00:00,AVAX/USDT,NO TRADE,FAIL,FAIL,FAIL,FAIL,Trend,0.0,0.0
2026-07-03T14:55:18.911756+00:00,DOGE/USDT,NO TRADE,PASS,PASS,FAIL,PASS,Momentum,0.8,23.8
2026-07-03T14:58:28.027716+00:00,BTC/USDT,NO TRADE,PASS,FAIL,PASS,FAIL,Risk,5.25,26.25
2026-07-03T14:58:28.995472+00:00,ETH/USDT,NO TRADE,PASS,FAIL,PASS,FAIL,Risk,3.5,24.5
2026-07-03T14:58:30.229446+00:00,SOL/USDT,NO TRADE,FAIL,PASS,FAIL,PASS,Trend,5.2,26.2
2026-07-03T14:58:31.525563+00:00,BNB/USDT,NO TRADE,PASS,PASS,FAIL,PASS,Momentum,2.4,23.4
2026-07-03T14:58:32.527954+00:00,XRP/USDT,NO TRADE,PASS,FAIL,PASS,FAIL,Risk,5.25,26.25
2026-07-03T14:58:33.349770+00:00,LINK/USDT,NO TRADE,FAIL,FAIL,FAIL,FAIL,Trend,0.0,0.0
2026-07-03T14:58:34.953528+00:00,ADA/USDT,NO TRADE,PASS,FAIL,PASS,FAIL,Risk,5.25,26.25
2026-07-03T14:58:36.030793+00:00,AVAX/USDT,NO TRADE,FAIL,FAIL,FAIL,FAIL,Trend,0.0,0.0
2026-07-03T14:58:37.087688+00:00,DOGE/USDT,NO TRADE,PASS,PASS,FAIL,PASS,Momentum,0.8,23.8
2026-07-03T15:00:35.566348+00:00,BTC/USDT,NO TRADE,PASS,FAIL,PASS,FAIL,Risk,5.25,26.25
2026-07-03T15:00:36.488983+00:00,ETH/USDT,NO TRADE,FAIL,FAIL,FAIL,FAIL,Trend,0.0,0.0
2026-07-03T15:00:37.395084+00:00,SOL/USDT,NO TRADE,FAIL,PASS,FAIL,PASS,Trend,5.2,26.2
2026-07-03T15:00:38.855301+00:00,BNB/USDT,NO TRADE,PASS,PASS,FAIL,PASS,Momentum,2.4,23.4
2026-07-03T15:00:40.525413+00:00,XRP/USDT,NO TRADE,PASS,FAIL,PASS,FAIL,Risk,5.25,26.25
2026-07-03T15:00:42.197108+00:00,LINK/USDT,NO TRADE,FAIL,FAIL,FAIL,FAIL,Trend,0.0,0.0
2026-07-03T15:00:43.222955+00:00,ADA/USDT,NO TRADE,PASS,FAIL,PASS,FAIL,Risk,5.25,26.25
2026-07-03T15:00:44.507501+00:00,AVAX/USDT,NO TRADE,FAIL,FAIL,FAIL,FAIL,Trend,0.0,0.0
2026-07-03T15:00:45.821126+00:00,DOGE/USDT,NO TRADE,PASS,PASS,FAIL,PASS,Momentum,0.8,23.8
2026-07-03T15:03:39.498236+00:00,BTC/USDT,NO TRADE,PASS,FAIL,PASS,FAIL,Risk,5.25,26.25
2026-07-03T15:03:40.918364+00:00,ETH/USDT,NO TRADE,FAIL,FAIL,FAIL,FAIL,Trend,0.0,0.0
2026-07-03T15:03:41.849764+00:00,SOL/USDT,NO TRADE,FAIL,PASS,FAIL,PASS,Trend,5.2,26.2
2026-07-03T15:03:43.280498+00:00,BNB/USDT,NO TRADE,PASS,PASS,FAIL,PASS,Momentum,2.4,23.4
2026-07-03T15:03:44.201203+00:00,XRP/USDT,NO TRADE,PASS,FAIL,PASS,FAIL,Risk,5.25,26.25
2026-07-03T15:03:45.350478+00:00,LINK/USDT,NO TRADE,FAIL,FAIL,FAIL,FAIL,Trend,0.0,0.0
2026-07-03T15:03:46.693810+00:00,ADA/USDT,NO TRADE,PASS,FAIL,PASS,FAIL,Risk,5.25,26.25
2026-07-03T15:03:47.843713+00:00,AVAX/USDT,NO TRADE,FAIL,FAIL,FAIL,FAIL,Trend,0.0,0.0
2026-07-03T15:03:48.700374+00:00,DOGE/USDT,NO TRADE,PASS,PASS,FAIL,PASS,Momentum,0.8,23.8
2026-07-03T15:06:10.260504+00:00,BTC/USDT,NO TRADE,PASS,FAIL,PASS,FAIL,Risk,5.25,26.25
2026-07-03T15:06:12.026669+00:00,ETH/USDT,NO TRADE,FAIL,FAIL,FAIL,FAIL,Trend,0.0,0.0
2026-07-03T15:06:13.327050+00:00,SOL/USDT,NO TRADE,FAIL,PASS,FAIL,PASS,Trend,5.2,26.2
2026-07-03T15:06:14.712804+00:00,BNB/USDT,NO TRADE,PASS,PASS,FAIL,PASS,Momentum,2.4,23.4
2026-07-03T15:06:16.401064+00:00,XRP/USDT,NO TRADE,PASS,FAIL,PASS,FAIL,Risk,5.25,26.25
2026-07-03T15:06:17.443880+00:00,LINK/USDT,NO TRADE,FAIL,FAIL,FAIL,FAIL,Trend,0.0,0.0
2026-07-03T15:06:18.649468+00:00,ADA/USDT,NO TRADE,PASS,FAIL,PASS,FAIL,Risk,5.25,26.25
2026-07-03T15:06:19.725798+00:00,AVAX/USDT,NO TRADE,FAIL,FAIL,FAIL,FAIL,Trend,0.0,0.0
2026-07-03T15:06:20.833809+00:00,DOGE/USDT,NO TRADE,PASS,PASS,FAIL,PASS,Momentum,0.8,23.8
2026-07-03T15:08:52.494595+00:00,BTC/USDT,NO TRADE,PASS,FAIL,PASS,FAIL,Risk,5.25,26.25
2026-07-03T15:08:53.433547+00:00,ETH/USDT,NO TRADE,FAIL,PASS,PASS,PASS,Trend,4.8,23.8
2026-07-03T15:08:54.352018+00:00,SOL/USDT,NO TRADE,FAIL,PASS,PASS,PASS,Trend,4.8,26.8
2026-07-03T15:08:55.208561+00:00,BNB/USDT,NO TRADE,PASS,PASS,FAIL,PASS,Momentum,1.6,23.6
2026-07-03T15:08:56.144103+00:00,XRP/USDT,NO TRADE,PASS,FAIL,PASS,FAIL,Risk,5.25,26.25
2026-07-03T15:08:57.071057+00:00,LINK/USDT,NO TRADE,FAIL,PASS,PASS,PASS,Trend,4.8,23.8
2026-07-03T15:08:58.554285+00:00,ADA/USDT,NO TRADE,PASS,FAIL,PASS,FAIL,Risk,5.25,26.25
2026-07-03T15:08:59.603146+00:00,AVAX/USDT,NO TRADE,FAIL,PASS,FAIL,PASS,Trend,6.0,26.0
2026-07-03T15:09:00.591995+00:00,DOGE/USDT,NO TRADE,PASS,PASS,FAIL,PASS,Momentum,0.8,23.8
2026-07-03T15:11:55.918119+00:00,BTC/USDT,NO TRADE,PASS,FAIL,PASS,FAIL,Risk,5.25,26.25
2026-07-03T15:11:56.898901+00:00,ETH/USDT,NO TRADE,FAIL,PASS,PASS,PASS,Trend,4.8,23.8
2026-07-03T15:11:58.162145+00:00,SOL/USDT,NO TRADE,FAIL,PASS,PASS,PASS,Trend,4.8,26.8
2026-07-03T15:12:01.058600+00:00,BNB/USDT,NO TRADE,PASS,PASS,FAIL,PASS,Momentum,1.6,23.6
2026-07-03T15:12:02.371915+00:00,XRP/USDT,NO TRADE,PASS,FAIL,PASS,FAIL,Risk,5.25,26.25
2026-07-03T15:12:03.737897+00:00,LINK/USDT,NO TRADE,FAIL,PASS,PASS,PASS,Trend,4.8,23.8
2026-07-03T15:12:05.021992+00:00,ADA/USDT,NO TRADE,PASS,FAIL,PASS,FAIL,Risk,5.25,26.25
2026-07-03T15:12:06.683979+00:00,AVAX/USDT,NO TRADE,FAIL,PASS,FAIL,PASS,Trend,6.0,26.0
2026-07-03T15:12:08.371011+00:00,DOGE/USDT,NO TRADE,PASS,PASS,FAIL,PASS,Momentum,0.8,23.8
2026-07-03T15:14:05.412698+00:00,BTC/USDT,NO TRADE,PASS,FAIL,PASS,FAIL,Risk,5.25,26.25
2026-07-03T15:14:06.639168+00:00,ETH/USDT,NO TRADE,FAIL,PASS,PASS,PASS,Trend,4.8,23.8
2026-07-03T15:14:08.114742+00:00,SOL/USDT,NO TRADE,FAIL,FAIL,FAIL,FAIL,Trend,0.0,0.0
2026-07-03T15:14:09.336690+00:00,BNB/USDT,NO TRADE,PASS,PASS,FAIL,PASS,Momentum,2.4,23.4
2026-07-03T15:14:10.526523+00:00,XRP/USDT,NO TRADE,PASS,FAIL,PASS,FAIL,Risk,5.25,26.25
2026-07-03T15:14:11.499344+00:00,LINK/USDT,NO TRADE,FAIL,FAIL,FAIL,FAIL,Trend,0.0,0.0
2026-07-03T15:14:12.453419+00:00,ADA/USDT,NO TRADE,PASS,FAIL,PASS,FAIL,Risk,5.25,26.25
2026-07-03T15:14:13.554536+00:00,AVAX/USDT,NO TRADE,FAIL,FAIL,FAIL,FAIL,Trend,0.0,0.0
2026-07-03T15:14:14.548739+00:00,DOGE/USDT,NO TRADE,PASS,PASS,FAIL,PASS,Momentum,0.8,23.8
2026-07-03T15:17:34.008574+00:00,BTC/USDT,NO TRADE,PASS,FAIL,PASS,FAIL,Risk,4.0,24.0
2026-07-03T15:17:35.682086+00:00,ETH/USDT,NO TRADE,FAIL,FAIL,FAIL,FAIL,Trend,0.0,0.0
2026-07-03T15:17:37.180278+00:00,SOL/USDT,NO TRADE,FAIL,FAIL,FAIL,FAIL,Trend,0.0,0.0
2026-07-03T15:17:38.967386+00:00,BNB/USDT,NO TRADE,PASS,PASS,FAIL,PASS,Momentum,2.4,23.4
2026-07-03T15:17:39.911196+00:00,XRP/USDT,NO TRADE,PASS,FAIL,PASS,FAIL,Risk,5.25,26.25
2026-07-03T15:17:41.561133+00:00,LINK/USDT,NO TRADE,FAIL,FAIL,FAIL,FAIL,Trend,0.0,0.0
2026-07-03T15:17:43.479229+00:00,ADA/USDT,NO TRADE,PASS,FAIL,PASS,FAIL,Risk,5.25,26.25
2026-07-03T15:17:45.984984+00:00,AVAX/USDT,NO TRADE,FAIL,FAIL,FAIL,FAIL,Trend,0.0,0.0
2026-07-03T15:17:47.254634+00:00,DOGE/USDT,NO TRADE,PASS,PASS,FAIL,PASS,Momentum,0.8,23.8
2026-07-03T15:19:37.703139+00:00,BTC/USDT,NO TRADE,PASS,FAIL,PASS,FAIL,Risk,3.5,24.5
2026-07-03T15:19:39.904256+00:00,ETH/USDT,NO TRADE,FAIL,PASS,PASS,PASS,Trend,4.8,23.8
2026-07-03T15:19:41.117360+00:00,SOL/USDT,NO TRADE,FAIL,FAIL,FAIL,FAIL,Trend,0.0,0.0
2026-07-03T15:19:43.162984+00:00,BNB/USDT,NO TRADE,PASS,PASS,FAIL,PASS,Momentum,2.4,23.4
2026-07-03T15:19:44.504510+00:00,XRP/USDT,NO TRADE,PASS,FAIL,PASS,FAIL,Risk,5.25,26.25
2026-07-03T15:19:46.153619+00:00,LINK/USDT,NO TRADE,FAIL,FAIL,FAIL,FAIL,Trend,0.0,0.0
2026-07-03T15:19:47.400940+00:00,ADA/USDT,NO TRADE,PASS,FAIL,PASS,FAIL,Risk,5.25,26.25
2026-07-03T15:19:49.539323+00:00,AVAX/USDT,NO TRADE,FAIL,FAIL,FAIL,FAIL,Trend,0.0,0.0
2026-07-03T15:19:52.383182+00:00,DOGE/USDT,NO TRADE,PASS,PASS,FAIL,PASS,Momentum,0.8,23.8
2026-07-03T15:23:04.158698+00:00,BTC/USDT,NO TRADE,PASS,FAIL,PASS,FAIL,Risk,4.0,24.0
2026-07-03T15:23:05.388071+00:00,ETH/USDT,NO TRADE,FAIL,FAIL,FAIL,FAIL,Trend,0.0,0.0
2026-07-03T15:23:06.904898+00:00,SOL/USDT,NO TRADE,PASS,FAIL,PASS,FAIL,Structure,2.5,20.5
2026-07-03T15:23:08.088283+00:00,BNB/USDT,NO TRADE,PASS,PASS,FAIL,PASS,Momentum,2.4,21.4
2026-07-03T15:23:09.164686+00:00,XRP/USDT,NO TRADE,PASS,FAIL,PASS,FAIL,Risk,5.25,26.25
2026-07-03T15:23:11.980031+00:00,LINK/USDT,NO TRADE,PASS,FAIL,PASS,FAIL,Risk,3.5,21.5
2026-07-03T15:23:13.726659+00:00,ADA/USDT,NO TRADE,PASS,FAIL,PASS,FAIL,Risk,5.25,26.25
2026-07-03T15:23:15.524096+00:00,AVAX/USDT,NO TRADE,FAIL,FAIL,FAIL,FAIL,Trend,0.0,0.0
2026-07-03T15:23:16.674948+00:00,DOGE/USDT,NO TRADE,PASS,PASS,FAIL,PASS,Momentum,1.6,21.6
2026-07-03T15:24:55.297996+00:00,BTC/USDT,NO TRADE,PASS,FAIL,PASS,FAIL,Risk,4.0,24.0
2026-07-03T15:24:56.285265+00:00,ETH/USDT,NO TRADE,PASS,FAIL,PASS,FAIL,Risk,3.5,21.5
2026-07-03T15:24:57.312859+00:00,SOL/USDT,NO TRADE,PASS,FAIL,PASS,FAIL,Structure,2.5,20.5
2026-07-03T15:24:58.327394+00:00,BNB/USDT,NO TRADE,PASS,PASS,FAIL,PASS,Momentum,2.4,21.4
2026-07-03T15:24:59.423247+00:00,XRP/USDT,NO TRADE,PASS,FAIL,PASS,FAIL,Risk,5.25,26.25
2026-07-03T15:25:09.432295+00:00,BTC/USDT,NO TRADE,PASS,FAIL,PASS,FAIL,Risk,4.0,24.0
2026-07-03T15:25:10.420931+00:00,ETH/USDT,NO TRADE,PASS,FAIL,PASS,FAIL,Risk,3.5,21.5
2026-07-03T15:25:11.717854+00:00,SOL/USDT,NO TRADE,PASS,FAIL,PASS,FAIL,Structure,2.5,20.5
2026-07-03T15:25:12.621558+00:00,BNB/USDT,NO TRADE,PASS,PASS,FAIL,PASS,Momentum,2.4,21.4
2026-07-03T15:25:14.742564+00:00,XRP/USDT,NO TRADE,PASS,FAIL,PASS,FAIL,Risk,5.25,26.25
2026-07-03T15:25:15.679464+00:00,LINK/USDT,NO TRADE,PASS,FAIL,PASS,FAIL,Risk,3.5,21.5
2026-07-03T15:25:17.955964+00:00,ADA/USDT,NO TRADE,PASS,FAIL,PASS,FAIL,Risk,5.25,26.25
2026-07-03T15:25:19.930261+00:00,AVAX/USDT,NO TRADE,PASS,FAIL,PASS,FAIL,Structure,3.0,21.0
2026-07-03T15:25:21.040638+00:00,DOGE/USDT,NO TRADE,PASS,PASS,FAIL,PASS,Momentum,1.6,21.6
2026-07-03T15:28:30.153127+00:00,BTC/USDT,NO TRADE,PASS,FAIL,PASS,FAIL,Risk,4.0,24.0
2026-07-03T15:28:31.126034+00:00,ETH/USDT,NO TRADE,PASS,FAIL,PASS,FAIL,Risk,3.5,21.5
2026-07-03T15:28:32.561654+00:00,SOL/USDT,NO TRADE,PASS,FAIL,PASS,FAIL,Structure,2.5,20.5
2026-07-03T15:28:33.511885+00:00,BNB/USDT,NO TRADE,PASS,PASS,FAIL,PASS,Momentum,2.4,21.4
2026-07-03T15:28:34.813550+00:00,XRP/USDT,NO TRADE,PASS,FAIL,PASS,FAIL,Risk,5.25,26.25
2026-07-03T15:28:35.855094+00:00,LINK/USDT,NO TRADE,PASS,FAIL,PASS,FAIL,Risk,3.5,21.5
2026-07-03T15:28:37.542024+00:00,ADA/USDT,NO TRADE,PASS,FAIL,PASS,FAIL,Risk,5.25,26.25
2026-07-03T15:28:38.624588+00:00,AVAX/USDT,NO TRADE,PASS,FAIL,PASS,FAIL,Structure,3.0,21.0
2026-07-03T15:28:39.471409+00:00,DOGE/USDT,NO TRADE,PASS,PASS,FAIL,PASS,Momentum,1.6,21.6
2026-07-03T15:30:24.835161+00:00,BTC/USDT,NO TRADE,PASS,FAIL,PASS,FAIL,Risk,4.0,24.0
2026-07-03T15:30:26.559357+00:00,ETH/USDT,NO TRADE,PASS,FAIL,PASS,FAIL,Risk,3.5,21.5
2026-07-03T15:30:27.513568+00:00,SOL/USDT,NO TRADE,PASS,FAIL,PASS,FAIL,Structure,2.5,20.5
2026-07-03T15:30:28.711038+00:00,BNB/USDT,NO TRADE,PASS,PASS,FAIL,PASS,Momentum,2.4,21.4
2026-07-03T15:30:29.694673+00:00,XRP/USDT,NO TRADE,PASS,FAIL,PASS,FAIL,Risk,5.25,26.25
2026-07-03T15:30:31.307929+00:00,LINK/USDT,NO TRADE,PASS,FAIL,PASS,FAIL,Risk,3.5,21.5
2026-07-03T15:30:32.998482+00:00,ADA/USDT,NO TRADE,PASS,FAIL,PASS,FAIL,Risk,5.25,26.25
2026-07-03T15:30:34.685883+00:00,AVAX/USDT,NO TRADE,PASS,FAIL,PASS,FAIL,Structure,3.0,21.0
2026-07-03T15:30:35.770735+00:00,DOGE/USDT,NO TRADE,PASS,PASS,FAIL,PASS,Momentum,1.6,21.6
2026-07-03T15:33:55.675915+00:00,BTC/USDT,NO TRADE,PASS,FAIL,PASS,FAIL,Risk,4.0,24.0
2026-07-03T15:33:57.703854+00:00,ETH/USDT,NO TRADE,PASS,FAIL,PASS,FAIL,Risk,3.5,21.5
2026-07-03T15:34:01.607372+00:00,SOL/USDT,NO TRADE,PASS,FAIL,PASS,FAIL,Structure,2.5,20.5
2026-07-03T15:34:06.778749+00:00,BNB/USDT,NO TRADE,PASS,PASS,FAIL,PASS,Momentum,2.4,21.4
2026-07-03T15:34:08.607134+00:00,XRP/USDT,NO TRADE,PASS,FAIL,PASS,FAIL,Risk,5.25,26.25
2026-07-03T15:34:13.462039+00:00,LINK/USDT,NO TRADE,PASS,FAIL,PASS,FAIL,Risk,3.5,21.5
2026-07-03T15:34:14.937823+00:00,ADA/USDT,NO TRADE,PASS,FAIL,PASS,FAIL,Risk,5.25,26.25
2026-07-03T15:34:18.488697+00:00,AVAX/USDT,NO TRADE,PASS,FAIL,PASS,FAIL,Structure,3.0,21.0
2026-07-03T15:34:24.968093+00:00,DOGE/USDT,NO TRADE,PASS,PASS,FAIL,PASS,Momentum,1.6,21.6
2026-07-03T15:35:42.039365+00:00,BTC/USDT,NO TRADE,PASS,FAIL,PASS,FAIL,Risk,4.0,24.0
2026-07-03T15:35:44.043083+00:00,ETH/USDT,NO TRADE,PASS,FAIL,PASS,FAIL,Risk,3.5,21.5
2026-07-03T15:35:45.725727+00:00,SOL/USDT,NO TRADE,PASS,FAIL,PASS,FAIL,Structure,2.5,20.5
2026-07-03T15:35:46.830114+00:00,BNB/USDT,NO TRADE,PASS,PASS,FAIL,PASS,Momentum,2.4,21.4
2026-07-03T15:35:47.966781+00:00,XRP/USDT,NO TRADE,PASS,FAIL,PASS,FAIL,Risk,5.25,26.25
2026-07-03T15:35:49.747240+00:00,LINK/USDT,NO TRADE,PASS,FAIL,PASS,FAIL,Risk,3.5,21.5
2026-07-03T15:35:52.019448+00:00,ADA/USDT,NO TRADE,PASS,FAIL,PASS,FAIL,Risk,5.25,26.25
2026-07-03T15:35:53.179039+00:00,AVAX/USDT,NO TRADE,PASS,FAIL,PASS,FAIL,Structure,3.0,21.0
2026-07-03T15:35:55.055497+00:00,DOGE/USDT,NO TRADE,PASS,PASS,FAIL,PASS,Momentum,1.6,21.6
2026-07-03T15:39:40.078497+00:00,BTC/USDT,NO TRADE,PASS,FAIL,PASS,FAIL,Structure,1.0,18.0
2026-07-03T15:39:41.213086+00:00,ETH/USDT,NO TRADE,PASS,FAIL,PASS,FAIL,Risk,3.5,21.5
2026-07-03T15:39:43.717735+00:00,SOL/USDT,NO TRADE,PASS,FAIL,PASS,FAIL,Structure,2.5,20.5
2026-07-03T15:39:46.217569+00:00,BNB/USDT,NO TRADE,PASS,PASS,FAIL,PASS,Momentum,2.4,21.4
2026-07-03T15:39:47.633116+00:00,XRP/USDT,NO TRADE,PASS,FAIL,PASS,FAIL,Risk,5.25,26.25
2026-07-03T15:39:49.217643+00:00,LINK/USDT,NO TRADE,PASS,FAIL,PASS,FAIL,Risk,3.5,21.5
2026-07-03T15:39:51.073204+00:00,ADA/USDT,NO TRADE,PASS,FAIL,PASS,FAIL,Risk,5.25,26.25
2026-07-03T15:39:52.727344+00:00,AVAX/USDT,NO TRADE,PASS,FAIL,PASS,FAIL,Structure,3.0,21.0
2026-07-03T15:39:53.695822+00:00,DOGE/USDT,NO TRADE,PASS,PASS,FAIL,PASS,Momentum,1.6,21.6
2026-07-03T15:40:58.525993+00:00,BTC/USDT,NO TRADE,PASS,FAIL,PASS,FAIL,Structure,1.0,18.0
2026-07-03T15:41:00.048433+00:00,ETH/USDT,NO TRADE,PASS,FAIL,PASS,FAIL,Risk,3.5,21.5
2026-07-03T15:41:01.237343+00:00,SOL/USDT,NO TRADE,PASS,FAIL,PASS,FAIL,Structure,2.5,20.5
2026-07-03T15:41:03.085496+00:00,BNB/USDT,NO TRADE,PASS,PASS,FAIL,PASS,Momentum,2.4,21.4
2026-07-03T15:41:06.887393+00:00,XRP/USDT,NO TRADE,PASS,FAIL,PASS,FAIL,Risk,5.25,26.25
2026-07-03T15:41:11.368506+00:00,LINK/USDT,NO TRADE,PASS,FAIL,PASS,FAIL,Risk,3.5,21.5
2026-07-03T15:41:15.082198+00:00,ADA/USDT,NO TRADE,PASS,FAIL,PASS,FAIL,Risk,5.25,26.25
2026-07-03T15:41:18.012345+00:00,AVAX/USDT,NO TRADE,PASS,FAIL,PASS,FAIL,Structure,3.5,20.5
2026-07-03T15:41:19.898312+00:00,DOGE/USDT,NO TRADE,PASS,PASS,FAIL,PASS,Momentum,1.6,21.6
2026-07-03T15:45:10.076734+00:00,BTC/USDT,NO TRADE,PASS,FAIL,PASS,FAIL,Structure,1.0,18.0
2026-07-03T15:45:12.815380+00:00,ETH/USDT,NO TRADE,PASS,FAIL,PASS,FAIL,Risk,3.5,21.5
2026-07-03T15:45:16.761441+00:00,SOL/USDT,NO TRADE,PASS,FAIL,PASS,FAIL,Structure,2.5,20.5
2026-07-03T15:45:24.064173+00:00,BNB/USDT,NO TRADE,PASS,PASS,FAIL,PASS,Momentum,2.4,21.4
2026-07-03T15:45:25.031873+00:00,XRP/USDT,NO TRADE,PASS,FAIL,PASS,FAIL,Risk,5.25,26.25
2026-07-03T15:45:28.453373+00:00,LINK/USDT,NO TRADE,PASS,FAIL,PASS,FAIL,Risk,3.5,21.5
2026-07-03T15:45:29.534488+00:00,ADA/USDT,NO TRADE,PASS,FAIL,PASS,FAIL,Risk,5.25,26.25
2026-07-03T15:45:31.260286+00:00,AVAX/USDT,NO TRADE,PASS,FAIL,PASS,FAIL,Structure,3.5,20.5
2026-07-03T15:45:32.356296+00:00,DOGE/USDT,NO TRADE,PASS,PASS,FAIL,PASS,Momentum,1.6,21.6
2026-07-03T15:46:23.178482+00:00,BTC/USDT,NO TRADE,PASS,FAIL,PASS,FAIL,Structure,1.0,18.0
2026-07-03T15:46:26.093566+00:00,ETH/USDT,NO TRADE,PASS,FAIL,PASS,FAIL,Risk,3.5,21.5
2026-07-03T15:46:28.389182+00:00,SOL/USDT,NO TRADE,PASS,FAIL,PASS,FAIL,Structure,2.5,20.5
2026-07-03T15:46:30.610254+00:00,BNB/USDT,NO TRADE,PASS,PASS,FAIL,PASS,Momentum,2.4,21.4
2026-07-03T15:46:33.352376+00:00,XRP/USDT,NO TRADE,PASS,FAIL,PASS,FAIL,Risk,5.25,26.25
2026-07-03T15:46:34.621889+00:00,LINK/USDT,NO TRADE,PASS,FAIL,PASS,FAIL,Risk,3.5,21.5
2026-07-03T15:46:36.663595+00:00,ADA/USDT,NO TRADE,PASS,FAIL,PASS,FAIL,Risk,5.25,26.25
2026-07-03T15:46:41.101494+00:00,AVAX/USDT,NO TRADE,PASS,FAIL,PASS,FAIL,Structure,3.0,21.0
2026-07-03T15:46:42.705432+00:00,DOGE/USDT,NO TRADE,PASS,PASS,FAIL,PASS,Momentum,1.6,21.6
2026-07-03T15:50:58.159867+00:00,BTC/USDT,NO TRADE,PASS,FAIL,PASS,FAIL,Structure,1.0,18.0
2026-07-03T15:51:02.202085+00:00,ETH/USDT,NO TRADE,PASS,FAIL,PASS,FAIL,Risk,3.5,21.5
2026-07-03T15:51:03.312611+00:00,SOL/USDT,NO TRADE,PASS,FAIL,PASS,FAIL,Structure,2.5,20.5
2026-07-03T15:51:04.364617+00:00,BNB/USDT,NO TRADE,PASS,PASS,FAIL,PASS,Momentum,2.4,21.4
2026-07-03T15:51:05.669536+00:00,XRP/USDT,NO TRADE,PASS,FAIL,PASS,FAIL,Risk,5.25,26.25
2026-07-03T15:51:06.825278+00:00,LINK/USDT,NO TRADE,PASS,FAIL,PASS,FAIL,Risk,3.5,21.5
2026-07-03T15:51:08.162304+00:00,ADA/USDT,NO TRADE,PASS,FAIL,PASS,FAIL,Risk,5.25,26.25
2026-07-03T15:51:09.310920+00:00,AVAX/USDT,NO TRADE,PASS,FAIL,PASS,FAIL,Structure,3.5,20.5
2026-07-03T15:51:11.425698+00:00,DOGE/USDT,NO TRADE,PASS,PASS,FAIL,PASS,Momentum,1.6,21.6
2026-07-03T15:51:46.679951+00:00,BTC/USDT,NO TRADE,PASS,FAIL,PASS,FAIL,Structure,1.0,18.0
2026-07-03T15:51:48.898100+00:00,ETH/USDT,NO TRADE,PASS,FAIL,PASS,FAIL,Risk,3.5,21.5
2026-07-03T15:51:50.349848+00:00,SOL/USDT,NO TRADE,PASS,FAIL,PASS,FAIL,Structure,2.5,20.5
2026-07-03T15:51:52.198931+00:00,BNB/USDT,NO TRADE,PASS,PASS,FAIL,PASS,Momentum,2.4,21.4
2026-07-03T15:51:53.634623+00:00,XRP/USDT,NO TRADE,PASS,FAIL,PASS,FAIL,Risk,5.25,26.25
2026-07-03T15:51:55.292070+00:00,LINK/USDT,NO TRADE,PASS,FAIL,PASS,FAIL,Risk,3.5,21.5
2026-07-03T15:51:58.243365+00:00,ADA/USDT,NO TRADE,PASS,FAIL,PASS,FAIL,Risk,5.25,26.25
2026-07-03T15:52:03.094760+00:00,AVAX/USDT,NO TRADE,PASS,FAIL,PASS,FAIL,Structure,3.5,20.5
2026-07-03T15:52:04.650191+00:00,DOGE/USDT,NO TRADE,PASS,PASS,FAIL,PASS,Momentum,1.6,21.6
2026-07-03T15:52:40.257498+00:00,BTC/USDT,NO TRADE,PASS,FAIL,PASS,FAIL,Structure,1.0,18.0
2026-07-03T15:52:42.217955+00:00,ETH/USDT,NO TRADE,PASS,FAIL,PASS,FAIL,Risk,3.5,21.5
2026-07-03T15:52:44.925738+00:00,SOL/USDT,NO TRADE,PASS,FAIL,PASS,FAIL,Structure,2.5,20.5
2026-07-03T15:52:46.657091+00:00,BNB/USDT,NO TRADE,PASS,PASS,FAIL,PASS,Momentum,2.4,21.4
2026-07-03T15:52:47.966950+00:00,XRP/USDT,NO TRADE,PASS,FAIL,PASS,FAIL,Risk,5.25,26.25
2026-07-03T15:52:50.037624+00:00,LINK/USDT,NO TRADE,PASS,FAIL,PASS,FAIL,Risk,3.5,21.5
2026-07-03T15:52:51.282950+00:00,ADA/USDT,NO TRADE,PASS,FAIL,PASS,FAIL,Risk,5.25,26.25
2026-07-03T15:52:52.964205+00:00,AVAX/USDT,NO TRADE,PASS,FAIL,PASS,FAIL,Structure,3.5,20.5
2026-07-03T15:52:55.029340+00:00,DOGE/USDT,NO TRADE,PASS,PASS,FAIL,PASS,Momentum,1.6,21.6
2026-07-03T15:56:28.334857+00:00,BTC/USDT,NO TRADE,PASS,FAIL,PASS,FAIL,Structure,1.0,18.0
2026-07-03T15:56:29.439983+00:00,ETH/USDT,NO TRADE,PASS,FAIL,PASS,FAIL,Structure,0.5,18.5
2026-07-03T15:56:30.688108+00:00,SOL/USDT,NO TRADE,PASS,FAIL,PASS,FAIL,Structure,2.5,20.5
2026-07-03T15:56:31.988316+00:00,BNB/USDT,NO TRADE,PASS,PASS,FAIL,PASS,Momentum,2.4,21.4
2026-07-03T15:56:33.171132+00:00,XRP/USDT,NO TRADE,PASS,FAIL,PASS,FAIL,Risk,5.25,26.25
2026-07-03T15:56:34.305520+00:00,LINK/USDT,NO TRADE,PASS,FAIL,PASS,FAIL,Risk,3.5,21.5
2026-07-03T15:56:35.366251+00:00,ADA/USDT,NO TRADE,PASS,FAIL,PASS,FAIL,Risk,5.25,26.25
2026-07-03T15:56:36.382633+00:00,AVAX/USDT,NO TRADE,PASS,FAIL,PASS,FAIL,Structure,3.5,20.5
2026-07-03T15:56:37.586821+00:00,DOGE/USDT,NO TRADE,PASS,PASS,FAIL,PASS,Momentum,1.6,21.6
2026-07-03T15:58:01.022431+00:00,BTC/USDT,NO TRADE,PASS,FAIL,PASS,FAIL,Structure,1.0,18.0
2026-07-03T15:58:04.965159+00:00,ETH/USDT,NO TRADE,PASS,FAIL,PASS,FAIL,Structure,0.5,18.5
2026-07-03T15:58:09.882489+00:00,SOL/USDT,NO TRADE,PASS,FAIL,PASS,FAIL,Structure,2.5,20.5
2026-07-03T15:58:13.241250+00:00,BNB/USDT,NO TRADE,PASS,PASS,FAIL,PASS,Momentum,2.4,21.4
2026-07-03T15:58:14.445603+00:00,XRP/USDT,NO TRADE,PASS,FAIL,PASS,FAIL,Risk,5.25,26.25
2026-07-03T15:58:17.636308+00:00,LINK/USDT,NO TRADE,PASS,FAIL,PASS,FAIL,Risk,3.5,21.5
2026-07-03T15:58:18.919721+00:00,ADA/USDT,NO TRADE,PASS,FAIL,PASS,FAIL,Risk,5.25,26.25
2026-07-03T15:58:24.788929+00:00,AVAX/USDT,NO TRADE,PASS,FAIL,PASS,FAIL,Structure,3.5,20.5
2026-07-03T15:58:27.349760+00:00,DOGE/USDT,NO TRADE,PASS,PASS,FAIL,PASS,Momentum,1.6,21.6
2026-07-03T16:01:56.444847+00:00,BTC/USDT,NO TRADE,PASS,FAIL,PASS,FAIL,Structure,1.0,18.0
2026-07-03T16:01:58.092519+00:00,ETH/USDT,NO TRADE,PASS,FAIL,PASS,FAIL,Structure,0.5,18.5
2026-07-03T16:01:59.763344+00:00,SOL/USDT,NO TRADE,PASS,FAIL,PASS,FAIL,Structure,2.5,20.5
2026-07-03T16:02:02.489220+00:00,BNB/USDT,NO TRADE,PASS,PASS,FAIL,PASS,Momentum,2.4,21.4
2026-07-03T16:02:04.568586+00:00,XRP/USDT,NO TRADE,PASS,FAIL,PASS,FAIL,Risk,5.25,26.25
2026-07-03T16:02:07.914658+00:00,LINK/USDT,NO TRADE,PASS,FAIL,PASS,FAIL,Risk,3.5,21.5
2026-07-03T16:02:09.855743+00:00,ADA/USDT,NO TRADE,PASS,FAIL,PASS,FAIL,Risk,5.25,26.25
2026-07-03T16:02:12.308937+00:00,AVAX/USDT,NO TRADE,PASS,FAIL,PASS,FAIL,Structure,3.5,20.5
2026-07-03T16:02:14.569794+00:00,DOGE/USDT,NO TRADE,PASS,PASS,FAIL,PASS,Momentum,1.6,21.6
2026-07-03T16:03:30.721033+00:00,BTC/USDT,NO TRADE,PASS,FAIL,PASS,FAIL,Structure,1.0,18.0
2026-07-03T16:03:33.052362+00:00,ETH/USDT,NO TRADE,PASS,FAIL,PASS,FAIL,Structure,0.5,18.5
2026-07-03T16:03:34.598561+00:00,SOL/USDT,NO TRADE,PASS,FAIL,PASS,FAIL,Structure,2.5,20.5
2026-07-03T16:03:37.176985+00:00,BNB/USDT,NO TRADE,PASS,PASS,FAIL,PASS,Momentum,2.4,21.4
2026-07-03T16:03:38.428057+00:00,XRP/USDT,NO TRADE,PASS,FAIL,PASS,FAIL,Risk,5.25,26.25
2026-07-03T16:03:39.589130+00:00,LINK/USDT,NO TRADE,PASS,FAIL,PASS,FAIL,Risk,3.5,21.5
2026-07-03T16:03:41.653679+00:00,ADA/USDT,NO TRADE,PASS,FAIL,PASS,FAIL,Risk,5.25,26.25
2026-07-03T16:03:44.015904+00:00,AVAX/USDT,NO TRADE,PASS,FAIL,PASS,FAIL,Structure,3.5,20.5
2026-07-03T16:03:46.165714+00:00,DOGE/USDT,NO TRADE,PASS,PASS,FAIL,PASS,Momentum,1.6,21.6
2026-07-03T16:07:47.270636+00:00,BTC/USDT,NO TRADE,PASS,FAIL,PASS,FAIL,Structure,1.0,18.0
2026-07-03T16:07:49.294261+00:00,ETH/USDT,NO TRADE,PASS,FAIL,PASS,FAIL,Structure,0.5,18.5
2026-07-03T16:07:52.982207+00:00,SOL/USDT,NO TRADE,PASS,FAIL,PASS,FAIL,Structure,2.5,20.5
2026-07-03T16:07:55.057540+00:00,BNB/USDT,NO TRADE,PASS,PASS,FAIL,PASS,Momentum,2.4,21.4
2026-07-03T16:07:57.141157+00:00,XRP/USDT,NO TRADE,PASS,FAIL,PASS,FAIL,Risk,5.25,26.25
2026-07-03T16:07:59.450971+00:00,LINK/USDT,NO TRADE,PASS,FAIL,PASS,FAIL,Risk,3.5,21.5
2026-07-03T16:08:00.786518+00:00,ADA/USDT,NO TRADE,PASS,FAIL,PASS,FAIL,Risk,5.25,26.25
2026-07-03T16:08:01.849721+00:00,AVAX/USDT,NO TRADE,PASS,FAIL,PASS,FAIL,Structure,3.5,20.5
2026-07-03T16:08:03.055446+00:00,DOGE/USDT,NO TRADE,PASS,PASS,FAIL,PASS,Momentum,1.6,21.6
2026-07-03T16:08:49.901151+00:00,BTC/USDT,NO TRADE,PASS,FAIL,PASS,FAIL,Structure,1.0,18.0
2026-07-03T16:08:50.990979+00:00,ETH/USDT,NO TRADE,PASS,FAIL,PASS,FAIL,Risk,3.5,21.5
2026-07-03T16:08:52.191912+00:00,SOL/USDT,NO TRADE,PASS,FAIL,PASS,FAIL,Structure,2.5,20.5
2026-07-03T16:08:53.890364+00:00,BNB/USDT,NO TRADE,PASS,PASS,FAIL,PASS,Momentum,2.4,21.4
2026-07-03T16:08:56.006160+00:00,XRP/USDT,NO TRADE,PASS,FAIL,PASS,FAIL,Risk,5.25,26.25
2026-07-03T16:08:58.484650+00:00,LINK/USDT,NO TRADE,PASS,FAIL,PASS,FAIL,Risk,3.5,21.5
2026-07-03T16:09:00.634213+00:00,ADA/USDT,NO TRADE,PASS,FAIL,PASS,FAIL,Risk,5.25,26.25
2026-07-03T16:09:02.216627+00:00,AVAX/USDT,NO TRADE,PASS,FAIL,PASS,FAIL,Structure,3.5,20.5
2026-07-03T16:09:04.529984+00:00,DOGE/USDT,NO TRADE,PASS,PASS,FAIL,PASS,Momentum,1.6,21.6
2026-07-03T16:13:19.365442+00:00,BTC/USDT,NO TRADE,PASS,FAIL,PASS,FAIL,Structure,1.0,18.0
2026-07-03T16:13:20.901644+00:00,ETH/USDT,NO TRADE,PASS,FAIL,PASS,FAIL,Structure,0.5,18.5
2026-07-03T16:13:23.390444+00:00,SOL/USDT,NO TRADE,PASS,FAIL,PASS,FAIL,Structure,2.5,20.5
2026-07-03T16:13:24.717826+00:00,BNB/USDT,NO TRADE,PASS,PASS,FAIL,PASS,Momentum,2.4,21.4
2026-07-03T16:13:28.358828+00:00,XRP/USDT,NO TRADE,PASS,FAIL,PASS,FAIL,Risk,5.25,26.25
2026-07-03T16:13:29.427984+00:00,LINK/USDT,NO TRADE,PASS,FAIL,PASS,FAIL,Structure,0.5,18.5
2026-07-03T16:13:31.873150+00:00,ADA/USDT,NO TRADE,PASS,FAIL,PASS,FAIL,Risk,5.25,26.25
2026-07-03T16:13:34.498812+00:00,AVAX/USDT,NO TRADE,PASS,FAIL,PASS,FAIL,Structure,1.5,18.5
2026-07-03T16:13:40.696599+00:00,DOGE/USDT,NO TRADE,PASS,PASS,FAIL,PASS,Momentum,2.4,21.4
2026-07-03T16:14:07.175642+00:00,BTC/USDT,NO TRADE,PASS,FAIL,PASS,FAIL,Structure,1.0,18.0
2026-07-03T16:14:08.289982+00:00,ETH/USDT,NO TRADE,PASS,FAIL,PASS,FAIL,Structure,0.5,18.5
2026-07-03T16:14:09.596870+00:00,SOL/USDT,NO TRADE,PASS,FAIL,PASS,FAIL,Structure,2.5,20.5
2026-07-03T16:14:10.647839+00:00,BNB/USDT,NO TRADE,PASS,PASS,FAIL,PASS,Momentum,2.4,21.4
2026-07-03T16:14:12.326772+00:00,XRP/USDT,NO TRADE,PASS,FAIL,PASS,FAIL,Risk,5.25,26.25
2026-07-03T16:14:13.634260+00:00,LINK/USDT,NO TRADE,PASS,FAIL,PASS,FAIL,Risk,3.5,21.5
2026-07-03T16:14:15.157163+00:00,ADA/USDT,NO TRADE,PASS,FAIL,PASS,FAIL,Risk,5.25,26.25
2026-07-03T16:14:17.425331+00:00,AVAX/USDT,NO TRADE,PASS,FAIL,PASS,PASS,Structure,1.5,22.5
2026-07-03T16:14:19.507502+00:00,DOGE/USDT,NO TRADE,PASS,PASS,FAIL,PASS,Momentum,1.6,21.6
2026-07-03T16:19:10.475333+00:00,BTC/USDT,NO TRADE,PASS,FAIL,PASS,FAIL,Structure,1.0,18.0
2026-07-03T16:19:11.508860+00:00,ETH/USDT,NO TRADE,PASS,FAIL,PASS,FAIL,Structure,0.5,18.5
2026-07-03T16:19:14.158917+00:00,SOL/USDT,NO TRADE,PASS,FAIL,PASS,FAIL,Structure,2.5,20.5
2026-07-03T16:19:15.895305+00:00,BNB/USDT,NO TRADE,PASS,PASS,FAIL,PASS,Momentum,2.4,21.4
2026-07-03T16:19:18.049237+00:00,XRP/USDT,NO TRADE,PASS,FAIL,PASS,FAIL,Risk,5.25,26.25
2026-07-03T16:19:20.503707+00:00,LINK/USDT,NO TRADE,PASS,FAIL,PASS,FAIL,Risk,3.5,21.5
2026-07-03T16:19:22.629768+00:00,ADA/USDT,NO TRADE,PASS,FAIL,PASS,FAIL,Risk,5.25,26.25
2026-07-03T16:19:23.892208+00:00,BTC/USDT,NO TRADE,PASS,FAIL,PASS,FAIL,Structure,1.0,18.0
2026-07-03T16:19:26.309300+00:00,ETH/USDT,NO TRADE,PASS,FAIL,PASS,FAIL,Structure,0.5,18.5
2026-07-03T16:19:26.312210+00:00,AVAX/USDT,NO TRADE,PASS,FAIL,PASS,PASS,Structure,1.5,22.5
2026-07-03T16:19:27.717963+00:00,DOGE/USDT,NO TRADE,PASS,PASS,FAIL,PASS,Momentum,1.6,21.6
2026-07-03T16:19:28.181349+00:00,SOL/USDT,NO TRADE,PASS,FAIL,PASS,FAIL,Structure,2.5,20.5
2026-07-03T16:19:29.395134+00:00,BNB/USDT,NO TRADE,PASS,PASS,FAIL,PASS,Momentum,2.4,21.4
2026-07-03T16:19:31.913161+00:00,XRP/USDT,NO TRADE,PASS,FAIL,PASS,FAIL,Risk,5.25,26.25
2026-07-03T16:19:33.000030+00:00,LINK/USDT,NO TRADE,PASS,FAIL,PASS,FAIL,Risk,3.5,21.5
2026-07-03T16:19:34.086852+00:00,ADA/USDT,NO TRADE,PASS,FAIL,PASS,FAIL,Risk,5.25,26.25
2026-07-03T16:19:37.440991+00:00,AVAX/USDT,NO TRADE,PASS,FAIL,PASS,PASS,Structure,1.5,22.5
2026-07-03T16:19:38.516085+00:00,DOGE/USDT,NO TRADE,PASS,PASS,FAIL,PASS,Momentum,1.6,21.6
2026-07-03T16:24:44.990255+00:00,BTC/USDT,NO TRADE,PASS,FAIL,PASS,FAIL,Risk,4.0,22.0
2026-07-03T16:24:46.560048+00:00,ETH/USDT,NO TRADE,PASS,FAIL,PASS,FAIL,Risk,3.5,21.5
2026-07-03T16:24:48.143094+00:00,SOL/USDT,NO TRADE,PASS,FAIL,PASS,FAIL,Structure,2.5,20.5
2026-07-03T16:24:49.309734+00:00,BNB/USDT,NO TRADE,PASS,PASS,FAIL,PASS,Momentum,2.4,23.4
2026-07-03T16:24:50.483710+00:00,XRP/USDT,NO TRADE,PASS,FAIL,PASS,FAIL,Risk,5.25,26.25
2026-07-03T16:24:52.478221+00:00,LINK/USDT,NO TRADE,PASS,FAIL,PASS,FAIL,Risk,3.5,21.5
2026-07-03T16:24:53.734195+00:00,ADA/USDT,NO TRADE,PASS,FAIL,PASS,FAIL,Risk,5.25,26.25
2026-07-03T16:24:55.408421+00:00,AVAX/USDT,NO TRADE,PASS,FAIL,PASS,FAIL,Structure,1.5,18.5
2026-07-03T16:24:56.943570+00:00,DOGE/USDT,NO TRADE,PASS,PASS,FAIL,PASS,Momentum,0.8,23.8
2026-07-03T16:25:02.402962+00:00,BTC/USDT,NO TRADE,PASS,FAIL,PASS,FAIL,Risk,4.0,22.0
2026-07-03T16:25:05.516967+00:00,ETH/USDT,NO TRADE,PASS,FAIL,PASS,FAIL,Risk,3.5,21.5
2026-07-03T16:25:08.439308+00:00,SOL/USDT,NO TRADE,PASS,FAIL,PASS,FAIL,Structure,2.5,20.5
2026-07-03T16:25:10.048785+00:00,BNB/USDT,NO TRADE,PASS,PASS,FAIL,PASS,Momentum,2.4,23.4
2026-07-03T16:25:12.307433+00:00,XRP/USDT,NO TRADE,PASS,FAIL,PASS,FAIL,Risk,5.25,26.25
2026-07-03T16:25:13.506207+00:00,LINK/USDT,NO TRADE,PASS,FAIL,PASS,FAIL,Risk,3.5,21.5
2026-07-03T16:25:15.548496+00:00,ADA/USDT,NO TRADE,PASS,FAIL,PASS,FAIL,Risk,5.25,26.25
2026-07-03T16:25:26.305903+00:00,AVAX/USDT,NO TRADE,PASS,FAIL,PASS,FAIL,Structure,3.5,20.5
2026-07-03T16:25:27.810755+00:00,DOGE/USDT,NO TRADE,PASS,PASS,FAIL,PASS,Momentum,0.8,23.8
2026-07-03T16:30:02.185151+00:00,BTC/USDT,NO TRADE,PASS,FAIL,PASS,FAIL,Risk,4.0,22.0
2026-07-03T16:30:03.215301+00:00,ETH/USDT,NO TRADE,PASS,FAIL,PASS,FAIL,Risk,3.5,21.5
2026-07-03T16:30:05.959820+00:00,SOL/USDT,NO TRADE,PASS,FAIL,PASS,FAIL,Structure,2.5,20.5
2026-07-03T16:30:08.168926+00:00,BNB/USDT,NO TRADE,PASS,PASS,FAIL,PASS,Momentum,2.4,23.4
2026-07-03T16:30:10.090443+00:00,XRP/USDT,NO TRADE,PASS,FAIL,PASS,FAIL,Risk,5.25,26.25
2026-07-03T16:30:11.094212+00:00,LINK/USDT,NO TRADE,PASS,FAIL,PASS,FAIL,Risk,3.5,21.5
2026-07-03T16:30:12.389769+00:00,ADA/USDT,NO TRADE,PASS,FAIL,PASS,FAIL,Risk,5.25,26.25
2026-07-03T16:30:13.576651+00:00,AVAX/USDT,NO TRADE,PASS,FAIL,PASS,FAIL,Structure,3.5,20.5
2026-07-03T16:30:16.316869+00:00,DOGE/USDT,NO TRADE,PASS,PASS,FAIL,PASS,Momentum,0.8,23.8
2026-07-03T16:31:02.804826+00:00,BTC/USDT,NO TRADE,PASS,FAIL,PASS,FAIL,Risk,4.0,22.0
2026-07-03T16:31:04.187666+00:00,ETH/USDT,NO TRADE,PASS,FAIL,PASS,FAIL,Risk,3.5,21.5
2026-07-03T16:31:06.136832+00:00,SOL/USDT,NO TRADE,PASS,FAIL,PASS,FAIL,Structure,2.5,20.5
2026-07-03T16:31:07.522261+00:00,BNB/USDT,NO TRADE,PASS,PASS,FAIL,PASS,Momentum,2.4,23.4
2026-07-03T16:31:08.654049+00:00,XRP/USDT,NO TRADE,PASS,FAIL,PASS,FAIL,Risk,5.25,26.25
2026-07-03T16:31:10.339804+00:00,LINK/USDT,NO TRADE,PASS,FAIL,PASS,FAIL,Risk,3.5,21.5
2026-07-03T16:31:12.506696+00:00,ADA/USDT,NO TRADE,PASS,FAIL,PASS,FAIL,Risk,5.25,26.25
2026-07-03T16:31:14.071199+00:00,AVAX/USDT,NO TRADE,PASS,FAIL,PASS,FAIL,Structure,1.5,18.5
2026-07-03T16:31:15.792142+00:00,DOGE/USDT,NO TRADE,PASS,PASS,FAIL,PASS,Momentum,0.8,23.8
2026-07-03T16:35:22.000879+00:00,BTC/USDT,NO TRADE,PASS,FAIL,PASS,FAIL,Risk,4.0,22.0
2026-07-03T16:35:23.688080+00:00,ETH/USDT,NO TRADE,PASS,FAIL,PASS,FAIL,Risk,3.5,21.5
2026-07-03T16:35:25.056780+00:00,SOL/USDT,NO TRADE,PASS,FAIL,PASS,FAIL,Structure,2.5,20.5
2026-07-03T16:35:26.709194+00:00,BNB/USDT,NO TRADE,PASS,PASS,FAIL,PASS,Momentum,2.4,23.4
2026-07-03T16:35:28.839359+00:00,XRP/USDT,NO TRADE,PASS,FAIL,PASS,FAIL,Risk,5.25,26.25
2026-07-03T16:35:30.710441+00:00,LINK/USDT,NO TRADE,PASS,FAIL,PASS,FAIL,Risk,3.5,21.5
2026-07-03T16:35:32.769844+00:00,ADA/USDT,NO TRADE,PASS,FAIL,PASS,FAIL,Risk,5.25,26.25
2026-07-03T16:35:35.167776+00:00,AVAX/USDT,NO TRADE,PASS,FAIL,PASS,PASS,Structure,1.5,22.5
2026-07-03T16:35:38.656648+00:00,DOGE/USDT,NO TRADE,PASS,PASS,FAIL,PASS,Momentum,0.8,23.8
2026-07-03T16:36:34.616861+00:00,BTC/USDT,NO TRADE,PASS,FAIL,PASS,FAIL,Risk,4.0,22.0
2026-07-03T16:36:36.173378+00:00,ETH/USDT,NO TRADE,PASS,FAIL,PASS,FAIL,Risk,3.5,21.5
2026-07-03T16:36:37.508733+00:00,SOL/USDT,NO TRADE,PASS,FAIL,PASS,FAIL,Structure,2.5,20.5
2026-07-03T16:36:40.463164+00:00,BNB/USDT,NO TRADE,PASS,PASS,FAIL,PASS,Momentum,2.4,23.4
2026-07-03T16:36:41.872842+00:00,XRP/USDT,NO TRADE,PASS,FAIL,PASS,FAIL,Risk,5.25,26.25
2026-07-03T16:36:42.795794+00:00,LINK/USDT,NO TRADE,PASS,FAIL,PASS,FAIL,Risk,3.5,21.5
2026-07-03T16:36:45.534541+00:00,ADA/USDT,NO TRADE,PASS,FAIL,PASS,FAIL,Risk,5.25,26.25
2026-07-03T16:36:47.151045+00:00,AVAX/USDT,NO TRADE,PASS,FAIL,PASS,PASS,Structure,1.5,22.5
2026-07-03T16:36:48.627103+00:00,DOGE/USDT,NO TRADE,PASS,PASS,FAIL,PASS,Momentum,0.8,23.8
2026-07-03T16:40:42.423633+00:00,BTC/USDT,NO TRADE,PASS,FAIL,PASS,FAIL,Risk,4.0,22.0
2026-07-03T16:40:44.812734+00:00,ETH/USDT,NO TRADE,PASS,FAIL,PASS,FAIL,Risk,3.5,21.5
2026-07-03T16:40:46.516879+00:00,SOL/USDT,NO TRADE,PASS,FAIL,PASS,FAIL,Structure,2.5,20.5
2026-07-03T16:40:47.664492+00:00,BNB/USDT,NO TRADE,PASS,PASS,FAIL,PASS,Momentum,2.4,23.4
2026-07-03T16:40:48.791952+00:00,XRP/USDT,NO TRADE,PASS,FAIL,PASS,FAIL,Risk,5.25,26.25
2026-07-03T16:40:49.868066+00:00,LINK/USDT,NO TRADE,FAIL,FAIL,FAIL,FAIL,Trend,0.0,0.0
2026-07-03T16:40:51.237019+00:00,ADA/USDT,NO TRADE,PASS,FAIL,PASS,FAIL,Risk,5.25,26.25
2026-07-03T16:40:52.291555+00:00,AVAX/USDT,NO TRADE,PASS,FAIL,PASS,FAIL,Structure,1.5,18.5
2026-07-03T16:40:53.485283+00:00,DOGE/USDT,NO TRADE,PASS,PASS,FAIL,PASS,Momentum,1.6,21.6
2026-07-03T16:42:20.561594+00:00,BTC/USDT,NO TRADE,PASS,FAIL,PASS,FAIL,Risk,4.0,22.0
2026-07-03T16:42:21.925130+00:00,ETH/USDT,NO TRADE,PASS,FAIL,PASS,FAIL,Risk,3.5,21.5
2026-07-03T16:42:25.927465+00:00,SOL/USDT,NO TRADE,PASS,FAIL,PASS,FAIL,Structure,2.5,20.5
2026-07-03T16:42:28.564125+00:00,BNB/USDT,NO TRADE,PASS,PASS,FAIL,PASS,Momentum,2.4,23.4
2026-07-03T16:42:38.143825+00:00,XRP/USDT,NO TRADE,PASS,FAIL,PASS,FAIL,Risk,5.25,26.25
2026-07-03T16:42:40.429977+00:00,LINK/USDT,NO TRADE,FAIL,FAIL,FAIL,FAIL,Trend,0.0,0.0
2026-07-03T16:42:42.795129+00:00,ADA/USDT,NO TRADE,PASS,FAIL,PASS,FAIL,Risk,5.25,26.25
2026-07-03T16:42:44.925885+00:00,AVAX/USDT,NO TRADE,PASS,FAIL,PASS,FAIL,Structure,3.5,20.5
2026-07-03T16:42:46.653345+00:00,DOGE/USDT,NO TRADE,PASS,PASS,FAIL,PASS,Momentum,1.6,21.6
2026-07-03T16:46:00.033018+00:00,BTC/USDT,NO TRADE,PASS,FAIL,PASS,FAIL,Risk,4.0,22.0
2026-07-03T16:46:01.214460+00:00,ETH/USDT,NO TRADE,PASS,FAIL,PASS,FAIL,Risk,3.5,21.5
2026-07-03T16:46:02.867667+00:00,SOL/USDT,NO TRADE,PASS,FAIL,PASS,FAIL,Structure,2.5,20.5
2026-07-03T16:46:04.790605+00:00,BNB/USDT,NO TRADE,PASS,PASS,FAIL,PASS,Momentum,2.4,23.4
2026-07-03T16:46:08.706723+00:00,XRP/USDT,NO TRADE,PASS,FAIL,PASS,FAIL,Risk,5.25,26.25
2026-07-03T16:46:09.978769+00:00,LINK/USDT,NO TRADE,FAIL,FAIL,FAIL,FAIL,Trend,0.0,0.0
2026-07-03T16:46:11.518298+00:00,ADA/USDT,NO TRADE,PASS,FAIL,PASS,FAIL,Risk,5.25,26.25
2026-07-03T16:46:12.710064+00:00,AVAX/USDT,NO TRADE,PASS,FAIL,PASS,FAIL,Structure,1.5,18.5
2026-07-03T16:46:13.822809+00:00,DOGE/USDT,NO TRADE,PASS,PASS,FAIL,PASS,Momentum,1.6,21.6
2026-07-03T16:48:20.339383+00:00,BTC/USDT,NO TRADE,PASS,FAIL,PASS,FAIL,Risk,4.0,22.0
2026-07-03T16:48:22.062918+00:00,ETH/USDT,NO TRADE,PASS,FAIL,PASS,FAIL,Risk,3.5,21.5
2026-07-03T16:48:24.092476+00:00,SOL/USDT,NO TRADE,PASS,FAIL,PASS,FAIL,Structure,2.5,20.5
2026-07-03T16:48:25.791526+00:00,BNB/USDT,NO TRADE,PASS,PASS,FAIL,PASS,Momentum,2.4,23.4
2026-07-03T16:48:27.417688+00:00,XRP/USDT,NO TRADE,PASS,FAIL,PASS,FAIL,Risk,5.25,26.25
2026-07-03T16:48:28.928952+00:00,LINK/USDT,NO TRADE,FAIL,FAIL,FAIL,FAIL,Trend,0.0,0.0
2026-07-03T16:48:31.424425+00:00,ADA/USDT,NO TRADE,PASS,FAIL,PASS,FAIL,Risk,5.25,26.25
2026-07-03T16:48:33.897538+00:00,AVAX/USDT,NO TRADE,PASS,FAIL,PASS,PASS,Structure,1.5,22.5
2026-07-03T16:48:35.860888+00:00,DOGE/USDT,NO TRADE,PASS,PASS,FAIL,PASS,Momentum,1.6,21.6
2026-07-03T16:51:18.719848+00:00,BTC/USDT,NO TRADE,PASS,FAIL,PASS,FAIL,Risk,4.0,22.0
2026-07-03T16:51:19.836135+00:00,ETH/USDT,NO TRADE,PASS,FAIL,PASS,FAIL,Risk,3.5,21.5
2026-07-03T16:51:21.304240+00:00,SOL/USDT,NO TRADE,PASS,FAIL,PASS,FAIL,Structure,2.5,20.5
2026-07-03T16:51:23.800019+00:00,BNB/USDT,NO TRADE,PASS,PASS,FAIL,PASS,Momentum,2.4,23.4
2026-07-03T16:51:24.709220+00:00,XRP/USDT,NO TRADE,PASS,FAIL,PASS,FAIL,Risk,3.5,24.5
2026-07-03T16:51:26.180204+00:00,LINK/USDT,NO TRADE,FAIL,FAIL,FAIL,FAIL,Trend,0.0,0.0
2026-07-03T16:51:27.378864+00:00,ADA/USDT,NO TRADE,PASS,FAIL,PASS,FAIL,Risk,5.25,26.25
2026-07-03T16:51:28.685659+00:00,AVAX/USDT,NO TRADE,PASS,FAIL,PASS,FAIL,Structure,3.5,20.5
2026-07-03T16:51:30.191475+00:00,DOGE/USDT,NO TRADE,PASS,PASS,FAIL,PASS,Momentum,1.6,21.6
2026-07-03T16:54:10.399294+00:00,BTC/USDT,NO TRADE,PASS,FAIL,PASS,FAIL,Risk,4.0,22.0
2026-07-03T16:54:13.503598+00:00,ETH/USDT,NO TRADE,PASS,FAIL,PASS,FAIL,Risk,3.5,21.5
2026-07-03T16:54:15.013329+00:00,SOL/USDT,NO TRADE,FAIL,FAIL,FAIL,FAIL,Trend,0.0,0.0
2026-07-03T16:54:17.608349+00:00,BNB/USDT,NO TRADE,PASS,PASS,FAIL,PASS,Momentum,2.4,23.4
2026-07-03T16:54:19.028925+00:00,XRP/USDT,NO TRADE,PASS,FAIL,PASS,FAIL,Risk,5.25,26.25
2026-07-03T16:54:20.719708+00:00,LINK/USDT,NO TRADE,FAIL,FAIL,FAIL,FAIL,Trend,0.0,0.0
2026-07-03T16:54:22.639153+00:00,ADA/USDT,NO TRADE,PASS,FAIL,PASS,FAIL,Risk,5.25,26.25
2026-07-03T16:54:24.580517+00:00,AVAX/USDT,NO TRADE,PASS,FAIL,PASS,FAIL,Structure,3.5,20.5
2026-07-03T16:54:25.674764+00:00,DOGE/USDT,NO TRADE,PASS,PASS,FAIL,PASS,Momentum,1.6,21.6
2026-07-03T16:56:35.501119+00:00,BTC/USDT,NO TRADE,PASS,FAIL,PASS,FAIL,Risk,4.0,22.0
2026-07-03T16:56:36.893520+00:00,ETH/USDT,NO TRADE,PASS,FAIL,PASS,FAIL,Risk,3.5,21.5
2026-07-03T16:56:38.864913+00:00,SOL/USDT,NO TRADE,FAIL,FAIL,FAIL,FAIL,Trend,0.0,0.0
2026-07-03T16:56:40.243185+00:00,BNB/USDT,NO TRADE,PASS,PASS,FAIL,PASS,Momentum,2.4,23.4
2026-07-03T16:56:41.717904+00:00,XRP/USDT,NO TRADE,PASS,FAIL,PASS,FAIL,Risk,5.25,26.25
2026-07-03T16:56:43.653358+00:00,LINK/USDT,NO TRADE,FAIL,FAIL,FAIL,FAIL,Trend,0.0,0.0
2026-07-03T16:56:44.983264+00:00,ADA/USDT,NO TRADE,PASS,FAIL,PASS,FAIL,Risk,5.25,26.25
2026-07-03T16:56:46.430374+00:00,AVAX/USDT,NO TRADE,PASS,FAIL,PASS,FAIL,Structure,3.5,20.5
2026-07-03T16:56:47.471496+00:00,DOGE/USDT,NO TRADE,PASS,PASS,FAIL,PASS,Momentum,1.6,21.6
2026-07-03T17:00:01.262295+00:00,BTC/USDT,NO TRADE,PASS,FAIL,PASS,FAIL,Risk,4.0,22.0
2026-07-03T17:00:03.279050+00:00,ETH/USDT,NO TRADE,PASS,FAIL,PASS,FAIL,Risk,3.5,21.5
2026-07-03T17:00:04.323710+00:00,SOL/USDT,NO TRADE,FAIL,FAIL,FAIL,FAIL,Trend,0.0,0.0
2026-07-03T17:00:08.244629+00:00,BNB/USDT,NO TRADE,PASS,PASS,FAIL,PASS,Momentum,2.4,23.4
2026-07-03T17:00:09.385818+00:00,XRP/USDT,NO TRADE,PASS,FAIL,PASS,FAIL,Risk,5.25,26.25
2026-07-03T17:00:11.384589+00:00,LINK/USDT,NO TRADE,FAIL,FAIL,FAIL,FAIL,Trend,0.0,0.0
2026-07-03T17:00:13.150131+00:00,ADA/USDT,NO TRADE,PASS,FAIL,PASS,FAIL,Risk,5.25,26.25
2026-07-03T17:00:17.262236+00:00,AVAX/USDT,NO TRADE,PASS,FAIL,PASS,FAIL,Structure,3.5,20.5
2026-07-03T17:00:26.219873+00:00,DOGE/USDT,NO TRADE,PASS,PASS,FAIL,PASS,Momentum,1.6,21.6
2026-07-03T17:01:51.722866+00:00,BTC/USDT,NO TRADE,PASS,FAIL,PASS,FAIL,Risk,3.5,21.5
2026-07-03T17:01:52.703024+00:00,ETH/USDT,NO TRADE,PASS,FAIL,PASS,FAIL,Risk,3.5,21.5
2026-07-03T17:01:54.340023+00:00,SOL/USDT,NO TRADE,FAIL,FAIL,FAIL,FAIL,Trend,0.0,0.0
2026-07-03T17:01:55.407638+00:00,BNB/USDT,NO TRADE,PASS,PASS,FAIL,PASS,Momentum,2.4,23.4
2026-07-03T17:01:56.893792+00:00,XRP/USDT,NO TRADE,PASS,FAIL,PASS,FAIL,Risk,5.25,26.25
2026-07-03T17:01:57.965737+00:00,LINK/USDT,NO TRADE,FAIL,FAIL,FAIL,FAIL,Trend,0.0,0.0
2026-07-03T17:01:59.277112+00:00,ADA/USDT,NO TRADE,PASS,FAIL,PASS,FAIL,Risk,5.25,26.25
2026-07-03T17:02:00.676853+00:00,AVAX/USDT,NO TRADE,PASS,FAIL,PASS,FAIL,Structure,3.5,20.5
2026-07-03T17:02:01.781623+00:00,DOGE/USDT,NO TRADE,PASS,PASS,FAIL,PASS,Momentum,1.6,21.6
2026-07-03T17:06:02.593584+00:00,BTC/USDT,NO TRADE,PASS,FAIL,PASS,FAIL,Risk,5.25,26.25
2026-07-03T17:06:04.367507+00:00,ETH/USDT,NO TRADE,PASS,FAIL,PASS,FAIL,Risk,3.5,21.5
2026-07-03T17:06:05.911477+00:00,SOL/USDT,NO TRADE,FAIL,FAIL,FAIL,FAIL,Trend,0.0,0.0
2026-07-03T17:06:06.948492+00:00,BNB/USDT,NO TRADE,PASS,PASS,FAIL,PASS,Momentum,1.6,23.6
2026-07-03T17:06:10.104970+00:00,XRP/USDT,NO TRADE,PASS,FAIL,PASS,FAIL,Risk,5.25,26.25
2026-07-03T17:06:13.555058+00:00,LINK/USDT,NO TRADE,FAIL,FAIL,FAIL,FAIL,Trend,0.0,0.0
2026-07-03T17:06:16.311444+00:00,ADA/USDT,NO TRADE,PASS,FAIL,PASS,FAIL,Risk,5.25,26.25
2026-07-03T17:06:17.365301+00:00,AVAX/USDT,NO TRADE,PASS,FAIL,PASS,FAIL,Structure,3.0,21.0
2026-07-03T17:06:19.320312+00:00,DOGE/USDT,NO TRADE,PASS,PASS,FAIL,PASS,Momentum,0.8,21.8
2026-07-03T17:07:06.629651+00:00,BTC/USDT,NO TRADE,PASS,FAIL,PASS,FAIL,Risk,5.25,26.25
2026-07-03T17:07:10.533643+00:00,ETH/USDT,NO TRADE,PASS,FAIL,PASS,FAIL,Risk,3.5,21.5
2026-07-03T17:07:11.909526+00:00,SOL/USDT,NO TRADE,FAIL,FAIL,FAIL,FAIL,Trend,0.0,0.0
2026-07-03T17:07:13.231454+00:00,BNB/USDT,NO TRADE,PASS,PASS,FAIL,PASS,Momentum,1.6,23.6
2026-07-03T17:07:15.880079+00:00,XRP/USDT,NO TRADE,PASS,FAIL,PASS,FAIL,Risk,5.25,26.25
2026-07-03T17:07:17.296576+00:00,LINK/USDT,NO TRADE,FAIL,FAIL,FAIL,FAIL,Trend,0.0,0.0
2026-07-03T17:07:18.702871+00:00,ADA/USDT,NO TRADE,PASS,FAIL,PASS,FAIL,Risk,5.25,26.25
2026-07-03T17:07:20.624385+00:00,AVAX/USDT,NO TRADE,PASS,FAIL,PASS,FAIL,Structure,3.0,21.0
2026-07-03T17:07:22.870272+00:00,DOGE/USDT,NO TRADE,PASS,PASS,FAIL,PASS,Momentum,0.8,23.8
2026-07-03T17:11:56.033382+00:00,BTC/USDT,NO TRADE,PASS,FAIL,PASS,FAIL,Risk,5.25,26.25
2026-07-03T17:11:57.812513+00:00,ETH/USDT,NO TRADE,PASS,FAIL,PASS,FAIL,Risk,3.5,21.5
2026-07-03T17:12:00.125628+00:00,SOL/USDT,NO TRADE,FAIL,FAIL,FAIL,FAIL,Trend,0.0,0.0
2026-07-03T17:12:01.805415+00:00,BNB/USDT,NO TRADE,PASS,PASS,FAIL,PASS,Momentum,1.6,23.6
2026-07-03T17:12:05.126433+00:00,XRP/USDT,NO TRADE,PASS,FAIL,PASS,FAIL,Risk,5.25,26.25
2026-07-03T17:12:06.940968+00:00,LINK/USDT,NO TRADE,FAIL,FAIL,FAIL,FAIL,Trend,0.0,0.0
2026-07-03T17:12:08.397609+00:00,ADA/USDT,NO TRADE,PASS,FAIL,PASS,FAIL,Risk,5.25,26.25
2026-07-03T17:12:12.151125+00:00,AVAX/USDT,NO TRADE,PASS,FAIL,PASS,FAIL,Structure,3.0,21.0
2026-07-03T17:12:13.749384+00:00,DOGE/USDT,NO TRADE,PASS,PASS,FAIL,PASS,Momentum,1.6,21.6
2026-07-03T17:12:27.158643+00:00,BTC/USDT,NO TRADE,PASS,FAIL,PASS,FAIL,Risk,5.25,26.25
2026-07-03T17:12:28.326757+00:00,ETH/USDT,NO TRADE,PASS,FAIL,PASS,FAIL,Risk,3.5,21.5
2026-07-03T17:12:29.644494+00:00,SOL/USDT,NO TRADE,FAIL,FAIL,FAIL,FAIL,Trend,0.0,0.0
2026-07-03T17:12:30.806915+00:00,BNB/USDT,NO TRADE,PASS,PASS,FAIL,PASS,Momentum,1.6,23.6
2026-07-03T17:12:31.900598+00:00,XRP/USDT,NO TRADE,PASS,FAIL,PASS,FAIL,Risk,5.25,26.25
2026-07-03T17:12:33.500379+00:00,LINK/USDT,NO TRADE,FAIL,FAIL,FAIL,FAIL,Trend,0.0,0.0
2026-07-03T17:12:35.120515+00:00,ADA/USDT,NO TRADE,PASS,FAIL,PASS,FAIL,Risk,5.25,26.25
2026-07-03T17:12:36.539160+00:00,AVAX/USDT,NO TRADE,PASS,FAIL,PASS,FAIL,Structure,3.0,21.0
2026-07-03T17:12:37.529062+00:00,DOGE/USDT,NO TRADE,PASS,PASS,FAIL,PASS,Momentum,1.6,21.6
2026-07-03T17:17:42.675284+00:00,BTC/USDT,NO TRADE,PASS,FAIL,PASS,FAIL,Risk,5.25,26.25
2026-07-03T17:17:45.391639+00:00,ETH/USDT,NO TRADE,PASS,FAIL,PASS,FAIL,Risk,3.5,21.5
2026-07-03T17:17:47.257204+00:00,BTC/USDT,NO TRADE,PASS,FAIL,PASS,FAIL,Risk,5.25,26.25
2026-07-03T17:17:48.469208+00:00,ETH/USDT,NO TRADE,PASS,FAIL,PASS,FAIL,Risk,3.5,21.5
2026-07-03T17:17:48.662537+00:00,SOL/USDT,NO TRADE,FAIL,FAIL,FAIL,FAIL,Trend,0.0,0.0
2026-07-03T17:17:49.822550+00:00,SOL/USDT,NO TRADE,FAIL,FAIL,FAIL,FAIL,Trend,0.0,0.0
2026-07-03T17:17:50.199492+00:00,BNB/USDT,NO TRADE,PASS,PASS,FAIL,PASS,Momentum,1.6,23.6
2026-07-03T17:17:51.553451+00:00,XRP/USDT,NO TRADE,PASS,FAIL,PASS,FAIL,Risk,5.25,26.25
2026-07-03T17:17:52.492230+00:00,BNB/USDT,NO TRADE,PASS,PASS,FAIL,PASS,Momentum,1.6,23.6
2026-07-03T17:17:53.683950+00:00,LINK/USDT,NO TRADE,FAIL,FAIL,FAIL,FAIL,Trend,0.0,0.0
2026-07-03T17:17:54.008234+00:00,XRP/USDT,NO TRADE,PASS,FAIL,PASS,FAIL,Risk,5.25,26.25
2026-07-03T17:17:55.408652+00:00,ADA/USDT,NO TRADE,PASS,FAIL,PASS,FAIL,Risk,5.25,26.25
2026-07-03T17:17:55.483303+00:00,LINK/USDT,NO TRADE,FAIL,FAIL,FAIL,FAIL,Trend,0.0,0.0
2026-07-03T17:17:57.554211+00:00,ADA/USDT,NO TRADE,PASS,FAIL,PASS,FAIL,Risk,5.25,26.25
2026-07-03T17:17:59.823015+00:00,AVAX/USDT,NO TRADE,PASS,FAIL,PASS,FAIL,Structure,3.0,21.0
2026-07-03T17:18:01.435488+00:00,DOGE/USDT,NO TRADE,PASS,PASS,FAIL,PASS,Momentum,1.6,21.6
2026-07-03T17:18:05.505901+00:00,AVAX/USDT,NO TRADE,PASS,FAIL,PASS,FAIL,Structure,3.0,21.0
2026-07-03T17:18:07.333930+00:00,DOGE/USDT,NO TRADE,PASS,PASS,FAIL,PASS,Momentum,1.6,21.6
2026-07-03T17:23:12.451417+00:00,BTC/USDT,NO TRADE,PASS,FAIL,PASS,FAIL,Risk,5.25,26.25
2026-07-03T17:23:13.421015+00:00,ETH/USDT,NO TRADE,FAIL,FAIL,FAIL,FAIL,Trend,0.0,0.0
2026-07-03T17:23:14.818884+00:00,SOL/USDT,NO TRADE,FAIL,PASS,PASS,PASS,Trend,4.8,26.8
2026-07-03T17:23:16.298328+00:00,BNB/USDT,NO TRADE,PASS,PASS,FAIL,PASS,Momentum,1.6,23.6
2026-07-03T17:23:17.234745+00:00,XRP/USDT,NO TRADE,PASS,FAIL,PASS,FAIL,Risk,5.25,26.25
2026-07-03T17:23:19.373788+00:00,LINK/USDT,NO TRADE,FAIL,PASS,PASS,PASS,Trend,4.8,23.8
2026-07-03T17:23:20.795494+00:00,ADA/USDT,NO TRADE,PASS,FAIL,PASS,FAIL,Risk,5.25,26.25
2026-07-03T17:23:22.498293+00:00,AVAX/USDT,NO TRADE,FAIL,FAIL,FAIL,FAIL,Trend,0.0,0.0
2026-07-03T17:23:23.950246+00:00,DOGE/USDT,NO TRADE,PASS,PASS,FAIL,PASS,Momentum,0.8,23.8
2026-07-03T17:23:41.197108+00:00,BTC/USDT,NO TRADE,PASS,FAIL,PASS,FAIL,Risk,5.25,26.25
2026-07-03T17:23:43.230242+00:00,ETH/USDT,NO TRADE,PASS,FAIL,PASS,FAIL,Risk,3.5,21.5
2026-07-03T17:23:44.563533+00:00,SOL/USDT,NO TRADE,FAIL,PASS,PASS,PASS,Trend,4.8,26.8
2026-07-03T17:23:46.930634+00:00,BNB/USDT,NO TRADE,PASS,PASS,FAIL,PASS,Momentum,1.6,23.6
2026-07-03T17:23:51.497385+00:00,XRP/USDT,NO TRADE,PASS,FAIL,PASS,FAIL,Risk,5.25,26.25
2026-07-03T17:23:54.856588+00:00,LINK/USDT,NO TRADE,FAIL,PASS,PASS,PASS,Trend,4.8,23.8
2026-07-03T17:23:57.075341+00:00,ADA/USDT,NO TRADE,PASS,FAIL,PASS,FAIL,Risk,5.25,26.25
2026-07-03T17:24:04.729135+00:00,AVAX/USDT,NO TRADE,FAIL,FAIL,FAIL,FAIL,Trend,0.0,0.0
2026-07-03T17:24:05.849820+00:00,DOGE/USDT,NO TRADE,PASS,PASS,FAIL,PASS,Momentum,0.8,23.8
2026-07-03T17:28:29.095602+00:00,BTC/USDT,NO TRADE,FAIL,FAIL,FAIL,FAIL,Trend,0.0,0.0
2026-07-03T17:28:30.446001+00:00,ETH/USDT,NO TRADE,PASS,FAIL,PASS,FAIL,Risk,3.5,21.5
2026-07-03T17:28:31.971066+00:00,SOL/USDT,NO TRADE,FAIL,PASS,PASS,PASS,Trend,4.8,26.8
2026-07-03T17:28:32.915510+00:00,BNB/USDT,NO TRADE,PASS,PASS,FAIL,PASS,Momentum,2.4,23.4
2026-07-03T17:28:34.118687+00:00,XRP/USDT,NO TRADE,PASS,FAIL,PASS,FAIL,Risk,5.25,26.25
2026-07-03T17:28:36.254220+00:00,LINK/USDT,NO TRADE,FAIL,PASS,PASS,PASS,Trend,4.8,23.8
2026-07-03T17:28:38.275104+00:00,ADA/USDT,NO TRADE,PASS,FAIL,PASS,FAIL,Risk,5.25,26.25
2026-07-03T17:28:39.707021+00:00,AVAX/USDT,NO TRADE,PASS,FAIL,PASS,FAIL,Structure,3.0,21.0
2026-07-03T17:28:41.084470+00:00,DOGE/USDT,NO TRADE,PASS,PASS,FAIL,PASS,Momentum,0.8,23.8
2026-07-03T17:29:40.839245+00:00,BTC/USDT,NO TRADE,PASS,FAIL,PASS,FAIL,Risk,5.25,26.25
2026-07-03T17:29:41.807016+00:00,ETH/USDT,NO TRADE,PASS,FAIL,PASS,FAIL,Risk,3.5,21.5
2026-07-03T17:29:42.971793+00:00,SOL/USDT,NO TRADE,FAIL,PASS,PASS,PASS,Trend,4.8,26.8
2026-07-03T17:29:44.406953+00:00,BNB/USDT,NO TRADE,PASS,PASS,FAIL,PASS,Momentum,2.4,23.4
2026-07-03T17:29:46.414141+00:00,XRP/USDT,NO TRADE,PASS,FAIL,PASS,FAIL,Risk,5.25,26.25
2026-07-03T17:29:48.837431+00:00,LINK/USDT,NO TRADE,FAIL,PASS,PASS,PASS,Trend,4.8,23.8
2026-07-03T17:29:49.846587+00:00,ADA/USDT,NO TRADE,PASS,FAIL,PASS,FAIL,Risk,5.25,26.25
2026-07-03T17:29:50.905699+00:00,AVAX/USDT,NO TRADE,PASS,FAIL,PASS,FAIL,Structure,3.0,21.0
2026-07-03T17:29:51.804676+00:00,DOGE/USDT,NO TRADE,PASS,PASS,FAIL,PASS,Momentum,0.8,23.8
2026-07-03T17:33:52.085687+00:00,BTC/USDT,NO TRADE,FAIL,FAIL,FAIL,FAIL,Trend,0.0,0.0
2026-07-03T17:33:56.808430+00:00,ETH/USDT,NO TRADE,PASS,FAIL,PASS,FAIL,Risk,3.5,21.5
2026-07-03T17:34:01.083206+00:00,SOL/USDT,NO TRADE,FAIL,PASS,FAIL,PASS,Trend,5.2,26.2
2026-07-03T17:34:05.946325+00:00,BNB/USDT,NO TRADE,PASS,PASS,FAIL,PASS,Momentum,2.4,23.4
2026-07-03T17:34:09.000828+00:00,XRP/USDT,NO TRADE,PASS,FAIL,PASS,FAIL,Risk,5.25,26.25
2026-07-03T17:34:10.689976+00:00,LINK/USDT,NO TRADE,FAIL,FAIL,FAIL,FAIL,Trend,0.0,0.0
2026-07-03T17:34:13.687381+00:00,ADA/USDT,NO TRADE,PASS,FAIL,PASS,FAIL,Risk,5.25,26.25
2026-07-03T17:34:18.801232+00:00,AVAX/USDT,NO TRADE,PASS,FAIL,PASS,FAIL,Structure,3.0,21.0
2026-07-03T17:34:23.274394+00:00,DOGE/USDT,NO TRADE,PASS,PASS,FAIL,PASS,Momentum,0.8,23.8
2026-07-03T17:35:26.837797+00:00,BTC/USDT,NO TRADE,PASS,FAIL,PASS,FAIL,Risk,5.25,26.25
2026-07-03T17:35:28.159166+00:00,ETH/USDT,NO TRADE,FAIL,FAIL,FAIL,FAIL,Trend,0.0,0.0
2026-07-03T17:35:31.112694+00:00,SOL/USDT,NO TRADE,FAIL,PASS,PASS,PASS,Trend,4.8,26.8
2026-07-03T17:35:34.220337+00:00,BNB/USDT,NO TRADE,PASS,PASS,FAIL,PASS,Momentum,1.6,23.6
2026-07-03T17:35:36.585549+00:00,XRP/USDT,NO TRADE,PASS,FAIL,PASS,FAIL,Risk,5.25,26.25
2026-07-03T17:35:39.561216+00:00,LINK/USDT,NO TRADE,FAIL,PASS,PASS,PASS,Trend,4.8,23.8
2026-07-03T17:35:42.955510+00:00,ADA/USDT,NO TRADE,PASS,FAIL,PASS,FAIL,Risk,5.25,26.25
2026-07-03T17:35:44.891746+00:00,AVAX/USDT,NO TRADE,FAIL,FAIL,FAIL,FAIL,Trend,0.0,0.0
2026-07-03T17:35:47.459858+00:00,DOGE/USDT,NO TRADE,PASS,PASS,FAIL,PASS,Momentum,0.8,23.8
2026-07-03T17:39:32.143458+00:00,BTC/USDT,NO TRADE,PASS,FAIL,PASS,FAIL,Risk,5.25,26.25
2026-07-03T17:39:34.718889+00:00,ETH/USDT,NO TRADE,FAIL,FAIL,FAIL,FAIL,Trend,0.0,0.0
2026-07-03T17:39:36.012133+00:00,SOL/USDT,NO TRADE,FAIL,FAIL,FAIL,FAIL,Trend,0.0,0.0
2026-07-03T17:39:39.022687+00:00,BNB/USDT,NO TRADE,PASS,PASS,FAIL,PASS,Momentum,1.6,23.6
2026-07-03T17:39:40.403876+00:00,XRP/USDT,NO TRADE,PASS,FAIL,PASS,FAIL,Risk,5.25,26.25
2026-07-03T17:39:43.223252+00:00,LINK/USDT,NO TRADE,FAIL,PASS,PASS,PASS,Trend,4.8,23.8
2026-07-03T17:39:44.780538+00:00,ADA/USDT,NO TRADE,PASS,FAIL,PASS,FAIL,Risk,5.25,26.25
2026-07-03T17:39:48.372402+00:00,AVAX/USDT,NO TRADE,FAIL,FAIL,FAIL,FAIL,Trend,0.0,0.0
2026-07-03T17:39:50.095530+00:00,DOGE/USDT,NO TRADE,PASS,PASS,FAIL,PASS,Momentum,0.8,23.8
2026-07-03T17:41:23.985736+00:00,BTC/USDT,NO TRADE,PASS,FAIL,PASS,FAIL,Risk,5.25,26.25
2026-07-03T17:41:27.518730+00:00,ETH/USDT,NO TRADE,FAIL,FAIL,FAIL,FAIL,Trend,0.0,0.0
2026-07-03T17:41:29.071088+00:00,SOL/USDT,NO TRADE,FAIL,FAIL,FAIL,FAIL,Trend,0.0,0.0
2026-07-03T17:41:31.231831+00:00,BNB/USDT,NO TRADE,PASS,PASS,FAIL,PASS,Momentum,1.6,23.6
2026-07-03T17:41:32.780817+00:00,XRP/USDT,NO TRADE,PASS,FAIL,PASS,FAIL,Risk,5.25,26.25
2026-07-03T17:41:34.632359+00:00,LINK/USDT,NO TRADE,FAIL,PASS,PASS,PASS,Trend,4.8,23.8
2026-07-03T17:41:35.669408+00:00,ADA/USDT,NO TRADE,PASS,FAIL,PASS,FAIL,Risk,5.25,26.25
2026-07-03T17:41:37.257017+00:00,AVAX/USDT,NO TRADE,PASS,FAIL,PASS,FAIL,Structure,3.0,21.0
2026-07-03T17:41:38.441341+00:00,DOGE/USDT,NO TRADE,PASS,PASS,FAIL,PASS,Momentum,0.8,23.8
2026-07-03T17:44:57.376733+00:00,BTC/USDT,NO TRADE,PASS,FAIL,PASS,FAIL,Risk,5.25,26.25
2026-07-03T17:45:00.127070+00:00,ETH/USDT,NO TRADE,FAIL,FAIL,FAIL,FAIL,Trend,0.0,0.0
2026-07-03T17:45:03.696491+00:00,SOL/USDT,NO TRADE,FAIL,FAIL,FAIL,FAIL,Trend,0.0,0.0
2026-07-03T17:45:07.450112+00:00,BNB/USDT,NO TRADE,PASS,PASS,FAIL,PASS,Momentum,1.6,23.6
2026-07-03T17:45:11.501953+00:00,XRP/USDT,NO TRADE,PASS,FAIL,PASS,FAIL,Risk,5.25,26.25
2026-07-03T17:45:12.808252+00:00,LINK/USDT,NO TRADE,FAIL,PASS,PASS,PASS,Trend,4.8,23.8
2026-07-03T17:45:15.236641+00:00,ADA/USDT,NO TRADE,PASS,FAIL,PASS,FAIL,Risk,5.25,26.25
2026-07-03T17:45:20.718652+00:00,AVAX/USDT,NO TRADE,PASS,FAIL,PASS,FAIL,Structure,3.0,21.0
2026-07-03T17:45:23.284109+00:00,DOGE/USDT,NO TRADE,PASS,PASS,FAIL,PASS,Momentum,0.8,23.8
2026-07-03T17:47:14.706981+00:00,BTC/USDT,NO TRADE,PASS,FAIL,PASS,FAIL,Risk,5.25,26.25
2026-07-03T17:47:16.225362+00:00,ETH/USDT,NO TRADE,FAIL,FAIL,FAIL,FAIL,Trend,0.0,0.0
2026-07-03T17:47:17.720422+00:00,SOL/USDT,NO TRADE,FAIL,PASS,FAIL,PASS,Trend,5.2,26.2
2026-07-03T17:47:19.762267+00:00,BNB/USDT,NO TRADE,PASS,PASS,FAIL,PASS,Momentum,1.6,23.6
2026-07-03T17:47:21.768287+00:00,XRP/USDT,NO TRADE,PASS,FAIL,PASS,FAIL,Risk,5.25,26.25
2026-07-03T17:47:23.161358+00:00,LINK/USDT,NO TRADE,FAIL,PASS,PASS,PASS,Trend,4.8,23.8
2026-07-03T17:47:25.694417+00:00,ADA/USDT,NO TRADE,PASS,FAIL,PASS,FAIL,Risk,5.25,26.25
2026-07-03T17:47:28.526773+00:00,AVAX/USDT,NO TRADE,PASS,FAIL,PASS,FAIL,Structure,3.0,21.0
2026-07-03T17:47:30.441460+00:00,DOGE/USDT,NO TRADE,PASS,PASS,FAIL,PASS,Momentum,0.8,23.8
2026-07-03T17:50:27.837635+00:00,BTC/USDT,NO TRADE,PASS,FAIL,PASS,FAIL,Risk,5.25,26.25
2026-07-03T17:50:29.040685+00:00,ETH/USDT,NO TRADE,FAIL,FAIL,FAIL,FAIL,Trend,0.0,0.0
2026-07-03T17:50:30.891672+00:00,SOL/USDT,NO TRADE,FAIL,FAIL,FAIL,FAIL,Trend,0.0,0.0
2026-07-03T17:50:34.531680+00:00,BNB/USDT,NO TRADE,PASS,PASS,FAIL,PASS,Momentum,1.6,23.6
2026-07-03T17:50:35.928938+00:00,XRP/USDT,NO TRADE,PASS,FAIL,PASS,FAIL,Risk,5.25,26.25
2026-07-03T17:50:37.576681+00:00,LINK/USDT,NO TRADE,FAIL,FAIL,FAIL,FAIL,Trend,0.0,0.0
2026-07-03T17:50:39.366273+00:00,ADA/USDT,NO TRADE,PASS,FAIL,PASS,FAIL,Risk,5.25,26.25
2026-07-03T17:50:40.951251+00:00,AVAX/USDT,NO TRADE,PASS,FAIL,PASS,FAIL,Structure,3.0,21.0
2026-07-03T17:50:42.051897+00:00,DOGE/USDT,NO TRADE,PASS,PASS,FAIL,PASS,Momentum,0.8,23.8
2026-07-03T17:52:56.551904+00:00,BTC/USDT,NO TRADE,PASS,FAIL,PASS,FAIL,Risk,5.25,26.25
2026-07-03T17:52:58.157008+00:00,ETH/USDT,NO TRADE,FAIL,FAIL,FAIL,FAIL,Trend,0.0,0.0
2026-07-03T17:53:24.713623+00:00,SOL/USDT,NO TRADE,FAIL,PASS,FAIL,PASS,Trend,5.2,26.2
2026-07-03T17:56:03.019894+00:00,BNB/USDT,NO TRADE,PASS,PASS,FAIL,PASS,Momentum,1.6,23.6
2026-07-03T17:56:05.044159+00:00,XRP/USDT,NO TRADE,PASS,FAIL,PASS,FAIL,Risk,5.25,26.25
2026-07-03T17:56:07.112081+00:00,LINK/USDT,NO TRADE,FAIL,PASS,PASS,PASS,Trend,4.8,23.8
2026-07-03T17:56:08.782626+00:00,ADA/USDT,NO TRADE,PASS,FAIL,PASS,FAIL,Risk,5.25,26.25
2026-07-03T17:56:10.332967+00:00,AVAX/USDT,NO TRADE,PASS,FAIL,PASS,FAIL,Structure,3.0,21.0
2026-07-03T17:56:11.787142+00:00,DOGE/USDT,NO TRADE,PASS,PASS,FAIL,PASS,Momentum,0.8,23.8
2026-07-03T17:56:25.376591+00:00,BTC/USDT,NO TRADE,PASS,FAIL,PASS,FAIL,Risk,5.25,26.25
2026-07-03T17:56:28.426454+00:00,ETH/USDT,NO TRADE,FAIL,FAIL,FAIL,FAIL,Trend,0.0,0.0
2026-07-03T17:56:30.742088+00:00,SOL/USDT,NO TRADE,FAIL,PASS,PASS,PASS,Trend,4.8,26.8
2026-07-03T17:56:33.085358+00:00,BNB/USDT,NO TRADE,PASS,PASS,FAIL,PASS,Momentum,1.6,23.6
2026-07-03T17:56:35.855173+00:00,XRP/USDT,NO TRADE,PASS,FAIL,PASS,FAIL,Risk,5.25,26.25
2026-07-03T17:56:38.100362+00:00,LINK/USDT,NO TRADE,FAIL,PASS,PASS,PASS,Trend,4.8,23.8
2026-07-03T17:56:40.634638+00:00,ADA/USDT,NO TRADE,PASS,FAIL,PASS,FAIL,Risk,5.25,26.25
2026-07-03T17:56:43.022513+00:00,AVAX/USDT,NO TRADE,FAIL,FAIL,FAIL,FAIL,Trend,0.0,0.0
2026-07-03T17:56:45.525804+00:00,DOGE/USDT,NO TRADE,PASS,PASS,FAIL,PASS,Momentum,0.8,23.8
2026-07-03T18:01:39.460995+00:00,BTC/USDT,NO TRADE,FAIL,FAIL,FAIL,FAIL,Trend,0.0,0.0
2026-07-03T18:01:41.523901+00:00,ETH/USDT,NO TRADE,PASS,FAIL,PASS,FAIL,Risk,3.5,21.5
2026-07-03T18:01:42.525504+00:00,SOL/USDT,NO TRADE,FAIL,PASS,FAIL,PASS,Trend,5.2,26.2
2026-07-03T18:01:43.575561+00:00,BNB/USDT,NO TRADE,PASS,PASS,FAIL,PASS,Momentum,1.6,23.6
2026-07-03T18:01:44.769510+00:00,XRP/USDT,NO TRADE,PASS,FAIL,PASS,FAIL,Risk,5.25,26.25
2026-07-03T18:01:46.107978+00:00,LINK/USDT,NO TRADE,FAIL,PASS,PASS,PASS,Trend,4.8,23.8
2026-07-03T18:01:47.356226+00:00,ADA/USDT,NO TRADE,PASS,FAIL,PASS,FAIL,Risk,5.25,26.25
2026-07-03T18:01:48.726446+00:00,AVAX/USDT,NO TRADE,PASS,FAIL,PASS,FAIL,Structure,3.0,21.0
2026-07-03T18:01:49.095695+00:00,BTC/USDT,NO TRADE,FAIL,FAIL,FAIL,FAIL,Trend,0.0,0.0
2026-07-03T18:01:49.847768+00:00,DOGE/USDT,NO TRADE,PASS,PASS,FAIL,PASS,Momentum,0.8,23.8
2026-07-03T18:01:50.379549+00:00,ETH/USDT,NO TRADE,PASS,FAIL,PASS,FAIL,Risk,3.5,21.5
2026-07-03T18:01:54.237024+00:00,SOL/USDT,NO TRADE,FAIL,PASS,FAIL,PASS,Trend,5.2,26.2
2026-07-03T18:01:56.456514+00:00,BNB/USDT,NO TRADE,PASS,PASS,FAIL,PASS,Momentum,1.6,23.6
2026-07-03T18:01:57.671260+00:00,XRP/USDT,NO TRADE,PASS,FAIL,PASS,FAIL,Risk,5.25,26.25
2026-07-03T18:01:59.009255+00:00,LINK/USDT,NO TRADE,FAIL,PASS,PASS,PASS,Trend,4.8,23.8
2026-07-03T18:02:00.574358+00:00,ADA/USDT,NO TRADE,PASS,FAIL,PASS,FAIL,Risk,5.25,26.25
2026-07-03T18:02:01.703526+00:00,AVAX/USDT,NO TRADE,PASS,FAIL,PASS,FAIL,Structure,3.0,21.0
2026-07-03T18:02:03.009441+00:00,DOGE/USDT,NO TRADE,PASS,PASS,FAIL,PASS,Momentum,0.8,23.8
2026-07-03T18:09:17.938497+00:00,BTC/USDT,NO TRADE,PASS,FAIL,PASS,FAIL,Risk,4.0,22.0
2026-07-03T18:09:20.247547+00:00,ETH/USDT,NO TRADE,PASS,FAIL,PASS,FAIL,Risk,3.5,21.5
2026-07-03T18:09:23.862956+00:00,SOL/USDT,NO TRADE,FAIL,PASS,FAIL,PASS,Trend,5.2,26.2
2026-07-03T18:09:26.679953+00:00,BNB/USDT,NO TRADE,PASS,PASS,FAIL,PASS,Momentum,1.6,23.6
2026-07-03T18:09:28.556841+00:00,XRP/USDT,NO TRADE,PASS,FAIL,PASS,FAIL,Risk,5.25,26.25
2026-07-03T18:09:31.786349+00:00,LINK/USDT,NO TRADE,FAIL,PASS,PASS,PASS,Trend,4.8,23.8
2026-07-03T18:09:33.621029+00:00,BTC/USDT,NO TRADE,PASS,FAIL,PASS,FAIL,Risk,4.0,22.0
2026-07-03T18:09:33.816805+00:00,ADA/USDT,NO TRADE,PASS,FAIL,PASS,FAIL,Risk,5.25,26.25
2026-07-03T18:09:36.250895+00:00,AVAX/USDT,NO TRADE,PASS,FAIL,PASS,FAIL,Structure,3.0,21.0
2026-07-03T18:09:37.979205+00:00,DOGE/USDT,NO TRADE,PASS,PASS,FAIL,PASS,Momentum,0.8,23.8
2026-07-03T18:09:40.817199+00:00,ETH/USDT,NO TRADE,PASS,FAIL,PASS,FAIL,Risk,3.5,21.5
2026-07-03T18:12:36.936917+00:00,SOL/USDT,NO TRADE,FAIL,PASS,FAIL,PASS,Trend,5.2,26.2
2026-07-03T18:12:38.436976+00:00,BNB/USDT,NO TRADE,PASS,PASS,FAIL,PASS,Momentum,1.6,23.6
2026-07-03T18:12:40.187844+00:00,XRP/USDT,NO TRADE,PASS,FAIL,PASS,FAIL,Risk,5.25,26.25
2026-07-03T18:12:41.697806+00:00,LINK/USDT,NO TRADE,FAIL,PASS,PASS,PASS,Trend,4.8,23.8
2026-07-03T18:12:44.313994+00:00,ADA/USDT,NO TRADE,PASS,FAIL,PASS,FAIL,Risk,5.25,26.25
2026-07-03T18:12:46.214882+00:00,AVAX/USDT,NO TRADE,PASS,FAIL,PASS,FAIL,Structure,3.0,21.0
2026-07-03T18:12:47.947301+00:00,DOGE/USDT,NO TRADE,PASS,PASS,FAIL,PASS,Momentum,0.8,23.8
2026-07-03T18:14:42.747516+00:00,BTC/USDT,NO TRADE,PASS,FAIL,PASS,FAIL,Risk,3.5,21.5
2026-07-03T18:14:44.483469+00:00,ETH/USDT,NO TRADE,PASS,FAIL,PASS,FAIL,Risk,3.5,21.5
2026-07-03T18:14:45.760536+00:00,SOL/USDT,NO TRADE,FAIL,FAIL,FAIL,FAIL,Trend,0.0,0.0
2026-07-03T18:14:48.063154+00:00,BNB/USDT,NO TRADE,PASS,PASS,FAIL,PASS,Momentum,1.6,23.6
2026-07-03T18:14:49.806157+00:00,XRP/USDT,NO TRADE,PASS,FAIL,PASS,FAIL,Risk,5.25,26.25
2026-07-03T18:14:50.766166+00:00,LINK/USDT,NO TRADE,FAIL,FAIL,FAIL,FAIL,Trend,0.0,0.0
2026-07-03T18:14:52.554497+00:00,ADA/USDT,NO TRADE,PASS,FAIL,PASS,FAIL,Risk,5.25,26.25
2026-07-03T18:14:55.275150+00:00,AVAX/USDT,NO TRADE,PASS,FAIL,PASS,FAIL,Structure,3.0,21.0
2026-07-03T18:14:58.414320+00:00,DOGE/USDT,NO TRADE,PASS,PASS,FAIL,PASS,Momentum,0.8,23.8
2026-07-03T18:18:26.419376+00:00,BTC/USDT,NO TRADE,PASS,FAIL,PASS,FAIL,Risk,3.5,21.5
2026-07-03T18:18:32.937614+00:00,ETH/USDT,NO TRADE,PASS,FAIL,PASS,FAIL,Risk,3.5,21.5
2026-07-03T18:18:56.575291+00:00,SOL/USDT,NO TRADE,FAIL,PASS,PASS,PASS,Trend,4.8,26.8
2026-07-03T18:19:01.680675+00:00,BNB/USDT,NO TRADE,PASS,PASS,FAIL,PASS,Momentum,1.6,23.6
2026-07-03T18:19:06.264070+00:00,XRP/USDT,NO TRADE,PASS,FAIL,PASS,FAIL,Risk,5.25,26.25
2026-07-03T18:20:11.768089+00:00,BTC/USDT,NO TRADE,PASS,FAIL,PASS,FAIL,Risk,3.5,21.5
2026-07-03T18:20:14.803143+00:00,ETH/USDT,NO TRADE,PASS,FAIL,PASS,FAIL,Risk,3.5,21.5
2026-07-03T18:20:17.401055+00:00,SOL/USDT,NO TRADE,FAIL,PASS,PASS,PASS,Trend,4.8,26.8
2026-07-03T18:20:20.567055+00:00,BNB/USDT,NO TRADE,PASS,PASS,FAIL,PASS,Momentum,1.6,23.6
2026-07-03T18:20:25.172889+00:00,XRP/USDT,NO TRADE,PASS,FAIL,PASS,FAIL,Risk,5.25,26.25
2026-07-03T18:20:28.098828+00:00,LINK/USDT,NO TRADE,FAIL,PASS,PASS,PASS,Trend,4.8,23.8
2026-07-03T18:20:37.970968+00:00,ADA/USDT,NO TRADE,PASS,FAIL,PASS,FAIL,Risk,5.25,26.25
2026-07-03T18:20:45.625077+00:00,AVAX/USDT,NO TRADE,FAIL,FAIL,FAIL,FAIL,Trend,0.0,0.0
2026-07-03T18:21:14.322620+00:00,DOGE/USDT,NO TRADE,PASS,PASS,FAIL,PASS,Momentum,0.8,23.8
2026-07-03T18:21:30.849351+00:00,LINK/USDT,NO TRADE,FAIL,PASS,PASS,PASS,Trend,4.8,23.8
2026-07-03T18:25:03.873385+00:00,ADA/USDT,NO TRADE,PASS,FAIL,PASS,FAIL,Risk,5.25,26.25
2026-07-03T18:25:05.203869+00:00,AVAX/USDT,NO TRADE,PASS,FAIL,PASS,FAIL,Structure,3.0,21.0
2026-07-03T18:25:08.033441+00:00,DOGE/USDT,NO TRADE,PASS,PASS,FAIL,PASS,Momentum,0.8,23.8
2026-07-03T18:26:18.200990+00:00,BTC/USDT,NO TRADE,PASS,FAIL,PASS,FAIL,Risk,3.5,21.5
2026-07-03T18:26:19.431014+00:00,ETH/USDT,NO TRADE,PASS,FAIL,PASS,FAIL,Risk,3.5,21.5
2026-07-03T18:26:20.649714+00:00,SOL/USDT,NO TRADE,FAIL,PASS,PASS,PASS,Trend,4.8,26.8
2026-07-03T18:26:21.857923+00:00,BNB/USDT,NO TRADE,PASS,PASS,FAIL,PASS,Momentum,1.6,23.6
2026-07-03T18:26:23.300551+00:00,XRP/USDT,NO TRADE,PASS,FAIL,PASS,FAIL,Risk,5.25,26.25
2026-07-03T18:26:24.543010+00:00,LINK/USDT,NO TRADE,FAIL,PASS,PASS,PASS,Trend,4.8,23.8
2026-07-03T18:26:26.315660+00:00,ADA/USDT,NO TRADE,PASS,FAIL,PASS,FAIL,Risk,5.25,26.25
2026-07-03T18:26:27.828817+00:00,AVAX/USDT,NO TRADE,PASS,FAIL,PASS,FAIL,Structure,3.0,21.0
2026-07-03T18:26:29.079889+00:00,DOGE/USDT,NO TRADE,PASS,PASS,FAIL,PASS,Momentum,0.8,23.8
2026-07-03T18:30:41.334805+00:00,BTC/USDT,NO TRADE,PASS,FAIL,PASS,FAIL,Risk,5.25,26.25
2026-07-03T18:30:47.414843+00:00,ETH/USDT,NO TRADE,FAIL,FAIL,FAIL,FAIL,Trend,0.0,0.0
2026-07-03T18:30:49.582842+00:00,SOL/USDT,NO TRADE,FAIL,PASS,FAIL,PASS,Trend,5.2,26.2
2026-07-03T18:30:51.319575+00:00,BNB/USDT,NO TRADE,PASS,PASS,FAIL,PASS,Momentum,1.6,23.6
2026-07-03T18:30:52.802938+00:00,XRP/USDT,NO TRADE,PASS,FAIL,PASS,FAIL,Risk,5.25,26.25
2026-07-03T18:31:02.198554+00:00,LINK/USDT,NO TRADE,FAIL,PASS,PASS,PASS,Trend,4.8,23.8
2026-07-03T18:31:05.706807+00:00,ADA/USDT,NO TRADE,PASS,FAIL,PASS,FAIL,Risk,5.25,26.25
2026-07-03T18:31:07.161709+00:00,AVAX/USDT,NO TRADE,PASS,FAIL,PASS,FAIL,Structure,3.0,21.0
2026-07-03T18:31:15.825705+00:00,DOGE/USDT,NO TRADE,PASS,PASS,FAIL,PASS,Momentum,0.8,23.8
2026-07-03T18:31:34.508767+00:00,BTC/USDT,NO TRADE,FAIL,FAIL,FAIL,FAIL,Trend,0.0,0.0
2026-07-03T18:31:36.217726+00:00,ETH/USDT,NO TRADE,FAIL,FAIL,FAIL,FAIL,Trend,0.0,0.0
2026-07-03T18:31:39.122140+00:00,SOL/USDT,NO TRADE,FAIL,PASS,PASS,PASS,Trend,4.8,26.8
2026-07-03T18:31:40.908586+00:00,BNB/USDT,NO TRADE,PASS,PASS,FAIL,PASS,Momentum,1.6,23.6
2026-07-03T18:31:43.246672+00:00,XRP/USDT,NO TRADE,PASS,FAIL,PASS,FAIL,Risk,5.25,26.25
2026-07-03T18:31:46.596849+00:00,LINK/USDT,NO TRADE,FAIL,PASS,PASS,PASS,Trend,4.8,23.8
2026-07-03T18:31:48.902227+00:00,ADA/USDT,NO TRADE,PASS,FAIL,PASS,FAIL,Risk,5.25,26.25
2026-07-03T18:31:50.524023+00:00,AVAX/USDT,NO TRADE,PASS,FAIL,PASS,FAIL,Structure,3.0,21.0
2026-07-03T18:31:52.174694+00:00,DOGE/USDT,NO TRADE,PASS,PASS,FAIL,PASS,Momentum,0.8,23.8
2026-07-03T18:36:54.479112+00:00,BTC/USDT,NO TRADE,PASS,FAIL,PASS,FAIL,Risk,5.25,26.25
2026-07-03T18:36:56.041908+00:00,ETH/USDT,NO TRADE,FAIL,FAIL,FAIL,FAIL,Trend,0.0,0.0
2026-07-03T18:36:56.537560+00:00,BTC/USDT,NO TRADE,PASS,FAIL,PASS,FAIL,Risk,5.25,26.25
2026-07-03T18:36:58.680484+00:00,ETH/USDT,NO TRADE,FAIL,FAIL,FAIL,FAIL,Trend,0.0,0.0
2026-07-03T18:36:59.348438+00:00,SOL/USDT,NO TRADE,FAIL,PASS,PASS,PASS,Trend,4.8,26.8
2026-07-03T18:37:01.089164+00:00,SOL/USDT,NO TRADE,FAIL,PASS,PASS,PASS,Trend,4.8,26.8
2026-07-03T18:37:01.260307+00:00,BNB/USDT,NO TRADE,PASS,PASS,FAIL,PASS,Momentum,1.6,23.6
2026-07-03T18:37:03.204856+00:00,BNB/USDT,NO TRADE,PASS,PASS,FAIL,PASS,Momentum,1.6,23.6
2026-07-03T18:37:03.289432+00:00,XRP/USDT,NO TRADE,PASS,FAIL,PASS,FAIL,Risk,5.25,26.25
2026-07-03T18:37:04.959537+00:00,XRP/USDT,NO TRADE,PASS,FAIL,PASS,FAIL,Risk,5.25,26.25
2026-07-03T18:37:09.091794+00:00,LINK/USDT,NO TRADE,FAIL,PASS,PASS,PASS,Trend,4.8,23.8
2026-07-03T18:37:11.403030+00:00,ADA/USDT,NO TRADE,PASS,FAIL,PASS,FAIL,Structure,7.75,28.75
2026-07-03T18:37:13.121121+00:00,AVAX/USDT,NO TRADE,FAIL,FAIL,FAIL,FAIL,Trend,0.0,0.0
2026-07-03T18:37:14.622212+00:00,LINK/USDT,NO TRADE,FAIL,PASS,PASS,PASS,Trend,4.8,23.8
2026-07-03T18:37:16.713379+00:00,DOGE/USDT,NO TRADE,PASS,PASS,FAIL,PASS,Momentum,0.8,23.8
2026-07-03T18:37:31.089336+00:00,ADA/USDT,NO TRADE,PASS,FAIL,PASS,FAIL,Structure,7.75,28.75
2026-07-03T18:37:43.905057+00:00,AVAX/USDT,NO TRADE,FAIL,FAIL,FAIL,FAIL,Trend,0.0,0.0
2026-07-03T18:37:45.695478+00:00,DOGE/USDT,NO TRADE,PASS,PASS,FAIL,PASS,Momentum,0.8,23.8
2026-07-03T18:42:20.573292+00:00,BTC/USDT,NO TRADE,PASS,FAIL,PASS,FAIL,Risk,5.25,26.25
2026-07-03T18:42:22.013324+00:00,ETH/USDT,NO TRADE,FAIL,FAIL,FAIL,FAIL,Trend,0.0,0.0
2026-07-03T18:42:23.504513+00:00,SOL/USDT,NO TRADE,FAIL,PASS,PASS,PASS,Trend,4.8,26.8
2026-07-03T18:42:24.672188+00:00,BNB/USDT,NO TRADE,PASS,PASS,FAIL,PASS,Momentum,1.6,23.6
2026-07-03T18:42:25.939309+00:00,XRP/USDT,NO TRADE,PASS,FAIL,PASS,FAIL,Risk,5.25,26.25
2026-07-03T18:42:27.401500+00:00,LINK/USDT,NO TRADE,FAIL,PASS,PASS,PASS,Trend,4.8,23.8
2026-07-03T18:42:28.665423+00:00,ADA/USDT,NO TRADE,PASS,FAIL,PASS,FAIL,Structure,7.75,28.75
2026-07-03T18:42:30.150028+00:00,AVAX/USDT,NO TRADE,FAIL,FAIL,FAIL,FAIL,Trend,0.0,0.0
2026-07-03T18:42:31.887650+00:00,DOGE/USDT,NO TRADE,PASS,PASS,FAIL,PASS,Momentum,0.8,23.8
2026-07-03T18:43:14.419833+00:00,BTC/USDT,NO TRADE,PASS,FAIL,PASS,FAIL,Risk,5.25,26.25
2026-07-03T18:43:15.639858+00:00,ETH/USDT,NO TRADE,FAIL,FAIL,FAIL,FAIL,Trend,0.0,0.0
2026-07-03T18:43:17.093967+00:00,SOL/USDT,NO TRADE,FAIL,PASS,PASS,PASS,Trend,4.8,26.8
2026-07-03T18:43:18.671871+00:00,BNB/USDT,NO TRADE,PASS,PASS,FAIL,PASS,Momentum,1.6,23.6
2026-07-03T18:43:20.030112+00:00,XRP/USDT,NO TRADE,PASS,FAIL,PASS,FAIL,Risk,5.25,26.25
2026-07-03T18:43:21.559980+00:00,LINK/USDT,NO TRADE,FAIL,PASS,PASS,PASS,Trend,4.8,23.8
2026-07-03T18:43:22.977552+00:00,ADA/USDT,NO TRADE,PASS,FAIL,PASS,FAIL,Structure,7.75,28.75
2026-07-03T18:43:24.722316+00:00,AVAX/USDT,NO TRADE,FAIL,FAIL,FAIL,FAIL,Trend,0.0,0.0
2026-07-03T18:43:27.059033+00:00,DOGE/USDT,NO TRADE,PASS,PASS,FAIL,PASS,Momentum,0.8,23.8
2026-07-03T18:47:36.445524+00:00,BTC/USDT,NO TRADE,PASS,FAIL,PASS,FAIL,Risk,5.25,26.25
2026-07-03T18:47:38.470171+00:00,ETH/USDT,NO TRADE,FAIL,FAIL,FAIL,FAIL,Trend,0.0,0.0
2026-07-03T18:47:42.009689+00:00,SOL/USDT,NO TRADE,FAIL,PASS,PASS,PASS,Trend,4.8,26.8
2026-07-03T18:47:43.606482+00:00,BNB/USDT,NO TRADE,PASS,PASS,FAIL,PASS,Momentum,1.6,23.6
2026-07-03T18:47:46.688645+00:00,XRP/USDT,NO TRADE,PASS,FAIL,PASS,FAIL,Risk,5.25,26.25
2026-07-03T18:47:48.304351+00:00,LINK/USDT,NO TRADE,FAIL,PASS,PASS,PASS,Trend,4.8,23.8
2026-07-03T18:47:53.170847+00:00,ADA/USDT,NO TRADE,PASS,FAIL,PASS,FAIL,Structure,7.75,28.75
2026-07-03T18:47:56.317510+00:00,AVAX/USDT,NO TRADE,PASS,FAIL,PASS,FAIL,Structure,3.0,21.0
2026-07-03T18:48:00.244874+00:00,DOGE/USDT,NO TRADE,PASS,PASS,FAIL,PASS,Momentum,0.8,23.8
2026-07-03T18:48:52.295244+00:00,BTC/USDT,NO TRADE,PASS,FAIL,PASS,FAIL,Risk,5.25,26.25
2026-07-03T18:48:53.923775+00:00,ETH/USDT,NO TRADE,FAIL,FAIL,FAIL,FAIL,Trend,0.0,0.0
2026-07-03T18:48:56.541129+00:00,SOL/USDT,NO TRADE,FAIL,PASS,PASS,PASS,Trend,4.8,26.8
2026-07-03T18:48:58.117704+00:00,BNB/USDT,NO TRADE,PASS,PASS,FAIL,PASS,Momentum,1.6,23.6
2026-07-03T18:49:01.614128+00:00,XRP/USDT,NO TRADE,PASS,FAIL,PASS,FAIL,Risk,5.25,26.25
2026-07-03T18:49:03.831016+00:00,LINK/USDT,NO TRADE,FAIL,PASS,PASS,PASS,Trend,4.8,23.8
2026-07-03T18:49:05.094358+00:00,ADA/USDT,NO TRADE,PASS,FAIL,PASS,FAIL,Risk,5.25,26.25
2026-07-03T18:49:07.824701+00:00,AVAX/USDT,NO TRADE,PASS,FAIL,PASS,FAIL,Structure,3.0,21.0
2026-07-03T18:49:11.980953+00:00,DOGE/USDT,NO TRADE,PASS,PASS,FAIL,PASS,Momentum,0.8,23.8
2026-07-03T18:53:02.635861+00:00,BTC/USDT,NO TRADE,PASS,FAIL,PASS,FAIL,Risk,5.25,26.25
2026-07-03T18:53:03.562273+00:00,ETH/USDT,NO TRADE,FAIL,FAIL,FAIL,FAIL,Trend,0.0,0.0
2026-07-03T18:53:04.553045+00:00,SOL/USDT,NO TRADE,FAIL,PASS,PASS,PASS,Trend,4.8,26.8
2026-07-03T18:53:05.481858+00:00,BNB/USDT,NO TRADE,PASS,PASS,FAIL,PASS,Momentum,1.6,23.6
2026-07-03T18:53:07.504325+00:00,XRP/USDT,NO TRADE,PASS,FAIL,PASS,FAIL,Risk,5.25,26.25
2026-07-03T18:53:08.969050+00:00,LINK/USDT,NO TRADE,FAIL,PASS,PASS,PASS,Trend,4.8,23.8
2026-07-03T18:53:10.073762+00:00,ADA/USDT,NO TRADE,PASS,FAIL,PASS,FAIL,Structure,7.75,28.75
2026-07-03T18:53:11.110662+00:00,AVAX/USDT,NO TRADE,FAIL,FAIL,FAIL,FAIL,Trend,0.0,0.0
2026-07-03T18:53:12.111729+00:00,DOGE/USDT,NO TRADE,PASS,PASS,FAIL,PASS,Momentum,0.8,23.8
2026-07-03T18:54:27.065795+00:00,BTC/USDT,NO TRADE,PASS,FAIL,PASS,FAIL,Risk,5.25,26.25
2026-07-03T18:54:29.688456+00:00,ETH/USDT,NO TRADE,FAIL,FAIL,FAIL,FAIL,Trend,0.0,0.0
2026-07-03T18:54:31.122030+00:00,SOL/USDT,NO TRADE,FAIL,PASS,PASS,PASS,Trend,4.8,26.8
2026-07-03T18:54:33.449636+00:00,BNB/USDT,NO TRADE,PASS,PASS,FAIL,PASS,Momentum,1.6,23.6
2026-07-03T18:54:35.584990+00:00,XRP/USDT,NO TRADE,PASS,FAIL,PASS,FAIL,Risk,5.25,26.25
2026-07-03T18:54:37.936762+00:00,LINK/USDT,NO TRADE,FAIL,PASS,PASS,PASS,Trend,4.8,23.8
2026-07-03T18:54:39.943804+00:00,ADA/USDT,NO TRADE,PASS,FAIL,PASS,FAIL,Risk,5.25,26.25
2026-07-03T18:54:41.148287+00:00,AVAX/USDT,NO TRADE,FAIL,FAIL,FAIL,FAIL,Trend,0.0,0.0
2026-07-03T18:54:43.911215+00:00,DOGE/USDT,NO TRADE,PASS,PASS,FAIL,PASS,Momentum,0.8,23.8
2026-07-03T18:58:18.881257+00:00,BTC/USDT,NO TRADE,PASS,FAIL,PASS,FAIL,Risk,5.25,26.25
2026-07-03T18:58:25.497717+00:00,ETH/USDT,NO TRADE,FAIL,FAIL,FAIL,FAIL,Trend,0.0,0.0
2026-07-03T18:58:27.609228+00:00,SOL/USDT,NO TRADE,FAIL,PASS,PASS,PASS,Trend,4.8,27.8
2026-07-03T18:58:34.428063+00:00,BNB/USDT,NO TRADE,PASS,PASS,FAIL,PASS,Momentum,1.6,23.6
2026-07-03T18:58:37.320773+00:00,XRP/USDT,NO TRADE,PASS,FAIL,PASS,FAIL,Risk,5.25,26.25
2026-07-03T18:58:39.517809+00:00,LINK/USDT,NO TRADE,FAIL,PASS,PASS,PASS,Trend,4.8,23.8
2026-07-03T18:58:41.292256+00:00,ADA/USDT,NO TRADE,PASS,FAIL,PASS,FAIL,Structure,7.75,28.75
2026-07-03T18:58:42.476824+00:00,AVAX/USDT,NO TRADE,FAIL,FAIL,FAIL,FAIL,Trend,0.0,0.0
2026-07-03T18:58:44.774109+00:00,DOGE/USDT,NO TRADE,PASS,PASS,FAIL,PASS,Momentum,0.8,23.8
2026-07-03T18:59:58.860661+00:00,BTC/USDT,NO TRADE,PASS,FAIL,PASS,FAIL,Risk,5.25,26.25
2026-07-03T19:00:00.372360+00:00,ETH/USDT,NO TRADE,FAIL,FAIL,FAIL,FAIL,Trend,0.0,0.0
2026-07-03T19:00:01.782375+00:00,SOL/USDT,NO TRADE,FAIL,PASS,PASS,PASS,Trend,4.8,26.8
2026-07-03T19:00:03.003611+00:00,BNB/USDT,NO TRADE,PASS,PASS,FAIL,PASS,Momentum,1.6,23.6
2026-07-03T19:00:04.353071+00:00,XRP/USDT,NO TRADE,PASS,FAIL,PASS,FAIL,Risk,5.25,26.25
2026-07-03T19:00:05.566102+00:00,LINK/USDT,NO TRADE,FAIL,PASS,PASS,PASS,Trend,4.8,23.8
2026-07-03T19:00:08.547271+00:00,ADA/USDT,NO TRADE,PASS,FAIL,PASS,FAIL,Risk,5.25,26.25
2026-07-03T19:00:10.764620+00:00,AVAX/USDT,NO TRADE,FAIL,FAIL,FAIL,FAIL,Trend,0.0,0.0
2026-07-03T19:00:12.460165+00:00,DOGE/USDT,NO TRADE,PASS,PASS,FAIL,PASS,Momentum,0.8,23.8
2026-07-03T19:03:49.279708+00:00,BTC/USDT,NO TRADE,PASS,FAIL,PASS,FAIL,Risk,5.25,26.25
2026-07-03T19:03:51.319732+00:00,ETH/USDT,NO TRADE,FAIL,FAIL,FAIL,FAIL,Trend,0.0,0.0
2026-07-03T19:03:53.540724+00:00,SOL/USDT,NO TRADE,PASS,FAIL,FAIL,FAIL,Structure,7.45,28.45
2026-07-03T19:03:54.977877+00:00,BNB/USDT,NO TRADE,PASS,PASS,FAIL,PASS,Momentum,1.6,23.6
2026-07-03T19:03:57.235943+00:00,XRP/USDT,NO TRADE,PASS,FAIL,PASS,FAIL,Risk,5.25,26.25
2026-07-03T19:04:00.414635+00:00,LINK/USDT,NO TRADE,PASS,FAIL,PASS,FAIL,Risk,5.25,26.25
2026-07-03T19:04:02.160088+00:00,ADA/USDT,NO TRADE,PASS,FAIL,PASS,FAIL,Structure,7.75,28.75
2026-07-03T19:04:04.081991+00:00,AVAX/USDT,NO TRADE,FAIL,FAIL,FAIL,FAIL,Trend,0.0,0.0
2026-07-03T19:04:05.953447+00:00,DOGE/USDT,NO TRADE,PASS,PASS,FAIL,PASS,Momentum,0.8,23.8
2026-07-03T19:05:28.245572+00:00,BTC/USDT,NO TRADE,PASS,FAIL,PASS,FAIL,Risk,3.5,21.5
2026-07-03T19:05:29.354536+00:00,ETH/USDT,NO TRADE,PASS,FAIL,PASS,FAIL,Risk,3.5,21.5
2026-07-03T19:05:30.343797+00:00,SOL/USDT,NO TRADE,FAIL,PASS,PASS,PASS,Trend,4.8,26.8
2026-07-03T19:05:31.555282+00:00,BNB/USDT,NO TRADE,PASS,PASS,FAIL,PASS,Momentum,2.4,23.4
2026-07-03T19:05:33.376559+00:00,XRP/USDT,NO TRADE,PASS,FAIL,PASS,FAIL,Risk,5.25,26.25
2026-07-03T19:05:34.550447+00:00,LINK/USDT,NO TRADE,FAIL,PASS,PASS,PASS,Trend,4.8,23.8
2026-07-03T19:05:35.851784+00:00,ADA/USDT,NO TRADE,PASS,FAIL,PASS,FAIL,Risk,5.25,26.25
2026-07-03T19:05:37.836076+00:00,AVAX/USDT,NO TRADE,PASS,FAIL,PASS,FAIL,Structure,3.0,21.0
2026-07-03T19:05:39.059597+00:00,DOGE/USDT,NO TRADE,PASS,PASS,FAIL,PASS,Momentum,0.8,23.8
2026-07-03T19:09:08.632586+00:00,BTC/USDT,NO TRADE,PASS,FAIL,PASS,FAIL,Risk,3.5,21.5
2026-07-03T19:09:09.846464+00:00,ETH/USDT,NO TRADE,PASS,FAIL,PASS,FAIL,Risk,3.5,21.5
2026-07-03T19:09:11.296777+00:00,SOL/USDT,NO TRADE,FAIL,PASS,PASS,PASS,Trend,4.8,26.8
2026-07-03T19:09:12.908968+00:00,BNB/USDT,NO TRADE,PASS,PASS,FAIL,PASS,Momentum,1.6,23.6
2026-07-03T19:09:15.018640+00:00,XRP/USDT,NO TRADE,PASS,FAIL,PASS,FAIL,Risk,5.25,26.25
2026-07-03T19:09:16.835386+00:00,LINK/USDT,NO TRADE,FAIL,PASS,PASS,PASS,Trend,4.8,23.8
2026-07-03T19:09:18.802892+00:00,ADA/USDT,NO TRADE,PASS,FAIL,PASS,FAIL,Structure,7.75,28.75
2026-07-03T19:09:21.712724+00:00,AVAX/USDT,NO TRADE,FAIL,FAIL,FAIL,FAIL,Trend,0.0,0.0
2026-07-03T19:09:23.051464+00:00,DOGE/USDT,NO TRADE,PASS,PASS,FAIL,PASS,Momentum,0.8,23.8
2026-07-03T19:10:54.973078+00:00,BTC/USDT,NO TRADE,PASS,FAIL,PASS,FAIL,Risk,3.5,21.5
2026-07-03T19:10:56.982041+00:00,ETH/USDT,NO TRADE,PASS,FAIL,PASS,FAIL,Risk,3.5,21.5
2026-07-03T19:10:59.920929+00:00,SOL/USDT,NO TRADE,FAIL,PASS,PASS,PASS,Trend,4.8,26.8
2026-07-03T19:11:03.027966+00:00,BNB/USDT,NO TRADE,PASS,PASS,FAIL,PASS,Momentum,1.6,23.6
2026-07-03T19:11:04.882148+00:00,XRP/USDT,NO TRADE,PASS,FAIL,PASS,FAIL,Risk,5.25,26.25
2026-07-03T19:11:06.809150+00:00,LINK/USDT,NO TRADE,PASS,FAIL,PASS,FAIL,Risk,5.25,26.25
2026-07-03T19:11:09.173010+00:00,ADA/USDT,NO TRADE,PASS,FAIL,PASS,FAIL,Structure,7.75,28.75
2026-07-03T19:11:13.725563+00:00,AVAX/USDT,NO TRADE,FAIL,FAIL,FAIL,FAIL,Trend,0.0,0.0
2026-07-03T19:11:15.898152+00:00,DOGE/USDT,NO TRADE,PASS,PASS,FAIL,PASS,Momentum,0.8,23.8
2026-07-03T19:14:27.970502+00:00,BTC/USDT,NO TRADE,FAIL,FAIL,FAIL,FAIL,Trend,0.0,0.0
2026-07-03T19:14:30.607258+00:00,ETH/USDT,NO TRADE,PASS,FAIL,PASS,FAIL,Risk,3.5,21.5
2026-07-03T19:14:33.508202+00:00,SOL/USDT,NO TRADE,FAIL,PASS,PASS,PASS,Trend,4.8,26.8
2026-07-03T19:14:37.647147+00:00,BNB/USDT,NO TRADE,PASS,PASS,FAIL,PASS,Momentum,1.6,23.6
2026-07-03T19:14:39.044328+00:00,XRP/USDT,NO TRADE,PASS,FAIL,PASS,FAIL,Risk,5.25,26.25
2026-07-03T19:14:40.324729+00:00,LINK/USDT,NO TRADE,PASS,FAIL,PASS,FAIL,Risk,5.25,26.25
2026-07-03T19:14:41.817229+00:00,ADA/USDT,NO TRADE,PASS,FAIL,PASS,FAIL,Structure,7.75,28.75
2026-07-03T19:14:43.415131+00:00,AVAX/USDT,NO TRADE,FAIL,PASS,FAIL,PASS,Trend,6.0,26.0
2026-07-03T19:14:47.619720+00:00,DOGE/USDT,NO TRADE,PASS,PASS,FAIL,PASS,Momentum,0.8,23.8
2026-07-03T19:16:36.166571+00:00,BTC/USDT,NO TRADE,PASS,FAIL,PASS,FAIL,Risk,5.25,26.25
2026-07-03T19:16:38.965666+00:00,ETH/USDT,NO TRADE,FAIL,PASS,PASS,PASS,Trend,4.8,23.8
2026-07-03T19:16:41.015097+00:00,SOL/USDT,NO TRADE,PASS,FAIL,FAIL,FAIL,Structure,7.45,28.45
2026-07-03T19:16:42.176216+00:00,BNB/USDT,NO TRADE,PASS,PASS,FAIL,PASS,Momentum,1.6,23.6
2026-07-03T19:16:44.031908+00:00,XRP/USDT,NO TRADE,PASS,FAIL,PASS,FAIL,Risk,5.25,26.25
2026-07-03T19:16:47.075292+00:00,LINK/USDT,NO TRADE,PASS,FAIL,PASS,FAIL,Risk,5.25,26.25
2026-07-03T19:17:06.011928+00:00,ADA/USDT,NO TRADE,PASS,FAIL,PASS,FAIL,Structure,7.75,28.75
2026-07-03T19:17:07.612945+00:00,AVAX/USDT,NO TRADE,FAIL,PASS,FAIL,PASS,Trend,6.0,26.0
2026-07-03T19:17:09.305644+00:00,DOGE/USDT,NO TRADE,PASS,PASS,FAIL,PASS,Momentum,0.8,23.8
2026-07-03T19:19:54.262242+00:00,BTC/USDT,NO TRADE,PASS,FAIL,PASS,FAIL,Risk,5.25,26.25
2026-07-03T19:19:58.586763+00:00,ETH/USDT,NO TRADE,FAIL,PASS,PASS,PASS,Trend,4.8,23.8
2026-07-03T19:20:02.728441+00:00,SOL/USDT,NO TRADE,PASS,FAIL,FAIL,FAIL,Structure,7.45,28.45
2026-07-03T19:20:07.412088+00:00,BNB/USDT,NO TRADE,PASS,PASS,FAIL,PASS,Momentum,1.6,23.6
2026-07-03T19:20:08.920303+00:00,XRP/USDT,NO TRADE,PASS,FAIL,PASS,FAIL,Risk,5.25,26.25
2026-07-03T19:20:10.759304+00:00,LINK/USDT,NO TRADE,PASS,FAIL,PASS,FAIL,Risk,5.25,26.25
2026-07-03T19:20:11.963284+00:00,ADA/USDT,NO TRADE,PASS,FAIL,PASS,FAIL,Structure,7.75,28.75
2026-07-03T19:20:13.453048+00:00,AVAX/USDT,NO TRADE,FAIL,PASS,FAIL,PASS,Trend,6.0,26.0
2026-07-03T19:20:18.638731+00:00,DOGE/USDT,NO TRADE,PASS,PASS,FAIL,PASS,Momentum,0.8,23.8
2026-07-03T19:22:32.281818+00:00,BTC/USDT,NO TRADE,PASS,FAIL,PASS,FAIL,Risk,5.25,26.25
2026-07-03T19:22:33.890943+00:00,ETH/USDT,NO TRADE,FAIL,PASS,PASS,PASS,Trend,4.8,23.8
2026-07-03T19:22:36.283945+00:00,SOL/USDT,NO TRADE,PASS,FAIL,FAIL,FAIL,Structure,7.45,28.45
2026-07-03T19:22:37.749212+00:00,BNB/USDT,NO TRADE,PASS,PASS,FAIL,PASS,Momentum,1.6,23.6
2026-07-03T19:22:40.123705+00:00,XRP/USDT,NO TRADE,PASS,FAIL,PASS,FAIL,Risk,5.25,26.25
2026-07-03T19:22:43.343782+00:00,LINK/USDT,NO TRADE,PASS,FAIL,PASS,FAIL,Risk,5.25,26.25
2026-07-03T19:22:46.735340+00:00,ADA/USDT,NO TRADE,PASS,FAIL,PASS,FAIL,Structure,7.75,28.75
2026-07-03T19:22:50.546600+00:00,AVAX/USDT,NO TRADE,FAIL,PASS,FAIL,PASS,Trend,6.0,26.0
2026-07-03T19:22:53.236486+00:00,DOGE/USDT,NO TRADE,PASS,PASS,FAIL,PASS,Momentum,0.8,23.8
2026-07-03T19:25:28.439977+00:00,BTC/USDT,NO TRADE,FAIL,FAIL,FAIL,FAIL,Trend,0.0,0.0
2026-07-03T19:25:29.782935+00:00,ETH/USDT,NO TRADE,FAIL,PASS,PASS,PASS,Trend,4.8,23.8
2026-07-03T19:25:32.493209+00:00,SOL/USDT,NO TRADE,FAIL,PASS,PASS,PASS,Trend,4.8,27.8
2026-07-03T19:25:34.853575+00:00,BNB/USDT,NO TRADE,PASS,PASS,FAIL,PASS,Momentum,1.6,23.6
2026-07-03T19:25:37.318151+00:00,XRP/USDT,NO TRADE,PASS,FAIL,PASS,FAIL,Risk,5.25,26.25
2026-07-03T19:25:38.843767+00:00,LINK/USDT,NO TRADE,PASS,FAIL,PASS,FAIL,Risk,5.25,26.25
2026-07-03T19:25:40.453452+00:00,ADA/USDT,NO TRADE,PASS,FAIL,PASS,FAIL,Structure,7.75,28.75
2026-07-03T19:25:42.105521+00:00,AVAX/USDT,NO TRADE,FAIL,PASS,FAIL,PASS,Trend,6.0,26.0
2026-07-03T19:25:43.449951+00:00,DOGE/USDT,NO TRADE,PASS,PASS,FAIL,PASS,Momentum,0.8,23.8
2026-07-03T19:28:10.218133+00:00,BTC/USDT,NO TRADE,PASS,FAIL,PASS,FAIL,Risk,5.25,26.25
2026-07-03T19:28:12.360553+00:00,ETH/USDT,NO TRADE,FAIL,PASS,PASS,PASS,Trend,4.8,23.8
2026-07-03T19:28:14.657852+00:00,SOL/USDT,NO TRADE,PASS,FAIL,FAIL,FAIL,Structure,7.45,28.45
2026-07-03T19:28:16.171922+00:00,BNB/USDT,NO TRADE,PASS,PASS,FAIL,PASS,Momentum,1.6,23.6
2026-07-03T19:28:17.394844+00:00,XRP/USDT,NO TRADE,PASS,FAIL,PASS,FAIL,Risk,5.25,26.25
2026-07-03T19:28:18.962554+00:00,LINK/USDT,NO TRADE,PASS,FAIL,PASS,FAIL,Risk,5.25,26.25
2026-07-03T19:28:20.707829+00:00,ADA/USDT,NO TRADE,PASS,FAIL,PASS,FAIL,Structure,7.75,28.75
2026-07-03T19:28:22.008837+00:00,AVAX/USDT,NO TRADE,FAIL,PASS,FAIL,PASS,Trend,6.0,26.0
2026-07-03T19:28:23.238564+00:00,DOGE/USDT,NO TRADE,PASS,PASS,FAIL,PASS,Momentum,0.8,23.8
2026-07-03T19:30:50.886083+00:00,BTC/USDT,NO TRADE,FAIL,FAIL,FAIL,FAIL,Trend,0.0,0.0
2026-07-03T19:30:52.376945+00:00,ETH/USDT,NO TRADE,FAIL,PASS,PASS,PASS,Trend,4.8,23.8
2026-07-03T19:30:55.195494+00:00,SOL/USDT,NO TRADE,PASS,FAIL,FAIL,FAIL,Structure,7.45,28.45
2026-07-03T19:30:59.443954+00:00,BNB/USDT,NO TRADE,PASS,PASS,FAIL,PASS,Momentum,1.6,23.6
2026-07-03T19:31:00.638577+00:00,XRP/USDT,NO TRADE,PASS,FAIL,PASS,FAIL,Risk,5.25,26.25
2026-07-03T19:31:57.584366+00:00,LINK/USDT,NO TRADE,PASS,FAIL,PASS,FAIL,Risk,5.25,26.25
2026-07-03T19:31:59.394875+00:00,ADA/USDT,NO TRADE,PASS,FAIL,PASS,FAIL,Structure,7.75,28.75
2026-07-03T19:32:00.543576+00:00,AVAX/USDT,NO TRADE,FAIL,PASS,FAIL,PASS,Trend,6.0,26.0
2026-07-03T19:32:01.575187+00:00,DOGE/USDT,NO TRADE,PASS,PASS,FAIL,PASS,Momentum,0.8,23.8
