timestamp,symbol,direction,decision,score,confidence,weighted_score,potential_score,lost_score,primary_weak_component,weak_components,rsi,macd_line,macd_signal,macd_histogram,ema_fast,ema_slow,ema_slope,price_distance_to_ema,volume_change,candle_momentum,1h_return_pct,1h_favorable,2h_return_pct,2h_favorable,4h_return_pct,4h_favorable,8h_return_pct,8h_favorable
2026-07-02T10:56:28.462258+00:00,BTC/USDT,SHORT,NO TRADE,0.0,68.0,21.0,23.4,2.4,MACD weak,MACD weak|RSI weak|Candle momentum weak|EMA slope weak,63.4491,351.30038649,331.0030528,20.29733369,60237.88903896,59834.77193353,0.237664,1.55751,63.829154,1.093793,-0.287,False,-0.5976,False,-0.8606,False,-0.9543,False
2026-07-02T10:56:29.181232+00:00,ETH/USDT,SHORT,NO TRADE,0.0,68.0,21.0,23.4,2.4,MACD weak,MACD weak|RSI weak|Candle momentum weak|EMA slope weak,63.2764,9.80965639,9.5581051,0.25155129,1618.18108621,1604.12027018,0.236067,1.547967,137.666439,1.122468,-0.4412,False,-1.1867,False,-3.5467,False,-3.5838,False
2026-07-02T10:58:02.477250+00:00,BTC/USDT,SHORT,NO TRADE,0.0,68.0,21.0,23.4,2.4,MACD weak,MACD weak|RSI weak|Candle momentum weak|EMA slope weak,63.4491,351.30038649,331.0030528,20.29733369,60237.88903896,59834.77193353,0.237664,1.55751,63.829154,1.093793,-0.287,False,-0.5976,False,-0.8606,False,-0.9543,False
2026-07-02T10:58:03.192830+00:00,ETH/USDT,SHORT,NO TRADE,0.0,68.0,21.0,23.4,2.4,MACD weak,MACD weak|RSI weak|Candle momentum weak|EMA slope weak,63.2764,9.80965639,9.5581051,0.25155129,1618.18108621,1604.12027018,0.236067,1.547967,137.666439,1.122468,-0.4412,False,-1.1867,False,-3.5467,False,-3.5838,False
2026-07-02T11:01:37.670260+00:00,BTC/USDT,SHORT,NO TRADE,0.0,68.0,21.0,23.4,2.4,MACD weak,MACD weak|Volume weak|RSI weak|EMA slope weak|Candle momentum weak,64.2237,389.74266935,342.75097611,46.99169324,60335.60436858,59890.81617144,0.392607,1.538554,-22.927036,0.14352,-0.4534,False,-1.1096,False,-0.5618,False,-0.3369,False
2026-07-02T11:01:38.486150+00:00,ETH/USDT,SHORT,NO TRADE,0.0,68.0,21.0,23.4,2.4,MACD weak,MACD weak|Volume weak|RSI weak|EMA slope weak|Candle momentum weak,64.3035,10.86479143,9.81944237,1.04534906,1620.87145895,1605.77947527,0.391526,1.576839,-27.244423,0.194738,-0.99,False,-3.9072,False,-3.0654,False,-3.2689,False
2026-07-02T11:03:06.399190+00:00,BTC/USDT,SHORT,NO TRADE,0.0,68.0,21.0,23.4,2.4,MACD weak,MACD weak|Volume weak|RSI weak|EMA slope weak|Candle momentum weak,64.2237,389.74266935,342.75097611,46.99169324,60335.60436858,59890.81617144,0.392607,1.538554,-22.927036,0.14352,-0.4534,False,-1.1096,False,-0.5618,False,-0.3369,False
2026-07-02T11:03:07.119076+00:00,ETH/USDT,SHORT,NO TRADE,0.0,68.0,21.0,23.4,2.4,MACD weak,MACD weak|Volume weak|RSI weak|EMA slope weak|Candle momentum weak,64.3035,10.86479143,9.81944237,1.04534906,1620.87145895,1605.77947527,0.391526,1.576839,-27.244423,0.194738,-0.99,False,-3.9072,False,-3.0654,False,-3.2689,False
2026-07-02T11:04:19.654472+00:00,BTC/USDT,SHORT,NO TRADE,0.0,68.0,21.0,23.4,2.4,MACD weak,MACD weak|Volume weak|RSI weak|EMA slope weak|Candle momentum weak,64.2237,389.74266935,342.75097611,46.99169324,60335.60436858,59890.81617144,0.392607,1.538554,-22.927036,0.14352,-0.4534,False,-1.1096,False,-0.5618,False,-0.3369,False
2026-07-02T11:04:20.475987+00:00,ETH/USDT,SHORT,NO TRADE,0.0,68.0,21.0,23.4,2.4,MACD weak,MACD weak|Volume weak|RSI weak|EMA slope weak|Candle momentum weak,64.3035,10.86479143,9.81944237,1.04534906,1620.87145895,1605.77947527,0.391526,1.576839,-27.244423,0.194738,-0.99,False,-3.9072,False,-3.0654,False,-3.2689,False
2026-07-02T11:09:23.484484+00:00,BTC/USDT,SHORT,NO TRADE,0.0,68.0,21.0,23.4,2.4,MACD weak,MACD weak|Volume weak|RSI weak|EMA slope weak|Candle momentum weak,64.2237,389.74266935,342.75097611,46.99169324,60335.60436858,59890.81617144,0.392607,1.538554,-22.927036,0.14352,-0.4534,False,-1.1096,False,-0.5618,False,-0.3369,False
2026-07-02T11:09:24.561957+00:00,ETH/USDT,SHORT,NO TRADE,0.0,68.0,21.0,23.4,2.4,MACD weak,MACD weak|Volume weak|RSI weak|EMA slope weak|Candle momentum weak,64.3035,10.86479143,9.81944237,1.04534906,1620.87145895,1605.77947527,0.391526,1.576839,-27.244423,0.194738,-0.99,False,-3.9072,False,-3.0654,False,-3.2689,False
2026-07-02T11:14:28.179378+00:00,BTC/USDT,SHORT,NO TRADE,0.0,68.0,21.0,23.4,2.4,MACD weak,MACD weak|Volume weak|RSI weak|EMA slope weak|Candle momentum weak,64.2237,389.74266935,342.75097611,46.99169324,60335.60436858,59890.81617144,0.392607,1.538554,-22.927036,0.14352,-0.4534,False,-1.1096,False,-0.5618,False,-0.3369,False
2026-07-02T11:14:29.005917+00:00,ETH/USDT,SHORT,NO TRADE,0.0,71.0,22.0,23.6,1.6,MACD weak,MACD weak|Volume weak|RSI weak|EMA slope weak|Candle momentum weak,64.3035,10.86479143,9.81944237,1.04534906,1620.87145895,1605.77947527,0.391526,1.576839,-27.244423,0.194738,-0.99,False,-3.9072,False,-3.0654,False,-3.2689,False
2026-07-02T11:19:32.009014+00:00,BTC/USDT,SHORT,NO TRADE,0.0,68.0,21.0,23.4,2.4,MACD weak,MACD weak|Volume weak|RSI weak|EMA slope weak|Candle momentum weak,64.2237,389.74266935,342.75097611,46.99169324,60335.60436858,59890.81617144,0.392607,1.538554,-22.927036,0.14352,-0.4534,False,-1.1096,False,-0.5618,False,-0.3369,False
2026-07-02T11:19:32.875337+00:00,ETH/USDT,SHORT,NO TRADE,0.0,71.0,22.0,23.6,1.6,MACD weak,MACD weak|Volume weak|RSI weak|EMA slope weak|Candle momentum weak,64.3035,10.86479143,9.81944237,1.04534906,1620.87145895,1605.77947527,0.391526,1.576839,-27.244423,0.194738,-0.99,False,-3.9072,False,-3.0654,False,-3.2689,False
2026-07-02T11:24:35.717037+00:00,BTC/USDT,SHORT,NO TRADE,0.0,68.0,21.0,23.4,2.4,MACD weak,MACD weak|Volume weak|RSI weak|EMA slope weak|Candle momentum weak,64.2237,389.74266935,342.75097611,46.99169324,60335.60436858,59890.81617144,0.392607,1.538554,-22.927036,0.14352,-0.4534,False,-1.1096,False,-0.5618,False,-0.3369,False
2026-07-02T11:24:36.529369+00:00,ETH/USDT,SHORT,NO TRADE,0.0,71.0,22.0,23.6,1.6,MACD weak,MACD weak|Volume weak|RSI weak|EMA slope weak|Candle momentum weak,64.3035,10.86479143,9.81944237,1.04534906,1620.87145895,1605.77947527,0.391526,1.576839,-27.244423,0.194738,-0.99,False,-3.9072,False,-3.0654,False,-3.2689,False
2026-07-02T11:29:40.019352+00:00,BTC/USDT,SHORT,NO TRADE,0.0,68.0,21.0,23.4,2.4,MACD weak,MACD weak|Volume weak|RSI weak|EMA slope weak|Candle momentum weak,64.2237,389.74266935,342.75097611,46.99169324,60335.60436858,59890.81617144,0.392607,1.538554,-22.927036,0.14352,-0.4534,False,-1.1096,False,-0.5618,False,-0.3369,False
2026-07-02T11:29:41.178614+00:00,ETH/USDT,SHORT,NO TRADE,0.0,68.0,21.0,23.4,2.4,MACD weak,MACD weak|Volume weak|RSI weak|EMA slope weak|Candle momentum weak,64.3035,10.86479143,9.81944237,1.04534906,1620.87145895,1605.77947527,0.391526,1.576839,-27.244423,0.194738,-0.99,False,-3.9072,False,-3.0654,False,-3.2689,False
2026-07-02T11:34:44.584272+00:00,BTC/USDT,SHORT,NO TRADE,0.0,68.0,21.0,23.4,2.4,MACD weak,MACD weak|Volume weak|RSI weak|EMA slope weak|Candle momentum weak,64.2237,389.74266935,342.75097611,46.99169324,60335.60436858,59890.81617144,0.392607,1.538554,-22.927036,0.14352,-0.4534,False,-1.1096,False,-0.5618,False,-0.3369,False
2026-07-02T11:34:45.304784+00:00,ETH/USDT,SHORT,NO TRADE,0.0,68.0,21.0,23.4,2.4,MACD weak,MACD weak|Volume weak|RSI weak|EMA slope weak|Candle momentum weak,64.3035,10.86479143,9.81944237,1.04534906,1620.87145895,1605.77947527,0.391526,1.576839,-27.244423,0.194738,-0.99,False,-3.9072,False,-3.0654,False,-3.2689,False
2026-07-02T11:39:49.410962+00:00,BTC/USDT,SHORT,NO TRADE,0.0,68.0,21.0,23.4,2.4,MACD weak,MACD weak|Volume weak|RSI weak|EMA slope weak|Candle momentum weak,64.2237,389.74266935,342.75097611,46.99169324,60335.60436858,59890.81617144,0.392607,1.538554,-22.927036,0.14352,-0.4534,False,-1.1096,False,-0.5618,False,-0.3369,False
2026-07-02T11:39:50.242749+00:00,ETH/USDT,SHORT,NO TRADE,0.0,68.0,21.0,23.4,2.4,MACD weak,MACD weak|Volume weak|RSI weak|EMA slope weak|Candle momentum weak,64.3035,10.86479143,9.81944237,1.04534906,1620.87145895,1605.77947527,0.391526,1.576839,-27.244423,0.194738,-0.99,False,-3.9072,False,-3.0654,False,-3.2689,False
2026-07-02T11:43:45.403727+00:00,BTC/USDT,SHORT,NO TRADE,0.0,68.0,21.0,23.4,2.4,MACD weak,MACD weak|Volume weak|RSI weak|EMA slope weak|Candle momentum weak,64.2237,389.74266935,342.75097611,46.99169324,60335.60436858,59890.81617144,0.392607,1.538554,-22.927036,0.14352,-0.4534,False,-1.1096,False,-0.5618,False,-0.3369,False
2026-07-02T11:43:46.163810+00:00,ETH/USDT,SHORT,NO TRADE,0.0,68.0,21.0,23.4,2.4,MACD weak,MACD weak|Volume weak|RSI weak|EMA slope weak|Candle momentum weak,64.3035,10.86479143,9.81944237,1.04534906,1620.87145895,1605.77947527,0.391526,1.576839,-27.244423,0.194738,-0.99,False,-3.9072,False,-3.0654,False,-3.2689,False
2026-07-02T11:45:36.315450+00:00,BTC/USDT,SHORT,NO TRADE,0.0,68.0,21.0,23.4,2.4,MACD weak,MACD weak|Volume weak|RSI weak|EMA slope weak|Candle momentum weak,64.2237,389.74266935,342.75097611,46.99169324,60335.60436858,59890.81617144,0.392607,1.538554,-22.927036,0.14352,-0.4534,False,-1.1096,False,-0.5618,False,-0.3369,False
2026-07-02T11:45:37.079422+00:00,ETH/USDT,SHORT,NO TRADE,0.0,68.0,21.0,23.4,2.4,MACD weak,MACD weak|Volume weak|RSI weak|EMA slope weak|Candle momentum weak,64.3035,10.86479143,9.81944237,1.04534906,1620.87145895,1605.77947527,0.391526,1.576839,-27.244423,0.194738,-0.99,False,-3.9072,False,-3.0654,False,-3.2689,False
2026-07-02T11:50:40.244667+00:00,BTC/USDT,SHORT,NO TRADE,0.0,68.0,21.0,23.4,2.4,MACD weak,MACD weak|Volume weak|RSI weak|EMA slope weak|Candle momentum weak,64.2237,389.74266935,342.75097611,46.99169324,60335.60436858,59890.81617144,0.392607,1.538554,-22.927036,0.14352,-0.4534,False,-1.1096,False,-0.5618,False,-0.3369,False
2026-07-02T11:50:41.103137+00:00,ETH/USDT,SHORT,NO TRADE,0.0,71.0,22.0,23.6,1.6,MACD weak,MACD weak|Volume weak|RSI weak|EMA slope weak|Candle momentum weak,64.3035,10.86479143,9.81944237,1.04534906,1620.87145895,1605.77947527,0.391526,1.576839,-27.244423,0.194738,-0.99,False,-3.9072,False,-3.0654,False,-3.2689,False
2026-07-02T11:55:44.455813+00:00,BTC/USDT,SHORT,NO TRADE,0.0,68.0,21.0,23.4,2.4,MACD weak,MACD weak|Volume weak|RSI weak|EMA slope weak|Candle momentum weak,64.2237,389.74266935,342.75097611,46.99169324,60335.60436858,59890.81617144,0.392607,1.538554,-22.927036,0.14352,-0.4534,False,-1.1096,False,-0.5618,False,-0.3369,False
2026-07-02T11:55:45.238437+00:00,ETH/USDT,SHORT,NO TRADE,0.0,68.0,21.0,23.4,2.4,MACD weak,MACD weak|Volume weak|RSI weak|EMA slope weak|Candle momentum weak,64.3035,10.86479143,9.81944237,1.04534906,1620.87145895,1605.77947527,0.391526,1.576839,-27.244423,0.194738,-0.99,False,-3.9072,False,-3.0654,False,-3.2689,False
2026-07-02T12:00:49.744169+00:00,BTC/USDT,SHORT,NO TRADE,0.0,68.0,21.0,23.4,2.4,MACD weak,MACD weak|Volume weak|EMA slope weak|Candle momentum weak,65.0221,422.42374373,358.68552964,63.7382141,60432.3753811,59948.10573334,0.487612,1.521245,-15.298396,0.143314,-0.9649,False,-0.5719,False,-0.5297,False,-0.3658,False
2026-07-02T12:00:50.574605+00:00,ETH/USDT,SHORT,NO TRADE,0.0,68.0,21.0,23.4,2.4,MACD weak,MACD weak|Volume weak|EMA slope weak|Candle momentum weak,65.6141,11.89072581,10.23369906,1.65702675,1623.69132,1607.53243703,0.504286,1.649863,-7.04044,0.245987,-3.6523,False,-3.0918,False,-2.9749,False,-3.3493,False
2026-07-02T12:05:53.911726+00:00,BTC/USDT,SHORT,NO TRADE,0.0,68.0,21.0,23.4,2.4,MACD weak,MACD weak|Volume weak|EMA slope weak|Candle momentum weak,65.0221,422.42374373,358.68552964,63.7382141,60432.3753811,59948.10573334,0.487612,1.521245,-15.298396,0.143314,-0.9649,False,-0.5719,False,-0.5297,False,-0.3658,False
2026-07-02T12:05:54.797436+00:00,ETH/USDT,SHORT,NO TRADE,0.0,71.0,22.0,23.6,1.6,MACD weak,MACD weak|Volume weak|EMA slope weak|Candle momentum weak,65.6141,11.89072581,10.23369906,1.65702675,1623.69132,1607.53243703,0.504286,1.649863,-7.04044,0.245987,-3.6523,False,-3.0918,False,-2.9749,False,-3.3493,False
2026-07-02T12:10:58.003158+00:00,BTC/USDT,SHORT,NO TRADE,0.0,68.0,21.0,23.4,2.4,MACD weak,MACD weak|Volume weak|EMA slope weak|Candle momentum weak,65.0221,422.42374373,358.68552964,63.7382141,60432.3753811,59948.10573334,0.487612,1.521245,-15.298396,0.143314,-0.9649,False,-0.5719,False,-0.5297,False,-0.3658,False
2026-07-02T12:10:58.956063+00:00,ETH/USDT,SHORT,NO TRADE,0.0,71.0,22.0,23.6,1.6,MACD weak,MACD weak|Volume weak|EMA slope weak|Candle momentum weak,65.6141,11.89072581,10.23369906,1.65702675,1623.69132,1607.53243703,0.504286,1.649863,-7.04044,0.245987,-3.6523,False,-3.0918,False,-2.9749,False,-3.3493,False
2026-07-02T12:16:02.615743+00:00,BTC/USDT,SHORT,NO TRADE,0.0,68.0,21.0,23.4,2.4,MACD weak,MACD weak|Volume weak|EMA slope weak|Candle momentum weak,65.0221,422.42374373,358.68552964,63.7382141,60432.3753811,59948.10573334,0.487612,1.521245,-15.298396,0.143314,-0.9649,False,-0.5719,False,-0.5297,False,-0.3658,False
2026-07-02T12:16:03.715910+00:00,ETH/USDT,SHORT,NO TRADE,0.0,71.0,22.0,23.6,1.6,MACD weak,MACD weak|Volume weak|EMA slope weak|Candle momentum weak,65.6141,11.89072581,10.23369906,1.65702675,1623.69132,1607.53243703,0.504286,1.649863,-7.04044,0.245987,-3.6523,False,-3.0918,False,-2.9749,False,-3.3493,False
2026-07-02T12:21:07.320411+00:00,BTC/USDT,SHORT,NO TRADE,0.0,68.0,21.0,23.4,2.4,MACD weak,MACD weak|Volume weak|EMA slope weak|Candle momentum weak,65.0221,422.42374373,358.68552964,63.7382141,60432.3753811,59948.10573334,0.487612,1.521245,-15.298396,0.143314,-0.9649,False,-0.5719,False,-0.5297,False,-0.3658,False
2026-07-02T12:21:08.965205+00:00,ETH/USDT,SHORT,NO TRADE,0.0,71.0,22.0,23.6,1.6,MACD weak,MACD weak|Volume weak|EMA slope weak|Candle momentum weak,65.6141,11.89072581,10.23369906,1.65702675,1623.69132,1607.53243703,0.504286,1.649863,-7.04044,0.245987,-3.6523,False,-3.0918,False,-2.9749,False,-3.3493,False
2026-07-02T12:24:28.846053+00:00,BTC/USDT,SHORT,NO TRADE,0.0,68.0,21.0,23.4,2.4,MACD weak,MACD weak|Volume weak|EMA slope weak|Candle momentum weak,65.0221,422.42374373,358.68552964,63.7382141,60432.3753811,59948.10573334,0.487612,1.521245,-15.298396,0.143314,-0.9649,False,-0.5719,False,-0.5297,False,-0.3658,False
2026-07-02T12:24:29.596107+00:00,ETH/USDT,SHORT,NO TRADE,0.0,71.0,22.0,23.6,1.6,MACD weak,MACD weak|Volume weak|EMA slope weak|Candle momentum weak,65.6141,11.89072581,10.23369906,1.65702675,1623.69132,1607.53243703,0.504286,1.649863,-7.04044,0.245987,-3.6523,False,-3.0918,False,-2.9749,False,-3.3493,False
2026-07-02T12:29:32.562072+00:00,BTC/USDT,SHORT,NO TRADE,0.0,68.0,21.0,23.4,2.4,MACD weak,MACD weak|Volume weak|EMA slope weak|Candle momentum weak,65.0221,422.42374373,358.68552964,63.7382141,60432.3753811,59948.10573334,0.487612,1.521245,-15.298396,0.143314,-0.9649,False,-0.5719,False,-0.5297,False,-0.3658,False
2026-07-02T12:29:33.452559+00:00,ETH/USDT,SHORT,NO TRADE,0.0,71.0,22.0,23.6,1.6,MACD weak,MACD weak|Volume weak|EMA slope weak|Candle momentum weak,65.6141,11.89072581,10.23369906,1.65702675,1623.69132,1607.53243703,0.504286,1.649863,-7.04044,0.245987,-3.6523,False,-3.0918,False,-2.9749,False,-3.3493,False
2026-07-02T12:34:36.990554+00:00,BTC/USDT,SHORT,NO TRADE,0.0,68.0,21.0,23.4,2.4,MACD weak,MACD weak|Volume weak|EMA slope weak|Candle momentum weak,65.0221,422.42374373,358.68552964,63.7382141,60432.3753811,59948.10573334,0.487612,1.521245,-15.298396,0.143314,-0.9649,False,-0.5719,False,-0.5297,False,-0.3658,False
2026-07-02T12:34:38.508193+00:00,ETH/USDT,SHORT,NO TRADE,0.0,65.0,20.0,21.6,1.6,MACD weak,MACD weak|Volume weak|EMA slope weak|Candle momentum weak,65.6141,11.89072581,10.23369906,1.65702675,1623.69132,1607.53243703,0.504286,1.649863,-7.04044,0.245987,-3.6523,False,-3.0918,False,-2.9749,False,-3.3493,False
2026-07-02T12:39:42.066870+00:00,BTC/USDT,SHORT,NO TRADE,0.0,71.0,22.0,23.6,1.6,MACD weak,MACD weak|Volume weak|EMA slope weak|Candle momentum weak,65.0221,422.42374373,358.68552964,63.7382141,60432.3753811,59948.10573334,0.487612,1.521245,-15.298396,0.143314,-0.9649,False,-0.5719,False,-0.5297,False,-0.3658,False
2026-07-02T12:39:42.932484+00:00,ETH/USDT,SHORT,NO TRADE,0.0,71.0,22.0,23.6,1.6,MACD weak,MACD weak|Volume weak|EMA slope weak|Candle momentum weak,65.6141,11.89072581,10.23369906,1.65702675,1623.69132,1607.53243703,0.504286,1.649863,-7.04044,0.245987,-3.6523,False,-3.0918,False,-2.9749,False,-3.3493,False
2026-07-02T12:44:46.553554+00:00,BTC/USDT,SHORT,NO TRADE,0.0,71.0,22.0,23.6,1.6,MACD weak,MACD weak|Volume weak|EMA slope weak|Candle momentum weak,65.0221,422.42374373,358.68552964,63.7382141,60432.3753811,59948.10573334,0.487612,1.521245,-15.298396,0.143314,-0.9649,False,-0.5719,False,-0.5297,False,-0.3658,False
2026-07-02T12:44:47.829798+00:00,ETH/USDT,SHORT,NO TRADE,0.0,71.0,22.0,23.6,1.6,MACD weak,MACD weak|Volume weak|EMA slope weak|Candle momentum weak,65.6141,11.89072581,10.23369906,1.65702675,1623.69132,1607.53243703,0.504286,1.649863,-7.04044,0.245987,-3.6523,False,-3.0918,False,-2.9749,False,-3.3493,False
2026-07-02T12:47:29.694407+00:00,BTC/USDT,SHORT,NO TRADE,0.0,71.0,22.0,23.6,1.6,MACD weak,MACD weak|Volume weak|EMA slope weak|Candle momentum weak,65.0221,422.42374373,358.68552964,63.7382141,60432.3753811,59948.10573334,0.487612,1.521245,-15.298396,0.143314,-0.9649,False,-0.5719,False,-0.5297,False,-0.3658,False
2026-07-02T12:47:31.700448+00:00,ETH/USDT,SHORT,NO TRADE,0.0,71.0,22.0,23.6,1.6,MACD weak,MACD weak|Volume weak|EMA slope weak|Candle momentum weak,65.6141,11.89072581,10.23369906,1.65702675,1623.69132,1607.53243703,0.504286,1.649863,-7.04044,0.245987,-3.6523,False,-3.0918,False,-2.9749,False,-3.3493,False
2026-07-02T12:52:35.451382+00:00,BTC/USDT,SHORT,NO TRADE,0.0,71.0,22.0,23.6,1.6,MACD weak,MACD weak|Volume weak|EMA slope weak|Candle momentum weak,65.0221,422.42374373,358.68552964,63.7382141,60432.3753811,59948.10573334,0.487612,1.521245,-15.298396,0.143314,-0.9649,False,-0.5719,False,-0.5297,False,-0.3658,False
2026-07-02T12:52:36.282151+00:00,ETH/USDT,SHORT,NO TRADE,0.0,71.0,22.0,23.6,1.6,MACD weak,MACD weak|Volume weak|EMA slope weak|Candle momentum weak,65.6141,11.89072581,10.23369906,1.65702675,1623.69132,1607.53243703,0.504286,1.649863,-7.04044,0.245987,-3.6523,False,-3.0918,False,-2.9749,False,-3.3493,False
2026-07-02T12:57:40.874495+00:00,BTC/USDT,SHORT,NO TRADE,0.0,71.0,22.0,23.6,1.6,MACD weak,MACD weak|Volume weak|EMA slope weak|Candle momentum weak,65.0221,422.42374373,358.68552964,63.7382141,60432.3753811,59948.10573334,0.487612,1.521245,-15.298396,0.143314,-0.9649,False,-0.5719,False,-0.5297,False,-0.3658,False
2026-07-02T12:57:42.613444+00:00,ETH/USDT,SHORT,NO TRADE,0.0,71.0,22.0,23.6,1.6,MACD weak,MACD weak|Volume weak|EMA slope weak|Candle momentum weak,65.6141,11.89072581,10.23369906,1.65702675,1623.69132,1607.53243703,0.504286,1.649863,-7.04044,0.245987,-3.6523,False,-3.0918,False,-2.9749,False,-3.3493,False
2026-07-02T13:02:46.548015+00:00,BTC/USDT,SHORT,NO TRADE,0.0,71.0,22.0,23.6,1.6,MACD weak,MACD weak|EMA slope weak|Candle momentum weak,66.7511,458.37132345,378.6226884,79.74863505,60538.0253448,60010.59962615,0.498252,1.657924,31.496024,0.30969,-0.2614,False,-0.1079,False,-0.2059,False,-0.0717,False
2026-07-02T13:02:47.799109+00:00,ETH/USDT,SHORT,NO TRADE,0.0,71.0,22.0,23.6,1.6,MACD weak,MACD weak|Candle momentum weak|EMA slope weak,69.2874,13.53622169,10.89420358,2.64201811,1627.40928953,1609.69704734,0.570282,2.170364,124.846983,0.742208,-2.3323,False,-2.0551,False,-1.9841,False,-2.2559,False
2026-07-02T13:05:43.270410+00:00,BTC/USDT,SHORT,NO TRADE,0.0,71.0,22.0,23.6,1.6,MACD weak,MACD weak|EMA slope weak|Candle momentum weak,66.7511,458.37132345,378.6226884,79.74863505,60538.0253448,60010.59962615,0.498252,1.657924,31.496024,0.30969,-0.2614,False,-0.1079,False,-0.2059,False,-0.0717,False
2026-07-02T13:05:44.355229+00:00,ETH/USDT,SHORT,NO TRADE,0.0,71.0,22.0,23.6,1.6,MACD weak,MACD weak|Candle momentum weak|EMA slope weak,69.2874,13.53622169,10.89420358,2.64201811,1627.40928953,1609.69704734,0.570282,2.170364,124.846983,0.742208,-2.3323,False,-2.0551,False,-1.9841,False,-2.2559,False
2026-07-02T13:06:23.625888+00:00,BTC/USDT,SHORT,NO TRADE,0.0,71.0,22.0,23.6,1.6,MACD weak,MACD weak|EMA slope weak|Candle momentum weak,66.7511,458.37132345,378.6226884,79.74863505,60538.0253448,60010.59962615,0.498252,1.657924,31.496024,0.30969,-0.2614,False,-0.1079,False,-0.2059,False,-0.0717,False
2026-07-02T13:06:24.507099+00:00,ETH/USDT,SHORT,NO TRADE,0.0,71.0,22.0,23.6,1.6,MACD weak,MACD weak|Candle momentum weak|EMA slope weak,69.2874,13.53622169,10.89420358,2.64201811,1627.40928953,1609.69704734,0.570282,2.170364,124.846983,0.742208,-2.3323,False,-2.0551,False,-1.9841,False,-2.2559,False
2026-07-02T13:11:27.853605+00:00,BTC/USDT,SHORT,NO TRADE,0.0,71.0,22.0,23.6,1.6,MACD weak,MACD weak|EMA slope weak|Candle momentum weak,66.7511,458.37132345,378.6226884,79.74863505,60538.0253448,60010.59962615,0.498252,1.657924,31.496024,0.30969,-0.2614,False,-0.1079,False,-0.2059,False,-0.0717,False
2026-07-02T13:11:28.752866+00:00,ETH/USDT,SHORT,NO TRADE,0.0,71.0,22.0,23.6,1.6,MACD weak,MACD weak|Candle momentum weak|EMA slope weak,69.2874,13.53622169,10.89420358,2.64201811,1627.40928953,1609.69704734,0.570282,2.170364,124.846983,0.742208,-2.3323,False,-2.0551,False,-1.9841,False,-2.2559,False
2026-07-02T13:16:32.045782+00:00,BTC/USDT,SHORT,NO TRADE,0.0,71.0,22.0,23.6,1.6,MACD weak,MACD weak|EMA slope weak|Candle momentum weak,66.7511,458.37132345,378.6226884,79.74863505,60538.0253448,60010.59962615,0.498252,1.657924,31.496024,0.30969,-0.2614,False,-0.1079,False,-0.2059,False,-0.0717,False
2026-07-02T13:16:33.292911+00:00,ETH/USDT,SHORT,NO TRADE,0.0,71.0,22.0,23.6,1.6,MACD weak,MACD weak|Candle momentum weak|EMA slope weak,69.2874,13.53622169,10.89420358,2.64201811,1627.40928953,1609.69704734,0.570282,2.170364,124.846983,0.742208,-2.3323,False,-2.0551,False,-1.9841,False,-2.2559,False
2026-07-02T13:21:37.299197+00:00,BTC/USDT,SHORT,NO TRADE,0.0,71.0,22.0,23.6,1.6,MACD weak,MACD weak|EMA slope weak|Candle momentum weak,66.7511,458.37132345,378.6226884,79.74863505,60538.0253448,60010.59962615,0.498252,1.657924,31.496024,0.30969,-0.2614,False,-0.1079,False,-0.2059,False,-0.0717,False
2026-07-02T13:21:38.099072+00:00,ETH/USDT,SHORT,NO TRADE,0.0,71.0,22.0,23.6,1.6,MACD weak,MACD weak|Candle momentum weak|EMA slope weak,69.2874,13.53622169,10.89420358,2.64201811,1627.40928953,1609.69704734,0.570282,2.170364,124.846983,0.742208,-2.3323,False,-2.0551,False,-1.9841,False,-2.2559,False
2026-07-02T13:23:46.652962+00:00,BTC/USDT,SHORT,NO TRADE,0.0,71.0,22.0,23.6,1.6,MACD weak,MACD weak|EMA slope weak|Candle momentum weak,66.7511,458.37132345,378.6226884,79.74863505,60538.0253448,60010.59962615,0.498252,1.657924,31.496024,0.30969,-0.2614,False,-0.1079,False,-0.2059,False,-0.0717,False
2026-07-02T13:23:47.410797+00:00,ETH/USDT,SHORT,NO TRADE,0.0,71.0,22.0,22.8,0.8,MACD weak,MACD weak|Candle momentum weak|EMA slope weak,69.2874,13.53622169,10.89420358,2.64201811,1627.40928953,1609.69704734,0.570282,2.170364,124.846983,0.742208,-2.3323,False,-2.0551,False,-1.9841,False,-2.2559,False
2026-07-02T13:28:50.938382+00:00,BTC/USDT,SHORT,NO TRADE,0.0,71.0,22.0,23.6,1.6,MACD weak,MACD weak|EMA slope weak|Candle momentum weak,66.7511,458.37132345,378.6226884,79.74863505,60538.0253448,60010.59962615,0.498252,1.657924,31.496024,0.30969,-0.2614,False,-0.1079,False,-0.2059,False,-0.0717,False
2026-07-02T13:28:51.916342+00:00,ETH/USDT,SHORT,NO TRADE,0.0,71.0,22.0,22.8,0.8,MACD weak,MACD weak|Candle momentum weak|EMA slope weak,69.2874,13.53622169,10.89420358,2.64201811,1627.40928953,1609.69704734,0.570282,2.170364,124.846983,0.742208,-2.3323,False,-2.0551,False,-1.9841,False,-2.2559,False
2026-07-02T13:33:55.102159+00:00,BTC/USDT,SHORT,NO TRADE,0.0,71.0,22.0,23.6,1.6,MACD weak,MACD weak|EMA slope weak|Candle momentum weak,66.7511,458.37132345,378.6226884,79.74863505,60538.0253448,60010.59962615,0.498252,1.657924,31.496024,0.30969,-0.2614,False,-0.1079,False,-0.2059,False,-0.0717,False
2026-07-02T13:33:56.003554+00:00,ETH/USDT,SHORT,NO TRADE,0.0,71.0,22.0,22.8,0.8,MACD weak,MACD weak|Candle momentum weak|EMA slope weak,69.2874,13.53622169,10.89420358,2.64201811,1627.40928953,1609.69704734,0.570282,2.170364,124.846983,0.742208,-2.3323,False,-2.0551,False,-1.9841,False,-2.2559,False
2026-07-02T13:38:59.404633+00:00,BTC/USDT,SHORT,NO TRADE,0.0,71.0,22.0,23.6,1.6,MACD weak,MACD weak|EMA slope weak|Candle momentum weak,66.7511,458.37132345,378.6226884,79.74863505,60538.0253448,60010.59962615,0.498252,1.657924,31.496024,0.30969,-0.2614,False,-0.1079,False,-0.2059,False,-0.0717,False
2026-07-02T13:39:00.299891+00:00,ETH/USDT,SHORT,NO TRADE,0.0,71.0,22.0,22.8,0.8,MACD weak,MACD weak|Candle momentum weak|EMA slope weak,69.2874,13.53622169,10.89420358,2.64201811,1627.40928953,1609.69704734,0.570282,2.170364,124.846983,0.742208,-2.3323,False,-2.0551,False,-1.9841,False,-2.2559,False
2026-07-02T13:44:04.693272+00:00,BTC/USDT,SHORT,NO TRADE,0.0,71.0,22.0,23.6,1.6,MACD weak,MACD weak|EMA slope weak|Candle momentum weak,66.7511,458.37132345,378.6226884,79.74863505,60538.0253448,60010.59962615,0.498252,1.657924,31.496024,0.30969,-0.2614,False,-0.1079,False,-0.2059,False,-0.0717,False
2026-07-02T13:44:05.607777+00:00,ETH/USDT,SHORT,NO TRADE,0.0,71.0,22.0,22.8,0.8,MACD weak,MACD weak|Candle momentum weak|EMA slope weak,69.2874,13.53622169,10.89420358,2.64201811,1627.40928953,1609.69704734,0.570282,2.170364,124.846983,0.742208,-2.3323,False,-2.0551,False,-1.9841,False,-2.2559,False
2026-07-02T13:49:11.653515+00:00,BTC/USDT,SHORT,NO TRADE,0.0,71.0,22.0,23.6,1.6,MACD weak,MACD weak|EMA slope weak|Candle momentum weak,66.7511,458.37132345,378.6226884,79.74863505,60538.0253448,60010.59962615,0.498252,1.657924,31.496024,0.30969,-0.2614,False,-0.1079,False,-0.2059,False,-0.0717,False
2026-07-02T13:49:12.657464+00:00,ETH/USDT,SHORT,NO TRADE,0.0,71.0,22.0,22.8,0.8,MACD weak,MACD weak|Candle momentum weak|EMA slope weak,69.2874,13.53622169,10.89420358,2.64201811,1627.40928953,1609.69704734,0.570282,2.170364,124.846983,0.742208,-2.3323,False,-2.0551,False,-1.9841,False,-2.2559,False
2026-07-02T13:54:16.591053+00:00,BTC/USDT,SHORT,NO TRADE,0.0,71.0,22.0,23.6,1.6,MACD weak,MACD weak|EMA slope weak|Candle momentum weak,66.7511,458.37132345,378.6226884,79.74863505,60538.0253448,60010.59962615,0.498252,1.657924,31.496024,0.30969,-0.2614,False,-0.1079,False,-0.2059,False,-0.0717,False
2026-07-02T13:54:17.384784+00:00,ETH/USDT,SHORT,NO TRADE,0.0,71.0,22.0,22.8,0.8,MACD weak,MACD weak|Candle momentum weak|EMA slope weak,69.2874,13.53622169,10.89420358,2.64201811,1627.40928953,1609.69704734,0.570282,2.170364,124.846983,0.742208,-2.3323,False,-2.0551,False,-1.9841,False,-2.2559,False
2026-07-02T13:59:21.478594+00:00,BTC/USDT,SHORT,NO TRADE,0.0,71.0,22.0,23.6,1.6,MACD weak,MACD weak|EMA slope weak|Candle momentum weak,66.7511,458.37132345,378.6226884,79.74863505,60538.0253448,60010.59962615,0.498252,1.657924,31.496024,0.30969,-0.2614,False,-0.1079,False,-0.2059,False,-0.0717,False
2026-07-02T13:59:22.478487+00:00,ETH/USDT,SHORT,NO TRADE,0.0,71.0,22.0,22.8,0.8,MACD weak,MACD weak|Candle momentum weak|EMA slope weak,69.2874,13.53622169,10.89420358,2.64201811,1627.40928953,1609.69704734,0.570282,2.170364,124.846983,0.742208,-2.3323,False,-2.0551,False,-1.9841,False,-2.2559,False
2026-07-02T14:04:26.135874+00:00,BTC/USDT,SHORT,NO TRADE,0.0,71.0,22.0,23.6,1.6,MACD weak,MACD weak|Candle momentum weak|EMA slope weak,70.1169,513.38015288,405.5741813,107.80597159,60671.89912149,60086.40748395,0.557374,2.096194,48.745288,0.653216,0.5418,True,0.431,True,0.2967,True,0.7747,True
2026-07-02T14:04:26.956209+00:00,ETH/USDT,SHORT,NO TRADE,0.0,71.0,22.0,22.8,0.8,MACD weak,MACD weak|Candle momentum weak|EMA slope weak,78.8344,18.50262192,12.41588725,6.08673467,1635.34745243,1613.66030038,0.893099,4.611408,447.087006,2.888623,0.8102,True,0.6535,True,0.505,True,0.8224,True
2026-07-02T14:09:30.144301+00:00,BTC/USDT,SHORT,NO TRADE,0.0,71.0,22.0,23.6,1.6,MACD weak,MACD weak|Candle momentum weak|EMA slope weak,70.1169,513.38015288,405.5741813,107.80597159,60671.89912149,60086.40748395,0.557374,2.096194,48.745288,0.653216,0.5418,True,0.431,True,0.2967,True,0.7747,True
2026-07-02T14:09:31.015743+00:00,ETH/USDT,SHORT,NO TRADE,0.0,71.0,22.0,22.8,0.8,MACD weak,MACD weak|Candle momentum weak|EMA slope weak,78.8344,18.50262192,12.41588725,6.08673467,1635.34745243,1613.66030038,0.893099,4.611408,447.087006,2.888623,0.8102,True,0.6535,True,0.505,True,0.8224,True
2026-07-02T14:14:34.115694+00:00,BTC/USDT,SHORT,NO TRADE,0.0,71.0,22.0,23.6,1.6,MACD weak,MACD weak|Candle momentum weak|EMA slope weak,70.1169,513.38015288,405.5741813,107.80597159,60671.89912149,60086.40748395,0.557374,2.096194,48.745288,0.653216,0.5418,True,0.431,True,0.2967,True,0.7747,True
2026-07-02T14:14:34.978462+00:00,ETH/USDT,SHORT,NO TRADE,0.0,71.0,22.0,22.8,0.8,MACD weak,MACD weak|Candle momentum weak|EMA slope weak,78.8344,18.50262192,12.41588725,6.08673467,1635.34745243,1613.66030038,0.893099,4.611408,447.087006,2.888623,0.8102,True,0.6535,True,0.505,True,0.8224,True
2026-07-02T14:19:38.012728+00:00,BTC/USDT,SHORT,NO TRADE,0.0,71.0,22.0,23.6,1.6,MACD weak,MACD weak|Candle momentum weak|EMA slope weak,70.1169,513.38015288,405.5741813,107.80597159,60671.89912149,60086.40748395,0.557374,2.096194,48.745288,0.653216,0.5418,True,0.431,True,0.2967,True,0.7747,True
2026-07-02T14:19:38.793625+00:00,ETH/USDT,SHORT,NO TRADE,0.0,71.0,22.0,22.8,0.8,MACD weak,MACD weak|Candle momentum weak|EMA slope weak,78.8344,18.50262192,12.41588725,6.08673467,1635.34745243,1613.66030038,0.893099,4.611408,447.087006,2.888623,0.8102,True,0.6535,True,0.505,True,0.8224,True
2026-07-02T14:24:42.871641+00:00,BTC/USDT,SHORT,NO TRADE,0.0,71.0,22.0,23.6,1.6,MACD weak,MACD weak|Candle momentum weak|EMA slope weak,70.1169,513.38015288,405.5741813,107.80597159,60671.89912149,60086.40748395,0.557374,2.096194,48.745288,0.653216,0.5418,True,0.431,True,0.2967,True,0.7747,True
2026-07-02T14:24:44.134883+00:00,ETH/USDT,SHORT,NO TRADE,0.0,71.0,22.0,22.8,0.8,MACD weak,MACD weak|Candle momentum weak|EMA slope weak,78.8344,18.50262192,12.41588725,6.08673467,1635.34745243,1613.66030038,0.893099,4.611408,447.087006,2.888623,0.8102,True,0.6535,True,0.505,True,0.8224,True
2026-07-02T14:29:49.061758+00:00,BTC/USDT,SHORT,NO TRADE,0.0,71.0,22.0,23.6,1.6,MACD weak,MACD weak|Candle momentum weak|EMA slope weak,70.1169,513.38015288,405.5741813,107.80597159,60671.89912149,60086.40748395,0.557374,2.096194,48.745288,0.653216,0.5418,True,0.431,True,0.2967,True,0.7747,True
2026-07-02T14:29:50.598071+00:00,ETH/USDT,SHORT,NO TRADE,0.0,71.0,22.0,22.8,0.8,MACD weak,MACD weak|Candle momentum weak|EMA slope weak,78.8344,18.50262192,12.41588725,6.08673467,1635.34745243,1613.66030038,0.893099,4.611408,447.087006,2.888623,0.8102,True,0.6535,True,0.505,True,0.8224,True
2026-07-02T14:34:53.813310+00:00,BTC/USDT,SHORT,NO TRADE,0.0,62.0,19.0,21.4,2.4,MACD weak,MACD weak|Candle momentum weak|EMA slope weak,70.1169,513.38015288,405.5741813,107.80597159,60671.89912149,60086.40748395,0.557374,2.096194,48.745288,0.653216,0.5418,True,0.431,True,0.2967,True,0.7747,True
2026-07-02T14:34:54.687312+00:00,ETH/USDT,SHORT,NO TRADE,0.0,68.0,21.0,21.8,0.8,MACD weak,MACD weak|Candle momentum weak|EMA slope weak,78.8344,18.50262192,12.41588725,6.08673467,1635.34745243,1613.66030038,0.893099,4.611408,447.087006,2.888623,0.8102,True,0.6535,True,0.505,True,0.8224,True
2026-07-02T14:37:54.392809+00:00,BTC/USDT,SHORT,NO TRADE,0.0,71.0,22.0,23.6,1.6,MACD weak,MACD weak|Candle momentum weak|EMA slope weak,70.1169,513.38015288,405.5741813,107.80597159,60671.89912149,60086.40748395,0.557374,2.096194,48.745288,0.653216,0.5418,True,0.431,True,0.2967,True,0.7747,True
2026-07-02T14:37:55.262651+00:00,ETH/USDT,SHORT,NO TRADE,0.0,71.0,22.0,22.8,0.8,MACD weak,MACD weak|Candle momentum weak|EMA slope weak,78.8344,18.50262192,12.41588725,6.08673467,1635.34745243,1613.66030038,0.893099,4.611408,447.087006,2.888623,0.8102,True,0.6535,True,0.505,True,0.8224,True
2026-07-02T14:37:56.783234+00:00,BNB/USDT,SHORT,NO TRADE,0.0,92.0,24.0,24.4,0.4,MACD weak,MACD weak|EMA slope weak|Candle momentum weak,68.2081,2.79883014,1.50148897,1.29734117,554.76860562,552.57912619,0.524603,1.880314,329.201777,0.337298,0.4423,True,0.5485,True,0.8846,True,1.3447,True
2026-07-02T14:37:57.529032+00:00,XRP/USDT,SHORT,NO TRADE,0.0,59.0,18.0,19.6,1.6,Candle momentum weak,Candle momentum weak|EMA slope weak|MACD weak,75.9671,0.01016433,0.00624266,0.00392167,1.0697626,1.05931642,0.813119,3.219163,150.473433,1.043192,0.9962,True,1.1954,True,1.3494,True,1.8294,True
2026-07-02T14:37:58.395711+00:00,LINK/USDT,SHORT,NO TRADE,0.0,71.0,22.0,22.8,0.8,MACD weak,MACD weak|Candle momentum weak|EMA slope weak,78.7118,0.10743477,0.07323607,0.0341987,7.53311446,7.41653849,1.094748,4.57826,281.702419,1.769797,1.1678,True,1.3074,True,1.5232,True,2.0564,True
2026-07-02T14:38:00.954211+00:00,DOGE/USDT,SHORT,NO TRADE,0.0,92.0,25.0,26.4,1.4,Candle momentum weak,Candle momentum weak|EMA slope weak|MACD weak,69.9115,0.00051972,0.00032198,0.00019774,0.07331054,0.07285164,0.608634,2.427291,149.973793,0.981711,0.7325,True,1.0254,True,0.9322,True,1.4516,True
2026-07-02T14:43:04.167009+00:00,BTC/USDT,SHORT,NO TRADE,0.0,62.0,19.0,21.4,2.4,MACD weak,MACD weak|Candle momentum weak|EMA slope weak,70.1169,513.38015288,405.5741813,107.80597159,60671.89912149,60086.40748395,0.557374,2.096194,48.745288,0.653216,0.5418,True,0.431,True,0.2967,True,0.7747,True
2026-07-02T14:43:05.076430+00:00,ETH/USDT,SHORT,NO TRADE,0.0,68.0,21.0,21.8,0.8,MACD weak,MACD weak|Candle momentum weak|EMA slope weak,78.8344,18.50262192,12.41588725,6.08673467,1635.34745243,1613.66030038,0.893099,4.611408,447.087006,2.888623,0.8102,True,0.6535,True,0.505,True,0.8224,True
2026-07-02T14:43:07.135484+00:00,BNB/USDT,SHORT,NO TRADE,0.0,86.0,22.0,22.4,0.4,MACD weak,MACD weak|EMA slope weak|Candle momentum weak,68.2081,2.79883014,1.50148897,1.29734117,554.76860562,552.57912619,0.524603,1.880314,329.201777,0.337298,0.4423,True,0.5485,True,0.8846,True,1.3447,True
2026-07-02T14:43:07.993086+00:00,XRP/USDT,SHORT,NO TRADE,0.0,56.0,17.0,19.4,2.4,Candle momentum weak,Candle momentum weak|EMA slope weak|MACD weak,75.9671,0.01016433,0.00624266,0.00392167,1.0697626,1.05931642,0.813119,3.219163,150.473433,1.043192,0.9962,True,1.1954,True,1.3494,True,1.8294,True
2026-07-02T14:43:08.975167+00:00,LINK/USDT,SHORT,NO TRADE,0.0,68.0,21.0,21.8,0.8,MACD weak,MACD weak|Candle momentum weak|EMA slope weak,78.7118,0.10743477,0.07323607,0.0341987,7.53311446,7.41653849,1.094748,4.57826,281.702419,1.769797,1.1678,True,1.3074,True,1.5232,True,2.0564,True
2026-07-02T14:43:12.112432+00:00,DOGE/USDT,SHORT,NO TRADE,0.0,92.0,25.0,26.4,1.4,Candle momentum weak,Candle momentum weak|EMA slope weak|MACD weak,69.9115,0.00051972,0.00032198,0.00019774,0.07331054,0.07285164,0.608634,2.427291,149.973793,0.981711,0.7325,True,1.0254,True,0.9322,True,1.4516,True
2026-07-02T14:48:14.417184+00:00,BTC/USDT,SHORT,NO TRADE,0.0,62.0,19.0,21.4,2.4,MACD weak,MACD weak|Candle momentum weak|EMA slope weak,70.1169,513.38015288,405.5741813,107.80597159,60671.89912149,60086.40748395,0.557374,2.096194,48.745288,0.653216,0.5418,True,0.431,True,0.2967,True,0.7747,True
2026-07-02T14:48:15.438826+00:00,ETH/USDT,SHORT,NO TRADE,0.0,68.0,21.0,21.8,0.8,MACD weak,MACD weak|Candle momentum weak|EMA slope weak,78.8344,18.50262192,12.41588725,6.08673467,1635.34745243,1613.66030038,0.893099,4.611408,447.087006,2.888623,0.8102,True,0.6535,True,0.505,True,0.8224,True
2026-07-02T14:48:17.077029+00:00,BNB/USDT,SHORT,NO TRADE,0.0,86.0,22.0,22.4,0.4,MACD weak,MACD weak|EMA slope weak|Candle momentum weak,68.2081,2.79883014,1.50148897,1.29734117,554.76860562,552.57912619,0.524603,1.880314,329.201777,0.337298,0.4423,True,0.5485,True,0.8846,True,1.3447,True
2026-07-02T14:48:18.121227+00:00,XRP/USDT,SHORT,NO TRADE,0.0,56.0,17.0,19.4,2.4,Candle momentum weak,Candle momentum weak|EMA slope weak|MACD weak,75.9671,0.01016433,0.00624266,0.00392167,1.0697626,1.05931642,0.813119,3.219163,150.473433,1.043192,0.9962,True,1.1954,True,1.3494,True,1.8294,True
2026-07-02T14:48:19.001481+00:00,LINK/USDT,SHORT,NO TRADE,0.0,68.0,21.0,21.8,0.8,MACD weak,MACD weak|Candle momentum weak|EMA slope weak,78.7118,0.10743477,0.07323607,0.0341987,7.53311446,7.41653849,1.094748,4.57826,281.702419,1.769797,1.1678,True,1.3074,True,1.5232,True,2.0564,True
2026-07-02T14:48:21.606426+00:00,DOGE/USDT,SHORT,NO TRADE,0.0,92.0,25.0,26.4,1.4,Candle momentum weak,Candle momentum weak|EMA slope weak|MACD weak,69.9115,0.00051972,0.00032198,0.00019774,0.07331054,0.07285164,0.608634,2.427291,149.973793,0.981711,0.7325,True,1.0254,True,0.9322,True,1.4516,True
2026-07-02T14:53:23.983126+00:00,BTC/USDT,SHORT,NO TRADE,0.0,62.0,19.0,21.4,2.4,MACD weak,MACD weak|Candle momentum weak|EMA slope weak,70.1169,513.38015288,405.5741813,107.80597159,60671.89912149,60086.40748395,0.557374,2.096194,48.745288,0.653216,0.5418,True,0.431,True,0.2967,True,0.7747,True
2026-07-02T14:53:25.467463+00:00,ETH/USDT,SHORT,NO TRADE,0.0,68.0,21.0,21.8,0.8,MACD weak,MACD weak|Candle momentum weak|EMA slope weak,78.8344,18.50262192,12.41588725,6.08673467,1635.34745243,1613.66030038,0.893099,4.611408,447.087006,2.888623,0.8102,True,0.6535,True,0.505,True,0.8224,True
2026-07-02T14:53:27.153234+00:00,BNB/USDT,SHORT,NO TRADE,0.0,86.0,22.0,22.4,0.4,MACD weak,MACD weak|EMA slope weak|Candle momentum weak,68.2081,2.79883014,1.50148897,1.29734117,554.76860562,552.57912619,0.524603,1.880314,329.201777,0.337298,0.4423,True,0.5485,True,0.8846,True,1.3447,True
2026-07-02T14:53:27.944928+00:00,XRP/USDT,SHORT,NO TRADE,0.0,56.0,17.0,19.4,2.4,Candle momentum weak,Candle momentum weak|EMA slope weak|MACD weak,75.9671,0.01016433,0.00624266,0.00392167,1.0697626,1.05931642,0.813119,3.219163,150.473433,1.043192,0.9962,True,1.1954,True,1.3494,True,1.8294,True
2026-07-02T14:53:29.146417+00:00,LINK/USDT,SHORT,NO TRADE,0.0,68.0,21.0,21.8,0.8,MACD weak,MACD weak|Candle momentum weak|EMA slope weak,78.7118,0.10743477,0.07323607,0.0341987,7.53311446,7.41653849,1.094748,4.57826,281.702419,1.769797,1.1678,True,1.3074,True,1.5232,True,2.0564,True
2026-07-02T14:53:33.080861+00:00,DOGE/USDT,SHORT,NO TRADE,0.0,92.0,25.0,26.4,1.4,Candle momentum weak,Candle momentum weak|EMA slope weak|MACD weak,69.9115,0.00051972,0.00032198,0.00019774,0.07331054,0.07285164,0.608634,2.427291,149.973793,0.981711,0.7325,True,1.0254,True,0.9322,True,1.4516,True
2026-07-02T14:58:35.403763+00:00,BTC/USDT,SHORT,NO TRADE,0.0,62.0,19.0,21.4,2.4,MACD weak,MACD weak|Candle momentum weak|EMA slope weak,70.1169,513.38015288,405.5741813,107.80597159,60671.89912149,60086.40748395,0.557374,2.096194,48.745288,0.653216,0.5418,True,0.431,True,0.2967,True,0.7747,True
2026-07-02T14:58:38.471125+00:00,ETH/USDT,SHORT,NO TRADE,0.0,68.0,21.0,21.8,0.8,MACD weak,MACD weak|Candle momentum weak|EMA slope weak,78.8344,18.50262192,12.41588725,6.08673467,1635.34745243,1613.66030038,0.893099,4.611408,447.087006,2.888623,0.8102,True,0.6535,True,0.505,True,0.8224,True
2026-07-02T14:58:40.888864+00:00,BNB/USDT,SHORT,NO TRADE,0.0,86.0,22.0,22.4,0.4,MACD weak,MACD weak|EMA slope weak|Candle momentum weak,68.2081,2.79883014,1.50148897,1.29734117,554.76860562,552.57912619,0.524603,1.880314,329.201777,0.337298,0.4423,True,0.5485,True,0.8846,True,1.3447,True
2026-07-02T14:58:41.765807+00:00,XRP/USDT,SHORT,NO TRADE,0.0,56.0,17.0,19.4,2.4,Candle momentum weak,Candle momentum weak|EMA slope weak|MACD weak,75.9671,0.01016433,0.00624266,0.00392167,1.0697626,1.05931642,0.813119,3.219163,150.473433,1.043192,0.9962,True,1.1954,True,1.3494,True,1.8294,True
2026-07-02T14:58:43.366790+00:00,LINK/USDT,SHORT,NO TRADE,0.0,68.0,21.0,21.8,0.8,MACD weak,MACD weak|Candle momentum weak|EMA slope weak,78.7118,0.10743477,0.07323607,0.0341987,7.53311446,7.41653849,1.094748,4.57826,281.702419,1.769797,1.1678,True,1.3074,True,1.5232,True,2.0564,True
2026-07-02T14:58:46.515763+00:00,DOGE/USDT,SHORT,NO TRADE,0.0,86.0,23.0,24.4,1.4,Candle momentum weak,Candle momentum weak|EMA slope weak|MACD weak,69.9115,0.00051972,0.00032198,0.00019774,0.07331054,0.07285164,0.608634,2.427291,149.973793,0.981711,0.7325,True,1.0254,True,0.9322,True,1.4516,True
2026-07-02T15:03:48.864657+00:00,BTC/USDT,SHORT,NO TRADE,0.0,71.0,22.0,23.6,1.6,MACD weak,MACD weak|EMA slope weak,65.8138,531.39470411,430.73828586,100.65641825,60770.06110992,60149.78758262,0.558783,1.534537,10.109553,-0.389224,0.042,True,0.0554,True,0.3765,True,0.235,True
2026-07-02T15:03:49.736498+00:00,ETH/USDT,SHORT,NO TRADE,0.0,68.0,21.0,21.8,0.8,MACD weak,MACD weak|EMA slope weak,74.0597,21.4449284,14.22169548,7.22323292,1641.64864744,1617.10538664,1.105957,3.646417,122.524255,-0.540695,0.1134,True,0.3403,True,0.0741,True,0.05,True
2026-07-02T15:03:51.368410+00:00,BNB/USDT,SHORT,NO TRADE,0.0,92.0,24.0,24.4,0.4,MACD weak,MACD weak|RSI weak|EMA slope weak,62.0704,3.02254988,1.80570115,1.21684873,555.46683366,552.95249379,0.508434,1.194161,156.19774,-0.548478,0.0,False,0.2135,True,0.676,True,0.5871,True
2026-07-02T15:03:52.136336+00:00,XRP/USDT,SHORT,NO TRADE,0.0,56.0,17.0,19.4,2.4,EMA slope weak,EMA slope weak|MACD weak,65.1724,0.01064167,0.00712246,0.00351921,1.07188045,1.06059813,0.804021,1.877033,52.809338,-1.104872,0.0916,True,0.3205,True,0.6044,True,0.348,True
2026-07-02T15:03:53.162668+00:00,LINK/USDT,SHORT,NO TRADE,0.0,68.0,21.0,21.8,0.8,MACD weak,MACD weak|EMA slope weak,70.446,0.11503451,0.08159576,0.03343875,7.55843689,7.43153698,1.168907,3.18271,110.883122,-1.002793,0.3077,True,0.5642,True,0.718,True,0.6924,True
2026-07-02T15:03:56.082985+00:00,DOGE/USDT,SHORT,NO TRADE,0.0,92.0,25.0,26.4,1.4,RSI weak,RSI weak|EMA slope weak|MACD weak,62.3608,0.00054746,0.00036707,0.00018039,0.07342287,0.07291589,0.588861,1.453404,69.415901,-0.799041,0.2282,True,0.3356,True,0.349,True,0.4162,True
2026-07-02T15:08:58.736437+00:00,BTC/USDT,SHORT,NO TRADE,0.0,62.0,19.0,21.4,2.4,MACD weak,MACD weak|EMA slope weak,65.8138,531.39470411,430.73828586,100.65641825,60770.06110992,60149.78758262,0.558783,1.534537,10.109553,-0.389224,0.042,True,0.0554,True,0.3765,True,0.235,True
2026-07-02T15:08:59.940044+00:00,ETH/USDT,SHORT,NO TRADE,0.0,68.0,21.0,21.8,0.8,MACD weak,MACD weak|EMA slope weak,74.0597,21.4449284,14.22169548,7.22323292,1641.64864744,1617.10538664,1.105957,3.646417,122.524255,-0.540695,0.1134,True,0.3403,True,0.0741,True,0.05,True
2026-07-02T15:09:01.923284+00:00,BNB/USDT,SHORT,NO TRADE,0.0,92.0,24.0,24.4,0.4,MACD weak,MACD weak|RSI weak|EMA slope weak,62.0704,3.02254988,1.80570115,1.21684873,555.46683366,552.95249379,0.508434,1.194161,156.19774,-0.548478,0.0,False,0.2135,True,0.676,True,0.5871,True
2026-07-02T15:09:02.842908+00:00,XRP/USDT,SHORT,NO TRADE,0.0,56.0,17.0,19.4,2.4,EMA slope weak,EMA slope weak|MACD weak,65.1724,0.01064167,0.00712246,0.00351921,1.07188045,1.06059813,0.804021,1.877033,52.809338,-1.104872,0.0916,True,0.3205,True,0.6044,True,0.348,True
2026-07-02T15:09:03.594193+00:00,LINK/USDT,SHORT,NO TRADE,0.0,62.0,19.0,20.3,1.3,MACD weak,MACD weak|EMA slope weak,70.446,0.11503451,0.08159576,0.03343875,7.55843689,7.43153698,1.168907,3.18271,110.883122,-1.002793,0.3077,True,0.5642,True,0.718,True,0.6924,True
2026-07-02T15:09:06.134751+00:00,DOGE/USDT,SHORT,NO TRADE,0.0,86.0,23.0,24.4,1.4,RSI weak,RSI weak|EMA slope weak|MACD weak,62.3608,0.00054746,0.00036707,0.00018039,0.07342287,0.07291589,0.588861,1.453404,69.415901,-0.799041,0.2282,True,0.3356,True,0.349,True,0.4162,True
2026-07-02T15:14:08.571016+00:00,BTC/USDT,SHORT,NO TRADE,0.0,62.0,19.0,21.4,2.4,MACD weak,MACD weak|EMA slope weak,65.8138,531.39470411,430.73828586,100.65641825,60770.06110992,60149.78758262,0.558783,1.534537,10.109553,-0.389224,0.042,True,0.0554,True,0.3765,True,0.235,True
2026-07-02T15:14:09.696891+00:00,ETH/USDT,SHORT,NO TRADE,0.0,68.0,21.0,21.8,0.8,MACD weak,MACD weak|EMA slope weak,74.0597,21.4449284,14.22169548,7.22323292,1641.64864744,1617.10538664,1.105957,3.646417,122.524255,-0.540695,0.1134,True,0.3403,True,0.0741,True,0.05,True
2026-07-02T15:14:11.608580+00:00,BNB/USDT,SHORT,NO TRADE,0.0,92.0,24.0,24.4,0.4,MACD weak,MACD weak|RSI weak|EMA slope weak,62.0704,3.02254988,1.80570115,1.21684873,555.46683366,552.95249379,0.508434,1.194161,156.19774,-0.548478,0.0,False,0.2135,True,0.676,True,0.5871,True
2026-07-02T15:14:12.809249+00:00,XRP/USDT,SHORT,NO TRADE,0.0,56.0,17.0,19.4,2.4,EMA slope weak,EMA slope weak|MACD weak,65.1724,0.01064167,0.00712246,0.00351921,1.07188045,1.06059813,0.804021,1.877033,52.809338,-1.104872,0.0916,True,0.3205,True,0.6044,True,0.348,True
2026-07-02T15:14:13.756354+00:00,LINK/USDT,SHORT,NO TRADE,0.0,68.0,21.0,21.8,0.8,MACD weak,MACD weak|EMA slope weak,70.446,0.11503451,0.08159576,0.03343875,7.55843689,7.43153698,1.168907,3.18271,110.883122,-1.002793,0.3077,True,0.5642,True,0.718,True,0.6924,True
2026-07-02T15:14:16.232334+00:00,DOGE/USDT,SHORT,NO TRADE,0.0,86.0,23.0,24.4,1.4,RSI weak,RSI weak|EMA slope weak|MACD weak,62.3608,0.00054746,0.00036707,0.00018039,0.07342287,0.07291589,0.588861,1.453404,69.415901,-0.799041,0.2282,True,0.3356,True,0.349,True,0.4162,True
2026-07-02T15:19:19.898053+00:00,BTC/USDT,SHORT,NO TRADE,0.0,62.0,19.0,21.4,2.4,MACD weak,MACD weak|EMA slope weak,65.8138,531.39470411,430.73828586,100.65641825,60770.06110992,60149.78758262,0.558783,1.534537,10.109553,-0.389224,0.042,True,0.0554,True,0.3765,True,0.235,True
2026-07-02T15:19:20.777851+00:00,ETH/USDT,SHORT,NO TRADE,0.0,68.0,21.0,21.8,0.8,MACD weak,MACD weak|EMA slope weak,74.0597,21.4449284,14.22169548,7.22323292,1641.64864744,1617.10538664,1.105957,3.646417,122.524255,-0.540695,0.1134,True,0.3403,True,0.0741,True,0.05,True
2026-07-02T15:19:23.162563+00:00,BNB/USDT,SHORT,NO TRADE,0.0,92.0,24.0,24.4,0.4,MACD weak,MACD weak|RSI weak|EMA slope weak,62.0704,3.02254988,1.80570115,1.21684873,555.46683366,552.95249379,0.508434,1.194161,156.19774,-0.548478,0.0,False,0.2135,True,0.676,True,0.5871,True
2026-07-02T15:19:23.942870+00:00,XRP/USDT,SHORT,NO TRADE,0.0,56.0,17.0,19.4,2.4,EMA slope weak,EMA slope weak|MACD weak,65.1724,0.01064167,0.00712246,0.00351921,1.07188045,1.06059813,0.804021,1.877033,52.809338,-1.104872,0.0916,True,0.3205,True,0.6044,True,0.348,True
2026-07-02T15:19:25.003271+00:00,LINK/USDT,SHORT,NO TRADE,0.0,62.0,19.0,20.3,1.3,MACD weak,MACD weak|EMA slope weak,70.446,0.11503451,0.08159576,0.03343875,7.55843689,7.43153698,1.168907,3.18271,110.883122,-1.002793,0.3077,True,0.5642,True,0.718,True,0.6924,True
2026-07-02T15:19:28.958963+00:00,DOGE/USDT,SHORT,NO TRADE,0.0,86.0,23.0,24.4,1.4,RSI weak,RSI weak|EMA slope weak|MACD weak,62.3608,0.00054746,0.00036707,0.00018039,0.07342287,0.07291589,0.588861,1.453404,69.415901,-0.799041,0.2282,True,0.3356,True,0.349,True,0.4162,True
2026-07-02T15:24:32.544860+00:00,BTC/USDT,SHORT,NO TRADE,0.0,71.0,22.0,23.6,1.6,MACD weak,MACD weak|EMA slope weak,65.8138,531.39470411,430.73828586,100.65641825,60770.06110992,60149.78758262,0.558783,1.534537,10.109553,-0.389224,0.042,True,0.0554,True,0.3765,True,0.235,True
2026-07-02T15:24:33.700110+00:00,ETH/USDT,SHORT,NO TRADE,0.0,68.0,21.0,21.8,0.8,MACD weak,MACD weak|EMA slope weak,74.0597,21.4449284,14.22169548,7.22323292,1641.64864744,1617.10538664,1.105957,3.646417,122.524255,-0.540695,0.1134,True,0.3403,True,0.0741,True,0.05,True
2026-07-02T15:24:35.407482+00:00,BNB/USDT,SHORT,NO TRADE,0.0,92.0,24.0,24.4,0.4,MACD weak,MACD weak|RSI weak|EMA slope weak,62.0704,3.02254988,1.80570115,1.21684873,555.46683366,552.95249379,0.508434,1.194161,156.19774,-0.548478,0.0,False,0.2135,True,0.676,True,0.5871,True
2026-07-02T15:24:36.178003+00:00,XRP/USDT,SHORT,NO TRADE,0.0,59.0,18.0,19.6,1.6,EMA slope weak,EMA slope weak|MACD weak,65.1724,0.01064167,0.00712246,0.00351921,1.07188045,1.06059813,0.804021,1.877033,52.809338,-1.104872,0.0916,True,0.3205,True,0.6044,True,0.348,True
2026-07-02T15:24:37.104088+00:00,LINK/USDT,SHORT,NO TRADE,0.0,68.0,21.0,21.8,0.8,MACD weak,MACD weak|EMA slope weak,70.446,0.11503451,0.08159576,0.03343875,7.55843689,7.43153698,1.168907,3.18271,110.883122,-1.002793,0.3077,True,0.5642,True,0.718,True,0.6924,True
2026-07-02T15:24:39.578759+00:00,DOGE/USDT,SHORT,NO TRADE,0.0,92.0,25.0,26.4,1.4,RSI weak,RSI weak|EMA slope weak|MACD weak,62.3608,0.00054746,0.00036707,0.00018039,0.07342287,0.07291589,0.588861,1.453404,69.415901,-0.799041,0.2282,True,0.3356,True,0.349,True,0.4162,True
2026-07-02T15:29:42.999975+00:00,BTC/USDT,SHORT,NO TRADE,0.0,71.0,22.0,23.6,1.6,MACD weak,MACD weak|EMA slope weak,65.8138,531.39470411,430.73828586,100.65641825,60770.06110992,60149.78758262,0.558783,1.534537,10.109553,-0.389224,0.042,True,0.0554,True,0.3765,True,0.235,True
2026-07-02T15:29:44.168665+00:00,ETH/USDT,SHORT,NO TRADE,0.0,68.0,21.0,21.8,0.8,MACD weak,MACD weak|EMA slope weak,74.0597,21.4449284,14.22169548,7.22323292,1641.64864744,1617.10538664,1.105957,3.646417,122.524255,-0.540695,0.1134,True,0.3403,True,0.0741,True,0.05,True
2026-07-02T15:29:45.725975+00:00,BNB/USDT,SHORT,NO TRADE,0.0,92.0,24.0,24.4,0.4,MACD weak,MACD weak|RSI weak|EMA slope weak,62.0704,3.02254988,1.80570115,1.21684873,555.46683366,552.95249379,0.508434,1.194161,156.19774,-0.548478,0.0,False,0.2135,True,0.676,True,0.5871,True
2026-07-02T15:29:46.687192+00:00,XRP/USDT,SHORT,NO TRADE,0.0,59.0,18.0,19.6,1.6,EMA slope weak,EMA slope weak|MACD weak,65.1724,0.01064167,0.00712246,0.00351921,1.07188045,1.06059813,0.804021,1.877033,52.809338,-1.104872,0.0916,True,0.3205,True,0.6044,True,0.348,True
2026-07-02T15:29:47.460627+00:00,LINK/USDT,SHORT,NO TRADE,0.0,68.0,21.0,21.8,0.8,MACD weak,MACD weak|EMA slope weak,70.446,0.11503451,0.08159576,0.03343875,7.55843689,7.43153698,1.168907,3.18271,110.883122,-1.002793,0.3077,True,0.5642,True,0.718,True,0.6924,True
2026-07-02T15:29:49.922693+00:00,DOGE/USDT,SHORT,NO TRADE,0.0,92.0,25.0,26.4,1.4,RSI weak,RSI weak|EMA slope weak|MACD weak,62.3608,0.00054746,0.00036707,0.00018039,0.07342287,0.07291589,0.588861,1.453404,69.415901,-0.799041,0.2282,True,0.3356,True,0.349,True,0.4162,True
2026-07-02T15:34:53.068896+00:00,BTC/USDT,SHORT,NO TRADE,0.0,71.0,22.0,23.6,1.6,MACD weak,MACD weak|EMA slope weak,65.8138,531.39470411,430.73828586,100.65641825,60770.06110992,60149.78758262,0.558783,1.534537,10.109553,-0.389224,0.042,True,0.0554,True,0.3765,True,0.235,True
2026-07-02T15:34:53.991882+00:00,ETH/USDT,SHORT,NO TRADE,0.0,68.0,21.0,21.8,0.8,MACD weak,MACD weak|EMA slope weak,74.0597,21.4449284,14.22169548,7.22323292,1641.64864744,1617.10538664,1.105957,3.646417,122.524255,-0.540695,0.1134,True,0.3403,True,0.0741,True,0.05,True
2026-07-02T15:34:55.566964+00:00,BNB/USDT,SHORT,SETUP,26.0,98.0,26.0,26.4,0.4,MACD weak,MACD weak|RSI weak|EMA slope weak,62.0704,3.02254988,1.80570115,1.21684873,555.46683366,552.95249379,0.508434,1.194161,156.19774,-0.548478,0.0,False,0.2135,True,0.676,True,0.5871,True
2026-07-02T15:34:56.968297+00:00,XRP/USDT,SHORT,NO TRADE,0.0,59.0,18.0,19.6,1.6,EMA slope weak,EMA slope weak|MACD weak,65.1724,0.01064167,0.00712246,0.00351921,1.07188045,1.06059813,0.804021,1.877033,52.809338,-1.104872,0.0916,True,0.3205,True,0.6044,True,0.348,True
2026-07-02T15:34:57.740546+00:00,LINK/USDT,SHORT,NO TRADE,0.0,68.0,21.0,21.8,0.8,MACD weak,MACD weak|EMA slope weak,70.446,0.11503451,0.08159576,0.03343875,7.55843689,7.43153698,1.168907,3.18271,110.883122,-1.002793,0.3077,True,0.5642,True,0.718,True,0.6924,True
2026-07-02T15:35:00.303885+00:00,DOGE/USDT,SHORT,NO TRADE,0.0,92.0,25.0,26.4,1.4,RSI weak,RSI weak|EMA slope weak|MACD weak,62.3608,0.00054746,0.00036707,0.00018039,0.07342287,0.07291589,0.588861,1.453404,69.415901,-0.799041,0.2282,True,0.3356,True,0.349,True,0.4162,True
2026-07-02T15:40:02.529900+00:00,BTC/USDT,SHORT,NO TRADE,0.0,65.0,20.0,21.6,1.6,MACD weak,MACD weak|EMA slope weak,65.8138,531.39470411,430.73828586,100.65641825,60770.06110992,60149.78758262,0.558783,1.534537,10.109553,-0.389224,0.042,True,0.0554,True,0.3765,True,0.235,True
2026-07-02T15:40:03.534641+00:00,ETH/USDT,SHORT,NO TRADE,0.0,68.0,21.0,21.8,0.8,MACD weak,MACD weak|EMA slope weak,74.0597,21.4449284,14.22169548,7.22323292,1641.64864744,1617.10538664,1.105957,3.646417,122.524255,-0.540695,0.1134,True,0.3403,True,0.0741,True,0.05,True
2026-07-02T15:40:05.279707+00:00,BNB/USDT,SHORT,NO TRADE,0.0,92.0,24.0,24.4,0.4,MACD weak,MACD weak|RSI weak|EMA slope weak,62.0704,3.02254988,1.80570115,1.21684873,555.46683366,552.95249379,0.508434,1.194161,156.19774,-0.548478,0.0,False,0.2135,True,0.676,True,0.5871,True
2026-07-02T15:40:06.065429+00:00,XRP/USDT,SHORT,NO TRADE,0.0,59.0,18.0,19.6,1.6,EMA slope weak,EMA slope weak|MACD weak,65.1724,0.01064167,0.00712246,0.00351921,1.07188045,1.06059813,0.804021,1.877033,52.809338,-1.104872,0.0916,True,0.3205,True,0.6044,True,0.348,True
2026-07-02T15:40:06.857867+00:00,LINK/USDT,SHORT,NO TRADE,0.0,68.0,21.0,21.8,0.8,MACD weak,MACD weak|EMA slope weak,70.446,0.11503451,0.08159576,0.03343875,7.55843689,7.43153698,1.168907,3.18271,110.883122,-1.002793,0.3077,True,0.5642,True,0.718,True,0.6924,True
2026-07-02T15:40:09.392577+00:00,DOGE/USDT,SHORT,NO TRADE,0.0,92.0,25.0,26.4,1.4,RSI weak,RSI weak|EMA slope weak|MACD weak,62.3608,0.00054746,0.00036707,0.00018039,0.07342287,0.07291589,0.588861,1.453404,69.415901,-0.799041,0.2282,True,0.3356,True,0.349,True,0.4162,True
2026-07-02T15:45:11.695289+00:00,BTC/USDT,SHORT,NO TRADE,0.0,71.0,22.0,23.6,1.6,MACD weak,MACD weak|EMA slope weak,65.8138,531.39470411,430.73828586,100.65641825,60770.06110992,60149.78758262,0.558783,1.534537,10.109553,-0.389224,0.042,True,0.0554,True,0.3765,True,0.235,True
2026-07-02T15:45:12.841678+00:00,ETH/USDT,SHORT,NO TRADE,0.0,71.0,22.0,22.8,0.8,MACD weak,MACD weak|EMA slope weak,74.0597,21.4449284,14.22169548,7.22323292,1641.64864744,1617.10538664,1.105957,3.646417,122.524255,-0.540695,0.1134,True,0.3403,True,0.0741,True,0.05,True
2026-07-02T15:45:14.373657+00:00,BNB/USDT,SHORT,SETUP,26.0,98.0,26.0,26.4,0.4,MACD weak,MACD weak|RSI weak|EMA slope weak,62.0704,3.02254988,1.80570115,1.21684873,555.46683366,552.95249379,0.508434,1.194161,156.19774,-0.548478,0.0,False,0.2135,True,0.676,True,0.5871,True
2026-07-02T15:45:15.152128+00:00,XRP/USDT,SHORT,NO TRADE,0.0,65.0,20.0,21.6,1.6,EMA slope weak,EMA slope weak|MACD weak,65.1724,0.01064167,0.00712246,0.00351921,1.07188045,1.06059813,0.804021,1.877033,52.809338,-1.104872,0.0916,True,0.3205,True,0.6044,True,0.348,True
2026-07-02T15:45:16.200562+00:00,LINK/USDT,SHORT,NO TRADE,0.0,68.0,21.0,21.8,0.8,MACD weak,MACD weak|EMA slope weak,70.446,0.11503451,0.08159576,0.03343875,7.55843689,7.43153698,1.168907,3.18271,110.883122,-1.002793,0.3077,True,0.5642,True,0.718,True,0.6924,True
2026-07-02T15:45:19.192413+00:00,DOGE/USDT,SHORT,NO TRADE,0.0,89.0,24.0,25.4,1.4,RSI weak,RSI weak|EMA slope weak|MACD weak,62.3608,0.00054746,0.00036707,0.00018039,0.07342287,0.07291589,0.588861,1.453404,69.415901,-0.799041,0.2282,True,0.3356,True,0.349,True,0.4162,True
2026-07-02T15:50:21.897422+00:00,BTC/USDT,SHORT,NO TRADE,0.0,62.0,19.0,21.4,2.4,MACD weak,MACD weak|EMA slope weak,65.8138,531.39470411,430.73828586,100.65641825,60770.06110992,60149.78758262,0.558783,1.534537,10.109553,-0.389224,0.042,True,0.0554,True,0.3765,True,0.235,True
2026-07-02T15:50:22.849175+00:00,ETH/USDT,SHORT,NO TRADE,0.0,68.0,21.0,21.8,0.8,MACD weak,MACD weak|EMA slope weak,74.0597,21.4449284,14.22169548,7.22323292,1641.64864744,1617.10538664,1.105957,3.646417,122.524255,-0.540695,0.1134,True,0.3403,True,0.0741,True,0.05,True
2026-07-02T15:50:24.395953+00:00,BNB/USDT,SHORT,NO TRADE,0.0,92.0,24.0,24.4,0.4,MACD weak,MACD weak|RSI weak|EMA slope weak,62.0704,3.02254988,1.80570115,1.21684873,555.46683366,552.95249379,0.508434,1.194161,156.19774,-0.548478,0.0,False,0.2135,True,0.676,True,0.5871,True
2026-07-02T15:50:25.251796+00:00,XRP/USDT,SHORT,NO TRADE,0.0,59.0,18.0,19.6,1.6,EMA slope weak,EMA slope weak|MACD weak,65.1724,0.01064167,0.00712246,0.00351921,1.07188045,1.06059813,0.804021,1.877033,52.809338,-1.104872,0.0916,True,0.3205,True,0.6044,True,0.348,True
2026-07-02T15:50:26.676566+00:00,LINK/USDT,SHORT,NO TRADE,0.0,68.0,21.0,21.8,0.8,MACD weak,MACD weak|EMA slope weak,70.446,0.11503451,0.08159576,0.03343875,7.55843689,7.43153698,1.168907,3.18271,110.883122,-1.002793,0.3077,True,0.5642,True,0.718,True,0.6924,True
2026-07-02T15:50:30.488175+00:00,DOGE/USDT,SHORT,NO TRADE,0.0,92.0,25.0,26.4,1.4,RSI weak,RSI weak|EMA slope weak|MACD weak,62.3608,0.00054746,0.00036707,0.00018039,0.07342287,0.07291589,0.588861,1.453404,69.415901,-0.799041,0.2282,True,0.3356,True,0.349,True,0.4162,True
2026-07-02T15:55:33.545827+00:00,BTC/USDT,SHORT,NO TRADE,0.0,62.0,19.0,21.4,2.4,MACD weak,MACD weak|EMA slope weak,65.8138,531.39470411,430.73828586,100.65641825,60770.06110992,60149.78758262,0.558783,1.534537,10.109553,-0.389224,0.042,True,0.0554,True,0.3765,True,0.235,True
2026-07-02T15:55:35.386626+00:00,ETH/USDT,SHORT,NO TRADE,0.0,68.0,21.0,21.8,0.8,MACD weak,MACD weak|EMA slope weak,74.0597,21.4449284,14.22169548,7.22323292,1641.64864744,1617.10538664,1.105957,3.646417,122.524255,-0.540695,0.1134,True,0.3403,True,0.0741,True,0.05,True
2026-07-02T15:55:37.994231+00:00,BNB/USDT,SHORT,NO TRADE,0.0,92.0,24.0,24.4,0.4,MACD weak,MACD weak|RSI weak|EMA slope weak,62.0704,3.02254988,1.80570115,1.21684873,555.46683366,552.95249379,0.508434,1.194161,156.19774,-0.548478,0.0,False,0.2135,True,0.676,True,0.5871,True
2026-07-02T15:55:38.915664+00:00,XRP/USDT,SHORT,NO TRADE,0.0,59.0,18.0,19.6,1.6,EMA slope weak,EMA slope weak|MACD weak,65.1724,0.01064167,0.00712246,0.00351921,1.07188045,1.06059813,0.804021,1.877033,52.809338,-1.104872,0.0916,True,0.3205,True,0.6044,True,0.348,True
2026-07-02T15:55:39.992705+00:00,LINK/USDT,SHORT,NO TRADE,0.0,68.0,21.0,21.8,0.8,MACD weak,MACD weak|EMA slope weak,70.446,0.11503451,0.08159576,0.03343875,7.55843689,7.43153698,1.168907,3.18271,110.883122,-1.002793,0.3077,True,0.5642,True,0.718,True,0.6924,True
2026-07-02T15:55:42.526442+00:00,DOGE/USDT,SHORT,NO TRADE,0.0,92.0,25.0,26.4,1.4,RSI weak,RSI weak|EMA slope weak|MACD weak,62.3608,0.00054746,0.00036707,0.00018039,0.07342287,0.07291589,0.588861,1.453404,69.415901,-0.799041,0.2282,True,0.3356,True,0.349,True,0.4162,True
2026-07-02T16:00:46.308844+00:00,BTC/USDT,SHORT,NO TRADE,0.0,62.0,19.0,21.4,2.4,MACD weak,MACD weak|RSI weak|EMA slope weak,64.1519,531.9144271,450.97351411,80.940913,60849.87433754,60206.97630487,0.515129,1.24606,26.688147,-0.153154,-0.0979,False,-0.2464,False,0.0519,True,0.4975,True
2026-07-02T16:00:49.342713+00:00,BNB/USDT,SHORT,NO TRADE,0.0,92.0,24.0,24.4,0.4,MACD weak,MACD weak|RSI weak|Volume weak|EMA slope weak|Candle momentum weak,62.7687,3.21124711,2.08681034,1.12443677,556.15570664,553.33474893,0.448849,1.176702,-13.843227,0.106743,0.3199,True,0.4443,True,0.7642,True,0.853,True
2026-07-02T16:00:50.715091+00:00,XRP/USDT,SHORT,NO TRADE,0.0,59.0,18.0,19.6,1.6,EMA slope weak,EMA slope weak|MACD weak|Candle momentum weak,65.6888,0.01099012,0.00789599,0.00309413,1.07391088,1.06187663,0.729106,1.796156,15.707274,0.10989,0.4299,True,0.3568,True,0.9056,True,0.7958,True
2026-07-02T16:00:54.392858+00:00,DOGE/USDT,SHORT,NO TRADE,0.0,92.0,25.0,26.4,1.4,RSI weak,RSI weak|Volume weak|EMA slope weak|Candle momentum weak|MACD weak,62.7221,0.00056695,0.00040705,0.0001599,0.07352926,0.07297958,0.555274,1.374606,-7.43577,0.067123,0.4025,True,0.2012,True,0.5769,True,0.7244,True
2026-07-02T16:05:59.261820+00:00,BTC/USDT,SHORT,NO TRADE,0.0,62.0,19.0,21.4,2.4,MACD weak,MACD weak|RSI weak|EMA slope weak,64.1519,531.9144271,450.97351411,80.940913,60849.87433754,60206.97630487,0.515129,1.24606,26.688147,-0.153154,-0.0979,False,-0.2464,False,0.0519,True,0.4975,True
2026-07-02T16:06:02.809425+00:00,BNB/USDT,SHORT,SETUP,26.0,98.0,26.0,26.4,0.4,MACD weak,MACD weak|RSI weak|Volume weak|EMA slope weak|Candle momentum weak,62.7687,3.21124711,2.08681034,1.12443677,556.15570664,553.33474893,0.448849,1.176702,-13.843227,0.106743,0.3199,True,0.4443,True,0.7642,True,0.853,True
2026-07-02T16:06:03.615595+00:00,XRP/USDT,SHORT,NO TRADE,0.0,65.0,20.0,21.6,1.6,EMA slope weak,EMA slope weak|MACD weak|Candle momentum weak,65.6888,0.01099012,0.00789599,0.00309413,1.07391088,1.06187663,0.729106,1.796156,15.707274,0.10989,0.4299,True,0.3568,True,0.9056,True,0.7958,True
2026-07-02T16:06:08.193835+00:00,DOGE/USDT,SHORT,NO TRADE,0.0,92.0,25.0,26.4,1.4,RSI weak,RSI weak|Volume weak|EMA slope weak|Candle momentum weak|MACD weak,62.7221,0.00056695,0.00040705,0.0001599,0.07352926,0.07297958,0.555274,1.374606,-7.43577,0.067123,0.4025,True,0.2012,True,0.5769,True,0.7244,True
2026-07-02T16:11:12.098186+00:00,BTC/USDT,SHORT,NO TRADE,0.0,71.0,22.0,23.6,1.6,MACD weak,MACD weak|RSI weak|EMA slope weak,64.1519,531.9144271,450.97351411,80.940913,60849.87433754,60206.97630487,0.515129,1.24606,26.688147,-0.153154,-0.0979,False,-0.2464,False,0.0519,True,0.4975,True
2026-07-02T16:11:16.197022+00:00,BNB/USDT,SHORT,SETUP,26.0,98.0,26.0,26.4,0.4,MACD weak,MACD weak|RSI weak|Volume weak|EMA slope weak|Candle momentum weak,62.7687,3.21124711,2.08681034,1.12443677,556.15570664,553.33474893,0.448849,1.176702,-13.843227,0.106743,0.3199,True,0.4443,True,0.7642,True,0.853,True
2026-07-02T16:11:17.254756+00:00,XRP/USDT,SHORT,NO TRADE,0.0,65.0,20.0,21.6,1.6,EMA slope weak,EMA slope weak|MACD weak|Candle momentum weak,65.6888,0.01099012,0.00789599,0.00309413,1.07391088,1.06187663,0.729106,1.796156,15.707274,0.10989,0.4299,True,0.3568,True,0.9056,True,0.7958,True
2026-07-02T16:11:21.892468+00:00,DOGE/USDT,SHORT,NO TRADE,0.0,92.0,25.0,26.4,1.4,RSI weak,RSI weak|Volume weak|EMA slope weak|Candle momentum weak|MACD weak,62.7221,0.00056695,0.00040705,0.0001599,0.07352926,0.07297958,0.555274,1.374606,-7.43577,0.067123,0.4025,True,0.2012,True,0.5769,True,0.7244,True
2026-07-02T16:16:24.348295+00:00,BTC/USDT,SHORT,NO TRADE,0.0,62.0,19.0,21.4,2.4,MACD weak,MACD weak|RSI weak|EMA slope weak,64.1519,531.9144271,450.97351411,80.940913,60849.87433754,60206.97630487,0.515129,1.24606,26.688147,-0.153154,-0.0979,False,-0.2464,False,0.0519,True,0.4975,True
2026-07-02T16:16:27.456059+00:00,BNB/USDT,SHORT,NO TRADE,0.0,92.0,24.0,24.4,0.4,MACD weak,MACD weak|RSI weak|Volume weak|EMA slope weak|Candle momentum weak,62.7687,3.21124711,2.08681034,1.12443677,556.15570664,553.33474893,0.448849,1.176702,-13.843227,0.106743,0.3199,True,0.4443,True,0.7642,True,0.853,True
2026-07-02T16:16:28.233843+00:00,XRP/USDT,SHORT,NO TRADE,0.0,56.0,17.0,19.4,2.4,EMA slope weak,EMA slope weak|MACD weak|Candle momentum weak,65.6888,0.01099012,0.00789599,0.00309413,1.07391088,1.06187663,0.729106,1.796156,15.707274,0.10989,0.4299,True,0.3568,True,0.9056,True,0.7958,True
2026-07-02T16:16:31.773660+00:00,DOGE/USDT,SHORT,NO TRADE,0.0,92.0,25.0,26.4,1.4,RSI weak,RSI weak|Volume weak|EMA slope weak|Candle momentum weak|MACD weak,62.7221,0.00056695,0.00040705,0.0001599,0.07352926,0.07297958,0.555274,1.374606,-7.43577,0.067123,0.4025,True,0.2012,True,0.5769,True,0.7244,True
2026-07-02T16:21:35.334851+00:00,BTC/USDT,SHORT,NO TRADE,0.0,62.0,19.0,21.4,2.4,MACD weak,MACD weak|RSI weak|EMA slope weak,64.1519,531.9144271,450.97351411,80.940913,60849.87433754,60206.97630487,0.515129,1.24606,26.688147,-0.153154,-0.0979,False,-0.2464,False,0.0519,True,0.4975,True
2026-07-02T16:21:37.681573+00:00,BNB/USDT,SHORT,NO TRADE,0.0,92.0,24.0,24.4,0.4,MACD weak,MACD weak|RSI weak|Volume weak|EMA slope weak|Candle momentum weak,62.7687,3.21124711,2.08681034,1.12443677,556.15570664,553.33474893,0.448849,1.176702,-13.843227,0.106743,0.3199,True,0.4443,True,0.7642,True,0.853,True
2026-07-02T16:21:38.469631+00:00,XRP/USDT,SHORT,NO TRADE,0.0,56.0,17.0,19.4,2.4,EMA slope weak,EMA slope weak|MACD weak|Candle momentum weak,65.6888,0.01099012,0.00789599,0.00309413,1.07391088,1.06187663,0.729106,1.796156,15.707274,0.10989,0.4299,True,0.3568,True,0.9056,True,0.7958,True
2026-07-02T16:21:39.246887+00:00,LINK/USDT,SHORT,NO TRADE,0.0,68.0,21.0,21.8,0.8,MACD weak,MACD weak|EMA slope weak,69.159,0.11864075,0.08900476,0.02963599,7.58010957,7.44543749,1.111124,2.716193,24.904059,-0.166688,0.3982,True,0.3596,True,0.4367,True,0.7449,True
2026-07-02T16:21:42.876665+00:00,DOGE/USDT,SHORT,NO TRADE,0.0,92.0,25.0,26.4,1.4,RSI weak,RSI weak|Volume weak|EMA slope weak|Candle momentum weak|MACD weak,62.7221,0.00056695,0.00040705,0.0001599,0.07352926,0.07297958,0.555274,1.374606,-7.43577,0.067123,0.4025,True,0.2012,True,0.5769,True,0.7244,True
2026-07-02T16:26:46.658859+00:00,BTC/USDT,SHORT,NO TRADE,0.0,62.0,19.0,21.4,2.4,MACD weak,MACD weak|RSI weak|EMA slope weak,64.1519,531.9144271,450.97351411,80.940913,60849.87433754,60206.97630487,0.515129,1.24606,26.688147,-0.153154,-0.0979,False,-0.2464,False,0.0519,True,0.4975,True
2026-07-02T16:26:49.273092+00:00,BNB/USDT,SHORT,NO TRADE,0.0,86.0,22.0,22.4,0.4,MACD weak,MACD weak|RSI weak|Volume weak|EMA slope weak|Candle momentum weak,62.7687,3.21124711,2.08681034,1.12443677,556.15570664,553.33474893,0.448849,1.176702,-13.843227,0.106743,0.3199,True,0.4443,True,0.7642,True,0.853,True
2026-07-02T16:26:50.250594+00:00,XRP/USDT,SHORT,NO TRADE,0.0,56.0,17.0,19.4,2.4,EMA slope weak,EMA slope weak|MACD weak|Candle momentum weak,65.6888,0.01099012,0.00789599,0.00309413,1.07391088,1.06187663,0.729106,1.796156,15.707274,0.10989,0.4299,True,0.3568,True,0.9056,True,0.7958,True
2026-07-02T16:26:51.223148+00:00,LINK/USDT,SHORT,NO TRADE,0.0,62.0,19.0,20.3,1.3,MACD weak,MACD weak|EMA slope weak,69.159,0.11864075,0.08900476,0.02963599,7.58010957,7.44543749,1.111124,2.716193,24.904059,-0.166688,0.3982,True,0.3596,True,0.4367,True,0.7449,True
2026-07-02T16:26:53.734844+00:00,DOGE/USDT,SHORT,NO TRADE,0.0,92.0,25.0,26.4,1.4,RSI weak,RSI weak|Volume weak|EMA slope weak|Candle momentum weak|MACD weak,62.7221,0.00056695,0.00040705,0.0001599,0.07352926,0.07297958,0.555274,1.374606,-7.43577,0.067123,0.4025,True,0.2012,True,0.5769,True,0.7244,True
2026-07-02T16:31:59.597557+00:00,BNB/USDT,SHORT,NO TRADE,0.0,86.0,22.0,22.4,0.4,MACD weak,MACD weak|RSI weak|Volume weak|EMA slope weak|Candle momentum weak,62.7687,3.21124711,2.08681034,1.12443677,556.15570664,553.33474893,0.448849,1.176702,-13.843227,0.106743,0.3199,True,0.4443,True,0.7642,True,0.853,True
2026-07-02T16:32:00.466425+00:00,XRP/USDT,SHORT,NO TRADE,0.0,56.0,17.0,19.4,2.4,EMA slope weak,EMA slope weak|MACD weak|Candle momentum weak,65.6888,0.01099012,0.00789599,0.00309413,1.07391088,1.06187663,0.729106,1.796156,15.707274,0.10989,0.4299,True,0.3568,True,0.9056,True,0.7958,True
2026-07-02T16:32:01.772734+00:00,LINK/USDT,SHORT,NO TRADE,0.0,62.0,19.0,20.3,1.3,MACD weak,MACD weak|EMA slope weak,69.159,0.11864075,0.08900476,0.02963599,7.58010957,7.44543749,1.111124,2.716193,24.904059,-0.166688,0.3982,True,0.3596,True,0.4367,True,0.7449,True
2026-07-02T16:32:06.297026+00:00,DOGE/USDT,SHORT,NO TRADE,0.0,86.0,23.0,24.4,1.4,RSI weak,RSI weak|Volume weak|EMA slope weak|Candle momentum weak|MACD weak,62.7221,0.00056695,0.00040705,0.0001599,0.07352926,0.07297958,0.555274,1.374606,-7.43577,0.067123,0.4025,True,0.2012,True,0.5769,True,0.7244,True
2026-07-02T16:37:14.727316+00:00,BNB/USDT,SHORT,NO TRADE,0.0,86.0,22.0,22.4,0.4,MACD weak,MACD weak|RSI weak|Volume weak|EMA slope weak|Candle momentum weak,62.7687,3.21124711,2.08681034,1.12443677,556.15570664,553.33474893,0.448849,1.176702,-13.843227,0.106743,0.3199,True,0.4443,True,0.7642,True,0.853,True
2026-07-02T16:37:15.983037+00:00,XRP/USDT,SHORT,NO TRADE,0.0,56.0,17.0,19.4,2.4,EMA slope weak,EMA slope weak|MACD weak|Candle momentum weak,65.6888,0.01099012,0.00789599,0.00309413,1.07391088,1.06187663,0.729106,1.796156,15.707274,0.10989,0.4299,True,0.3568,True,0.9056,True,0.7958,True
2026-07-02T16:37:16.994825+00:00,LINK/USDT,SHORT,NO TRADE,0.0,62.0,19.0,20.3,1.3,MACD weak,MACD weak|EMA slope weak,69.159,0.11864075,0.08900476,0.02963599,7.58010957,7.44543749,1.111124,2.716193,24.904059,-0.166688,0.3982,True,0.3596,True,0.4367,True,0.7449,True
2026-07-02T16:37:21.033555+00:00,DOGE/USDT,SHORT,NO TRADE,0.0,86.0,23.0,24.4,1.4,RSI weak,RSI weak|Volume weak|EMA slope weak|Candle momentum weak|MACD weak,62.7221,0.00056695,0.00040705,0.0001599,0.07352926,0.07297958,0.555274,1.374606,-7.43577,0.067123,0.4025,True,0.2012,True,0.5769,True,0.7244,True
2026-07-02T16:42:25.156647+00:00,BTC/USDT,SHORT,NO TRADE,0.0,62.0,19.0,21.4,2.4,MACD weak,MACD weak|RSI weak|EMA slope weak,64.1519,531.9144271,450.97351411,80.940913,60849.87433754,60206.97630487,0.515129,1.24606,26.688147,-0.153154,-0.0979,False,-0.2464,False,0.0519,True,0.4975,True
2026-07-02T16:42:28.451639+00:00,BNB/USDT,SHORT,NO TRADE,0.0,86.0,22.0,22.4,0.4,MACD weak,MACD weak|RSI weak|Volume weak|EMA slope weak|Candle momentum weak,62.7687,3.21124711,2.08681034,1.12443677,556.15570664,553.33474893,0.448849,1.176702,-13.843227,0.106743,0.3199,True,0.4443,True,0.7642,True,0.853,True
2026-07-02T16:42:29.706716+00:00,XRP/USDT,SHORT,NO TRADE,0.0,56.0,17.0,19.4,2.4,EMA slope weak,EMA slope weak|MACD weak|Candle momentum weak,65.6888,0.01099012,0.00789599,0.00309413,1.07391088,1.06187663,0.729106,1.796156,15.707274,0.10989,0.4299,True,0.3568,True,0.9056,True,0.7958,True
2026-07-02T16:42:30.900963+00:00,LINK/USDT,SHORT,NO TRADE,0.0,62.0,19.0,20.3,1.3,MACD weak,MACD weak|EMA slope weak,69.159,0.11864075,0.08900476,0.02963599,7.58010957,7.44543749,1.111124,2.716193,24.904059,-0.166688,0.3982,True,0.3596,True,0.4367,True,0.7449,True
2026-07-02T16:42:33.815093+00:00,DOGE/USDT,SHORT,NO TRADE,0.0,86.0,23.0,24.4,1.4,RSI weak,RSI weak|Volume weak|EMA slope weak|Candle momentum weak|MACD weak,62.7221,0.00056695,0.00040705,0.0001599,0.07352926,0.07297958,0.555274,1.374606,-7.43577,0.067123,0.4025,True,0.2012,True,0.5769,True,0.7244,True
2026-07-02T16:47:39.032706+00:00,BTC/USDT,SHORT,NO TRADE,0.0,62.0,19.0,21.4,2.4,MACD weak,MACD weak|RSI weak|EMA slope weak,64.1519,531.9144271,450.97351411,80.940913,60849.87433754,60206.97630487,0.515129,1.24606,26.688147,-0.153154,-0.0979,False,-0.2464,False,0.0519,True,0.4975,True
2026-07-02T16:47:42.793857+00:00,BNB/USDT,SHORT,NO TRADE,0.0,92.0,24.0,24.4,0.4,MACD weak,MACD weak|RSI weak|Volume weak|EMA slope weak|Candle momentum weak,62.7687,3.21124711,2.08681034,1.12443677,556.15570664,553.33474893,0.448849,1.176702,-13.843227,0.106743,0.3199,True,0.4443,True,0.7642,True,0.853,True
2026-07-02T16:47:43.699214+00:00,XRP/USDT,SHORT,NO TRADE,0.0,56.0,17.0,19.4,2.4,EMA slope weak,EMA slope weak|MACD weak|Candle momentum weak,65.6888,0.01099012,0.00789599,0.00309413,1.07391088,1.06187663,0.729106,1.796156,15.707274,0.10989,0.4299,True,0.3568,True,0.9056,True,0.7958,True
2026-07-02T16:47:44.948016+00:00,LINK/USDT,SHORT,NO TRADE,0.0,68.0,21.0,21.8,0.8,MACD weak,MACD weak|EMA slope weak,69.159,0.11864075,0.08900476,0.02963599,7.58010957,7.44543749,1.111124,2.716193,24.904059,-0.166688,0.3982,True,0.3596,True,0.4367,True,0.7449,True
2026-07-02T16:47:49.043106+00:00,DOGE/USDT,SHORT,NO TRADE,0.0,92.0,25.0,26.4,1.4,RSI weak,RSI weak|Volume weak|EMA slope weak|Candle momentum weak|MACD weak,62.7221,0.00056695,0.00040705,0.0001599,0.07352926,0.07297958,0.555274,1.374606,-7.43577,0.067123,0.4025,True,0.2012,True,0.5769,True,0.7244,True
2026-07-02T16:52:52.143139+00:00,BTC/USDT,SHORT,NO TRADE,0.0,71.0,22.0,23.6,1.6,MACD weak,MACD weak|RSI weak|EMA slope weak,64.1519,531.9144271,450.97351411,80.940913,60849.87433754,60206.97630487,0.515129,1.24606,26.688147,-0.153154,-0.0979,False,-0.2464,False,0.0519,True,0.4975,True
2026-07-02T16:52:54.580843+00:00,BNB/USDT,SHORT,NO TRADE,0.0,92.0,24.0,24.4,0.4,MACD weak,MACD weak|RSI weak|Volume weak|EMA slope weak|Candle momentum weak,62.7687,3.21124711,2.08681034,1.12443677,556.15570664,553.33474893,0.448849,1.176702,-13.843227,0.106743,0.3199,True,0.4443,True,0.7642,True,0.853,True
2026-07-02T16:52:55.906812+00:00,XRP/USDT,SHORT,NO TRADE,0.0,59.0,18.0,19.6,1.6,EMA slope weak,EMA slope weak|MACD weak|Candle momentum weak,65.6888,0.01099012,0.00789599,0.00309413,1.07391088,1.06187663,0.729106,1.796156,15.707274,0.10989,0.4299,True,0.3568,True,0.9056,True,0.7958,True
2026-07-02T16:53:01.298919+00:00,DOGE/USDT,SHORT,NO TRADE,0.0,92.0,25.0,26.4,1.4,RSI weak,RSI weak|Volume weak|EMA slope weak|Candle momentum weak|MACD weak,62.7221,0.00056695,0.00040705,0.0001599,0.07352926,0.07297958,0.555274,1.374606,-7.43577,0.067123,0.4025,True,0.2012,True,0.5769,True,0.7244,True
2026-07-02T16:58:03.780056+00:00,BTC/USDT,SHORT,NO TRADE,0.0,62.0,19.0,21.4,2.4,MACD weak,MACD weak|RSI weak|EMA slope weak,64.1519,531.9144271,450.97351411,80.940913,60849.87433754,60206.97630487,0.515129,1.24606,26.688147,-0.153154,-0.0979,False,-0.2464,False,0.0519,True,0.4975,True
2026-07-02T16:58:07.295640+00:00,BNB/USDT,SHORT,NO TRADE,0.0,92.0,24.0,24.4,0.4,MACD weak,MACD weak|RSI weak|Volume weak|EMA slope weak|Candle momentum weak,62.7687,3.21124711,2.08681034,1.12443677,556.15570664,553.33474893,0.448849,1.176702,-13.843227,0.106743,0.3199,True,0.4443,True,0.7642,True,0.853,True
2026-07-02T16:58:08.453291+00:00,XRP/USDT,SHORT,NO TRADE,0.0,56.0,17.0,19.4,2.4,EMA slope weak,EMA slope weak|MACD weak|Candle momentum weak,65.6888,0.01099012,0.00789599,0.00309413,1.07391088,1.06187663,0.729106,1.796156,15.707274,0.10989,0.4299,True,0.3568,True,0.9056,True,0.7958,True
2026-07-02T16:58:09.442382+00:00,LINK/USDT,SHORT,NO TRADE,0.0,68.0,21.0,21.8,0.8,MACD weak,MACD weak|EMA slope weak,69.159,0.11864075,0.08900476,0.02963599,7.58010957,7.44543749,1.111124,2.716193,24.904059,-0.166688,0.3982,True,0.3596,True,0.4367,True,0.7449,True
2026-07-02T16:58:12.491139+00:00,DOGE/USDT,SHORT,NO TRADE,0.0,86.0,23.0,24.4,1.4,RSI weak,RSI weak|Volume weak|EMA slope weak|Candle momentum weak|MACD weak,62.7221,0.00056695,0.00040705,0.0001599,0.07352926,0.07297958,0.555274,1.374606,-7.43577,0.067123,0.4025,True,0.2012,True,0.5769,True,0.7244,True
2026-07-02T17:03:14.783577+00:00,BTC/USDT,SHORT,NO TRADE,0.0,62.0,19.0,21.4,2.4,MACD weak,MACD weak|RSI weak|EMA slope weak|Candle momentum weak,64.8459,531.73227928,467.12526714,64.60701214,60928.61963873,60264.61252821,0.423129,1.227798,10.109299,0.111349,-0.1349,False,0.3346,True,0.1474,True,0.1477,True
2026-07-02T17:03:17.482755+00:00,BNB/USDT,SHORT,NO TRADE,0.0,92.0,24.0,24.4,0.4,MACD weak,MACD weak|RSI weak|EMA slope weak,61.5484,3.27462817,2.32437391,0.95025426,556.72182982,553.67848427,0.352079,0.966043,3.406952,-0.106629,0.338,True,0.676,True,0.8184,True,0.1067,True
2026-07-02T17:03:18.917660+00:00,XRP/USDT,SHORT,NO TRADE,0.0,56.0,17.0,19.4,2.4,RSI weak,RSI weak|EMA slope weak|MACD weak,63.8204,0.01096237,0.00850927,0.00245311,1.07553842,1.06301873,0.539916,1.437567,4.227097,-0.201244,0.1558,True,0.5133,True,0.8616,True,-0.275,False
2026-07-02T17:03:20.866635+00:00,LINK/USDT,SHORT,NO TRADE,0.0,62.0,19.0,20.3,1.3,MACD weak,MACD weak|EMA slope weak,68.0265,0.11923663,0.09505113,0.0241855,7.59867056,7.45836151,0.870239,2.32053,28.889381,-0.141279,0.2186,True,0.4116,True,0.4502,True,-0.5016,False
2026-07-02T17:03:24.796834+00:00,DOGE/USDT,SHORT,NO TRADE,0.0,86.0,23.0,24.4,1.4,RSI weak,RSI weak|Volume weak|EMA slope weak|MACD weak,59.9931,0.00055821,0.00043728,0.00012093,0.07360457,0.07303214,0.401076,0.97199,-49.461416,-0.295144,-0.0942,False,0.1211,True,0.3229,True,-0.6459,False
2026-07-02T17:08:27.472625+00:00,BTC/USDT,SHORT,NO TRADE,0.0,71.0,22.0,23.6,1.6,MACD weak,MACD weak|RSI weak|EMA slope weak|Candle momentum weak,64.8459,531.73227928,467.12526714,64.60701214,60928.61963873,60264.61252821,0.423129,1.227798,10.109299,0.111349,-0.1349,False,0.3346,True,0.1474,True,0.1477,True
2026-07-02T17:08:30.580229+00:00,BNB/USDT,SHORT,NO TRADE,0.0,92.0,24.0,24.4,0.4,MACD weak,MACD weak|RSI weak|EMA slope weak,61.5484,3.27462817,2.32437391,0.95025426,556.72182982,553.67848427,0.352079,0.966043,3.406952,-0.106629,0.338,True,0.676,True,0.8184,True,0.1067,True
2026-07-02T17:08:31.429728+00:00,XRP/USDT,SHORT,NO TRADE,0.0,56.0,17.0,19.4,2.4,RSI weak,RSI weak|EMA slope weak|MACD weak,63.8204,0.01096237,0.00850927,0.00245311,1.07553842,1.06301873,0.539916,1.437567,4.227097,-0.201244,0.1558,True,0.5133,True,0.8616,True,-0.275,False
2026-07-02T17:08:32.237504+00:00,LINK/USDT,SHORT,NO TRADE,0.0,68.0,21.0,21.8,0.8,MACD weak,MACD weak|EMA slope weak,68.0265,0.11923663,0.09505113,0.0241855,7.59867056,7.45836151,0.870239,2.32053,28.889381,-0.141279,0.2186,True,0.4116,True,0.4502,True,-0.5016,False
2026-07-02T17:08:36.018250+00:00,DOGE/USDT,SHORT,NO TRADE,0.0,86.0,23.0,24.4,1.4,RSI weak,RSI weak|Volume weak|EMA slope weak|MACD weak,59.9931,0.00055821,0.00043728,0.00012093,0.07360457,0.07303214,0.401076,0.97199,-49.461416,-0.295144,-0.0942,False,0.1211,True,0.3229,True,-0.6459,False
2026-07-02T17:13:38.161639+00:00,BTC/USDT,SHORT,NO TRADE,0.0,71.0,22.0,23.6,1.6,MACD weak,MACD weak|RSI weak|EMA slope weak|Candle momentum weak,64.8459,531.73227928,467.12526714,64.60701214,60928.61963873,60264.61252821,0.423129,1.227798,10.109299,0.111349,-0.1349,False,0.3346,True,0.1474,True,0.1477,True
2026-07-02T17:13:41.263431+00:00,BNB/USDT,SHORT,NO TRADE,0.0,92.0,24.0,24.4,0.4,MACD weak,MACD weak|RSI weak|EMA slope weak,61.5484,3.27462817,2.32437391,0.95025426,556.72182982,553.67848427,0.352079,0.966043,3.406952,-0.106629,0.338,True,0.676,True,0.8184,True,0.1067,True
2026-07-02T17:13:42.241189+00:00,XRP/USDT,SHORT,NO TRADE,0.0,56.0,17.0,19.4,2.4,RSI weak,RSI weak|EMA slope weak|MACD weak,63.8204,0.01096237,0.00850927,0.00245311,1.07553842,1.06301873,0.539916,1.437567,4.227097,-0.201244,0.1558,True,0.5133,True,0.8616,True,-0.275,False
2026-07-02T17:13:43.066946+00:00,LINK/USDT,SHORT,NO TRADE,0.0,68.0,21.0,21.8,0.8,MACD weak,MACD weak|EMA slope weak,68.0265,0.11923663,0.09505113,0.0241855,7.59867056,7.45836151,0.870239,2.32053,28.889381,-0.141279,0.2186,True,0.4116,True,0.4502,True,-0.5016,False
2026-07-02T17:13:46.611661+00:00,DOGE/USDT,SHORT,NO TRADE,0.0,86.0,23.0,24.4,1.4,RSI weak,RSI weak|Volume weak|EMA slope weak|MACD weak,59.9931,0.00055821,0.00043728,0.00012093,0.07360457,0.07303214,0.401076,0.97199,-49.461416,-0.295144,-0.0942,False,0.1211,True,0.3229,True,-0.6459,False
2026-07-02T17:18:48.877951+00:00,BTC/USDT,SHORT,NO TRADE,0.0,71.0,22.0,23.6,1.6,MACD weak,MACD weak|RSI weak|EMA slope weak|Candle momentum weak,64.8459,531.73227928,467.12526714,64.60701214,60928.61963873,60264.61252821,0.423129,1.227798,10.109299,0.111349,-0.1349,False,0.3346,True,0.1474,True,0.1477,True
2026-07-02T17:18:51.387740+00:00,BNB/USDT,SHORT,NO TRADE,0.0,92.0,24.0,24.4,0.4,MACD weak,MACD weak|RSI weak|EMA slope weak,61.5484,3.27462817,2.32437391,0.95025426,556.72182982,553.67848427,0.352079,0.966043,3.406952,-0.106629,0.338,True,0.676,True,0.8184,True,0.1067,True
2026-07-02T17:18:52.209057+00:00,XRP/USDT,SHORT,NO TRADE,0.0,56.0,17.0,19.4,2.4,RSI weak,RSI weak|EMA slope weak|MACD weak,63.8204,0.01096237,0.00850927,0.00245311,1.07553842,1.06301873,0.539916,1.437567,4.227097,-0.201244,0.1558,True,0.5133,True,0.8616,True,-0.275,False
2026-07-02T17:18:53.112627+00:00,LINK/USDT,SHORT,NO TRADE,0.0,68.0,21.0,21.8,0.8,MACD weak,MACD weak|EMA slope weak,68.0265,0.11923663,0.09505113,0.0241855,7.59867056,7.45836151,0.870239,2.32053,28.889381,-0.141279,0.2186,True,0.4116,True,0.4502,True,-0.5016,False
2026-07-02T17:18:56.791770+00:00,DOGE/USDT,SHORT,NO TRADE,0.0,92.0,25.0,26.4,1.4,RSI weak,RSI weak|Volume weak|EMA slope weak|MACD weak,59.9931,0.00055821,0.00043728,0.00012093,0.07360457,0.07303214,0.401076,0.97199,-49.461416,-0.295144,-0.0942,False,0.1211,True,0.3229,True,-0.6459,False
2026-07-02T17:23:59.532446+00:00,BTC/USDT,SHORT,NO TRADE,0.0,71.0,22.0,23.6,1.6,MACD weak,MACD weak|RSI weak|EMA slope weak|Candle momentum weak,64.8459,531.73227928,467.12526714,64.60701214,60928.61963873,60264.61252821,0.423129,1.227798,10.109299,0.111349,-0.1349,False,0.3346,True,0.1474,True,0.1477,True
2026-07-02T17:24:04.465598+00:00,BNB/USDT,SHORT,SETUP,26.0,98.0,26.0,26.4,0.4,MACD weak,MACD weak|RSI weak|EMA slope weak,61.5484,3.27462817,2.32437391,0.95025426,556.72182982,553.67848427,0.352079,0.966043,3.406952,-0.106629,0.338,True,0.676,True,0.8184,True,0.1067,True
2026-07-02T17:24:06.224808+00:00,XRP/USDT,SHORT,NO TRADE,0.0,56.0,17.0,19.4,2.4,RSI weak,RSI weak|EMA slope weak|MACD weak,63.8204,0.01096237,0.00850927,0.00245311,1.07553842,1.06301873,0.539916,1.437567,4.227097,-0.201244,0.1558,True,0.5133,True,0.8616,True,-0.275,False
2026-07-02T17:24:07.476618+00:00,LINK/USDT,SHORT,NO TRADE,0.0,68.0,21.0,21.8,0.8,MACD weak,MACD weak|EMA slope weak,68.0265,0.11923663,0.09505113,0.0241855,7.59867056,7.45836151,0.870239,2.32053,28.889381,-0.141279,0.2186,True,0.4116,True,0.4502,True,-0.5016,False
2026-07-02T17:24:10.779863+00:00,DOGE/USDT,SHORT,NO TRADE,0.0,92.0,25.0,26.4,1.4,RSI weak,RSI weak|Volume weak|EMA slope weak|MACD weak,59.9931,0.00055821,0.00043728,0.00012093,0.07360457,0.07303214,0.401076,0.97199,-49.461416,-0.295144,-0.0942,False,0.1211,True,0.3229,True,-0.6459,False
2026-07-02T17:29:13.191153+00:00,BTC/USDT,SHORT,NO TRADE,0.0,71.0,22.0,23.6,1.6,MACD weak,MACD weak|RSI weak|EMA slope weak|Candle momentum weak,64.8459,531.73227928,467.12526714,64.60701214,60928.61963873,60264.61252821,0.423129,1.227798,10.109299,0.111349,-0.1349,False,0.3346,True,0.1474,True,0.1477,True
2026-07-02T17:29:17.092990+00:00,BNB/USDT,SHORT,NO TRADE,0.0,92.0,24.0,24.4,0.4,MACD weak,MACD weak|RSI weak|EMA slope weak,61.5484,3.27462817,2.32437391,0.95025426,556.72182982,553.67848427,0.352079,0.966043,3.406952,-0.106629,0.338,True,0.676,True,0.8184,True,0.1067,True
2026-07-02T17:29:18.210916+00:00,XRP/USDT,SHORT,NO TRADE,0.0,59.0,18.0,19.6,1.6,RSI weak,RSI weak|EMA slope weak|MACD weak,63.8204,0.01096237,0.00850927,0.00245311,1.07553842,1.06301873,0.539916,1.437567,4.227097,-0.201244,0.1558,True,0.5133,True,0.8616,True,-0.275,False
2026-07-02T17:29:21.786878+00:00,DOGE/USDT,SHORT,NO TRADE,0.0,92.0,25.0,26.4,1.4,RSI weak,RSI weak|Volume weak|EMA slope weak|MACD weak,59.9931,0.00055821,0.00043728,0.00012093,0.07360457,0.07303214,0.401076,0.97199,-49.461416,-0.295144,-0.0942,False,0.1211,True,0.3229,True,-0.6459,False
2026-07-02T17:34:24.039042+00:00,BTC/USDT,SHORT,NO TRADE,0.0,71.0,22.0,23.6,1.6,MACD weak,MACD weak|RSI weak|EMA slope weak|Candle momentum weak,64.8459,531.73227928,467.12526714,64.60701214,60928.61963873,60264.61252821,0.423129,1.227798,10.109299,0.111349,-0.1349,False,0.3346,True,0.1474,True,0.1477,True
2026-07-02T17:34:27.705343+00:00,BNB/USDT,SHORT,NO TRADE,0.0,92.0,24.0,24.4,0.4,MACD weak,MACD weak|RSI weak|EMA slope weak,61.5484,3.27462817,2.32437391,0.95025426,556.72182982,553.67848427,0.352079,0.966043,3.406952,-0.106629,0.338,True,0.676,True,0.8184,True,0.1067,True
2026-07-02T17:34:28.919903+00:00,XRP/USDT,SHORT,NO TRADE,0.0,56.0,17.0,19.4,2.4,RSI weak,RSI weak|EMA slope weak|MACD weak,63.8204,0.01096237,0.00850927,0.00245311,1.07553842,1.06301873,0.539916,1.437567,4.227097,-0.201244,0.1558,True,0.5133,True,0.8616,True,-0.275,False
2026-07-02T17:34:29.779887+00:00,LINK/USDT,SHORT,NO TRADE,0.0,68.0,21.0,21.8,0.8,MACD weak,MACD weak|EMA slope weak,68.0265,0.11923663,0.09505113,0.0241855,7.59867056,7.45836151,0.870239,2.32053,28.889381,-0.141279,0.2186,True,0.4116,True,0.4502,True,-0.5016,False
2026-07-02T17:34:32.480158+00:00,DOGE/USDT,SHORT,NO TRADE,0.0,92.0,25.0,26.4,1.4,RSI weak,RSI weak|Volume weak|EMA slope weak|MACD weak,59.9931,0.00055821,0.00043728,0.00012093,0.07360457,0.07303214,0.401076,0.97199,-49.461416,-0.295144,-0.0942,False,0.1211,True,0.3229,True,-0.6459,False
2026-07-02T17:39:35.497783+00:00,BTC/USDT,SHORT,NO TRADE,0.0,71.0,22.0,23.6,1.6,MACD weak,MACD weak|RSI weak|EMA slope weak|Candle momentum weak,64.8459,531.73227928,467.12526714,64.60701214,60928.61963873,60264.61252821,0.423129,1.227798,10.109299,0.111349,-0.1349,False,0.3346,True,0.1474,True,0.1477,True
2026-07-02T17:39:39.214034+00:00,BNB/USDT,SHORT,NO TRADE,0.0,86.0,22.0,22.4,0.4,MACD weak,MACD weak|RSI weak|EMA slope weak,61.5484,3.27462817,2.32437391,0.95025426,556.72182982,553.67848427,0.352079,0.966043,3.406952,-0.106629,0.338,True,0.676,True,0.8184,True,0.1067,True
2026-07-02T17:39:41.017623+00:00,LINK/USDT,SHORT,NO TRADE,0.0,62.0,19.0,20.3,1.3,MACD weak,MACD weak|EMA slope weak,68.0265,0.11923663,0.09505113,0.0241855,7.59867056,7.45836151,0.870239,2.32053,28.889381,-0.141279,0.2186,True,0.4116,True,0.4502,True,-0.5016,False
2026-07-02T17:39:44.346181+00:00,DOGE/USDT,SHORT,NO TRADE,0.0,77.0,19.0,20.4,1.4,RSI weak,RSI weak|Volume weak|EMA slope weak|MACD weak,59.9931,0.00055821,0.00043728,0.00012093,0.07360457,0.07303214,0.401076,0.97199,-49.461416,-0.295144,-0.0942,False,0.1211,True,0.3229,True,-0.6459,False
2026-07-02T17:44:46.569607+00:00,BTC/USDT,SHORT,NO TRADE,0.0,71.0,22.0,23.6,1.6,MACD weak,MACD weak|RSI weak|EMA slope weak|Candle momentum weak,64.8459,531.73227928,467.12526714,64.60701214,60928.61963873,60264.61252821,0.423129,1.227798,10.109299,0.111349,-0.1349,False,0.3346,True,0.1474,True,0.1477,True
2026-07-02T17:44:52.276791+00:00,BNB/USDT,SHORT,NO TRADE,0.0,92.0,24.0,24.4,0.4,MACD weak,MACD weak|RSI weak|EMA slope weak,61.5484,3.27462817,2.32437391,0.95025426,556.72182982,553.67848427,0.352079,0.966043,3.406952,-0.106629,0.338,True,0.676,True,0.8184,True,0.1067,True
2026-07-02T17:44:53.436966+00:00,XRP/USDT,SHORT,NO TRADE,0.0,56.0,17.0,19.4,2.4,RSI weak,RSI weak|EMA slope weak|MACD weak,63.8204,0.01096237,0.00850927,0.00245311,1.07553842,1.06301873,0.539916,1.437567,4.227097,-0.201244,0.1558,True,0.5133,True,0.8616,True,-0.275,False
2026-07-02T17:44:54.283607+00:00,LINK/USDT,SHORT,NO TRADE,0.0,62.0,19.0,20.3,1.3,MACD weak,MACD weak|EMA slope weak,68.0265,0.11923663,0.09505113,0.0241855,7.59867056,7.45836151,0.870239,2.32053,28.889381,-0.141279,0.2186,True,0.4116,True,0.4502,True,-0.5016,False
2026-07-02T17:44:57.461504+00:00,DOGE/USDT,SHORT,NO TRADE,0.0,86.0,23.0,24.4,1.4,RSI weak,RSI weak|Volume weak|EMA slope weak|MACD weak,59.9931,0.00055821,0.00043728,0.00012093,0.07360457,0.07303214,0.401076,0.97199,-49.461416,-0.295144,-0.0942,False,0.1211,True,0.3229,True,-0.6459,False
2026-07-02T17:49:59.918306+00:00,BTC/USDT,SHORT,NO TRADE,0.0,62.0,19.0,21.4,2.4,MACD weak,MACD weak|RSI weak|EMA slope weak|Candle momentum weak,64.8459,531.73227928,467.12526714,64.60701214,60928.61963873,60264.61252821,0.423129,1.227798,10.109299,0.111349,-0.1349,False,0.3346,True,0.1474,True,0.1477,True
2026-07-02T17:50:03.483066+00:00,BNB/USDT,SHORT,NO TRADE,0.0,86.0,22.0,22.4,0.4,MACD weak,MACD weak|RSI weak|EMA slope weak,61.5484,3.27462817,2.32437391,0.95025426,556.72182982,553.67848427,0.352079,0.966043,3.406952,-0.106629,0.338,True,0.676,True,0.8184,True,0.1067,True
2026-07-02T17:50:05.142123+00:00,LINK/USDT,SHORT,NO TRADE,0.0,62.0,19.0,20.3,1.3,MACD weak,MACD weak|EMA slope weak,68.0265,0.11923663,0.09505113,0.0241855,7.59867056,7.45836151,0.870239,2.32053,28.889381,-0.141279,0.2186,True,0.4116,True,0.4502,True,-0.5016,False
2026-07-02T17:50:08.514738+00:00,DOGE/USDT,SHORT,NO TRADE,0.0,86.0,23.0,24.4,1.4,RSI weak,RSI weak|Volume weak|EMA slope weak|MACD weak,59.9931,0.00055821,0.00043728,0.00012093,0.07360457,0.07303214,0.401076,0.97199,-49.461416,-0.295144,-0.0942,False,0.1211,True,0.3229,True,-0.6459,False
2026-07-02T17:55:10.770999+00:00,BTC/USDT,SHORT,NO TRADE,0.0,71.0,22.0,23.6,1.6,MACD weak,MACD weak|RSI weak|EMA slope weak|Candle momentum weak,64.8459,531.73227928,467.12526714,64.60701214,60928.61963873,60264.61252821,0.423129,1.227798,10.109299,0.111349,-0.1349,False,0.3346,True,0.1474,True,0.1477,True
2026-07-02T17:55:13.260473+00:00,BNB/USDT,SHORT,NO TRADE,0.0,86.0,22.0,22.4,0.4,MACD weak,MACD weak|RSI weak|EMA slope weak,61.5484,3.27462817,2.32437391,0.95025426,556.72182982,553.67848427,0.352079,0.966043,3.406952,-0.106629,0.338,True,0.676,True,0.8184,True,0.1067,True
2026-07-02T17:55:15.239567+00:00,XRP/USDT,SHORT,NO TRADE,0.0,56.0,17.0,19.4,2.4,RSI weak,RSI weak|EMA slope weak|MACD weak,63.8204,0.01096237,0.00850927,0.00245311,1.07553842,1.06301873,0.539916,1.437567,4.227097,-0.201244,0.1558,True,0.5133,True,0.8616,True,-0.275,False
2026-07-02T17:55:16.270715+00:00,LINK/USDT,SHORT,NO TRADE,0.0,62.0,19.0,20.3,1.3,MACD weak,MACD weak|EMA slope weak,68.0265,0.11923663,0.09505113,0.0241855,7.59867056,7.45836151,0.870239,2.32053,28.889381,-0.141279,0.2186,True,0.4116,True,0.4502,True,-0.5016,False
2026-07-02T17:55:19.895034+00:00,DOGE/USDT,SHORT,NO TRADE,0.0,86.0,23.0,24.4,1.4,RSI weak,RSI weak|Volume weak|EMA slope weak|MACD weak,59.9931,0.00055821,0.00043728,0.00012093,0.07360457,0.07303214,0.401076,0.97199,-49.461416,-0.295144,-0.0942,False,0.1211,True,0.3229,True,-0.6459,False
2026-07-02T18:00:22.261544+00:00,BTC/USDT,SHORT,NO TRADE,0.0,62.0,19.0,21.4,2.4,MACD weak,MACD weak|Volume weak|RSI weak|EMA slope weak,64.6827,524.8678355,478.67378081,46.19405469,60999.07491123,60319.6630173,0.376853,1.097271,-39.325741,-0.013457,0.3212,True,0.1497,True,0.3318,True,0.3854,True
2026-07-02T18:00:25.272535+00:00,BNB/USDT,SHORT,NO TRADE,0.0,86.0,22.0,22.4,0.4,MACD weak,MACD weak|RSI weak|Volume weak|EMA slope weak,59.0747,3.1912415,2.49774743,0.69349407,557.11975079,553.96168096,0.297573,0.678534,-3.75289,-0.213485,0.4635,True,0.4457,True,0.5883,True,-0.1426,False
2026-07-02T18:00:27.166356+00:00,LINK/USDT,SHORT,NO TRADE,0.0,62.0,19.0,20.3,1.3,MACD weak,MACD weak|EMA slope weak|Volume weak,65.913,0.11674922,0.09939075,0.01735847,7.61355908,7.46999439,0.72928,1.85775,-6.929109,-0.257235,0.1547,True,0.0387,True,0.5029,True,-0.3482,False
2026-07-02T18:00:29.751940+00:00,DOGE/USDT,SHORT,NO TRADE,0.0,86.0,23.0,24.4,1.4,Volume weak,Volume weak|RSI weak|EMA slope weak|MACD weak,58.9881,0.00053861,0.00045755,8.107e-05,0.07366509,0.07307951,0.329896,0.78044,-70.422928,-0.107643,0.0135,True,0.1751,True,0.3233,True,-0.687,False
2026-07-02T18:05:32.559854+00:00,BTC/USDT,SHORT,NO TRADE,0.0,71.0,22.0,23.6,1.6,MACD weak,MACD weak|Volume weak|RSI weak|EMA slope weak,64.6827,524.8678355,478.67378081,46.19405469,60999.07491123,60319.6630173,0.376853,1.097271,-39.325741,-0.013457,0.3212,True,0.1497,True,0.3318,True,0.3854,True
2026-07-02T18:05:35.835785+00:00,BNB/USDT,SHORT,NO TRADE,0.0,92.0,24.0,24.4,0.4,MACD weak,MACD weak|RSI weak|Volume weak|EMA slope weak,59.0747,3.1912415,2.49774743,0.69349407,557.11975079,553.96168096,0.297573,0.678534,-3.75289,-0.213485,0.4635,True,0.4457,True,0.5883,True,-0.1426,False
2026-07-02T18:05:36.803044+00:00,XRP/USDT,SHORT,NO TRADE,0.0,56.0,17.0,19.4,2.4,Volume weak,Volume weak|RSI weak|EMA slope weak|MACD weak,61.6735,0.01061628,0.00893067,0.00168561,1.07677285,1.06401799,0.456432,1.089101,-59.196473,-0.229148,0.2848,True,0.4777,True,0.4134,True,-0.2664,False
2026-07-02T18:05:37.805825+00:00,LINK/USDT,SHORT,NO TRADE,0.0,62.0,19.0,20.3,1.3,MACD weak,MACD weak|EMA slope weak|Volume weak,65.913,0.11674922,0.09939075,0.01735847,7.61355908,7.46999439,0.72928,1.85775,-6.929109,-0.257235,0.1547,True,0.0387,True,0.5029,True,-0.3482,False
2026-07-02T18:05:41.459709+00:00,DOGE/USDT,SHORT,NO TRADE,0.0,92.0,25.0,26.4,1.4,Volume weak,Volume weak|RSI weak|EMA slope weak|MACD weak,58.9881,0.00053861,0.00045755,8.107e-05,0.07366509,0.07307951,0.329896,0.78044,-70.422928,-0.107643,0.0135,True,0.1751,True,0.3233,True,-0.687,False
2026-07-02T18:10:44.078667+00:00,BTC/USDT,SHORT,NO TRADE,0.0,71.0,22.0,23.6,1.6,MACD weak,MACD weak|Volume weak|RSI weak|EMA slope weak,64.6827,524.8678355,478.67378081,46.19405469,60999.07491123,60319.6630173,0.376853,1.097271,-39.325741,-0.013457,0.3212,True,0.1497,True,0.3318,True,0.3854,True
2026-07-02T18:10:48.828392+00:00,BNB/USDT,SHORT,NO TRADE,0.0,92.0,24.0,24.4,0.4,MACD weak,MACD weak|RSI weak|Volume weak|EMA slope weak,59.0747,3.1912415,2.49774743,0.69349407,557.11975079,553.96168096,0.297573,0.678534,-3.75289,-0.213485,0.4635,True,0.4457,True,0.5883,True,-0.1426,False
2026-07-02T18:10:50.196304+00:00,XRP/USDT,SHORT,NO TRADE,0.0,56.0,17.0,19.4,2.4,Volume weak,Volume weak|RSI weak|EMA slope weak|MACD weak,61.6735,0.01061628,0.00893067,0.00168561,1.07677285,1.06401799,0.456432,1.089101,-59.196473,-0.229148,0.2848,True,0.4777,True,0.4134,True,-0.2664,False
2026-07-02T18:10:51.176306+00:00,LINK/USDT,SHORT,NO TRADE,0.0,62.0,19.0,20.3,1.3,MACD weak,MACD weak|EMA slope weak|Volume weak,65.913,0.11674922,0.09939075,0.01735847,7.61355908,7.46999439,0.72928,1.85775,-6.929109,-0.257235,0.1547,True,0.0387,True,0.5029,True,-0.3482,False
2026-07-02T18:10:54.399259+00:00,DOGE/USDT,SHORT,NO TRADE,0.0,92.0,25.0,26.4,1.4,Volume weak,Volume weak|RSI weak|EMA slope weak|MACD weak,58.9881,0.00053861,0.00045755,8.107e-05,0.07366509,0.07307951,0.329896,0.78044,-70.422928,-0.107643,0.0135,True,0.1751,True,0.3233,True,-0.687,False
2026-07-02T18:15:57.710420+00:00,BTC/USDT,SHORT,NO TRADE,0.0,71.0,22.0,23.6,1.6,MACD weak,MACD weak|Volume weak|RSI weak|EMA slope weak,64.6827,524.8678355,478.67378081,46.19405469,60999.07491123,60319.6630173,0.376853,1.097271,-39.325741,-0.013457,0.3212,True,0.1497,True,0.3318,True,0.3854,True
2026-07-02T18:16:01.460038+00:00,BNB/USDT,SHORT,NO TRADE,0.0,92.0,24.0,24.4,0.4,MACD weak,MACD weak|RSI weak|Volume weak|EMA slope weak,59.0747,3.1912415,2.49774743,0.69349407,557.11975079,553.96168096,0.297573,0.678534,-3.75289,-0.213485,0.4635,True,0.4457,True,0.5883,True,-0.1426,False
2026-07-02T18:16:02.725073+00:00,XRP/USDT,SHORT,NO TRADE,0.0,56.0,17.0,19.4,2.4,Volume weak,Volume weak|RSI weak|EMA slope weak|MACD weak,61.6735,0.01061628,0.00893067,0.00168561,1.07677285,1.06401799,0.456432,1.089101,-59.196473,-0.229148,0.2848,True,0.4777,True,0.4134,True,-0.2664,False
2026-07-02T18:16:03.771671+00:00,LINK/USDT,SHORT,NO TRADE,0.0,62.0,19.0,20.3,1.3,MACD weak,MACD weak|EMA slope weak|Volume weak,65.913,0.11674922,0.09939075,0.01735847,7.61355908,7.46999439,0.72928,1.85775,-6.929109,-0.257235,0.1547,True,0.0387,True,0.5029,True,-0.3482,False
2026-07-02T18:16:06.580390+00:00,DOGE/USDT,SHORT,NO TRADE,0.0,92.0,25.0,26.4,1.4,Volume weak,Volume weak|RSI weak|EMA slope weak|MACD weak,58.9881,0.00053861,0.00045755,8.107e-05,0.07366509,0.07307951,0.329896,0.78044,-70.422928,-0.107643,0.0135,True,0.1751,True,0.3233,True,-0.687,False
2026-07-02T18:25:48.028750+00:00,BTC/USDT,SHORT,NO TRADE,0.0,71.0,22.0,23.6,1.6,MACD weak,MACD weak|Volume weak|RSI weak|EMA slope weak,64.6827,524.8678355,478.67378081,46.19405469,60999.07491123,60319.6630173,0.376853,1.097271,-39.325741,-0.013457,0.3212,True,0.1497,True,0.3318,True,0.3854,True
2026-07-02T18:26:03.072905+00:00,BNB/USDT,SHORT,NO TRADE,0.0,92.0,24.0,24.4,0.4,MACD weak,MACD weak|RSI weak|Volume weak|EMA slope weak,59.0747,3.1912415,2.49774743,0.69349407,557.11975079,553.96168096,0.297573,0.678534,-3.75289,-0.213485,0.4635,True,0.4457,True,0.5883,True,-0.1426,False
2026-07-02T18:26:06.883505+00:00,XRP/USDT,SHORT,NO TRADE,0.0,56.0,17.0,19.4,2.4,Volume weak,Volume weak|RSI weak|EMA slope weak|MACD weak,61.6735,0.01061628,0.00893067,0.00168561,1.07677285,1.06401799,0.456432,1.089101,-59.196473,-0.229148,0.2848,True,0.4777,True,0.4134,True,-0.2664,False
2026-07-02T18:26:16.644333+00:00,LINK/USDT,SHORT,NO TRADE,0.0,62.0,19.0,20.3,1.3,MACD weak,MACD weak|EMA slope weak|Volume weak,65.913,0.11674922,0.09939075,0.01735847,7.61355908,7.46999439,0.72928,1.85775,-6.929109,-0.257235,0.1547,True,0.0387,True,0.5029,True,-0.3482,False
2026-07-02T18:26:24.399760+00:00,DOGE/USDT,SHORT,NO TRADE,0.0,92.0,25.0,26.4,1.4,Volume weak,Volume weak|RSI weak|EMA slope weak|MACD weak,58.9881,0.00053861,0.00045755,8.107e-05,0.07366509,0.07307951,0.329896,0.78044,-70.422928,-0.107643,0.0135,True,0.1751,True,0.3233,True,-0.687,False
2026-07-02T18:31:36.400230+00:00,BTC/USDT,SHORT,NO TRADE,0.0,71.0,22.0,23.6,1.6,MACD weak,MACD weak|Volume weak|RSI weak|EMA slope weak,64.6827,524.8678355,478.67378081,46.19405469,60999.07491123,60319.6630173,0.376853,1.097271,-39.325741,-0.013457,0.3212,True,0.1497,True,0.3318,True,0.3854,True
2026-07-02T18:31:40.100069+00:00,BNB/USDT,SHORT,NO TRADE,0.0,92.0,24.0,24.4,0.4,MACD weak,MACD weak|RSI weak|Volume weak|EMA slope weak,59.0747,3.1912415,2.49774743,0.69349407,557.11975079,553.96168096,0.297573,0.678534,-3.75289,-0.213485,0.4635,True,0.4457,True,0.5883,True,-0.1426,False
2026-07-02T18:31:41.075521+00:00,XRP/USDT,SHORT,NO TRADE,0.0,56.0,17.0,19.4,2.4,Volume weak,Volume weak|RSI weak|EMA slope weak|MACD weak,61.6735,0.01061628,0.00893067,0.00168561,1.07677285,1.06401799,0.456432,1.089101,-59.196473,-0.229148,0.2848,True,0.4777,True,0.4134,True,-0.2664,False
2026-07-02T18:31:42.781485+00:00,LINK/USDT,SHORT,NO TRADE,0.0,68.0,21.0,21.8,0.8,MACD weak,MACD weak|EMA slope weak|Volume weak,65.913,0.11674922,0.09939075,0.01735847,7.61355908,7.46999439,0.72928,1.85775,-6.929109,-0.257235,0.1547,True,0.0387,True,0.5029,True,-0.3482,False
2026-07-02T18:31:46.665160+00:00,DOGE/USDT,SHORT,NO TRADE,0.0,92.0,25.0,26.4,1.4,Volume weak,Volume weak|RSI weak|EMA slope weak|MACD weak,58.9881,0.00053861,0.00045755,8.107e-05,0.07366509,0.07307951,0.329896,0.78044,-70.422928,-0.107643,0.0135,True,0.1751,True,0.3233,True,-0.687,False
2026-07-02T18:36:49.715229+00:00,BTC/USDT,SHORT,NO TRADE,0.0,71.0,22.0,23.6,1.6,MACD weak,MACD weak|Volume weak|RSI weak|EMA slope weak,64.6827,524.8678355,478.67378081,46.19405469,60999.07491123,60319.6630173,0.376853,1.097271,-39.325741,-0.013457,0.3212,True,0.1497,True,0.3318,True,0.3854,True
2026-07-02T18:36:53.416778+00:00,BNB/USDT,SHORT,NO TRADE,0.0,86.0,22.0,22.4,0.4,MACD weak,MACD weak|RSI weak|Volume weak|EMA slope weak,59.0747,3.1912415,2.49774743,0.69349407,557.11975079,553.96168096,0.297573,0.678534,-3.75289,-0.213485,0.4635,True,0.4457,True,0.5883,True,-0.1426,False
2026-07-02T18:36:54.365784+00:00,XRP/USDT,SHORT,NO TRADE,0.0,56.0,17.0,19.4,2.4,Volume weak,Volume weak|RSI weak|EMA slope weak|MACD weak,61.6735,0.01061628,0.00893067,0.00168561,1.07677285,1.06401799,0.456432,1.089101,-59.196473,-0.229148,0.2848,True,0.4777,True,0.4134,True,-0.2664,False
2026-07-02T18:36:55.541952+00:00,LINK/USDT,SHORT,NO TRADE,0.0,68.0,21.0,21.8,0.8,MACD weak,MACD weak|EMA slope weak|Volume weak,65.913,0.11674922,0.09939075,0.01735847,7.61355908,7.46999439,0.72928,1.85775,-6.929109,-0.257235,0.1547,True,0.0387,True,0.5029,True,-0.3482,False
2026-07-02T18:36:58.870955+00:00,DOGE/USDT,SHORT,NO TRADE,0.0,92.0,25.0,26.4,1.4,Volume weak,Volume weak|RSI weak|EMA slope weak|MACD weak,58.9881,0.00053861,0.00045755,8.107e-05,0.07366509,0.07307951,0.329896,0.78044,-70.422928,-0.107643,0.0135,True,0.1751,True,0.3233,True,-0.687,False
2026-07-02T18:42:02.659820+00:00,BTC/USDT,SHORT,NO TRADE,0.0,71.0,22.0,23.6,1.6,MACD weak,MACD weak|Volume weak|RSI weak|EMA slope weak,64.6827,524.8678355,478.67378081,46.19405469,60999.07491123,60319.6630173,0.376853,1.097271,-39.325741,-0.013457,0.3212,True,0.1497,True,0.3318,True,0.3854,True
2026-07-02T18:42:05.604896+00:00,BNB/USDT,SHORT,NO TRADE,0.0,86.0,22.0,22.4,0.4,MACD weak,MACD weak|RSI weak|Volume weak|EMA slope weak,59.0747,3.1912415,2.49774743,0.69349407,557.11975079,553.96168096,0.297573,0.678534,-3.75289,-0.213485,0.4635,True,0.4457,True,0.5883,True,-0.1426,False
2026-07-02T18:42:08.003809+00:00,XRP/USDT,SHORT,NO TRADE,0.0,56.0,17.0,19.4,2.4,Volume weak,Volume weak|RSI weak|EMA slope weak|MACD weak,61.6735,0.01061628,0.00893067,0.00168561,1.07677285,1.06401799,0.456432,1.089101,-59.196473,-0.229148,0.2848,True,0.4777,True,0.4134,True,-0.2664,False
2026-07-02T18:42:08.931047+00:00,LINK/USDT,SHORT,NO TRADE,0.0,68.0,21.0,21.8,0.8,MACD weak,MACD weak|EMA slope weak|Volume weak,65.913,0.11674922,0.09939075,0.01735847,7.61355908,7.46999439,0.72928,1.85775,-6.929109,-0.257235,0.1547,True,0.0387,True,0.5029,True,-0.3482,False
2026-07-02T18:42:14.791781+00:00,DOGE/USDT,SHORT,NO TRADE,0.0,92.0,25.0,26.4,1.4,Volume weak,Volume weak|RSI weak|EMA slope weak|MACD weak,58.9881,0.00053861,0.00045755,8.107e-05,0.07366509,0.07307951,0.329896,0.78044,-70.422928,-0.107643,0.0135,True,0.1751,True,0.3233,True,-0.687,False
2026-07-02T18:47:22.463228+00:00,BTC/USDT,SHORT,NO TRADE,0.0,71.0,22.0,23.6,1.6,MACD weak,MACD weak|Volume weak|RSI weak|EMA slope weak,64.6827,524.8678355,478.67378081,46.19405469,60999.07491123,60319.6630173,0.376853,1.097271,-39.325741,-0.013457,0.3212,True,0.1497,True,0.3318,True,0.3854,True
2026-07-02T18:47:26.190122+00:00,BNB/USDT,SHORT,NO TRADE,0.0,86.0,22.0,22.4,0.4,MACD weak,MACD weak|RSI weak|Volume weak|EMA slope weak,59.0747,3.1912415,2.49774743,0.69349407,557.11975079,553.96168096,0.297573,0.678534,-3.75289,-0.213485,0.4635,True,0.4457,True,0.5883,True,-0.1426,False
2026-07-02T18:47:27.964965+00:00,XRP/USDT,SHORT,NO TRADE,0.0,56.0,17.0,19.4,2.4,Volume weak,Volume weak|RSI weak|EMA slope weak|MACD weak,61.6735,0.01061628,0.00893067,0.00168561,1.07677285,1.06401799,0.456432,1.089101,-59.196473,-0.229148,0.2848,True,0.4777,True,0.4134,True,-0.2664,False
2026-07-02T18:47:29.494637+00:00,LINK/USDT,SHORT,NO TRADE,0.0,68.0,21.0,21.8,0.8,MACD weak,MACD weak|EMA slope weak|Volume weak,65.913,0.11674922,0.09939075,0.01735847,7.61355908,7.46999439,0.72928,1.85775,-6.929109,-0.257235,0.1547,True,0.0387,True,0.5029,True,-0.3482,False
2026-07-02T18:47:35.365010+00:00,DOGE/USDT,SHORT,NO TRADE,0.0,92.0,25.0,26.4,1.4,Volume weak,Volume weak|RSI weak|EMA slope weak|MACD weak,58.9881,0.00053861,0.00045755,8.107e-05,0.07366509,0.07307951,0.329896,0.78044,-70.422928,-0.107643,0.0135,True,0.1751,True,0.3233,True,-0.687,False
2026-07-02T18:52:39.987419+00:00,BTC/USDT,SHORT,NO TRADE,0.0,71.0,22.0,23.6,1.6,MACD weak,MACD weak|Volume weak|RSI weak|EMA slope weak,64.6827,524.8678355,478.67378081,46.19405469,60999.07491123,60319.6630173,0.376853,1.097271,-39.325741,-0.013457,0.3212,True,0.1497,True,0.3318,True,0.3854,True
2026-07-02T18:52:44.895789+00:00,BNB/USDT,SHORT,NO TRADE,0.0,86.0,22.0,22.4,0.4,MACD weak,MACD weak|RSI weak|Volume weak|EMA slope weak,59.0747,3.1912415,2.49774743,0.69349407,557.11975079,553.96168096,0.297573,0.678534,-3.75289,-0.213485,0.4635,True,0.4457,True,0.5883,True,-0.1426,False
2026-07-02T18:52:45.867406+00:00,XRP/USDT,SHORT,NO TRADE,0.0,56.0,17.0,19.4,2.4,Volume weak,Volume weak|RSI weak|EMA slope weak|MACD weak,61.6735,0.01061628,0.00893067,0.00168561,1.07677285,1.06401799,0.456432,1.089101,-59.196473,-0.229148,0.2848,True,0.4777,True,0.4134,True,-0.2664,False
2026-07-02T18:52:47.517751+00:00,LINK/USDT,SHORT,NO TRADE,0.0,68.0,21.0,21.8,0.8,MACD weak,MACD weak|EMA slope weak|Volume weak,65.913,0.11674922,0.09939075,0.01735847,7.61355908,7.46999439,0.72928,1.85775,-6.929109,-0.257235,0.1547,True,0.0387,True,0.5029,True,-0.3482,False
2026-07-02T18:52:51.607057+00:00,DOGE/USDT,SHORT,NO TRADE,0.0,92.0,25.0,26.4,1.4,Volume weak,Volume weak|RSI weak|EMA slope weak|MACD weak,58.9881,0.00053861,0.00045755,8.107e-05,0.07366509,0.07307951,0.329896,0.78044,-70.422928,-0.107643,0.0135,True,0.1751,True,0.3233,True,-0.687,False
2026-07-02T18:57:55.773617+00:00,BTC/USDT,SHORT,NO TRADE,0.0,71.0,22.0,23.6,1.6,MACD weak,MACD weak|Volume weak|RSI weak|EMA slope weak,64.6827,524.8678355,478.67378081,46.19405469,60999.07491123,60319.6630173,0.376853,1.097271,-39.325741,-0.013457,0.3212,True,0.1497,True,0.3318,True,0.3854,True
2026-07-02T18:57:58.939949+00:00,BNB/USDT,SHORT,NO TRADE,0.0,86.0,22.0,22.4,0.4,MACD weak,MACD weak|RSI weak|Volume weak|EMA slope weak,59.0747,3.1912415,2.49774743,0.69349407,557.11975079,553.96168096,0.297573,0.678534,-3.75289,-0.213485,0.4635,True,0.4457,True,0.5883,True,-0.1426,False
2026-07-02T18:58:02.060368+00:00,LINK/USDT,SHORT,NO TRADE,0.0,62.0,19.0,20.3,1.3,MACD weak,MACD weak|EMA slope weak|Volume weak,65.913,0.11674922,0.09939075,0.01735847,7.61355908,7.46999439,0.72928,1.85775,-6.929109,-0.257235,0.1547,True,0.0387,True,0.5029,True,-0.3482,False
2026-07-02T18:58:05.561495+00:00,DOGE/USDT,SHORT,NO TRADE,0.0,86.0,23.0,24.4,1.4,Volume weak,Volume weak|RSI weak|EMA slope weak|MACD weak,58.9881,0.00053861,0.00045755,8.107e-05,0.07366509,0.07307951,0.329896,0.78044,-70.422928,-0.107643,0.0135,True,0.1751,True,0.3233,True,-0.687,False
2026-07-02T19:03:09.478329+00:00,BTC/USDT,SHORT,NO TRADE,0.0,71.0,22.0,23.6,1.6,MACD weak,MACD weak|Volume weak|EMA slope weak|Candle momentum weak,65.7071,520.80745549,487.10051575,33.70693974,61071.5344435,60376.14289897,0.364274,1.127146,-33.623757,0.148374,0.2976,True,0.2819,True,0.3276,True,0.5324,True
2026-07-02T19:03:13.120400+00:00,BNB/USDT,SHORT,NO TRADE,0.0,86.0,22.0,22.4,0.4,MACD weak,MACD weak|RSI weak|Volume weak|EMA slope weak,57.6199,3.03370218,2.60493838,0.4287638,557.41310786,554.20632093,0.226088,0.499969,-45.063777,-0.124799,0.3213,True,0.482,True,0.2499,True,-0.1785,False
2026-07-02T19:03:16.358942+00:00,LINK/USDT,SHORT,NO TRADE,0.0,62.0,19.0,20.3,1.3,Volume weak,Volume weak|MACD weak|EMA slope weak|Candle momentum weak,66.0832,0.11370924,0.10225445,0.01145479,7.62731536,7.48128873,0.622759,1.713377,-59.797294,0.038685,0.0773,True,0.232,True,0.1676,True,-0.116,False
2026-07-02T19:03:19.583187+00:00,DOGE/USDT,SHORT,NO TRADE,0.0,86.0,23.0,24.4,1.4,Volume weak,Volume weak|RSI weak|EMA slope weak|Candle momentum weak|MACD weak,60.33,0.00052909,0.00047186,5.723e-05,0.07373413,0.0731309,0.278616,0.88951,-64.743704,0.202047,0.3764,True,0.4167,True,0.2823,True,-0.5915,False
2026-07-02T19:08:22.780680+00:00,BTC/USDT,SHORT,NO TRADE,0.0,62.0,19.0,21.4,2.4,MACD weak,MACD weak|Volume weak|EMA slope weak|Candle momentum weak,65.7071,520.80745549,487.10051575,33.70693974,61071.5344435,60376.14289897,0.364274,1.127146,-33.623757,0.148374,0.2976,True,0.2819,True,0.3276,True,0.5324,True
2026-07-02T19:08:26.310605+00:00,BNB/USDT,SHORT,NO TRADE,0.0,86.0,22.0,22.4,0.4,MACD weak,MACD weak|RSI weak|Volume weak|EMA slope weak,57.6199,3.03370218,2.60493838,0.4287638,557.41310786,554.20632093,0.226088,0.499969,-45.063777,-0.124799,0.3213,True,0.482,True,0.2499,True,-0.1785,False
2026-07-02T19:08:28.913481+00:00,LINK/USDT,SHORT,NO TRADE,0.0,62.0,19.0,20.3,1.3,Volume weak,Volume weak|MACD weak|EMA slope weak|Candle momentum weak,66.0832,0.11370924,0.10225445,0.01145479,7.62731536,7.48128873,0.622759,1.713377,-59.797294,0.038685,0.0773,True,0.232,True,0.1676,True,-0.116,False
2026-07-02T19:08:31.940141+00:00,DOGE/USDT,SHORT,NO TRADE,0.0,86.0,23.0,24.4,1.4,Volume weak,Volume weak|RSI weak|EMA slope weak|Candle momentum weak|MACD weak,60.33,0.00052909,0.00047186,5.723e-05,0.07373413,0.0731309,0.278616,0.88951,-64.743704,0.202047,0.3764,True,0.4167,True,0.2823,True,-0.5915,False
2026-07-02T19:13:34.733517+00:00,BTC/USDT,SHORT,NO TRADE,0.0,62.0,19.0,21.4,2.4,MACD weak,MACD weak|Volume weak|EMA slope weak|Candle momentum weak,65.7071,520.80745549,487.10051575,33.70693974,61071.5344435,60376.14289897,0.364274,1.127146,-33.623757,0.148374,0.2976,True,0.2819,True,0.3276,True,0.5324,True
2026-07-02T19:13:39.913180+00:00,BNB/USDT,SHORT,NO TRADE,0.0,86.0,22.0,22.4,0.4,MACD weak,MACD weak|RSI weak|Volume weak|EMA slope weak,57.6199,3.03370218,2.60493838,0.4287638,557.41310786,554.20632093,0.226088,0.499969,-45.063777,-0.124799,0.3213,True,0.482,True,0.2499,True,-0.1785,False
2026-07-02T19:13:42.854209+00:00,LINK/USDT,SHORT,NO TRADE,0.0,62.0,19.0,20.3,1.3,Volume weak,Volume weak|MACD weak|EMA slope weak|Candle momentum weak,66.0832,0.11370924,0.10225445,0.01145479,7.62731536,7.48128873,0.622759,1.713377,-59.797294,0.038685,0.0773,True,0.232,True,0.1676,True,-0.116,False
2026-07-02T19:13:46.702098+00:00,DOGE/USDT,SHORT,NO TRADE,0.0,86.0,23.0,24.4,1.4,Volume weak,Volume weak|RSI weak|EMA slope weak|Candle momentum weak|MACD weak,60.33,0.00052909,0.00047186,5.723e-05,0.07373413,0.0731309,0.278616,0.88951,-64.743704,0.202047,0.3764,True,0.4167,True,0.2823,True,-0.5915,False
2026-07-02T19:18:50.205883+00:00,BTC/USDT,SHORT,NO TRADE,0.0,62.0,19.0,21.4,2.4,MACD weak,MACD weak|Volume weak|EMA slope weak|Candle momentum weak,65.7071,520.80745549,487.10051575,33.70693974,61071.5344435,60376.14289897,0.364274,1.127146,-33.623757,0.148374,0.2976,True,0.2819,True,0.3276,True,0.5324,True
2026-07-02T19:18:55.284188+00:00,BNB/USDT,SHORT,NO TRADE,0.0,80.0,19.0,19.4,0.4,MACD weak,MACD weak|RSI weak|Volume weak|EMA slope weak,57.6199,3.03370218,2.60493838,0.4287638,557.41310786,554.20632093,0.226088,0.499969,-45.063777,-0.124799,0.3213,True,0.482,True,0.2499,True,-0.1785,False
2026-07-02T19:18:57.534186+00:00,LINK/USDT,SHORT,NO TRADE,0.0,56.0,17.0,19.9,2.9,Volume weak,Volume weak|MACD weak|EMA slope weak|Candle momentum weak,66.0832,0.11370924,0.10225445,0.01145479,7.62731536,7.48128873,0.622759,1.713377,-59.797294,0.038685,0.0773,True,0.232,True,0.1676,True,-0.116,False
2026-07-02T19:19:01.923577+00:00,DOGE/USDT,SHORT,NO TRADE,0.0,77.0,19.0,20.4,1.4,Volume weak,Volume weak|RSI weak|EMA slope weak|Candle momentum weak|MACD weak,60.33,0.00052909,0.00047186,5.723e-05,0.07373413,0.0731309,0.278616,0.88951,-64.743704,0.202047,0.3764,True,0.4167,True,0.2823,True,-0.5915,False
2026-07-02T19:24:04.967486+00:00,BTC/USDT,SHORT,NO TRADE,0.0,62.0,19.0,21.4,2.4,MACD weak,MACD weak|Volume weak|EMA slope weak|Candle momentum weak,65.7071,520.80745549,487.10051575,33.70693974,61071.5344435,60376.14289897,0.364274,1.127146,-33.623757,0.148374,0.2976,True,0.2819,True,0.3276,True,0.5324,True
2026-07-02T19:24:08.636445+00:00,BNB/USDT,SHORT,NO TRADE,0.0,80.0,19.0,19.4,0.4,MACD weak,MACD weak|RSI weak|Volume weak|EMA slope weak,57.6199,3.03370218,2.60493838,0.4287638,557.41310786,554.20632093,0.226088,0.499969,-45.063777,-0.124799,0.3213,True,0.482,True,0.2499,True,-0.1785,False
2026-07-02T19:24:11.611380+00:00,LINK/USDT,SHORT,NO TRADE,0.0,56.0,17.0,19.9,2.9,Volume weak,Volume weak|MACD weak|EMA slope weak|Candle momentum weak,66.0832,0.11370924,0.10225445,0.01145479,7.62731536,7.48128873,0.622759,1.713377,-59.797294,0.038685,0.0773,True,0.232,True,0.1676,True,-0.116,False
2026-07-02T19:24:15.072179+00:00,DOGE/USDT,SHORT,NO TRADE,0.0,77.0,19.0,20.4,1.4,Volume weak,Volume weak|RSI weak|EMA slope weak|Candle momentum weak|MACD weak,60.33,0.00052909,0.00047186,5.723e-05,0.07373413,0.0731309,0.278616,0.88951,-64.743704,0.202047,0.3764,True,0.4167,True,0.2823,True,-0.5915,False
2026-07-02T19:29:18.767785+00:00,BTC/USDT,SHORT,NO TRADE,0.0,62.0,19.0,21.4,2.4,MACD weak,MACD weak|Volume weak|EMA slope weak|Candle momentum weak,65.7071,520.80745549,487.10051575,33.70693974,61071.5344435,60376.14289897,0.364274,1.127146,-33.623757,0.148374,0.2976,True,0.2819,True,0.3276,True,0.5324,True
2026-07-02T19:29:22.722416+00:00,BNB/USDT,SHORT,NO TRADE,0.0,80.0,19.0,19.4,0.4,MACD weak,MACD weak|RSI weak|Volume weak|EMA slope weak,57.6199,3.03370218,2.60493838,0.4287638,557.41310786,554.20632093,0.226088,0.499969,-45.063777,-0.124799,0.3213,True,0.482,True,0.2499,True,-0.1785,False
2026-07-02T19:29:25.065782+00:00,LINK/USDT,SHORT,NO TRADE,0.0,56.0,17.0,19.9,2.9,Volume weak,Volume weak|MACD weak|EMA slope weak|Candle momentum weak,66.0832,0.11370924,0.10225445,0.01145479,7.62731536,7.48128873,0.622759,1.713377,-59.797294,0.038685,0.0773,True,0.232,True,0.1676,True,-0.116,False
2026-07-02T19:29:28.955164+00:00,DOGE/USDT,SHORT,NO TRADE,0.0,86.0,23.0,24.4,1.4,Volume weak,Volume weak|RSI weak|EMA slope weak|Candle momentum weak|MACD weak,60.33,0.00052909,0.00047186,5.723e-05,0.07373413,0.0731309,0.278616,0.88951,-64.743704,0.202047,0.3764,True,0.4167,True,0.2823,True,-0.5915,False
2026-07-02T19:34:32.787066+00:00,BTC/USDT,SHORT,NO TRADE,0.0,62.0,19.0,21.4,2.4,MACD weak,MACD weak|Volume weak|EMA slope weak|Candle momentum weak,65.7071,520.80745549,487.10051575,33.70693974,61071.5344435,60376.14289897,0.364274,1.127146,-33.623757,0.148374,0.2976,True,0.2819,True,0.3276,True,0.5324,True
2026-07-02T19:34:37.115384+00:00,BNB/USDT,SHORT,NO TRADE,0.0,80.0,19.0,19.4,0.4,MACD weak,MACD weak|RSI weak|Volume weak|EMA slope weak,57.6199,3.03370218,2.60493838,0.4287638,557.41310786,554.20632093,0.226088,0.499969,-45.063777,-0.124799,0.3213,True,0.482,True,0.2499,True,-0.1785,False
2026-07-02T19:34:40.807963+00:00,LINK/USDT,SHORT,NO TRADE,0.0,56.0,17.0,19.9,2.9,Volume weak,Volume weak|MACD weak|EMA slope weak|Candle momentum weak,66.0832,0.11370924,0.10225445,0.01145479,7.62731536,7.48128873,0.622759,1.713377,-59.797294,0.038685,0.0773,True,0.232,True,0.1676,True,-0.116,False
2026-07-02T19:34:46.332462+00:00,DOGE/USDT,SHORT,NO TRADE,0.0,86.0,23.0,24.4,1.4,Volume weak,Volume weak|RSI weak|EMA slope weak|Candle momentum weak|MACD weak,60.33,0.00052909,0.00047186,5.723e-05,0.07373413,0.0731309,0.278616,0.88951,-64.743704,0.202047,0.3764,True,0.4167,True,0.2823,True,-0.5915,False
2026-07-02T19:39:48.718448+00:00,BTC/USDT,SHORT,NO TRADE,0.0,62.0,19.0,21.4,2.4,MACD weak,MACD weak|Volume weak|EMA slope weak|Candle momentum weak,65.7071,520.80745549,487.10051575,33.70693974,61071.5344435,60376.14289897,0.364274,1.127146,-33.623757,0.148374,0.2976,True,0.2819,True,0.3276,True,0.5324,True
2026-07-02T19:39:52.151148+00:00,BNB/USDT,SHORT,NO TRADE,0.0,80.0,19.0,19.4,0.4,MACD weak,MACD weak|RSI weak|Volume weak|EMA slope weak,57.6199,3.03370218,2.60493838,0.4287638,557.41310786,554.20632093,0.226088,0.499969,-45.063777,-0.124799,0.3213,True,0.482,True,0.2499,True,-0.1785,False
2026-07-02T19:39:54.500606+00:00,LINK/USDT,SHORT,NO TRADE,0.0,56.0,17.0,19.9,2.9,Volume weak,Volume weak|MACD weak|EMA slope weak|Candle momentum weak,66.0832,0.11370924,0.10225445,0.01145479,7.62731536,7.48128873,0.622759,1.713377,-59.797294,0.038685,0.0773,True,0.232,True,0.1676,True,-0.116,False
2026-07-02T19:39:58.692221+00:00,DOGE/USDT,SHORT,NO TRADE,0.0,77.0,19.0,20.4,1.4,Volume weak,Volume weak|RSI weak|EMA slope weak|Candle momentum weak|MACD weak,60.33,0.00052909,0.00047186,5.723e-05,0.07373413,0.0731309,0.278616,0.88951,-64.743704,0.202047,0.3764,True,0.4167,True,0.2823,True,-0.5915,False
2026-07-02T19:45:03.945809+00:00,BTC/USDT,SHORT,NO TRADE,0.0,62.0,19.0,21.4,2.4,MACD weak,MACD weak|Volume weak|EMA slope weak|Candle momentum weak,65.7071,520.80745549,487.10051575,33.70693974,61071.5344435,60376.14289897,0.364274,1.127146,-33.623757,0.148374,0.2976,True,0.2819,True,0.3276,True,0.5324,True
2026-07-02T19:45:08.348964+00:00,BNB/USDT,SHORT,NO TRADE,0.0,80.0,19.0,19.4,0.4,MACD weak,MACD weak|RSI weak|Volume weak|EMA slope weak,57.6199,3.03370218,2.60493838,0.4287638,557.41310786,554.20632093,0.226088,0.499969,-45.063777,-0.124799,0.3213,True,0.482,True,0.2499,True,-0.1785,False
2026-07-02T19:45:11.057234+00:00,LINK/USDT,SHORT,NO TRADE,0.0,59.0,18.0,20.1,2.1,Volume weak,Volume weak|MACD weak|EMA slope weak|Candle momentum weak,66.0832,0.11370924,0.10225445,0.01145479,7.62731536,7.48128873,0.622759,1.713377,-59.797294,0.038685,0.0773,True,0.232,True,0.1676,True,-0.116,False
2026-07-02T19:45:14.987911+00:00,DOGE/USDT,SHORT,NO TRADE,0.0,86.0,23.0,24.4,1.4,Volume weak,Volume weak|RSI weak|EMA slope weak|Candle momentum weak|MACD weak,60.33,0.00052909,0.00047186,5.723e-05,0.07373413,0.0731309,0.278616,0.88951,-64.743704,0.202047,0.3764,True,0.4167,True,0.2823,True,-0.5915,False
2026-07-02T19:50:17.944021+00:00,BTC/USDT,SHORT,NO TRADE,0.0,62.0,19.0,21.4,2.4,MACD weak,MACD weak|Volume weak|EMA slope weak|Candle momentum weak,65.7071,520.80745549,487.10051575,33.70693974,61071.5344435,60376.14289897,0.364274,1.127146,-33.623757,0.148374,0.2976,True,0.2819,True,0.3276,True,0.5324,True
2026-07-02T19:50:22.019279+00:00,BNB/USDT,SHORT,NO TRADE,0.0,80.0,19.0,19.4,0.4,MACD weak,MACD weak|RSI weak|Volume weak|EMA slope weak,57.6199,3.03370218,2.60493838,0.4287638,557.41310786,554.20632093,0.226088,0.499969,-45.063777,-0.124799,0.3213,True,0.482,True,0.2499,True,-0.1785,False
2026-07-02T19:50:25.740832+00:00,LINK/USDT,SHORT,NO TRADE,0.0,62.0,19.0,20.3,1.3,Volume weak,Volume weak|MACD weak|EMA slope weak|Candle momentum weak,66.0832,0.11370924,0.10225445,0.01145479,7.62731536,7.48128873,0.622759,1.713377,-59.797294,0.038685,0.0773,True,0.232,True,0.1676,True,-0.116,False
2026-07-02T19:50:30.205454+00:00,DOGE/USDT,SHORT,NO TRADE,0.0,92.0,25.0,26.4,1.4,Volume weak,Volume weak|RSI weak|EMA slope weak|Candle momentum weak|MACD weak,60.33,0.00052909,0.00047186,5.723e-05,0.07373413,0.0731309,0.278616,0.88951,-64.743704,0.202047,0.3764,True,0.4167,True,0.2823,True,-0.5915,False
2026-07-02T19:55:33.460104+00:00,BTC/USDT,SHORT,NO TRADE,0.0,62.0,19.0,21.4,2.4,MACD weak,MACD weak|Volume weak|EMA slope weak|Candle momentum weak,65.7071,520.80745549,487.10051575,33.70693974,61071.5344435,60376.14289897,0.364274,1.127146,-33.623757,0.148374,0.2976,True,0.2819,True,0.3276,True,0.5324,True
2026-07-02T19:55:36.963475+00:00,BNB/USDT,SHORT,NO TRADE,0.0,80.0,19.0,19.4,0.4,MACD weak,MACD weak|RSI weak|Volume weak|EMA slope weak,57.6199,3.03370218,2.60493838,0.4287638,557.41310786,554.20632093,0.226088,0.499969,-45.063777,-0.124799,0.3213,True,0.482,True,0.2499,True,-0.1785,False
2026-07-02T19:55:39.381780+00:00,LINK/USDT,SHORT,NO TRADE,0.0,59.0,18.0,20.1,2.1,Volume weak,Volume weak|MACD weak|EMA slope weak|Candle momentum weak,66.0832,0.11370924,0.10225445,0.01145479,7.62731536,7.48128873,0.622759,1.713377,-59.797294,0.038685,0.0773,True,0.232,True,0.1676,True,-0.116,False
2026-07-02T19:55:43.693736+00:00,DOGE/USDT,SHORT,NO TRADE,0.0,86.0,23.0,24.4,1.4,Volume weak,Volume weak|RSI weak|EMA slope weak|Candle momentum weak|MACD weak,60.33,0.00052909,0.00047186,5.723e-05,0.07373413,0.0731309,0.278616,0.88951,-64.743704,0.202047,0.3764,True,0.4167,True,0.2823,True,-0.5915,False
2026-07-02T20:00:47.383508+00:00,BTC/USDT,SHORT,NO TRADE,0.0,77.0,22.0,23.2,1.2,MACD weak,MACD weak|RSI weak|Volume weak|EMA slope weak,59.7957,488.58912409,487.39823742,1.19088667,61109.51211554,60419.05102058,0.296892,0.590396,-18.206695,-0.468913,-0.1879,False,0.0106,True,0.2744,True,0.0511,True
2026-07-02T20:00:53.277882+00:00,XRP/USDT,SHORT,NO TRADE,0.0,62.0,16.0,17.2,1.2,RSI weak,RSI weak|Volume weak|EMA slope weak|MACD weak,58.588,0.00960237,0.00928218,0.00032019,1.07867392,1.06580907,0.291529,0.62355,-8.679654,-0.358028,0.3501,True,0.129,True,0.0829,True,-0.6726,False
2026-07-02T20:00:59.218662+00:00,DOGE/USDT,SHORT,NO TRADE,0.0,89.0,21.0,21.2,0.2,RSI weak,RSI weak|Volume weak|EMA slope weak|MACD weak,58.1445,0.00050284,0.00047805,2.478e-05,0.07378135,0.073174,0.240178,0.608076,-57.915889,-0.215083,0.2021,True,0.3098,True,0.3098,True,-0.3772,False
2026-07-02T20:06:01.960569+00:00,BTC/USDT,SHORT,NO TRADE,0.0,77.0,22.0,23.2,1.2,MACD weak,MACD weak|RSI weak|Volume weak|EMA slope weak,59.7957,488.58912409,487.39823742,1.19088667,61109.51211554,60419.05102058,0.296892,0.590396,-18.206695,-0.468913,-0.1879,False,0.0106,True,0.2744,True,0.0511,True
2026-07-02T20:06:06.586996+00:00,XRP/USDT,SHORT,NO TRADE,0.0,62.0,16.0,17.2,1.2,RSI weak,RSI weak|Volume weak|EMA slope weak|MACD weak,58.588,0.00960237,0.00928218,0.00032019,1.07867392,1.06580907,0.291529,0.62355,-8.679654,-0.358028,0.3501,True,0.129,True,0.0829,True,-0.6726,False
2026-07-02T20:06:11.171533+00:00,DOGE/USDT,SHORT,NO TRADE,0.0,89.0,21.0,21.2,0.2,RSI weak,RSI weak|Volume weak|EMA slope weak|MACD weak,58.1445,0.00050284,0.00047805,2.478e-05,0.07378135,0.073174,0.240178,0.608076,-57.915889,-0.215083,0.2021,True,0.3098,True,0.3098,True,-0.3772,False
2026-07-02T20:11:14.131316+00:00,BTC/USDT,SHORT,NO TRADE,0.0,77.0,22.0,23.2,1.2,MACD weak,MACD weak|RSI weak|Volume weak|EMA slope weak,59.7957,488.58912409,487.39823742,1.19088667,61109.51211554,60419.05102058,0.296892,0.590396,-18.206695,-0.468913,-0.1879,False,0.0106,True,0.2744,True,0.0511,True
2026-07-02T20:11:18.157406+00:00,XRP/USDT,SHORT,NO TRADE,0.0,62.0,16.0,17.2,1.2,RSI weak,RSI weak|Volume weak|EMA slope weak|MACD weak,58.588,0.00960237,0.00928218,0.00032019,1.07867392,1.06580907,0.291529,0.62355,-8.679654,-0.358028,0.3501,True,0.129,True,0.0829,True,-0.6726,False
2026-07-02T20:11:24.020488+00:00,DOGE/USDT,SHORT,NO TRADE,0.0,89.0,21.0,21.2,0.2,RSI weak,RSI weak|Volume weak|EMA slope weak|MACD weak,58.1445,0.00050284,0.00047805,2.478e-05,0.07378135,0.073174,0.240178,0.608076,-57.915889,-0.215083,0.2021,True,0.3098,True,0.3098,True,-0.3772,False
2026-07-02T20:16:27.316349+00:00,BTC/USDT,SHORT,NO TRADE,0.0,77.0,22.0,23.2,1.2,MACD weak,MACD weak|RSI weak|Volume weak|EMA slope weak,59.7957,488.58912409,487.39823742,1.19088667,61109.51211554,60419.05102058,0.296892,0.590396,-18.206695,-0.468913,-0.1879,False,0.0106,True,0.2744,True,0.0511,True
2026-07-02T20:16:31.301305+00:00,XRP/USDT,SHORT,NO TRADE,0.0,62.0,16.0,17.2,1.2,RSI weak,RSI weak|Volume weak|EMA slope weak|MACD weak,58.588,0.00960237,0.00928218,0.00032019,1.07867392,1.06580907,0.291529,0.62355,-8.679654,-0.358028,0.3501,True,0.129,True,0.0829,True,-0.6726,False
2026-07-02T20:16:35.650784+00:00,DOGE/USDT,SHORT,NO TRADE,0.0,89.0,21.0,21.2,0.2,RSI weak,RSI weak|Volume weak|EMA slope weak|MACD weak,58.1445,0.00050284,0.00047805,2.478e-05,0.07378135,0.073174,0.240178,0.608076,-57.915889,-0.215083,0.2021,True,0.3098,True,0.3098,True,-0.3772,False
2026-07-02T20:21:38.867917+00:00,BTC/USDT,SHORT,NO TRADE,0.0,77.0,22.0,23.2,1.2,MACD weak,MACD weak|RSI weak|Volume weak|EMA slope weak,59.7957,488.58912409,487.39823742,1.19088667,61109.51211554,60419.05102058,0.296892,0.590396,-18.206695,-0.468913,-0.1879,False,0.0106,True,0.2744,True,0.0511,True
2026-07-02T20:21:44.106711+00:00,XRP/USDT,SHORT,NO TRADE,0.0,62.0,16.0,17.2,1.2,RSI weak,RSI weak|Volume weak|EMA slope weak|MACD weak,58.588,0.00960237,0.00928218,0.00032019,1.07867392,1.06580907,0.291529,0.62355,-8.679654,-0.358028,0.3501,True,0.129,True,0.0829,True,-0.6726,False
2026-07-02T20:21:49.294790+00:00,DOGE/USDT,SHORT,NO TRADE,0.0,89.0,21.0,21.2,0.2,RSI weak,RSI weak|Volume weak|EMA slope weak|MACD weak,58.1445,0.00050284,0.00047805,2.478e-05,0.07378135,0.073174,0.240178,0.608076,-57.915889,-0.215083,0.2021,True,0.3098,True,0.3098,True,-0.3772,False
2026-07-02T20:26:53.882470+00:00,BTC/USDT,SHORT,NO TRADE,0.0,77.0,22.0,23.2,1.2,MACD weak,MACD weak|RSI weak|Volume weak|EMA slope weak,59.7957,488.58912409,487.39823742,1.19088667,61109.51211554,60419.05102058,0.296892,0.590396,-18.206695,-0.468913,-0.1879,False,0.0106,True,0.2744,True,0.0511,True
2026-07-02T20:27:00.655480+00:00,XRP/USDT,SHORT,NO TRADE,0.0,62.0,16.0,17.2,1.2,RSI weak,RSI weak|Volume weak|EMA slope weak|MACD weak,58.588,0.00960237,0.00928218,0.00032019,1.07867392,1.06580907,0.291529,0.62355,-8.679654,-0.358028,0.3501,True,0.129,True,0.0829,True,-0.6726,False
2026-07-02T20:27:05.272997+00:00,DOGE/USDT,SHORT,NO TRADE,0.0,89.0,21.0,21.2,0.2,RSI weak,RSI weak|Volume weak|EMA slope weak|MACD weak,58.1445,0.00050284,0.00047805,2.478e-05,0.07378135,0.073174,0.240178,0.608076,-57.915889,-0.215083,0.2021,True,0.3098,True,0.3098,True,-0.3772,False
2026-07-02T20:32:09.571371+00:00,BTC/USDT,SHORT,NO TRADE,0.0,77.0,22.0,23.2,1.2,MACD weak,MACD weak|RSI weak|Volume weak|EMA slope weak,59.7957,488.58912409,487.39823742,1.19088667,61109.51211554,60419.05102058,0.296892,0.590396,-18.206695,-0.468913,-0.1879,False,0.0106,True,0.2744,True,0.0511,True
2026-07-02T20:32:14.525984+00:00,XRP/USDT,SHORT,NO TRADE,0.0,62.0,16.0,17.2,1.2,RSI weak,RSI weak|Volume weak|EMA slope weak|MACD weak,58.588,0.00960237,0.00928218,0.00032019,1.07867392,1.06580907,0.291529,0.62355,-8.679654,-0.358028,0.3501,True,0.129,True,0.0829,True,-0.6726,False
2026-07-02T20:32:19.841549+00:00,DOGE/USDT,SHORT,NO TRADE,0.0,89.0,21.0,21.2,0.2,RSI weak,RSI weak|Volume weak|EMA slope weak|MACD weak,58.1445,0.00050284,0.00047805,2.478e-05,0.07378135,0.073174,0.240178,0.608076,-57.915889,-0.215083,0.2021,True,0.3098,True,0.3098,True,-0.3772,False
2026-07-02T20:37:22.361250+00:00,BTC/USDT,SHORT,NO TRADE,0.0,77.0,22.0,23.2,1.2,MACD weak,MACD weak|RSI weak|Volume weak|EMA slope weak,59.7957,488.58912409,487.39823742,1.19088667,61109.51211554,60419.05102058,0.296892,0.590396,-18.206695,-0.468913,-0.1879,False,0.0106,True,0.2744,True,0.0511,True
2026-07-02T20:37:26.577097+00:00,XRP/USDT,SHORT,NO TRADE,0.0,62.0,16.0,17.2,1.2,RSI weak,RSI weak|Volume weak|EMA slope weak|MACD weak,58.588,0.00960237,0.00928218,0.00032019,1.07867392,1.06580907,0.291529,0.62355,-8.679654,-0.358028,0.3501,True,0.129,True,0.0829,True,-0.6726,False
2026-07-02T20:37:31.752673+00:00,DOGE/USDT,SHORT,NO TRADE,0.0,89.0,21.0,21.2,0.2,RSI weak,RSI weak|Volume weak|EMA slope weak|MACD weak,58.1445,0.00050284,0.00047805,2.478e-05,0.07378135,0.073174,0.240178,0.608076,-57.915889,-0.215083,0.2021,True,0.3098,True,0.3098,True,-0.3772,False
2026-07-02T20:42:35.339783+00:00,BTC/USDT,SHORT,NO TRADE,0.0,77.0,22.0,23.2,1.2,MACD weak,MACD weak|RSI weak|Volume weak|EMA slope weak,59.7957,488.58912409,487.39823742,1.19088667,61109.51211554,60419.05102058,0.296892,0.590396,-18.206695,-0.468913,-0.1879,False,0.0106,True,0.2744,True,0.0511,True
2026-07-02T20:42:39.823257+00:00,XRP/USDT,SHORT,NO TRADE,0.0,62.0,16.0,17.2,1.2,RSI weak,RSI weak|Volume weak|EMA slope weak|MACD weak,58.588,0.00960237,0.00928218,0.00032019,1.07867392,1.06580907,0.291529,0.62355,-8.679654,-0.358028,0.3501,True,0.129,True,0.0829,True,-0.6726,False
2026-07-02T20:42:44.053842+00:00,DOGE/USDT,SHORT,NO TRADE,0.0,89.0,21.0,21.2,0.2,RSI weak,RSI weak|Volume weak|EMA slope weak|MACD weak,58.1445,0.00050284,0.00047805,2.478e-05,0.07378135,0.073174,0.240178,0.608076,-57.915889,-0.215083,0.2021,True,0.3098,True,0.3098,True,-0.3772,False
2026-07-02T20:47:47.664730+00:00,BTC/USDT,SHORT,NO TRADE,0.0,77.0,22.0,23.2,1.2,MACD weak,MACD weak|RSI weak|Volume weak|EMA slope weak,59.7957,488.58912409,487.39823742,1.19088667,61109.51211554,60419.05102058,0.296892,0.590396,-18.206695,-0.468913,-0.1879,False,0.0106,True,0.2744,True,0.0511,True
2026-07-02T20:47:52.186273+00:00,XRP/USDT,SHORT,NO TRADE,0.0,62.0,16.0,17.2,1.2,RSI weak,RSI weak|Volume weak|EMA slope weak|MACD weak,58.588,0.00960237,0.00928218,0.00032019,1.07867392,1.06580907,0.291529,0.62355,-8.679654,-0.358028,0.3501,True,0.129,True,0.0829,True,-0.6726,False
2026-07-02T20:47:57.052220+00:00,DOGE/USDT,SHORT,NO TRADE,0.0,89.0,21.0,21.2,0.2,RSI weak,RSI weak|Volume weak|EMA slope weak|MACD weak,58.1445,0.00050284,0.00047805,2.478e-05,0.07378135,0.073174,0.240178,0.608076,-57.915889,-0.215083,0.2021,True,0.3098,True,0.3098,True,-0.3772,False
2026-07-02T20:53:00.630903+00:00,BTC/USDT,SHORT,NO TRADE,0.0,77.0,22.0,23.2,1.2,MACD weak,MACD weak|RSI weak|Volume weak|EMA slope weak,59.7957,488.58912409,487.39823742,1.19088667,61109.51211554,60419.05102058,0.296892,0.590396,-18.206695,-0.468913,-0.1879,False,0.0106,True,0.2744,True,0.0511,True
2026-07-02T20:53:04.719875+00:00,XRP/USDT,SHORT,NO TRADE,0.0,62.0,16.0,17.2,1.2,RSI weak,RSI weak|Volume weak|EMA slope weak|MACD weak,58.588,0.00960237,0.00928218,0.00032019,1.07867392,1.06580907,0.291529,0.62355,-8.679654,-0.358028,0.3501,True,0.129,True,0.0829,True,-0.6726,False
2026-07-02T20:53:08.903170+00:00,DOGE/USDT,SHORT,NO TRADE,0.0,89.0,21.0,21.2,0.2,RSI weak,RSI weak|Volume weak|EMA slope weak|MACD weak,58.1445,0.00050284,0.00047805,2.478e-05,0.07378135,0.073174,0.240178,0.608076,-57.915889,-0.215083,0.2021,True,0.3098,True,0.3098,True,-0.3772,False
2026-07-02T20:58:12.341018+00:00,BTC/USDT,SHORT,NO TRADE,0.0,77.0,22.0,23.2,1.2,MACD weak,MACD weak|RSI weak|Volume weak|EMA slope weak,59.7957,488.58912409,487.39823742,1.19088667,61109.51211554,60419.05102058,0.296892,0.590396,-18.206695,-0.468913,-0.1879,False,0.0106,True,0.2744,True,0.0511,True
2026-07-02T20:58:17.850194+00:00,XRP/USDT,SHORT,NO TRADE,0.0,62.0,16.0,17.2,1.2,RSI weak,RSI weak|Volume weak|EMA slope weak|MACD weak,58.588,0.00960237,0.00928218,0.00032019,1.07867392,1.06580907,0.291529,0.62355,-8.679654,-0.358028,0.3501,True,0.129,True,0.0829,True,-0.6726,False
2026-07-02T20:58:22.500582+00:00,DOGE/USDT,SHORT,NO TRADE,0.0,89.0,21.0,21.2,0.2,RSI weak,RSI weak|Volume weak|EMA slope weak|MACD weak,58.1445,0.00050284,0.00047805,2.478e-05,0.07378135,0.073174,0.240178,0.608076,-57.915889,-0.215083,0.2021,True,0.3098,True,0.3098,True,-0.3772,False
2026-07-02T21:03:27.240307+00:00,BTC/USDT,SHORT,NO TRADE,0.0,77.0,22.0,23.2,1.2,RSI weak,RSI weak|Volume weak|EMA slope weak|Candle momentum weak,61.1701,466.21876046,483.16234203,-16.94358157,61153.94905692,60464.42549036,0.253896,0.690309,-30.428462,0.172116,0.1824,True,0.03,True,-0.0154,False,-0.197,False
2026-07-02T21:03:33.053863+00:00,XRP/USDT,SHORT,NO TRADE,0.0,62.0,16.0,17.2,1.2,RSI weak,RSI weak|Volume weak|EMA slope weak,56.7214,0.00878828,0.0091834,-0.00039512,1.0791145,1.06649499,0.217469,0.387864,-56.05687,-0.193477,-0.0646,False,-0.4523,False,-0.9877,False,-1.5416,False
2026-07-02T21:03:37.949718+00:00,DOGE/USDT,SHORT,NO TRADE,0.0,89.0,21.0,21.2,0.2,RSI weak,RSI weak|Volume weak|EMA slope weak,56.4916,0.00046696,0.00047583,-8.87e-06,0.07381265,0.07321071,0.200319,0.40284,-35.595793,-0.16166,0.1484,True,-0.0945,False,-0.931,False,-1.2819,False
2026-07-02T21:08:41.550308+00:00,BTC/USDT,SHORT,NO TRADE,0.0,77.0,22.0,23.2,1.2,RSI weak,RSI weak|Volume weak|EMA slope weak|Candle momentum weak,61.1701,466.21876046,483.16234203,-16.94358157,61153.94905692,60464.42549036,0.253896,0.690309,-30.428462,0.172116,0.1824,True,0.03,True,-0.0154,False,-0.197,False
2026-07-02T21:08:45.589135+00:00,XRP/USDT,SHORT,NO TRADE,0.0,62.0,16.0,17.2,1.2,RSI weak,RSI weak|Volume weak|EMA slope weak,56.7214,0.00878828,0.0091834,-0.00039512,1.0791145,1.06649499,0.217469,0.387864,-56.05687,-0.193477,-0.0646,False,-0.4523,False,-0.9877,False,-1.5416,False
2026-07-02T21:08:50.566574+00:00,DOGE/USDT,SHORT,NO TRADE,0.0,89.0,21.0,21.2,0.2,RSI weak,RSI weak|Volume weak|EMA slope weak,56.4916,0.00046696,0.00047583,-8.87e-06,0.07381265,0.07321071,0.200319,0.40284,-35.595793,-0.16166,0.1484,True,-0.0945,False,-0.931,False,-1.2819,False
2026-07-02T21:13:53.979696+00:00,BTC/USDT,SHORT,NO TRADE,0.0,77.0,22.0,23.2,1.2,RSI weak,RSI weak|Volume weak|EMA slope weak|Candle momentum weak,61.1701,466.21876046,483.16234203,-16.94358157,61153.94905692,60464.42549036,0.253896,0.690309,-30.428462,0.172116,0.1824,True,0.03,True,-0.0154,False,-0.197,False
2026-07-02T21:13:58.381003+00:00,XRP/USDT,SHORT,NO TRADE,0.0,62.0,16.0,17.2,1.2,RSI weak,RSI weak|Volume weak|EMA slope weak,56.7214,0.00878828,0.0091834,-0.00039512,1.0791145,1.06649499,0.217469,0.387864,-56.05687,-0.193477,-0.0646,False,-0.4523,False,-0.9877,False,-1.5416,False
2026-07-02T21:14:02.663060+00:00,DOGE/USDT,SHORT,NO TRADE,0.0,89.0,21.0,21.2,0.2,RSI weak,RSI weak|Volume weak|EMA slope weak,56.4916,0.00046696,0.00047583,-8.87e-06,0.07381265,0.07321071,0.200319,0.40284,-35.595793,-0.16166,0.1484,True,-0.0945,False,-0.931,False,-1.2819,False
2026-07-02T21:19:06.300722+00:00,BTC/USDT,SHORT,NO TRADE,0.0,77.0,22.0,23.2,1.2,RSI weak,RSI weak|Volume weak|EMA slope weak|Candle momentum weak,61.1701,466.21876046,483.16234203,-16.94358157,61153.94905692,60464.42549036,0.253896,0.690309,-30.428462,0.172116,0.1824,True,0.03,True,-0.0154,False,-0.197,False
2026-07-02T21:19:10.102267+00:00,XRP/USDT,SHORT,NO TRADE,0.0,62.0,16.0,17.2,1.2,RSI weak,RSI weak|Volume weak|EMA slope weak,56.7214,0.00878828,0.0091834,-0.00039512,1.0791145,1.06649499,0.217469,0.387864,-56.05687,-0.193477,-0.0646,False,-0.4523,False,-0.9877,False,-1.5416,False
2026-07-02T21:19:13.896022+00:00,DOGE/USDT,SHORT,NO TRADE,0.0,89.0,21.0,21.2,0.2,RSI weak,RSI weak|Volume weak|EMA slope weak,56.4916,0.00046696,0.00047583,-8.87e-06,0.07381265,0.07321071,0.200319,0.40284,-35.595793,-0.16166,0.1484,True,-0.0945,False,-0.931,False,-1.2819,False
2026-07-02T21:24:16.940929+00:00,BTC/USDT,SHORT,NO TRADE,0.0,77.0,22.0,23.2,1.2,RSI weak,RSI weak|Volume weak|EMA slope weak|Candle momentum weak,61.1701,466.21876046,483.16234203,-16.94358157,61153.94905692,60464.42549036,0.253896,0.690309,-30.428462,0.172116,0.1824,True,0.03,True,-0.0154,False,-0.197,False
2026-07-02T21:24:20.710155+00:00,XRP/USDT,SHORT,NO TRADE,0.0,62.0,16.0,17.2,1.2,RSI weak,RSI weak|Volume weak|EMA slope weak,56.7214,0.00878828,0.0091834,-0.00039512,1.0791145,1.06649499,0.217469,0.387864,-56.05687,-0.193477,-0.0646,False,-0.4523,False,-0.9877,False,-1.5416,False
2026-07-02T21:24:26.665582+00:00,DOGE/USDT,SHORT,NO TRADE,0.0,89.0,21.0,21.2,0.2,RSI weak,RSI weak|Volume weak|EMA slope weak,56.4916,0.00046696,0.00047583,-8.87e-06,0.07381265,0.07321071,0.200319,0.40284,-35.595793,-0.16166,0.1484,True,-0.0945,False,-0.931,False,-1.2819,False
2026-07-02T21:29:30.175127+00:00,BTC/USDT,SHORT,NO TRADE,0.0,77.0,22.0,23.2,1.2,RSI weak,RSI weak|Volume weak|EMA slope weak|Candle momentum weak,61.1701,466.21876046,483.16234203,-16.94358157,61153.94905692,60464.42549036,0.253896,0.690309,-30.428462,0.172116,0.1824,True,0.03,True,-0.0154,False,-0.197,False
2026-07-02T21:29:34.317347+00:00,XRP/USDT,SHORT,NO TRADE,0.0,62.0,16.0,17.2,1.2,RSI weak,RSI weak|Volume weak|EMA slope weak,56.7214,0.00878828,0.0091834,-0.00039512,1.0791145,1.06649499,0.217469,0.387864,-56.05687,-0.193477,-0.0646,False,-0.4523,False,-0.9877,False,-1.5416,False
2026-07-02T21:29:38.238688+00:00,DOGE/USDT,SHORT,NO TRADE,0.0,89.0,21.0,21.2,0.2,RSI weak,RSI weak|Volume weak|EMA slope weak,56.4916,0.00046696,0.00047583,-8.87e-06,0.07381265,0.07321071,0.200319,0.40284,-35.595793,-0.16166,0.1484,True,-0.0945,False,-0.931,False,-1.2819,False
2026-07-02T21:34:41.714942+00:00,BTC/USDT,SHORT,NO TRADE,0.0,77.0,22.0,23.2,1.2,RSI weak,RSI weak|Volume weak|EMA slope weak|Candle momentum weak,61.1701,466.21876046,483.16234203,-16.94358157,61153.94905692,60464.42549036,0.253896,0.690309,-30.428462,0.172116,0.1824,True,0.03,True,-0.0154,False,-0.197,False
2026-07-02T21:34:45.721905+00:00,XRP/USDT,SHORT,NO TRADE,0.0,62.0,16.0,17.2,1.2,RSI weak,RSI weak|Volume weak|EMA slope weak,56.7214,0.00878828,0.0091834,-0.00039512,1.0791145,1.06649499,0.217469,0.387864,-56.05687,-0.193477,-0.0646,False,-0.4523,False,-0.9877,False,-1.5416,False
2026-07-02T21:34:49.959547+00:00,DOGE/USDT,SHORT,NO TRADE,0.0,89.0,21.0,21.2,0.2,RSI weak,RSI weak|Volume weak|EMA slope weak,56.4916,0.00046696,0.00047583,-8.87e-06,0.07381265,0.07321071,0.200319,0.40284,-35.595793,-0.16166,0.1484,True,-0.0945,False,-0.931,False,-1.2819,False
2026-07-02T21:39:53.461444+00:00,BTC/USDT,SHORT,NO TRADE,0.0,77.0,22.0,23.2,1.2,RSI weak,RSI weak|Volume weak|EMA slope weak|Candle momentum weak,61.1701,466.21876046,483.16234203,-16.94358157,61153.94905692,60464.42549036,0.253896,0.690309,-30.428462,0.172116,0.1824,True,0.03,True,-0.0154,False,-0.197,False
2026-07-02T21:39:58.259425+00:00,XRP/USDT,SHORT,NO TRADE,0.0,62.0,16.0,17.2,1.2,RSI weak,RSI weak|Volume weak|EMA slope weak,56.7214,0.00878828,0.0091834,-0.00039512,1.0791145,1.06649499,0.217469,0.387864,-56.05687,-0.193477,-0.0646,False,-0.4523,False,-0.9877,False,-1.5416,False
2026-07-02T21:40:02.764740+00:00,DOGE/USDT,SHORT,NO TRADE,0.0,89.0,21.0,21.2,0.2,RSI weak,RSI weak|Volume weak|EMA slope weak,56.4916,0.00046696,0.00047583,-8.87e-06,0.07381265,0.07321071,0.200319,0.40284,-35.595793,-0.16166,0.1484,True,-0.0945,False,-0.931,False,-1.2819,False
2026-07-02T21:45:06.262923+00:00,BTC/USDT,SHORT,NO TRADE,0.0,77.0,22.0,23.2,1.2,RSI weak,RSI weak|Volume weak|EMA slope weak|Candle momentum weak,61.1701,466.21876046,483.16234203,-16.94358157,61153.94905692,60464.42549036,0.253896,0.690309,-30.428462,0.172116,0.1824,True,0.03,True,-0.0154,False,-0.197,False
2026-07-02T21:45:11.858387+00:00,XRP/USDT,SHORT,NO TRADE,0.0,62.0,16.0,17.2,1.2,RSI weak,RSI weak|Volume weak|EMA slope weak,56.7214,0.00878828,0.0091834,-0.00039512,1.0791145,1.06649499,0.217469,0.387864,-56.05687,-0.193477,-0.0646,False,-0.4523,False,-0.9877,False,-1.5416,False
2026-07-02T21:45:16.507629+00:00,DOGE/USDT,SHORT,NO TRADE,0.0,89.0,21.0,21.2,0.2,RSI weak,RSI weak|Volume weak|EMA slope weak,56.4916,0.00046696,0.00047583,-8.87e-06,0.07381265,0.07321071,0.200319,0.40284,-35.595793,-0.16166,0.1484,True,-0.0945,False,-0.931,False,-1.2819,False
2026-07-02T21:50:20.133213+00:00,BTC/USDT,SHORT,NO TRADE,0.0,77.0,22.0,23.2,1.2,RSI weak,RSI weak|Volume weak|EMA slope weak|Candle momentum weak,61.1701,466.21876046,483.16234203,-16.94358157,61153.94905692,60464.42549036,0.253896,0.690309,-30.428462,0.172116,0.1824,True,0.03,True,-0.0154,False,-0.197,False
2026-07-02T21:50:24.283275+00:00,XRP/USDT,SHORT,NO TRADE,0.0,62.0,16.0,17.2,1.2,RSI weak,RSI weak|Volume weak|EMA slope weak,56.7214,0.00878828,0.0091834,-0.00039512,1.0791145,1.06649499,0.217469,0.387864,-56.05687,-0.193477,-0.0646,False,-0.4523,False,-0.9877,False,-1.5416,False
2026-07-02T21:50:29.115013+00:00,DOGE/USDT,SHORT,NO TRADE,0.0,89.0,21.0,21.2,0.2,RSI weak,RSI weak|Volume weak|EMA slope weak,56.4916,0.00046696,0.00047583,-8.87e-06,0.07381265,0.07321071,0.200319,0.40284,-35.595793,-0.16166,0.1484,True,-0.0945,False,-0.931,False,-1.2819,False
2026-07-02T22:00:52.448371+00:00,BTC/USDT,SHORT,NO TRADE,0.0,77.0,22.0,23.2,1.2,Volume weak,Volume weak|RSI weak|EMA slope weak|Candle momentum weak,61.3007,444.15287716,475.36044905,-31.20757189,61195.07771817,60508.40096133,0.202293,0.638486,-64.904454,0.015753,0.0458,True,0.4615,True,0.2518,True,-0.1949,False
2026-07-02T22:12:22.158732+00:00,XRP/USDT,SHORT,NO TRADE,0.0,62.0,16.0,17.2,1.2,RSI weak,RSI weak|Volume weak|EMA slope weak,55.1886,0.0079147,0.00892966,-0.00101496,1.07935122,1.06708735,0.128511,0.208346,-60.163799,-0.156928,-0.6102,False,-0.2681,False,-0.9061,False,-1.7936,False
2026-07-02T22:12:26.236778+00:00,DOGE/USDT,SHORT,NO TRADE,0.0,89.0,21.0,21.2,0.2,RSI weak,RSI weak|Volume weak|EMA slope weak,56.0626,0.00043114,0.0004669,-3.575e-05,0.07383811,0.0732448,0.14103,0.327589,-64.76038,-0.04048,-0.135,False,0.108,True,-0.9044,False,-1.5119,False
2026-07-02T22:17:33.620832+00:00,BTC/USDT,SHORT,NO TRADE,0.0,77.0,22.0,23.2,1.2,Volume weak,Volume weak|RSI weak|EMA slope weak|Candle momentum weak,61.3007,444.15287716,475.36044905,-31.20757189,61195.07771817,60508.40096133,0.202293,0.638486,-64.904454,0.015753,0.0458,True,0.4615,True,0.2518,True,-0.1949,False
2026-07-02T22:17:37.588924+00:00,XRP/USDT,SHORT,NO TRADE,0.0,62.0,16.0,17.2,1.2,RSI weak,RSI weak|Volume weak|EMA slope weak,55.1886,0.0079147,0.00892966,-0.00101496,1.07935122,1.06708735,0.128511,0.208346,-60.163799,-0.156928,-0.6102,False,-0.2681,False,-0.9061,False,-1.7936,False
2026-07-02T22:17:42.298627+00:00,DOGE/USDT,SHORT,NO TRADE,0.0,89.0,21.0,21.2,0.2,RSI weak,RSI weak|Volume weak|EMA slope weak,56.0626,0.00043114,0.0004669,-3.575e-05,0.07383811,0.0732448,0.14103,0.327589,-64.76038,-0.04048,-0.135,False,0.108,True,-0.9044,False,-1.5119,False
2026-07-02T22:22:44.753286+00:00,BTC/USDT,SHORT,NO TRADE,0.0,77.0,22.0,23.2,1.2,Volume weak,Volume weak|RSI weak|EMA slope weak|Candle momentum weak,61.3007,444.15287716,475.36044905,-31.20757189,61195.07771817,60508.40096133,0.202293,0.638486,-64.904454,0.015753,0.0458,True,0.4615,True,0.2518,True,-0.1949,False
2026-07-02T22:22:50.478855+00:00,XRP/USDT,SHORT,NO TRADE,0.0,62.0,16.0,17.2,1.2,RSI weak,RSI weak|Volume weak|EMA slope weak,55.1886,0.0079147,0.00892966,-0.00101496,1.07935122,1.06708735,0.128511,0.208346,-60.163799,-0.156928,-0.6102,False,-0.2681,False,-0.9061,False,-1.7936,False
2026-07-02T22:22:56.517274+00:00,DOGE/USDT,SHORT,NO TRADE,0.0,89.0,21.0,21.2,0.2,RSI weak,RSI weak|Volume weak|EMA slope weak,56.0626,0.00043114,0.0004669,-3.575e-05,0.07383811,0.0732448,0.14103,0.327589,-64.76038,-0.04048,-0.135,False,0.108,True,-0.9044,False,-1.5119,False
2026-07-02T22:27:59.877515+00:00,BTC/USDT,SHORT,NO TRADE,0.0,77.0,22.0,23.2,1.2,Volume weak,Volume weak|RSI weak|EMA slope weak|Candle momentum weak,61.3007,444.15287716,475.36044905,-31.20757189,61195.07771817,60508.40096133,0.202293,0.638486,-64.904454,0.015753,0.0458,True,0.4615,True,0.2518,True,-0.1949,False
2026-07-02T22:28:04.043683+00:00,XRP/USDT,SHORT,NO TRADE,0.0,62.0,16.0,17.2,1.2,RSI weak,RSI weak|Volume weak|EMA slope weak,55.1886,0.0079147,0.00892966,-0.00101496,1.07935122,1.06708735,0.128511,0.208346,-60.163799,-0.156928,-0.6102,False,-0.2681,False,-0.9061,False,-1.7936,False
2026-07-02T22:33:11.449447+00:00,BTC/USDT,SHORT,NO TRADE,0.0,77.0,22.0,23.2,1.2,Volume weak,Volume weak|RSI weak|EMA slope weak|Candle momentum weak,61.3007,444.15287716,475.36044905,-31.20757189,61195.07771817,60508.40096133,0.202293,0.638486,-64.904454,0.015753,0.0458,True,0.4615,True,0.2518,True,-0.1949,False
2026-07-02T22:33:17.086695+00:00,XRP/USDT,SHORT,NO TRADE,0.0,62.0,16.0,17.2,1.2,RSI weak,RSI weak|Volume weak|EMA slope weak,55.1886,0.0079147,0.00892966,-0.00101496,1.07935122,1.06708735,0.128511,0.208346,-60.163799,-0.156928,-0.6102,False,-0.2681,False,-0.9061,False,-1.7936,False
2026-07-02T22:33:21.490761+00:00,DOGE/USDT,SHORT,NO TRADE,0.0,89.0,21.0,21.2,0.2,RSI weak,RSI weak|Volume weak|EMA slope weak,56.0626,0.00043114,0.0004669,-3.575e-05,0.07383811,0.0732448,0.14103,0.327589,-64.76038,-0.04048,-0.135,False,0.108,True,-0.9044,False,-1.5119,False
2026-07-02T22:38:24.177668+00:00,BTC/USDT,SHORT,NO TRADE,0.0,77.0,22.0,23.2,1.2,Volume weak,Volume weak|RSI weak|EMA slope weak|Candle momentum weak,61.3007,444.15287716,475.36044905,-31.20757189,61195.07771817,60508.40096133,0.202293,0.638486,-64.904454,0.015753,0.0458,True,0.4615,True,0.2518,True,-0.1949,False
2026-07-02T22:38:28.130904+00:00,XRP/USDT,SHORT,NO TRADE,0.0,62.0,16.0,17.2,1.2,RSI weak,RSI weak|Volume weak|EMA slope weak,55.1886,0.0079147,0.00892966,-0.00101496,1.07935122,1.06708735,0.128511,0.208346,-60.163799,-0.156928,-0.6102,False,-0.2681,False,-0.9061,False,-1.7936,False
2026-07-02T22:38:32.365054+00:00,DOGE/USDT,SHORT,NO TRADE,0.0,89.0,21.0,21.2,0.2,RSI weak,RSI weak|Volume weak|EMA slope weak,56.0626,0.00043114,0.0004669,-3.575e-05,0.07383811,0.0732448,0.14103,0.327589,-64.76038,-0.04048,-0.135,False,0.108,True,-0.9044,False,-1.5119,False
2026-07-02T22:43:34.744986+00:00,BTC/USDT,SHORT,NO TRADE,0.0,77.0,22.0,23.2,1.2,Volume weak,Volume weak|RSI weak|EMA slope weak|Candle momentum weak,61.3007,444.15287716,475.36044905,-31.20757189,61195.07771817,60508.40096133,0.202293,0.638486,-64.904454,0.015753,0.0458,True,0.4615,True,0.2518,True,-0.1949,False
2026-07-02T22:43:38.471652+00:00,XRP/USDT,SHORT,NO TRADE,0.0,62.0,16.0,17.2,1.2,RSI weak,RSI weak|Volume weak|EMA slope weak,55.1886,0.0079147,0.00892966,-0.00101496,1.07935122,1.06708735,0.128511,0.208346,-60.163799,-0.156928,-0.6102,False,-0.2681,False,-0.9061,False,-1.7936,False
2026-07-02T22:43:42.145096+00:00,DOGE/USDT,SHORT,NO TRADE,0.0,89.0,21.0,21.2,0.2,RSI weak,RSI weak|Volume weak|EMA slope weak,56.0626,0.00043114,0.0004669,-3.575e-05,0.07383811,0.0732448,0.14103,0.327589,-64.76038,-0.04048,-0.135,False,0.108,True,-0.9044,False,-1.5119,False
2026-07-02T22:48:44.637999+00:00,BTC/USDT,SHORT,NO TRADE,0.0,77.0,22.0,23.2,1.2,Volume weak,Volume weak|RSI weak|EMA slope weak|Candle momentum weak,61.3007,444.15287716,475.36044905,-31.20757189,61195.07771817,60508.40096133,0.202293,0.638486,-64.904454,0.015753,0.0458,True,0.4615,True,0.2518,True,-0.1949,False
2026-07-02T22:48:48.511450+00:00,XRP/USDT,SHORT,NO TRADE,0.0,62.0,16.0,17.2,1.2,RSI weak,RSI weak|Volume weak|EMA slope weak,55.1886,0.0079147,0.00892966,-0.00101496,1.07935122,1.06708735,0.128511,0.208346,-60.163799,-0.156928,-0.6102,False,-0.2681,False,-0.9061,False,-1.7936,False
2026-07-02T22:53:55.339344+00:00,BTC/USDT,SHORT,NO TRADE,0.0,77.0,22.0,23.2,1.2,Volume weak,Volume weak|RSI weak|EMA slope weak|Candle momentum weak,61.3007,444.15287716,475.36044905,-31.20757189,61195.07771817,60508.40096133,0.202293,0.638486,-64.904454,0.015753,0.0458,True,0.4615,True,0.2518,True,-0.1949,False
2026-07-02T22:53:59.491573+00:00,XRP/USDT,SHORT,NO TRADE,0.0,62.0,16.0,17.2,1.2,RSI weak,RSI weak|Volume weak|EMA slope weak,55.1886,0.0079147,0.00892966,-0.00101496,1.07935122,1.06708735,0.128511,0.208346,-60.163799,-0.156928,-0.6102,False,-0.2681,False,-0.9061,False,-1.7936,False
2026-07-02T22:54:04.950741+00:00,DOGE/USDT,SHORT,NO TRADE,0.0,89.0,21.0,21.2,0.2,RSI weak,RSI weak|Volume weak|EMA slope weak,56.0626,0.00043114,0.0004669,-3.575e-05,0.07383811,0.0732448,0.14103,0.327589,-64.76038,-0.04048,-0.135,False,0.108,True,-0.9044,False,-1.5119,False
2026-07-02T22:59:08.087005+00:00,BTC/USDT,SHORT,NO TRADE,0.0,77.0,22.0,23.2,1.2,Volume weak,Volume weak|RSI weak|EMA slope weak|Candle momentum weak,61.3007,444.15287716,475.36044905,-31.20757189,61195.07771817,60508.40096133,0.202293,0.638486,-64.904454,0.015753,0.0458,True,0.4615,True,0.2518,True,-0.1949,False
2026-07-02T22:59:12.483903+00:00,XRP/USDT,SHORT,NO TRADE,0.0,62.0,16.0,17.2,1.2,RSI weak,RSI weak|Volume weak|EMA slope weak,55.1886,0.0079147,0.00892966,-0.00101496,1.07935122,1.06708735,0.128511,0.208346,-60.163799,-0.156928,-0.6102,False,-0.2681,False,-0.9061,False,-1.7936,False
2026-07-02T22:59:16.865204+00:00,DOGE/USDT,SHORT,NO TRADE,0.0,89.0,21.0,21.2,0.2,RSI weak,RSI weak|Volume weak|EMA slope weak,56.0626,0.00043114,0.0004669,-3.575e-05,0.07383811,0.0732448,0.14103,0.327589,-64.76038,-0.04048,-0.135,False,0.108,True,-0.9044,False,-1.5119,False
2026-07-02T23:13:17.826845+00:00,BTC/USDT,SHORT,NO TRADE,0.0,68.0,18.0,19.2,1.2,Volume weak,Volume weak|RSI weak|EMA slope weak,58.6293,412.07102697,462.70256463,-50.63153767,61220.67031644,60545.86759029,0.1819,0.397137,-68.515955,-0.198098,0.2639,True,-0.1982,False,0.0532,True,-0.4777,False
2026-07-02T23:13:22.668051+00:00,XRP/USDT,SHORT,NO TRADE,0.0,62.0,16.0,17.2,1.2,RSI weak,RSI weak|Candle momentum weak|EMA slope weak,56.957,0.00733152,0.00861003,-0.00127851,1.07979396,1.06775059,0.103834,0.389523,4.397977,0.221893,-0.0461,False,-0.9225,False,-0.6089,False,-1.7251,False
2026-07-02T23:13:25.914714+00:00,DOGE/USDT,SHORT,NO TRADE,0.0,89.0,21.0,21.2,0.2,RSI weak,RSI weak|Volume weak|EMA slope weak,54.8658,0.00039179,0.00045187,-6.009e-05,0.07385353,0.07327442,0.097828,0.198322,-84.490036,-0.107991,0.0,False,-1.0811,False,-1.1216,False,-1.7703,False
2026-07-02T23:18:28.888405+00:00,BTC/USDT,SHORT,NO TRADE,0.0,68.0,18.0,19.2,1.2,Volume weak,Volume weak|RSI weak|EMA slope weak,58.6293,412.07102697,462.70256463,-50.63153767,61220.67031644,60545.86759029,0.1819,0.397137,-68.515955,-0.198098,0.2639,True,-0.1982,False,0.0532,True,-0.4777,False
2026-07-02T23:18:33.783296+00:00,XRP/USDT,SHORT,NO TRADE,0.0,62.0,16.0,17.2,1.2,RSI weak,RSI weak|Candle momentum weak|EMA slope weak,56.957,0.00733152,0.00861003,-0.00127851,1.07979396,1.06775059,0.103834,0.389523,4.397977,0.221893,-0.0461,False,-0.9225,False,-0.6089,False,-1.7251,False
2026-07-02T23:18:38.311876+00:00,DOGE/USDT,SHORT,NO TRADE,0.0,89.0,21.0,21.2,0.2,RSI weak,RSI weak|Volume weak|EMA slope weak,54.8658,0.00039179,0.00045187,-6.009e-05,0.07385353,0.07327442,0.097828,0.198322,-84.490036,-0.107991,0.0,False,-1.0811,False,-1.1216,False,-1.7703,False
2026-07-02T23:22:22.318871+00:00,BTC/USDT,SHORT,NO TRADE,0.0,68.0,18.0,19.2,1.2,Volume weak,Volume weak|RSI weak|EMA slope weak,58.6293,412.07102697,462.70256463,-50.63153767,61220.67031644,60545.86759029,0.1819,0.397137,-68.515955,-0.198098,0.2639,True,-0.1982,False,0.0532,True,-0.4777,False
2026-07-02T23:22:25.609126+00:00,XRP/USDT,SHORT,NO TRADE,0.0,62.0,16.0,17.2,1.2,RSI weak,RSI weak|Candle momentum weak|EMA slope weak,56.957,0.00733152,0.00861003,-0.00127851,1.07979396,1.06775059,0.103834,0.389523,4.397977,0.221893,-0.0461,False,-0.9225,False,-0.6089,False,-1.7251,False
2026-07-02T23:22:29.165557+00:00,DOGE/USDT,SHORT,NO TRADE,0.0,89.0,21.0,21.2,0.2,RSI weak,RSI weak|Volume weak|EMA slope weak,54.8658,0.00039179,0.00045187,-6.009e-05,0.07385353,0.07327442,0.097828,0.198322,-84.490036,-0.107991,0.0,False,-1.0811,False,-1.1216,False,-1.7703,False
2026-07-02T23:27:31.513275+00:00,BTC/USDT,SHORT,NO TRADE,0.0,77.0,22.0,23.2,1.2,Volume weak,Volume weak|RSI weak|EMA slope weak,58.6293,412.07102697,462.70256463,-50.63153767,61220.67031644,60545.86759029,0.1819,0.397137,-68.515955,-0.198098,0.2639,True,-0.1982,False,0.0532,True,-0.4777,False
2026-07-02T23:27:34.996089+00:00,XRP/USDT,SHORT,NO TRADE,0.0,62.0,16.0,17.2,1.2,RSI weak,RSI weak|Candle momentum weak|EMA slope weak,56.957,0.00733152,0.00861003,-0.00127851,1.07979396,1.06775059,0.103834,0.389523,4.397977,0.221893,-0.0461,False,-0.9225,False,-0.6089,False,-1.7251,False
2026-07-02T23:27:38.775643+00:00,DOGE/USDT,SHORT,NO TRADE,0.0,89.0,21.0,21.2,0.2,RSI weak,RSI weak|Volume weak|EMA slope weak,54.8658,0.00039179,0.00045187,-6.009e-05,0.07385353,0.07327442,0.097828,0.198322,-84.490036,-0.107991,0.0,False,-1.0811,False,-1.1216,False,-1.7703,False
2026-07-02T23:32:41.173554+00:00,BTC/USDT,SHORT,NO TRADE,0.0,77.0,22.0,23.2,1.2,Volume weak,Volume weak|RSI weak|EMA slope weak,58.6293,412.07102697,462.70256463,-50.63153767,61220.67031644,60545.86759029,0.1819,0.397137,-68.515955,-0.198098,0.2639,True,-0.1982,False,0.0532,True,-0.4777,False
2026-07-02T23:32:45.071161+00:00,XRP/USDT,SHORT,NO TRADE,0.0,62.0,16.0,17.2,1.2,RSI weak,RSI weak|Candle momentum weak|EMA slope weak,56.957,0.00733152,0.00861003,-0.00127851,1.07979396,1.06775059,0.103834,0.389523,4.397977,0.221893,-0.0461,False,-0.9225,False,-0.6089,False,-1.7251,False
2026-07-02T23:32:48.958942+00:00,DOGE/USDT,SHORT,NO TRADE,0.0,89.0,21.0,21.2,0.2,RSI weak,RSI weak|Volume weak|EMA slope weak,54.8658,0.00039179,0.00045187,-6.009e-05,0.07385353,0.07327442,0.097828,0.198322,-84.490036,-0.107991,0.0,False,-1.0811,False,-1.1216,False,-1.7703,False
2026-07-02T23:37:51.531502+00:00,BTC/USDT,SHORT,NO TRADE,0.0,77.0,22.0,23.2,1.2,Volume weak,Volume weak|RSI weak|EMA slope weak,58.6293,412.07102697,462.70256463,-50.63153767,61220.67031644,60545.86759029,0.1819,0.397137,-68.515955,-0.198098,0.2639,True,-0.1982,False,0.0532,True,-0.4777,False
2026-07-02T23:37:55.272946+00:00,XRP/USDT,SHORT,NO TRADE,0.0,62.0,16.0,17.2,1.2,RSI weak,RSI weak|Candle momentum weak|EMA slope weak,56.957,0.00733152,0.00861003,-0.00127851,1.07979396,1.06775059,0.103834,0.389523,4.397977,0.221893,-0.0461,False,-0.9225,False,-0.6089,False,-1.7251,False
2026-07-02T23:37:59.346598+00:00,DOGE/USDT,SHORT,NO TRADE,0.0,89.0,21.0,21.2,0.2,RSI weak,RSI weak|Volume weak|EMA slope weak,54.8658,0.00039179,0.00045187,-6.009e-05,0.07385353,0.07327442,0.097828,0.198322,-84.490036,-0.107991,0.0,False,-1.0811,False,-1.1216,False,-1.7703,False
2026-07-02T23:43:01.903920+00:00,BTC/USDT,SHORT,NO TRADE,0.0,68.0,18.0,19.2,1.2,Volume weak,Volume weak|RSI weak|EMA slope weak,58.6293,412.07102697,462.70256463,-50.63153767,61220.67031644,60545.86759029,0.1819,0.397137,-68.515955,-0.198098,0.2639,True,-0.1982,False,0.0532,True,-0.4777,False
2026-07-02T23:43:06.344336+00:00,XRP/USDT,SHORT,NO TRADE,0.0,62.0,16.0,17.2,1.2,RSI weak,RSI weak|Candle momentum weak|EMA slope weak,56.957,0.00733152,0.00861003,-0.00127851,1.07979396,1.06775059,0.103834,0.389523,4.397977,0.221893,-0.0461,False,-0.9225,False,-0.6089,False,-1.7251,False
2026-07-02T23:43:11.547842+00:00,DOGE/USDT,SHORT,NO TRADE,0.0,89.0,21.0,21.2,0.2,RSI weak,RSI weak|Volume weak|EMA slope weak,54.8658,0.00039179,0.00045187,-6.009e-05,0.07385353,0.07327442,0.097828,0.198322,-84.490036,-0.107991,0.0,False,-1.0811,False,-1.1216,False,-1.7703,False
2026-07-02T23:48:14.674407+00:00,BTC/USDT,SHORT,NO TRADE,0.0,77.0,22.0,23.2,1.2,Volume weak,Volume weak|RSI weak|EMA slope weak,58.6293,412.07102697,462.70256463,-50.63153767,61220.67031644,60545.86759029,0.1819,0.397137,-68.515955,-0.198098,0.2639,True,-0.1982,False,0.0532,True,-0.4777,False
2026-07-02T23:48:19.295745+00:00,XRP/USDT,SHORT,NO TRADE,0.0,62.0,16.0,17.2,1.2,RSI weak,RSI weak|Candle momentum weak|EMA slope weak,56.957,0.00733152,0.00861003,-0.00127851,1.07979396,1.06775059,0.103834,0.389523,4.397977,0.221893,-0.0461,False,-0.9225,False,-0.6089,False,-1.7251,False
2026-07-02T23:48:23.728906+00:00,DOGE/USDT,SHORT,NO TRADE,0.0,89.0,21.0,21.2,0.2,RSI weak,RSI weak|Volume weak|EMA slope weak,54.8658,0.00039179,0.00045187,-6.009e-05,0.07385353,0.07327442,0.097828,0.198322,-84.490036,-0.107991,0.0,False,-1.0811,False,-1.1216,False,-1.7703,False
2026-07-02T23:53:26.610815+00:00,BTC/USDT,SHORT,NO TRADE,0.0,77.0,22.0,23.2,1.2,Volume weak,Volume weak|RSI weak|EMA slope weak,58.6293,412.07102697,462.70256463,-50.63153767,61220.67031644,60545.86759029,0.1819,0.397137,-68.515955,-0.198098,0.2639,True,-0.1982,False,0.0532,True,-0.4777,False
2026-07-02T23:53:30.347965+00:00,XRP/USDT,SHORT,NO TRADE,0.0,62.0,16.0,17.2,1.2,RSI weak,RSI weak|Candle momentum weak|EMA slope weak,56.957,0.00733152,0.00861003,-0.00127851,1.07979396,1.06775059,0.103834,0.389523,4.397977,0.221893,-0.0461,False,-0.9225,False,-0.6089,False,-1.7251,False
2026-07-02T23:53:34.294594+00:00,DOGE/USDT,SHORT,NO TRADE,0.0,89.0,21.0,21.2,0.2,RSI weak,RSI weak|Volume weak|EMA slope weak,54.8658,0.00039179,0.00045187,-6.009e-05,0.07385353,0.07327442,0.097828,0.198322,-84.490036,-0.107991,0.0,False,-1.0811,False,-1.1216,False,-1.7703,False
2026-07-02T23:58:36.613526+00:00,BTC/USDT,SHORT,NO TRADE,0.0,77.0,22.0,23.2,1.2,Volume weak,Volume weak|RSI weak|EMA slope weak,58.6293,412.07102697,462.70256463,-50.63153767,61220.67031644,60545.86759029,0.1819,0.397137,-68.515955,-0.198098,0.2639,True,-0.1982,False,0.0532,True,-0.4777,False
2026-07-02T23:58:40.526598+00:00,XRP/USDT,SHORT,NO TRADE,0.0,62.0,16.0,17.2,1.2,RSI weak,RSI weak|Candle momentum weak|EMA slope weak,56.957,0.00733152,0.00861003,-0.00127851,1.07979396,1.06775059,0.103834,0.389523,4.397977,0.221893,-0.0461,False,-0.9225,False,-0.6089,False,-1.7251,False
2026-07-02T23:58:45.265502+00:00,DOGE/USDT,SHORT,NO TRADE,0.0,89.0,21.0,21.2,0.2,RSI weak,RSI weak|Volume weak|EMA slope weak,54.8658,0.00039179,0.00045187,-6.009e-05,0.07385353,0.07327442,0.097828,0.198322,-84.490036,-0.107991,0.0,False,-1.0811,False,-1.1216,False,-1.7703,False
2026-07-03T00:03:47.482267+00:00,BTC/USDT,SHORT,NO TRADE,0.0,68.0,18.0,19.2,1.2,Volume weak,Volume weak|RSI weak|EMA slope weak|Candle momentum weak,60.0701,389.72232922,448.10651755,-58.38418833,61252.75885773,60585.54337107,0.161576,0.497677,-54.96698,0.15261,-0.0455,False,0.2061,True,0.1928,True,-0.046,False
2026-07-03T00:03:50.064341+00:00,BNB/USDT,SHORT,NO TRADE,0.0,62.0,16.0,17.2,1.2,RSI weak,RSI weak|Volume weak|Candle momentum weak|EMA slope weak,54.6903,1.76505119,2.25964684,-0.49459565,557.69428331,554.91621968,0.019865,0.198266,-58.353318,0.215208,-0.4832,False,-0.519,False,-0.3579,False,-0.5906,False
2026-07-03T00:03:51.041395+00:00,XRP/USDT,SHORT,NO TRADE,0.0,62.0,16.0,17.2,1.2,Volume weak,Volume weak|RSI weak|Candle momentum weak|EMA slope weak,59.9368,0.00712611,0.00831325,-0.00118713,1.08059453,1.06855252,0.137152,0.703822,-69.632154,0.387454,-0.533,False,-0.2941,False,-0.4135,False,-1.1119,False
2026-07-03T00:03:54.798400+00:00,DOGE/USDT,SHORT,NO TRADE,0.0,59.0,16.0,18.2,2.2,Volume weak,Volume weak|RSI weak|Candle momentum weak|EMA slope weak,57.0856,0.00037084,0.00043567,-6.483e-05,0.07388462,0.07330993,0.097506,0.39978,-83.482477,0.243243,-0.8358,False,-0.7684,False,-0.4449,False,-0.9841,False
2026-07-03T00:08:57.644885+00:00,BTC/USDT,SHORT,NO TRADE,0.0,68.0,18.0,19.2,1.2,Volume weak,Volume weak|RSI weak|EMA slope weak|Candle momentum weak,60.0701,389.72232922,448.10651755,-58.38418833,61252.75885773,60585.54337107,0.161576,0.497677,-54.96698,0.15261,-0.0455,False,0.2061,True,0.1928,True,-0.046,False
2026-07-03T00:09:00.736774+00:00,BNB/USDT,SHORT,NO TRADE,0.0,62.0,16.0,17.2,1.2,RSI weak,RSI weak|Volume weak|Candle momentum weak|EMA slope weak,54.6903,1.76505119,2.25964684,-0.49459565,557.69428331,554.91621968,0.019865,0.198266,-58.353318,0.215208,-0.4832,False,-0.519,False,-0.3579,False,-0.5906,False
2026-07-03T00:09:01.549479+00:00,XRP/USDT,SHORT,NO TRADE,0.0,62.0,16.0,17.2,1.2,Volume weak,Volume weak|RSI weak|Candle momentum weak|EMA slope weak,59.9368,0.00712611,0.00831325,-0.00118713,1.08059453,1.06855252,0.137152,0.703822,-69.632154,0.387454,-0.533,False,-0.2941,False,-0.4135,False,-1.1119,False
2026-07-03T00:09:05.393443+00:00,DOGE/USDT,SHORT,NO TRADE,0.0,59.0,16.0,18.2,2.2,Volume weak,Volume weak|RSI weak|Candle momentum weak|EMA slope weak,57.0856,0.00037084,0.00043567,-6.483e-05,0.07388462,0.07330993,0.097506,0.39978,-83.482477,0.243243,-0.8358,False,-0.7684,False,-0.4449,False,-0.9841,False
2026-07-03T00:14:07.738349+00:00,BTC/USDT,SHORT,NO TRADE,0.0,68.0,18.0,19.2,1.2,Volume weak,Volume weak|RSI weak|EMA slope weak|Candle momentum weak,60.0701,389.72232922,448.10651755,-58.38418833,61252.75885773,60585.54337107,0.161576,0.497677,-54.96698,0.15261,-0.0455,False,0.2061,True,0.1928,True,-0.046,False
2026-07-03T00:14:10.350244+00:00,BNB/USDT,SHORT,NO TRADE,0.0,62.0,16.0,17.2,1.2,RSI weak,RSI weak|Volume weak|Candle momentum weak|EMA slope weak,54.6903,1.76505119,2.25964684,-0.49459565,557.69428331,554.91621968,0.019865,0.198266,-58.353318,0.215208,-0.4832,False,-0.519,False,-0.3579,False,-0.5906,False
2026-07-03T00:14:11.247980+00:00,XRP/USDT,SHORT,NO TRADE,0.0,62.0,16.0,17.2,1.2,Volume weak,Volume weak|RSI weak|Candle momentum weak|EMA slope weak,59.9368,0.00712611,0.00831325,-0.00118713,1.08059453,1.06855252,0.137152,0.703822,-69.632154,0.387454,-0.533,False,-0.2941,False,-0.4135,False,-1.1119,False
2026-07-03T00:14:15.030935+00:00,DOGE/USDT,SHORT,NO TRADE,0.0,59.0,16.0,18.2,2.2,Volume weak,Volume weak|RSI weak|Candle momentum weak|EMA slope weak,57.0856,0.00037084,0.00043567,-6.483e-05,0.07388462,0.07330993,0.097506,0.39978,-83.482477,0.243243,-0.8358,False,-0.7684,False,-0.4449,False,-0.9841,False
2026-07-03T00:19:17.516030+00:00,BTC/USDT,SHORT,NO TRADE,0.0,68.0,18.0,19.2,1.2,Volume weak,Volume weak|RSI weak|EMA slope weak|Candle momentum weak,60.0701,389.72232922,448.10651755,-58.38418833,61252.75885773,60585.54337107,0.161576,0.497677,-54.96698,0.15261,-0.0455,False,0.2061,True,0.1928,True,-0.046,False
2026-07-03T00:19:20.618705+00:00,BNB/USDT,SHORT,NO TRADE,0.0,62.0,16.0,17.2,1.2,RSI weak,RSI weak|Volume weak|Candle momentum weak|EMA slope weak,54.6903,1.76505119,2.25964684,-0.49459565,557.69428331,554.91621968,0.019865,0.198266,-58.353318,0.215208,-0.4832,False,-0.519,False,-0.3579,False,-0.5906,False
2026-07-03T00:19:21.534540+00:00,XRP/USDT,SHORT,NO TRADE,0.0,62.0,16.0,17.2,1.2,Volume weak,Volume weak|RSI weak|Candle momentum weak|EMA slope weak,59.9368,0.00712611,0.00831325,-0.00118713,1.08059453,1.06855252,0.137152,0.703822,-69.632154,0.387454,-0.533,False,-0.2941,False,-0.4135,False,-1.1119,False
2026-07-03T00:19:25.558191+00:00,DOGE/USDT,SHORT,NO TRADE,0.0,59.0,16.0,18.2,2.2,Volume weak,Volume weak|RSI weak|Candle momentum weak|EMA slope weak,57.0856,0.00037084,0.00043567,-6.483e-05,0.07388462,0.07330993,0.097506,0.39978,-83.482477,0.243243,-0.8358,False,-0.7684,False,-0.4449,False,-0.9841,False
2026-07-03T00:24:28.222266+00:00,BTC/USDT,SHORT,NO TRADE,0.0,68.0,18.0,19.2,1.2,Volume weak,Volume weak|RSI weak|EMA slope weak|Candle momentum weak,60.0701,389.72232922,448.10651755,-58.38418833,61252.75885773,60585.54337107,0.161576,0.497677,-54.96698,0.15261,-0.0455,False,0.2061,True,0.1928,True,-0.046,False
2026-07-03T00:24:31.076619+00:00,BNB/USDT,SHORT,NO TRADE,0.0,62.0,16.0,17.2,1.2,RSI weak,RSI weak|Volume weak|Candle momentum weak|EMA slope weak,54.6903,1.76505119,2.25964684,-0.49459565,557.69428331,554.91621968,0.019865,0.198266,-58.353318,0.215208,-0.4832,False,-0.519,False,-0.3579,False,-0.5906,False
2026-07-03T00:24:31.879008+00:00,XRP/USDT,SHORT,NO TRADE,0.0,62.0,16.0,17.2,1.2,Volume weak,Volume weak|RSI weak|Candle momentum weak|EMA slope weak,59.9368,0.00712611,0.00831325,-0.00118713,1.08059453,1.06855252,0.137152,0.703822,-69.632154,0.387454,-0.533,False,-0.2941,False,-0.4135,False,-1.1119,False
2026-07-03T00:24:35.723364+00:00,DOGE/USDT,SHORT,NO TRADE,0.0,59.0,16.0,18.2,2.2,Volume weak,Volume weak|RSI weak|Candle momentum weak|EMA slope weak,57.0856,0.00037084,0.00043567,-6.483e-05,0.07388462,0.07330993,0.097506,0.39978,-83.482477,0.243243,-0.8358,False,-0.7684,False,-0.4449,False,-0.9841,False
2026-07-03T00:29:38.174241+00:00,BTC/USDT,SHORT,NO TRADE,0.0,62.0,16.0,17.2,1.2,Volume weak,Volume weak|RSI weak|EMA slope weak|Candle momentum weak,60.0701,389.72232922,448.10651755,-58.38418833,61252.75885773,60585.54337107,0.161576,0.497677,-54.96698,0.15261,-0.0455,False,0.2061,True,0.1928,True,-0.046,False
2026-07-03T00:29:41.471416+00:00,BNB/USDT,SHORT,NO TRADE,0.0,62.0,16.0,17.2,1.2,RSI weak,RSI weak|Volume weak|Candle momentum weak|EMA slope weak,54.6903,1.76505119,2.25964684,-0.49459565,557.69428331,554.91621968,0.019865,0.198266,-58.353318,0.215208,-0.4832,False,-0.519,False,-0.3579,False,-0.5906,False
2026-07-03T00:29:42.278548+00:00,XRP/USDT,SHORT,NO TRADE,0.0,62.0,16.0,17.2,1.2,Volume weak,Volume weak|RSI weak|Candle momentum weak|EMA slope weak,59.9368,0.00712611,0.00831325,-0.00118713,1.08059453,1.06855252,0.137152,0.703822,-69.632154,0.387454,-0.533,False,-0.2941,False,-0.4135,False,-1.1119,False
2026-07-03T00:29:46.011154+00:00,DOGE/USDT,SHORT,NO TRADE,0.0,59.0,16.0,18.2,2.2,Volume weak,Volume weak|RSI weak|Candle momentum weak|EMA slope weak,57.0856,0.00037084,0.00043567,-6.483e-05,0.07388462,0.07330993,0.097506,0.39978,-83.482477,0.243243,-0.8358,False,-0.7684,False,-0.4449,False,-0.9841,False
2026-07-03T00:34:48.462757+00:00,BTC/USDT,SHORT,NO TRADE,0.0,62.0,16.0,17.2,1.2,Volume weak,Volume weak|RSI weak|EMA slope weak|Candle momentum weak,60.0701,389.72232922,448.10651755,-58.38418833,61252.75885773,60585.54337107,0.161576,0.497677,-54.96698,0.15261,-0.0455,False,0.2061,True,0.1928,True,-0.046,False
2026-07-03T00:34:51.966782+00:00,BNB/USDT,SHORT,NO TRADE,0.0,62.0,16.0,17.2,1.2,RSI weak,RSI weak|Volume weak|Candle momentum weak|EMA slope weak,54.6903,1.76505119,2.25964684,-0.49459565,557.69428331,554.91621968,0.019865,0.198266,-58.353318,0.215208,-0.4832,False,-0.519,False,-0.3579,False,-0.5906,False
2026-07-03T00:34:52.873179+00:00,XRP/USDT,SHORT,NO TRADE,0.0,62.0,16.0,17.2,1.2,Volume weak,Volume weak|RSI weak|Candle momentum weak|EMA slope weak,59.9368,0.00712611,0.00831325,-0.00118713,1.08059453,1.06855252,0.137152,0.703822,-69.632154,0.387454,-0.533,False,-0.2941,False,-0.4135,False,-1.1119,False
2026-07-03T00:34:58.654145+00:00,DOGE/USDT,SHORT,NO TRADE,0.0,59.0,16.0,18.2,2.2,Volume weak,Volume weak|RSI weak|Candle momentum weak|EMA slope weak,57.0856,0.00037084,0.00043567,-6.483e-05,0.07388462,0.07330993,0.097506,0.39978,-83.482477,0.243243,-0.8358,False,-0.7684,False,-0.4449,False,-0.9841,False
2026-07-03T00:40:01.662749+00:00,BTC/USDT,SHORT,NO TRADE,0.0,68.0,18.0,19.2,1.2,Volume weak,Volume weak|RSI weak|EMA slope weak|Candle momentum weak,60.0701,389.72232922,448.10651755,-58.38418833,61252.75885773,60585.54337107,0.161576,0.497677,-54.96698,0.15261,-0.0455,False,0.2061,True,0.1928,True,-0.046,False
2026-07-03T00:40:05.860390+00:00,BNB/USDT,SHORT,NO TRADE,0.0,62.0,16.0,17.2,1.2,RSI weak,RSI weak|Volume weak|Candle momentum weak|EMA slope weak,54.6903,1.76505119,2.25964684,-0.49459565,557.69428331,554.91621968,0.019865,0.198266,-58.353318,0.215208,-0.4832,False,-0.519,False,-0.3579,False,-0.5906,False
2026-07-03T00:40:06.828125+00:00,XRP/USDT,SHORT,NO TRADE,0.0,62.0,16.0,17.2,1.2,Volume weak,Volume weak|RSI weak|Candle momentum weak|EMA slope weak,59.9368,0.00712611,0.00831325,-0.00118713,1.08059453,1.06855252,0.137152,0.703822,-69.632154,0.387454,-0.533,False,-0.2941,False,-0.4135,False,-1.1119,False
2026-07-03T00:40:11.241091+00:00,DOGE/USDT,SHORT,NO TRADE,0.0,59.0,16.0,18.2,2.2,Volume weak,Volume weak|RSI weak|Candle momentum weak|EMA slope weak,57.0856,0.00037084,0.00043567,-6.483e-05,0.07388462,0.07330993,0.097506,0.39978,-83.482477,0.243243,-0.8358,False,-0.7684,False,-0.4449,False,-0.9841,False
2026-07-03T00:45:13.740145+00:00,BTC/USDT,SHORT,NO TRADE,0.0,68.0,18.0,19.2,1.2,Volume weak,Volume weak|RSI weak|EMA slope weak|Candle momentum weak,60.0701,389.72232922,448.10651755,-58.38418833,61252.75885773,60585.54337107,0.161576,0.497677,-54.96698,0.15261,-0.0455,False,0.2061,True,0.1928,True,-0.046,False
2026-07-03T00:45:17.272475+00:00,BNB/USDT,SHORT,NO TRADE,0.0,62.0,16.0,17.2,1.2,RSI weak,RSI weak|Volume weak|Candle momentum weak|EMA slope weak,54.6903,1.76505119,2.25964684,-0.49459565,557.69428331,554.91621968,0.019865,0.198266,-58.353318,0.215208,-0.4832,False,-0.519,False,-0.3579,False,-0.5906,False
2026-07-03T00:45:18.265139+00:00,XRP/USDT,SHORT,NO TRADE,0.0,62.0,16.0,17.2,1.2,Volume weak,Volume weak|RSI weak|Candle momentum weak|EMA slope weak,59.9368,0.00712611,0.00831325,-0.00118713,1.08059453,1.06855252,0.137152,0.703822,-69.632154,0.387454,-0.533,False,-0.2941,False,-0.4135,False,-1.1119,False
2026-07-03T00:45:22.167809+00:00,DOGE/USDT,SHORT,NO TRADE,0.0,59.0,16.0,18.2,2.2,Volume weak,Volume weak|RSI weak|Candle momentum weak|EMA slope weak,57.0856,0.00037084,0.00043567,-6.483e-05,0.07388462,0.07330993,0.097506,0.39978,-83.482477,0.243243,-0.8358,False,-0.7684,False,-0.4449,False,-0.9841,False
2026-07-03T00:50:24.760564+00:00,BTC/USDT,SHORT,NO TRADE,0.0,68.0,18.0,19.2,1.2,Volume weak,Volume weak|RSI weak|EMA slope weak|Candle momentum weak,60.0701,389.72232922,448.10651755,-58.38418833,61252.75885773,60585.54337107,0.161576,0.497677,-54.96698,0.15261,-0.0455,False,0.2061,True,0.1928,True,-0.046,False
2026-07-03T00:50:29.701614+00:00,BNB/USDT,SHORT,NO TRADE,0.0,62.0,16.0,17.2,1.2,RSI weak,RSI weak|Volume weak|Candle momentum weak|EMA slope weak,54.6903,1.76505119,2.25964684,-0.49459565,557.69428331,554.91621968,0.019865,0.198266,-58.353318,0.215208,-0.4832,False,-0.519,False,-0.3579,False,-0.5906,False
2026-07-03T00:50:31.328671+00:00,XRP/USDT,SHORT,NO TRADE,0.0,62.0,16.0,17.2,1.2,Volume weak,Volume weak|RSI weak|Candle momentum weak|EMA slope weak,59.9368,0.00712611,0.00831325,-0.00118713,1.08059453,1.06855252,0.137152,0.703822,-69.632154,0.387454,-0.533,False,-0.2941,False,-0.4135,False,-1.1119,False
2026-07-03T00:50:36.221077+00:00,DOGE/USDT,SHORT,NO TRADE,0.0,59.0,16.0,18.2,2.2,Volume weak,Volume weak|RSI weak|Candle momentum weak|EMA slope weak,57.0856,0.00037084,0.00043567,-6.483e-05,0.07388462,0.07330993,0.097506,0.39978,-83.482477,0.243243,-0.8358,False,-0.7684,False,-0.4449,False,-0.9841,False
2026-07-03T00:55:39.805780+00:00,BTC/USDT,SHORT,NO TRADE,0.0,68.0,18.0,19.2,1.2,Volume weak,Volume weak|RSI weak|EMA slope weak|Candle momentum weak,60.0701,389.72232922,448.10651755,-58.38418833,61252.75885773,60585.54337107,0.161576,0.497677,-54.96698,0.15261,-0.0455,False,0.2061,True,0.1928,True,-0.046,False
2026-07-03T00:55:43.533431+00:00,BNB/USDT,SHORT,NO TRADE,0.0,62.0,16.0,17.2,1.2,RSI weak,RSI weak|Volume weak|Candle momentum weak|EMA slope weak,54.6903,1.76505119,2.25964684,-0.49459565,557.69428331,554.91621968,0.019865,0.198266,-58.353318,0.215208,-0.4832,False,-0.519,False,-0.3579,False,-0.5906,False
2026-07-03T00:55:45.225126+00:00,XRP/USDT,SHORT,NO TRADE,0.0,62.0,16.0,17.2,1.2,Volume weak,Volume weak|RSI weak|Candle momentum weak|EMA slope weak,59.9368,0.00712611,0.00831325,-0.00118713,1.08059453,1.06855252,0.137152,0.703822,-69.632154,0.387454,-0.533,False,-0.2941,False,-0.4135,False,-1.1119,False
2026-07-03T00:55:49.164292+00:00,DOGE/USDT,SHORT,NO TRADE,0.0,59.0,16.0,18.2,2.2,Volume weak,Volume weak|RSI weak|Candle momentum weak|EMA slope weak,57.0856,0.00037084,0.00043567,-6.483e-05,0.07388462,0.07330993,0.097506,0.39978,-83.482477,0.243243,-0.8358,False,-0.7684,False,-0.4449,False,-0.9841,False
2026-07-03T01:00:52.575454+00:00,BTC/USDT,SHORT,NO TRADE,0.0,62.0,16.0,17.2,1.2,RSI weak,RSI weak|Volume weak|EMA slope weak,54.4924,347.34973321,427.95516068,-80.60542747,61257.41039509,60613.62402318,0.101859,0.072138,-17.459037,-0.415871,-0.2106,False,-0.2113,False,-0.6457,False,-0.6755,False
2026-07-03T01:00:55.406593+00:00,BNB/USDT,SHORT,NO TRADE,0.0,62.0,16.0,17.2,1.2,RSI weak,RSI weak|Volume weak|EMA slope weak,52.4957,1.57301301,2.12232007,-0.54930706,557.71387537,555.03323067,0.024806,0.033373,-52.338012,-0.161059,-0.6811,False,-0.5915,False,-0.8066,False,-0.9141,False
2026-07-03T01:00:56.526561+00:00,XRP/USDT,SHORT,NO TRADE,0.0,62.0,16.0,17.2,1.2,RSI weak,RSI weak|Volume weak|EMA slope weak,56.2429,0.00658881,0.00796836,-0.00137955,1.08096648,1.06917792,0.149652,0.326885,-49.055176,-0.340011,-0.6362,False,-0.5625,False,-1.4292,False,-1.5307,False
2026-07-03T01:01:00.424926+00:00,DOGE/USDT,SHORT,NO TRADE,0.0,59.0,16.0,18.2,2.2,RSI weak,RSI weak|Volume weak|EMA slope weak,54.2141,0.00033585,0.0004157,-7.985e-05,0.07389561,0.07333699,0.07787,0.141263,-54.040949,-0.242653,-1.0135,False,-1.1216,False,-1.4324,False,-1.3649,False
2026-07-03T01:06:03.823813+00:00,BTC/USDT,SHORT,NO TRADE,0.0,68.0,18.0,19.2,1.2,RSI weak,RSI weak|Volume weak|EMA slope weak,54.4924,347.34973321,427.95516068,-80.60542747,61257.41039509,60613.62402318,0.101859,0.072138,-17.459037,-0.415871,-0.2106,False,-0.2113,False,-0.6457,False,-0.6755,False
2026-07-03T01:06:06.910870+00:00,BNB/USDT,SHORT,NO TRADE,0.0,62.0,16.0,17.2,1.2,RSI weak,RSI weak|Volume weak|EMA slope weak,52.4957,1.57301301,2.12232007,-0.54930706,557.71387537,555.03323067,0.024806,0.033373,-52.338012,-0.161059,-0.6811,False,-0.5915,False,-0.8066,False,-0.9141,False
2026-07-03T01:06:08.618421+00:00,XRP/USDT,SHORT,NO TRADE,0.0,62.0,16.0,17.2,1.2,RSI weak,RSI weak|Volume weak|EMA slope weak,56.2429,0.00658881,0.00796836,-0.00137955,1.08096648,1.06917792,0.149652,0.326885,-49.055176,-0.340011,-0.6362,False,-0.5625,False,-1.4292,False,-1.5307,False
2026-07-03T01:06:13.526091+00:00,DOGE/USDT,SHORT,NO TRADE,0.0,59.0,16.0,18.2,2.2,RSI weak,RSI weak|Volume weak|EMA slope weak,54.2141,0.00033585,0.0004157,-7.985e-05,0.07389561,0.07333699,0.07787,0.141263,-54.040949,-0.242653,-1.0135,False,-1.1216,False,-1.4324,False,-1.3649,False
2026-07-03T01:11:17.234414+00:00,BTC/USDT,SHORT,NO TRADE,0.0,77.0,22.0,23.2,1.2,RSI weak,RSI weak|Volume weak|EMA slope weak,54.4924,347.34973321,427.95516068,-80.60542747,61257.41039509,60613.62402318,0.101859,0.072138,-17.459037,-0.415871,-0.2106,False,-0.2113,False,-0.6457,False,-0.6755,False
2026-07-03T01:11:21.259767+00:00,BNB/USDT,SHORT,NO TRADE,0.0,62.0,16.0,17.2,1.2,RSI weak,RSI weak|Volume weak|EMA slope weak,52.4957,1.57301301,2.12232007,-0.54930706,557.71387537,555.03323067,0.024806,0.033373,-52.338012,-0.161059,-0.6811,False,-0.5915,False,-0.8066,False,-0.9141,False
2026-07-03T01:11:22.256921+00:00,XRP/USDT,SHORT,NO TRADE,0.0,62.0,16.0,17.2,1.2,RSI weak,RSI weak|Volume weak|EMA slope weak,56.2429,0.00658881,0.00796836,-0.00137955,1.08096648,1.06917792,0.149652,0.326885,-49.055176,-0.340011,-0.6362,False,-0.5625,False,-1.4292,False,-1.5307,False
2026-07-03T01:11:26.535724+00:00,DOGE/USDT,SHORT,NO TRADE,0.0,59.0,16.0,18.2,2.2,RSI weak,RSI weak|Volume weak|EMA slope weak,54.2141,0.00033585,0.0004157,-7.985e-05,0.07389561,0.07333699,0.07787,0.141263,-54.040949,-0.242653,-1.0135,False,-1.1216,False,-1.4324,False,-1.3649,False
2026-07-03T01:16:28.978778+00:00,BTC/USDT,SHORT,NO TRADE,0.0,77.0,22.0,23.2,1.2,RSI weak,RSI weak|Volume weak|EMA slope weak,54.4924,347.34973321,427.95516068,-80.60542747,61257.41039509,60613.62402318,0.101859,0.072138,-17.459037,-0.415871,-0.2106,False,-0.2113,False,-0.6457,False,-0.6755,False
2026-07-03T01:16:31.935232+00:00,BNB/USDT,SHORT,NO TRADE,0.0,62.0,16.0,17.2,1.2,RSI weak,RSI weak|Volume weak|EMA slope weak,52.4957,1.57301301,2.12232007,-0.54930706,557.71387537,555.03323067,0.024806,0.033373,-52.338012,-0.161059,-0.6811,False,-0.5915,False,-0.8066,False,-0.9141,False
2026-07-03T01:16:32.739980+00:00,XRP/USDT,SHORT,NO TRADE,0.0,62.0,16.0,17.2,1.2,RSI weak,RSI weak|Volume weak|EMA slope weak,56.2429,0.00658881,0.00796836,-0.00137955,1.08096648,1.06917792,0.149652,0.326885,-49.055176,-0.340011,-0.6362,False,-0.5625,False,-1.4292,False,-1.5307,False
2026-07-03T01:16:37.306165+00:00,DOGE/USDT,SHORT,NO TRADE,0.0,65.0,18.0,20.2,2.2,RSI weak,RSI weak|Volume weak|EMA slope weak,54.2141,0.00033585,0.0004157,-7.985e-05,0.07389561,0.07333699,0.07787,0.141263,-54.040949,-0.242653,-1.0135,False,-1.1216,False,-1.4324,False,-1.3649,False
2026-07-03T01:21:40.730295+00:00,BTC/USDT,SHORT,NO TRADE,0.0,77.0,22.0,23.2,1.2,RSI weak,RSI weak|Volume weak|EMA slope weak,54.4924,347.34973321,427.95516068,-80.60542747,61257.41039509,60613.62402318,0.101859,0.072138,-17.459037,-0.415871,-0.2106,False,-0.2113,False,-0.6457,False,-0.6755,False
2026-07-03T01:21:44.913534+00:00,BNB/USDT,SHORT,NO TRADE,0.0,62.0,16.0,17.2,1.2,RSI weak,RSI weak|Volume weak|EMA slope weak,52.4957,1.57301301,2.12232007,-0.54930706,557.71387537,555.03323067,0.024806,0.033373,-52.338012,-0.161059,-0.6811,False,-0.5915,False,-0.8066,False,-0.9141,False
2026-07-03T01:21:45.716726+00:00,XRP/USDT,SHORT,NO TRADE,0.0,62.0,16.0,17.2,1.2,RSI weak,RSI weak|Volume weak|EMA slope weak,56.2429,0.00658881,0.00796836,-0.00137955,1.08096648,1.06917792,0.149652,0.326885,-49.055176,-0.340011,-0.6362,False,-0.5625,False,-1.4292,False,-1.5307,False
2026-07-03T01:21:49.964744+00:00,DOGE/USDT,SHORT,NO TRADE,0.0,74.0,22.0,24.2,2.2,RSI weak,RSI weak|Volume weak|EMA slope weak,54.2141,0.00033585,0.0004157,-7.985e-05,0.07389561,0.07333699,0.07787,0.141263,-54.040949,-0.242653,-1.0135,False,-1.1216,False,-1.4324,False,-1.3649,False
2026-07-03T01:26:53.732702+00:00,BTC/USDT,SHORT,NO TRADE,0.0,77.0,22.0,23.2,1.2,RSI weak,RSI weak|Volume weak|EMA slope weak,54.4924,347.34973321,427.95516068,-80.60542747,61257.41039509,60613.62402318,0.101859,0.072138,-17.459037,-0.415871,-0.2106,False,-0.2113,False,-0.6457,False,-0.6755,False
2026-07-03T01:26:58.434201+00:00,BNB/USDT,SHORT,NO TRADE,0.0,62.0,16.0,17.2,1.2,RSI weak,RSI weak|Volume weak|EMA slope weak,52.4957,1.57301301,2.12232007,-0.54930706,557.71387537,555.03323067,0.024806,0.033373,-52.338012,-0.161059,-0.6811,False,-0.5915,False,-0.8066,False,-0.9141,False
2026-07-03T01:26:59.238322+00:00,XRP/USDT,SHORT,NO TRADE,0.0,62.0,16.0,17.2,1.2,RSI weak,RSI weak|Volume weak|EMA slope weak,56.2429,0.00658881,0.00796836,-0.00137955,1.08096648,1.06917792,0.149652,0.326885,-49.055176,-0.340011,-0.6362,False,-0.5625,False,-1.4292,False,-1.5307,False
2026-07-03T01:27:03.554475+00:00,DOGE/USDT,SHORT,NO TRADE,0.0,74.0,22.0,24.2,2.2,RSI weak,RSI weak|Volume weak|EMA slope weak,54.2141,0.00033585,0.0004157,-7.985e-05,0.07389561,0.07333699,0.07787,0.141263,-54.040949,-0.242653,-1.0135,False,-1.1216,False,-1.4324,False,-1.3649,False
2026-07-03T01:32:07.437793+00:00,BTC/USDT,SHORT,NO TRADE,0.0,77.0,22.0,23.2,1.2,RSI weak,RSI weak|Volume weak|EMA slope weak,54.4924,347.34973321,427.95516068,-80.60542747,61257.41039509,60613.62402318,0.101859,0.072138,-17.459037,-0.415871,-0.2106,False,-0.2113,False,-0.6457,False,-0.6755,False
2026-07-03T01:32:10.696978+00:00,BNB/USDT,SHORT,NO TRADE,0.0,62.0,16.0,17.2,1.2,RSI weak,RSI weak|Volume weak|EMA slope weak,52.4957,1.57301301,2.12232007,-0.54930706,557.71387537,555.03323067,0.024806,0.033373,-52.338012,-0.161059,-0.6811,False,-0.5915,False,-0.8066,False,-0.9141,False
2026-07-03T01:32:11.505536+00:00,XRP/USDT,SHORT,NO TRADE,0.0,62.0,16.0,17.2,1.2,RSI weak,RSI weak|Volume weak|EMA slope weak,56.2429,0.00658881,0.00796836,-0.00137955,1.08096648,1.06917792,0.149652,0.326885,-49.055176,-0.340011,-0.6362,False,-0.5625,False,-1.4292,False,-1.5307,False
2026-07-03T01:32:15.240290+00:00,DOGE/USDT,SHORT,NO TRADE,0.0,74.0,22.0,24.2,2.2,RSI weak,RSI weak|Volume weak|EMA slope weak,54.2141,0.00033585,0.0004157,-7.985e-05,0.07389561,0.07333699,0.07787,0.141263,-54.040949,-0.242653,-1.0135,False,-1.1216,False,-1.4324,False,-1.3649,False
2026-07-03T01:37:18.544928+00:00,BTC/USDT,SHORT,NO TRADE,0.0,77.0,22.0,23.2,1.2,RSI weak,RSI weak|Volume weak|EMA slope weak,54.4924,347.34973321,427.95516068,-80.60542747,61257.41039509,60613.62402318,0.101859,0.072138,-17.459037,-0.415871,-0.2106,False,-0.2113,False,-0.6457,False,-0.6755,False
2026-07-03T01:37:21.742763+00:00,BNB/USDT,SHORT,NO TRADE,0.0,71.0,20.0,21.2,1.2,RSI weak,RSI weak|Volume weak|EMA slope weak,52.4957,1.57301301,2.12232007,-0.54930706,557.71387537,555.03323067,0.024806,0.033373,-52.338012,-0.161059,-0.6811,False,-0.5915,False,-0.8066,False,-0.9141,False
2026-07-03T01:37:22.760388+00:00,XRP/USDT,SHORT,NO TRADE,0.0,77.0,22.0,23.2,1.2,RSI weak,RSI weak|Volume weak|EMA slope weak,56.2429,0.00658881,0.00796836,-0.00137955,1.08096648,1.06917792,0.149652,0.326885,-49.055176,-0.340011,-0.6362,False,-0.5625,False,-1.4292,False,-1.5307,False
2026-07-03T01:37:27.667041+00:00,DOGE/USDT,SHORT,NO TRADE,0.0,74.0,22.0,24.2,2.2,RSI weak,RSI weak|Volume weak|EMA slope weak,54.2141,0.00033585,0.0004157,-7.985e-05,0.07389561,0.07333699,0.07787,0.141263,-54.040949,-0.242653,-1.0135,False,-1.1216,False,-1.4324,False,-1.3649,False
2026-07-03T01:42:31.021278+00:00,BTC/USDT,SHORT,NO TRADE,0.0,77.0,22.0,23.2,1.2,RSI weak,RSI weak|Volume weak|EMA slope weak,54.4924,347.34973321,427.95516068,-80.60542747,61257.41039509,60613.62402318,0.101859,0.072138,-17.459037,-0.415871,-0.2106,False,-0.2113,False,-0.6457,False,-0.6755,False
2026-07-03T01:42:34.338196+00:00,BNB/USDT,SHORT,NO TRADE,0.0,77.0,22.0,23.2,1.2,RSI weak,RSI weak|Volume weak|EMA slope weak,52.4957,1.57301301,2.12232007,-0.54930706,557.71387537,555.03323067,0.024806,0.033373,-52.338012,-0.161059,-0.6811,False,-0.5915,False,-0.8066,False,-0.9141,False
2026-07-03T01:42:36.211254+00:00,XRP/USDT,SHORT,NO TRADE,0.0,77.0,22.0,23.2,1.2,RSI weak,RSI weak|Volume weak|EMA slope weak,56.2429,0.00658881,0.00796836,-0.00137955,1.08096648,1.06917792,0.149652,0.326885,-49.055176,-0.340011,-0.6362,False,-0.5625,False,-1.4292,False,-1.5307,False
2026-07-03T01:42:41.031061+00:00,DOGE/USDT,SHORT,NO TRADE,0.0,74.0,22.0,24.2,2.2,RSI weak,RSI weak|Volume weak|EMA slope weak,54.2141,0.00033585,0.0004157,-7.985e-05,0.07389561,0.07333699,0.07787,0.141263,-54.040949,-0.242653,-1.0135,False,-1.1216,False,-1.4324,False,-1.3649,False
2026-07-03T01:47:44.454541+00:00,BTC/USDT,SHORT,NO TRADE,0.0,77.0,22.0,23.2,1.2,RSI weak,RSI weak|Volume weak|EMA slope weak,54.4924,347.34973321,427.95516068,-80.60542747,61257.41039509,60613.62402318,0.101859,0.072138,-17.459037,-0.415871,-0.2106,False,-0.2113,False,-0.6457,False,-0.6755,False
2026-07-03T01:47:47.709458+00:00,BNB/USDT,SHORT,NO TRADE,0.0,77.0,22.0,23.2,1.2,RSI weak,RSI weak|Volume weak|EMA slope weak,52.4957,1.57301301,2.12232007,-0.54930706,557.71387537,555.03323067,0.024806,0.033373,-52.338012,-0.161059,-0.6811,False,-0.5915,False,-0.8066,False,-0.9141,False
2026-07-03T01:47:48.516543+00:00,XRP/USDT,SHORT,NO TRADE,0.0,71.0,20.0,21.2,1.2,RSI weak,RSI weak|Volume weak|EMA slope weak,56.2429,0.00658881,0.00796836,-0.00137955,1.08096648,1.06917792,0.149652,0.326885,-49.055176,-0.340011,-0.6362,False,-0.5625,False,-1.4292,False,-1.5307,False
2026-07-03T01:47:52.431575+00:00,DOGE/USDT,SHORT,NO TRADE,0.0,74.0,22.0,24.2,2.2,RSI weak,RSI weak|Volume weak|EMA slope weak,54.2141,0.00033585,0.0004157,-7.985e-05,0.07389561,0.07333699,0.07787,0.141263,-54.040949,-0.242653,-1.0135,False,-1.1216,False,-1.4324,False,-1.3649,False
2026-07-03T01:52:56.862000+00:00,BTC/USDT,SHORT,NO TRADE,0.0,77.0,22.0,23.2,1.2,RSI weak,RSI weak|Volume weak|EMA slope weak,54.4924,347.34973321,427.95516068,-80.60542747,61257.41039509,60613.62402318,0.101859,0.072138,-17.459037,-0.415871,-0.2106,False,-0.2113,False,-0.6457,False,-0.6755,False
2026-07-03T01:53:00.682937+00:00,BNB/USDT,SHORT,NO TRADE,0.0,77.0,22.0,23.2,1.2,RSI weak,RSI weak|Volume weak|EMA slope weak,52.4957,1.57301301,2.12232007,-0.54930706,557.71387537,555.03323067,0.024806,0.033373,-52.338012,-0.161059,-0.6811,False,-0.5915,False,-0.8066,False,-0.9141,False
2026-07-03T01:53:01.752250+00:00,XRP/USDT,SHORT,NO TRADE,0.0,71.0,20.0,21.2,1.2,RSI weak,RSI weak|Volume weak|EMA slope weak,56.2429,0.00658881,0.00796836,-0.00137955,1.08096648,1.06917792,0.149652,0.326885,-49.055176,-0.340011,-0.6362,False,-0.5625,False,-1.4292,False,-1.5307,False
2026-07-03T01:53:05.634982+00:00,DOGE/USDT,SHORT,NO TRADE,0.0,77.0,23.0,25.2,2.2,RSI weak,RSI weak|Volume weak|EMA slope weak,54.2141,0.00033585,0.0004157,-7.985e-05,0.07389561,0.07333699,0.07787,0.141263,-54.040949,-0.242653,-1.0135,False,-1.1216,False,-1.4324,False,-1.3649,False
2026-07-03T01:58:08.996993+00:00,BTC/USDT,SHORT,NO TRADE,0.0,77.0,22.0,23.2,1.2,RSI weak,RSI weak|Volume weak|EMA slope weak,54.4924,347.34973321,427.95516068,-80.60542747,61257.41039509,60613.62402318,0.101859,0.072138,-17.459037,-0.415871,-0.2106,False,-0.2113,False,-0.6457,False,-0.6755,False
2026-07-03T01:58:11.979820+00:00,BNB/USDT,SHORT,NO TRADE,0.0,77.0,22.0,23.2,1.2,RSI weak,RSI weak|Volume weak|EMA slope weak,52.4957,1.57301301,2.12232007,-0.54930706,557.71387537,555.03323067,0.024806,0.033373,-52.338012,-0.161059,-0.6811,False,-0.5915,False,-0.8066,False,-0.9141,False
2026-07-03T01:58:12.805540+00:00,XRP/USDT,SHORT,NO TRADE,0.0,77.0,22.0,23.2,1.2,RSI weak,RSI weak|Volume weak|EMA slope weak,56.2429,0.00658881,0.00796836,-0.00137955,1.08096648,1.06917792,0.149652,0.326885,-49.055176,-0.340011,-0.6362,False,-0.5625,False,-1.4292,False,-1.5307,False
2026-07-03T01:58:16.618372+00:00,DOGE/USDT,SHORT,NO TRADE,0.0,74.0,22.0,24.2,2.2,RSI weak,RSI weak|Volume weak|EMA slope weak,54.2141,0.00033585,0.0004157,-7.985e-05,0.07389561,0.07333699,0.07787,0.141263,-54.040949,-0.242653,-1.0135,False,-1.1216,False,-1.4324,False,-1.3649,False
2026-07-03T02:03:20.149283+00:00,BTC/USDT,SHORT,NO TRADE,0.0,77.0,22.0,23.2,1.2,RSI weak,RSI weak|Volume weak|Candle momentum weak|EMA slope weak,59.0366,332.84869949,408.93386845,-76.08516895,61288.66654794,60651.74072816,0.111067,0.484483,-24.720758,0.463283,0.2509,True,0.2382,True,-0.1952,False,-0.5378,False
2026-07-03T02:03:23.123181+00:00,BNB/USDT,SHORT,NO TRADE,0.0,77.0,22.0,23.2,1.2,Volume weak,Volume weak|RSI weak|Candle momentum weak|EMA slope weak,59.4969,1.69180916,2.03621789,-0.34440873,558.07445867,555.28682947,0.089058,0.613814,-57.762904,0.645277,0.0534,True,0.1247,True,-0.0178,False,-0.8014,False
2026-07-03T02:03:23.977960+00:00,XRP/USDT,SHORT,NO TRADE,0.0,77.0,22.0,23.2,1.2,RSI weak,RSI weak|Volume weak|Candle momentum weak|EMA slope weak,62.6139,0.0068506,0.00774481,-0.00089421,1.08220777,1.07015133,0.223544,1.089646,-18.765053,0.87598,0.3108,True,0.1188,True,-0.6399,False,-1.3803,False
2026-07-03T02:03:28.288987+00:00,DOGE/USDT,SHORT,NO TRADE,0.0,74.0,22.0,24.2,2.2,RSI weak,RSI weak|Candle momentum weak|Volume weak|EMA slope weak,63.0983,0.00036842,0.00040625,-3.782e-05,0.07398174,0.07339436,0.173604,1.106023,-6.9188,1.081081,-0.0401,False,0.3877,True,-0.5348,False,-0.8021,False
2026-07-03T02:08:31.345519+00:00,BTC/USDT,SHORT,NO TRADE,0.0,77.0,22.0,23.2,1.2,RSI weak,RSI weak|Volume weak|Candle momentum weak|EMA slope weak,59.0366,332.84869949,408.93386845,-76.08516895,61288.66654794,60651.74072816,0.111067,0.484483,-24.720758,0.463283,0.2509,True,0.2382,True,-0.1952,False,-0.5378,False
2026-07-03T02:08:34.182941+00:00,BNB/USDT,SHORT,NO TRADE,0.0,71.0,20.0,21.2,1.2,Volume weak,Volume weak|RSI weak|Candle momentum weak|EMA slope weak,59.4969,1.69180916,2.03621789,-0.34440873,558.07445867,555.28682947,0.089058,0.613814,-57.762904,0.645277,0.0534,True,0.1247,True,-0.0178,False,-0.8014,False
2026-07-03T02:08:34.992639+00:00,XRP/USDT,SHORT,NO TRADE,0.0,71.0,20.0,21.2,1.2,RSI weak,RSI weak|Volume weak|Candle momentum weak|EMA slope weak,62.6139,0.0068506,0.00774481,-0.00089421,1.08220777,1.07015133,0.223544,1.089646,-18.765053,0.87598,0.3108,True,0.1188,True,-0.6399,False,-1.3803,False
2026-07-03T02:08:38.834139+00:00,DOGE/USDT,SHORT,NO TRADE,0.0,74.0,22.0,24.2,2.2,RSI weak,RSI weak|Candle momentum weak|Volume weak|EMA slope weak,63.0983,0.00036842,0.00040625,-3.782e-05,0.07398174,0.07339436,0.173604,1.106023,-6.9188,1.081081,-0.0401,False,0.3877,True,-0.5348,False,-0.8021,False
2026-07-03T02:13:42.093687+00:00,BTC/USDT,SHORT,NO TRADE,0.0,77.0,22.0,23.2,1.2,RSI weak,RSI weak|Volume weak|Candle momentum weak|EMA slope weak,59.0366,332.84869949,408.93386845,-76.08516895,61288.66654794,60651.74072816,0.111067,0.484483,-24.720758,0.463283,0.2509,True,0.2382,True,-0.1952,False,-0.5378,False
2026-07-03T02:13:45.156696+00:00,BNB/USDT,SHORT,NO TRADE,0.0,62.0,16.0,17.2,1.2,Volume weak,Volume weak|RSI weak|Candle momentum weak|EMA slope weak,59.4969,1.69180916,2.03621789,-0.34440873,558.07445867,555.28682947,0.089058,0.613814,-57.762904,0.645277,0.0534,True,0.1247,True,-0.0178,False,-0.8014,False
2026-07-03T02:13:45.998064+00:00,XRP/USDT,SHORT,NO TRADE,0.0,62.0,16.0,17.2,1.2,RSI weak,RSI weak|Volume weak|Candle momentum weak|EMA slope weak,62.6139,0.0068506,0.00774481,-0.00089421,1.08220777,1.07015133,0.223544,1.089646,-18.765053,0.87598,0.3108,True,0.1188,True,-0.6399,False,-1.3803,False
2026-07-03T02:13:49.788527+00:00,DOGE/USDT,SHORT,NO TRADE,0.0,74.0,22.0,24.2,2.2,RSI weak,RSI weak|Candle momentum weak|Volume weak|EMA slope weak,63.0983,0.00036842,0.00040625,-3.782e-05,0.07398174,0.07339436,0.173604,1.106023,-6.9188,1.081081,-0.0401,False,0.3877,True,-0.5348,False,-0.8021,False
2026-07-03T02:18:53.239701+00:00,BTC/USDT,SHORT,NO TRADE,0.0,77.0,22.0,23.2,1.2,RSI weak,RSI weak|Volume weak|Candle momentum weak|EMA slope weak,59.0366,332.84869949,408.93386845,-76.08516895,61288.66654794,60651.74072816,0.111067,0.484483,-24.720758,0.463283,0.2509,True,0.2382,True,-0.1952,False,-0.5378,False
2026-07-03T02:18:56.175775+00:00,BNB/USDT,SHORT,NO TRADE,0.0,71.0,20.0,21.2,1.2,Volume weak,Volume weak|RSI weak|Candle momentum weak|EMA slope weak,59.4969,1.69180916,2.03621789,-0.34440873,558.07445867,555.28682947,0.089058,0.613814,-57.762904,0.645277,0.0534,True,0.1247,True,-0.0178,False,-0.8014,False
2026-07-03T02:18:56.980459+00:00,XRP/USDT,SHORT,NO TRADE,0.0,62.0,16.0,17.2,1.2,RSI weak,RSI weak|Volume weak|Candle momentum weak|EMA slope weak,62.6139,0.0068506,0.00774481,-0.00089421,1.08220777,1.07015133,0.223544,1.089646,-18.765053,0.87598,0.3108,True,0.1188,True,-0.6399,False,-1.3803,False
2026-07-03T02:19:03.316408+00:00,DOGE/USDT,SHORT,NO TRADE,0.0,74.0,22.0,24.2,2.2,RSI weak,RSI weak|Candle momentum weak|Volume weak|EMA slope weak,63.0983,0.00036842,0.00040625,-3.782e-05,0.07398174,0.07339436,0.173604,1.106023,-6.9188,1.081081,-0.0401,False,0.3877,True,-0.5348,False,-0.8021,False
2026-07-03T02:24:06.387056+00:00,BTC/USDT,SHORT,NO TRADE,0.0,77.0,22.0,23.2,1.2,RSI weak,RSI weak|Volume weak|Candle momentum weak|EMA slope weak,59.0366,332.84869949,408.93386845,-76.08516895,61288.66654794,60651.74072816,0.111067,0.484483,-24.720758,0.463283,0.2509,True,0.2382,True,-0.1952,False,-0.5378,False
2026-07-03T02:24:08.999200+00:00,BNB/USDT,SHORT,NO TRADE,0.0,77.0,22.0,23.2,1.2,Volume weak,Volume weak|RSI weak|Candle momentum weak|EMA slope weak,59.4969,1.69180916,2.03621789,-0.34440873,558.07445867,555.28682947,0.089058,0.613814,-57.762904,0.645277,0.0534,True,0.1247,True,-0.0178,False,-0.8014,False
2026-07-03T02:24:09.896360+00:00,XRP/USDT,SHORT,NO TRADE,0.0,71.0,20.0,21.2,1.2,RSI weak,RSI weak|Volume weak|Candle momentum weak|EMA slope weak,62.6139,0.0068506,0.00774481,-0.00089421,1.08220777,1.07015133,0.223544,1.089646,-18.765053,0.87598,0.3108,True,0.1188,True,-0.6399,False,-1.3803,False
2026-07-03T02:24:15.704113+00:00,DOGE/USDT,SHORT,NO TRADE,0.0,74.0,22.0,24.2,2.2,RSI weak,RSI weak|Candle momentum weak|Volume weak|EMA slope weak,63.0983,0.00036842,0.00040625,-3.782e-05,0.07398174,0.07339436,0.173604,1.106023,-6.9188,1.081081,-0.0401,False,0.3877,True,-0.5348,False,-0.8021,False
2026-07-03T02:29:18.990960+00:00,BTC/USDT,SHORT,NO TRADE,0.0,68.0,18.0,19.2,1.2,RSI weak,RSI weak|Volume weak|Candle momentum weak|EMA slope weak,59.0366,332.84869949,408.93386845,-76.08516895,61288.66654794,60651.74072816,0.111067,0.484483,-24.720758,0.463283,0.2509,True,0.2382,True,-0.1952,False,-0.5378,False
2026-07-03T02:29:21.912716+00:00,BNB/USDT,SHORT,NO TRADE,0.0,62.0,16.0,17.2,1.2,Volume weak,Volume weak|RSI weak|Candle momentum weak|EMA slope weak,59.4969,1.69180916,2.03621789,-0.34440873,558.07445867,555.28682947,0.089058,0.613814,-57.762904,0.645277,0.0534,True,0.1247,True,-0.0178,False,-0.8014,False
2026-07-03T02:29:22.715730+00:00,XRP/USDT,SHORT,NO TRADE,0.0,62.0,16.0,17.2,1.2,RSI weak,RSI weak|Volume weak|Candle momentum weak|EMA slope weak,62.6139,0.0068506,0.00774481,-0.00089421,1.08220777,1.07015133,0.223544,1.089646,-18.765053,0.87598,0.3108,True,0.1188,True,-0.6399,False,-1.3803,False
2026-07-03T02:29:26.531906+00:00,DOGE/USDT,SHORT,NO TRADE,0.0,74.0,22.0,24.2,2.2,RSI weak,RSI weak|Candle momentum weak|Volume weak|EMA slope weak,63.0983,0.00036842,0.00040625,-3.782e-05,0.07398174,0.07339436,0.173604,1.106023,-6.9188,1.081081,-0.0401,False,0.3877,True,-0.5348,False,-0.8021,False
2026-07-03T02:34:29.793443+00:00,BTC/USDT,SHORT,NO TRADE,0.0,68.0,18.0,19.2,1.2,RSI weak,RSI weak|Volume weak|Candle momentum weak|EMA slope weak,59.0366,332.84869949,408.93386845,-76.08516895,61288.66654794,60651.74072816,0.111067,0.484483,-24.720758,0.463283,0.2509,True,0.2382,True,-0.1952,False,-0.5378,False
2026-07-03T02:34:32.759529+00:00,BNB/USDT,SHORT,NO TRADE,0.0,62.0,16.0,17.2,1.2,Volume weak,Volume weak|RSI weak|Candle momentum weak|EMA slope weak,59.4969,1.69180916,2.03621789,-0.34440873,558.07445867,555.28682947,0.089058,0.613814,-57.762904,0.645277,0.0534,True,0.1247,True,-0.0178,False,-0.8014,False
2026-07-03T02:34:33.608590+00:00,XRP/USDT,SHORT,NO TRADE,0.0,62.0,16.0,17.2,1.2,RSI weak,RSI weak|Volume weak|Candle momentum weak|EMA slope weak,62.6139,0.0068506,0.00774481,-0.00089421,1.08220777,1.07015133,0.223544,1.089646,-18.765053,0.87598,0.3108,True,0.1188,True,-0.6399,False,-1.3803,False
2026-07-03T02:34:37.455961+00:00,DOGE/USDT,SHORT,NO TRADE,0.0,74.0,22.0,24.2,2.2,RSI weak,RSI weak|Candle momentum weak|Volume weak|EMA slope weak,63.0983,0.00036842,0.00040625,-3.782e-05,0.07398174,0.07339436,0.173604,1.106023,-6.9188,1.081081,-0.0401,False,0.3877,True,-0.5348,False,-0.8021,False
2026-07-03T02:39:40.895464+00:00,BTC/USDT,SHORT,NO TRADE,0.0,68.0,18.0,19.2,1.2,RSI weak,RSI weak|Volume weak|Candle momentum weak|EMA slope weak,59.0366,332.84869949,408.93386845,-76.08516895,61288.66654794,60651.74072816,0.111067,0.484483,-24.720758,0.463283,0.2509,True,0.2382,True,-0.1952,False,-0.5378,False
2026-07-03T02:39:44.049137+00:00,BNB/USDT,SHORT,NO TRADE,0.0,62.0,16.0,17.2,1.2,Volume weak,Volume weak|RSI weak|Candle momentum weak|EMA slope weak,59.4969,1.69180916,2.03621789,-0.34440873,558.07445867,555.28682947,0.089058,0.613814,-57.762904,0.645277,0.0534,True,0.1247,True,-0.0178,False,-0.8014,False
2026-07-03T02:39:45.036807+00:00,XRP/USDT,SHORT,NO TRADE,0.0,62.0,16.0,17.2,1.2,RSI weak,RSI weak|Volume weak|Candle momentum weak|EMA slope weak,62.6139,0.0068506,0.00774481,-0.00089421,1.08220777,1.07015133,0.223544,1.089646,-18.765053,0.87598,0.3108,True,0.1188,True,-0.6399,False,-1.3803,False
2026-07-03T02:39:48.574642+00:00,DOGE/USDT,SHORT,NO TRADE,0.0,74.0,22.0,24.2,2.2,RSI weak,RSI weak|Candle momentum weak|Volume weak|EMA slope weak,63.0983,0.00036842,0.00040625,-3.782e-05,0.07398174,0.07339436,0.173604,1.106023,-6.9188,1.081081,-0.0401,False,0.3877,True,-0.5348,False,-0.8021,False
2026-07-03T02:44:51.832410+00:00,BTC/USDT,SHORT,NO TRADE,0.0,68.0,18.0,19.2,1.2,RSI weak,RSI weak|Volume weak|Candle momentum weak|EMA slope weak,59.0366,332.84869949,408.93386845,-76.08516895,61288.66654794,60651.74072816,0.111067,0.484483,-24.720758,0.463283,0.2509,True,0.2382,True,-0.1952,False,-0.5378,False
2026-07-03T02:44:55.930580+00:00,BNB/USDT,SHORT,NO TRADE,0.0,62.0,16.0,17.2,1.2,Volume weak,Volume weak|RSI weak|Candle momentum weak|EMA slope weak,59.4969,1.69180916,2.03621789,-0.34440873,558.07445867,555.28682947,0.089058,0.613814,-57.762904,0.645277,0.0534,True,0.1247,True,-0.0178,False,-0.8014,False
2026-07-03T02:44:56.850166+00:00,XRP/USDT,SHORT,NO TRADE,0.0,62.0,16.0,17.2,1.2,RSI weak,RSI weak|Volume weak|Candle momentum weak|EMA slope weak,62.6139,0.0068506,0.00774481,-0.00089421,1.08220777,1.07015133,0.223544,1.089646,-18.765053,0.87598,0.3108,True,0.1188,True,-0.6399,False,-1.3803,False
2026-07-03T02:45:01.014636+00:00,DOGE/USDT,SHORT,NO TRADE,0.0,74.0,22.0,24.2,2.2,RSI weak,RSI weak|Candle momentum weak|Volume weak|EMA slope weak,63.0983,0.00036842,0.00040625,-3.782e-05,0.07398174,0.07339436,0.173604,1.106023,-6.9188,1.081081,-0.0401,False,0.3877,True,-0.5348,False,-0.8021,False
2026-07-03T02:50:04.312985+00:00,BTC/USDT,SHORT,NO TRADE,0.0,68.0,18.0,19.2,1.2,RSI weak,RSI weak|Volume weak|Candle momentum weak|EMA slope weak,59.0366,332.84869949,408.93386845,-76.08516895,61288.66654794,60651.74072816,0.111067,0.484483,-24.720758,0.463283,0.2509,True,0.2382,True,-0.1952,False,-0.5378,False
2026-07-03T02:50:07.318556+00:00,BNB/USDT,SHORT,NO TRADE,0.0,62.0,16.0,17.2,1.2,Volume weak,Volume weak|RSI weak|Candle momentum weak|EMA slope weak,59.4969,1.69180916,2.03621789,-0.34440873,558.07445867,555.28682947,0.089058,0.613814,-57.762904,0.645277,0.0534,True,0.1247,True,-0.0178,False,-0.8014,False
2026-07-03T02:50:08.219758+00:00,XRP/USDT,SHORT,NO TRADE,0.0,62.0,16.0,17.2,1.2,RSI weak,RSI weak|Volume weak|Candle momentum weak|EMA slope weak,62.6139,0.0068506,0.00774481,-0.00089421,1.08220777,1.07015133,0.223544,1.089646,-18.765053,0.87598,0.3108,True,0.1188,True,-0.6399,False,-1.3803,False
2026-07-03T02:50:11.745514+00:00,DOGE/USDT,SHORT,NO TRADE,0.0,74.0,22.0,24.2,2.2,RSI weak,RSI weak|Candle momentum weak|Volume weak|EMA slope weak,63.0983,0.00036842,0.00040625,-3.782e-05,0.07398174,0.07339436,0.173604,1.106023,-6.9188,1.081081,-0.0401,False,0.3877,True,-0.5348,False,-0.8021,False
2026-07-03T02:55:15.100925+00:00,BTC/USDT,SHORT,NO TRADE,0.0,68.0,18.0,19.2,1.2,RSI weak,RSI weak|Volume weak|Candle momentum weak|EMA slope weak,59.0366,332.84869949,408.93386845,-76.08516895,61288.66654794,60651.74072816,0.111067,0.484483,-24.720758,0.463283,0.2509,True,0.2382,True,-0.1952,False,-0.5378,False
2026-07-03T02:55:17.815379+00:00,BNB/USDT,SHORT,NO TRADE,0.0,71.0,20.0,21.2,1.2,Volume weak,Volume weak|RSI weak|Candle momentum weak|EMA slope weak,59.4969,1.69180916,2.03621789,-0.34440873,558.07445867,555.28682947,0.089058,0.613814,-57.762904,0.645277,0.0534,True,0.1247,True,-0.0178,False,-0.8014,False
2026-07-03T02:55:18.738740+00:00,XRP/USDT,SHORT,NO TRADE,0.0,62.0,16.0,17.2,1.2,RSI weak,RSI weak|Volume weak|Candle momentum weak|EMA slope weak,62.6139,0.0068506,0.00774481,-0.00089421,1.08220777,1.07015133,0.223544,1.089646,-18.765053,0.87598,0.3108,True,0.1188,True,-0.6399,False,-1.3803,False
2026-07-03T02:55:24.677522+00:00,DOGE/USDT,SHORT,NO TRADE,0.0,74.0,22.0,24.2,2.2,RSI weak,RSI weak|Candle momentum weak|Volume weak|EMA slope weak,63.0983,0.00036842,0.00040625,-3.782e-05,0.07398174,0.07339436,0.173604,1.106023,-6.9188,1.081081,-0.0401,False,0.3877,True,-0.5348,False,-0.8021,False
2026-07-03T03:00:28.219326+00:00,BTC/USDT,SHORT,NO TRADE,0.0,68.0,18.0,19.2,1.2,RSI weak,RSI weak|Volume weak|EMA slope weak,55.7657,305.33764801,388.21462436,-82.87697635,61302.19354337,60682.28815058,0.080706,0.209628,-23.588337,-0.25152,-0.0133,False,-0.4341,False,-0.5318,False,-0.9634,False
2026-07-03T03:00:33.246685+00:00,BNB/USDT,SHORT,NO TRADE,0.0,71.0,20.0,21.2,1.2,Volume weak,Volume weak|RSI weak|EMA slope weak|Candle momentum weak,59.8509,1.7815576,1.98528583,-0.20372823,558.41974832,555.53832635,0.130083,0.587417,-70.012356,0.035619,0.1602,True,-0.1246,False,0.0356,True,-0.8902,False
2026-07-03T03:00:34.639563+00:00,XRP/USDT,SHORT,NO TRADE,0.0,62.0,16.0,17.2,1.2,Volume weak,Volume weak|RSI weak|EMA slope weak,60.0375,0.00677023,0.00754989,-0.00077967,1.08308322,1.07098461,0.230307,0.76788,-57.043184,-0.23766,-0.1191,False,-0.788,False,-1.0354,False,-1.7134,False
2026-07-03T03:00:38.577810+00:00,DOGE/USDT,SHORT,NO TRADE,0.0,74.0,22.0,24.2,2.2,Volume weak,Volume weak|RSI weak|EMA slope weak,62.2849,0.00038576,0.00040215,-1.639e-05,0.07405491,0.07344753,0.230478,0.938612,-69.412392,-0.066845,0.3211,True,-0.4147,False,-0.7492,False,-1.592,False
2026-07-03T03:05:41.787837+00:00,BTC/USDT,SHORT,NO TRADE,0.0,68.0,18.0,19.2,1.2,RSI weak,RSI weak|Volume weak|EMA slope weak,55.7657,305.33764801,388.21462436,-82.87697635,61302.19354337,60682.28815058,0.080706,0.209628,-23.588337,-0.25152,-0.0133,False,-0.4341,False,-0.5318,False,-0.9634,False
2026-07-03T03:05:44.332995+00:00,BNB/USDT,SHORT,NO TRADE,0.0,62.0,16.0,17.2,1.2,Volume weak,Volume weak|RSI weak|EMA slope weak|Candle momentum weak,59.8509,1.7815576,1.98528583,-0.20372823,558.41974832,555.53832635,0.130083,0.587417,-70.012356,0.035619,0.1602,True,-0.1246,False,0.0356,True,-0.8902,False
2026-07-03T03:05:45.220256+00:00,XRP/USDT,SHORT,NO TRADE,0.0,62.0,16.0,17.2,1.2,Volume weak,Volume weak|RSI weak|EMA slope weak,60.0375,0.00677023,0.00754989,-0.00077967,1.08308322,1.07098461,0.230307,0.76788,-57.043184,-0.23766,-0.1191,False,-0.788,False,-1.0354,False,-1.7134,False
2026-07-03T03:05:48.867447+00:00,DOGE/USDT,SHORT,NO TRADE,0.0,74.0,22.0,24.2,2.2,Volume weak,Volume weak|RSI weak|EMA slope weak,62.2849,0.00038576,0.00040215,-1.639e-05,0.07405491,0.07344753,0.230478,0.938612,-69.412392,-0.066845,0.3211,True,-0.4147,False,-0.7492,False,-1.592,False
2026-07-03T03:10:52.241391+00:00,BTC/USDT,SHORT,NO TRADE,0.0,68.0,18.0,19.2,1.2,RSI weak,RSI weak|Volume weak|EMA slope weak,55.7657,305.33764801,388.21462436,-82.87697635,61302.19354337,60682.28815058,0.080706,0.209628,-23.588337,-0.25152,-0.0133,False,-0.4341,False,-0.5318,False,-0.9634,False
2026-07-03T03:10:54.822724+00:00,BNB/USDT,SHORT,NO TRADE,0.0,62.0,16.0,17.2,1.2,Volume weak,Volume weak|RSI weak|EMA slope weak|Candle momentum weak,59.8509,1.7815576,1.98528583,-0.20372823,558.41974832,555.53832635,0.130083,0.587417,-70.012356,0.035619,0.1602,True,-0.1246,False,0.0356,True,-0.8902,False
2026-07-03T03:10:55.708639+00:00,XRP/USDT,SHORT,NO TRADE,0.0,62.0,16.0,17.2,1.2,Volume weak,Volume weak|RSI weak|EMA slope weak,60.0375,0.00677023,0.00754989,-0.00077967,1.08308322,1.07098461,0.230307,0.76788,-57.043184,-0.23766,-0.1191,False,-0.788,False,-1.0354,False,-1.7134,False
2026-07-03T03:11:00.621558+00:00,DOGE/USDT,SHORT,NO TRADE,0.0,65.0,18.0,20.2,2.2,Volume weak,Volume weak|RSI weak|EMA slope weak,62.2849,0.00038576,0.00040215,-1.639e-05,0.07405491,0.07344753,0.230478,0.938612,-69.412392,-0.066845,0.3211,True,-0.4147,False,-0.7492,False,-1.592,False
2026-07-03T03:16:04.246131+00:00,BTC/USDT,SHORT,NO TRADE,0.0,68.0,18.0,19.2,1.2,RSI weak,RSI weak|Volume weak|EMA slope weak,55.7657,305.33764801,388.21462436,-82.87697635,61302.19354337,60682.28815058,0.080706,0.209628,-23.588337,-0.25152,-0.0133,False,-0.4341,False,-0.5318,False,-0.9634,False
2026-07-03T03:16:09.006039+00:00,BNB/USDT,SHORT,NO TRADE,0.0,62.0,16.0,17.2,1.2,Volume weak,Volume weak|RSI weak|EMA slope weak|Candle momentum weak,59.8509,1.7815576,1.98528583,-0.20372823,558.41974832,555.53832635,0.130083,0.587417,-70.012356,0.035619,0.1602,True,-0.1246,False,0.0356,True,-0.8902,False
2026-07-03T03:16:09.835045+00:00,XRP/USDT,SHORT,NO TRADE,0.0,62.0,16.0,17.2,1.2,Volume weak,Volume weak|RSI weak|EMA slope weak,60.0375,0.00677023,0.00754989,-0.00077967,1.08308322,1.07098461,0.230307,0.76788,-57.043184,-0.23766,-0.1191,False,-0.788,False,-1.0354,False,-1.7134,False
2026-07-03T03:16:14.136283+00:00,DOGE/USDT,SHORT,NO TRADE,0.0,65.0,18.0,20.2,2.2,Volume weak,Volume weak|RSI weak|EMA slope weak,62.2849,0.00038576,0.00040215,-1.639e-05,0.07405491,0.07344753,0.230478,0.938612,-69.412392,-0.066845,0.3211,True,-0.4147,False,-0.7492,False,-1.592,False
2026-07-03T03:21:17.469824+00:00,BTC/USDT,SHORT,NO TRADE,0.0,77.0,22.0,23.2,1.2,RSI weak,RSI weak|Volume weak|EMA slope weak,55.7657,305.33764801,388.21462436,-82.87697635,61302.19354337,60682.28815058,0.080706,0.209628,-23.588337,-0.25152,-0.0133,False,-0.4341,False,-0.5318,False,-0.9634,False
2026-07-03T03:21:20.767148+00:00,BNB/USDT,SHORT,NO TRADE,0.0,71.0,20.0,21.2,1.2,Volume weak,Volume weak|RSI weak|EMA slope weak|Candle momentum weak,59.8509,1.7815576,1.98528583,-0.20372823,558.41974832,555.53832635,0.130083,0.587417,-70.012356,0.035619,0.1602,True,-0.1246,False,0.0356,True,-0.8902,False
2026-07-03T03:21:21.768140+00:00,XRP/USDT,SHORT,NO TRADE,0.0,62.0,16.0,17.2,1.2,Volume weak,Volume weak|RSI weak|EMA slope weak,60.0375,0.00677023,0.00754989,-0.00077967,1.08308322,1.07098461,0.230307,0.76788,-57.043184,-0.23766,-0.1191,False,-0.788,False,-1.0354,False,-1.7134,False
2026-07-03T03:21:26.127691+00:00,DOGE/USDT,SHORT,NO TRADE,0.0,74.0,22.0,24.2,2.2,Volume weak,Volume weak|RSI weak|EMA slope weak,62.2849,0.00038576,0.00040215,-1.639e-05,0.07405491,0.07344753,0.230478,0.938612,-69.412392,-0.066845,0.3211,True,-0.4147,False,-0.7492,False,-1.592,False
2026-07-03T03:26:29.342342+00:00,BTC/USDT,SHORT,NO TRADE,0.0,77.0,22.0,23.2,1.2,RSI weak,RSI weak|Volume weak|EMA slope weak,55.7657,305.33764801,388.21462436,-82.87697635,61302.19354337,60682.28815058,0.080706,0.209628,-23.588337,-0.25152,-0.0133,False,-0.4341,False,-0.5318,False,-0.9634,False
2026-07-03T03:26:32.464216+00:00,BNB/USDT,SHORT,NO TRADE,0.0,77.0,22.0,23.2,1.2,Volume weak,Volume weak|RSI weak|EMA slope weak|Candle momentum weak,59.8509,1.7815576,1.98528583,-0.20372823,558.41974832,555.53832635,0.130083,0.587417,-70.012356,0.035619,0.1602,True,-0.1246,False,0.0356,True,-0.8902,False
2026-07-03T03:26:33.373476+00:00,XRP/USDT,SHORT,NO TRADE,0.0,62.0,16.0,17.2,1.2,Volume weak,Volume weak|RSI weak|EMA slope weak,60.0375,0.00677023,0.00754989,-0.00077967,1.08308322,1.07098461,0.230307,0.76788,-57.043184,-0.23766,-0.1191,False,-0.788,False,-1.0354,False,-1.7134,False
2026-07-03T03:26:37.126821+00:00,DOGE/USDT,SHORT,NO TRADE,0.0,74.0,22.0,24.2,2.2,Volume weak,Volume weak|RSI weak|EMA slope weak,62.2849,0.00038576,0.00040215,-1.639e-05,0.07405491,0.07344753,0.230478,0.938612,-69.412392,-0.066845,0.3211,True,-0.4147,False,-0.7492,False,-1.592,False
2026-07-03T03:31:40.203095+00:00,BTC/USDT,SHORT,NO TRADE,0.0,77.0,22.0,23.2,1.2,RSI weak,RSI weak|Volume weak|EMA slope weak,55.7657,305.33764801,388.21462436,-82.87697635,61302.19354337,60682.28815058,0.080706,0.209628,-23.588337,-0.25152,-0.0133,False,-0.4341,False,-0.5318,False,-0.9634,False
2026-07-03T03:31:42.852779+00:00,BNB/USDT,SHORT,NO TRADE,0.0,77.0,22.0,23.2,1.2,Volume weak,Volume weak|RSI weak|EMA slope weak|Candle momentum weak,59.8509,1.7815576,1.98528583,-0.20372823,558.41974832,555.53832635,0.130083,0.587417,-70.012356,0.035619,0.1602,True,-0.1246,False,0.0356,True,-0.8902,False
2026-07-03T03:31:43.740128+00:00,XRP/USDT,SHORT,NO TRADE,0.0,62.0,16.0,17.2,1.2,Volume weak,Volume weak|RSI weak|EMA slope weak,60.0375,0.00677023,0.00754989,-0.00077967,1.08308322,1.07098461,0.230307,0.76788,-57.043184,-0.23766,-0.1191,False,-0.788,False,-1.0354,False,-1.7134,False
2026-07-03T03:31:47.380575+00:00,DOGE/USDT,SHORT,NO TRADE,0.0,74.0,22.0,24.2,2.2,Volume weak,Volume weak|RSI weak|EMA slope weak,62.2849,0.00038576,0.00040215,-1.639e-05,0.07405491,0.07344753,0.230478,0.938612,-69.412392,-0.066845,0.3211,True,-0.4147,False,-0.7492,False,-1.592,False
2026-07-03T03:36:50.937504+00:00,BTC/USDT,SHORT,NO TRADE,0.0,77.0,22.0,23.2,1.2,RSI weak,RSI weak|Volume weak|EMA slope weak,55.7657,305.33764801,388.21462436,-82.87697635,61302.19354337,60682.28815058,0.080706,0.209628,-23.588337,-0.25152,-0.0133,False,-0.4341,False,-0.5318,False,-0.9634,False
2026-07-03T03:36:53.778142+00:00,BNB/USDT,SHORT,NO TRADE,0.0,71.0,20.0,21.2,1.2,Volume weak,Volume weak|RSI weak|EMA slope weak|Candle momentum weak,59.8509,1.7815576,1.98528583,-0.20372823,558.41974832,555.53832635,0.130083,0.587417,-70.012356,0.035619,0.1602,True,-0.1246,False,0.0356,True,-0.8902,False
2026-07-03T03:36:54.692406+00:00,XRP/USDT,SHORT,NO TRADE,0.0,62.0,16.0,17.2,1.2,Volume weak,Volume weak|RSI weak|EMA slope weak,60.0375,0.00677023,0.00754989,-0.00077967,1.08308322,1.07098461,0.230307,0.76788,-57.043184,-0.23766,-0.1191,False,-0.788,False,-1.0354,False,-1.7134,False
2026-07-03T03:36:59.196113+00:00,DOGE/USDT,SHORT,NO TRADE,0.0,74.0,22.0,24.2,2.2,Volume weak,Volume weak|RSI weak|EMA slope weak,62.2849,0.00038576,0.00040215,-1.639e-05,0.07405491,0.07344753,0.230478,0.938612,-69.412392,-0.066845,0.3211,True,-0.4147,False,-0.7492,False,-1.592,False
2026-07-03T03:42:02.492573+00:00,BTC/USDT,SHORT,NO TRADE,0.0,68.0,18.0,19.2,1.2,RSI weak,RSI weak|Volume weak|EMA slope weak,55.7657,305.33764801,388.21462436,-82.87697635,61302.19354337,60682.28815058,0.080706,0.209628,-23.588337,-0.25152,-0.0133,False,-0.4341,False,-0.5318,False,-0.9634,False
2026-07-03T03:42:05.521108+00:00,BNB/USDT,SHORT,NO TRADE,0.0,62.0,16.0,17.2,1.2,Volume weak,Volume weak|RSI weak|EMA slope weak|Candle momentum weak,59.8509,1.7815576,1.98528583,-0.20372823,558.41974832,555.53832635,0.130083,0.587417,-70.012356,0.035619,0.1602,True,-0.1246,False,0.0356,True,-0.8902,False
2026-07-03T03:42:06.452042+00:00,XRP/USDT,SHORT,NO TRADE,0.0,62.0,16.0,17.2,1.2,Volume weak,Volume weak|RSI weak|EMA slope weak,60.0375,0.00677023,0.00754989,-0.00077967,1.08308322,1.07098461,0.230307,0.76788,-57.043184,-0.23766,-0.1191,False,-0.788,False,-1.0354,False,-1.7134,False
2026-07-03T03:42:10.066424+00:00,DOGE/USDT,SHORT,NO TRADE,0.0,74.0,22.0,24.2,2.2,Volume weak,Volume weak|RSI weak|EMA slope weak,62.2849,0.00038576,0.00040215,-1.639e-05,0.07405491,0.07344753,0.230478,0.938612,-69.412392,-0.066845,0.3211,True,-0.4147,False,-0.7492,False,-1.592,False
2026-07-03T03:47:13.262824+00:00,BTC/USDT,SHORT,NO TRADE,0.0,68.0,18.0,19.2,1.2,RSI weak,RSI weak|Volume weak|EMA slope weak,55.7657,305.33764801,388.21462436,-82.87697635,61302.19354337,60682.28815058,0.080706,0.209628,-23.588337,-0.25152,-0.0133,False,-0.4341,False,-0.5318,False,-0.9634,False
2026-07-03T03:47:15.928341+00:00,BNB/USDT,SHORT,NO TRADE,0.0,62.0,16.0,17.2,1.2,Volume weak,Volume weak|RSI weak|EMA slope weak|Candle momentum weak,59.8509,1.7815576,1.98528583,-0.20372823,558.41974832,555.53832635,0.130083,0.587417,-70.012356,0.035619,0.1602,True,-0.1246,False,0.0356,True,-0.8902,False
2026-07-03T03:47:16.713805+00:00,XRP/USDT,SHORT,NO TRADE,0.0,62.0,16.0,17.2,1.2,Volume weak,Volume weak|RSI weak|EMA slope weak,60.0375,0.00677023,0.00754989,-0.00077967,1.08308322,1.07098461,0.230307,0.76788,-57.043184,-0.23766,-0.1191,False,-0.788,False,-1.0354,False,-1.7134,False
2026-07-03T03:47:21.100284+00:00,DOGE/USDT,SHORT,NO TRADE,0.0,74.0,22.0,24.2,2.2,Volume weak,Volume weak|RSI weak|EMA slope weak,62.2849,0.00038576,0.00040215,-1.639e-05,0.07405491,0.07344753,0.230478,0.938612,-69.412392,-0.066845,0.3211,True,-0.4147,False,-0.7492,False,-1.592,False
2026-07-03T03:52:24.317815+00:00,BTC/USDT,SHORT,NO TRADE,0.0,68.0,18.0,19.2,1.2,RSI weak,RSI weak|Volume weak|EMA slope weak,55.7657,305.33764801,388.21462436,-82.87697635,61302.19354337,60682.28815058,0.080706,0.209628,-23.588337,-0.25152,-0.0133,False,-0.4341,False,-0.5318,False,-0.9634,False
2026-07-03T03:52:26.996973+00:00,BNB/USDT,SHORT,NO TRADE,0.0,62.0,16.0,17.2,1.2,Volume weak,Volume weak|RSI weak|EMA slope weak|Candle momentum weak,59.8509,1.7815576,1.98528583,-0.20372823,558.41974832,555.53832635,0.130083,0.587417,-70.012356,0.035619,0.1602,True,-0.1246,False,0.0356,True,-0.8902,False
2026-07-03T03:52:27.993265+00:00,XRP/USDT,SHORT,NO TRADE,0.0,62.0,16.0,17.2,1.2,Volume weak,Volume weak|RSI weak|EMA slope weak,60.0375,0.00677023,0.00754989,-0.00077967,1.08308322,1.07098461,0.230307,0.76788,-57.043184,-0.23766,-0.1191,False,-0.788,False,-1.0354,False,-1.7134,False
2026-07-03T03:52:31.577360+00:00,DOGE/USDT,SHORT,NO TRADE,0.0,74.0,22.0,24.2,2.2,Volume weak,Volume weak|RSI weak|EMA slope weak,62.2849,0.00038576,0.00040215,-1.639e-05,0.07405491,0.07344753,0.230478,0.938612,-69.412392,-0.066845,0.3211,True,-0.4147,False,-0.7492,False,-1.592,False
2026-07-03T03:57:35.025984+00:00,BTC/USDT,SHORT,NO TRADE,0.0,68.0,18.0,19.2,1.2,RSI weak,RSI weak|Volume weak|EMA slope weak,55.7657,305.33764801,388.21462436,-82.87697635,61302.19354337,60682.28815058,0.080706,0.209628,-23.588337,-0.25152,-0.0133,False,-0.4341,False,-0.5318,False,-0.9634,False
2026-07-03T03:57:37.975614+00:00,BNB/USDT,SHORT,NO TRADE,0.0,62.0,16.0,17.2,1.2,Volume weak,Volume weak|RSI weak|EMA slope weak|Candle momentum weak,59.8509,1.7815576,1.98528583,-0.20372823,558.41974832,555.53832635,0.130083,0.587417,-70.012356,0.035619,0.1602,True,-0.1246,False,0.0356,True,-0.8902,False
2026-07-03T03:57:39.883004+00:00,XRP/USDT,SHORT,NO TRADE,0.0,62.0,16.0,17.2,1.2,Volume weak,Volume weak|RSI weak|EMA slope weak,60.0375,0.00677023,0.00754989,-0.00077967,1.08308322,1.07098461,0.230307,0.76788,-57.043184,-0.23766,-0.1191,False,-0.788,False,-1.0354,False,-1.7134,False
2026-07-03T03:57:45.273497+00:00,DOGE/USDT,SHORT,NO TRADE,0.0,74.0,22.0,24.2,2.2,Volume weak,Volume weak|RSI weak|EMA slope weak,62.2849,0.00038576,0.00040215,-1.639e-05,0.07405491,0.07344753,0.230478,0.938612,-69.412392,-0.066845,0.3211,True,-0.4147,False,-0.7492,False,-1.592,False
2026-07-03T04:02:48.629134+00:00,BTC/USDT,SHORT,NO TRADE,0.0,68.0,18.0,19.2,1.2,RSI weak,RSI weak|Volume weak|EMA slope weak|Candle momentum weak,55.7725,280.33568291,366.63883607,-86.30315316,61314.47034876,60711.65332115,0.093148,0.190216,-33.056827,0.000651,-0.4335,False,-0.4472,False,-0.252,False,-0.8987,False
2026-07-03T04:02:51.784858+00:00,BNB/USDT,SHORT,NO TRADE,0.0,62.0,16.0,17.2,1.2,Volume weak,Volume weak|RSI weak|EMA slope weak,58.4749,1.79168464,1.94656559,-0.15488095,558.6845342,555.76035277,0.174042,0.450248,-78.230866,-0.089015,-0.2138,False,-0.0713,False,-0.1604,False,-0.6593,False
2026-07-03T04:02:53.277822+00:00,XRP/USDT,SHORT,NO TRADE,0.0,62.0,16.0,17.2,1.2,Volume weak,Volume weak|RSI weak|EMA slope weak,59.2299,0.00656628,0.00735317,-0.00078689,1.0837991,1.07175384,0.262045,0.627505,-59.616512,-0.0733,-0.8619,False,-0.9536,False,-0.8894,False,-1.5679,False
2026-07-03T04:03:00.510671+00:00,DOGE/USDT,SHORT,NO TRADE,0.0,59.0,19.0,22.4,3.4,RSI weak,RSI weak|Volume weak|EMA slope weak|Candle momentum weak,63.1045,0.00040132,0.00040198,-6.6e-07,0.07412873,0.07350174,0.315468,0.946017,-8.728443,0.107023,-0.3074,False,-0.4945,False,-0.1069,False,-1.6036,False
2026-07-03T04:08:04.126058+00:00,BTC/USDT,SHORT,NO TRADE,0.0,68.0,18.0,19.2,1.2,RSI weak,RSI weak|Volume weak|EMA slope weak|Candle momentum weak,55.7725,280.33568291,366.63883607,-86.30315316,61314.47034876,60711.65332115,0.093148,0.190216,-33.056827,0.000651,-0.4335,False,-0.4472,False,-0.252,False,-0.8987,False
2026-07-03T04:08:07.710882+00:00,BNB/USDT,SHORT,NO TRADE,0.0,62.0,16.0,17.2,1.2,Volume weak,Volume weak|RSI weak|EMA slope weak,58.4749,1.79168464,1.94656559,-0.15488095,558.6845342,555.76035277,0.174042,0.450248,-78.230866,-0.089015,-0.2138,False,-0.0713,False,-0.1604,False,-0.6593,False
2026-07-03T04:08:08.779272+00:00,XRP/USDT,SHORT,NO TRADE,0.0,62.0,16.0,17.2,1.2,Volume weak,Volume weak|RSI weak|EMA slope weak,59.2299,0.00656628,0.00735317,-0.00078689,1.0837991,1.07175384,0.262045,0.627505,-59.616512,-0.0733,-0.8619,False,-0.9536,False,-0.8894,False,-1.5679,False
2026-07-03T04:08:12.400771+00:00,DOGE/USDT,SHORT,NO TRADE,0.0,74.0,22.0,24.2,2.2,RSI weak,RSI weak|Volume weak|EMA slope weak|Candle momentum weak,63.1045,0.00040132,0.00040198,-6.6e-07,0.07412873,0.07350174,0.315468,0.946017,-8.728443,0.107023,-0.3074,False,-0.4945,False,-0.1069,False,-1.6036,False
2026-07-03T04:13:15.661948+00:00,BTC/USDT,SHORT,NO TRADE,0.0,68.0,18.0,19.2,1.2,RSI weak,RSI weak|Volume weak|EMA slope weak|Candle momentum weak,55.7725,280.33568291,366.63883607,-86.30315316,61314.47034876,60711.65332115,0.093148,0.190216,-33.056827,0.000651,-0.4335,False,-0.4472,False,-0.252,False,-0.8987,False
2026-07-03T04:13:18.743588+00:00,BNB/USDT,SHORT,NO TRADE,0.0,62.0,16.0,17.2,1.2,Volume weak,Volume weak|RSI weak|EMA slope weak,58.4749,1.79168464,1.94656559,-0.15488095,558.6845342,555.76035277,0.174042,0.450248,-78.230866,-0.089015,-0.2138,False,-0.0713,False,-0.1604,False,-0.6593,False
2026-07-03T04:13:19.641694+00:00,XRP/USDT,SHORT,NO TRADE,0.0,62.0,16.0,17.2,1.2,Volume weak,Volume weak|RSI weak|EMA slope weak,59.2299,0.00656628,0.00735317,-0.00078689,1.0837991,1.07175384,0.262045,0.627505,-59.616512,-0.0733,-0.8619,False,-0.9536,False,-0.8894,False,-1.5679,False
2026-07-03T04:13:23.450052+00:00,DOGE/USDT,SHORT,NO TRADE,0.0,74.0,22.0,24.2,2.2,RSI weak,RSI weak|Volume weak|EMA slope weak|Candle momentum weak,63.1045,0.00040132,0.00040198,-6.6e-07,0.07412873,0.07350174,0.315468,0.946017,-8.728443,0.107023,-0.3074,False,-0.4945,False,-0.1069,False,-1.6036,False
2026-07-03T04:18:26.661486+00:00,BTC/USDT,SHORT,NO TRADE,0.0,68.0,18.0,19.2,1.2,RSI weak,RSI weak|Volume weak|EMA slope weak|Candle momentum weak,55.7725,280.33568291,366.63883607,-86.30315316,61314.47034876,60711.65332115,0.093148,0.190216,-33.056827,0.000651,-0.4335,False,-0.4472,False,-0.252,False,-0.8987,False
2026-07-03T04:18:29.809388+00:00,BNB/USDT,SHORT,NO TRADE,0.0,62.0,16.0,17.2,1.2,Volume weak,Volume weak|RSI weak|EMA slope weak,58.4749,1.79168464,1.94656559,-0.15488095,558.6845342,555.76035277,0.174042,0.450248,-78.230866,-0.089015,-0.2138,False,-0.0713,False,-0.1604,False,-0.6593,False
2026-07-03T04:18:30.960122+00:00,XRP/USDT,SHORT,NO TRADE,0.0,62.0,16.0,17.2,1.2,Volume weak,Volume weak|RSI weak|EMA slope weak,59.2299,0.00656628,0.00735317,-0.00078689,1.0837991,1.07175384,0.262045,0.627505,-59.616512,-0.0733,-0.8619,False,-0.9536,False,-0.8894,False,-1.5679,False
2026-07-03T04:18:35.257414+00:00,DOGE/USDT,SHORT,NO TRADE,0.0,74.0,22.0,24.2,2.2,RSI weak,RSI weak|Volume weak|EMA slope weak|Candle momentum weak,63.1045,0.00040132,0.00040198,-6.6e-07,0.07412873,0.07350174,0.315468,0.946017,-8.728443,0.107023,-0.3074,False,-0.4945,False,-0.1069,False,-1.6036,False
2026-07-03T04:23:39.059385+00:00,BTC/USDT,SHORT,NO TRADE,0.0,68.0,18.0,19.2,1.2,RSI weak,RSI weak|Volume weak|EMA slope weak|Candle momentum weak,55.7725,280.33568291,366.63883607,-86.30315316,61314.47034876,60711.65332115,0.093148,0.190216,-33.056827,0.000651,-0.4335,False,-0.4472,False,-0.252,False,-0.8987,False
2026-07-03T04:23:42.603067+00:00,BNB/USDT,SHORT,NO TRADE,0.0,62.0,16.0,17.2,1.2,Volume weak,Volume weak|RSI weak|EMA slope weak,58.4749,1.79168464,1.94656559,-0.15488095,558.6845342,555.76035277,0.174042,0.450248,-78.230866,-0.089015,-0.2138,False,-0.0713,False,-0.1604,False,-0.6593,False
2026-07-03T04:23:43.755447+00:00,XRP/USDT,SHORT,NO TRADE,0.0,62.0,16.0,17.2,1.2,Volume weak,Volume weak|RSI weak|EMA slope weak,59.2299,0.00656628,0.00735317,-0.00078689,1.0837991,1.07175384,0.262045,0.627505,-59.616512,-0.0733,-0.8619,False,-0.9536,False,-0.8894,False,-1.5679,False
2026-07-03T04:23:47.749001+00:00,DOGE/USDT,SHORT,NO TRADE,0.0,74.0,22.0,24.2,2.2,RSI weak,RSI weak|Volume weak|EMA slope weak|Candle momentum weak,63.1045,0.00040132,0.00040198,-6.6e-07,0.07412873,0.07350174,0.315468,0.946017,-8.728443,0.107023,-0.3074,False,-0.4945,False,-0.1069,False,-1.6036,False
2026-07-03T04:28:50.948862+00:00,BTC/USDT,SHORT,NO TRADE,0.0,68.0,18.0,19.2,1.2,RSI weak,RSI weak|Volume weak|EMA slope weak|Candle momentum weak,55.7725,280.33568291,366.63883607,-86.30315316,61314.47034876,60711.65332115,0.093148,0.190216,-33.056827,0.000651,-0.4335,False,-0.4472,False,-0.252,False,-0.8987,False
2026-07-03T04:28:54.023243+00:00,BNB/USDT,SHORT,NO TRADE,0.0,62.0,16.0,17.2,1.2,Volume weak,Volume weak|RSI weak|EMA slope weak,58.4749,1.79168464,1.94656559,-0.15488095,558.6845342,555.76035277,0.174042,0.450248,-78.230866,-0.089015,-0.2138,False,-0.0713,False,-0.1604,False,-0.6593,False
2026-07-03T04:28:54.926707+00:00,XRP/USDT,SHORT,NO TRADE,0.0,62.0,16.0,17.2,1.2,Volume weak,Volume weak|RSI weak|EMA slope weak,59.2299,0.00656628,0.00735317,-0.00078689,1.0837991,1.07175384,0.262045,0.627505,-59.616512,-0.0733,-0.8619,False,-0.9536,False,-0.8894,False,-1.5679,False
2026-07-03T04:28:59.141412+00:00,DOGE/USDT,SHORT,NO TRADE,0.0,65.0,18.0,20.2,2.2,RSI weak,RSI weak|Volume weak|EMA slope weak|Candle momentum weak,63.1045,0.00040132,0.00040198,-6.6e-07,0.07412873,0.07350174,0.315468,0.946017,-8.728443,0.107023,-0.3074,False,-0.4945,False,-0.1069,False,-1.6036,False
2026-07-03T04:34:02.321778+00:00,BTC/USDT,SHORT,NO TRADE,0.0,68.0,18.0,19.2,1.2,RSI weak,RSI weak|Volume weak|EMA slope weak|Candle momentum weak,55.7725,280.33568291,366.63883607,-86.30315316,61314.47034876,60711.65332115,0.093148,0.190216,-33.056827,0.000651,-0.4335,False,-0.4472,False,-0.252,False,-0.8987,False
2026-07-03T04:34:05.090344+00:00,BNB/USDT,SHORT,NO TRADE,0.0,62.0,16.0,17.2,1.2,Volume weak,Volume weak|RSI weak|EMA slope weak,58.4749,1.79168464,1.94656559,-0.15488095,558.6845342,555.76035277,0.174042,0.450248,-78.230866,-0.089015,-0.2138,False,-0.0713,False,-0.1604,False,-0.6593,False
2026-07-03T04:34:07.085146+00:00,XRP/USDT,SHORT,NO TRADE,0.0,62.0,16.0,17.2,1.2,Volume weak,Volume weak|RSI weak|EMA slope weak,59.2299,0.00656628,0.00735317,-0.00078689,1.0837991,1.07175384,0.262045,0.627505,-59.616512,-0.0733,-0.8619,False,-0.9536,False,-0.8894,False,-1.5679,False
2026-07-03T04:34:11.914321+00:00,DOGE/USDT,SHORT,NO TRADE,0.0,65.0,18.0,20.2,2.2,RSI weak,RSI weak|Volume weak|EMA slope weak|Candle momentum weak,63.1045,0.00040132,0.00040198,-6.6e-07,0.07412873,0.07350174,0.315468,0.946017,-8.728443,0.107023,-0.3074,False,-0.4945,False,-0.1069,False,-1.6036,False
2026-07-03T04:39:15.317527+00:00,BTC/USDT,SHORT,NO TRADE,0.0,68.0,18.0,19.2,1.2,RSI weak,RSI weak|Volume weak|EMA slope weak|Candle momentum weak,55.7725,280.33568291,366.63883607,-86.30315316,61314.47034876,60711.65332115,0.093148,0.190216,-33.056827,0.000651,-0.4335,False,-0.4472,False,-0.252,False,-0.8987,False
2026-07-03T04:39:17.866976+00:00,BNB/USDT,SHORT,NO TRADE,0.0,62.0,16.0,17.2,1.2,Volume weak,Volume weak|RSI weak|EMA slope weak,58.4749,1.79168464,1.94656559,-0.15488095,558.6845342,555.76035277,0.174042,0.450248,-78.230866,-0.089015,-0.2138,False,-0.0713,False,-0.1604,False,-0.6593,False
2026-07-03T04:39:18.856233+00:00,XRP/USDT,SHORT,NO TRADE,0.0,62.0,16.0,17.2,1.2,Volume weak,Volume weak|RSI weak|EMA slope weak,59.2299,0.00656628,0.00735317,-0.00078689,1.0837991,1.07175384,0.262045,0.627505,-59.616512,-0.0733,-0.8619,False,-0.9536,False,-0.8894,False,-1.5679,False
2026-07-03T04:39:22.551065+00:00,DOGE/USDT,SHORT,NO TRADE,0.0,74.0,22.0,24.2,2.2,RSI weak,RSI weak|Volume weak|EMA slope weak|Candle momentum weak,63.1045,0.00040132,0.00040198,-6.6e-07,0.07412873,0.07350174,0.315468,0.946017,-8.728443,0.107023,-0.3074,False,-0.4945,False,-0.1069,False,-1.6036,False
2026-07-03T04:44:26.001420+00:00,BTC/USDT,SHORT,NO TRADE,0.0,68.0,18.0,19.2,1.2,RSI weak,RSI weak|Volume weak|EMA slope weak|Candle momentum weak,55.7725,280.33568291,366.63883607,-86.30315316,61314.47034876,60711.65332115,0.093148,0.190216,-33.056827,0.000651,-0.4335,False,-0.4472,False,-0.252,False,-0.8987,False
2026-07-03T04:44:29.021383+00:00,BNB/USDT,SHORT,NO TRADE,0.0,62.0,16.0,17.2,1.2,Volume weak,Volume weak|RSI weak|EMA slope weak,58.4749,1.79168464,1.94656559,-0.15488095,558.6845342,555.76035277,0.174042,0.450248,-78.230866,-0.089015,-0.2138,False,-0.0713,False,-0.1604,False,-0.6593,False
2026-07-03T04:44:30.407644+00:00,XRP/USDT,SHORT,NO TRADE,0.0,62.0,16.0,17.2,1.2,Volume weak,Volume weak|RSI weak|EMA slope weak,59.2299,0.00656628,0.00735317,-0.00078689,1.0837991,1.07175384,0.262045,0.627505,-59.616512,-0.0733,-0.8619,False,-0.9536,False,-0.8894,False,-1.5679,False
2026-07-03T04:44:35.700329+00:00,DOGE/USDT,SHORT,NO TRADE,0.0,74.0,22.0,24.2,2.2,RSI weak,RSI weak|Volume weak|EMA slope weak|Candle momentum weak,63.1045,0.00040132,0.00040198,-6.6e-07,0.07412873,0.07350174,0.315468,0.946017,-8.728443,0.107023,-0.3074,False,-0.4945,False,-0.1069,False,-1.6036,False
2026-07-03T04:49:38.600643+00:00,BTC/USDT,SHORT,NO TRADE,0.0,68.0,18.0,19.2,1.2,RSI weak,RSI weak|Volume weak|EMA slope weak|Candle momentum weak,55.7725,280.33568291,366.63883607,-86.30315316,61314.47034876,60711.65332115,0.093148,0.190216,-33.056827,0.000651,-0.4335,False,-0.4472,False,-0.252,False,-0.8987,False
2026-07-03T04:49:41.276622+00:00,BNB/USDT,SHORT,NO TRADE,0.0,62.0,16.0,17.2,1.2,Volume weak,Volume weak|RSI weak|EMA slope weak,58.4749,1.79168464,1.94656559,-0.15488095,558.6845342,555.76035277,0.174042,0.450248,-78.230866,-0.089015,-0.2138,False,-0.0713,False,-0.1604,False,-0.6593,False
2026-07-03T04:49:42.429726+00:00,XRP/USDT,SHORT,NO TRADE,0.0,62.0,16.0,17.2,1.2,Volume weak,Volume weak|RSI weak|EMA slope weak,59.2299,0.00656628,0.00735317,-0.00078689,1.0837991,1.07175384,0.262045,0.627505,-59.616512,-0.0733,-0.8619,False,-0.9536,False,-0.8894,False,-1.5679,False
2026-07-03T04:49:48.296573+00:00,DOGE/USDT,SHORT,NO TRADE,0.0,65.0,18.0,20.2,2.2,RSI weak,RSI weak|Volume weak|EMA slope weak|Candle momentum weak,63.1045,0.00040132,0.00040198,-6.6e-07,0.07412873,0.07350174,0.315468,0.946017,-8.728443,0.107023,-0.3074,False,-0.4945,False,-0.1069,False,-1.6036,False
2026-07-03T04:54:52.479321+00:00,BTC/USDT,SHORT,NO TRADE,0.0,68.0,18.0,19.2,1.2,RSI weak,RSI weak|Volume weak|EMA slope weak|Candle momentum weak,55.7725,280.33568291,366.63883607,-86.30315316,61314.47034876,60711.65332115,0.093148,0.190216,-33.056827,0.000651,-0.4335,False,-0.4472,False,-0.252,False,-0.8987,False
2026-07-03T04:54:56.725261+00:00,BNB/USDT,SHORT,NO TRADE,0.0,62.0,16.0,17.2,1.2,Volume weak,Volume weak|RSI weak|EMA slope weak,58.4749,1.79168464,1.94656559,-0.15488095,558.6845342,555.76035277,0.174042,0.450248,-78.230866,-0.089015,-0.2138,False,-0.0713,False,-0.1604,False,-0.6593,False
2026-07-03T04:54:58.139589+00:00,XRP/USDT,SHORT,NO TRADE,0.0,62.0,16.0,17.2,1.2,Volume weak,Volume weak|RSI weak|EMA slope weak,59.2299,0.00656628,0.00735317,-0.00078689,1.0837991,1.07175384,0.262045,0.627505,-59.616512,-0.0733,-0.8619,False,-0.9536,False,-0.8894,False,-1.5679,False
2026-07-03T04:55:02.379150+00:00,DOGE/USDT,SHORT,NO TRADE,0.0,65.0,18.0,20.2,2.2,RSI weak,RSI weak|Volume weak|EMA slope weak|Candle momentum weak,63.1045,0.00040132,0.00040198,-6.6e-07,0.07412873,0.07350174,0.315468,0.946017,-8.728443,0.107023,-0.3074,False,-0.4945,False,-0.1069,False,-1.6036,False
2026-07-03T05:00:08.799174+00:00,BNB/USDT,SHORT,NO TRADE,0.0,62.0,16.0,17.2,1.2,RSI weak,RSI weak|Volume weak|EMA slope weak,57.3391,1.74729205,1.90671088,-0.15941884,558.88600713,555.95798599,0.145419,0.342466,-24.332134,-0.071276,-0.1427,False,-0.1248,False,-0.3923,False,-1.0877,False
2026-07-03T05:00:09.597837+00:00,XRP/USDT,SHORT,NO TRADE,0.0,62.0,16.0,17.2,1.2,Volume weak,Volume weak|RSI weak|EMA slope weak|Candle momentum weak,60.7234,0.00649919,0.00718237,-0.00068318,1.08464681,1.07257526,0.225376,0.742471,-63.575431,0.192555,-0.7596,False,-0.9152,False,-0.7687,False,-1.6931,False
2026-07-03T05:00:13.452745+00:00,DOGE/USDT,SHORT,NO TRADE,0.0,65.0,18.0,20.2,2.2,RSI weak,RSI weak|Volume weak|EMA slope weak,57.7029,0.00038342,0.00039827,-1.485e-05,0.07416504,0.07354128,0.247759,0.465123,-71.881684,-0.427636,-0.9261,False,-1.0737,False,-0.6711,False,-2.8453,False
2026-07-03T05:05:16.779205+00:00,BTC/USDT,SHORT,NO TRADE,0.0,68.0,18.0,19.2,1.2,RSI weak,RSI weak|Volume weak|EMA slope weak|Candle momentum weak,55.9152,258.17476231,344.94602132,-86.77125901,61326.32079174,60740.17279875,0.061438,0.183574,-37.497841,0.012697,-0.4344,False,-0.5184,False,-0.4505,False,-1.1021,False
2026-07-03T05:05:19.445194+00:00,BNB/USDT,SHORT,NO TRADE,0.0,62.0,16.0,17.2,1.2,RSI weak,RSI weak|Volume weak|EMA slope weak,57.3391,1.74729205,1.90671088,-0.15941884,558.88600713,555.95798599,0.145419,0.342466,-24.332134,-0.071276,-0.1427,False,-0.1248,False,-0.3923,False,-1.0877,False
2026-07-03T05:05:20.327529+00:00,XRP/USDT,SHORT,NO TRADE,0.0,62.0,16.0,17.2,1.2,Volume weak,Volume weak|RSI weak|EMA slope weak|Candle momentum weak,60.7234,0.00649919,0.00718237,-0.00068318,1.08464681,1.07257526,0.225376,0.742471,-63.575431,0.192555,-0.7596,False,-0.9152,False,-0.7687,False,-1.6931,False
2026-07-03T05:05:26.170330+00:00,DOGE/USDT,SHORT,NO TRADE,0.0,65.0,18.0,20.2,2.2,RSI weak,RSI weak|Volume weak|EMA slope weak,57.7029,0.00038342,0.00039827,-1.485e-05,0.07416504,0.07354128,0.247759,0.465123,-71.881684,-0.427636,-0.9261,False,-1.0737,False,-0.6711,False,-2.8453,False
2026-07-03T05:10:29.311359+00:00,BTC/USDT,SHORT,NO TRADE,0.0,68.0,18.0,19.2,1.2,RSI weak,RSI weak|Volume weak|EMA slope weak|Candle momentum weak,55.9152,258.17476231,344.94602132,-86.77125901,61326.32079174,60740.17279875,0.061438,0.183574,-37.497841,0.012697,-0.4344,False,-0.5184,False,-0.4505,False,-1.1021,False
2026-07-03T05:10:33.443196+00:00,BNB/USDT,SHORT,NO TRADE,0.0,62.0,16.0,17.2,1.2,RSI weak,RSI weak|Volume weak|EMA slope weak,57.3391,1.74729205,1.90671088,-0.15941884,558.88600713,555.95798599,0.145419,0.342466,-24.332134,-0.071276,-0.1427,False,-0.1248,False,-0.3923,False,-1.0877,False
2026-07-03T05:10:34.427316+00:00,XRP/USDT,SHORT,NO TRADE,0.0,68.0,18.0,19.2,1.2,Volume weak,Volume weak|RSI weak|EMA slope weak|Candle momentum weak,60.7234,0.00649919,0.00718237,-0.00068318,1.08464681,1.07257526,0.225376,0.742471,-63.575431,0.192555,-0.7596,False,-0.9152,False,-0.7687,False,-1.6931,False
2026-07-03T05:10:38.541504+00:00,DOGE/USDT,SHORT,NO TRADE,0.0,65.0,18.0,20.2,2.2,RSI weak,RSI weak|Volume weak|EMA slope weak,57.7029,0.00038342,0.00039827,-1.485e-05,0.07416504,0.07354128,0.247759,0.465123,-71.881684,-0.427636,-0.9261,False,-1.0737,False,-0.6711,False,-2.8453,False
2026-07-03T05:15:41.945916+00:00,BTC/USDT,SHORT,NO TRADE,0.0,68.0,18.0,19.2,1.2,RSI weak,RSI weak|Volume weak|EMA slope weak|Candle momentum weak,55.9152,258.17476231,344.94602132,-86.77125901,61326.32079174,60740.17279875,0.061438,0.183574,-37.497841,0.012697,-0.4344,False,-0.5184,False,-0.4505,False,-1.1021,False
2026-07-03T05:15:44.787787+00:00,BNB/USDT,SHORT,NO TRADE,0.0,62.0,16.0,17.2,1.2,RSI weak,RSI weak|Volume weak|EMA slope weak,57.3391,1.74729205,1.90671088,-0.15941884,558.88600713,555.95798599,0.145419,0.342466,-24.332134,-0.071276,-0.1427,False,-0.1248,False,-0.3923,False,-1.0877,False
2026-07-03T05:15:45.853111+00:00,XRP/USDT,SHORT,NO TRADE,0.0,68.0,18.0,19.2,1.2,Volume weak,Volume weak|RSI weak|EMA slope weak|Candle momentum weak,60.7234,0.00649919,0.00718237,-0.00068318,1.08464681,1.07257526,0.225376,0.742471,-63.575431,0.192555,-0.7596,False,-0.9152,False,-0.7687,False,-1.6931,False
2026-07-03T05:15:49.545725+00:00,DOGE/USDT,SHORT,NO TRADE,0.0,65.0,18.0,20.2,2.2,RSI weak,RSI weak|Volume weak|EMA slope weak,57.7029,0.00038342,0.00039827,-1.485e-05,0.07416504,0.07354128,0.247759,0.465123,-71.881684,-0.427636,-0.9261,False,-1.0737,False,-0.6711,False,-2.8453,False
2026-07-03T05:20:52.979654+00:00,BTC/USDT,SHORT,NO TRADE,0.0,68.0,18.0,19.2,1.2,RSI weak,RSI weak|Volume weak|EMA slope weak|Candle momentum weak,55.9152,258.17476231,344.94602132,-86.77125901,61326.32079174,60740.17279875,0.061438,0.183574,-37.497841,0.012697,-0.4344,False,-0.5184,False,-0.4505,False,-1.1021,False
2026-07-03T05:20:55.885469+00:00,BNB/USDT,SHORT,NO TRADE,0.0,68.0,18.0,19.2,1.2,RSI weak,RSI weak|Volume weak|EMA slope weak,57.3391,1.74729205,1.90671088,-0.15941884,558.88600713,555.95798599,0.145419,0.342466,-24.332134,-0.071276,-0.1427,False,-0.1248,False,-0.3923,False,-1.0877,False
2026-07-03T05:20:56.791587+00:00,XRP/USDT,SHORT,NO TRADE,0.0,68.0,18.0,19.2,1.2,Volume weak,Volume weak|RSI weak|EMA slope weak|Candle momentum weak,60.7234,0.00649919,0.00718237,-0.00068318,1.08464681,1.07257526,0.225376,0.742471,-63.575431,0.192555,-0.7596,False,-0.9152,False,-0.7687,False,-1.6931,False
2026-07-03T05:21:00.953216+00:00,DOGE/USDT,SHORT,NO TRADE,0.0,65.0,18.0,20.2,2.2,RSI weak,RSI weak|Volume weak|EMA slope weak,57.7029,0.00038342,0.00039827,-1.485e-05,0.07416504,0.07354128,0.247759,0.465123,-71.881684,-0.427636,-0.9261,False,-1.0737,False,-0.6711,False,-2.8453,False
2026-07-03T05:26:04.252573+00:00,BTC/USDT,SHORT,NO TRADE,0.0,68.0,18.0,19.2,1.2,RSI weak,RSI weak|Volume weak|EMA slope weak|Candle momentum weak,55.9152,258.17476231,344.94602132,-86.77125901,61326.32079174,60740.17279875,0.061438,0.183574,-37.497841,0.012697,-0.4344,False,-0.5184,False,-0.4505,False,-1.1021,False
2026-07-03T05:26:06.910836+00:00,BNB/USDT,SHORT,NO TRADE,0.0,62.0,16.0,17.2,1.2,RSI weak,RSI weak|Volume weak|EMA slope weak,57.3391,1.74729205,1.90671088,-0.15941884,558.88600713,555.95798599,0.145419,0.342466,-24.332134,-0.071276,-0.1427,False,-0.1248,False,-0.3923,False,-1.0877,False
2026-07-03T05:26:09.005771+00:00,XRP/USDT,SHORT,NO TRADE,0.0,68.0,18.0,19.2,1.2,Volume weak,Volume weak|RSI weak|EMA slope weak|Candle momentum weak,60.7234,0.00649919,0.00718237,-0.00068318,1.08464681,1.07257526,0.225376,0.742471,-63.575431,0.192555,-0.7596,False,-0.9152,False,-0.7687,False,-1.6931,False
2026-07-03T05:26:14.213827+00:00,DOGE/USDT,SHORT,NO TRADE,0.0,65.0,18.0,20.2,2.2,RSI weak,RSI weak|Volume weak|EMA slope weak,57.7029,0.00038342,0.00039827,-1.485e-05,0.07416504,0.07354128,0.247759,0.465123,-71.881684,-0.427636,-0.9261,False,-1.0737,False,-0.6711,False,-2.8453,False
2026-07-03T05:31:17.924925+00:00,BTC/USDT,SHORT,NO TRADE,0.0,68.0,18.0,19.2,1.2,RSI weak,RSI weak|Volume weak|EMA slope weak|Candle momentum weak,55.9152,258.17476231,344.94602132,-86.77125901,61326.32079174,60740.17279875,0.061438,0.183574,-37.497841,0.012697,-0.4344,False,-0.5184,False,-0.4505,False,-1.1021,False
2026-07-03T05:31:21.321318+00:00,BNB/USDT,SHORT,NO TRADE,0.0,68.0,18.0,19.2,1.2,RSI weak,RSI weak|Volume weak|EMA slope weak,57.3391,1.74729205,1.90671088,-0.15941884,558.88600713,555.95798599,0.145419,0.342466,-24.332134,-0.071276,-0.1427,False,-0.1248,False,-0.3923,False,-1.0877,False
2026-07-03T05:31:22.672193+00:00,XRP/USDT,SHORT,NO TRADE,0.0,68.0,18.0,19.2,1.2,Volume weak,Volume weak|RSI weak|EMA slope weak|Candle momentum weak,60.7234,0.00649919,0.00718237,-0.00068318,1.08464681,1.07257526,0.225376,0.742471,-63.575431,0.192555,-0.7596,False,-0.9152,False,-0.7687,False,-1.6931,False
2026-07-03T05:31:26.747132+00:00,DOGE/USDT,SHORT,NO TRADE,0.0,74.0,22.0,24.2,2.2,RSI weak,RSI weak|Volume weak|EMA slope weak,57.7029,0.00038342,0.00039827,-1.485e-05,0.07416504,0.07354128,0.247759,0.465123,-71.881684,-0.427636,-0.9261,False,-1.0737,False,-0.6711,False,-2.8453,False
2026-07-03T05:36:30.102569+00:00,BTC/USDT,SHORT,NO TRADE,0.0,68.0,18.0,19.2,1.2,RSI weak,RSI weak|Volume weak|EMA slope weak|Candle momentum weak,55.9152,258.17476231,344.94602132,-86.77125901,61326.32079174,60740.17279875,0.061438,0.183574,-37.497841,0.012697,-0.4344,False,-0.5184,False,-0.4505,False,-1.1021,False
2026-07-03T05:36:33.150337+00:00,BNB/USDT,SHORT,NO TRADE,0.0,68.0,18.0,19.2,1.2,RSI weak,RSI weak|Volume weak|EMA slope weak,57.3391,1.74729205,1.90671088,-0.15941884,558.88600713,555.95798599,0.145419,0.342466,-24.332134,-0.071276,-0.1427,False,-0.1248,False,-0.3923,False,-1.0877,False
2026-07-03T05:36:34.129414+00:00,XRP/USDT,SHORT,NO TRADE,0.0,77.0,22.0,22.4,0.4,Volume weak,Volume weak|RSI weak|EMA slope weak|Candle momentum weak,60.7234,0.00649919,0.00718237,-0.00068318,1.08464681,1.07257526,0.225376,0.742471,-63.575431,0.192555,-0.7596,False,-0.9152,False,-0.7687,False,-1.6931,False
2026-07-03T05:36:39.496136+00:00,DOGE/USDT,SHORT,NO TRADE,0.0,68.0,22.0,24.6,2.6,RSI weak,RSI weak|Volume weak|EMA slope weak,57.7029,0.00038342,0.00039827,-1.485e-05,0.07416504,0.07354128,0.247759,0.465123,-71.881684,-0.427636,-0.9261,False,-1.0737,False,-0.6711,False,-2.8453,False
2026-07-03T05:41:43.028283+00:00,BTC/USDT,SHORT,NO TRADE,0.0,68.0,18.0,19.2,1.2,RSI weak,RSI weak|Volume weak|EMA slope weak|Candle momentum weak,55.9152,258.17476231,344.94602132,-86.77125901,61326.32079174,60740.17279875,0.061438,0.183574,-37.497841,0.012697,-0.4344,False,-0.5184,False,-0.4505,False,-1.1021,False
2026-07-03T05:41:46.647687+00:00,BNB/USDT,SHORT,NO TRADE,0.0,68.0,18.0,19.2,1.2,RSI weak,RSI weak|Volume weak|EMA slope weak,57.3391,1.74729205,1.90671088,-0.15941884,558.88600713,555.95798599,0.145419,0.342466,-24.332134,-0.071276,-0.1427,False,-0.1248,False,-0.3923,False,-1.0877,False
2026-07-03T05:41:47.563129+00:00,XRP/USDT,SHORT,NO TRADE,0.0,77.0,22.0,23.2,1.2,Volume weak,Volume weak|RSI weak|EMA slope weak|Candle momentum weak,60.7234,0.00649919,0.00718237,-0.00068318,1.08464681,1.07257526,0.225376,0.742471,-63.575431,0.192555,-0.7596,False,-0.9152,False,-0.7687,False,-1.6931,False
2026-07-03T05:41:51.574276+00:00,DOGE/USDT,SHORT,NO TRADE,0.0,59.0,19.0,22.4,3.4,RSI weak,RSI weak|Volume weak|EMA slope weak,57.7029,0.00038342,0.00039827,-1.485e-05,0.07416504,0.07354128,0.247759,0.465123,-71.881684,-0.427636,-0.9261,False,-1.0737,False,-0.6711,False,-2.8453,False
2026-07-03T05:46:55.029416+00:00,BTC/USDT,SHORT,NO TRADE,0.0,68.0,18.0,19.2,1.2,RSI weak,RSI weak|Volume weak|EMA slope weak|Candle momentum weak,55.9152,258.17476231,344.94602132,-86.77125901,61326.32079174,60740.17279875,0.061438,0.183574,-37.497841,0.012697,-0.4344,False,-0.5184,False,-0.4505,False,-1.1021,False
2026-07-03T05:46:58.541654+00:00,BNB/USDT,SHORT,NO TRADE,0.0,68.0,18.0,19.2,1.2,RSI weak,RSI weak|Volume weak|EMA slope weak,57.3391,1.74729205,1.90671088,-0.15941884,558.88600713,555.95798599,0.145419,0.342466,-24.332134,-0.071276,-0.1427,False,-0.1248,False,-0.3923,False,-1.0877,False
2026-07-03T05:47:02.959539+00:00,XRP/USDT,SHORT,NO TRADE,0.0,77.0,22.0,23.2,1.2,Volume weak,Volume weak|RSI weak|EMA slope weak|Candle momentum weak,60.7234,0.00649919,0.00718237,-0.00068318,1.08464681,1.07257526,0.225376,0.742471,-63.575431,0.192555,-0.7596,False,-0.9152,False,-0.7687,False,-1.6931,False
2026-07-03T05:47:06.730463+00:00,DOGE/USDT,SHORT,NO TRADE,0.0,59.0,19.0,22.4,3.4,RSI weak,RSI weak|Volume weak|EMA slope weak,57.7029,0.00038342,0.00039827,-1.485e-05,0.07416504,0.07354128,0.247759,0.465123,-71.881684,-0.427636,-0.9261,False,-1.0737,False,-0.6711,False,-2.8453,False
2026-07-03T05:52:10.330214+00:00,BTC/USDT,SHORT,NO TRADE,0.0,68.0,18.0,19.2,1.2,RSI weak,RSI weak|Volume weak|EMA slope weak|Candle momentum weak,55.9152,258.17476231,344.94602132,-86.77125901,61326.32079174,60740.17279875,0.061438,0.183574,-37.497841,0.012697,-0.4344,False,-0.5184,False,-0.4505,False,-1.1021,False
2026-07-03T05:52:14.429337+00:00,BNB/USDT,SHORT,NO TRADE,0.0,68.0,18.0,19.2,1.2,RSI weak,RSI weak|Volume weak|EMA slope weak,57.3391,1.74729205,1.90671088,-0.15941884,558.88600713,555.95798599,0.145419,0.342466,-24.332134,-0.071276,-0.1427,False,-0.1248,False,-0.3923,False,-1.0877,False
2026-07-03T05:52:15.566807+00:00,XRP/USDT,SHORT,NO TRADE,0.0,77.0,22.0,22.4,0.4,Volume weak,Volume weak|RSI weak|EMA slope weak|Candle momentum weak,60.7234,0.00649919,0.00718237,-0.00068318,1.08464681,1.07257526,0.225376,0.742471,-63.575431,0.192555,-0.7596,False,-0.9152,False,-0.7687,False,-1.6931,False
2026-07-03T05:52:19.888174+00:00,DOGE/USDT,SHORT,NO TRADE,0.0,65.0,21.0,24.4,3.4,RSI weak,RSI weak|Volume weak|EMA slope weak,57.7029,0.00038342,0.00039827,-1.485e-05,0.07416504,0.07354128,0.247759,0.465123,-71.881684,-0.427636,-0.9261,False,-1.0737,False,-0.6711,False,-2.8453,False
2026-07-03T05:57:23.363779+00:00,BTC/USDT,SHORT,NO TRADE,0.0,68.0,18.0,19.2,1.2,RSI weak,RSI weak|Volume weak|EMA slope weak|Candle momentum weak,55.9152,258.17476231,344.94602132,-86.77125901,61326.32079174,60740.17279875,0.061438,0.183574,-37.497841,0.012697,-0.4344,False,-0.5184,False,-0.4505,False,-1.1021,False
2026-07-03T05:57:26.312212+00:00,BNB/USDT,SHORT,NO TRADE,0.0,68.0,18.0,19.2,1.2,RSI weak,RSI weak|Volume weak|EMA slope weak,57.3391,1.74729205,1.90671088,-0.15941884,558.88600713,555.95798599,0.145419,0.342466,-24.332134,-0.071276,-0.1427,False,-0.1248,False,-0.3923,False,-1.0877,False
2026-07-03T05:57:27.213644+00:00,XRP/USDT,SHORT,NO TRADE,0.0,77.0,22.0,22.4,0.4,Volume weak,Volume weak|RSI weak|EMA slope weak|Candle momentum weak,60.7234,0.00649919,0.00718237,-0.00068318,1.08464681,1.07257526,0.225376,0.742471,-63.575431,0.192555,-0.7596,False,-0.9152,False,-0.7687,False,-1.6931,False
2026-07-03T05:57:31.566832+00:00,DOGE/USDT,SHORT,NO TRADE,0.0,65.0,21.0,24.4,3.4,RSI weak,RSI weak|Volume weak|EMA slope weak,57.7029,0.00038342,0.00039827,-1.485e-05,0.07416504,0.07354128,0.247759,0.465123,-71.881684,-0.427636,-0.9261,False,-1.0737,False,-0.6711,False,-2.8453,False
2026-07-03T06:02:34.977114+00:00,BTC/USDT,SHORT,NO TRADE,0.0,68.0,18.0,19.2,1.2,RSI weak,RSI weak|Volume weak|Candle momentum weak|EMA slope weak,60.4652,258.49113776,327.6550446,-69.16390685,61361.66166872,60777.71112037,0.097008,0.547147,-39.260001,0.420743,-0.0972,False,0.1807,True,-0.3556,False,-0.9188,False
2026-07-03T06:02:37.661071+00:00,BNB/USDT,SHORT,NO TRADE,0.0,68.0,18.0,19.2,1.2,RSI weak,RSI weak|Candle momentum weak|EMA slope weak,60.6329,1.82023469,1.88941565,-0.06918096,559.22067312,556.21061399,0.143427,0.568528,44.712041,0.285307,0.16,True,0.0533,True,-0.6401,False,-0.6757,False
2026-07-03T06:02:38.550776+00:00,XRP/USDT,SHORT,NO TRADE,0.0,65.0,20.0,21.6,1.6,Volume weak,Volume weak|Candle momentum weak|EMA slope weak,65.4601,0.0069549,0.00713688,-0.00018198,1.08610902,1.07365074,0.279369,1.278968,-55.883718,0.66807,-0.2455,False,-0.0273,False,-0.8273,False,-1.2455,False
2026-07-03T06:02:43.105825+00:00,DOGE/USDT,SHORT,NO TRADE,0.0,59.0,19.0,22.4,3.4,Volume weak,Volume weak|RSI weak|Candle momentum weak|EMA slope weak|MACD weak,63.4878,0.0004089,0.0004004,8.5e-06,0.07425028,0.07360084,0.263809,1.090534,-26.498158,0.738156,-0.3331,False,0.1998,True,-0.453,False,-2.0917,False
2026-07-03T06:07:47.017290+00:00,BTC/USDT,SHORT,NO TRADE,0.0,68.0,18.0,19.2,1.2,RSI weak,RSI weak|Volume weak|Candle momentum weak|EMA slope weak,60.4652,258.49113776,327.6550446,-69.16390685,61361.66166872,60777.71112037,0.097008,0.547147,-39.260001,0.420743,-0.0972,False,0.1807,True,-0.3556,False,-0.9188,False
2026-07-03T06:07:50.260445+00:00,BNB/USDT,SHORT,NO TRADE,0.0,62.0,19.0,21.4,2.4,RSI weak,RSI weak|Candle momentum weak|EMA slope weak,60.6329,1.82023469,1.88941565,-0.06918096,559.22067312,556.21061399,0.143427,0.568528,44.712041,0.285307,0.16,True,0.0533,True,-0.6401,False,-0.6757,False
2026-07-03T06:07:51.079585+00:00,XRP/USDT,SHORT,NO TRADE,0.0,65.0,20.0,21.6,1.6,Volume weak,Volume weak|Candle momentum weak|EMA slope weak,65.4601,0.0069549,0.00713688,-0.00018198,1.08610902,1.07365074,0.279369,1.278968,-55.883718,0.66807,-0.2455,False,-0.0273,False,-0.8273,False,-1.2455,False
2026-07-03T06:07:55.024411+00:00,DOGE/USDT,SHORT,NO TRADE,0.0,68.0,22.0,24.6,2.6,Volume weak,Volume weak|RSI weak|Candle momentum weak|EMA slope weak|MACD weak,63.4878,0.0004089,0.0004004,8.5e-06,0.07425028,0.07360084,0.263809,1.090534,-26.498158,0.738156,-0.3331,False,0.1998,True,-0.453,False,-2.0917,False
2026-07-03T06:12:58.258875+00:00,BTC/USDT,SHORT,NO TRADE,0.0,68.0,18.0,19.2,1.2,RSI weak,RSI weak|Volume weak|Candle momentum weak|EMA slope weak,60.4652,258.49113776,327.6550446,-69.16390685,61361.66166872,60777.71112037,0.097008,0.547147,-39.260001,0.420743,-0.0972,False,0.1807,True,-0.3556,False,-0.9188,False
2026-07-03T06:13:00.949654+00:00,BNB/USDT,SHORT,NO TRADE,0.0,56.0,16.0,18.4,2.4,RSI weak,RSI weak|Candle momentum weak|EMA slope weak,60.6329,1.82023469,1.88941565,-0.06918096,559.22067312,556.21061399,0.143427,0.568528,44.712041,0.285307,0.16,True,0.0533,True,-0.6401,False,-0.6757,False
2026-07-03T06:13:01.838867+00:00,XRP/USDT,SHORT,NO TRADE,0.0,65.0,20.0,21.6,1.6,Volume weak,Volume weak|Candle momentum weak|EMA slope weak,65.4601,0.0069549,0.00713688,-0.00018198,1.08610902,1.07365074,0.279369,1.278968,-55.883718,0.66807,-0.2455,False,-0.0273,False,-0.8273,False,-1.2455,False
2026-07-03T06:13:07.642578+00:00,DOGE/USDT,SHORT,NO TRADE,0.0,68.0,22.0,24.6,2.6,Volume weak,Volume weak|RSI weak|Candle momentum weak|EMA slope weak|MACD weak,63.4878,0.0004089,0.0004004,8.5e-06,0.07425028,0.07360084,0.263809,1.090534,-26.498158,0.738156,-0.3331,False,0.1998,True,-0.453,False,-2.0917,False
2026-07-03T06:18:10.883793+00:00,BTC/USDT,SHORT,NO TRADE,0.0,68.0,18.0,19.2,1.2,RSI weak,RSI weak|Volume weak|Candle momentum weak|EMA slope weak,60.4652,258.49113776,327.6550446,-69.16390685,61361.66166872,60777.71112037,0.097008,0.547147,-39.260001,0.420743,-0.0972,False,0.1807,True,-0.3556,False,-0.9188,False
2026-07-03T06:18:13.774250+00:00,BNB/USDT,SHORT,NO TRADE,0.0,56.0,16.0,18.4,2.4,RSI weak,RSI weak|Candle momentum weak|EMA slope weak,60.6329,1.82023469,1.88941565,-0.06918096,559.22067312,556.21061399,0.143427,0.568528,44.712041,0.285307,0.16,True,0.0533,True,-0.6401,False,-0.6757,False
2026-07-03T06:18:14.722551+00:00,XRP/USDT,SHORT,NO TRADE,0.0,71.0,22.0,22.8,0.8,Volume weak,Volume weak|Candle momentum weak|EMA slope weak,65.4601,0.0069549,0.00713688,-0.00018198,1.08610902,1.07365074,0.279369,1.278968,-55.883718,0.66807,-0.2455,False,-0.0273,False,-0.8273,False,-1.2455,False
2026-07-03T06:18:21.071922+00:00,DOGE/USDT,SHORT,NO TRADE,0.0,68.0,22.0,24.6,2.6,Volume weak,Volume weak|RSI weak|Candle momentum weak|EMA slope weak|MACD weak,63.4878,0.0004089,0.0004004,8.5e-06,0.07425028,0.07360084,0.263809,1.090534,-26.498158,0.738156,-0.3331,False,0.1998,True,-0.453,False,-2.0917,False
2026-07-03T06:23:23.885221+00:00,BTC/USDT,SHORT,NO TRADE,0.0,68.0,18.0,19.2,1.2,RSI weak,RSI weak|Volume weak|Candle momentum weak|EMA slope weak,60.4652,258.49113776,327.6550446,-69.16390685,61361.66166872,60777.71112037,0.097008,0.547147,-39.260001,0.420743,-0.0972,False,0.1807,True,-0.3556,False,-0.9188,False
2026-07-03T06:23:26.688044+00:00,BNB/USDT,SHORT,NO TRADE,0.0,68.0,18.0,19.2,1.2,RSI weak,RSI weak|Candle momentum weak|EMA slope weak,60.6329,1.82023469,1.88941565,-0.06918096,559.22067312,556.21061399,0.143427,0.568528,44.712041,0.285307,0.16,True,0.0533,True,-0.6401,False,-0.6757,False
2026-07-03T06:23:27.908426+00:00,XRP/USDT,SHORT,NO TRADE,0.0,68.0,21.0,21.8,0.8,Volume weak,Volume weak|Candle momentum weak|EMA slope weak,65.4601,0.0069549,0.00713688,-0.00018198,1.08610902,1.07365074,0.279369,1.278968,-55.883718,0.66807,-0.2455,False,-0.0273,False,-0.8273,False,-1.2455,False
2026-07-03T06:23:31.462880+00:00,DOGE/USDT,SHORT,NO TRADE,0.0,59.0,19.0,22.4,3.4,Volume weak,Volume weak|RSI weak|Candle momentum weak|EMA slope weak|MACD weak,63.4878,0.0004089,0.0004004,8.5e-06,0.07425028,0.07360084,0.263809,1.090534,-26.498158,0.738156,-0.3331,False,0.1998,True,-0.453,False,-2.0917,False
2026-07-03T06:28:34.563225+00:00,BTC/USDT,SHORT,NO TRADE,0.0,68.0,18.0,19.2,1.2,RSI weak,RSI weak|Volume weak|Candle momentum weak|EMA slope weak,60.4652,258.49113776,327.6550446,-69.16390685,61361.66166872,60777.71112037,0.097008,0.547147,-39.260001,0.420743,-0.0972,False,0.1807,True,-0.3556,False,-0.9188,False
2026-07-03T06:28:37.892841+00:00,BNB/USDT,SHORT,NO TRADE,0.0,68.0,18.0,19.2,1.2,RSI weak,RSI weak|Candle momentum weak|EMA slope weak,60.6329,1.82023469,1.88941565,-0.06918096,559.22067312,556.21061399,0.143427,0.568528,44.712041,0.285307,0.16,True,0.0533,True,-0.6401,False,-0.6757,False
2026-07-03T06:28:38.841875+00:00,XRP/USDT,SHORT,NO TRADE,0.0,68.0,21.0,21.8,0.8,Volume weak,Volume weak|Candle momentum weak|EMA slope weak,65.4601,0.0069549,0.00713688,-0.00018198,1.08610902,1.07365074,0.279369,1.278968,-55.883718,0.66807,-0.2455,False,-0.0273,False,-0.8273,False,-1.2455,False
2026-07-03T06:28:44.807429+00:00,DOGE/USDT,SHORT,NO TRADE,0.0,59.0,19.0,22.4,3.4,Volume weak,Volume weak|RSI weak|Candle momentum weak|EMA slope weak|MACD weak,63.4878,0.0004089,0.0004004,8.5e-06,0.07425028,0.07360084,0.263809,1.090534,-26.498158,0.738156,-0.3331,False,0.1998,True,-0.453,False,-2.0917,False
2026-07-03T06:33:48.683485+00:00,BTC/USDT,SHORT,NO TRADE,0.0,68.0,18.0,19.2,1.2,RSI weak,RSI weak|Volume weak|Candle momentum weak|EMA slope weak,60.4652,258.49113776,327.6550446,-69.16390685,61361.66166872,60777.71112037,0.097008,0.547147,-39.260001,0.420743,-0.0972,False,0.1807,True,-0.3556,False,-0.9188,False
2026-07-03T06:33:53.774558+00:00,BNB/USDT,SHORT,NO TRADE,0.0,56.0,16.0,18.4,2.4,RSI weak,RSI weak|Candle momentum weak|EMA slope weak,60.6329,1.82023469,1.88941565,-0.06918096,559.22067312,556.21061399,0.143427,0.568528,44.712041,0.285307,0.16,True,0.0533,True,-0.6401,False,-0.6757,False
2026-07-03T06:33:55.350734+00:00,XRP/USDT,SHORT,NO TRADE,0.0,68.0,21.0,21.8,0.8,Volume weak,Volume weak|Candle momentum weak|EMA slope weak,65.4601,0.0069549,0.00713688,-0.00018198,1.08610902,1.07365074,0.279369,1.278968,-55.883718,0.66807,-0.2455,False,-0.0273,False,-0.8273,False,-1.2455,False
2026-07-03T06:34:00.559985+00:00,DOGE/USDT,SHORT,NO TRADE,0.0,68.0,22.0,24.6,2.6,Volume weak,Volume weak|RSI weak|Candle momentum weak|EMA slope weak|MACD weak,63.4878,0.0004089,0.0004004,8.5e-06,0.07425028,0.07360084,0.263809,1.090534,-26.498158,0.738156,-0.3331,False,0.1998,True,-0.453,False,-2.0917,False
2026-07-03T06:39:03.966624+00:00,BTC/USDT,SHORT,NO TRADE,0.0,68.0,18.0,19.2,1.2,RSI weak,RSI weak|Volume weak|Candle momentum weak|EMA slope weak,60.4652,258.49113776,327.6550446,-69.16390685,61361.66166872,60777.71112037,0.097008,0.547147,-39.260001,0.420743,-0.0972,False,0.1807,True,-0.3556,False,-0.9188,False
2026-07-03T06:39:07.719468+00:00,BNB/USDT,SHORT,NO TRADE,0.0,68.0,18.0,19.2,1.2,RSI weak,RSI weak|Candle momentum weak|EMA slope weak,60.6329,1.82023469,1.88941565,-0.06918096,559.22067312,556.21061399,0.143427,0.568528,44.712041,0.285307,0.16,True,0.0533,True,-0.6401,False,-0.6757,False
2026-07-03T06:39:08.720605+00:00,XRP/USDT,SHORT,NO TRADE,0.0,65.0,20.0,21.6,1.6,Volume weak,Volume weak|Candle momentum weak|EMA slope weak,65.4601,0.0069549,0.00713688,-0.00018198,1.08610902,1.07365074,0.279369,1.278968,-55.883718,0.66807,-0.2455,False,-0.0273,False,-0.8273,False,-1.2455,False
2026-07-03T06:39:13.836388+00:00,DOGE/USDT,SHORT,NO TRADE,0.0,59.0,19.0,22.4,3.4,Volume weak,Volume weak|RSI weak|Candle momentum weak|EMA slope weak|MACD weak,63.4878,0.0004089,0.0004004,8.5e-06,0.07425028,0.07360084,0.263809,1.090534,-26.498158,0.738156,-0.3331,False,0.1998,True,-0.453,False,-2.0917,False
2026-07-03T06:44:17.385616+00:00,BTC/USDT,SHORT,NO TRADE,0.0,68.0,18.0,19.2,1.2,RSI weak,RSI weak|Volume weak|Candle momentum weak|EMA slope weak,60.4652,258.49113776,327.6550446,-69.16390685,61361.66166872,60777.71112037,0.097008,0.547147,-39.260001,0.420743,-0.0972,False,0.1807,True,-0.3556,False,-0.9188,False
2026-07-03T06:44:20.953195+00:00,BNB/USDT,SHORT,NO TRADE,0.0,62.0,16.0,17.2,1.2,RSI weak,RSI weak|Candle momentum weak|EMA slope weak,60.6329,1.82023469,1.88941565,-0.06918096,559.22067312,556.21061399,0.143427,0.568528,44.712041,0.285307,0.16,True,0.0533,True,-0.6401,False,-0.6757,False
2026-07-03T06:44:21.874949+00:00,XRP/USDT,SHORT,NO TRADE,0.0,65.0,20.0,21.6,1.6,Volume weak,Volume weak|Candle momentum weak|EMA slope weak,65.4601,0.0069549,0.00713688,-0.00018198,1.08610902,1.07365074,0.279369,1.278968,-55.883718,0.66807,-0.2455,False,-0.0273,False,-0.8273,False,-1.2455,False
2026-07-03T06:44:26.035161+00:00,DOGE/USDT,SHORT,NO TRADE,0.0,59.0,19.0,22.4,3.4,Volume weak,Volume weak|RSI weak|Candle momentum weak|EMA slope weak|MACD weak,63.4878,0.0004089,0.0004004,8.5e-06,0.07425028,0.07360084,0.263809,1.090534,-26.498158,0.738156,-0.3331,False,0.1998,True,-0.453,False,-2.0917,False
2026-07-03T06:49:29.254788+00:00,BTC/USDT,SHORT,NO TRADE,0.0,68.0,18.0,19.2,1.2,RSI weak,RSI weak|Volume weak|Candle momentum weak|EMA slope weak,60.4652,258.49113776,327.6550446,-69.16390685,61361.66166872,60777.71112037,0.097008,0.547147,-39.260001,0.420743,-0.0972,False,0.1807,True,-0.3556,False,-0.9188,False
2026-07-03T06:49:31.979068+00:00,BNB/USDT,SHORT,NO TRADE,0.0,68.0,18.0,19.2,1.2,RSI weak,RSI weak|Candle momentum weak|EMA slope weak,60.6329,1.82023469,1.88941565,-0.06918096,559.22067312,556.21061399,0.143427,0.568528,44.712041,0.285307,0.16,True,0.0533,True,-0.6401,False,-0.6757,False
2026-07-03T06:49:32.877759+00:00,XRP/USDT,SHORT,NO TRADE,0.0,65.0,20.0,21.6,1.6,Volume weak,Volume weak|Candle momentum weak|EMA slope weak,65.4601,0.0069549,0.00713688,-0.00018198,1.08610902,1.07365074,0.279369,1.278968,-55.883718,0.66807,-0.2455,False,-0.0273,False,-0.8273,False,-1.2455,False
2026-07-03T06:49:37.588727+00:00,DOGE/USDT,SHORT,NO TRADE,0.0,65.0,21.0,24.4,3.4,Volume weak,Volume weak|RSI weak|Candle momentum weak|EMA slope weak|MACD weak,63.4878,0.0004089,0.0004004,8.5e-06,0.07425028,0.07360084,0.263809,1.090534,-26.498158,0.738156,-0.3331,False,0.1998,True,-0.453,False,-2.0917,False
2026-07-03T06:54:40.930997+00:00,BTC/USDT,SHORT,NO TRADE,0.0,68.0,18.0,19.2,1.2,RSI weak,RSI weak|Volume weak|Candle momentum weak|EMA slope weak,60.4652,258.49113776,327.6550446,-69.16390685,61361.66166872,60777.71112037,0.097008,0.547147,-39.260001,0.420743,-0.0972,False,0.1807,True,-0.3556,False,-0.9188,False
2026-07-03T06:54:44.092374+00:00,BNB/USDT,SHORT,NO TRADE,0.0,68.0,18.0,19.2,1.2,RSI weak,RSI weak|Candle momentum weak|EMA slope weak,60.6329,1.82023469,1.88941565,-0.06918096,559.22067312,556.21061399,0.143427,0.568528,44.712041,0.285307,0.16,True,0.0533,True,-0.6401,False,-0.6757,False
2026-07-03T06:54:45.012505+00:00,XRP/USDT,SHORT,NO TRADE,0.0,65.0,20.0,21.6,1.6,Volume weak,Volume weak|Candle momentum weak|EMA slope weak,65.4601,0.0069549,0.00713688,-0.00018198,1.08610902,1.07365074,0.279369,1.278968,-55.883718,0.66807,-0.2455,False,-0.0273,False,-0.8273,False,-1.2455,False
2026-07-03T06:54:48.829422+00:00,DOGE/USDT,SHORT,NO TRADE,0.0,68.0,22.0,24.6,2.6,Volume weak,Volume weak|RSI weak|Candle momentum weak|EMA slope weak|MACD weak,63.4878,0.0004089,0.0004004,8.5e-06,0.07425028,0.07360084,0.263809,1.090534,-26.498158,0.738156,-0.3331,False,0.1998,True,-0.453,False,-2.0917,False
2026-07-03T06:59:52.526021+00:00,BTC/USDT,SHORT,NO TRADE,0.0,68.0,18.0,19.2,1.2,RSI weak,RSI weak|Volume weak|Candle momentum weak|EMA slope weak,60.4652,258.49113776,327.6550446,-69.16390685,61361.66166872,60777.71112037,0.097008,0.547147,-39.260001,0.420743,-0.0972,False,0.1807,True,-0.3556,False,-0.9188,False
2026-07-03T06:59:56.149642+00:00,BNB/USDT,SHORT,NO TRADE,0.0,68.0,18.0,19.2,1.2,RSI weak,RSI weak|Candle momentum weak|EMA slope weak,60.6329,1.82023469,1.88941565,-0.06918096,559.22067312,556.21061399,0.143427,0.568528,44.712041,0.285307,0.16,True,0.0533,True,-0.6401,False,-0.6757,False
2026-07-03T06:59:57.101338+00:00,XRP/USDT,SHORT,NO TRADE,0.0,65.0,20.0,21.6,1.6,Volume weak,Volume weak|Candle momentum weak|EMA slope weak,65.4601,0.0069549,0.00713688,-0.00018198,1.08610902,1.07365074,0.279369,1.278968,-55.883718,0.66807,-0.2455,False,-0.0273,False,-0.8273,False,-1.2455,False
2026-07-03T07:00:01.123789+00:00,DOGE/USDT,SHORT,NO TRADE,0.0,65.0,21.0,24.4,3.4,RSI weak,RSI weak|EMA slope weak|Candle momentum weak|MACD weak,64.8072,0.00043536,0.00040739,2.797e-05,0.07434073,0.07366355,0.285983,1.15586,75.753535,0.186517,0.3856,True,0.2527,True,-0.984,False,0.0,False
2026-07-03T07:05:04.581004+00:00,BTC/USDT,SHORT,NO TRADE,0.0,68.0,18.0,19.2,1.2,RSI weak,RSI weak|Volume weak|EMA slope weak|Candle momentum weak,60.6075,256.46332778,313.41670124,-56.95337346,61394.43674789,60814.1067627,0.13042,0.507152,-39.497054,0.013615,0.1943,True,-0.016,False,-0.5132,False,0.0,False
2026-07-03T07:05:07.563194+00:00,BNB/USDT,SHORT,NO TRADE,0.0,62.0,16.0,17.2,1.2,RSI weak,RSI weak|Volume weak|EMA slope weak,58.2128,1.7928224,1.870097,-0.07727459,559.44727568,556.42196246,0.136525,0.384795,-31.680459,-0.142248,-0.089,False,-0.2493,False,-0.9081,False,0.0,False
2026-07-03T07:05:08.386847+00:00,XRP/USDT,SHORT,NO TRADE,0.0,56.0,16.0,18.4,2.4,Volume weak,Volume weak|EMA slope weak|Candle momentum weak|MACD weak,66.0639,0.00731245,0.00717199,0.00014046,1.08752721,1.07472326,0.343985,1.238847,-49.108626,0.090909,0.0636,True,-0.0091,False,-0.8265,False,0.0,False
2026-07-03T07:05:12.790144+00:00,DOGE/USDT,SHORT,NO TRADE,0.0,59.0,19.0,22.4,3.4,RSI weak,RSI weak|EMA slope weak|Candle momentum weak|MACD weak,64.8072,0.00043536,0.00040739,2.797e-05,0.07434073,0.07366355,0.285983,1.15586,75.753535,0.186517,0.3856,True,0.2527,True,-0.984,False,0.0,False
2026-07-03T07:10:16.050430+00:00,BTC/USDT,SHORT,NO TRADE,0.0,68.0,18.0,19.2,1.2,RSI weak,RSI weak|Volume weak|EMA slope weak|Candle momentum weak,60.6075,256.46332778,313.41670124,-56.95337346,61394.43674789,60814.1067627,0.13042,0.507152,-39.497054,0.013615,0.1943,True,-0.016,False,-0.5132,False,0.0,False
2026-07-03T07:10:20.616181+00:00,BNB/USDT,SHORT,NO TRADE,0.0,62.0,16.0,17.2,1.2,RSI weak,RSI weak|Volume weak|EMA slope weak,58.2128,1.7928224,1.870097,-0.07727459,559.44727568,556.42196246,0.136525,0.384795,-31.680459,-0.142248,-0.089,False,-0.2493,False,-0.9081,False,0.0,False
2026-07-03T07:10:21.736657+00:00,XRP/USDT,SHORT,NO TRADE,0.0,56.0,16.0,18.4,2.4,Volume weak,Volume weak|EMA slope weak|Candle momentum weak|MACD weak,66.0639,0.00731245,0.00717199,0.00014046,1.08752721,1.07472326,0.343985,1.238847,-49.108626,0.090909,0.0636,True,-0.0091,False,-0.8265,False,0.0,False
2026-07-03T07:10:26.446126+00:00,DOGE/USDT,SHORT,NO TRADE,0.0,59.0,19.0,22.4,3.4,RSI weak,RSI weak|EMA slope weak|Candle momentum weak|MACD weak,64.8072,0.00043536,0.00040739,2.797e-05,0.07434073,0.07366355,0.285983,1.15586,75.753535,0.186517,0.3856,True,0.2527,True,-0.984,False,0.0,False
2026-07-03T07:15:29.608208+00:00,BTC/USDT,SHORT,NO TRADE,0.0,68.0,18.0,19.2,1.2,RSI weak,RSI weak|Volume weak|EMA slope weak|Candle momentum weak,60.6075,256.46332778,313.41670124,-56.95337346,61394.43674789,60814.1067627,0.13042,0.507152,-39.497054,0.013615,0.1943,True,-0.016,False,-0.5132,False,0.0,False
2026-07-03T07:15:33.715265+00:00,BNB/USDT,SHORT,NO TRADE,0.0,68.0,18.0,19.2,1.2,RSI weak,RSI weak|Volume weak|EMA slope weak,58.2128,1.7928224,1.870097,-0.07727459,559.44727568,556.42196246,0.136525,0.384795,-31.680459,-0.142248,-0.089,False,-0.2493,False,-0.9081,False,0.0,False
2026-07-03T07:15:34.738514+00:00,XRP/USDT,SHORT,NO TRADE,0.0,56.0,16.0,18.4,2.4,Volume weak,Volume weak|EMA slope weak|Candle momentum weak|MACD weak,66.0639,0.00731245,0.00717199,0.00014046,1.08752721,1.07472326,0.343985,1.238847,-49.108626,0.090909,0.0636,True,-0.0091,False,-0.8265,False,0.0,False
2026-07-03T07:15:38.487538+00:00,DOGE/USDT,SHORT,NO TRADE,0.0,59.0,19.0,22.4,3.4,RSI weak,RSI weak|EMA slope weak|Candle momentum weak|MACD weak,64.8072,0.00043536,0.00040739,2.797e-05,0.07434073,0.07366355,0.285983,1.15586,75.753535,0.186517,0.3856,True,0.2527,True,-0.984,False,0.0,False
2026-07-03T07:20:43.097134+00:00,BTC/USDT,SHORT,NO TRADE,0.0,68.0,18.0,19.2,1.2,RSI weak,RSI weak|Volume weak|EMA slope weak|Candle momentum weak,60.6075,256.46332778,313.41670124,-56.95337346,61394.43674789,60814.1067627,0.13042,0.507152,-39.497054,0.013615,0.1943,True,-0.016,False,-0.5132,False,0.0,False
2026-07-03T07:20:46.129532+00:00,BNB/USDT,SHORT,NO TRADE,0.0,68.0,18.0,19.2,1.2,RSI weak,RSI weak|Volume weak|EMA slope weak,58.2128,1.7928224,1.870097,-0.07727459,559.44727568,556.42196246,0.136525,0.384795,-31.680459,-0.142248,-0.089,False,-0.2493,False,-0.9081,False,0.0,False
2026-07-03T07:20:47.222104+00:00,XRP/USDT,SHORT,NO TRADE,0.0,56.0,16.0,18.4,2.4,Volume weak,Volume weak|EMA slope weak|Candle momentum weak|MACD weak,66.0639,0.00731245,0.00717199,0.00014046,1.08752721,1.07472326,0.343985,1.238847,-49.108626,0.090909,0.0636,True,-0.0091,False,-0.8265,False,0.0,False
2026-07-03T07:20:51.369944+00:00,DOGE/USDT,SHORT,NO TRADE,0.0,68.0,22.0,24.6,2.6,RSI weak,RSI weak|EMA slope weak|Candle momentum weak|MACD weak,64.8072,0.00043536,0.00040739,2.797e-05,0.07434073,0.07366355,0.285983,1.15586,75.753535,0.186517,0.3856,True,0.2527,True,-0.984,False,0.0,False
2026-07-03T07:25:54.562416+00:00,BTC/USDT,SHORT,NO TRADE,0.0,68.0,18.0,19.2,1.2,RSI weak,RSI weak|Volume weak|EMA slope weak|Candle momentum weak,60.6075,256.46332778,313.41670124,-56.95337346,61394.43674789,60814.1067627,0.13042,0.507152,-39.497054,0.013615,0.1943,True,-0.016,False,-0.5132,False,0.0,False
2026-07-03T07:25:57.887506+00:00,BNB/USDT,SHORT,NO TRADE,0.0,68.0,18.0,19.2,1.2,RSI weak,RSI weak|Volume weak|EMA slope weak,58.2128,1.7928224,1.870097,-0.07727459,559.44727568,556.42196246,0.136525,0.384795,-31.680459,-0.142248,-0.089,False,-0.2493,False,-0.9081,False,0.0,False
2026-07-03T07:25:59.216567+00:00,XRP/USDT,SHORT,NO TRADE,0.0,56.0,16.0,17.6,1.6,Volume weak,Volume weak|EMA slope weak|Candle momentum weak|MACD weak,66.0639,0.00731245,0.00717199,0.00014046,1.08752721,1.07472326,0.343985,1.238847,-49.108626,0.090909,0.0636,True,-0.0091,False,-0.8265,False,0.0,False
2026-07-03T07:26:04.192698+00:00,DOGE/USDT,SHORT,NO TRADE,0.0,68.0,22.0,24.6,2.6,RSI weak,RSI weak|EMA slope weak|Candle momentum weak|MACD weak,64.8072,0.00043536,0.00040739,2.797e-05,0.07434073,0.07366355,0.285983,1.15586,75.753535,0.186517,0.3856,True,0.2527,True,-0.984,False,0.0,False
2026-07-03T07:31:07.518095+00:00,BTC/USDT,SHORT,NO TRADE,0.0,68.0,18.0,19.2,1.2,RSI weak,RSI weak|Volume weak|EMA slope weak|Candle momentum weak,60.6075,256.46332778,313.41670124,-56.95337346,61394.43674789,60814.1067627,0.13042,0.507152,-39.497054,0.013615,0.1943,True,-0.016,False,-0.5132,False,0.0,False
2026-07-03T07:31:10.903245+00:00,BNB/USDT,SHORT,NO TRADE,0.0,68.0,18.0,19.2,1.2,RSI weak,RSI weak|Volume weak|EMA slope weak,58.2128,1.7928224,1.870097,-0.07727459,559.44727568,556.42196246,0.136525,0.384795,-31.680459,-0.142248,-0.089,False,-0.2493,False,-0.9081,False,0.0,False
2026-07-03T07:31:12.769545+00:00,XRP/USDT,SHORT,NO TRADE,0.0,65.0,20.0,21.6,1.6,Volume weak,Volume weak|EMA slope weak|Candle momentum weak|MACD weak,66.0639,0.00731245,0.00717199,0.00014046,1.08752721,1.07472326,0.343985,1.238847,-49.108626,0.090909,0.0636,True,-0.0091,False,-0.8265,False,0.0,False
2026-07-03T07:31:18.002494+00:00,DOGE/USDT,SHORT,NO TRADE,0.0,68.0,22.0,24.6,2.6,RSI weak,RSI weak|EMA slope weak|Candle momentum weak|MACD weak,64.8072,0.00043536,0.00040739,2.797e-05,0.07434073,0.07366355,0.285983,1.15586,75.753535,0.186517,0.3856,True,0.2527,True,-0.984,False,0.0,False
2026-07-03T07:36:21.653093+00:00,BTC/USDT,SHORT,NO TRADE,0.0,68.0,18.0,19.2,1.2,RSI weak,RSI weak|Volume weak|EMA slope weak|Candle momentum weak,60.6075,256.46332778,313.41670124,-56.95337346,61394.43674789,60814.1067627,0.13042,0.507152,-39.497054,0.013615,0.1943,True,-0.016,False,-0.5132,False,0.0,False
2026-07-03T07:36:26.158682+00:00,BNB/USDT,SHORT,NO TRADE,0.0,68.0,18.0,19.2,1.2,RSI weak,RSI weak|Volume weak|EMA slope weak,58.2128,1.7928224,1.870097,-0.07727459,559.44727568,556.42196246,0.136525,0.384795,-31.680459,-0.142248,-0.089,False,-0.2493,False,-0.9081,False,0.0,False
2026-07-03T07:36:27.453714+00:00,XRP/USDT,SHORT,NO TRADE,0.0,65.0,20.0,21.6,1.6,Volume weak,Volume weak|EMA slope weak|Candle momentum weak|MACD weak,66.0639,0.00731245,0.00717199,0.00014046,1.08752721,1.07472326,0.343985,1.238847,-49.108626,0.090909,0.0636,True,-0.0091,False,-0.8265,False,0.0,False
2026-07-03T07:36:31.921055+00:00,DOGE/USDT,SHORT,NO TRADE,0.0,68.0,22.0,24.6,2.6,RSI weak,RSI weak|EMA slope weak|Candle momentum weak|MACD weak,64.8072,0.00043536,0.00040739,2.797e-05,0.07434073,0.07366355,0.285983,1.15586,75.753535,0.186517,0.3856,True,0.2527,True,-0.984,False,0.0,False
2026-07-03T07:41:34.243492+00:00,BTC/USDT,SHORT,NO TRADE,0.0,68.0,18.0,19.2,1.2,RSI weak,RSI weak|Volume weak|EMA slope weak|Candle momentum weak,60.6075,256.46332778,313.41670124,-56.95337346,61394.43674789,60814.1067627,0.13042,0.507152,-39.497054,0.013615,0.1943,True,-0.016,False,-0.5132,False,0.0,False
2026-07-03T07:41:38.243290+00:00,BNB/USDT,SHORT,NO TRADE,0.0,68.0,18.0,19.2,1.2,RSI weak,RSI weak|Volume weak|EMA slope weak,58.2128,1.7928224,1.870097,-0.07727459,559.44727568,556.42196246,0.136525,0.384795,-31.680459,-0.142248,-0.089,False,-0.2493,False,-0.9081,False,0.0,False
2026-07-03T07:41:39.161448+00:00,XRP/USDT,SHORT,NO TRADE,0.0,65.0,20.0,21.6,1.6,Volume weak,Volume weak|EMA slope weak|Candle momentum weak|MACD weak,66.0639,0.00731245,0.00717199,0.00014046,1.08752721,1.07472326,0.343985,1.238847,-49.108626,0.090909,0.0636,True,-0.0091,False,-0.8265,False,0.0,False
2026-07-03T07:41:44.382682+00:00,DOGE/USDT,SHORT,NO TRADE,0.0,68.0,22.0,24.6,2.6,RSI weak,RSI weak|EMA slope weak|Candle momentum weak|MACD weak,64.8072,0.00043536,0.00040739,2.797e-05,0.07434073,0.07366355,0.285983,1.15586,75.753535,0.186517,0.3856,True,0.2527,True,-0.984,False,0.0,False
2026-07-03T07:46:48.388379+00:00,BTC/USDT,SHORT,NO TRADE,0.0,77.0,22.0,23.2,1.2,RSI weak,RSI weak|Volume weak|EMA slope weak|Candle momentum weak,60.6075,256.46332778,313.41670124,-56.95337346,61394.43674789,60814.1067627,0.13042,0.507152,-39.497054,0.013615,0.1943,True,-0.016,False,-0.5132,False,0.0,False
2026-07-03T07:46:51.664070+00:00,BNB/USDT,SHORT,NO TRADE,0.0,68.0,18.0,19.2,1.2,RSI weak,RSI weak|Volume weak|EMA slope weak,58.2128,1.7928224,1.870097,-0.07727459,559.44727568,556.42196246,0.136525,0.384795,-31.680459,-0.142248,-0.089,False,-0.2493,False,-0.9081,False,0.0,False
2026-07-03T07:46:53.100970+00:00,XRP/USDT,SHORT,NO TRADE,0.0,65.0,20.0,21.6,1.6,Volume weak,Volume weak|EMA slope weak|Candle momentum weak|MACD weak,66.0639,0.00731245,0.00717199,0.00014046,1.08752721,1.07472326,0.343985,1.238847,-49.108626,0.090909,0.0636,True,-0.0091,False,-0.8265,False,0.0,False
2026-07-03T07:46:57.682704+00:00,DOGE/USDT,SHORT,NO TRADE,0.0,68.0,22.0,24.6,2.6,RSI weak,RSI weak|EMA slope weak|Candle momentum weak|MACD weak,64.8072,0.00043536,0.00040739,2.797e-05,0.07434073,0.07366355,0.285983,1.15586,75.753535,0.186517,0.3856,True,0.2527,True,-0.984,False,0.0,False
2026-07-03T07:52:01.542617+00:00,BTC/USDT,SHORT,NO TRADE,0.0,68.0,18.0,19.2,1.2,RSI weak,RSI weak|Volume weak|EMA slope weak|Candle momentum weak,60.6075,256.46332778,313.41670124,-56.95337346,61394.43674789,60814.1067627,0.13042,0.507152,-39.497054,0.013615,0.1943,True,-0.016,False,-0.5132,False,0.0,False
2026-07-03T07:52:05.264134+00:00,BNB/USDT,SHORT,NO TRADE,0.0,68.0,18.0,19.2,1.2,RSI weak,RSI weak|Volume weak|EMA slope weak,58.2128,1.7928224,1.870097,-0.07727459,559.44727568,556.42196246,0.136525,0.384795,-31.680459,-0.142248,-0.089,False,-0.2493,False,-0.9081,False,0.0,False
2026-07-03T07:52:06.358319+00:00,XRP/USDT,SHORT,NO TRADE,0.0,68.0,21.0,21.8,0.8,Volume weak,Volume weak|EMA slope weak|Candle momentum weak|MACD weak,66.0639,0.00731245,0.00717199,0.00014046,1.08752721,1.07472326,0.343985,1.238847,-49.108626,0.090909,0.0636,True,-0.0091,False,-0.8265,False,0.0,False
2026-07-03T07:52:10.752253+00:00,DOGE/USDT,SHORT,NO TRADE,0.0,68.0,22.0,24.6,2.6,RSI weak,RSI weak|EMA slope weak|Candle momentum weak|MACD weak,64.8072,0.00043536,0.00040739,2.797e-05,0.07434073,0.07366355,0.285983,1.15586,75.753535,0.186517,0.3856,True,0.2527,True,-0.984,False,0.0,False
2026-07-03T07:57:14.092416+00:00,BTC/USDT,SHORT,NO TRADE,0.0,68.0,18.0,19.2,1.2,RSI weak,RSI weak|Volume weak|EMA slope weak|Candle momentum weak,60.6075,256.46332778,313.41670124,-56.95337346,61394.43674789,60814.1067627,0.13042,0.507152,-39.497054,0.013615,0.1943,True,-0.016,False,-0.5132,False,0.0,False
2026-07-03T07:57:16.889231+00:00,BNB/USDT,SHORT,NO TRADE,0.0,68.0,18.0,19.2,1.2,RSI weak,RSI weak|Volume weak|EMA slope weak,58.2128,1.7928224,1.870097,-0.07727459,559.44727568,556.42196246,0.136525,0.384795,-31.680459,-0.142248,-0.089,False,-0.2493,False,-0.9081,False,0.0,False
2026-07-03T07:57:17.936183+00:00,XRP/USDT,SHORT,NO TRADE,0.0,65.0,20.0,21.6,1.6,Volume weak,Volume weak|EMA slope weak|Candle momentum weak|MACD weak,66.0639,0.00731245,0.00717199,0.00014046,1.08752721,1.07472326,0.343985,1.238847,-49.108626,0.090909,0.0636,True,-0.0091,False,-0.8265,False,0.0,False
2026-07-03T07:57:22.199281+00:00,DOGE/USDT,SHORT,NO TRADE,0.0,68.0,22.0,24.6,2.6,RSI weak,RSI weak|EMA slope weak|Candle momentum weak|MACD weak,64.8072,0.00043536,0.00040739,2.797e-05,0.07434073,0.07366355,0.285983,1.15586,75.753535,0.186517,0.3856,True,0.2527,True,-0.984,False,0.0,False
2026-07-03T08:02:25.566773+00:00,BTC/USDT,SHORT,NO TRADE,0.0,68.0,18.0,19.2,1.2,RSI weak,RSI weak|Volume weak|EMA slope weak|Candle momentum weak,61.5235,256.06816808,301.94699461,-45.87882653,61429.00467666,60851.09865436,0.167439,0.534593,-19.978987,0.083623,0.0675,True,-0.2581,False,-0.3656,False,0.0,False
2026-07-03T08:02:28.563512+00:00,BNB/USDT,SHORT,NO TRADE,0.0,68.0,18.0,19.2,1.2,RSI weak,RSI weak|Volume weak|EMA slope weak,57.9017,1.74293731,1.84466506,-0.10172775,559.64277323,556.62110119,0.135406,0.331859,-45.851949,-0.017806,-0.2671,False,-0.8014,False,-0.6055,False,0.0,False
2026-07-03T08:02:33.667573+00:00,DOGE/USDT,SHORT,NO TRADE,0.0,68.0,22.0,24.6,2.6,Volume weak,Volume weak|EMA slope weak|Candle momentum weak|MACD weak,65.8514,0.00045992,0.0004179,4.202e-05,0.07443304,0.07372812,0.361351,1.17819,-30.056922,0.146277,0.3984,True,-0.1195,False,-0.956,False,0.0,False
2026-07-03T08:07:37.078026+00:00,BTC/USDT,SHORT,NO TRADE,0.0,68.0,18.0,19.2,1.2,RSI weak,RSI weak|Volume weak|EMA slope weak|Candle momentum weak,61.5235,256.06816808,301.94699461,-45.87882653,61429.00467666,60851.09865436,0.167439,0.534593,-19.978987,0.083623,0.0675,True,-0.2581,False,-0.3656,False,0.0,False
2026-07-03T08:07:40.411648+00:00,BNB/USDT,SHORT,NO TRADE,0.0,68.0,18.0,19.2,1.2,RSI weak,RSI weak|Volume weak|EMA slope weak,57.9017,1.74293731,1.84466506,-0.10172775,559.64277323,556.62110119,0.135406,0.331859,-45.851949,-0.017806,-0.2671,False,-0.8014,False,-0.6055,False,0.0,False
2026-07-03T08:07:47.068059+00:00,DOGE/USDT,SHORT,NO TRADE,0.0,68.0,22.0,24.6,2.6,Volume weak,Volume weak|EMA slope weak|Candle momentum weak|MACD weak,65.8514,0.00045992,0.0004179,4.202e-05,0.07443304,0.07372812,0.361351,1.17819,-30.056922,0.146277,0.3984,True,-0.1195,False,-0.956,False,0.0,False
2026-07-03T08:12:56.082498+00:00,BTC/USDT,SHORT,NO TRADE,0.0,68.0,18.0,19.2,1.2,RSI weak,RSI weak|Volume weak|EMA slope weak|Candle momentum weak,61.5235,256.06816808,301.94699461,-45.87882653,61429.00467666,60851.09865436,0.167439,0.534593,-19.978987,0.083623,0.0675,True,-0.2581,False,-0.3656,False,0.0,False
2026-07-03T08:13:03.777777+00:00,BNB/USDT,SHORT,NO TRADE,0.0,68.0,18.0,19.2,1.2,RSI weak,RSI weak|Volume weak|EMA slope weak,57.9017,1.74293731,1.84466506,-0.10172775,559.64277323,556.62110119,0.135406,0.331859,-45.851949,-0.017806,-0.2671,False,-0.8014,False,-0.6055,False,0.0,False
2026-07-03T08:13:37.868265+00:00,DOGE/USDT,SHORT,NO TRADE,0.0,65.0,21.0,24.4,3.4,Volume weak,Volume weak|EMA slope weak|Candle momentum weak|MACD weak,65.8514,0.00045992,0.0004179,4.202e-05,0.07443304,0.07372812,0.361351,1.17819,-30.056922,0.146277,0.3984,True,-0.1195,False,-0.956,False,0.0,False
2026-07-03T08:18:41.782485+00:00,BTC/USDT,SHORT,NO TRADE,0.0,68.0,18.0,19.2,1.2,RSI weak,RSI weak|Volume weak|EMA slope weak|Candle momentum weak,61.5235,256.06816808,301.94699461,-45.87882653,61429.00467666,60851.09865436,0.167439,0.534593,-19.978987,0.083623,0.0675,True,-0.2581,False,-0.3656,False,0.0,False
2026-07-03T08:18:45.003219+00:00,BNB/USDT,SHORT,NO TRADE,0.0,68.0,18.0,19.2,1.2,RSI weak,RSI weak|Volume weak|EMA slope weak,57.9017,1.74293731,1.84466506,-0.10172775,559.64277323,556.62110119,0.135406,0.331859,-45.851949,-0.017806,-0.2671,False,-0.8014,False,-0.6055,False,0.0,False
2026-07-03T08:18:52.241769+00:00,DOGE/USDT,SHORT,NO TRADE,0.0,59.0,19.0,22.4,3.4,Volume weak,Volume weak|EMA slope weak|Candle momentum weak|MACD weak,65.8514,0.00045992,0.0004179,4.202e-05,0.07443304,0.07372812,0.361351,1.17819,-30.056922,0.146277,0.3984,True,-0.1195,False,-0.956,False,0.0,False
2026-07-03T08:23:54.805283+00:00,BTC/USDT,SHORT,NO TRADE,0.0,68.0,18.0,19.2,1.2,RSI weak,RSI weak|Volume weak|EMA slope weak|Candle momentum weak,61.5235,256.06816808,301.94699461,-45.87882653,61429.00467666,60851.09865436,0.167439,0.534593,-19.978987,0.083623,0.0675,True,-0.2581,False,-0.3656,False,0.0,False
2026-07-03T08:23:58.609622+00:00,BNB/USDT,SHORT,NO TRADE,0.0,68.0,18.0,19.2,1.2,RSI weak,RSI weak|Volume weak|EMA slope weak,57.9017,1.74293731,1.84466506,-0.10172775,559.64277323,556.62110119,0.135406,0.331859,-45.851949,-0.017806,-0.2671,False,-0.8014,False,-0.6055,False,0.0,False
2026-07-03T08:24:06.580146+00:00,DOGE/USDT,SHORT,NO TRADE,0.0,59.0,19.0,22.4,3.4,Volume weak,Volume weak|EMA slope weak|Candle momentum weak|MACD weak,65.8514,0.00045992,0.0004179,4.202e-05,0.07443304,0.07372812,0.361351,1.17819,-30.056922,0.146277,0.3984,True,-0.1195,False,-0.956,False,0.0,False
2026-07-03T08:29:09.518422+00:00,BTC/USDT,SHORT,NO TRADE,0.0,68.0,18.0,19.2,1.2,RSI weak,RSI weak|Volume weak|EMA slope weak|Candle momentum weak,61.5235,256.06816808,301.94699461,-45.87882653,61429.00467666,60851.09865436,0.167439,0.534593,-19.978987,0.083623,0.0675,True,-0.2581,False,-0.3656,False,0.0,False
2026-07-03T08:29:14.201582+00:00,BNB/USDT,SHORT,NO TRADE,0.0,68.0,18.0,19.2,1.2,RSI weak,RSI weak|Volume weak|EMA slope weak,57.9017,1.74293731,1.84466506,-0.10172775,559.64277323,556.62110119,0.135406,0.331859,-45.851949,-0.017806,-0.2671,False,-0.8014,False,-0.6055,False,0.0,False
2026-07-03T08:29:20.152033+00:00,DOGE/USDT,SHORT,NO TRADE,0.0,65.0,21.0,24.4,3.4,Volume weak,Volume weak|EMA slope weak|Candle momentum weak|MACD weak,65.8514,0.00045992,0.0004179,4.202e-05,0.07443304,0.07372812,0.361351,1.17819,-30.056922,0.146277,0.3984,True,-0.1195,False,-0.956,False,0.0,False
2026-07-03T08:34:22.757412+00:00,BTC/USDT,SHORT,NO TRADE,0.0,68.0,18.0,19.2,1.2,RSI weak,RSI weak|Volume weak|EMA slope weak|Candle momentum weak,61.5235,256.06816808,301.94699461,-45.87882653,61429.00467666,60851.09865436,0.167439,0.534593,-19.978987,0.083623,0.0675,True,-0.2581,False,-0.3656,False,0.0,False
2026-07-03T08:34:26.702032+00:00,BNB/USDT,SHORT,NO TRADE,0.0,68.0,18.0,19.2,1.2,RSI weak,RSI weak|Volume weak|EMA slope weak,57.9017,1.74293731,1.84466506,-0.10172775,559.64277323,556.62110119,0.135406,0.331859,-45.851949,-0.017806,-0.2671,False,-0.8014,False,-0.6055,False,0.0,False
2026-07-03T08:34:31.770591+00:00,DOGE/USDT,SHORT,NO TRADE,0.0,59.0,19.0,22.4,3.4,Volume weak,Volume weak|EMA slope weak|Candle momentum weak|MACD weak,65.8514,0.00045992,0.0004179,4.202e-05,0.07443304,0.07372812,0.361351,1.17819,-30.056922,0.146277,0.3984,True,-0.1195,False,-0.956,False,0.0,False
2026-07-03T08:36:00.679414+00:00,BTC/USDT,SHORT,NO TRADE,0.0,68.0,18.0,19.2,1.2,RSI weak,RSI weak|Volume weak|EMA slope weak|Candle momentum weak,61.5235,256.06816808,301.94699461,-45.87882653,61429.00467666,60851.09865436,0.167439,0.534593,-19.978987,0.083623,0.0675,True,-0.2581,False,-0.3656,False,0.0,False
2026-07-03T08:36:04.644530+00:00,BNB/USDT,SHORT,NO TRADE,0.0,68.0,18.0,19.2,1.2,RSI weak,RSI weak|Volume weak|EMA slope weak,57.9017,1.74293731,1.84466506,-0.10172775,559.64277323,556.62110119,0.135406,0.331859,-45.851949,-0.017806,-0.2671,False,-0.8014,False,-0.6055,False,0.0,False
2026-07-03T08:36:14.500548+00:00,DOGE/USDT,SHORT,NO TRADE,0.0,59.0,19.0,22.4,3.4,Volume weak,Volume weak|EMA slope weak|Candle momentum weak|MACD weak,65.8514,0.00045992,0.0004179,4.202e-05,0.07443304,0.07372812,0.361351,1.17819,-30.056922,0.146277,0.3984,True,-0.1195,False,-0.956,False,0.0,False
2026-07-03T08:41:17.268682+00:00,BTC/USDT,SHORT,NO TRADE,0.0,68.0,18.0,19.2,1.2,RSI weak,RSI weak|Volume weak|EMA slope weak|Candle momentum weak,61.5235,256.06816808,301.94699461,-45.87882653,61429.00467666,60851.09865436,0.167439,0.534593,-19.978987,0.083623,0.0675,True,-0.2581,False,-0.3656,False,0.0,False
2026-07-03T08:41:19.910051+00:00,BNB/USDT,SHORT,NO TRADE,0.0,68.0,18.0,19.2,1.2,RSI weak,RSI weak|Volume weak|EMA slope weak,57.9017,1.74293731,1.84466506,-0.10172775,559.64277323,556.62110119,0.135406,0.331859,-45.851949,-0.017806,-0.2671,False,-0.8014,False,-0.6055,False,0.0,False
2026-07-03T08:41:24.707662+00:00,DOGE/USDT,SHORT,NO TRADE,0.0,59.0,19.0,22.4,3.4,Volume weak,Volume weak|EMA slope weak|Candle momentum weak|MACD weak,65.8514,0.00045992,0.0004179,4.202e-05,0.07443304,0.07372812,0.361351,1.17819,-30.056922,0.146277,0.3984,True,-0.1195,False,-0.956,False,0.0,False
2026-07-03T08:46:28.436012+00:00,BTC/USDT,SHORT,NO TRADE,0.0,77.0,22.0,23.2,1.2,RSI weak,RSI weak|Volume weak|EMA slope weak|Candle momentum weak,61.5235,256.06816808,301.94699461,-45.87882653,61429.00467666,60851.09865436,0.167439,0.534593,-19.978987,0.083623,0.0675,True,-0.2581,False,-0.3656,False,0.0,False
2026-07-03T08:46:31.523320+00:00,BNB/USDT,SHORT,NO TRADE,0.0,68.0,18.0,19.2,1.2,RSI weak,RSI weak|Volume weak|EMA slope weak,57.9017,1.74293731,1.84466506,-0.10172775,559.64277323,556.62110119,0.135406,0.331859,-45.851949,-0.017806,-0.2671,False,-0.8014,False,-0.6055,False,0.0,False
2026-07-03T08:46:36.317742+00:00,DOGE/USDT,SHORT,NO TRADE,0.0,68.0,22.0,24.6,2.6,Volume weak,Volume weak|EMA slope weak|Candle momentum weak|MACD weak,65.8514,0.00045992,0.0004179,4.202e-05,0.07443304,0.07372812,0.361351,1.17819,-30.056922,0.146277,0.3984,True,-0.1195,False,-0.956,False,0.0,False
2026-07-03T08:51:39.714003+00:00,BTC/USDT,SHORT,NO TRADE,0.0,68.0,18.0,19.2,1.2,RSI weak,RSI weak|Volume weak|EMA slope weak|Candle momentum weak,61.5235,256.06816808,301.94699461,-45.87882653,61429.00467666,60851.09865436,0.167439,0.534593,-19.978987,0.083623,0.0675,True,-0.2581,False,-0.3656,False,0.0,False
2026-07-03T08:51:43.151446+00:00,BNB/USDT,SHORT,NO TRADE,0.0,68.0,18.0,19.2,1.2,RSI weak,RSI weak|Volume weak|EMA slope weak,57.9017,1.74293731,1.84466506,-0.10172775,559.64277323,556.62110119,0.135406,0.331859,-45.851949,-0.017806,-0.2671,False,-0.8014,False,-0.6055,False,0.0,False
2026-07-03T08:51:48.358787+00:00,DOGE/USDT,SHORT,NO TRADE,0.0,59.0,19.0,22.4,3.4,Volume weak,Volume weak|EMA slope weak|Candle momentum weak|MACD weak,65.8514,0.00045992,0.0004179,4.202e-05,0.07443304,0.07372812,0.361351,1.17819,-30.056922,0.146277,0.3984,True,-0.1195,False,-0.956,False,0.0,False
2026-07-03T08:56:52.339330+00:00,BTC/USDT,SHORT,NO TRADE,0.0,68.0,18.0,19.2,1.2,RSI weak,RSI weak|Volume weak|EMA slope weak|Candle momentum weak,61.5235,256.06816808,301.94699461,-45.87882653,61429.00467666,60851.09865436,0.167439,0.534593,-19.978987,0.083623,0.0675,True,-0.2581,False,-0.3656,False,0.0,False
2026-07-03T08:56:56.338785+00:00,BNB/USDT,SHORT,NO TRADE,0.0,68.0,18.0,19.2,1.2,RSI weak,RSI weak|Volume weak|EMA slope weak,57.9017,1.74293731,1.84466506,-0.10172775,559.64277323,556.62110119,0.135406,0.331859,-45.851949,-0.017806,-0.2671,False,-0.8014,False,-0.6055,False,0.0,False
2026-07-03T08:57:01.629509+00:00,DOGE/USDT,SHORT,NO TRADE,0.0,53.0,16.0,19.4,3.4,Volume weak,Volume weak|EMA slope weak|Candle momentum weak|MACD weak,65.8514,0.00045992,0.0004179,4.202e-05,0.07443304,0.07372812,0.361351,1.17819,-30.056922,0.146277,0.3984,True,-0.1195,False,-0.956,False,0.0,False
2026-07-03T09:02:05.618120+00:00,BTC/USDT,SHORT,NO TRADE,0.0,68.0,18.0,19.2,1.2,RSI weak,RSI weak|Volume weak|EMA slope weak,56.7962,239.15950258,289.3894962,-50.22999362,61443.94708841,60879.91439341,0.134099,0.231028,-41.92055,-0.2777,-0.5373,False,-0.7089,False,-0.8607,False,0.0,False
2026-07-03T09:02:09.868577+00:00,BNB/USDT,SHORT,NO TRADE,0.0,68.0,18.0,19.2,1.2,RSI weak,RSI weak|Volume weak|EMA slope weak|Candle momentum weak,59.3069,1.73185426,1.8221029,-0.09024864,559.87679483,556.83595997,0.117328,0.397088,-41.428126,0.106857,-0.6938,False,-0.8184,False,-0.8539,False,0.0,False
2026-07-03T09:02:15.207614+00:00,DOGE/USDT,SHORT,NO TRADE,0.0,53.0,16.0,19.4,3.4,RSI weak,RSI weak|EMA slope weak|MACD weak,58.9965,0.000442,0.00042272,1.929e-05,0.07447846,0.07377446,0.307321,0.579413,204.769226,-0.531138,-0.6541,False,-1.375,False,-2.2961,False,0.0,False
2026-07-03T09:07:18.600855+00:00,BTC/USDT,SHORT,NO TRADE,0.0,68.0,18.0,19.2,1.2,RSI weak,RSI weak|Volume weak|EMA slope weak,56.7962,239.15950258,289.3894962,-50.22999362,61443.94708841,60879.91439341,0.134099,0.231028,-41.92055,-0.2777,-0.5373,False,-0.7089,False,-0.8607,False,0.0,False
2026-07-03T09:07:21.551445+00:00,BNB/USDT,SHORT,NO TRADE,0.0,68.0,18.0,19.2,1.2,RSI weak,RSI weak|Volume weak|EMA slope weak|Candle momentum weak,59.3069,1.73185426,1.8221029,-0.09024864,559.87679483,556.83595997,0.117328,0.397088,-41.428126,0.106857,-0.6938,False,-0.8184,False,-0.8539,False,0.0,False
2026-07-03T09:07:26.319007+00:00,DOGE/USDT,SHORT,NO TRADE,0.0,59.0,19.0,22.4,3.4,RSI weak,RSI weak|EMA slope weak|MACD weak,58.9965,0.000442,0.00042272,1.929e-05,0.07447846,0.07377446,0.307321,0.579413,204.769226,-0.531138,-0.6541,False,-1.375,False,-2.2961,False,0.0,False
2026-07-03T09:12:29.839198+00:00,BTC/USDT,SHORT,NO TRADE,0.0,68.0,18.0,19.2,1.2,RSI weak,RSI weak|Volume weak|EMA slope weak,56.7962,239.15950258,289.3894962,-50.22999362,61443.94708841,60879.91439341,0.134099,0.231028,-41.92055,-0.2777,-0.5373,False,-0.7089,False,-0.8607,False,0.0,False
2026-07-03T09:12:33.063206+00:00,BNB/USDT,SHORT,NO TRADE,0.0,68.0,18.0,19.2,1.2,RSI weak,RSI weak|Volume weak|EMA slope weak|Candle momentum weak,59.3069,1.73185426,1.8221029,-0.09024864,559.87679483,556.83595997,0.117328,0.397088,-41.428126,0.106857,-0.6938,False,-0.8184,False,-0.8539,False,0.0,False
2026-07-03T09:12:38.522102+00:00,DOGE/USDT,SHORT,NO TRADE,0.0,59.0,19.0,22.4,3.4,RSI weak,RSI weak|EMA slope weak|MACD weak,58.9965,0.000442,0.00042272,1.929e-05,0.07447846,0.07377446,0.307321,0.579413,204.769226,-0.531138,-0.6541,False,-1.375,False,-2.2961,False,0.0,False
2026-07-03T09:17:42.784353+00:00,BTC/USDT,SHORT,NO TRADE,0.0,68.0,18.0,19.2,1.2,RSI weak,RSI weak|Volume weak|EMA slope weak,56.7962,239.15950258,289.3894962,-50.22999362,61443.94708841,60879.91439341,0.134099,0.231028,-41.92055,-0.2777,-0.5373,False,-0.7089,False,-0.8607,False,0.0,False
2026-07-03T09:17:45.612852+00:00,BNB/USDT,SHORT,NO TRADE,0.0,68.0,18.0,19.2,1.2,RSI weak,RSI weak|Volume weak|EMA slope weak|Candle momentum weak,59.3069,1.73185426,1.8221029,-0.09024864,559.87679483,556.83595997,0.117328,0.397088,-41.428126,0.106857,-0.6938,False,-0.8184,False,-0.8539,False,0.0,False
2026-07-03T09:17:50.315719+00:00,DOGE/USDT,SHORT,NO TRADE,0.0,59.0,19.0,22.4,3.4,RSI weak,RSI weak|EMA slope weak|MACD weak,58.9965,0.000442,0.00042272,1.929e-05,0.07447846,0.07377446,0.307321,0.579413,204.769226,-0.531138,-0.6541,False,-1.375,False,-2.2961,False,0.0,False
2026-07-03T09:22:55.484264+00:00,BTC/USDT,SHORT,NO TRADE,0.0,68.0,18.0,19.2,1.2,RSI weak,RSI weak|Volume weak|EMA slope weak,56.7962,239.15950258,289.3894962,-50.22999362,61443.94708841,60879.91439341,0.134099,0.231028,-41.92055,-0.2777,-0.5373,False,-0.7089,False,-0.8607,False,0.0,False
2026-07-03T09:22:58.663470+00:00,BNB/USDT,SHORT,NO TRADE,0.0,77.0,22.0,23.2,1.2,RSI weak,RSI weak|Volume weak|EMA slope weak|Candle momentum weak,59.3069,1.73185426,1.8221029,-0.09024864,559.87679483,556.83595997,0.117328,0.397088,-41.428126,0.106857,-0.6938,False,-0.8184,False,-0.8539,False,0.0,False
2026-07-03T09:23:03.741856+00:00,DOGE/USDT,SHORT,NO TRADE,0.0,59.0,19.0,22.4,3.4,RSI weak,RSI weak|EMA slope weak|MACD weak,58.9965,0.000442,0.00042272,1.929e-05,0.07447846,0.07377446,0.307321,0.579413,204.769226,-0.531138,-0.6541,False,-1.375,False,-2.2961,False,0.0,False
2026-07-03T09:28:07.239915+00:00,BTC/USDT,SHORT,NO TRADE,0.0,68.0,18.0,19.2,1.2,RSI weak,RSI weak|Volume weak|EMA slope weak,56.7962,239.15950258,289.3894962,-50.22999362,61443.94708841,60879.91439341,0.134099,0.231028,-41.92055,-0.2777,-0.5373,False,-0.7089,False,-0.8607,False,0.0,False
2026-07-03T09:28:12.586311+00:00,BNB/USDT,SHORT,NO TRADE,0.0,77.0,22.0,23.2,1.2,RSI weak,RSI weak|Volume weak|EMA slope weak|Candle momentum weak,59.3069,1.73185426,1.8221029,-0.09024864,559.87679483,556.83595997,0.117328,0.397088,-41.428126,0.106857,-0.6938,False,-0.8184,False,-0.8539,False,0.0,False
2026-07-03T09:28:19.618682+00:00,DOGE/USDT,SHORT,NO TRADE,0.0,59.0,19.0,22.4,3.4,RSI weak,RSI weak|EMA slope weak|MACD weak,58.9965,0.000442,0.00042272,1.929e-05,0.07447846,0.07377446,0.307321,0.579413,204.769226,-0.531138,-0.6541,False,-1.375,False,-2.2961,False,0.0,False
2026-07-03T09:33:23.047627+00:00,BTC/USDT,SHORT,NO TRADE,0.0,68.0,18.0,19.2,1.2,RSI weak,RSI weak|Volume weak|EMA slope weak,56.7962,239.15950258,289.3894962,-50.22999362,61443.94708841,60879.91439341,0.134099,0.231028,-41.92055,-0.2777,-0.5373,False,-0.7089,False,-0.8607,False,0.0,False
2026-07-03T09:33:26.057833+00:00,BNB/USDT,SHORT,NO TRADE,0.0,68.0,18.0,19.2,1.2,RSI weak,RSI weak|Volume weak|EMA slope weak|Candle momentum weak,59.3069,1.73185426,1.8221029,-0.09024864,559.87679483,556.83595997,0.117328,0.397088,-41.428126,0.106857,-0.6938,False,-0.8184,False,-0.8539,False,0.0,False
2026-07-03T09:33:31.260023+00:00,DOGE/USDT,SHORT,NO TRADE,0.0,59.0,19.0,22.4,3.4,RSI weak,RSI weak|EMA slope weak|MACD weak,58.9965,0.000442,0.00042272,1.929e-05,0.07447846,0.07377446,0.307321,0.579413,204.769226,-0.531138,-0.6541,False,-1.375,False,-2.2961,False,0.0,False
2026-07-03T09:38:34.863392+00:00,BTC/USDT,SHORT,NO TRADE,0.0,68.0,18.0,19.2,1.2,RSI weak,RSI weak|Volume weak|EMA slope weak,56.7962,239.15950258,289.3894962,-50.22999362,61443.94708841,60879.91439341,0.134099,0.231028,-41.92055,-0.2777,-0.5373,False,-0.7089,False,-0.8607,False,0.0,False
2026-07-03T09:38:37.827299+00:00,BNB/USDT,SHORT,NO TRADE,0.0,68.0,18.0,19.2,1.2,RSI weak,RSI weak|Volume weak|EMA slope weak|Candle momentum weak,59.3069,1.73185426,1.8221029,-0.09024864,559.87679483,556.83595997,0.117328,0.397088,-41.428126,0.106857,-0.6938,False,-0.8184,False,-0.8539,False,0.0,False
2026-07-03T09:38:42.693022+00:00,DOGE/USDT,SHORT,NO TRADE,0.0,65.0,18.0,20.2,2.2,RSI weak,RSI weak|EMA slope weak|MACD weak,58.9965,0.000442,0.00042272,1.929e-05,0.07447846,0.07377446,0.307321,0.579413,204.769226,-0.531138,-0.6541,False,-1.375,False,-2.2961,False,0.0,False
2026-07-03T09:43:46.273832+00:00,BTC/USDT,SHORT,NO TRADE,0.0,68.0,18.0,19.2,1.2,RSI weak,RSI weak|Volume weak|EMA slope weak,56.7962,239.15950258,289.3894962,-50.22999362,61443.94708841,60879.91439341,0.134099,0.231028,-41.92055,-0.2777,-0.5373,False,-0.7089,False,-0.8607,False,0.0,False
2026-07-03T09:43:50.026061+00:00,BNB/USDT,SHORT,NO TRADE,0.0,77.0,22.0,23.2,1.2,RSI weak,RSI weak|Volume weak|EMA slope weak|Candle momentum weak,59.3069,1.73185426,1.8221029,-0.09024864,559.87679483,556.83595997,0.117328,0.397088,-41.428126,0.106857,-0.6938,False,-0.8184,False,-0.8539,False,0.0,False
2026-07-03T09:43:55.475987+00:00,DOGE/USDT,SHORT,NO TRADE,0.0,65.0,18.0,20.2,2.2,RSI weak,RSI weak|EMA slope weak|MACD weak,58.9965,0.000442,0.00042272,1.929e-05,0.07447846,0.07377446,0.307321,0.579413,204.769226,-0.531138,-0.6541,False,-1.375,False,-2.2961,False,0.0,False
2026-07-03T09:48:58.993484+00:00,BTC/USDT,SHORT,NO TRADE,0.0,68.0,18.0,19.2,1.2,RSI weak,RSI weak|Volume weak|EMA slope weak,56.7962,239.15950258,289.3894962,-50.22999362,61443.94708841,60879.91439341,0.134099,0.231028,-41.92055,-0.2777,-0.5373,False,-0.7089,False,-0.8607,False,0.0,False
2026-07-03T09:49:02.035816+00:00,BNB/USDT,SHORT,NO TRADE,0.0,62.0,19.0,21.4,2.4,RSI weak,RSI weak|Volume weak|EMA slope weak|Candle momentum weak,59.3069,1.73185426,1.8221029,-0.09024864,559.87679483,556.83595997,0.117328,0.397088,-41.428126,0.106857,-0.6938,False,-0.8184,False,-0.8539,False,0.0,False
2026-07-03T09:49:07.192561+00:00,DOGE/USDT,SHORT,NO TRADE,0.0,59.0,19.0,22.4,3.4,RSI weak,RSI weak|EMA slope weak|MACD weak,58.9965,0.000442,0.00042272,1.929e-05,0.07447846,0.07377446,0.307321,0.579413,204.769226,-0.531138,-0.6541,False,-1.375,False,-2.2961,False,0.0,False
2026-07-03T09:54:11.169669+00:00,BTC/USDT,SHORT,NO TRADE,0.0,68.0,18.0,19.2,1.2,RSI weak,RSI weak|Volume weak|EMA slope weak,56.7962,239.15950258,289.3894962,-50.22999362,61443.94708841,60879.91439341,0.134099,0.231028,-41.92055,-0.2777,-0.5373,False,-0.7089,False,-0.8607,False,0.0,False
2026-07-03T09:54:15.190308+00:00,BNB/USDT,SHORT,NO TRADE,0.0,77.0,22.0,23.2,1.2,RSI weak,RSI weak|Volume weak|EMA slope weak|Candle momentum weak,59.3069,1.73185426,1.8221029,-0.09024864,559.87679483,556.83595997,0.117328,0.397088,-41.428126,0.106857,-0.6938,False,-0.8184,False,-0.8539,False,0.0,False
2026-07-03T09:54:21.717354+00:00,DOGE/USDT,SHORT,NO TRADE,0.0,59.0,19.0,22.4,3.4,RSI weak,RSI weak|EMA slope weak|MACD weak,58.9965,0.000442,0.00042272,1.929e-05,0.07447846,0.07377446,0.307321,0.579413,204.769226,-0.531138,-0.6541,False,-1.375,False,-2.2961,False,0.0,False
2026-07-03T09:59:25.459669+00:00,BTC/USDT,SHORT,NO TRADE,0.0,68.0,18.0,19.2,1.2,RSI weak,RSI weak|Volume weak|EMA slope weak,56.7962,239.15950258,289.3894962,-50.22999362,61443.94708841,60879.91439341,0.134099,0.231028,-41.92055,-0.2777,-0.5373,False,-0.7089,False,-0.8607,False,0.0,False
2026-07-03T09:59:30.715034+00:00,BNB/USDT,SHORT,NO TRADE,0.0,77.0,22.0,23.2,1.2,RSI weak,RSI weak|Volume weak|EMA slope weak|Candle momentum weak,59.3069,1.73185426,1.8221029,-0.09024864,559.87679483,556.83595997,0.117328,0.397088,-41.428126,0.106857,-0.6938,False,-0.8184,False,-0.8539,False,0.0,False
2026-07-03T09:59:39.483399+00:00,DOGE/USDT,SHORT,NO TRADE,0.0,59.0,19.0,22.4,3.4,RSI weak,RSI weak|EMA slope weak|MACD weak,58.9965,0.000442,0.00042272,1.929e-05,0.07447846,0.07377446,0.307321,0.579413,204.769226,-0.531138,-0.6541,False,-1.375,False,-2.2961,False,0.0,False
2026-07-03T10:04:44.290447+00:00,BTC/USDT,SHORT,NO TRADE,0.0,77.0,22.0,23.2,1.2,RSI weak,RSI weak|Volume weak|Candle momentum weak|EMA slope weak,59.3425,233.54092417,278.2197818,-44.67885763,61469.82831808,60912.69029955,0.122799,0.399988,-42.991702,0.210763,-0.4971,False,-0.4334,False,-0.8889,False,0.0,False
2026-07-03T10:04:50.470611+00:00,BNB/USDT,SHORT,NO TRADE,0.0,68.0,21.0,23.4,2.4,Volume weak,Volume weak|RSI weak|Candle momentum weak|EMA slope weak,61.3889,1.7752296,1.81272824,-0.03749864,560.17424294,557.07768703,0.129944,0.504443,-47.142823,0.160114,-0.6572,False,-0.3375,False,-0.5684,False,0.0,False
2026-07-03T10:05:02.352005+00:00,DOGE/USDT,SHORT,NO TRADE,0.0,74.0,22.0,24.2,2.2,Volume weak,Volume weak|RSI weak|EMA slope weak|Candle momentum weak|MACD weak,60.1144,0.00043091,0.00042435,6.55e-06,0.07452908,0.07382292,0.253373,0.645272,-60.951518,0.133494,-1.2398,False,-1.3598,False,-2.1597,False,0.0,False
2026-07-03T10:10:06.950414+00:00,BTC/USDT,SHORT,NO TRADE,0.0,77.0,22.0,23.2,1.2,RSI weak,RSI weak|Volume weak|Candle momentum weak|EMA slope weak,59.3425,233.54092417,278.2197818,-44.67885763,61469.82831808,60912.69029955,0.122799,0.399988,-42.991702,0.210763,-0.4971,False,-0.4334,False,-0.8889,False,0.0,False
2026-07-03T10:10:11.898246+00:00,BNB/USDT,SHORT,NO TRADE,0.0,77.0,22.0,23.2,1.2,Volume weak,Volume weak|RSI weak|Candle momentum weak|EMA slope weak,61.3889,1.7752296,1.81272824,-0.03749864,560.17424294,557.07768703,0.129944,0.504443,-47.142823,0.160114,-0.6572,False,-0.3375,False,-0.5684,False,0.0,False
2026-07-03T10:10:21.640615+00:00,DOGE/USDT,SHORT,NO TRADE,0.0,74.0,22.0,24.2,2.2,Volume weak,Volume weak|RSI weak|EMA slope weak|Candle momentum weak|MACD weak,60.1144,0.00043091,0.00042435,6.55e-06,0.07452908,0.07382292,0.253373,0.645272,-60.951518,0.133494,-1.2398,False,-1.3598,False,-2.1597,False,0.0,False
2026-07-03T10:15:26.070606+00:00,BTC/USDT,SHORT,NO TRADE,0.0,77.0,22.0,23.2,1.2,RSI weak,RSI weak|Volume weak|Candle momentum weak|EMA slope weak,59.3425,233.54092417,278.2197818,-44.67885763,61469.82831808,60912.69029955,0.122799,0.399988,-42.991702,0.210763,-0.4971,False,-0.4334,False,-0.8889,False,0.0,False
2026-07-03T10:15:33.024151+00:00,BNB/USDT,SHORT,NO TRADE,0.0,80.0,23.0,24.2,1.2,Volume weak,Volume weak|RSI weak|Candle momentum weak|EMA slope weak,61.3889,1.7752296,1.81272824,-0.03749864,560.17424294,557.07768703,0.129944,0.504443,-47.142823,0.160114,-0.6572,False,-0.3375,False,-0.5684,False,0.0,False
2026-07-03T10:15:45.494276+00:00,DOGE/USDT,SHORT,NO TRADE,0.0,59.0,19.0,22.4,3.4,Volume weak,Volume weak|RSI weak|EMA slope weak|Candle momentum weak|MACD weak,60.1144,0.00043091,0.00042435,6.55e-06,0.07452908,0.07382292,0.253373,0.645272,-60.951518,0.133494,-1.2398,False,-1.3598,False,-2.1597,False,0.0,False
2026-07-03T10:21:02.992782+00:00,BTC/USDT,SHORT,NO TRADE,0.0,77.0,22.0,23.2,1.2,RSI weak,RSI weak|Volume weak|Candle momentum weak|EMA slope weak,59.3425,233.54092417,278.2197818,-44.67885763,61469.82831808,60912.69029955,0.122799,0.399988,-42.991702,0.210763,-0.4971,False,-0.4334,False,-0.8889,False,0.0,False
2026-07-03T10:21:10.472959+00:00,BNB/USDT,SHORT,NO TRADE,0.0,80.0,23.0,24.2,1.2,Volume weak,Volume weak|RSI weak|Candle momentum weak|EMA slope weak,61.3889,1.7752296,1.81272824,-0.03749864,560.17424294,557.07768703,0.129944,0.504443,-47.142823,0.160114,-0.6572,False,-0.3375,False,-0.5684,False,0.0,False
2026-07-03T10:21:26.624583+00:00,DOGE/USDT,SHORT,NO TRADE,0.0,74.0,22.0,24.2,2.2,Volume weak,Volume weak|RSI weak|EMA slope weak|Candle momentum weak|MACD weak,60.1144,0.00043091,0.00042435,6.55e-06,0.07452908,0.07382292,0.253373,0.645272,-60.951518,0.133494,-1.2398,False,-1.3598,False,-2.1597,False,0.0,False
2026-07-03T10:26:31.325845+00:00,BTC/USDT,SHORT,NO TRADE,0.0,77.0,22.0,23.2,1.2,RSI weak,RSI weak|Volume weak|Candle momentum weak|EMA slope weak,59.3425,233.54092417,278.2197818,-44.67885763,61469.82831808,60912.69029955,0.122799,0.399988,-42.991702,0.210763,-0.4971,False,-0.4334,False,-0.8889,False,0.0,False
2026-07-03T10:26:35.737068+00:00,BNB/USDT,SHORT,NO TRADE,0.0,68.0,21.0,23.4,2.4,Volume weak,Volume weak|RSI weak|Candle momentum weak|EMA slope weak,61.3889,1.7752296,1.81272824,-0.03749864,560.17424294,557.07768703,0.129944,0.504443,-47.142823,0.160114,-0.6572,False,-0.3375,False,-0.5684,False,0.0,False
2026-07-03T10:26:43.270693+00:00,DOGE/USDT,SHORT,NO TRADE,0.0,74.0,22.0,24.2,2.2,Volume weak,Volume weak|RSI weak|EMA slope weak|Candle momentum weak|MACD weak,60.1144,0.00043091,0.00042435,6.55e-06,0.07452908,0.07382292,0.253373,0.645272,-60.951518,0.133494,-1.2398,False,-1.3598,False,-2.1597,False,0.0,False
2026-07-03T10:31:46.648210+00:00,BTC/USDT,SHORT,NO TRADE,0.0,77.0,22.0,23.2,1.2,RSI weak,RSI weak|Volume weak|Candle momentum weak|EMA slope weak,59.3425,233.54092417,278.2197818,-44.67885763,61469.82831808,60912.69029955,0.122799,0.399988,-42.991702,0.210763,-0.4971,False,-0.4334,False,-0.8889,False,0.0,False
2026-07-03T10:31:50.780161+00:00,BNB/USDT,SHORT,NO TRADE,0.0,68.0,21.0,23.4,2.4,Volume weak,Volume weak|RSI weak|Candle momentum weak|EMA slope weak,61.3889,1.7752296,1.81272824,-0.03749864,560.17424294,557.07768703,0.129944,0.504443,-47.142823,0.160114,-0.6572,False,-0.3375,False,-0.5684,False,0.0,False
2026-07-03T10:31:56.235481+00:00,DOGE/USDT,SHORT,NO TRADE,0.0,74.0,22.0,24.2,2.2,Volume weak,Volume weak|RSI weak|EMA slope weak|Candle momentum weak|MACD weak,60.1144,0.00043091,0.00042435,6.55e-06,0.07452908,0.07382292,0.253373,0.645272,-60.951518,0.133494,-1.2398,False,-1.3598,False,-2.1597,False,0.0,False
2026-07-03T10:36:59.677346+00:00,BTC/USDT,SHORT,NO TRADE,0.0,77.0,22.0,23.2,1.2,RSI weak,RSI weak|Volume weak|Candle momentum weak|EMA slope weak,59.3425,233.54092417,278.2197818,-44.67885763,61469.82831808,60912.69029955,0.122799,0.399988,-42.991702,0.210763,-0.4971,False,-0.4334,False,-0.8889,False,0.0,False
2026-07-03T10:37:02.730612+00:00,BNB/USDT,SHORT,NO TRADE,0.0,68.0,21.0,23.4,2.4,Volume weak,Volume weak|RSI weak|Candle momentum weak|EMA slope weak,61.3889,1.7752296,1.81272824,-0.03749864,560.17424294,557.07768703,0.129944,0.504443,-47.142823,0.160114,-0.6572,False,-0.3375,False,-0.5684,False,0.0,False
2026-07-03T10:37:09.442094+00:00,DOGE/USDT,SHORT,NO TRADE,0.0,59.0,19.0,22.4,3.4,Volume weak,Volume weak|RSI weak|EMA slope weak|Candle momentum weak|MACD weak,60.1144,0.00043091,0.00042435,6.55e-06,0.07452908,0.07382292,0.253373,0.645272,-60.951518,0.133494,-1.2398,False,-1.3598,False,-2.1597,False,0.0,False
2026-07-03T10:42:13.695406+00:00,BTC/USDT,SHORT,NO TRADE,0.0,80.0,23.0,24.2,1.2,RSI weak,RSI weak|Volume weak|Candle momentum weak|EMA slope weak,59.3425,233.54092417,278.2197818,-44.67885763,61469.82831808,60912.69029955,0.122799,0.399988,-42.991702,0.210763,-0.4971,False,-0.4334,False,-0.8889,False,0.0,False
2026-07-03T10:42:18.211656+00:00,BNB/USDT,SHORT,NO TRADE,0.0,68.0,21.0,23.4,2.4,Volume weak,Volume weak|RSI weak|Candle momentum weak|EMA slope weak,61.3889,1.7752296,1.81272824,-0.03749864,560.17424294,557.07768703,0.129944,0.504443,-47.142823,0.160114,-0.6572,False,-0.3375,False,-0.5684,False,0.0,False
2026-07-03T10:42:23.566368+00:00,DOGE/USDT,SHORT,NO TRADE,0.0,59.0,19.0,22.4,3.4,Volume weak,Volume weak|RSI weak|EMA slope weak|Candle momentum weak|MACD weak,60.1144,0.00043091,0.00042435,6.55e-06,0.07452908,0.07382292,0.253373,0.645272,-60.951518,0.133494,-1.2398,False,-1.3598,False,-2.1597,False,0.0,False
2026-07-03T10:47:27.221120+00:00,BTC/USDT,SHORT,NO TRADE,0.0,80.0,23.0,24.2,1.2,RSI weak,RSI weak|Volume weak|Candle momentum weak|EMA slope weak,59.3425,233.54092417,278.2197818,-44.67885763,61469.82831808,60912.69029955,0.122799,0.399988,-42.991702,0.210763,-0.4971,False,-0.4334,False,-0.8889,False,0.0,False
2026-07-03T10:47:30.579350+00:00,BNB/USDT,SHORT,NO TRADE,0.0,71.0,22.0,23.6,1.6,Volume weak,Volume weak|RSI weak|Candle momentum weak|EMA slope weak,61.3889,1.7752296,1.81272824,-0.03749864,560.17424294,557.07768703,0.129944,0.504443,-47.142823,0.160114,-0.6572,False,-0.3375,False,-0.5684,False,0.0,False
2026-07-03T10:47:36.292364+00:00,DOGE/USDT,SHORT,NO TRADE,0.0,68.0,21.0,23.4,2.4,Volume weak,Volume weak|RSI weak|EMA slope weak|Candle momentum weak|MACD weak,60.1144,0.00043091,0.00042435,6.55e-06,0.07452908,0.07382292,0.253373,0.645272,-60.951518,0.133494,-1.2398,False,-1.3598,False,-2.1597,False,0.0,False
2026-07-03T10:52:40.632790+00:00,BTC/USDT,SHORT,NO TRADE,0.0,80.0,23.0,24.2,1.2,RSI weak,RSI weak|Volume weak|Candle momentum weak|EMA slope weak,59.3425,233.54092417,278.2197818,-44.67885763,61469.82831808,60912.69029955,0.122799,0.399988,-42.991702,0.210763,-0.4971,False,-0.4334,False,-0.8889,False,0.0,False
2026-07-03T10:52:44.950786+00:00,BNB/USDT,SHORT,NO TRADE,0.0,71.0,22.0,23.6,1.6,Volume weak,Volume weak|RSI weak|Candle momentum weak|EMA slope weak,61.3889,1.7752296,1.81272824,-0.03749864,560.17424294,557.07768703,0.129944,0.504443,-47.142823,0.160114,-0.6572,False,-0.3375,False,-0.5684,False,0.0,False
2026-07-03T10:52:51.629784+00:00,DOGE/USDT,SHORT,NO TRADE,0.0,71.0,22.0,23.6,1.6,Volume weak,Volume weak|RSI weak|EMA slope weak|Candle momentum weak|MACD weak,60.1144,0.00043091,0.00042435,6.55e-06,0.07452908,0.07382292,0.253373,0.645272,-60.951518,0.133494,-1.2398,False,-1.3598,False,-2.1597,False,0.0,False
2026-07-03T10:57:55.483749+00:00,BTC/USDT,SHORT,NO TRADE,0.0,80.0,23.0,24.2,1.2,RSI weak,RSI weak|Volume weak|Candle momentum weak|EMA slope weak,59.3425,233.54092417,278.2197818,-44.67885763,61469.82831808,60912.69029955,0.122799,0.399988,-42.991702,0.210763,-0.4971,False,-0.4334,False,-0.8889,False,0.0,False
2026-07-03T10:57:59.029027+00:00,BNB/USDT,SHORT,NO TRADE,0.0,71.0,22.0,23.6,1.6,Volume weak,Volume weak|RSI weak|Candle momentum weak|EMA slope weak,61.3889,1.7752296,1.81272824,-0.03749864,560.17424294,557.07768703,0.129944,0.504443,-47.142823,0.160114,-0.6572,False,-0.3375,False,-0.5684,False,0.0,False
2026-07-03T10:58:05.507226+00:00,DOGE/USDT,SHORT,NO TRADE,0.0,68.0,21.0,23.4,2.4,Volume weak,Volume weak|RSI weak|EMA slope weak|Candle momentum weak|MACD weak,60.1144,0.00043091,0.00042435,6.55e-06,0.07452908,0.07382292,0.253373,0.645272,-60.951518,0.133494,-1.2398,False,-1.3598,False,-2.1597,False,0.0,False
2026-07-03T11:03:08.902001+00:00,BTC/USDT,SHORT,NO TRADE,0.0,80.0,23.0,24.2,1.2,RSI weak,RSI weak|Candle momentum weak|EMA slope weak,62.9826,242.51963426,271.07975229,-28.56011803,61512.39704969,60952.06715055,0.135754,0.657433,3.288594,0.325849,-0.1072,False,-0.3217,False,0.0,False,0.0,False
2026-07-03T11:03:13.475171+00:00,BNB/USDT,SHORT,NO TRADE,0.0,71.0,22.0,23.6,1.6,MACD weak,MACD weak|Volume weak|Candle momentum weak|EMA slope weak,67.38,2.02829883,1.85584236,0.17245647,560.72907695,557.42758165,0.194107,0.940012,-21.182654,0.53286,0.1943,True,-0.159,False,0.0,False,0.0,False
2026-07-03T11:03:19.758166+00:00,DOGE/USDT,SHORT,NO TRADE,0.0,68.0,21.0,23.4,2.4,RSI weak,RSI weak|Candle momentum weak|EMA slope weak|MACD weak,64.2121,0.00044841,0.00042917,1.925e-05,0.07461203,0.07388476,0.240474,1.056091,3.914703,0.519931,-0.8355,False,-1.6313,False,0.0,False,0.0,False
2026-07-03T11:08:23.320937+00:00,BTC/USDT,SHORT,NO TRADE,0.0,80.0,23.0,24.2,1.2,RSI weak,RSI weak|Candle momentum weak|EMA slope weak,62.9826,242.51963426,271.07975229,-28.56011803,61512.39704969,60952.06715055,0.135754,0.657433,3.288594,0.325849,-0.1072,False,-0.3217,False,0.0,False,0.0,False
2026-07-03T11:08:26.604905+00:00,BNB/USDT,SHORT,NO TRADE,0.0,71.0,22.0,23.6,1.6,MACD weak,MACD weak|Volume weak|Candle momentum weak|EMA slope weak,67.38,2.02829883,1.85584236,0.17245647,560.72907695,557.42758165,0.194107,0.940012,-21.182654,0.53286,0.1943,True,-0.159,False,0.0,False,0.0,False
2026-07-03T11:08:31.675293+00:00,DOGE/USDT,SHORT,NO TRADE,0.0,71.0,22.0,23.6,1.6,RSI weak,RSI weak|Candle momentum weak|EMA slope weak|MACD weak,64.2121,0.00044841,0.00042917,1.925e-05,0.07461203,0.07388476,0.240474,1.056091,3.914703,0.519931,-0.8355,False,-1.6313,False,0.0,False,0.0,False
2026-07-03T11:13:35.183352+00:00,BTC/USDT,SHORT,NO TRADE,0.0,80.0,23.0,24.2,1.2,RSI weak,RSI weak|Candle momentum weak|EMA slope weak,62.9826,242.51963426,271.07975229,-28.56011803,61512.39704969,60952.06715055,0.135754,0.657433,3.288594,0.325849,-0.1072,False,-0.3217,False,0.0,False,0.0,False
2026-07-03T11:13:38.254129+00:00,BNB/USDT,SHORT,NO TRADE,0.0,71.0,22.0,23.6,1.6,MACD weak,MACD weak|Volume weak|Candle momentum weak|EMA slope weak,67.38,2.02829883,1.85584236,0.17245647,560.72907695,557.42758165,0.194107,0.940012,-21.182654,0.53286,0.1943,True,-0.159,False,0.0,False,0.0,False
2026-07-03T11:13:45.651880+00:00,DOGE/USDT,SHORT,NO TRADE,0.0,71.0,22.0,23.6,1.6,RSI weak,RSI weak|Candle momentum weak|EMA slope weak|MACD weak,64.2121,0.00044841,0.00042917,1.925e-05,0.07461203,0.07388476,0.240474,1.056091,3.914703,0.519931,-0.8355,False,-1.6313,False,0.0,False,0.0,False
2026-07-03T11:18:50.103750+00:00,BTC/USDT,SHORT,NO TRADE,0.0,80.0,23.0,24.2,1.2,RSI weak,RSI weak|Candle momentum weak|EMA slope weak,62.9826,242.51963426,271.07975229,-28.56011803,61512.39704969,60952.06715055,0.135754,0.657433,3.288594,0.325849,-0.1072,False,-0.3217,False,0.0,False,0.0,False
2026-07-03T11:18:55.053785+00:00,BNB/USDT,SHORT,NO TRADE,0.0,71.0,22.0,23.6,1.6,MACD weak,MACD weak|Volume weak|Candle momentum weak|EMA slope weak,67.38,2.02829883,1.85584236,0.17245647,560.72907695,557.42758165,0.194107,0.940012,-21.182654,0.53286,0.1943,True,-0.159,False,0.0,False,0.0,False
2026-07-03T11:19:00.703000+00:00,DOGE/USDT,SHORT,NO TRADE,0.0,71.0,22.0,23.6,1.6,RSI weak,RSI weak|Candle momentum weak|EMA slope weak|MACD weak,64.2121,0.00044841,0.00042917,1.925e-05,0.07461203,0.07388476,0.240474,1.056091,3.914703,0.519931,-0.8355,False,-1.6313,False,0.0,False,0.0,False
2026-07-03T11:24:03.975892+00:00,BTC/USDT,SHORT,NO TRADE,0.0,80.0,23.0,24.2,1.2,RSI weak,RSI weak|Candle momentum weak|EMA slope weak,62.9826,242.51963426,271.07975229,-28.56011803,61512.39704969,60952.06715055,0.135754,0.657433,3.288594,0.325849,-0.1072,False,-0.3217,False,0.0,False,0.0,False
2026-07-03T11:24:08.073917+00:00,BNB/USDT,SHORT,NO TRADE,0.0,71.0,22.0,23.6,1.6,MACD weak,MACD weak|Volume weak|Candle momentum weak|EMA slope weak,67.38,2.02829883,1.85584236,0.17245647,560.72907695,557.42758165,0.194107,0.940012,-21.182654,0.53286,0.1943,True,-0.159,False,0.0,False,0.0,False
2026-07-03T11:24:12.965528+00:00,DOGE/USDT,SHORT,NO TRADE,0.0,71.0,22.0,23.6,1.6,RSI weak,RSI weak|Candle momentum weak|EMA slope weak|MACD weak,64.2121,0.00044841,0.00042917,1.925e-05,0.07461203,0.07388476,0.240474,1.056091,3.914703,0.519931,-0.8355,False,-1.6313,False,0.0,False,0.0,False
2026-07-03T11:29:17.567949+00:00,BTC/USDT,SHORT,NO TRADE,0.0,80.0,23.0,24.2,1.2,RSI weak,RSI weak|Candle momentum weak|EMA slope weak,62.9826,242.51963426,271.07975229,-28.56011803,61512.39704969,60952.06715055,0.135754,0.657433,3.288594,0.325849,-0.1072,False,-0.3217,False,0.0,False,0.0,False
2026-07-03T11:29:20.694294+00:00,BNB/USDT,SHORT,NO TRADE,0.0,71.0,22.0,23.6,1.6,MACD weak,MACD weak|Volume weak|Candle momentum weak|EMA slope weak,67.38,2.02829883,1.85584236,0.17245647,560.72907695,557.42758165,0.194107,0.940012,-21.182654,0.53286,0.1943,True,-0.159,False,0.0,False,0.0,False
2026-07-03T11:29:26.059422+00:00,DOGE/USDT,SHORT,NO TRADE,0.0,71.0,22.0,23.6,1.6,RSI weak,RSI weak|Candle momentum weak|EMA slope weak|MACD weak,64.2121,0.00044841,0.00042917,1.925e-05,0.07461203,0.07388476,0.240474,1.056091,3.914703,0.519931,-0.8355,False,-1.6313,False,0.0,False,0.0,False
2026-07-03T11:34:30.407686+00:00,BTC/USDT,SHORT,NO TRADE,0.0,80.0,23.0,24.2,1.2,RSI weak,RSI weak|Candle momentum weak|EMA slope weak,62.9826,242.51963426,271.07975229,-28.56011803,61512.39704969,60952.06715055,0.135754,0.657433,3.288594,0.325849,-0.1072,False,-0.3217,False,0.0,False,0.0,False
2026-07-03T11:34:33.763427+00:00,BNB/USDT,SHORT,NO TRADE,0.0,71.0,22.0,23.6,1.6,MACD weak,MACD weak|Volume weak|Candle momentum weak|EMA slope weak,67.38,2.02829883,1.85584236,0.17245647,560.72907695,557.42758165,0.194107,0.940012,-21.182654,0.53286,0.1943,True,-0.159,False,0.0,False,0.0,False
2026-07-03T11:34:38.919254+00:00,DOGE/USDT,SHORT,NO TRADE,0.0,71.0,22.0,23.6,1.6,RSI weak,RSI weak|Candle momentum weak|EMA slope weak|MACD weak,64.2121,0.00044841,0.00042917,1.925e-05,0.07461203,0.07388476,0.240474,1.056091,3.914703,0.519931,-0.8355,False,-1.6313,False,0.0,False,0.0,False
2026-07-03T11:39:42.793655+00:00,BTC/USDT,SHORT,NO TRADE,0.0,80.0,23.0,24.2,1.2,RSI weak,RSI weak|Candle momentum weak|EMA slope weak,62.9826,242.51963426,271.07975229,-28.56011803,61512.39704969,60952.06715055,0.135754,0.657433,3.288594,0.325849,-0.1072,False,-0.3217,False,0.0,False,0.0,False
2026-07-03T11:39:45.734826+00:00,BNB/USDT,SHORT,NO TRADE,0.0,71.0,22.0,23.6,1.6,MACD weak,MACD weak|Volume weak|Candle momentum weak|EMA slope weak,67.38,2.02829883,1.85584236,0.17245647,560.72907695,557.42758165,0.194107,0.940012,-21.182654,0.53286,0.1943,True,-0.159,False,0.0,False,0.0,False
2026-07-03T11:39:52.729710+00:00,DOGE/USDT,SHORT,NO TRADE,0.0,71.0,22.0,23.6,1.6,RSI weak,RSI weak|Candle momentum weak|EMA slope weak|MACD weak,64.2121,0.00044841,0.00042917,1.925e-05,0.07461203,0.07388476,0.240474,1.056091,3.914703,0.519931,-0.8355,False,-1.6313,False,0.0,False,0.0,False
2026-07-03T11:44:56.040961+00:00,BTC/USDT,SHORT,NO TRADE,0.0,80.0,23.0,24.2,1.2,RSI weak,RSI weak|Candle momentum weak|EMA slope weak,62.9826,242.51963426,271.07975229,-28.56011803,61512.39704969,60952.06715055,0.135754,0.657433,3.288594,0.325849,-0.1072,False,-0.3217,False,0.0,False,0.0,False
2026-07-03T11:44:59.473967+00:00,BNB/USDT,SHORT,NO TRADE,0.0,71.0,22.0,23.6,1.6,MACD weak,MACD weak|Volume weak|Candle momentum weak|EMA slope weak,67.38,2.02829883,1.85584236,0.17245647,560.72907695,557.42758165,0.194107,0.940012,-21.182654,0.53286,0.1943,True,-0.159,False,0.0,False,0.0,False
2026-07-03T11:45:06.448174+00:00,DOGE/USDT,SHORT,NO TRADE,0.0,71.0,22.0,23.6,1.6,RSI weak,RSI weak|Candle momentum weak|EMA slope weak|MACD weak,64.2121,0.00044841,0.00042917,1.925e-05,0.07461203,0.07388476,0.240474,1.056091,3.914703,0.519931,-0.8355,False,-1.6313,False,0.0,False,0.0,False
2026-07-03T11:50:10.273625+00:00,BTC/USDT,SHORT,NO TRADE,0.0,83.0,24.0,24.4,0.4,RSI weak,RSI weak|Candle momentum weak|EMA slope weak,62.9826,242.51963426,271.07975229,-28.56011803,61512.39704969,60952.06715055,0.135754,0.657433,3.288594,0.325849,-0.1072,False,-0.3217,False,0.0,False,0.0,False
2026-07-03T11:50:13.279374+00:00,BNB/USDT,SHORT,NO TRADE,0.0,71.0,22.0,23.6,1.6,MACD weak,MACD weak|Volume weak|Candle momentum weak|EMA slope weak,67.38,2.02829883,1.85584236,0.17245647,560.72907695,557.42758165,0.194107,0.940012,-21.182654,0.53286,0.1943,True,-0.159,False,0.0,False,0.0,False
2026-07-03T11:50:18.922511+00:00,DOGE/USDT,SHORT,NO TRADE,0.0,71.0,22.0,23.6,1.6,RSI weak,RSI weak|Candle momentum weak|EMA slope weak|MACD weak,64.2121,0.00044841,0.00042917,1.925e-05,0.07461203,0.07388476,0.240474,1.056091,3.914703,0.519931,-0.8355,False,-1.6313,False,0.0,False,0.0,False
2026-07-03T11:55:22.375740+00:00,BTC/USDT,SHORT,NO TRADE,0.0,83.0,24.0,24.4,0.4,RSI weak,RSI weak|Candle momentum weak|EMA slope weak,62.9826,242.51963426,271.07975229,-28.56011803,61512.39704969,60952.06715055,0.135754,0.657433,3.288594,0.325849,-0.1072,False,-0.3217,False,0.0,False,0.0,False
2026-07-03T11:55:27.088331+00:00,BNB/USDT,SHORT,NO TRADE,0.0,71.0,22.0,23.6,1.6,MACD weak,MACD weak|Volume weak|Candle momentum weak|EMA slope weak,67.38,2.02829883,1.85584236,0.17245647,560.72907695,557.42758165,0.194107,0.940012,-21.182654,0.53286,0.1943,True,-0.159,False,0.0,False,0.0,False
2026-07-03T11:55:32.138578+00:00,DOGE/USDT,SHORT,NO TRADE,0.0,71.0,22.0,23.6,1.6,RSI weak,RSI weak|Candle momentum weak|EMA slope weak|MACD weak,64.2121,0.00044841,0.00042917,1.925e-05,0.07461203,0.07388476,0.240474,1.056091,3.914703,0.519931,-0.8355,False,-1.6313,False,0.0,False,0.0,False
2026-07-03T12:00:40.030174+00:00,BNB/USDT,SHORT,NO TRADE,0.0,71.0,22.0,23.6,1.6,MACD weak,MACD weak|Volume weak|EMA slope weak|Candle momentum weak,68.6041,2.25929838,1.93653356,0.32276482,561.29773628,557.7912059,0.253795,0.96246,-27.473011,0.123675,-0.0353,False,0.0882,True,0.0,False,0.0,False
2026-07-03T12:00:46.001457+00:00,DOGE/USDT,SHORT,NO TRADE,0.0,71.0,22.0,23.6,1.6,Candle momentum weak,Candle momentum weak|EMA slope weak|MACD weak,68.9662,0.0005001,0.00044335,5.674e-05,0.0747385,0.07396536,0.349148,1.607602,122.959082,0.71618,-0.9086,False,-0.9086,False,0.0,False,0.0,False
2026-07-03T12:05:57.945243+00:00,BNB/USDT,SHORT,NO TRADE,0.0,71.0,22.0,23.6,1.6,MACD weak,MACD weak|Volume weak|EMA slope weak|Candle momentum weak,68.6041,2.25929838,1.93653356,0.32276482,561.29773628,557.7912059,0.253795,0.96246,-27.473011,0.123675,-0.0353,False,0.0882,True,0.0,False,0.0,False
2026-07-03T12:06:22.770875+00:00,DOGE/USDT,SHORT,NO TRADE,0.0,71.0,22.0,23.6,1.6,Candle momentum weak,Candle momentum weak|EMA slope weak|MACD weak,68.9662,0.0005001,0.00044335,5.674e-05,0.0747385,0.07396536,0.349148,1.607602,122.959082,0.71618,-0.9086,False,-0.9086,False,0.0,False,0.0,False
2026-07-03T12:11:29.998803+00:00,BNB/USDT,SHORT,NO TRADE,0.0,71.0,22.0,23.6,1.6,MACD weak,MACD weak|Volume weak|EMA slope weak|Candle momentum weak,68.6041,2.25929838,1.93653356,0.32276482,561.29773628,557.7912059,0.253795,0.96246,-27.473011,0.123675,-0.0353,False,0.0882,True,0.0,False,0.0,False
2026-07-03T12:11:35.158377+00:00,DOGE/USDT,SHORT,NO TRADE,0.0,71.0,22.0,23.6,1.6,Candle momentum weak,Candle momentum weak|EMA slope weak|MACD weak,68.9662,0.0005001,0.00044335,5.674e-05,0.0747385,0.07396536,0.349148,1.607602,122.959082,0.71618,-0.9086,False,-0.9086,False,0.0,False,0.0,False
2026-07-03T12:16:43.467222+00:00,BNB/USDT,SHORT,NO TRADE,0.0,71.0,22.0,23.6,1.6,MACD weak,MACD weak|Volume weak|EMA slope weak|Candle momentum weak,68.6041,2.25929838,1.93653356,0.32276482,561.29773628,557.7912059,0.253795,0.96246,-27.473011,0.123675,-0.0353,False,0.0882,True,0.0,False,0.0,False
2026-07-03T12:16:49.774273+00:00,DOGE/USDT,SHORT,NO TRADE,0.0,71.0,22.0,23.6,1.6,Candle momentum weak,Candle momentum weak|EMA slope weak|MACD weak,68.9662,0.0005001,0.00044335,5.674e-05,0.0747385,0.07396536,0.349148,1.607602,122.959082,0.71618,-0.9086,False,-0.9086,False,0.0,False,0.0,False
2026-07-03T12:21:57.522684+00:00,BNB/USDT,SHORT,NO TRADE,0.0,68.0,21.0,23.4,2.4,MACD weak,MACD weak|Volume weak|EMA slope weak|Candle momentum weak,68.6041,2.25929838,1.93653356,0.32276482,561.29773628,557.7912059,0.253795,0.96246,-27.473011,0.123675,-0.0353,False,0.0882,True,0.0,False,0.0,False
2026-07-03T12:22:02.651682+00:00,DOGE/USDT,SHORT,NO TRADE,0.0,71.0,22.0,23.6,1.6,Candle momentum weak,Candle momentum weak|EMA slope weak|MACD weak,68.9662,0.0005001,0.00044335,5.674e-05,0.0747385,0.07396536,0.349148,1.607602,122.959082,0.71618,-0.9086,False,-0.9086,False,0.0,False,0.0,False
2026-07-03T12:27:11.208967+00:00,BNB/USDT,SHORT,NO TRADE,0.0,62.0,19.0,21.4,2.4,MACD weak,MACD weak|Volume weak|EMA slope weak|Candle momentum weak,68.6041,2.25929838,1.93653356,0.32276482,561.29773628,557.7912059,0.253795,0.96246,-27.473011,0.123675,-0.0353,False,0.0882,True,0.0,False,0.0,False
2026-07-03T12:27:19.375170+00:00,DOGE/USDT,SHORT,NO TRADE,0.0,71.0,22.0,23.6,1.6,Candle momentum weak,Candle momentum weak|EMA slope weak|MACD weak,68.9662,0.0005001,0.00044335,5.674e-05,0.0747385,0.07396536,0.349148,1.607602,122.959082,0.71618,-0.9086,False,-0.9086,False,0.0,False,0.0,False
2026-07-03T12:32:25.939293+00:00,BNB/USDT,SHORT,NO TRADE,0.0,62.0,19.0,21.4,2.4,MACD weak,MACD weak|Volume weak|EMA slope weak|Candle momentum weak,68.6041,2.25929838,1.93653356,0.32276482,561.29773628,557.7912059,0.253795,0.96246,-27.473011,0.123675,-0.0353,False,0.0882,True,0.0,False,0.0,False
2026-07-03T12:32:32.144469+00:00,DOGE/USDT,SHORT,NO TRADE,0.0,71.0,22.0,23.6,1.6,Candle momentum weak,Candle momentum weak|EMA slope weak|MACD weak,68.9662,0.0005001,0.00044335,5.674e-05,0.0747385,0.07396536,0.349148,1.607602,122.959082,0.71618,-0.9086,False,-0.9086,False,0.0,False,0.0,False
2026-07-03T12:37:38.705296+00:00,BNB/USDT,SHORT,NO TRADE,0.0,62.0,19.0,21.4,2.4,MACD weak,MACD weak|Volume weak|EMA slope weak|Candle momentum weak,68.6041,2.25929838,1.93653356,0.32276482,561.29773628,557.7912059,0.253795,0.96246,-27.473011,0.123675,-0.0353,False,0.0882,True,0.0,False,0.0,False
2026-07-03T12:37:43.733531+00:00,DOGE/USDT,SHORT,NO TRADE,0.0,71.0,22.0,23.6,1.6,Candle momentum weak,Candle momentum weak|EMA slope weak|MACD weak,68.9662,0.0005001,0.00044335,5.674e-05,0.0747385,0.07396536,0.349148,1.607602,122.959082,0.71618,-0.9086,False,-0.9086,False,0.0,False,0.0,False
2026-07-03T12:42:51.745435+00:00,BNB/USDT,SHORT,NO TRADE,0.0,62.0,19.0,21.4,2.4,MACD weak,MACD weak|Volume weak|EMA slope weak|Candle momentum weak,68.6041,2.25929838,1.93653356,0.32276482,561.29773628,557.7912059,0.253795,0.96246,-27.473011,0.123675,-0.0353,False,0.0882,True,0.0,False,0.0,False
2026-07-03T12:42:58.292768+00:00,DOGE/USDT,SHORT,NO TRADE,0.0,71.0,22.0,23.6,1.6,Candle momentum weak,Candle momentum weak|EMA slope weak|MACD weak,68.9662,0.0005001,0.00044335,5.674e-05,0.0747385,0.07396536,0.349148,1.607602,122.959082,0.71618,-0.9086,False,-0.9086,False,0.0,False,0.0,False
2026-07-03T12:48:05.715918+00:00,BNB/USDT,SHORT,NO TRADE,0.0,62.0,19.0,21.4,2.4,MACD weak,MACD weak|Volume weak|EMA slope weak|Candle momentum weak,68.6041,2.25929838,1.93653356,0.32276482,561.29773628,557.7912059,0.253795,0.96246,-27.473011,0.123675,-0.0353,False,0.0882,True,0.0,False,0.0,False
2026-07-03T12:48:11.095103+00:00,DOGE/USDT,SHORT,NO TRADE,0.0,71.0,22.0,23.6,1.6,Candle momentum weak,Candle momentum weak|EMA slope weak|MACD weak,68.9662,0.0005001,0.00044335,5.674e-05,0.0747385,0.07396536,0.349148,1.607602,122.959082,0.71618,-0.9086,False,-0.9086,False,0.0,False,0.0,False
2026-07-03T12:53:17.748240+00:00,BNB/USDT,SHORT,NO TRADE,0.0,62.0,19.0,21.4,2.4,MACD weak,MACD weak|Volume weak|EMA slope weak|Candle momentum weak,68.6041,2.25929838,1.93653356,0.32276482,561.29773628,557.7912059,0.253795,0.96246,-27.473011,0.123675,-0.0353,False,0.0882,True,0.0,False,0.0,False
2026-07-03T12:53:22.901799+00:00,DOGE/USDT,SHORT,NO TRADE,0.0,71.0,22.0,23.6,1.6,Candle momentum weak,Candle momentum weak|EMA slope weak|MACD weak,68.9662,0.0005001,0.00044335,5.674e-05,0.0747385,0.07396536,0.349148,1.607602,122.959082,0.71618,-0.9086,False,-0.9086,False,0.0,False,0.0,False
2026-07-03T12:58:29.982597+00:00,BNB/USDT,SHORT,NO TRADE,0.0,62.0,19.0,21.4,2.4,MACD weak,MACD weak|Volume weak|EMA slope weak|Candle momentum weak,68.6041,2.25929838,1.93653356,0.32276482,561.29773628,557.7912059,0.253795,0.96246,-27.473011,0.123675,-0.0353,False,0.0882,True,0.0,False,0.0,False
2026-07-03T12:58:35.276986+00:00,DOGE/USDT,SHORT,NO TRADE,0.0,71.0,22.0,23.6,1.6,Candle momentum weak,Candle momentum weak|EMA slope weak|MACD weak,68.9662,0.0005001,0.00044335,5.674e-05,0.0747385,0.07396536,0.349148,1.607602,122.959082,0.71618,-0.9086,False,-0.9086,False,0.0,False,0.0,False
2026-07-03T13:03:43.427401+00:00,BNB/USDT,SHORT,NO TRADE,0.0,62.0,19.0,21.4,2.4,MACD weak,MACD weak|RSI weak|EMA slope weak,62.1459,2.27094421,2.00341569,0.26752852,561.64080902,558.06998214,0.261805,0.580298,17.944783,-0.317628,-0.2301,False,0.0,False,0.0,False,0.0,False
2026-07-03T13:03:51.387441+00:00,DOGE/USDT,SHORT,NO TRADE,0.0,71.0,22.0,23.6,1.6,EMA slope weak,EMA slope weak|Candle momentum weak|MACD weak,69.6889,0.00054207,0.0004631,7.897e-05,0.0748615,0.07404633,0.446024,1.560879,16.465999,0.118515,-0.7892,False,0.0,False,0.0,False,0.0,False
2026-07-03T13:08:59.484453+00:00,BNB/USDT,SHORT,NO TRADE,0.0,68.0,21.0,23.4,2.4,MACD weak,MACD weak|RSI weak|EMA slope weak,62.1459,2.27094421,2.00341569,0.26752852,561.64080902,558.06998214,0.261805,0.580298,17.944783,-0.317628,-0.2301,False,0.0,False,0.0,False,0.0,False
2026-07-03T13:09:06.582679+00:00,DOGE/USDT,SHORT,NO TRADE,0.0,71.0,22.0,23.6,1.6,EMA slope weak,EMA slope weak|Candle momentum weak|MACD weak,69.6889,0.00054207,0.0004631,7.897e-05,0.0748615,0.07404633,0.446024,1.560879,16.465999,0.118515,-0.7892,False,0.0,False,0.0,False,0.0,False
2026-07-03T13:14:14.225437+00:00,BNB/USDT,SHORT,NO TRADE,0.0,68.0,21.0,23.4,2.4,MACD weak,MACD weak|RSI weak|EMA slope weak,62.1459,2.27094421,2.00341569,0.26752852,561.64080902,558.06998214,0.261805,0.580298,17.944783,-0.317628,-0.2301,False,0.0,False,0.0,False,0.0,False
2026-07-03T13:14:19.970505+00:00,DOGE/USDT,SHORT,NO TRADE,0.0,71.0,22.0,23.6,1.6,EMA slope weak,EMA slope weak|Candle momentum weak|MACD weak,69.6889,0.00054207,0.0004631,7.897e-05,0.0748615,0.07404633,0.446024,1.560879,16.465999,0.118515,-0.7892,False,0.0,False,0.0,False,0.0,False
2026-07-03T13:19:26.920619+00:00,BNB/USDT,SHORT,NO TRADE,0.0,68.0,21.0,23.4,2.4,MACD weak,MACD weak|RSI weak|EMA slope weak,62.1459,2.27094421,2.00341569,0.26752852,561.64080902,558.06998214,0.261805,0.580298,17.944783,-0.317628,-0.2301,False,0.0,False,0.0,False,0.0,False
2026-07-03T13:19:32.794388+00:00,DOGE/USDT,SHORT,NO TRADE,0.0,71.0,22.0,23.6,1.6,EMA slope weak,EMA slope weak|Candle momentum weak|MACD weak,69.6889,0.00054207,0.0004631,7.897e-05,0.0748615,0.07404633,0.446024,1.560879,16.465999,0.118515,-0.7892,False,0.0,False,0.0,False,0.0,False
2026-07-03T13:24:41.520254+00:00,BNB/USDT,SHORT,NO TRADE,0.0,71.0,22.0,23.6,1.6,MACD weak,MACD weak|RSI weak|EMA slope weak,62.1459,2.27094421,2.00341569,0.26752852,561.64080902,558.06998214,0.261805,0.580298,17.944783,-0.317628,-0.2301,False,0.0,False,0.0,False,0.0,False
2026-07-03T13:24:46.722722+00:00,DOGE/USDT,SHORT,NO TRADE,0.0,71.0,22.0,23.6,1.6,EMA slope weak,EMA slope weak|Candle momentum weak|MACD weak,69.6889,0.00054207,0.0004631,7.897e-05,0.0748615,0.07404633,0.446024,1.560879,16.465999,0.118515,-0.7892,False,0.0,False,0.0,False,0.0,False
2026-07-03T13:29:53.966512+00:00,BNB/USDT,SHORT,NO TRADE,0.0,71.0,22.0,23.6,1.6,MACD weak,MACD weak|RSI weak|EMA slope weak,62.1459,2.27094421,2.00341569,0.26752852,561.64080902,558.06998214,0.261805,0.580298,17.944783,-0.317628,-0.2301,False,0.0,False,0.0,False,0.0,False
2026-07-03T13:29:59.180399+00:00,DOGE/USDT,SHORT,NO TRADE,0.0,71.0,22.0,23.6,1.6,EMA slope weak,EMA slope weak|Candle momentum weak|MACD weak,69.6889,0.00054207,0.0004631,7.897e-05,0.0748615,0.07404633,0.446024,1.560879,16.465999,0.118515,-0.7892,False,0.0,False,0.0,False,0.0,False
2026-07-03T13:35:06.410302+00:00,BNB/USDT,SHORT,NO TRADE,0.0,68.0,21.0,23.4,2.4,MACD weak,MACD weak|RSI weak|EMA slope weak,62.1459,2.27094421,2.00341569,0.26752852,561.64080902,558.06998214,0.261805,0.580298,17.944783,-0.317628,-0.2301,False,0.0,False,0.0,False,0.0,False
2026-07-03T13:35:10.915260+00:00,DOGE/USDT,SHORT,NO TRADE,0.0,71.0,22.0,23.6,1.6,EMA slope weak,EMA slope weak|Candle momentum weak|MACD weak,69.6889,0.00054207,0.0004631,7.897e-05,0.0748615,0.07404633,0.446024,1.560879,16.465999,0.118515,-0.7892,False,0.0,False,0.0,False,0.0,False
2026-07-03T13:40:17.734312+00:00,BNB/USDT,SHORT,NO TRADE,0.0,68.0,21.0,23.4,2.4,MACD weak,MACD weak|RSI weak|EMA slope weak,62.1459,2.27094421,2.00341569,0.26752852,561.64080902,558.06998214,0.261805,0.580298,17.944783,-0.317628,-0.2301,False,0.0,False,0.0,False,0.0,False
2026-07-03T13:40:23.621429+00:00,DOGE/USDT,SHORT,NO TRADE,0.0,71.0,22.0,23.6,1.6,EMA slope weak,EMA slope weak|Candle momentum weak|MACD weak,69.6889,0.00054207,0.0004631,7.897e-05,0.0748615,0.07404633,0.446024,1.560879,16.465999,0.118515,-0.7892,False,0.0,False,0.0,False,0.0,False
2026-07-03T13:45:30.642464+00:00,BNB/USDT,SHORT,NO TRADE,0.0,71.0,22.0,23.6,1.6,MACD weak,MACD weak|RSI weak|EMA slope weak,62.1459,2.27094421,2.00341569,0.26752852,561.64080902,558.06998214,0.261805,0.580298,17.944783,-0.317628,-0.2301,False,0.0,False,0.0,False,0.0,False
2026-07-03T13:45:36.097480+00:00,DOGE/USDT,SHORT,NO TRADE,0.0,71.0,22.0,23.6,1.6,EMA slope weak,EMA slope weak|Candle momentum weak|MACD weak,69.6889,0.00054207,0.0004631,7.897e-05,0.0748615,0.07404633,0.446024,1.560879,16.465999,0.118515,-0.7892,False,0.0,False,0.0,False,0.0,False
2026-07-03T13:50:43.742194+00:00,BNB/USDT,SHORT,NO TRADE,0.0,71.0,22.0,23.6,1.6,MACD weak,MACD weak|RSI weak|EMA slope weak,62.1459,2.27094421,2.00341569,0.26752852,561.64080902,558.06998214,0.261805,0.580298,17.944783,-0.317628,-0.2301,False,0.0,False,0.0,False,0.0,False
2026-07-03T13:50:50.261642+00:00,DOGE/USDT,SHORT,NO TRADE,0.0,71.0,22.0,23.6,1.6,EMA slope weak,EMA slope weak|Candle momentum weak|MACD weak,69.6889,0.00054207,0.0004631,7.897e-05,0.0748615,0.07404633,0.446024,1.560879,16.465999,0.118515,-0.7892,False,0.0,False,0.0,False,0.0,False
2026-07-03T13:55:56.714904+00:00,BNB/USDT,SHORT,NO TRADE,0.0,71.0,22.0,23.6,1.6,MACD weak,MACD weak|RSI weak|EMA slope weak,62.1459,2.27094421,2.00341569,0.26752852,561.64080902,558.06998214,0.261805,0.580298,17.944783,-0.317628,-0.2301,False,0.0,False,0.0,False,0.0,False
2026-07-03T13:56:03.033937+00:00,DOGE/USDT,SHORT,NO TRADE,0.0,71.0,22.0,23.6,1.6,EMA slope weak,EMA slope weak|Candle momentum weak|MACD weak,69.6889,0.00054207,0.0004631,7.897e-05,0.0748615,0.07404633,0.446024,1.560879,16.465999,0.118515,-0.7892,False,0.0,False,0.0,False,0.0,False
2026-07-03T14:01:11.248494+00:00,BNB/USDT,SHORT,NO TRADE,0.0,68.0,21.0,23.4,2.4,MACD weak,MACD weak|Volume weak|Candle momentum weak|EMA slope weak,65.9782,2.41373288,2.08547913,0.32825375,562.14168435,558.41625735,0.251923,0.846462,-12.262425,0.354045,0.0,False,0.0,False,0.0,False,0.0,False
2026-07-03T14:01:17.090188+00:00,DOGE/USDT,SHORT,NO TRADE,0.0,71.0,22.0,23.6,1.6,Candle momentum weak,Candle momentum weak|EMA slope weak|MACD weak,74.0309,0.00061664,0.00049381,0.00012284,0.07502993,0.07414765,0.560099,2.132575,184.53176,0.789162,0.0,False,0.0,False,0.0,False,0.0,False
2026-07-03T14:06:25.352047+00:00,BNB/USDT,SHORT,NO TRADE,0.0,68.0,21.0,23.4,2.4,MACD weak,MACD weak|Volume weak|Candle momentum weak|EMA slope weak,65.9782,2.41373288,2.08547913,0.32825375,562.14168435,558.41625735,0.251923,0.846462,-12.262425,0.354045,0.0,False,0.0,False,0.0,False,0.0,False
2026-07-03T14:06:30.842042+00:00,DOGE/USDT,SHORT,NO TRADE,0.0,71.0,22.0,23.6,1.6,Candle momentum weak,Candle momentum weak|EMA slope weak|MACD weak,74.0309,0.00061664,0.00049381,0.00012284,0.07502993,0.07414765,0.560099,2.132575,184.53176,0.789162,0.0,False,0.0,False,0.0,False,0.0,False
2026-07-03T14:11:37.700362+00:00,BNB/USDT,SHORT,NO TRADE,0.0,68.0,21.0,23.4,2.4,MACD weak,MACD weak|Volume weak|Candle momentum weak|EMA slope weak,65.9782,2.41373288,2.08547913,0.32825375,562.14168435,558.41625735,0.251923,0.846462,-12.262425,0.354045,0.0,False,0.0,False,0.0,False,0.0,False
2026-07-03T14:11:45.498121+00:00,DOGE/USDT,SHORT,NO TRADE,0.0,71.0,22.0,23.6,1.6,Candle momentum weak,Candle momentum weak|EMA slope weak|MACD weak,74.0309,0.00061664,0.00049381,0.00012284,0.07502993,0.07414765,0.560099,2.132575,184.53176,0.789162,0.0,False,0.0,False,0.0,False,0.0,False
2026-07-03T14:16:52.394397+00:00,BNB/USDT,SHORT,NO TRADE,0.0,62.0,19.0,21.4,2.4,MACD weak,MACD weak|Volume weak|Candle momentum weak|EMA slope weak,65.9782,2.41373288,2.08547913,0.32825375,562.14168435,558.41625735,0.251923,0.846462,-12.262425,0.354045,0.0,False,0.0,False,0.0,False,0.0,False
2026-07-03T14:16:58.906884+00:00,DOGE/USDT,SHORT,NO TRADE,0.0,71.0,22.0,23.6,1.6,Candle momentum weak,Candle momentum weak|EMA slope weak|MACD weak,74.0309,0.00061664,0.00049381,0.00012284,0.07502993,0.07414765,0.560099,2.132575,184.53176,0.789162,0.0,False,0.0,False,0.0,False,0.0,False
2026-07-03T14:22:06.524036+00:00,BNB/USDT,SHORT,NO TRADE,0.0,56.0,16.0,18.4,2.4,MACD weak,MACD weak|Volume weak|Candle momentum weak|EMA slope weak,65.9782,2.41373288,2.08547913,0.32825375,562.14168435,558.41625735,0.251923,0.846462,-12.262425,0.354045,0.0,False,0.0,False,0.0,False,0.0,False
2026-07-03T14:22:11.717719+00:00,DOGE/USDT,SHORT,NO TRADE,0.0,62.0,19.0,21.4,2.4,Candle momentum weak,Candle momentum weak|EMA slope weak|MACD weak,74.0309,0.00061664,0.00049381,0.00012284,0.07502993,0.07414765,0.560099,2.132575,184.53176,0.789162,0.0,False,0.0,False,0.0,False,0.0,False
2026-07-03T14:27:18.035045+00:00,BNB/USDT,SHORT,NO TRADE,0.0,62.0,19.0,21.4,2.4,MACD weak,MACD weak|Volume weak|Candle momentum weak|EMA slope weak,65.9782,2.41373288,2.08547913,0.32825375,562.14168435,558.41625735,0.251923,0.846462,-12.262425,0.354045,0.0,False,0.0,False,0.0,False,0.0,False
2026-07-03T14:27:24.660604+00:00,DOGE/USDT,SHORT,NO TRADE,0.0,65.0,20.0,21.6,1.6,Candle momentum weak,Candle momentum weak|EMA slope weak|MACD weak,74.0309,0.00061664,0.00049381,0.00012284,0.07502993,0.07414765,0.560099,2.132575,184.53176,0.789162,0.0,False,0.0,False,0.0,False,0.0,False
2026-07-03T14:32:31.307421+00:00,BNB/USDT,SHORT,NO TRADE,0.0,62.0,19.0,21.4,2.4,MACD weak,MACD weak|Volume weak|Candle momentum weak|EMA slope weak,65.9782,2.41373288,2.08547913,0.32825375,562.14168435,558.41625735,0.251923,0.846462,-12.262425,0.354045,0.0,False,0.0,False,0.0,False,0.0,False
2026-07-03T14:32:37.723238+00:00,DOGE/USDT,SHORT,NO TRADE,0.0,71.0,22.0,23.6,1.6,Candle momentum weak,Candle momentum weak|EMA slope weak|MACD weak,74.0309,0.00061664,0.00049381,0.00012284,0.07502993,0.07414765,0.560099,2.132575,184.53176,0.789162,0.0,False,0.0,False,0.0,False,0.0,False
2026-07-03T14:37:45.032945+00:00,BNB/USDT,SHORT,NO TRADE,0.0,62.0,19.0,21.4,2.4,MACD weak,MACD weak|Volume weak|Candle momentum weak|EMA slope weak,65.9782,2.41373288,2.08547913,0.32825375,562.14168435,558.41625735,0.251923,0.846462,-12.262425,0.354045,0.0,False,0.0,False,0.0,False,0.0,False
2026-07-03T14:37:50.675371+00:00,DOGE/USDT,SHORT,NO TRADE,0.0,71.0,22.0,23.6,1.6,Candle momentum weak,Candle momentum weak|EMA slope weak|MACD weak,74.0309,0.00061664,0.00049381,0.00012284,0.07502993,0.07414765,0.560099,2.132575,184.53176,0.789162,0.0,False,0.0,False,0.0,False,0.0,False
2026-07-03T14:42:57.716465+00:00,BNB/USDT,SHORT,NO TRADE,0.0,62.0,19.0,21.4,2.4,MACD weak,MACD weak|Volume weak|Candle momentum weak|EMA slope weak,65.9782,2.41373288,2.08547913,0.32825375,562.14168435,558.41625735,0.251923,0.846462,-12.262425,0.354045,0.0,False,0.0,False,0.0,False,0.0,False
2026-07-03T14:43:03.031774+00:00,DOGE/USDT,SHORT,NO TRADE,0.0,71.0,22.0,23.6,1.6,Candle momentum weak,Candle momentum weak|EMA slope weak|MACD weak,74.0309,0.00061664,0.00049381,0.00012284,0.07502993,0.07414765,0.560099,2.132575,184.53176,0.789162,0.0,False,0.0,False,0.0,False,0.0,False
2026-07-03T14:48:10.452316+00:00,BNB/USDT,SHORT,NO TRADE,0.0,62.0,19.0,21.4,2.4,MACD weak,MACD weak|Volume weak|Candle momentum weak|EMA slope weak,65.9782,2.41373288,2.08547913,0.32825375,562.14168435,558.41625735,0.251923,0.846462,-12.262425,0.354045,0.0,False,0.0,False,0.0,False,0.0,False
2026-07-03T14:48:16.362396+00:00,DOGE/USDT,SHORT,NO TRADE,0.0,71.0,22.0,23.6,1.6,Candle momentum weak,Candle momentum weak|EMA slope weak|MACD weak,74.0309,0.00061664,0.00049381,0.00012284,0.07502993,0.07414765,0.560099,2.132575,184.53176,0.789162,0.0,False,0.0,False,0.0,False,0.0,False
2026-07-03T14:53:22.064699+00:00,BNB/USDT,SHORT,NO TRADE,0.0,68.0,21.0,23.4,2.4,MACD weak,MACD weak|Volume weak|Candle momentum weak|EMA slope weak,65.9782,2.41373288,2.08547913,0.32825375,562.14168435,558.41625735,0.251923,0.846462,-12.262425,0.354045,0.0,False,0.0,False,0.0,False,0.0,False
2026-07-03T14:53:28.376145+00:00,DOGE/USDT,SHORT,NO TRADE,0.0,71.0,22.0,23.6,1.6,Candle momentum weak,Candle momentum weak|EMA slope weak|MACD weak,74.0309,0.00061664,0.00049381,0.00012284,0.07502993,0.07414765,0.560099,2.132575,184.53176,0.789162,0.0,False,0.0,False,0.0,False,0.0,False
2026-07-03T14:55:14.366623+00:00,BNB/USDT,SHORT,NO TRADE,0.0,68.0,21.0,23.4,2.4,MACD weak,MACD weak|Volume weak|Candle momentum weak|EMA slope weak,65.9782,2.41373288,2.08547913,0.32825375,562.14168435,558.41625735,0.251923,0.846462,-12.262425,0.354045,0.0,False,0.0,False,0.0,False,0.0,False
2026-07-03T14:55:18.911756+00:00,DOGE/USDT,SHORT,NO TRADE,0.0,74.0,23.0,23.8,0.8,Candle momentum weak,Candle momentum weak|EMA slope weak|MACD weak,74.0309,0.00061664,0.00049381,0.00012284,0.07502993,0.07414765,0.560099,2.132575,184.53176,0.789162,0.0,False,0.0,False,0.0,False,0.0,False
2026-07-03T14:58:31.525563+00:00,BNB/USDT,SHORT,NO TRADE,0.0,68.0,21.0,23.4,2.4,MACD weak,MACD weak|Volume weak|Candle momentum weak|EMA slope weak,65.9782,2.41373288,2.08547913,0.32825375,562.14168435,558.41625735,0.251923,0.846462,-12.262425,0.354045,0.0,False,0.0,False,0.0,False,0.0,False
2026-07-03T14:58:37.087688+00:00,DOGE/USDT,SHORT,NO TRADE,0.0,74.0,23.0,23.8,0.8,Candle momentum weak,Candle momentum weak|EMA slope weak|MACD weak,74.0309,0.00061664,0.00049381,0.00012284,0.07502993,0.07414765,0.560099,2.132575,184.53176,0.789162,0.0,False,0.0,False,0.0,False,0.0,False
2026-07-03T15:00:38.855301+00:00,BNB/USDT,SHORT,NO TRADE,0.0,68.0,21.0,23.4,2.4,MACD weak,MACD weak|RSI weak|EMA slope weak,63.553,2.44225697,2.1568347,0.28542227,562.5281906,558.72150216,0.219216,0.652733,21.130522,-0.123479,0.0,False,0.0,False,0.0,False,0.0,False
2026-07-03T15:00:45.821126+00:00,DOGE/USDT,SHORT,NO TRADE,0.0,74.0,23.0,23.8,0.8,EMA slope weak,EMA slope weak|MACD weak|Candle momentum weak,74.0309,0.00066804,0.00052865,0.00013939,0.07518232,0.07424499,0.593825,1.925561,43.333149,0.0,0.0,False,0.0,False,0.0,False,0.0,False
2026-07-03T15:03:43.280498+00:00,BNB/USDT,SHORT,NO TRADE,0.0,68.0,21.0,23.4,2.4,MACD weak,MACD weak|RSI weak|EMA slope weak,63.553,2.44225697,2.1568347,0.28542227,562.5281906,558.72150216,0.219216,0.652733,21.130522,-0.123479,0.0,False,0.0,False,0.0,False,0.0,False
2026-07-03T15:03:48.700374+00:00,DOGE/USDT,SHORT,NO TRADE,0.0,74.0,23.0,23.8,0.8,EMA slope weak,EMA slope weak|MACD weak|Candle momentum weak,74.0309,0.00066804,0.00052865,0.00013939,0.07518232,0.07424499,0.593825,1.925561,43.333149,0.0,0.0,False,0.0,False,0.0,False,0.0,False
2026-07-03T15:06:14.712804+00:00,BNB/USDT,SHORT,NO TRADE,0.0,68.0,21.0,23.4,2.4,MACD weak,MACD weak|RSI weak|EMA slope weak,63.553,2.44225697,2.1568347,0.28542227,562.5281906,558.72150216,0.219216,0.652733,21.130522,-0.123479,0.0,False,0.0,False,0.0,False,0.0,False
2026-07-03T15:06:20.833809+00:00,DOGE/USDT,SHORT,NO TRADE,0.0,74.0,23.0,23.8,0.8,EMA slope weak,EMA slope weak|MACD weak|Candle momentum weak,74.0309,0.00066804,0.00052865,0.00013939,0.07518232,0.07424499,0.593825,1.925561,43.333149,0.0,0.0,False,0.0,False,0.0,False,0.0,False
2026-07-03T15:08:55.208561+00:00,BNB/USDT,SHORT,NO TRADE,0.0,71.0,22.0,23.6,1.6,MACD weak,MACD weak|RSI weak|EMA slope weak,63.553,2.44225697,2.1568347,0.28542227,562.5281906,558.72150216,0.219216,0.652733,21.130522,-0.123479,0.0,False,0.0,False,0.0,False,0.0,False
2026-07-03T15:09:00.591995+00:00,DOGE/USDT,SHORT,NO TRADE,0.0,74.0,23.0,23.8,0.8,EMA slope weak,EMA slope weak|MACD weak|Candle momentum weak,74.0309,0.00066804,0.00052865,0.00013939,0.07518232,0.07424499,0.593825,1.925561,43.333149,0.0,0.0,False,0.0,False,0.0,False,0.0,False
2026-07-03T15:12:01.058600+00:00,BNB/USDT,SHORT,NO TRADE,0.0,71.0,22.0,23.6,1.6,MACD weak,MACD weak|RSI weak|EMA slope weak,63.553,2.44225697,2.1568347,0.28542227,562.5281906,558.72150216,0.219216,0.652733,21.130522,-0.123479,0.0,False,0.0,False,0.0,False,0.0,False
2026-07-03T15:12:08.371011+00:00,DOGE/USDT,SHORT,NO TRADE,0.0,74.0,23.0,23.8,0.8,EMA slope weak,EMA slope weak|MACD weak|Candle momentum weak,74.0309,0.00066804,0.00052865,0.00013939,0.07518232,0.07424499,0.593825,1.925561,43.333149,0.0,0.0,False,0.0,False,0.0,False,0.0,False
2026-07-03T15:14:09.336690+00:00,BNB/USDT,SHORT,NO TRADE,0.0,68.0,21.0,23.4,2.4,MACD weak,MACD weak|RSI weak|EMA slope weak,63.553,2.44225697,2.1568347,0.28542227,562.5281906,558.72150216,0.219216,0.652733,21.130522,-0.123479,0.0,False,0.0,False,0.0,False,0.0,False
2026-07-03T15:14:14.548739+00:00,DOGE/USDT,SHORT,NO TRADE,0.0,74.0,23.0,23.8,0.8,EMA slope weak,EMA slope weak|MACD weak|Candle momentum weak,74.0309,0.00066804,0.00052865,0.00013939,0.07518232,0.07424499,0.593825,1.925561,43.333149,0.0,0.0,False,0.0,False,0.0,False,0.0,False
2026-07-03T15:17:38.967386+00:00,BNB/USDT,SHORT,NO TRADE,0.0,68.0,21.0,23.4,2.4,MACD weak,MACD weak|RSI weak|EMA slope weak,63.553,2.44225697,2.1568347,0.28542227,562.5281906,558.72150216,0.219216,0.652733,21.130522,-0.123479,0.0,False,0.0,False,0.0,False,0.0,False
2026-07-03T15:17:47.254634+00:00,DOGE/USDT,SHORT,NO TRADE,0.0,74.0,23.0,23.8,0.8,EMA slope weak,EMA slope weak|MACD weak|Candle momentum weak,74.0309,0.00066804,0.00052865,0.00013939,0.07518232,0.07424499,0.593825,1.925561,43.333149,0.0,0.0,False,0.0,False,0.0,False,0.0,False
2026-07-03T15:19:43.162984+00:00,BNB/USDT,SHORT,NO TRADE,0.0,68.0,21.0,23.4,2.4,MACD weak,MACD weak|RSI weak|EMA slope weak,63.553,2.44225697,2.1568347,0.28542227,562.5281906,558.72150216,0.219216,0.652733,21.130522,-0.123479,0.0,False,0.0,False,0.0,False,0.0,False
2026-07-03T15:19:52.383182+00:00,DOGE/USDT,SHORT,NO TRADE,0.0,74.0,23.0,23.8,0.8,EMA slope weak,EMA slope weak|MACD weak|Candle momentum weak,74.0309,0.00066804,0.00052865,0.00013939,0.07518232,0.07424499,0.593825,1.925561,43.333149,0.0,0.0,False,0.0,False,0.0,False,0.0,False
