timestamp,setup_id,setup_active,symbol,price,direction,score,trend_score,structure_score,entry_score,rr_score,distance_to_entry_zone,distance_penalty,raw_signal,raw_confidence,final_signal,final_confidence,signal,confidence,entry,stop_loss,take_profit,rr,reason,comment,notify,timeframe,atr_1h,atr_4h,atr_1d,price_position_1h,price_position_4h,price_position_1d,trend_ema_1h,trend_ema_4h,trend_ema_1d,trend_macd_1h,trend_macd_4h,trend_macd_1d
2026-06-23T13:53:51.319694+00:00,,,BTC/USDT,62443.3,NO TRADE,45%,,,,,,,NO TRADE,45%,NO TRADE,45%,NO TRADE,45%,,,,,"Конфликт сигналов между таймфреймами, высокая волатильность (ATR14=2131 на 1d) и неоднозначность RSI (ниже 30 на 1h, но выше на 4h/1d).",,,,,,,,,,,,,,,
2026-06-23T13:55:27.321161+00:00,,,ETH/USDT,1661.7,NO TRADE,45%,,,,,,,NO TRADE,45%,NO TRADE,45%,NO TRADE,45%,,,,,Конфликт сигналов между таймфреймами и RSI14 ниже 30 снижает уверенность в медвежьем тренде.,,,,,,,,,,,,,,,
2026-06-23T13:56:38.899269+00:00,,,SOL/USDT,69.08,NO TRADE,55%,,,,,,,NO TRADE,55%,NO TRADE,55%,NO TRADE,55%,,,,,"Конфликт сигналов между таймфреймами, слабый медвежий тренд на 1D и 1H противоречит нейтральному 4H. RSI14 на 1H указывает на перепроданность, но не подтверждает уверенность в SHORT.",,,,,,,,,,,,,,,
2026-06-23T14:09:50.900958+00:00,,,BTC/USDT,62523.0,NO TRADE,55%,,,,,,,NO TRADE,55%,NO TRADE,55%,NO TRADE,55%,62523.0,,,,"Конфликтующие сигналы MACD на 1d и RSI, слабая согласованность трендов, цена в середине диапазона без явного пробоя.",,,multi,403.79413221677703,785.9902918867158,2131.137773344715,21.597362154240702,15.970416124837463,41.518299621893455,BEARISH,BEARISH,BEARISH,BEARISH,BEARISH,BULLISH
2026-06-23T14:11:31.314731+00:00,,,ETH/USDT,1663.45,NO TRADE,55%,,,,,,,NO TRADE,55%,NO TRADE,55%,NO TRADE,55%,1663.45,,,,"Тренды 1d, 4h и 1h согласованы в медвежьем направлении, но RSI14 (31.25–36.80) не подтверждает сильную перепроданность, а цена находится в середине диапазона 20 свечей (45.87% на 1d), что снижает уверенность в SHORT. MACD на 1d показывает противоречивый сигнал (BULLISH Histogram), что ослабляет тренд.",,,multi,14.519333345194685,28.648018502523207,79.7873256750541,27.485768500948772,19.920236539916118,45.87262440156684,BEARISH,BEARISH,BEARISH,BEARISH,BEARISH,BULLISH
2026-06-23T14:12:29.864039+00:00,,,SOL/USDT,69.26,NO TRADE,45%,,,,,,,NO TRADE,45%,NO TRADE,45%,NO TRADE,45%,69.26,,,,"Конфликт трендов на 1d (BEARISH) и 4h (BULLISH), слабый сигнал на 1h (BEARISH). Цена близка к нижней границе диапазона, но отсутствие согласованных сигналов снижает уверенность.",,,multi,0.710047457265338,1.4915605266243894,3.8457976418412074,22.916666666666856,16.058394160584047,57.29492798998126,BEARISH,BULLISH,BEARISH,BEARISH,BEARISH,BULLISH
2026-06-23T14:25:29.489659+00:00,,,BTC/USDT,62644.1,NO TRADE,55%,,,,,,,NO TRADE,55%,NO TRADE,55%,NO TRADE,55%,62644.1,,,,Конфликт трендов на 1d (BULLISH MACD) и 4h/1h (BEARISH). Цена в середине диапазона 20 свечей без явного пробоя. RSI не подтверждает сильный SHORT.,,,multi,420.6155607882056,802.8117204581444,2131.137773344715,26.03407217439086,19.251192024273927,42.96709616631793,BEARISH,BEARISH,BEARISH,BEARISH,BEARISH,BULLISH
2026-06-23T14:27:31.145935+00:00,,,ETH/USDT,0.0,NO TRADE,0%,,,,,,,NO TRADE,0%,NO TRADE,0%,NO TRADE,0%,0.0,,,,"Ошибка анализа ETH/USDT: HTTPConnectionPool(host='localhost', port=11434): Read timed out. (read timeout=120)",,,multi,,,,,,,,,,,,
2026-06-23T14:29:32.135926+00:00,,,SOL/USDT,0.0,NO TRADE,0%,,,,,,,NO TRADE,0%,NO TRADE,0%,NO TRADE,0%,0.0,,,,"Ошибка анализа SOL/USDT: HTTPConnectionPool(host='localhost', port=11434): Read timed out. (read timeout=120)",,,multi,,,,,,,,,,,,
2026-06-23T14:43:25.107230+00:00,,,BTC/USDT,62603.7,NO TRADE,45%,,,,,,,NO TRADE,45%,NO TRADE,45%,NO TRADE,45%,62603.7,,,,"Конфликт трендов на 1d (BULLISH MACD) и медвежьих EMA/MACD на 4h/1h. Цена в середине диапазона 20 свечей на 1d, RSI не подтверждает сильный SHORT. Низкая уверенность из-за несогласованных сигналов.",,,multi,420.6155607882056,802.8117204581444,2131.137773344715,24.553947609452173,18.63079757260505,42.719919728840054,BEARISH,BEARISH,BEARISH,BEARISH,BEARISH,BULLISH
2026-06-23T14:47:18.428331+00:00,,,BTC/USDT,62515.9,NO TRADE,55%,,,,,,,NO TRADE,55%,NO TRADE,55%,NO TRADE,55%,62515.9,,,,Конфликт трендов на 1D (BULLISH MACD) и медвежьих EMA/MACD на 4h/1h. Цена в середине диапазона 20 свечей без явного пробоя. RSI <30 снижает уверенность в SHORT из-за риска отскока.,,,multi,420.6155607882056,802.8117204581444,2131.137773344715,21.33724125297679,15.778066753359393,41.43142077505721,BEARISH,BEARISH,BEARISH,BEARISH,BEARISH,BULLISH
2026-06-23T14:49:22.562900+00:00,,,ETH/USDT,1662.14,NO TRADE,55%,,,,,,,NO TRADE,55%,NO TRADE,55%,NO TRADE,55%,1662.14,,,,"Конфликт между медвежьим трендом на 1d/4h/1h и RSI около 30, снижающий уверенность в SHORT. Цена в середине диапазона 20 свечей на 1d без четкого пробоя границ.",,,multi,14.970047630908967,28.983732788237496,79.7873256750541,26.24288425047444,18.923193288867477,45.45190773248224,BEARISH,BEARISH,BEARISH,BEARISH,BEARISH,BULLISH
2026-06-23T14:50:59.213799+00:00,,,SOL/USDT,69.26,NO TRADE,45%,,,,,,,NO TRADE,45%,NO TRADE,45%,NO TRADE,45%,69.26,,,,"Конфликт трендов на 1d (BEARISH) и 4h (BULLISH), противоречие EMA и MACD на 1h, цена в нижней части диапазона без четкого согласованного сигнала.",,,multi,0.7250474572653376,1.5051319551958178,3.8457976418412074,22.916666666666856,16.058394160584047,57.29492798998126,BEARISH,BULLISH,BEARISH,BEARISH,BEARISH,BULLISH
2026-06-23T15:41:00.207705+00:00,,,BTC/USDT,62349.4,NO TRADE,55%,,,,,,,NO TRADE,55%,NO TRADE,55%,NO TRADE,55%,62349.4,,,,"Конфликт трендов на 1d (MACD BULLISH vs EMA BEARISH), RSI в зоне перепроданности снижает уверенность в SHORT, цена близка к нижней границе диапазона, но сигналы не согласованы.",,,multi,415.4215929770676,802.8117204581444,2131.137773344715,15.237222934603462,11.264629388816733,39.39282698873024,BEARISH,BEARISH,BEARISH,BEARISH,BEARISH,BULLISH
2026-06-23T15:42:41.239798+00:00,,,ETH/USDT,1655.86,NO TRADE,55%,,,,,,,NO TRADE,55%,NO TRADE,55%,NO TRADE,55%,1655.86,,,,"Конфликт трендов на 1d и 1h, RSI14 на 1h в зоне перепроданности снижает уверенность в SHORT, но медвежий тренд на старших таймфреймах противоречит возможному LONG.",,,multi,14.760045187656017,28.983732788237496,79.7873256750541,20.284629981024537,14.742487794815407,43.68779921659659,BEARISH,BEARISH,BEARISH,BEARISH,BEARISH,BULLISH
2026-06-23T15:43:55.624524+00:00,,,SOL/USDT,68.7,NO TRADE,55%,,,,,,,NO TRADE,55%,NO TRADE,55%,NO TRADE,55%,68.7,,,,"Конфликт трендов на 1d (BEARISH) и 4h (BULLISH), противоречие EMA и MACD на 4h, цена в середине диапазона 20 свечей без четкого согласованного сигнала.",,,multi,0.7218298189694596,1.5122748123386756,3.8457976418412074,11.250000000000137,7.883211678832199,53.788353162179114,BEARISH,BULLISH,BEARISH,BEARISH,BEARISH,BULLISH
2026-06-23T16:52:08.365163+00:00,,,BTC/USDT,62544.3,NO TRADE,45%,,,,,,,NO TRADE,45%,NO TRADE,45%,NO TRADE,45%,62544.3,,,,"Конфликт трендов (медвежий на 1h/4h, бычий на 1d), RSI не подтверждает SHORT, цена в середине диапазона без явного пробоя.",,,multi,415.0914943991699,774.8108639328823,2131.137773344715,23.981154299175614,16.54746423927187,41.77893616240228,BEARISH,BEARISH,BEARISH,BEARISH,BEARISH,BULLISH
2026-06-23T16:53:58.320831+00:00,,,ETH/USDT,1660.46,NO TRADE,55%,,,,,,,NO TRADE,55%,NO TRADE,55%,NO TRADE,55%,1660.46,,,,"Конфликт между медвежьим трендом (EMA/MACD) и RSI14 (ниже 30, указывающий на риск отскока). Тренировочные уровни не согласованы, RSI14 снижает уверенность в SHORT.",,,multi,14.897951216231634,28.07846546406095,79.7873256750541,25.220852344432597,17.823007632538033,44.987668649354454,BEARISH,BEARISH,BEARISH,BEARISH,BEARISH,BULLISH
2026-06-23T16:55:04.859629+00:00,,,SOL/USDT,68.9,NO TRADE,45%,,,,,,,NO TRADE,45%,NO TRADE,45%,NO TRADE,45%,68.9,,,,"Конфликт трендов на 1d и 4h, цена у нижней границы диапазона без согласованного сигнала.",,,multi,0.7224644584328531,1.456449054645507,3.8457976418412074,15.448851774530443,10.656934306569388,54.978083907326244,BEARISH,BULLISH,BEARISH,BEARISH,BEARISH,BULLISH
2026-06-23T19:05:57.728459+00:00,,,BTC/USDT,0.0,NO TRADE,0%,,,,,,,NO TRADE,0%,NO TRADE,0%,NO TRADE,0%,0.0,,,,"Ошибка анализа BTC/USDT: HTTPConnectionPool(host='localhost', port=11434): Max retries exceeded with url: /api/generate (Caused by NewConnectionError(""HTTPConnection(host='localhost', port=11434): Failed to establish a new connection: [Errno 61] Connection refused""))",,,multi,,,,,,,,,,,,
2026-06-23T19:05:58.803439+00:00,,,ETH/USDT,0.0,NO TRADE,0%,,,,,,,NO TRADE,0%,NO TRADE,0%,NO TRADE,0%,0.0,,,,"Ошибка анализа ETH/USDT: HTTPConnectionPool(host='localhost', port=11434): Max retries exceeded with url: /api/generate (Caused by NewConnectionError(""HTTPConnection(host='localhost', port=11434): Failed to establish a new connection: [Errno 61] Connection refused""))",,,multi,,,,,,,,,,,,
2026-06-23T19:05:59.802304+00:00,,,SOL/USDT,0.0,NO TRADE,0%,,,,,,,NO TRADE,0%,NO TRADE,0%,NO TRADE,0%,0.0,,,,"Ошибка анализа SOL/USDT: HTTPConnectionPool(host='localhost', port=11434): Max retries exceeded with url: /api/generate (Caused by NewConnectionError(""HTTPConnection(host='localhost', port=11434): Failed to establish a new connection: [Errno 61] Connection refused""))",,,multi,,,,,,,,,,,,
2026-06-23T19:09:03.241815+00:00,,,BTC/USDT,62388.8,NO TRADE,45%,,,,,,,NO TRADE,45%,NO TRADE,45%,NO TRADE,45%,62388.8,,,,"Конфликтующие тренды на 1d и 1h, слабый сигнал из-за противоречивых индикаторов и низкой уверенности в направлении.",,,multi,390.93990618781703,797.468006790025,2131.137773344715,19.45144614858818,12.334742089293544,39.87616705211509,BEARISH,BEARISH,BEARISH,BEARISH,BEARISH,BULLISH
2026-06-23T19:10:31.867241+00:00,,,ETH/USDT,1658.45,NO TRADE,45%,,,,,,,NO TRADE,45%,NO TRADE,45%,NO TRADE,45%,1658.45,,,,"Конфликт трендов на 1d и 4h, RSI не подтверждает сильный медвежий сигнал, цена в середине диапазона без четкого направления.",,,multi,13.782829906079158,28.65632260691809,79.7873256750541,23.53229923424313,16.482156363886418,44.42187726679243,BEARISH,BEARISH,BEARISH,BEARISH,BEARISH,BULLISH
2026-06-23T19:12:19.453662+00:00,,,BTC/USDT,62321.9,NO TRADE,45%,,,,,,,NO TRADE,45%,NO TRADE,45%,NO TRADE,45%,62321.9,,,,"Конфликт трендов на 1d (MACD Histogram положительный) и медвежий тренд на 4h/1h. Цена в середине диапазона 20 свечей на 1d, RSI близок к 30, но не подтверждает сильный SHORT. Высокий ATR14 усиливает риск.",,,multi,390.93990618781703,797.468006790025,2131.137773344715,16.59332678258649,10.522323363675817,39.05754805868605,BEARISH,BEARISH,BEARISH,BEARISH,BEARISH,BULLISH
2026-06-23T19:14:05.511805+00:00,,,ETH/USDT,1659.88,NO TRADE,55%,,,,,,,NO TRADE,55%,NO TRADE,55%,NO TRADE,55%,1659.88,,,,"Конфликт трендов на 1h (BULLISH MACD) и медвежьих EMA/MACD на 4h/1d. Цена в середине диапазона 20 свечей, но RSI не подтверждает сильный сигнал. Рекомендуется избегать входа из-за несогласованных таймфреймов.",,,multi,13.782829906079158,28.65632260691809,79.7873256750541,24.936186923228075,17.465447294230955,44.836790947337924,BEARISH,BEARISH,BEARISH,BULLISH,BEARISH,BULLISH
2026-06-23T19:15:13.732872+00:00,,,SOL/USDT,68.91,NO TRADE,45%,,,,,,,NO TRADE,45%,NO TRADE,45%,NO TRADE,45%,68.91,,,,"Конфликт трендов на 1d, 4h и 1h. Цена в середине диапазона без четкого пробоя. RSI не подтверждает сильный сигнал.",,,multi,0.6540030621744305,1.4678776260740791,3.8457976418412074,19.329896907216444,10.948905109489038,55.10331872260487,BEARISH,BULLISH,BEARISH,BULLISH,BEARISH,BULLISH
2026-06-23T20:07:50.301034+00:00,,,BTC/USDT,62464.2,NO TRADE,45%,,,,,,,NO TRADE,45%,NO TRADE,45%,NO TRADE,45%,62464.2,,,,"Конфликт трендов на 1d (медвежий) и 1h (бычий), противоречие между EMA Trend и MACD Trend на 1h, цена в середине диапазона без явного пробоя.",,,multi,377.4543922052832,751.0845834792157,2131.137773344715,22.672704746443276,14.377438231469371,40.79757228687148,BEARISH,BEARISH,BEARISH,BULLISH,BEARISH,BULLISH
2026-06-23T20:09:33.897400+00:00,,,ETH/USDT,1666.5,NO TRADE,45%,,,,,,,NO TRADE,45%,NO TRADE,45%,NO TRADE,45%,1666.5,,,,"Конфликт трендов между 1d/4h и 1h, слабая поддержка SHORT из-за RSI и отсутствие пробоя ключевых уровней.",,,multi,13.313801365834738,26.982299293581047,79.7873256750541,31.435303357549593,22.01746544729421,46.75758015377921,BEARISH,BEARISH,BEARISH,BULLISH,BEARISH,BULLISH
2026-06-23T20:11:03.691354+00:00,,,SOL/USDT,69.04,NO TRADE,45%,,,,,,,NO TRADE,45%,NO TRADE,45%,NO TRADE,45%,69.04,,,,"Конфликт трендов на всех таймфреймах (EMA и MACD противоречат), цена в середине диапазона 1d и близко к нижней границе на 1h/4h без согласованного сигнала.",,,multi,0.6315742841284596,1.37802921994705,3.8457976418412074,22.680412371134214,12.846715328467278,55.91734502191614,BEARISH,BULLISH,BEARISH,BULLISH,BEARISH,BULLISH
2026-06-23T20:16:53.818172+00:00,,,BTC/USDT,62460.8,NO TRADE,45%,,,,,,,NO TRADE,45%,NO TRADE,45%,NO TRADE,45%,62460.8,,,,"Конфликт трендов на 1d (BEARISH) и 1h (BULLISH), слабая согласованность между EMA и MACD, цена в середине диапазона без явного пробоя.",,,multi,377.4543922052832,751.0845834792157,2131.137773344715,22.527449053702036,14.28532726484621,40.75719197777862,BEARISH,BEARISH,BEARISH,BULLISH,BEARISH,BULLISH
2026-06-23T20:18:44.414379+00:00,,,ETH/USDT,1664.35,NO TRADE,55%,,,,,,,NO TRADE,55%,NO TRADE,55%,NO TRADE,55%,1664.35,,,,"Конфликт трендов на 1h (BULLISH MACD) и 1d/4h (BEARISH EMA/MACD), цена в середине диапазона без явного пробоя.",,,multi,13.313801365834738,26.982299293581047,79.7873256750541,29.324563125858944,20.53909097160137,46.13375888582619,BEARISH,BEARISH,BEARISH,BULLISH,BEARISH,BULLISH
2026-06-23T20:20:08.586793+00:00,,,SOL/USDT,68.95,NO TRADE,45%,,,,,,,NO TRADE,45%,NO TRADE,45%,NO TRADE,45%,68.95,,,,"Конфликт трендов на 1d, 4h и 1h, цена в середине диапазона без четкого пробоя, RSI не подтверждает сильный сигнал.",,,multi,0.6322885698427446,1.378743505661335,3.8457976418412074,20.360824742268154,11.532846715328544,55.3537883531622,BEARISH,BULLISH,BEARISH,BULLISH,BEARISH,BULLISH
2026-06-23T21:12:31.529561+00:00,,,BTC/USDT,62512.9,NO TRADE,45%,,,,,,,NO TRADE,45%,NO TRADE,45%,NO TRADE,45%,62512.9,,,,"Конфликт трендов на 1d (медвежий) и 1h (бычий), цена в середине диапазона без четкого пробоя, RSI не подтверждает перепроданность.",,,multi,361.69284167396734,757.5560120506447,2131.137773344715,24.76915184678532,15.6967923710447,41.40450056899521,BEARISH,BEARISH,BEARISH,BULLISH,BEARISH,BULLISH
2026-06-23T21:14:16.682252+00:00,,,ETH/USDT,1665.43,NO TRADE,45%,,,,,,,NO TRADE,45%,NO TRADE,45%,NO TRADE,45%,1665.43,,,,"Конфликт трендов на 1h (MACD бычий, EMA медвежий) и отсутствие пробоя ключевых уровней.",,,multi,12.769037628286858,27.088013579295335,79.7873256750541,30.811348929815864,21.281716289623894,46.4471202669375,BEARISH,BEARISH,BEARISH,BULLISH,BEARISH,BULLISH
2026-06-23T21:16:01.748134+00:00,,,SOL/USDT,69.11,NO TRADE,45%,,,,,,,NO TRADE,45%,NO TRADE,45%,NO TRADE,45%,69.11,,,,"Конфликт трендов на 1d, 4h и 1h. EMA и MACD противоречат друг другу. Цена в середине диапазона без четкого пробоя. Низкая уверенность из-за несогласованных сигналов.",,,multi,0.6035026040463293,1.3894577913756212,3.8457976418412074,24.48453608247424,13.868613138686156,56.355666875391364,BEARISH,BULLISH,BEARISH,BULLISH,BEARISH,BULLISH
2026-06-23T21:21:50.728709+00:00,,,BTC/USDT,62482.3,NO TRADE,45%,,,,,,,NO TRADE,45%,NO TRADE,45%,NO TRADE,45%,62482.3,,,,"Конфликт трендов на 1d (медвежий) и 1h (бычий), слабый сигнал из-за противоречий между EMA и MACD, цена в середине диапазона без четкого направления.",,,multi,361.69284167396734,757.5560120506447,2131.137773344715,23.46101231190166,14.867793671434853,41.02027580974758,BEARISH,BEARISH,BEARISH,BULLISH,BEARISH,BULLISH
2026-06-23T21:23:32.638319+00:00,,,ETH/USDT,1665.18,NO TRADE,45%,,,,,,,NO TRADE,45%,NO TRADE,45%,NO TRADE,45%,1665.18,,,,"Конфликт трендов на 1d (медвежий) и 1h (бычий), RSI не подтверждает сильный тренд, цена в середине диапазона без явного пробоя.",,,multi,12.769037628286858,27.088013579295335,79.7873256750541,30.562468889995053,21.10981228082241,46.37458291019879,BEARISH,BEARISH,BEARISH,BULLISH,BEARISH,BULLISH
2026-06-23T21:25:07.577546+00:00,,,SOL/USDT,69.15,NO TRADE,40%,,,,,,,NO TRADE,40%,NO TRADE,40%,NO TRADE,40%,69.15,,,,"Конфликт трендов на 1d, 4h и 1h. Цена в середине диапазона 20 свечей на 1d, близко к нижней границе на 4h, но без согласованных сигналов EMA и MACD. Низкая уверенность из-за противоречий между индикаторами.",,,multi,0.6056454611891865,1.3916006485184784,3.8457976418412074,25.515463917525942,14.452554744525662,56.6061365059487,BEARISH,BULLISH,BEARISH,BULLISH,BEARISH,BULLISH
2026-06-23T22:18:08.158324+00:00,,,BTC/USDT,62729.6,NO TRADE,45%,,,,,,,NO TRADE,45%,NO TRADE,45%,NO TRADE,45%,62729.6,,,,Конфликт трендов на 1h (BULLISH MACD vs BEARISH EMA) и несогласованность с долгосрочными таймфреймами. Цена в середине диапазона 20 свечей без четкого тренда.,,,multi,351.69080143975356,768.8131549077874,2131.137773344715,35.08130260432722,21.567511920242715,44.04635170025571,BEARISH,BEARISH,BEARISH,BULLISH,BEARISH,BULLISH
2026-06-23T22:19:38.077041+00:00,,,ETH/USDT,1672.61,NO TRADE,45%,,,,,,,NO TRADE,45%,NO TRADE,45%,NO TRADE,45%,1672.61,,,,"Конфликт трендов на 1d/4h и 1h, цена в середине диапазона без четкого пробоя, ATR высокий, RSI нейтральный.",,,multi,12.38849438083837,27.46372786500962,79.7873256750541,38.659637027273575,26.21879942240244,48.53039315247351,BEARISH,BEARISH,BEARISH,BULLISH,BEARISH,BULLISH
2026-06-23T22:20:47.957293+00:00,,,SOL/USDT,69.72,NO TRADE,40%,,,,,,,NO TRADE,40%,NO TRADE,40%,NO TRADE,40%,69.72,,,,"Конфликт трендов на всех таймфреймах, цена в середине диапазона без четкого направления.",,,multi,0.6091197710891174,1.4337435056613348,3.8457976418412074,40.41450777202079,22.773722627737232,60.17532874139011,BEARISH,BULLISH,BEARISH,BULLISH,BEARISH,BULLISH
2026-06-23T22:26:42.634695+00:00,,,BTC/USDT,62585.5,NO TRADE,40%,,,,,,,NO TRADE,40%,NO TRADE,40%,NO TRADE,40%,62585.5,,,,"Конфликт трендов на 1d (медвежий) и 1h (бычий), цена в середине диапазона без четкого пробоя, RSI не подтверждает перекупленность/перепроданность, ATR высокий.",,,multi,353.9336585826108,768.9988691935016,2131.137773344715,28.731326840876005,17.663632423060267,42.28307820319859,BEARISH,BEARISH,BEARISH,BULLISH,BEARISH,BULLISH
2026-06-23T22:28:26.522091+00:00,,,ETH/USDT,1664.11,NO TRADE,40%,,,,,,,NO TRADE,40%,NO TRADE,40%,NO TRADE,40%,1664.11,,,,"Конфликт трендов на 1d (BEARISH) и 1h (BULLISH), неясная структура рынка и цена в середине диапазона 20 свечей.",,,multi,12.556351523695524,27.46372786500962,79.7873256750541,30.041569502179783,20.37406312315194,46.06412302335701,BEARISH,BEARISH,BEARISH,BULLISH,BEARISH,BULLISH
2026-06-23T22:29:56.114201+00:00,,,SOL/USDT,69.39,NO TRADE,40%,,,,,,,NO TRADE,40%,NO TRADE,40%,NO TRADE,40%,69.39,,,,"Конфликт трендов на разных таймфреймах (1d BEARISH, 4h BULLISH, 1h BEARISH), цена в середине диапазона 20 свечей на 1d и близко к нижней границе на 4h/1h, отсутствие согласованного сигнала.",,,multi,0.6091197710891174,1.4337435056613348,3.8457976418412074,31.86528497409337,17.95620437956208,58.108954289292434,BEARISH,BULLISH,BEARISH,BULLISH,BEARISH,BULLISH
2026-06-23T23:22:44.844578+00:00,,,BTC/USDT,62564.8,NO TRADE,45%,,,,,,,NO TRADE,45%,NO TRADE,45%,NO TRADE,45%,62564.8,,,,"Конфликт трендов на 1h (MACD бычий, EMA медвежий) и медвежий тренд на 1d/4h. Цена в середине диапазона 20 свечей на 1d, RSI ниже 30, но не подтверждает сильный SHORT. Низкая уверенность из-за противоречий.",,,multi,340.0419432252711,768.9988691935016,2131.137773344715,29.233618893262463,17.102839185088953,42.02978353707037,BEARISH,BEARISH,BEARISH,BULLISH,BEARISH,BULLISH
2026-06-23T23:24:09.778302+00:00,,,ETH/USDT,1664.01,NO TRADE,45%,,,,,,,NO TRADE,45%,NO TRADE,45%,NO TRADE,45%,1664.01,,,,"Конфликт трендов на 1h (MACD BULLISH vs EMA BEARISH) и неясный общий тренд. Цена в нижней части диапазона, но без согласованных сигналов.",,,multi,12.04028422886134,27.52872786500961,79.7873256750541,30.50619834710742,20.30530151963141,46.03510808066155,BEARISH,BEARISH,BEARISH,BULLISH,BEARISH,BULLISH
2026-06-23T23:25:30.353720+00:00,,,SOL/USDT,69.53,NO TRADE,45%,,,,,,,NO TRADE,45%,NO TRADE,45%,NO TRADE,45%,69.53,,,,"Конфликт трендов на всех таймфреймах (EMA и MACD противоречат друг другу), цена в середине диапазона без четкого направления, низкая уверенность из-за несогласованных сигналов.",,,multi,0.5834683117999683,1.4337435056613348,3.8457976418412074,35.49222797927473,20.000000000000043,58.985597996242966,BEARISH,BULLISH,BEARISH,BULLISH,BEARISH,BULLISH
2026-06-23T23:31:35.495386+00:00,,,BTC/USDT,62662.7,NO TRADE,45%,,,,,,,NO TRADE,45%,NO TRADE,45%,NO TRADE,45%,62662.7,,,,"Конфликт трендов на 1d (медвежий) и 1h (бычий), слабая согласованность индикаторов, цена в середине диапазона без четкого сигнала.",,,multi,345.14908608241393,768.9988691935016,2131.137773344715,33.76707571197023,19.75509319462499,43.227732706826664,BEARISH,BEARISH,BEARISH,BULLISH,BEARISH,BULLISH
2026-06-23T23:33:08.894307+00:00,,,ETH/USDT,1663.55,NO TRADE,40%,,,,,,,NO TRADE,40%,NO TRADE,40%,NO TRADE,40%,1663.55,,,,"Конфликт трендов между 1d (BEARISH) и 1h (BULLISH), цена в середине диапазона 20 свечей без четкого пробоя, RSI14 не указывает на перекупленность/перепроданность, MACD и EMA Trend противоречат на 1h.",,,multi,12.118141371718494,27.52872786500961,79.7873256750541,30.03099173553714,19.988998143436653,45.90163934426229,BEARISH,BEARISH,BEARISH,BULLISH,BEARISH,BULLISH
2026-06-23T23:34:32.681962+00:00,,,SOL/USDT,69.56,NO TRADE,45%,,,,,,,NO TRADE,45%,NO TRADE,45%,NO TRADE,45%,69.56,,,,"Конфликт трендов на 1d, 4h и 1h. EMA и MACD противоречат друг другу. Цена в середине диапазона 20 свечей без явного тренда.",,,multi,0.5870397403713967,1.4337435056613348,3.8457976418412074,36.26943005181362,20.43795620437962,59.17345021916095,BEARISH,BULLISH,BEARISH,BULLISH,BEARISH,BULLISH
2026-06-24T00:26:54.858999+00:00,,,BTC/USDT,62834.2,NO TRADE,40%,,,,,,,NO TRADE,40%,NO TRADE,40%,NO TRADE,40%,62834.2,,,,"Конфликт трендов на разных таймфреймах, цена в середине диапазона без явного пробоя, слабые сигналы RSI и MACD.",,,multi,342.08742768628844,729.7790324917377,1993.0638074803865,50.14195847018848,24.401278716948358,45.326285133927975,BEARISH,BEARISH,BEARISH,BULLISH,BEARISH,BULLISH
2026-06-24T00:28:47.095798+00:00,,,ETH/USDT,1669.7,NO TRADE,45%,,,,,,,NO TRADE,45%,NO TRADE,45%,NO TRADE,45%,1669.7,,,,"Конфликт трендов на 1h (бычий MACD vs медвежий EMA) и неопределенность в цене (середина диапазона 20 свечей) снижают уверенность. Тренды 1d и 4h медвежьи, но отсутствие четкого пробоя границ диапазона и противоречивые сигналы на 1h делают вход рискованным.",,,multi,11.970978654821097,26.037390174370795,74.56324015496502,40.501379944802224,24.2247129203053,47.6889598143044,BEARISH,BEARISH,BEARISH,BULLISH,BEARISH,BULLISH
2026-06-24T00:30:03.381369+00:00,,,SOL/USDT,69.81,NO TRADE,45%,,,,,,,NO TRADE,45%,NO TRADE,45%,NO TRADE,45%,69.81,,,,"Конфликт трендов на 1d и 1h, цена в середине диапазона без четкого пробоя, RSI не подтверждает сильный сигнал.",,,multi,0.5869450398723682,1.359904657503719,3.599669656572309,48.24561403508786,24.087591240875966,60.738885410144036,BEARISH,BEARISH,BEARISH,BULLISH,BEARISH,BULLISH
2026-06-24T00:36:06.831955+00:00,,,BTC/USDT,62809.4,NO TRADE,45%,,,,,,,NO TRADE,45%,NO TRADE,45%,NO TRADE,45%,62809.4,,,,Конфликт трендов между 1h (BULLISH MACD) и 1d/4h (BEARISH EMA/MACD). Цена в середине диапазона без четкого направления.,,,multi,342.08742768628844,729.7790324917377,1993.0638074803865,48.76134276011802,23.729410489813667,45.022820992866144,BEARISH,BEARISH,BEARISH,BULLISH,BEARISH,BULLISH
2026-06-24T00:37:36.222993+00:00,,,ETH/USDT,1670.13,NO TRADE,55%,,,,,,,NO TRADE,55%,NO TRADE,55%,NO TRADE,55%,1670.13,,,,"Конфликт трендов на 1h и нечеткий тренд на 1d, RSI не подтверждает сильный SHORT, цена в середине диапазона без согласованного сигнала.",,,multi,11.970978654821097,26.037390174370795,74.56324015496502,40.99586016559346,24.51351165509185,47.83113303351229,BEARISH,BEARISH,BEARISH,BULLISH,BEARISH,BULLISH
2026-06-24T00:39:17.189998+00:00,,,SOL/USDT,69.92,NO TRADE,45%,,,,,,,NO TRADE,45%,NO TRADE,45%,NO TRADE,45%,69.92,,,,"Конфликт трендов на 1d (BEARISH EMA, BULLISH MACD) и 4h (BEARISH EMA, BEARISH MACD), противоречивые сигналы на 1h (BEARISH EMA, BULLISH MACD). Цена в середине диапазона 20 свечей без четкого пробоя.",,,multi,0.5883736113009393,1.3613332289322901,3.60109822800088,51.46198830409369,25.693430656934353,61.4276768941766,BEARISH,BEARISH,BEARISH,BULLISH,BEARISH,BULLISH
2026-06-24T01:31:41.734367+00:00,,,BTC/USDT,62917.3,NO TRADE,45%,,,,,,,NO TRADE,45%,NO TRADE,45%,NO TRADE,45%,62917.3,,,,"Конфликт трендов на 1h (бычий) и 1d/4h (медвежий), цена в середине диапазона без явного пробоя, RSI нейтральный, ATR не подтверждает сильный сигнал.",,,multi,342.6531136585878,737.2576039203088,2000.5423789089577,67.2270056033895,26.652579107065556,46.34313473563136,BEARISH,BEARISH,BEARISH,BULLISH,BEARISH,BULLISH
2026-06-24T01:33:18.560603+00:00,,,ETH/USDT,1674.85,NO TRADE,45%,,,,,,,NO TRADE,45%,NO TRADE,45%,NO TRADE,45%,1674.85,,,,"Конфликт трендов на 1h (бычий MACD) и 1d/4h (медвежий EMA/MACD), цена в середине диапазона без четкого направления.",,,multi,11.895194250539713,26.23953303151365,74.76538301210788,50.99153719843357,27.759059341263754,49.180327868852444,BEARISH,BEARISH,BEARISH,BULLISH,BEARISH,BULLISH
2026-06-24T01:34:38.431652+00:00,,,SOL/USDT,70.24,NO TRADE,45%,,,,,,,NO TRADE,45%,NO TRADE,45%,NO TRADE,45%,70.24,,,,"Конфликт трендов на 1d и 4h (EMA и MACD не согласованы), цена в середине диапазона без четкого сигнала.",,,multi,0.5992040621610565,1.380618943218004,3.620383942286594,71.47766323024058,30.364963503649573,63.43143393863492,BEARISH,BULLISH,BEARISH,BULLISH,BEARISH,BULLISH
2026-06-24T01:40:57.196728+00:00,,,BTC/USDT,63056.0,NO TRADE,45%,,,,,,,NO TRADE,45%,NO TRADE,45%,NO TRADE,45%,63056.0,,,,"Конфликт трендов между 1d/4h (медвежий) и 1h (бычий), RSI не подтверждает сильный сигнал, цена в середине диапазона без четкого направления.",,,multi,349.14597080144506,743.7504610631661,2007.035236051815,76.70493371600375,30.410164716081518,48.04033136326369,BEARISH,BEARISH,BEARISH,BULLISH,BEARISH,BULLISH
2026-06-24T01:42:28.946329+00:00,,,ETH/USDT,1676.49,NO TRADE,45%,,,,,,,NO TRADE,45%,NO TRADE,45%,NO TRADE,45%,1676.49,,,,"Конфликт трендов на 1d (BEARISH) и 1h (BULLISH), цена в середине диапазона без явного пробоя, RSI не подтверждает перекупленность/перепроданность.",,,multi,12.268051393396858,26.612390174370795,75.13824015496502,53.06302892509783,28.886749639001565,49.65617292905848,BEARISH,BEARISH,BEARISH,BULLISH,BEARISH,BULLISH
2026-06-24T01:43:51.743884+00:00,,,SOL/USDT,70.2,NO TRADE,45%,,,,,,,NO TRADE,45%,NO TRADE,45%,NO TRADE,45%,70.2,,,,"Конфликт трендов на 1d, 4h и 1h. EMA и MACD не согласованы, RSI в нейтральной зоне, цена в середине диапазона без явного направления.",,,multi,0.6070612050181994,1.388476086075147,3.628241085143737,70.10309278350545,29.781021897810273,63.18096430807767,BEARISH,BULLISH,BEARISH,BULLISH,BEARISH,BULLISH
2026-06-24T02:36:25.900652+00:00,,,BTC/USDT,62743.8,NO TRADE,45%,,,,,,,NO TRADE,45%,NO TRADE,45%,NO TRADE,45%,62743.8,,,,"Конфликт трендов на 1h (MACD бычий, EMA медвежий) и неясная структура на 1d/4h. Цена в середине диапазона без явного пробоя.",,,multi,348.1784111249012,747.2718896345949,2010.5566646232437,68.26453243470961,21.952210663199057,44.22010939392829,BEARISH,BEARISH,BEARISH,BULLISH,BEARISH,BULLISH
2026-06-24T02:38:01.821743+00:00,,,ETH/USDT,1666.42,NO TRADE,45%,,,,,,,NO TRADE,45%,NO TRADE,45%,NO TRADE,45%,1666.42,,,,Конфликт трендов на 1h (бычий MACD vs медвежий EMA) и несогласованность с 1d/4h (медвежьи EMA/MACD). Цена в середине диапазона без явного пробоя.,,,multi,12.021762405077498,26.672390174370786,75.198240154965,51.6327190430005,21.962456164477786,46.734368199622836,BEARISH,BEARISH,BEARISH,BULLISH,BEARISH,BULLISH
2026-06-24T02:39:18.908340+00:00,,,SOL/USDT,69.65,NO TRADE,40%,,,,,,,NO TRADE,40%,NO TRADE,40%,NO TRADE,40%,69.65,,,,"Конфликт трендов на 1d и 4h, цена в середине диапазона без четкого пробоя, RSI не подтверждает сильный сигнал.",,,multi,0.60584255609874,1.3906189432180043,3.6303839422865942,62.08333333333357,21.751824817518354,59.73700688791488,BEARISH,BEARISH,BEARISH,BULLISH,BEARISH,BULLISH
2026-06-24T02:45:31.128413+00:00,,,BTC/USDT,62730.2,NO TRADE,45%,,,,,,,NO TRADE,45%,NO TRADE,45%,NO TRADE,45%,62730.2,,,,"Конфликт трендов на 1h (BULLISH MACD) и 1d/4h (BEARISH EMA/MACD), цена в середине диапазона без четкого сигнала.",,,multi,352.7212682677582,751.8147467774519,2015.0995217661007,67.11878685762402,21.583766796705618,44.05369357463622,BEARISH,BEARISH,BEARISH,BULLISH,BEARISH,BULLISH
2026-06-24T02:46:53.905928+00:00,,,ETH/USDT,1667.88,NO TRADE,45%,,,,,,,NO TRADE,45%,NO TRADE,45%,NO TRADE,45%,1667.88,,,,Конфликт трендов на 1h (MACD бычий vs EMA медвежий) и несогласованность между 1d/4h и 1h. Цена в середине диапазона без четкого тренда.,,,multi,12.134619547934635,26.785247317227924,75.31109729782214,53.99288716456538,22.96637557587848,47.15798636297698,BEARISH,BEARISH,BEARISH,BULLISH,BEARISH,BULLISH
2026-06-24T02:48:13.336872+00:00,,,SOL/USDT,69.65,NO TRADE,45%,,,,,,,NO TRADE,45%,NO TRADE,45%,NO TRADE,45%,69.65,,,,Конфликт трендов на 1h (BULLISH MACD vs BEARISH EMA) и несогласованность с 1d/4h. Цена в середине диапазона без четкого пробоя.,,,multi,0.6094139846701684,1.3941903717894326,3.6339553708580223,62.08333333333357,21.751824817518354,59.73700688791488,BEARISH,BEARISH,BEARISH,BULLISH,BEARISH,BULLISH
2026-06-24T03:41:14.236557+00:00,,,BTC/USDT,62821.3,NO TRADE,45%,,,,,,,NO TRADE,45%,NO TRADE,45%,NO TRADE,45%,62821.3,,,,"Конфликт трендов на 1h (MACD бычий, EMA медвежий) и медвежий тренд на 1d/4h. Цена у верхней границы 20-свечного диапазона на 1h, но RSI не подтверждает сильный бычий импульс. Низкая уверенность из-за противоречий между таймфреймами.",,,multi,354.7146356021477,762.8004610631664,2026.0852360518152,74.7935973041283,24.05179887299533,45.16843483474666,BEARISH,BEARISH,BEARISH,BULLISH,BEARISH,BULLISH
2026-06-24T03:42:56.449823+00:00,,,ETH/USDT,1668.2,NO TRADE,45%,,,,,,,NO TRADE,45%,NO TRADE,45%,NO TRADE,45%,1668.2,,,,"Конфликт трендов на 1h (MACD бычий, EMA медвежий) и несогласованность с 1d/4h. Цена в середине диапазона без четкого сигнала.",,,multi,12.05428912638782,27.174533031513644,75.70038301210786,66.56138965653369,23.18641270714434,47.25083417960253,BEARISH,BEARISH,BEARISH,BULLISH,BEARISH,BULLISH
2026-06-24T03:44:37.742415+00:00,,,SOL/USDT,69.72,NO TRADE,45%,,,,,,,NO TRADE,45%,NO TRADE,45%,NO TRADE,45%,69.72,,,,"Конфликт трендов на 1h (BULLISH MACD vs BEARISH EMA) и несогласованность с 1d/4h. Цена близка к верхней границе 20-свечного диапазона на 1h, но RSI не подтверждает перекупленность. Низкая уверенность из-за противоречий.",,,multi,0.6176700937684453,1.4227618003608615,3.6625267994294513,70.2702702702704,22.773722627737232,60.17532874139011,BEARISH,BEARISH,BEARISH,BULLISH,BEARISH,BULLISH
2026-06-24T13:18:43.273350+00:00,,,BTC/USDT,62047.9,NO TRADE,55%,,,,,,,NO TRADE,55%,NO TRADE,55%,NO TRADE,55%,62047.9,,,,"Конфликт трендов на 1D (медвежий MACD, бычий MACD Histogram) и слабая согласованность между таймфреймами. RSI близок к 30, но не усиливает SHORT из-за риска отскока.",,,multi,376.33458167410123,776.1184011877351,2068.2566646232435,5.004796929964724,3.0992631122670553,35.70475875824432,BEARISH,BEARISH,BEARISH,BEARISH,BEARISH,BULLISH
2026-06-24T13:19:56.372732+00:00,,,ETH/USDT,1658.37,NO TRADE,55%,,,,,,,NO TRADE,55%,NO TRADE,55%,NO TRADE,55%,1658.37,,,,"Конфликт трендов между 1d/4h (медвежий) и 1h (бычий), цена у нижней границы диапазона без четкого пробоя, RSI не подтверждает сильный сигнал.",,,multi,12.844987380915393,27.609536088861443,76.98681158353644,20.152178925524105,16.427147081069833,44.36384738140144,BEARISH,BEARISH,BEARISH,BULLISH,BEARISH,BULLISH
2026-06-24T13:21:00.384777+00:00,,,SOL/USDT,68.91,NO TRADE,45%,,,,,,,NO TRADE,45%,NO TRADE,45%,NO TRADE,45%,68.91,,,,"Конфликт трендов между таймфреймами (медвежий на 1d/4h, бычий на 1h), неясные сигналы RSI и MACD, цена в середине диапазона без четкого направления.",,,multi,0.6464183686761811,1.4207099354284718,3.7039553708580226,17.204301075268454,10.948905109489038,55.10331872260487,BEARISH,BEARISH,BEARISH,BULLISH,BEARISH,BULLISH
2026-06-24T13:48:28.750119+00:00,,,BTC/USDT,61387.2,NO TRADE,45%,,,,,,,NO TRADE,45%,NO TRADE,45%,NO TRADE,45%,61387.2,,,,"Конфликт таймфреймов (медвежий тренд на 1d/4h, но RSI на 1h указывает на перепроданность). Цена у нижней границы диапазона, но отсутствие согласованного сигнала на всех таймфреймах снижает уверенность.",,,multi,422.02029595981594,821.8041154734499,2113.9423789089583,2.1953025814642384,0.9698527693386305,27.670300894485056,BEARISH,BEARISH,BEARISH,BEARISH,BEARISH,BULLISH
2026-06-24T13:49:37.440271+00:00,,,ETH/USDT,1642.76,NO TRADE,45%,,,,,,,NO TRADE,45%,NO TRADE,45%,NO TRADE,45%,1642.76,,,,"Конфликт трендов на 1h (MACD бычий vs EMA медвежий) и несогласованность между таймфреймами. Цена у нижней границы диапазона, но RSI не подтверждает сильный SHORT.",,,multi,13.640701666629685,28.405250374575736,77.78252586925073,2.861562258314032,5.69346077150517,39.799796895401144,BEARISH,BEARISH,BEARISH,BULLISH,BEARISH,BULLISH
2026-06-24T13:51:01.297434+00:00,,,SOL/USDT,68.93,NO TRADE,45%,,,,,,,NO TRADE,45%,NO TRADE,45%,NO TRADE,45%,68.93,,,,"Конфликт трендов на 1h (MACD бычий vs EMA медвежий) и несогласованность с 1d/4h. Цена близка к нижней границе диапазона, но RSI не подтверждает сильный SHORT.",,,multi,0.6614183686761816,1.4357099354284724,3.718955370858023,26.5700483091792,11.240875912408894,55.228553537883585,BEARISH,BEARISH,BEARISH,BULLISH,BEARISH,BULLISH
2026-06-24T14:13:32.442071+00:00,,,BTC/USDT,0.0,NO TRADE,0%,,,,,,,NO TRADE,0%,NO TRADE,0%,NO TRADE,0%,0.0,,,,Ошибка анализа BTC/USDT: bybit GET https://api.bybit.com/v5/market/kline?symbol=BTCUSDT&limit=200&interval=60&category=spot,,,multi,,,,,,,,,,,,
2026-06-24T14:14:56.803685+00:00,,,ETH/USDT,1643.49,NO TRADE,55%,,,,,,,NO TRADE,55%,NO TRADE,55%,NO TRADE,55%,1643.49,,,,"Конфликт между медвежьим трендом и RSI около 30, снижающий уверенность в SHORT. Цена в середине диапазона 20 свечей на 1d, без явного пробоя.",,,multi,13.576366437134118,28.631678946004314,78.0089544406793,9.801421023866094,6.19542047720552,40.08124183954739,BEARISH,BEARISH,BEARISH,BEARISH,BEARISH,BULLISH
2026-06-24T14:16:20.046381+00:00,,,SOL/USDT,68.96,NO TRADE,45%,,,,,,,NO TRADE,45%,NO TRADE,45%,NO TRADE,45%,68.96,,,,"Конфликт трендов на 1d (медвежий) и 1h (бычий), цена в середине диапазона 20 свечей на 1d, противоречие между EMA и MACD на 1h.",,,multi,0.6491742125420596,1.4357099354284724,3.718955370858023,28.019323671497403,11.970802919708122,55.541640576080184,BEARISH,BEARISH,BEARISH,BULLISH,BEARISH,BULLISH
2026-06-24T15:21:12.791387+00:00,,,BTC/USDT,60954.8,NO TRADE,55%,,,,,,,NO TRADE,55%,NO TRADE,55%,NO TRADE,55%,60954.8,,,,"Конфликт между медвежьими трендами на 1d/4h/1h и RSI14 <30, снижающим уверенность в SHORT. Цена близка к нижней границе диапазона, но отсутствие согласованных сигналов для LONG/SHORT.",,,multi,427.68707862145703,857.6255440448784,2149.7638074803867,4.6239391278902024,2.355402154586462,22.35356019725172,BEARISH,BEARISH,BEARISH,BEARISH,BEARISH,BULLISH
2026-06-24T15:23:20.143575+00:00,,,ETH/USDT,1645.23,NO TRADE,55%,,,,,,,NO TRADE,55%,NO TRADE,55%,NO TRADE,55%,1645.23,,,,"Конфликт между медвежьим трендом и близостью цены к нижней границе диапазона, RSI ниже 30 снижает уверенность в SHORT, отсутствие четкого пробоя ухудшает сигнал.",,,multi,13.834994236005997,28.70525037457574,78.08252586925073,14.574391988555222,7.391872378463862,40.586101842448876,BEARISH,BEARISH,BEARISH,BEARISH,BEARISH,BULLISH
2026-06-24T15:25:11.462814+00:00,,,SOL/USDT,68.49,NO TRADE,45%,,,,,,,NO TRADE,45%,NO TRADE,45%,NO TRADE,45%,68.49,,,,"Конфликт трендов на 1d (BULLISH MACD vs BEARISH EMA) и слабая согласованность между таймфреймами. Цена у нижней границы диапазона, но RSI не подтверждает сильную перепроданность.",,,multi,0.6675495550068479,1.4421385068570431,3.725383942286594,9.259259259258748,4.817518248175152,52.47338760175326,BEARISH,BEARISH,BEARISH,BEARISH,BEARISH,BULLISH
2026-06-24T15:42:06.860884+00:00,,,BTC/USDT,60648.8,NO TRADE,45%,,,,,,,NO TRADE,45%,NO TRADE,45%,NO TRADE,45%,60648.8,,,,Конфликт трендов на 1d (BULLISH MACD) и медвежьих EMA/MACD на 4h/1h. Низкая уверенность из-за RSI <30 и несогласованных сигналов.,,,multi,444.5585071928854,872.8184011877354,2164.956664623244,0.6642094755433817,0.34647120083319155,18.58473134857999,BEARISH,BEARISH,BEARISH,BEARISH,BEARISH,BULLISH
2026-06-24T15:43:32.111380+00:00,,,ETH/USDT,1630.02,NO TRADE,45%,,,,,,,NO TRADE,45%,NO TRADE,45%,NO TRADE,45%,1630.02,,,,"Конфликт трендов на 1d (MACD бычий vs EMA медвежий) и слабая согласованность на 4h/1h. Цена у дна диапазона, но RSI не подтверждает сильный SHORT. Высокий ATR увеличивает риск.",,,multi,14.626422807434563,29.26453608886145,78.64181158353644,1.2078431372548735,0.5110845612637605,36.17292905846512,BEARISH,BEARISH,BEARISH,BEARISH,BEARISH,BULLISH
2026-06-24T15:45:25.668775+00:00,,,SOL/USDT,67.76,NO TRADE,55%,,,,,,,NO TRADE,55%,NO TRADE,55%,NO TRADE,55%,67.76,,,,"Конфликт трендов на 1d и 1h, RSI в зоне перепроданности, цена у нижней границы диапазона без согласованного сигнала.",,,multi,0.707549555006848,1.4821385068570432,3.765383942286594,1.1029411764706305,0.4120879120879276,47.90231684408269,BEARISH,BEARISH,BEARISH,BEARISH,BEARISH,BULLISH
2026-06-24T15:51:43.288436+00:00,,,BTC/USDT,60436.5,NO TRADE,45%,,,,,,,NO TRADE,45%,NO TRADE,45%,NO TRADE,45%,60436.5,,,,"Тренды на 1d, 4h и 1h не согласованы (медвежий на 1d/4h, но цена у нижней границы диапазона 20 свечей на 1h). RSI14 ниже 30 не подтверждает SHORT из-за риска отскока, а медвежий тренд на старших таймфреймах снижает уверенность в LONG.",,,multi,464.5085071928856,892.7684011877355,2184.9066646232436,2.9231249349839756,1.5988620199147066,15.986931463602652,BEARISH,BEARISH,BEARISH,BEARISH,BEARISH,BULLISH
2026-06-24T15:53:12.573386+00:00,,,ETH/USDT,1622.32,NO TRADE,45%,,,,,,,NO TRADE,45%,NO TRADE,45%,NO TRADE,45%,1622.32,,,,"Конфликт между медвежьим трендом на 1d/4h и слабым сигналом на 1h из-за RSI <30 и высокого ATR. Цена у нижней границы диапазона, но отсутствие согласованного пробоя снижает уверенность.",,,multi,15.498565664577423,30.13667894600431,79.5139544406793,6.951026856240087,3.241849327684637,33.84012766574788,BEARISH,BEARISH,BEARISH,BEARISH,BEARISH,BULLISH
2026-06-24T15:55:13.538784+00:00,,,SOL/USDT,67.6,NO TRADE,55%,,,,,,,NO TRADE,55%,NO TRADE,55%,NO TRADE,55%,67.6,,,,"Конфликт трендов между 1d (BULLISH MACD Histogram) и 4h/1h (BEARISH). Цена в середине диапазона 20 свечей на 1d, без четкого пробоя. RSI ниже 30, но не усиливает SHORT из-за риска отскока.",,,multi,0.7346924121497059,1.5092813639999012,3.792526799429452,8.064516129032235,3.2637075718015622,46.90043832185345,BEARISH,BEARISH,BEARISH,BEARISH,BEARISH,BULLISH
2026-06-24T16:02:48.435128+00:00,,,BTC/USDT,60367.7,NO TRADE,45%,,,,,,,NO TRADE,45%,NO TRADE,45%,NO TRADE,45%,60367.7,,,,"Конфликт трендов на 1d (MACD Histogram положительный) и медвежьих сигналов на 4h/1h. Низкий RSI (ниже 30) снижает уверенность в SHORT из-за риска отскока. Цена близка к нижней границе диапазона, но отсутствие согласованных сигналов на всех таймфреймах.",,,multi,445.934923045164,844.1620209264472,2191.670950337529,3.699724702880452,2.211581457743277,15.322491832164712,BEARISH,BEARISH,BEARISH,BEARISH,BEARISH,BULLISH
2026-06-24T16:05:20.901605+00:00,,,ETH/USDT,1620.91,NO TRADE,55%,,,,,,,NO TRADE,55%,NO TRADE,55%,NO TRADE,55%,1620.91,,,,"Конфликт трендов на 1d (MACD Histogram положительный) и медвежьи сигналы на 4h/1h. RSI14 на 1h ниже 30 снижает уверенность в SHORT. Цена у нижней границы диапазона, но отсутствие согласованных сигналов на всех таймфреймах.",,,multi,14.804228244227485,28.39676445548358,79.52609729782216,5.306712202811224,2.4779195289500655,33.52966777890618,BEARISH,BEARISH,BEARISH,BEARISH,BEARISH,BULLISH
2026-06-24T16:07:56.430520+00:00,,,SOL/USDT,67.45,NO TRADE,45%,,,,,,,NO TRADE,45%,NO TRADE,45%,NO TRADE,45%,67.45,,,,"Конфликт трендов на 1d (BULLISH MACD) и 4h/1h (BEARISH EMA/MACD), RSI на 1h в зоне перепроданности, но без четкого пробоя диапазона. Низкая уверенность из-за несогласованных сигналов.",,,multi,0.7081837356116869,1.4274450012718898,3.7989553708580224,5.95611285266451,2.451612903225777,46.14902943018162,BEARISH,BEARISH,BEARISH,BEARISH,BEARISH,BULLISH
2026-06-24T16:25:28.226638+00:00,,,BTC/USDT,60591.9,NO TRADE,45%,,,,,,,NO TRADE,45%,NO TRADE,45%,NO TRADE,45%,60591.9,,,,"Тренды на 1d, 4h и 1h согласованы в медвежьем направлении, но RSI14 на всех таймфреймах ниже 30, что снижает уверенность в SHORT. Цена близка к нижней границе диапазона, но отсутствие согласованного сигнала для входа и противоречивый MACD Histogram на 1d делают вход рискованным.",,,multi,464.82778018802117,862.4977352121613,2194.5638074803865,12.417607896393019,6.932707065850577,17.888476928159772,BEARISH,BEARISH,BEARISH,BEARISH,BEARISH,BULLISH
2026-06-24T16:27:51.394673+00:00,,,ETH/USDT,1632.02,SHORT,65%,,,,,,,SHORT,65%,SHORT,65%,SHORT,65%,1632.02,1655.7703,1584.5195,2.0,"Медвежий тренд на всех таймфреймах, цена близко к нижней границе диапазона, RSI около 35, ATR-уровни подтверждают риск-менеджмент.",,,multi,15.83351395851322,29.42605016976932,79.58038301210787,20.69189751593193,9.713064713064751,36.75322791237489,BEARISH,BEARISH,BEARISH,BEARISH,BEARISH,BULLISH
2026-06-24T16:29:39.405249+00:00,,,SOL/USDT,67.67,NO TRADE,45%,,,,,,,NO TRADE,45%,NO TRADE,45%,NO TRADE,45%,67.67,,,,"Конфликт трендов на 1d (BULLISH MACD) и 4h/1h (BEARISH EMA/MACD), цена в середине диапазона без четкого пробоя, RSI не подтверждает сильный тренд.",,,multi,0.7410408784688303,1.4603021441290331,3.7989553708580224,12.852664576802411,5.2903225806451175,47.27614276768941,BEARISH,BEARISH,BEARISH,BEARISH,BEARISH,BULLISH
2026-06-24T16:46:46.430561+00:00,,,BTC/USDT,60246.0,NO TRADE,45%,,,,,,,NO TRADE,45%,NO TRADE,45%,NO TRADE,45%,60246.0,,,,"Тренды 1d, 4h и 1h согласованы в медвежьем направлении, но RSI на всех таймфреймах указывает на перепроданность, снижая уверенность в SHORT. Цена близка к нижней границе диапазона, но это повышает риск позднего входа. Сигнал слабый, рекомендуется избежать сделок.",,,multi,473.7920659023069,871.4620209264469,2197.842378908958,2.443719412724354,1.3734047234854312,13.655886347784584,BEARISH,BEARISH,BEARISH,BEARISH,BEARISH,BULLISH
2026-06-24T16:48:43.811748+00:00,,,ETH/USDT,1616.15,NO TRADE,55%,,,,,,,NO TRADE,55%,NO TRADE,55%,NO TRADE,55%,1616.15,,,,"Конфликт трендов на 1h (бычий) и 1d/4h (медвежий), слабый сигнал из-за несогласованности таймфреймов и RSI ниже 30, но без четкого пробоя диапазона.",,,multi,15.92137110137035,29.513907312626447,79.668240154965,1.6257040450588627,0.9028661455491619,32.21238938053096,BEARISH,BEARISH,BEARISH,BEARISH,BEARISH,BULLISH
2026-06-24T16:50:31.203438+00:00,,,SOL/USDT,66.95,NO TRADE,45%,,,,,,,NO TRADE,45%,NO TRADE,45%,NO TRADE,45%,66.95,,,,Конфликт трендов между 1d/4h (медвежий) и 1h (перепроданность). Несогласованность сигналов и слабая поддержка RSI для SHORT.,,,multi,0.7681837356116882,1.487445001271891,3.823955370858023,1.1299435028250335,0.6172839506172482,42.89292423293672,BEARISH,BEARISH,BEARISH,BEARISH,BEARISH,BULLISH
2026-06-24T16:57:04.054010+00:00,,,BTC/USDT,59846.5,NO TRADE,35%,,,,,,,NO TRADE,35%,NO TRADE,35%,NO TRADE,35%,59846.5,,,,Конфликт трендов на 1h и противоречивые сигналы RSI/EMA/MACD.,,,multi,513.5063516165926,911.1763066407327,2237.5566646232437,6.390499861916638,3.8505058572950195,8.767421656082128,BEARISH,BEARISH,BEARISH,BEARISH,BEARISH,BULLISH
2026-06-24T16:58:59.179670+00:00,,,ETH/USDT,1589.65,NO TRADE,45%,,,,,,,NO TRADE,45%,NO TRADE,45%,NO TRADE,45%,1589.65,,,,"Конфликт трендов на 1d (BULLISH MACD) и 4h/1h (BEARISH EMA/MACD), RSI ниже 30 снижает уверенность в SHORT, цена близка к нижней границе диапазона, но сигналы не согласованы.",,,multi,17.972085387084636,31.564621598340732,81.7189544406793,3.2575119348497807,1.796221740476937,24.268098070506333,BEARISH,BEARISH,BEARISH,BEARISH,BEARISH,BULLISH
2026-06-24T17:01:14.864915+00:00,,,SOL/USDT,66.54,NO TRADE,55%,,,,,,,NO TRADE,55%,NO TRADE,55%,NO TRADE,55%,66.54,,,,"Конфликт трендов на 1d (MACD бычий, EMA медвежий) и неясная структура на 1d (цена в середине диапазона).",,,multi,0.8117551641831167,1.5310164298433195,3.8675267994294518,5.783132530120693,2.7554535017222603,40.262993112085205,BEARISH,BEARISH,BEARISH,BEARISH,BEARISH,BULLISH
2026-06-24T17:01:22.802682+00:00,,,BTC/USDT,59945.4,SETUP,80%,,,,,,,SHORT,80%,SETUP,80%,SETUP,80%,59945.4,60682.59455493657,58471.01089012686,2.0,не хватает отката для входа.,,,multi,491.4630366243804,911.1763066407327,2237.5566646232437,9.121789560894861,5.49620607028759,9.9776072831394,BEARISH,BEARISH,BEARISH,BEARISH,BEARISH,BULLISH
2026-06-24T17:01:23.902368+00:00,,,ETH/USDT,1592.7,SETUP,80%,,,,,,,SHORT,80%,SETUP,80%,SETUP,80%,1592.7,1618.5832617281067,1540.9334765437868,2.0,не хватает отката для входа.,,,multi,17.2555078187378,31.64462159834074,81.7989544406793,7.086614173228428,3.9258955147285675,25.344552444508956,BEARISH,BEARISH,BEARISH,BEARISH,BEARISH,BULLISH
2026-06-24T17:01:24.722404+00:00,,,SOL/USDT,66.68,SETUP,80%,,,,,,,SHORT,80%,SETUP,80%,SETUP,80%,66.68,67.83851613591405,64.36296772817192,2.0,не хватает отката для входа.,,,multi,0.7723440906093567,1.5310164298433195,3.8675267994294518,9.156626506024317,4.362801377726858,41.20225422667501,BEARISH,BEARISH,BEARISH,BEARISH,BEARISH,BULLISH
2026-06-24T17:03:30.337886+00:00,,,BTC/USDT,60040.1,SETUP,80%,,,,,,,SHORT,80%,SETUP,80%,SETUP,80%,60040.1,60782.523126365144,58555.25374726971,2.0,не хватает отката для входа.,,,multi,494.9487509100949,911.1763066407327,2237.5566646232437,11.737089201877934,7.1252662406816505,11.133952498072771,BEARISH,BEARISH,BEARISH,BEARISH,BEARISH,BULLISH
2026-06-24T17:03:33.733749+00:00,,,ETH/USDT,1597.21,SETUP,80%,,,,,,,SHORT,80%,SETUP,80%,SETUP,80%,1597.21,1623.3300474423925,1544.9699051152152,2.0,не хватает отката для входа.,,,multi,17.413364961594944,31.64462159834074,81.7989544406793,11.26447429365454,6.029970235040539,26.603800957493117,BEARISH,BEARISH,BEARISH,BEARISH,BEARISH,BULLISH
2026-06-24T17:03:37.351097+00:00,,,SOL/USDT,66.92,SETUP,80%,,,,,,,SHORT,80%,SETUP,80%,SETUP,80%,66.92,68.09137327877119,64.57725344245763,2.0,не хватает отката для входа.,,,multi,0.7809155191807856,1.5310164298433195,3.8675267994294518,14.939759036144668,6.888633754305487,42.39198497182215,BEARISH,BEARISH,BEARISH,BEARISH,BEARISH,BULLISH
2026-06-24T17:07:44.774636+00:00,,,BTC/USDT,59799.9,WATCH,80%,,,,,,,SHORT,80%,WATCH,80%,WATCH,80%,59799.9,60546.43741207943,58306.82517584114,2.0,"тренд подтверждён, структура подтверждена, RR подходит, ожидаем откат к зоне входа.",,,multi,497.6916080529521,911.1763066407327,2237.5566646232437,5.103562551781357,3.075079872204522,8.242477637874263,BEARISH,BEARISH,BEARISH,BEARISH,BEARISH,BULLISH
2026-06-24T17:07:45.822821+00:00,,,ETH/USDT,1587.83,WATCH,80%,,,,,,,SHORT,80%,WATCH,80%,WATCH,80%,1587.83,1614.2007617281067,1535.0884765437863,2.0,"тренд подтверждён, структура подтверждена, RR подходит, ожидаем откат к зоне входа.",,,multi,17.58050781873781,31.64462159834074,81.7989544406793,2.5752663270032157,1.4266652981627685,23.931524735238646,BEARISH,BEARISH,BEARISH,BEARISH,BEARISH,BULLISH
2026-06-24T17:07:46.782543+00:00,,,SOL/USDT,66.39,WATCH,80%,,,,,,,SHORT,80%,WATCH,80%,WATCH,80%,66.39,67.58601613591404,63.99796772817193,2.0,"тренд подтверждён, структура подтверждена, RR подходит, ожидаем откат к зоне входа.",,,multi,0.7973440906093573,1.5310164298433195,3.8675267994294518,2.1686746987952596,1.0332950631458475,39.323731997495315,BEARISH,BEARISH,BEARISH,BEARISH,BEARISH,BULLISH
2026-06-24T17:23:26.767312+00:00,,,BTC/USDT,0.0,NO TRADE,0%,,,,,,,NO TRADE,0%,NO TRADE,0%,NO TRADE,0%,0.0,,,,Ошибка анализа BTC/USDT: bybit GET https://api.bybit.com/v5/market/instruments-info?category=option&baseCoin=BTC,,,multi,,,,,,,,,,,,
2026-06-24T17:23:43.276483+00:00,,,ETH/USDT,0.0,NO TRADE,0%,,,,,,,NO TRADE,0%,NO TRADE,0%,NO TRADE,0%,0.0,,,,Ошибка анализа ETH/USDT: bybit GET https://api.bybit.com/v5/market/instruments-info?category=linear&limit=1000,,,multi,,,,,,,,,,,,
2026-06-24T17:24:04.697915+00:00,,,SOL/USDT,65.48,WATCH,80%,,,,,,,SHORT,80%,WATCH,80%,WATCH,80%,65.48,66.79494470734261,62.850110585314795,2.0,"тренд подтверждён, структура подтверждена, RR подходит, ожидаем откат к зоне входа.",,,multi,0.8766298048950716,1.6095878584147478,3.94609822800088,5.333333333333355,2.854230377166168,33.500313087038165,BEARISH,BEARISH,BEARISH,BEARISH,BEARISH,BULLISH
2026-06-24T17:39:07.626909+00:00,,,BTC/USDT,59488.8,WATCH,80%,,,,,,,SHORT,80%,WATCH,80%,WATCH,80%,59488.8,60281.19455493658,57904.010890126854,2.0,"тренд подтверждён, структура подтверждена, RR подходит, ожидаем откат к зоне входа.",,,multi,528.2630366243807,930.9905923550185,2257.3709503375294,3.8759491073262304,2.403372037537869,4.390440879556585,BEARISH,BEARISH,BEARISH,BEARISH,BEARISH,BULLISH
2026-06-24T17:39:09.780201+00:00,,,ETH/USDT,1573.89,WATCH,80%,,,,,,,SHORT,80%,WATCH,80%,WATCH,80%,1573.89,1602.2418331566782,1517.1863336866438,2.0,"тренд подтверждён, структура подтверждена, RR подходит, ожидаем откат к зоне входа.",,,multi,18.90122210445208,32.88890731262644,83.043240154965,4.99322006859695,2.9536461277557864,19.889743217757193,BEARISH,BEARISH,BEARISH,BEARISH,BEARISH,BULLISH
2026-06-24T17:39:10.692942+00:00,,,SOL/USDT,65.45,WATCH,80%,,,,,,,SHORT,80%,WATCH,80%,WATCH,80%,65.45,66.76494470734261,62.820110585314794,2.0,"тренд подтверждён, структура подтверждена, RR подходит, ожидаем откат к зоне входа.",,,multi,0.8766298048950716,1.6095878584147478,3.94609822800088,4.761904761904762,2.5484199796126394,33.4376956793989,BEARISH,BEARISH,BEARISH,BEARISH,BEARISH,BULLISH
2026-06-24T17:54:20.860143+00:00,,,BTC/USDT,0.0,NO TRADE,0%,,,,,,,NO TRADE,0%,NO TRADE,0%,NO TRADE,0%,0.0,,,,Ошибка анализа BTC/USDT: bybit GET https://api.bybit.com/v5/market/kline?symbol=BTCUSDT&limit=200&interval=60&category=spot,,,multi,,,,,,,,,,,,
2026-06-24T17:54:23.569087+00:00,,,ETH/USDT,1561.9,WATCH,80%,,,,,,,SHORT,80%,WATCH,80%,WATCH,80%,1561.9,1591.8793331566783,1501.9413336866437,2.0,"тренд подтверждён, структура подтверждена, RR подходит, ожидаем откат к зоне входа.",,,multi,19.986222104452086,33.97390731262645,84.12824015496501,6.730221969265822,4.290675693498039,16.494994922385064,BEARISH,BEARISH,BEARISH,BEARISH,BEARISH,BULLISH
2026-06-24T17:54:27.459705+00:00,,,SOL/USDT,64.96,WATCH,80%,,,,,,,SHORT,80%,WATCH,80%,WATCH,80%,64.96,66.32744470734261,62.225110585314766,2.0,"тренд подтверждён, структура подтверждена, RR подходит, ожидаем откат к зоне входа.",,,multi,0.9116298048950722,1.6445878584147484,3.9810982280008806,4.355400696864105,2.524271844660241,30.494677520350688,BEARISH,BEARISH,BEARISH,BEARISH,BEARISH,BULLISH
2026-06-24T18:02:26.156738+00:00,,,BTC/USDT,0.0,NO TRADE,0%,,,,,,,NO TRADE,0%,NO TRADE,0%,NO TRADE,0%,0.0,,,,Ошибка анализа BTC/USDT: bybit GET https://api.bybit.com/v5/market/kline?symbol=BTCUSDT&limit=200&interval=60&category=spot,,,multi,,,,,,,,,,,,
2026-06-24T18:02:56.165337+00:00,,,ETH/USDT,0.0,NO TRADE,0%,,,,,,,NO TRADE,0%,NO TRADE,0%,NO TRADE,0%,0.0,,,,Ошибка анализа ETH/USDT: bybit GET https://api.bybit.com/v5/market/kline?symbol=ETHUSDT&limit=200&interval=60&category=spot,,,multi,,,,,,,,,,,,
2026-06-24T18:05:36.777234+00:00,,,SOL/USDT,65.03,NO TRADE,45%,,,,,,,NO TRADE,45%,NO TRADE,45%,NO TRADE,45%,65.03,,,,"Конфликт трендов на 1h (бычий EMA20 vs медвежий MACD) и противоречие между долгосрочным медвежьим трендом (1d/4h) и краткосрочной неопределенностью. RSI ниже 30 снижает уверенность в SHORT, а цена у нижней границы диапазона 20 свечей (1h) не подтверждает сильный сигнал.",,,multi,0.8722276998241416,1.6445878584147484,3.9810982280008806,5.574912891986183,2.9126213592234085,30.682529743268667,BEARISH,BEARISH,BEARISH,BEARISH,BEARISH,BULLISH
2026-06-24T18:09:57.525260+00:00,,,BTC/USDT,0.0,NO TRADE,0%,,,,,,,NO TRADE,0%,NO TRADE,0%,NO TRADE,0%,0.0,,,,Ошибка анализа BTC/USDT: bybit GET https://api.bybit.com/v5/market/kline?symbol=BTCUSDT&limit=200&interval=60&category=spot,,,multi,,,,,,,,,,,,
2026-06-24T18:10:27.535669+00:00,,,ETH/USDT,0.0,NO TRADE,0%,,,,,,,NO TRADE,0%,NO TRADE,0%,NO TRADE,0%,0.0,,,,Ошибка анализа ETH/USDT: bybit GET https://api.bybit.com/v5/market/kline?symbol=ETHUSDT&limit=200&interval=60&category=spot,,,multi,,,,,,,,,,,,
2026-06-24T18:10:57.541394+00:00,,,SOL/USDT,0.0,NO TRADE,0%,,,,,,,NO TRADE,0%,NO TRADE,0%,NO TRADE,0%,0.0,,,,Ошибка анализа SOL/USDT: bybit GET https://api.bybit.com/v5/market/kline?symbol=SOLUSDT&limit=200&interval=60&category=spot,,,multi,,,,,,,,,,,,
2026-06-24T18:27:05.801561+00:00,,,BTC/USDT,59909.2,WATCH,80%,,,,,,,SHORT,80%,WATCH,80%,WATCH,80%,59909.2,60734.86255400216,58257.87489199567,2.0,"тренд подтверждён, структура подтверждена, RR подходит, ожидаем откат к зоне входа.",,,multi,550.4417026681095,947.8263066407326,2274.206664623244,19.5254106093224,12.375243380808522,9.74354596783044,BEARISH,BEARISH,BEARISH,BEARISH,BEARISH,BULLISH
2026-06-24T18:27:06.848270+00:00,,,ETH/USDT,1583.6,WATCH,80%,,,,,,,SHORT,80%,WATCH,80%,WATCH,80%,1583.6,1614.4968814003923,1521.806237199215,2.0,"тренд подтверждён, структура подтверждена, RR подходит, ожидаем откат к зоне входа.",,,multi,20.597920933594953,33.97390731262645,84.12824015496501,22.168468981217888,13.698509693585903,22.70419265921949,BEARISH,BEARISH,BEARISH,BEARISH,BEARISH,BULLISH
2026-06-24T18:27:07.783166+00:00,,,SOL/USDT,66.4,WATCH,80%,,,,,,,SHORT,80%,WATCH,80%,WATCH,80%,66.4,67.84869869259336,63.5026026148133,2.0,"тренд подтверждён, структура подтверждена, RR подходит, ожидаем откат к зоне входа.",,,multi,0.9657991283955694,1.6445878584147484,3.9810982280008806,29.442508710801558,16.407766990291357,39.386349405134666,BEARISH,BEARISH,BEARISH,BEARISH,BEARISH,BULLISH
2026-06-24T18:42:09.698330+00:00,,,BTC/USDT,59524.6,WATCH,80%,,,,,,,SHORT,80%,WATCH,80%,WATCH,80%,59524.6,60350.26255400216,57873.27489199567,2.0,"тренд подтверждён, структура подтверждена, RR подходит, ожидаем откат к зоне входа.",,,multi,550.4417026681095,947.8263066407326,2274.206664623244,10.222297477080833,6.478912106949557,5.1534699950001635,BEARISH,BEARISH,BEARISH,BEARISH,BEARISH,BULLISH
2026-06-24T18:42:11.431195+00:00,,,ETH/USDT,1575.51,WATCH,80%,,,,,,,SHORT,80%,WATCH,80%,WATCH,80%,1575.51,1606.4068814003924,1513.7162371992151,2.0,"тренд подтверждён, структура подтверждена, RR подходит, ожидаем откат к зоне входа.",,,multi,20.597920933594953,33.97390731262645,84.12824015496501,16.412919749573096,10.141996746823729,20.21471057594663,BEARISH,BEARISH,BEARISH,BEARISH,BEARISH,BULLISH
2026-06-24T18:42:14.961038+00:00,,,SOL/USDT,66.02,WATCH,80%,,,,,,,SHORT,80%,WATCH,80%,WATCH,80%,66.02,67.46869869259335,63.12260261481329,2.0,"тренд подтверждён, структура подтверждена, RR подходит, ожидаем откат к зоне входа.",,,multi,0.9657991283955694,1.6445878584147484,3.9810982280008806,22.82229965156795,12.718446601941755,37.38259236067626,BEARISH,BEARISH,BEARISH,BEARISH,BEARISH,BULLISH
2026-06-24T18:57:17.138663+00:00,,,BTC/USDT,59637.1,WATCH,80%,,,,,,,SHORT,80%,WATCH,80%,WATCH,80%,59637.1,60462.76255400216,57985.77489199567,2.0,"тренд подтверждён, структура подтверждена, RR подходит, ожидаем откат к зоне входа.",,,multi,550.4417026681095,947.8263066407326,2274.206664623244,12.94356691903918,8.203657994388807,6.525371023011334,BEARISH,BEARISH,BEARISH,BEARISH,BEARISH,BULLISH
2026-06-24T18:57:18.115376+00:00,,,ETH/USDT,1574.05,WATCH,80%,,,,,,,SHORT,80%,WATCH,80%,WATCH,80%,1574.05,1604.9468814003924,1512.256237199215,2.0,"тренд подтверждён, структура подтверждена, RR подходит, ожидаем откат к зоне входа.",,,multi,20.597920933594953,33.97390731262645,84.12824015496501,15.374217416050021,9.500153866443881,19.991295517191375,BEARISH,BEARISH,BEARISH,BEARISH,BEARISH,BULLISH
2026-06-24T18:57:19.920626+00:00,,,SOL/USDT,66.14,WATCH,80%,,,,,,,SHORT,80%,WATCH,80%,WATCH,80%,66.14,67.58869869259335,63.24260261481329,2.0,"тренд подтверждён, структура подтверждена, RR подходит, ожидаем откат к зоне входа.",,,multi,0.9657991283955694,1.6445878584147484,3.9810982280008806,24.912891986062796,13.980582524271945,37.82091421415157,BEARISH,BEARISH,BEARISH,BEARISH,BEARISH,BULLISH
2026-06-24T19:09:28.751570+00:00,,,BTC/USDT,59639.3,NO TRADE,45%,,,,,,,NO TRADE,45%,NO TRADE,45%,NO TRADE,45%,59639.3,,,,"Тренды на всех таймфреймах медвежьи, но цена в нижней части диапазона и RSI указывает на перепроданность, что противоречит сигналу. Недостаточная согласованность между индикаторами снижает уверенность.",,,multi,519.7030155313272,947.8263066407326,2274.206664623244,12.996782854793137,8.237386358409909,6.552199309781383,BEARISH,BEARISH,BEARISH,BEARISH,BEARISH,BULLISH
2026-06-24T19:12:20.825674+00:00,,,ETH/USDT,1572.47,NO TRADE,45%,,,,,,,NO TRADE,45%,NO TRADE,45%,NO TRADE,45%,1572.47,,,,"Конфликт между MACD на 1d (BULLISH) и медвежьими трендами на 4h/1h. Цена близка к нижней границе диапазона, но RSI на 1h/4h указывает на перепроданность, снижая уверенность в SHORT. Тренды не согласованы, сигнал слабый.",,,multi,19.58521287504482,33.97390731262645,84.12824015496501,14.25014228799088,8.805556776717797,19.474829537211694,BEARISH,BEARISH,BEARISH,BEARISH,BEARISH,BULLISH
2026-06-24T19:12:21.446839+00:00,,,BTC/USDT,59532.9,WATCH,80%,,,,,,,SHORT,80%,WATCH,80%,WATCH,80%,59532.9,60323.99380901128,57950.71238197745,2.0,"тренд подтверждён, структура подтверждена, RR подходит, ожидаем откат к зоне входа.",,,multi,527.3958726741846,947.8263066407326,2274.206664623244,10.423066689243162,6.60616002575623,5.254685804177912,BEARISH,BEARISH,BEARISH,BEARISH,BEARISH,BULLISH
2026-06-24T19:12:22.298598+00:00,,,ETH/USDT,1567.34,WATCH,80%,,,,,,,SHORT,80%,WATCH,80%,WATCH,80%,1567.34,1597.1131764554243,1507.7936470891511,2.0,"тренд подтверждён, структура подтверждена, RR подходит, ожидаем откат к зоне входа.",,,multi,19.848784303616252,33.97390731262645,84.12824015496501,10.600455321570767,6.550314327163961,17.98636297693312,BEARISH,BEARISH,BEARISH,BEARISH,BEARISH,BULLISH
2026-06-24T19:12:23.168033+00:00,,,SOL/USDT,65.65,WATCH,80%,,,,,,,SHORT,80%,WATCH,80%,WATCH,80%,65.65,67.07236309996652,62.80527380006697,2.0,"тренд подтверждён, структура подтверждена, RR подходит, ожидаем откат к зоне входа.",,,multi,0.9482420666443448,1.6445878584147484,3.9810982280008806,16.37630662020924,9.126213592233116,34.69004383218539,BEARISH,BEARISH,BEARISH,BEARISH,BEARISH,BULLISH
2026-06-24T19:14:37.267143+00:00,,,SOL/USDT,65.65,NO TRADE,55%,,,,,,,NO TRADE,55%,NO TRADE,55%,NO TRADE,55%,65.65,,,,"Конфликт между медвежьим трендом и RSI ниже 30, снижающим уверенность в SHORT. Цена близка к нижней границе диапазона, но риск отскока высок.",,,multi,0.9482420666443448,1.6445878584147484,3.9810982280008806,16.37630662020924,9.126213592233116,34.69004383218539,BEARISH,BEARISH,BEARISH,BEARISH,BEARISH,BULLISH
2026-06-24T19:25:16.907861+00:00,,,BTC/USDT,59789.9,SHORT,80,40,25,0,15,23.360344452238657,,SHORT,80%,WATCH,80%,WATCH,80%,59789.9,60586.21166615414,58197.27666769173,2.0,"тренд подтверждён, структура подтверждена, RR подходит, ожидаем откат к зоне входа.","Комментарий: 1h: RSI=25.24, MACD=bearish; 4h: RSI=23.34, MACD=bearish; 1d: RSI=30.74, MACD=bullish.",NO,multi,530.8744441027559,947.8263066407326,2274.206664623244,16.639655547761343,10.546246186395232,8.388717485945651,BEARISH,BEARISH,BEARISH,BEARISH,BEARISH,BULLISH
2026-06-24T19:25:18.015989+00:00,,,ETH/USDT,1576.14,SHORT,80,40,25,0,15,23.138873079112084,,SHORT,80%,WATCH,80%,WATCH,80%,1576.14,1605.9131764554245,1516.5936470891513,2.0,"тренд подтверждён, структура подтверждена, RR подходит, ожидаем откат к зоне входа.","Комментарий: 1h: RSI=25.19, MACD=bearish; 4h: RSI=24.06, MACD=bearish; 1d: RSI=31.20, MACD=bullish.",NO,multi,19.848784303616252,33.97390731262645,84.12824015496501,16.861126920887916,10.418956345891784,20.53967793413613,BEARISH,BEARISH,BEARISH,BEARISH,BEARISH,BULLISH
2026-06-24T19:25:19.821348+00:00,,,SOL/USDT,65.95,SHORT,80,40,25,0,15,18.39721254355388,,SHORT,80%,WATCH,80%,WATCH,80%,65.95,67.38522024282366,63.07955951435268,2.0,"тренд подтверждён, структура подтверждена, RR подходит, ожидаем откат к зоне входа.","Комментарий: 1h: RSI=29.80, MACD=bearish; 4h: RSI=27.99, MACD=bearish; 1d: RSI=36.97, MACD=bullish.",NO,multi,0.9568134952157737,1.6445878584147484,3.9810982280008806,21.60278745644612,12.038834951456385,36.56856606136508,BEARISH,BEARISH,BEARISH,BEARISH,BEARISH,BULLISH
2026-06-24T19:40:21.181707+00:00,,,BTC/USDT,59879.3,SHORT,80,40,25,0,15,21.19784233569572,,SHORT,80%,WATCH,80%,WATCH,80%,59879.3,60688.16880901128,58261.56238197745,2.0,"тренд подтверждён, структура подтверждена, RR подходит, ожидаем откат к зоне входа.","Комментарий: 1h: RSI=26.80, MACD=bearish; 4h: RSI=23.67, MACD=bearish; 1d: RSI=30.91, MACD=bullish.",NO,multi,539.2458726741847,947.8263066407326,2274.206664623244,18.80215766430428,11.916844251613645,9.478921502871879,BEARISH,BEARISH,BEARISH,BEARISH,BEARISH,BULLISH
2026-06-24T19:40:21.930407+00:00,,,ETH/USDT,1581.74,SHORT,80,40,25,0,15,19.154809334092228,,SHORT,80%,WATCH,80%,WATCH,80%,1581.74,1612.0253193125673,1521.1693613748655,2.0,"тренд подтверждён, структура подтверждена, RR подходит, ожидаем откат к зоне входа.","Комментарий: 1h: RSI=27.96, MACD=bearish; 4h: RSI=24.65, MACD=bearish; 1d: RSI=31.50, MACD=bullish.",NO,multi,20.190212875044825,33.97390731262645,84.12824015496501,20.845190665907772,12.880819448718492,22.161613230813895,BEARISH,BEARISH,BEARISH,BEARISH,BEARISH,BULLISH
2026-06-24T19:40:22.685653+00:00,,,SOL/USDT,65.99,SHORT,80,40,25,0,15,17.700348432055765,,SHORT,80%,WATCH,80%,WATCH,80%,65.99,67.42522024282366,63.11955951435267,2.0,"тренд подтверждён, структура подтверждена, RR подходит, ожидаем откат к зоне входа.","Комментарий: 1h: RSI=29.97, MACD=bearish; 4h: RSI=28.09, MACD=bearish; 1d: RSI=37.03, MACD=bullish.",NO,multi,0.9568134952157737,1.6445878584147484,3.9810982280008806,22.299651567944235,12.427184466019414,36.81903569192233,BEARISH,BEARISH,BEARISH,BEARISH,BEARISH,BULLISH
2026-06-24T19:43:19.950495+00:00,,,BTC/USDT,59761.0,SHORT,60,40,25,0,15,24.059408335550657,20,SHORT,60%,WATCH,60%,WATCH,60%,59761.0,60569.86880901128,58143.262381977445,2.0,"тренд подтверждён, структура подтверждена, RR подходит, ожидаем откат к зоне входа.","Комментарий: 1h: RSI=24.72, MACD=bearish; 4h: RSI=23.24, MACD=bearish; 1d: RSI=30.69, MACD=bullish. ⚠️ рынок перепродан, возможен отскок",NO,multi,539.2458726741847,947.8263066407326,2274.206664623244,15.940591664449341,10.103178131755259,8.035071887613883,BEARISH,BEARISH,BEARISH,BEARISH,BEARISH,BULLISH
2026-06-24T19:43:21.077479+00:00,,,ETH/USDT,1578.67,SHORT,60,40,25,0,15,21.338929994308458,20,SHORT,60%,WATCH,60%,WATCH,60%,1578.67,1609.1438907411386,1517.722218517723,2.0,"тренд подтверждён, структура подтверждена, RR подходит, ожидаем откат к зоне входа.","Комментарий: 1h: RSI=26.47, MACD=bearish; 4h: RSI=24.33, MACD=bearish; 1d: RSI=31.34, MACD=bullish.",NO,multi,20.31592716075911,33.97390731262645,84.12824015496501,18.661070005691542,11.531190926275999,21.276657478601518,BEARISH,BEARISH,BEARISH,BEARISH,BEARISH,BULLISH
2026-06-24T19:43:22.082772+00:00,,,SOL/USDT,65.77,SHORT,60,40,25,0,15,21.533101045296156,20,SHORT,60%,WATCH,60%,WATCH,60%,65.77,67.20522024282366,62.899559514352674,2.0,"тренд подтверждён, структура подтверждена, RR подходит, ожидаем откат к зоне входа.","Комментарий: 1h: RSI=29.04, MACD=bearish; 4h: RSI=27.53, MACD=bearish; 1d: RSI=36.73, MACD=bullish.",NO,multi,0.9568134952157737,1.6445878584147484,3.9810982280008806,18.466898954703844,10.291262135922342,35.44145272385721,BEARISH,BEARISH,BEARISH,BEARISH,BEARISH,BULLISH
2026-06-24T19:43:41.782125+00:00,,,BTC/USDT,59773.8,SHORT,60,40,25,0,15,23.749788345709995,20,SHORT,60%,WATCH,60%,WATCH,60%,59773.8,60582.66880901128,58156.06238197745,2.0,"тренд подтверждён, структура подтверждена, RR подходит, ожидаем откат к зоне входа.","Комментарий: 1h: RSI=24.95, MACD=bearish; 4h: RSI=23.28, MACD=bearish; 1d: RSI=30.72, MACD=bullish. ⚠️ рынок перепродан, возможен отскок",NO,multi,539.2458726741847,947.8263066407326,2274.206664623244,16.250211654290005,10.299415886059503,8.26189285757838,BEARISH,BEARISH,BEARISH,BEARISH,BEARISH,BULLISH
2026-06-24T19:45:57.387083+00:00,,,BTC/USDT,59863.5,SHORT,60,40,25,0,15,21.580029510655276,20,SHORT,60%,WATCH,60%,WATCH,60%,59863.5,60672.36880901128,58245.762381977445,2.0,"тренд подтверждён, структура подтверждена, RR подходит, ожидаем откат к зоне входа.","Комментарий: 1h: RSI=26.53, MACD=bearish; 4h: RSI=23.61, MACD=bearish; 1d: RSI=30.88, MACD=bullish.",NO,multi,539.2458726741847,947.8263066407326,2274.206664623244,18.419970489344724,11.674613273644354,9.286245625160051,BEARISH,BEARISH,BEARISH,BEARISH,BEARISH,BULLISH
2026-06-24T19:45:58.362971+00:00,,,ETH/USDT,1581.77,SHORT,70,40,25,0,15,19.13346613545821,10,SHORT,70%,WATCH,70%,WATCH,70%,1581.77,1612.2438907411386,1520.8222185177228,2.0,"тренд подтверждён, структура подтверждена, RR подходит, ожидаем откат к зоне входа.","Комментарий: 1h: RSI=27.97, MACD=bearish; 4h: RSI=24.66, MACD=bearish; 1d: RSI=31.51, MACD=bullish.",NO,multi,20.31592716075911,33.97390731262645,84.12824015496501,20.86653386454179,12.898404185167237,22.176120702161626,BEARISH,BEARISH,BEARISH,BEARISH,BEARISH,BULLISH
2026-06-24T19:45:59.524636+00:00,,,SOL/USDT,65.91,SHORT,70,40,25,0,15,19.09407665505225,10,SHORT,70%,WATCH,70%,WATCH,70%,65.91,67.34522024282366,63.039559514352675,2.0,"тренд подтверждён, структура подтверждена, RR подходит, ожидаем откат к зоне входа.","Комментарий: 1h: RSI=29.63, MACD=bearish; 4h: RSI=27.89, MACD=bearish; 1d: RSI=36.92, MACD=bullish.",NO,multi,0.9568134952157737,1.6445878584147484,3.9810982280008806,20.90592334494775,11.650485436893218,36.31809643080775,BEARISH,BEARISH,BEARISH,BEARISH,BEARISH,BULLISH
2026-06-24T20:01:09.932218+00:00,,,BTC/USDT,0.0,NO TRADE,0,0,0,0,0,,0,NO TRADE,0%,NO TRADE,0%,NO TRADE,0%,0.0,,,,Ошибка анализа BTC/USDT: bybit GET https://api.bybit.com/v5/market/kline?symbol=BTCUSDT&limit=200&interval=60&category=spot,Комментарий: RSI/MACD недоступны из-за ошибки анализа.,NO,multi,,,,,,,,,,,,
2026-06-24T20:01:21.388685+00:00,,,ETH/USDT,1584.5,SHORT,70,40,25,0,15,17.191235059760984,10,SHORT,70%,WATCH,70%,WATCH,70%,1584.5,1613.7039161769387,1526.0921676461226,2.0,"тренд подтверждён, структура подтверждена, RR подходит, ожидаем откат к зоне входа.","Комментарий: 1h: RSI=29.27, MACD=bearish; 4h: RSI=24.96, MACD=bearish; 1d: RSI=31.69, MACD=bullish.",NO,multi,19.469277451292523,32.02434305697843,84.12824015496501,22.808764940239016,14.138128104804965,23.14812128246052,BEARISH,BEARISH,BEARISH,BEARISH,BEARISH,BULLISH
2026-06-24T20:01:23.355325+00:00,,,SOL/USDT,66.4,SHORT,70,40,25,0,15,10.557491289198442,10,SHORT,70%,WATCH,70%,WATCH,70%,66.4,67.77770448228893,63.64459103542217,2.0,"тренд подтверждён, структура подтверждена, RR подходит, ожидаем откат к зоне входа.","Комментарий: 1h: RSI=34.02, MACD=bearish; 4h: RSI=30.38, MACD=bearish; 1d: RSI=37.59, MACD=bullish.",NO,multi,0.9184696548592791,1.5571172989421356,3.9810982280008806,29.442508710801558,16.407766990291357,39.323731997495315,BEARISH,BEARISH,BEARISH,BEARISH,BEARISH,BULLISH
2026-06-24T20:16:25.011574+00:00,,,BTC/USDT,60597.4,SHORT,80,40,25,0,15,3.827677124404296,0,SHORT,80%,WATCH,80%,WATCH,80%,60597.4,61462.34475240448,58867.51049519104,2.0,"тренд подтверждён, структура подтверждена, RR подходит, ожидаем откат к зоне входа.","Комментарий: 1h: RSI=37.91, MACD=bearish; 4h: RSI=31.45, MACD=bearish; 1d: RSI=32.30, MACD=bullish.",NO,multi,576.629834936321,950.2887012062247,2274.206664623244,36.172322875595704,22.926088889570302,18.109093569747444,BEARISH,BEARISH,BEARISH,BEARISH,BEARISH,BULLISH
2026-06-24T20:16:26.507538+00:00,,,ETH/USDT,1608.69,SHORT,100,40,25,20,15,0.0,0,SHORT,100%,HIGH PRIORITY,100%,HIGH PRIORITY,100%,1608.69,1640.6582018912245,1544.7535962175511,2.0,сетап полностью сформирован.,"Комментарий: 1h: RSI=39.46, MACD=bearish; 4h: RSI=32.68, MACD=bearish; 1d: RSI=33.07, MACD=bullish.",YES,multi,21.31213459414966,33.86720019983557,84.12824015496501,40.01849743881618,24.728535631072226,29.98404178151752,BEARISH,BEARISH,BEARISH,BEARISH,BEARISH,BULLISH
2026-06-24T20:16:28.168017+00:00,,,SOL/USDT,67.18,SHORT,100,40,25,20,15,0.0,0,SHORT,100%,HIGH PRIORITY,100%,HIGH PRIORITY,100%,67.18,68.67020448228892,64.19959103542217,2.0,сетап полностью сформирован.,"Комментарий: 1h: RSI=40.85, MACD=bearish; 4h: RSI=35.29, MACD=bearish; 1d: RSI=38.75, MACD=bullish.",YES,multi,0.993469654859279,1.6321172989421355,3.9810982280008806,43.03135888501758,23.980582524271945,44.27050720100193,BEARISH,BEARISH,BEARISH,BEARISH,BEARISH,BULLISH
2026-06-24T20:31:32.898956+00:00,,,BTC/USDT,60754.7,SHORT,80,40,25,0,15,0.02273771800397384,0,SHORT,80%,WATCH,80%,WATCH,80%,60754.7,61619.69832383305,59024.70335233389,2.0,"тренд подтверждён, структура подтверждена, RR подходит, ожидаем откат к зоне входа.","Комментарий: 1h: RSI=39.93, MACD=bearish; 4h: RSI=33.07, MACD=bearish; 1d: RSI=32.64, MACD=bullish.",NO,multi,576.6655492220353,950.324415491939,2274.206664623244,39.977262281996026,25.337666917074188,20.15779910491079,BEARISH,BEARISH,BEARISH,BEARISH,BEARISH,BULLISH
2026-06-24T20:31:35.052096+00:00,,,ETH/USDT,1612.4,SHORT,100,40,25,20,15,0.0,0,SHORT,100%,HIGH PRIORITY,100%,HIGH PRIORITY,100%,1612.4,1644.8910590340818,1547.4178819318367,2.0,сетап полностью сформирован.,"Комментарий: 1h: RSI=40.78, MACD=bearish; 4h: RSI=33.73, MACD=bearish; 1d: RSI=33.30, MACD=bullish.",YES,multi,21.660706022721097,34.21577162840701,84.12824015496501,42.6579396698919,26.359519936694966,31.06049615552014,BEARISH,BEARISH,BEARISH,BEARISH,BEARISH,BULLISH
2026-06-24T20:31:36.882844+00:00,,,SOL/USDT,67.47,SHORT,100,40,25,20,15,0.0,0,SHORT,100%,HIGH PRIORITY,100%,HIGH PRIORITY,100%,67.47,68.98270448228891,64.44459103542218,2.0,сетап полностью сформирован.,"Комментарий: 1h: RSI=43.04, MACD=bearish; 4h: RSI=37.17, MACD=bearish; 1d: RSI=39.27, MACD=bullish.",YES,multi,1.0084696548592784,1.647117298942135,3.9810982280008806,48.0836236933798,27.18446601941756,46.39949906073887,BEARISH,BEARISH,BEARISH,BEARISH,BEARISH,BULLISH
2026-06-24T20:46:38.087969+00:00,,,BTC/USDT,60940.4,SHORT,100,40,25,20,15,0.0,0,SHORT,100%,HIGH PRIORITY,100%,HIGH PRIORITY,100%,60940.4,61816.926895261626,59187.34620947675,2.0,сетап полностью сформирован.,"Комментарий: 1h: RSI=42.14, MACD=bearish; 4h: RSI=34.89, MACD=bearish; 1d: RSI=33.04, MACD=bullish.",YES,multi,584.3512635077494,958.0315583490814,2274.206664623244,44.46917104085538,28.18924678430708,22.422350401814526,BEARISH,BEARISH,BEARISH,BEARISH,BEARISH,BULLISH
2026-06-24T20:46:38.956196+00:00,,,ETH/USDT,1612.79,SHORT,100,40,25,20,15,0.0,0,SHORT,100%,HIGH PRIORITY,100%,HIGH PRIORITY,100%,1612.79,1645.299273319796,1547.771453360408,2.0,сетап полностью сформирован.,"Комментарий: 1h: RSI=40.91, MACD=bearish; 4h: RSI=33.84, MACD=bearish; 1d: RSI=33.32, MACD=bullish.",YES,multi,21.672848879863945,34.22791448554985,84.12824015496501,42.93540125213427,26.53097111707034,31.173654432032507,BEARISH,BEARISH,BEARISH,BEARISH,BEARISH,BULLISH
2026-06-24T20:46:39.835389+00:00,,,SOL/USDT,67.58,SHORT,100,40,25,20,15,0.0,0,SHORT,100%,HIGH PRIORITY,100%,HIGH PRIORITY,100%,67.58,69.09270448228892,64.55459103542215,2.0,сетап полностью сформирован.,"Комментарий: 1h: RSI=43.83, MACD=bearish; 4h: RSI=37.55, MACD=bearish; 1d: RSI=39.37, MACD=bullish.",YES,multi,1.0084696548592784,1.647117298942135,3.9810982280008806,50.0,27.864077669902926,46.775203506574826,BEARISH,BEARISH,BEARISH,BEARISH,BEARISH,BULLISH
2026-06-24T21:01:41.128071+00:00,,,BTC/USDT,60925.6,SHORT,100,40,25,20,15,0.0,0,SHORT,100%,HIGH PRIORITY,100%,HIGH PRIORITY,100%,60925.6,61776.76602688956,59223.26794622087,2.0,сетап полностью сформирован.,"Комментарий: 1h: RSI=42.06, MACD=bearish; 4h: RSI=34.72, MACD=bearish; 1d: RSI=33.00, MACD=bullish.",YES,multi,567.4440179263748,977.1601297776531,2274.206664623244,44.11117292760212,27.922486087049897,22.210163042815534,BEARISH,BEARISH,BEARISH,BEARISH,BEARISH,BULLISH
2026-06-24T21:01:42.030505+00:00,,,ETH/USDT,1613.09,SHORT,100,40,25,20,15,0.0,0,SHORT,100%,HIGH PRIORITY,100%,HIGH PRIORITY,100%,1613.09,1643.9873088631252,1551.2953822737493,2.0,сетап полностью сформирован.,"Комментарий: 1h: RSI=41.07, MACD=bearish; 4h: RSI=33.93, MACD=bearish; 1d: RSI=33.34, MACD=bullish.",YES,multi,20.598205908750142,34.56005734269272,84.12824015496501,43.148833238474595,26.66285664043604,31.260699260118958,BEARISH,BEARISH,BEARISH,BEARISH,BEARISH,BULLISH
2026-06-24T21:01:42.951106+00:00,,,SOL/USDT,67.65,SHORT,75,40,0,20,15,0.0,0,SHORT,75%,WATCH,75%,WATCH,75%,67.65,69.09804698143975,64.75390603712052,2.0,структура рынка не совпадает с направлением тренда.,"Комментарий: 1h: RSI=44.34, MACD=bearish; 4h: RSI=37.88, MACD=bearish; 1d: RSI=39.46, MACD=bullish.",NO,multi,0.9653646542931604,1.6721172989421356,3.9810982280008806,51.21951219512207,28.446601941747605,47.15090795241078,BEARISH,BEARISH,BEARISH,BEARISH,BEARISH,BULLISH
2026-06-24T21:05:35.333983+00:00,BTC_SHORT,YES,BTC/USDT,60764.8,SHORT,85,40,25,20,15,0.0,0,SHORT,85%,SETUP,85%,SETUP,85%,60764.8,61636.75174117528,59020.89651764945,2.0,сетап полностью сформирован. Конфликт с дневным MACD.,"Комментарий: 1h: RSI=40.67, MACD=bearish; 4h: RSI=33.17, MACD=bearish; 1d: RSI=32.66, MACD=bullish.",YES,multi,581.3011607835176,977.1601297776531,2274.206664623244,40.22157180522976,25.492510770079928,20.27730692779535,BEARISH,BEARISH,BEARISH,BEARISH,BEARISH,BULLISH
2026-06-24T21:05:36.331338+00:00,ETH_SHORT,YES,ETH/USDT,1610.04,SHORT,85,40,25,20,15,0.0,0,SHORT,85%,SETUP,85%,SETUP,85%,1610.04,1641.4655231488396,1547.1889537023208,2.0,сетап полностью сформирован. Конфликт с дневным MACD.,"Комментарий: 1h: RSI=40.31, MACD=bearish; 4h: RSI=33.07, MACD=bearish; 1d: RSI=33.12, MACD=bullish.",YES,multi,20.950348765893004,34.56005734269272,84.12824015496501,40.9789413773477,25.322020486217923,30.23937327723778,BEARISH,BEARISH,BEARISH,BEARISH,BEARISH,BULLISH
2026-06-24T21:05:37.588431+00:00,SOL_SHORT,YES,SOL/USDT,67.43,SHORT,85,40,25,20,15,0.0,0,SHORT,85%,SETUP,85%,SETUP,85%,67.43,68.9026898385826,64.48462032283481,2.0,сетап полностью сформирован. Конфликт с дневным MACD.,"Комментарий: 1h: RSI=43.08, MACD=bearish; 4h: RSI=36.73, MACD=bearish; 1d: RSI=39.14, MACD=bullish.",YES,multi,0.9817932257217322,1.6721172989421356,3.9810982280008806,47.38675958188169,26.40776699029136,45.83594239198502,BEARISH,BEARISH,BEARISH,BEARISH,BEARISH,BULLISH
2026-06-24T21:06:54.646819+00:00,BTC_SHORT,YES,BTC/USDT,60741.4,SHORT,65,40,25,0,15,0.3444522386976132,0,SHORT,65%,WATCH,65%,WATCH,65%,60741.4,61613.37316974671,58997.45366050659,2.0,"тренд подтверждён, структура подтверждена, RR подходит, ожидаем откат к зоне входа. Конфликт с дневным MACD.","Комментарий: 1h: RSI=40.48, MACD=bearish; 4h: RSI=32.94, MACD=bearish; 1d: RSI=32.61, MACD=bullish.",NO,multi,581.3154464978031,977.1601297776531,2274.206664623244,39.65554776130239,25.133763625492545,19.99195151396901,BEARISH,BEARISH,BEARISH,BEARISH,BEARISH,BULLISH
2026-06-24T21:06:55.849089+00:00,ETH_SHORT,YES,ETH/USDT,1609.35,SHORT,85,40,25,20,15,0.0,0,SHORT,85%,SETUP,85%,SETUP,85%,1609.35,1640.7755231488395,1546.4989537023207,2.0,сетап полностью сформирован. Конфликт с дневным MACD. Сетап уже активен.,"Комментарий: 1h: RSI=40.14, MACD=bearish; 4h: RSI=32.87, MACD=bearish; 1d: RSI=33.11, MACD=bullish.",NO,multi,20.950348765893004,34.56005734269272,84.12824015496501,40.488047808764854,25.018683782476742,30.175540403307693,BEARISH,BEARISH,BEARISH,BEARISH,BEARISH,BULLISH
2026-06-24T21:06:56.978792+00:00,SOL_SHORT,YES,SOL/USDT,67.36,SHORT,85,40,25,20,15,0.0,0,SHORT,85%,SETUP,85%,SETUP,85%,67.36,68.83804698143975,64.4039060371205,2.0,сетап полностью сформирован. Конфликт с дневным MACD. Сетап уже активен.,"Комментарий: 1h: RSI=42.69, MACD=bearish; 4h: RSI=36.33, MACD=bearish; 1d: RSI=39.03, MACD=bullish.",NO,multi,0.9853646542931606,1.6721172989421356,3.9810982280008806,46.167247386759605,25.728155339805852,45.397620538509706,BEARISH,BEARISH,BEARISH,BEARISH,BEARISH,BULLISH
2026-06-24T21:07:26.174959+00:00,BTC_SHORT,YES,BTC/USDT,60724.1,SHORT,65,40,25,0,15,0.7629230062166101,0,SHORT,65%,WATCH,65%,WATCH,65%,60724.1,61596.855312603846,58978.589374792304,2.0,"тренд подтверждён, структура подтверждена, RR подходит, ожидаем откат к зоне входа. Конфликт с дневным MACD.","Комментарий: 1h: RSI=40.34, MACD=bearish; 4h: RSI=32.76, MACD=bearish; 1d: RSI=32.58, MACD=bullish.",NO,multi,581.836875069232,977.1601297776531,2274.206664623244,39.23707699378339,24.86853603569073,19.78098362255037,BEARISH,BEARISH,BEARISH,BEARISH,BEARISH,BULLISH
2026-06-24T21:07:27.105442+00:00,ETH_SHORT,YES,ETH/USDT,1608.13,SHORT,65,40,25,0,15,0.3799089356857692,0,SHORT,65%,WATCH,65%,WATCH,65%,1608.13,1639.5555231488397,1545.278953702321,2.0,"тренд подтверждён, структура подтверждена, RR подходит, ожидаем откат к зоне входа. Конфликт с дневным MACD.","Комментарий: 1h: RSI=39.84, MACD=bearish; 4h: RSI=32.52, MACD=bearish; 1d: RSI=33.05, MACD=bullish.",NO,multi,20.950348765893004,34.56005734269272,84.12824015496501,39.62009106431423,24.482349320789577,29.87958798781372,BEARISH,BEARISH,BEARISH,BEARISH,BEARISH,BULLISH
2026-06-24T21:07:27.934713+00:00,SOL_SHORT,YES,SOL/USDT,67.3,SHORT,85,40,25,20,15,0.0,0,SHORT,85%,SETUP,85%,SETUP,85%,67.3,68.78447555286832,64.33104889426336,2.0,сетап полностью сформирован. Конфликт с дневным MACD. Сетап уже активен.,"Комментарий: 1h: RSI=42.36, MACD=bearish; 4h: RSI=35.99, MACD=bearish; 1d: RSI=38.94, MACD=bullish.",NO,multi,0.989650368578875,1.6721172989421356,3.9810982280008806,45.121951219512184,25.145631067961173,45.021916092673756,BEARISH,BEARISH,BEARISH,BEARISH,BEARISH,BULLISH
2026-06-24T21:09:41.020110+00:00,BTC_SHORT,YES,BTC/USDT,60772.0,SHORT,85,40,25,20,15,0.0,0,SHORT,85%,SETUP,85%,SETUP,85%,60772.0,61644.75531260385,59026.489374792305,2.0,сетап полностью сформирован. Конфликт с дневным MACD. Сетап уже активен.,"Комментарий: 1h: RSI=40.73, MACD=bearish; 4h: RSI=33.24, MACD=bearish; 1d: RSI=32.68, MACD=bullish.",NO,multi,581.836875069232,977.1601297776531,2274.206664623244,40.39573304951502,25.602894506876,20.356572320524887,BEARISH,BEARISH,BEARISH,BEARISH,BEARISH,BULLISH
2026-06-24T21:09:41.846249+00:00,ETH_SHORT,YES,ETH/USDT,1609.42,SHORT,85,40,25,20,15,0.0,0,SHORT,85%,SETUP,85%,SETUP,85%,1609.42,1640.8455231488397,1546.5689537023209,2.0,сетап полностью сформирован. Конфликт с дневным MACD. Сетап уже активен.,"Комментарий: 1h: RSI=40.15, MACD=bearish; 4h: RSI=32.89, MACD=bearish; 1d: RSI=33.11, MACD=bullish.",NO,multi,20.950348765893004,34.56005734269272,84.12824015496501,40.53784860557772,25.04945707126215,30.195850863194586,BEARISH,BEARISH,BEARISH,BEARISH,BEARISH,BULLISH
2026-06-24T21:09:42.662115+00:00,SOL_SHORT,YES,SOL/USDT,67.37,SHORT,85,40,25,20,15,0.0,0,SHORT,85%,SETUP,85%,SETUP,85%,67.37,68.85447555286832,64.40104889426337,2.0,сетап полностью сформирован. Конфликт с дневным MACD. Сетап уже активен.,"Комментарий: 1h: RSI=42.74, MACD=bearish; 4h: RSI=36.39, MACD=bearish; 1d: RSI=39.04, MACD=bullish.",NO,multi,0.989650368578875,1.6721172989421356,3.9810982280008806,46.34146341463426,25.825242718446678,45.460237946149064,BEARISH,BEARISH,BEARISH,BEARISH,BEARISH,BULLISH
2026-06-24T21:24:44.237415+00:00,BTC_SHORT,YES,BTC/USDT,60814.0,SHORT,85,40,25,20,15,0.0,0,SHORT,85%,SETUP,85%,SETUP,85%,60814.0,61692.48745546099,59057.025089078015,2.0,сетап полностью сформирован. Конфликт с дневным MACD. Сетап уже активен.,"Комментарий: 1h: RSI=41.09, MACD=bearish; 4h: RSI=33.66, MACD=bearish; 1d: RSI=32.77, MACD=bullish.",NO,multi,585.6583036406604,977.1601297776531,2274.206664623244,41.411673641179476,26.24679963818665,20.877284977378867,BEARISH,BEARISH,BEARISH,BEARISH,BEARISH,BULLISH
2026-06-24T21:24:45.257095+00:00,ETH_SHORT,YES,ETH/USDT,1609.7,SHORT,85,40,25,20,15,0.0,0,SHORT,85%,SETUP,85%,SETUP,85%,1609.7,1641.3751660059825,1546.3496679880352,2.0,сетап полностью сформирован. Конфликт с дневным MACD. Сетап уже активен.,"Комментарий: 1h: RSI=40.22, MACD=bearish; 4h: RSI=32.97, MACD=bearish; 1d: RSI=33.13, MACD=bullish.",NO,multi,21.11677733732157,34.56005734269272,84.12824015496501,40.737051792828694,25.172550226403473,30.277092702741943,BEARISH,BEARISH,BEARISH,BEARISH,BEARISH,BULLISH
2026-06-24T21:24:46.119748+00:00,SOL_SHORT,YES,SOL/USDT,67.41,SHORT,85,40,25,20,15,0.0,0,SHORT,85%,SETUP,85%,SETUP,85%,67.41,68.90304698143974,64.4239060371205,2.0,сетап полностью сформирован. Конфликт с дневным MACD. Сетап уже активен.,"Комментарий: 1h: RSI=42.96, MACD=bearish; 4h: RSI=36.61, MACD=bearish; 1d: RSI=39.10, MACD=bullish.",NO,multi,0.9953646542931606,1.6721172989421356,3.9810982280008806,47.03832752613238,26.21359223300971,45.71070757670631,BEARISH,BEARISH,BEARISH,BEARISH,BEARISH,BULLISH
2026-06-24T21:39:47.818683+00:00,BTC_SHORT,YES,BTC/USDT,61061.9,SHORT,85,40,25,20,15,0.0,0,SHORT,85%,SETUP,85%,SETUP,85%,61061.9,61948.51959831813,59288.66080336374,2.0,сетап полностью сформирован. Конфликт с дневным MACD. Сетап уже активен.,"Комментарий: 1h: RSI=43.59, MACD=bearish; 4h: RSI=36.02, MACD=bearish; 1d: RSI=33.30, MACD=bullish.",NO,multi,591.0797322120886,977.1601297776531,2274.206664623244,47.40814203817039,30.047373020375034,23.900345109325276,BEARISH,BEARISH,BEARISH,BEARISH,BEARISH,BULLISH
2026-06-24T21:39:48.901513+00:00,ETH_SHORT,YES,ETH/USDT,1618.13,SHORT,85,40,25,20,15,0.0,0,SHORT,85%,SETUP,85%,SETUP,85%,1618.13,1650.299094577411,1553.7918108451781,2.0,сетап полностью сформирован. Конфликт с дневным MACD. Сетап уже активен.,"Комментарий: 1h: RSI=42.80, MACD=bearish; 4h: RSI=35.29, MACD=bearish; 1d: RSI=33.66, MACD=bullish.",NO,multi,21.446063051607293,34.56005734269272,84.12824015496501,46.73449060899266,28.87853343298019,32.72305237197162,BEARISH,BEARISH,BEARISH,BEARISH,BEARISH,BULLISH
2026-06-24T21:39:50.070470+00:00,SOL_SHORT,YES,SOL/USDT,67.87,SHORT,60,40,0,20,15,0.0,0,SHORT,60%,WATCH,60%,WATCH,60%,67.87,69.37911841001117,64.85176317997767,2.0,структура рынка не совпадает с направлением тренда. Конфликт с дневным MACD.,"Комментарий: 1h: RSI=45.92, MACD=bearish; 4h: RSI=39.10, MACD=bearish; 1d: RSI=39.83, MACD=bullish.",NO,multi,1.0060789400074468,1.6721172989421356,3.9810982280008806,55.05226480836247,30.679611650485505,48.591108328115254,BEARISH,BEARISH,BEARISH,BEARISH,BEARISH,BULLISH
2026-06-24T21:54:51.402130+00:00,BTC_SHORT,YES,BTC/USDT,61027.9,SHORT,85,40,25,20,15,0.0,0,SHORT,85%,SETUP,85%,SETUP,85%,61027.9,61918.43031260385,59246.839374792304,2.0,сетап полностью сформирован. Конфликт с дневным MACD. Сетап уже активен.,"Комментарий: 1h: RSI=43.19, MACD=bearish; 4h: RSI=35.69, MACD=bearish; 1d: RSI=33.22, MACD=bullish.",NO,multi,593.6868750692314,977.1601297776531,2274.206664623244,46.58571394015632,29.495454336394474,23.4613367803617,BEARISH,BEARISH,BEARISH,BEARISH,BEARISH,BULLISH
2026-06-24T21:54:52.392812+00:00,ETH_SHORT,YES,ETH/USDT,1615.61,SHORT,85,40,25,20,15,0.0,0,SHORT,85%,SETUP,85%,SETUP,85%,1615.61,1647.779094577411,1551.271810845178,2.0,сетап полностью сформирован. Конфликт с дневным MACD. Сетап уже активен.,"Комментарий: 1h: RSI=41.91, MACD=bearish; 4h: RSI=34.66, MACD=bearish; 1d: RSI=33.51, MACD=bullish.",NO,multi,21.446063051607293,34.56005734269272,84.12824015496501,44.94166192373355,27.84103398250315,32.038299724358055,BEARISH,BEARISH,BEARISH,BEARISH,BEARISH,BULLISH
2026-06-24T21:54:53.478999+00:00,SOL_SHORT,YES,SOL/USDT,67.81,SHORT,60,40,0,20,15,0.0,0,SHORT,60%,WATCH,60%,WATCH,60%,67.81,69.32983269572546,64.77033460854909,2.0,структура рынка не совпадает с направлением тренда. Конфликт с дневным MACD.,"Комментарий: 1h: RSI=45.49, MACD=bearish; 4h: RSI=38.78, MACD=bearish; 1d: RSI=39.73, MACD=bullish.",NO,multi,1.0132217971503035,1.6721172989421356,3.9810982280008806,54.00696864111505,30.097087378640826,48.2154038822793,BEARISH,BEARISH,BEARISH,BEARISH,BEARISH,BULLISH
2026-06-24T22:09:54.658016+00:00,BTC_SHORT,YES,BTC/USDT,61048.8,SHORT,85,40,25,20,15,0.0,0,SHORT,85%,SETUP,85%,SETUP,85%,61048.8,61901.263799481545,59343.87240103692,2.0,сетап полностью сформирован. Конфликт с дневным MACD. Сетап уже активен.,"Комментарий: 1h: RSI=43.55, MACD=bearish; 4h: RSI=35.90, MACD=bearish; 1d: RSI=33.27, MACD=bullish.",NO,multi,568.3091996543636,981.324415491939,2274.206664623244,47.09126532981794,29.84653594370435,23.740594856285774,BEARISH,BEARISH,BEARISH,BEARISH,BEARISH,BULLISH
2026-06-24T22:09:55.402614+00:00,ETH_SHORT,YES,ETH/USDT,1621.59,SHORT,85,40,25,20,15,0.0,0,SHORT,85%,SETUP,85%,SETUP,85%,1621.59,1652.557140961404,1559.6557180771918,2.0,сетап полностью сформирован. Конфликт с дневным MACD. Сетап уже активен.,"Комментарий: 1h: RSI=43.99, MACD=bearish; 4h: RSI=36.20, MACD=bearish; 1d: RSI=33.88, MACD=bullish.",NO,multi,20.644760640936,35.09434305697844,84.12824015496501,49.19607285145126,30.399613135798063,33.72696938923545,BEARISH,BEARISH,BEARISH,BEARISH,BEARISH,BULLISH
2026-06-24T22:09:56.439036+00:00,SOL_SHORT,YES,SOL/USDT,68.13,SHORT,60,40,0,20,15,0.0,0,SHORT,60%,WATCH,60%,WATCH,60%,68.13,69.61397716167725,65.16204567664548,2.0,структура рынка не совпадает с направлением тренда. Конфликт с дневным MACD.,"Комментарий: 1h: RSI=47.72, MACD=bullish; 4h: RSI=40.42, MACD=bearish; 1d: RSI=40.25, MACD=bullish.",NO,multi,0.9893181077848396,1.7121172989421347,3.9810982280008806,59.581881533100976,33.20388349514561,50.219160926737615,BEARISH,BEARISH,BEARISH,BULLISH,BEARISH,BULLISH
2026-06-24T22:24:57.740740+00:00,BTC_SHORT,YES,BTC/USDT,60907.8,SHORT,85,40,25,20,15,0.0,0,SHORT,85%,SETUP,85%,SETUP,85%,60907.8,61773.56022805298,59176.27954389405,2.0,сетап полностью сформирован. Конфликт с дневным MACD. Сетап уже активен.,"Комментарий: 1h: RSI=42.24, MACD=bearish; 4h: RSI=34.57, MACD=bearish; 1d: RSI=32.97, MACD=bullish.",NO,multi,577.1734853686492,981.324415491939,2274.206664623244,43.68060762923015,27.68485443144716,22.021145567845107,BEARISH,BEARISH,BEARISH,BEARISH,BEARISH,BULLISH
2026-06-24T22:24:58.763977+00:00,ETH_SHORT,YES,ETH/USDT,1616.16,SHORT,85,40,25,20,15,0.0,0,SHORT,85%,SETUP,85%,SETUP,85%,1616.16,1647.6414266756897,1553.197146648621,2.0,сетап полностью сформирован. Конфликт с дневным MACD. Сетап уже активен.,"Комментарий: 1h: RSI=42.47, MACD=bearish; 4h: RSI=34.77, MACD=bearish; 1d: RSI=33.53, MACD=bullish.",NO,multi,20.987617783793137,35.09434305697844,84.12824015496501,45.33295389869099,28.01248516287863,32.15145800087049,BEARISH,BEARISH,BEARISH,BEARISH,BEARISH,BULLISH
2026-06-24T22:24:59.882245+00:00,SOL_SHORT,YES,SOL/USDT,67.91,SHORT,60,40,0,20,15,0.0,0,SHORT,60%,WATCH,60%,WATCH,60%,67.91,69.41326287596297,64.90347424807405,2.0,структура рынка не совпадает с направлением тренда. Конфликт с дневным MACD.,"Комментарий: 1h: RSI=46.28, MACD=bullish; 4h: RSI=39.30, MACD=bearish; 1d: RSI=39.89, MACD=bullish.",NO,multi,1.002175250641983,1.7121172989421347,3.9810982280008806,55.74912891986059,31.067961165048537,48.841577958672495,BEARISH,BEARISH,BEARISH,BULLISH,BEARISH,BULLISH
2026-06-24T22:40:01.055123+00:00,BTC_SHORT,YES,BTC/USDT,60834.2,SHORT,85,40,25,20,15,0.0,0,SHORT,85%,SETUP,85%,SETUP,85%,60834.2,61707.68522805297,59087.22954389405,2.0,сетап полностью сформирован. Конфликт с дневным MACD. Сетап уже активен.,"Комментарий: 1h: RSI=41.59, MACD=bearish; 4h: RSI=33.86, MACD=bearish; 1d: RSI=32.81, MACD=bullish.",NO,multi,582.3234853686496,981.324415491939,2274.206664623244,41.90029268764659,26.556487344197922,21.124836896211143,BEARISH,BEARISH,BEARISH,BEARISH,BEARISH,BULLISH
2026-06-24T22:40:02.247616+00:00,ETH_SHORT,YES,ETH/USDT,1615.72,SHORT,85,40,25,20,15,0.0,0,SHORT,85%,SETUP,85%,SETUP,85%,1615.72,1647.339640961404,1552.480718077192,2.0,сетап полностью сформирован. Конфликт с дневным MACD. Сетап уже активен.,"Комментарий: 1h: RSI=42.35, MACD=bearish; 4h: RSI=34.65, MACD=bearish; 1d: RSI=33.54, MACD=bullish.",NO,multi,21.079760640935994,35.09434305697844,84.12824015496501,45.0199203187251,27.819053061942217,32.192078920644136,BEARISH,BEARISH,BEARISH,BEARISH,BEARISH,BULLISH
2026-06-24T22:40:03.365259+00:00,SOL_SHORT,YES,SOL/USDT,67.89,SHORT,60,40,0,20,15,0.0,0,SHORT,60%,WATCH,60%,WATCH,60%,67.89,69.39754859024869,64.87490281950262,2.0,структура рынка не совпадает с направлением тренда. Конфликт с дневным MACD.,"Комментарий: 1h: RSI=46.16, MACD=bullish; 4h: RSI=39.20, MACD=bearish; 1d: RSI=39.86, MACD=bullish.",NO,multi,1.0050323934991263,1.7121172989421347,3.9810982280008806,55.40069686411153,30.873786407767025,48.71634314339388,BEARISH,BEARISH,BEARISH,BULLISH,BEARISH,BULLISH
2026-06-24T22:55:04.704615+00:00,BTC_SHORT,YES,BTC/USDT,60870.1,SHORT,85,40,25,20,15,0.0,0,SHORT,85%,SETUP,85%,SETUP,85%,60870.1,61747.22808519583,59115.84382960834,2.0,сетап полностью сформирован. Конфликт с дневным MACD. Сетап уже активен.,"Комментарий: 1h: RSI=41.90, MACD=bearish; 4h: RSI=34.21, MACD=bearish; 1d: RSI=32.89, MACD=bullish.",NO,multi,584.752056797221,981.324415491939,2274.206664623244,42.76868000290266,27.106872920723003,21.561406290013753,BEARISH,BEARISH,BEARISH,BEARISH,BEARISH,BULLISH
2026-06-24T22:55:05.571309+00:00,ETH_SHORT,YES,ETH/USDT,1615.67,SHORT,85,40,25,20,15,0.0,0,SHORT,85%,SETUP,85%,SETUP,85%,1615.67,1647.4235695328325,1552.1628609343352,2.0,сетап полностью сформирован. Конфликт с дневным MACD. Сетап уже активен.,"Комментарий: 1h: RSI=42.34, MACD=bearish; 4h: RSI=34.63, MACD=bearish; 1d: RSI=33.50, MACD=bullish.",NO,multi,21.169046355221706,35.09434305697844,84.12824015496501,44.98434832100174,27.797072141381285,32.00928478166259,BEARISH,BEARISH,BEARISH,BEARISH,BEARISH,BULLISH
2026-06-24T22:55:06.626630+00:00,SOL_SHORT,YES,SOL/USDT,67.88,SHORT,60,40,0,20,15,0.0,0,SHORT,60%,WATCH,60%,WATCH,60%,67.88,69.40040573310583,64.83918853378833,2.0,структура рынка не совпадает с направлением тренда. Конфликт с дневным MACD.,"Комментарий: 1h: RSI=46.10, MACD=bullish; 4h: RSI=39.15, MACD=bearish; 1d: RSI=39.83, MACD=bullish.",NO,multi,1.013603822070554,1.7121172989421347,3.9810982280008806,55.22648083623688,30.7766990291262,48.591108328115254,BEARISH,BEARISH,BEARISH,BULLISH,BEARISH,BULLISH
2026-06-24T23:10:08.539229+00:00,BTC_SHORT,YES,BTC/USDT,60890.0,SHORT,85,40,25,20,15,0.0,0,SHORT,85%,SETUP,85%,SETUP,85%,60890.0,61718.46892550017,59233.062148999656,2.0,сетап полностью сформирован. Конфликт с дневным MACD. Сетап уже активен.,"Комментарий: 1h: RSI=42.17, MACD=bullish; 4h: RSI=34.40, MACD=bearish; 1d: RSI=32.93, MACD=bullish.",NO,multi,552.3126170001161,981.324415491939,2274.206664623244,43.250042330858,27.41196130436784,21.804080338524194,BEARISH,BEARISH,BEARISH,BULLISH,BEARISH,BULLISH
2026-06-24T23:10:09.358294+00:00,ETH_SHORT,YES,ETH/USDT,1615.55,SHORT,85,40,25,20,15,0.0,0,SHORT,85%,SETUP,85%,SETUP,85%,1615.55,1645.4779573144392,1555.6940853711214,2.0,сетап полностью сформирован. Конфликт с дневным MACD. Сетап уже активен.,"Комментарий: 1h: RSI=42.33, MACD=bearish; 4h: RSI=34.58, MACD=bearish; 1d: RSI=33.49, MACD=bullish.",NO,multi,19.95197154295958,35.09434305697844,84.12824015496501,44.89897552646551,27.709148459137456,31.951254896271607,BEARISH,BEARISH,BEARISH,BEARISH,BEARISH,BULLISH
2026-06-24T23:10:10.372995+00:00,SOL_SHORT,YES,SOL/USDT,67.8,SHORT,60,40,0,20,15,0.0,0,SHORT,60%,WATCH,60%,WATCH,60%,67.8,69.22894816226122,64.94210367547755,2.0,структура рынка не совпадает с направлением тренда. Конфликт с дневным MACD.,"Комментарий: 1h: RSI=45.60, MACD=bullish; 4h: RSI=38.73, MACD=bearish; 1d: RSI=39.72, MACD=bullish.",NO,multi,0.9526321081741443,1.7121172989421347,3.9810982280008806,53.832752613240395,30.0,48.15278647463994,BEARISH,BEARISH,BEARISH,BULLISH,BEARISH,BULLISH
2026-06-24T23:25:11.720065+00:00,BTC_SHORT,YES,BTC/USDT,61013.4,SHORT,85,40,25,20,15,0.0,0,SHORT,85%,SETUP,85%,SETUP,85%,61013.4,61848.41535407161,59343.36929185679,2.0,сетап полностью сформирован. Конфликт с дневным MACD. Сетап уже активен.,"Комментарий: 1h: RSI=43.74, MACD=bullish; 4h: RSI=35.57, MACD=bearish; 1d: RSI=33.19, MACD=bullish.",NO,multi,556.6769027144018,981.324415491939,2274.206664623244,46.23497254541501,29.30381590445678,23.308903332804906,BEARISH,BEARISH,BEARISH,BULLISH,BEARISH,BULLISH
2026-06-24T23:25:12.768038+00:00,ETH_SHORT,YES,ETH/USDT,1621.67,SHORT,85,40,25,20,15,0.0,0,SHORT,85%,SETUP,85%,SETUP,85%,1621.67,1652.0436716001536,1560.922656799693,2.0,сетап полностью сформирован. Конфликт с дневным MACD. Сетап уже активен.,"Комментарий: 1h: RSI=44.59, MACD=bullish; 4h: RSI=36.22, MACD=bearish; 1d: RSI=33.88, MACD=bullish.",NO,multi,20.249114400102446,35.09434305697844,84.12824015496501,49.2529880478088,30.434782608695656,33.75018134339188,BEARISH,BEARISH,BEARISH,BULLISH,BEARISH,BULLISH
2026-06-24T23:25:14.049055+00:00,SOL_SHORT,YES,SOL/USDT,68.12,SHORT,60,40,0,20,15,0.0,0,SHORT,60%,WATCH,60%,WATCH,60%,68.12,69.57144816226122,65.21710367547757,2.0,структура рынка не совпадает с направлением тренда. Конфликт с дневным MACD.,"Комментарий: 1h: RSI=47.96, MACD=bullish; 4h: RSI=40.37, MACD=bearish; 1d: RSI=40.23, MACD=bullish.",NO,multi,0.9676321081741438,1.7121172989421347,3.9810982280008806,59.40766550522657,33.106796116504924,50.15654351909834,BEARISH,BEARISH,BEARISH,BULLISH,BEARISH,BULLISH
2026-06-24T23:40:15.318327+00:00,BTC_SHORT,YES,BTC/USDT,60981.3,SHORT,85,40,25,20,15,0.0,0,SHORT,85%,SETUP,85%,SETUP,85%,60981.3,61820.91178264304,59302.076434713934,2.0,сетап полностью сформирован. Конфликт с дневным MACD. Сетап уже активен.,"Комментарий: 1h: RSI=43.34, MACD=bullish; 4h: RSI=35.26, MACD=bearish; 1d: RSI=33.12, MACD=bullish.",NO,multi,559.7411884286876,981.324415491939,2274.206664623244,45.45850366464293,28.79329112177472,22.902820628513567,BEARISH,BEARISH,BEARISH,BULLISH,BEARISH,BULLISH
2026-06-24T23:40:17.380690+00:00,ETH_SHORT,YES,ETH/USDT,1618.77,SHORT,85,40,25,20,15,0.0,0,SHORT,85%,SETUP,85%,SETUP,85%,1618.77,1649.1983144572964,1557.913371085407,2.0,сетап полностью сформирован. Конфликт с дневным MACD. Сетап уже активен.,"Комментарий: 1h: RSI=43.54, MACD=bullish; 4h: RSI=35.46, MACD=bearish; 1d: RSI=33.71, MACD=bullish.",NO,multi,20.285542971531015,35.09434305697844,84.12824015496501,47.189812179851984,29.15988921616034,32.98128536196142,BEARISH,BEARISH,BEARISH,BULLISH,BEARISH,BULLISH
2026-06-24T23:40:18.339904+00:00,SOL_SHORT,YES,SOL/USDT,67.95,SHORT,60,40,0,20,15,0.0,0,SHORT,60%,WATCH,60%,WATCH,60%,67.95,69.40680530511835,65.0363893897633,2.0,структура рынка не совпадает с направлением тренда. Конфликт с дневным MACD.,"Комментарий: 1h: RSI=46.72, MACD=bullish; 4h: RSI=39.51, MACD=bearish; 1d: RSI=39.96, MACD=bullish.",NO,multi,0.9712035367455722,1.7121172989421347,3.9810982280008806,56.44599303135895,31.456310679611704,49.09204758922983,BEARISH,BEARISH,BEARISH,BULLISH,BEARISH,BULLISH
2026-06-24T23:55:19.909599+00:00,BTC_SHORT,YES,BTC/USDT,61028.6,SHORT,85,40,25,20,15,0.0,0,SHORT,85%,SETUP,85%,SETUP,85%,61028.6,61870.12963978589,59345.54072042822,2.0,сетап полностью сформирован. Конфликт с дневным MACD. Сетап уже активен.,"Комментарий: 1h: RSI=43.93, MACD=bullish; 4h: RSI=35.71, MACD=bearish; 1d: RSI=33.22, MACD=bullish.",NO,multi,561.0197598572586,981.324415491939,2274.206664623244,46.60264628335065,29.53684823769297,23.494262405033936,BEARISH,BEARISH,BEARISH,BULLISH,BEARISH,BULLISH
2026-06-24T23:55:21.018791+00:00,ETH_SHORT,YES,ETH/USDT,1621.26,SHORT,85,40,25,20,15,0.0,0,SHORT,85%,SETUP,85%,SETUP,85%,1621.26,1651.8308144572966,1560.1183710854068,2.0,сетап полностью сформирован. Конфликт с дневным MACD. Сетап уже активен.,"Комментарий: 1h: RSI=44.44, MACD=bullish; 4h: RSI=36.11, MACD=bearish; 1d: RSI=33.88, MACD=bullish.",NO,multi,20.38054297153101,35.09434305697844,84.12824015496501,48.96129766647692,30.2545390600958,33.724067894965906,BEARISH,BEARISH,BEARISH,BULLISH,BEARISH,BULLISH
2026-06-24T23:55:21.971597+00:00,SOL_SHORT,YES,SOL/USDT,68.04,SHORT,60,40,0,20,15,0.0,0,SHORT,60%,WATCH,60%,WATCH,60%,68.04,69.49680530511836,65.1263893897633,2.0,структура рынка не совпадает с направлением тренда. Конфликт с дневным MACD.,"Комментарий: 1h: RSI=47.38, MACD=bullish; 4h: RSI=39.97, MACD=bearish; 1d: RSI=40.10, MACD=bullish.",NO,multi,0.9712035367455722,1.7121172989421347,3.9810982280008806,58.01393728223009,32.33009708737873,49.65560425798377,BEARISH,BEARISH,BEARISH,BULLISH,BEARISH,BULLISH
2026-06-25T00:10:23.266834+00:00,BTC_SHORT,YES,BTC/USDT,61049.9,SHORT,85,40,25,20,15,0.0,0,SHORT,85%,SETUP,85%,SETUP,85%,61049.9,61848.96910707165,59451.7617858567,2.0,сетап полностью сформирован. Конфликт с дневным MACD. Сетап уже активен.,"Комментарий: 1h: RSI=44.23, MACD=bullish; 4h: RSI=36.00, MACD=bearish; 1d: RSI=33.27, MACD=bullish.",NO,multi,532.712738047768,920.87977063694,2121.413292080498,47.117873297694835,29.869532555536875,23.758886869992587,BEARISH,BEARISH,BEARISH,BULLISH,BEARISH,BULLISH
2026-06-25T00:10:24.040501+00:00,ETH_SHORT,YES,ETH/USDT,1623.27,SHORT,60,40,0,20,15,0.0,0,SHORT,60%,WATCH,60%,WATCH,60%,1623.27,1652.1553991322053,1565.4992017355894,2.0,структура рынка не совпадает с направлением тренда. Конфликт с дневным MACD.,"Комментарий: 1h: RSI=45.18, MACD=bullish; 4h: RSI=36.65, MACD=bearish; 1d: RSI=34.05, MACD=bullish.",NO,multi,19.256932754803596,32.91974434445266,78.45121856907124,50.391291974957284,31.138172066646113,34.21442042651967,BEARISH,BEARISH,BEARISH,BULLISH,BEARISH,BULLISH
2026-06-25T00:10:24.894294+00:00,SOL_SHORT,YES,SOL/USDT,68.15,SHORT,60,40,0,20,15,0.0,0,SHORT,60%,WATCH,60%,WATCH,60%,68.15,69.53489065563006,65.38021868873989,2.0,структура рынка не совпадает с направлением тренда. Конфликт с дневным MACD.,"Комментарий: 1h: RSI=48.19, MACD=bullish; 4h: RSI=40.48, MACD=bearish; 1d: RSI=40.29, MACD=bullish.",NO,multi,0.923260437086702,1.6112516633927354,3.7181626218066186,59.93031358885029,33.30097087378644,50.281778334376966,BEARISH,BEARISH,BEARISH,BULLISH,BEARISH,BULLISH
2026-06-25T00:25:26.074214+00:00,BTC_SHORT,YES,BTC/USDT,60951.9,SHORT,85,40,25,20,15,0.0,0,SHORT,85%,SETUP,85%,SETUP,85%,60951.9,61759.358392785936,59336.98321442813,2.0,сетап полностью сформирован. Конфликт с дневным MACD. Сетап уже активен.,"Комментарий: 1h: RSI=43.24, MACD=bullish; 4h: RSI=35.46, MACD=bearish; 1d: RSI=33.04, MACD=bullish.",NO,multi,538.3055951906248,926.4726277797969,2127.006149223355,44.747345250477785,28.360954819323318,22.558930770825466,BEARISH,BEARISH,BEARISH,BULLISH,BEARISH,BULLISH
2026-06-25T00:25:27.070196+00:00,ETH_SHORT,YES,ETH/USDT,1621.15,SHORT,85,40,25,20,15,0.0,0,SHORT,85%,SETUP,85%,SETUP,85%,1621.15,1650.1403991322054,1563.1692017355895,2.0,сетап полностью сформирован. Конфликт с дневным MACD. Сетап уже активен.,"Комментарий: 1h: RSI=44.47, MACD=bullish; 4h: RSI=36.21, MACD=bearish; 1d: RSI=33.84, MACD=bullish.",NO,multi,19.3269327548036,32.98974434445266,78.52121856907125,48.88303927148553,30.20618103486175,33.59930364137535,BEARISH,BEARISH,BEARISH,BULLISH,BEARISH,BULLISH
2026-06-25T00:25:28.012449+00:00,SOL_SHORT,YES,SOL/USDT,67.94,SHORT,60,40,0,20,15,0.0,0,SHORT,60%,WATCH,60%,WATCH,60%,67.94,69.33346208420149,65.15307583159702,2.0,структура рынка не совпадает с направлением тренда. Конфликт с дневным MACD.,"Комментарий: 1h: RSI=46.72, MACD=bullish; 4h: RSI=39.71, MACD=bearish; 1d: RSI=39.92, MACD=bullish.",NO,multi,0.9289747228009876,1.616965949107021,3.723876907520904,56.2717770034843,31.35922330097088,49.02943018159048,BEARISH,BEARISH,BEARISH,BULLISH,BEARISH,BULLISH
2026-06-25T00:40:29.464574+00:00,BTC_SHORT,YES,BTC/USDT,60896.3,SHORT,85,40,25,20,15,0.0,0,SHORT,85%,SETUP,85%,SETUP,85%,60896.3,61713.0262499288,59262.84750014241,2.0,сетап полностью сформирован. Конфликт с дневным MACD. Сетап уже активен.,"Комментарий: 1h: RSI=42.70, MACD=bullish; 4h: RSI=35.16, MACD=bearish; 1d: RSI=32.91, MACD=bullish.",NO,multi,544.4841666191962,932.6511992083682,2133.1847206519265,43.40243341960774,27.508547074064477,21.88090679609285,BEARISH,BEARISH,BEARISH,BULLISH,BEARISH,BULLISH
2026-06-25T00:40:30.327889+00:00,ETH_SHORT,YES,ETH/USDT,1620.23,SHORT,85,40,25,20,15,0.0,0,SHORT,85%,SETUP,85%,SETUP,85%,1620.23,1649.4057562750625,1561.8784874498751,2.0,сетап полностью сформирован. Конфликт с дневным MACD. Сетап уже активен.,"Комментарий: 1h: RSI=44.19, MACD=bullish; 4h: RSI=36.07, MACD=bearish; 1d: RSI=33.78, MACD=bullish.",NO,multi,19.450504183375028,33.11331577302409,78.64478999764268,48.22851451337507,29.801732096540185,33.33236616857684,BEARISH,BEARISH,BEARISH,BULLISH,BEARISH,BULLISH
2026-06-25T00:40:31.539109+00:00,SOL_SHORT,YES,SOL/USDT,67.87,SHORT,60,40,0,20,15,0.0,0,SHORT,60%,WATCH,60%,WATCH,60%,67.87,69.2784620842015,65.05307583159703,2.0,структура рынка не совпадает с направлением тренда. Конфликт с дневным MACD.,"Комментарий: 1h: RSI=46.25, MACD=bullish; 4h: RSI=39.47, MACD=bearish; 1d: RSI=39.80, MACD=bullish.",NO,multi,0.9389747228009877,1.626965949107021,3.733876907520904,55.05226480836247,30.679611650485505,48.591108328115254,BEARISH,BEARISH,BEARISH,BULLISH,BEARISH,BULLISH
2026-06-25T00:55:32.703664+00:00,BTC_SHORT,YES,BTC/USDT,60818.6,SHORT,85,40,25,20,15,0.0,0,SHORT,85%,SETUP,85%,SETUP,85%,60818.6,61646.66196421451,59162.47607157098,2.0,сетап полностью сформирован. Конфликт с дневным MACD. Сетап уже активен.,"Комментарий: 1h: RSI=41.97, MACD=bullish; 4h: RSI=34.76, MACD=bearish; 1d: RSI=32.74, MACD=bullish.",NO,multi,552.0413094763393,940.2083420655114,2140.7418635090694,41.5229433250284,26.317322581139702,20.933380486079752,BEARISH,BEARISH,BEARISH,BULLISH,BEARISH,BULLISH
2026-06-25T00:55:33.458166+00:00,ETH_SHORT,YES,ETH/USDT,1618.13,SHORT,85,40,25,20,15,0.0,0,SHORT,85%,SETUP,85%,SETUP,85%,1618.13,1647.494327703634,1559.4013445927321,2.0,сетап полностью сформирован. Конфликт с дневным MACD. Сетап уже активен.,"Комментарий: 1h: RSI=43.57, MACD=bullish; 4h: RSI=35.74, MACD=bearish; 1d: RSI=33.64, MACD=bullish.",NO,multi,19.576218469089316,33.23903005873838,78.77050428335697,46.73449060899266,28.87853343298019,32.72305237197162,BEARISH,BEARISH,BEARISH,BULLISH,BEARISH,BULLISH
2026-06-25T00:55:34.303346+00:00,SOL_SHORT,YES,SOL/USDT,67.76,SHORT,60,40,0,20,15,0.0,0,SHORT,60%,WATCH,60%,WATCH,60%,67.76,69.1802477984872,64.91950440302561,2.0,структура рынка не совпадает с направлением тренда. Конфликт с дневным MACD.,"Комментарий: 1h: RSI=45.54, MACD=bullish; 4h: RSI=39.09, MACD=bearish; 1d: RSI=39.61, MACD=bullish.",NO,multi,0.9468318656581305,1.6348230919641638,3.7417340503780467,53.13588850174228,29.611650485436968,47.90231684408269,BEARISH,BEARISH,BEARISH,BULLISH,BEARISH,BULLISH
2026-06-25T01:10:36.740072+00:00,BTC_SHORT,YES,BTC/USDT,60752.9,SHORT,65,40,25,0,15,0.06627802907520675,0,SHORT,65%,WATCH,65%,WATCH,65%,60752.9,61541.24120959946,59176.21758080109,2.0,"тренд подтверждён, структура подтверждена, RR подходит, ожидаем откат к зоне входа. Конфликт с дневным MACD.","Комментарий: 1h: RSI=41.33, MACD=bullish; 4h: RSI=34.42, MACD=bearish; 1d: RSI=32.59, MACD=bullish.",NO,multi,525.5608063996375,942.5940563512257,2143.127577794784,39.93372197092479,25.31007098287522,20.132190285721265,BEARISH,BEARISH,BEARISH,BULLISH,BEARISH,BULLISH
2026-06-25T01:10:37.653355+00:00,ETH_SHORT,YES,ETH/USDT,1617.12,SHORT,85,40,25,20,15,0.0,0,SHORT,85%,SETUP,85%,SETUP,85%,1617.12,1645.2051399314494,1560.949720137101,2.0,сетап полностью сформирован. Конфликт с дневным MACD. Сетап уже активен.,"Комментарий: 1h: RSI=43.24, MACD=bullish; 4h: RSI=35.59, MACD=bearish; 1d: RSI=33.57, MACD=bullish.",NO,multi,18.723426620966354,33.382601487309806,78.91407571192839,46.015936254979984,28.43451883764885,32.43000145074712,BEARISH,BEARISH,BEARISH,BULLISH,BEARISH,BULLISH
2026-06-25T01:10:42.708979+00:00,SOL_SHORT,YES,SOL/USDT,67.51,SHORT,85,40,25,20,15,0.0,0,SHORT,85%,SETUP,85%,SETUP,85%,67.51,68.87487293923255,64.78025412153492,2.0,сетап полностью сформирован. Конфликт с дневным MACD. Сетап уже активен.,"Комментарий: 1h: RSI=43.90, MACD=bullish; 4h: RSI=38.25, MACD=bearish; 1d: RSI=39.19, MACD=bullish.",NO,multi,0.9099152928216973,1.6483945205355923,3.755305478949475,48.78048780487817,27.18446601941756,46.336881653099596,BEARISH,BEARISH,BEARISH,BULLISH,BEARISH,BULLISH
2026-06-25T01:25:43.997318+00:00,BTC_SHORT,YES,BTC/USDT,60827.4,SHORT,85,40,25,20,15,0.0,0,SHORT,85%,SETUP,85%,SETUP,85%,60827.4,61623.95906674232,59234.28186651537,2.0,сетап полностью сформирован. Конфликт с дневным MACD. Сетап уже активен.,"Комментарий: 1h: RSI=42.11, MACD=bullish; 4h: RSI=34.80, MACD=bearish; 1d: RSI=32.76, MACD=bullish.",NO,multi,531.0393778282088,943.4654849226541,2143.999006366212,41.735807068043876,26.45223603722388,21.040693633159773,BEARISH,BEARISH,BEARISH,BULLISH,BEARISH,BULLISH
2026-06-25T01:25:44.858384+00:00,ETH_SHORT,YES,ETH/USDT,1617.6,SHORT,85,40,25,20,15,0.0,0,SHORT,85%,SETUP,85%,SETUP,85%,1617.6,1645.8094256457352,1561.1811487085292,2.0,сетап полностью сформирован. Конфликт с дневным MACD. Сетап уже активен.,"Комментарий: 1h: RSI=43.39, MACD=bullish; 4h: RSI=35.66, MACD=bearish; 1d: RSI=33.60, MACD=bullish.",NO,multi,18.8062837638235,33.459030058738385,78.99050428335697,46.357427433124556,28.645535675034,32.56927317568547,BEARISH,BEARISH,BEARISH,BULLISH,BEARISH,BULLISH
2026-06-25T01:25:45.810378+00:00,SOL_SHORT,YES,SOL/USDT,67.62,SHORT,60,40,0,20,15,0.0,0,SHORT,60%,WATCH,60%,WATCH,60%,67.62,68.99451579637541,64.8709684072492,2.0,структура рынка не совпадает с направлением тренда. Конфликт с дневным MACD.,"Комментарий: 1h: RSI=44.62, MACD=bullish; 4h: RSI=38.62, MACD=bearish; 1d: RSI=39.37, MACD=bullish.",NO,multi,0.9163438642502689,1.654823091964164,3.7617340503780468,50.696864111498364,28.252427184466093,47.02567313713216,BEARISH,BEARISH,BEARISH,BULLISH,BEARISH,BULLISH
2026-06-25T01:40:46.925311+00:00,BTC_SHORT,YES,BTC/USDT,60856.6,SHORT,85,40,25,20,15,0.0,0,SHORT,85%,SETUP,85%,SETUP,85%,60856.6,61653.159066742315,59263.481866515365,2.0,сетап полностью сформирован. Конфликт с дневным MACD. Сетап уже активен.,"Комментарий: 1h: RSI=42.51, MACD=bullish; 4h: RSI=34.95, MACD=bearish; 1d: RSI=32.80, MACD=bullish.",NO,multi,531.0393778282088,943.4654849226541,2143.999006366212,42.442127669867666,26.89990341423029,21.29434288989423,BEARISH,BEARISH,BEARISH,BULLISH,BEARISH,BULLISH
2026-06-25T01:40:47.762550+00:00,ETH_SHORT,YES,ETH/USDT,1620.17,SHORT,85,40,25,20,15,0.0,0,SHORT,85%,SETUP,85%,SETUP,85%,1620.17,1648.3954970743068,1563.7190058513866,2.0,сетап полностью сформирован. Конфликт с дневным MACD. Сетап уже активен.,"Комментарий: 1h: RSI=44.31, MACD=bullish; 4h: RSI=36.06, MACD=bearish; 1d: RSI=33.77, MACD=bullish.",NO,multi,18.816998049537794,33.459030058738385,78.99050428335697,48.18582811610703,29.775354991867065,33.31495720295956,BEARISH,BEARISH,BEARISH,BULLISH,BEARISH,BULLISH
2026-06-25T01:40:48.597910+00:00,SOL_SHORT,YES,SOL/USDT,67.76,SHORT,60,40,0,20,15,0.0,0,SHORT,60%,WATCH,60%,WATCH,60%,67.76,69.13451579637541,65.0109684072492,2.0,структура рынка не совпадает с направлением тренда. Конфликт с дневным MACD.,"Комментарий: 1h: RSI=45.63, MACD=bullish; 4h: RSI=39.09, MACD=bearish; 1d: RSI=39.61, MACD=bullish.",NO,multi,0.9163438642502689,1.654823091964164,3.7617340503780468,53.13588850174228,29.611650485436968,47.90231684408269,BEARISH,BEARISH,BEARISH,BULLISH,BEARISH,BULLISH
2026-06-25T01:55:49.753753+00:00,BTC_SHORT,YES,BTC/USDT,60980.4,SHORT,85,40,25,20,15,0.0,0,SHORT,85%,SETUP,85%,SETUP,85%,60980.4,61782.5733524566,59376.0532950868,2.0,сетап полностью сформирован. Конфликт с дневным MACD. Сетап уже активен.,"Комментарий: 1h: RSI=44.13, MACD=bullish; 4h: RSI=35.61, MACD=bearish; 1d: RSI=33.11, MACD=bullish.",NO,multi,534.782234971066,943.4654849226541,2143.999006366212,45.436733509107235,28.797890444141267,22.906479031254964,BEARISH,BEARISH,BEARISH,BULLISH,BEARISH,BULLISH
2026-06-25T01:55:50.608629+00:00,ETH_SHORT,YES,ETH/USDT,1623.35,SHORT,60,40,0,20,15,0.0,0,SHORT,60%,WATCH,60%,WATCH,60%,1623.35,1651.786568502878,1566.4768629942437,2.0,структура рынка не совпадает с направлением тренда. Конфликт с дневным MACD.,"Комментарий: 1h: RSI=45.55, MACD=bullish; 4h: RSI=36.67, MACD=bearish; 1d: RSI=34.06, MACD=bullish.",NO,multi,18.95771233525208,33.459030058738385,78.99050428335697,50.44820717131465,31.173341539543607,34.23763238067604,BEARISH,BEARISH,BEARISH,BULLISH,BEARISH,BULLISH
2026-06-25T01:55:51.453778+00:00,SOL_SHORT,YES,SOL/USDT,67.97,SHORT,60,40,0,20,15,0.0,0,SHORT,60%,WATCH,60%,WATCH,60%,67.97,69.36273008208968,65.18453983582063,2.0,структура рынка не совпадает с направлением тренда. Конфликт с дневным MACD.,"Комментарий: 1h: RSI=47.27, MACD=bullish; 4h: RSI=39.82, MACD=bearish; 1d: RSI=39.97, MACD=bullish.",NO,multi,0.9284867213931262,1.654823091964164,3.7617340503780468,56.79442508710801,31.650485436893216,49.21728240450845,BEARISH,BEARISH,BEARISH,BULLISH,BEARISH,BULLISH
2026-06-25T02:10:52.567469+00:00,BTC_SHORT,YES,BTC/USDT,60847.6,SHORT,85,40,25,20,15,0.0,0,SHORT,85%,SETUP,85%,SETUP,85%,60847.6,61607.53952483541,59327.720950329174,2.0,сетап полностью сформирован. Конфликт с дневным MACD. Сетап уже активен.,"Комментарий: 1h: RSI=42.57, MACD=bullish; 4h: RSI=34.91, MACD=bearish; 1d: RSI=32.80, MACD=bullish.",NO,multi,506.6263498902754,943.4654849226541,2143.999006366212,42.224426114511,26.761923743235155,21.28702608441152,BEARISH,BEARISH,BEARISH,BULLISH,BEARISH,BULLISH
2026-06-25T02:10:53.307763+00:00,ETH_SHORT,YES,ETH/USDT,1618.37,SHORT,85,40,25,20,15,0.0,0,SHORT,85%,SETUP,85%,SETUP,85%,1618.37,1645.216813115991,1564.6763737680176,2.0,сетап полностью сформирован. Конфликт с дневным MACD. Сетап уже активен.,"Комментарий: 1h: RSI=43.73, MACD=bullish; 4h: RSI=35.78, MACD=bearish; 1d: RSI=33.65, MACD=bullish.",NO,multi,17.897875410660696,33.459030058738385,78.99050428335697,46.905236198064785,28.98404185167267,32.792688234440725,BEARISH,BEARISH,BEARISH,BULLISH,BEARISH,BULLISH
2026-06-25T02:10:54.140523+00:00,SOL_SHORT,YES,SOL/USDT,67.78,SHORT,60,40,0,20,15,0.0,0,SHORT,60%,WATCH,60%,WATCH,60%,67.78,69.0976626116097,65.14467477678059,2.0,структура рынка не совпадает с направлением тренда. Конфликт с дневным MACD.,"Комментарий: 1h: RSI=45.86, MACD=bullish; 4h: RSI=39.16, MACD=bearish; 1d: RSI=39.64, MACD=bullish.",NO,multi,0.8784417410731323,1.654823091964164,3.7617340503780468,53.48432055749134,29.805825242718488,48.027551659361315,BEARISH,BEARISH,BEARISH,BULLISH,BEARISH,BULLISH
2026-06-25T02:25:55.591293+00:00,BTC_SHORT,YES,BTC/USDT,60866.6,SHORT,85,40,25,20,15,0.0,0,SHORT,85%,SETUP,85%,SETUP,85%,60866.6,61637.75738197827,59324.285236043455,2.0,сетап полностью сформирован. Конфликт с дневным MACD. Сетап уже активен.,"Комментарий: 1h: RSI=42.77, MACD=bullish; 4h: RSI=35.01, MACD=bearish; 1d: RSI=32.84, MACD=bullish.",NO,multi,514.1049213188466,943.4654849226541,2143.999006366212,42.68401828693063,27.05321415978045,21.518724924697853,BEARISH,BEARISH,BEARISH,BULLISH,BEARISH,BULLISH
2026-06-25T02:25:57.131296+00:00,ETH_SHORT,YES,ETH/USDT,1618.06,SHORT,85,40,25,20,15,0.0,0,SHORT,85%,SETUP,85%,SETUP,85%,1618.06,1645.1725274017053,1563.8349451965892,2.0,сетап полностью сформирован. Конфликт с дневным MACD. Сетап уже активен.,"Комментарий: 1h: RSI=43.63, MACD=bullish; 4h: RSI=35.73, MACD=bearish; 1d: RSI=33.63, MACD=bullish.",NO,multi,18.075018267803554,33.459030058738385,78.99050428335697,46.68468981217979,28.84776014419479,32.702741912084726,BEARISH,BEARISH,BEARISH,BULLISH,BEARISH,BULLISH
2026-06-25T02:25:58.286704+00:00,SOL_SHORT,YES,SOL/USDT,67.79,SHORT,60,40,0,20,15,0.0,0,SHORT,60%,WATCH,60%,WATCH,60%,67.79,69.12051975446686,65.12896049106631,2.0,структура рынка не совпадает с направлением тренда. Конфликт с дневным MACD.,"Комментарий: 1h: RSI=45.93, MACD=bullish; 4h: RSI=39.19, MACD=bearish; 1d: RSI=39.66, MACD=bullish.",NO,multi,0.8870131696445612,1.654823091964164,3.7617340503780468,53.658536585365994,29.902912621359313,48.09016906700067,BEARISH,BEARISH,BEARISH,BULLISH,BEARISH,BULLISH
2026-06-25T02:40:59.465251+00:00,BTC_SHORT,YES,BTC/USDT,60861.4,SHORT,85,40,25,20,15,0.0,0,SHORT,85%,SETUP,85%,SETUP,85%,60861.4,61632.55738197827,59319.08523604346,2.0,сетап полностью сформирован. Конфликт с дневным MACD. Сетап уже активен.,"Комментарий: 1h: RSI=42.71, MACD=bullish; 4h: RSI=34.98, MACD=bearish; 1d: RSI=32.83, MACD=bullish.",NO,multi,514.1049213188466,943.4654849226541,2143.999006366212,42.558235166057955,26.973492572094415,21.45531261051426,BEARISH,BEARISH,BEARISH,BULLISH,BEARISH,BULLISH
2026-06-25T02:41:00.207345+00:00,ETH_SHORT,YES,ETH/USDT,1617.75,SHORT,85,40,25,20,15,0.0,0,SHORT,85%,SETUP,85%,SETUP,85%,1617.75,1644.8625274017054,1563.5249451965892,2.0,сетап полностью сформирован. Конфликт с дневным MACD. Сетап уже активен.,"Комментарий: 1h: RSI=43.53, MACD=bullish; 4h: RSI=35.70, MACD=bearish; 1d: RSI=33.61, MACD=bullish.",NO,multi,18.075018267803554,33.459030058738385,78.99050428335697,46.464143426294804,28.74225172550221,32.63310604961555,BEARISH,BEARISH,BEARISH,BULLISH,BEARISH,BULLISH
2026-06-25T02:41:01.144436+00:00,SOL_SHORT,YES,SOL/USDT,67.77,SHORT,60,40,0,20,15,0.0,0,SHORT,60%,WATCH,60%,WATCH,60%,67.77,69.10051975446684,65.1089604910663,2.0,структура рынка не совпадает с направлением тренда. Конфликт с дневным MACD.,"Комментарий: 1h: RSI=45.79, MACD=bullish; 4h: RSI=39.12, MACD=bearish; 1d: RSI=39.63, MACD=bullish.",NO,multi,0.8870131696445612,1.654823091964164,3.7617340503780468,53.31010452961667,29.708737864077662,47.964934251721964,BEARISH,BEARISH,BEARISH,BULLISH,BEARISH,BULLISH
2026-06-25T02:56:02.294441+00:00,BTC_SHORT,YES,BTC/USDT,60774.6,SHORT,85,40,25,20,15,0.0,0,SHORT,85%,SETUP,85%,SETUP,85%,60774.6,61547.900239121125,59227.999521757745,2.0,сетап полностью сформирован. Конфликт с дневным MACD. Сетап уже активен.,"Комментарий: 1h: RSI=41.82, MACD=bullish; 4h: RSI=34.53, MACD=bearish; 1d: RSI=32.64, MACD=bullish.",NO,multi,515.533492747418,944.2440563512256,2144.7775777947836,40.45862460995136,25.642755300719017,20.39681475067983,BEARISH,BEARISH,BEARISH,BULLISH,BEARISH,BULLISH
2026-06-25T02:56:03.596011+00:00,ETH_SHORT,YES,ETH/USDT,1619.18,SHORT,85,40,25,20,15,0.0,0,SHORT,85%,SETUP,85%,SETUP,85%,1619.18,1646.2925274017055,1564.9549451965893,2.0,сетап полностью сформирован. Конфликт с дневным MACD. Сетап уже активен.,"Комментарий: 1h: RSI=44.00, MACD=bullish; 4h: RSI=35.90, MACD=bearish; 1d: RSI=33.71, MACD=bullish.",NO,multi,18.075018267803554,33.459030058738385,78.99050428335697,47.481502561183866,29.34013276476019,33.02770927027422,BEARISH,BEARISH,BEARISH,BULLISH,BEARISH,BULLISH
2026-06-25T02:56:05.129182+00:00,SOL_SHORT,YES,SOL/USDT,67.72,SHORT,60,40,0,20,15,0.0,0,SHORT,60%,WATCH,60%,WATCH,60%,67.72,69.05051975446685,65.0589604910663,2.0,структура рынка не совпадает с направлением тренда. Конфликт с дневным MACD.,"Комментарий: 1h: RSI=45.44, MACD=bullish; 4h: RSI=38.95, MACD=bearish; 1d: RSI=39.54, MACD=bullish.",NO,multi,0.8870131696445612,1.654823091964164,3.7617340503780468,52.4390243902439,29.223300970873805,47.651847213525365,BEARISH,BEARISH,BEARISH,BULLISH,BEARISH,BULLISH
2026-06-25T03:11:06.195783+00:00,BTC_SHORT,YES,BTC/USDT,60788.4,SHORT,85,40,25,20,15,0.0,0,SHORT,85%,SETUP,85%,SETUP,85%,60788.4,61520.757368643135,59323.685262713734,2.0,сетап полностью сформирован. Конфликт с дневным MACD.,"Комментарий: 1h: RSI=41.95, MACD=bullish; 4h: RSI=34.60, MACD=bearish; 1d: RSI=32.67, MACD=bullish.",YES,multi,488.2382457620908,944.2440563512256,2144.7775777947836,40.792433661498315,25.854324129578277,20.565101276782567,BEARISH,BEARISH,BEARISH,BULLISH,BEARISH,BULLISH
2026-06-25T03:11:06.939205+00:00,ETH_SHORT,YES,ETH/USDT,1621.59,SHORT,85,40,25,20,15,0.0,0,SHORT,85%,SETUP,85%,SETUP,85%,1621.59,1647.2244898863655,1570.3210202272687,2.0,сетап полностью сформирован. Конфликт с дневным MACD.,"Комментарий: 1h: RSI=44.92, MACD=bullish; 4h: RSI=36.28, MACD=bearish; 1d: RSI=33.88, MACD=bullish.",YES,multi,17.089659924243666,33.459030058738385,78.99050428335697,49.19607285145126,30.399613135798063,33.74147686058325,BEARISH,BEARISH,BEARISH,BULLISH,BEARISH,BULLISH
2026-06-25T03:11:07.769159+00:00,SOL_SHORT,NO,SOL/USDT,67.74,SHORT,60,40,0,20,15,0.0,0,SHORT,60%,WATCH,60%,WATCH,60%,67.74,68.99155404737361,65.23689190525276,2.0,структура рынка не совпадает с направлением тренда. Конфликт с дневным MACD.,"Комментарий: 1h: RSI=45.58, MACD=bullish; 4h: RSI=39.02, MACD=bearish; 1d: RSI=39.58, MACD=bullish.",NO,multi,0.8343693649157446,1.654823091964164,3.7617340503780468,52.787456445992966,29.417475728155317,47.77708202880398,BEARISH,BEARISH,BEARISH,BULLISH,BEARISH,BULLISH
2026-06-25T03:26:08.924498+00:00,BTC_SHORT,YES,BTC/USDT,60816.2,SHORT,85,40,25,20,15,0.0,0,SHORT,85%,SETUP,85%,SETUP,85%,60816.2,61554.6109400717,59339.378119856585,2.0,сетап полностью сформирован. Конфликт с дневным MACD. Сетап уже активен.,"Комментарий: 1h: RSI=42.35, MACD=bullish; 4h: RSI=34.74, MACD=bearish; 1d: RSI=32.73, MACD=bullish.",NO,multi,492.27396004780513,945.6654849226543,2146.1990063662124,41.46488957693325,26.280528002207642,20.90411326414883,BEARISH,BEARISH,BEARISH,BULLISH,BEARISH,BULLISH
2026-06-25T03:26:09.771880+00:00,ETH_SHORT,YES,ETH/USDT,1619.8,SHORT,85,40,25,20,15,0.0,0,SHORT,85%,SETUP,85%,SETUP,85%,1619.8,1645.8277041720796,1567.7445916558406,2.0,сетап полностью сформирован. Конфликт с дневным MACD. Сетап уже активен.,"Комментарий: 1h: RSI=44.21, MACD=bullish; 4h: RSI=36.00, MACD=bearish; 1d: RSI=33.75, MACD=bullish.",NO,multi,17.35180278138651,33.459030058738385,78.99050428335697,47.92259533295385,29.612696179715957,33.20760191498622,BEARISH,BEARISH,BEARISH,BULLISH,BEARISH,BULLISH
2026-06-25T03:26:10.509919+00:00,SOL_SHORT,NO,SOL/USDT,67.62,SHORT,60,40,0,20,15,0.0,0,SHORT,60%,WATCH,60%,WATCH,60%,67.62,68.89619690451647,65.06760619096707,2.0,структура рынка не совпадает с направлением тренда. Конфликт с дневным MACD.,"Комментарий: 1h: RSI=44.69, MACD=bullish; 4h: RSI=38.62, MACD=bearish; 1d: RSI=39.37, MACD=bullish.",NO,multi,0.8507979363443164,1.654823091964164,3.7617340503780468,50.696864111498364,28.252427184466093,47.02567313713216,BEARISH,BEARISH,BEARISH,BULLISH,BEARISH,BULLISH
2026-06-25T03:41:11.913482+00:00,BTC_SHORT,YES,BTC/USDT,60777.1,SHORT,85,40,25,20,15,0.0,0,SHORT,85%,SETUP,85%,SETUP,85%,60777.1,61515.510940071705,59300.278119856586,2.0,сетап полностью сформирован. Конфликт с дневным MACD. Сетап уже активен.,"Комментарий: 1h: RSI=41.83, MACD=bullish; 4h: RSI=34.54, MACD=bearish; 1d: RSI=32.64, MACD=bullish.",NO,multi,492.27396004780513,945.6654849226543,2146.1990063662124,40.5190972642171,25.681082987106556,20.427301440191187,BEARISH,BEARISH,BEARISH,BULLISH,BEARISH,BULLISH
2026-06-25T03:41:13.358013+00:00,ETH_SHORT,YES,ETH/USDT,1617.42,SHORT,85,40,25,20,15,0.0,0,SHORT,85%,SETUP,85%,SETUP,85%,1617.42,1643.4477041720797,1565.3645916558407,2.0,сетап полностью сформирован. Конфликт с дневным MACD. Сетап уже активен.,"Комментарий: 1h: RSI=43.36, MACD=bullish; 4h: RSI=35.63, MACD=bearish; 1d: RSI=33.59, MACD=bullish.",NO,multi,17.35180278138651,33.459030058738385,78.99050428335697,46.229368241320465,28.56640436101464,32.51704627883364,BEARISH,BEARISH,BEARISH,BULLISH,BEARISH,BULLISH
2026-06-25T03:41:14.889633+00:00,SOL_SHORT,NO,SOL/USDT,67.6,SHORT,60,40,0,20,15,0.0,0,SHORT,60%,WATCH,60%,WATCH,60%,67.6,68.87619690451646,65.04760619096706,2.0,структура рынка не совпадает с направлением тренда. Конфликт с дневным MACD.,"Комментарий: 1h: RSI=44.54, MACD=bullish; 4h: RSI=38.55, MACD=bearish; 1d: RSI=39.34, MACD=bullish.",NO,multi,0.8507979363443164,1.654823091964164,3.7617340503780468,50.34843205574906,28.05825242718444,46.90043832185345,BEARISH,BEARISH,BEARISH,BULLISH,BEARISH,BULLISH
2026-06-25T03:56:16.164774+00:00,BTC_SHORT,YES,BTC/USDT,60876.6,SHORT,85,40,25,20,15,0.0,0,SHORT,85%,SETUP,85%,SETUP,85%,60876.6,61615.728797214564,59398.34240557087,2.0,сетап полностью сформирован. Конфликт с дневным MACD. Сетап уже активен.,"Комментарий: 1h: RSI=43.24, MACD=bullish; 4h: RSI=35.06, MACD=bearish; 1d: RSI=32.87, MACD=bullish.",NO,multi,492.7525314763763,945.6654849226543,2146.1990063662124,42.925908903993594,27.206524905330603,21.64067168274329,BEARISH,BEARISH,BEARISH,BULLISH,BEARISH,BULLISH
2026-06-25T03:56:17.026064+00:00,ETH_SHORT,YES,ETH/USDT,1620.3,SHORT,85,40,25,20,15,0.0,0,SHORT,85%,SETUP,85%,SETUP,85%,1620.3,1646.3277041720796,1568.2445916558406,2.0,сетап полностью сформирован. Конфликт с дневным MACD. Сетап уже активен.,"Комментарий: 1h: RSI=44.39, MACD=bullish; 4h: RSI=36.08, MACD=bearish; 1d: RSI=33.78, MACD=bullish.",NO,multi,17.35180278138651,33.459030058738385,78.99050428335697,48.27831531018777,29.83250538532549,33.35267662846366,BEARISH,BEARISH,BEARISH,BULLISH,BEARISH,BULLISH
2026-06-25T03:56:18.084498+00:00,SOL_SHORT,NO,SOL/USDT,67.68,SHORT,60,40,0,20,15,0.0,0,SHORT,60%,WATCH,60%,WATCH,60%,67.68,68.95619690451647,65.12760619096707,2.0,структура рынка не совпадает с направлением тренда. Конфликт с дневным MACD.,"Комментарий: 1h: RSI=45.13, MACD=bullish; 4h: RSI=38.82, MACD=bearish; 1d: RSI=39.47, MACD=bullish.",NO,multi,0.8507979363443164,1.654823091964164,3.7617340503780468,51.742160278745786,28.834951456310776,47.40137758296811,BEARISH,BEARISH,BEARISH,BULLISH,BEARISH,BULLISH
2026-06-25T04:11:19.375835+00:00,BTC_SHORT,YES,BTC/USDT,60853.1,SHORT,85,40,25,20,15,0.0,0,SHORT,85%,SETUP,85%,SETUP,85%,60853.1,61548.85557116459,59461.58885767082,2.0,сетап полностью сформирован. Конфликт с дневным MACD. Сетап уже активен.,"Комментарий: 1h: RSI=42.98, MACD=bullish; 4h: RSI=34.92, MACD=bearish; 1d: RSI=32.81, MACD=bullish.",NO,multi,463.83704744306203,882.7608114558528,2146.1990063662124,42.35746595389563,26.84471154583226,21.352877333756073,BEARISH,BEARISH,BEARISH,BULLISH,BEARISH,BULLISH
2026-06-25T04:11:20.502091+00:00,ETH_SHORT,YES,ETH/USDT,1618.87,SHORT,85,40,25,20,15,0.0,0,SHORT,85%,SETUP,85%,SETUP,85%,1618.87,1643.349297128456,1569.9114057430875,2.0,сетап полностью сформирован. Конфликт с дневным MACD. Сетап уже активен.,"Комментарий: 1h: RSI=43.85, MACD=bullish; 4h: RSI=35.85, MACD=bearish; 1d: RSI=33.69, MACD=bullish.",NO,multi,16.319531418970733,31.276242838826683,78.99050428335697,47.26095617529871,29.203851057282204,32.937762947918166,BEARISH,BEARISH,BEARISH,BULLISH,BEARISH,BULLISH
2026-06-25T04:11:21.459237+00:00,SOL_SHORT,NO,SOL/USDT,67.66,SHORT,60,40,0,20,15,0.0,0,SHORT,60%,WATCH,60%,WATCH,60%,67.66,68.86111141457465,65.25777717085069,2.0,структура рынка не совпадает с направлением тренда. Конфликт с дневным MACD.,"Комментарий: 1h: RSI=44.96, MACD=bullish; 4h: RSI=38.74, MACD=bearish; 1d: RSI=39.44, MACD=bullish.",NO,multi,0.8007409430497735,1.5473357432574966,3.7617340503780468,51.39372822299648,28.640776699029125,47.27614276768941,BEARISH,BEARISH,BEARISH,BULLISH,BEARISH,BULLISH
2026-06-25T04:26:22.655617+00:00,BTC_SHORT,YES,BTC/USDT,60903.7,SHORT,85,40,25,20,15,0.0,0,SHORT,85%,SETUP,85%,SETUP,85%,60903.7,61606.25914259316,59498.58171481367,2.0,сетап полностью сформирован. Конфликт с дневным MACD. Сетап уже активен.,"Комментарий: 1h: RSI=43.65, MACD=bullish; 4h: RSI=35.31, MACD=bearish; 1d: RSI=32.93, MACD=bullish.",NO,multi,468.3727617287763,887.2965257415672,2146.1990063662124,43.58143247623419,27.621997025771506,21.971147397046405,BEARISH,BEARISH,BEARISH,BULLISH,BEARISH,BULLISH
2026-06-25T04:26:23.392725+00:00,ETH_SHORT,YES,ETH/USDT,1619.99,SHORT,85,40,25,20,15,0.0,0,SHORT,85%,SETUP,85%,SETUP,85%,1619.99,1644.5410828427418,1570.8878343145163,2.0,сетап полностью сформирован. Конфликт с дневным MACD. Сетап уже активен.,"Комментарий: 1h: RSI=44.33, MACD=bullish; 4h: RSI=36.09, MACD=bearish; 1d: RSI=33.76, MACD=bullish.",NO,multi,16.367388561827863,31.324099981683815,78.99050428335697,48.05776892430277,29.696223677847605,33.26273030610767,BEARISH,BEARISH,BEARISH,BULLISH,BEARISH,BULLISH
2026-06-25T04:26:24.744686+00:00,SOL_SHORT,NO,SOL/USDT,67.68,SHORT,60,40,0,20,15,0.0,0,SHORT,60%,WATCH,60%,WATCH,60%,67.68,68.8821828431461,65.27563431370783,2.0,структура рынка не совпадает с направлением тренда. Конфликт с дневным MACD.,"Комментарий: 1h: RSI=45.12, MACD=bullish; 4h: RSI=38.81, MACD=bearish; 1d: RSI=39.47, MACD=bullish.",NO,multi,0.8014552287640585,1.5480500289717816,3.7617340503780468,51.742160278745786,28.834951456310776,47.40137758296811,BEARISH,BEARISH,BEARISH,BULLISH,BEARISH,BULLISH
2026-06-25T04:41:26.025697+00:00,BTC_SHORT,YES,BTC/USDT,60898.6,SHORT,85,40,25,20,15,0.0,0,SHORT,85%,SETUP,85%,SETUP,85%,60898.6,61605.369856878875,59485.060286242246,2.0,сетап полностью сформирован. Конфликт с дневным MACD. Сетап уже активен.,"Комментарий: 1h: RSI=43.57, MACD=bullish; 4h: RSI=35.26, MACD=bearish; 1d: RSI=32.94, MACD=bullish.",NO,multi,471.17990458591936,890.1036685987102,2146.1990063662124,43.45806826153212,27.543808545540948,22.01992610026458,BEARISH,BEARISH,BEARISH,BULLISH,BEARISH,BULLISH
2026-06-25T04:41:26.886432+00:00,ETH_SHORT,YES,ETH/USDT,1620.19,SHORT,85,40,25,20,15,0.0,0,SHORT,85%,SETUP,85%,SETUP,85%,1620.19,1644.8642971284562,1570.8414057430878,2.0,сетап полностью сформирован. Конфликт с дневным MACD. Сетап уже активен.,"Комментарий: 1h: RSI=44.43, MACD=bullish; 4h: RSI=36.15, MACD=bearish; 1d: RSI=33.78, MACD=bullish.",NO,multi,16.44953141897073,31.406242838826678,78.99050428335697,48.20005691519638,29.78414736009144,33.32076019149866,BEARISH,BEARISH,BEARISH,BULLISH,BEARISH,BULLISH
2026-06-25T04:41:27.838774+00:00,SOL_SHORT,NO,SOL/USDT,67.66,SHORT,60,40,0,20,15,0.0,0,SHORT,60%,WATCH,60%,WATCH,60%,67.66,68.86968284314608,65.24063431370783,2.0,структура рынка не совпадает с направлением тренда. Конфликт с дневным MACD.,"Комментарий: 1h: RSI=44.96, MACD=bullish; 4h: RSI=38.74, MACD=bearish; 1d: RSI=39.44, MACD=bullish.",NO,multi,0.8064552287640591,1.5530500289717821,3.7617340503780468,51.39372822299648,28.640776699029125,47.27614276768941,BEARISH,BEARISH,BEARISH,BULLISH,BEARISH,BULLISH
2026-06-25T04:56:28.945268+00:00,BTC_SHORT,YES,BTC/USDT,61318.7,SHORT,60,40,0,20,15,0.0,0,SHORT,60%,WATCH,60%,WATCH,60%,61318.7,62072.18414259316,59811.731714813664,2.0,структура рынка не совпадает с направлением тренда. Конфликт с дневным MACD.,"Комментарий: 1h: RSI=49.40, MACD=bullish; 4h: RSI=39.36, MACD=bearish; 1d: RSI=34.44, MACD=bullish.",NO,multi,502.3227617287765,921.2465257415673,2162.527577794784,53.619893084347204,33.984392966102966,26.991695425777113,BEARISH,BEARISH,BEARISH,BULLISH,BEARISH,BULLISH
2026-06-25T04:56:29.814586+00:00,ETH_SHORT,YES,ETH/USDT,1631.4,SHORT,60,40,0,20,15,0.0,0,SHORT,60%,WATCH,60%,WATCH,60%,1631.4,1657.3846542713134,1579.4306914573735,2.0,структура рынка не совпадает с направлением тренда. Конфликт с дневным MACD.,"Комментарий: 1h: RSI=49.39, MACD=bullish; 4h: RSI=39.29, MACD=bearish; 1d: RSI=35.12, MACD=bullish.",NO,multi,17.323102847542156,32.27981426739811,79.52336142621412,56.17529880478093,34.712269749857136,36.573335267662884,BEARISH,BEARISH,BEARISH,BULLISH,BEARISH,BULLISH
2026-06-25T04:56:30.684049+00:00,SOL_SHORT,NO,SOL/USDT,68.35,SHORT,60,40,0,20,15,0.0,0,SHORT,60%,WATCH,60%,WATCH,60%,68.35,69.63682570028894,65.7763485994221,2.0,структура рынка не совпадает с направлением тренда. Конфликт с дневным MACD.,"Комментарий: 1h: RSI=50.94, MACD=bullish; 4h: RSI=42.40, MACD=bearish; 1d: RSI=40.84, MACD=bullish.",NO,multi,0.8578838001926304,1.6044786004003535,3.7703054789494757,63.41463414634138,35.339805825242685,51.59674389480272,BEARISH,BEARISH,BEARISH,BULLISH,BEARISH,BULLISH
2026-06-25T05:11:31.884658+00:00,BTC_SHORT,YES,BTC/USDT,61586.5,SHORT,60,40,0,20,15,0.0,0,SHORT,60%,WATCH,60%,WATCH,60%,61586.5,62338.146502154894,60083.20699569021,2.0,структура рынка не совпадает с направлением тренда. Конфликт с дневным MACD.,"Комментарий: 1h: RSI=52.72, MACD=bullish; 4h: RSI=41.71, MACD=bearish; 1d: RSI=35.67, MACD=bullish.",NO,multi,501.097668103264,946.7608114558528,2188.0418635090696,60.097723809293456,38.09005473193618,30.363523285733457,BEARISH,BEARISH,BEARISH,BULLISH,BEARISH,BULLISH
2026-06-25T05:11:32.654864+00:00,ETH_SHORT,YES,ETH/USDT,1643.91,SHORT,60,40,0,20,15,0.0,0,SHORT,60%,WATCH,60%,WATCH,60%,1643.91,1670.0903170052331,1591.549365989534,2.0,структура рынка не совпадает с направлением тренда. Конфликт с дневным MACD.,"Комментарий: 1h: RSI=54.20, MACD=bullish; 4h: RSI=42.44, MACD=bearish; 1d: RSI=36.70, MACD=bullish.",NO,multi,17.453544670155303,33.42909998168382,80.67264714049983,65.07541263517363,40.211896074207594,40.20310459886846,BEARISH,BEARISH,BEARISH,BULLISH,BEARISH,BULLISH
2026-06-25T05:11:34.904373+00:00,SOL_SHORT,NO,SOL/USDT,68.97,SHORT,60,40,0,20,15,0.0,0,SHORT,60%,WATCH,60%,WATCH,60%,68.97,70.25429734910477,66.40140530179045,2.0,структура рынка не совпадает с направлением тренда. Конфликт с дневным MACD.,"Комментарий: 1h: RSI=55.58, MACD=bullish; 4h: RSI=45.42, MACD=bearish; 1d: RSI=42.43, MACD=bullish.",NO,multi,0.8561982327365207,1.6537643146860677,3.81959119323519,74.21602787456443,41.456310679611704,55.60425798371945,BEARISH,BEARISH,BEARISH,BULLISH,BEARISH,BULLISH
2026-06-25T05:26:36.115178+00:00,BTC_SHORT,YES,BTC/USDT,61644.2,SHORT,60,40,0,20,15,0.0,0,SHORT,60%,WATCH,60%,WATCH,60%,61644.2,62404.18221644061,60124.23556711877,2.0,структура рынка не совпадает с направлением тренда. Конфликт с дневным MACD.,"Комментарий: 1h: RSI=53.39, MACD=bullish; 4h: RSI=42.20, MACD=bearish; 1d: RSI=35.90, MACD=bullish.",NO,multi,506.65481096040713,952.317954312996,2193.599006366213,61.493432669746696,38.97465773376053,31.00130483031104,BEARISH,BEARISH,BEARISH,BULLISH,BEARISH,BULLISH
2026-06-25T05:26:36.875823+00:00,ETH_SHORT,YES,ETH/USDT,1647.28,SHORT,60,40,0,20,15,0.0,0,SHORT,60%,WATCH,60%,WATCH,60%,1647.28,1673.6113884338044,1594.617223132391,2.0,структура рынка не совпадает с направлением тренда. Конфликт с дневным MACD.,"Комментарий: 1h: RSI=55.37, MACD=bullish; 4h: RSI=43.24, MACD=bearish; 1d: RSI=37.12, MACD=bullish.",NO,multi,17.554258955869592,33.52981426739811,80.77336142621412,67.4729652817302,41.693410120015784,41.18090816770638,BEARISH,BEARISH,BEARISH,BULLISH,BEARISH,BULLISH
2026-06-25T05:26:37.838048+00:00,SOL_SHORT,NO,SOL/USDT,69.03,SHORT,60,40,0,20,15,0.0,0,SHORT,60%,WATCH,60%,WATCH,60%,69.03,70.32822592053336,66.43354815893329,2.0,структура рынка не совпадает с направлением тренда. Конфликт с дневным MACD.,"Комментарий: 1h: RSI=55.98, MACD=bullish; 4h: RSI=45.64, MACD=bearish; 1d: RSI=42.53, MACD=bullish.",NO,multi,0.8654839470222357,1.6630500289717827,3.828876907520905,75.26132404181186,41.94174757281556,55.85472761427679,BEARISH,BEARISH,BEARISH,BULLISH,BEARISH,BULLISH
2026-06-25T05:41:38.979902+00:00,BTC_SHORT,YES,BTC/USDT,61558.3,SHORT,60,40,0,20,15,0.0,0,SHORT,60%,WATCH,60%,WATCH,60%,61558.3,62318.28221644062,60038.335567118775,2.0,структура рынка не совпадает с направлением тренда. Конфликт с дневным MACD.,"Комментарий: 1h: RSI=52.39, MACD=bullish; 4h: RSI=41.48, MACD=bearish; 1d: RSI=35.52, MACD=bullish.",NO,multi,506.65481096040713,952.317954312996,2193.599006366213,59.41559226917597,37.65771842948478,29.953782178700806,BEARISH,BEARISH,BEARISH,BULLISH,BEARISH,BULLISH
2026-06-25T05:41:39.829377+00:00,ETH_SHORT,YES,ETH/USDT,1645.71,SHORT,60,40,0,20,15,0.0,0,SHORT,60%,WATCH,60%,WATCH,60%,1645.71,1672.1549598623758,1592.8200802752485,2.0,структура рынка не совпадает с направлением тренда. Конфликт с дневным MACD.,"Комментарий: 1h: RSI=54.83, MACD=bullish; 4h: RSI=42.87, MACD=bearish; 1d: RSI=36.92, MACD=bullish.",NO,multi,17.629973241583876,33.60552855311239,80.8490757119284,66.35600455321573,41.003209214401885,40.72537356738723,BEARISH,BEARISH,BEARISH,BULLISH,BEARISH,BULLISH
2026-06-25T05:41:40.674745+00:00,SOL_SHORT,NO,SOL/USDT,69.05,SHORT,60,40,0,20,15,0.0,0,SHORT,60%,WATCH,60%,WATCH,60%,69.05,70.35144020624763,66.44711958750473,2.0,структура рынка не совпадает с направлением тренда. Конфликт с дневным MACD.,"Комментарий: 1h: RSI=56.12, MACD=bullish; 4h: RSI=45.73, MACD=bearish; 1d: RSI=42.57, MACD=bullish.",NO,multi,0.867626804165093,1.66519288611464,3.831019764663762,75.60975609756092,42.135922330097074,55.97996242955541,BEARISH,BEARISH,BEARISH,BULLISH,BEARISH,BULLISH
2026-06-25T05:56:41.744015+00:00,BTC_SHORT,YES,BTC/USDT,61632.5,SHORT,60,40,0,20,15,0.0,0,SHORT,60%,WATCH,60%,WATCH,60%,61632.5,62392.482216440614,60112.53556711877,2.0,структура рынка не совпадает с направлением тренда. Конфликт с дневным MACD.,"Комментарий: 1h: RSI=53.25, MACD=bullish; 4h: RSI=42.10, MACD=bearish; 1d: RSI=35.85, MACD=bullish.",NO,multi,506.65481096040713,952.317954312996,2193.599006366213,61.210420647783096,38.795284161466896,30.857407655817475,BEARISH,BEARISH,BEARISH,BULLISH,BEARISH,BULLISH
2026-06-25T05:56:42.505418+00:00,ETH_SHORT,YES,ETH/USDT,1646.69,SHORT,60,40,0,20,15,0.0,0,SHORT,60%,WATCH,60%,WATCH,60%,1646.69,1673.1349598623758,1593.8000802752485,2.0,структура рынка не совпадает с направлением тренда. Конфликт с дневным MACD.,"Комментарий: 1h: RSI=55.17, MACD=bullish; 4h: RSI=43.10, MACD=bearish; 1d: RSI=37.04, MACD=bullish.",NO,multi,17.629973241583876,33.60552855311239,80.8490757119284,67.05321570859422,41.43403525739657,41.00972000580302,BEARISH,BEARISH,BEARISH,BULLISH,BEARISH,BULLISH
2026-06-25T05:56:43.367022+00:00,SOL_SHORT,NO,SOL/USDT,69.13,SHORT,60,40,0,20,15,0.0,0,SHORT,60%,WATCH,60%,WATCH,60%,69.13,70.43144020624763,66.52711958750473,2.0,структура рынка не совпадает с направлением тренда. Конфликт с дневным MACD.,"Комментарий: 1h: RSI=56.65, MACD=bullish; 4h: RSI=46.09, MACD=bearish; 1d: RSI=42.77, MACD=bullish.",NO,multi,0.867626804165093,1.66519288611464,3.831019764663762,77.0034843205574,42.912621359223266,56.48090169066998,BEARISH,BEARISH,BEARISH,BULLISH,BEARISH,BULLISH
2026-06-25T06:11:44.496642+00:00,BTC_SHORT,YES,BTC/USDT,61753.4,SHORT,60,40,0,20,15,0.0,0,SHORT,60%,WATCH,60%,WATCH,60%,61753.4,62476.19778429078,60307.804431418444,2.0,структура рынка не совпадает с направлением тренда. Конфликт с дневным MACD.,"Комментарий: 1h: RSI=54.73, MACD=bullish; 4h: RSI=43.09, MACD=bearish; 1d: RSI=36.37, MACD=bullish.",NO,multi,481.8651895271833,952.317954312996,2193.599006366213,64.13487820807437,40.648811075168304,32.33296342816727,BEARISH,BEARISH,BEARISH,BULLISH,BEARISH,BULLISH
2026-06-25T06:11:45.330476+00:00,ETH_SHORT,YES,ETH/USDT,1649.17,SHORT,60,40,0,20,15,0.0,0,SHORT,60%,WATCH,60%,WATCH,60%,1649.17,1674.2606774908027,1598.988645018395,2.0,структура рынка не совпадает с направлением тренда. Конфликт с дневным MACD.,"Комментарий: 1h: RSI=56.07, MACD=bullish; 4h: RSI=43.67, MACD=bearish; 1d: RSI=37.35, MACD=bullish.",NO,multi,16.727118327201712,33.60552855311239,80.8490757119284,68.81758679567449,42.524288917219856,41.72929058465113,BEARISH,BEARISH,BEARISH,BULLISH,BEARISH,BULLISH
2026-06-25T06:11:46.165125+00:00,SOL_SHORT,NO,SOL/USDT,69.24,SHORT,60,40,0,20,15,0.0,0,SHORT,60%,WATCH,60%,WATCH,60%,69.24,70.47205163240703,66.77589673518592,2.0,структура рынка не совпадает с направлением тренда. Конфликт с дневным MACD.,"Комментарий: 1h: RSI=57.46, MACD=bullish; 4h: RSI=46.57, MACD=bearish; 1d: RSI=43.03, MACD=bullish.",NO,multi,0.8213677549380242,1.66519288611464,3.831019764663762,78.9198606271776,43.9805825242718,57.16969317470254,BEARISH,BEARISH,BEARISH,BULLISH,BEARISH,BULLISH
2026-06-25T06:26:47.335526+00:00,BTC_SHORT,YES,BTC/USDT,61661.9,SHORT,60,40,0,20,15,0.0,0,SHORT,60%,WATCH,60%,WATCH,60%,61661.9,62389.43349857649,60206.83300284703,2.0,структура рынка не совпадает с направлением тренда. Конфликт с дневным MACD.,"Комментарий: 1h: RSI=53.65, MACD=bullish; 4h: RSI=42.34, MACD=bearish; 1d: RSI=35.98, MACD=bullish.",NO,multi,485.022332384326,952.317954312996,2193.599006366213,61.921579061948236,39.24601775338438,31.217150592051517,BEARISH,BEARISH,BEARISH,BULLISH,BEARISH,BULLISH
2026-06-25T06:26:48.179960+00:00,ETH_SHORT,YES,ETH/USDT,1647.27,SHORT,60,40,0,20,15,0.0,0,SHORT,60%,WATCH,60%,WATCH,60%,1647.27,1672.5299632050883,1596.7500735898234,2.0,структура рынка не совпадает с направлением тренда. Конфликт с дневным MACD.,"Комментарий: 1h: RSI=55.40, MACD=bullish; 4h: RSI=43.23, MACD=bearish; 1d: RSI=37.12, MACD=bullish.",NO,multi,16.83997547005885,33.60552855311239,80.8490757119284,67.46585088218552,41.689013935903596,41.178006673436826,BEARISH,BEARISH,BEARISH,BULLISH,BEARISH,BULLISH
2026-06-25T06:26:49.015165+00:00,SOL_SHORT,NO,SOL/USDT,69.22,SHORT,60,40,0,20,15,0.0,0,SHORT,60%,WATCH,60%,WATCH,60%,69.22,70.49598020383561,66.66803959232877,2.0,структура рынка не совпадает с направлением тренда. Конфликт с дневным MACD.,"Комментарий: 1h: RSI=57.32, MACD=bullish; 4h: RSI=46.49, MACD=bearish; 1d: RSI=42.98, MACD=bullish.",NO,multi,0.8506534692237392,1.6909071718289255,3.856734050378048,78.57142857142854,43.786407766990294,57.04445835942392,BEARISH,BEARISH,BEARISH,BULLISH,BEARISH,BULLISH
2026-06-25T06:41:50.056673+00:00,BTC_SHORT,YES,BTC/USDT,61725.9,SHORT,60,40,0,20,15,0.0,0,SHORT,60%,WATCH,60%,WATCH,60%,61725.9,62453.43349857649,60270.83300284703,2.0,структура рынка не совпадает с направлением тренда. Конфликт с дневным MACD.,"Комментарий: 1h: RSI=54.41, MACD=bullish; 4h: RSI=42.84, MACD=bearish; 1d: RSI=36.24, MACD=bullish.",NO,multi,485.022332384326,952.317954312996,2193.599006366213,63.469679011151214,40.17968019378485,31.95980634854825,BEARISH,BEARISH,BEARISH,BULLISH,BEARISH,BULLISH
2026-06-25T06:41:50.810390+00:00,ETH_SHORT,YES,ETH/USDT,1653.6,SHORT,60,40,0,20,15,0.0,0,SHORT,60%,WATCH,60%,WATCH,60%,1653.6,1679.2103203479453,1602.3793593041091,2.0,структура рынка не совпадает с направлением тренда. Конфликт с дневным MACD.,"Комментарий: 1h: RSI=57.58, MACD=bullish; 4h: RSI=44.67, MACD=bearish; 1d: RSI=37.86, MACD=bullish.",NO,multi,17.073546898630294,33.718385695969545,80.96193285478556,71.96926579396691,44.47179847892023,42.97113013201802,BEARISH,BEARISH,BEARISH,BULLISH,BEARISH,BULLISH
2026-06-25T06:41:51.759385+00:00,SOL_SHORT,NO,SOL/USDT,69.43,SHORT,40,40,0,0,15,2.2299651567945205,0,SHORT,40%,WAIT,40%,WAIT,40%,69.43,70.70598020383562,66.87803959232878,2.0,"тренд подтверждён, RR подходит, ожидаем откат к зоне входа. Конфликт с дневным MACD.","Комментарий: 1h: RSI=58.71, MACD=bullish; 4h: RSI=47.39, MACD=bearish; 1d: RSI=43.48, MACD=bullish.",NO,multi,0.8506534692237392,1.6909071718289255,3.856734050378048,82.22996515679452,45.82524271844668,58.359423919849775,BEARISH,BEARISH,BEARISH,BULLISH,BEARISH,BULLISH
2026-06-25T06:56:53.623653+00:00,BTC_SHORT,YES,BTC/USDT,61824.9,SHORT,60,40,0,20,15,0.0,0,SHORT,60%,WATCH,60%,WATCH,60%,61824.9,62555.35849857649,60363.983002847024,2.0,структура рынка не совпадает с направлением тренда. Конфликт с дневным MACD.,"Комментарий: 1h: RSI=55.54, MACD=bullish; 4h: RSI=43.66, MACD=bearish; 1d: RSI=36.67, MACD=bullish.",NO,multi,486.9723323843262,952.317954312996,2193.599006366213,65.86439612007456,41.74498290585191,33.20488274819214,BEARISH,BEARISH,BEARISH,BULLISH,BEARISH,BULLISH
2026-06-25T06:56:55.472708+00:00,ETH_SHORT,YES,ETH/USDT,1659.4,SHORT,60,40,0,20,15,0.0,0,SHORT,60%,WATCH,60%,WATCH,60%,1659.4,1685.586748919374,1607.0265021612522,2.0,структура рынка не совпадает с направлением тренда. Конфликт с дневным MACD.,"Комментарий: 1h: RSI=59.40, MACD=bullish; 4h: RSI=45.92, MACD=bearish; 1d: RSI=38.62, MACD=bullish.",NO,multi,17.457832612916,34.10267141025525,81.42693285478556,76.09561752988053,47.021585263990865,44.85129841868565,BEARISH,BEARISH,BEARISH,BULLISH,BEARISH,BULLISH
2026-06-25T06:56:56.433935+00:00,SOL_SHORT,NO,SOL/USDT,69.61,SHORT,35,40,0,0,15,5.365853658536551,5,SHORT,35%,NO TRADE,35%,NO TRADE,35%,69.61,,,,"тренд подтверждён, RR подходит, ожидаем откат к зоне входа. Конфликт с дневным MACD.","Комментарий: 1h: RSI=59.83, MACD=bullish; 4h: RSI=48.14, MACD=bearish; 1d: RSI=43.87, MACD=bullish.",NO,multi,0.8506534692237392,1.6909071718289255,3.856734050378048,85.36585365853655,47.57281553398058,59.423919849718196,BEARISH,BEARISH,BEARISH,BULLISH,BEARISH,BULLISH
2026-06-25T07:11:57.680712+00:00,BTC_SHORT,YES,BTC/USDT,61709.6,SHORT,60,40,0,20,15,0.0,0,SHORT,60%,WATCH,60%,WATCH,60%,61709.6,62405.08775277469,60318.62449445061,2.0,структура рынка не совпадает с направлением тренда. Конфликт с дневным MACD.,"Комментарий: 1h: RSI=54.17, MACD=bullish; 4h: RSI=42.74, MACD=bearish; 1d: RSI=36.18, MACD=bullish.",NO,multi,463.6585018497978,953.9750971701386,2195.2561492233554,67.33634602969654,39.977310009658574,31.800056095508655,BEARISH,BEARISH,BEARISH,BULLISH,BEARISH,BULLISH
2026-06-25T07:11:58.659575+00:00,ETH_SHORT,YES,ETH/USDT,1653.68,SHORT,60,40,0,20,15,0.0,0,SHORT,60%,WATCH,60%,WATCH,60%,1653.68,1678.6261910016367,1603.7876179967268,2.0,структура рынка не совпадает с направлением тренда. Конфликт с дневным MACD.,"Комментарий: 1h: RSI=57.57, MACD=bullish; 4h: RSI=44.69, MACD=bearish; 1d: RSI=37.89, MACD=bullish.",NO,multi,16.630794001091143,34.18338569596954,81.42693285478556,78.5841807032524,44.50696795181782,43.037864500217644,BEARISH,BEARISH,BEARISH,BULLISH,BEARISH,BULLISH
2026-06-25T07:11:59.635651+00:00,SOL_SHORT,NO,SOL/USDT,69.36,SHORT,35,40,0,0,15,9.251439539347373,5,SHORT,35%,NO TRADE,35%,NO TRADE,35%,69.36,,,,"тренд подтверждён, RR подходит, ожидаем откат к зоне входа. Конфликт с дневным MACD.","Комментарий: 1h: RSI=57.91, MACD=bullish; 4h: RSI=47.09, MACD=bearish; 1d: RSI=43.31, MACD=bullish.",NO,multi,0.8141782273187683,1.6909071718289255,3.856734050378048,89.25143953934737,45.145631067961176,57.92110206637445,BEARISH,BEARISH,BEARISH,BULLISH,BEARISH,BULLISH
2026-06-25T07:27:00.888258+00:00,BTC_SHORT,YES,BTC/USDT,61829.8,SHORT,60,40,0,20,15,0.0,0,SHORT,60%,WATCH,60%,WATCH,60%,61829.8,62539.077038488984,60411.24592302204,2.0,структура рынка не совпадает с направлением тренда. Конфликт с дневным MACD.,"Комментарий: 1h: RSI=55.68, MACD=bullish; 4h: RSI=43.70, MACD=bearish; 1d: RSI=36.69, MACD=bullish.",NO,multi,472.85135899265526,957.9965257415673,2199.277577794784,70.44028405422861,41.82010517117151,33.26463665963443,BEARISH,BEARISH,BEARISH,BULLISH,BEARISH,BULLISH
2026-06-25T07:27:01.726397+00:00,ETH_SHORT,YES,ETH/USDT,1655.9,SHORT,40,40,0,0,15,0.3073818210044976,0,SHORT,40%,WAIT,40%,WAIT,40%,1655.9,1680.9147624302082,1605.870475139584,2.0,"тренд подтверждён, RR подходит, ожидаем откат к зоне входа. Конфликт с дневным MACD.","Комментарий: 1h: RSI=58.37, MACD=bullish; 4h: RSI=45.17, MACD=bearish; 1d: RSI=38.15, MACD=bullish.",NO,multi,16.676508286805436,34.18338569596954,81.42693285478556,80.3073818210045,45.48292082472415,43.68199622805749,BEARISH,BEARISH,BEARISH,BULLISH,BEARISH,BULLISH
2026-06-25T07:27:02.562088+00:00,SOL_SHORT,NO,SOL/USDT,69.4,SHORT,30,40,0,0,15,10.019193857965547,10,SHORT,30%,NO TRADE,30%,NO TRADE,30%,69.4,,,,"тренд подтверждён, RR подходит, ожидаем откат к зоне входа. Конфликт с дневным MACD.","Комментарий: 1h: RSI=58.29, MACD=bullish; 4h: RSI=47.26, MACD=bearish; 1d: RSI=43.38, MACD=bullish.",NO,multi,0.8141782273187683,1.6909071718289255,3.856734050378048,90.01919385796555,45.533980582524336,58.108954289292434,BEARISH,BEARISH,BEARISH,BULLISH,BEARISH,BULLISH
2026-06-25T07:42:03.764187+00:00,BTC_SHORT,YES,BTC/USDT,61939.5,SHORT,60,40,0,20,15,0.0,0,SHORT,60%,WATCH,60%,WATCH,60%,61939.5,62653.105609917555,60512.28878016489,2.0,структура рынка не совпадает с направлением тренда. Конфликт с дневным MACD.,"Комментарий: 1h: RSI=56.95, MACD=bullish; 4h: RSI=44.55, MACD=bearish; 1d: RSI=37.15, MACD=bullish.",NO,multi,475.73707327836917,960.8822400272812,2202.163292080498,73.27307940606843,43.50192404985667,34.60239259539284,BEARISH,BEARISH,BEARISH,BULLISH,BEARISH,BULLISH
2026-06-25T07:42:04.601555+00:00,ETH_SHORT,YES,ETH/USDT,1659.07,SHORT,40,40,0,0,15,2.7679888224791824,0,SHORT,40%,WAIT,40%,WAIT,40%,1659.07,1684.3408338587794,1608.528332282441,2.0,"тренд подтверждён, RR подходит, ожидаем откат к зоне входа. Конфликт с дневным MACD.","Комментарий: 1h: RSI=59.42, MACD=bullish; 4h: RSI=45.85, MACD=bearish; 1d: RSI=38.52, MACD=bullish.",NO,multi,16.847222572519716,34.18338569596954,81.42693285478556,82.76798882247918,46.876511188288504,44.60176991150442,BEARISH,BEARISH,BEARISH,BULLISH,BEARISH,BULLISH
2026-06-25T07:42:05.453429+00:00,SOL_SHORT,NO,SOL/USDT,69.48,SHORT,30,40,0,0,15,11.554702495201596,10,SHORT,30%,NO TRADE,30%,NO TRADE,30%,69.48,,,,"тренд подтверждён, RR подходит, ожидаем откат к зоне входа. Конфликт с дневным MACD.","Комментарий: 1h: RSI=59.03, MACD=bullish; 4h: RSI=47.60, MACD=bearish; 1d: RSI=43.59, MACD=bullish.",NO,multi,0.8141782273187683,1.6909071718289255,3.856734050378048,91.5547024952016,46.310679611650535,58.67251095804637,BEARISH,BEARISH,BEARISH,BULLISH,BEARISH,BULLISH
2026-06-25T07:57:07.177135+00:00,BTC_SHORT,YES,BTC/USDT,61871.3,SHORT,60,40,0,20,15,0.0,0,SHORT,60%,WATCH,60%,WATCH,60%,61871.3,62586.60918134613,60440.681637307745,2.0,структура рынка не совпадает с направлением тренда. Конфликт с дневным MACD.,"Комментарий: 1h: RSI=56.17, MACD=bullish; 4h: RSI=44.03, MACD=bearish; 1d: RSI=36.87, MACD=bullish.",NO,multi,476.8727875640835,962.0179543129956,2203.2990063662123,71.51194318915437,42.456344765204655,33.77193517310343,BEARISH,BEARISH,BEARISH,BULLISH,BEARISH,BULLISH
2026-06-25T07:57:08.174981+00:00,ETH_SHORT,YES,ETH/USDT,1655.88,SHORT,40,40,0,0,15,0.29185748661035404,0,SHORT,40%,WAIT,40%,WAIT,40%,1655.88,1681.236548144494,1605.1669037110123,2.0,"тренд подтверждён, RR подходит, ожидаем откат к зоне входа. Конфликт с дневным MACD.","Комментарий: 1h: RSI=58.36, MACD=bullish; 4h: RSI=45.17, MACD=bearish; 1d: RSI=38.15, MACD=bullish.",NO,multi,16.90436542966257,34.18338569596954,81.42693285478556,80.29185748661035,45.47412845649978,43.6761932395184,BEARISH,BEARISH,BEARISH,BULLISH,BEARISH,BULLISH
2026-06-25T07:57:09.245885+00:00,SOL_SHORT,NO,SOL/USDT,69.39,SHORT,35,40,0,0,15,9.827255278310929,5,SHORT,35%,NO TRADE,35%,NO TRADE,35%,69.39,,,,"тренд подтверждён, RR подходит, ожидаем откат к зоне входа. Конфликт с дневным MACD.","Комментарий: 1h: RSI=58.19, MACD=bullish; 4h: RSI=47.22, MACD=bearish; 1d: RSI=43.38, MACD=bullish.",NO,multi,0.8141782273187683,1.6909071718289255,3.856734050378048,89.82725527831093,45.436893203883514,58.108954289292434,BEARISH,BEARISH,BEARISH,BULLISH,BEARISH,BULLISH
2026-06-25T08:12:19.593471+00:00,,NO,BTC/USDT,0.0,NO TRADE,0,0,0,0,0,,0,NO TRADE,0%,NO TRADE,0%,NO TRADE,0%,0.0,,,,Ошибка анализа BTC/USDT: bybit GET https://api.bybit.com/v5/market/kline?symbol=BTCUSDT&limit=200&interval=60&category=spot,Комментарий: RSI/MACD недоступны из-за ошибки анализа.,NO,multi,,,,,,,,,,,,
2026-06-25T08:12:23.442770+00:00,ETH_SHORT,YES,ETH/USDT,1654.95,SHORT,35,40,0,0,15,5.396534488503846,5,SHORT,35%,NO TRADE,35%,NO TRADE,35%,1654.95,,,,"тренд подтверждён, RR подходит, ожидаем откат к зоне входа. Конфликт с дневным MACD.","Комментарий: 1h: RSI=57.67, MACD=bullish; 4h: RSI=45.03, MACD=bearish; 1d: RSI=38.04, MACD=bullish.",NO,multi,16.01333986230303,32.058144737259745,81.42693285478556,85.39653448850385,45.06528333406602,43.40635427245034,BEARISH,BEARISH,BEARISH,BULLISH,BEARISH,BULLISH
2026-06-25T08:12:25.095589+00:00,SOL_SHORT,NO,SOL/USDT,69.27,SHORT,30,40,0,0,15,12.307692307692136,10,SHORT,30%,NO TRADE,30%,NO TRADE,30%,69.27,,,,"тренд подтверждён, RR подходит, ожидаем откат к зоне входа. Конфликт с дневным MACD.","Комментарий: 1h: RSI=56.95, MACD=bullish; 4h: RSI=46.75, MACD=bearish; 1d: RSI=43.10, MACD=bullish.",NO,multi,0.7695940803339154,1.5836995758234818,3.856734050378048,92.30769230769214,44.27184466019415,57.35754539762053,BEARISH,BEARISH,BEARISH,BULLISH,BEARISH,BULLISH
2026-06-25T08:27:26.510521+00:00,BTC_SHORT,YES,BTC/USDT,61733.4,SHORT,60,40,0,20,15,0.0,0,SHORT,60%,WATCH,60%,WATCH,60%,61733.4,62420.5549745985,60359.09005080301,2.0,структура рынка не совпадает с направлением тренда. Конфликт с дневным MACD.,"Комментарий: 1h: RSI=53.91, MACD=bullish; 4h: RSI=43.19, MACD=bearish; 1d: RSI=36.28, MACD=bullish.",NO,multi,458.10331639899886,908.5952686212834,2203.2990063662123,74.42163018270263,40.34218958406799,32.0890699120764,BEARISH,BEARISH,BEARISH,BULLISH,BEARISH,BULLISH
2026-06-25T08:27:27.811594+00:00,ETH_SHORT,YES,ETH/USDT,1652.3,SHORT,40,40,0,0,15,3.1889370209929524,0,SHORT,40%,WAIT,40%,WAIT,40%,1652.3,1676.7142955077402,1603.4714089845195,2.0,"тренд подтверждён, RR подходит, ожидаем откат к зоне входа. Конфликт с дневным MACD.","Комментарий: 1h: RSI=56.39, MACD=bullish; 4h: RSI=44.53, MACD=bearish; 1d: RSI=37.72, MACD=bullish.",NO,multi,16.276197005160178,32.321001880116896,81.42693285478556,83.18893702099295,43.900294544335466,42.637458291019875,BEARISH,BEARISH,BEARISH,BULLISH,BEARISH,BULLISH
2026-06-25T08:27:28.891695+00:00,SOL_SHORT,NO,SOL/USDT,69.06,SHORT,35,40,0,0,15,8.056680161943277,5,SHORT,35%,NO TRADE,35%,NO TRADE,35%,69.06,,,,"тренд подтверждён, RR подходит, ожидаем откат к зоне входа. Конфликт с дневным MACD.","Комментарий: 1h: RSI=54.96, MACD=bullish; 4h: RSI=45.92, MACD=bearish; 1d: RSI=42.60, MACD=bullish.",NO,multi,0.7853083660482011,1.5994138615377673,3.856734050378048,88.05668016194328,42.2330097087379,56.042579837194765,BEARISH,BEARISH,BEARISH,BULLISH,BEARISH,BULLISH
2026-06-25T08:42:30.099633+00:00,BTC_SHORT,YES,BTC/USDT,61734.4,SHORT,60,40,0,20,15,0.0,0,SHORT,60%,WATCH,60%,WATCH,60%,61734.4,62421.5549745985,60360.09005080301,2.0,структура рынка не совпадает с направлением тренда. Конфликт с дневным MACD.,"Комментарий: 1h: RSI=53.93, MACD=bullish; 4h: RSI=43.20, MACD=bearish; 1d: RSI=36.29, MACD=bullish.",NO,multi,458.10331639899886,908.5952686212834,2203.2990063662123,74.44991232535774,40.357520658623,32.10126458788094,BEARISH,BEARISH,BEARISH,BULLISH,BEARISH,BULLISH
2026-06-25T08:42:30.952314+00:00,ETH_SHORT,YES,ETH/USDT,1651.98,SHORT,40,40,0,0,15,2.9223592135954704,0,SHORT,40%,WAIT,40%,WAIT,40%,1651.98,1676.3942955077403,1603.1514089845195,2.0,"тренд подтверждён, RR подходит, ожидаем откат к зоне входа. Конфликт с дневным MACD.","Комментарий: 1h: RSI=56.24, MACD=bullish; 4h: RSI=44.47, MACD=bearish; 1d: RSI=37.68, MACD=bullish.",NO,multi,16.276197005160178,32.321001880116896,81.42693285478556,82.92235921359547,43.7596166527454,42.54461047439433,BEARISH,BEARISH,BEARISH,BULLISH,BEARISH,BULLISH
2026-06-25T08:42:31.693543+00:00,SOL_SHORT,NO,SOL/USDT,69.02,SHORT,35,40,0,0,15,7.2469635627528675,5,SHORT,35%,NO TRADE,35%,NO TRADE,35%,69.02,,,,"тренд подтверждён, RR подходит, ожидаем откат к зоне входа. Конфликт с дневным MACD.","Комментарий: 1h: RSI=54.60, MACD=bullish; 4h: RSI=45.77, MACD=bearish; 1d: RSI=42.50, MACD=bullish.",NO,multi,0.7881655089053444,1.6022710043949107,3.856734050378048,87.24696356275287,41.84466019417473,55.792110206637425,BEARISH,BEARISH,BEARISH,BULLISH,BEARISH,BULLISH
