timestamp,symbol,direction,signal,score,confidence,long_total,short_total,summary
2026-06-25T08:35:58.111329+00:00,BTC/USDT,SHORT,SETUP,84,67.7,40,84,SHORT wins by 44 points
2026-06-25T08:35:59.991357+00:00,ETH/USDT,SHORT,SETUP,88,70.4,37,88,SHORT wins by 51 points
2026-06-25T08:36:01.668181+00:00,SOL/USDT,SHORT,SETUP,88,70.4,37,88,SHORT wins by 51 points
2026-06-25T08:38:03.452703+00:00,BTC/USDT,SHORT,SETUP,84,67.7,40,84,SHORT wins by 44 points
2026-06-25T08:38:04.505087+00:00,ETH/USDT,SHORT,SETUP,88,70.4,37,88,SHORT wins by 51 points
2026-06-25T08:38:05.317604+00:00,SOL/USDT,SHORT,SETUP,88,70.4,37,88,SHORT wins by 51 points
2026-06-25T08:46:08.010972+00:00,BTC/USDT,SHORT,SETUP,84,67.7,40,84,SHORT wins by 44 points
2026-06-25T08:46:08.891619+00:00,ETH/USDT,SHORT,SETUP,88,70.4,37,88,SHORT wins by 51 points
2026-06-25T08:46:09.604239+00:00,SOL/USDT,SHORT,SETUP,88,70.4,37,88,SHORT wins by 51 points
2026-06-25T08:47:51.965346+00:00,BTC/USDT,SHORT,SETUP,84,67.7,40,84,SHORT wins by 44 points
2026-06-25T08:47:52.665976+00:00,ETH/USDT,SHORT,SETUP,88,70.4,37,88,SHORT wins by 51 points
2026-06-25T08:47:53.372465+00:00,SOL/USDT,SHORT,SETUP,88,70.4,37,88,SHORT wins by 51 points
2026-06-25T08:48:07.231157+00:00,BTC/USDT,SHORT,SETUP,84,67.7,40,84,SHORT wins by 44 points
2026-06-25T08:48:08.644245+00:00,ETH/USDT,SHORT,SETUP,88,70.4,37,88,SHORT wins by 51 points
2026-06-25T08:48:10.229425+00:00,SOL/USDT,SHORT,SETUP,88,70.4,37,88,SHORT wins by 51 points
2026-06-25T08:49:45.485232+00:00,BTC/USDT,SHORT,SETUP,84,67.7,40,84,SHORT wins by 44 points
2026-06-25T08:49:46.317724+00:00,ETH/USDT,SHORT,SETUP,88,70.4,37,88,SHORT wins by 51 points
2026-06-25T08:49:47.133744+00:00,SOL/USDT,SHORT,SETUP,88,70.4,37,88,SHORT wins by 51 points
2026-06-25T08:51:41.606068+00:00,BTC/USDT,SHORT,SETUP,84,67.7,40,84,SHORT wins by 44 points
2026-06-25T08:51:42.616052+00:00,ETH/USDT,SHORT,SETUP,88,70.4,37,88,SHORT wins by 51 points
2026-06-25T08:51:43.349481+00:00,SOL/USDT,SHORT,SETUP,88,70.4,37,88,SHORT wins by 51 points
2026-06-25T08:52:51.024668+00:00,BTC/USDT,SHORT,SETUP,84,67.7,40,84,SHORT wins by 44 points
2026-06-25T08:52:51.851462+00:00,ETH/USDT,SHORT,SETUP,88,70.4,37,88,SHORT wins by 51 points
2026-06-25T08:52:53.656385+00:00,SOL/USDT,SHORT,SETUP,88,70.4,37,88,SHORT wins by 51 points
2026-06-25T08:53:34.632898+00:00,BTC/USDT,SHORT,NO TRADE,27,69.2,14,46,12,12,14,11,5,20,12,27,SHORT wins by 15 points
2026-06-25T08:53:35.392555+00:00,ETH/USDT,SHORT,NO TRADE,28,71.8,14,46,9,16,14,11,5,20,11,28,SHORT wins by 17 points
2026-06-25T08:53:36.317338+00:00,SOL/USDT,SHORT,NO TRADE,27,71.1,14,46,9,16,14,11,0,15,11,27,SHORT wins by 16 points
2026-06-25T08:54:07.109487+00:00,BTC/USDT,SHORT,NO TRADE,27,69.2,14,46,12,12,14,11,5,20,12,27,SHORT wins by 15 points
2026-06-25T08:54:07.983464+00:00,ETH/USDT,SHORT,NO TRADE,28,71.8,14,46,9,16,14,11,5,20,11,28,SHORT wins by 17 points
2026-06-25T08:54:08.931419+00:00,SOL/USDT,SHORT,NO TRADE,27,71.1,14,46,9,16,14,11,0,15,11,27,SHORT wins by 16 points
2026-06-25T08:54:39.693753+00:00,BTC/USDT,SHORT,NO TRADE,27,69.2,14,46,12,12,14,11,5,20,12,27,SHORT wins by 15 points
2026-06-25T08:54:40.771574+00:00,ETH/USDT,SHORT,NO TRADE,28,71.8,14,46,9,16,14,11,5,20,11,28,SHORT wins by 17 points
2026-06-25T08:54:41.607813+00:00,SOL/USDT,SHORT,NO TRADE,27,71.1,14,46,9,16,14,11,0,15,11,27,SHORT wins by 16 points
2026-06-25T08:55:12.472909+00:00,BTC/USDT,SHORT,NO TRADE,27,69.2,14,46,12,12,14,11,5,20,12,27,SHORT wins by 15 points
2026-06-25T08:55:13.330921+00:00,ETH/USDT,SHORT,NO TRADE,28,71.8,14,46,9,16,14,11,5,20,11,28,SHORT wins by 17 points
2026-06-25T08:55:14.167955+00:00,SOL/USDT,SHORT,NO TRADE,27,71.1,14,46,9,16,14,11,0,15,11,27,SHORT wins by 16 points
2026-06-25T08:55:44.926748+00:00,BTC/USDT,SHORT,NO TRADE,27,69.2,14,46,12,12,14,11,5,20,12,27,SHORT wins by 15 points
2026-06-25T08:55:45.805725+00:00,ETH/USDT,SHORT,NO TRADE,28,71.8,14,46,9,16,14,11,5,20,11,28,SHORT wins by 17 points
2026-06-25T08:55:46.680410+00:00,SOL/USDT,SHORT,NO TRADE,27,71.1,14,46,9,16,14,11,0,15,11,27,SHORT wins by 16 points
2026-06-25T08:56:13.087280+00:00,BTC/USDT,SHORT,NO TRADE,27,69.2,14,46,12,12,14,11,5,20,12,27,SHORT wins by 15 points
2026-06-25T08:56:14.593495+00:00,ETH/USDT,SHORT,NO TRADE,28,71.8,14,46,9,16,14,11,5,20,11,28,SHORT wins by 17 points
2026-06-25T08:56:15.795602+00:00,SOL/USDT,SHORT,NO TRADE,27,71.1,14,46,9,16,14,11,0,15,11,27,SHORT wins by 16 points
2026-06-25T08:56:46.547555+00:00,BTC/USDT,SHORT,NO TRADE,27,69.2,14,46,12,12,14,11,5,20,12,27,SHORT wins by 15 points
2026-06-25T08:56:48.542027+00:00,ETH/USDT,SHORT,NO TRADE,28,71.8,14,46,9,16,14,11,5,20,11,28,SHORT wins by 17 points
2026-06-25T08:56:49.394655+00:00,SOL/USDT,SHORT,NO TRADE,27,71.1,14,46,9,16,14,11,0,15,11,27,SHORT wins by 16 points
2026-06-25T08:58:27.941768+00:00,BTC/USDT,SHORT,NO TRADE,27,69.2,14,46,12,12,14,11,5,20,12,27,SHORT wins by 15 points
2026-06-25T08:58:28.971535+00:00,ETH/USDT,SHORT,NO TRADE,28,71.8,14,46,9,16,14,11,5,20,11,28,SHORT wins by 17 points
2026-06-25T08:58:30.068076+00:00,SOL/USDT,SHORT,NO TRADE,27,71.1,14,46,9,16,14,11,0,15,11,27,SHORT wins by 16 points
2026-06-25T08:59:01.392730+00:00,BTC/USDT,SHORT,NO TRADE,27,69.2,14,46,12,12,14,11,5,20,12,27,SHORT wins by 15 points
2026-06-25T08:59:02.735075+00:00,ETH/USDT,SHORT,NO TRADE,28,71.8,14,46,9,16,14,11,5,20,11,28,SHORT wins by 17 points
2026-06-25T08:59:04.287756+00:00,SOL/USDT,SHORT,NO TRADE,27,71.1,14,46,9,16,14,11,0,15,11,27,SHORT wins by 16 points
2026-06-25T08:59:35.348152+00:00,BTC/USDT,SHORT,NO TRADE,27,69.2,14,46,12,12,14,11,5,20,12,27,SHORT wins by 15 points
2026-06-25T08:59:36.618279+00:00,ETH/USDT,SHORT,NO TRADE,28,71.8,14,46,9,16,14,11,5,20,11,28,SHORT wins by 17 points
2026-06-25T08:59:37.441761+00:00,SOL/USDT,SHORT,NO TRADE,27,71.1,14,46,9,16,14,11,0,15,11,27,SHORT wins by 16 points
2026-06-25T09:00:08.380246+00:00,BTC/USDT,SHORT,NO TRADE,28,71.8,14,46,9,16,14,11,5,20,11,28,SHORT wins by 17 points
2026-06-25T09:00:09.872284+00:00,ETH/USDT,SHORT,NO TRADE,28,71.8,14,46,9,16,14,11,5,20,11,28,SHORT wins by 17 points
2026-06-25T09:00:11.530657+00:00,SOL/USDT,SHORT,NO TRADE,27,71.1,14,46,9,16,14,11,0,15,11,27,SHORT wins by 16 points
2026-06-25T09:00:59.298509+00:00,BTC/USDT,SHORT,NO TRADE,28,71.8,14,46,9,16,14,11,5,20,11,28,SHORT wins by 17 points
2026-06-25T09:01:00.189081+00:00,ETH/USDT,SHORT,NO TRADE,28,71.8,14,46,9,16,14,11,5,20,11,28,SHORT wins by 17 points
2026-06-25T09:01:01.234068+00:00,SOL/USDT,SHORT,NO TRADE,27,71.1,14,46,9,16,14,11,0,15,11,27,SHORT wins by 16 points
2026-06-25T09:01:32.202974+00:00,BTC/USDT,SHORT,NO TRADE,28,71.8,14,46,9,16,14,11,5,20,11,28,SHORT wins by 17 points
2026-06-25T09:01:33.044763+00:00,ETH/USDT,SHORT,NO TRADE,28,71.8,14,46,9,16,14,11,5,20,11,28,SHORT wins by 17 points
2026-06-25T09:01:34.089768+00:00,SOL/USDT,SHORT,NO TRADE,27,71.1,14,46,9,16,14,11,0,15,11,27,SHORT wins by 16 points
2026-06-25T09:02:05.452727+00:00,BTC/USDT,SHORT,NO TRADE,28,71.8,14,46,9,16,14,11,5,20,11,28,SHORT wins by 17 points
2026-06-25T09:02:06.792336+00:00,ETH/USDT,SHORT,NO TRADE,28,71.8,14,46,9,16,14,11,5,20,11,28,SHORT wins by 17 points
2026-06-25T09:02:08.275675+00:00,SOL/USDT,SHORT,NO TRADE,27,71.1,14,46,9,16,14,11,0,15,11,27,SHORT wins by 16 points
2026-06-25T09:02:39.186404+00:00,BTC/USDT,SHORT,NO TRADE,28,71.8,14,46,9,16,14,11,5,20,11,28,SHORT wins by 17 points
2026-06-25T09:02:40.396892+00:00,ETH/USDT,SHORT,NO TRADE,28,71.8,14,46,9,16,14,11,5,20,11,28,SHORT wins by 17 points
2026-06-25T09:02:41.217695+00:00,SOL/USDT,SHORT,NO TRADE,27,71.1,14,46,9,16,14,11,0,15,11,27,SHORT wins by 16 points
2026-06-25T09:03:12.075520+00:00,BTC/USDT,SHORT,NO TRADE,28,71.8,14,46,9,16,14,11,5,20,11,28,SHORT wins by 17 points
2026-06-25T09:03:12.984161+00:00,ETH/USDT,SHORT,NO TRADE,28,71.8,14,46,9,16,14,11,5,20,11,28,SHORT wins by 17 points
2026-06-25T09:03:13.928239+00:00,SOL/USDT,SHORT,NO TRADE,27,71.1,14,46,9,16,14,11,0,15,11,27,SHORT wins by 16 points
2026-06-25T09:03:44.928668+00:00,BTC/USDT,SHORT,NO TRADE,28,71.8,14,46,9,16,14,11,5,20,11,28,SHORT wins by 17 points
2026-06-25T09:03:45.674489+00:00,ETH/USDT,SHORT,NO TRADE,28,71.8,14,46,9,16,14,11,5,20,11,28,SHORT wins by 17 points
2026-06-25T09:03:48.081150+00:00,SOL/USDT,SHORT,NO TRADE,27,71.1,14,46,9,16,14,11,0,15,11,27,SHORT wins by 16 points
2026-06-25T09:09:00.076921+00:00,BTC/USDT,SHORT,NO TRADE,28,71.8,14,46,9,16,14,11,5,20,11,28,SHORT wins by 17 points
2026-06-25T09:09:01.020532+00:00,ETH/USDT,SHORT,NO TRADE,28,71.8,14,46,9,16,14,11,5,20,11,28,SHORT wins by 17 points
2026-06-25T09:09:02.021569+00:00,SOL/USDT,SHORT,NO TRADE,27,71.1,14,46,9,16,14,11,0,15,11,27,SHORT wins by 16 points
2026-06-25T09:09:33.271017+00:00,BTC/USDT,SHORT,NO TRADE,28,71.8,14,46,9,16,14,11,5,20,11,28,SHORT wins by 17 points
2026-06-25T09:09:34.711625+00:00,ETH/USDT,SHORT,NO TRADE,28,71.8,14,46,9,16,14,11,5,20,11,28,SHORT wins by 17 points
2026-06-25T09:09:35.438471+00:00,SOL/USDT,SHORT,NO TRADE,27,71.1,14,46,9,16,14,11,0,15,11,27,SHORT wins by 16 points
2026-06-25T09:10:06.273089+00:00,BTC/USDT,SHORT,NO TRADE,28,71.8,14,46,9,16,14,11,5,20,11,28,SHORT wins by 17 points
2026-06-25T09:10:07.100167+00:00,ETH/USDT,SHORT,NO TRADE,28,71.8,14,46,9,16,14,11,5,20,11,28,SHORT wins by 17 points
2026-06-25T09:10:07.920541+00:00,SOL/USDT,SHORT,NO TRADE,27,71.1,14,46,9,16,14,11,0,15,11,27,SHORT wins by 16 points
2026-06-25T09:10:39.052021+00:00,BTC/USDT,SHORT,NO TRADE,28,71.8,14,46,9,16,14,11,5,20,11,28,SHORT wins by 17 points
2026-06-25T09:10:39.979195+00:00,ETH/USDT,SHORT,NO TRADE,28,71.8,14,46,9,16,14,11,5,20,11,28,SHORT wins by 17 points
2026-06-25T09:10:41.014384+00:00,SOL/USDT,SHORT,NO TRADE,27,71.1,14,46,9,16,14,11,0,15,11,27,SHORT wins by 16 points
2026-06-25T09:11:11.947183+00:00,BTC/USDT,SHORT,NO TRADE,28,71.8,14,46,9,16,14,11,5,20,11,28,SHORT wins by 17 points
2026-06-25T09:11:12.706529+00:00,ETH/USDT,SHORT,NO TRADE,28,71.8,14,46,9,16,14,11,5,20,11,28,SHORT wins by 17 points
2026-06-25T09:11:13.433360+00:00,SOL/USDT,SHORT,NO TRADE,27,71.1,14,46,9,16,14,11,0,15,11,27,SHORT wins by 16 points
2026-06-25T09:11:44.306095+00:00,BTC/USDT,SHORT,NO TRADE,28,71.8,14,46,9,16,14,11,5,20,11,28,SHORT wins by 17 points
2026-06-25T09:11:45.126200+00:00,ETH/USDT,SHORT,NO TRADE,28,71.8,14,46,9,16,14,11,5,20,11,28,SHORT wins by 17 points
2026-06-25T09:11:45.951899+00:00,SOL/USDT,SHORT,NO TRADE,27,71.1,14,46,9,16,14,11,0,15,11,27,SHORT wins by 16 points
2026-06-25T09:12:16.939817+00:00,BTC/USDT,SHORT,NO TRADE,28,71.8,14,46,9,16,14,11,5,20,11,28,SHORT wins by 17 points
2026-06-25T09:12:17.868048+00:00,ETH/USDT,SHORT,NO TRADE,28,71.8,14,46,9,16,14,11,5,20,11,28,SHORT wins by 17 points
2026-06-25T09:12:18.699115+00:00,SOL/USDT,SHORT,NO TRADE,27,71.1,14,46,9,16,14,11,0,15,11,27,SHORT wins by 16 points
2026-06-25T09:12:49.604636+00:00,BTC/USDT,SHORT,NO TRADE,28,71.8,14,46,9,16,14,11,5,20,11,28,SHORT wins by 17 points
2026-06-25T09:12:51.537846+00:00,ETH/USDT,SHORT,NO TRADE,28,71.8,14,46,9,16,14,11,5,20,11,28,SHORT wins by 17 points
2026-06-25T09:12:52.844665+00:00,SOL/USDT,SHORT,NO TRADE,27,71.1,14,46,9,16,14,11,0,15,11,27,SHORT wins by 16 points
2026-06-25T09:13:24.183832+00:00,BTC/USDT,SHORT,NO TRADE,28,71.8,14,46,9,16,14,11,5,20,11,28,SHORT wins by 17 points
2026-06-25T09:13:25.449457+00:00,ETH/USDT,SHORT,NO TRADE,28,71.8,14,46,9,16,14,11,5,20,11,28,SHORT wins by 17 points
2026-06-25T09:13:26.642480+00:00,SOL/USDT,SHORT,NO TRADE,27,71.1,14,46,9,16,14,11,0,15,11,27,SHORT wins by 16 points
2026-06-25T09:13:58.024530+00:00,BTC/USDT,SHORT,NO TRADE,28,71.8,14,46,9,16,14,11,5,20,11,28,SHORT wins by 17 points
2026-06-25T09:13:59.276637+00:00,ETH/USDT,SHORT,NO TRADE,28,71.8,14,46,9,16,14,11,5,20,11,28,SHORT wins by 17 points
2026-06-25T09:14:00.150638+00:00,SOL/USDT,SHORT,NO TRADE,27,71.1,14,46,9,16,14,11,0,15,11,27,SHORT wins by 16 points
2026-06-25T09:14:31.384703+00:00,BTC/USDT,SHORT,NO TRADE,28,71.8,14,46,9,16,14,11,5,20,11,28,SHORT wins by 17 points
2026-06-25T09:14:32.531378+00:00,ETH/USDT,SHORT,NO TRADE,28,71.8,14,46,9,16,14,11,5,20,11,28,SHORT wins by 17 points
2026-06-25T09:14:33.920042+00:00,SOL/USDT,SHORT,NO TRADE,27,71.1,14,46,9,16,14,11,0,15,11,27,SHORT wins by 16 points
2026-06-25T09:15:05.006716+00:00,BTC/USDT,SHORT,NO TRADE,28,71.8,14,46,9,16,14,11,5,20,11,28,SHORT wins by 17 points
2026-06-25T09:15:06.314771+00:00,ETH/USDT,SHORT,NO TRADE,28,71.8,14,46,9,16,14,11,5,20,11,28,SHORT wins by 17 points
2026-06-25T09:15:07.303719+00:00,SOL/USDT,SHORT,NO TRADE,27,71.1,14,46,9,16,14,11,0,15,11,27,SHORT wins by 16 points
2026-06-25T09:15:38.834465+00:00,BTC/USDT,SHORT,NO TRADE,28,71.8,14,46,9,16,14,11,5,20,11,28,SHORT wins by 17 points
2026-06-25T09:15:39.904719+00:00,ETH/USDT,SHORT,NO TRADE,28,71.8,14,46,9,16,14,11,5,20,11,28,SHORT wins by 17 points
2026-06-25T09:15:40.947932+00:00,SOL/USDT,SHORT,NO TRADE,27,71.1,14,46,9,16,14,11,0,15,11,27,SHORT wins by 16 points
2026-06-25T09:16:12.123172+00:00,BTC/USDT,SHORT,NO TRADE,28,71.8,14,46,9,16,14,11,5,20,11,28,SHORT wins by 17 points
2026-06-25T09:16:12.864509+00:00,ETH/USDT,SHORT,NO TRADE,28,71.8,14,46,9,16,14,11,5,20,11,28,SHORT wins by 17 points
2026-06-25T09:16:13.583535+00:00,SOL/USDT,SHORT,NO TRADE,27,71.1,14,46,9,16,14,11,0,15,11,27,SHORT wins by 16 points
2026-06-25T09:16:44.615907+00:00,BTC/USDT,SHORT,NO TRADE,28,71.8,14,46,9,16,14,11,5,20,11,28,SHORT wins by 17 points
2026-06-25T09:16:45.866771+00:00,ETH/USDT,SHORT,NO TRADE,28,71.8,14,46,9,16,14,11,5,20,11,28,SHORT wins by 17 points
2026-06-25T09:16:46.585715+00:00,SOL/USDT,SHORT,NO TRADE,27,71.1,14,46,9,16,14,11,0,15,11,27,SHORT wins by 16 points
2026-06-25T09:17:18.040069+00:00,BTC/USDT,SHORT,NO TRADE,28,71.8,14,46,9,16,14,11,5,20,11,28,SHORT wins by 17 points
2026-06-25T09:17:19.284793+00:00,ETH/USDT,SHORT,NO TRADE,28,71.8,14,46,9,16,14,11,5,20,11,28,SHORT wins by 17 points
2026-06-25T09:17:20.620852+00:00,SOL/USDT,SHORT,NO TRADE,27,71.1,14,46,9,16,14,11,0,15,11,27,SHORT wins by 16 points
2026-06-25T09:17:52.261682+00:00,BTC/USDT,SHORT,NO TRADE,28,71.8,14,46,9,16,14,11,5,20,11,28,SHORT wins by 17 points
2026-06-25T09:17:53.161205+00:00,ETH/USDT,SHORT,NO TRADE,28,71.8,14,46,9,16,14,11,5,20,11,28,SHORT wins by 17 points
2026-06-25T09:17:54.421127+00:00,SOL/USDT,SHORT,NO TRADE,27,71.1,14,46,9,16,14,11,0,15,11,27,SHORT wins by 16 points
2026-06-25T09:18:25.620345+00:00,BTC/USDT,SHORT,NO TRADE,28,71.8,14,46,9,16,14,11,5,20,11,28,SHORT wins by 17 points
2026-06-25T09:18:26.862629+00:00,ETH/USDT,SHORT,NO TRADE,28,71.8,14,46,9,16,14,11,5,20,11,28,SHORT wins by 17 points
2026-06-25T09:18:28.314151+00:00,SOL/USDT,SHORT,NO TRADE,27,71.1,14,46,9,16,14,11,0,15,11,27,SHORT wins by 16 points
2026-06-25T09:18:59.790752+00:00,BTC/USDT,SHORT,NO TRADE,28,71.8,14,46,9,16,14,11,5,20,11,28,SHORT wins by 17 points
2026-06-25T09:19:00.942848+00:00,ETH/USDT,SHORT,NO TRADE,28,71.8,14,46,9,16,14,11,5,20,11,28,SHORT wins by 17 points
2026-06-25T09:19:02.413551+00:00,SOL/USDT,SHORT,NO TRADE,27,71.1,14,46,9,16,14,11,0,15,11,27,SHORT wins by 16 points
2026-06-25T09:19:33.897255+00:00,BTC/USDT,SHORT,NO TRADE,28,71.8,14,46,9,16,14,11,5,20,11,28,SHORT wins by 17 points
2026-06-25T09:19:35.053426+00:00,ETH/USDT,SHORT,NO TRADE,28,71.8,14,46,9,16,14,11,5,20,11,28,SHORT wins by 17 points
2026-06-25T09:19:36.109203+00:00,SOL/USDT,SHORT,NO TRADE,27,71.1,14,46,9,16,14,11,0,15,11,27,SHORT wins by 16 points
2026-06-25T09:20:07.374286+00:00,BTC/USDT,SHORT,NO TRADE,28,71.8,14,46,9,16,14,11,5,20,11,28,SHORT wins by 17 points
2026-06-25T09:20:08.369228+00:00,ETH/USDT,SHORT,NO TRADE,28,71.8,14,46,9,16,14,11,5,20,11,28,SHORT wins by 17 points
2026-06-25T09:20:09.188289+00:00,SOL/USDT,SHORT,NO TRADE,27,71.1,14,46,9,16,14,11,0,15,11,27,SHORT wins by 16 points
2026-06-25T09:20:40.419103+00:00,BTC/USDT,SHORT,NO TRADE,28,71.8,14,46,9,16,14,11,5,20,11,28,SHORT wins by 17 points
2026-06-25T09:20:41.302253+00:00,ETH/USDT,SHORT,NO TRADE,28,71.8,14,46,9,16,14,11,5,20,11,28,SHORT wins by 17 points
2026-06-25T09:20:42.354245+00:00,SOL/USDT,SHORT,NO TRADE,27,71.1,14,46,9,16,14,11,0,15,11,27,SHORT wins by 16 points
2026-06-25T09:21:13.685512+00:00,BTC/USDT,SHORT,NO TRADE,28,71.8,14,46,9,16,14,11,5,20,11,28,SHORT wins by 17 points
2026-06-25T09:21:14.568248+00:00,ETH/USDT,SHORT,NO TRADE,28,71.8,14,46,9,16,14,11,5,20,11,28,SHORT wins by 17 points
2026-06-25T09:21:15.485803+00:00,SOL/USDT,SHORT,NO TRADE,27,71.1,14,46,9,16,14,11,0,15,11,27,SHORT wins by 16 points
2026-06-25T09:21:46.977865+00:00,BTC/USDT,SHORT,NO TRADE,28,71.8,14,46,9,16,14,11,5,20,11,28,SHORT wins by 17 points
2026-06-25T09:21:48.306633+00:00,ETH/USDT,SHORT,NO TRADE,28,71.8,14,46,9,16,14,11,5,20,11,28,SHORT wins by 17 points
2026-06-25T09:21:49.121949+00:00,SOL/USDT,SHORT,NO TRADE,27,71.1,14,46,9,16,14,11,0,15,11,27,SHORT wins by 16 points
2026-06-25T09:22:20.193809+00:00,BTC/USDT,SHORT,NO TRADE,28,71.8,14,46,9,16,14,11,5,20,11,28,SHORT wins by 17 points
2026-06-25T09:22:21.525485+00:00,ETH/USDT,SHORT,NO TRADE,28,71.8,14,46,9,16,14,11,5,20,11,28,SHORT wins by 17 points
2026-06-25T09:22:22.507421+00:00,SOL/USDT,SHORT,NO TRADE,27,71.1,14,46,9,16,14,11,0,15,11,27,SHORT wins by 16 points
2026-06-25T09:22:54.253291+00:00,BTC/USDT,SHORT,NO TRADE,28,71.8,14,46,9,16,14,11,5,20,11,28,SHORT wins by 17 points
2026-06-25T09:22:55.545921+00:00,ETH/USDT,SHORT,NO TRADE,28,71.8,14,46,9,16,14,11,5,20,11,28,SHORT wins by 17 points
2026-06-25T09:22:56.426801+00:00,SOL/USDT,SHORT,NO TRADE,27,71.1,14,46,9,16,14,11,0,15,11,27,SHORT wins by 16 points
2026-06-25T09:23:27.673339+00:00,BTC/USDT,SHORT,NO TRADE,28,71.8,14,46,9,16,14,11,5,20,11,28,SHORT wins by 17 points
2026-06-25T09:23:29.049398+00:00,ETH/USDT,SHORT,NO TRADE,28,71.8,14,46,9,16,14,11,5,20,11,28,SHORT wins by 17 points
2026-06-25T09:23:30.102949+00:00,SOL/USDT,SHORT,NO TRADE,27,71.1,14,46,9,16,14,11,0,15,11,27,SHORT wins by 16 points
2026-06-25T09:24:01.158460+00:00,BTC/USDT,SHORT,NO TRADE,28,71.8,14,46,9,16,14,11,5,20,11,28,SHORT wins by 17 points
2026-06-25T09:24:02.850798+00:00,ETH/USDT,SHORT,NO TRADE,28,71.8,14,46,9,16,14,11,5,20,11,28,SHORT wins by 17 points
2026-06-25T09:24:04.154015+00:00,SOL/USDT,SHORT,NO TRADE,27,71.1,14,46,9,16,14,11,0,15,11,27,SHORT wins by 16 points
2026-06-25T09:24:35.568137+00:00,BTC/USDT,SHORT,NO TRADE,28,71.8,14,46,9,16,14,11,5,20,11,28,SHORT wins by 17 points
2026-06-25T09:24:36.617206+00:00,ETH/USDT,SHORT,NO TRADE,28,71.8,14,46,9,16,14,11,5,20,11,28,SHORT wins by 17 points
2026-06-25T09:24:37.761922+00:00,SOL/USDT,SHORT,NO TRADE,27,71.1,14,46,9,16,14,11,0,15,11,27,SHORT wins by 16 points
2026-06-25T09:25:08.948077+00:00,BTC/USDT,SHORT,NO TRADE,28,71.8,14,46,9,16,14,11,5,20,11,28,SHORT wins by 17 points
2026-06-25T09:25:10.178885+00:00,ETH/USDT,SHORT,NO TRADE,28,71.8,14,46,9,16,14,11,5,20,11,28,SHORT wins by 17 points
2026-06-25T09:25:10.907704+00:00,SOL/USDT,SHORT,NO TRADE,27,71.1,14,46,9,16,14,11,0,15,11,27,SHORT wins by 16 points
2026-06-25T09:25:42.511981+00:00,BTC/USDT,SHORT,NO TRADE,28,71.8,14,46,9,16,14,11,5,20,11,28,SHORT wins by 17 points
2026-06-25T09:25:43.935106+00:00,ETH/USDT,SHORT,NO TRADE,28,71.8,14,46,9,16,14,11,5,20,11,28,SHORT wins by 17 points
2026-06-25T09:25:44.817647+00:00,SOL/USDT,SHORT,NO TRADE,27,71.1,14,46,9,16,14,11,0,15,11,27,SHORT wins by 16 points
2026-06-25T09:26:15.824719+00:00,BTC/USDT,SHORT,NO TRADE,28,71.8,14,46,9,16,14,11,5,20,11,28,SHORT wins by 17 points
2026-06-25T09:26:16.646064+00:00,ETH/USDT,SHORT,NO TRADE,28,71.8,14,46,9,16,14,11,5,20,11,28,SHORT wins by 17 points
2026-06-25T09:26:17.691490+00:00,SOL/USDT,SHORT,NO TRADE,27,71.1,14,46,9,16,14,11,0,15,11,27,SHORT wins by 16 points
2026-06-25T09:26:49.271013+00:00,BTC/USDT,SHORT,NO TRADE,28,71.8,14,46,9,16,14,11,5,20,11,28,SHORT wins by 17 points
2026-06-25T09:26:50.577445+00:00,ETH/USDT,SHORT,NO TRADE,28,71.8,14,46,9,16,14,11,5,20,11,28,SHORT wins by 17 points
2026-06-25T09:26:51.603866+00:00,SOL/USDT,SHORT,NO TRADE,27,71.1,14,46,9,16,14,11,0,15,11,27,SHORT wins by 16 points
2026-06-25T09:27:22.856327+00:00,BTC/USDT,SHORT,NO TRADE,28,71.8,14,46,9,16,14,11,5,20,11,28,SHORT wins by 17 points
2026-06-25T09:27:23.740792+00:00,ETH/USDT,SHORT,NO TRADE,28,71.8,14,46,9,16,14,11,5,20,11,28,SHORT wins by 17 points
2026-06-25T09:27:24.563801+00:00,SOL/USDT,SHORT,NO TRADE,27,71.1,14,46,9,16,14,11,0,15,11,27,SHORT wins by 16 points
2026-06-25T09:27:55.549312+00:00,BTC/USDT,SHORT,NO TRADE,28,71.8,14,46,9,16,14,11,5,20,11,28,SHORT wins by 17 points
2026-06-25T09:27:56.418300+00:00,ETH/USDT,SHORT,NO TRADE,28,71.8,14,46,9,16,14,11,5,20,11,28,SHORT wins by 17 points
2026-06-25T09:27:57.347064+00:00,SOL/USDT,SHORT,NO TRADE,27,71.1,14,46,9,16,14,11,0,15,11,27,SHORT wins by 16 points
2026-06-25T09:28:29.810574+00:00,BTC/USDT,SHORT,NO TRADE,28,71.8,14,46,9,16,14,11,5,20,11,28,SHORT wins by 17 points
2026-06-25T09:28:30.796510+00:00,ETH/USDT,SHORT,NO TRADE,28,71.8,14,46,9,16,14,11,5,20,11,28,SHORT wins by 17 points
2026-06-25T09:28:32.383332+00:00,SOL/USDT,SHORT,NO TRADE,27,71.1,14,46,9,16,14,11,0,15,11,27,SHORT wins by 16 points
2026-06-25T09:29:03.327983+00:00,BTC/USDT,SHORT,NO TRADE,28,71.8,14,46,9,16,14,11,5,20,11,28,SHORT wins by 17 points
2026-06-25T09:29:04.058657+00:00,ETH/USDT,SHORT,NO TRADE,28,71.8,14,46,9,16,14,11,5,20,11,28,SHORT wins by 17 points
2026-06-25T09:29:05.083258+00:00,SOL/USDT,SHORT,NO TRADE,27,71.1,14,46,9,16,14,11,0,15,11,27,SHORT wins by 16 points
2026-06-25T09:29:36.991921+00:00,BTC/USDT,SHORT,NO TRADE,28,71.8,14,46,9,16,14,11,5,20,11,28,SHORT wins by 17 points
2026-06-25T09:29:39.598767+00:00,ETH/USDT,SHORT,NO TRADE,28,71.8,14,46,9,16,14,11,5,20,11,28,SHORT wins by 17 points
2026-06-25T09:29:43.463601+00:00,SOL/USDT,SHORT,NO TRADE,27,71.1,14,46,9,16,14,11,0,15,11,27,SHORT wins by 16 points
2026-06-25T09:30:15.541286+00:00,BTC/USDT,SHORT,NO TRADE,28,71.8,14,46,9,16,14,11,5,20,11,28,SHORT wins by 17 points
2026-06-25T09:30:16.709566+00:00,ETH/USDT,SHORT,NO TRADE,28,71.8,14,46,9,16,14,11,5,20,11,28,SHORT wins by 17 points
2026-06-25T09:30:17.438084+00:00,SOL/USDT,SHORT,NO TRADE,27,71.1,14,46,9,16,14,11,0,15,11,27,SHORT wins by 16 points
2026-06-25T09:30:48.772427+00:00,BTC/USDT,SHORT,NO TRADE,28,71.8,14,46,9,16,14,11,5,20,11,28,SHORT wins by 17 points
2026-06-25T09:30:49.601211+00:00,ETH/USDT,SHORT,NO TRADE,28,71.8,14,46,9,16,14,11,5,20,11,28,SHORT wins by 17 points
2026-06-25T09:30:50.510182+00:00,SOL/USDT,SHORT,NO TRADE,27,71.1,14,46,9,16,14,11,0,15,11,27,SHORT wins by 16 points
2026-06-25T09:31:21.777045+00:00,BTC/USDT,SHORT,NO TRADE,28,71.8,14,46,9,16,14,11,5,20,11,28,SHORT wins by 17 points
2026-06-25T09:31:22.764266+00:00,ETH/USDT,SHORT,NO TRADE,28,71.8,14,46,9,16,14,11,5,20,11,28,SHORT wins by 17 points
2026-06-25T09:31:23.779754+00:00,SOL/USDT,SHORT,NO TRADE,27,71.1,14,46,9,16,14,11,0,15,11,27,SHORT wins by 16 points
2026-06-25T09:31:55.662167+00:00,BTC/USDT,SHORT,NO TRADE,28,71.8,14,46,9,16,14,11,5,20,11,28,SHORT wins by 17 points
2026-06-25T09:31:57.228585+00:00,ETH/USDT,SHORT,NO TRADE,28,71.8,14,46,9,16,14,11,5,20,11,28,SHORT wins by 17 points
2026-06-25T09:31:58.518610+00:00,SOL/USDT,SHORT,NO TRADE,27,71.1,14,46,9,16,14,11,0,15,11,27,SHORT wins by 16 points
2026-06-25T09:32:30.048417+00:00,BTC/USDT,SHORT,NO TRADE,28,71.8,14,46,9,16,14,11,5,20,11,28,SHORT wins by 17 points
2026-06-25T09:32:31.428166+00:00,ETH/USDT,SHORT,NO TRADE,28,71.8,14,46,9,16,14,11,5,20,11,28,SHORT wins by 17 points
2026-06-25T09:32:32.646960+00:00,SOL/USDT,SHORT,NO TRADE,27,71.1,14,46,9,16,14,11,0,15,11,27,SHORT wins by 16 points
2026-06-25T09:33:03.720096+00:00,BTC/USDT,SHORT,NO TRADE,28,71.8,14,46,9,16,14,11,5,20,11,28,SHORT wins by 17 points
2026-06-25T09:33:04.803775+00:00,ETH/USDT,SHORT,NO TRADE,28,71.8,14,46,9,16,14,11,5,20,11,28,SHORT wins by 17 points
2026-06-25T09:33:05.531762+00:00,SOL/USDT,SHORT,NO TRADE,27,71.1,14,46,9,16,14,11,0,15,11,27,SHORT wins by 16 points
2026-06-25T09:33:36.581587+00:00,BTC/USDT,SHORT,NO TRADE,28,71.8,14,46,9,16,14,11,5,20,11,28,SHORT wins by 17 points
2026-06-25T09:33:37.497301+00:00,ETH/USDT,SHORT,NO TRADE,28,71.8,14,46,9,16,14,11,5,20,11,28,SHORT wins by 17 points
2026-06-25T09:33:38.218471+00:00,SOL/USDT,SHORT,NO TRADE,27,71.1,14,46,9,16,14,11,0,15,11,27,SHORT wins by 16 points
2026-06-25T09:34:09.160016+00:00,BTC/USDT,SHORT,NO TRADE,28,71.8,14,46,9,16,14,11,5,20,11,28,SHORT wins by 17 points
2026-06-25T09:34:10.294032+00:00,ETH/USDT,SHORT,NO TRADE,28,71.8,14,46,9,16,14,11,5,20,11,28,SHORT wins by 17 points
2026-06-25T09:34:11.215926+00:00,SOL/USDT,SHORT,NO TRADE,27,71.1,14,46,9,16,14,11,0,15,11,27,SHORT wins by 16 points
2026-06-25T09:34:42.250445+00:00,BTC/USDT,SHORT,NO TRADE,28,71.8,14,46,9,16,14,11,5,20,11,28,SHORT wins by 17 points
2026-06-25T09:34:43.314099+00:00,ETH/USDT,SHORT,NO TRADE,28,71.8,14,46,9,16,14,11,5,20,11,28,SHORT wins by 17 points
2026-06-25T09:34:44.334878+00:00,SOL/USDT,SHORT,NO TRADE,27,71.1,14,46,9,16,14,11,0,15,11,27,SHORT wins by 16 points
2026-06-25T09:35:15.336459+00:00,BTC/USDT,SHORT,NO TRADE,28,71.8,14,46,9,16,14,11,5,20,11,28,SHORT wins by 17 points
2026-06-25T09:35:16.047384+00:00,ETH/USDT,SHORT,NO TRADE,28,71.8,14,46,9,16,14,11,5,20,11,28,SHORT wins by 17 points
2026-06-25T09:35:16.756175+00:00,SOL/USDT,SHORT,NO TRADE,27,71.1,14,46,9,16,14,11,0,15,11,27,SHORT wins by 16 points
2026-06-25T09:35:47.667000+00:00,BTC/USDT,SHORT,NO TRADE,28,71.8,14,46,9,16,14,11,5,20,11,28,SHORT wins by 17 points
2026-06-25T09:35:48.481349+00:00,ETH/USDT,SHORT,NO TRADE,28,71.8,14,46,9,16,14,11,5,20,11,28,SHORT wins by 17 points
2026-06-25T09:35:50.455824+00:00,SOL/USDT,SHORT,NO TRADE,27,71.1,14,46,9,16,14,11,0,15,11,27,SHORT wins by 16 points
2026-06-25T09:36:21.533610+00:00,BTC/USDT,SHORT,NO TRADE,28,71.8,14,46,9,16,14,11,5,20,11,28,SHORT wins by 17 points
2026-06-25T09:36:22.242760+00:00,ETH/USDT,SHORT,NO TRADE,28,71.8,14,46,9,16,14,11,5,20,11,28,SHORT wins by 17 points
2026-06-25T09:36:22.953750+00:00,SOL/USDT,SHORT,NO TRADE,27,71.1,14,46,9,16,14,11,0,15,11,27,SHORT wins by 16 points
2026-06-25T09:36:53.927223+00:00,BTC/USDT,SHORT,NO TRADE,28,71.8,14,46,9,16,14,11,5,20,11,28,SHORT wins by 17 points
2026-06-25T09:36:54.739037+00:00,ETH/USDT,SHORT,NO TRADE,28,71.8,14,46,9,16,14,11,5,20,11,28,SHORT wins by 17 points
2026-06-25T09:36:55.444276+00:00,SOL/USDT,SHORT,NO TRADE,27,71.1,14,46,9,16,14,11,0,15,11,27,SHORT wins by 16 points
2026-06-25T09:37:26.308714+00:00,BTC/USDT,SHORT,NO TRADE,28,71.8,14,46,9,16,14,11,5,20,11,28,SHORT wins by 17 points
2026-06-25T09:37:27.020453+00:00,ETH/USDT,SHORT,NO TRADE,28,71.8,14,46,9,16,14,11,5,20,11,28,SHORT wins by 17 points
2026-06-25T09:37:27.730356+00:00,SOL/USDT,SHORT,NO TRADE,27,71.1,14,46,9,16,14,11,0,15,11,27,SHORT wins by 16 points
2026-06-25T09:37:58.609457+00:00,BTC/USDT,SHORT,NO TRADE,28,71.8,14,46,9,16,14,11,5,20,11,28,SHORT wins by 17 points
2026-06-25T09:37:59.318992+00:00,ETH/USDT,SHORT,NO TRADE,28,71.8,14,46,9,16,14,11,5,20,11,28,SHORT wins by 17 points
2026-06-25T09:38:00.128381+00:00,SOL/USDT,SHORT,NO TRADE,27,71.1,14,46,9,16,14,11,0,15,11,27,SHORT wins by 16 points
2026-06-25T09:38:31.087738+00:00,BTC/USDT,SHORT,NO TRADE,28,71.8,14,46,9,16,14,11,5,20,11,28,SHORT wins by 17 points
2026-06-25T09:38:31.901176+00:00,ETH/USDT,SHORT,NO TRADE,28,71.8,14,46,9,16,14,11,5,20,11,28,SHORT wins by 17 points
2026-06-25T09:38:32.607402+00:00,SOL/USDT,SHORT,NO TRADE,27,71.1,14,46,9,16,14,11,0,15,11,27,SHORT wins by 16 points
2026-06-25T09:39:03.635089+00:00,BTC/USDT,SHORT,NO TRADE,28,71.8,14,46,9,16,14,11,5,20,11,28,SHORT wins by 17 points
2026-06-25T09:39:04.445805+00:00,ETH/USDT,SHORT,NO TRADE,28,71.8,14,46,9,16,14,11,5,20,11,28,SHORT wins by 17 points
2026-06-25T09:39:05.154101+00:00,SOL/USDT,SHORT,NO TRADE,27,71.1,14,46,9,16,14,11,0,15,11,27,SHORT wins by 16 points
2026-06-25T09:39:36.174991+00:00,BTC/USDT,SHORT,NO TRADE,28,71.8,14,46,9,16,14,11,5,20,11,28,SHORT wins by 17 points
2026-06-25T09:39:36.881822+00:00,ETH/USDT,SHORT,NO TRADE,28,71.8,14,46,9,16,14,11,5,20,11,28,SHORT wins by 17 points
2026-06-25T09:39:37.686679+00:00,SOL/USDT,SHORT,NO TRADE,27,71.1,14,46,9,16,14,11,0,15,11,27,SHORT wins by 16 points
2026-06-25T09:40:09.180466+00:00,BTC/USDT,SHORT,NO TRADE,28,71.8,14,46,9,16,14,11,5,20,11,28,SHORT wins by 17 points
2026-06-25T09:40:10.575985+00:00,ETH/USDT,SHORT,NO TRADE,28,71.8,14,46,9,16,14,11,5,20,11,28,SHORT wins by 17 points
2026-06-25T09:40:11.386356+00:00,SOL/USDT,SHORT,NO TRADE,27,71.1,14,46,9,16,14,11,0,15,11,27,SHORT wins by 16 points
2026-06-25T09:40:42.287140+00:00,BTC/USDT,SHORT,NO TRADE,28,71.8,14,46,9,16,14,11,5,20,11,28,SHORT wins by 17 points
2026-06-25T09:40:43.097023+00:00,ETH/USDT,SHORT,NO TRADE,28,71.8,14,46,9,16,14,11,5,20,11,28,SHORT wins by 17 points
2026-06-25T09:40:44.299055+00:00,SOL/USDT,SHORT,NO TRADE,27,71.1,14,46,9,16,14,11,0,15,11,27,SHORT wins by 16 points
2026-06-25T09:41:15.297559+00:00,BTC/USDT,SHORT,NO TRADE,28,71.8,14,46,9,16,14,11,5,20,11,28,SHORT wins by 17 points
2026-06-25T09:41:16.004264+00:00,ETH/USDT,SHORT,NO TRADE,28,71.8,14,46,9,16,14,11,5,20,11,28,SHORT wins by 17 points
2026-06-25T09:41:17.836925+00:00,SOL/USDT,SHORT,NO TRADE,27,71.1,14,46,9,16,14,11,0,15,11,27,SHORT wins by 16 points
2026-06-25T09:41:48.703467+00:00,BTC/USDT,SHORT,NO TRADE,28,71.8,14,46,9,16,14,11,5,20,11,28,SHORT wins by 17 points
2026-06-25T09:41:49.415468+00:00,ETH/USDT,SHORT,NO TRADE,28,71.8,14,46,9,16,14,11,5,20,11,28,SHORT wins by 17 points
2026-06-25T09:41:50.397154+00:00,SOL/USDT,SHORT,NO TRADE,27,71.1,14,46,9,16,14,11,0,15,11,27,SHORT wins by 16 points
2026-06-25T09:42:21.357647+00:00,BTC/USDT,SHORT,NO TRADE,28,71.8,14,46,9,16,14,11,5,20,11,28,SHORT wins by 17 points
2026-06-25T09:42:22.614161+00:00,ETH/USDT,SHORT,NO TRADE,28,71.8,14,46,9,16,14,11,5,20,11,28,SHORT wins by 17 points
2026-06-25T09:42:23.489871+00:00,SOL/USDT,SHORT,NO TRADE,27,71.1,14,46,9,16,14,11,0,15,11,27,SHORT wins by 16 points
2026-06-25T09:42:54.477298+00:00,BTC/USDT,SHORT,NO TRADE,28,71.8,14,46,9,16,14,11,5,20,11,28,SHORT wins by 17 points
2026-06-25T09:42:55.295372+00:00,ETH/USDT,SHORT,NO TRADE,28,71.8,14,46,9,16,14,11,5,20,11,28,SHORT wins by 17 points
2026-06-25T09:42:56.007557+00:00,SOL/USDT,SHORT,NO TRADE,27,71.1,14,46,9,16,14,11,0,15,11,27,SHORT wins by 16 points
2026-06-25T09:43:27.751149+00:00,BTC/USDT,SHORT,NO TRADE,28,71.8,14,46,9,16,14,11,5,20,11,28,SHORT wins by 17 points
2026-06-25T09:43:28.805685+00:00,ETH/USDT,SHORT,NO TRADE,28,71.8,14,46,9,16,14,11,5,20,11,28,SHORT wins by 17 points
2026-06-25T09:43:29.688199+00:00,SOL/USDT,SHORT,NO TRADE,27,71.1,14,46,9,16,14,11,0,15,11,27,SHORT wins by 16 points
2026-06-25T09:44:00.641539+00:00,BTC/USDT,SHORT,NO TRADE,28,71.8,14,46,9,16,14,11,5,20,11,28,SHORT wins by 17 points
2026-06-25T09:44:01.603161+00:00,ETH/USDT,SHORT,NO TRADE,28,71.8,14,46,9,16,14,11,5,20,11,28,SHORT wins by 17 points
2026-06-25T09:44:02.494521+00:00,SOL/USDT,SHORT,NO TRADE,27,71.1,14,46,9,16,14,11,0,15,11,27,SHORT wins by 16 points
2026-06-25T09:44:33.436928+00:00,BTC/USDT,SHORT,NO TRADE,28,71.8,14,46,9,16,14,11,5,20,11,28,SHORT wins by 17 points
2026-06-25T09:44:34.143783+00:00,ETH/USDT,SHORT,NO TRADE,28,71.8,14,46,9,16,14,11,5,20,11,28,SHORT wins by 17 points
2026-06-25T09:44:34.850980+00:00,SOL/USDT,SHORT,NO TRADE,27,71.1,14,46,9,16,14,11,0,15,11,27,SHORT wins by 16 points
2026-06-25T09:45:05.768828+00:00,BTC/USDT,SHORT,NO TRADE,28,71.8,14,46,9,16,14,11,5,20,11,28,SHORT wins by 17 points
2026-06-25T09:45:06.584311+00:00,ETH/USDT,SHORT,NO TRADE,28,71.8,14,46,9,16,14,11,5,20,11,28,SHORT wins by 17 points
2026-06-25T09:45:07.292517+00:00,SOL/USDT,SHORT,NO TRADE,27,71.1,14,46,9,16,14,11,0,15,11,27,SHORT wins by 16 points
2026-06-25T09:45:38.263061+00:00,BTC/USDT,SHORT,NO TRADE,28,71.8,14,46,9,16,14,11,5,20,11,28,SHORT wins by 17 points
2026-06-25T09:45:39.072676+00:00,ETH/USDT,SHORT,NO TRADE,28,71.8,14,46,9,16,14,11,5,20,11,28,SHORT wins by 17 points
2026-06-25T09:45:39.787738+00:00,SOL/USDT,SHORT,NO TRADE,27,71.1,14,46,9,16,14,11,0,15,11,27,SHORT wins by 16 points
2026-06-25T09:46:10.718782+00:00,BTC/USDT,SHORT,NO TRADE,28,71.8,14,46,9,16,14,11,5,20,11,28,SHORT wins by 17 points
2026-06-25T09:46:11.423311+00:00,ETH/USDT,SHORT,NO TRADE,28,71.8,14,46,9,16,14,11,5,20,11,28,SHORT wins by 17 points
2026-06-25T09:46:12.140780+00:00,SOL/USDT,SHORT,NO TRADE,27,71.1,14,46,9,16,14,11,0,15,11,27,SHORT wins by 16 points
2026-06-25T09:46:42.977914+00:00,BTC/USDT,SHORT,NO TRADE,28,71.8,14,46,9,16,14,11,5,20,11,28,SHORT wins by 17 points
2026-06-25T09:46:43.688430+00:00,ETH/USDT,SHORT,NO TRADE,28,71.8,14,46,9,16,14,11,5,20,11,28,SHORT wins by 17 points
2026-06-25T09:46:44.505201+00:00,SOL/USDT,SHORT,NO TRADE,27,71.1,14,46,9,16,14,11,0,15,11,27,SHORT wins by 16 points
2026-06-25T09:47:15.341755+00:00,BTC/USDT,SHORT,NO TRADE,28,71.8,14,46,9,16,14,11,5,20,11,28,SHORT wins by 17 points
2026-06-25T09:47:16.402958+00:00,ETH/USDT,SHORT,NO TRADE,28,71.8,14,46,9,16,14,11,5,20,11,28,SHORT wins by 17 points
2026-06-25T09:47:17.394077+00:00,SOL/USDT,SHORT,NO TRADE,27,71.1,14,46,9,16,14,11,0,15,11,27,SHORT wins by 16 points
2026-06-25T09:47:48.252359+00:00,BTC/USDT,SHORT,NO TRADE,28,71.8,14,46,9,16,14,11,5,20,11,28,SHORT wins by 17 points
2026-06-25T09:47:49.060670+00:00,ETH/USDT,SHORT,NO TRADE,28,71.8,14,46,9,16,14,11,5,20,11,28,SHORT wins by 17 points
2026-06-25T09:47:49.868750+00:00,SOL/USDT,SHORT,NO TRADE,27,71.1,14,46,9,16,14,11,0,15,11,27,SHORT wins by 16 points
2026-06-25T09:48:20.700836+00:00,BTC/USDT,SHORT,NO TRADE,28,71.8,14,46,9,16,14,11,5,20,11,28,SHORT wins by 17 points
2026-06-25T09:48:21.880230+00:00,ETH/USDT,SHORT,NO TRADE,28,71.8,14,46,9,16,14,11,5,20,11,28,SHORT wins by 17 points
2026-06-25T09:48:22.757750+00:00,SOL/USDT,SHORT,NO TRADE,27,71.1,14,46,9,16,14,11,0,15,11,27,SHORT wins by 16 points
2026-06-25T09:48:54.266468+00:00,BTC/USDT,SHORT,NO TRADE,28,71.8,14,46,9,16,14,11,5,20,11,28,SHORT wins by 17 points
2026-06-25T09:48:55.719293+00:00,ETH/USDT,SHORT,NO TRADE,28,71.8,14,46,9,16,14,11,5,20,11,28,SHORT wins by 17 points
2026-06-25T09:48:56.694061+00:00,SOL/USDT,SHORT,NO TRADE,27,71.1,14,46,9,16,14,11,0,15,11,27,SHORT wins by 16 points
2026-06-25T09:49:28.031354+00:00,BTC/USDT,SHORT,NO TRADE,28,71.8,14,46,9,16,14,11,5,20,11,28,SHORT wins by 17 points
2026-06-25T09:49:28.752815+00:00,ETH/USDT,SHORT,NO TRADE,28,71.8,14,46,9,16,14,11,5,20,11,28,SHORT wins by 17 points
2026-06-25T09:49:29.466054+00:00,SOL/USDT,SHORT,NO TRADE,27,71.1,14,46,9,16,14,11,0,15,11,27,SHORT wins by 16 points
2026-06-25T09:50:00.390852+00:00,BTC/USDT,SHORT,NO TRADE,28,71.8,14,46,9,16,14,11,5,20,11,28,SHORT wins by 17 points
2026-06-25T09:50:01.128296+00:00,ETH/USDT,SHORT,NO TRADE,28,71.8,14,46,9,16,14,11,5,20,11,28,SHORT wins by 17 points
2026-06-25T09:50:01.844917+00:00,SOL/USDT,SHORT,NO TRADE,27,71.1,14,46,9,16,14,11,0,15,11,27,SHORT wins by 16 points
2026-06-25T09:50:32.686957+00:00,BTC/USDT,SHORT,NO TRADE,28,71.8,14,46,9,16,14,11,5,20,11,28,SHORT wins by 17 points
2026-06-25T09:50:34.571598+00:00,ETH/USDT,SHORT,NO TRADE,28,71.8,14,46,9,16,14,11,5,20,11,28,SHORT wins by 17 points
2026-06-25T09:50:35.285249+00:00,SOL/USDT,SHORT,NO TRADE,27,71.1,14,46,9,16,14,11,0,15,11,27,SHORT wins by 16 points
2026-06-25T09:51:06.153417+00:00,BTC/USDT,SHORT,NO TRADE,28,71.8,14,46,9,16,14,11,5,20,11,28,SHORT wins by 17 points
2026-06-25T09:51:06.869350+00:00,ETH/USDT,SHORT,NO TRADE,28,71.8,14,46,9,16,14,11,5,20,11,28,SHORT wins by 17 points
2026-06-25T09:51:07.678230+00:00,SOL/USDT,SHORT,NO TRADE,27,71.1,14,46,9,16,14,11,0,15,11,27,SHORT wins by 16 points
2026-06-25T09:51:38.639575+00:00,BTC/USDT,SHORT,NO TRADE,28,71.8,14,46,9,16,14,11,5,20,11,28,SHORT wins by 17 points
2026-06-25T09:51:39.351751+00:00,ETH/USDT,SHORT,NO TRADE,28,71.8,14,46,9,16,14,11,5,20,11,28,SHORT wins by 17 points
2026-06-25T09:51:40.435668+00:00,SOL/USDT,SHORT,NO TRADE,27,71.1,14,46,9,16,14,11,0,15,11,27,SHORT wins by 16 points
2026-06-25T09:52:11.432559+00:00,BTC/USDT,SHORT,NO TRADE,28,71.8,14,46,9,16,14,11,5,20,11,28,SHORT wins by 17 points
2026-06-25T09:52:12.244728+00:00,ETH/USDT,SHORT,NO TRADE,28,71.8,14,46,9,16,14,11,5,20,11,28,SHORT wins by 17 points
2026-06-25T09:52:13.060261+00:00,SOL/USDT,SHORT,NO TRADE,27,71.1,14,46,9,16,14,11,0,15,11,27,SHORT wins by 16 points
2026-06-25T09:52:43.973110+00:00,BTC/USDT,SHORT,NO TRADE,28,71.8,14,46,9,16,14,11,5,20,11,28,SHORT wins by 17 points
2026-06-25T09:52:44.682447+00:00,ETH/USDT,SHORT,NO TRADE,28,71.8,14,46,9,16,14,11,5,20,11,28,SHORT wins by 17 points
2026-06-25T09:52:45.495472+00:00,SOL/USDT,SHORT,NO TRADE,27,71.1,14,46,9,16,14,11,0,15,11,27,SHORT wins by 16 points
2026-06-25T09:53:16.319420+00:00,BTC/USDT,SHORT,NO TRADE,28,71.8,14,46,9,16,14,11,5,20,11,28,SHORT wins by 17 points
2026-06-25T09:53:17.306084+00:00,ETH/USDT,SHORT,NO TRADE,28,71.8,14,46,9,16,14,11,5,20,11,28,SHORT wins by 17 points
2026-06-25T09:53:18.187270+00:00,SOL/USDT,SHORT,NO TRADE,27,71.1,14,46,9,16,14,11,0,15,11,27,SHORT wins by 16 points
2026-06-25T09:53:49.037964+00:00,BTC/USDT,SHORT,NO TRADE,28,71.8,14,46,9,16,14,11,5,20,11,28,SHORT wins by 17 points
2026-06-25T09:53:49.769282+00:00,ETH/USDT,SHORT,NO TRADE,28,71.8,14,46,9,16,14,11,5,20,11,28,SHORT wins by 17 points
2026-06-25T09:53:51.004200+00:00,SOL/USDT,SHORT,NO TRADE,27,71.1,14,46,9,16,14,11,0,15,11,27,SHORT wins by 16 points
2026-06-25T09:54:21.861644+00:00,BTC/USDT,SHORT,NO TRADE,28,71.8,14,46,9,16,14,11,5,20,11,28,SHORT wins by 17 points
2026-06-25T09:54:22.589465+00:00,ETH/USDT,SHORT,NO TRADE,28,71.8,14,46,9,16,14,11,5,20,11,28,SHORT wins by 17 points
2026-06-25T09:54:23.334908+00:00,SOL/USDT,SHORT,NO TRADE,27,71.1,14,46,9,16,14,11,0,15,11,27,SHORT wins by 16 points
2026-06-25T09:54:54.193393+00:00,BTC/USDT,SHORT,NO TRADE,28,71.8,14,46,9,16,14,11,5,20,11,28,SHORT wins by 17 points
2026-06-25T09:54:54.925989+00:00,ETH/USDT,SHORT,NO TRADE,28,71.8,14,46,9,16,14,11,5,20,11,28,SHORT wins by 17 points
2026-06-25T09:54:55.657852+00:00,SOL/USDT,SHORT,NO TRADE,27,71.1,14,46,9,16,14,11,0,15,11,27,SHORT wins by 16 points
2026-06-25T09:55:26.745089+00:00,BTC/USDT,SHORT,NO TRADE,28,71.8,14,46,9,16,14,11,5,20,11,28,SHORT wins by 17 points
2026-06-25T09:55:27.471143+00:00,ETH/USDT,SHORT,NO TRADE,28,71.8,14,46,9,16,14,11,5,20,11,28,SHORT wins by 17 points
2026-06-25T09:55:28.359053+00:00,SOL/USDT,SHORT,NO TRADE,27,71.1,14,46,9,16,14,11,0,15,11,27,SHORT wins by 16 points
2026-06-25T09:55:59.244331+00:00,BTC/USDT,SHORT,NO TRADE,28,71.8,14,46,9,16,14,11,5,20,11,28,SHORT wins by 17 points
2026-06-25T09:56:00.071872+00:00,ETH/USDT,SHORT,NO TRADE,28,71.8,14,46,9,16,14,11,5,20,11,28,SHORT wins by 17 points
2026-06-25T09:56:01.400272+00:00,SOL/USDT,SHORT,NO TRADE,27,71.1,14,46,9,16,14,11,0,15,11,27,SHORT wins by 16 points
2026-06-25T09:56:32.244978+00:00,BTC/USDT,SHORT,NO TRADE,28,71.8,14,46,9,16,14,11,5,20,11,28,SHORT wins by 17 points
2026-06-25T09:56:32.985187+00:00,ETH/USDT,SHORT,NO TRADE,28,71.8,14,46,9,16,14,11,5,20,11,28,SHORT wins by 17 points
2026-06-25T09:56:33.713080+00:00,SOL/USDT,SHORT,NO TRADE,27,71.1,14,46,9,16,14,11,0,15,11,27,SHORT wins by 16 points
2026-06-25T09:57:05.074932+00:00,BTC/USDT,SHORT,NO TRADE,28,71.8,14,46,9,16,14,11,5,20,11,28,SHORT wins by 17 points
2026-06-25T09:57:06.587044+00:00,ETH/USDT,SHORT,NO TRADE,28,71.8,14,46,9,16,14,11,5,20,11,28,SHORT wins by 17 points
2026-06-25T09:57:07.612832+00:00,SOL/USDT,SHORT,NO TRADE,27,71.1,14,46,9,16,14,11,0,15,11,27,SHORT wins by 16 points
2026-06-25T09:57:38.471757+00:00,BTC/USDT,SHORT,NO TRADE,28,71.8,14,46,9,16,14,11,5,20,11,28,SHORT wins by 17 points
2026-06-25T09:57:39.213356+00:00,ETH/USDT,SHORT,NO TRADE,28,71.8,14,46,9,16,14,11,5,20,11,28,SHORT wins by 17 points
2026-06-25T09:57:40.050173+00:00,SOL/USDT,SHORT,NO TRADE,27,71.1,14,46,9,16,14,11,0,15,11,27,SHORT wins by 16 points
2026-06-25T09:58:10.931691+00:00,BTC/USDT,SHORT,NO TRADE,28,71.8,14,46,9,16,14,11,5,20,11,28,SHORT wins by 17 points
2026-06-25T09:58:11.662053+00:00,ETH/USDT,SHORT,NO TRADE,28,71.8,14,46,9,16,14,11,5,20,11,28,SHORT wins by 17 points
2026-06-25T09:58:12.395300+00:00,SOL/USDT,SHORT,NO TRADE,27,71.1,14,46,9,16,14,11,0,15,11,27,SHORT wins by 16 points
2026-06-25T09:58:43.251970+00:00,BTC/USDT,SHORT,NO TRADE,28,71.8,14,46,9,16,14,11,5,20,11,28,SHORT wins by 17 points
2026-06-25T09:58:44.085727+00:00,ETH/USDT,SHORT,NO TRADE,28,71.8,14,46,9,16,14,11,5,20,11,28,SHORT wins by 17 points
2026-06-25T09:58:44.820625+00:00,SOL/USDT,SHORT,NO TRADE,27,71.1,14,46,9,16,14,11,0,15,11,27,SHORT wins by 16 points
2026-06-25T09:59:15.703615+00:00,BTC/USDT,SHORT,NO TRADE,28,71.8,14,46,9,16,14,11,5,20,11,28,SHORT wins by 17 points
2026-06-25T09:59:16.464847+00:00,ETH/USDT,SHORT,NO TRADE,28,71.8,14,46,9,16,14,11,5,20,11,28,SHORT wins by 17 points
2026-06-25T09:59:17.309260+00:00,SOL/USDT,SHORT,NO TRADE,27,71.1,14,46,9,16,14,11,0,15,11,27,SHORT wins by 16 points
2026-06-25T09:59:48.165673+00:00,BTC/USDT,SHORT,NO TRADE,28,71.8,14,46,9,16,14,11,5,20,11,28,SHORT wins by 17 points
2026-06-25T09:59:48.889295+00:00,ETH/USDT,SHORT,NO TRADE,28,71.8,14,46,9,16,14,11,5,20,11,28,SHORT wins by 17 points
2026-06-25T09:59:50.109112+00:00,SOL/USDT,SHORT,NO TRADE,27,71.1,14,46,9,16,14,11,0,15,11,27,SHORT wins by 16 points
2026-06-25T10:00:21.101037+00:00,BTC/USDT,SHORT,NO TRADE,28,71.8,14,46,9,16,14,11,5,20,11,28,SHORT wins by 17 points
2026-06-25T10:00:21.818831+00:00,ETH/USDT,SHORT,NO TRADE,28,71.8,14,46,9,16,14,11,5,20,11,28,SHORT wins by 17 points
2026-06-25T10:00:22.534386+00:00,SOL/USDT,SHORT,NO TRADE,27,71.1,14,46,9,16,14,11,0,15,11,27,SHORT wins by 16 points
2026-06-25T10:00:53.379223+00:00,BTC/USDT,SHORT,NO TRADE,28,71.8,14,46,9,16,14,11,5,20,11,28,SHORT wins by 17 points
2026-06-25T10:00:54.203791+00:00,ETH/USDT,SHORT,NO TRADE,28,71.8,14,46,9,16,14,11,5,20,11,28,SHORT wins by 17 points
2026-06-25T10:00:54.934581+00:00,SOL/USDT,SHORT,NO TRADE,27,71.1,14,46,9,16,14,11,0,15,11,27,SHORT wins by 16 points
2026-06-25T10:01:25.779193+00:00,BTC/USDT,SHORT,NO TRADE,28,71.8,14,46,9,16,14,11,5,20,11,28,SHORT wins by 17 points
2026-06-25T10:01:26.516832+00:00,ETH/USDT,SHORT,NO TRADE,28,71.8,14,46,9,16,14,11,5,20,11,28,SHORT wins by 17 points
2026-06-25T10:01:27.338946+00:00,SOL/USDT,SHORT,NO TRADE,27,71.1,14,46,9,16,14,11,0,15,11,27,SHORT wins by 16 points
2026-06-25T10:02:01.268998+00:00,BTC/USDT,SHORT,NO TRADE,28,71.8,14,46,9,16,14,11,5,20,11,28,SHORT wins by 17 points
2026-06-25T10:02:02.188115+00:00,ETH/USDT,SHORT,NO TRADE,28,71.8,14,46,9,16,14,11,5,20,11,28,SHORT wins by 17 points
2026-06-25T10:02:03.007702+00:00,SOL/USDT,SHORT,NO TRADE,27,71.1,14,46,9,16,14,11,0,15,11,27,SHORT wins by 16 points
2026-06-25T10:17:08.418230+00:00,BTC/USDT,SHORT,NO TRADE,28,71.8,14,46,9,16,14,11,5,20,11,28,SHORT wins by 17 points
2026-06-25T10:17:09.889952+00:00,ETH/USDT,SHORT,NO TRADE,28,71.8,14,46,9,16,14,11,5,20,11,28,SHORT wins by 17 points
2026-06-25T10:17:11.379111+00:00,SOL/USDT,SHORT,NO TRADE,27,71.1,14,46,9,16,14,11,0,15,11,27,SHORT wins by 16 points
2026-06-25T10:32:18.499303+00:00,BTC/USDT,SHORT,NO TRADE,28,71.8,14,46,9,16,14,11,5,20,11,28,SHORT wins by 17 points
2026-06-25T10:32:19.273162+00:00,ETH/USDT,SHORT,NO TRADE,28,71.8,14,46,9,16,14,11,5,20,11,28,SHORT wins by 17 points
2026-06-25T10:32:20.253865+00:00,SOL/USDT,SHORT,NO TRADE,26,70.3,14,46,12,12,14,11,0,15,11,26,SHORT wins by 15 points
2026-06-25T10:47:27.828147+00:00,BTC/USDT,SHORT,NO TRADE,26,66.7,14,46,12,12,17,8,5,20,13,26,SHORT wins by 13 points
2026-06-25T10:47:28.709950+00:00,ETH/USDT,SHORT,NO TRADE,27,69.2,14,46,12,12,14,11,5,20,12,27,SHORT wins by 15 points
2026-06-25T10:47:29.780173+00:00,SOL/USDT,SHORT,NO TRADE,26,70.3,14,46,12,12,14,11,0,15,11,26,SHORT wins by 15 points
2026-06-25T11:02:37.731771+00:00,BTC/USDT,SHORT,NO TRADE,26,66.7,14,46,12,12,17,8,5,20,13,26,SHORT wins by 13 points
2026-06-25T11:02:38.741084+00:00,ETH/USDT,SHORT,NO TRADE,27,69.2,14,46,12,12,14,11,5,20,12,27,SHORT wins by 15 points
2026-06-25T11:02:39.853468+00:00,SOL/USDT,SHORT,NO TRADE,26,70.3,14,46,12,12,14,11,0,15,11,26,SHORT wins by 15 points
2026-06-25T11:17:47.270242+00:00,BTC/USDT,SHORT,NO TRADE,26,66.7,14,46,12,12,17,8,5,20,13,26,SHORT wins by 13 points
2026-06-25T11:17:48.037002+00:00,ETH/USDT,SHORT,NO TRADE,27,69.2,14,46,12,12,14,11,5,20,12,27,SHORT wins by 15 points
2026-06-25T11:17:50.150724+00:00,SOL/USDT,SHORT,NO TRADE,26,70.3,14,46,12,12,14,11,0,15,11,26,SHORT wins by 15 points
2026-06-25T11:32:57.651467+00:00,BTC/USDT,SHORT,NO TRADE,26,66.7,14,46,12,12,17,8,5,20,13,26,SHORT wins by 13 points
2026-06-25T11:32:58.638966+00:00,ETH/USDT,SHORT,NO TRADE,27,69.2,14,46,12,12,14,11,5,20,12,27,SHORT wins by 15 points
2026-06-25T11:32:59.714853+00:00,SOL/USDT,SHORT,NO TRADE,26,70.3,14,46,12,12,14,11,0,15,11,26,SHORT wins by 15 points
2026-06-25T11:48:07.110866+00:00,BTC/USDT,SHORT,NO TRADE,26,66.7,14,46,12,12,17,8,5,20,13,26,SHORT wins by 13 points
2026-06-25T11:48:07.866968+00:00,ETH/USDT,SHORT,NO TRADE,27,69.2,14,46,12,12,14,11,5,20,12,27,SHORT wins by 15 points
2026-06-25T11:48:08.821450+00:00,SOL/USDT,SHORT,NO TRADE,26,70.3,14,46,12,12,14,11,0,15,11,26,SHORT wins by 15 points
2026-06-25T12:03:16.885688+00:00,BTC/USDT,SHORT,NO TRADE,26,66.7,14,46,12,12,17,8,5,20,13,26,SHORT wins by 13 points
2026-06-25T12:03:17.979462+00:00,ETH/USDT,SHORT,NO TRADE,27,69.2,14,46,12,12,14,11,5,20,12,27,SHORT wins by 15 points
2026-06-25T12:03:19.126219+00:00,SOL/USDT,SHORT,NO TRADE,26,70.3,14,46,12,12,14,11,0,15,11,26,SHORT wins by 15 points
2026-06-25T12:18:26.721163+00:00,BTC/USDT,SHORT,NO TRADE,26,66.7,14,46,12,12,17,8,5,20,13,26,SHORT wins by 13 points
2026-06-25T12:18:27.501052+00:00,ETH/USDT,SHORT,NO TRADE,26,66.7,14,46,12,12,17,8,5,20,13,26,SHORT wins by 13 points
2026-06-25T12:18:28.962076+00:00,SOL/USDT,SHORT,NO TRADE,26,70.3,14,46,12,12,14,11,0,15,11,26,SHORT wins by 15 points
2026-06-25T12:33:36.435574+00:00,BTC/USDT,SHORT,NO TRADE,26,66.7,14,46,12,12,17,8,5,20,13,26,SHORT wins by 13 points
2026-06-25T12:33:38.264257+00:00,ETH/USDT,SHORT,NO TRADE,27,69.2,14,46,12,12,14,11,5,20,12,27,SHORT wins by 15 points
2026-06-25T12:33:39.975519+00:00,SOL/USDT,SHORT,NO TRADE,26,70.3,14,46,12,12,14,11,0,15,11,26,SHORT wins by 15 points
2026-06-25T12:48:47.561205+00:00,BTC/USDT,SHORT,NO TRADE,26,66.7,14,46,12,12,17,8,5,20,13,26,SHORT wins by 13 points
2026-06-25T12:48:48.748695+00:00,ETH/USDT,SHORT,NO TRADE,28,71.8,14,46,9,16,14,11,5,20,11,28,SHORT wins by 17 points
2026-06-25T12:48:49.734595+00:00,SOL/USDT,SHORT,NO TRADE,26,70.3,14,46,12,12,14,11,0,15,11,26,SHORT wins by 15 points
2026-06-25T13:03:57.512630+00:00,BTC/USDT,SHORT,NO TRADE,26,66.7,14,46,12,12,17,8,5,20,13,26,SHORT wins by 13 points
2026-06-25T13:03:58.554817+00:00,ETH/USDT,SHORT,NO TRADE,27,69.2,14,46,12,12,14,11,5,20,12,27,SHORT wins by 15 points
2026-06-25T13:03:59.426417+00:00,SOL/USDT,SHORT,NO TRADE,26,70.3,14,46,12,12,14,11,0,15,11,26,SHORT wins by 15 points
2026-06-25T13:19:07.192397+00:00,BTC/USDT,SHORT,NO TRADE,26,66.7,14,46,12,12,17,8,5,20,13,26,SHORT wins by 13 points
2026-06-25T13:19:08.744935+00:00,ETH/USDT,SHORT,NO TRADE,27,69.2,14,46,12,12,14,11,5,20,12,27,SHORT wins by 15 points
2026-06-25T13:19:10.296104+00:00,SOL/USDT,SHORT,NO TRADE,26,70.3,14,46,12,12,14,11,0,15,11,26,SHORT wins by 15 points
2026-06-25T13:34:18.620379+00:00,BTC/USDT,SHORT,NO TRADE,26,66.7,14,46,12,12,17,8,5,20,13,26,SHORT wins by 13 points
2026-06-25T13:34:19.516972+00:00,ETH/USDT,SHORT,NO TRADE,25,67.6,14,46,12,12,17,8,0,15,12,25,SHORT wins by 13 points
2026-06-25T13:34:20.592964+00:00,SOL/USDT,SHORT,NO TRADE,25,65.8,14,46,12,12,14,11,8,8,13,25,SHORT wins by 12 points
2026-06-25T13:49:28.072829+00:00,BTC/USDT,WAIT,NO TRADE,22,56.4,10,50,25,0,18,7,20,5,17,22,No clear directional edge.
2026-06-25T13:49:29.377115+00:00,ETH/USDT,WAIT,NO TRADE,23,60.5,10,50,20,5,18,7,15,0,15,23,No clear directional edge.
2026-06-25T13:49:30.349014+00:00,SOL/USDT,SHORT,NO TRADE,24,63.2,10,50,20,5,13,12,15,0,14,24,SHORT wins by 10 points
2026-06-25T14:04:38.664509+00:00,BTC/USDT,WAIT,NO TRADE,22,59.5,10,50,21,3,18,7,15,0,15,22,No clear directional edge.
2026-06-25T14:04:40.301313+00:00,ETH/USDT,WAIT,NO TRADE,21,56.8,10,50,25,0,18,7,15,0,16,21,No clear directional edge.
2026-06-25T14:04:41.683949+00:00,SOL/USDT,WAIT,NO TRADE,23,62.2,10,50,20,5,15,10,15,0,14,23,No clear directional edge.
2026-06-25T14:19:49.440988+00:00,BTC/USDT,WAIT,NO TRADE,22,59.5,10,50,21,3,18,7,15,0,15,22,No clear directional edge.
2026-06-25T14:19:50.320817+00:00,ETH/USDT,WAIT,NO TRADE,22,59.5,10,50,21,3,18,7,15,0,15,22,No clear directional edge.
2026-06-25T14:19:51.394619+00:00,SOL/USDT,SHORT,NO TRADE,25,67.6,10,50,16,8,11,14,15,0,12,25,SHORT wins by 13 points
2026-06-25T14:34:58.033278+00:00,BTC/USDT,SHORT,NO TRADE,26,70.3,10,50,12,12,16,9,8,8,11,26,SHORT wins by 15 points
2026-06-25T14:34:59.048574+00:00,ETH/USDT,SHORT,NO TRADE,25,67.6,10,50,16,8,16,9,8,8,12,25,SHORT wins by 13 points
2026-06-25T14:34:59.914967+00:00,SOL/USDT,SHORT,NO TRADE,27,73.0,10,50,12,12,11,14,8,8,10,27,SHORT wins by 17 points
2026-06-25T14:50:07.586480+00:00,BTC/USDT,SHORT,NO TRADE,24,63.2,10,50,21,3,16,9,8,8,14,24,SHORT wins by 10 points
2026-06-25T14:50:09.072669+00:00,ETH/USDT,WAIT,NO TRADE,23,60.5,10,50,21,3,16,9,15,0,15,23,No clear directional edge.
2026-06-25T14:50:10.147853+00:00,SOL/USDT,SHORT,NO TRADE,27,73.0,10,50,12,12,11,14,8,8,10,27,SHORT wins by 17 points
2026-06-25T15:05:17.755454+00:00,BTC/USDT,WAIT,NO TRADE,23,60.5,10,50,21,3,16,9,15,0,15,23,No clear directional edge.
2026-06-25T15:05:18.552574+00:00,ETH/USDT,WAIT,NO TRADE,23,60.5,10,50,21,3,16,9,15,0,15,23,No clear directional edge.
2026-06-25T15:05:19.623689+00:00,SOL/USDT,SHORT,NO TRADE,27,73.0,10,50,12,12,11,14,8,8,10,27,SHORT wins by 17 points
2026-06-25T15:20:27.454803+00:00,BTC/USDT,WAIT,NO TRADE,23,60.5,10,50,21,3,16,9,15,0,15,23,No clear directional edge.
2026-06-25T15:20:28.347660+00:00,ETH/USDT,WAIT,NO TRADE,22,59.5,10,50,21,3,18,7,15,0,15,22,No clear directional edge.
2026-06-25T15:20:29.325060+00:00,SOL/USDT,SHORT,NO TRADE,25,67.6,10,50,16,8,11,14,15,0,12,25,SHORT wins by 13 points
2026-06-25T15:35:37.129103+00:00,BTC/USDT,WAIT,NO TRADE,23,60.5,10,50,21,3,16,9,15,0,15,23,No clear directional edge.
2026-06-25T15:35:38.623279+00:00,ETH/USDT,WAIT,NO TRADE,22,59.5,10,50,21,3,18,7,15,0,15,22,No clear directional edge.
2026-06-25T15:35:39.628245+00:00,SOL/USDT,SHORT,NO TRADE,25,67.6,10,50,16,8,11,14,15,0,12,25,SHORT wins by 13 points
2026-06-25T15:50:47.475924+00:00,BTC/USDT,WAIT,NO TRADE,23,60.5,10,50,21,3,16,9,15,0,15,23,No clear directional edge.
2026-06-25T15:50:48.407823+00:00,ETH/USDT,WAIT,NO TRADE,22,59.5,10,50,21,3,18,7,15,0,15,22,No clear directional edge.
2026-06-25T15:50:50.030208+00:00,SOL/USDT,SHORT,NO TRADE,25,67.6,10,50,16,8,11,14,15,0,12,25,SHORT wins by 13 points
2026-06-25T16:05:57.615136+00:00,BTC/USDT,SHORT,NO TRADE,24,63.2,10,50,21,3,16,9,8,8,14,24,SHORT wins by 10 points
2026-06-25T16:05:58.392990+00:00,ETH/USDT,WAIT,NO TRADE,23,60.5,10,50,21,3,16,9,15,0,15,23,No clear directional edge.
2026-06-25T16:05:59.404047+00:00,SOL/USDT,SHORT,NO TRADE,27,73.0,10,50,12,12,11,14,8,8,10,27,SHORT wins by 17 points
2026-06-25T16:21:06.911753+00:00,BTC/USDT,SHORT,NO TRADE,25,65.8,10,50,17,7,16,9,8,8,13,25,SHORT wins by 12 points
2026-06-25T16:21:07.793199+00:00,ETH/USDT,SHORT,NO TRADE,24,64.9,10,50,16,8,16,9,15,0,13,24,SHORT wins by 11 points
2026-06-25T16:21:09.323928+00:00,SOL/USDT,SHORT,NO TRADE,27,73.0,10,50,12,12,11,14,8,8,10,27,SHORT wins by 17 points
2026-06-25T16:36:16.835945+00:00,BTC/USDT,SHORT,NO TRADE,24,63.2,10,50,21,3,16,9,8,8,14,24,SHORT wins by 10 points
2026-06-25T16:36:17.647402+00:00,ETH/USDT,WAIT,NO TRADE,23,60.5,10,50,21,3,16,9,15,0,15,23,No clear directional edge.
2026-06-25T16:36:18.559600+00:00,SOL/USDT,SHORT,NO TRADE,27,73.0,10,50,12,12,11,14,8,8,10,27,SHORT wins by 17 points
2026-06-25T16:51:26.242254+00:00,BTC/USDT,WAIT,NO TRADE,23,60.5,10,50,21,3,16,9,15,0,15,23,No clear directional edge.
2026-06-25T16:51:27.193926+00:00,ETH/USDT,WAIT,NO TRADE,22,59.5,10,50,21,3,18,7,15,0,15,22,No clear directional edge.
2026-06-25T16:51:28.244904+00:00,SOL/USDT,SHORT,NO TRADE,25,67.6,10,50,16,8,11,14,15,0,12,25,SHORT wins by 13 points
2026-06-25T17:06:36.787609+00:00,BTC/USDT,WAIT,NO TRADE,23,60.5,10,50,21,3,16,9,15,0,15,23,No clear directional edge.
2026-06-25T17:06:38.580394+00:00,ETH/USDT,WAIT,NO TRADE,22,59.5,10,50,21,3,18,7,15,0,15,22,No clear directional edge.
2026-06-25T17:06:39.524652+00:00,SOL/USDT,SHORT,NO TRADE,25,67.6,10,50,16,8,11,14,15,0,12,25,SHORT wins by 13 points
2026-06-25T17:21:59.943015+00:00,BTC/USDT,SHORT,NO TRADE,24,63.2,10,50,21,3,16,9,8,8,14,24,SHORT wins by 10 points
2026-06-25T17:22:01.018073+00:00,ETH/USDT,WAIT,NO TRADE,23,60.5,10,50,21,3,16,9,15,0,15,23,No clear directional edge.
2026-06-25T17:22:02.061336+00:00,SOL/USDT,SHORT,NO TRADE,27,73.0,10,50,12,12,11,14,8,8,10,27,SHORT wins by 17 points
2026-06-25T17:57:02.788060+00:00,BTC/USDT,SHORT,NO TRADE,24,63.2,10,50,21,3,16,9,8,8,14,24,SHORT wins by 10 points
2026-06-25T17:57:03.843589+00:00,ETH/USDT,WAIT,NO TRADE,23,60.5,10,50,21,3,16,9,15,0,15,23,No clear directional edge.
2026-06-25T17:57:04.719465+00:00,SOL/USDT,SHORT,NO TRADE,27,73.0,10,50,12,12,11,14,8,8,10,27,SHORT wins by 17 points
2026-06-25T18:12:12.163008+00:00,BTC/USDT,SHORT,NO TRADE,24,63.2,10,50,21,3,16,9,8,8,14,24,SHORT wins by 10 points
2026-06-25T18:12:13.107930+00:00,ETH/USDT,WAIT,NO TRADE,23,60.5,10,50,21,3,16,9,15,0,15,23,No clear directional edge.
2026-06-25T18:12:14.506869+00:00,SOL/USDT,SHORT,NO TRADE,27,73.0,10,50,12,12,11,14,8,8,10,27,SHORT wins by 17 points
2026-06-25T18:27:22.111254+00:00,BTC/USDT,SHORT,NO TRADE,24,63.2,10,50,21,3,16,9,8,8,14,24,SHORT wins by 10 points
2026-06-25T18:27:22.998201+00:00,ETH/USDT,WAIT,NO TRADE,23,60.5,10,50,21,3,16,9,15,0,15,23,No clear directional edge.
2026-06-25T18:27:23.884131+00:00,SOL/USDT,SHORT,NO TRADE,27,73.0,10,50,12,12,11,14,8,8,10,27,SHORT wins by 17 points
2026-06-25T18:42:31.275270+00:00,BTC/USDT,WAIT,NO TRADE,23,60.5,10,50,21,3,16,9,15,0,15,23,No clear directional edge.
2026-06-25T18:42:32.526152+00:00,ETH/USDT,WAIT,NO TRADE,23,60.5,10,50,21,3,16,9,15,0,15,23,No clear directional edge.
2026-06-25T18:42:33.544781+00:00,SOL/USDT,SHORT,NO TRADE,26,70.3,10,50,16,8,11,14,8,8,11,26,SHORT wins by 15 points
2026-06-25T18:57:41.668215+00:00,BTC/USDT,SHORT,NO TRADE,24,63.2,10,50,21,3,16,9,8,8,14,24,SHORT wins by 10 points
2026-06-25T18:57:42.478312+00:00,ETH/USDT,WAIT,NO TRADE,23,60.5,10,50,21,3,16,9,15,0,15,23,No clear directional edge.
2026-06-25T18:57:43.856255+00:00,SOL/USDT,SHORT,NO TRADE,26,70.3,10,50,16,8,11,14,8,8,11,26,SHORT wins by 15 points
2026-06-25T19:12:50.319605+00:00,BTC/USDT,WAIT,NO TRADE,23,60.5,10,50,21,3,16,9,15,0,15,23,No clear directional edge.
2026-06-25T19:12:51.499198+00:00,ETH/USDT,WAIT,NO TRADE,23,60.5,10,50,21,3,16,9,15,0,15,23,No clear directional edge.
2026-06-25T19:12:53.004884+00:00,SOL/USDT,SHORT,NO TRADE,25,67.6,10,50,16,8,11,14,15,0,12,25,SHORT wins by 13 points
2026-06-25T19:18:20.851665+00:00,BTC/USDT,WAIT,NO TRADE,23,60.5,10,50,21,3,16,9,15,0,15,23,No clear directional edge.
2026-06-25T19:18:21.707943+00:00,ETH/USDT,WAIT,NO TRADE,23,60.5,10,50,21,3,16,9,15,0,15,23,No clear directional edge.
2026-06-25T19:18:22.441349+00:00,SOL/USDT,SHORT,NO TRADE,25,67.6,10,50,16,8,11,14,15,0,12,25,SHORT wins by 13 points
2026-06-25T19:19:35.044548+00:00,BTC/USDT,WAIT,NO TRADE,23,60.5,10,50,21,3,16,9,15,0,15,23,No clear directional edge.
2026-06-25T19:19:35.870299+00:00,ETH/USDT,WAIT,NO TRADE,23,60.5,10,50,21,3,16,9,15,0,15,23,No clear directional edge.
2026-06-25T19:19:36.825709+00:00,SOL/USDT,SHORT,NO TRADE,25,67.6,10,50,16,8,11,14,15,0,12,25,SHORT wins by 13 points
2026-06-25T19:23:53.143997+00:00,BTC/USDT,WAIT,NO TRADE,23,60.5,10,50,21,3,16,9,15,0,15,23,No clear directional edge.
2026-06-25T19:23:54.228023+00:00,ETH/USDT,WAIT,NO TRADE,22,57.9,10,50,25,0,16,9,15,0,16,22,No clear directional edge.
2026-06-25T19:23:55.268505+00:00,SOL/USDT,SHORT,NO TRADE,25,67.6,10,50,16,8,11,14,15,0,12,25,SHORT wins by 13 points
2026-06-25T19:31:24.797218+00:00,BTC/USDT,WAIT,NO TRADE,23,60.5,10,50,21,3,16,9,15,0,15,23,No clear directional edge.
2026-06-25T19:31:25.770736+00:00,ETH/USDT,WAIT,NO TRADE,23,60.5,10,50,21,3,16,9,15,0,15,23,No clear directional edge.
2026-06-25T19:31:26.902396+00:00,SOL/USDT,SHORT,SETUP,26,70.3,10,50,16,8,11,14,8,8,11,26,SHORT wins by 15 points
2026-06-25T20:07:47.297426+00:00,BTC/USDT,SHORT,WAIT,21,70.0,10,50,10,0,14,7,0,0,9,21,SHORT wins by 12 points
2026-06-25T20:07:48.060598+00:00,ETH/USDT,WAIT,NO TRADE,21,60.0,10,50,18,0,14,7,15,0,14,21,No clear directional edge.
2026-06-25T20:07:49.030577+00:00,SOL/USDT,SHORT,WAIT,21,80.8,10,50,0,0,5,7,0,0,5,21,SHORT wins by 16 points
2026-06-25T21:05:14.406761+00:00,BTC/USDT,SHORT,WAIT,21,70.0,10,50,10,0,14,7,0,0,9,21,SHORT wins by 12 points
2026-06-25T21:05:15.296411+00:00,ETH/USDT,WAIT,NO TRADE,21,60.0,10,50,18,0,14,7,15,0,14,21,No clear directional edge.
2026-06-25T21:05:16.269806+00:00,SOL/USDT,SHORT,WAIT,21,80.8,10,50,0,0,5,7,0,0,5,21,SHORT wins by 16 points
2026-06-25T21:06:19.599611+00:00,BTC/USDT,SHORT,WAIT,21,70.0,10,50,10,0,14,7,0,0,9,21,SHORT wins by 12 points
2026-06-25T21:06:20.597662+00:00,ETH/USDT,WAIT,NO TRADE,21,60.0,10,50,18,0,14,7,15,0,14,21,No clear directional edge.
2026-06-25T21:06:21.604269+00:00,SOL/USDT,SHORT,WAIT,21,80.8,10,50,0,0,5,7,0,0,5,21,SHORT wins by 16 points
2026-06-25T21:07:52.982124+00:00,BTC/USDT,SHORT,WAIT,21,70.0,10,50,10,0,14,7,0,0,9,21,SHORT wins by 12 points
2026-06-25T21:07:54.158657+00:00,ETH/USDT,WAIT,NO TRADE,21,60.0,10,50,18,0,14,7,15,0,14,21,No clear directional edge.
2026-06-25T21:07:55.336778+00:00,SOL/USDT,SHORT,WAIT,21,80.8,10,50,0,0,5,7,0,0,5,21,SHORT wins by 16 points
2026-06-25T21:12:58.519589+00:00,BTC/USDT,SHORT,WAIT,21,70.0,10,50,10,0,14,7,0,0,9,21,SHORT wins by 12 points
2026-06-25T21:13:00.755413+00:00,ETH/USDT,WAIT,NO TRADE,21,60.0,10,50,18,0,14,7,15,0,14,21,No clear directional edge.
2026-06-25T21:13:03.407247+00:00,SOL/USDT,SHORT,WAIT,21,80.8,10,50,0,0,5,7,0,0,5,21,SHORT wins by 16 points
2026-06-25T21:18:12.588444+00:00,BTC/USDT,SHORT,WAIT,21,70.0,10,50,10,0,14,7,0,0,9,21,SHORT wins by 12 points
2026-06-25T21:18:13.648085+00:00,ETH/USDT,WAIT,NO TRADE,21,60.0,10,50,18,0,14,7,15,0,14,21,No clear directional edge.
2026-06-25T21:18:14.987493+00:00,SOL/USDT,SHORT,WAIT,21,80.8,10,50,0,0,5,7,0,0,5,21,SHORT wins by 16 points
2026-06-25T21:23:19.265325+00:00,BTC/USDT,SHORT,WAIT,21,70.0,10,50,10,0,14,7,0,0,9,21,SHORT wins by 12 points
2026-06-25T21:23:20.172792+00:00,ETH/USDT,WAIT,NO TRADE,21,60.0,10,50,18,0,14,7,15,0,14,21,No clear directional edge.
2026-06-25T21:23:21.235491+00:00,SOL/USDT,SHORT,WAIT,21,80.8,10,50,0,0,5,7,0,0,5,21,SHORT wins by 16 points
2026-06-25T21:28:29.926800+00:00,BTC/USDT,SHORT,WAIT,21,70.0,10,50,10,0,14,7,0,0,9,21,SHORT wins by 12 points
2026-06-25T21:28:30.920731+00:00,ETH/USDT,WAIT,NO TRADE,21,60.0,10,50,18,0,14,7,15,0,14,21,No clear directional edge.
2026-06-25T21:28:32.829395+00:00,SOL/USDT,SHORT,WAIT,21,80.8,10,50,0,0,5,7,0,0,5,21,SHORT wins by 16 points
2026-06-25T21:33:35.288209+00:00,BTC/USDT,SHORT,WAIT,21,72.4,10,50,10,0,10,7,0,0,8,21,SHORT wins by 13 points
2026-06-25T21:33:36.190163+00:00,ETH/USDT,WAIT,NO TRADE,21,60.0,10,50,18,0,14,7,15,0,14,21,No clear directional edge.
2026-06-25T21:33:37.192739+00:00,SOL/USDT,SHORT,WAIT,21,80.8,10,50,0,0,5,7,0,0,5,21,SHORT wins by 16 points
2026-06-25T21:38:39.899814+00:00,BTC/USDT,SHORT,WAIT,21,72.4,10,50,10,0,10,7,0,0,8,21,SHORT wins by 13 points
2026-06-25T21:38:40.710471+00:00,ETH/USDT,SHORT,WAIT,21,67.7,10,50,8,0,10,7,15,0,10,21,SHORT wins by 11 points
2026-06-25T21:38:41.498602+00:00,SOL/USDT,SHORT,WAIT,21,80.8,10,50,0,0,5,7,0,0,5,21,SHORT wins by 16 points
2026-06-25T21:43:45.003040+00:00,BTC/USDT,SHORT,WAIT,21,72.4,10,50,10,0,10,7,0,0,8,21,SHORT wins by 13 points
2026-06-25T21:43:45.891156+00:00,ETH/USDT,SHORT,WAIT,21,67.7,10,50,8,0,10,7,15,0,10,21,SHORT wins by 11 points
2026-06-25T21:43:46.770405+00:00,SOL/USDT,SHORT,WAIT,21,80.8,10,50,0,0,5,7,0,0,5,21,SHORT wins by 16 points
2026-06-25T21:48:50.253169+00:00,BTC/USDT,SHORT,WAIT,21,72.4,10,50,10,0,10,7,0,0,8,21,SHORT wins by 13 points
2026-06-25T21:48:51.137774+00:00,ETH/USDT,WAIT,NO TRADE,21,61.8,10,50,18,0,10,7,15,0,13,21,No clear directional edge.
2026-06-25T21:48:54.818229+00:00,SOL/USDT,SHORT,WAIT,21,80.8,10,50,0,0,5,7,0,0,5,21,SHORT wins by 16 points
2026-06-25T21:53:57.246288+00:00,BTC/USDT,SHORT,WAIT,21,77.8,10,50,0,0,10,7,0,0,6,21,SHORT wins by 15 points
2026-06-25T21:53:58.245205+00:00,ETH/USDT,SHORT,WAIT,21,77.8,10,50,0,0,10,7,0,0,6,21,SHORT wins by 15 points
2026-06-25T21:53:59.030859+00:00,SOL/USDT,SHORT,WAIT,21,80.8,10,50,0,0,5,7,0,0,5,21,SHORT wins by 16 points
2026-06-25T21:59:01.539054+00:00,BTC/USDT,SHORT,WAIT,21,77.8,10,50,0,0,10,7,0,0,6,21,SHORT wins by 15 points
2026-06-25T21:59:02.657931+00:00,ETH/USDT,SHORT,WAIT,21,77.8,10,50,0,0,10,7,0,0,6,21,SHORT wins by 15 points
2026-06-25T21:59:03.533280+00:00,SOL/USDT,SHORT,WAIT,21,80.8,10,50,0,0,5,7,0,0,5,21,SHORT wins by 16 points
2026-06-25T22:04:06.648149+00:00,BTC/USDT,SHORT,NO TRADE,19,70.4,14,46,0,0,13,4,0,0,8,19,SHORT wins by 11 points
2026-06-25T22:04:07.908779+00:00,ETH/USDT,SHORT,WAIT,21,77.8,10,50,0,0,10,7,0,0,6,21,SHORT wins by 15 points
2026-06-25T22:04:08.920701+00:00,SOL/USDT,SHORT,NO TRADE,19,73.1,14,46,0,0,8,4,0,0,7,19,SHORT wins by 12 points
2026-06-25T22:09:11.652046+00:00,BTC/USDT,SHORT,NO TRADE,19,70.4,14,46,0,0,13,4,0,0,8,19,SHORT wins by 11 points
2026-06-25T22:09:12.453966+00:00,ETH/USDT,SHORT,WAIT,21,72.4,10,50,0,0,10,7,15,0,8,21,SHORT wins by 13 points
2026-06-25T22:09:13.347987+00:00,SOL/USDT,SHORT,NO TRADE,19,73.1,14,46,0,0,8,4,0,0,7,19,SHORT wins by 12 points
2026-06-25T22:14:16.489706+00:00,BTC/USDT,WAIT,NO TRADE,19,63.3,14,46,10,0,13,4,0,0,11,19,No clear directional edge.
2026-06-25T22:14:17.515651+00:00,ETH/USDT,WAIT,NO TRADE,21,60.0,10,50,18,0,14,7,15,0,14,21,No clear directional edge.
2026-06-25T22:14:18.344397+00:00,SOL/USDT,SHORT,NO TRADE,19,73.1,14,46,0,0,8,4,0,0,7,19,SHORT wins by 12 points
2026-06-25T22:19:21.702374+00:00,BTC/USDT,WAIT,NO TRADE,19,63.3,14,46,10,0,13,4,0,0,11,19,No clear directional edge.
2026-06-25T22:19:22.610164+00:00,ETH/USDT,WAIT,NO TRADE,21,60.0,10,50,18,0,14,7,15,0,14,21,No clear directional edge.
2026-06-25T22:19:23.593536+00:00,SOL/USDT,SHORT,NO TRADE,19,73.1,14,46,0,0,8,4,0,0,7,19,SHORT wins by 12 points
2026-06-25T22:24:27.098314+00:00,BTC/USDT,SHORT,WAIT,21,72.4,10,50,10,0,10,7,0,0,8,21,SHORT wins by 13 points
2026-06-25T22:24:27.980237+00:00,ETH/USDT,WAIT,NO TRADE,21,60.0,10,50,18,0,14,7,15,0,14,21,No clear directional edge.
2026-06-25T22:24:28.783236+00:00,SOL/USDT,SHORT,NO TRADE,19,73.1,14,46,0,0,8,4,0,0,7,19,SHORT wins by 12 points
2026-06-25T22:29:32.299683+00:00,BTC/USDT,SHORT,WAIT,21,72.4,10,50,10,0,10,7,0,0,8,21,SHORT wins by 13 points
2026-06-25T22:29:33.367375+00:00,ETH/USDT,WAIT,NO TRADE,21,60.0,10,50,18,0,14,7,15,0,14,21,No clear directional edge.
2026-06-25T22:29:34.248935+00:00,SOL/USDT,SHORT,NO TRADE,19,73.1,14,46,0,0,8,4,0,0,7,19,SHORT wins by 12 points
2026-06-25T22:34:37.802480+00:00,BTC/USDT,SHORT,WAIT,21,72.4,10,50,10,0,10,7,0,0,8,21,SHORT wins by 13 points
2026-06-25T22:34:38.703958+00:00,ETH/USDT,WAIT,NO TRADE,21,60.0,10,50,18,0,14,7,15,0,14,21,No clear directional edge.
2026-06-25T22:34:39.512380+00:00,SOL/USDT,SHORT,NO TRADE,19,73.1,14,46,0,0,8,4,0,0,7,19,SHORT wins by 12 points
2026-06-25T22:39:42.971713+00:00,BTC/USDT,SHORT,WAIT,21,72.4,10,50,10,0,10,7,0,0,8,21,SHORT wins by 13 points
2026-06-25T22:39:43.883404+00:00,ETH/USDT,WAIT,NO TRADE,21,60.0,10,50,18,0,14,7,15,0,14,21,No clear directional edge.
2026-06-25T22:39:44.690078+00:00,SOL/USDT,SHORT,NO TRADE,19,73.1,14,46,0,0,8,4,0,0,7,19,SHORT wins by 12 points
2026-06-25T22:44:48.267847+00:00,BTC/USDT,SHORT,WAIT,21,72.4,10,50,10,0,10,7,0,0,8,21,SHORT wins by 13 points
2026-06-25T22:44:49.183326+00:00,ETH/USDT,WAIT,NO TRADE,21,60.0,10,50,18,0,14,7,15,0,14,21,No clear directional edge.
2026-06-25T22:44:50.122816+00:00,SOL/USDT,SHORT,NO TRADE,19,73.1,14,46,0,0,8,4,0,0,7,19,SHORT wins by 12 points
2026-06-25T22:49:53.572404+00:00,BTC/USDT,SHORT,WAIT,21,72.4,10,50,10,0,10,7,0,0,8,21,SHORT wins by 13 points
2026-06-25T22:49:54.474112+00:00,ETH/USDT,WAIT,NO TRADE,21,60.0,10,50,18,0,14,7,15,0,14,21,No clear directional edge.
2026-06-25T22:49:55.398471+00:00,SOL/USDT,SHORT,NO TRADE,19,73.1,14,46,0,0,8,4,0,0,7,19,SHORT wins by 12 points
2026-06-25T22:54:58.803489+00:00,BTC/USDT,SHORT,WAIT,21,72.4,10,50,10,0,10,7,0,0,8,21,SHORT wins by 13 points
2026-06-25T22:54:59.897338+00:00,ETH/USDT,WAIT,NO TRADE,21,60.0,10,50,18,0,14,7,15,0,14,21,No clear directional edge.
2026-06-25T22:55:00.693387+00:00,SOL/USDT,SHORT,NO TRADE,19,73.1,14,46,0,0,8,4,0,0,7,19,SHORT wins by 12 points
2026-06-25T23:00:03.988653+00:00,BTC/USDT,WAIT,NO TRADE,19,63.3,14,46,10,0,13,4,0,0,11,19,No clear directional edge.
2026-06-25T23:00:04.885868+00:00,ETH/USDT,WAIT,NO TRADE,21,60.0,10,50,18,0,14,7,15,0,14,21,No clear directional edge.
2026-06-25T23:00:05.763381+00:00,SOL/USDT,SHORT,NO TRADE,19,73.1,14,46,0,0,8,4,0,0,7,19,SHORT wins by 12 points
2026-06-25T23:05:09.171444+00:00,BTC/USDT,WAIT,NO TRADE,19,63.3,14,46,10,0,13,4,0,0,11,19,No clear directional edge.
2026-06-25T23:05:10.053647+00:00,ETH/USDT,WAIT,NO TRADE,21,60.0,10,50,18,0,14,7,15,0,14,21,No clear directional edge.
2026-06-25T23:05:10.840823+00:00,SOL/USDT,SHORT,NO TRADE,19,73.1,14,46,0,0,8,4,0,0,7,19,SHORT wins by 12 points
2026-06-25T23:10:14.098577+00:00,BTC/USDT,WAIT,NO TRADE,19,63.3,14,46,10,0,13,4,0,0,11,19,No clear directional edge.
2026-06-25T23:10:14.973363+00:00,ETH/USDT,WAIT,NO TRADE,21,60.0,10,50,18,0,14,7,15,0,14,21,No clear directional edge.
2026-06-25T23:10:16.251091+00:00,SOL/USDT,SHORT,NO TRADE,19,73.1,14,46,0,0,8,4,0,0,7,19,SHORT wins by 12 points
2026-06-25T23:15:19.521809+00:00,BTC/USDT,SHORT,NO TRADE,19,70.4,14,46,0,0,13,4,0,0,8,19,SHORT wins by 11 points
2026-06-25T23:15:20.413655+00:00,ETH/USDT,WAIT,NO TRADE,21,60.0,10,50,18,0,14,7,15,0,14,21,No clear directional edge.
2026-06-25T23:15:21.424589+00:00,SOL/USDT,SHORT,NO TRADE,19,73.1,14,46,0,0,8,4,0,0,7,19,SHORT wins by 12 points
2026-06-25T23:20:24.931591+00:00,BTC/USDT,SHORT,NO TRADE,19,70.4,14,46,0,0,13,4,0,0,8,19,SHORT wins by 11 points
2026-06-25T23:20:25.757565+00:00,ETH/USDT,SHORT,WAIT,21,72.4,10,50,0,0,10,7,15,0,8,21,SHORT wins by 13 points
2026-06-25T23:20:26.676617+00:00,SOL/USDT,SHORT,NO TRADE,19,73.1,14,46,0,0,8,4,0,0,7,19,SHORT wins by 12 points
2026-06-25T23:25:30.146491+00:00,BTC/USDT,SHORT,NO TRADE,19,70.4,14,46,0,0,13,4,0,0,8,19,SHORT wins by 11 points
2026-06-25T23:25:31.023211+00:00,ETH/USDT,SHORT,WAIT,21,77.8,10,50,0,0,10,7,0,0,6,21,SHORT wins by 15 points
2026-06-25T23:25:32.006282+00:00,SOL/USDT,SHORT,WAIT,21,75.0,14,46,0,0,8,4,0,15,7,21,SHORT wins by 14 points
2026-06-25T23:30:35.539633+00:00,BTC/USDT,SHORT,NO TRADE,19,70.4,14,46,0,0,13,4,0,0,8,19,SHORT wins by 11 points
2026-06-25T23:30:36.620259+00:00,ETH/USDT,SHORT,WAIT,21,77.8,10,50,0,0,10,7,0,0,6,21,SHORT wins by 15 points
2026-06-25T23:30:37.400929+00:00,SOL/USDT,SHORT,WATCH,23,76.7,14,46,0,7,8,4,0,15,7,23,SHORT wins by 16 points
2026-06-25T23:35:40.893272+00:00,BTC/USDT,SHORT,NO TRADE,19,70.4,14,46,0,0,13,4,0,0,8,19,SHORT wins by 11 points
2026-06-25T23:35:41.778919+00:00,ETH/USDT,SHORT,WAIT,21,77.8,10,50,0,0,10,7,0,0,6,21,SHORT wins by 15 points
2026-06-25T23:35:42.590496+00:00,SOL/USDT,SHORT,WAIT,21,75.0,14,46,0,0,8,4,0,15,7,21,SHORT wins by 14 points
2026-06-25T23:40:46.061756+00:00,BTC/USDT,SHORT,NO TRADE,19,70.4,14,46,0,0,13,4,0,0,8,19,SHORT wins by 11 points
2026-06-25T23:40:46.957283+00:00,ETH/USDT,SHORT,WAIT,21,67.7,10,50,8,0,10,7,15,0,10,21,SHORT wins by 11 points
2026-06-25T23:40:47.836985+00:00,SOL/USDT,SHORT,WAIT,21,75.0,14,46,0,0,8,4,0,15,7,21,SHORT wins by 14 points
2026-06-25T23:45:51.158578+00:00,BTC/USDT,SHORT,NO TRADE,19,70.4,14,46,0,0,13,4,0,0,8,19,SHORT wins by 11 points
2026-06-25T23:45:52.071742+00:00,ETH/USDT,WAIT,NO TRADE,21,60.0,10,50,18,0,14,7,15,0,14,21,No clear directional edge.
2026-06-25T23:45:52.950624+00:00,SOL/USDT,SHORT,WAIT,21,75.0,14,46,0,0,8,4,0,15,7,21,SHORT wins by 14 points
2026-06-25T23:50:56.210145+00:00,BTC/USDT,WAIT,NO TRADE,19,63.3,14,46,10,0,13,4,0,0,11,19,No clear directional edge.
2026-06-25T23:50:57.111755+00:00,ETH/USDT,WAIT,NO TRADE,21,60.0,10,50,18,0,14,7,15,0,14,21,No clear directional edge.
2026-06-25T23:50:57.900634+00:00,SOL/USDT,SHORT,WAIT,21,75.0,14,46,0,0,8,4,0,15,7,21,SHORT wins by 14 points
2026-06-25T23:56:01.392922+00:00,BTC/USDT,WAIT,NO TRADE,19,63.3,14,46,10,0,13,4,0,0,11,19,No clear directional edge.
2026-06-25T23:56:02.316516+00:00,ETH/USDT,WAIT,NO TRADE,21,60.0,10,50,18,0,14,7,15,0,14,21,No clear directional edge.
2026-06-25T23:56:03.249892+00:00,SOL/USDT,SHORT,NO TRADE,19,73.1,14,46,0,0,8,4,0,0,7,19,SHORT wins by 12 points
2026-06-26T00:01:07.284310+00:00,BTC/USDT,SHORT,WATCH,24,80.0,4,56,10,0,8,9,0,0,6,24,SHORT wins by 18 points
2026-06-26T00:01:08.187391+00:00,ETH/USDT,SHORT,SETUP,26,74.3,0,60,18,0,9,12,15,0,9,26,SHORT wins by 17 points
2026-06-26T00:01:09.086890+00:00,SOL/USDT,SHORT,WAIT,21,75.0,14,46,0,0,8,4,0,15,7,21,SHORT wins by 14 points
2026-06-26T00:06:12.528247+00:00,BTC/USDT,SHORT,WATCH,24,80.0,4,56,10,0,8,9,0,0,6,24,SHORT wins by 18 points
2026-06-26T00:06:13.418438+00:00,ETH/USDT,SHORT,SETUP,26,74.3,0,60,18,0,9,12,15,0,9,26,SHORT wins by 17 points
2026-06-26T00:06:14.301060+00:00,SOL/USDT,SHORT,WAIT,21,75.0,14,46,0,0,8,4,0,15,7,21,SHORT wins by 14 points
2026-06-26T00:11:17.852224+00:00,BTC/USDT,SHORT,WATCH,24,80.0,4,56,10,0,8,9,0,0,6,24,SHORT wins by 18 points
2026-06-26T00:11:18.761922+00:00,ETH/USDT,WAIT,NO TRADE,21,60.0,10,50,18,0,14,7,15,0,14,21,No clear directional edge.
2026-06-26T00:11:19.556886+00:00,SOL/USDT,SHORT,WAIT,21,75.0,14,46,0,0,8,4,0,15,7,21,SHORT wins by 14 points
2026-06-26T00:16:23.122920+00:00,BTC/USDT,SHORT,WATCH,24,80.0,4,56,10,0,8,9,0,0,6,24,SHORT wins by 18 points
2026-06-26T00:16:23.993206+00:00,ETH/USDT,SHORT,SETUP,26,74.3,0,60,18,0,9,12,15,0,9,26,SHORT wins by 17 points
2026-06-26T00:16:24.755314+00:00,SOL/USDT,SHORT,WAIT,21,75.0,14,46,0,0,8,4,0,15,7,21,SHORT wins by 14 points
2026-06-26T00:21:28.086751+00:00,BTC/USDT,SHORT,WATCH,24,80.0,4,56,10,0,8,9,0,0,6,24,SHORT wins by 18 points
2026-06-26T00:21:28.980595+00:00,ETH/USDT,SHORT,SETUP,26,74.3,0,60,18,0,9,12,15,0,9,26,SHORT wins by 17 points
2026-06-26T00:21:29.877351+00:00,SOL/USDT,SHORT,WAIT,21,75.0,14,46,0,0,8,4,0,15,7,21,SHORT wins by 14 points
2026-06-26T00:26:33.284469+00:00,BTC/USDT,SHORT,WATCH,24,80.0,4,56,10,0,8,9,0,0,6,24,SHORT wins by 18 points
2026-06-26T00:26:34.263169+00:00,ETH/USDT,SHORT,SETUP,26,74.3,0,60,18,0,9,12,15,0,9,26,SHORT wins by 17 points
2026-06-26T00:26:35.372792+00:00,SOL/USDT,SHORT,WAIT,21,75.0,14,46,0,0,8,4,0,15,7,21,SHORT wins by 14 points
2026-06-26T00:31:38.792807+00:00,BTC/USDT,SHORT,WATCH,24,80.0,4,56,10,0,8,9,0,0,6,24,SHORT wins by 18 points
2026-06-26T00:31:39.688817+00:00,ETH/USDT,SHORT,SETUP,26,74.3,0,60,18,0,9,12,15,0,9,26,SHORT wins by 17 points
2026-06-26T00:31:40.652033+00:00,SOL/USDT,SHORT,WAIT,21,75.0,14,46,0,0,8,4,0,15,7,21,SHORT wins by 14 points
2026-06-26T00:36:43.967484+00:00,BTC/USDT,SHORT,WATCH,24,80.0,4,56,10,0,8,9,0,0,6,24,SHORT wins by 18 points
2026-06-26T00:36:44.934396+00:00,ETH/USDT,SHORT,SETUP,26,74.3,0,60,18,0,9,12,15,0,9,26,SHORT wins by 17 points
2026-06-26T00:36:45.808728+00:00,SOL/USDT,SHORT,WAIT,21,75.0,14,46,0,0,8,4,0,15,7,21,SHORT wins by 14 points
2026-06-26T00:41:49.314144+00:00,BTC/USDT,SHORT,WATCH,24,80.0,4,56,10,0,8,9,0,0,6,24,SHORT wins by 18 points
2026-06-26T00:41:50.110311+00:00,ETH/USDT,SHORT,SETUP,26,74.3,0,60,18,0,9,12,15,0,9,26,SHORT wins by 17 points
2026-06-26T00:41:50.923266+00:00,SOL/USDT,SHORT,WAIT,21,75.0,14,46,0,0,8,4,0,15,7,21,SHORT wins by 14 points
2026-06-26T00:46:54.355125+00:00,BTC/USDT,SHORT,WATCH,24,80.0,4,56,10,0,8,9,0,0,6,24,SHORT wins by 18 points
2026-06-26T00:46:55.246334+00:00,ETH/USDT,SHORT,SETUP,26,74.3,0,60,18,0,9,12,15,0,9,26,SHORT wins by 17 points
2026-06-26T00:46:56.038062+00:00,SOL/USDT,SHORT,WAIT,21,75.0,14,46,0,0,8,4,0,15,7,21,SHORT wins by 14 points
2026-06-26T00:52:00.033031+00:00,BTC/USDT,SHORT,WATCH,24,80.0,4,56,10,0,8,9,0,0,6,24,SHORT wins by 18 points
2026-06-26T00:52:01.877785+00:00,ETH/USDT,SHORT,SETUP,26,74.3,0,60,18,0,9,12,15,0,9,26,SHORT wins by 17 points
2026-06-26T00:52:03.414482+00:00,SOL/USDT,SHORT,WAIT,21,75.0,14,46,0,0,8,4,0,15,7,21,SHORT wins by 14 points
2026-06-26T00:57:06.840702+00:00,BTC/USDT,SHORT,WATCH,24,80.0,4,56,10,0,12,9,0,0,6,24,SHORT wins by 18 points
2026-06-26T00:57:07.628973+00:00,ETH/USDT,SHORT,SETUP,26,74.3,0,60,18,0,9,12,15,0,9,26,SHORT wins by 17 points
2026-06-26T00:57:08.536537+00:00,SOL/USDT,SHORT,WAIT,21,75.0,14,46,0,0,8,4,0,15,7,21,SHORT wins by 14 points
2026-06-26T01:02:12.012688+00:00,BTC/USDT,SHORT,WATCH,24,80.0,4,56,10,0,8,9,0,0,6,24,SHORT wins by 18 points
2026-06-26T01:02:12.905370+00:00,ETH/USDT,SHORT,SETUP,26,74.3,0,60,18,0,9,12,15,0,9,26,SHORT wins by 17 points
2026-06-26T01:02:13.875873+00:00,SOL/USDT,SHORT,WAIT,21,75.0,14,46,0,0,8,4,0,15,7,21,SHORT wins by 14 points
2026-06-26T01:07:17.277574+00:00,BTC/USDT,SHORT,WATCH,24,80.0,4,56,10,0,12,9,0,0,6,24,SHORT wins by 18 points
2026-06-26T01:07:18.175732+00:00,ETH/USDT,SHORT,SETUP,26,74.3,0,60,18,0,9,12,15,0,9,26,SHORT wins by 17 points
2026-06-26T01:07:19.085283+00:00,SOL/USDT,SHORT,NO TRADE,19,73.1,14,46,0,0,8,4,0,0,7,19,SHORT wins by 12 points
2026-06-26T01:12:22.442437+00:00,BTC/USDT,SHORT,WATCH,24,80.0,4,56,10,0,12,9,0,0,6,24,SHORT wins by 18 points
2026-06-26T01:12:23.342535+00:00,ETH/USDT,SHORT,SETUP,26,74.3,0,60,18,0,9,12,15,0,9,26,SHORT wins by 17 points
2026-06-26T01:12:24.196188+00:00,SOL/USDT,SHORT,WAIT,21,75.0,14,46,0,0,8,4,0,15,7,21,SHORT wins by 14 points
2026-06-26T01:17:27.503256+00:00,BTC/USDT,SHORT,WATCH,24,80.0,4,56,10,0,12,9,0,0,6,24,SHORT wins by 18 points
2026-06-26T01:17:28.391056+00:00,ETH/USDT,SHORT,SETUP,26,74.3,0,60,18,0,9,12,15,0,9,26,SHORT wins by 17 points
2026-06-26T01:17:29.170657+00:00,SOL/USDT,SHORT,WAIT,21,75.0,14,46,0,0,8,4,0,15,7,21,SHORT wins by 14 points
2026-06-26T01:22:33.447746+00:00,BTC/USDT,SHORT,WATCH,24,80.0,4,56,10,0,12,9,0,0,6,24,SHORT wins by 18 points
2026-06-26T01:22:34.229451+00:00,ETH/USDT,SHORT,SETUP,26,74.3,0,60,18,0,9,12,15,0,9,26,SHORT wins by 17 points
2026-06-26T01:22:35.105761+00:00,SOL/USDT,SHORT,NO TRADE,19,73.1,14,46,0,0,8,4,0,0,7,19,SHORT wins by 12 points
2026-06-26T01:27:38.505607+00:00,BTC/USDT,SHORT,WATCH,24,68.6,4,56,18,0,12,9,15,0,11,24,SHORT wins by 13 points
2026-06-26T01:27:39.500189+00:00,ETH/USDT,SHORT,SETUP,26,74.3,0,60,18,0,9,12,15,0,9,26,SHORT wins by 17 points
2026-06-26T01:27:40.397129+00:00,SOL/USDT,SHORT,NO TRADE,19,73.1,14,46,0,0,8,4,0,0,7,19,SHORT wins by 12 points
2026-06-26T01:32:43.864675+00:00,BTC/USDT,SHORT,WATCH,24,68.6,4,56,18,0,12,9,15,0,11,24,SHORT wins by 13 points
2026-06-26T01:32:44.747994+00:00,ETH/USDT,SHORT,SETUP,26,72.2,0,60,25,0,9,12,15,0,10,26,SHORT wins by 16 points
2026-06-26T01:32:45.623913+00:00,SOL/USDT,SHORT,NO TRADE,19,73.1,14,46,0,0,8,4,0,0,7,19,SHORT wins by 12 points
2026-06-26T01:37:48.906832+00:00,BTC/USDT,SHORT,WATCH,24,68.6,4,56,18,0,12,9,15,0,11,24,SHORT wins by 13 points
2026-06-26T01:37:50.207034+00:00,ETH/USDT,SHORT,SETUP,26,74.3,0,60,18,0,9,12,15,0,9,26,SHORT wins by 17 points
2026-06-26T01:37:51.186917+00:00,SOL/USDT,SHORT,NO TRADE,19,73.1,14,46,0,0,8,4,0,0,7,19,SHORT wins by 12 points
2026-06-26T01:42:54.564631+00:00,BTC/USDT,SHORT,WATCH,24,68.6,4,56,18,0,12,9,15,0,11,24,SHORT wins by 13 points
2026-06-26T01:42:55.352778+00:00,ETH/USDT,SHORT,SETUP,26,72.2,0,60,25,0,9,12,15,0,10,26,SHORT wins by 16 points
2026-06-26T01:42:56.137819+00:00,SOL/USDT,SHORT,NO TRADE,19,73.1,14,46,0,0,8,4,0,0,7,19,SHORT wins by 12 points
2026-06-26T01:47:59.683291+00:00,BTC/USDT,SHORT,WATCH,24,68.6,4,56,18,0,12,9,15,0,11,24,SHORT wins by 13 points
2026-06-26T01:48:00.574382+00:00,ETH/USDT,SHORT,SETUP,26,74.3,0,60,18,0,9,12,15,0,9,26,SHORT wins by 17 points
2026-06-26T01:48:01.356511+00:00,SOL/USDT,SHORT,NO TRADE,19,73.1,14,46,0,0,8,4,0,0,7,19,SHORT wins by 12 points
2026-06-26T01:53:04.830832+00:00,BTC/USDT,SHORT,WATCH,24,68.6,4,56,18,0,12,9,15,0,11,24,SHORT wins by 13 points
2026-06-26T01:53:05.724856+00:00,ETH/USDT,SHORT,SETUP,26,74.3,0,60,18,0,9,12,15,0,9,26,SHORT wins by 17 points
2026-06-26T01:53:06.616922+00:00,SOL/USDT,SHORT,NO TRADE,19,73.1,14,46,0,0,8,4,0,0,7,19,SHORT wins by 12 points
2026-06-26T01:58:10.097937+00:00,BTC/USDT,SHORT,WATCH,24,68.6,4,56,18,0,12,9,15,0,11,24,SHORT wins by 13 points
2026-06-26T01:58:11.000156+00:00,ETH/USDT,SHORT,SETUP,26,74.3,0,60,18,0,9,12,15,0,9,26,SHORT wins by 17 points
2026-06-26T01:58:11.772969+00:00,SOL/USDT,SHORT,NO TRADE,19,73.1,14,46,0,0,8,4,0,0,7,19,SHORT wins by 12 points
2026-06-26T02:03:15.386123+00:00,BTC/USDT,SHORT,WATCH,24,68.6,4,56,18,0,12,9,15,0,11,24,SHORT wins by 13 points
2026-06-26T02:03:16.142363+00:00,ETH/USDT,SHORT,SETUP,26,74.3,0,60,18,0,9,12,15,0,9,26,SHORT wins by 17 points
2026-06-26T02:03:17.077952+00:00,SOL/USDT,SHORT,NO TRADE,19,73.1,14,46,0,0,8,4,0,0,7,19,SHORT wins by 12 points
2026-06-26T02:08:20.537621+00:00,BTC/USDT,SHORT,WATCH,24,68.6,4,56,18,0,12,9,15,0,11,24,SHORT wins by 13 points
2026-06-26T02:08:21.434997+00:00,ETH/USDT,SHORT,SETUP,26,74.3,0,60,18,0,9,12,15,0,9,26,SHORT wins by 17 points
2026-06-26T02:08:22.320060+00:00,SOL/USDT,SHORT,NO TRADE,19,73.1,14,46,0,0,8,4,0,0,7,19,SHORT wins by 12 points
2026-06-26T02:13:25.802634+00:00,BTC/USDT,SHORT,SETUP,26,74.3,0,60,18,0,9,12,15,0,9,26,SHORT wins by 17 points
2026-06-26T02:13:26.612950+00:00,ETH/USDT,SHORT,SETUP,26,70.3,0,60,25,0,13,12,15,0,11,26,SHORT wins by 15 points
2026-06-26T02:13:27.410846+00:00,SOL/USDT,SHORT,NO TRADE,19,73.1,14,46,0,0,8,4,0,0,7,19,SHORT wins by 12 points
2026-06-26T02:18:30.820858+00:00,BTC/USDT,SHORT,SETUP,26,72.2,0,60,25,0,9,12,15,0,10,26,SHORT wins by 16 points
2026-06-26T02:18:31.618809+00:00,ETH/USDT,SHORT,SETUP,26,70.3,0,60,25,0,13,12,15,0,11,26,SHORT wins by 15 points
2026-06-26T02:18:33.000883+00:00,SOL/USDT,SHORT,NO TRADE,19,73.1,14,46,0,0,8,4,0,0,7,19,SHORT wins by 12 points
2026-06-26T02:23:36.195612+00:00,BTC/USDT,SHORT,SETUP,26,70.3,0,60,25,0,13,12,15,0,11,26,SHORT wins by 15 points
2026-06-26T02:23:37.178254+00:00,ETH/USDT,SHORT,SETUP,26,70.3,0,60,25,0,13,12,15,0,11,26,SHORT wins by 15 points
2026-06-26T02:23:37.962093+00:00,SOL/USDT,SHORT,NO TRADE,19,73.1,14,46,0,0,8,4,0,0,7,19,SHORT wins by 12 points
2026-06-26T02:28:41.479415+00:00,BTC/USDT,SHORT,SETUP,26,72.2,0,60,25,0,9,12,15,0,10,26,SHORT wins by 16 points
2026-06-26T02:28:42.355684+00:00,ETH/USDT,SHORT,SETUP,26,70.3,0,60,25,0,13,12,15,0,11,26,SHORT wins by 15 points
2026-06-26T02:28:43.309526+00:00,SOL/USDT,SHORT,NO TRADE,19,73.1,14,46,0,0,8,4,0,0,7,19,SHORT wins by 12 points
2026-06-26T02:33:46.705115+00:00,BTC/USDT,SHORT,SETUP,26,72.2,0,60,25,0,9,12,15,0,10,26,SHORT wins by 16 points
2026-06-26T02:33:47.703002+00:00,ETH/USDT,SHORT,SETUP,26,70.3,0,60,25,0,13,12,15,0,11,26,SHORT wins by 15 points
2026-06-26T02:33:48.596854+00:00,SOL/USDT,SHORT,NO TRADE,19,73.1,14,46,0,0,8,4,0,0,7,19,SHORT wins by 12 points
2026-06-26T02:38:52.263210+00:00,BTC/USDT,SHORT,SETUP,26,72.2,0,60,25,0,9,12,15,0,10,26,SHORT wins by 16 points
2026-06-26T02:38:53.591335+00:00,ETH/USDT,SHORT,SETUP,26,70.3,0,60,25,0,13,12,15,0,11,26,SHORT wins by 15 points
2026-06-26T02:38:54.376651+00:00,SOL/USDT,SHORT,NO TRADE,19,73.1,14,46,0,0,8,4,0,0,7,19,SHORT wins by 12 points
2026-06-26T02:43:57.866571+00:00,BTC/USDT,SHORT,SETUP,26,74.3,0,60,18,0,9,12,15,0,9,26,SHORT wins by 17 points
2026-06-26T02:43:58.752569+00:00,ETH/USDT,SHORT,SETUP,26,70.3,0,60,25,0,13,12,15,0,11,26,SHORT wins by 15 points
2026-06-26T02:43:59.723867+00:00,SOL/USDT,SHORT,NO TRADE,19,73.1,14,46,0,0,8,4,0,0,7,19,SHORT wins by 12 points
2026-06-26T02:49:03.167094+00:00,BTC/USDT,SHORT,SETUP,26,70.3,0,60,25,0,13,12,15,0,11,26,SHORT wins by 15 points
2026-06-26T02:49:04.186997+00:00,ETH/USDT,SHORT,SETUP,26,70.3,0,60,25,0,13,12,15,0,11,26,SHORT wins by 15 points
2026-06-26T02:49:05.085692+00:00,SOL/USDT,SHORT,NO TRADE,19,73.1,14,46,0,0,8,4,0,0,7,19,SHORT wins by 12 points
2026-06-26T02:54:08.655184+00:00,BTC/USDT,SHORT,SETUP,26,70.3,0,60,25,0,13,12,15,0,11,26,SHORT wins by 15 points
2026-06-26T02:54:09.783991+00:00,ETH/USDT,SHORT,SETUP,26,70.3,0,60,25,0,13,12,15,0,11,26,SHORT wins by 15 points
2026-06-26T02:54:10.577606+00:00,SOL/USDT,SHORT,NO TRADE,19,73.1,14,46,0,0,8,4,0,0,7,19,SHORT wins by 12 points
2026-06-26T02:59:13.976555+00:00,BTC/USDT,SHORT,SETUP,26,70.3,0,60,25,0,13,12,15,0,11,26,SHORT wins by 15 points
2026-06-26T02:59:14.859628+00:00,ETH/USDT,SHORT,SETUP,26,70.3,0,60,25,0,13,12,15,0,11,26,SHORT wins by 15 points
2026-06-26T02:59:15.634148+00:00,SOL/USDT,SHORT,NO TRADE,19,73.1,14,46,0,0,8,4,0,0,7,19,SHORT wins by 12 points
2026-06-26T03:04:19.496961+00:00,BTC/USDT,SHORT,SETUP,26,70.3,0,60,25,0,13,12,15,0,11,26,SHORT wins by 15 points
2026-06-26T03:04:20.403650+00:00,ETH/USDT,SHORT,SETUP,26,70.3,0,60,25,0,13,12,15,0,11,26,SHORT wins by 15 points
2026-06-26T03:04:21.378127+00:00,SOL/USDT,SHORT,NO TRADE,19,73.1,14,46,0,0,8,4,0,0,7,19,SHORT wins by 12 points
2026-06-26T03:09:24.688709+00:00,BTC/USDT,SHORT,SETUP,26,72.2,0,60,25,0,9,12,15,0,10,26,SHORT wins by 16 points
2026-06-26T03:09:25.581779+00:00,ETH/USDT,SHORT,SETUP,26,70.3,0,60,25,0,13,12,15,0,11,26,SHORT wins by 15 points
2026-06-26T03:09:26.542145+00:00,SOL/USDT,SHORT,NO TRADE,19,73.1,14,46,0,0,8,4,0,0,7,19,SHORT wins by 12 points
2026-06-26T03:14:29.940168+00:00,BTC/USDT,SHORT,SETUP,26,74.3,0,60,18,0,9,12,15,0,9,26,SHORT wins by 17 points
2026-06-26T03:14:30.944012+00:00,ETH/USDT,SHORT,SETUP,26,70.3,0,60,25,0,13,12,15,0,11,26,SHORT wins by 15 points
2026-06-26T03:14:31.829011+00:00,SOL/USDT,SHORT,NO TRADE,19,73.1,14,46,0,0,8,4,0,0,7,19,SHORT wins by 12 points
2026-06-26T03:19:35.210395+00:00,BTC/USDT,SHORT,SETUP,26,74.3,0,60,18,0,9,12,15,0,9,26,SHORT wins by 17 points
2026-06-26T03:19:36.102568+00:00,ETH/USDT,SHORT,SETUP,26,70.3,0,60,25,0,13,12,15,0,11,26,SHORT wins by 15 points
2026-06-26T03:19:36.869394+00:00,SOL/USDT,SHORT,NO TRADE,19,73.1,14,46,0,0,8,4,0,0,7,19,SHORT wins by 12 points
2026-06-26T03:24:40.307506+00:00,BTC/USDT,SHORT,SETUP,26,72.2,0,60,25,0,9,12,15,0,10,26,SHORT wins by 16 points
2026-06-26T03:24:41.198535+00:00,ETH/USDT,SHORT,SETUP,26,70.3,0,60,25,0,13,12,15,0,11,26,SHORT wins by 15 points
2026-06-26T03:24:41.973943+00:00,SOL/USDT,SHORT,NO TRADE,19,73.1,14,46,0,0,8,4,0,0,7,19,SHORT wins by 12 points
2026-06-26T03:29:45.552155+00:00,BTC/USDT,SHORT,SETUP,26,74.3,0,60,18,0,9,12,15,0,9,26,SHORT wins by 17 points
2026-06-26T03:29:46.453213+00:00,ETH/USDT,SHORT,SETUP,26,70.3,0,60,25,0,13,12,15,0,11,26,SHORT wins by 15 points
2026-06-26T03:29:47.324671+00:00,SOL/USDT,SHORT,NO TRADE,19,73.1,14,46,0,0,8,4,0,0,7,19,SHORT wins by 12 points
2026-06-26T03:34:50.688087+00:00,BTC/USDT,SHORT,SETUP,26,74.3,0,60,18,0,9,12,15,0,9,26,SHORT wins by 17 points
2026-06-26T03:34:51.552434+00:00,ETH/USDT,SHORT,SETUP,26,70.3,0,60,25,0,13,12,15,0,11,26,SHORT wins by 15 points
2026-06-26T03:34:52.315637+00:00,SOL/USDT,SHORT,NO TRADE,19,73.1,14,46,0,0,8,4,0,0,7,19,SHORT wins by 12 points
2026-06-26T03:39:55.725360+00:00,BTC/USDT,SHORT,SETUP,26,86.7,0,60,10,0,9,12,0,0,4,26,SHORT wins by 22 points
2026-06-26T03:39:56.626241+00:00,ETH/USDT,SHORT,SETUP,26,72.2,0,60,25,0,9,12,15,0,10,26,SHORT wins by 16 points
2026-06-26T03:39:57.388606+00:00,SOL/USDT,SHORT,NO TRADE,19,73.1,14,46,0,0,8,4,0,0,7,19,SHORT wins by 12 points
2026-06-26T03:45:00.792383+00:00,BTC/USDT,SHORT,SETUP,26,86.7,0,60,10,0,9,12,0,0,4,26,SHORT wins by 22 points
2026-06-26T03:45:01.695576+00:00,ETH/USDT,SHORT,SETUP,26,72.2,0,60,25,0,9,12,15,0,10,26,SHORT wins by 16 points
2026-06-26T03:45:02.491816+00:00,SOL/USDT,SHORT,NO TRADE,19,73.1,14,46,0,0,8,4,0,0,7,19,SHORT wins by 12 points
2026-06-26T03:50:05.873245+00:00,BTC/USDT,SHORT,WATCH,24,80.0,4,56,10,0,12,9,0,0,6,24,SHORT wins by 18 points
2026-06-26T03:50:06.772072+00:00,ETH/USDT,SHORT,SETUP,26,74.3,0,60,18,0,9,12,15,0,9,26,SHORT wins by 17 points
2026-06-26T03:50:07.799226+00:00,SOL/USDT,SHORT,WAIT,21,75.0,14,46,0,0,8,4,0,15,7,21,SHORT wins by 14 points
2026-06-26T03:55:11.236896+00:00,BTC/USDT,SHORT,WATCH,24,80.0,4,56,10,0,8,9,0,0,6,24,SHORT wins by 18 points
2026-06-26T03:55:12.146334+00:00,ETH/USDT,SHORT,SETUP,26,74.3,0,60,18,0,9,12,15,0,9,26,SHORT wins by 17 points
2026-06-26T03:55:12.943403+00:00,SOL/USDT,SHORT,WAIT,21,75.0,14,46,0,0,8,4,0,15,7,21,SHORT wins by 14 points
2026-06-26T04:00:15.998710+00:00,BTC/USDT,SHORT,WATCH,24,88.9,4,56,0,0,8,9,0,0,3,24,SHORT wins by 21 points
2026-06-26T04:00:17.132219+00:00,ETH/USDT,SHORT,SETUP,26,78.8,0,60,10,0,9,12,15,0,7,26,SHORT wins by 19 points
2026-06-26T04:00:18.038495+00:00,SOL/USDT,SHORT,WAIT,20,66.7,20,40,0,7,12,0,0,15,10,20,SHORT wins by 10 points
2026-06-26T04:05:21.591247+00:00,BTC/USDT,SHORT,WATCH,24,80.0,4,56,10,0,8,9,0,0,6,24,SHORT wins by 18 points
2026-06-26T04:05:22.520179+00:00,ETH/USDT,SHORT,SETUP,26,74.3,0,60,18,0,9,12,15,0,9,26,SHORT wins by 17 points
2026-06-26T04:05:23.390286+00:00,SOL/USDT,WAIT,NO TRADE,18,64.3,20,40,0,0,12,0,0,15,10,18,No clear directional edge.
2026-06-26T04:10:27.171676+00:00,BTC/USDT,SHORT,WATCH,24,88.9,4,56,0,0,8,9,0,0,3,24,SHORT wins by 21 points
2026-06-26T04:10:28.091312+00:00,ETH/USDT,SHORT,SETUP,26,74.3,0,60,18,0,9,12,15,0,9,26,SHORT wins by 17 points
2026-06-26T04:10:28.961314+00:00,SOL/USDT,WAIT,NO TRADE,18,64.3,20,40,0,0,12,0,0,15,10,18,No clear directional edge.
2026-06-26T04:15:32.461976+00:00,BTC/USDT,SHORT,WATCH,24,80.0,4,56,10,0,8,9,0,0,6,24,SHORT wins by 18 points
2026-06-26T04:15:33.238647+00:00,ETH/USDT,SHORT,SETUP,26,74.3,0,60,18,0,9,12,15,0,9,26,SHORT wins by 17 points
2026-06-26T04:15:34.251878+00:00,SOL/USDT,WAIT,NO TRADE,18,64.3,20,40,0,0,12,0,0,15,10,18,No clear directional edge.
2026-06-26T04:20:37.744265+00:00,BTC/USDT,SHORT,WATCH,24,88.9,4,56,0,0,8,9,0,0,3,24,SHORT wins by 21 points
2026-06-26T04:20:39.765973+00:00,ETH/USDT,SHORT,SETUP,26,74.3,0,60,18,0,9,12,15,0,9,26,SHORT wins by 17 points
2026-06-26T04:20:40.641573+00:00,SOL/USDT,WAIT,NO TRADE,18,64.3,20,40,0,0,12,0,0,15,10,18,No clear directional edge.
2026-06-26T04:25:44.362000+00:00,BTC/USDT,SHORT,WATCH,24,88.9,4,56,0,0,8,9,0,0,3,24,SHORT wins by 21 points
2026-06-26T04:25:45.267697+00:00,ETH/USDT,SHORT,SETUP,26,74.3,0,60,18,0,9,12,15,0,9,26,SHORT wins by 17 points
2026-06-26T04:25:46.159356+00:00,SOL/USDT,WAIT,NO TRADE,18,64.3,20,40,0,0,12,0,0,15,10,18,No clear directional edge.
2026-06-26T04:30:49.478744+00:00,BTC/USDT,SHORT,WATCH,24,88.9,4,56,0,0,8,9,0,0,3,24,SHORT wins by 21 points
2026-06-26T04:30:50.391711+00:00,ETH/USDT,SHORT,SETUP,26,74.3,0,60,18,0,9,12,15,0,9,26,SHORT wins by 17 points
2026-06-26T04:30:51.174739+00:00,SOL/USDT,WAIT,NO TRADE,18,64.3,20,40,0,0,12,0,0,15,10,18,No clear directional edge.
2026-06-26T04:35:54.374330+00:00,BTC/USDT,SHORT,WATCH,24,80.0,4,56,10,0,8,9,0,0,6,24,SHORT wins by 18 points
2026-06-26T04:35:55.270955+00:00,ETH/USDT,SHORT,SETUP,26,74.3,0,60,18,0,9,12,15,0,9,26,SHORT wins by 17 points
2026-06-26T04:35:56.077448+00:00,SOL/USDT,WAIT,NO TRADE,18,64.3,20,40,0,0,12,0,0,15,10,18,No clear directional edge.
2026-06-26T04:40:59.408361+00:00,BTC/USDT,SHORT,WATCH,24,88.9,4,56,0,0,8,9,0,0,3,24,SHORT wins by 21 points
2026-06-26T04:41:00.297593+00:00,ETH/USDT,SHORT,SETUP,26,74.3,0,60,18,0,9,12,15,0,9,26,SHORT wins by 17 points
2026-06-26T04:41:01.067749+00:00,SOL/USDT,WAIT,NO TRADE,18,64.3,20,40,0,0,12,0,0,15,10,18,No clear directional edge.
2026-06-26T04:46:04.250458+00:00,BTC/USDT,SHORT,WATCH,24,88.9,4,56,0,0,8,9,0,0,3,24,SHORT wins by 21 points
2026-06-26T04:46:05.045157+00:00,ETH/USDT,SHORT,SETUP,26,74.3,0,60,18,0,9,12,15,0,9,26,SHORT wins by 17 points
2026-06-26T04:46:05.932889+00:00,SOL/USDT,WAIT,NO TRADE,18,64.3,20,40,0,0,12,0,0,15,10,18,No clear directional edge.
2026-06-26T04:51:09.521736+00:00,BTC/USDT,SHORT,WATCH,24,80.0,4,56,10,0,8,9,0,0,6,24,SHORT wins by 18 points
2026-06-26T04:51:10.421469+00:00,ETH/USDT,SHORT,SETUP,26,74.3,0,60,18,0,9,12,15,0,9,26,SHORT wins by 17 points
2026-06-26T04:51:11.309539+00:00,SOL/USDT,WAIT,NO TRADE,18,64.3,20,40,0,0,12,0,0,15,10,18,No clear directional edge.
2026-06-26T04:56:14.626895+00:00,BTC/USDT,SHORT,WATCH,24,80.0,4,56,10,0,8,9,0,0,6,24,SHORT wins by 18 points
2026-06-26T04:56:15.506524+00:00,ETH/USDT,SHORT,SETUP,26,74.3,0,60,18,0,9,12,15,0,9,26,SHORT wins by 17 points
2026-06-26T04:56:16.390556+00:00,SOL/USDT,WAIT,NO TRADE,18,64.3,20,40,0,0,12,0,0,15,10,18,No clear directional edge.
2026-06-26T05:01:19.773664+00:00,BTC/USDT,SHORT,WATCH,24,80.0,4,56,10,0,8,9,0,0,6,24,SHORT wins by 18 points
2026-06-26T05:01:20.657085+00:00,ETH/USDT,SHORT,SETUP,26,74.3,0,60,18,0,9,12,15,0,9,26,SHORT wins by 17 points
2026-06-26T05:01:21.550818+00:00,SOL/USDT,SHORT,WAIT,20,66.7,20,40,0,7,12,0,0,15,10,20,SHORT wins by 10 points
2026-06-26T05:06:25.025030+00:00,BTC/USDT,SHORT,WATCH,24,80.0,4,56,10,0,8,9,0,0,6,24,SHORT wins by 18 points
2026-06-26T05:06:25.844833+00:00,ETH/USDT,SHORT,SETUP,26,74.3,0,60,18,0,9,12,15,0,9,26,SHORT wins by 17 points
2026-06-26T05:06:26.738464+00:00,SOL/USDT,SHORT,WAIT,20,66.7,20,40,0,7,12,0,0,15,10,20,SHORT wins by 10 points
2026-06-26T05:11:30.096518+00:00,BTC/USDT,SHORT,WATCH,24,80.0,4,56,10,0,8,9,0,0,6,24,SHORT wins by 18 points
2026-06-26T05:11:30.988145+00:00,ETH/USDT,SHORT,SETUP,26,74.3,0,60,18,0,9,12,15,0,9,26,SHORT wins by 17 points
2026-06-26T05:11:31.869714+00:00,SOL/USDT,SHORT,WAIT,20,66.7,20,40,0,7,12,0,0,15,10,20,SHORT wins by 10 points
2026-06-26T05:16:35.192552+00:00,BTC/USDT,SHORT,WATCH,24,88.9,4,56,0,0,8,9,0,0,3,24,SHORT wins by 21 points
2026-06-26T05:16:35.975337+00:00,ETH/USDT,SHORT,SETUP,26,74.3,0,60,18,0,9,12,15,0,9,26,SHORT wins by 17 points
2026-06-26T05:16:36.854479+00:00,SOL/USDT,SHORT,WAIT,20,66.7,20,40,0,7,12,0,0,15,10,20,SHORT wins by 10 points
2026-06-26T05:21:40.290984+00:00,BTC/USDT,SHORT,WATCH,24,80.0,4,56,10,0,8,9,0,0,6,24,SHORT wins by 18 points
2026-06-26T05:21:41.248012+00:00,ETH/USDT,SHORT,SETUP,26,74.3,0,60,18,0,9,12,15,0,9,26,SHORT wins by 17 points
2026-06-26T05:21:42.120850+00:00,SOL/USDT,SHORT,WAIT,20,66.7,20,40,0,7,12,0,0,15,10,20,SHORT wins by 10 points
2026-06-26T05:26:45.466354+00:00,BTC/USDT,SHORT,WATCH,24,80.0,4,56,10,0,8,9,0,0,6,24,SHORT wins by 18 points
2026-06-26T05:26:46.363363+00:00,ETH/USDT,SHORT,SETUP,26,74.3,0,60,18,0,9,12,15,0,9,26,SHORT wins by 17 points
2026-06-26T05:26:47.242524+00:00,SOL/USDT,SHORT,WAIT,20,66.7,20,40,0,7,12,0,0,15,10,20,SHORT wins by 10 points
2026-06-26T05:31:50.657317+00:00,BTC/USDT,SHORT,WATCH,24,88.9,4,56,0,0,8,9,0,0,3,24,SHORT wins by 21 points
2026-06-26T05:31:51.560114+00:00,ETH/USDT,SHORT,WATCH,24,68.6,4,56,18,0,12,9,15,0,11,24,SHORT wins by 13 points
2026-06-26T05:31:52.450953+00:00,SOL/USDT,SHORT,WAIT,20,66.7,20,40,0,7,12,0,0,15,10,20,SHORT wins by 10 points
2026-06-26T05:36:56.267486+00:00,BTC/USDT,SHORT,WATCH,24,88.9,4,56,0,0,8,9,0,0,3,24,SHORT wins by 21 points
2026-06-26T05:36:57.255393+00:00,ETH/USDT,SHORT,WATCH,24,72.7,4,56,10,0,12,9,15,0,9,24,SHORT wins by 15 points
2026-06-26T05:36:58.035474+00:00,SOL/USDT,SHORT,WAIT,20,66.7,20,40,0,7,12,0,0,15,10,20,SHORT wins by 10 points
2026-06-26T05:42:01.569434+00:00,BTC/USDT,SHORT,WATCH,24,80.0,4,56,10,0,8,9,0,0,6,24,SHORT wins by 18 points
2026-06-26T05:42:02.484604+00:00,ETH/USDT,SHORT,WATCH,24,68.6,4,56,18,0,12,9,15,0,11,24,SHORT wins by 13 points
2026-06-26T05:42:03.263855+00:00,SOL/USDT,SHORT,WAIT,20,66.7,20,40,0,7,12,0,0,15,10,20,SHORT wins by 10 points
2026-06-26T05:47:06.504345+00:00,BTC/USDT,SHORT,WATCH,24,80.0,4,56,10,0,8,9,0,0,6,24,SHORT wins by 18 points
2026-06-26T05:47:07.497921+00:00,ETH/USDT,SHORT,SETUP,26,74.3,0,60,18,0,9,12,15,0,9,26,SHORT wins by 17 points
2026-06-26T05:47:08.388950+00:00,SOL/USDT,SHORT,WAIT,20,66.7,20,40,0,7,12,0,0,15,10,20,SHORT wins by 10 points
2026-06-26T05:52:11.902231+00:00,BTC/USDT,SHORT,WATCH,24,80.0,4,56,10,0,8,9,0,0,6,24,SHORT wins by 18 points
2026-06-26T05:52:13.203153+00:00,ETH/USDT,SHORT,SETUP,26,74.3,0,60,18,0,9,12,15,0,9,26,SHORT wins by 17 points
2026-06-26T05:52:14.650536+00:00,SOL/USDT,SHORT,WAIT,20,66.7,20,40,0,7,12,0,0,15,10,20,SHORT wins by 10 points
2026-06-26T05:57:18.126076+00:00,BTC/USDT,SHORT,WATCH,24,88.9,4,56,0,0,8,9,0,0,3,24,SHORT wins by 21 points
2026-06-26T05:57:18.903806+00:00,ETH/USDT,SHORT,WATCH,24,68.6,4,56,18,0,12,9,15,0,11,24,SHORT wins by 13 points
2026-06-26T05:57:19.800850+00:00,SOL/USDT,SHORT,WAIT,20,66.7,20,40,0,7,12,0,0,15,10,20,SHORT wins by 10 points
2026-06-26T06:02:23.392432+00:00,BTC/USDT,SHORT,WATCH,24,80.0,4,56,10,0,8,9,0,0,6,24,SHORT wins by 18 points
2026-06-26T06:02:24.468769+00:00,ETH/USDT,SHORT,WATCH,24,68.6,4,56,18,0,12,9,15,0,11,24,SHORT wins by 13 points
2026-06-26T06:02:25.354774+00:00,SOL/USDT,SHORT,WAIT,20,66.7,20,40,0,7,12,0,0,15,10,20,SHORT wins by 10 points
2026-06-26T06:07:28.927201+00:00,BTC/USDT,SHORT,WATCH,24,80.0,4,56,10,0,8,9,0,0,6,24,SHORT wins by 18 points
2026-06-26T06:07:29.733012+00:00,ETH/USDT,SHORT,WATCH,24,68.6,4,56,18,0,12,9,15,0,11,24,SHORT wins by 13 points
2026-06-26T06:07:30.628427+00:00,SOL/USDT,SHORT,WAIT,20,66.7,20,40,0,7,12,0,0,15,10,20,SHORT wins by 10 points
2026-06-26T06:12:34.035674+00:00,BTC/USDT,SHORT,WATCH,24,80.0,4,56,10,0,8,9,0,0,6,24,SHORT wins by 18 points
2026-06-26T06:12:34.930845+00:00,ETH/USDT,SHORT,WATCH,24,68.6,4,56,18,0,12,9,15,0,11,24,SHORT wins by 13 points
2026-06-26T06:12:35.809181+00:00,SOL/USDT,SHORT,WAIT,20,66.7,20,40,0,7,12,0,0,15,10,20,SHORT wins by 10 points
2026-06-26T06:17:39.349694+00:00,BTC/USDT,SHORT,WATCH,24,80.0,4,56,10,0,8,9,0,0,6,24,SHORT wins by 18 points
2026-06-26T06:17:40.245662+00:00,ETH/USDT,SHORT,WATCH,24,68.6,4,56,18,0,12,9,15,0,11,24,SHORT wins by 13 points
2026-06-26T06:17:41.029670+00:00,SOL/USDT,SHORT,WAIT,20,66.7,20,40,0,7,12,0,0,15,10,20,SHORT wins by 10 points
2026-06-26T06:22:44.519150+00:00,BTC/USDT,SHORT,NO TRADE,19,70.4,14,46,0,0,13,4,0,0,8,19,SHORT wins by 11 points
2026-06-26T06:22:45.461507+00:00,ETH/USDT,SHORT,WATCH,24,72.7,4,56,10,0,12,9,15,0,9,24,SHORT wins by 15 points
2026-06-26T06:22:46.362300+00:00,SOL/USDT,SHORT,WAIT,20,66.7,20,40,0,7,12,0,0,15,10,20,SHORT wins by 10 points
2026-06-26T06:27:49.907667+00:00,BTC/USDT,SHORT,WATCH,24,88.9,4,56,0,0,8,9,0,0,3,24,SHORT wins by 21 points
2026-06-26T06:27:50.807475+00:00,ETH/USDT,SHORT,WATCH,24,72.7,4,56,10,0,12,9,15,0,9,24,SHORT wins by 15 points
2026-06-26T06:27:51.714768+00:00,SOL/USDT,SHORT,WAIT,20,66.7,20,40,0,7,12,0,0,15,10,20,SHORT wins by 10 points
2026-06-26T06:32:55.344572+00:00,BTC/USDT,SHORT,WATCH,24,88.9,4,56,0,0,8,9,0,0,3,24,SHORT wins by 21 points
2026-06-26T06:32:56.235298+00:00,ETH/USDT,SHORT,WATCH,24,72.7,4,56,10,0,12,9,15,0,9,24,SHORT wins by 15 points
2026-06-26T06:32:57.119549+00:00,SOL/USDT,SHORT,WAIT,20,66.7,20,40,0,7,12,0,0,15,10,20,SHORT wins by 10 points
2026-06-26T06:38:00.409226+00:00,BTC/USDT,SHORT,NO TRADE,19,70.4,14,46,0,0,13,4,0,0,8,19,SHORT wins by 11 points
2026-06-26T06:38:01.299873+00:00,ETH/USDT,SHORT,WATCH,24,80.0,4,56,10,0,12,9,0,0,6,24,SHORT wins by 18 points
2026-06-26T06:38:02.302564+00:00,SOL/USDT,SHORT,WAIT,20,66.7,20,40,0,7,12,0,0,15,10,20,SHORT wins by 10 points
2026-06-26T06:43:05.793615+00:00,BTC/USDT,SHORT,NO TRADE,19,70.4,14,46,0,0,13,4,0,0,8,19,SHORT wins by 11 points
2026-06-26T06:43:06.705247+00:00,ETH/USDT,SHORT,WATCH,24,80.0,4,56,10,0,12,9,0,0,6,24,SHORT wins by 18 points
2026-06-26T06:43:07.617361+00:00,SOL/USDT,SHORT,WAIT,20,66.7,20,40,0,7,12,0,0,15,10,20,SHORT wins by 10 points
2026-06-26T06:48:11.185914+00:00,BTC/USDT,SHORT,NO TRADE,19,70.4,14,46,0,0,13,4,0,0,8,19,SHORT wins by 11 points
2026-06-26T06:48:12.075262+00:00,ETH/USDT,SHORT,WATCH,24,80.0,4,56,10,0,8,9,0,0,6,24,SHORT wins by 18 points
2026-06-26T06:48:12.958432+00:00,SOL/USDT,SHORT,WAIT,20,66.7,20,40,0,7,12,0,0,15,10,20,SHORT wins by 10 points
2026-06-26T06:53:16.579147+00:00,BTC/USDT,SHORT,NO TRADE,19,70.4,14,46,0,0,13,4,0,0,8,19,SHORT wins by 11 points
2026-06-26T06:53:17.462182+00:00,ETH/USDT,SHORT,WATCH,24,80.0,4,56,10,0,8,9,0,0,6,24,SHORT wins by 18 points
2026-06-26T06:53:18.371027+00:00,SOL/USDT,SHORT,WAIT,20,66.7,20,40,0,7,12,0,0,15,10,20,SHORT wins by 10 points
2026-06-26T06:58:21.923631+00:00,BTC/USDT,SHORT,NO TRADE,19,70.4,14,46,0,0,13,4,0,0,8,19,SHORT wins by 11 points
2026-06-26T06:58:22.811180+00:00,ETH/USDT,SHORT,WATCH,24,80.0,4,56,10,0,8,9,0,0,6,24,SHORT wins by 18 points
2026-06-26T06:58:23.593561+00:00,SOL/USDT,SHORT,WAIT,20,66.7,20,40,0,7,12,0,0,15,10,20,SHORT wins by 10 points
2026-06-26T07:03:26.996900+00:00,BTC/USDT,SHORT,NO TRADE,19,70.4,14,46,0,0,13,4,0,0,8,19,SHORT wins by 11 points
2026-06-26T07:03:28.009468+00:00,ETH/USDT,WAIT,NO TRADE,19,63.3,14,46,10,0,13,4,0,0,11,19,No clear directional edge.
2026-06-26T07:03:29.313503+00:00,SOL/USDT,SHORT,WAIT,20,66.7,20,40,0,7,12,0,0,15,10,20,SHORT wins by 10 points
2026-06-26T07:46:32.730097+00:00,BTC/USDT,SHORT,WAIT,21,72.4,14,46,0,0,13,4,0,15,8,21,SHORT wins by 13 points
2026-06-26T07:46:33.466249+00:00,ETH/USDT,SHORT,NO TRADE,19,70.4,14,46,0,0,13,4,0,0,8,19,SHORT wins by 11 points
2026-06-26T07:46:34.470225+00:00,SOL/USDT,SHORT,WATCH,23,69.7,20,40,0,15,12,4,0,15,10,23,SHORT wins by 13 points
2026-06-26T08:01:41.597660+00:00,BTC/USDT,SHORT,WAIT,21,72.4,14,46,0,0,13,4,0,15,8,21,SHORT wins by 13 points
2026-06-26T08:01:42.461533+00:00,ETH/USDT,WAIT,NO TRADE,19,63.3,14,46,10,0,13,4,0,0,11,19,No clear directional edge.
2026-06-26T08:01:43.322249+00:00,SOL/USDT,SHORT,WAIT,22,68.8,20,40,0,15,12,0,0,15,10,22,SHORT wins by 12 points
2026-06-26T08:16:51.813852+00:00,BTC/USDT,SHORT,WAIT,21,72.4,14,46,0,0,13,4,0,15,8,21,SHORT wins by 13 points
2026-06-26T08:16:52.567668+00:00,ETH/USDT,WAIT,NO TRADE,19,63.3,14,46,10,0,13,4,0,0,11,19,No clear directional edge.
2026-06-26T08:16:53.539467+00:00,SOL/USDT,SHORT,WAIT,20,66.7,20,40,0,7,12,0,0,15,10,20,SHORT wins by 10 points
2026-06-26T08:32:55.790071+00:00,BTC/USDT,SHORT,WAIT,21,72.4,14,46,0,0,13,4,0,15,8,21,SHORT wins by 13 points
2026-06-26T08:32:57.839870+00:00,ETH/USDT,SHORT,WATCH,24,80.0,4,56,10,0,8,9,0,0,6,24,SHORT wins by 18 points
2026-06-26T08:49:20.827857+00:00,BTC/USDT,SHORT,NO TRADE,19,70.4,14,46,0,0,13,4,0,0,8,19,SHORT wins by 11 points
2026-06-26T08:49:21.830039+00:00,ETH/USDT,SHORT,WATCH,24,80.0,4,56,10,0,8,9,0,0,6,24,SHORT wins by 18 points
2026-06-26T08:49:22.902630+00:00,SOL/USDT,SHORT,WAIT,20,66.7,20,40,0,7,12,0,0,15,10,20,SHORT wins by 10 points
2026-06-26T09:04:28.522841+00:00,BTC/USDT,SHORT,WAIT,21,72.4,14,46,0,0,13,4,0,15,8,21,SHORT wins by 13 points
2026-06-26T09:04:29.398186+00:00,ETH/USDT,SHORT,WATCH,24,80.0,4,56,10,0,8,9,0,0,6,24,SHORT wins by 18 points
2026-06-26T09:04:30.249281+00:00,SOL/USDT,WAIT,NO TRADE,17,54.8,28,32,0,7,12,0,0,15,14,17,No clear directional edge.
2026-06-26T09:19:35.148326+00:00,BTC/USDT,SHORT,WAIT,21,72.4,14,46,0,0,13,4,0,15,8,21,SHORT wins by 13 points
2026-06-26T09:19:36.237879+00:00,ETH/USDT,SHORT,WATCH,24,80.0,4,56,10,0,8,9,0,0,6,24,SHORT wins by 18 points
2026-06-26T09:19:37.529430+00:00,SOL/USDT,WAIT,NO TRADE,17,54.8,28,32,0,7,12,0,0,15,14,17,No clear directional edge.
2026-06-26T09:34:41.985215+00:00,BTC/USDT,SHORT,WAIT,21,72.4,14,46,0,0,13,4,0,15,8,21,SHORT wins by 13 points
2026-06-26T09:34:43.047217+00:00,ETH/USDT,SHORT,WATCH,24,80.0,4,56,10,0,8,9,0,0,6,24,SHORT wins by 18 points
2026-06-26T09:34:43.918255+00:00,SOL/USDT,WAIT,NO TRADE,17,54.8,28,32,0,7,12,0,0,15,14,17,No clear directional edge.
2026-06-26T09:49:49.028513+00:00,BTC/USDT,SHORT,WATCH,24,80.0,4,56,10,0,8,9,0,0,6,24,SHORT wins by 18 points
2026-06-26T09:49:50.265146+00:00,ETH/USDT,SHORT,WATCH,24,80.0,4,56,10,0,12,9,0,0,6,24,SHORT wins by 18 points
2026-06-26T09:49:51.308596+00:00,SOL/USDT,WAIT,NO TRADE,18,64.3,20,40,0,0,12,0,0,15,10,18,No clear directional edge.
2026-06-26T10:04:57.245303+00:00,BTC/USDT,SHORT,WATCH,24,80.0,4,56,10,0,8,9,0,0,6,24,SHORT wins by 18 points
2026-06-26T10:04:58.015599+00:00,ETH/USDT,SHORT,WATCH,24,75.0,4,56,18,0,12,9,0,0,8,24,SHORT wins by 16 points
2026-06-26T10:04:58.968892+00:00,SOL/USDT,WAIT,NO TRADE,15,51.7,28,32,0,0,12,0,0,15,14,15,No clear directional edge.
2026-06-26T10:20:06.444702+00:00,BTC/USDT,SHORT,WATCH,24,80.0,4,56,10,0,8,9,0,0,6,24,SHORT wins by 18 points
2026-06-26T10:20:07.419060+00:00,ETH/USDT,SHORT,WATCH,24,75.0,4,56,18,0,12,9,0,0,8,24,SHORT wins by 16 points
2026-06-26T10:20:08.182096+00:00,SOL/USDT,WAIT,NO TRADE,15,51.7,28,32,0,0,12,0,0,15,14,15,No clear directional edge.
2026-06-26T10:48:11.924606+00:00,BTC/USDT,SHORT,WATCH,24,80.0,4,56,10,0,8,9,0,0,6,24,SHORT wins by 18 points
2026-06-26T10:48:13.389771+00:00,ETH/USDT,SHORT,WATCH,24,75.0,4,56,18,0,12,9,0,0,8,24,SHORT wins by 16 points
2026-06-26T10:48:14.716823+00:00,SOL/USDT,WAIT,NO TRADE,16,61.5,20,40,0,0,12,0,0,0,10,16,No clear directional edge.
2026-06-26T10:49:58.610140+00:00,BTC/USDT,SHORT,WATCH,24,80.0,4,56,10,0,8,9,0,0,6,24,SHORT wins by 18 points
2026-06-26T10:49:59.447680+00:00,ETH/USDT,SHORT,WATCH,24,75.0,4,56,18,0,12,9,0,0,8,24,SHORT wins by 16 points
2026-06-26T10:50:00.286843+00:00,SOL/USDT,WAIT,NO TRADE,14,51.9,28,32,0,0,12,0,0,0,14,13,No clear directional edge.
2026-06-26T10:55:02.969583+00:00,BTC/USDT,SHORT,WATCH,24,80.0,4,56,10,0,8,9,0,0,6,24,SHORT wins by 18 points
2026-06-26T10:55:03.745427+00:00,ETH/USDT,SHORT,WATCH,24,75.0,4,56,18,0,12,9,0,0,8,24,SHORT wins by 16 points
2026-06-26T10:55:04.722951+00:00,SOL/USDT,WAIT,NO TRADE,16,61.5,20,40,0,0,12,0,0,0,10,16,No clear directional edge.
2026-06-26T11:00:08.108977+00:00,BTC/USDT,SHORT,WATCH,24,75.0,4,56,18,0,8,9,0,0,8,24,SHORT wins by 16 points
2026-06-26T11:00:08.980564+00:00,ETH/USDT,SHORT,WATCH,24,75.0,4,56,18,0,12,9,0,0,8,24,SHORT wins by 16 points
2026-06-26T11:00:10.337708+00:00,SOL/USDT,WAIT,NO TRADE,14,51.9,28,32,0,0,12,0,0,0,14,13,No clear directional edge.
2026-06-26T11:05:14.970086+00:00,BTC/USDT,SHORT,WATCH,24,80.0,4,56,10,0,8,9,0,0,6,24,SHORT wins by 18 points
2026-06-26T11:05:16.527218+00:00,ETH/USDT,SHORT,WATCH,24,75.0,4,56,18,0,12,9,0,0,8,24,SHORT wins by 16 points
2026-06-26T11:05:18.088494+00:00,SOL/USDT,WAIT,NO TRADE,14,51.9,28,32,0,0,12,0,0,0,14,13,No clear directional edge.
2026-06-26T11:10:21.557740+00:00,BTC/USDT,SHORT,WATCH,24,80.0,4,56,10,0,8,9,0,0,6,24,SHORT wins by 18 points
2026-06-26T11:10:22.554741+00:00,ETH/USDT,SHORT,WATCH,24,75.0,4,56,18,0,12,9,0,0,8,24,SHORT wins by 16 points
2026-06-26T11:10:23.542873+00:00,SOL/USDT,WAIT,NO TRADE,14,51.9,28,32,0,0,12,0,0,0,14,13,No clear directional edge.
2026-06-26T11:15:27.154625+00:00,BTC/USDT,SHORT,WATCH,24,80.0,4,56,10,0,8,9,0,0,6,24,SHORT wins by 18 points
2026-06-26T11:15:28.104563+00:00,ETH/USDT,SHORT,WATCH,24,75.0,4,56,18,0,12,9,0,0,8,24,SHORT wins by 16 points
2026-06-26T11:15:29.094757+00:00,SOL/USDT,WAIT,NO TRADE,14,51.9,28,32,0,0,12,0,0,0,14,13,No clear directional edge.
2026-06-26T11:20:31.891909+00:00,BTC/USDT,SHORT,WATCH,24,80.0,4,56,10,0,8,9,0,0,6,24,SHORT wins by 18 points
2026-06-26T11:20:33.129182+00:00,ETH/USDT,SHORT,WATCH,24,75.0,4,56,18,0,12,9,0,0,8,24,SHORT wins by 16 points
2026-06-26T11:20:34.107409+00:00,SOL/USDT,WAIT,NO TRADE,14,51.9,28,32,0,0,12,0,0,0,14,13,No clear directional edge.
2026-06-26T11:25:37.543025+00:00,BTC/USDT,SHORT,WATCH,24,80.0,4,56,10,0,8,9,0,0,6,24,SHORT wins by 18 points
2026-06-26T11:25:38.466221+00:00,ETH/USDT,SHORT,WATCH,24,75.0,4,56,18,0,12,9,0,0,8,24,SHORT wins by 16 points
2026-06-26T11:25:39.290471+00:00,SOL/USDT,WAIT,NO TRADE,14,51.9,28,32,0,0,12,0,0,0,14,13,No clear directional edge.
2026-06-26T11:30:42.771206+00:00,BTC/USDT,SHORT,WATCH,24,80.0,4,56,10,0,8,9,0,0,6,24,SHORT wins by 18 points
2026-06-26T11:30:43.654617+00:00,ETH/USDT,SHORT,WATCH,24,75.0,4,56,18,0,12,9,0,0,8,24,SHORT wins by 16 points
2026-06-26T11:30:44.630028+00:00,SOL/USDT,WAIT,NO TRADE,14,51.9,28,32,0,0,12,0,0,0,14,13,No clear directional edge.
2026-06-26T11:35:48.080236+00:00,BTC/USDT,SHORT,WATCH,24,80.0,4,56,10,0,8,9,0,0,6,24,SHORT wins by 18 points
2026-06-26T11:35:48.969886+00:00,ETH/USDT,SHORT,WATCH,24,75.0,4,56,18,0,12,9,0,0,8,24,SHORT wins by 16 points
2026-06-26T11:35:49.952022+00:00,SOL/USDT,WAIT,NO TRADE,14,51.9,28,32,0,0,12,0,0,0,14,13,No clear directional edge.
2026-06-26T11:40:53.357604+00:00,BTC/USDT,SHORT,WATCH,24,80.0,4,56,10,0,8,9,0,0,6,24,SHORT wins by 18 points
2026-06-26T11:40:54.248602+00:00,ETH/USDT,SHORT,WATCH,24,75.0,4,56,18,0,12,9,0,0,8,24,SHORT wins by 16 points
2026-06-26T11:40:55.227043+00:00,SOL/USDT,WAIT,NO TRADE,14,51.9,28,32,0,0,12,0,0,0,14,13,No clear directional edge.
2026-06-26T11:45:59.107767+00:00,BTC/USDT,SHORT,WATCH,24,80.0,4,56,10,0,8,9,0,0,6,24,SHORT wins by 18 points
2026-06-26T11:46:00.034907+00:00,ETH/USDT,SHORT,WATCH,24,75.0,4,56,18,0,12,9,0,0,8,24,SHORT wins by 16 points
2026-06-26T11:46:02.135637+00:00,SOL/USDT,WAIT,NO TRADE,14,51.9,28,32,0,0,12,0,0,0,14,13,No clear directional edge.
2026-06-26T11:51:05.841602+00:00,BTC/USDT,SHORT,WATCH,24,80.0,4,56,10,0,8,9,0,0,6,24,SHORT wins by 18 points
2026-06-26T11:51:06.839180+00:00,ETH/USDT,SHORT,WATCH,24,75.0,4,56,18,0,12,9,0,0,8,24,SHORT wins by 16 points
2026-06-26T11:51:08.079669+00:00,SOL/USDT,WAIT,NO TRADE,14,51.9,28,32,0,0,12,0,0,0,14,13,No clear directional edge.
2026-06-26T11:56:11.623096+00:00,BTC/USDT,SHORT,WATCH,24,80.0,4,56,10,0,8,9,0,0,6,24,SHORT wins by 18 points
2026-06-26T11:56:12.833770+00:00,ETH/USDT,SHORT,WATCH,24,75.0,4,56,18,0,12,9,0,0,8,24,SHORT wins by 16 points
2026-06-26T11:56:13.740995+00:00,SOL/USDT,WAIT,NO TRADE,14,51.9,28,32,0,0,12,0,0,0,14,13,No clear directional edge.
2026-06-26T12:01:17.861741+00:00,BTC/USDT,SHORT,WATCH,24,80.0,4,56,10,0,8,9,0,0,6,24,SHORT wins by 18 points
2026-06-26T12:01:19.003208+00:00,ETH/USDT,SHORT,WATCH,24,75.0,4,56,18,0,12,9,0,0,8,24,SHORT wins by 16 points
2026-06-26T12:01:19.982391+00:00,SOL/USDT,WAIT,NO TRADE,14,51.9,28,32,0,0,12,0,0,0,14,13,No clear directional edge.
2026-06-26T12:06:24.045099+00:00,BTC/USDT,SHORT,WATCH,24,80.0,4,56,10,0,8,9,0,0,6,24,SHORT wins by 18 points
2026-06-26T12:06:25.309051+00:00,ETH/USDT,SHORT,WATCH,24,75.0,4,56,18,0,12,9,0,0,8,24,SHORT wins by 16 points
2026-06-26T12:06:26.904050+00:00,SOL/USDT,WAIT,NO TRADE,14,51.9,28,32,0,0,12,0,0,0,14,13,No clear directional edge.
2026-06-26T12:11:30.407266+00:00,BTC/USDT,SHORT,WATCH,24,80.0,4,56,10,0,8,9,0,0,6,24,SHORT wins by 18 points
2026-06-26T12:11:31.449606+00:00,ETH/USDT,SHORT,WATCH,24,75.0,4,56,18,0,12,9,0,0,8,24,SHORT wins by 16 points
2026-06-26T12:11:32.430504+00:00,SOL/USDT,WAIT,NO TRADE,14,51.9,28,32,0,0,12,0,0,0,14,13,No clear directional edge.
2026-06-26T12:16:35.772395+00:00,BTC/USDT,SHORT,WATCH,24,80.0,4,56,10,0,8,9,0,0,6,24,SHORT wins by 18 points
2026-06-26T12:16:36.631254+00:00,ETH/USDT,SHORT,WATCH,24,80.0,4,56,10,0,12,9,0,0,6,24,SHORT wins by 18 points
2026-06-26T12:16:37.507987+00:00,SOL/USDT,WAIT,NO TRADE,14,51.9,28,32,0,0,12,0,0,0,14,13,No clear directional edge.
2026-06-26T12:21:40.989112+00:00,BTC/USDT,SHORT,WATCH,24,80.0,4,56,10,0,8,9,0,0,6,24,SHORT wins by 18 points
2026-06-26T12:21:41.980545+00:00,ETH/USDT,SHORT,WATCH,24,75.0,4,56,18,0,12,9,0,0,8,24,SHORT wins by 16 points
2026-06-26T12:21:42.970341+00:00,SOL/USDT,WAIT,NO TRADE,14,51.9,28,32,0,0,12,0,0,0,14,13,No clear directional edge.
2026-06-26T12:26:46.275311+00:00,BTC/USDT,SHORT,WATCH,24,80.0,4,56,10,0,8,9,0,0,6,24,SHORT wins by 18 points
2026-06-26T12:26:47.218016+00:00,ETH/USDT,SHORT,WATCH,24,80.0,4,56,10,0,12,9,0,0,6,24,SHORT wins by 18 points
2026-06-26T12:26:48.193164+00:00,SOL/USDT,WAIT,NO TRADE,15,51.7,28,32,0,0,12,0,0,15,14,15,No clear directional edge.
2026-06-26T12:31:51.779028+00:00,BTC/USDT,SHORT,WATCH,24,80.0,4,56,10,0,8,9,0,0,6,24,SHORT wins by 18 points
2026-06-26T12:31:52.650611+00:00,ETH/USDT,SHORT,WATCH,24,80.0,4,56,10,0,12,9,0,0,6,24,SHORT wins by 18 points
2026-06-26T12:31:53.515137+00:00,SOL/USDT,WAIT,NO TRADE,15,51.7,28,32,0,0,12,0,0,15,14,15,No clear directional edge.
2026-06-26T12:36:57.032539+00:00,BTC/USDT,SHORT,WATCH,24,80.0,4,56,10,0,8,9,0,0,6,24,SHORT wins by 18 points
2026-06-26T12:36:58.078263+00:00,ETH/USDT,SHORT,WATCH,24,80.0,4,56,10,0,12,9,0,0,6,24,SHORT wins by 18 points
2026-06-26T12:36:59.007975+00:00,SOL/USDT,WAIT,NO TRADE,15,51.7,28,32,0,0,12,0,0,15,14,15,No clear directional edge.
2026-06-26T12:42:02.600174+00:00,BTC/USDT,SHORT,WATCH,24,80.0,4,56,10,0,12,9,0,0,6,24,SHORT wins by 18 points
2026-06-26T12:42:03.614829+00:00,ETH/USDT,SHORT,WATCH,24,68.6,4,56,18,0,12,9,15,0,11,24,SHORT wins by 13 points
2026-06-26T12:42:04.996232+00:00,SOL/USDT,WAIT,NO TRADE,14,51.9,28,32,0,0,12,0,0,0,14,13,No clear directional edge.
2026-06-26T12:47:08.228724+00:00,BTC/USDT,SHORT,WATCH,24,80.0,4,56,10,0,8,9,0,0,6,24,SHORT wins by 18 points
2026-06-26T12:47:09.353961+00:00,ETH/USDT,SHORT,WATCH,24,75.0,4,56,18,0,12,9,0,0,8,24,SHORT wins by 16 points
2026-06-26T12:47:11.296246+00:00,SOL/USDT,WAIT,NO TRADE,14,51.9,28,32,0,0,12,0,0,0,14,13,No clear directional edge.
2026-06-26T12:52:14.851372+00:00,BTC/USDT,SHORT,WATCH,24,80.0,4,56,10,0,8,9,0,0,6,24,SHORT wins by 18 points
2026-06-26T12:52:15.632672+00:00,ETH/USDT,SHORT,WATCH,24,75.0,4,56,18,0,12,9,0,0,8,24,SHORT wins by 16 points
2026-06-26T12:52:16.519678+00:00,SOL/USDT,WAIT,NO TRADE,14,51.9,28,32,0,0,12,0,0,0,14,13,No clear directional edge.
2026-06-26T12:57:19.958826+00:00,BTC/USDT,SHORT,WATCH,24,80.0,4,56,10,0,8,9,0,0,6,24,SHORT wins by 18 points
2026-06-26T12:57:21.061093+00:00,ETH/USDT,SHORT,WATCH,24,68.6,4,56,18,0,12,9,15,0,11,24,SHORT wins by 13 points
2026-06-26T12:57:22.142234+00:00,SOL/USDT,WAIT,NO TRADE,14,51.9,28,32,0,0,12,0,0,0,14,13,No clear directional edge.
2026-06-26T13:02:25.638086+00:00,BTC/USDT,SHORT,SETUP,26,86.7,0,60,10,0,9,12,0,0,4,26,SHORT wins by 22 points
2026-06-26T13:02:26.529451+00:00,ETH/USDT,SHORT,SETUP,26,74.3,0,60,18,0,9,12,15,0,9,26,SHORT wins by 17 points
2026-06-26T13:02:27.402879+00:00,SOL/USDT,WAIT,NO TRADE,14,51.9,28,32,0,0,12,0,0,0,14,13,No clear directional edge.
2026-06-26T13:07:30.805272+00:00,BTC/USDT,SHORT,SETUP,26,74.3,0,60,18,0,9,12,15,0,9,26,SHORT wins by 17 points
2026-06-26T13:07:31.606707+00:00,ETH/USDT,SHORT,SETUP,26,74.3,0,60,18,0,9,12,15,0,9,26,SHORT wins by 17 points
2026-06-26T13:07:32.809378+00:00,SOL/USDT,WAIT,NO TRADE,14,51.9,28,32,0,0,12,0,0,0,14,13,No clear directional edge.
2026-06-26T13:12:36.001361+00:00,BTC/USDT,SHORT,SETUP,26,78.8,0,60,10,0,9,12,15,0,7,26,SHORT wins by 19 points
2026-06-26T13:12:36.868836+00:00,ETH/USDT,SHORT,WATCH,24,75.0,4,56,18,0,12,9,0,0,8,24,SHORT wins by 16 points
2026-06-26T13:12:37.726693+00:00,SOL/USDT,WAIT,NO TRADE,14,51.9,28,32,0,0,12,0,0,0,14,13,No clear directional edge.
2026-06-26T13:17:41.132801+00:00,BTC/USDT,SHORT,SETUP,26,74.3,0,60,18,0,9,12,15,0,9,26,SHORT wins by 17 points
2026-06-26T13:17:42.176014+00:00,ETH/USDT,SHORT,SETUP,26,74.3,0,60,18,0,9,12,15,0,9,26,SHORT wins by 17 points
2026-06-26T13:17:43.161709+00:00,SOL/USDT,WAIT,NO TRADE,14,51.9,28,32,0,0,12,0,0,0,14,13,No clear directional edge.
2026-06-26T13:22:46.807685+00:00,BTC/USDT,SHORT,SETUP,26,74.3,0,60,18,0,9,12,15,0,9,26,SHORT wins by 17 points
2026-06-26T13:22:48.254694+00:00,ETH/USDT,SHORT,SETUP,26,74.3,0,60,18,0,9,12,15,0,9,26,SHORT wins by 17 points
2026-06-26T13:22:49.244631+00:00,SOL/USDT,WAIT,NO TRADE,14,51.9,28,32,0,0,12,0,0,0,14,13,No clear directional edge.
2026-06-26T13:27:52.946378+00:00,BTC/USDT,SHORT,SETUP,26,74.3,0,60,18,0,9,12,15,0,9,26,SHORT wins by 17 points
2026-06-26T13:27:54.036160+00:00,ETH/USDT,SHORT,SETUP,26,74.3,0,60,18,0,9,12,15,0,9,26,SHORT wins by 17 points
2026-06-26T13:27:55.018336+00:00,SOL/USDT,WAIT,NO TRADE,14,51.9,28,32,0,0,12,0,0,0,14,13,No clear directional edge.
2026-06-26T13:32:58.866954+00:00,BTC/USDT,SHORT,SETUP,26,74.3,0,60,18,0,9,12,15,0,9,26,SHORT wins by 17 points
2026-06-26T13:32:59.758659+00:00,ETH/USDT,SHORT,WATCH,24,68.6,4,56,18,0,12,9,15,0,11,24,SHORT wins by 13 points
2026-06-26T13:33:00.769402+00:00,SOL/USDT,WAIT,NO TRADE,14,51.9,28,32,0,0,12,0,0,0,14,13,No clear directional edge.
2026-06-26T13:38:04.278081+00:00,BTC/USDT,SHORT,SETUP,26,78.8,0,60,10,0,9,12,15,0,7,26,SHORT wins by 19 points
2026-06-26T13:38:05.431701+00:00,ETH/USDT,SHORT,WATCH,24,75.0,4,56,18,0,12,9,0,0,8,24,SHORT wins by 16 points
2026-06-26T13:38:06.315298+00:00,SOL/USDT,WAIT,NO TRADE,15,51.7,28,32,0,0,12,0,0,15,14,15,No clear directional edge.
2026-06-26T13:43:09.829761+00:00,BTC/USDT,SHORT,WATCH,24,80.0,4,56,10,0,8,9,0,0,6,24,SHORT wins by 18 points
2026-06-26T13:43:10.713862+00:00,ETH/USDT,SHORT,WATCH,24,75.0,4,56,18,0,12,9,0,0,8,24,SHORT wins by 16 points
2026-06-26T13:43:11.781036+00:00,SOL/USDT,WAIT,NO TRADE,17,54.8,28,32,0,8,12,0,0,15,14,17,No clear directional edge.
2026-06-26T13:48:14.627464+00:00,BTC/USDT,SHORT,WATCH,24,80.0,4,56,10,0,8,9,0,0,6,24,SHORT wins by 18 points
2026-06-26T13:48:15.517348+00:00,ETH/USDT,SHORT,WATCH,24,80.0,4,56,10,0,12,9,0,0,6,24,SHORT wins by 18 points
2026-06-26T13:48:16.503937+00:00,SOL/USDT,WAIT,NO TRADE,17,54.8,28,32,0,8,12,0,0,15,14,17,No clear directional edge.
2026-06-26T13:53:19.870929+00:00,BTC/USDT,SHORT,WATCH,24,80.0,4,56,10,0,8,9,0,0,6,24,SHORT wins by 18 points
2026-06-26T13:53:21.022155+00:00,ETH/USDT,SHORT,WATCH,24,80.0,4,56,10,0,12,9,0,0,6,24,SHORT wins by 18 points
2026-06-26T13:53:22.012628+00:00,SOL/USDT,WAIT,NO TRADE,19,57.6,28,32,0,15,12,0,0,15,14,19,No clear directional edge.
2026-06-26T13:58:24.940522+00:00,BTC/USDT,SHORT,WAIT,21,72.4,14,46,0,0,13,4,0,15,8,21,SHORT wins by 13 points
2026-06-26T13:58:25.879373+00:00,ETH/USDT,SHORT,SETUP,26,81.2,4,56,10,0,8,9,0,15,6,26,SHORT wins by 20 points
2026-06-26T13:58:26.974054+00:00,SOL/USDT,WAIT,NO TRADE,19,57.6,28,32,0,15,12,0,0,15,14,19,No clear directional edge.
2026-06-26T14:02:13.499294+00:00,BTC/USDT,SHORT,SETUP,26,89.7,4,56,0,0,8,9,0,15,3,26,SHORT wins by 23 points
2026-06-26T14:02:14.233606+00:00,ETH/USDT,SHORT,SETUP,26,81.2,4,56,10,0,8,9,0,15,6,26,SHORT wins by 20 points
2026-06-26T14:02:15.220491+00:00,SOL/USDT,WAIT,NO TRADE,19,57.6,28,32,0,15,12,0,0,15,14,19,No clear directional edge.
2026-06-26T14:07:18.566960+00:00,BTC/USDT,SHORT,SETUP,26,81.2,4,56,10,0,8,9,0,15,6,26,SHORT wins by 20 points
2026-06-26T14:07:20.002818+00:00,ETH/USDT,SHORT,WATCH,24,80.0,4,56,10,0,8,9,0,0,6,24,SHORT wins by 18 points
2026-06-26T14:07:21.270955+00:00,SOL/USDT,WAIT,NO TRADE,19,57.6,28,32,0,15,12,0,0,15,14,19,No clear directional edge.
2026-06-26T14:12:24.545512+00:00,BTC/USDT,SHORT,SETUP,26,89.7,4,56,0,0,8,9,0,15,3,26,SHORT wins by 23 points
2026-06-26T14:12:25.419165+00:00,ETH/USDT,SHORT,SETUP,26,81.2,4,56,10,0,8,9,0,15,6,26,SHORT wins by 20 points
2026-06-26T14:12:26.571675+00:00,SOL/USDT,WAIT,NO TRADE,19,57.6,28,32,0,15,12,0,0,15,14,19,No clear directional edge.
2026-06-26T14:17:30.100704+00:00,BTC/USDT,SHORT,SETUP,26,89.7,4,56,0,0,8,9,0,15,3,26,SHORT wins by 23 points
2026-06-26T14:17:31.026882+00:00,ETH/USDT,SHORT,SETUP,26,81.2,4,56,10,0,8,9,0,15,6,26,SHORT wins by 20 points
2026-06-26T14:17:31.891409+00:00,SOL/USDT,WAIT,NO TRADE,19,57.6,28,32,0,15,12,0,0,15,14,19,No clear directional edge.
2026-06-26T14:22:35.349679+00:00,BTC/USDT,SHORT,SETUP,26,89.7,4,56,0,0,8,9,0,15,3,26,SHORT wins by 23 points
2026-06-26T14:22:36.232196+00:00,ETH/USDT,SHORT,SETUP,26,81.2,4,56,10,0,8,9,0,15,6,26,SHORT wins by 20 points
2026-06-26T14:22:37.351748+00:00,SOL/USDT,WAIT,NO TRADE,20,58.8,28,32,0,15,12,4,0,15,14,20,No clear directional edge.
2026-06-26T14:27:41.293905+00:00,BTC/USDT,SHORT,WAIT,21,72.4,14,46,0,0,13,4,0,15,8,21,SHORT wins by 13 points
2026-06-26T14:27:42.500513+00:00,ETH/USDT,SHORT,SETUP,26,81.2,4,56,10,0,8,9,0,15,6,26,SHORT wins by 20 points
2026-06-26T14:27:43.388127+00:00,SOL/USDT,WAIT,NO TRADE,20,58.8,28,32,0,15,12,4,0,15,14,20,No clear directional edge.
2026-06-26T14:32:46.493978+00:00,BTC/USDT,SHORT,SETUP,26,81.2,4,56,10,0,8,9,0,15,6,26,SHORT wins by 20 points
2026-06-26T14:32:47.374169+00:00,ETH/USDT,SHORT,SETUP,26,81.2,4,56,10,0,8,9,0,15,6,26,SHORT wins by 20 points
2026-06-26T14:32:48.237279+00:00,SOL/USDT,WAIT,NO TRADE,20,58.8,28,32,0,15,12,4,0,15,14,20,No clear directional edge.
2026-06-26T14:37:50.855934+00:00,BTC/USDT,SHORT,WATCH,24,80.0,4,56,10,0,8,9,0,0,6,24,SHORT wins by 18 points
2026-06-26T14:37:52.264239+00:00,ETH/USDT,SHORT,WATCH,24,80.0,4,56,10,0,8,9,0,0,6,24,SHORT wins by 18 points
2026-06-26T14:37:53.296404+00:00,SOL/USDT,WAIT,NO TRADE,19,57.6,28,32,0,15,12,0,0,15,14,19,No clear directional edge.
2026-06-26T14:42:55.780364+00:00,BTC/USDT,SHORT,WATCH,24,80.0,4,56,10,0,8,9,0,0,6,24,SHORT wins by 18 points
2026-06-26T14:42:57.511281+00:00,ETH/USDT,SHORT,WATCH,24,80.0,4,56,10,0,8,9,0,0,6,24,SHORT wins by 18 points
2026-06-26T14:42:58.655426+00:00,SOL/USDT,WAIT,NO TRADE,19,57.6,28,32,0,15,12,0,0,15,14,19,No clear directional edge.
2026-06-26T14:48:03.432917+00:00,BTC/USDT,SHORT,WATCH,24,80.0,4,56,10,0,8,9,0,0,6,24,SHORT wins by 18 points
2026-06-26T14:48:04.285755+00:00,ETH/USDT,SHORT,SETUP,26,81.2,4,56,10,0,8,9,0,15,6,26,SHORT wins by 20 points
2026-06-26T14:48:05.250232+00:00,SOL/USDT,WAIT,NO TRADE,19,57.6,28,32,0,15,12,0,0,15,14,19,No clear directional edge.
2026-06-26T14:53:09.201213+00:00,BTC/USDT,SHORT,WATCH,24,80.0,4,56,10,0,8,9,0,0,6,24,SHORT wins by 18 points
2026-06-26T14:53:10.539233+00:00,ETH/USDT,SHORT,SETUP,26,81.2,4,56,10,0,8,9,0,15,6,26,SHORT wins by 20 points
2026-06-26T14:53:12.655893+00:00,SOL/USDT,WAIT,NO TRADE,19,57.6,28,32,0,15,12,0,0,15,14,19,No clear directional edge.
2026-06-26T14:58:17.583771+00:00,BTC/USDT,SHORT,WATCH,24,80.0,4,56,10,0,8,9,0,0,6,24,SHORT wins by 18 points
2026-06-26T14:58:18.873076+00:00,ETH/USDT,SHORT,WATCH,24,80.0,4,56,10,0,8,9,0,0,6,24,SHORT wins by 18 points
2026-06-26T14:58:23.243347+00:00,SOL/USDT,WAIT,NO TRADE,17,54.8,28,32,0,8,12,0,0,15,14,17,No clear directional edge.
2026-06-26T15:03:26.418952+00:00,BTC/USDT,SHORT,WATCH,24,80.0,4,56,10,0,8,9,0,0,6,24,SHORT wins by 18 points
2026-06-26T15:03:27.329471+00:00,ETH/USDT,SHORT,SETUP,26,81.2,4,56,10,0,8,9,0,15,6,26,SHORT wins by 20 points
2026-06-26T15:03:28.215342+00:00,SOL/USDT,WAIT,NO TRADE,17,54.8,28,32,0,8,12,0,0,15,14,17,No clear directional edge.
2026-06-26T15:08:30.841045+00:00,BTC/USDT,SHORT,WATCH,24,80.0,4,56,10,0,8,9,0,0,6,24,SHORT wins by 18 points
2026-06-26T15:08:31.894712+00:00,ETH/USDT,SHORT,SETUP,26,81.2,4,56,10,0,8,9,0,15,6,26,SHORT wins by 20 points
2026-06-26T15:08:33.114605+00:00,SOL/USDT,WAIT,NO TRADE,17,54.8,28,32,0,8,12,0,0,15,14,17,No clear directional edge.
2026-06-26T15:14:53.575097+00:00,BTC/USDT,SHORT,WATCH,24,80.0,4,56,10,0,8,9,0,0,6,24,SHORT wins by 18 points
2026-06-26T15:14:54.535358+00:00,ETH/USDT,SHORT,SETUP,26,81.2,4,56,10,0,8,9,0,15,6,26,SHORT wins by 20 points
2026-06-26T15:14:55.563827+00:00,SOL/USDT,WAIT,NO TRADE,19,57.6,28,32,0,15,12,0,0,15,14,19,No clear directional edge.
2026-06-26T15:29:04.367111+00:00,BTC/USDT,SHORT,WAIT,21,72.4,14,46,0,0,13,4,0,15,8,21,SHORT wins by 13 points
2026-06-26T15:29:06.083738+00:00,ETH/USDT,SHORT,WATCH,23,74.2,14,46,0,7,13,4,0,15,8,23,SHORT wins by 15 points
2026-06-26T15:29:07.622486+00:00,SOL/USDT,WAIT,NO TRADE,19,57.6,28,32,0,15,12,0,0,15,14,19,No clear directional edge.
timestamp,symbol,direction,signal,score,confidence,long_total,short_total,summary
2026-06-26T15:57:50.405750+00:00,BTC/USDT,SHORT,WATCH,23,74.2,14,46,0,7,13,4,0,15,8,23,SHORT wins by 15 points
2026-06-26T15:57:51.990817+00:00,ETH/USDT,SHORT,WATCH,23,74.2,14,46,0,7,13,4,0,15,8,23,SHORT wins by 15 points
2026-06-26T15:57:53.334692+00:00,SOL/USDT,WAIT,NO TRADE,20,58.8,28,32,0,15,12,4,0,15,14,20,No clear directional edge.
2026-06-26T16:02:56.357110+00:00,BTC/USDT,WAIT,NO TRADE,20,64.5,20,40,0,7,17,0,0,15,11,20,No clear directional edge.
2026-06-26T16:02:58.367774+00:00,ETH/USDT,SHORT,WATCH,23,74.2,14,46,0,7,13,4,0,15,8,23,SHORT wins by 15 points
2026-06-26T16:02:59.943094+00:00,SOL/USDT,WAIT,NO TRADE,20,58.8,28,32,0,15,12,4,0,15,14,20,No clear directional edge.
2026-06-26T16:08:04.130262+00:00,BTC/USDT,WAIT,NO TRADE,20,64.5,20,40,0,7,17,0,0,15,11,20,No clear directional edge.
2026-06-26T16:08:07.404522+00:00,ETH/USDT,SHORT,WATCH,23,74.2,14,46,0,7,13,4,0,15,8,23,SHORT wins by 15 points
2026-06-26T16:08:09.246673+00:00,SOL/USDT,WAIT,NO TRADE,20,58.8,28,32,0,15,12,4,0,15,14,20,No clear directional edge.
2026-06-26T16:13:12.116971+00:00,BTC/USDT,WAIT,NO TRADE,18,62.1,20,40,0,0,17,0,0,15,11,18,No clear directional edge.
2026-06-26T16:13:13.255083+00:00,ETH/USDT,SHORT,WATCH,23,74.2,14,46,0,7,13,4,0,15,8,23,SHORT wins by 15 points
2026-06-26T16:13:14.336500+00:00,SOL/USDT,WAIT,NO TRADE,20,58.8,28,32,0,15,12,4,0,15,14,20,No clear directional edge.
2026-06-26T16:18:16.966695+00:00,BTC/USDT,WAIT,NO TRADE,18,62.1,20,40,0,0,17,0,0,15,11,18,No clear directional edge.
2026-06-26T16:18:18.052472+00:00,ETH/USDT,SHORT,WATCH,23,67.6,14,46,10,7,13,4,0,15,11,23,SHORT wins by 12 points
2026-06-26T16:18:19.077434+00:00,SOL/USDT,WAIT,NO TRADE,20,58.8,28,32,0,15,12,4,0,15,14,20,No clear directional edge.
2026-06-26T16:23:21.699632+00:00,BTC/USDT,SHORT,SETUP,26,89.7,4,56,0,0,8,9,0,15,3,26,SHORT wins by 23 points
2026-06-26T16:23:22.665220+00:00,ETH/USDT,SHORT,WAIT,21,65.6,14,46,10,0,13,4,0,15,11,21,SHORT wins by 10 points
2026-06-26T16:23:23.645467+00:00,SOL/USDT,WAIT,NO TRADE,20,58.8,28,32,0,15,12,4,0,15,14,20,No clear directional edge.
2026-06-26T16:24:27.423496+00:00,BTC/USDT,SHORT,WAIT,21,72.4,14,46,0,0,13,4,0,15,8,21,SHORT wins by 13 points
2026-06-26T16:24:29.267373+00:00,ETH/USDT,SHORT,WAIT,21,65.6,14,46,10,0,13,4,0,15,11,21,SHORT wins by 10 points
2026-06-26T16:24:30.024978+00:00,SOL/USDT,WAIT,NO TRADE,20,58.8,28,32,0,15,12,4,0,15,14,20,No clear directional edge.
2026-06-26T16:29:32.646969+00:00,BTC/USDT,SHORT,WAIT,21,72.4,14,46,0,0,13,4,0,15,8,21,SHORT wins by 13 points
2026-06-26T16:29:33.496093+00:00,ETH/USDT,SHORT,WAIT,21,65.6,14,46,10,0,13,4,0,15,11,21,SHORT wins by 10 points
2026-06-26T16:29:34.393740+00:00,SOL/USDT,WAIT,NO TRADE,20,58.8,28,32,0,15,12,4,0,15,14,20,No clear directional edge.
2026-06-26T16:34:37.868159+00:00,BTC/USDT,WAIT,NO TRADE,18,62.1,20,40,0,0,17,0,0,15,11,18,No clear directional edge.
2026-06-26T16:34:38.857570+00:00,ETH/USDT,SHORT,WATCH,23,74.2,14,46,0,7,13,4,0,15,8,23,SHORT wins by 15 points
2026-06-26T16:34:39.940842+00:00,SOL/USDT,WAIT,NO TRADE,20,58.8,28,32,0,15,12,4,0,15,14,20,No clear directional edge.
2026-06-26T16:39:44.538064+00:00,BTC/USDT,WAIT,NO TRADE,18,62.1,20,40,0,0,17,0,0,15,11,18,No clear directional edge.
2026-06-26T16:39:45.991643+00:00,ETH/USDT,SHORT,WATCH,23,74.2,14,46,0,7,13,4,0,15,8,23,SHORT wins by 15 points
2026-06-26T16:39:47.974843+00:00,SOL/USDT,WAIT,NO TRADE,20,58.8,28,32,0,15,12,4,0,15,14,20,No clear directional edge.
2026-06-26T16:44:50.449546+00:00,BTC/USDT,SHORT,WAIT,21,72.4,14,46,0,0,13,4,0,15,8,21,SHORT wins by 13 points
2026-06-26T16:44:52.421281+00:00,ETH/USDT,SHORT,WATCH,23,74.2,14,46,0,7,13,4,0,15,8,23,SHORT wins by 15 points
2026-06-26T16:44:54.028410+00:00,SOL/USDT,WAIT,NO TRADE,20,58.8,28,32,0,15,12,4,0,15,14,20,No clear directional edge.
2026-06-26T16:49:56.378293+00:00,BTC/USDT,WAIT,NO TRADE,18,62.1,20,40,0,0,17,0,0,15,11,18,No clear directional edge.
2026-06-26T16:49:57.089705+00:00,ETH/USDT,SHORT,WATCH,23,74.2,14,46,0,7,13,4,0,15,8,23,SHORT wins by 15 points
2026-06-26T16:49:57.775886+00:00,SOL/USDT,WAIT,NO TRADE,20,58.8,28,32,0,15,12,4,0,15,14,20,No clear directional edge.
2026-06-26T16:54:59.795869+00:00,BTC/USDT,SHORT,WAIT,21,72.4,14,46,0,0,13,4,0,15,8,21,SHORT wins by 13 points
2026-06-26T16:55:00.837899+00:00,ETH/USDT,SHORT,WAIT,21,65.6,14,46,10,0,13,4,0,15,11,21,SHORT wins by 10 points
2026-06-26T16:55:01.564847+00:00,SOL/USDT,WAIT,NO TRADE,20,58.8,28,32,0,15,12,4,0,15,14,20,No clear directional edge.
2026-06-26T17:00:05.011970+00:00,BTC/USDT,SHORT,SETUP,26,89.7,4,56,0,0,8,9,0,15,3,26,SHORT wins by 23 points
2026-06-26T17:00:05.773977+00:00,ETH/USDT,SHORT,WAIT,21,65.6,14,46,10,0,13,4,0,15,11,21,SHORT wins by 10 points
2026-06-26T17:00:06.543088+00:00,SOL/USDT,WAIT,NO TRADE,20,58.8,28,32,0,15,12,4,0,15,14,20,No clear directional edge.
2026-06-26T17:05:15.466851+00:00,BTC/USDT,WAIT,NO TRADE,18,62.1,20,40,0,0,17,0,0,15,11,18,No clear directional edge.
2026-06-26T17:05:16.162781+00:00,ETH/USDT,SHORT,WATCH,23,74.2,14,46,0,7,13,4,0,15,8,23,SHORT wins by 15 points
2026-06-26T17:05:16.865303+00:00,SOL/USDT,WAIT,NO TRADE,20,58.8,28,32,0,15,12,4,0,15,14,20,No clear directional edge.
2026-06-26T17:10:20.824375+00:00,BTC/USDT,WAIT,NO TRADE,18,62.1,20,40,0,0,17,0,0,15,11,18,No clear directional edge.
2026-06-26T17:10:23.630354+00:00,ETH/USDT,SHORT,WATCH,23,74.2,14,46,0,7,13,4,0,15,8,23,SHORT wins by 15 points
2026-06-26T17:10:25.916592+00:00,SOL/USDT,WAIT,NO TRADE,20,58.8,28,32,0,15,12,4,0,15,14,20,No clear directional edge.
2026-06-26T17:15:30.392034+00:00,BTC/USDT,WAIT,NO TRADE,18,62.1,20,40,0,0,17,0,0,15,11,18,No clear directional edge.
2026-06-26T17:15:32.226490+00:00,ETH/USDT,SHORT,WATCH,23,74.2,14,46,0,7,13,4,0,15,8,23,SHORT wins by 15 points
2026-06-26T17:15:33.862846+00:00,SOL/USDT,WAIT,NO TRADE,20,58.8,28,32,0,15,12,4,0,15,14,20,No clear directional edge.
2026-06-26T17:20:37.282617+00:00,BTC/USDT,SHORT,WAIT,21,72.4,14,46,0,0,13,4,0,15,8,21,SHORT wins by 13 points
2026-06-26T17:20:39.862724+00:00,ETH/USDT,SHORT,WATCH,23,74.2,14,46,0,7,13,4,0,15,8,23,SHORT wins by 15 points
2026-06-26T17:20:42.039839+00:00,SOL/USDT,WAIT,NO TRADE,20,58.8,28,32,0,15,12,4,0,15,14,20,No clear directional edge.
2026-06-26T17:25:46.334086+00:00,BTC/USDT,SHORT,WAIT,21,72.4,14,46,0,0,13,4,0,15,8,21,SHORT wins by 13 points
2026-06-26T17:25:47.720462+00:00,ETH/USDT,SHORT,WATCH,23,74.2,14,46,0,7,13,4,0,15,8,23,SHORT wins by 15 points
2026-06-26T17:25:49.238477+00:00,SOL/USDT,WAIT,NO TRADE,20,58.8,28,32,0,15,12,4,0,15,14,20,No clear directional edge.
2026-06-26T17:30:52.873535+00:00,BTC/USDT,WAIT,NO TRADE,18,62.1,20,40,0,0,17,0,0,15,11,18,No clear directional edge.
2026-06-26T17:30:54.341147+00:00,ETH/USDT,SHORT,WATCH,23,74.2,14,46,0,7,13,4,0,15,8,23,SHORT wins by 15 points
2026-06-26T17:30:55.449860+00:00,SOL/USDT,WAIT,NO TRADE,20,58.8,28,32,0,15,12,4,0,15,14,20,No clear directional edge.
2026-06-26T17:35:58.636782+00:00,BTC/USDT,SHORT,SETUP,26,89.7,4,56,0,0,8,9,0,15,3,26,SHORT wins by 23 points
2026-06-26T17:35:59.628664+00:00,ETH/USDT,SHORT,WATCH,23,74.2,14,46,0,7,13,4,0,15,8,23,SHORT wins by 15 points
2026-06-26T17:36:00.547042+00:00,SOL/USDT,WAIT,NO TRADE,20,58.8,28,32,0,15,12,4,0,15,14,20,No clear directional edge.
2026-06-26T17:41:04.142413+00:00,BTC/USDT,SHORT,SETUP,26,89.7,4,56,0,0,8,9,0,15,3,26,SHORT wins by 23 points
2026-06-26T17:41:05.624615+00:00,ETH/USDT,SHORT,WATCH,23,74.2,14,46,0,7,13,4,0,15,8,23,SHORT wins by 15 points
2026-06-26T17:41:07.369030+00:00,SOL/USDT,WAIT,NO TRADE,20,58.8,28,32,0,15,12,4,0,15,14,20,No clear directional edge.
2026-06-26T17:47:57.275552+00:00,SOL/USDT,WAIT,NO TRADE,20,58.8,E,28,32,0,15,12,4,0,15,14,20,No clear directional edge.
2026-06-26T17:52:23.909401+00:00,BTC/USDT,SHORT,SETUP,26,89.7,B,4,56,0,0,8,9,0,15,3,26,SHORT wins by 23 points
2026-06-26T17:52:25.790748+00:00,ETH/USDT,SHORT,WATCH,23,74.2,C,14,46,0,7,13,4,0,15,8,23,SHORT wins by 15 points
2026-06-26T17:52:28.571836+00:00,SOL/USDT,WAIT,NO TRADE,20,58.8,E,28,32,0,15,12,4,0,15,14,20,No clear directional edge.
2026-06-26T17:57:31.828291+00:00,BTC/USDT,SHORT,SETUP,26,89.7,B,4,56,0,0,8,9,0,15,3,26,SHORT wins by 23 points
2026-06-26T17:57:33.148961+00:00,ETH/USDT,SHORT,WATCH,23,74.2,C,14,46,0,7,13,4,0,15,8,23,SHORT wins by 15 points
2026-06-26T17:57:34.634728+00:00,SOL/USDT,WAIT,NO TRADE,20,58.8,E,28,32,0,15,12,4,0,15,14,20,No clear directional edge.
2026-06-26T18:02:38.787384+00:00,BTC/USDT,SHORT,WAIT,21,72.4,D,14,46,0,0,13,4,0,15,8,21,SHORT wins by 13 points
2026-06-26T18:02:40.055517+00:00,ETH/USDT,SHORT,WATCH,23,74.2,C,14,46,0,7,13,4,0,15,8,23,SHORT wins by 15 points
2026-06-26T18:02:41.204794+00:00,SOL/USDT,WAIT,NO TRADE,20,58.8,E,28,32,0,15,12,4,0,15,14,20,No clear directional edge.
2026-06-26T18:07:46.219768+00:00,BTC/USDT,SHORT,WAIT,21,72.4,D,14,46,0,0,13,4,0,15,8,21,SHORT wins by 13 points
2026-06-26T18:07:47.336343+00:00,ETH/USDT,SHORT,WATCH,23,74.2,C,14,46,0,7,13,4,0,15,8,23,SHORT wins by 15 points
2026-06-26T18:07:48.684730+00:00,SOL/USDT,WAIT,NO TRADE,20,58.8,E,28,32,0,15,12,4,0,15,14,20,No clear directional edge.
2026-06-26T18:12:54.278207+00:00,BTC/USDT,SHORT,WAIT,21,72.4,D,14,46,0,0,13,4,0,15,8,21,SHORT wins by 13 points
2026-06-26T18:12:55.360822+00:00,ETH/USDT,SHORT,WATCH,23,74.2,C,14,46,0,7,13,4,0,15,8,23,SHORT wins by 15 points
2026-06-26T18:12:56.744796+00:00,SOL/USDT,WAIT,NO TRADE,20,58.8,E,28,32,0,15,12,4,0,15,14,20,No clear directional edge.
2026-06-26T18:18:00.347421+00:00,BTC/USDT,SHORT,SETUP,26,89.7,B,4,56,0,0,8,9,0,15,3,26,SHORT wins by 23 points
2026-06-26T18:18:01.355175+00:00,ETH/USDT,SHORT,WATCH,23,74.2,C,14,46,0,7,13,4,0,15,8,23,SHORT wins by 15 points
2026-06-26T18:18:02.220738+00:00,SOL/USDT,WAIT,NO TRADE,20,58.8,E,28,32,0,15,12,4,0,15,14,20,No clear directional edge.
2026-06-26T18:23:06.648141+00:00,BTC/USDT,SHORT,WAIT,21,72.4,D,14,46,0,0,13,4,0,15,8,21,SHORT wins by 13 points
2026-06-26T18:23:08.090863+00:00,ETH/USDT,SHORT,WATCH,23,74.2,C,14,46,0,7,13,4,0,15,8,23,SHORT wins by 15 points
2026-06-26T18:23:09.445975+00:00,SOL/USDT,WAIT,NO TRADE,20,58.8,E,28,32,0,15,12,4,0,15,14,20,No clear directional edge.
2026-06-26T18:28:12.863149+00:00,BTC/USDT,SHORT,WATCH,24,80.0,C,4,56,10,0,8,9,0,0,6,24,SHORT wins by 18 points
2026-06-26T18:28:13.649224+00:00,ETH/USDT,SHORT,WAIT,21,65.6,D,14,46,10,0,13,4,0,15,11,21,SHORT wins by 10 points
2026-06-26T18:28:15.644753+00:00,SOL/USDT,WAIT,NO TRADE,20,58.8,E,28,32,0,15,12,4,0,15,14,20,No clear directional edge.
2026-06-26T18:33:19.096646+00:00,BTC/USDT,SHORT,WATCH,24,80.0,C,4,56,10,0,8,9,0,0,6,24,SHORT wins by 18 points
2026-06-26T18:33:19.874238+00:00,ETH/USDT,SHORT,WAIT,21,65.6,D,14,46,10,0,13,4,0,15,11,21,SHORT wins by 10 points
2026-06-26T18:33:20.841452+00:00,SOL/USDT,WAIT,NO TRADE,20,58.8,E,28,32,0,15,12,4,0,15,14,20,No clear directional edge.
2026-06-26T18:38:25.055130+00:00,BTC/USDT,SHORT,WATCH,24,80.0,C,4,56,10,0,8,9,0,0,6,24,SHORT wins by 18 points
2026-06-26T18:38:26.456616+00:00,ETH/USDT,SHORT,WAIT,21,65.6,D,14,46,10,0,13,4,0,15,11,21,SHORT wins by 10 points
2026-06-26T18:38:27.827469+00:00,SOL/USDT,WAIT,NO TRADE,20,58.8,E,28,32,0,15,12,4,0,15,14,20,No clear directional edge.
2026-06-26T18:43:30.429487+00:00,BTC/USDT,SHORT,WATCH,24,80.0,C,4,56,10,0,8,9,0,0,6,24,SHORT wins by 18 points
2026-06-26T18:43:31.309939+00:00,ETH/USDT,SHORT,WAIT,21,65.6,D,14,46,10,0,13,4,0,15,11,21,SHORT wins by 10 points
2026-06-26T18:43:32.293903+00:00,SOL/USDT,WAIT,NO TRADE,20,58.8,E,28,32,0,15,12,4,0,15,14,20,No clear directional edge.
2026-06-26T18:48:35.153618+00:00,BTC/USDT,SHORT,WATCH,24,80.0,C,4,56,10,0,8,9,0,0,6,24,SHORT wins by 18 points
2026-06-26T18:48:36.137090+00:00,ETH/USDT,SHORT,WAIT,21,65.6,D,14,46,10,0,13,4,0,15,11,21,SHORT wins by 10 points
2026-06-26T18:48:37.159284+00:00,SOL/USDT,WAIT,NO TRADE,20,58.8,E,28,32,0,15,12,4,0,15,14,20,No clear directional edge.
2026-06-26T18:51:32.134114+00:00,BTC/USDT,SHORT,WATCH,24,80.0,C,4,56,10,0,8,9,0,0,6,24,SHORT wins by 18 points
2026-06-26T18:51:33.295197+00:00,ETH/USDT,SHORT,WAIT,21,65.6,D,14,46,10,0,13,4,0,15,11,21,SHORT wins by 10 points
2026-06-26T18:51:34.615106+00:00,SOL/USDT,WAIT,NO TRADE,20,58.8,E,28,32,0,15,12,4,0,15,14,20,No clear directional edge.
2026-06-26T18:56:39.135379+00:00,BTC/USDT,SHORT,WATCH,24,80.0,C,4,56,10,0,8,9,0,0,6,24,SHORT wins by 18 points
2026-06-26T18:56:40.805338+00:00,ETH/USDT,SHORT,WAIT,21,65.6,D,14,46,10,0,13,4,0,15,11,21,SHORT wins by 10 points
2026-06-26T18:56:42.693746+00:00,SOL/USDT,WAIT,NO TRADE,20,58.8,E,28,32,0,15,12,4,0,15,14,20,No clear directional edge.
2026-06-26T19:01:45.957542+00:00,BTC/USDT,SHORT,WATCH,24,80.0,C,4,56,10,0,8,9,0,0,6,24,SHORT wins by 18 points
2026-06-26T19:01:46.946894+00:00,ETH/USDT,SHORT,WAIT,21,65.6,D,14,46,10,0,13,4,0,15,11,21,SHORT wins by 10 points
2026-06-26T19:01:48.051105+00:00,SOL/USDT,WAIT,NO TRADE,20,58.8,E,28,32,0,15,12,4,0,15,14,20,No clear directional edge.
2026-06-26T19:06:52.592467+00:00,BTC/USDT,SHORT,WATCH,24,80.0,C,4,56,10,0,8,9,0,0,6,24,SHORT wins by 18 points
2026-06-26T19:06:53.723657+00:00,ETH/USDT,SHORT,WAIT,21,65.6,D,14,46,10,0,13,4,0,15,11,21,SHORT wins by 10 points
2026-06-26T19:06:54.948751+00:00,SOL/USDT,WAIT,NO TRADE,20,58.8,E,28,32,0,15,12,4,0,15,14,20,No clear directional edge.
2026-06-26T19:11:58.406608+00:00,BTC/USDT,SHORT,SETUP,26,89.7,B,4,56,0,0,8,9,0,15,3,26,SHORT wins by 23 points
2026-06-26T19:11:59.650375+00:00,ETH/USDT,SHORT,WATCH,23,74.2,C,14,46,0,7,13,4,0,15,8,23,SHORT wins by 15 points
2026-06-26T19:12:00.687427+00:00,SOL/USDT,WAIT,NO TRADE,22,61.1,E,28,32,0,25,12,4,0,15,14,22,No clear directional edge.
2026-06-26T19:17:04.224847+00:00,BTC/USDT,SHORT,SETUP,26,89.7,B,4,56,0,0,8,9,0,15,3,26,SHORT wins by 23 points
2026-06-26T19:17:05.088423+00:00,ETH/USDT,SHORT,WATCH,23,74.2,C,14,46,0,7,13,4,0,15,8,23,SHORT wins by 15 points
2026-06-26T19:17:06.004906+00:00,SOL/USDT,WAIT,NO TRADE,20,58.8,E,28,32,0,15,12,4,0,15,14,20,No clear directional edge.
2026-06-26T19:22:09.959618+00:00,BTC/USDT,SHORT,SETUP,26,81.2,B,4,56,10,0,8,9,0,15,6,26,SHORT wins by 20 points
2026-06-26T19:22:11.325218+00:00,ETH/USDT,SHORT,WATCH,23,74.2,C,14,46,0,7,13,4,0,15,8,23,SHORT wins by 15 points
2026-06-26T19:22:12.386969+00:00,SOL/USDT,WAIT,NO TRADE,22,61.1,E,28,32,0,25,12,4,0,15,14,22,No clear directional edge.
2026-06-26T19:27:18.588577+00:00,BTC/USDT,SHORT,SETUP,26,81.2,B,4,56,10,0,8,9,0,15,6,26,SHORT wins by 20 points
2026-06-26T19:27:20.507965+00:00,ETH/USDT,SHORT,WATCH,23,67.6,C,14,46,10,7,13,4,0,15,11,23,SHORT wins by 12 points
2026-06-26T19:27:22.319815+00:00,SOL/USDT,WAIT,NO TRADE,22,61.1,E,28,32,0,25,12,4,0,15,14,22,No clear directional edge.
2026-06-26T19:32:26.095288+00:00,BTC/USDT,SHORT,SETUP,26,89.7,B,4,56,0,0,8,9,0,15,3,26,SHORT wins by 23 points
2026-06-26T19:32:27.485727+00:00,ETH/USDT,SHORT,WATCH,23,74.2,C,14,46,0,7,13,4,0,15,8,23,SHORT wins by 15 points
2026-06-26T19:32:28.722457+00:00,SOL/USDT,WAIT,NO TRADE,22,61.1,E,28,32,0,25,12,4,0,15,14,22,No clear directional edge.
2026-06-26T19:37:32.274583+00:00,BTC/USDT,SHORT,WATCH,24,80.0,C,4,56,10,0,8,9,0,0,6,24,SHORT wins by 18 points
2026-06-26T19:37:33.941437+00:00,ETH/USDT,SHORT,WAIT,21,65.6,D,14,46,10,0,13,4,0,15,11,21,SHORT wins by 10 points
2026-06-26T19:37:34.930358+00:00,SOL/USDT,WAIT,NO TRADE,22,61.1,E,28,32,0,25,12,4,0,15,14,22,No clear directional edge.
2026-06-26T19:42:38.359882+00:00,BTC/USDT,SHORT,SETUP,26,81.2,B,4,56,10,0,8,9,0,15,6,26,SHORT wins by 20 points
2026-06-26T19:42:39.354631+00:00,ETH/USDT,SHORT,WATCH,23,74.2,C,14,46,0,7,13,4,0,15,8,23,SHORT wins by 15 points
2026-06-26T19:42:40.293323+00:00,SOL/USDT,WAIT,NO TRADE,22,61.1,E,28,32,0,25,12,4,0,15,14,22,No clear directional edge.
2026-06-26T19:47:42.790404+00:00,BTC/USDT,SHORT,WATCH,24,80.0,C,4,56,10,0,8,9,0,0,6,24,SHORT wins by 18 points
2026-06-26T19:47:43.735201+00:00,ETH/USDT,SHORT,WAIT,21,65.6,D,14,46,10,0,13,4,0,15,11,21,SHORT wins by 10 points
2026-06-26T19:47:44.765389+00:00,SOL/USDT,WAIT,NO TRADE,22,61.1,E,28,32,0,25,12,4,0,15,14,22,No clear directional edge.
2026-06-26T19:52:47.554246+00:00,BTC/USDT,SHORT,SETUP,26,81.2,B,4,56,10,0,8,9,0,15,6,26,SHORT wins by 20 points
2026-06-26T19:52:48.664250+00:00,ETH/USDT,SHORT,WATCH,23,67.6,C,14,46,10,7,13,4,0,15,11,23,SHORT wins by 12 points
2026-06-26T19:52:49.799359+00:00,SOL/USDT,WAIT,NO TRADE,22,61.1,E,28,32,0,25,12,4,0,15,14,22,No clear directional edge.
2026-06-26T19:57:52.366036+00:00,BTC/USDT,SHORT,WATCH,24,80.0,C,4,56,10,0,8,9,0,0,6,24,SHORT wins by 18 points
2026-06-26T19:57:53.284260+00:00,ETH/USDT,SHORT,WATCH,23,67.6,C,14,46,10,7,13,4,0,15,11,23,SHORT wins by 12 points
2026-06-26T19:57:54.495558+00:00,SOL/USDT,WAIT,NO TRADE,22,61.1,E,28,32,0,25,12,4,0,15,14,22,No clear directional edge.
2026-06-26T20:02:57.255453+00:00,BTC/USDT,SHORT,WAIT,21,70.0,D,10,50,10,0,12,5,0,0,9,21,SHORT wins by 12 points
2026-06-26T20:02:58.128876+00:00,ETH/USDT,WAIT,NO TRADE,20,58.8,E,20,40,10,7,17,0,0,15,14,20,No clear directional edge.
2026-06-26T20:02:59.435274+00:00,SOL/USDT,WAIT,NO TRADE,22,61.1,E,28,32,0,25,12,4,0,15,14,22,No clear directional edge.
2026-06-26T20:08:02.012215+00:00,BTC/USDT,SHORT,WATCH,24,80.0,C,4,56,10,0,8,9,0,0,6,24,SHORT wins by 18 points
2026-06-26T20:08:02.850305+00:00,ETH/USDT,WAIT,NO TRADE,18,56.2,E,20,40,10,0,17,0,0,15,14,18,No clear directional edge.
2026-06-26T20:08:03.848845+00:00,SOL/USDT,WAIT,NO TRADE,22,61.1,E,28,32,0,25,12,4,0,15,14,22,No clear directional edge.
2026-06-26T20:13:06.722300+00:00,BTC/USDT,SHORT,WATCH,24,80.0,C,4,56,10,0,8,9,0,0,6,24,SHORT wins by 18 points
2026-06-26T20:13:07.605030+00:00,ETH/USDT,SHORT,WAIT,21,65.6,D,14,46,10,0,13,4,0,15,11,21,SHORT wins by 10 points
2026-06-26T20:13:08.482846+00:00,SOL/USDT,WAIT,NO TRADE,20,58.8,E,28,32,0,15,12,4,0,15,14,20,No clear directional edge.
2026-06-26T20:18:10.738678+00:00,BTC/USDT,SHORT,WATCH,24,80.0,C,4,56,10,0,8,9,0,0,6,24,SHORT wins by 18 points
2026-06-26T20:18:11.792182+00:00,ETH/USDT,SHORT,WAIT,21,65.6,D,14,46,10,0,13,4,0,15,11,21,SHORT wins by 10 points
2026-06-26T20:18:12.758478+00:00,SOL/USDT,WAIT,NO TRADE,20,58.8,E,28,32,0,15,12,4,0,15,14,20,No clear directional edge.
2026-06-26T20:23:15.230777+00:00,BTC/USDT,SHORT,WATCH,24,80.0,C,4,56,10,0,8,9,0,0,6,24,SHORT wins by 18 points
2026-06-26T20:23:15.995780+00:00,ETH/USDT,SHORT,WAIT,21,65.6,D,14,46,10,0,13,4,0,15,11,21,SHORT wins by 10 points
2026-06-26T20:23:18.020353+00:00,SOL/USDT,WAIT,NO TRADE,20,58.8,E,28,32,0,15,12,4,0,15,14,20,No clear directional edge.
2026-06-26T20:28:20.410733+00:00,BTC/USDT,SHORT,WATCH,24,80.0,C,4,56,10,0,8,9,0,0,6,24,SHORT wins by 18 points
2026-06-26T20:28:21.331566+00:00,ETH/USDT,WAIT,NO TRADE,18,56.2,E,20,40,10,0,17,0,0,15,14,18,No clear directional edge.
2026-06-26T20:28:22.406234+00:00,SOL/USDT,WAIT,NO TRADE,20,58.8,E,28,32,0,15,12,4,0,15,14,20,No clear directional edge.
