timestamp,symbol,direction,confidence,weighted_score,long_score,short_score,diff,reason,near_setup_category
2026-06-28T17:16:55.780604+00:00,SOL/USDT,LONG,77.0,21.0,21.0,12.0,9.0,No clear directional edge.,MEDIUM
2026-06-28T17:20:16.096715+00:00,SOL/USDT,LONG,86.0,20.0,20.0,8.0,12.0,No clear directional edge.,CLOSE
2026-06-28T18:01:08.065795+00:00,BTC/USDT,SHORT,92.0,26.0,12.0,26.0,14.0,No clear directional edge.,VERY_CLOSE
2026-06-28T18:01:09.995024+00:00,SOL/USDT,LONG,86.0,20.0,20.0,8.0,12.0,No clear directional edge.,CLOSE
2026-06-28T18:06:14.421542+00:00,SOL/USDT,LONG,86.0,20.0,20.0,8.0,12.0,No clear directional edge.,CLOSE
2026-06-28T18:19:44.166075+00:00,SOL/USDT,LONG,86.0,20.0,20.0,8.0,12.0,No clear directional edge.,CLOSE
2026-06-28T18:24:49.582797+00:00,SOL/USDT,LONG,86.0,20.0,20.0,8.0,12.0,No clear directional edge.,CLOSE
2026-06-28T18:29:55.356652+00:00,SOL/USDT,LONG,86.0,20.0,20.0,8.0,12.0,No clear directional edge.,CLOSE
2026-06-28T18:35:01.032084+00:00,SOL/USDT,LONG,80.0,19.0,19.0,9.0,10.0,No clear directional edge.,MEDIUM
2026-06-28T18:40:05.015312+00:00,BTC/USDT,SHORT,92.0,26.0,12.0,26.0,14.0,No clear directional edge.,VERY_CLOSE
2026-06-28T18:40:07.781861+00:00,SOL/USDT,LONG,80.0,19.0,19.0,9.0,10.0,No clear directional edge.,MEDIUM
2026-06-28T18:45:15.604839+00:00,SOL/USDT,LONG,80.0,19.0,19.0,9.0,10.0,No clear directional edge.,MEDIUM
2026-06-28T18:50:19.043059+00:00,BTC/USDT,SHORT,92.0,26.0,12.0,26.0,14.0,No clear directional edge.,VERY_CLOSE
2026-06-28T18:50:20.958868+00:00,SOL/USDT,LONG,80.0,19.0,19.0,9.0,10.0,No clear directional edge.,MEDIUM
2026-06-28T18:55:25.169774+00:00,BTC/USDT,SHORT,92.0,26.0,12.0,26.0,14.0,No clear directional edge.,VERY_CLOSE
2026-06-28T18:55:27.623775+00:00,SOL/USDT,LONG,80.0,19.0,19.0,9.0,10.0,No clear directional edge.,MEDIUM
2026-06-28T19:05:39.300124+00:00,BTC/USDT,SHORT,92.0,26.0,12.0,26.0,14.0,No clear directional edge.,VERY_CLOSE
2026-06-28T19:10:44.480945+00:00,BTC/USDT,SHORT,92.0,26.0,12.0,26.0,14.0,No clear directional edge.,VERY_CLOSE
2026-06-28T19:15:49.363234+00:00,BTC/USDT,SHORT,92.0,26.0,12.0,26.0,14.0,No clear directional edge.,VERY_CLOSE
2026-06-28T19:20:54.773782+00:00,BTC/USDT,SHORT,92.0,26.0,12.0,26.0,14.0,No clear directional edge.,VERY_CLOSE
2026-06-28T19:20:56.735368+00:00,SOL/USDT,LONG,74.0,20.0,20.0,12.0,8.0,No clear directional edge.,FAR
2026-06-28T19:26:00.345221+00:00,BTC/USDT,SHORT,92.0,26.0,12.0,26.0,14.0,No clear directional edge.,VERY_CLOSE
2026-06-28T19:31:06.147280+00:00,BTC/USDT,SHORT,92.0,26.0,12.0,26.0,14.0,No clear directional edge.,VERY_CLOSE
2026-06-28T19:36:11.515847+00:00,BTC/USDT,SHORT,92.0,26.0,12.0,26.0,14.0,No clear directional edge.,VERY_CLOSE
2026-06-28T19:41:16.961742+00:00,BTC/USDT,SHORT,92.0,26.0,12.0,26.0,14.0,No clear directional edge.,VERY_CLOSE
2026-06-28T19:41:18.989004+00:00,SOL/USDT,LONG,74.0,20.0,20.0,12.0,8.0,No clear directional edge.,FAR
2026-06-28T19:46:23.680743+00:00,BTC/USDT,SHORT,92.0,26.0,12.0,26.0,14.0,No clear directional edge.,VERY_CLOSE
2026-06-28T19:46:26.391273+00:00,SOL/USDT,LONG,74.0,20.0,20.0,12.0,8.0,No clear directional edge.,FAR
2026-06-28T19:51:28.777442+00:00,BTC/USDT,SHORT,92.0,26.0,12.0,26.0,14.0,No clear directional edge.,VERY_CLOSE
2026-06-28T19:51:29.904213+00:00,ETH/USDT,SHORT,92.0,26.0,12.0,26.0,14.0,No clear directional edge.,VERY_CLOSE
2026-06-28T19:51:31.262075+00:00,SOL/USDT,LONG,80.0,22.0,22.0,12.0,10.0,No clear directional edge.,MEDIUM
2026-06-28T19:56:33.595761+00:00,BTC/USDT,SHORT,92.0,26.0,12.0,26.0,14.0,No clear directional edge.,VERY_CLOSE
2026-06-28T19:56:35.342364+00:00,SOL/USDT,LONG,74.0,20.0,20.0,12.0,8.0,No clear directional edge.,FAR
2026-06-28T19:59:40.367045+00:00,BTC/USDT,SHORT,92.0,26.0,12.0,26.0,14.0,No clear directional edge.,VERY_CLOSE
2026-06-28T19:59:41.922310+00:00,SOL/USDT,LONG,74.0,20.0,20.0,12.0,8.0,No clear directional edge.,FAR
2026-06-28T20:02:55.053916+00:00,BTC/USDT,SHORT,92.0,26.0,12.0,26.0,14.0,No clear directional edge.,VERY_CLOSE
2026-06-28T20:03:56.505130+00:00,BTC/USDT,SHORT,92.0,26.0,12.0,26.0,14.0,No clear directional edge.,VERY_CLOSE
2026-06-28T21:47:06.453498+00:00,SOL/USDT,LONG,62.0,19.0,19.0,15.0,4.0,No clear directional edge.,FAR
2026-06-28T21:54:19.102625+00:00,SOL/USDT,LONG,62.0,19.0,19.0,15.0,4.0,No clear directional edge.,FAR
2026-06-28T21:59:27.578279+00:00,BTC/USDT,SHORT,92.0,26.0,12.0,26.0,14.0,No clear directional edge.,VERY_CLOSE
2026-06-28T21:59:31.738994+00:00,SOL/USDT,LONG,62.0,19.0,19.0,15.0,4.0,No clear directional edge.,FAR
2026-06-28T22:04:35.977602+00:00,SOL/USDT,LONG,74.0,18.0,18.0,10.0,8.0,No clear directional edge.,FAR
2026-06-28T22:19:48.026877+00:00,BTC/USDT,SHORT,92.0,26.0,12.0,26.0,14.0,No clear directional edge.,VERY_CLOSE
2026-06-28T22:19:50.236065+00:00,SOL/USDT,LONG,62.0,19.0,19.0,15.0,4.0,No clear directional edge.,FAR
2026-06-28T22:29:59.419422+00:00,BTC/USDT,SHORT,92.0,26.0,12.0,26.0,14.0,No clear directional edge.,VERY_CLOSE
2026-06-28T22:35:05.086168+00:00,BTC/USDT,SHORT,92.0,26.0,12.0,26.0,14.0,No clear directional edge.,VERY_CLOSE
2026-06-28T22:40:09.792704+00:00,BTC/USDT,SHORT,92.0,26.0,12.0,26.0,14.0,No clear directional edge.,VERY_CLOSE
2026-06-28T22:45:15.041304+00:00,BTC/USDT,SHORT,92.0,26.0,12.0,26.0,14.0,No clear directional edge.,VERY_CLOSE
2026-06-28T22:45:17.338195+00:00,SOL/USDT,LONG,62.0,19.0,19.0,15.0,4.0,No clear directional edge.,FAR
2026-06-28T22:50:21.381403+00:00,BTC/USDT,SHORT,92.0,26.0,12.0,26.0,14.0,No clear directional edge.,VERY_CLOSE
2026-06-28T22:50:22.797517+00:00,SOL/USDT,LONG,62.0,19.0,19.0,15.0,4.0,No clear directional edge.,FAR
2026-06-28T22:55:26.792357+00:00,BTC/USDT,SHORT,92.0,26.0,12.0,26.0,14.0,No clear directional edge.,VERY_CLOSE
2026-06-28T22:55:28.045809+00:00,ETH/USDT,SHORT,92.0,26.0,12.0,26.0,14.0,No clear directional edge.,VERY_CLOSE
2026-06-28T22:55:28.757087+00:00,SOL/USDT,LONG,62.0,19.0,19.0,15.0,4.0,No clear directional edge.,FAR
2026-06-28T23:00:32.375207+00:00,BTC/USDT,SHORT,92.0,26.0,12.0,26.0,14.0,No clear directional edge.,VERY_CLOSE
2026-06-28T23:00:33.188546+00:00,ETH/USDT,SHORT,92.0,26.0,12.0,26.0,14.0,No clear directional edge.,VERY_CLOSE
2026-06-28T23:00:33.888863+00:00,SOL/USDT,LONG,62.0,19.0,19.0,15.0,4.0,No clear directional edge.,FAR
2026-06-28T23:05:37.409165+00:00,BTC/USDT,SHORT,92.0,26.0,12.0,26.0,14.0,No clear directional edge.,VERY_CLOSE
2026-06-28T23:36:13.271341+00:00,SOL/USDT,LONG,74.0,18.0,18.0,10.0,8.0,No clear directional edge.,FAR
2026-06-28T23:41:18.223341+00:00,SOL/USDT,LONG,62.0,18.0,18.0,14.0,4.0,No clear directional edge.,FAR
2026-06-28T23:46:23.050421+00:00,SOL/USDT,LONG,62.0,18.0,18.0,14.0,4.0,No clear directional edge.,FAR
2026-06-28T23:51:28.088058+00:00,SOL/USDT,LONG,62.0,18.0,18.0,14.0,4.0,No clear directional edge.,FAR
2026-06-28T23:56:33.677785+00:00,SOL/USDT,LONG,74.0,18.0,18.0,10.0,8.0,No clear directional edge.,FAR
2026-06-29T00:57:46.133605+00:00,SOL/USDT,LONG,62.0,18.0,18.0,14.0,4.0,No clear directional edge.,FAR
2026-06-29T01:07:56.903154+00:00,SOL/USDT,LONG,77.0,21.0,21.0,12.0,9.0,No clear directional edge.,MEDIUM
2026-06-29T01:43:35.270930+00:00,SOL/USDT,LONG,77.0,21.0,21.0,12.0,9.0,No clear directional edge.,MEDIUM
2026-06-29T01:48:39.955299+00:00,SOL/USDT,LONG,77.0,21.0,21.0,12.0,9.0,No clear directional edge.,MEDIUM
2026-06-29T01:53:45.232715+00:00,SOL/USDT,LONG,77.0,21.0,21.0,12.0,9.0,No clear directional edge.,MEDIUM
2026-06-29T01:58:50.392461+00:00,SOL/USDT,LONG,77.0,21.0,21.0,12.0,9.0,No clear directional edge.,MEDIUM
2026-06-29T02:03:56.000274+00:00,SOL/USDT,LONG,77.0,21.0,21.0,12.0,9.0,No clear directional edge.,MEDIUM
2026-06-29T02:29:22.604762+00:00,SOL/USDT,LONG,77.0,21.0,21.0,12.0,9.0,No clear directional edge.,MEDIUM
2026-06-29T02:34:27.722971+00:00,SOL/USDT,LONG,77.0,21.0,21.0,12.0,9.0,No clear directional edge.,MEDIUM
2026-06-29T02:39:32.966304+00:00,SOL/USDT,LONG,71.0,21.0,21.0,14.0,7.0,No clear directional edge.,FAR
2026-06-29T02:44:37.998544+00:00,SOL/USDT,LONG,71.0,21.0,21.0,14.0,7.0,No clear directional edge.,FAR
2026-06-29T02:49:43.267602+00:00,SOL/USDT,LONG,71.0,21.0,21.0,14.0,7.0,No clear directional edge.,FAR
2026-06-29T02:54:47.859871+00:00,SOL/USDT,LONG,71.0,21.0,21.0,14.0,7.0,No clear directional edge.,FAR
2026-06-29T02:59:52.794125+00:00,SOL/USDT,LONG,71.0,21.0,21.0,14.0,7.0,No clear directional edge.,FAR
2026-06-29T03:04:57.711133+00:00,SOL/USDT,LONG,65.0,21.0,21.0,16.0,5.0,No clear directional edge.,FAR
2026-06-29T03:10:01.967175+00:00,ETH/USDT,SHORT,83.0,23.0,12.0,23.0,11.0,No clear directional edge.,MEDIUM
2026-06-29T03:10:02.923497+00:00,SOL/USDT,LONG,65.0,21.0,21.0,16.0,5.0,No clear directional edge.,FAR
2026-06-29T03:15:10.076838+00:00,SOL/USDT,LONG,65.0,21.0,21.0,16.0,5.0,No clear directional edge.,FAR
2026-06-29T03:20:15.446611+00:00,SOL/USDT,LONG,65.0,21.0,21.0,16.0,5.0,No clear directional edge.,FAR
2026-06-29T03:25:19.741927+00:00,ETH/USDT,SHORT,83.0,23.0,12.0,23.0,11.0,No clear directional edge.,MEDIUM
2026-06-29T03:25:20.438197+00:00,SOL/USDT,LONG,65.0,21.0,21.0,16.0,5.0,No clear directional edge.,FAR
2026-06-29T03:30:23.834835+00:00,BTC/USDT,SHORT,80.0,22.0,12.0,22.0,10.0,No clear directional edge.,MEDIUM
2026-06-29T03:30:24.545527+00:00,ETH/USDT,SHORT,83.0,23.0,12.0,23.0,11.0,No clear directional edge.,MEDIUM
2026-06-29T03:30:25.251140+00:00,SOL/USDT,LONG,65.0,21.0,21.0,16.0,5.0,No clear directional edge.,FAR
2026-06-29T03:35:29.903320+00:00,SOL/USDT,LONG,65.0,21.0,21.0,16.0,5.0,No clear directional edge.,FAR
2026-06-29T03:40:37.970556+00:00,SOL/USDT,LONG,65.0,21.0,21.0,16.0,5.0,No clear directional edge.,FAR
2026-06-29T03:45:43.188697+00:00,SOL/USDT,LONG,65.0,21.0,21.0,16.0,5.0,No clear directional edge.,FAR
2026-06-29T03:50:48.202628+00:00,SOL/USDT,LONG,65.0,21.0,21.0,16.0,5.0,No clear directional edge.,FAR
2026-06-29T03:55:53.236899+00:00,SOL/USDT,LONG,65.0,21.0,21.0,16.0,5.0,No clear directional edge.,FAR
2026-06-29T04:00:59.345652+00:00,SOL/USDT,LONG,71.0,21.0,21.0,14.0,7.0,No clear directional edge.,FAR
2026-06-29T04:06:04.105959+00:00,SOL/USDT,LONG,71.0,21.0,21.0,14.0,7.0,No clear directional edge.,FAR
2026-06-29T04:11:08.988334+00:00,SOL/USDT,LONG,71.0,21.0,21.0,14.0,7.0,No clear directional edge.,FAR
2026-06-29T04:16:14.020050+00:00,SOL/USDT,LONG,71.0,21.0,21.0,14.0,7.0,No clear directional edge.,FAR
2026-06-29T04:21:19.504873+00:00,SOL/USDT,LONG,77.0,21.0,21.0,12.0,9.0,No clear directional edge.,MEDIUM
2026-06-29T04:26:24.399803+00:00,SOL/USDT,LONG,71.0,21.0,21.0,14.0,7.0,No clear directional edge.,FAR
2026-06-29T04:31:29.935631+00:00,SOL/USDT,LONG,71.0,21.0,21.0,14.0,7.0,No clear directional edge.,FAR
2026-06-29T04:36:35.185975+00:00,SOL/USDT,LONG,77.0,21.0,21.0,12.0,9.0,No clear directional edge.,MEDIUM
2026-06-29T04:41:39.840890+00:00,SOL/USDT,LONG,86.0,20.0,20.0,8.0,12.0,No clear directional edge.,CLOSE
2026-06-29T04:46:44.770595+00:00,SOL/USDT,LONG,86.0,20.0,20.0,8.0,12.0,No clear directional edge.,CLOSE
2026-06-29T04:51:49.520394+00:00,SOL/USDT,LONG,86.0,20.0,20.0,8.0,12.0,No clear directional edge.,CLOSE
2026-06-29T04:56:56.149801+00:00,SOL/USDT,LONG,86.0,20.0,20.0,8.0,12.0,No clear directional edge.,CLOSE
2026-06-29T05:02:01.203503+00:00,SOL/USDT,LONG,86.0,20.0,20.0,8.0,12.0,No clear directional edge.,CLOSE
2026-06-29T05:07:07.555397+00:00,SOL/USDT,LONG,83.0,19.0,19.0,8.0,11.0,No clear directional edge.,MEDIUM
2026-06-29T05:12:14.564168+00:00,SOL/USDT,LONG,83.0,19.0,19.0,8.0,11.0,No clear directional edge.,MEDIUM
2026-06-29T05:17:19.408729+00:00,SOL/USDT,LONG,86.0,20.0,20.0,8.0,12.0,No clear directional edge.,CLOSE
2026-06-29T05:22:24.461020+00:00,SOL/USDT,LONG,86.0,20.0,20.0,8.0,12.0,No clear directional edge.,CLOSE
2026-06-29T05:27:28.471622+00:00,SOL/USDT,LONG,86.0,20.0,20.0,8.0,12.0,No clear directional edge.,CLOSE
2026-06-29T05:32:32.115398+00:00,SOL/USDT,LONG,86.0,20.0,20.0,8.0,12.0,No clear directional edge.,CLOSE
2026-06-29T05:36:55.856573+00:00,SOL/USDT,LONG,86.0,20.0,20.0,8.0,12.0,No clear directional edge.,CLOSE
2026-06-29T05:41:59.929841+00:00,SOL/USDT,LONG,86.0,20.0,20.0,8.0,12.0,No clear directional edge.,CLOSE
2026-06-29T05:47:05.324801+00:00,SOL/USDT,LONG,86.0,20.0,20.0,8.0,12.0,No clear directional edge.,CLOSE
2026-06-29T05:52:09.580147+00:00,SOL/USDT,LONG,86.0,20.0,20.0,8.0,12.0,No clear directional edge.,CLOSE
2026-06-29T05:57:14.297844+00:00,SOL/USDT,LONG,77.0,21.0,21.0,12.0,9.0,No clear directional edge.,MEDIUM
2026-06-29T06:02:18.459667+00:00,ETH/USDT,SHORT,83.0,23.0,12.0,23.0,11.0,No clear directional edge.,MEDIUM
2026-06-29T06:02:19.175926+00:00,SOL/USDT,LONG,71.0,21.0,21.0,14.0,7.0,No clear directional edge.,FAR
2026-06-29T06:07:23.891892+00:00,ETH/USDT,SHORT,83.0,23.0,12.0,23.0,11.0,No clear directional edge.,MEDIUM
2026-06-29T06:07:24.955810+00:00,SOL/USDT,LONG,71.0,21.0,21.0,14.0,7.0,No clear directional edge.,FAR
2026-06-29T06:12:28.812778+00:00,ETH/USDT,SHORT,83.0,23.0,12.0,23.0,11.0,No clear directional edge.,MEDIUM
2026-06-29T06:12:30.393529+00:00,SOL/USDT,LONG,71.0,21.0,21.0,14.0,7.0,No clear directional edge.,FAR
2026-06-29T06:17:33.666775+00:00,BTC/USDT,SHORT,83.0,23.0,12.0,23.0,11.0,No clear directional edge.,MEDIUM
2026-06-29T06:17:34.386359+00:00,ETH/USDT,SHORT,83.0,23.0,12.0,23.0,11.0,No clear directional edge.,MEDIUM
2026-06-29T06:17:35.107611+00:00,SOL/USDT,LONG,71.0,21.0,21.0,14.0,7.0,No clear directional edge.,FAR
2026-06-29T06:22:38.407765+00:00,BTC/USDT,SHORT,83.0,23.0,12.0,23.0,11.0,No clear directional edge.,MEDIUM
2026-06-29T06:22:39.146232+00:00,ETH/USDT,SHORT,83.0,23.0,12.0,23.0,11.0,No clear directional edge.,MEDIUM
2026-06-29T06:22:39.875556+00:00,SOL/USDT,LONG,65.0,21.0,21.0,16.0,5.0,No clear directional edge.,FAR
2026-06-29T06:27:42.978620+00:00,BTC/USDT,SHORT,83.0,23.0,12.0,23.0,11.0,No clear directional edge.,MEDIUM
2026-06-29T06:27:43.806992+00:00,ETH/USDT,SHORT,83.0,23.0,12.0,23.0,11.0,No clear directional edge.,MEDIUM
2026-06-29T06:27:44.535653+00:00,SOL/USDT,LONG,65.0,21.0,21.0,16.0,5.0,No clear directional edge.,FAR
2026-06-29T06:32:49.435801+00:00,SOL/USDT,LONG,65.0,21.0,21.0,16.0,5.0,No clear directional edge.,FAR
2026-06-29T06:37:54.158839+00:00,SOL/USDT,LONG,71.0,21.0,21.0,14.0,7.0,No clear directional edge.,FAR
2026-06-29T06:42:59.707552+00:00,SOL/USDT,LONG,71.0,21.0,21.0,14.0,7.0,No clear directional edge.,FAR
2026-06-29T06:48:04.459939+00:00,SOL/USDT,LONG,71.0,21.0,21.0,14.0,7.0,No clear directional edge.,FAR
2026-06-29T06:53:12.736126+00:00,SOL/USDT,LONG,71.0,21.0,21.0,14.0,7.0,No clear directional edge.,FAR
2026-06-29T06:58:19.323355+00:00,SOL/USDT,LONG,71.0,21.0,21.0,14.0,7.0,No clear directional edge.,FAR
2026-06-29T07:03:24.157643+00:00,SOL/USDT,LONG,77.0,21.0,21.0,12.0,9.0,No clear directional edge.,MEDIUM
2026-06-29T07:08:29.212983+00:00,SOL/USDT,LONG,77.0,21.0,21.0,12.0,9.0,No clear directional edge.,MEDIUM
2026-06-29T07:13:36.512334+00:00,SOL/USDT,LONG,77.0,21.0,21.0,12.0,9.0,No clear directional edge.,MEDIUM
2026-06-29T07:18:41.117686+00:00,SOL/USDT,LONG,71.0,21.0,21.0,14.0,7.0,No clear directional edge.,FAR
2026-06-29T07:23:46.674400+00:00,SOL/USDT,LONG,71.0,21.0,21.0,14.0,7.0,No clear directional edge.,FAR
2026-06-29T07:28:52.245047+00:00,SOL/USDT,LONG,71.0,21.0,21.0,14.0,7.0,No clear directional edge.,FAR
2026-06-29T07:33:58.290031+00:00,SOL/USDT,LONG,71.0,21.0,21.0,14.0,7.0,No clear directional edge.,FAR
2026-06-29T07:39:04.481288+00:00,SOL/USDT,LONG,71.0,21.0,21.0,14.0,7.0,No clear directional edge.,FAR
2026-06-29T07:44:09.935020+00:00,SOL/USDT,LONG,71.0,21.0,21.0,14.0,7.0,No clear directional edge.,FAR
2026-06-29T07:49:16.881628+00:00,SOL/USDT,LONG,71.0,21.0,21.0,14.0,7.0,No clear directional edge.,FAR
2026-06-29T07:54:21.977482+00:00,SOL/USDT,LONG,65.0,21.0,21.0,16.0,5.0,No clear directional edge.,FAR
2026-06-29T07:59:28.950272+00:00,SOL/USDT,LONG,65.0,21.0,21.0,16.0,5.0,No clear directional edge.,FAR
2026-06-29T08:04:34.492504+00:00,SOL/USDT,LONG,65.0,21.0,21.0,16.0,5.0,No clear directional edge.,FAR
2026-06-29T08:09:39.566470+00:00,SOL/USDT,LONG,71.0,21.0,21.0,14.0,7.0,No clear directional edge.,FAR
2026-06-29T08:14:44.343518+00:00,SOL/USDT,LONG,71.0,21.0,21.0,14.0,7.0,No clear directional edge.,FAR
2026-06-29T08:20:13.375388+00:00,SOL/USDT,LONG,71.0,21.0,21.0,14.0,7.0,No clear directional edge.,FAR
2026-06-29T08:25:18.436381+00:00,SOL/USDT,LONG,71.0,21.0,21.0,14.0,7.0,No clear directional edge.,FAR
2026-06-29T08:30:24.520722+00:00,SOL/USDT,LONG,77.0,21.0,21.0,12.0,9.0,No clear directional edge.,MEDIUM
2026-06-29T08:35:33.111776+00:00,SOL/USDT,LONG,71.0,21.0,21.0,14.0,7.0,No clear directional edge.,FAR
2026-06-29T08:41:32.832789+00:00,SOL/USDT,LONG,65.0,21.0,21.0,16.0,5.0,No clear directional edge.,FAR
2026-06-29T08:46:36.825558+00:00,SOL/USDT,LONG,65.0,21.0,21.0,16.0,5.0,No clear directional edge.,FAR
2026-06-29T08:51:40.602546+00:00,SOL/USDT,LONG,65.0,21.0,21.0,16.0,5.0,No clear directional edge.,FAR
2026-06-29T08:56:44.914904+00:00,SOL/USDT,LONG,65.0,21.0,21.0,16.0,5.0,No clear directional edge.,FAR
2026-06-29T09:01:48.846469+00:00,SOL/USDT,LONG,65.0,21.0,21.0,16.0,5.0,No clear directional edge.,FAR
2026-06-29T09:25:42.700741+00:00,SOL/USDT,LONG,71.0,21.0,21.0,14.0,7.0,No clear directional edge.,FAR
2026-06-29T09:27:19.159032+00:00,SOL/USDT,LONG,71.0,21.0,21.0,14.0,7.0,No clear directional edge.,FAR
2026-06-29T09:32:34.161639+00:00,SOL/USDT,LONG,65.0,21.0,21.0,16.0,5.0,No clear directional edge.,FAR
2026-06-29T09:37:38.142963+00:00,SOL/USDT,LONG,65.0,21.0,21.0,16.0,5.0,No clear directional edge.,FAR
2026-06-29T09:42:41.942287+00:00,SOL/USDT,LONG,65.0,21.0,21.0,16.0,5.0,No clear directional edge.,FAR
2026-06-29T09:47:46.288140+00:00,SOL/USDT,LONG,65.0,21.0,21.0,16.0,5.0,No clear directional edge.,FAR
2026-06-29T09:52:51.142778+00:00,SOL/USDT,LONG,71.0,21.0,21.0,14.0,7.0,No clear directional edge.,FAR
2026-06-29T09:57:54.983352+00:00,SOL/USDT,LONG,65.0,21.0,21.0,16.0,5.0,No clear directional edge.,FAR
2026-06-29T10:02:57.123068+00:00,BTC/USDT,SHORT,83.0,23.0,12.0,23.0,11.0,No clear directional edge.,MEDIUM
2026-06-29T10:02:59.285939+00:00,SOL/USDT,LONG,65.0,21.0,21.0,16.0,5.0,No clear directional edge.,FAR
2026-06-29T10:08:01.993148+00:00,BTC/USDT,SHORT,83.0,23.0,12.0,23.0,11.0,No clear directional edge.,MEDIUM
2026-06-29T10:08:04.796034+00:00,SOL/USDT,LONG,65.0,21.0,21.0,16.0,5.0,No clear directional edge.,FAR
2026-06-29T10:11:07.947685+00:00,BTC/USDT,SHORT,83.0,23.0,12.0,23.0,11.0,No clear directional edge.,MEDIUM
2026-06-29T10:12:23.234473+00:00,BTC/USDT,SHORT,83.0,23.0,12.0,23.0,11.0,No clear directional edge.,MEDIUM
2026-06-29T10:12:25.507389+00:00,SOL/USDT,LONG,65.0,21.0,21.0,16.0,5.0,No clear directional edge.,FAR
2026-06-29T10:17:27.765250+00:00,BTC/USDT,SHORT,83.0,23.0,12.0,23.0,11.0,No clear directional edge.,MEDIUM
2026-06-29T10:22:31.382076+00:00,BTC/USDT,SHORT,83.0,23.0,12.0,23.0,11.0,No clear directional edge.,MEDIUM
2026-06-29T10:27:35.326847+00:00,BTC/USDT,SHORT,83.0,23.0,12.0,23.0,11.0,No clear directional edge.,MEDIUM
2026-06-29T10:32:42.884824+00:00,SOL/USDT,LONG,65.0,21.0,21.0,16.0,5.0,No clear directional edge.,FAR
2026-06-29T10:42:54.504893+00:00,SOL/USDT,LONG,65.0,21.0,21.0,16.0,5.0,No clear directional edge.,FAR
2026-06-29T10:53:01.917673+00:00,SOL/USDT,LONG,65.0,21.0,21.0,16.0,5.0,No clear directional edge.,FAR
2026-06-29T10:58:08.618747+00:00,SOL/USDT,LONG,65.0,21.0,21.0,16.0,5.0,No clear directional edge.,FAR
2026-06-29T11:03:12.485356+00:00,SOL/USDT,LONG,65.0,21.0,21.0,16.0,5.0,No clear directional edge.,FAR
2026-06-29T11:08:19.271389+00:00,SOL/USDT,LONG,71.0,21.0,21.0,14.0,7.0,No clear directional edge.,FAR
2026-06-29T11:13:25.469455+00:00,SOL/USDT,LONG,77.0,21.0,21.0,12.0,9.0,No clear directional edge.,MEDIUM
2026-06-29T11:18:31.337806+00:00,SOL/USDT,LONG,77.0,21.0,21.0,12.0,9.0,No clear directional edge.,MEDIUM
2026-06-29T11:23:35.404577+00:00,SOL/USDT,LONG,77.0,21.0,21.0,12.0,9.0,No clear directional edge.,MEDIUM
2026-06-29T11:28:40.891332+00:00,SOL/USDT,LONG,77.0,21.0,21.0,12.0,9.0,No clear directional edge.,MEDIUM
2026-06-29T11:33:45.924126+00:00,SOL/USDT,LONG,71.0,21.0,21.0,14.0,7.0,No clear directional edge.,FAR
2026-06-29T11:38:52.438434+00:00,SOL/USDT,LONG,77.0,21.0,21.0,12.0,9.0,No clear directional edge.,MEDIUM
2026-06-29T11:43:57.889492+00:00,SOL/USDT,LONG,77.0,21.0,21.0,12.0,9.0,No clear directional edge.,MEDIUM
2026-06-29T11:49:02.979818+00:00,SOL/USDT,LONG,77.0,21.0,21.0,12.0,9.0,No clear directional edge.,MEDIUM
2026-06-29T11:54:08.388850+00:00,SOL/USDT,LONG,77.0,21.0,21.0,12.0,9.0,No clear directional edge.,MEDIUM
2026-06-29T11:59:15.134255+00:00,SOL/USDT,LONG,77.0,21.0,21.0,12.0,9.0,No clear directional edge.,MEDIUM
2026-06-29T12:04:18.776101+00:00,BTC/USDT,SHORT,83.0,23.0,12.0,23.0,11.0,No clear directional edge.,MEDIUM
2026-06-29T12:04:20.206400+00:00,SOL/USDT,LONG,65.0,21.0,21.0,16.0,5.0,No clear directional edge.,FAR
2026-06-29T12:09:23.937974+00:00,BTC/USDT,SHORT,92.0,25.0,11.0,25.0,14.0,No clear directional edge.,VERY_CLOSE
2026-06-29T12:09:24.671660+00:00,ETH/USDT,SHORT,83.0,23.0,12.0,23.0,11.0,No clear directional edge.,MEDIUM
2026-06-29T12:09:26.529351+00:00,SOL/USDT,LONG,65.0,21.0,21.0,16.0,5.0,No clear directional edge.,FAR
2026-06-29T12:14:30.700344+00:00,BTC/USDT,SHORT,92.0,25.0,11.0,25.0,14.0,No clear directional edge.,VERY_CLOSE
2026-06-29T12:14:31.456152+00:00,ETH/USDT,SHORT,89.0,25.0,12.0,25.0,13.0,No clear directional edge.,CLOSE
2026-06-29T12:19:35.812374+00:00,BTC/USDT,SHORT,92.0,25.0,11.0,25.0,14.0,No clear directional edge.,VERY_CLOSE
2026-06-29T12:19:36.669575+00:00,ETH/USDT,SHORT,92.0,25.0,11.0,25.0,14.0,No clear directional edge.,VERY_CLOSE
2026-06-29T12:24:40.891465+00:00,BTC/USDT,SHORT,86.0,23.0,11.0,23.0,12.0,No clear directional edge.,CLOSE
2026-06-29T12:24:41.833726+00:00,ETH/USDT,SHORT,83.0,23.0,12.0,23.0,11.0,No clear directional edge.,MEDIUM
2026-06-29T12:29:47.042620+00:00,BTC/USDT,SHORT,92.0,25.0,11.0,25.0,14.0,No clear directional edge.,VERY_CLOSE
2026-06-29T12:29:47.807869+00:00,ETH/USDT,SHORT,83.0,23.0,12.0,23.0,11.0,No clear directional edge.,MEDIUM
2026-06-29T12:34:52.110367+00:00,BTC/USDT,SHORT,80.0,21.0,11.0,21.0,10.0,No clear directional edge.,MEDIUM
2026-06-29T12:34:52.925255+00:00,ETH/USDT,SHORT,83.0,23.0,12.0,23.0,11.0,No clear directional edge.,MEDIUM
2026-06-29T12:39:59.855091+00:00,SOL/USDT,LONG,65.0,21.0,21.0,16.0,5.0,No clear directional edge.,FAR
2026-06-29T12:45:05.539144+00:00,SOL/USDT,LONG,65.0,21.0,21.0,16.0,5.0,No clear directional edge.,FAR
2026-06-29T12:50:10.495622+00:00,SOL/USDT,LONG,65.0,21.0,21.0,16.0,5.0,No clear directional edge.,FAR
2026-06-29T12:55:15.777032+00:00,SOL/USDT,LONG,65.0,21.0,21.0,16.0,5.0,No clear directional edge.,FAR
2026-06-29T13:00:20.059160+00:00,SOL/USDT,LONG,65.0,21.0,21.0,16.0,5.0,No clear directional edge.,FAR
2026-06-29T13:14:17.534754+00:00,BTC/USDT,SHORT,77.0,21.0,12.0,21.0,9.0,No clear directional edge.,MEDIUM
2026-06-29T13:14:18.278137+00:00,ETH/USDT,SHORT,77.0,21.0,12.0,21.0,9.0,No clear directional edge.,MEDIUM
2026-06-29T13:19:21.731967+00:00,BTC/USDT,SHORT,77.0,21.0,12.0,21.0,9.0,No clear directional edge.,MEDIUM
2026-06-29T13:19:22.794331+00:00,ETH/USDT,SHORT,80.0,22.0,12.0,22.0,10.0,No clear directional edge.,MEDIUM
2026-06-29T13:39:43.305284+00:00,SOL/USDT,LONG,65.0,21.0,21.0,16.0,5.0,No clear directional edge.,FAR
2026-06-29T13:44:45.671385+00:00,BTC/USDT,SHORT,86.0,24.0,12.0,24.0,12.0,No clear directional edge.,CLOSE
2026-06-29T13:44:47.240243+00:00,SOL/USDT,LONG,77.0,21.0,21.0,12.0,9.0,No clear directional edge.,MEDIUM
2026-06-29T13:49:51.409532+00:00,SOL/USDT,LONG,77.0,21.0,21.0,12.0,9.0,No clear directional edge.,MEDIUM
2026-06-29T13:54:53.799429+00:00,BTC/USDT,SHORT,86.0,24.0,12.0,24.0,12.0,No clear directional edge.,CLOSE
2026-06-29T13:54:55.603824+00:00,SOL/USDT,LONG,77.0,21.0,21.0,12.0,9.0,No clear directional edge.,MEDIUM
2026-06-29T14:10:07.491958+00:00,SOL/USDT,LONG,77.0,21.0,21.0,12.0,9.0,No clear directional edge.,MEDIUM
2026-06-29T14:15:11.581097+00:00,SOL/USDT,LONG,86.0,20.0,20.0,8.0,12.0,No clear directional edge.,CLOSE
2026-06-29T14:20:15.307334+00:00,SOL/USDT,LONG,86.0,20.0,20.0,8.0,12.0,No clear directional edge.,CLOSE
2026-06-29T14:25:19.514585+00:00,SOL/USDT,LONG,77.0,21.0,21.0,12.0,9.0,No clear directional edge.,MEDIUM
2026-06-29T14:30:23.394406+00:00,SOL/USDT,LONG,77.0,21.0,21.0,12.0,9.0,No clear directional edge.,MEDIUM
2026-06-29T14:35:27.246224+00:00,SOL/USDT,LONG,65.0,21.0,21.0,16.0,5.0,No clear directional edge.,FAR
2026-06-29T14:40:32.307114+00:00,SOL/USDT,LONG,71.0,21.0,21.0,14.0,7.0,No clear directional edge.,FAR
2026-06-29T14:45:38.101347+00:00,SOL/USDT,LONG,77.0,21.0,21.0,12.0,9.0,No clear directional edge.,MEDIUM
2026-06-29T14:50:43.054758+00:00,SOL/USDT,LONG,77.0,21.0,21.0,12.0,9.0,No clear directional edge.,MEDIUM
2026-06-29T15:05:57.877051+00:00,SOL/USDT,LONG,77.0,21.0,21.0,12.0,9.0,No clear directional edge.,MEDIUM
2026-06-29T15:11:02.534509+00:00,SOL/USDT,LONG,77.0,21.0,21.0,12.0,9.0,No clear directional edge.,MEDIUM
2026-06-29T15:16:09.131016+00:00,SOL/USDT,LONG,77.0,21.0,21.0,12.0,9.0,No clear directional edge.,MEDIUM
2026-06-29T15:21:14.035734+00:00,SOL/USDT,LONG,65.0,21.0,21.0,16.0,5.0,No clear directional edge.,FAR
2026-06-29T15:26:18.933247+00:00,SOL/USDT,LONG,65.0,21.0,21.0,16.0,5.0,No clear directional edge.,FAR
2026-06-29T15:36:30.598547+00:00,ETH/USDT,SHORT,92.0,23.0,9.0,23.0,14.0,No clear directional edge.,VERY_CLOSE
2026-06-29T15:51:47.657800+00:00,ETH/USDT,SHORT,92.0,23.0,9.0,23.0,14.0,No clear directional edge.,VERY_CLOSE
2026-06-29T16:17:18.858427+00:00,ETH/USDT,SHORT,92.0,23.0,9.0,23.0,14.0,No clear directional edge.,VERY_CLOSE
2026-06-29T16:22:23.903042+00:00,ETH/USDT,SHORT,92.0,23.0,9.0,23.0,14.0,No clear directional edge.,VERY_CLOSE
2026-06-29T16:22:25.447551+00:00,SOL/USDT,LONG,65.0,21.0,21.0,16.0,5.0,No clear directional edge.,FAR
2026-06-29T16:27:30.934805+00:00,SOL/USDT,LONG,77.0,21.0,21.0,12.0,9.0,No clear directional edge.,MEDIUM
2026-06-29T16:32:35.781325+00:00,SOL/USDT,LONG,77.0,21.0,21.0,12.0,9.0,No clear directional edge.,MEDIUM
2026-06-29T16:37:40.370514+00:00,ETH/USDT,SHORT,92.0,23.0,9.0,23.0,14.0,No clear directional edge.,VERY_CLOSE
2026-06-29T16:37:42.436263+00:00,SOL/USDT,LONG,71.0,21.0,21.0,14.0,7.0,No clear directional edge.,FAR
2026-06-29T16:47:52.369397+00:00,ETH/USDT,SHORT,77.0,21.0,12.0,21.0,9.0,No clear directional edge.,MEDIUM
2026-06-29T16:58:03.568924+00:00,ETH/USDT,SHORT,77.0,21.0,12.0,21.0,9.0,No clear directional edge.,MEDIUM
2026-06-29T17:03:09.235488+00:00,ETH/USDT,SHORT,83.0,23.0,12.0,23.0,11.0,No clear directional edge.,MEDIUM
2026-06-29T17:08:12.677739+00:00,BTC/USDT,SHORT,77.0,21.0,12.0,21.0,9.0,No clear directional edge.,MEDIUM
2026-06-29T17:08:14.001063+00:00,ETH/USDT,SHORT,83.0,23.0,12.0,23.0,11.0,No clear directional edge.,MEDIUM
2026-06-29T17:13:17.595833+00:00,BTC/USDT,SHORT,92.0,25.0,11.0,25.0,14.0,No clear directional edge.,VERY_CLOSE
2026-06-29T17:13:18.328546+00:00,ETH/USDT,SHORT,71.0,22.0,15.0,22.0,7.0,No clear directional edge.,FAR
2026-06-29T17:18:22.008148+00:00,BTC/USDT,SHORT,92.0,25.0,11.0,25.0,14.0,No clear directional edge.,VERY_CLOSE
2026-06-29T17:18:23.679567+00:00,ETH/USDT,SHORT,71.0,22.0,15.0,22.0,7.0,No clear directional edge.,FAR
2026-06-29T17:23:27.283957+00:00,BTC/USDT,SHORT,86.0,23.0,11.0,23.0,12.0,No clear directional edge.,CLOSE
2026-06-29T17:23:29.168353+00:00,ETH/USDT,SHORT,71.0,22.0,15.0,22.0,7.0,No clear directional edge.,FAR
2026-06-29T17:28:33.008178+00:00,BTC/USDT,SHORT,92.0,25.0,11.0,25.0,14.0,No clear directional edge.,VERY_CLOSE
2026-06-29T17:28:33.711202+00:00,ETH/USDT,SHORT,71.0,22.0,15.0,22.0,7.0,No clear directional edge.,FAR
2026-06-29T17:33:37.321726+00:00,BTC/USDT,SHORT,92.0,25.0,11.0,25.0,14.0,No clear directional edge.,VERY_CLOSE
2026-06-29T17:33:38.625050+00:00,ETH/USDT,SHORT,71.0,22.0,15.0,22.0,7.0,No clear directional edge.,FAR
2026-06-29T17:38:43.015048+00:00,BTC/USDT,SHORT,80.0,21.0,11.0,21.0,10.0,No clear directional edge.,MEDIUM
2026-06-29T17:38:43.887425+00:00,ETH/USDT,SHORT,71.0,22.0,15.0,22.0,7.0,No clear directional edge.,FAR
2026-06-29T17:43:47.887977+00:00,BTC/USDT,SHORT,92.0,25.0,11.0,25.0,14.0,No clear directional edge.,VERY_CLOSE
2026-06-29T17:43:48.699071+00:00,ETH/USDT,SHORT,71.0,22.0,15.0,22.0,7.0,No clear directional edge.,FAR
2026-06-29T17:48:52.843520+00:00,BTC/USDT,SHORT,92.0,25.0,11.0,25.0,14.0,No clear directional edge.,VERY_CLOSE
2026-06-29T17:48:54.106016+00:00,ETH/USDT,SHORT,71.0,22.0,15.0,22.0,7.0,No clear directional edge.,FAR
2026-06-29T17:53:58.597510+00:00,BTC/USDT,SHORT,92.0,25.0,11.0,25.0,14.0,No clear directional edge.,VERY_CLOSE
2026-06-29T17:53:59.470513+00:00,ETH/USDT,SHORT,71.0,22.0,15.0,22.0,7.0,No clear directional edge.,FAR
2026-06-29T17:59:03.985615+00:00,BTC/USDT,SHORT,86.0,23.0,11.0,23.0,12.0,No clear directional edge.,CLOSE
2026-06-29T17:59:04.719601+00:00,ETH/USDT,SHORT,71.0,22.0,15.0,22.0,7.0,No clear directional edge.,FAR
2026-06-29T18:04:08.412496+00:00,BTC/USDT,SHORT,80.0,21.0,11.0,21.0,10.0,No clear directional edge.,MEDIUM
2026-06-29T18:04:09.762518+00:00,ETH/USDT,SHORT,71.0,22.0,15.0,22.0,7.0,No clear directional edge.,FAR
2026-06-29T18:09:13.178154+00:00,BTC/USDT,SHORT,92.0,25.0,11.0,25.0,14.0,No clear directional edge.,VERY_CLOSE
2026-06-29T18:09:14.244109+00:00,ETH/USDT,SHORT,71.0,22.0,15.0,22.0,7.0,No clear directional edge.,FAR
2026-06-29T18:14:17.844618+00:00,BTC/USDT,SHORT,92.0,25.0,11.0,25.0,14.0,No clear directional edge.,VERY_CLOSE
2026-06-29T18:14:18.710297+00:00,ETH/USDT,SHORT,71.0,22.0,15.0,22.0,7.0,No clear directional edge.,FAR
2026-06-29T18:19:23.849959+00:00,BTC/USDT,SHORT,92.0,25.0,11.0,25.0,14.0,No clear directional edge.,VERY_CLOSE
2026-06-29T18:19:24.730478+00:00,ETH/USDT,SHORT,71.0,22.0,15.0,22.0,7.0,No clear directional edge.,FAR
2026-06-29T18:24:30.128415+00:00,BTC/USDT,SHORT,86.0,23.0,11.0,23.0,12.0,No clear directional edge.,CLOSE
2026-06-29T18:24:31.047406+00:00,ETH/USDT,SHORT,71.0,22.0,15.0,22.0,7.0,No clear directional edge.,FAR
2026-06-29T18:29:35.792387+00:00,BTC/USDT,SHORT,77.0,21.0,12.0,21.0,9.0,No clear directional edge.,MEDIUM
2026-06-29T18:29:36.713967+00:00,ETH/USDT,SHORT,65.0,20.0,15.0,20.0,5.0,No clear directional edge.,FAR
2026-06-29T18:34:40.895623+00:00,BTC/USDT,SHORT,77.0,21.0,12.0,21.0,9.0,No clear directional edge.,MEDIUM
2026-06-29T18:34:41.635186+00:00,ETH/USDT,SHORT,71.0,22.0,15.0,22.0,7.0,No clear directional edge.,FAR
2026-06-29T18:39:45.920815+00:00,BTC/USDT,SHORT,77.0,21.0,12.0,21.0,9.0,No clear directional edge.,MEDIUM
2026-06-29T18:39:47.052763+00:00,ETH/USDT,SHORT,71.0,22.0,15.0,22.0,7.0,No clear directional edge.,FAR
2026-06-29T18:44:52.750553+00:00,BTC/USDT,SHORT,77.0,21.0,12.0,21.0,9.0,No clear directional edge.,MEDIUM
2026-06-29T18:44:53.572803+00:00,ETH/USDT,SHORT,71.0,22.0,15.0,22.0,7.0,No clear directional edge.,FAR
2026-06-29T18:49:57.879485+00:00,BTC/USDT,SHORT,77.0,21.0,12.0,21.0,9.0,No clear directional edge.,MEDIUM
2026-06-29T18:49:58.720585+00:00,ETH/USDT,SHORT,71.0,22.0,15.0,22.0,7.0,No clear directional edge.,FAR
2026-06-29T18:55:02.679765+00:00,BTC/USDT,SHORT,77.0,21.0,12.0,21.0,9.0,No clear directional edge.,MEDIUM
2026-06-29T18:55:03.703839+00:00,ETH/USDT,SHORT,71.0,22.0,15.0,22.0,7.0,No clear directional edge.,FAR
2026-06-29T19:00:07.873600+00:00,BTC/USDT,SHORT,77.0,21.0,12.0,21.0,9.0,No clear directional edge.,MEDIUM
2026-06-29T19:00:08.632456+00:00,ETH/USDT,SHORT,71.0,22.0,15.0,22.0,7.0,No clear directional edge.,FAR
2026-06-29T19:05:13.109167+00:00,BTC/USDT,SHORT,80.0,22.0,12.0,22.0,10.0,No clear directional edge.,MEDIUM
2026-06-29T19:05:13.936679+00:00,ETH/USDT,SHORT,65.0,20.0,15.0,20.0,5.0,No clear directional edge.,FAR
2026-06-29T19:10:18.284324+00:00,BTC/USDT,SHORT,77.0,21.0,12.0,21.0,9.0,No clear directional edge.,MEDIUM
2026-06-29T19:10:19.484252+00:00,ETH/USDT,SHORT,65.0,20.0,15.0,20.0,5.0,No clear directional edge.,FAR
2026-06-29T19:15:22.519420+00:00,BTC/USDT,SHORT,80.0,22.0,12.0,22.0,10.0,No clear directional edge.,MEDIUM
2026-06-29T19:15:23.725685+00:00,ETH/USDT,SHORT,65.0,20.0,15.0,20.0,5.0,No clear directional edge.,FAR
2026-06-29T19:20:26.755796+00:00,BTC/USDT,SHORT,77.0,21.0,12.0,21.0,9.0,No clear directional edge.,MEDIUM
2026-06-29T19:20:27.748165+00:00,ETH/USDT,SHORT,71.0,22.0,15.0,22.0,7.0,No clear directional edge.,FAR
2026-06-29T19:25:30.828777+00:00,BTC/USDT,SHORT,80.0,21.0,11.0,21.0,10.0,No clear directional edge.,MEDIUM
2026-06-29T19:25:32.040902+00:00,ETH/USDT,SHORT,71.0,22.0,15.0,22.0,7.0,No clear directional edge.,FAR
2026-06-29T19:30:35.042509+00:00,BTC/USDT,SHORT,86.0,23.0,11.0,23.0,12.0,No clear directional edge.,CLOSE
2026-06-29T19:30:36.212592+00:00,ETH/USDT,SHORT,71.0,22.0,15.0,22.0,7.0,No clear directional edge.,FAR
2026-06-29T19:32:56.149050+00:00,BTC/USDT,SHORT,86.0,23.0,11.0,23.0,12.0,No clear directional edge.,CLOSE
2026-06-29T19:32:56.974343+00:00,ETH/USDT,SHORT,71.0,22.0,15.0,22.0,7.0,No clear directional edge.,FAR
2026-06-29T19:38:00.078425+00:00,BTC/USDT,SHORT,77.0,21.0,12.0,21.0,9.0,No clear directional edge.,MEDIUM
2026-06-29T19:38:00.895045+00:00,ETH/USDT,SHORT,71.0,22.0,15.0,22.0,7.0,No clear directional edge.,FAR
2026-06-29T19:43:05.215912+00:00,BTC/USDT,SHORT,77.0,21.0,12.0,21.0,9.0,No clear directional edge.,MEDIUM
2026-06-29T19:43:05.949910+00:00,ETH/USDT,SHORT,71.0,22.0,15.0,22.0,7.0,No clear directional edge.,FAR
2026-06-29T19:48:10.219053+00:00,BTC/USDT,SHORT,92.0,25.0,11.0,25.0,14.0,No clear directional edge.,VERY_CLOSE
2026-06-29T19:48:11.483124+00:00,ETH/USDT,SHORT,71.0,22.0,15.0,22.0,7.0,No clear directional edge.,FAR
2026-06-29T19:53:15.525472+00:00,BTC/USDT,SHORT,92.0,25.0,11.0,25.0,14.0,No clear directional edge.,VERY_CLOSE
2026-06-29T19:53:16.242239+00:00,ETH/USDT,SHORT,71.0,22.0,15.0,22.0,7.0,No clear directional edge.,FAR
2026-06-29T19:58:20.505189+00:00,BTC/USDT,SHORT,92.0,25.0,11.0,25.0,14.0,No clear directional edge.,VERY_CLOSE
2026-06-29T19:58:21.227384+00:00,ETH/USDT,SHORT,71.0,22.0,15.0,22.0,7.0,No clear directional edge.,FAR
2026-06-29T20:03:25.222190+00:00,BTC/USDT,SHORT,62.0,19.0,15.0,19.0,4.0,No clear directional edge.,FAR
2026-06-29T20:03:26.039214+00:00,ETH/USDT,SHORT,71.0,22.0,15.0,22.0,7.0,No clear directional edge.,FAR
2026-06-29T20:08:29.462024+00:00,BTC/USDT,SHORT,62.0,19.0,15.0,19.0,4.0,No clear directional edge.,FAR
2026-06-29T20:08:30.412543+00:00,ETH/USDT,SHORT,71.0,22.0,15.0,22.0,7.0,No clear directional edge.,FAR
2026-06-29T20:13:33.727446+00:00,BTC/USDT,SHORT,62.0,19.0,15.0,19.0,4.0,No clear directional edge.,FAR
2026-06-29T20:13:34.825040+00:00,ETH/USDT,SHORT,71.0,22.0,15.0,22.0,7.0,No clear directional edge.,FAR
2026-06-29T20:18:39.618879+00:00,ETH/USDT,SHORT,71.0,22.0,15.0,22.0,7.0,No clear directional edge.,FAR
2026-06-29T20:23:43.714905+00:00,BTC/USDT,SHORT,62.0,19.0,15.0,19.0,4.0,No clear directional edge.,FAR
2026-06-29T20:23:44.441859+00:00,ETH/USDT,SHORT,71.0,22.0,15.0,22.0,7.0,No clear directional edge.,FAR
2026-06-29T20:28:48.723073+00:00,BTC/USDT,SHORT,62.0,19.0,15.0,19.0,4.0,No clear directional edge.,FAR
2026-06-29T20:28:49.603388+00:00,ETH/USDT,SHORT,71.0,22.0,15.0,22.0,7.0,No clear directional edge.,FAR
2026-06-29T20:33:53.987010+00:00,BTC/USDT,SHORT,62.0,19.0,15.0,19.0,4.0,No clear directional edge.,FAR
2026-06-29T20:33:55.623145+00:00,ETH/USDT,SHORT,71.0,22.0,15.0,22.0,7.0,No clear directional edge.,FAR
2026-06-29T20:38:59.516442+00:00,BTC/USDT,SHORT,62.0,19.0,15.0,19.0,4.0,No clear directional edge.,FAR
2026-06-29T20:39:00.280978+00:00,ETH/USDT,SHORT,71.0,22.0,15.0,22.0,7.0,No clear directional edge.,FAR
2026-06-29T20:44:03.628029+00:00,BTC/USDT,SHORT,62.0,19.0,15.0,19.0,4.0,No clear directional edge.,FAR
2026-06-29T20:44:04.380457+00:00,ETH/USDT,SHORT,71.0,22.0,15.0,22.0,7.0,No clear directional edge.,FAR
2026-06-29T20:49:11.061279+00:00,ETH/USDT,SHORT,71.0,22.0,15.0,22.0,7.0,No clear directional edge.,FAR
2026-06-29T20:54:15.034545+00:00,BTC/USDT,SHORT,77.0,21.0,12.0,21.0,9.0,No clear directional edge.,MEDIUM
2026-06-29T20:54:15.859168+00:00,ETH/USDT,SHORT,65.0,20.0,15.0,20.0,5.0,No clear directional edge.,FAR
2026-06-29T20:59:20.492956+00:00,BTC/USDT,SHORT,77.0,21.0,12.0,21.0,9.0,No clear directional edge.,MEDIUM
2026-06-29T21:40:00.940432+00:00,BTC/USDT,SHORT,62.0,19.0,15.0,19.0,4.0,No clear directional edge.,FAR
2026-06-29T21:40:01.767687+00:00,ETH/USDT,SHORT,71.0,22.0,15.0,22.0,7.0,No clear directional edge.,FAR
2026-06-29T21:45:06.554884+00:00,BTC/USDT,SHORT,62.0,19.0,15.0,19.0,4.0,No clear directional edge.,FAR
2026-06-29T21:45:07.545039+00:00,ETH/USDT,SHORT,71.0,22.0,15.0,22.0,7.0,No clear directional edge.,FAR
2026-06-29T21:50:12.274220+00:00,BTC/USDT,SHORT,62.0,19.0,15.0,19.0,4.0,No clear directional edge.,FAR
2026-06-29T21:50:14.697294+00:00,ETH/USDT,SHORT,71.0,22.0,15.0,22.0,7.0,No clear directional edge.,FAR
2026-06-29T21:55:19.824018+00:00,BTC/USDT,SHORT,68.0,21.0,15.0,21.0,6.0,No clear directional edge.,FAR
2026-06-29T21:55:20.807782+00:00,ETH/USDT,SHORT,71.0,22.0,15.0,22.0,7.0,No clear directional edge.,FAR
2026-06-29T22:00:24.942065+00:00,BTC/USDT,SHORT,62.0,19.0,15.0,19.0,4.0,No clear directional edge.,FAR
2026-06-29T22:05:30.011506+00:00,BTC/USDT,SHORT,62.0,19.0,15.0,19.0,4.0,No clear directional edge.,FAR
2026-06-29T22:10:35.072509+00:00,BTC/USDT,SHORT,62.0,19.0,15.0,19.0,4.0,No clear directional edge.,FAR
2026-06-29T22:10:36.302623+00:00,ETH/USDT,SHORT,65.0,20.0,15.0,20.0,5.0,No clear directional edge.,FAR
2026-06-29T22:15:40.467313+00:00,BTC/USDT,SHORT,62.0,19.0,15.0,19.0,4.0,No clear directional edge.,FAR
2026-06-29T22:15:41.425835+00:00,ETH/USDT,SHORT,65.0,20.0,15.0,20.0,5.0,No clear directional edge.,FAR
2026-06-29T22:20:46.048548+00:00,BTC/USDT,SHORT,62.0,19.0,15.0,19.0,4.0,No clear directional edge.,FAR
2026-06-29T22:20:47.097483+00:00,ETH/USDT,SHORT,71.0,22.0,15.0,22.0,7.0,No clear directional edge.,FAR
2026-06-29T22:25:51.757288+00:00,BTC/USDT,SHORT,62.0,19.0,15.0,19.0,4.0,No clear directional edge.,FAR
2026-06-29T22:25:53.659170+00:00,SOL/USDT,LONG,62.0,21.0,21.0,17.0,4.0,No clear directional edge.,FAR
2026-06-29T22:30:57.203730+00:00,BTC/USDT,SHORT,62.0,19.0,15.0,19.0,4.0,No clear directional edge.,FAR
2026-06-29T22:36:04.880750+00:00,SOL/USDT,LONG,62.0,21.0,21.0,17.0,4.0,No clear directional edge.,FAR
2026-06-29T22:41:10.907799+00:00,SOL/USDT,LONG,62.0,21.0,21.0,17.0,4.0,No clear directional edge.,FAR
2026-06-29T22:46:16.494593+00:00,SOL/USDT,LONG,62.0,21.0,21.0,17.0,4.0,No clear directional edge.,FAR
2026-06-29T22:51:21.339741+00:00,SOL/USDT,LONG,62.0,21.0,21.0,17.0,4.0,No clear directional edge.,FAR
2026-06-29T22:56:27.599885+00:00,SOL/USDT,LONG,62.0,21.0,21.0,17.0,4.0,No clear directional edge.,FAR
2026-06-29T23:01:33.083696+00:00,SOL/USDT,LONG,62.0,21.0,21.0,17.0,4.0,No clear directional edge.,FAR
2026-06-29T23:06:38.500429+00:00,SOL/USDT,LONG,62.0,21.0,21.0,17.0,4.0,No clear directional edge.,FAR
2026-06-29T23:11:43.508478+00:00,SOL/USDT,LONG,62.0,21.0,21.0,17.0,4.0,No clear directional edge.,FAR
2026-06-29T23:16:48.740755+00:00,SOL/USDT,LONG,62.0,21.0,21.0,17.0,4.0,No clear directional edge.,FAR
2026-06-29T23:21:53.623789+00:00,SOL/USDT,LONG,62.0,21.0,21.0,17.0,4.0,No clear directional edge.,FAR
2026-06-29T23:26:58.724483+00:00,SOL/USDT,LONG,62.0,21.0,21.0,17.0,4.0,No clear directional edge.,FAR
2026-06-29T23:32:03.501075+00:00,SOL/USDT,LONG,71.0,21.0,21.0,14.0,7.0,No clear directional edge.,FAR
2026-06-29T23:37:08.914199+00:00,SOL/USDT,LONG,71.0,21.0,21.0,14.0,7.0,No clear directional edge.,FAR
2026-06-29T23:43:47.964321+00:00,SOL/USDT,LONG,71.0,21.0,21.0,14.0,7.0,No clear directional edge.,FAR
2026-06-29T23:48:53.234189+00:00,SOL/USDT,LONG,62.0,21.0,21.0,17.0,4.0,No clear directional edge.,FAR
2026-06-29T23:53:58.913652+00:00,SOL/USDT,LONG,71.0,21.0,21.0,14.0,7.0,No clear directional edge.,FAR
2026-06-29T23:59:04.965297+00:00,SOL/USDT,LONG,71.0,21.0,21.0,14.0,7.0,No clear directional edge.,FAR
2026-06-30T00:04:09.799082+00:00,SOL/USDT,LONG,71.0,21.0,21.0,14.0,7.0,No clear directional edge.,FAR
2026-06-30T00:09:15.413031+00:00,SOL/USDT,LONG,71.0,21.0,21.0,14.0,7.0,No clear directional edge.,FAR
2026-06-30T00:14:20.149760+00:00,SOL/USDT,LONG,71.0,21.0,21.0,14.0,7.0,No clear directional edge.,FAR
2026-06-30T00:19:25.643243+00:00,SOL/USDT,LONG,71.0,21.0,21.0,14.0,7.0,No clear directional edge.,FAR
2026-06-30T00:24:30.253778+00:00,SOL/USDT,LONG,71.0,21.0,21.0,14.0,7.0,No clear directional edge.,FAR
2026-06-30T00:29:35.762851+00:00,SOL/USDT,LONG,71.0,21.0,21.0,14.0,7.0,No clear directional edge.,FAR
2026-06-30T00:34:40.655801+00:00,SOL/USDT,LONG,80.0,20.0,20.0,10.0,10.0,No clear directional edge.,MEDIUM
2026-06-30T00:39:46.140703+00:00,SOL/USDT,LONG,65.0,18.0,18.0,13.0,5.0,No clear directional edge.,FAR
2026-06-30T00:44:51.075785+00:00,SOL/USDT,LONG,80.0,20.0,20.0,10.0,10.0,No clear directional edge.,MEDIUM
2026-06-30T00:49:57.464301+00:00,SOL/USDT,LONG,71.0,21.0,21.0,14.0,7.0,No clear directional edge.,FAR
2026-06-30T00:55:04.698233+00:00,SOL/USDT,LONG,80.0,20.0,20.0,10.0,10.0,No clear directional edge.,MEDIUM
2026-06-30T01:00:11.702519+00:00,SOL/USDT,LONG,65.0,18.0,18.0,13.0,5.0,No clear directional edge.,FAR
2026-06-30T01:05:16.930368+00:00,SOL/USDT,LONG,65.0,18.0,18.0,13.0,5.0,No clear directional edge.,FAR
2026-06-30T01:10:22.229101+00:00,SOL/USDT,LONG,65.0,18.0,18.0,13.0,5.0,No clear directional edge.,FAR
2026-06-30T01:15:27.396844+00:00,SOL/USDT,LONG,65.0,18.0,18.0,13.0,5.0,No clear directional edge.,FAR
2026-06-30T01:20:32.168731+00:00,SOL/USDT,LONG,65.0,18.0,18.0,13.0,5.0,No clear directional edge.,FAR
2026-06-30T01:25:37.520667+00:00,SOL/USDT,LONG,65.0,18.0,18.0,13.0,5.0,No clear directional edge.,FAR
2026-06-30T01:30:42.723436+00:00,SOL/USDT,LONG,65.0,18.0,18.0,13.0,5.0,No clear directional edge.,FAR
2026-06-30T01:35:47.849437+00:00,SOL/USDT,LONG,65.0,18.0,18.0,13.0,5.0,No clear directional edge.,FAR
2026-06-30T01:40:53.378302+00:00,SOL/USDT,LONG,65.0,18.0,18.0,13.0,5.0,No clear directional edge.,FAR
2026-06-30T01:45:58.304966+00:00,SOL/USDT,LONG,65.0,18.0,18.0,13.0,5.0,No clear directional edge.,FAR
2026-06-30T01:51:03.300946+00:00,SOL/USDT,LONG,65.0,18.0,18.0,13.0,5.0,No clear directional edge.,FAR
2026-06-30T01:56:08.657161+00:00,SOL/USDT,LONG,65.0,18.0,18.0,13.0,5.0,No clear directional edge.,FAR
2026-06-30T02:01:14.356425+00:00,SOL/USDT,LONG,65.0,18.0,18.0,13.0,5.0,No clear directional edge.,FAR
2026-06-30T02:06:19.734554+00:00,SOL/USDT,LONG,65.0,18.0,18.0,13.0,5.0,No clear directional edge.,FAR
2026-06-30T02:11:24.835314+00:00,SOL/USDT,LONG,65.0,18.0,18.0,13.0,5.0,No clear directional edge.,FAR
2026-06-30T02:21:35.926267+00:00,SOL/USDT,LONG,65.0,18.0,18.0,13.0,5.0,No clear directional edge.,FAR
2026-06-30T02:26:41.601821+00:00,SOL/USDT,LONG,65.0,18.0,18.0,13.0,5.0,No clear directional edge.,FAR
2026-06-30T02:31:46.629472+00:00,SOL/USDT,LONG,65.0,18.0,18.0,13.0,5.0,No clear directional edge.,FAR
2026-06-30T02:36:51.432702+00:00,SOL/USDT,LONG,65.0,18.0,18.0,13.0,5.0,No clear directional edge.,FAR
2026-06-30T02:41:57.827697+00:00,SOL/USDT,LONG,65.0,18.0,18.0,13.0,5.0,No clear directional edge.,FAR
2026-06-30T02:47:03.282953+00:00,SOL/USDT,LONG,65.0,18.0,18.0,13.0,5.0,No clear directional edge.,FAR
2026-06-30T02:52:07.922575+00:00,SOL/USDT,LONG,65.0,18.0,18.0,13.0,5.0,No clear directional edge.,FAR
2026-06-30T02:57:12.724125+00:00,SOL/USDT,LONG,65.0,18.0,18.0,13.0,5.0,No clear directional edge.,FAR
2026-06-30T03:02:17.690382+00:00,SOL/USDT,LONG,65.0,18.0,18.0,13.0,5.0,No clear directional edge.,FAR
2026-06-30T03:07:23.567799+00:00,SOL/USDT,LONG,65.0,18.0,18.0,13.0,5.0,No clear directional edge.,FAR
2026-06-30T03:12:28.484851+00:00,SOL/USDT,LONG,65.0,18.0,18.0,13.0,5.0,No clear directional edge.,FAR
2026-06-30T03:17:34.361225+00:00,SOL/USDT,LONG,65.0,18.0,18.0,13.0,5.0,No clear directional edge.,FAR
2026-06-30T03:22:39.229198+00:00,SOL/USDT,LONG,65.0,18.0,18.0,13.0,5.0,No clear directional edge.,FAR
2026-06-30T03:27:45.543036+00:00,SOL/USDT,LONG,65.0,18.0,18.0,13.0,5.0,No clear directional edge.,FAR
2026-06-30T03:32:50.709747+00:00,SOL/USDT,LONG,65.0,18.0,18.0,13.0,5.0,No clear directional edge.,FAR
2026-06-30T03:37:53.788054+00:00,BTC/USDT,SHORT,77.0,20.0,11.0,20.0,9.0,No clear directional edge.,MEDIUM
2026-06-30T03:37:55.445865+00:00,SOL/USDT,LONG,65.0,18.0,18.0,13.0,5.0,No clear directional edge.,FAR
2026-06-30T03:42:58.669256+00:00,BTC/USDT,SHORT,77.0,20.0,11.0,20.0,9.0,No clear directional edge.,MEDIUM
2026-06-30T03:43:00.094894+00:00,SOL/USDT,LONG,65.0,18.0,18.0,13.0,5.0,No clear directional edge.,FAR
2026-06-30T03:48:03.275593+00:00,BTC/USDT,SHORT,77.0,20.0,11.0,20.0,9.0,No clear directional edge.,MEDIUM
2026-06-30T03:48:04.903006+00:00,SOL/USDT,LONG,65.0,18.0,18.0,13.0,5.0,No clear directional edge.,FAR
2026-06-30T03:53:08.111370+00:00,BTC/USDT,SHORT,77.0,20.0,11.0,20.0,9.0,No clear directional edge.,MEDIUM
2026-06-30T03:53:09.862028+00:00,SOL/USDT,LONG,65.0,18.0,18.0,13.0,5.0,No clear directional edge.,FAR
2026-06-30T03:58:13.107662+00:00,BTC/USDT,SHORT,68.0,21.0,15.0,21.0,6.0,No clear directional edge.,FAR
2026-06-30T03:58:14.633715+00:00,SOL/USDT,LONG,65.0,18.0,18.0,13.0,5.0,No clear directional edge.,FAR
2026-06-30T04:03:18.537021+00:00,BTC/USDT,SHORT,68.0,21.0,15.0,21.0,6.0,No clear directional edge.,FAR
2026-06-30T04:08:23.923606+00:00,BTC/USDT,SHORT,68.0,21.0,15.0,21.0,6.0,No clear directional edge.,FAR
2026-06-30T04:13:28.766566+00:00,BTC/USDT,SHORT,68.0,21.0,15.0,21.0,6.0,No clear directional edge.,FAR
2026-06-30T04:18:33.896520+00:00,BTC/USDT,SHORT,68.0,21.0,15.0,21.0,6.0,No clear directional edge.,FAR
2026-06-30T04:23:38.739708+00:00,BTC/USDT,SHORT,68.0,21.0,15.0,21.0,6.0,No clear directional edge.,FAR
2026-06-30T04:28:44.655099+00:00,BTC/USDT,SHORT,68.0,21.0,15.0,21.0,6.0,No clear directional edge.,FAR
2026-06-30T04:33:49.779402+00:00,BTC/USDT,SHORT,77.0,20.0,11.0,20.0,9.0,No clear directional edge.,MEDIUM
2026-06-30T04:38:54.628020+00:00,BTC/USDT,SHORT,77.0,20.0,11.0,20.0,9.0,No clear directional edge.,MEDIUM
2026-06-30T04:43:58.882757+00:00,BTC/USDT,SHORT,68.0,21.0,15.0,21.0,6.0,No clear directional edge.,FAR
2026-06-30T04:49:03.718736+00:00,BTC/USDT,SHORT,68.0,21.0,15.0,21.0,6.0,No clear directional edge.,FAR
2026-06-30T04:54:09.896314+00:00,BTC/USDT,SHORT,68.0,21.0,15.0,21.0,6.0,No clear directional edge.,FAR
2026-06-30T04:59:15.175235+00:00,BTC/USDT,SHORT,68.0,21.0,15.0,21.0,6.0,No clear directional edge.,FAR
2026-06-30T05:04:20.049595+00:00,BTC/USDT,SHORT,68.0,21.0,15.0,21.0,6.0,No clear directional edge.,FAR
2026-06-30T05:09:24.306338+00:00,BTC/USDT,SHORT,68.0,21.0,15.0,21.0,6.0,No clear directional edge.,FAR
2026-06-30T05:14:29.090528+00:00,BTC/USDT,SHORT,68.0,21.0,15.0,21.0,6.0,No clear directional edge.,FAR
2026-06-30T05:19:34.062075+00:00,BTC/USDT,SHORT,68.0,21.0,15.0,21.0,6.0,No clear directional edge.,FAR
2026-06-30T05:24:38.843965+00:00,BTC/USDT,SHORT,68.0,21.0,15.0,21.0,6.0,No clear directional edge.,FAR
2026-06-30T05:29:43.273023+00:00,BTC/USDT,SHORT,68.0,21.0,15.0,21.0,6.0,No clear directional edge.,FAR
2026-06-30T05:34:48.593480+00:00,BTC/USDT,SHORT,68.0,21.0,15.0,21.0,6.0,No clear directional edge.,FAR
2026-06-30T05:39:53.791706+00:00,BTC/USDT,SHORT,68.0,21.0,15.0,21.0,6.0,No clear directional edge.,FAR
2026-06-30T05:44:59.131172+00:00,BTC/USDT,SHORT,68.0,21.0,15.0,21.0,6.0,No clear directional edge.,FAR
2026-06-30T05:50:04.183294+00:00,BTC/USDT,SHORT,68.0,21.0,15.0,21.0,6.0,No clear directional edge.,FAR
2026-06-30T05:55:08.735146+00:00,BTC/USDT,SHORT,68.0,21.0,15.0,21.0,6.0,No clear directional edge.,FAR
2026-06-30T06:00:13.342089+00:00,BTC/USDT,SHORT,77.0,20.0,11.0,20.0,9.0,No clear directional edge.,MEDIUM
2026-06-30T06:00:14.851968+00:00,SOL/USDT,LONG,65.0,18.0,18.0,13.0,5.0,No clear directional edge.,FAR
2026-06-30T06:05:18.809956+00:00,BTC/USDT,SHORT,68.0,21.0,15.0,21.0,6.0,No clear directional edge.,FAR
2026-06-30T06:10:25.181186+00:00,BTC/USDT,SHORT,68.0,21.0,15.0,21.0,6.0,No clear directional edge.,FAR
2026-06-30T06:15:30.623202+00:00,BTC/USDT,SHORT,68.0,21.0,15.0,21.0,6.0,No clear directional edge.,FAR
2026-06-30T06:20:35.578078+00:00,BTC/USDT,SHORT,68.0,21.0,15.0,21.0,6.0,No clear directional edge.,FAR
2026-06-30T06:25:40.526287+00:00,BTC/USDT,SHORT,68.0,21.0,15.0,21.0,6.0,No clear directional edge.,FAR
2026-06-30T06:30:45.372051+00:00,BTC/USDT,SHORT,77.0,20.0,11.0,20.0,9.0,No clear directional edge.,MEDIUM
2026-06-30T06:35:50.771929+00:00,BTC/USDT,SHORT,68.0,21.0,15.0,21.0,6.0,No clear directional edge.,FAR
2026-06-30T06:40:55.456072+00:00,BTC/USDT,SHORT,68.0,21.0,15.0,21.0,6.0,No clear directional edge.,FAR
2026-06-30T06:46:00.074716+00:00,BTC/USDT,SHORT,68.0,21.0,15.0,21.0,6.0,No clear directional edge.,FAR
2026-06-30T06:51:05.329287+00:00,BTC/USDT,SHORT,68.0,21.0,15.0,21.0,6.0,No clear directional edge.,FAR
2026-06-30T06:56:11.295009+00:00,BTC/USDT,SHORT,68.0,21.0,15.0,21.0,6.0,No clear directional edge.,FAR
2026-06-30T07:01:15.945094+00:00,BTC/USDT,SHORT,68.0,21.0,15.0,21.0,6.0,No clear directional edge.,FAR
2026-06-30T07:06:20.700358+00:00,BTC/USDT,SHORT,68.0,21.0,15.0,21.0,6.0,No clear directional edge.,FAR
2026-06-30T07:11:25.228287+00:00,BTC/USDT,SHORT,68.0,21.0,15.0,21.0,6.0,No clear directional edge.,FAR
2026-06-30T07:16:29.779927+00:00,BTC/USDT,SHORT,68.0,21.0,15.0,21.0,6.0,No clear directional edge.,FAR
2026-06-30T07:21:34.593666+00:00,BTC/USDT,SHORT,68.0,21.0,15.0,21.0,6.0,No clear directional edge.,FAR
2026-06-30T07:26:39.408657+00:00,BTC/USDT,SHORT,68.0,21.0,15.0,21.0,6.0,No clear directional edge.,FAR
2026-06-30T07:31:44.192487+00:00,BTC/USDT,SHORT,68.0,21.0,15.0,21.0,6.0,No clear directional edge.,FAR
2026-06-30T07:36:49.956893+00:00,BTC/USDT,SHORT,68.0,21.0,15.0,21.0,6.0,No clear directional edge.,FAR
2026-06-30T07:41:55.385020+00:00,BTC/USDT,SHORT,68.0,21.0,15.0,21.0,6.0,No clear directional edge.,FAR
2026-06-30T07:47:00.417568+00:00,BTC/USDT,SHORT,68.0,21.0,15.0,21.0,6.0,No clear directional edge.,FAR
2026-06-30T07:52:05.176839+00:00,BTC/USDT,SHORT,68.0,21.0,15.0,21.0,6.0,No clear directional edge.,FAR
2026-06-30T07:57:10.157385+00:00,BTC/USDT,SHORT,68.0,21.0,15.0,21.0,6.0,No clear directional edge.,FAR
2026-06-30T08:02:15.903698+00:00,BTC/USDT,SHORT,68.0,21.0,15.0,21.0,6.0,No clear directional edge.,FAR
2026-06-30T08:07:20.603555+00:00,BTC/USDT,SHORT,68.0,21.0,15.0,21.0,6.0,No clear directional edge.,FAR
2026-06-30T08:12:25.373582+00:00,BTC/USDT,SHORT,68.0,21.0,15.0,21.0,6.0,No clear directional edge.,FAR
2026-06-30T08:17:30.056760+00:00,BTC/USDT,SHORT,68.0,21.0,15.0,21.0,6.0,No clear directional edge.,FAR
2026-06-30T08:22:35.837125+00:00,BTC/USDT,SHORT,68.0,21.0,15.0,21.0,6.0,No clear directional edge.,FAR
2026-06-30T08:27:40.413641+00:00,BTC/USDT,SHORT,68.0,21.0,15.0,21.0,6.0,No clear directional edge.,FAR
2026-06-30T08:32:45.379045+00:00,BTC/USDT,SHORT,68.0,21.0,15.0,21.0,6.0,No clear directional edge.,FAR
2026-06-30T08:37:50.535490+00:00,BTC/USDT,SHORT,89.0,26.0,13.0,26.0,13.0,No clear directional edge.,CLOSE
2026-06-30T08:37:51.934266+00:00,SOL/USDT,LONG,80.0,21.0,21.0,11.0,10.0,No clear directional edge.,MEDIUM
2026-06-30T08:42:54.974251+00:00,BTC/USDT,SHORT,89.0,26.0,13.0,26.0,13.0,No clear directional edge.,CLOSE
2026-06-30T08:42:56.532788+00:00,SOL/USDT,LONG,80.0,21.0,21.0,11.0,10.0,No clear directional edge.,MEDIUM
2026-06-30T08:47:59.805462+00:00,BTC/USDT,SHORT,89.0,26.0,13.0,26.0,13.0,No clear directional edge.,CLOSE
2026-06-30T08:48:01.309205+00:00,SOL/USDT,LONG,80.0,21.0,21.0,11.0,10.0,No clear directional edge.,MEDIUM
2026-06-30T08:53:04.408294+00:00,BTC/USDT,SHORT,89.0,26.0,13.0,26.0,13.0,No clear directional edge.,CLOSE
2026-06-30T08:53:05.819941+00:00,SOL/USDT,LONG,80.0,21.0,21.0,11.0,10.0,No clear directional edge.,MEDIUM
2026-06-30T08:58:10.775808+00:00,SOL/USDT,LONG,80.0,21.0,21.0,11.0,10.0,No clear directional edge.,MEDIUM
2026-06-30T09:03:14.835704+00:00,BTC/USDT,SHORT,68.0,21.0,15.0,21.0,6.0,No clear directional edge.,FAR
2026-06-30T09:08:22.252551+00:00,SOL/USDT,LONG,80.0,21.0,21.0,11.0,10.0,No clear directional edge.,MEDIUM
2026-06-30T09:13:25.390398+00:00,BTC/USDT,SHORT,68.0,21.0,15.0,21.0,6.0,No clear directional edge.,FAR
2026-06-30T09:18:30.242338+00:00,BTC/USDT,SHORT,89.0,26.0,13.0,26.0,13.0,No clear directional edge.,CLOSE
2026-06-30T09:18:31.645630+00:00,SOL/USDT,LONG,80.0,21.0,21.0,11.0,10.0,No clear directional edge.,MEDIUM
2026-06-30T09:23:36.334844+00:00,SOL/USDT,LONG,80.0,21.0,21.0,11.0,10.0,No clear directional edge.,MEDIUM
2026-06-30T09:28:40.342610+00:00,SOL/USDT,LONG,80.0,21.0,21.0,11.0,10.0,No clear directional edge.,MEDIUM
2026-06-30T09:33:43.453438+00:00,BTC/USDT,SHORT,89.0,26.0,13.0,26.0,13.0,No clear directional edge.,CLOSE
2026-06-30T09:33:47.308075+00:00,SOL/USDT,LONG,80.0,21.0,21.0,11.0,10.0,No clear directional edge.,MEDIUM
2026-06-30T09:38:51.728778+00:00,SOL/USDT,LONG,80.0,21.0,21.0,11.0,10.0,No clear directional edge.,MEDIUM
2026-06-30T09:43:55.411599+00:00,BTC/USDT,SHORT,68.0,21.0,15.0,21.0,6.0,No clear directional edge.,FAR
2026-06-30T09:43:56.824670+00:00,SOL/USDT,LONG,80.0,21.0,21.0,11.0,10.0,No clear directional edge.,MEDIUM
2026-06-30T09:48:59.932060+00:00,BTC/USDT,SHORT,68.0,21.0,15.0,21.0,6.0,No clear directional edge.,FAR
2026-06-30T09:54:06.496288+00:00,BTC/USDT,SHORT,68.0,21.0,15.0,21.0,6.0,No clear directional edge.,FAR
2026-06-30T09:59:11.806558+00:00,BTC/USDT,SHORT,68.0,21.0,15.0,21.0,6.0,No clear directional edge.,FAR
2026-06-30T10:04:17.154756+00:00,BTC/USDT,SHORT,65.0,21.0,16.0,21.0,5.0,No clear directional edge.,FAR
2026-06-30T10:04:19.809429+00:00,SOL/USDT,LONG,80.0,21.0,21.0,11.0,10.0,No clear directional edge.,MEDIUM
2026-06-30T10:09:23.164719+00:00,BTC/USDT,SHORT,65.0,21.0,16.0,21.0,5.0,No clear directional edge.,FAR
2026-06-30T10:09:24.708532+00:00,SOL/USDT,LONG,80.0,21.0,21.0,11.0,10.0,No clear directional edge.,MEDIUM
2026-06-30T10:14:27.820543+00:00,BTC/USDT,SHORT,65.0,21.0,16.0,21.0,5.0,No clear directional edge.,FAR
2026-06-30T10:14:29.252649+00:00,SOL/USDT,LONG,80.0,21.0,21.0,11.0,10.0,No clear directional edge.,MEDIUM
2026-06-30T10:19:32.883586+00:00,BTC/USDT,SHORT,65.0,21.0,16.0,21.0,5.0,No clear directional edge.,FAR
2026-06-30T10:19:35.255998+00:00,SOL/USDT,LONG,80.0,21.0,21.0,11.0,10.0,No clear directional edge.,MEDIUM
2026-06-30T10:24:39.556405+00:00,BTC/USDT,SHORT,65.0,21.0,16.0,21.0,5.0,No clear directional edge.,FAR
2026-06-30T10:24:41.468377+00:00,SOL/USDT,LONG,80.0,21.0,21.0,11.0,10.0,No clear directional edge.,MEDIUM
2026-06-30T10:29:45.470886+00:00,BTC/USDT,SHORT,65.0,21.0,16.0,21.0,5.0,No clear directional edge.,FAR
2026-06-30T10:29:48.098804+00:00,SOL/USDT,LONG,80.0,21.0,21.0,11.0,10.0,No clear directional edge.,MEDIUM
2026-06-30T10:34:51.174455+00:00,BTC/USDT,SHORT,65.0,21.0,16.0,21.0,5.0,No clear directional edge.,FAR
2026-06-30T10:34:53.046425+00:00,SOL/USDT,LONG,80.0,21.0,21.0,11.0,10.0,No clear directional edge.,MEDIUM
2026-06-30T10:39:58.966803+00:00,SOL/USDT,LONG,80.0,21.0,21.0,11.0,10.0,No clear directional edge.,MEDIUM
2026-06-30T10:45:01.996057+00:00,BTC/USDT,SHORT,65.0,21.0,16.0,21.0,5.0,No clear directional edge.,FAR
2026-06-30T10:45:03.869933+00:00,SOL/USDT,LONG,80.0,21.0,21.0,11.0,10.0,No clear directional edge.,MEDIUM
2026-06-30T10:50:09.556822+00:00,SOL/USDT,LONG,80.0,21.0,21.0,11.0,10.0,No clear directional edge.,MEDIUM
2026-06-30T10:55:15.229935+00:00,SOL/USDT,LONG,80.0,21.0,21.0,11.0,10.0,No clear directional edge.,MEDIUM
2026-06-30T11:00:19.954628+00:00,SOL/USDT,LONG,80.0,21.0,21.0,11.0,10.0,No clear directional edge.,MEDIUM
2026-06-30T11:05:23.390512+00:00,BTC/USDT,SHORT,65.0,21.0,16.0,21.0,5.0,No clear directional edge.,FAR
2026-06-30T11:05:26.094755+00:00,SOL/USDT,LONG,80.0,21.0,21.0,11.0,10.0,No clear directional edge.,MEDIUM
2026-06-30T11:10:29.105031+00:00,BTC/USDT,SHORT,65.0,21.0,16.0,21.0,5.0,No clear directional edge.,FAR
2026-06-30T11:10:30.559569+00:00,SOL/USDT,LONG,80.0,21.0,21.0,11.0,10.0,No clear directional edge.,MEDIUM
2026-06-30T11:15:33.927151+00:00,BTC/USDT,SHORT,65.0,21.0,16.0,21.0,5.0,No clear directional edge.,FAR
2026-06-30T11:15:36.254673+00:00,SOL/USDT,LONG,80.0,21.0,21.0,11.0,10.0,No clear directional edge.,MEDIUM
2026-06-30T11:20:42.858316+00:00,SOL/USDT,LONG,86.0,23.0,23.0,11.0,12.0,No clear directional edge.,CLOSE
2026-06-30T11:25:46.758038+00:00,BTC/USDT,SHORT,89.0,26.0,13.0,26.0,13.0,No clear directional edge.,CLOSE
2026-06-30T11:25:49.100400+00:00,SOL/USDT,LONG,86.0,23.0,23.0,11.0,12.0,No clear directional edge.,CLOSE
2026-06-30T11:30:52.307877+00:00,BTC/USDT,SHORT,89.0,26.0,13.0,26.0,13.0,No clear directional edge.,CLOSE
2026-06-30T11:30:53.915703+00:00,SOL/USDT,LONG,86.0,23.0,23.0,11.0,12.0,No clear directional edge.,CLOSE
2026-06-30T11:35:57.200470+00:00,BTC/USDT,SHORT,89.0,26.0,13.0,26.0,13.0,No clear directional edge.,CLOSE
2026-06-30T11:35:59.339433+00:00,SOL/USDT,LONG,86.0,23.0,23.0,11.0,12.0,No clear directional edge.,CLOSE
2026-06-30T11:41:02.574211+00:00,BTC/USDT,SHORT,89.0,26.0,13.0,26.0,13.0,No clear directional edge.,CLOSE
2026-06-30T11:41:04.640482+00:00,SOL/USDT,LONG,86.0,23.0,23.0,11.0,12.0,No clear directional edge.,CLOSE
2026-06-30T11:46:07.890925+00:00,BTC/USDT,SHORT,89.0,26.0,13.0,26.0,13.0,No clear directional edge.,CLOSE
2026-06-30T11:46:09.696631+00:00,SOL/USDT,LONG,86.0,23.0,23.0,11.0,12.0,No clear directional edge.,CLOSE
2026-06-30T11:51:14.161488+00:00,SOL/USDT,LONG,80.0,21.0,21.0,11.0,10.0,No clear directional edge.,MEDIUM
2026-06-30T11:56:17.817184+00:00,BTC/USDT,SHORT,89.0,26.0,13.0,26.0,13.0,No clear directional edge.,CLOSE
2026-06-30T11:56:19.641349+00:00,SOL/USDT,LONG,86.0,23.0,23.0,11.0,12.0,No clear directional edge.,CLOSE
2026-06-30T12:01:26.230692+00:00,SOL/USDT,LONG,86.0,23.0,23.0,11.0,12.0,No clear directional edge.,CLOSE
2026-06-30T12:06:31.805397+00:00,SOL/USDT,LONG,86.0,23.0,23.0,11.0,12.0,No clear directional edge.,CLOSE
2026-06-30T12:11:38.052354+00:00,SOL/USDT,LONG,86.0,23.0,23.0,11.0,12.0,No clear directional edge.,CLOSE
2026-06-30T12:16:42.857654+00:00,SOL/USDT,LONG,86.0,23.0,23.0,11.0,12.0,No clear directional edge.,CLOSE
2026-06-30T12:21:48.518813+00:00,SOL/USDT,LONG,86.0,23.0,23.0,11.0,12.0,No clear directional edge.,CLOSE
2026-06-30T12:26:53.429895+00:00,ETH/USDT,LONG,65.0,23.0,23.0,18.0,5.0,No clear directional edge.,FAR
2026-06-30T12:26:54.328531+00:00,SOL/USDT,LONG,62.0,19.0,19.0,15.0,4.0,No clear directional edge.,FAR
2026-06-30T12:31:58.310704+00:00,ETH/USDT,LONG,65.0,23.0,23.0,18.0,5.0,No clear directional edge.,FAR
2026-06-30T12:31:59.534812+00:00,SOL/USDT,LONG,80.0,22.0,22.0,12.0,10.0,No clear directional edge.,MEDIUM
2026-06-30T12:37:03.655573+00:00,ETH/USDT,LONG,65.0,23.0,23.0,18.0,5.0,No clear directional edge.,FAR
2026-06-30T12:37:04.450568+00:00,SOL/USDT,LONG,62.0,19.0,19.0,15.0,4.0,No clear directional edge.,FAR
2026-06-30T12:42:09.087933+00:00,ETH/USDT,LONG,65.0,23.0,23.0,18.0,5.0,No clear directional edge.,FAR
2026-06-30T12:42:09.872921+00:00,SOL/USDT,LONG,62.0,19.0,19.0,15.0,4.0,No clear directional edge.,FAR
2026-06-30T12:47:14.427366+00:00,ETH/USDT,LONG,65.0,23.0,23.0,18.0,5.0,No clear directional edge.,FAR
2026-06-30T12:47:15.685701+00:00,SOL/USDT,LONG,65.0,20.0,20.0,15.0,5.0,No clear directional edge.,FAR
2026-06-30T12:52:20.312401+00:00,ETH/USDT,LONG,65.0,23.0,23.0,18.0,5.0,No clear directional edge.,FAR
2026-06-30T12:52:21.027723+00:00,SOL/USDT,LONG,65.0,20.0,20.0,15.0,5.0,No clear directional edge.,FAR
2026-06-30T12:57:25.250970+00:00,ETH/USDT,LONG,65.0,23.0,23.0,18.0,5.0,No clear directional edge.,FAR
2026-06-30T12:57:25.981425+00:00,SOL/USDT,LONG,65.0,20.0,20.0,15.0,5.0,No clear directional edge.,FAR
2026-06-30T13:02:31.781092+00:00,SOL/USDT,LONG,65.0,20.0,20.0,15.0,5.0,No clear directional edge.,FAR
2026-06-30T13:07:38.182360+00:00,SOL/USDT,LONG,62.0,19.0,19.0,15.0,4.0,No clear directional edge.,FAR
2026-06-30T13:12:43.093738+00:00,SOL/USDT,LONG,62.0,19.0,19.0,15.0,4.0,No clear directional edge.,FAR
2026-06-30T13:17:49.074914+00:00,SOL/USDT,LONG,62.0,19.0,19.0,15.0,4.0,No clear directional edge.,FAR
2026-06-30T13:22:54.166933+00:00,SOL/USDT,LONG,62.0,19.0,19.0,15.0,4.0,No clear directional edge.,FAR
2026-06-30T13:27:59.936864+00:00,SOL/USDT,LONG,62.0,19.0,19.0,15.0,4.0,No clear directional edge.,FAR
2026-06-30T13:33:06.830241+00:00,SOL/USDT,LONG,65.0,20.0,20.0,15.0,5.0,No clear directional edge.,FAR
2026-06-30T13:38:11.495276+00:00,SOL/USDT,LONG,65.0,20.0,20.0,15.0,5.0,No clear directional edge.,FAR
2026-06-30T13:43:17.222096+00:00,SOL/USDT,LONG,62.0,19.0,19.0,15.0,4.0,No clear directional edge.,FAR
2026-06-30T13:48:22.091445+00:00,SOL/USDT,LONG,62.0,19.0,19.0,15.0,4.0,No clear directional edge.,FAR
2026-06-30T13:53:26.899322+00:00,SOL/USDT,LONG,80.0,21.0,21.0,11.0,10.0,No clear directional edge.,MEDIUM
2026-06-30T13:58:31.957544+00:00,SOL/USDT,LONG,86.0,23.0,23.0,11.0,12.0,No clear directional edge.,CLOSE
2026-06-30T14:03:36.307704+00:00,ETH/USDT,SHORT,68.0,21.0,15.0,21.0,6.0,No clear directional edge.,FAR
2026-06-30T14:03:37.206943+00:00,SOL/USDT,LONG,80.0,21.0,21.0,11.0,10.0,No clear directional edge.,MEDIUM
2026-06-30T14:08:41.265941+00:00,ETH/USDT,SHORT,68.0,21.0,15.0,21.0,6.0,No clear directional edge.,FAR
2026-06-30T14:13:46.243513+00:00,ETH/USDT,SHORT,68.0,21.0,15.0,21.0,6.0,No clear directional edge.,FAR
2026-06-30T14:18:53.809217+00:00,ETH/USDT,SHORT,68.0,21.0,15.0,21.0,6.0,No clear directional edge.,FAR
2026-06-30T14:18:54.544847+00:00,SOL/USDT,LONG,80.0,21.0,21.0,11.0,10.0,No clear directional edge.,MEDIUM
2026-06-30T14:23:58.618265+00:00,ETH/USDT,SHORT,68.0,21.0,15.0,21.0,6.0,No clear directional edge.,FAR
2026-06-30T14:29:03.770501+00:00,ETH/USDT,SHORT,68.0,21.0,15.0,21.0,6.0,No clear directional edge.,FAR
2026-06-30T14:34:10.253334+00:00,ETH/USDT,SHORT,68.0,21.0,15.0,21.0,6.0,No clear directional edge.,FAR
2026-06-30T14:39:18.308247+00:00,SOL/USDT,LONG,80.0,21.0,21.0,11.0,10.0,No clear directional edge.,MEDIUM
2026-06-30T14:44:23.042668+00:00,ETH/USDT,SHORT,68.0,21.0,15.0,21.0,6.0,No clear directional edge.,FAR
2026-06-30T14:49:30.975938+00:00,SOL/USDT,LONG,80.0,21.0,21.0,11.0,10.0,No clear directional edge.,MEDIUM
2026-06-30T14:54:35.711688+00:00,SOL/USDT,LONG,80.0,21.0,21.0,11.0,10.0,No clear directional edge.,MEDIUM
2026-06-30T14:59:42.663693+00:00,SOL/USDT,LONG,80.0,21.0,21.0,11.0,10.0,No clear directional edge.,MEDIUM
2026-06-30T15:04:49.183521+00:00,SOL/USDT,LONG,80.0,21.0,21.0,11.0,10.0,No clear directional edge.,MEDIUM
2026-06-30T15:09:54.105732+00:00,SOL/USDT,LONG,80.0,21.0,21.0,11.0,10.0,No clear directional edge.,MEDIUM
2026-06-30T15:11:56.925438+00:00,SOL/USDT,LONG,80.0,21.0,21.0,11.0,10.0,No clear directional edge.,MEDIUM
2026-06-30T15:17:01.001029+00:00,SOL/USDT,LONG,80.0,21.0,21.0,11.0,10.0,No clear directional edge.,MEDIUM
2026-06-30T15:22:05.020044+00:00,ETH/USDT,SHORT,62.0,21.0,17.0,21.0,4.0,No clear directional edge.,FAR
2026-06-30T15:22:06.564616+00:00,SOL/USDT,LONG,80.0,21.0,21.0,11.0,10.0,No clear directional edge.,MEDIUM
2026-06-30T15:27:10.998407+00:00,ETH/USDT,SHORT,68.0,21.0,15.0,21.0,6.0,No clear directional edge.,FAR
2026-06-30T15:32:16.560925+00:00,ETH/USDT,SHORT,68.0,21.0,15.0,21.0,6.0,No clear directional edge.,FAR
2026-06-30T15:32:17.280997+00:00,SOL/USDT,LONG,80.0,21.0,21.0,11.0,10.0,No clear directional edge.,MEDIUM
2026-06-30T15:37:23.372378+00:00,ETH/USDT,SHORT,62.0,21.0,17.0,21.0,4.0,No clear directional edge.,FAR
2026-06-30T15:37:24.863143+00:00,SOL/USDT,LONG,80.0,21.0,21.0,11.0,10.0,No clear directional edge.,MEDIUM
2026-06-30T15:42:30.686664+00:00,SOL/USDT,LONG,80.0,21.0,21.0,11.0,10.0,No clear directional edge.,MEDIUM
2026-06-30T15:47:34.796274+00:00,ETH/USDT,SHORT,68.0,21.0,15.0,21.0,6.0,No clear directional edge.,FAR
2026-06-30T15:47:35.634964+00:00,SOL/USDT,LONG,65.0,18.0,18.0,13.0,5.0,No clear directional edge.,FAR
2026-06-30T15:52:40.698037+00:00,ETH/USDT,SHORT,68.0,21.0,15.0,21.0,6.0,No clear directional edge.,FAR
2026-06-30T15:57:46.509932+00:00,ETH/USDT,SHORT,68.0,21.0,15.0,21.0,6.0,No clear directional edge.,FAR
2026-06-30T16:02:52.784957+00:00,ETH/USDT,SHORT,68.0,21.0,15.0,21.0,6.0,No clear directional edge.,FAR
2026-06-30T16:02:53.928826+00:00,SOL/USDT,LONG,62.0,18.0,18.0,14.0,4.0,No clear directional edge.,FAR
2026-06-30T16:07:59.149218+00:00,ETH/USDT,SHORT,68.0,21.0,15.0,21.0,6.0,No clear directional edge.,FAR
2026-06-30T16:13:06.234958+00:00,ETH/USDT,SHORT,68.0,21.0,15.0,21.0,6.0,No clear directional edge.,FAR
2026-06-30T16:18:11.741105+00:00,ETH/USDT,SHORT,68.0,21.0,15.0,21.0,6.0,No clear directional edge.,FAR
2026-06-30T16:23:17.360353+00:00,ETH/USDT,SHORT,68.0,21.0,15.0,21.0,6.0,No clear directional edge.,FAR
2026-06-30T16:38:31.710992+00:00,ETH/USDT,SHORT,62.0,21.0,17.0,21.0,4.0,No clear directional edge.,FAR
2026-06-30T16:43:36.605212+00:00,ETH/USDT,SHORT,68.0,21.0,15.0,21.0,6.0,No clear directional edge.,FAR
2026-06-30T16:48:41.451468+00:00,ETH/USDT,SHORT,68.0,21.0,15.0,21.0,6.0,No clear directional edge.,FAR
2026-06-30T16:53:47.018941+00:00,ETH/USDT,SHORT,68.0,21.0,15.0,21.0,6.0,No clear directional edge.,FAR
2026-06-30T16:58:51.978137+00:00,ETH/USDT,SHORT,68.0,21.0,15.0,21.0,6.0,No clear directional edge.,FAR
2026-06-30T17:03:56.331085+00:00,ETH/USDT,SHORT,68.0,21.0,15.0,21.0,6.0,No clear directional edge.,FAR
2026-06-30T17:09:00.540376+00:00,ETH/USDT,SHORT,77.0,20.0,11.0,20.0,9.0,No clear directional edge.,MEDIUM
2026-06-30T17:09:01.957521+00:00,SOL/USDT,LONG,65.0,18.0,18.0,13.0,5.0,No clear directional edge.,FAR
2026-06-30T17:14:06.095173+00:00,ETH/USDT,SHORT,68.0,21.0,15.0,21.0,6.0,No clear directional edge.,FAR
2026-06-30T17:19:12.281327+00:00,ETH/USDT,SHORT,68.0,21.0,15.0,21.0,6.0,No clear directional edge.,FAR
2026-06-30T17:24:17.586366+00:00,ETH/USDT,SHORT,68.0,21.0,15.0,21.0,6.0,No clear directional edge.,FAR
2026-06-30T17:29:22.906493+00:00,ETH/USDT,SHORT,68.0,21.0,15.0,21.0,6.0,No clear directional edge.,FAR
2026-06-30T17:34:54.912698+00:00,ETH/USDT,SHORT,68.0,21.0,15.0,21.0,6.0,No clear directional edge.,FAR
2026-06-30T17:40:38.897771+00:00,ETH/USDT,SHORT,68.0,21.0,15.0,21.0,6.0,No clear directional edge.,FAR
2026-06-30T17:45:44.344945+00:00,ETH/USDT,SHORT,68.0,21.0,15.0,21.0,6.0,No clear directional edge.,FAR
2026-06-30T17:50:50.360696+00:00,ETH/USDT,SHORT,68.0,21.0,15.0,21.0,6.0,No clear directional edge.,FAR
2026-06-30T17:55:55.309259+00:00,ETH/USDT,SHORT,68.0,21.0,15.0,21.0,6.0,No clear directional edge.,FAR
2026-06-30T18:01:00.548807+00:00,ETH/USDT,SHORT,68.0,21.0,15.0,21.0,6.0,No clear directional edge.,FAR
2026-06-30T18:06:05.079793+00:00,ETH/USDT,SHORT,68.0,21.0,15.0,21.0,6.0,No clear directional edge.,FAR
2026-06-30T18:11:11.988056+00:00,ETH/USDT,SHORT,68.0,21.0,15.0,21.0,6.0,No clear directional edge.,FAR
2026-06-30T18:16:16.912451+00:00,ETH/USDT,SHORT,77.0,20.0,11.0,20.0,9.0,No clear directional edge.,MEDIUM
2026-06-30T18:21:22.901159+00:00,ETH/USDT,SHORT,77.0,20.0,11.0,20.0,9.0,No clear directional edge.,MEDIUM
2026-06-30T18:26:28.311988+00:00,ETH/USDT,SHORT,77.0,20.0,11.0,20.0,9.0,No clear directional edge.,MEDIUM
2026-06-30T18:31:33.898381+00:00,ETH/USDT,SHORT,77.0,20.0,11.0,20.0,9.0,No clear directional edge.,MEDIUM
2026-06-30T18:36:39.034886+00:00,ETH/USDT,SHORT,77.0,20.0,11.0,20.0,9.0,No clear directional edge.,MEDIUM
2026-06-30T18:41:44.613801+00:00,ETH/USDT,SHORT,77.0,20.0,11.0,20.0,9.0,No clear directional edge.,MEDIUM
2026-06-30T18:46:50.444724+00:00,ETH/USDT,SHORT,77.0,20.0,11.0,20.0,9.0,No clear directional edge.,MEDIUM
2026-06-30T18:51:55.502740+00:00,ETH/USDT,SHORT,77.0,20.0,11.0,20.0,9.0,No clear directional edge.,MEDIUM
2026-06-30T18:57:00.979442+00:00,ETH/USDT,SHORT,77.0,20.0,11.0,20.0,9.0,No clear directional edge.,MEDIUM
2026-06-30T19:02:06.011229+00:00,ETH/USDT,SHORT,83.0,20.0,9.0,20.0,11.0,No clear directional edge.,MEDIUM
2026-06-30T19:07:10.806310+00:00,ETH/USDT,SHORT,77.0,20.0,11.0,20.0,9.0,No clear directional edge.,MEDIUM
2026-06-30T19:12:20.140765+00:00,ETH/USDT,SHORT,77.0,20.0,11.0,20.0,9.0,No clear directional edge.,MEDIUM
2026-06-30T19:19:20.590817+00:00,ETH/USDT,SHORT,77.0,20.0,11.0,20.0,9.0,No clear directional edge.,MEDIUM
2026-06-30T19:24:25.746907+00:00,ETH/USDT,SHORT,77.0,20.0,11.0,20.0,9.0,No clear directional edge.,MEDIUM
2026-06-30T19:29:32.553538+00:00,ETH/USDT,SHORT,77.0,20.0,11.0,20.0,9.0,No clear directional edge.,MEDIUM
2026-06-30T19:34:38.727274+00:00,ETH/USDT,SHORT,86.0,20.0,8.0,20.0,12.0,No clear directional edge.,CLOSE
2026-06-30T19:39:44.740533+00:00,ETH/USDT,SHORT,77.0,20.0,11.0,20.0,9.0,No clear directional edge.,MEDIUM
2026-06-30T19:44:49.698014+00:00,ETH/USDT,SHORT,83.0,20.0,9.0,20.0,11.0,No clear directional edge.,MEDIUM
2026-06-30T19:44:50.531328+00:00,SOL/USDT,LONG,74.0,18.0,18.0,10.0,8.0,No clear directional edge.,FAR
2026-06-30T19:49:55.033033+00:00,ETH/USDT,SHORT,83.0,20.0,9.0,20.0,11.0,No clear directional edge.,MEDIUM
2026-06-30T19:55:00.075592+00:00,ETH/USDT,SHORT,77.0,20.0,11.0,20.0,9.0,No clear directional edge.,MEDIUM
2026-06-30T20:00:05.194266+00:00,ETH/USDT,SHORT,65.0,18.0,13.0,18.0,5.0,No clear directional edge.,FAR
2026-06-30T20:05:10.337508+00:00,ETH/USDT,SHORT,74.0,18.0,10.0,18.0,8.0,No clear directional edge.,FAR
2026-06-30T20:05:11.090624+00:00,SOL/USDT,SHORT,65.0,20.0,15.0,20.0,5.0,No clear directional edge.,FAR
2026-06-30T20:10:16.311638+00:00,ETH/USDT,SHORT,74.0,18.0,10.0,18.0,8.0,No clear directional edge.,FAR
2026-06-30T20:15:22.290021+00:00,ETH/USDT,SHORT,74.0,18.0,10.0,18.0,8.0,No clear directional edge.,FAR
2026-06-30T20:20:27.214881+00:00,ETH/USDT,SHORT,65.0,18.0,13.0,18.0,5.0,No clear directional edge.,FAR
2026-06-30T20:25:31.054638+00:00,ETH/USDT,SHORT,77.0,20.0,11.0,20.0,9.0,No clear directional edge.,MEDIUM
2026-06-30T20:30:35.623561+00:00,ETH/USDT,SHORT,65.0,18.0,13.0,18.0,5.0,No clear directional edge.,FAR
2026-06-30T20:35:39.504455+00:00,ETH/USDT,SHORT,77.0,20.0,11.0,20.0,9.0,No clear directional edge.,MEDIUM
2026-06-30T20:40:44.058699+00:00,ETH/USDT,SHORT,77.0,20.0,11.0,20.0,9.0,No clear directional edge.,MEDIUM
2026-06-30T20:45:48.820162+00:00,ETH/USDT,SHORT,77.0,20.0,11.0,20.0,9.0,No clear directional edge.,MEDIUM
2026-06-30T20:50:53.984424+00:00,ETH/USDT,SHORT,65.0,18.0,13.0,18.0,5.0,No clear directional edge.,FAR
2026-06-30T20:55:58.829917+00:00,ETH/USDT,SHORT,77.0,20.0,11.0,20.0,9.0,No clear directional edge.,MEDIUM
2026-06-30T21:01:03.251436+00:00,ETH/USDT,SHORT,65.0,18.0,13.0,18.0,5.0,No clear directional edge.,FAR
2026-06-30T21:06:09.037618+00:00,ETH/USDT,SHORT,65.0,18.0,13.0,18.0,5.0,No clear directional edge.,FAR
2026-06-30T21:11:14.332948+00:00,ETH/USDT,SHORT,65.0,18.0,13.0,18.0,5.0,No clear directional edge.,FAR
2026-06-30T21:16:19.600933+00:00,ETH/USDT,SHORT,65.0,18.0,13.0,18.0,5.0,No clear directional edge.,FAR
2026-06-30T21:21:24.216784+00:00,ETH/USDT,SHORT,65.0,18.0,13.0,18.0,5.0,No clear directional edge.,FAR
2026-06-30T21:26:28.917339+00:00,ETH/USDT,SHORT,77.0,20.0,11.0,20.0,9.0,No clear directional edge.,MEDIUM
2026-06-30T21:31:33.136363+00:00,ETH/USDT,SHORT,65.0,18.0,13.0,18.0,5.0,No clear directional edge.,FAR
2026-06-30T21:36:36.913627+00:00,ETH/USDT,SHORT,65.0,18.0,13.0,18.0,5.0,No clear directional edge.,FAR
2026-06-30T21:41:40.803317+00:00,ETH/USDT,SHORT,77.0,20.0,11.0,20.0,9.0,No clear directional edge.,MEDIUM
2026-06-30T21:46:45.345271+00:00,ETH/USDT,SHORT,77.0,20.0,11.0,20.0,9.0,No clear directional edge.,MEDIUM
2026-06-30T21:51:50.270212+00:00,ETH/USDT,SHORT,77.0,20.0,11.0,20.0,9.0,No clear directional edge.,MEDIUM
2026-06-30T21:56:55.039432+00:00,ETH/USDT,SHORT,77.0,20.0,11.0,20.0,9.0,No clear directional edge.,MEDIUM
2026-06-30T22:01:59.629559+00:00,ETH/USDT,SHORT,65.0,18.0,13.0,18.0,5.0,No clear directional edge.,FAR
2026-06-30T22:07:05.793144+00:00,ETH/USDT,SHORT,65.0,18.0,13.0,18.0,5.0,No clear directional edge.,FAR
2026-06-30T22:12:10.403149+00:00,ETH/USDT,SHORT,77.0,20.0,11.0,20.0,9.0,No clear directional edge.,MEDIUM
2026-06-30T22:17:16.052694+00:00,ETH/USDT,SHORT,65.0,18.0,13.0,18.0,5.0,No clear directional edge.,FAR
2026-06-30T22:22:20.938079+00:00,ETH/USDT,SHORT,65.0,18.0,13.0,18.0,5.0,No clear directional edge.,FAR
2026-06-30T22:27:26.787199+00:00,ETH/USDT,SHORT,77.0,20.0,11.0,20.0,9.0,No clear directional edge.,MEDIUM
2026-06-30T22:32:31.492709+00:00,ETH/USDT,SHORT,77.0,20.0,11.0,20.0,9.0,No clear directional edge.,MEDIUM
2026-06-30T22:37:36.141940+00:00,ETH/USDT,SHORT,77.0,20.0,11.0,20.0,9.0,No clear directional edge.,MEDIUM
2026-06-30T22:42:41.591543+00:00,ETH/USDT,SHORT,77.0,20.0,11.0,20.0,9.0,No clear directional edge.,MEDIUM
2026-06-30T22:47:47.392504+00:00,ETH/USDT,SHORT,77.0,20.0,11.0,20.0,9.0,No clear directional edge.,MEDIUM
2026-06-30T22:52:51.931040+00:00,ETH/USDT,SHORT,77.0,20.0,11.0,20.0,9.0,No clear directional edge.,MEDIUM
2026-06-30T22:57:56.866518+00:00,ETH/USDT,SHORT,77.0,20.0,11.0,20.0,9.0,No clear directional edge.,MEDIUM
2026-06-30T23:03:01.400427+00:00,ETH/USDT,SHORT,77.0,20.0,11.0,20.0,9.0,No clear directional edge.,MEDIUM
2026-06-30T23:08:06.990466+00:00,ETH/USDT,SHORT,77.0,20.0,11.0,20.0,9.0,No clear directional edge.,MEDIUM
2026-06-30T23:13:12.300643+00:00,ETH/USDT,SHORT,77.0,20.0,11.0,20.0,9.0,No clear directional edge.,MEDIUM
2026-06-30T23:18:17.322233+00:00,ETH/USDT,SHORT,77.0,20.0,11.0,20.0,9.0,No clear directional edge.,MEDIUM
2026-06-30T23:23:21.554645+00:00,ETH/USDT,SHORT,77.0,20.0,11.0,20.0,9.0,No clear directional edge.,MEDIUM
2026-06-30T23:28:26.103273+00:00,ETH/USDT,SHORT,77.0,20.0,11.0,20.0,9.0,No clear directional edge.,MEDIUM
2026-06-30T23:33:32.100698+00:00,ETH/USDT,SHORT,77.0,20.0,11.0,20.0,9.0,No clear directional edge.,MEDIUM
2026-06-30T23:38:36.885787+00:00,ETH/USDT,SHORT,77.0,20.0,11.0,20.0,9.0,No clear directional edge.,MEDIUM
2026-06-30T23:43:41.737264+00:00,ETH/USDT,SHORT,77.0,20.0,11.0,20.0,9.0,No clear directional edge.,MEDIUM
2026-06-30T23:48:47.176326+00:00,ETH/USDT,SHORT,77.0,20.0,11.0,20.0,9.0,No clear directional edge.,MEDIUM
2026-06-30T23:53:52.071717+00:00,ETH/USDT,SHORT,77.0,20.0,11.0,20.0,9.0,No clear directional edge.,MEDIUM
2026-06-30T23:58:56.839550+00:00,ETH/USDT,SHORT,77.0,20.0,11.0,20.0,9.0,No clear directional edge.,MEDIUM
2026-07-01T00:04:01.629116+00:00,ETH/USDT,SHORT,65.0,18.0,13.0,18.0,5.0,No clear directional edge.,FAR
2026-07-01T00:09:06.852444+00:00,ETH/USDT,SHORT,65.0,18.0,13.0,18.0,5.0,No clear directional edge.,FAR
2026-07-01T00:14:13.147645+00:00,ETH/USDT,SHORT,65.0,18.0,13.0,18.0,5.0,No clear directional edge.,FAR
2026-07-01T00:19:18.430779+00:00,ETH/USDT,SHORT,65.0,18.0,13.0,18.0,5.0,No clear directional edge.,FAR
2026-07-01T00:24:23.904092+00:00,ETH/USDT,SHORT,77.0,20.0,11.0,20.0,9.0,No clear directional edge.,MEDIUM
2026-07-01T00:29:29.448494+00:00,ETH/USDT,SHORT,77.0,20.0,11.0,20.0,9.0,No clear directional edge.,MEDIUM
2026-07-01T00:34:35.591222+00:00,ETH/USDT,SHORT,65.0,18.0,13.0,18.0,5.0,No clear directional edge.,FAR
2026-07-01T00:39:41.152639+00:00,ETH/USDT,SHORT,65.0,18.0,13.0,18.0,5.0,No clear directional edge.,FAR
2026-07-01T00:44:46.236103+00:00,ETH/USDT,SHORT,65.0,18.0,13.0,18.0,5.0,No clear directional edge.,FAR
2026-07-01T00:49:51.836007+00:00,ETH/USDT,SHORT,65.0,18.0,13.0,18.0,5.0,No clear directional edge.,FAR
2026-07-01T00:54:56.895766+00:00,ETH/USDT,SHORT,65.0,18.0,13.0,18.0,5.0,No clear directional edge.,FAR
2026-07-01T01:00:02.036231+00:00,ETH/USDT,SHORT,65.0,18.0,13.0,18.0,5.0,No clear directional edge.,FAR
2026-07-01T01:05:06.256314+00:00,BTC/USDT,SHORT,92.0,27.0,13.0,27.0,14.0,No clear directional edge.,VERY_CLOSE
2026-07-01T01:05:07.176073+00:00,ETH/USDT,SHORT,65.0,18.0,13.0,18.0,5.0,No clear directional edge.,FAR
2026-07-01T01:10:10.827776+00:00,BTC/USDT,SHORT,89.0,27.0,14.0,27.0,13.0,No clear directional edge.,CLOSE
2026-07-01T01:10:11.543206+00:00,ETH/USDT,SHORT,65.0,18.0,13.0,18.0,5.0,No clear directional edge.,FAR
2026-07-01T01:15:16.930739+00:00,ETH/USDT,SHORT,62.0,21.0,17.0,21.0,4.0,No clear directional edge.,FAR
2026-07-01T01:20:22.727746+00:00,ETH/USDT,SHORT,77.0,20.0,11.0,20.0,9.0,No clear directional edge.,MEDIUM
2026-07-01T01:25:27.907945+00:00,ETH/USDT,SHORT,65.0,18.0,13.0,18.0,5.0,No clear directional edge.,FAR
2026-07-01T01:30:32.674160+00:00,ETH/USDT,SHORT,65.0,18.0,13.0,18.0,5.0,No clear directional edge.,FAR
2026-07-01T01:35:37.466977+00:00,ETH/USDT,SHORT,65.0,18.0,13.0,18.0,5.0,No clear directional edge.,FAR
2026-07-01T01:40:41.934368+00:00,ETH/USDT,SHORT,74.0,18.0,10.0,18.0,8.0,No clear directional edge.,FAR
2026-07-01T01:45:46.969405+00:00,ETH/USDT,SHORT,83.0,22.0,11.0,22.0,11.0,No clear directional edge.,MEDIUM
2026-07-01T01:50:51.786626+00:00,ETH/USDT,SHORT,68.0,18.0,12.0,18.0,6.0,No clear directional edge.,FAR
2026-07-01T01:55:56.590942+00:00,ETH/USDT,SHORT,83.0,22.0,11.0,22.0,11.0,No clear directional edge.,MEDIUM
2026-07-01T02:01:01.721165+00:00,ETH/USDT,SHORT,68.0,18.0,12.0,18.0,6.0,No clear directional edge.,FAR
2026-07-01T02:06:06.543060+00:00,ETH/USDT,SHORT,65.0,18.0,13.0,18.0,5.0,No clear directional edge.,FAR
2026-07-01T02:11:10.967982+00:00,ETH/USDT,SHORT,68.0,18.0,12.0,18.0,6.0,No clear directional edge.,FAR
2026-07-01T02:16:16.295809+00:00,ETH/USDT,SHORT,83.0,22.0,11.0,22.0,11.0,No clear directional edge.,MEDIUM
2026-07-01T02:21:21.263499+00:00,ETH/USDT,SHORT,83.0,22.0,11.0,22.0,11.0,No clear directional edge.,MEDIUM
2026-07-01T02:26:26.253989+00:00,ETH/USDT,SHORT,83.0,22.0,11.0,22.0,11.0,No clear directional edge.,MEDIUM
2026-07-01T02:31:31.293580+00:00,ETH/USDT,SHORT,80.0,21.0,11.0,21.0,10.0,No clear directional edge.,MEDIUM
2026-07-01T02:31:32.017213+00:00,SOL/USDT,LONG,65.0,21.0,21.0,16.0,5.0,No clear directional edge.,FAR
2026-07-01T02:36:35.690103+00:00,ETH/USDT,SHORT,83.0,22.0,11.0,22.0,11.0,No clear directional edge.,MEDIUM
2026-07-01T02:36:36.414478+00:00,SOL/USDT,LONG,65.0,21.0,21.0,16.0,5.0,No clear directional edge.,FAR
2026-07-01T02:41:40.848961+00:00,ETH/USDT,SHORT,80.0,21.0,11.0,21.0,10.0,No clear directional edge.,MEDIUM
2026-07-01T02:41:42.066102+00:00,SOL/USDT,LONG,65.0,21.0,21.0,16.0,5.0,No clear directional edge.,FAR
2026-07-01T02:46:45.858381+00:00,ETH/USDT,SHORT,86.0,23.0,11.0,23.0,12.0,No clear directional edge.,CLOSE
2026-07-01T02:46:46.842703+00:00,SOL/USDT,LONG,65.0,21.0,21.0,16.0,5.0,No clear directional edge.,FAR
2026-07-01T02:51:50.602025+00:00,ETH/USDT,SHORT,80.0,21.0,11.0,21.0,10.0,No clear directional edge.,MEDIUM
2026-07-01T02:51:51.326362+00:00,SOL/USDT,LONG,65.0,21.0,21.0,16.0,5.0,No clear directional edge.,FAR
2026-07-01T02:56:55.221448+00:00,ETH/USDT,SHORT,86.0,23.0,11.0,23.0,12.0,No clear directional edge.,CLOSE
2026-07-01T02:56:55.939912+00:00,SOL/USDT,LONG,65.0,21.0,21.0,16.0,5.0,No clear directional edge.,FAR
2026-07-01T03:02:00.024975+00:00,ETH/USDT,SHORT,83.0,22.0,11.0,22.0,11.0,No clear directional edge.,MEDIUM
2026-07-01T03:07:05.116873+00:00,ETH/USDT,SHORT,86.0,23.0,11.0,23.0,12.0,No clear directional edge.,CLOSE
2026-07-01T03:07:05.955689+00:00,SOL/USDT,LONG,65.0,21.0,21.0,16.0,5.0,No clear directional edge.,FAR
2026-07-01T03:12:10.075787+00:00,ETH/USDT,SHORT,86.0,23.0,11.0,23.0,12.0,No clear directional edge.,CLOSE
2026-07-01T03:17:15.040086+00:00,ETH/USDT,SHORT,83.0,22.0,11.0,22.0,11.0,No clear directional edge.,MEDIUM
2026-07-01T03:22:19.825619+00:00,ETH/USDT,SHORT,83.0,22.0,11.0,22.0,11.0,No clear directional edge.,MEDIUM
2026-07-01T03:27:25.317067+00:00,ETH/USDT,SHORT,83.0,22.0,11.0,22.0,11.0,No clear directional edge.,MEDIUM
2026-07-01T03:32:30.390997+00:00,ETH/USDT,SHORT,83.0,22.0,11.0,22.0,11.0,No clear directional edge.,MEDIUM
2026-07-01T03:37:35.383352+00:00,ETH/USDT,SHORT,86.0,23.0,11.0,23.0,12.0,No clear directional edge.,CLOSE
2026-07-01T03:42:41.636237+00:00,ETH/USDT,SHORT,86.0,23.0,11.0,23.0,12.0,No clear directional edge.,CLOSE
2026-07-01T03:42:42.588311+00:00,SOL/USDT,LONG,65.0,21.0,21.0,16.0,5.0,No clear directional edge.,FAR
2026-07-01T03:47:46.461831+00:00,ETH/USDT,SHORT,86.0,23.0,11.0,23.0,12.0,No clear directional edge.,CLOSE
2026-07-01T03:52:51.120067+00:00,ETH/USDT,SHORT,86.0,23.0,11.0,23.0,12.0,No clear directional edge.,CLOSE
2026-07-01T03:57:56.814562+00:00,ETH/USDT,SHORT,86.0,23.0,11.0,23.0,12.0,No clear directional edge.,CLOSE
2026-07-01T04:03:02.118584+00:00,ETH/USDT,SHORT,86.0,23.0,11.0,23.0,12.0,No clear directional edge.,CLOSE
2026-07-01T04:08:06.577252+00:00,ETH/USDT,SHORT,86.0,23.0,11.0,23.0,12.0,No clear directional edge.,CLOSE
2026-07-01T04:13:11.266502+00:00,ETH/USDT,SHORT,86.0,23.0,11.0,23.0,12.0,No clear directional edge.,CLOSE
2026-07-01T04:18:15.776634+00:00,ETH/USDT,SHORT,86.0,23.0,11.0,23.0,12.0,No clear directional edge.,CLOSE
2026-07-01T04:23:20.056668+00:00,ETH/USDT,SHORT,86.0,23.0,11.0,23.0,12.0,No clear directional edge.,CLOSE
2026-07-01T04:28:24.865681+00:00,ETH/USDT,SHORT,86.0,23.0,11.0,23.0,12.0,No clear directional edge.,CLOSE
2026-07-01T04:33:29.752911+00:00,ETH/USDT,SHORT,86.0,23.0,11.0,23.0,12.0,No clear directional edge.,CLOSE
2026-07-01T04:38:34.456752+00:00,ETH/USDT,SHORT,86.0,23.0,11.0,23.0,12.0,No clear directional edge.,CLOSE
2026-07-01T04:43:38.837377+00:00,ETH/USDT,SHORT,86.0,23.0,11.0,23.0,12.0,No clear directional edge.,CLOSE
2026-07-01T04:48:43.271560+00:00,ETH/USDT,SHORT,86.0,23.0,11.0,23.0,12.0,No clear directional edge.,CLOSE
2026-07-01T04:53:49.473379+00:00,ETH/USDT,SHORT,86.0,23.0,11.0,23.0,12.0,No clear directional edge.,CLOSE
2026-07-01T04:58:54.271972+00:00,ETH/USDT,SHORT,86.0,23.0,11.0,23.0,12.0,No clear directional edge.,CLOSE
2026-07-01T05:03:58.901216+00:00,ETH/USDT,SHORT,86.0,23.0,11.0,23.0,12.0,No clear directional edge.,CLOSE
2026-07-01T05:09:03.703404+00:00,ETH/USDT,SHORT,86.0,23.0,11.0,23.0,12.0,No clear directional edge.,CLOSE
2026-07-01T05:14:08.480588+00:00,ETH/USDT,SHORT,86.0,23.0,11.0,23.0,12.0,No clear directional edge.,CLOSE
2026-07-01T05:19:13.358016+00:00,ETH/USDT,SHORT,86.0,23.0,11.0,23.0,12.0,No clear directional edge.,CLOSE
2026-07-01T05:24:18.186296+00:00,ETH/USDT,SHORT,86.0,23.0,11.0,23.0,12.0,No clear directional edge.,CLOSE
2026-07-01T05:29:22.330308+00:00,ETH/USDT,SHORT,86.0,23.0,11.0,23.0,12.0,No clear directional edge.,CLOSE
2026-07-01T05:34:26.656426+00:00,ETH/USDT,SHORT,86.0,23.0,11.0,23.0,12.0,No clear directional edge.,CLOSE
2026-07-01T05:39:31.721959+00:00,ETH/USDT,SHORT,80.0,21.0,11.0,21.0,10.0,No clear directional edge.,MEDIUM
2026-07-01T05:44:36.530114+00:00,ETH/USDT,SHORT,80.0,21.0,11.0,21.0,10.0,No clear directional edge.,MEDIUM
2026-07-01T05:49:41.142041+00:00,ETH/USDT,SHORT,80.0,21.0,11.0,21.0,10.0,No clear directional edge.,MEDIUM
2026-07-01T05:54:45.750632+00:00,ETH/USDT,SHORT,80.0,21.0,11.0,21.0,10.0,No clear directional edge.,MEDIUM
2026-07-01T05:59:51.816998+00:00,ETH/USDT,SHORT,80.0,21.0,11.0,21.0,10.0,No clear directional edge.,MEDIUM
2026-07-01T06:04:57.128133+00:00,SOL/USDT,LONG,65.0,21.0,21.0,16.0,5.0,No clear directional edge.,FAR
2026-07-01T06:10:00.904473+00:00,ETH/USDT,SHORT,83.0,22.0,11.0,22.0,11.0,No clear directional edge.,MEDIUM
2026-07-01T06:10:01.629312+00:00,SOL/USDT,LONG,71.0,21.0,21.0,14.0,7.0,No clear directional edge.,FAR
2026-07-01T06:15:05.399135+00:00,ETH/USDT,SHORT,80.0,21.0,11.0,21.0,10.0,No clear directional edge.,MEDIUM
2026-07-01T06:15:07.422783+00:00,SOL/USDT,LONG,71.0,21.0,21.0,14.0,7.0,No clear directional edge.,FAR
2026-07-01T06:20:11.430028+00:00,ETH/USDT,SHORT,83.0,22.0,11.0,22.0,11.0,No clear directional edge.,MEDIUM
2026-07-01T06:20:12.146769+00:00,SOL/USDT,LONG,71.0,21.0,21.0,14.0,7.0,No clear directional edge.,FAR
2026-07-01T06:25:15.810607+00:00,ETH/USDT,SHORT,68.0,18.0,12.0,18.0,6.0,No clear directional edge.,FAR
2026-07-01T06:25:16.529382+00:00,SOL/USDT,LONG,71.0,21.0,21.0,14.0,7.0,No clear directional edge.,FAR
2026-07-01T06:30:21.160860+00:00,ETH/USDT,SHORT,74.0,18.0,10.0,18.0,8.0,No clear directional edge.,FAR
2026-07-01T06:30:22.065363+00:00,SOL/USDT,LONG,71.0,21.0,21.0,14.0,7.0,No clear directional edge.,FAR
2026-07-01T06:35:25.725136+00:00,ETH/USDT,SHORT,65.0,18.0,13.0,18.0,5.0,No clear directional edge.,FAR
2026-07-01T06:35:28.064930+00:00,SOL/USDT,LONG,80.0,20.0,20.0,10.0,10.0,No clear directional edge.,MEDIUM
2026-07-01T06:40:33.221077+00:00,ETH/USDT,SHORT,65.0,18.0,13.0,18.0,5.0,No clear directional edge.,FAR
2026-07-01T06:40:34.650940+00:00,SOL/USDT,LONG,80.0,20.0,20.0,10.0,10.0,No clear directional edge.,MEDIUM
2026-07-01T06:45:38.490485+00:00,ETH/USDT,SHORT,65.0,18.0,13.0,18.0,5.0,No clear directional edge.,FAR
2026-07-01T06:45:39.210022+00:00,SOL/USDT,LONG,80.0,20.0,20.0,10.0,10.0,No clear directional edge.,MEDIUM
2026-07-01T06:50:42.837122+00:00,ETH/USDT,SHORT,68.0,18.0,12.0,18.0,6.0,No clear directional edge.,FAR
2026-07-01T06:50:43.554805+00:00,SOL/USDT,LONG,80.0,20.0,20.0,10.0,10.0,No clear directional edge.,MEDIUM
2026-07-01T06:55:47.274910+00:00,ETH/USDT,SHORT,65.0,18.0,13.0,18.0,5.0,No clear directional edge.,FAR
2026-07-01T06:55:48.004929+00:00,SOL/USDT,LONG,80.0,20.0,20.0,10.0,10.0,No clear directional edge.,MEDIUM
2026-07-01T07:00:51.790153+00:00,ETH/USDT,SHORT,65.0,18.0,13.0,18.0,5.0,No clear directional edge.,FAR
2026-07-01T07:00:52.505093+00:00,SOL/USDT,LONG,80.0,20.0,20.0,10.0,10.0,No clear directional edge.,MEDIUM
2026-07-01T07:05:56.098803+00:00,ETH/USDT,SHORT,65.0,18.0,13.0,18.0,5.0,No clear directional edge.,FAR
2026-07-01T07:05:56.817291+00:00,SOL/USDT,LONG,80.0,20.0,20.0,10.0,10.0,No clear directional edge.,MEDIUM
2026-07-01T07:11:00.774234+00:00,ETH/USDT,SHORT,65.0,18.0,13.0,18.0,5.0,No clear directional edge.,FAR
2026-07-01T07:11:01.824874+00:00,SOL/USDT,LONG,80.0,20.0,20.0,10.0,10.0,No clear directional edge.,MEDIUM
2026-07-01T07:16:06.205575+00:00,ETH/USDT,SHORT,65.0,18.0,13.0,18.0,5.0,No clear directional edge.,FAR
2026-07-01T07:16:07.381135+00:00,SOL/USDT,LONG,80.0,20.0,20.0,10.0,10.0,No clear directional edge.,MEDIUM
2026-07-01T07:21:11.790064+00:00,ETH/USDT,SHORT,65.0,18.0,13.0,18.0,5.0,No clear directional edge.,FAR
2026-07-01T07:21:12.508881+00:00,SOL/USDT,LONG,80.0,20.0,20.0,10.0,10.0,No clear directional edge.,MEDIUM
2026-07-01T07:26:16.519538+00:00,ETH/USDT,SHORT,68.0,18.0,12.0,18.0,6.0,No clear directional edge.,FAR
2026-07-01T07:26:17.407986+00:00,SOL/USDT,LONG,71.0,21.0,21.0,14.0,7.0,No clear directional edge.,FAR
2026-07-01T07:31:21.463303+00:00,ETH/USDT,SHORT,68.0,18.0,12.0,18.0,6.0,No clear directional edge.,FAR
2026-07-01T07:31:22.215999+00:00,SOL/USDT,LONG,71.0,21.0,21.0,14.0,7.0,No clear directional edge.,FAR
2026-07-01T07:36:26.272886+00:00,ETH/USDT,SHORT,68.0,18.0,12.0,18.0,6.0,No clear directional edge.,FAR
2026-07-01T07:36:27.166585+00:00,SOL/USDT,LONG,71.0,21.0,21.0,14.0,7.0,No clear directional edge.,FAR
2026-07-01T07:41:31.535513+00:00,ETH/USDT,SHORT,68.0,18.0,12.0,18.0,6.0,No clear directional edge.,FAR
2026-07-01T07:41:32.308877+00:00,SOL/USDT,LONG,71.0,21.0,21.0,14.0,7.0,No clear directional edge.,FAR
2026-07-01T07:46:37.279701+00:00,ETH/USDT,SHORT,68.0,18.0,12.0,18.0,6.0,No clear directional edge.,FAR
2026-07-01T07:46:38.140220+00:00,SOL/USDT,LONG,71.0,21.0,21.0,14.0,7.0,No clear directional edge.,FAR
2026-07-01T07:51:42.801473+00:00,ETH/USDT,SHORT,68.0,18.0,12.0,18.0,6.0,No clear directional edge.,FAR
2026-07-01T07:51:43.640047+00:00,SOL/USDT,LONG,71.0,21.0,21.0,14.0,7.0,No clear directional edge.,FAR
2026-07-01T07:56:47.504835+00:00,ETH/USDT,SHORT,68.0,18.0,12.0,18.0,6.0,No clear directional edge.,FAR
2026-07-01T07:56:48.233202+00:00,SOL/USDT,LONG,71.0,21.0,21.0,14.0,7.0,No clear directional edge.,FAR
2026-07-01T08:01:52.602874+00:00,ETH/USDT,SHORT,65.0,18.0,13.0,18.0,5.0,No clear directional edge.,FAR
2026-07-01T08:01:53.821651+00:00,SOL/USDT,LONG,71.0,21.0,21.0,14.0,7.0,No clear directional edge.,FAR
2026-07-01T08:06:58.062643+00:00,ETH/USDT,SHORT,68.0,18.0,12.0,18.0,6.0,No clear directional edge.,FAR
2026-07-01T08:06:58.881389+00:00,SOL/USDT,LONG,71.0,21.0,21.0,14.0,7.0,No clear directional edge.,FAR
2026-07-01T08:12:02.784644+00:00,ETH/USDT,SHORT,65.0,18.0,13.0,18.0,5.0,No clear directional edge.,FAR
2026-07-01T08:12:03.676871+00:00,SOL/USDT,LONG,71.0,21.0,21.0,14.0,7.0,No clear directional edge.,FAR
2026-07-01T08:17:08.237042+00:00,ETH/USDT,SHORT,65.0,18.0,13.0,18.0,5.0,No clear directional edge.,FAR
2026-07-01T08:17:10.120654+00:00,SOL/USDT,LONG,71.0,21.0,21.0,14.0,7.0,No clear directional edge.,FAR
2026-07-01T08:22:14.131939+00:00,ETH/USDT,SHORT,65.0,18.0,13.0,18.0,5.0,No clear directional edge.,FAR
2026-07-01T08:22:14.851690+00:00,SOL/USDT,LONG,71.0,21.0,21.0,14.0,7.0,No clear directional edge.,FAR
2026-07-01T08:27:18.040775+00:00,ETH/USDT,SHORT,65.0,18.0,13.0,18.0,5.0,No clear directional edge.,FAR
2026-07-01T08:27:18.765646+00:00,SOL/USDT,LONG,71.0,21.0,21.0,14.0,7.0,No clear directional edge.,FAR
2026-07-01T08:32:23.092463+00:00,ETH/USDT,SHORT,65.0,18.0,13.0,18.0,5.0,No clear directional edge.,FAR
2026-07-01T08:32:24.098713+00:00,SOL/USDT,LONG,71.0,21.0,21.0,14.0,7.0,No clear directional edge.,FAR
2026-07-01T08:37:28.171411+00:00,ETH/USDT,SHORT,65.0,18.0,13.0,18.0,5.0,No clear directional edge.,FAR
2026-07-01T08:37:29.544187+00:00,SOL/USDT,LONG,71.0,21.0,21.0,14.0,7.0,No clear directional edge.,FAR
2026-07-01T08:42:33.355893+00:00,ETH/USDT,SHORT,65.0,18.0,13.0,18.0,5.0,No clear directional edge.,FAR
2026-07-01T08:42:34.937530+00:00,SOL/USDT,LONG,71.0,21.0,21.0,14.0,7.0,No clear directional edge.,FAR
2026-07-01T08:47:38.539675+00:00,ETH/USDT,SHORT,65.0,18.0,13.0,18.0,5.0,No clear directional edge.,FAR
2026-07-01T08:47:39.908669+00:00,SOL/USDT,LONG,71.0,21.0,21.0,14.0,7.0,No clear directional edge.,FAR
2026-07-01T08:52:43.705541+00:00,ETH/USDT,SHORT,65.0,18.0,13.0,18.0,5.0,No clear directional edge.,FAR
2026-07-01T08:52:44.573786+00:00,SOL/USDT,LONG,71.0,21.0,21.0,14.0,7.0,No clear directional edge.,FAR
2026-07-01T08:57:47.072142+00:00,ETH/USDT,SHORT,68.0,18.0,12.0,18.0,6.0,No clear directional edge.,FAR
2026-07-01T09:02:50.470783+00:00,ETH/USDT,SHORT,74.0,18.0,10.0,18.0,8.0,No clear directional edge.,FAR
2026-07-01T09:07:55.107656+00:00,ETH/USDT,SHORT,74.0,18.0,10.0,18.0,8.0,No clear directional edge.,FAR
2026-07-01T09:12:59.291804+00:00,ETH/USDT,SHORT,74.0,18.0,10.0,18.0,8.0,No clear directional edge.,FAR
2026-07-01T09:18:02.768275+00:00,ETH/USDT,SHORT,74.0,18.0,10.0,18.0,8.0,No clear directional edge.,FAR
2026-07-01T09:23:06.129256+00:00,ETH/USDT,SHORT,74.0,18.0,10.0,18.0,8.0,No clear directional edge.,FAR
2026-07-01T09:23:07.009649+00:00,SOL/USDT,LONG,65.0,21.0,21.0,16.0,5.0,No clear directional edge.,FAR
2026-07-01T09:28:09.792124+00:00,ETH/USDT,SHORT,68.0,18.0,12.0,18.0,6.0,No clear directional edge.,FAR
2026-07-01T09:28:10.617763+00:00,SOL/USDT,LONG,71.0,21.0,21.0,14.0,7.0,No clear directional edge.,FAR
2026-07-01T09:33:13.423930+00:00,ETH/USDT,SHORT,74.0,18.0,10.0,18.0,8.0,No clear directional edge.,FAR
2026-07-01T09:38:17.258487+00:00,ETH/USDT,SHORT,74.0,18.0,10.0,18.0,8.0,No clear directional edge.,FAR
2026-07-01T09:43:23.684882+00:00,ETH/USDT,SHORT,74.0,18.0,10.0,18.0,8.0,No clear directional edge.,FAR
2026-07-01T09:48:27.911205+00:00,ETH/USDT,SHORT,74.0,18.0,10.0,18.0,8.0,No clear directional edge.,FAR
2026-07-01T09:53:33.234343+00:00,ETH/USDT,SHORT,74.0,18.0,10.0,18.0,8.0,No clear directional edge.,FAR
2026-07-01T09:58:38.488945+00:00,ETH/USDT,SHORT,74.0,18.0,10.0,18.0,8.0,No clear directional edge.,FAR
2026-07-01T10:03:42.580888+00:00,ETH/USDT,SHORT,74.0,18.0,10.0,18.0,8.0,No clear directional edge.,FAR
2026-07-01T10:08:46.563383+00:00,ETH/USDT,SHORT,74.0,18.0,10.0,18.0,8.0,No clear directional edge.,FAR
2026-07-01T10:13:50.328867+00:00,ETH/USDT,SHORT,65.0,18.0,13.0,18.0,5.0,No clear directional edge.,FAR
2026-07-01T10:18:54.068911+00:00,ETH/USDT,SHORT,65.0,18.0,13.0,18.0,5.0,No clear directional edge.,FAR
2026-07-01T10:24:00.191092+00:00,ETH/USDT,SHORT,65.0,18.0,13.0,18.0,5.0,No clear directional edge.,FAR
2026-07-01T10:29:06.370581+00:00,ETH/USDT,SHORT,65.0,18.0,13.0,18.0,5.0,No clear directional edge.,FAR
2026-07-01T10:34:12.118133+00:00,ETH/USDT,SHORT,65.0,18.0,13.0,18.0,5.0,No clear directional edge.,FAR
2026-07-01T10:39:16.493218+00:00,ETH/USDT,SHORT,65.0,18.0,13.0,18.0,5.0,No clear directional edge.,FAR
2026-07-01T10:44:23.493842+00:00,ETH/USDT,SHORT,77.0,20.0,11.0,20.0,9.0,No clear directional edge.,MEDIUM
2026-07-01T10:44:24.291984+00:00,SOL/USDT,LONG,71.0,21.0,21.0,14.0,7.0,No clear directional edge.,FAR
2026-07-01T10:49:29.190640+00:00,ETH/USDT,SHORT,65.0,18.0,13.0,18.0,5.0,No clear directional edge.,FAR
2026-07-01T10:54:32.275572+00:00,ETH/USDT,SHORT,65.0,18.0,13.0,18.0,5.0,No clear directional edge.,FAR
2026-07-01T10:54:32.976320+00:00,SOL/USDT,LONG,71.0,21.0,21.0,14.0,7.0,No clear directional edge.,FAR
2026-07-01T10:59:37.047656+00:00,ETH/USDT,SHORT,65.0,18.0,13.0,18.0,5.0,No clear directional edge.,FAR
2026-07-01T10:59:38.073877+00:00,SOL/USDT,LONG,71.0,21.0,21.0,14.0,7.0,No clear directional edge.,FAR
2026-07-01T11:04:40.538953+00:00,ETH/USDT,SHORT,77.0,20.0,11.0,20.0,9.0,No clear directional edge.,MEDIUM
2026-07-01T11:04:41.298974+00:00,SOL/USDT,LONG,71.0,21.0,21.0,14.0,7.0,No clear directional edge.,FAR
2026-07-01T11:09:46.647041+00:00,ETH/USDT,SHORT,77.0,20.0,11.0,20.0,9.0,No clear directional edge.,MEDIUM
2026-07-01T11:09:47.657158+00:00,SOL/USDT,LONG,71.0,21.0,21.0,14.0,7.0,No clear directional edge.,FAR
2026-07-01T11:14:51.664590+00:00,ETH/USDT,SHORT,77.0,20.0,11.0,20.0,9.0,No clear directional edge.,MEDIUM
2026-07-01T11:14:52.406597+00:00,SOL/USDT,LONG,65.0,21.0,21.0,16.0,5.0,No clear directional edge.,FAR
2026-07-01T11:19:56.331731+00:00,ETH/USDT,SHORT,77.0,20.0,11.0,20.0,9.0,No clear directional edge.,MEDIUM
2026-07-01T11:25:01.436329+00:00,ETH/USDT,SHORT,77.0,20.0,11.0,20.0,9.0,No clear directional edge.,MEDIUM
2026-07-01T11:25:03.440656+00:00,SOL/USDT,LONG,71.0,21.0,21.0,14.0,7.0,No clear directional edge.,FAR
2026-07-01T11:30:08.152856+00:00,ETH/USDT,SHORT,77.0,20.0,11.0,20.0,9.0,No clear directional edge.,MEDIUM
2026-07-01T11:30:08.887096+00:00,SOL/USDT,LONG,71.0,21.0,21.0,14.0,7.0,No clear directional edge.,FAR
2026-07-01T11:35:13.653098+00:00,ETH/USDT,SHORT,77.0,20.0,11.0,20.0,9.0,No clear directional edge.,MEDIUM
2026-07-01T11:35:14.819567+00:00,SOL/USDT,LONG,71.0,21.0,21.0,14.0,7.0,No clear directional edge.,FAR
2026-07-01T11:40:19.059024+00:00,ETH/USDT,SHORT,77.0,20.0,11.0,20.0,9.0,No clear directional edge.,MEDIUM
2026-07-01T11:40:20.569582+00:00,SOL/USDT,LONG,71.0,21.0,21.0,14.0,7.0,No clear directional edge.,FAR
2026-07-01T11:45:25.138039+00:00,ETH/USDT,SHORT,77.0,20.0,11.0,20.0,9.0,No clear directional edge.,MEDIUM
2026-07-01T11:45:26.133706+00:00,SOL/USDT,LONG,71.0,21.0,21.0,14.0,7.0,No clear directional edge.,FAR
2026-07-01T11:50:29.844109+00:00,ETH/USDT,SHORT,77.0,20.0,11.0,20.0,9.0,No clear directional edge.,MEDIUM
2026-07-01T11:50:30.569095+00:00,SOL/USDT,LONG,71.0,21.0,21.0,14.0,7.0,No clear directional edge.,FAR
2026-07-01T11:55:36.020267+00:00,ETH/USDT,SHORT,68.0,21.0,15.0,21.0,6.0,No clear directional edge.,FAR
2026-07-01T11:55:36.971479+00:00,SOL/USDT,LONG,71.0,21.0,21.0,14.0,7.0,No clear directional edge.,FAR
2026-07-01T12:00:42.315843+00:00,ETH/USDT,SHORT,77.0,20.0,11.0,20.0,9.0,No clear directional edge.,MEDIUM
2026-07-01T12:00:43.046738+00:00,SOL/USDT,LONG,71.0,21.0,21.0,14.0,7.0,No clear directional edge.,FAR
2026-07-01T12:05:47.565292+00:00,ETH/USDT,SHORT,68.0,21.0,15.0,21.0,6.0,No clear directional edge.,FAR
2026-07-01T12:05:48.489527+00:00,SOL/USDT,LONG,71.0,21.0,21.0,14.0,7.0,No clear directional edge.,FAR
2026-07-01T12:10:53.210698+00:00,ETH/USDT,SHORT,77.0,20.0,11.0,20.0,9.0,No clear directional edge.,MEDIUM
2026-07-01T12:10:54.109170+00:00,SOL/USDT,LONG,71.0,21.0,21.0,14.0,7.0,No clear directional edge.,FAR
2026-07-01T12:15:57.944650+00:00,ETH/USDT,SHORT,77.0,20.0,11.0,20.0,9.0,No clear directional edge.,MEDIUM
2026-07-01T12:15:58.661547+00:00,SOL/USDT,LONG,71.0,21.0,21.0,14.0,7.0,No clear directional edge.,FAR
2026-07-01T12:21:02.482444+00:00,ETH/USDT,SHORT,68.0,21.0,15.0,21.0,6.0,No clear directional edge.,FAR
2026-07-01T12:21:03.304729+00:00,SOL/USDT,LONG,80.0,20.0,20.0,10.0,10.0,No clear directional edge.,MEDIUM
2026-07-01T12:26:07.405396+00:00,ETH/USDT,SHORT,68.0,21.0,15.0,21.0,6.0,No clear directional edge.,FAR
2026-07-01T12:26:08.293721+00:00,SOL/USDT,LONG,80.0,20.0,20.0,10.0,10.0,No clear directional edge.,MEDIUM
2026-07-01T12:31:12.956033+00:00,ETH/USDT,SHORT,68.0,21.0,15.0,21.0,6.0,No clear directional edge.,FAR
2026-07-01T12:31:13.836040+00:00,SOL/USDT,LONG,77.0,20.0,20.0,11.0,9.0,No clear directional edge.,MEDIUM
2026-07-01T12:36:17.455012+00:00,ETH/USDT,SHORT,68.0,21.0,15.0,21.0,6.0,No clear directional edge.,FAR
2026-07-01T12:36:18.272796+00:00,SOL/USDT,LONG,77.0,20.0,20.0,11.0,9.0,No clear directional edge.,MEDIUM
2026-07-01T12:41:22.852163+00:00,ETH/USDT,SHORT,68.0,21.0,15.0,21.0,6.0,No clear directional edge.,FAR
2026-07-01T12:41:23.612356+00:00,SOL/USDT,LONG,77.0,20.0,20.0,11.0,9.0,No clear directional edge.,MEDIUM
2026-07-01T12:46:27.756755+00:00,ETH/USDT,SHORT,68.0,21.0,15.0,21.0,6.0,No clear directional edge.,FAR
2026-07-01T12:46:28.497177+00:00,SOL/USDT,LONG,77.0,20.0,20.0,11.0,9.0,No clear directional edge.,MEDIUM
2026-07-01T12:51:32.813789+00:00,ETH/USDT,SHORT,68.0,21.0,15.0,21.0,6.0,No clear directional edge.,FAR
2026-07-01T12:51:33.800228+00:00,SOL/USDT,LONG,77.0,20.0,20.0,11.0,9.0,No clear directional edge.,MEDIUM
2026-07-01T12:56:38.588075+00:00,ETH/USDT,SHORT,68.0,21.0,15.0,21.0,6.0,No clear directional edge.,FAR
2026-07-01T12:56:39.442604+00:00,SOL/USDT,LONG,77.0,20.0,20.0,11.0,9.0,No clear directional edge.,MEDIUM
2026-07-01T13:01:43.311350+00:00,ETH/USDT,SHORT,77.0,20.0,11.0,20.0,9.0,No clear directional edge.,MEDIUM
2026-07-01T13:06:47.846500+00:00,ETH/USDT,SHORT,77.0,20.0,11.0,20.0,9.0,No clear directional edge.,MEDIUM
2026-07-01T13:06:48.566109+00:00,SOL/USDT,LONG,71.0,21.0,21.0,14.0,7.0,No clear directional edge.,FAR
2026-07-01T13:11:52.302744+00:00,ETH/USDT,SHORT,77.0,20.0,11.0,20.0,9.0,No clear directional edge.,MEDIUM
2026-07-01T13:11:53.120076+00:00,SOL/USDT,LONG,71.0,21.0,21.0,14.0,7.0,No clear directional edge.,FAR
2026-07-01T13:16:56.876392+00:00,ETH/USDT,SHORT,77.0,20.0,11.0,20.0,9.0,No clear directional edge.,MEDIUM
2026-07-01T13:16:57.595557+00:00,SOL/USDT,LONG,71.0,21.0,21.0,14.0,7.0,No clear directional edge.,FAR
2026-07-01T13:22:01.284859+00:00,ETH/USDT,SHORT,80.0,20.0,10.0,20.0,10.0,No clear directional edge.,MEDIUM
2026-07-01T13:27:05.859616+00:00,ETH/USDT,SHORT,80.0,20.0,10.0,20.0,10.0,No clear directional edge.,MEDIUM
2026-07-01T13:32:11.204415+00:00,ETH/USDT,SHORT,80.0,20.0,10.0,20.0,10.0,No clear directional edge.,MEDIUM
2026-07-01T13:37:15.964335+00:00,ETH/USDT,SHORT,80.0,20.0,10.0,20.0,10.0,No clear directional edge.,MEDIUM
2026-07-01T13:42:21.017148+00:00,ETH/USDT,SHORT,86.0,20.0,8.0,20.0,12.0,No clear directional edge.,CLOSE
2026-07-01T13:47:27.081393+00:00,ETH/USDT,SHORT,80.0,21.0,11.0,21.0,10.0,No clear directional edge.,MEDIUM
2026-07-01T13:52:33.688808+00:00,ETH/USDT,SHORT,86.0,23.0,11.0,23.0,12.0,No clear directional edge.,CLOSE
2026-07-01T13:57:38.196561+00:00,ETH/USDT,SHORT,86.0,23.0,11.0,23.0,12.0,No clear directional edge.,CLOSE
2026-07-01T14:02:42.599489+00:00,ETH/USDT,SHORT,80.0,21.0,11.0,21.0,10.0,No clear directional edge.,MEDIUM
2026-07-01T14:07:48.611156+00:00,ETH/USDT,SHORT,86.0,23.0,11.0,23.0,12.0,No clear directional edge.,CLOSE
2026-07-01T14:12:52.487391+00:00,BTC/USDT,SHORT,86.0,23.0,11.0,23.0,12.0,No clear directional edge.,CLOSE
2026-07-01T14:12:53.306492+00:00,ETH/USDT,SHORT,62.0,19.0,15.0,19.0,4.0,No clear directional edge.,FAR
2026-07-01T14:17:57.561271+00:00,BTC/USDT,SHORT,89.0,24.0,11.0,24.0,13.0,No clear directional edge.,CLOSE
2026-07-01T14:17:58.972594+00:00,ETH/USDT,SHORT,65.0,20.0,15.0,20.0,5.0,No clear directional edge.,FAR
2026-07-01T14:23:02.579761+00:00,BTC/USDT,SHORT,89.0,24.0,11.0,24.0,13.0,No clear directional edge.,CLOSE
2026-07-01T14:23:03.518869+00:00,ETH/USDT,SHORT,65.0,20.0,15.0,20.0,5.0,No clear directional edge.,FAR
2026-07-01T14:28:07.216476+00:00,BTC/USDT,SHORT,86.0,23.0,11.0,23.0,12.0,No clear directional edge.,CLOSE
2026-07-01T14:28:08.054478+00:00,ETH/USDT,SHORT,62.0,19.0,15.0,19.0,4.0,No clear directional edge.,FAR
2026-07-01T14:33:12.884933+00:00,BTC/USDT,SHORT,77.0,23.0,14.0,23.0,9.0,No clear directional edge.,MEDIUM
2026-07-01T14:38:17.961775+00:00,BTC/USDT,SHORT,71.0,21.0,14.0,21.0,7.0,No clear directional edge.,FAR
2026-07-01T14:38:18.800501+00:00,ETH/USDT,SHORT,80.0,21.0,11.0,21.0,10.0,No clear directional edge.,MEDIUM
2026-07-01T14:43:22.720286+00:00,BTC/USDT,SHORT,77.0,23.0,14.0,23.0,9.0,No clear directional edge.,MEDIUM
2026-07-01T14:48:27.205752+00:00,BTC/USDT,SHORT,71.0,21.0,14.0,21.0,7.0,No clear directional edge.,FAR
2026-07-01T14:48:28.035161+00:00,ETH/USDT,SHORT,80.0,21.0,11.0,21.0,10.0,No clear directional edge.,MEDIUM
2026-07-01T14:53:31.668727+00:00,BTC/USDT,SHORT,86.0,23.0,11.0,23.0,12.0,No clear directional edge.,CLOSE
2026-07-01T14:58:36.867928+00:00,BTC/USDT,SHORT,68.0,21.0,15.0,21.0,6.0,No clear directional edge.,FAR
2026-07-01T15:03:42.837016+00:00,BTC/USDT,SHORT,86.0,23.0,11.0,23.0,12.0,No clear directional edge.,CLOSE
2026-07-01T15:03:43.655044+00:00,ETH/USDT,SHORT,62.0,19.0,15.0,19.0,4.0,No clear directional edge.,FAR
2026-07-01T15:08:47.413223+00:00,BTC/USDT,SHORT,86.0,23.0,11.0,23.0,12.0,No clear directional edge.,CLOSE
2026-07-01T15:08:48.794477+00:00,ETH/USDT,SHORT,62.0,19.0,15.0,19.0,4.0,No clear directional edge.,FAR
2026-07-01T15:13:52.879209+00:00,BTC/USDT,SHORT,89.0,24.0,11.0,24.0,13.0,No clear directional edge.,CLOSE
2026-07-01T15:13:54.251612+00:00,ETH/USDT,SHORT,65.0,20.0,15.0,20.0,5.0,No clear directional edge.,FAR
2026-07-01T15:18:57.951239+00:00,BTC/USDT,SHORT,86.0,23.0,11.0,23.0,12.0,No clear directional edge.,CLOSE
2026-07-01T15:18:58.678789+00:00,ETH/USDT,SHORT,62.0,19.0,15.0,19.0,4.0,No clear directional edge.,FAR
2026-07-01T15:24:04.426660+00:00,ETH/USDT,SHORT,71.0,22.0,15.0,22.0,7.0,No clear directional edge.,FAR
2026-07-01T15:29:09.588116+00:00,ETH/USDT,SHORT,71.0,22.0,15.0,22.0,7.0,No clear directional edge.,FAR
2026-07-01T15:34:14.586644+00:00,ETH/USDT,SHORT,71.0,22.0,15.0,22.0,7.0,No clear directional edge.,FAR
2026-07-01T15:39:18.535563+00:00,BTC/USDT,SHORT,89.0,24.0,11.0,24.0,13.0,No clear directional edge.,CLOSE
2026-07-01T15:39:19.421663+00:00,ETH/USDT,SHORT,71.0,22.0,15.0,22.0,7.0,No clear directional edge.,FAR
2026-07-01T15:44:24.021528+00:00,ETH/USDT,SHORT,71.0,22.0,15.0,22.0,7.0,No clear directional edge.,FAR
2026-07-01T15:49:28.351395+00:00,BTC/USDT,SHORT,89.0,24.0,11.0,24.0,13.0,No clear directional edge.,CLOSE
2026-07-01T15:49:29.248086+00:00,ETH/USDT,SHORT,71.0,22.0,15.0,22.0,7.0,No clear directional edge.,FAR
2026-07-01T15:54:33.315410+00:00,BTC/USDT,SHORT,89.0,24.0,11.0,24.0,13.0,No clear directional edge.,CLOSE
2026-07-01T15:54:34.087492+00:00,ETH/USDT,SHORT,65.0,20.0,15.0,20.0,5.0,No clear directional edge.,FAR
2026-07-01T15:59:38.013198+00:00,BTC/USDT,SHORT,89.0,24.0,11.0,24.0,13.0,No clear directional edge.,CLOSE
2026-07-01T15:59:38.729706+00:00,ETH/USDT,SHORT,71.0,22.0,15.0,22.0,7.0,No clear directional edge.,FAR
2026-07-01T16:04:42.682449+00:00,BTC/USDT,SHORT,89.0,24.0,11.0,24.0,13.0,No clear directional edge.,CLOSE
2026-07-01T16:04:43.409612+00:00,ETH/USDT,SHORT,65.0,20.0,15.0,20.0,5.0,No clear directional edge.,FAR
2026-07-01T16:09:47.351578+00:00,BTC/USDT,SHORT,89.0,24.0,11.0,24.0,13.0,No clear directional edge.,CLOSE
2026-07-01T16:09:48.727396+00:00,ETH/USDT,SHORT,65.0,20.0,15.0,20.0,5.0,No clear directional edge.,FAR
2026-07-01T16:14:53.695993+00:00,BTC/USDT,SHORT,89.0,24.0,11.0,24.0,13.0,No clear directional edge.,CLOSE
2026-07-01T16:14:54.939714+00:00,ETH/USDT,SHORT,65.0,20.0,15.0,20.0,5.0,No clear directional edge.,FAR
2026-07-01T16:19:59.444018+00:00,BTC/USDT,SHORT,89.0,24.0,11.0,24.0,13.0,No clear directional edge.,CLOSE
2026-07-01T16:20:00.280843+00:00,ETH/USDT,SHORT,71.0,22.0,15.0,22.0,7.0,No clear directional edge.,FAR
2026-07-01T16:25:04.392983+00:00,BTC/USDT,SHORT,86.0,23.0,11.0,23.0,12.0,No clear directional edge.,CLOSE
2026-07-01T16:25:05.216170+00:00,ETH/USDT,SHORT,65.0,20.0,15.0,20.0,5.0,No clear directional edge.,FAR
2026-07-01T16:30:09.026447+00:00,BTC/USDT,SHORT,89.0,24.0,11.0,24.0,13.0,No clear directional edge.,CLOSE
2026-07-01T16:30:09.756925+00:00,ETH/USDT,SHORT,71.0,22.0,15.0,22.0,7.0,No clear directional edge.,FAR
2026-07-01T16:35:13.601169+00:00,BTC/USDT,SHORT,89.0,24.0,11.0,24.0,13.0,No clear directional edge.,CLOSE
2026-07-01T16:35:14.471834+00:00,ETH/USDT,SHORT,71.0,22.0,15.0,22.0,7.0,No clear directional edge.,FAR
2026-07-01T16:40:18.228362+00:00,BTC/USDT,SHORT,89.0,24.0,11.0,24.0,13.0,No clear directional edge.,CLOSE
2026-07-01T16:40:18.956996+00:00,ETH/USDT,SHORT,65.0,20.0,15.0,20.0,5.0,No clear directional edge.,FAR
2026-07-01T16:45:22.645785+00:00,BTC/USDT,SHORT,89.0,24.0,11.0,24.0,13.0,No clear directional edge.,CLOSE
2026-07-01T16:45:23.490039+00:00,ETH/USDT,SHORT,65.0,20.0,15.0,20.0,5.0,No clear directional edge.,FAR
2026-07-01T16:50:27.139342+00:00,BTC/USDT,SHORT,86.0,23.0,11.0,23.0,12.0,No clear directional edge.,CLOSE
2026-07-01T16:50:28.238393+00:00,ETH/USDT,SHORT,65.0,20.0,15.0,20.0,5.0,No clear directional edge.,FAR
2026-07-01T16:55:33.840613+00:00,BTC/USDT,SHORT,80.0,21.0,11.0,21.0,10.0,No clear directional edge.,MEDIUM
2026-07-01T16:55:36.284646+00:00,SOL/USDT,LONG,62.0,21.0,21.0,17.0,4.0,No clear directional edge.,FAR
2026-07-01T17:00:39.321045+00:00,BTC/USDT,SHORT,80.0,21.0,11.0,21.0,10.0,No clear directional edge.,MEDIUM
2026-07-01T17:05:43.686968+00:00,BTC/USDT,SHORT,80.0,21.0,11.0,21.0,10.0,No clear directional edge.,MEDIUM
2026-07-01T17:05:45.641384+00:00,SOL/USDT,LONG,62.0,21.0,21.0,17.0,4.0,No clear directional edge.,FAR
2026-07-01T17:10:48.896298+00:00,BTC/USDT,SHORT,80.0,21.0,11.0,21.0,10.0,No clear directional edge.,MEDIUM
2026-07-01T17:15:54.291999+00:00,BTC/USDT,SHORT,80.0,21.0,11.0,21.0,10.0,No clear directional edge.,MEDIUM
2026-07-01T17:21:00.544469+00:00,BTC/USDT,SHORT,89.0,24.0,11.0,24.0,13.0,No clear directional edge.,CLOSE
2026-07-01T17:21:02.484501+00:00,ETH/USDT,SHORT,71.0,22.0,15.0,22.0,7.0,No clear directional edge.,FAR
2026-07-01T17:26:06.391288+00:00,BTC/USDT,SHORT,89.0,24.0,11.0,24.0,13.0,No clear directional edge.,CLOSE
2026-07-01T17:26:07.889605+00:00,ETH/USDT,SHORT,71.0,22.0,15.0,22.0,7.0,No clear directional edge.,FAR
2026-07-01T17:31:12.360289+00:00,BTC/USDT,SHORT,89.0,24.0,11.0,24.0,13.0,No clear directional edge.,CLOSE
2026-07-01T17:31:13.329420+00:00,ETH/USDT,SHORT,71.0,22.0,15.0,22.0,7.0,No clear directional edge.,FAR
2026-07-01T17:36:17.534245+00:00,BTC/USDT,SHORT,89.0,24.0,11.0,24.0,13.0,No clear directional edge.,CLOSE
2026-07-01T17:36:18.366681+00:00,ETH/USDT,SHORT,71.0,22.0,15.0,22.0,7.0,No clear directional edge.,FAR
2026-07-01T17:41:22.503561+00:00,BTC/USDT,SHORT,89.0,24.0,11.0,24.0,13.0,No clear directional edge.,CLOSE
2026-07-01T17:41:23.339774+00:00,ETH/USDT,SHORT,71.0,22.0,15.0,22.0,7.0,No clear directional edge.,FAR
2026-07-01T17:46:27.096884+00:00,BTC/USDT,SHORT,89.0,24.0,11.0,24.0,13.0,No clear directional edge.,CLOSE
2026-07-01T17:46:27.840272+00:00,ETH/USDT,SHORT,71.0,22.0,15.0,22.0,7.0,No clear directional edge.,FAR
2026-07-01T17:51:31.651392+00:00,BTC/USDT,SHORT,89.0,24.0,11.0,24.0,13.0,No clear directional edge.,CLOSE
2026-07-01T17:51:33.021029+00:00,ETH/USDT,SHORT,71.0,22.0,15.0,22.0,7.0,No clear directional edge.,FAR
2026-07-01T17:56:37.608121+00:00,ETH/USDT,SHORT,71.0,22.0,15.0,22.0,7.0,No clear directional edge.,FAR
2026-07-01T18:01:41.337000+00:00,BTC/USDT,SHORT,65.0,20.0,15.0,20.0,5.0,No clear directional edge.,FAR
2026-07-01T18:01:42.062449+00:00,ETH/USDT,SHORT,71.0,22.0,15.0,22.0,7.0,No clear directional edge.,FAR
2026-07-01T18:06:46.548926+00:00,BTC/USDT,SHORT,62.0,19.0,15.0,19.0,4.0,No clear directional edge.,FAR
2026-07-01T18:06:47.698226+00:00,ETH/USDT,SHORT,71.0,22.0,15.0,22.0,7.0,No clear directional edge.,FAR
2026-07-01T18:11:51.662911+00:00,BTC/USDT,SHORT,62.0,19.0,15.0,19.0,4.0,No clear directional edge.,FAR
2026-07-01T18:11:52.645545+00:00,ETH/USDT,SHORT,62.0,19.0,15.0,19.0,4.0,No clear directional edge.,FAR
2026-07-01T18:16:55.823341+00:00,BTC/USDT,SHORT,62.0,19.0,15.0,19.0,4.0,No clear directional edge.,FAR
2026-07-01T18:16:56.539973+00:00,ETH/USDT,SHORT,71.0,22.0,15.0,22.0,7.0,No clear directional edge.,FAR
2026-07-01T18:22:00.237495+00:00,BTC/USDT,SHORT,62.0,19.0,15.0,19.0,4.0,No clear directional edge.,FAR
2026-07-01T18:22:00.969327+00:00,ETH/USDT,SHORT,71.0,22.0,15.0,22.0,7.0,No clear directional edge.,FAR
2026-07-01T18:27:04.954959+00:00,BTC/USDT,SHORT,62.0,19.0,15.0,19.0,4.0,No clear directional edge.,FAR
2026-07-01T18:27:05.669633+00:00,ETH/USDT,SHORT,71.0,22.0,15.0,22.0,7.0,No clear directional edge.,FAR
2026-07-01T18:32:09.609240+00:00,BTC/USDT,SHORT,65.0,20.0,15.0,20.0,5.0,No clear directional edge.,FAR
2026-07-01T18:32:10.425301+00:00,ETH/USDT,SHORT,62.0,19.0,15.0,19.0,4.0,No clear directional edge.,FAR
2026-07-01T18:37:15.513689+00:00,BTC/USDT,SHORT,71.0,22.0,15.0,22.0,7.0,No clear directional edge.,FAR
2026-07-01T18:37:16.237445+00:00,ETH/USDT,SHORT,71.0,22.0,15.0,22.0,7.0,No clear directional edge.,FAR
2026-07-01T18:42:22.246757+00:00,BTC/USDT,SHORT,71.0,22.0,15.0,22.0,7.0,No clear directional edge.,FAR
2026-07-01T18:42:23.228431+00:00,ETH/USDT,SHORT,62.0,19.0,15.0,19.0,4.0,No clear directional edge.,FAR
2026-07-01T18:47:28.001887+00:00,BTC/USDT,SHORT,65.0,20.0,15.0,20.0,5.0,No clear directional edge.,FAR
2026-07-01T18:47:29.046379+00:00,ETH/USDT,SHORT,62.0,19.0,15.0,19.0,4.0,No clear directional edge.,FAR
2026-07-01T18:52:32.865649+00:00,BTC/USDT,SHORT,71.0,22.0,15.0,22.0,7.0,No clear directional edge.,FAR
2026-07-01T18:52:33.597942+00:00,ETH/USDT,SHORT,62.0,19.0,15.0,19.0,4.0,No clear directional edge.,FAR
2026-07-01T18:57:37.800661+00:00,BTC/USDT,SHORT,65.0,20.0,15.0,20.0,5.0,No clear directional edge.,FAR
2026-07-01T19:02:43.060884+00:00,BTC/USDT,SHORT,71.0,22.0,15.0,22.0,7.0,No clear directional edge.,FAR
2026-07-01T19:02:44.048511+00:00,ETH/USDT,SHORT,68.0,21.0,15.0,21.0,6.0,No clear directional edge.,FAR
2026-07-01T19:07:48.227988+00:00,BTC/USDT,SHORT,71.0,22.0,15.0,22.0,7.0,No clear directional edge.,FAR
2026-07-01T19:07:48.938544+00:00,ETH/USDT,SHORT,68.0,21.0,15.0,21.0,6.0,No clear directional edge.,FAR
2026-07-01T19:12:52.728631+00:00,BTC/USDT,SHORT,71.0,22.0,15.0,22.0,7.0,No clear directional edge.,FAR
2026-07-01T19:12:53.837585+00:00,ETH/USDT,SHORT,68.0,21.0,15.0,21.0,6.0,No clear directional edge.,FAR
2026-07-01T19:17:58.707327+00:00,BTC/USDT,SHORT,71.0,22.0,15.0,22.0,7.0,No clear directional edge.,FAR
2026-07-01T19:17:59.536360+00:00,ETH/USDT,SHORT,71.0,22.0,15.0,22.0,7.0,No clear directional edge.,FAR
2026-07-01T19:23:03.064176+00:00,BTC/USDT,SHORT,71.0,22.0,15.0,22.0,7.0,No clear directional edge.,FAR
2026-07-01T19:23:03.935354+00:00,ETH/USDT,SHORT,71.0,22.0,15.0,22.0,7.0,No clear directional edge.,FAR
2026-07-01T19:28:09.216164+00:00,BTC/USDT,SHORT,65.0,20.0,15.0,20.0,5.0,No clear directional edge.,FAR
2026-07-01T19:28:09.947009+00:00,ETH/USDT,SHORT,62.0,19.0,15.0,19.0,4.0,No clear directional edge.,FAR
2026-07-01T19:33:13.948854+00:00,BTC/USDT,SHORT,71.0,22.0,15.0,22.0,7.0,No clear directional edge.,FAR
2026-07-01T19:33:14.786179+00:00,ETH/USDT,SHORT,68.0,21.0,15.0,21.0,6.0,No clear directional edge.,FAR
2026-07-01T19:38:18.413230+00:00,BTC/USDT,SHORT,71.0,22.0,15.0,22.0,7.0,No clear directional edge.,FAR
2026-07-01T19:38:19.518424+00:00,ETH/USDT,SHORT,68.0,21.0,15.0,21.0,6.0,No clear directional edge.,FAR
2026-07-01T19:43:22.954439+00:00,BTC/USDT,SHORT,65.0,20.0,15.0,20.0,5.0,No clear directional edge.,FAR
2026-07-01T19:43:23.689182+00:00,ETH/USDT,SHORT,62.0,19.0,15.0,19.0,4.0,No clear directional edge.,FAR
2026-07-01T19:48:27.048500+00:00,BTC/USDT,SHORT,65.0,20.0,15.0,20.0,5.0,No clear directional edge.,FAR
2026-07-01T19:48:27.795297+00:00,ETH/USDT,SHORT,62.0,19.0,15.0,19.0,4.0,No clear directional edge.,FAR
2026-07-01T19:53:30.688810+00:00,BTC/USDT,SHORT,62.0,19.0,15.0,19.0,4.0,No clear directional edge.,FAR
2026-07-01T19:53:31.667810+00:00,ETH/USDT,SHORT,62.0,19.0,15.0,19.0,4.0,No clear directional edge.,FAR
2026-07-01T19:58:35.859534+00:00,BTC/USDT,SHORT,62.0,19.0,15.0,19.0,4.0,No clear directional edge.,FAR
2026-07-01T19:58:37.646859+00:00,SOL/USDT,LONG,65.0,21.0,21.0,16.0,5.0,No clear directional edge.,FAR
2026-07-01T20:03:41.974933+00:00,SOL/USDT,LONG,65.0,21.0,21.0,16.0,5.0,No clear directional edge.,FAR
2026-07-01T20:08:44.145355+00:00,BTC/USDT,SHORT,62.0,19.0,15.0,19.0,4.0,No clear directional edge.,FAR
2026-07-01T20:08:45.878758+00:00,SOL/USDT,LONG,65.0,21.0,21.0,16.0,5.0,No clear directional edge.,FAR
2026-07-01T20:13:47.615676+00:00,BTC/USDT,SHORT,62.0,19.0,15.0,19.0,4.0,No clear directional edge.,FAR
2026-07-01T20:13:48.344971+00:00,ETH/USDT,SHORT,62.0,19.0,15.0,19.0,4.0,No clear directional edge.,FAR
2026-07-01T20:13:49.186225+00:00,SOL/USDT,LONG,65.0,21.0,21.0,16.0,5.0,No clear directional edge.,FAR
2026-07-01T20:14:33.531521+00:00,BTC/USDT,SHORT,62.0,19.0,15.0,19.0,4.0,No clear directional edge.,FAR
2026-07-01T20:14:34.337726+00:00,ETH/USDT,SHORT,62.0,19.0,15.0,19.0,4.0,No clear directional edge.,FAR
2026-07-01T20:14:35.137661+00:00,SOL/USDT,LONG,65.0,21.0,21.0,16.0,5.0,No clear directional edge.,FAR
2026-07-01T20:19:39.062875+00:00,SOL/USDT,LONG,65.0,21.0,21.0,16.0,5.0,No clear directional edge.,FAR
2026-07-01T20:24:43.715100+00:00,SOL/USDT,LONG,65.0,21.0,21.0,16.0,5.0,No clear directional edge.,FAR
2026-07-01T20:29:48.407342+00:00,ETH/USDT,SHORT,62.0,19.0,15.0,19.0,4.0,No clear directional edge.,FAR
2026-07-01T20:29:49.327069+00:00,SOL/USDT,LONG,65.0,21.0,21.0,16.0,5.0,No clear directional edge.,FAR
2026-07-01T20:34:52.508076+00:00,BTC/USDT,SHORT,62.0,19.0,15.0,19.0,4.0,No clear directional edge.,FAR
2026-07-01T20:34:53.316659+00:00,ETH/USDT,SHORT,62.0,19.0,15.0,19.0,4.0,No clear directional edge.,FAR
2026-07-01T20:34:54.030254+00:00,SOL/USDT,LONG,65.0,21.0,21.0,16.0,5.0,No clear directional edge.,FAR
2026-07-01T20:39:57.745069+00:00,BTC/USDT,SHORT,62.0,19.0,15.0,19.0,4.0,No clear directional edge.,FAR
2026-07-01T20:39:59.060929+00:00,ETH/USDT,SHORT,62.0,19.0,15.0,19.0,4.0,No clear directional edge.,FAR
2026-07-01T20:39:59.790158+00:00,SOL/USDT,LONG,62.0,21.0,21.0,17.0,4.0,No clear directional edge.,FAR
2026-07-01T20:45:02.109960+00:00,BTC/USDT,SHORT,62.0,19.0,15.0,19.0,4.0,No clear directional edge.,FAR
2026-07-01T20:45:03.105689+00:00,ETH/USDT,SHORT,62.0,19.0,15.0,19.0,4.0,No clear directional edge.,FAR
2026-07-01T20:50:05.974511+00:00,BTC/USDT,SHORT,62.0,19.0,15.0,19.0,4.0,No clear directional edge.,FAR
2026-07-01T20:50:07.387373+00:00,ETH/USDT,SHORT,62.0,19.0,15.0,19.0,4.0,No clear directional edge.,FAR
2026-07-01T20:55:12.564573+00:00,BTC/USDT,SHORT,62.0,19.0,15.0,19.0,4.0,No clear directional edge.,FAR
2026-07-01T20:55:14.010199+00:00,ETH/USDT,SHORT,62.0,19.0,15.0,19.0,4.0,No clear directional edge.,FAR
2026-07-01T21:00:17.215437+00:00,BTC/USDT,SHORT,62.0,19.0,15.0,19.0,4.0,No clear directional edge.,FAR
2026-07-01T21:05:21.216652+00:00,BTC/USDT,SHORT,68.0,21.0,15.0,21.0,6.0,No clear directional edge.,FAR
2026-07-01T21:05:22.393433+00:00,ETH/USDT,SHORT,68.0,21.0,15.0,21.0,6.0,No clear directional edge.,FAR
2026-07-01T21:10:25.656148+00:00,BTC/USDT,SHORT,71.0,22.0,15.0,22.0,7.0,No clear directional edge.,FAR
2026-07-01T21:10:26.648354+00:00,ETH/USDT,SHORT,62.0,19.0,15.0,19.0,4.0,No clear directional edge.,FAR
2026-07-01T21:15:30.040782+00:00,BTC/USDT,SHORT,71.0,22.0,15.0,22.0,7.0,No clear directional edge.,FAR
2026-07-01T21:15:30.918762+00:00,ETH/USDT,SHORT,71.0,22.0,15.0,22.0,7.0,No clear directional edge.,FAR
2026-07-01T21:20:34.089633+00:00,BTC/USDT,SHORT,71.0,22.0,15.0,22.0,7.0,No clear directional edge.,FAR
2026-07-01T21:20:35.339467+00:00,ETH/USDT,SHORT,71.0,22.0,15.0,22.0,7.0,No clear directional edge.,FAR
2026-07-01T21:25:38.707294+00:00,BTC/USDT,SHORT,71.0,22.0,15.0,22.0,7.0,No clear directional edge.,FAR
2026-07-01T21:25:39.424597+00:00,ETH/USDT,SHORT,71.0,22.0,15.0,22.0,7.0,No clear directional edge.,FAR
2026-07-01T21:30:43.240441+00:00,BTC/USDT,SHORT,71.0,22.0,15.0,22.0,7.0,No clear directional edge.,FAR
2026-07-01T21:30:44.277176+00:00,ETH/USDT,SHORT,71.0,22.0,15.0,22.0,7.0,No clear directional edge.,FAR
2026-07-01T21:35:48.513560+00:00,BTC/USDT,SHORT,71.0,22.0,15.0,22.0,7.0,No clear directional edge.,FAR
2026-07-01T21:35:49.381128+00:00,ETH/USDT,SHORT,71.0,22.0,15.0,22.0,7.0,No clear directional edge.,FAR
2026-07-01T21:40:54.001276+00:00,BTC/USDT,SHORT,71.0,22.0,15.0,22.0,7.0,No clear directional edge.,FAR
2026-07-01T21:40:54.729313+00:00,ETH/USDT,SHORT,71.0,22.0,15.0,22.0,7.0,No clear directional edge.,FAR
2026-07-01T21:45:59.496962+00:00,BTC/USDT,SHORT,71.0,22.0,15.0,22.0,7.0,No clear directional edge.,FAR
2026-07-01T21:46:00.303259+00:00,ETH/USDT,SHORT,71.0,22.0,15.0,22.0,7.0,No clear directional edge.,FAR
2026-07-01T21:51:04.296142+00:00,BTC/USDT,SHORT,71.0,22.0,15.0,22.0,7.0,No clear directional edge.,FAR
2026-07-01T21:51:05.653115+00:00,ETH/USDT,SHORT,71.0,22.0,15.0,22.0,7.0,No clear directional edge.,FAR
2026-07-01T21:56:10.232718+00:00,BTC/USDT,SHORT,71.0,22.0,15.0,22.0,7.0,No clear directional edge.,FAR
2026-07-01T21:56:11.164632+00:00,ETH/USDT,SHORT,71.0,22.0,15.0,22.0,7.0,No clear directional edge.,FAR
2026-07-01T22:01:15.332966+00:00,BTC/USDT,SHORT,71.0,22.0,15.0,22.0,7.0,No clear directional edge.,FAR
2026-07-01T22:01:16.033509+00:00,ETH/USDT,SHORT,71.0,22.0,15.0,22.0,7.0,No clear directional edge.,FAR
2026-07-01T22:06:21.108160+00:00,BTC/USDT,SHORT,71.0,22.0,15.0,22.0,7.0,No clear directional edge.,FAR
2026-07-01T22:06:21.810277+00:00,ETH/USDT,SHORT,71.0,22.0,15.0,22.0,7.0,No clear directional edge.,FAR
2026-07-01T22:11:25.897199+00:00,BTC/USDT,SHORT,71.0,22.0,15.0,22.0,7.0,No clear directional edge.,FAR
2026-07-01T22:11:26.728023+00:00,ETH/USDT,SHORT,71.0,22.0,15.0,22.0,7.0,No clear directional edge.,FAR
2026-07-01T22:16:31.087231+00:00,BTC/USDT,SHORT,71.0,22.0,15.0,22.0,7.0,No clear directional edge.,FAR
2026-07-01T22:16:32.064595+00:00,ETH/USDT,SHORT,71.0,22.0,15.0,22.0,7.0,No clear directional edge.,FAR
2026-07-01T22:21:35.904781+00:00,BTC/USDT,SHORT,71.0,22.0,15.0,22.0,7.0,No clear directional edge.,FAR
2026-07-01T22:21:36.613152+00:00,ETH/USDT,SHORT,71.0,22.0,15.0,22.0,7.0,No clear directional edge.,FAR
2026-07-01T22:26:41.822111+00:00,BTC/USDT,SHORT,71.0,22.0,15.0,22.0,7.0,No clear directional edge.,FAR
2026-07-01T22:26:42.941548+00:00,ETH/USDT,SHORT,71.0,22.0,15.0,22.0,7.0,No clear directional edge.,FAR
2026-07-01T22:31:47.510008+00:00,ETH/USDT,SHORT,65.0,20.0,15.0,20.0,5.0,No clear directional edge.,FAR
2026-07-01T22:41:57.063423+00:00,ETH/USDT,SHORT,65.0,20.0,15.0,20.0,5.0,No clear directional edge.,FAR
2026-07-01T22:47:03.514693+00:00,SOL/USDT,LONG,62.0,21.0,21.0,17.0,4.0,No clear directional edge.,FAR
2026-07-01T22:57:13.423167+00:00,SOL/USDT,LONG,62.0,21.0,21.0,17.0,4.0,No clear directional edge.,FAR
2026-07-01T23:02:18.031613+00:00,SOL/USDT,LONG,62.0,21.0,21.0,17.0,4.0,No clear directional edge.,FAR
2026-07-01T23:07:22.952671+00:00,SOL/USDT,LONG,62.0,21.0,21.0,17.0,4.0,No clear directional edge.,FAR
2026-07-01T23:12:28.328787+00:00,SOL/USDT,LONG,62.0,21.0,21.0,17.0,4.0,No clear directional edge.,FAR
2026-07-01T23:17:33.297760+00:00,SOL/USDT,LONG,62.0,21.0,21.0,17.0,4.0,No clear directional edge.,FAR
2026-07-01T23:22:39.076871+00:00,SOL/USDT,LONG,62.0,21.0,21.0,17.0,4.0,No clear directional edge.,FAR
2026-07-01T23:27:44.443395+00:00,SOL/USDT,LONG,62.0,21.0,21.0,17.0,4.0,No clear directional edge.,FAR
2026-07-01T23:32:50.879347+00:00,SOL/USDT,LONG,62.0,21.0,21.0,17.0,4.0,No clear directional edge.,FAR
2026-07-01T23:37:57.296815+00:00,SOL/USDT,LONG,62.0,21.0,21.0,17.0,4.0,No clear directional edge.,FAR
2026-07-01T23:43:02.046241+00:00,SOL/USDT,LONG,62.0,21.0,21.0,17.0,4.0,No clear directional edge.,FAR
2026-07-01T23:48:07.065144+00:00,SOL/USDT,LONG,62.0,21.0,21.0,17.0,4.0,No clear directional edge.,FAR
2026-07-01T23:53:12.053640+00:00,SOL/USDT,LONG,62.0,21.0,21.0,17.0,4.0,No clear directional edge.,FAR
2026-07-01T23:58:17.191409+00:00,SOL/USDT,LONG,62.0,21.0,21.0,17.0,4.0,No clear directional edge.,FAR
2026-07-02T00:03:21.923076+00:00,SOL/USDT,LONG,74.0,20.0,20.0,12.0,8.0,No clear directional edge.,FAR
2026-07-02T00:08:26.848676+00:00,SOL/USDT,LONG,62.0,21.0,21.0,17.0,4.0,No clear directional edge.,FAR
2026-07-02T00:13:32.230700+00:00,SOL/USDT,LONG,62.0,21.0,21.0,17.0,4.0,No clear directional edge.,FAR
2026-07-02T00:18:36.992664+00:00,SOL/USDT,LONG,74.0,20.0,20.0,12.0,8.0,No clear directional edge.,FAR
2026-07-02T00:23:41.952107+00:00,SOL/USDT,LONG,62.0,21.0,21.0,17.0,4.0,No clear directional edge.,FAR
2026-07-02T00:28:47.027064+00:00,SOL/USDT,LONG,74.0,20.0,20.0,12.0,8.0,No clear directional edge.,FAR
2026-07-02T00:33:51.808448+00:00,SOL/USDT,LONG,80.0,20.0,20.0,10.0,10.0,No clear directional edge.,MEDIUM
2026-07-02T00:38:56.756943+00:00,SOL/USDT,LONG,80.0,20.0,20.0,10.0,10.0,No clear directional edge.,MEDIUM
2026-07-02T00:44:02.044445+00:00,SOL/USDT,LONG,80.0,20.0,20.0,10.0,10.0,No clear directional edge.,MEDIUM
2026-07-02T00:49:06.813182+00:00,SOL/USDT,LONG,74.0,20.0,20.0,12.0,8.0,No clear directional edge.,FAR
2026-07-02T00:54:11.539371+00:00,SOL/USDT,LONG,62.0,21.0,21.0,17.0,4.0,No clear directional edge.,FAR
2026-07-02T00:59:17.262505+00:00,SOL/USDT,LONG,65.0,21.0,21.0,16.0,5.0,No clear directional edge.,FAR
2026-07-02T01:14:32.296423+00:00,SOL/USDT,LONG,62.0,21.0,21.0,17.0,4.0,No clear directional edge.,FAR
2026-07-02T01:19:37.346562+00:00,SOL/USDT,LONG,62.0,21.0,21.0,17.0,4.0,No clear directional edge.,FAR
2026-07-02T01:24:42.199576+00:00,SOL/USDT,LONG,62.0,21.0,21.0,17.0,4.0,No clear directional edge.,FAR
2026-07-02T01:29:46.947600+00:00,SOL/USDT,LONG,62.0,21.0,21.0,17.0,4.0,No clear directional edge.,FAR
2026-07-02T02:10:34.403239+00:00,SOL/USDT,LONG,62.0,21.0,21.0,17.0,4.0,No clear directional edge.,FAR
2026-07-02T03:26:47.382881+00:00,SOL/USDT,LONG,62.0,21.0,21.0,17.0,4.0,No clear directional edge.,FAR
2026-07-02T03:31:51.391705+00:00,ETH/USDT,SHORT,62.0,19.0,15.0,19.0,4.0,No clear directional edge.,FAR
2026-07-02T03:36:56.073659+00:00,ETH/USDT,SHORT,62.0,19.0,15.0,19.0,4.0,No clear directional edge.,FAR
2026-07-02T03:42:00.330034+00:00,BTC/USDT,SHORT,68.0,21.0,15.0,21.0,6.0,No clear directional edge.,FAR
2026-07-02T03:42:01.049223+00:00,ETH/USDT,SHORT,68.0,21.0,15.0,21.0,6.0,No clear directional edge.,FAR
2026-07-02T03:47:05.385893+00:00,BTC/USDT,SHORT,68.0,21.0,15.0,21.0,6.0,No clear directional edge.,FAR
2026-07-02T03:47:06.185115+00:00,ETH/USDT,SHORT,68.0,21.0,15.0,21.0,6.0,No clear directional edge.,FAR
2026-07-02T03:52:10.294190+00:00,BTC/USDT,SHORT,68.0,21.0,15.0,21.0,6.0,No clear directional edge.,FAR
2026-07-02T03:52:10.995373+00:00,ETH/USDT,SHORT,68.0,21.0,15.0,21.0,6.0,No clear directional edge.,FAR
2026-07-02T03:57:15.148994+00:00,BTC/USDT,SHORT,71.0,22.0,15.0,22.0,7.0,No clear directional edge.,FAR
2026-07-02T03:57:16.421944+00:00,ETH/USDT,SHORT,71.0,22.0,15.0,22.0,7.0,No clear directional edge.,FAR
2026-07-02T04:02:20.467436+00:00,BTC/USDT,SHORT,71.0,22.0,15.0,22.0,7.0,No clear directional edge.,FAR
2026-07-02T04:02:21.172522+00:00,ETH/USDT,SHORT,68.0,21.0,15.0,21.0,6.0,No clear directional edge.,FAR
2026-07-02T04:07:25.401029+00:00,BTC/USDT,SHORT,68.0,21.0,15.0,21.0,6.0,No clear directional edge.,FAR
2026-07-02T04:07:26.207618+00:00,ETH/USDT,SHORT,68.0,21.0,15.0,21.0,6.0,No clear directional edge.,FAR
2026-07-02T04:12:30.253764+00:00,BTC/USDT,SHORT,68.0,21.0,15.0,21.0,6.0,No clear directional edge.,FAR
2026-07-02T04:12:31.055606+00:00,ETH/USDT,SHORT,68.0,21.0,15.0,21.0,6.0,No clear directional edge.,FAR
2026-07-02T04:17:35.075733+00:00,BTC/USDT,SHORT,68.0,21.0,15.0,21.0,6.0,No clear directional edge.,FAR
2026-07-02T04:17:35.883054+00:00,ETH/USDT,SHORT,68.0,21.0,15.0,21.0,6.0,No clear directional edge.,FAR
2026-07-02T04:22:39.948064+00:00,BTC/USDT,SHORT,68.0,21.0,15.0,21.0,6.0,No clear directional edge.,FAR
2026-07-02T04:22:41.008484+00:00,ETH/USDT,SHORT,68.0,21.0,15.0,21.0,6.0,No clear directional edge.,FAR
2026-07-02T04:27:45.219490+00:00,BTC/USDT,SHORT,68.0,21.0,15.0,21.0,6.0,No clear directional edge.,FAR
2026-07-02T04:27:46.280036+00:00,ETH/USDT,SHORT,68.0,21.0,15.0,21.0,6.0,No clear directional edge.,FAR
2026-07-02T04:32:50.028520+00:00,BTC/USDT,SHORT,68.0,21.0,15.0,21.0,6.0,No clear directional edge.,FAR
2026-07-02T04:32:51.115698+00:00,ETH/USDT,SHORT,68.0,21.0,15.0,21.0,6.0,No clear directional edge.,FAR
2026-07-02T04:37:54.139392+00:00,BTC/USDT,SHORT,68.0,21.0,15.0,21.0,6.0,No clear directional edge.,FAR
2026-07-02T04:37:54.852356+00:00,ETH/USDT,SHORT,68.0,21.0,15.0,21.0,6.0,No clear directional edge.,FAR
2026-07-02T04:42:58.876735+00:00,BTC/USDT,SHORT,68.0,21.0,15.0,21.0,6.0,No clear directional edge.,FAR
2026-07-02T04:42:59.589650+00:00,ETH/USDT,SHORT,68.0,21.0,15.0,21.0,6.0,No clear directional edge.,FAR
2026-07-02T04:48:03.754567+00:00,BTC/USDT,SHORT,68.0,21.0,15.0,21.0,6.0,No clear directional edge.,FAR
2026-07-02T04:48:04.579681+00:00,ETH/USDT,SHORT,68.0,21.0,15.0,21.0,6.0,No clear directional edge.,FAR
2026-07-02T04:53:08.400252+00:00,BTC/USDT,SHORT,68.0,21.0,15.0,21.0,6.0,No clear directional edge.,FAR
2026-07-02T04:53:09.114718+00:00,ETH/USDT,SHORT,68.0,21.0,15.0,21.0,6.0,No clear directional edge.,FAR
2026-07-02T04:58:13.821503+00:00,BTC/USDT,SHORT,68.0,21.0,15.0,21.0,6.0,No clear directional edge.,FAR
2026-07-02T04:58:15.154064+00:00,ETH/USDT,SHORT,68.0,21.0,15.0,21.0,6.0,No clear directional edge.,FAR
2026-07-02T05:03:19.511149+00:00,BTC/USDT,SHORT,62.0,19.0,15.0,19.0,4.0,No clear directional edge.,FAR
2026-07-02T05:03:20.332940+00:00,ETH/USDT,SHORT,62.0,19.0,15.0,19.0,4.0,No clear directional edge.,FAR
2026-07-02T05:08:24.443736+00:00,BTC/USDT,SHORT,68.0,21.0,15.0,21.0,6.0,No clear directional edge.,FAR
2026-07-02T05:08:25.265868+00:00,ETH/USDT,SHORT,68.0,21.0,15.0,21.0,6.0,No clear directional edge.,FAR
2026-07-02T05:13:56.643033+00:00,BTC/USDT,SHORT,68.0,21.0,15.0,21.0,6.0,No clear directional edge.,FAR
2026-07-02T05:13:57.648839+00:00,ETH/USDT,SHORT,68.0,21.0,15.0,21.0,6.0,No clear directional edge.,FAR
2026-07-02T05:19:01.895076+00:00,BTC/USDT,SHORT,68.0,21.0,15.0,21.0,6.0,No clear directional edge.,FAR
2026-07-02T05:19:03.280545+00:00,ETH/USDT,SHORT,68.0,21.0,15.0,21.0,6.0,No clear directional edge.,FAR
2026-07-02T05:24:07.890606+00:00,BTC/USDT,SHORT,68.0,21.0,15.0,21.0,6.0,No clear directional edge.,FAR
2026-07-02T05:24:08.825012+00:00,ETH/USDT,SHORT,68.0,21.0,15.0,21.0,6.0,No clear directional edge.,FAR
2026-07-02T05:29:12.966377+00:00,BTC/USDT,SHORT,68.0,21.0,15.0,21.0,6.0,No clear directional edge.,FAR
2026-07-02T05:29:14.168289+00:00,ETH/USDT,SHORT,68.0,21.0,15.0,21.0,6.0,No clear directional edge.,FAR
2026-07-02T05:34:18.619559+00:00,BTC/USDT,SHORT,68.0,21.0,15.0,21.0,6.0,No clear directional edge.,FAR
2026-07-02T05:34:19.532905+00:00,ETH/USDT,SHORT,68.0,21.0,15.0,21.0,6.0,No clear directional edge.,FAR
2026-07-02T05:39:23.265425+00:00,BTC/USDT,SHORT,62.0,19.0,15.0,19.0,4.0,No clear directional edge.,FAR
2026-07-02T05:39:24.244677+00:00,ETH/USDT,SHORT,62.0,19.0,15.0,19.0,4.0,No clear directional edge.,FAR
2026-07-02T05:44:28.179352+00:00,BTC/USDT,SHORT,62.0,19.0,15.0,19.0,4.0,No clear directional edge.,FAR
2026-07-02T05:44:29.586284+00:00,ETH/USDT,SHORT,62.0,19.0,15.0,19.0,4.0,No clear directional edge.,FAR
2026-07-02T05:54:38.986040+00:00,ETH/USDT,SHORT,62.0,19.0,15.0,19.0,4.0,No clear directional edge.,FAR
2026-07-02T06:35:20.396117+00:00,ETH/USDT,SHORT,62.0,19.0,15.0,19.0,4.0,No clear directional edge.,FAR
2026-07-02T06:40:24.931862+00:00,ETH/USDT,SHORT,62.0,19.0,15.0,19.0,4.0,No clear directional edge.,FAR
2026-07-02T07:00:43.383616+00:00,ETH/USDT,SHORT,71.0,20.0,13.0,20.0,7.0,No clear directional edge.,FAR
2026-07-02T07:10:54.259929+00:00,ETH/USDT,SHORT,71.0,20.0,13.0,20.0,7.0,No clear directional edge.,FAR
2026-07-02T08:27:06.856748+00:00,BTC/USDT,SHORT,71.0,20.0,13.0,20.0,7.0,No clear directional edge.,FAR
2026-07-02T08:27:07.673004+00:00,ETH/USDT,SHORT,71.0,20.0,13.0,20.0,7.0,No clear directional edge.,FAR
2026-07-02T08:32:11.739235+00:00,BTC/USDT,SHORT,71.0,20.0,13.0,20.0,7.0,No clear directional edge.,FAR
2026-07-02T08:32:12.480934+00:00,ETH/USDT,SHORT,71.0,20.0,13.0,20.0,7.0,No clear directional edge.,FAR
2026-07-02T08:37:16.868290+00:00,BTC/USDT,SHORT,71.0,20.0,13.0,20.0,7.0,No clear directional edge.,FAR
2026-07-02T08:37:17.592509+00:00,ETH/USDT,SHORT,71.0,20.0,13.0,20.0,7.0,No clear directional edge.,FAR
2026-07-02T08:42:21.778268+00:00,BTC/USDT,SHORT,71.0,20.0,13.0,20.0,7.0,No clear directional edge.,FAR
2026-07-02T08:42:22.594732+00:00,ETH/USDT,SHORT,71.0,20.0,13.0,20.0,7.0,No clear directional edge.,FAR
2026-07-02T08:47:26.423759+00:00,BTC/USDT,SHORT,71.0,20.0,13.0,20.0,7.0,No clear directional edge.,FAR
2026-07-02T08:47:27.148893+00:00,ETH/USDT,SHORT,71.0,20.0,13.0,20.0,7.0,No clear directional edge.,FAR
2026-07-02T08:52:31.363148+00:00,BTC/USDT,SHORT,71.0,20.0,13.0,20.0,7.0,No clear directional edge.,FAR
2026-07-02T08:52:32.183936+00:00,ETH/USDT,SHORT,71.0,20.0,13.0,20.0,7.0,No clear directional edge.,FAR
2026-07-02T08:57:36.210552+00:00,BTC/USDT,SHORT,71.0,20.0,13.0,20.0,7.0,No clear directional edge.,FAR
2026-07-02T08:57:36.967125+00:00,ETH/USDT,SHORT,71.0,20.0,13.0,20.0,7.0,No clear directional edge.,FAR
2026-07-02T09:28:10.607302+00:00,ETH/USDT,SHORT,77.0,22.0,13.0,22.0,9.0,No clear directional edge.,MEDIUM
2026-07-02T09:33:15.299744+00:00,BTC/USDT,SHORT,77.0,22.0,13.0,22.0,9.0,No clear directional edge.,MEDIUM
2026-07-02T09:33:16.043408+00:00,ETH/USDT,SHORT,77.0,22.0,13.0,22.0,9.0,No clear directional edge.,MEDIUM
2026-07-02T09:38:19.276206+00:00,BTC/USDT,SHORT,77.0,22.0,13.0,22.0,9.0,No clear directional edge.,MEDIUM
2026-07-02T09:38:19.994121+00:00,ETH/USDT,SHORT,68.0,21.0,15.0,21.0,6.0,No clear directional edge.,FAR
2026-07-02T09:43:23.352094+00:00,BTC/USDT,SHORT,68.0,21.0,15.0,21.0,6.0,No clear directional edge.,FAR
2026-07-02T09:43:24.749559+00:00,ETH/USDT,SHORT,68.0,21.0,15.0,21.0,6.0,No clear directional edge.,FAR
2026-07-02T09:48:28.474550+00:00,BTC/USDT,SHORT,68.0,21.0,15.0,21.0,6.0,No clear directional edge.,FAR
2026-07-02T09:48:29.331566+00:00,ETH/USDT,SHORT,68.0,21.0,15.0,21.0,6.0,No clear directional edge.,FAR
2026-07-02T09:53:33.696012+00:00,BTC/USDT,SHORT,68.0,21.0,15.0,21.0,6.0,No clear directional edge.,FAR
2026-07-02T09:53:34.411253+00:00,ETH/USDT,SHORT,68.0,21.0,15.0,21.0,6.0,No clear directional edge.,FAR
2026-07-02T09:58:38.469331+00:00,BTC/USDT,SHORT,68.0,21.0,15.0,21.0,6.0,No clear directional edge.,FAR
2026-07-02T09:58:39.183664+00:00,ETH/USDT,SHORT,68.0,21.0,15.0,21.0,6.0,No clear directional edge.,FAR
2026-07-02T10:03:43.204609+00:00,BTC/USDT,SHORT,68.0,21.0,15.0,21.0,6.0,No clear directional edge.,FAR
2026-07-02T10:03:43.923032+00:00,ETH/USDT,SHORT,68.0,21.0,15.0,21.0,6.0,No clear directional edge.,FAR
2026-07-02T10:08:47.878191+00:00,BTC/USDT,SHORT,68.0,21.0,15.0,21.0,6.0,No clear directional edge.,FAR
2026-07-02T10:08:48.687028+00:00,ETH/USDT,SHORT,68.0,21.0,15.0,21.0,6.0,No clear directional edge.,FAR
2026-07-02T10:13:52.507854+00:00,BTC/USDT,SHORT,68.0,21.0,15.0,21.0,6.0,No clear directional edge.,FAR
2026-07-02T10:13:53.225490+00:00,ETH/USDT,SHORT,68.0,21.0,15.0,21.0,6.0,No clear directional edge.,FAR
2026-07-02T10:18:57.156086+00:00,BTC/USDT,SHORT,68.0,21.0,15.0,21.0,6.0,No clear directional edge.,FAR
2026-07-02T10:18:57.970807+00:00,ETH/USDT,SHORT,68.0,21.0,15.0,21.0,6.0,No clear directional edge.,FAR
2026-07-02T10:24:01.217850+00:00,BTC/USDT,SHORT,68.0,21.0,15.0,21.0,6.0,No clear directional edge.,FAR
2026-07-02T10:24:02.657646+00:00,ETH/USDT,SHORT,68.0,21.0,15.0,21.0,6.0,No clear directional edge.,FAR
2026-07-02T10:29:05.694282+00:00,BTC/USDT,SHORT,68.0,21.0,15.0,21.0,6.0,No clear directional edge.,FAR
2026-07-02T10:29:06.668646+00:00,ETH/USDT,SHORT,68.0,21.0,15.0,21.0,6.0,No clear directional edge.,FAR
2026-07-02T10:34:09.640917+00:00,BTC/USDT,SHORT,68.0,21.0,15.0,21.0,6.0,No clear directional edge.,FAR
2026-07-02T10:34:10.486427+00:00,ETH/USDT,SHORT,68.0,21.0,15.0,21.0,6.0,No clear directional edge.,FAR
2026-07-02T10:39:13.506896+00:00,BTC/USDT,SHORT,68.0,21.0,15.0,21.0,6.0,No clear directional edge.,FAR
2026-07-02T10:39:14.873328+00:00,ETH/USDT,SHORT,68.0,21.0,15.0,21.0,6.0,No clear directional edge.,FAR
2026-07-02T10:44:19.124121+00:00,BTC/USDT,SHORT,68.0,21.0,15.0,21.0,6.0,No clear directional edge.,FAR
2026-07-02T10:44:20.145504+00:00,ETH/USDT,SHORT,68.0,21.0,15.0,21.0,6.0,No clear directional edge.,FAR
2026-07-02T10:49:23.121906+00:00,BTC/USDT,SHORT,68.0,21.0,15.0,21.0,6.0,No clear directional edge.,FAR
2026-07-02T10:49:23.945522+00:00,ETH/USDT,SHORT,68.0,21.0,15.0,21.0,6.0,No clear directional edge.,FAR
2026-07-02T10:54:27.572064+00:00,BTC/USDT,SHORT,68.0,21.0,15.0,21.0,6.0,No clear directional edge.,FAR
2026-07-02T10:54:28.451011+00:00,ETH/USDT,SHORT,68.0,21.0,15.0,21.0,6.0,No clear directional edge.,FAR
2026-07-02T10:56:28.461610+00:00,BTC/USDT,SHORT,68.0,21.0,15.0,21.0,6.0,No clear directional edge.,FAR
2026-07-02T10:56:29.180641+00:00,ETH/USDT,SHORT,68.0,21.0,15.0,21.0,6.0,No clear directional edge.,FAR
2026-07-02T10:58:02.476749+00:00,BTC/USDT,SHORT,68.0,21.0,15.0,21.0,6.0,No clear directional edge.,FAR
2026-07-02T10:58:03.192263+00:00,ETH/USDT,SHORT,68.0,21.0,15.0,21.0,6.0,No clear directional edge.,FAR
2026-07-02T11:01:37.669864+00:00,BTC/USDT,SHORT,68.0,21.0,15.0,21.0,6.0,No clear directional edge.,FAR
2026-07-02T11:01:38.485738+00:00,ETH/USDT,SHORT,68.0,21.0,15.0,21.0,6.0,No clear directional edge.,FAR
2026-07-02T11:03:06.398559+00:00,BTC/USDT,SHORT,68.0,21.0,15.0,21.0,6.0,No clear directional edge.,FAR
2026-07-02T11:03:07.118446+00:00,ETH/USDT,SHORT,68.0,21.0,15.0,21.0,6.0,No clear directional edge.,FAR
2026-07-02T11:04:19.653796+00:00,BTC/USDT,SHORT,68.0,21.0,15.0,21.0,6.0,No clear directional edge.,FAR
2026-07-02T11:04:20.475300+00:00,ETH/USDT,SHORT,68.0,21.0,15.0,21.0,6.0,No clear directional edge.,FAR
2026-07-02T11:09:23.483899+00:00,BTC/USDT,SHORT,68.0,21.0,15.0,21.0,6.0,No clear directional edge.,FAR
2026-07-02T11:09:24.561222+00:00,ETH/USDT,SHORT,68.0,21.0,15.0,21.0,6.0,No clear directional edge.,FAR
2026-07-02T11:14:28.178621+00:00,BTC/USDT,SHORT,68.0,21.0,15.0,21.0,6.0,No clear directional edge.,FAR
2026-07-02T11:14:29.005239+00:00,ETH/USDT,SHORT,71.0,22.0,15.0,22.0,7.0,No clear directional edge.,FAR
2026-07-02T11:19:32.008331+00:00,BTC/USDT,SHORT,68.0,21.0,15.0,21.0,6.0,No clear directional edge.,FAR
2026-07-02T11:19:32.874834+00:00,ETH/USDT,SHORT,71.0,22.0,15.0,22.0,7.0,No clear directional edge.,FAR
2026-07-02T11:24:35.716536+00:00,BTC/USDT,SHORT,68.0,21.0,15.0,21.0,6.0,No clear directional edge.,FAR
2026-07-02T11:24:36.528897+00:00,ETH/USDT,SHORT,71.0,22.0,15.0,22.0,7.0,No clear directional edge.,FAR
2026-07-02T11:29:40.018649+00:00,BTC/USDT,SHORT,68.0,21.0,15.0,21.0,6.0,No clear directional edge.,FAR
2026-07-02T11:29:41.178068+00:00,ETH/USDT,SHORT,68.0,21.0,15.0,21.0,6.0,No clear directional edge.,FAR
2026-07-02T11:34:44.583397+00:00,BTC/USDT,SHORT,68.0,21.0,15.0,21.0,6.0,No clear directional edge.,FAR
2026-07-02T11:34:45.304066+00:00,ETH/USDT,SHORT,68.0,21.0,15.0,21.0,6.0,No clear directional edge.,FAR
2026-07-02T11:39:49.410181+00:00,BTC/USDT,SHORT,68.0,21.0,15.0,21.0,6.0,No clear directional edge.,FAR
2026-07-02T11:39:50.242134+00:00,ETH/USDT,SHORT,68.0,21.0,15.0,21.0,6.0,No clear directional edge.,FAR
2026-07-02T11:43:45.403333+00:00,BTC/USDT,SHORT,68.0,21.0,15.0,21.0,6.0,No clear directional edge.,FAR
2026-07-02T11:43:46.163462+00:00,ETH/USDT,SHORT,68.0,21.0,15.0,21.0,6.0,No clear directional edge.,FAR
2026-07-02T11:45:36.315082+00:00,BTC/USDT,SHORT,68.0,21.0,15.0,21.0,6.0,No clear directional edge.,FAR
2026-07-02T11:45:37.079085+00:00,ETH/USDT,SHORT,68.0,21.0,15.0,21.0,6.0,No clear directional edge.,FAR
2026-07-02T11:50:40.244164+00:00,BTC/USDT,SHORT,68.0,21.0,15.0,21.0,6.0,No clear directional edge.,FAR
2026-07-02T11:50:41.102748+00:00,ETH/USDT,SHORT,71.0,22.0,15.0,22.0,7.0,No clear directional edge.,FAR
2026-07-02T11:55:44.455484+00:00,BTC/USDT,SHORT,68.0,21.0,15.0,21.0,6.0,No clear directional edge.,FAR
2026-07-02T11:55:45.238221+00:00,ETH/USDT,SHORT,68.0,21.0,15.0,21.0,6.0,No clear directional edge.,FAR
2026-07-02T12:00:49.743884+00:00,BTC/USDT,SHORT,68.0,21.0,15.0,21.0,6.0,No clear directional edge.,FAR
2026-07-02T12:00:50.574277+00:00,ETH/USDT,SHORT,68.0,21.0,15.0,21.0,6.0,No clear directional edge.,FAR
2026-07-02T12:05:53.911216+00:00,BTC/USDT,SHORT,68.0,21.0,15.0,21.0,6.0,No clear directional edge.,FAR
2026-07-02T12:05:54.797096+00:00,ETH/USDT,SHORT,71.0,22.0,15.0,22.0,7.0,No clear directional edge.,FAR
2026-07-02T12:10:58.002880+00:00,BTC/USDT,SHORT,68.0,21.0,15.0,21.0,6.0,No clear directional edge.,FAR
2026-07-02T12:10:58.955768+00:00,ETH/USDT,SHORT,71.0,22.0,15.0,22.0,7.0,No clear directional edge.,FAR
2026-07-02T12:16:02.615208+00:00,BTC/USDT,SHORT,68.0,21.0,15.0,21.0,6.0,No clear directional edge.,FAR
2026-07-02T12:16:03.715616+00:00,ETH/USDT,SHORT,71.0,22.0,15.0,22.0,7.0,No clear directional edge.,FAR
2026-07-02T12:21:07.320055+00:00,BTC/USDT,SHORT,68.0,21.0,15.0,21.0,6.0,No clear directional edge.,FAR
2026-07-02T12:21:08.964898+00:00,ETH/USDT,SHORT,71.0,22.0,15.0,22.0,7.0,No clear directional edge.,FAR
2026-07-02T12:24:28.845690+00:00,BTC/USDT,SHORT,68.0,21.0,15.0,21.0,6.0,No clear directional edge.,FAR
2026-07-02T12:24:29.595788+00:00,ETH/USDT,SHORT,71.0,22.0,15.0,22.0,7.0,No clear directional edge.,FAR
2026-07-02T12:29:32.561542+00:00,BTC/USDT,SHORT,68.0,21.0,15.0,21.0,6.0,No clear directional edge.,FAR
2026-07-02T12:29:33.452256+00:00,ETH/USDT,SHORT,71.0,22.0,15.0,22.0,7.0,No clear directional edge.,FAR
2026-07-02T12:34:36.990252+00:00,BTC/USDT,SHORT,68.0,21.0,15.0,21.0,6.0,No clear directional edge.,FAR
2026-07-02T12:34:38.507886+00:00,ETH/USDT,SHORT,65.0,20.0,15.0,20.0,5.0,No clear directional edge.,FAR
2026-07-02T12:39:42.066550+00:00,BTC/USDT,SHORT,71.0,22.0,15.0,22.0,7.0,No clear directional edge.,FAR
2026-07-02T12:39:42.932151+00:00,ETH/USDT,SHORT,71.0,22.0,15.0,22.0,7.0,No clear directional edge.,FAR
2026-07-02T12:44:46.553226+00:00,BTC/USDT,SHORT,71.0,22.0,15.0,22.0,7.0,No clear directional edge.,FAR
2026-07-02T12:44:47.829498+00:00,ETH/USDT,SHORT,71.0,22.0,15.0,22.0,7.0,No clear directional edge.,FAR
2026-07-02T12:47:29.694035+00:00,BTC/USDT,SHORT,71.0,22.0,15.0,22.0,7.0,No clear directional edge.,FAR
2026-07-02T12:47:31.700129+00:00,ETH/USDT,SHORT,71.0,22.0,15.0,22.0,7.0,No clear directional edge.,FAR
2026-07-02T12:52:35.450994+00:00,BTC/USDT,SHORT,71.0,22.0,15.0,22.0,7.0,No clear directional edge.,FAR
2026-07-02T12:52:36.281854+00:00,ETH/USDT,SHORT,71.0,22.0,15.0,22.0,7.0,No clear directional edge.,FAR
2026-07-02T12:57:40.874169+00:00,BTC/USDT,SHORT,71.0,22.0,15.0,22.0,7.0,No clear directional edge.,FAR
2026-07-02T12:57:42.613126+00:00,ETH/USDT,SHORT,71.0,22.0,15.0,22.0,7.0,No clear directional edge.,FAR
2026-07-02T13:02:46.547682+00:00,BTC/USDT,SHORT,71.0,22.0,15.0,22.0,7.0,No clear directional edge.,FAR
2026-07-02T13:02:47.798797+00:00,ETH/USDT,SHORT,71.0,22.0,15.0,22.0,7.0,No clear directional edge.,FAR
2026-07-02T13:05:43.270052+00:00,BTC/USDT,SHORT,71.0,22.0,15.0,22.0,7.0,No clear directional edge.,FAR
2026-07-02T13:05:44.354878+00:00,ETH/USDT,SHORT,71.0,22.0,15.0,22.0,7.0,No clear directional edge.,FAR
2026-07-02T13:06:23.625520+00:00,BTC/USDT,SHORT,71.0,22.0,15.0,22.0,7.0,No clear directional edge.,FAR
2026-07-02T13:06:24.506793+00:00,ETH/USDT,SHORT,71.0,22.0,15.0,22.0,7.0,No clear directional edge.,FAR
2026-07-02T13:11:27.853289+00:00,BTC/USDT,SHORT,71.0,22.0,15.0,22.0,7.0,No clear directional edge.,FAR
2026-07-02T13:11:28.752592+00:00,ETH/USDT,SHORT,71.0,22.0,15.0,22.0,7.0,No clear directional edge.,FAR
2026-07-02T13:16:32.045485+00:00,BTC/USDT,SHORT,71.0,22.0,15.0,22.0,7.0,No clear directional edge.,FAR
2026-07-02T13:16:33.292607+00:00,ETH/USDT,SHORT,71.0,22.0,15.0,22.0,7.0,No clear directional edge.,FAR
2026-07-02T13:21:37.298860+00:00,BTC/USDT,SHORT,71.0,22.0,15.0,22.0,7.0,No clear directional edge.,FAR
2026-07-02T13:21:38.098748+00:00,ETH/USDT,SHORT,71.0,22.0,15.0,22.0,7.0,No clear directional edge.,FAR
2026-07-02T13:23:46.652610+00:00,BTC/USDT,SHORT,71.0,22.0,15.0,22.0,7.0,No clear directional edge.,FAR
2026-07-02T13:23:47.410540+00:00,ETH/USDT,SHORT,71.0,22.0,15.0,22.0,7.0,No clear directional edge.,FAR
2026-07-02T13:28:50.938047+00:00,BTC/USDT,SHORT,71.0,22.0,15.0,22.0,7.0,No clear directional edge.,FAR
2026-07-02T13:28:51.916023+00:00,ETH/USDT,SHORT,71.0,22.0,15.0,22.0,7.0,No clear directional edge.,FAR
2026-07-02T13:33:55.101639+00:00,BTC/USDT,SHORT,71.0,22.0,15.0,22.0,7.0,No clear directional edge.,FAR
2026-07-02T13:33:56.003241+00:00,ETH/USDT,SHORT,71.0,22.0,15.0,22.0,7.0,No clear directional edge.,FAR
2026-07-02T13:38:59.404347+00:00,BTC/USDT,SHORT,71.0,22.0,15.0,22.0,7.0,No clear directional edge.,FAR
2026-07-02T13:39:00.299581+00:00,ETH/USDT,SHORT,71.0,22.0,15.0,22.0,7.0,No clear directional edge.,FAR
2026-07-02T13:44:04.692972+00:00,BTC/USDT,SHORT,71.0,22.0,15.0,22.0,7.0,No clear directional edge.,FAR
2026-07-02T13:44:05.607526+00:00,ETH/USDT,SHORT,71.0,22.0,15.0,22.0,7.0,No clear directional edge.,FAR
2026-07-02T13:49:11.653237+00:00,BTC/USDT,SHORT,71.0,22.0,15.0,22.0,7.0,No clear directional edge.,FAR
2026-07-02T13:49:12.657242+00:00,ETH/USDT,SHORT,71.0,22.0,15.0,22.0,7.0,No clear directional edge.,FAR
2026-07-02T13:54:16.590735+00:00,BTC/USDT,SHORT,71.0,22.0,15.0,22.0,7.0,No clear directional edge.,FAR
2026-07-02T13:54:17.384549+00:00,ETH/USDT,SHORT,71.0,22.0,15.0,22.0,7.0,No clear directional edge.,FAR
2026-07-02T13:59:21.478306+00:00,BTC/USDT,SHORT,71.0,22.0,15.0,22.0,7.0,No clear directional edge.,FAR
2026-07-02T13:59:22.478224+00:00,ETH/USDT,SHORT,71.0,22.0,15.0,22.0,7.0,No clear directional edge.,FAR
2026-07-02T14:04:26.135334+00:00,BTC/USDT,SHORT,71.0,22.0,15.0,22.0,7.0,No clear directional edge.,FAR
2026-07-02T14:04:26.955895+00:00,ETH/USDT,SHORT,71.0,22.0,15.0,22.0,7.0,No clear directional edge.,FAR
2026-07-02T14:09:30.143990+00:00,BTC/USDT,SHORT,71.0,22.0,15.0,22.0,7.0,No clear directional edge.,FAR
2026-07-02T14:09:31.015451+00:00,ETH/USDT,SHORT,71.0,22.0,15.0,22.0,7.0,No clear directional edge.,FAR
2026-07-02T14:14:34.115335+00:00,BTC/USDT,SHORT,71.0,22.0,15.0,22.0,7.0,No clear directional edge.,FAR
2026-07-02T14:14:34.978142+00:00,ETH/USDT,SHORT,71.0,22.0,15.0,22.0,7.0,No clear directional edge.,FAR
2026-07-02T14:19:38.012413+00:00,BTC/USDT,SHORT,71.0,22.0,15.0,22.0,7.0,No clear directional edge.,FAR
2026-07-02T14:19:38.793241+00:00,ETH/USDT,SHORT,71.0,22.0,15.0,22.0,7.0,No clear directional edge.,FAR
2026-07-02T14:24:42.871300+00:00,BTC/USDT,SHORT,71.0,22.0,15.0,22.0,7.0,No clear directional edge.,FAR
2026-07-02T14:24:44.134584+00:00,ETH/USDT,SHORT,71.0,22.0,15.0,22.0,7.0,No clear directional edge.,FAR
2026-07-02T14:24:45.021095+00:00,SOL/USDT,LONG,62.0,21.0,21.0,17.0,4.0,No clear directional edge.,FAR
2026-07-02T14:29:49.061434+00:00,BTC/USDT,SHORT,71.0,22.0,15.0,22.0,7.0,No clear directional edge.,FAR
2026-07-02T14:29:50.597741+00:00,ETH/USDT,SHORT,71.0,22.0,15.0,22.0,7.0,No clear directional edge.,FAR
2026-07-02T14:29:51.591569+00:00,SOL/USDT,LONG,71.0,20.0,20.0,13.0,7.0,No clear directional edge.,FAR
2026-07-02T14:34:53.812975+00:00,BTC/USDT,SHORT,62.0,19.0,15.0,19.0,4.0,No clear directional edge.,FAR
2026-07-02T14:34:54.687010+00:00,ETH/USDT,SHORT,68.0,21.0,15.0,21.0,6.0,No clear directional edge.,FAR
2026-07-02T14:34:55.618642+00:00,SOL/USDT,LONG,77.0,20.0,20.0,11.0,9.0,No clear directional edge.,MEDIUM
2026-07-02T14:37:54.392507+00:00,BTC/USDT,SHORT,71.0,22.0,15.0,22.0,7.0,No clear directional edge.,FAR
2026-07-02T14:37:55.262398+00:00,ETH/USDT,SHORT,71.0,22.0,15.0,22.0,7.0,No clear directional edge.,FAR
2026-07-02T14:37:56.782963+00:00,BNB/USDT,SHORT,92.0,24.0,10.0,24.0,14.0,No clear directional edge.,VERY_CLOSE
2026-07-02T14:37:58.395434+00:00,LINK/USDT,SHORT,71.0,22.0,15.0,22.0,7.0,No clear directional edge.,FAR
2026-07-02T14:37:59.155187+00:00,ADA/USDT,LONG,68.0,21.0,21.0,15.0,6.0,No clear directional edge.,FAR
2026-07-02T14:38:00.124443+00:00,AVAX/USDT,LONG,86.0,20.0,20.0,8.0,12.0,No clear directional edge.,CLOSE
2026-07-02T14:38:00.953954+00:00,DOGE/USDT,SHORT,92.0,25.0,11.0,25.0,14.0,No clear directional edge.,VERY_CLOSE
2026-07-02T14:43:04.166694+00:00,BTC/USDT,SHORT,62.0,19.0,15.0,19.0,4.0,No clear directional edge.,FAR
2026-07-02T14:43:05.076100+00:00,ETH/USDT,SHORT,68.0,21.0,15.0,21.0,6.0,No clear directional edge.,FAR
2026-07-02T14:43:06.039328+00:00,SOL/USDT,LONG,77.0,20.0,20.0,11.0,9.0,No clear directional edge.,MEDIUM
2026-07-02T14:43:07.135173+00:00,BNB/USDT,SHORT,86.0,22.0,10.0,22.0,12.0,No clear directional edge.,CLOSE
2026-07-02T14:43:08.974849+00:00,LINK/USDT,SHORT,68.0,21.0,15.0,21.0,6.0,No clear directional edge.,FAR
2026-07-02T14:43:10.083023+00:00,ADA/USDT,LONG,68.0,21.0,21.0,15.0,6.0,No clear directional edge.,FAR
2026-07-02T14:43:11.185321+00:00,AVAX/USDT,LONG,86.0,20.0,20.0,8.0,12.0,No clear directional edge.,CLOSE
2026-07-02T14:43:12.111968+00:00,DOGE/USDT,SHORT,92.0,25.0,11.0,25.0,14.0,No clear directional edge.,VERY_CLOSE
2026-07-02T14:48:14.416750+00:00,BTC/USDT,SHORT,62.0,19.0,15.0,19.0,4.0,No clear directional edge.,FAR
2026-07-02T14:48:15.438489+00:00,ETH/USDT,SHORT,68.0,21.0,15.0,21.0,6.0,No clear directional edge.,FAR
2026-07-02T14:48:16.304751+00:00,SOL/USDT,LONG,77.0,20.0,20.0,11.0,9.0,No clear directional edge.,MEDIUM
2026-07-02T14:48:17.076706+00:00,BNB/USDT,SHORT,86.0,22.0,10.0,22.0,12.0,No clear directional edge.,CLOSE
2026-07-02T14:48:19.001189+00:00,LINK/USDT,SHORT,68.0,21.0,15.0,21.0,6.0,No clear directional edge.,FAR
2026-07-02T14:48:19.772904+00:00,ADA/USDT,LONG,68.0,21.0,21.0,15.0,6.0,No clear directional edge.,FAR
2026-07-02T14:48:20.676293+00:00,AVAX/USDT,LONG,86.0,20.0,20.0,8.0,12.0,No clear directional edge.,CLOSE
2026-07-02T14:48:21.606109+00:00,DOGE/USDT,SHORT,92.0,25.0,11.0,25.0,14.0,No clear directional edge.,VERY_CLOSE
2026-07-02T14:53:23.982729+00:00,BTC/USDT,SHORT,62.0,19.0,15.0,19.0,4.0,No clear directional edge.,FAR
2026-07-02T14:53:25.467149+00:00,ETH/USDT,SHORT,68.0,21.0,15.0,21.0,6.0,No clear directional edge.,FAR
2026-07-02T14:53:26.259781+00:00,SOL/USDT,LONG,77.0,20.0,20.0,11.0,9.0,No clear directional edge.,MEDIUM
2026-07-02T14:53:27.152954+00:00,BNB/USDT,SHORT,86.0,22.0,10.0,22.0,12.0,No clear directional edge.,CLOSE
2026-07-02T14:53:29.146133+00:00,LINK/USDT,SHORT,68.0,21.0,15.0,21.0,6.0,No clear directional edge.,FAR
2026-07-02T14:53:29.951260+00:00,ADA/USDT,LONG,68.0,21.0,21.0,15.0,6.0,No clear directional edge.,FAR
2026-07-02T14:53:31.978656+00:00,AVAX/USDT,LONG,86.0,20.0,20.0,8.0,12.0,No clear directional edge.,CLOSE
2026-07-02T14:53:33.080536+00:00,DOGE/USDT,SHORT,92.0,25.0,11.0,25.0,14.0,No clear directional edge.,VERY_CLOSE
2026-07-02T14:58:35.403429+00:00,BTC/USDT,SHORT,62.0,19.0,15.0,19.0,4.0,No clear directional edge.,FAR
2026-07-02T14:58:38.470789+00:00,ETH/USDT,SHORT,68.0,21.0,15.0,21.0,6.0,No clear directional edge.,FAR
2026-07-02T14:58:39.670054+00:00,SOL/USDT,LONG,77.0,20.0,20.0,11.0,9.0,No clear directional edge.,MEDIUM
2026-07-02T14:58:40.888637+00:00,BNB/USDT,SHORT,86.0,22.0,10.0,22.0,12.0,No clear directional edge.,CLOSE
2026-07-02T14:58:43.366524+00:00,LINK/USDT,SHORT,68.0,21.0,15.0,21.0,6.0,No clear directional edge.,FAR
2026-07-02T14:58:44.532621+00:00,ADA/USDT,LONG,68.0,21.0,21.0,15.0,6.0,No clear directional edge.,FAR
2026-07-02T14:58:45.580535+00:00,AVAX/USDT,LONG,86.0,20.0,20.0,8.0,12.0,No clear directional edge.,CLOSE
2026-07-02T14:58:46.515519+00:00,DOGE/USDT,SHORT,86.0,23.0,11.0,23.0,12.0,No clear directional edge.,CLOSE
2026-07-02T15:03:48.864338+00:00,BTC/USDT,SHORT,71.0,22.0,15.0,22.0,7.0,No clear directional edge.,FAR
2026-07-02T15:03:49.736000+00:00,ETH/USDT,SHORT,68.0,21.0,15.0,21.0,6.0,No clear directional edge.,FAR
2026-07-02T15:03:50.592733+00:00,SOL/USDT,LONG,77.0,20.0,20.0,11.0,9.0,No clear directional edge.,MEDIUM
2026-07-02T15:03:51.368120+00:00,BNB/USDT,SHORT,92.0,24.0,10.0,24.0,14.0,No clear directional edge.,VERY_CLOSE
2026-07-02T15:03:53.162406+00:00,LINK/USDT,SHORT,68.0,21.0,15.0,21.0,6.0,No clear directional edge.,FAR
2026-07-02T15:03:53.953040+00:00,ADA/USDT,LONG,68.0,21.0,21.0,15.0,6.0,No clear directional edge.,FAR
2026-07-02T15:03:54.730658+00:00,AVAX/USDT,LONG,86.0,20.0,20.0,8.0,12.0,No clear directional edge.,CLOSE
2026-07-02T15:03:56.082736+00:00,DOGE/USDT,SHORT,92.0,25.0,11.0,25.0,14.0,No clear directional edge.,VERY_CLOSE
2026-07-02T15:08:58.736146+00:00,BTC/USDT,SHORT,62.0,19.0,15.0,19.0,4.0,No clear directional edge.,FAR
2026-07-02T15:08:59.939803+00:00,ETH/USDT,SHORT,68.0,21.0,15.0,21.0,6.0,No clear directional edge.,FAR
2026-07-02T15:09:01.158293+00:00,SOL/USDT,LONG,77.0,20.0,20.0,11.0,9.0,No clear directional edge.,MEDIUM
2026-07-02T15:09:01.923015+00:00,BNB/USDT,SHORT,92.0,24.0,10.0,24.0,14.0,No clear directional edge.,VERY_CLOSE
2026-07-02T15:09:03.593936+00:00,LINK/USDT,SHORT,62.0,19.0,15.0,19.0,4.0,No clear directional edge.,FAR
2026-07-02T15:09:04.348975+00:00,ADA/USDT,LONG,68.0,21.0,21.0,15.0,6.0,No clear directional edge.,FAR
2026-07-02T15:09:05.224878+00:00,AVAX/USDT,LONG,86.0,20.0,20.0,8.0,12.0,No clear directional edge.,CLOSE
2026-07-02T15:09:06.134495+00:00,DOGE/USDT,SHORT,86.0,23.0,11.0,23.0,12.0,No clear directional edge.,CLOSE
2026-07-02T15:14:08.570461+00:00,BTC/USDT,SHORT,62.0,19.0,15.0,19.0,4.0,No clear directional edge.,FAR
2026-07-02T15:14:09.696636+00:00,ETH/USDT,SHORT,68.0,21.0,15.0,21.0,6.0,No clear directional edge.,FAR
2026-07-02T15:14:10.821063+00:00,SOL/USDT,LONG,77.0,20.0,20.0,11.0,9.0,No clear directional edge.,MEDIUM
2026-07-02T15:14:11.608310+00:00,BNB/USDT,SHORT,92.0,24.0,10.0,24.0,14.0,No clear directional edge.,VERY_CLOSE
2026-07-02T15:14:13.756102+00:00,LINK/USDT,SHORT,68.0,21.0,15.0,21.0,6.0,No clear directional edge.,FAR
2026-07-02T15:14:14.518403+00:00,ADA/USDT,LONG,68.0,21.0,21.0,15.0,6.0,No clear directional edge.,FAR
2026-07-02T15:14:15.303810+00:00,AVAX/USDT,LONG,86.0,20.0,20.0,8.0,12.0,No clear directional edge.,CLOSE
2026-07-02T15:14:16.232113+00:00,DOGE/USDT,SHORT,86.0,23.0,11.0,23.0,12.0,No clear directional edge.,CLOSE
2026-07-02T15:19:19.897718+00:00,BTC/USDT,SHORT,62.0,19.0,15.0,19.0,4.0,No clear directional edge.,FAR
2026-07-02T15:19:20.777526+00:00,ETH/USDT,SHORT,68.0,21.0,15.0,21.0,6.0,No clear directional edge.,FAR
2026-07-02T15:19:21.755120+00:00,SOL/USDT,LONG,77.0,20.0,20.0,11.0,9.0,No clear directional edge.,MEDIUM
2026-07-02T15:19:23.162229+00:00,BNB/USDT,SHORT,92.0,24.0,10.0,24.0,14.0,No clear directional edge.,VERY_CLOSE
2026-07-02T15:19:25.002976+00:00,LINK/USDT,SHORT,62.0,19.0,15.0,19.0,4.0,No clear directional edge.,FAR
2026-07-02T15:19:25.884529+00:00,ADA/USDT,LONG,68.0,21.0,21.0,15.0,6.0,No clear directional edge.,FAR
2026-07-02T15:19:28.085762+00:00,AVAX/USDT,LONG,86.0,20.0,20.0,8.0,12.0,No clear directional edge.,CLOSE
2026-07-02T15:19:28.958680+00:00,DOGE/USDT,SHORT,86.0,23.0,11.0,23.0,12.0,No clear directional edge.,CLOSE
2026-07-02T15:24:32.544529+00:00,BTC/USDT,SHORT,71.0,22.0,15.0,22.0,7.0,No clear directional edge.,FAR
2026-07-02T15:24:33.699766+00:00,ETH/USDT,SHORT,68.0,21.0,15.0,21.0,6.0,No clear directional edge.,FAR
2026-07-02T15:24:34.479432+00:00,SOL/USDT,LONG,62.0,21.0,21.0,17.0,4.0,No clear directional edge.,FAR
2026-07-02T15:24:35.407158+00:00,BNB/USDT,SHORT,92.0,24.0,10.0,24.0,14.0,No clear directional edge.,VERY_CLOSE
2026-07-02T15:24:37.103767+00:00,LINK/USDT,SHORT,68.0,21.0,15.0,21.0,6.0,No clear directional edge.,FAR
2026-07-02T15:24:37.872975+00:00,ADA/USDT,LONG,68.0,21.0,21.0,15.0,6.0,No clear directional edge.,FAR
2026-07-02T15:24:38.632866+00:00,AVAX/USDT,LONG,86.0,20.0,20.0,8.0,12.0,No clear directional edge.,CLOSE
2026-07-02T15:24:39.578486+00:00,DOGE/USDT,SHORT,92.0,25.0,11.0,25.0,14.0,No clear directional edge.,VERY_CLOSE
2026-07-02T15:29:42.999624+00:00,BTC/USDT,SHORT,71.0,22.0,15.0,22.0,7.0,No clear directional edge.,FAR
2026-07-02T15:29:44.168387+00:00,ETH/USDT,SHORT,68.0,21.0,15.0,21.0,6.0,No clear directional edge.,FAR
2026-07-02T15:29:44.948602+00:00,SOL/USDT,LONG,62.0,21.0,21.0,17.0,4.0,No clear directional edge.,FAR
2026-07-02T15:29:45.725667+00:00,BNB/USDT,SHORT,92.0,24.0,10.0,24.0,14.0,No clear directional edge.,VERY_CLOSE
2026-07-02T15:29:47.460320+00:00,LINK/USDT,SHORT,68.0,21.0,15.0,21.0,6.0,No clear directional edge.,FAR
2026-07-02T15:29:48.287199+00:00,ADA/USDT,LONG,68.0,21.0,21.0,15.0,6.0,No clear directional edge.,FAR
2026-07-02T15:29:49.050643+00:00,AVAX/USDT,LONG,86.0,20.0,20.0,8.0,12.0,No clear directional edge.,CLOSE
2026-07-02T15:29:49.922414+00:00,DOGE/USDT,SHORT,92.0,25.0,11.0,25.0,14.0,No clear directional edge.,VERY_CLOSE
2026-07-02T15:34:53.068578+00:00,BTC/USDT,SHORT,71.0,22.0,15.0,22.0,7.0,No clear directional edge.,FAR
2026-07-02T15:34:53.991548+00:00,ETH/USDT,SHORT,68.0,21.0,15.0,21.0,6.0,No clear directional edge.,FAR
2026-07-02T15:34:54.805257+00:00,SOL/USDT,LONG,62.0,21.0,21.0,17.0,4.0,No clear directional edge.,FAR
2026-07-02T15:34:57.740253+00:00,LINK/USDT,SHORT,68.0,21.0,15.0,21.0,6.0,No clear directional edge.,FAR
2026-07-02T15:34:58.682692+00:00,ADA/USDT,LONG,62.0,21.0,21.0,17.0,4.0,No clear directional edge.,FAR
2026-07-02T15:34:59.470992+00:00,AVAX/USDT,LONG,86.0,20.0,20.0,8.0,12.0,No clear directional edge.,CLOSE
2026-07-02T15:35:00.303588+00:00,DOGE/USDT,SHORT,92.0,25.0,11.0,25.0,14.0,No clear directional edge.,VERY_CLOSE
2026-07-02T15:40:02.529600+00:00,BTC/USDT,SHORT,65.0,20.0,15.0,20.0,5.0,No clear directional edge.,FAR
2026-07-02T15:40:03.534357+00:00,ETH/USDT,SHORT,68.0,21.0,15.0,21.0,6.0,No clear directional edge.,FAR
2026-07-02T15:40:04.492646+00:00,SOL/USDT,LONG,62.0,21.0,21.0,17.0,4.0,No clear directional edge.,FAR
2026-07-02T15:40:05.279436+00:00,BNB/USDT,SHORT,92.0,24.0,10.0,24.0,14.0,No clear directional edge.,VERY_CLOSE
2026-07-02T15:40:06.857631+00:00,LINK/USDT,SHORT,68.0,21.0,15.0,21.0,6.0,No clear directional edge.,FAR
2026-07-02T15:40:07.713367+00:00,ADA/USDT,LONG,62.0,21.0,21.0,17.0,4.0,No clear directional edge.,FAR
2026-07-02T15:40:08.511898+00:00,AVAX/USDT,LONG,86.0,20.0,20.0,8.0,12.0,No clear directional edge.,CLOSE
2026-07-02T15:40:09.392274+00:00,DOGE/USDT,SHORT,92.0,25.0,11.0,25.0,14.0,No clear directional edge.,VERY_CLOSE
2026-07-02T15:45:11.694843+00:00,BTC/USDT,SHORT,71.0,22.0,15.0,22.0,7.0,No clear directional edge.,FAR
2026-07-02T15:45:12.841440+00:00,ETH/USDT,SHORT,71.0,22.0,15.0,22.0,7.0,No clear directional edge.,FAR
2026-07-02T15:45:13.609748+00:00,SOL/USDT,LONG,62.0,21.0,21.0,17.0,4.0,No clear directional edge.,FAR
2026-07-02T15:45:15.151895+00:00,XRP/USDT,SHORT,65.0,20.0,15.0,20.0,5.0,No clear directional edge.,FAR
2026-07-02T15:45:16.200321+00:00,LINK/USDT,SHORT,68.0,21.0,15.0,21.0,6.0,No clear directional edge.,FAR
2026-07-02T15:45:17.171818+00:00,ADA/USDT,LONG,62.0,21.0,21.0,17.0,4.0,No clear directional edge.,FAR
2026-07-02T15:45:18.352938+00:00,AVAX/USDT,LONG,80.0,20.0,20.0,10.0,10.0,No clear directional edge.,MEDIUM
2026-07-02T15:45:19.192146+00:00,DOGE/USDT,SHORT,89.0,24.0,11.0,24.0,13.0,No clear directional edge.,CLOSE
2026-07-02T15:50:21.896782+00:00,BTC/USDT,SHORT,62.0,19.0,15.0,19.0,4.0,No clear directional edge.,FAR
2026-07-02T15:50:22.848860+00:00,ETH/USDT,SHORT,68.0,21.0,15.0,21.0,6.0,No clear directional edge.,FAR
2026-07-02T15:50:23.612844+00:00,SOL/USDT,LONG,62.0,21.0,21.0,17.0,4.0,No clear directional edge.,FAR
2026-07-02T15:50:24.395643+00:00,BNB/USDT,SHORT,92.0,24.0,10.0,24.0,14.0,No clear directional edge.,VERY_CLOSE
2026-07-02T15:50:26.676244+00:00,LINK/USDT,SHORT,68.0,21.0,15.0,21.0,6.0,No clear directional edge.,FAR
2026-07-02T15:50:28.202579+00:00,ADA/USDT,LONG,68.0,21.0,21.0,15.0,6.0,No clear directional edge.,FAR
2026-07-02T15:50:29.354917+00:00,AVAX/USDT,LONG,86.0,20.0,20.0,8.0,12.0,No clear directional edge.,CLOSE
2026-07-02T15:50:30.487866+00:00,DOGE/USDT,SHORT,92.0,25.0,11.0,25.0,14.0,No clear directional edge.,VERY_CLOSE
2026-07-02T15:55:33.545534+00:00,BTC/USDT,SHORT,62.0,19.0,15.0,19.0,4.0,No clear directional edge.,FAR
2026-07-02T15:55:35.386320+00:00,ETH/USDT,SHORT,68.0,21.0,15.0,21.0,6.0,No clear directional edge.,FAR
2026-07-02T15:55:36.901042+00:00,SOL/USDT,LONG,62.0,21.0,21.0,17.0,4.0,No clear directional edge.,FAR
2026-07-02T15:55:37.993966+00:00,BNB/USDT,SHORT,92.0,24.0,10.0,24.0,14.0,No clear directional edge.,VERY_CLOSE
2026-07-02T15:55:39.992426+00:00,LINK/USDT,SHORT,68.0,21.0,15.0,21.0,6.0,No clear directional edge.,FAR
2026-07-02T15:55:40.742364+00:00,ADA/USDT,LONG,62.0,21.0,21.0,17.0,4.0,No clear directional edge.,FAR
2026-07-02T15:55:41.489602+00:00,AVAX/USDT,LONG,86.0,20.0,20.0,8.0,12.0,No clear directional edge.,CLOSE
2026-07-02T15:55:42.526190+00:00,DOGE/USDT,SHORT,92.0,25.0,11.0,25.0,14.0,No clear directional edge.,VERY_CLOSE
2026-07-02T16:00:46.308540+00:00,BTC/USDT,SHORT,62.0,19.0,15.0,19.0,4.0,No clear directional edge.,FAR
2026-07-02T16:00:47.265137+00:00,ETH/USDT,LONG,68.0,21.0,21.0,15.0,6.0,No clear directional edge.,FAR
2026-07-02T16:00:48.333753+00:00,SOL/USDT,LONG,62.0,21.0,21.0,17.0,4.0,No clear directional edge.,FAR
2026-07-02T16:00:49.342430+00:00,BNB/USDT,SHORT,92.0,24.0,10.0,24.0,14.0,No clear directional edge.,VERY_CLOSE
2026-07-02T16:00:51.559382+00:00,LINK/USDT,LONG,68.0,21.0,21.0,15.0,6.0,No clear directional edge.,FAR
2026-07-02T16:00:52.298990+00:00,ADA/USDT,LONG,62.0,21.0,21.0,17.0,4.0,No clear directional edge.,FAR
2026-07-02T16:00:53.542252+00:00,AVAX/USDT,LONG,86.0,20.0,20.0,8.0,12.0,No clear directional edge.,CLOSE
2026-07-02T16:00:54.392623+00:00,DOGE/USDT,SHORT,92.0,25.0,11.0,25.0,14.0,No clear directional edge.,VERY_CLOSE
2026-07-02T16:05:59.261312+00:00,BTC/USDT,SHORT,62.0,19.0,15.0,19.0,4.0,No clear directional edge.,FAR
2026-07-02T16:06:00.227380+00:00,ETH/USDT,LONG,68.0,21.0,21.0,15.0,6.0,No clear directional edge.,FAR
2026-07-02T16:06:00.969880+00:00,SOL/USDT,LONG,62.0,21.0,21.0,17.0,4.0,No clear directional edge.,FAR
2026-07-02T16:06:03.615309+00:00,XRP/USDT,SHORT,65.0,20.0,15.0,20.0,5.0,No clear directional edge.,FAR
2026-07-02T16:06:05.105338+00:00,LINK/USDT,LONG,68.0,21.0,21.0,15.0,6.0,No clear directional edge.,FAR
2026-07-02T16:06:05.940693+00:00,ADA/USDT,LONG,62.0,21.0,21.0,17.0,4.0,No clear directional edge.,FAR
2026-07-02T16:06:07.193382+00:00,AVAX/USDT,LONG,86.0,20.0,20.0,8.0,12.0,No clear directional edge.,CLOSE
2026-07-02T16:06:08.193552+00:00,DOGE/USDT,SHORT,92.0,25.0,11.0,25.0,14.0,No clear directional edge.,VERY_CLOSE
2026-07-02T16:11:12.097772+00:00,BTC/USDT,SHORT,71.0,22.0,15.0,22.0,7.0,No clear directional edge.,FAR
2026-07-02T16:11:13.326615+00:00,ETH/USDT,LONG,68.0,21.0,21.0,15.0,6.0,No clear directional edge.,FAR
2026-07-02T16:11:15.388631+00:00,SOL/USDT,LONG,62.0,21.0,21.0,17.0,4.0,No clear directional edge.,FAR
2026-07-02T16:11:17.254475+00:00,XRP/USDT,SHORT,65.0,20.0,15.0,20.0,5.0,No clear directional edge.,FAR
2026-07-02T16:11:18.220293+00:00,LINK/USDT,LONG,68.0,21.0,21.0,15.0,6.0,No clear directional edge.,FAR
2026-07-02T16:11:20.084860+00:00,ADA/USDT,LONG,62.0,21.0,21.0,17.0,4.0,No clear directional edge.,FAR
2026-07-02T16:11:20.987204+00:00,AVAX/USDT,LONG,86.0,20.0,20.0,8.0,12.0,No clear directional edge.,CLOSE
2026-07-02T16:11:21.892233+00:00,DOGE/USDT,SHORT,92.0,25.0,11.0,25.0,14.0,No clear directional edge.,VERY_CLOSE
2026-07-02T16:16:24.347963+00:00,BTC/USDT,SHORT,62.0,19.0,15.0,19.0,4.0,No clear directional edge.,FAR
2026-07-02T16:16:25.695048+00:00,ETH/USDT,LONG,68.0,21.0,21.0,15.0,6.0,No clear directional edge.,FAR
2026-07-02T16:16:26.581596+00:00,SOL/USDT,LONG,62.0,21.0,21.0,17.0,4.0,No clear directional edge.,FAR
2026-07-02T16:16:27.455833+00:00,BNB/USDT,SHORT,92.0,24.0,10.0,24.0,14.0,No clear directional edge.,VERY_CLOSE
2026-07-02T16:16:29.078930+00:00,LINK/USDT,LONG,68.0,21.0,21.0,15.0,6.0,No clear directional edge.,FAR
2026-07-02T16:16:30.031606+00:00,ADA/USDT,LONG,62.0,21.0,21.0,17.0,4.0,No clear directional edge.,FAR
2026-07-02T16:16:30.847769+00:00,AVAX/USDT,LONG,86.0,20.0,20.0,8.0,12.0,No clear directional edge.,CLOSE
2026-07-02T16:16:31.773416+00:00,DOGE/USDT,SHORT,92.0,25.0,11.0,25.0,14.0,No clear directional edge.,VERY_CLOSE
2026-07-02T16:21:35.334535+00:00,BTC/USDT,SHORT,62.0,19.0,15.0,19.0,4.0,No clear directional edge.,FAR
2026-07-02T16:21:36.108860+00:00,ETH/USDT,LONG,68.0,21.0,21.0,15.0,6.0,No clear directional edge.,FAR
2026-07-02T16:21:36.891816+00:00,SOL/USDT,LONG,71.0,20.0,20.0,13.0,7.0,No clear directional edge.,FAR
2026-07-02T16:21:37.681346+00:00,BNB/USDT,SHORT,92.0,24.0,10.0,24.0,14.0,No clear directional edge.,VERY_CLOSE
2026-07-02T16:21:39.246646+00:00,LINK/USDT,SHORT,68.0,21.0,15.0,21.0,6.0,No clear directional edge.,FAR
2026-07-02T16:21:40.705543+00:00,ADA/USDT,LONG,68.0,21.0,21.0,15.0,6.0,No clear directional edge.,FAR
2026-07-02T16:21:41.523053+00:00,AVAX/USDT,LONG,86.0,20.0,20.0,8.0,12.0,No clear directional edge.,CLOSE
2026-07-02T16:21:42.876449+00:00,DOGE/USDT,SHORT,92.0,25.0,11.0,25.0,14.0,No clear directional edge.,VERY_CLOSE
2026-07-02T16:26:46.658545+00:00,BTC/USDT,SHORT,62.0,19.0,15.0,19.0,4.0,No clear directional edge.,FAR
2026-07-02T16:26:47.484590+00:00,ETH/USDT,LONG,68.0,21.0,21.0,15.0,6.0,No clear directional edge.,FAR
2026-07-02T16:26:48.450138+00:00,SOL/USDT,LONG,71.0,20.0,20.0,13.0,7.0,No clear directional edge.,FAR
2026-07-02T16:26:49.272859+00:00,BNB/USDT,SHORT,86.0,22.0,10.0,22.0,12.0,No clear directional edge.,CLOSE
2026-07-02T16:26:51.222929+00:00,LINK/USDT,SHORT,62.0,19.0,15.0,19.0,4.0,No clear directional edge.,FAR
2026-07-02T16:26:52.097857+00:00,ADA/USDT,LONG,68.0,21.0,21.0,15.0,6.0,No clear directional edge.,FAR
2026-07-02T16:26:52.912143+00:00,AVAX/USDT,LONG,86.0,20.0,20.0,8.0,12.0,No clear directional edge.,CLOSE
2026-07-02T16:26:53.734612+00:00,DOGE/USDT,SHORT,92.0,25.0,11.0,25.0,14.0,No clear directional edge.,VERY_CLOSE
2026-07-02T16:31:57.946169+00:00,ETH/USDT,LONG,74.0,21.0,21.0,13.0,8.0,No clear directional edge.,FAR
2026-07-02T16:31:58.830331+00:00,SOL/USDT,LONG,71.0,20.0,20.0,13.0,7.0,No clear directional edge.,FAR
2026-07-02T16:31:59.597331+00:00,BNB/USDT,SHORT,86.0,22.0,10.0,22.0,12.0,No clear directional edge.,CLOSE
2026-07-02T16:32:01.772491+00:00,LINK/USDT,SHORT,62.0,19.0,15.0,19.0,4.0,No clear directional edge.,FAR
2026-07-02T16:32:02.609828+00:00,ADA/USDT,LONG,68.0,21.0,21.0,15.0,6.0,No clear directional edge.,FAR
2026-07-02T16:32:04.913067+00:00,AVAX/USDT,LONG,86.0,20.0,20.0,8.0,12.0,No clear directional edge.,CLOSE
2026-07-02T16:32:06.296776+00:00,DOGE/USDT,SHORT,86.0,23.0,11.0,23.0,12.0,No clear directional edge.,CLOSE
2026-07-02T16:37:11.352808+00:00,ETH/USDT,LONG,74.0,21.0,21.0,13.0,8.0,No clear directional edge.,FAR
2026-07-02T16:37:13.088343+00:00,SOL/USDT,LONG,77.0,20.0,20.0,11.0,9.0,No clear directional edge.,MEDIUM
2026-07-02T16:37:14.727031+00:00,BNB/USDT,SHORT,86.0,22.0,10.0,22.0,12.0,No clear directional edge.,CLOSE
2026-07-02T16:37:16.994547+00:00,LINK/USDT,SHORT,62.0,19.0,15.0,19.0,4.0,No clear directional edge.,FAR
2026-07-02T16:37:18.775399+00:00,ADA/USDT,LONG,68.0,21.0,21.0,15.0,6.0,No clear directional edge.,FAR
2026-07-02T16:37:19.713231+00:00,AVAX/USDT,LONG,86.0,20.0,20.0,8.0,12.0,No clear directional edge.,CLOSE
2026-07-02T16:37:21.033338+00:00,DOGE/USDT,SHORT,86.0,23.0,11.0,23.0,12.0,No clear directional edge.,CLOSE
2026-07-02T16:42:25.156355+00:00,BTC/USDT,SHORT,62.0,19.0,15.0,19.0,4.0,No clear directional edge.,FAR
2026-07-02T16:42:26.287712+00:00,ETH/USDT,LONG,68.0,21.0,21.0,15.0,6.0,No clear directional edge.,FAR
2026-07-02T16:42:27.409247+00:00,SOL/USDT,LONG,77.0,20.0,20.0,11.0,9.0,No clear directional edge.,MEDIUM
2026-07-02T16:42:28.451367+00:00,BNB/USDT,SHORT,86.0,22.0,10.0,22.0,12.0,No clear directional edge.,CLOSE
2026-07-02T16:42:30.900734+00:00,LINK/USDT,SHORT,62.0,19.0,15.0,19.0,4.0,No clear directional edge.,FAR
2026-07-02T16:42:31.760691+00:00,ADA/USDT,LONG,68.0,21.0,21.0,15.0,6.0,No clear directional edge.,FAR
2026-07-02T16:42:32.765885+00:00,AVAX/USDT,LONG,86.0,20.0,20.0,8.0,12.0,No clear directional edge.,CLOSE
2026-07-02T16:42:33.814870+00:00,DOGE/USDT,SHORT,86.0,23.0,11.0,23.0,12.0,No clear directional edge.,CLOSE
2026-07-02T16:47:39.032422+00:00,BTC/USDT,SHORT,62.0,19.0,15.0,19.0,4.0,No clear directional edge.,FAR
2026-07-02T16:47:40.681759+00:00,ETH/USDT,LONG,68.0,21.0,21.0,15.0,6.0,No clear directional edge.,FAR
2026-07-02T16:47:41.694302+00:00,SOL/USDT,LONG,77.0,20.0,20.0,11.0,9.0,No clear directional edge.,MEDIUM
2026-07-02T16:47:42.793630+00:00,BNB/USDT,SHORT,92.0,24.0,10.0,24.0,14.0,No clear directional edge.,VERY_CLOSE
2026-07-02T16:47:44.947759+00:00,LINK/USDT,SHORT,68.0,21.0,15.0,21.0,6.0,No clear directional edge.,FAR
2026-07-02T16:47:46.651382+00:00,ADA/USDT,LONG,68.0,21.0,21.0,15.0,6.0,No clear directional edge.,FAR
2026-07-02T16:47:47.904237+00:00,AVAX/USDT,LONG,86.0,20.0,20.0,8.0,12.0,No clear directional edge.,CLOSE
2026-07-02T16:47:49.042841+00:00,DOGE/USDT,SHORT,92.0,25.0,11.0,25.0,14.0,No clear directional edge.,VERY_CLOSE
2026-07-02T16:52:52.142850+00:00,BTC/USDT,SHORT,71.0,22.0,15.0,22.0,7.0,No clear directional edge.,FAR
2026-07-02T16:52:53.019792+00:00,ETH/USDT,LONG,68.0,21.0,21.0,15.0,6.0,No clear directional edge.,FAR
2026-07-02T16:52:53.794796+00:00,SOL/USDT,LONG,71.0,20.0,20.0,13.0,7.0,No clear directional edge.,FAR
2026-07-02T16:52:54.580588+00:00,BNB/USDT,SHORT,92.0,24.0,10.0,24.0,14.0,No clear directional edge.,VERY_CLOSE
2026-07-02T16:52:57.447270+00:00,LINK/USDT,LONG,68.0,21.0,21.0,15.0,6.0,No clear directional edge.,FAR
2026-07-02T16:52:58.469999+00:00,ADA/USDT,LONG,68.0,21.0,21.0,15.0,6.0,No clear directional edge.,FAR
2026-07-02T16:53:00.123284+00:00,AVAX/USDT,LONG,86.0,20.0,20.0,8.0,12.0,No clear directional edge.,CLOSE
2026-07-02T16:53:01.298659+00:00,DOGE/USDT,SHORT,92.0,25.0,11.0,25.0,14.0,No clear directional edge.,VERY_CLOSE
2026-07-02T16:58:03.779269+00:00,BTC/USDT,SHORT,62.0,19.0,15.0,19.0,4.0,No clear directional edge.,FAR
2026-07-02T16:58:04.883359+00:00,ETH/USDT,LONG,68.0,21.0,21.0,15.0,6.0,No clear directional edge.,FAR
2026-07-02T16:58:06.072520+00:00,SOL/USDT,LONG,71.0,20.0,20.0,13.0,7.0,No clear directional edge.,FAR
2026-07-02T16:58:07.295354+00:00,BNB/USDT,SHORT,92.0,24.0,10.0,24.0,14.0,No clear directional edge.,VERY_CLOSE
2026-07-02T16:58:09.442059+00:00,LINK/USDT,SHORT,68.0,21.0,15.0,21.0,6.0,No clear directional edge.,FAR
2026-07-02T16:58:10.495524+00:00,ADA/USDT,LONG,68.0,21.0,21.0,15.0,6.0,No clear directional edge.,FAR
2026-07-02T16:58:11.386741+00:00,AVAX/USDT,LONG,86.0,20.0,20.0,8.0,12.0,No clear directional edge.,CLOSE
2026-07-02T16:58:12.490846+00:00,DOGE/USDT,SHORT,86.0,23.0,11.0,23.0,12.0,No clear directional edge.,CLOSE
2026-07-02T17:03:14.782828+00:00,BTC/USDT,SHORT,62.0,19.0,15.0,19.0,4.0,No clear directional edge.,FAR
2026-07-02T17:03:15.777815+00:00,ETH/USDT,LONG,68.0,21.0,21.0,15.0,6.0,No clear directional edge.,FAR
2026-07-02T17:03:17.482457+00:00,BNB/USDT,SHORT,92.0,24.0,10.0,24.0,14.0,No clear directional edge.,VERY_CLOSE
2026-07-02T17:03:20.866335+00:00,LINK/USDT,SHORT,62.0,19.0,15.0,19.0,4.0,No clear directional edge.,FAR
2026-07-02T17:03:22.571087+00:00,ADA/USDT,LONG,68.0,21.0,21.0,15.0,6.0,No clear directional edge.,FAR
2026-07-02T17:03:23.725221+00:00,AVAX/USDT,LONG,86.0,20.0,20.0,8.0,12.0,No clear directional edge.,CLOSE
2026-07-02T17:03:24.796525+00:00,DOGE/USDT,SHORT,86.0,23.0,11.0,23.0,12.0,No clear directional edge.,CLOSE
2026-07-02T17:08:27.471745+00:00,BTC/USDT,SHORT,71.0,22.0,15.0,22.0,7.0,No clear directional edge.,FAR
2026-07-02T17:08:28.256225+00:00,ETH/USDT,LONG,68.0,21.0,21.0,15.0,6.0,No clear directional edge.,FAR
2026-07-02T17:08:30.579926+00:00,BNB/USDT,SHORT,92.0,24.0,10.0,24.0,14.0,No clear directional edge.,VERY_CLOSE
2026-07-02T17:08:32.237174+00:00,LINK/USDT,SHORT,68.0,21.0,15.0,21.0,6.0,No clear directional edge.,FAR
2026-07-02T17:08:33.795669+00:00,ADA/USDT,LONG,68.0,21.0,21.0,15.0,6.0,No clear directional edge.,FAR
2026-07-02T17:08:34.818404+00:00,AVAX/USDT,LONG,86.0,20.0,20.0,8.0,12.0,No clear directional edge.,CLOSE
2026-07-02T17:08:36.017899+00:00,DOGE/USDT,SHORT,86.0,23.0,11.0,23.0,12.0,No clear directional edge.,CLOSE
2026-07-02T17:13:38.160972+00:00,BTC/USDT,SHORT,71.0,22.0,15.0,22.0,7.0,No clear directional edge.,FAR
2026-07-02T17:13:39.058125+00:00,ETH/USDT,LONG,68.0,21.0,21.0,15.0,6.0,No clear directional edge.,FAR
2026-07-02T17:13:39.825624+00:00,SOL/USDT,LONG,62.0,21.0,21.0,17.0,4.0,No clear directional edge.,FAR
2026-07-02T17:13:41.263100+00:00,BNB/USDT,SHORT,92.0,24.0,10.0,24.0,14.0,No clear directional edge.,VERY_CLOSE
2026-07-02T17:13:43.066646+00:00,LINK/USDT,SHORT,68.0,21.0,15.0,21.0,6.0,No clear directional edge.,FAR
2026-07-02T17:13:43.857472+00:00,ADA/USDT,LONG,68.0,21.0,21.0,15.0,6.0,No clear directional edge.,FAR
2026-07-02T17:13:45.230922+00:00,AVAX/USDT,LONG,86.0,20.0,20.0,8.0,12.0,No clear directional edge.,CLOSE
2026-07-02T17:13:46.611349+00:00,DOGE/USDT,SHORT,86.0,23.0,11.0,23.0,12.0,No clear directional edge.,CLOSE
2026-07-02T17:18:48.877241+00:00,BTC/USDT,SHORT,71.0,22.0,15.0,22.0,7.0,No clear directional edge.,FAR
2026-07-02T17:18:49.760770+00:00,ETH/USDT,LONG,68.0,21.0,21.0,15.0,6.0,No clear directional edge.,FAR
2026-07-02T17:18:50.582814+00:00,SOL/USDT,LONG,62.0,21.0,21.0,17.0,4.0,No clear directional edge.,FAR
2026-07-02T17:18:51.387454+00:00,BNB/USDT,SHORT,92.0,24.0,10.0,24.0,14.0,No clear directional edge.,VERY_CLOSE
2026-07-02T17:18:53.112285+00:00,LINK/USDT,SHORT,68.0,21.0,15.0,21.0,6.0,No clear directional edge.,FAR
2026-07-02T17:18:53.894472+00:00,ADA/USDT,LONG,68.0,21.0,21.0,15.0,6.0,No clear directional edge.,FAR
2026-07-02T17:18:55.833844+00:00,AVAX/USDT,LONG,86.0,20.0,20.0,8.0,12.0,No clear directional edge.,CLOSE
2026-07-02T17:18:56.791465+00:00,DOGE/USDT,SHORT,92.0,25.0,11.0,25.0,14.0,No clear directional edge.,VERY_CLOSE
2026-07-02T17:23:59.531725+00:00,BTC/USDT,SHORT,71.0,22.0,15.0,22.0,7.0,No clear directional edge.,FAR
2026-07-02T17:24:01.304192+00:00,ETH/USDT,LONG,62.0,21.0,21.0,17.0,4.0,No clear directional edge.,FAR
2026-07-02T17:24:02.951005+00:00,SOL/USDT,LONG,62.0,21.0,21.0,17.0,4.0,No clear directional edge.,FAR
2026-07-02T17:24:07.476311+00:00,LINK/USDT,SHORT,68.0,21.0,15.0,21.0,6.0,No clear directional edge.,FAR
2026-07-02T17:24:08.318867+00:00,ADA/USDT,LONG,68.0,21.0,21.0,15.0,6.0,No clear directional edge.,FAR
2026-07-02T17:24:09.279310+00:00,AVAX/USDT,LONG,86.0,20.0,20.0,8.0,12.0,No clear directional edge.,CLOSE
2026-07-02T17:24:10.779525+00:00,DOGE/USDT,SHORT,92.0,25.0,11.0,25.0,14.0,No clear directional edge.,VERY_CLOSE
2026-07-02T17:29:13.190843+00:00,BTC/USDT,SHORT,71.0,22.0,15.0,22.0,7.0,No clear directional edge.,FAR
2026-07-02T17:29:14.719907+00:00,ETH/USDT,LONG,62.0,21.0,21.0,17.0,4.0,No clear directional edge.,FAR
2026-07-02T17:29:16.123131+00:00,SOL/USDT,LONG,62.0,21.0,21.0,17.0,4.0,No clear directional edge.,FAR
2026-07-02T17:29:17.092690+00:00,BNB/USDT,SHORT,92.0,24.0,10.0,24.0,14.0,No clear directional edge.,VERY_CLOSE
2026-07-02T17:29:19.130426+00:00,LINK/USDT,LONG,68.0,21.0,21.0,15.0,6.0,No clear directional edge.,FAR
2026-07-02T17:29:20.015412+00:00,ADA/USDT,LONG,68.0,21.0,21.0,15.0,6.0,No clear directional edge.,FAR
2026-07-02T17:29:20.898437+00:00,AVAX/USDT,LONG,86.0,20.0,20.0,8.0,12.0,No clear directional edge.,CLOSE
2026-07-02T17:29:21.786567+00:00,DOGE/USDT,SHORT,92.0,25.0,11.0,25.0,14.0,No clear directional edge.,VERY_CLOSE
2026-07-02T17:34:24.038732+00:00,BTC/USDT,SHORT,71.0,22.0,15.0,22.0,7.0,No clear directional edge.,FAR
2026-07-02T17:34:24.979587+00:00,ETH/USDT,LONG,68.0,21.0,21.0,15.0,6.0,No clear directional edge.,FAR
2026-07-02T17:34:26.378801+00:00,SOL/USDT,LONG,62.0,21.0,21.0,17.0,4.0,No clear directional edge.,FAR
2026-07-02T17:34:27.705041+00:00,BNB/USDT,SHORT,92.0,24.0,10.0,24.0,14.0,No clear directional edge.,VERY_CLOSE
2026-07-02T17:34:29.779614+00:00,LINK/USDT,SHORT,68.0,21.0,15.0,21.0,6.0,No clear directional edge.,FAR
2026-07-02T17:34:30.602908+00:00,ADA/USDT,LONG,68.0,21.0,21.0,15.0,6.0,No clear directional edge.,FAR
2026-07-02T17:34:31.487014+00:00,AVAX/USDT,LONG,86.0,20.0,20.0,8.0,12.0,No clear directional edge.,CLOSE
2026-07-02T17:34:32.479850+00:00,DOGE/USDT,SHORT,92.0,25.0,11.0,25.0,14.0,No clear directional edge.,VERY_CLOSE
2026-07-02T17:39:35.497434+00:00,BTC/USDT,SHORT,71.0,22.0,15.0,22.0,7.0,No clear directional edge.,FAR
2026-07-02T17:39:36.632683+00:00,ETH/USDT,LONG,68.0,21.0,21.0,15.0,6.0,No clear directional edge.,FAR
2026-07-02T17:39:39.213719+00:00,BNB/USDT,SHORT,86.0,22.0,10.0,22.0,12.0,No clear directional edge.,CLOSE
2026-07-02T17:39:41.017240+00:00,LINK/USDT,SHORT,62.0,19.0,15.0,19.0,4.0,No clear directional edge.,FAR
2026-07-02T17:39:41.996298+00:00,ADA/USDT,LONG,68.0,21.0,21.0,15.0,6.0,No clear directional edge.,FAR
2026-07-02T17:39:42.891070+00:00,AVAX/USDT,LONG,74.0,18.0,18.0,10.0,8.0,No clear directional edge.,FAR
2026-07-02T17:39:44.345864+00:00,DOGE/USDT,SHORT,77.0,19.0,10.0,19.0,9.0,No clear directional edge.,MEDIUM
2026-07-02T17:44:46.569281+00:00,BTC/USDT,SHORT,71.0,22.0,15.0,22.0,7.0,No clear directional edge.,FAR
2026-07-02T17:44:47.968072+00:00,ETH/USDT,LONG,68.0,21.0,21.0,15.0,6.0,No clear directional edge.,FAR
2026-07-02T17:44:52.276491+00:00,BNB/USDT,SHORT,92.0,24.0,10.0,24.0,14.0,No clear directional edge.,VERY_CLOSE
2026-07-02T17:44:54.283331+00:00,LINK/USDT,SHORT,62.0,19.0,15.0,19.0,4.0,No clear directional edge.,FAR
2026-07-02T17:44:55.474788+00:00,ADA/USDT,LONG,68.0,21.0,21.0,15.0,6.0,No clear directional edge.,FAR
2026-07-02T17:44:56.403993+00:00,AVAX/USDT,LONG,86.0,20.0,20.0,8.0,12.0,No clear directional edge.,CLOSE
2026-07-02T17:44:57.461231+00:00,DOGE/USDT,SHORT,86.0,23.0,11.0,23.0,12.0,No clear directional edge.,CLOSE
2026-07-02T17:49:59.917944+00:00,BTC/USDT,SHORT,62.0,19.0,15.0,19.0,4.0,No clear directional edge.,FAR
2026-07-02T17:50:01.445552+00:00,ETH/USDT,LONG,68.0,21.0,21.0,15.0,6.0,No clear directional edge.,FAR
2026-07-02T17:50:03.482726+00:00,BNB/USDT,SHORT,86.0,22.0,10.0,22.0,12.0,No clear directional edge.,CLOSE
2026-07-02T17:50:05.141778+00:00,LINK/USDT,SHORT,62.0,19.0,15.0,19.0,4.0,No clear directional edge.,FAR
2026-07-02T17:50:06.053950+00:00,ADA/USDT,LONG,77.0,20.0,20.0,11.0,9.0,No clear directional edge.,MEDIUM
2026-07-02T17:50:07.398380+00:00,AVAX/USDT,LONG,74.0,18.0,18.0,10.0,8.0,No clear directional edge.,FAR
2026-07-02T17:50:08.514350+00:00,DOGE/USDT,SHORT,86.0,23.0,11.0,23.0,12.0,No clear directional edge.,CLOSE
2026-07-02T17:55:10.770514+00:00,BTC/USDT,SHORT,71.0,22.0,15.0,22.0,7.0,No clear directional edge.,FAR
2026-07-02T17:55:11.611022+00:00,ETH/USDT,LONG,68.0,21.0,21.0,15.0,6.0,No clear directional edge.,FAR
2026-07-02T17:55:13.260146+00:00,BNB/USDT,SHORT,86.0,22.0,10.0,22.0,12.0,No clear directional edge.,CLOSE
2026-07-02T17:55:16.270386+00:00,LINK/USDT,SHORT,62.0,19.0,15.0,19.0,4.0,No clear directional edge.,FAR
2026-07-02T17:55:17.835224+00:00,ADA/USDT,LONG,68.0,21.0,21.0,15.0,6.0,No clear directional edge.,FAR
2026-07-02T17:55:18.671354+00:00,AVAX/USDT,LONG,86.0,20.0,20.0,8.0,12.0,No clear directional edge.,CLOSE
2026-07-02T17:55:19.894607+00:00,DOGE/USDT,SHORT,86.0,23.0,11.0,23.0,12.0,No clear directional edge.,CLOSE
2026-07-02T18:00:22.261049+00:00,BTC/USDT,SHORT,62.0,19.0,15.0,19.0,4.0,No clear directional edge.,FAR
2026-07-02T18:00:23.291216+00:00,ETH/USDT,LONG,68.0,21.0,21.0,15.0,6.0,No clear directional edge.,FAR
2026-07-02T18:00:25.272215+00:00,BNB/USDT,SHORT,86.0,22.0,10.0,22.0,12.0,No clear directional edge.,CLOSE
2026-07-02T18:00:27.166051+00:00,LINK/USDT,SHORT,62.0,19.0,15.0,19.0,4.0,No clear directional edge.,FAR
2026-07-02T18:00:28.835761+00:00,AVAX/USDT,LONG,74.0,18.0,18.0,10.0,8.0,No clear directional edge.,FAR
2026-07-02T18:00:29.751626+00:00,DOGE/USDT,SHORT,86.0,23.0,11.0,23.0,12.0,No clear directional edge.,CLOSE
2026-07-02T18:05:32.559065+00:00,BTC/USDT,SHORT,71.0,22.0,15.0,22.0,7.0,No clear directional edge.,FAR
2026-07-02T18:05:33.628075+00:00,ETH/USDT,LONG,68.0,21.0,21.0,15.0,6.0,No clear directional edge.,FAR
2026-07-02T18:05:35.835485+00:00,BNB/USDT,SHORT,92.0,24.0,10.0,24.0,14.0,No clear directional edge.,VERY_CLOSE
2026-07-02T18:05:37.805568+00:00,LINK/USDT,SHORT,62.0,19.0,15.0,19.0,4.0,No clear directional edge.,FAR
2026-07-02T18:05:39.912972+00:00,AVAX/USDT,LONG,74.0,18.0,18.0,10.0,8.0,No clear directional edge.,FAR
2026-07-02T18:05:41.459349+00:00,DOGE/USDT,SHORT,92.0,25.0,11.0,25.0,14.0,No clear directional edge.,VERY_CLOSE
2026-07-02T18:10:44.077870+00:00,BTC/USDT,SHORT,71.0,22.0,15.0,22.0,7.0,No clear directional edge.,FAR
2026-07-02T18:10:45.979952+00:00,ETH/USDT,LONG,68.0,21.0,21.0,15.0,6.0,No clear directional edge.,FAR
2026-07-02T18:10:48.827996+00:00,BNB/USDT,SHORT,92.0,24.0,10.0,24.0,14.0,No clear directional edge.,VERY_CLOSE
2026-07-02T18:10:51.175986+00:00,LINK/USDT,SHORT,62.0,19.0,15.0,19.0,4.0,No clear directional edge.,FAR
2026-07-02T18:10:53.169118+00:00,AVAX/USDT,LONG,74.0,18.0,18.0,10.0,8.0,No clear directional edge.,FAR
2026-07-02T18:10:54.398944+00:00,DOGE/USDT,SHORT,92.0,25.0,11.0,25.0,14.0,No clear directional edge.,VERY_CLOSE
2026-07-02T18:15:57.709665+00:00,BTC/USDT,SHORT,71.0,22.0,15.0,22.0,7.0,No clear directional edge.,FAR
2026-07-02T18:15:58.761826+00:00,ETH/USDT,LONG,68.0,21.0,21.0,15.0,6.0,No clear directional edge.,FAR
2026-07-02T18:16:01.459730+00:00,BNB/USDT,SHORT,92.0,24.0,10.0,24.0,14.0,No clear directional edge.,VERY_CLOSE
2026-07-02T18:16:03.771342+00:00,LINK/USDT,SHORT,62.0,19.0,15.0,19.0,4.0,No clear directional edge.,FAR
2026-07-02T18:16:05.625766+00:00,AVAX/USDT,LONG,74.0,18.0,18.0,10.0,8.0,No clear directional edge.,FAR
2026-07-02T18:16:06.580067+00:00,DOGE/USDT,SHORT,92.0,25.0,11.0,25.0,14.0,No clear directional edge.,VERY_CLOSE
2026-07-02T18:25:48.028202+00:00,BTC/USDT,SHORT,71.0,22.0,15.0,22.0,7.0,No clear directional edge.,FAR
2026-07-02T18:25:53.443350+00:00,ETH/USDT,LONG,62.0,21.0,21.0,17.0,4.0,No clear directional edge.,FAR
2026-07-02T18:26:03.072590+00:00,BNB/USDT,SHORT,92.0,24.0,10.0,24.0,14.0,No clear directional edge.,VERY_CLOSE
2026-07-02T18:26:16.644006+00:00,LINK/USDT,SHORT,62.0,19.0,15.0,19.0,4.0,No clear directional edge.,FAR
2026-07-02T18:26:20.835506+00:00,AVAX/USDT,LONG,74.0,18.0,18.0,10.0,8.0,No clear directional edge.,FAR
2026-07-02T18:26:24.399420+00:00,DOGE/USDT,SHORT,92.0,25.0,11.0,25.0,14.0,No clear directional edge.,VERY_CLOSE
2026-07-02T18:31:36.399466+00:00,BTC/USDT,SHORT,71.0,22.0,15.0,22.0,7.0,No clear directional edge.,FAR
2026-07-02T18:31:37.738603+00:00,ETH/USDT,LONG,62.0,21.0,21.0,17.0,4.0,No clear directional edge.,FAR
2026-07-02T18:31:40.099745+00:00,BNB/USDT,SHORT,92.0,24.0,10.0,24.0,14.0,No clear directional edge.,VERY_CLOSE
2026-07-02T18:31:42.781146+00:00,LINK/USDT,SHORT,68.0,21.0,15.0,21.0,6.0,No clear directional edge.,FAR
2026-07-02T18:31:45.644489+00:00,AVAX/USDT,LONG,74.0,18.0,18.0,10.0,8.0,No clear directional edge.,FAR
2026-07-02T18:31:46.664848+00:00,DOGE/USDT,SHORT,92.0,25.0,11.0,25.0,14.0,No clear directional edge.,VERY_CLOSE
2026-07-02T18:36:49.714090+00:00,BTC/USDT,SHORT,71.0,22.0,15.0,22.0,7.0,No clear directional edge.,FAR
2026-07-02T18:36:51.092238+00:00,ETH/USDT,LONG,62.0,21.0,21.0,17.0,4.0,No clear directional edge.,FAR
2026-07-02T18:36:53.416394+00:00,BNB/USDT,SHORT,86.0,22.0,10.0,22.0,12.0,No clear directional edge.,CLOSE
2026-07-02T18:36:55.541624+00:00,LINK/USDT,SHORT,68.0,21.0,15.0,21.0,6.0,No clear directional edge.,FAR
2026-07-02T18:36:57.983091+00:00,AVAX/USDT,LONG,74.0,18.0,18.0,10.0,8.0,No clear directional edge.,FAR
2026-07-02T18:36:58.870601+00:00,DOGE/USDT,SHORT,92.0,25.0,11.0,25.0,14.0,No clear directional edge.,VERY_CLOSE
2026-07-02T18:42:02.658731+00:00,BTC/USDT,SHORT,71.0,22.0,15.0,22.0,7.0,No clear directional edge.,FAR
2026-07-02T18:42:03.606742+00:00,ETH/USDT,LONG,62.0,21.0,21.0,17.0,4.0,No clear directional edge.,FAR
2026-07-02T18:42:05.604582+00:00,BNB/USDT,SHORT,86.0,22.0,10.0,22.0,12.0,No clear directional edge.,CLOSE
2026-07-02T18:42:08.930733+00:00,LINK/USDT,SHORT,68.0,21.0,15.0,21.0,6.0,No clear directional edge.,FAR
2026-07-02T18:42:12.985378+00:00,AVAX/USDT,LONG,74.0,18.0,18.0,10.0,8.0,No clear directional edge.,FAR
2026-07-02T18:42:14.791457+00:00,DOGE/USDT,SHORT,92.0,25.0,11.0,25.0,14.0,No clear directional edge.,VERY_CLOSE
2026-07-02T18:47:22.462508+00:00,BTC/USDT,SHORT,71.0,22.0,15.0,22.0,7.0,No clear directional edge.,FAR
2026-07-02T18:47:23.392105+00:00,ETH/USDT,LONG,62.0,21.0,21.0,17.0,4.0,No clear directional edge.,FAR
2026-07-02T18:47:26.189807+00:00,BNB/USDT,SHORT,86.0,22.0,10.0,22.0,12.0,No clear directional edge.,CLOSE
2026-07-02T18:47:29.494332+00:00,LINK/USDT,SHORT,68.0,21.0,15.0,21.0,6.0,No clear directional edge.,FAR
2026-07-02T18:47:32.083662+00:00,AVAX/USDT,LONG,74.0,18.0,18.0,10.0,8.0,No clear directional edge.,FAR
2026-07-02T18:47:35.364694+00:00,DOGE/USDT,SHORT,92.0,25.0,11.0,25.0,14.0,No clear directional edge.,VERY_CLOSE
2026-07-02T18:52:39.987110+00:00,BTC/USDT,SHORT,71.0,22.0,15.0,22.0,7.0,No clear directional edge.,FAR
2026-07-02T18:52:41.529948+00:00,ETH/USDT,LONG,62.0,21.0,21.0,17.0,4.0,No clear directional edge.,FAR
2026-07-02T18:52:44.895504+00:00,BNB/USDT,SHORT,86.0,22.0,10.0,22.0,12.0,No clear directional edge.,CLOSE
2026-07-02T18:52:47.517463+00:00,LINK/USDT,SHORT,68.0,21.0,15.0,21.0,6.0,No clear directional edge.,FAR
2026-07-02T18:52:50.213151+00:00,AVAX/USDT,LONG,74.0,18.0,18.0,10.0,8.0,No clear directional edge.,FAR
2026-07-02T18:52:51.606744+00:00,DOGE/USDT,SHORT,92.0,25.0,11.0,25.0,14.0,No clear directional edge.,VERY_CLOSE
2026-07-02T18:57:55.772854+00:00,BTC/USDT,SHORT,71.0,22.0,15.0,22.0,7.0,No clear directional edge.,FAR
2026-07-02T18:57:56.686777+00:00,ETH/USDT,LONG,68.0,21.0,21.0,15.0,6.0,No clear directional edge.,FAR
2026-07-02T18:57:58.939672+00:00,BNB/USDT,SHORT,86.0,22.0,10.0,22.0,12.0,No clear directional edge.,CLOSE
2026-07-02T18:58:02.060068+00:00,LINK/USDT,SHORT,62.0,19.0,15.0,19.0,4.0,No clear directional edge.,FAR
2026-07-02T18:58:04.621603+00:00,AVAX/USDT,LONG,74.0,18.0,18.0,10.0,8.0,No clear directional edge.,FAR
2026-07-02T18:58:05.561190+00:00,DOGE/USDT,SHORT,86.0,23.0,11.0,23.0,12.0,No clear directional edge.,CLOSE
2026-07-02T19:03:09.477559+00:00,BTC/USDT,SHORT,71.0,22.0,15.0,22.0,7.0,No clear directional edge.,FAR
2026-07-02T19:03:10.866741+00:00,ETH/USDT,LONG,62.0,21.0,21.0,17.0,4.0,No clear directional edge.,FAR
2026-07-02T19:03:13.120098+00:00,BNB/USDT,SHORT,86.0,22.0,10.0,22.0,12.0,No clear directional edge.,CLOSE
2026-07-02T19:03:16.358627+00:00,LINK/USDT,SHORT,62.0,19.0,15.0,19.0,4.0,No clear directional edge.,FAR
2026-07-02T19:03:18.400745+00:00,AVAX/USDT,LONG,74.0,18.0,18.0,10.0,8.0,No clear directional edge.,FAR
2026-07-02T19:03:19.582932+00:00,DOGE/USDT,SHORT,86.0,23.0,11.0,23.0,12.0,No clear directional edge.,CLOSE
2026-07-02T19:08:22.779833+00:00,BTC/USDT,SHORT,62.0,19.0,15.0,19.0,4.0,No clear directional edge.,FAR
2026-07-02T19:08:23.697206+00:00,ETH/USDT,LONG,68.0,21.0,21.0,15.0,6.0,No clear directional edge.,FAR
2026-07-02T19:08:26.310300+00:00,BNB/USDT,SHORT,86.0,22.0,10.0,22.0,12.0,No clear directional edge.,CLOSE
2026-07-02T19:08:28.913152+00:00,LINK/USDT,SHORT,62.0,19.0,15.0,19.0,4.0,No clear directional edge.,FAR
2026-07-02T19:08:30.963972+00:00,AVAX/USDT,LONG,74.0,18.0,18.0,10.0,8.0,No clear directional edge.,FAR
2026-07-02T19:08:31.939837+00:00,DOGE/USDT,SHORT,86.0,23.0,11.0,23.0,12.0,No clear directional edge.,CLOSE
2026-07-02T19:13:34.732546+00:00,BTC/USDT,SHORT,62.0,19.0,15.0,19.0,4.0,No clear directional edge.,FAR
2026-07-02T19:13:35.887973+00:00,ETH/USDT,LONG,68.0,21.0,21.0,15.0,6.0,No clear directional edge.,FAR
2026-07-02T19:13:39.912871+00:00,BNB/USDT,SHORT,86.0,22.0,10.0,22.0,12.0,No clear directional edge.,CLOSE
2026-07-02T19:13:42.853920+00:00,LINK/USDT,SHORT,62.0,19.0,15.0,19.0,4.0,No clear directional edge.,FAR
2026-07-02T19:13:45.480344+00:00,AVAX/USDT,LONG,74.0,18.0,18.0,10.0,8.0,No clear directional edge.,FAR
2026-07-02T19:13:46.701765+00:00,DOGE/USDT,SHORT,86.0,23.0,11.0,23.0,12.0,No clear directional edge.,CLOSE
2026-07-02T19:18:50.205186+00:00,BTC/USDT,SHORT,62.0,19.0,15.0,19.0,4.0,No clear directional edge.,FAR
2026-07-02T19:18:51.143716+00:00,ETH/USDT,LONG,68.0,21.0,21.0,15.0,6.0,No clear directional edge.,FAR
2026-07-02T19:18:55.283877+00:00,BNB/USDT,SHORT,80.0,19.0,9.0,19.0,10.0,No clear directional edge.,MEDIUM
2026-07-02T19:18:59.800738+00:00,AVAX/USDT,LONG,74.0,18.0,18.0,10.0,8.0,No clear directional edge.,FAR
2026-07-02T19:19:01.923153+00:00,DOGE/USDT,SHORT,77.0,19.0,10.0,19.0,9.0,No clear directional edge.,MEDIUM
2026-07-02T19:24:04.966740+00:00,BTC/USDT,SHORT,62.0,19.0,15.0,19.0,4.0,No clear directional edge.,FAR
2026-07-02T19:24:06.074157+00:00,ETH/USDT,LONG,68.0,21.0,21.0,15.0,6.0,No clear directional edge.,FAR
2026-07-02T19:24:08.636152+00:00,BNB/USDT,SHORT,80.0,19.0,9.0,19.0,10.0,No clear directional edge.,MEDIUM
2026-07-02T19:24:15.071850+00:00,DOGE/USDT,SHORT,77.0,19.0,10.0,19.0,9.0,No clear directional edge.,MEDIUM
2026-07-02T19:29:18.767490+00:00,BTC/USDT,SHORT,62.0,19.0,15.0,19.0,4.0,No clear directional edge.,FAR
2026-07-02T19:29:20.225711+00:00,ETH/USDT,LONG,68.0,21.0,21.0,15.0,6.0,No clear directional edge.,FAR
2026-07-02T19:29:22.722153+00:00,BNB/USDT,SHORT,80.0,19.0,9.0,19.0,10.0,No clear directional edge.,MEDIUM
2026-07-02T19:29:27.547071+00:00,AVAX/USDT,LONG,74.0,18.0,18.0,10.0,8.0,No clear directional edge.,FAR
2026-07-02T19:29:28.954870+00:00,DOGE/USDT,SHORT,86.0,23.0,11.0,23.0,12.0,No clear directional edge.,CLOSE
2026-07-02T19:34:32.786137+00:00,BTC/USDT,SHORT,62.0,19.0,15.0,19.0,4.0,No clear directional edge.,FAR
2026-07-02T19:34:34.262957+00:00,ETH/USDT,LONG,68.0,21.0,21.0,15.0,6.0,No clear directional edge.,FAR
2026-07-02T19:34:37.115102+00:00,BNB/USDT,SHORT,80.0,19.0,9.0,19.0,10.0,No clear directional edge.,MEDIUM
2026-07-02T19:34:46.332130+00:00,DOGE/USDT,SHORT,86.0,23.0,11.0,23.0,12.0,No clear directional edge.,CLOSE
2026-07-02T19:39:48.718115+00:00,BTC/USDT,SHORT,62.0,19.0,15.0,19.0,4.0,No clear directional edge.,FAR
2026-07-02T19:39:49.751503+00:00,ETH/USDT,LONG,68.0,21.0,21.0,15.0,6.0,No clear directional edge.,FAR
2026-07-02T19:39:52.150845+00:00,BNB/USDT,SHORT,80.0,19.0,9.0,19.0,10.0,No clear directional edge.,MEDIUM
2026-07-02T19:39:58.691913+00:00,DOGE/USDT,SHORT,77.0,19.0,10.0,19.0,9.0,No clear directional edge.,MEDIUM
2026-07-02T19:45:03.944997+00:00,BTC/USDT,SHORT,62.0,19.0,15.0,19.0,4.0,No clear directional edge.,FAR
2026-07-02T19:45:05.337391+00:00,ETH/USDT,LONG,68.0,21.0,21.0,15.0,6.0,No clear directional edge.,FAR
2026-07-02T19:45:08.348660+00:00,BNB/USDT,SHORT,80.0,19.0,9.0,19.0,10.0,No clear directional edge.,MEDIUM
2026-07-02T19:45:13.540924+00:00,AVAX/USDT,LONG,74.0,18.0,18.0,10.0,8.0,No clear directional edge.,FAR
2026-07-02T19:45:14.987590+00:00,DOGE/USDT,SHORT,86.0,23.0,11.0,23.0,12.0,No clear directional edge.,CLOSE
2026-07-02T19:50:17.943194+00:00,BTC/USDT,SHORT,62.0,19.0,15.0,19.0,4.0,No clear directional edge.,FAR
2026-07-02T19:50:19.306196+00:00,ETH/USDT,LONG,62.0,21.0,21.0,17.0,4.0,No clear directional edge.,FAR
2026-07-02T19:50:22.018946+00:00,BNB/USDT,SHORT,80.0,19.0,9.0,19.0,10.0,No clear directional edge.,MEDIUM
2026-07-02T19:50:25.740514+00:00,LINK/USDT,SHORT,62.0,19.0,15.0,19.0,4.0,No clear directional edge.,FAR
2026-07-02T19:50:29.107140+00:00,AVAX/USDT,LONG,74.0,18.0,18.0,10.0,8.0,No clear directional edge.,FAR
2026-07-02T19:50:30.205124+00:00,DOGE/USDT,SHORT,92.0,25.0,11.0,25.0,14.0,No clear directional edge.,VERY_CLOSE
2026-07-02T19:55:33.459655+00:00,BTC/USDT,SHORT,62.0,19.0,15.0,19.0,4.0,No clear directional edge.,FAR
2026-07-02T19:55:34.953184+00:00,ETH/USDT,LONG,68.0,21.0,21.0,15.0,6.0,No clear directional edge.,FAR
2026-07-02T19:55:36.963183+00:00,BNB/USDT,SHORT,80.0,19.0,9.0,19.0,10.0,No clear directional edge.,MEDIUM
2026-07-02T19:55:43.693441+00:00,DOGE/USDT,SHORT,86.0,23.0,11.0,23.0,12.0,No clear directional edge.,CLOSE
2026-07-02T20:00:47.383176+00:00,BTC/USDT,SHORT,77.0,22.0,13.0,22.0,9.0,No clear directional edge.,MEDIUM
2026-07-02T20:00:49.059450+00:00,ETH/USDT,LONG,68.0,21.0,21.0,15.0,6.0,No clear directional edge.,FAR
2026-07-02T20:00:51.583762+00:00,BNB/USDT,SHORT,92.0,21.0,7.0,21.0,14.0,No clear directional edge.,VERY_CLOSE
2026-07-02T20:00:55.441609+00:00,LINK/USDT,LONG,62.0,18.0,18.0,14.0,4.0,No clear directional edge.,FAR
2026-07-02T20:00:59.218346+00:00,DOGE/USDT,SHORT,89.0,21.0,8.0,21.0,13.0,No clear directional edge.,CLOSE
2026-07-02T20:06:01.960240+00:00,BTC/USDT,SHORT,77.0,22.0,13.0,22.0,9.0,No clear directional edge.,MEDIUM
2026-07-02T20:06:03.375859+00:00,ETH/USDT,LONG,68.0,21.0,21.0,15.0,6.0,No clear directional edge.,FAR
2026-07-02T20:06:05.618255+00:00,BNB/USDT,SHORT,92.0,21.0,7.0,21.0,14.0,No clear directional edge.,VERY_CLOSE
2026-07-02T20:06:07.966464+00:00,LINK/USDT,LONG,62.0,18.0,18.0,14.0,4.0,No clear directional edge.,FAR
2026-07-02T20:06:11.171217+00:00,DOGE/USDT,SHORT,89.0,21.0,8.0,21.0,13.0,No clear directional edge.,CLOSE
2026-07-02T20:11:14.130416+00:00,BTC/USDT,SHORT,77.0,22.0,13.0,22.0,9.0,No clear directional edge.,MEDIUM
2026-07-02T20:11:14.990611+00:00,ETH/USDT,LONG,68.0,21.0,21.0,15.0,6.0,No clear directional edge.,FAR
2026-07-02T20:11:16.988408+00:00,BNB/USDT,SHORT,92.0,21.0,7.0,21.0,14.0,No clear directional edge.,VERY_CLOSE
2026-07-02T20:11:19.208996+00:00,LINK/USDT,LONG,62.0,18.0,18.0,14.0,4.0,No clear directional edge.,FAR
2026-07-02T20:11:24.020164+00:00,DOGE/USDT,SHORT,89.0,21.0,8.0,21.0,13.0,No clear directional edge.,CLOSE
2026-07-02T20:16:27.316008+00:00,BTC/USDT,SHORT,77.0,22.0,13.0,22.0,9.0,No clear directional edge.,MEDIUM
2026-07-02T20:16:28.256007+00:00,ETH/USDT,LONG,68.0,21.0,21.0,15.0,6.0,No clear directional edge.,FAR
2026-07-02T20:16:30.359603+00:00,BNB/USDT,SHORT,92.0,21.0,7.0,21.0,14.0,No clear directional edge.,VERY_CLOSE
2026-07-02T20:16:32.427819+00:00,LINK/USDT,LONG,74.0,21.0,21.0,13.0,8.0,No clear directional edge.,FAR
2026-07-02T20:16:34.819097+00:00,AVAX/USDT,LONG,74.0,18.0,18.0,10.0,8.0,No clear directional edge.,FAR
2026-07-02T20:16:35.650473+00:00,DOGE/USDT,SHORT,89.0,21.0,8.0,21.0,13.0,No clear directional edge.,CLOSE
2026-07-02T20:21:38.867552+00:00,BTC/USDT,SHORT,77.0,22.0,13.0,22.0,9.0,No clear directional edge.,MEDIUM
2026-07-02T20:21:39.698415+00:00,ETH/USDT,LONG,68.0,21.0,21.0,15.0,6.0,No clear directional edge.,FAR
2026-07-02T20:21:42.427254+00:00,BNB/USDT,SHORT,92.0,21.0,7.0,21.0,14.0,No clear directional edge.,VERY_CLOSE
2026-07-02T20:21:45.125296+00:00,LINK/USDT,LONG,62.0,18.0,18.0,14.0,4.0,No clear directional edge.,FAR
2026-07-02T20:21:49.294467+00:00,DOGE/USDT,SHORT,89.0,21.0,8.0,21.0,13.0,No clear directional edge.,CLOSE
2026-07-02T20:26:53.882130+00:00,BTC/USDT,SHORT,77.0,22.0,13.0,22.0,9.0,No clear directional edge.,MEDIUM
2026-07-02T20:26:55.690456+00:00,ETH/USDT,LONG,68.0,21.0,21.0,15.0,6.0,No clear directional edge.,FAR
2026-07-02T20:26:59.528098+00:00,BNB/USDT,SHORT,92.0,21.0,7.0,21.0,14.0,No clear directional edge.,VERY_CLOSE
2026-07-02T20:27:01.832692+00:00,LINK/USDT,LONG,74.0,18.0,18.0,10.0,8.0,No clear directional edge.,FAR
2026-07-02T20:27:05.272606+00:00,DOGE/USDT,SHORT,89.0,21.0,8.0,21.0,13.0,No clear directional edge.,CLOSE
2026-07-02T20:32:09.571062+00:00,BTC/USDT,SHORT,77.0,22.0,13.0,22.0,9.0,No clear directional edge.,MEDIUM
2026-07-02T20:32:10.571857+00:00,ETH/USDT,LONG,68.0,21.0,21.0,15.0,6.0,No clear directional edge.,FAR
2026-07-02T20:32:13.293248+00:00,BNB/USDT,SHORT,92.0,21.0,7.0,21.0,14.0,No clear directional edge.,VERY_CLOSE
2026-07-02T20:32:15.788740+00:00,LINK/USDT,LONG,74.0,18.0,18.0,10.0,8.0,No clear directional edge.,FAR
2026-07-02T20:32:19.841201+00:00,DOGE/USDT,SHORT,89.0,21.0,8.0,21.0,13.0,No clear directional edge.,CLOSE
2026-07-02T20:37:22.360912+00:00,BTC/USDT,SHORT,77.0,22.0,13.0,22.0,9.0,No clear directional edge.,MEDIUM
2026-07-02T20:37:23.428798+00:00,ETH/USDT,LONG,68.0,21.0,21.0,15.0,6.0,No clear directional edge.,FAR
2026-07-02T20:37:25.751603+00:00,BNB/USDT,SHORT,92.0,21.0,7.0,21.0,14.0,No clear directional edge.,VERY_CLOSE
2026-07-02T20:37:27.610788+00:00,LINK/USDT,LONG,74.0,18.0,18.0,10.0,8.0,No clear directional edge.,FAR
2026-07-02T20:37:31.749829+00:00,DOGE/USDT,SHORT,89.0,21.0,8.0,21.0,13.0,No clear directional edge.,CLOSE
2026-07-02T20:42:35.339451+00:00,BTC/USDT,SHORT,77.0,22.0,13.0,22.0,9.0,No clear directional edge.,MEDIUM
2026-07-02T20:42:36.209381+00:00,ETH/USDT,LONG,68.0,21.0,21.0,15.0,6.0,No clear directional edge.,FAR
2026-07-02T20:42:38.874026+00:00,BNB/USDT,SHORT,92.0,21.0,7.0,21.0,14.0,No clear directional edge.,VERY_CLOSE
2026-07-02T20:42:41.173350+00:00,LINK/USDT,LONG,74.0,18.0,18.0,10.0,8.0,No clear directional edge.,FAR
2026-07-02T20:42:44.053548+00:00,DOGE/USDT,SHORT,89.0,21.0,8.0,21.0,13.0,No clear directional edge.,CLOSE
2026-07-02T20:47:47.664424+00:00,BTC/USDT,SHORT,77.0,22.0,13.0,22.0,9.0,No clear directional edge.,MEDIUM
2026-07-02T20:47:49.065623+00:00,ETH/USDT,LONG,68.0,21.0,21.0,15.0,6.0,No clear directional edge.,FAR
2026-07-02T20:47:51.260583+00:00,BNB/USDT,SHORT,92.0,21.0,7.0,21.0,14.0,No clear directional edge.,VERY_CLOSE
2026-07-02T20:47:53.601880+00:00,LINK/USDT,LONG,74.0,18.0,18.0,10.0,8.0,No clear directional edge.,FAR
2026-07-02T20:47:57.051921+00:00,DOGE/USDT,SHORT,89.0,21.0,8.0,21.0,13.0,No clear directional edge.,CLOSE
2026-07-02T20:53:00.630593+00:00,BTC/USDT,SHORT,77.0,22.0,13.0,22.0,9.0,No clear directional edge.,MEDIUM
2026-07-02T20:53:01.587677+00:00,ETH/USDT,LONG,68.0,21.0,21.0,15.0,6.0,No clear directional edge.,FAR
2026-07-02T20:53:03.859633+00:00,BNB/USDT,SHORT,92.0,21.0,7.0,21.0,14.0,No clear directional edge.,VERY_CLOSE
2026-07-02T20:53:05.860369+00:00,LINK/USDT,LONG,62.0,18.0,18.0,14.0,4.0,No clear directional edge.,FAR
2026-07-02T20:53:08.055301+00:00,AVAX/USDT,LONG,74.0,18.0,18.0,10.0,8.0,No clear directional edge.,FAR
2026-07-02T20:53:08.902831+00:00,DOGE/USDT,SHORT,89.0,21.0,8.0,21.0,13.0,No clear directional edge.,CLOSE
2026-07-02T20:58:12.340676+00:00,BTC/USDT,SHORT,77.0,22.0,13.0,22.0,9.0,No clear directional edge.,MEDIUM
2026-07-02T20:58:13.919907+00:00,ETH/USDT,LONG,62.0,21.0,21.0,17.0,4.0,No clear directional edge.,FAR
2026-07-02T20:58:16.257972+00:00,BNB/USDT,SHORT,92.0,21.0,7.0,21.0,14.0,No clear directional edge.,VERY_CLOSE
2026-07-02T20:58:19.132106+00:00,LINK/USDT,LONG,74.0,21.0,21.0,13.0,8.0,No clear directional edge.,FAR
2026-07-02T20:58:21.376644+00:00,AVAX/USDT,LONG,74.0,18.0,18.0,10.0,8.0,No clear directional edge.,FAR
2026-07-02T20:58:22.500278+00:00,DOGE/USDT,SHORT,89.0,21.0,8.0,21.0,13.0,No clear directional edge.,CLOSE
2026-07-02T21:03:27.239988+00:00,BTC/USDT,SHORT,77.0,22.0,13.0,22.0,9.0,No clear directional edge.,MEDIUM
2026-07-02T21:03:28.428682+00:00,ETH/USDT,LONG,68.0,21.0,21.0,15.0,6.0,No clear directional edge.,FAR
2026-07-02T21:03:32.068368+00:00,BNB/USDT,SHORT,92.0,21.0,7.0,21.0,14.0,No clear directional edge.,VERY_CLOSE
2026-07-02T21:03:34.354875+00:00,LINK/USDT,LONG,71.0,18.0,18.0,11.0,7.0,No clear directional edge.,FAR
2026-07-02T21:03:36.834399+00:00,AVAX/USDT,LONG,74.0,18.0,18.0,10.0,8.0,No clear directional edge.,FAR
2026-07-02T21:03:37.949413+00:00,DOGE/USDT,SHORT,89.0,21.0,8.0,21.0,13.0,No clear directional edge.,CLOSE
2026-07-02T21:08:41.549983+00:00,BTC/USDT,SHORT,77.0,22.0,13.0,22.0,9.0,No clear directional edge.,MEDIUM
2026-07-02T21:08:42.745700+00:00,ETH/USDT,LONG,68.0,21.0,21.0,15.0,6.0,No clear directional edge.,FAR
2026-07-02T21:08:44.749878+00:00,BNB/USDT,SHORT,92.0,21.0,7.0,21.0,14.0,No clear directional edge.,VERY_CLOSE
2026-07-02T21:08:46.686452+00:00,LINK/USDT,LONG,71.0,18.0,18.0,11.0,7.0,No clear directional edge.,FAR
2026-07-02T21:08:49.712611+00:00,AVAX/USDT,LONG,74.0,18.0,18.0,10.0,8.0,No clear directional edge.,FAR
2026-07-02T21:08:50.566295+00:00,DOGE/USDT,SHORT,89.0,21.0,8.0,21.0,13.0,No clear directional edge.,CLOSE
2026-07-02T21:13:53.979381+00:00,BTC/USDT,SHORT,77.0,22.0,13.0,22.0,9.0,No clear directional edge.,MEDIUM
2026-07-02T21:13:55.130859+00:00,ETH/USDT,LONG,68.0,21.0,21.0,15.0,6.0,No clear directional edge.,FAR
2026-07-02T21:13:57.451089+00:00,BNB/USDT,SHORT,92.0,21.0,7.0,21.0,14.0,No clear directional edge.,VERY_CLOSE
2026-07-02T21:13:59.501805+00:00,LINK/USDT,LONG,71.0,18.0,18.0,11.0,7.0,No clear directional edge.,FAR
2026-07-02T21:14:01.613651+00:00,AVAX/USDT,LONG,74.0,18.0,18.0,10.0,8.0,No clear directional edge.,FAR
2026-07-02T21:14:02.662749+00:00,DOGE/USDT,SHORT,89.0,21.0,8.0,21.0,13.0,No clear directional edge.,CLOSE
2026-07-02T21:19:06.300410+00:00,BTC/USDT,SHORT,77.0,22.0,13.0,22.0,9.0,No clear directional edge.,MEDIUM
2026-07-02T21:19:07.225946+00:00,ETH/USDT,LONG,68.0,21.0,21.0,15.0,6.0,No clear directional edge.,FAR
2026-07-02T21:19:09.182206+00:00,BNB/USDT,SHORT,92.0,21.0,7.0,21.0,14.0,No clear directional edge.,VERY_CLOSE
2026-07-02T21:19:11.126835+00:00,LINK/USDT,LONG,71.0,18.0,18.0,11.0,7.0,No clear directional edge.,FAR
2026-07-02T21:19:13.060411+00:00,AVAX/USDT,LONG,74.0,18.0,18.0,10.0,8.0,No clear directional edge.,FAR
2026-07-02T21:19:13.895714+00:00,DOGE/USDT,SHORT,89.0,21.0,8.0,21.0,13.0,No clear directional edge.,CLOSE
2026-07-02T21:24:16.940598+00:00,BTC/USDT,SHORT,77.0,22.0,13.0,22.0,9.0,No clear directional edge.,MEDIUM
2026-07-02T21:24:17.966528+00:00,ETH/USDT,LONG,68.0,21.0,21.0,15.0,6.0,No clear directional edge.,FAR
2026-07-02T21:24:19.795645+00:00,BNB/USDT,SHORT,92.0,21.0,7.0,21.0,14.0,No clear directional edge.,VERY_CLOSE
2026-07-02T21:24:21.624155+00:00,LINK/USDT,LONG,71.0,18.0,18.0,11.0,7.0,No clear directional edge.,FAR
2026-07-02T21:24:25.322982+00:00,AVAX/USDT,LONG,68.0,18.0,18.0,12.0,6.0,No clear directional edge.,FAR
2026-07-02T21:24:26.665299+00:00,DOGE/USDT,SHORT,89.0,21.0,8.0,21.0,13.0,No clear directional edge.,CLOSE
2026-07-02T21:29:30.174803+00:00,BTC/USDT,SHORT,77.0,22.0,13.0,22.0,9.0,No clear directional edge.,MEDIUM
2026-07-02T21:29:31.242727+00:00,ETH/USDT,LONG,68.0,21.0,21.0,15.0,6.0,No clear directional edge.,FAR
2026-07-02T21:29:33.183686+00:00,BNB/USDT,SHORT,92.0,21.0,7.0,21.0,14.0,No clear directional edge.,VERY_CLOSE
2026-07-02T21:29:35.341183+00:00,LINK/USDT,LONG,74.0,18.0,18.0,10.0,8.0,No clear directional edge.,FAR
2026-07-02T21:29:37.292685+00:00,AVAX/USDT,LONG,68.0,18.0,18.0,12.0,6.0,No clear directional edge.,FAR
2026-07-02T21:29:38.238400+00:00,DOGE/USDT,SHORT,89.0,21.0,8.0,21.0,13.0,No clear directional edge.,CLOSE
2026-07-02T21:34:41.714616+00:00,BTC/USDT,SHORT,77.0,22.0,13.0,22.0,9.0,No clear directional edge.,MEDIUM
2026-07-02T21:34:42.662942+00:00,ETH/USDT,LONG,68.0,21.0,21.0,15.0,6.0,No clear directional edge.,FAR
2026-07-02T21:34:44.776075+00:00,BNB/USDT,SHORT,92.0,21.0,7.0,21.0,14.0,No clear directional edge.,VERY_CLOSE
2026-07-02T21:34:46.855198+00:00,LINK/USDT,LONG,74.0,18.0,18.0,10.0,8.0,No clear directional edge.,FAR
2026-07-02T21:34:49.089119+00:00,AVAX/USDT,LONG,68.0,18.0,18.0,12.0,6.0,No clear directional edge.,FAR
2026-07-02T21:34:49.959227+00:00,DOGE/USDT,SHORT,89.0,21.0,8.0,21.0,13.0,No clear directional edge.,CLOSE
2026-07-02T21:39:53.461121+00:00,BTC/USDT,SHORT,77.0,22.0,13.0,22.0,9.0,No clear directional edge.,MEDIUM
2026-07-02T21:39:54.381831+00:00,ETH/USDT,LONG,68.0,21.0,21.0,15.0,6.0,No clear directional edge.,FAR
2026-07-02T21:39:56.839110+00:00,BNB/USDT,SHORT,92.0,21.0,7.0,21.0,14.0,No clear directional edge.,VERY_CLOSE
2026-07-02T21:39:59.791910+00:00,LINK/USDT,LONG,74.0,18.0,18.0,10.0,8.0,No clear directional edge.,FAR
2026-07-02T21:40:01.705405+00:00,AVAX/USDT,LONG,68.0,18.0,18.0,12.0,6.0,No clear directional edge.,FAR
2026-07-02T21:40:02.764442+00:00,DOGE/USDT,SHORT,89.0,21.0,8.0,21.0,13.0,No clear directional edge.,CLOSE
2026-07-02T21:45:06.262599+00:00,BTC/USDT,SHORT,77.0,22.0,13.0,22.0,9.0,No clear directional edge.,MEDIUM
2026-07-02T21:45:07.311355+00:00,ETH/USDT,LONG,68.0,21.0,21.0,15.0,6.0,No clear directional edge.,FAR
2026-07-02T21:45:09.848464+00:00,BNB/USDT,SHORT,92.0,21.0,7.0,21.0,14.0,No clear directional edge.,VERY_CLOSE
2026-07-02T21:45:13.474353+00:00,LINK/USDT,LONG,74.0,18.0,18.0,10.0,8.0,No clear directional edge.,FAR
2026-07-02T21:45:15.681796+00:00,AVAX/USDT,LONG,74.0,18.0,18.0,10.0,8.0,No clear directional edge.,FAR
2026-07-02T21:45:16.507336+00:00,DOGE/USDT,SHORT,89.0,21.0,8.0,21.0,13.0,No clear directional edge.,CLOSE
2026-07-02T21:50:20.132918+00:00,BTC/USDT,SHORT,77.0,22.0,13.0,22.0,9.0,No clear directional edge.,MEDIUM
2026-07-02T21:50:21.146100+00:00,ETH/USDT,LONG,68.0,21.0,21.0,15.0,6.0,No clear directional edge.,FAR
2026-07-02T21:50:22.269557+00:00,SOL/USDT,LONG,65.0,18.0,18.0,13.0,5.0,No clear directional edge.,FAR
2026-07-02T21:50:23.295084+00:00,BNB/USDT,SHORT,92.0,21.0,7.0,21.0,14.0,No clear directional edge.,VERY_CLOSE
2026-07-02T21:50:25.356288+00:00,LINK/USDT,LONG,74.0,18.0,18.0,10.0,8.0,No clear directional edge.,FAR
2026-07-02T21:50:27.692392+00:00,AVAX/USDT,LONG,74.0,18.0,18.0,10.0,8.0,No clear directional edge.,FAR
2026-07-02T21:50:29.114691+00:00,DOGE/USDT,SHORT,89.0,21.0,8.0,21.0,13.0,No clear directional edge.,CLOSE
2026-07-02T22:00:52.447504+00:00,BTC/USDT,SHORT,77.0,22.0,13.0,22.0,9.0,No clear directional edge.,MEDIUM
2026-07-02T22:06:13.713155+00:00,ETH/USDT,LONG,68.0,21.0,21.0,15.0,6.0,No clear directional edge.,FAR
2026-07-02T22:11:34.950544+00:00,SOL/USDT,LONG,65.0,18.0,18.0,13.0,5.0,No clear directional edge.,FAR
2026-07-02T22:12:21.223082+00:00,BNB/USDT,SHORT,92.0,21.0,7.0,21.0,14.0,No clear directional edge.,VERY_CLOSE
2026-07-02T22:12:23.454563+00:00,LINK/USDT,LONG,74.0,18.0,18.0,10.0,8.0,No clear directional edge.,FAR
2026-07-02T22:12:25.196941+00:00,AVAX/USDT,LONG,74.0,18.0,18.0,10.0,8.0,No clear directional edge.,FAR
2026-07-02T22:12:26.236467+00:00,DOGE/USDT,SHORT,89.0,21.0,8.0,21.0,13.0,No clear directional edge.,CLOSE
2026-07-02T22:17:33.619964+00:00,BTC/USDT,SHORT,77.0,22.0,13.0,22.0,9.0,No clear directional edge.,MEDIUM
2026-07-02T22:17:34.702192+00:00,ETH/USDT,LONG,68.0,21.0,21.0,15.0,6.0,No clear directional edge.,FAR
2026-07-02T22:17:35.610584+00:00,SOL/USDT,LONG,65.0,18.0,18.0,13.0,5.0,No clear directional edge.,FAR
2026-07-02T22:17:36.674068+00:00,BNB/USDT,SHORT,92.0,21.0,7.0,21.0,14.0,No clear directional edge.,VERY_CLOSE
2026-07-02T22:17:38.755733+00:00,LINK/USDT,LONG,74.0,18.0,18.0,10.0,8.0,No clear directional edge.,FAR
2026-07-02T22:17:40.958499+00:00,AVAX/USDT,LONG,68.0,18.0,18.0,12.0,6.0,No clear directional edge.,FAR
2026-07-02T22:17:42.298198+00:00,DOGE/USDT,SHORT,89.0,21.0,8.0,21.0,13.0,No clear directional edge.,CLOSE
2026-07-02T22:22:44.752967+00:00,BTC/USDT,SHORT,77.0,22.0,13.0,22.0,9.0,No clear directional edge.,MEDIUM
2026-07-02T22:22:45.673982+00:00,ETH/USDT,LONG,68.0,21.0,21.0,15.0,6.0,No clear directional edge.,FAR
2026-07-02T22:22:47.771713+00:00,SOL/USDT,LONG,65.0,18.0,18.0,13.0,5.0,No clear directional edge.,FAR
2026-07-02T22:22:49.320587+00:00,BNB/USDT,SHORT,92.0,21.0,7.0,21.0,14.0,No clear directional edge.,VERY_CLOSE
2026-07-02T22:22:51.918756+00:00,LINK/USDT,LONG,74.0,18.0,18.0,10.0,8.0,No clear directional edge.,FAR
2026-07-02T22:22:55.035639+00:00,AVAX/USDT,LONG,68.0,18.0,18.0,12.0,6.0,No clear directional edge.,FAR
2026-07-02T22:22:56.516965+00:00,DOGE/USDT,SHORT,89.0,21.0,8.0,21.0,13.0,No clear directional edge.,CLOSE
2026-07-02T22:27:59.877069+00:00,BTC/USDT,SHORT,77.0,22.0,13.0,22.0,9.0,No clear directional edge.,MEDIUM
2026-07-02T22:28:00.942035+00:00,ETH/USDT,LONG,68.0,21.0,21.0,15.0,6.0,No clear directional edge.,FAR
2026-07-02T22:28:03.042352+00:00,BNB/USDT,SHORT,92.0,21.0,7.0,21.0,14.0,No clear directional edge.,VERY_CLOSE
2026-07-02T22:28:05.144761+00:00,LINK/USDT,LONG,74.0,18.0,18.0,10.0,8.0,No clear directional edge.,FAR
2026-07-02T22:28:07.437585+00:00,AVAX/USDT,LONG,68.0,18.0,18.0,12.0,6.0,No clear directional edge.,FAR
2026-07-02T22:28:08.354803+00:00,DOGE/USDT,SHORT,83.0,21.0,10.0,21.0,11.0,No clear directional edge.,MEDIUM
2026-07-02T22:33:11.449119+00:00,BTC/USDT,SHORT,77.0,22.0,13.0,22.0,9.0,No clear directional edge.,MEDIUM
2026-07-02T22:33:13.015441+00:00,ETH/USDT,LONG,68.0,21.0,21.0,15.0,6.0,No clear directional edge.,FAR
2026-07-02T22:33:16.287402+00:00,BNB/USDT,SHORT,92.0,21.0,7.0,21.0,14.0,No clear directional edge.,VERY_CLOSE
2026-07-02T22:33:18.238387+00:00,LINK/USDT,LONG,74.0,18.0,18.0,10.0,8.0,No clear directional edge.,FAR
2026-07-02T22:33:21.490477+00:00,DOGE/USDT,SHORT,89.0,21.0,8.0,21.0,13.0,No clear directional edge.,CLOSE
2026-07-02T22:38:24.177154+00:00,BTC/USDT,SHORT,77.0,22.0,13.0,22.0,9.0,No clear directional edge.,MEDIUM
2026-07-02T22:38:25.101525+00:00,ETH/USDT,LONG,68.0,21.0,21.0,15.0,6.0,No clear directional edge.,FAR
2026-07-02T22:38:27.217635+00:00,BNB/USDT,SHORT,92.0,21.0,7.0,21.0,14.0,No clear directional edge.,VERY_CLOSE
2026-07-02T22:38:29.140006+00:00,LINK/USDT,LONG,74.0,18.0,18.0,10.0,8.0,No clear directional edge.,FAR
2026-07-02T22:38:32.364743+00:00,DOGE/USDT,SHORT,89.0,21.0,8.0,21.0,13.0,No clear directional edge.,CLOSE
2026-07-02T22:43:34.744149+00:00,BTC/USDT,SHORT,77.0,22.0,13.0,22.0,9.0,No clear directional edge.,MEDIUM
2026-07-02T22:43:35.654533+00:00,ETH/USDT,LONG,68.0,21.0,21.0,15.0,6.0,No clear directional edge.,FAR
2026-07-02T22:43:36.562178+00:00,SOL/USDT,LONG,65.0,18.0,18.0,13.0,5.0,No clear directional edge.,FAR
2026-07-02T22:43:37.465348+00:00,BNB/USDT,SHORT,92.0,21.0,7.0,21.0,14.0,No clear directional edge.,VERY_CLOSE
2026-07-02T22:43:39.372790+00:00,LINK/USDT,LONG,74.0,18.0,18.0,10.0,8.0,No clear directional edge.,FAR
2026-07-02T22:43:42.144073+00:00,DOGE/USDT,SHORT,89.0,21.0,8.0,21.0,13.0,No clear directional edge.,CLOSE
2026-07-02T22:48:44.637663+00:00,BTC/USDT,SHORT,77.0,22.0,13.0,22.0,9.0,No clear directional edge.,MEDIUM
2026-07-02T22:48:45.543043+00:00,ETH/USDT,LONG,68.0,21.0,21.0,15.0,6.0,No clear directional edge.,FAR
2026-07-02T22:48:46.538753+00:00,SOL/USDT,LONG,65.0,18.0,18.0,13.0,5.0,No clear directional edge.,FAR
2026-07-02T22:48:47.539347+00:00,BNB/USDT,SHORT,92.0,21.0,7.0,21.0,14.0,No clear directional edge.,VERY_CLOSE
2026-07-02T22:48:49.522512+00:00,LINK/USDT,LONG,74.0,18.0,18.0,10.0,8.0,No clear directional edge.,FAR
2026-07-02T22:48:51.711760+00:00,AVAX/USDT,LONG,68.0,18.0,18.0,12.0,6.0,No clear directional edge.,FAR
2026-07-02T22:48:52.626438+00:00,DOGE/USDT,SHORT,83.0,21.0,10.0,21.0,11.0,No clear directional edge.,MEDIUM
2026-07-02T22:53:55.339054+00:00,BTC/USDT,SHORT,77.0,22.0,13.0,22.0,9.0,No clear directional edge.,MEDIUM
2026-07-02T22:53:56.393725+00:00,ETH/USDT,LONG,68.0,21.0,21.0,15.0,6.0,No clear directional edge.,FAR
2026-07-02T22:53:58.551173+00:00,BNB/USDT,SHORT,92.0,21.0,7.0,21.0,14.0,No clear directional edge.,VERY_CLOSE
2026-07-02T22:54:01.017778+00:00,LINK/USDT,LONG,74.0,18.0,18.0,10.0,8.0,No clear directional edge.,FAR
2026-07-02T22:54:04.950490+00:00,DOGE/USDT,SHORT,89.0,21.0,8.0,21.0,13.0,No clear directional edge.,CLOSE
2026-07-02T22:59:08.086607+00:00,BTC/USDT,SHORT,77.0,22.0,13.0,22.0,9.0,No clear directional edge.,MEDIUM
2026-07-02T22:59:09.326254+00:00,ETH/USDT,LONG,68.0,21.0,21.0,15.0,6.0,No clear directional edge.,FAR
2026-07-02T22:59:11.571314+00:00,BNB/USDT,SHORT,92.0,21.0,7.0,21.0,14.0,No clear directional edge.,VERY_CLOSE
2026-07-02T22:59:13.699450+00:00,LINK/USDT,LONG,74.0,18.0,18.0,10.0,8.0,No clear directional edge.,FAR
2026-07-02T22:59:16.864889+00:00,DOGE/USDT,SHORT,89.0,21.0,8.0,21.0,13.0,No clear directional edge.,CLOSE
2026-07-02T23:13:17.826463+00:00,BTC/USDT,SHORT,68.0,18.0,12.0,18.0,6.0,No clear directional edge.,FAR
2026-07-02T23:13:20.152770+00:00,SOL/USDT,LONG,65.0,18.0,18.0,13.0,5.0,No clear directional edge.,FAR
2026-07-02T23:13:21.793818+00:00,BNB/USDT,SHORT,92.0,21.0,7.0,21.0,14.0,No clear directional edge.,VERY_CLOSE
2026-07-02T23:13:23.601785+00:00,LINK/USDT,LONG,74.0,18.0,18.0,10.0,8.0,No clear directional edge.,FAR
2026-07-02T23:13:25.148823+00:00,AVAX/USDT,LONG,68.0,18.0,18.0,12.0,6.0,No clear directional edge.,FAR
2026-07-02T23:13:25.914341+00:00,DOGE/USDT,SHORT,89.0,21.0,8.0,21.0,13.0,No clear directional edge.,CLOSE
2026-07-02T23:18:28.888063+00:00,BTC/USDT,SHORT,68.0,18.0,12.0,18.0,6.0,No clear directional edge.,FAR
2026-07-02T23:18:32.937006+00:00,BNB/USDT,SHORT,92.0,21.0,7.0,21.0,14.0,No clear directional edge.,VERY_CLOSE
2026-07-02T23:18:34.911459+00:00,LINK/USDT,LONG,74.0,18.0,18.0,10.0,8.0,No clear directional edge.,FAR
2026-07-02T23:18:36.979726+00:00,AVAX/USDT,LONG,74.0,20.0,20.0,12.0,8.0,No clear directional edge.,FAR
2026-07-02T23:18:38.311571+00:00,DOGE/USDT,SHORT,89.0,21.0,8.0,21.0,13.0,No clear directional edge.,CLOSE
2026-07-02T23:22:22.318509+00:00,BTC/USDT,SHORT,68.0,18.0,12.0,18.0,6.0,No clear directional edge.,FAR
2026-07-02T23:22:24.839873+00:00,BNB/USDT,SHORT,92.0,21.0,7.0,21.0,14.0,No clear directional edge.,VERY_CLOSE
2026-07-02T23:22:26.374969+00:00,LINK/USDT,LONG,74.0,18.0,18.0,10.0,8.0,No clear directional edge.,FAR
2026-07-02T23:22:28.197853+00:00,AVAX/USDT,LONG,65.0,21.0,21.0,16.0,5.0,No clear directional edge.,FAR
2026-07-02T23:22:29.165258+00:00,DOGE/USDT,SHORT,89.0,21.0,8.0,21.0,13.0,No clear directional edge.,CLOSE
2026-07-02T23:27:31.512805+00:00,BTC/USDT,SHORT,77.0,22.0,13.0,22.0,9.0,No clear directional edge.,MEDIUM
2026-07-02T23:27:34.003038+00:00,BNB/USDT,SHORT,92.0,21.0,7.0,21.0,14.0,No clear directional edge.,VERY_CLOSE
2026-07-02T23:27:35.888678+00:00,LINK/USDT,LONG,71.0,18.0,18.0,11.0,7.0,No clear directional edge.,FAR
2026-07-02T23:27:37.793334+00:00,AVAX/USDT,LONG,65.0,21.0,21.0,16.0,5.0,No clear directional edge.,FAR
2026-07-02T23:27:38.775334+00:00,DOGE/USDT,SHORT,89.0,21.0,8.0,21.0,13.0,No clear directional edge.,CLOSE
2026-07-02T23:32:41.173258+00:00,BTC/USDT,SHORT,77.0,22.0,13.0,22.0,9.0,No clear directional edge.,MEDIUM
2026-07-02T23:32:42.177189+00:00,ETH/USDT,LONG,68.0,21.0,21.0,15.0,6.0,No clear directional edge.,FAR
2026-07-02T23:32:44.265342+00:00,BNB/USDT,SHORT,92.0,21.0,7.0,21.0,14.0,No clear directional edge.,VERY_CLOSE
2026-07-02T23:32:46.166349+00:00,LINK/USDT,LONG,71.0,18.0,18.0,11.0,7.0,No clear directional edge.,FAR
2026-07-02T23:32:48.162114+00:00,AVAX/USDT,LONG,65.0,21.0,21.0,16.0,5.0,No clear directional edge.,FAR
2026-07-02T23:32:48.958678+00:00,DOGE/USDT,SHORT,89.0,21.0,8.0,21.0,13.0,No clear directional edge.,CLOSE
2026-07-02T23:37:51.531200+00:00,BTC/USDT,SHORT,77.0,22.0,13.0,22.0,9.0,No clear directional edge.,MEDIUM
2026-07-02T23:37:53.460431+00:00,SOL/USDT,LONG,65.0,18.0,18.0,13.0,5.0,No clear directional edge.,FAR
2026-07-02T23:37:54.356421+00:00,BNB/USDT,SHORT,92.0,21.0,7.0,21.0,14.0,No clear directional edge.,VERY_CLOSE
2026-07-02T23:37:56.517062+00:00,LINK/USDT,LONG,71.0,18.0,18.0,11.0,7.0,No clear directional edge.,FAR
2026-07-02T23:37:58.525611+00:00,AVAX/USDT,LONG,65.0,21.0,21.0,16.0,5.0,No clear directional edge.,FAR
2026-07-02T23:37:59.346298+00:00,DOGE/USDT,SHORT,89.0,21.0,8.0,21.0,13.0,No clear directional edge.,CLOSE
2026-07-02T23:43:01.903598+00:00,BTC/USDT,SHORT,68.0,18.0,12.0,18.0,6.0,No clear directional edge.,FAR
2026-07-02T23:43:04.896218+00:00,BNB/USDT,SHORT,92.0,21.0,7.0,21.0,14.0,No clear directional edge.,VERY_CLOSE
2026-07-02T23:43:08.316879+00:00,LINK/USDT,LONG,71.0,18.0,18.0,11.0,7.0,No clear directional edge.,FAR
2026-07-02T23:43:10.690474+00:00,AVAX/USDT,LONG,65.0,21.0,21.0,16.0,5.0,No clear directional edge.,FAR
2026-07-02T23:43:11.547553+00:00,DOGE/USDT,SHORT,89.0,21.0,8.0,21.0,13.0,No clear directional edge.,CLOSE
2026-07-02T23:48:14.673913+00:00,BTC/USDT,SHORT,77.0,22.0,13.0,22.0,9.0,No clear directional edge.,MEDIUM
2026-07-02T23:48:18.373216+00:00,BNB/USDT,SHORT,92.0,21.0,7.0,21.0,14.0,No clear directional edge.,VERY_CLOSE
2026-07-02T23:48:20.400255+00:00,LINK/USDT,LONG,71.0,18.0,18.0,11.0,7.0,No clear directional edge.,FAR
2026-07-02T23:48:22.746440+00:00,AVAX/USDT,LONG,74.0,20.0,20.0,12.0,8.0,No clear directional edge.,FAR
2026-07-02T23:48:23.728621+00:00,DOGE/USDT,SHORT,89.0,21.0,8.0,21.0,13.0,No clear directional edge.,CLOSE
2026-07-02T23:53:26.609945+00:00,BTC/USDT,SHORT,77.0,22.0,13.0,22.0,9.0,No clear directional edge.,MEDIUM
2026-07-02T23:53:27.522121+00:00,ETH/USDT,LONG,68.0,21.0,21.0,15.0,6.0,No clear directional edge.,FAR
2026-07-02T23:53:29.443827+00:00,BNB/USDT,SHORT,92.0,21.0,7.0,21.0,14.0,No clear directional edge.,VERY_CLOSE
2026-07-02T23:53:31.370918+00:00,LINK/USDT,LONG,71.0,18.0,18.0,11.0,7.0,No clear directional edge.,FAR
2026-07-02T23:53:33.487043+00:00,AVAX/USDT,LONG,74.0,20.0,20.0,12.0,8.0,No clear directional edge.,FAR
2026-07-02T23:53:34.294293+00:00,DOGE/USDT,SHORT,89.0,21.0,8.0,21.0,13.0,No clear directional edge.,CLOSE
2026-07-02T23:58:36.613215+00:00,BTC/USDT,SHORT,77.0,22.0,13.0,22.0,9.0,No clear directional edge.,MEDIUM
2026-07-02T23:58:37.412424+00:00,ETH/USDT,LONG,68.0,21.0,21.0,15.0,6.0,No clear directional edge.,FAR
2026-07-02T23:58:39.616153+00:00,BNB/USDT,SHORT,92.0,21.0,7.0,21.0,14.0,No clear directional edge.,VERY_CLOSE
2026-07-02T23:58:41.811953+00:00,LINK/USDT,LONG,71.0,18.0,18.0,11.0,7.0,No clear directional edge.,FAR
2026-07-02T23:58:44.453986+00:00,AVAX/USDT,LONG,74.0,20.0,20.0,12.0,8.0,No clear directional edge.,FAR
2026-07-02T23:58:45.265205+00:00,DOGE/USDT,SHORT,89.0,21.0,8.0,21.0,13.0,No clear directional edge.,CLOSE
2026-07-03T00:03:47.481963+00:00,BTC/USDT,SHORT,68.0,18.0,12.0,18.0,6.0,No clear directional edge.,FAR
2026-07-03T00:03:51.928498+00:00,LINK/USDT,LONG,71.0,18.0,18.0,11.0,7.0,No clear directional edge.,FAR
2026-07-03T00:03:53.910321+00:00,AVAX/USDT,LONG,74.0,20.0,20.0,12.0,8.0,No clear directional edge.,FAR
2026-07-03T00:08:57.644593+00:00,BTC/USDT,SHORT,68.0,18.0,12.0,18.0,6.0,No clear directional edge.,FAR
2026-07-03T00:09:02.562118+00:00,LINK/USDT,LONG,71.0,18.0,18.0,11.0,7.0,No clear directional edge.,FAR
2026-07-03T00:09:04.570716+00:00,AVAX/USDT,LONG,74.0,20.0,20.0,12.0,8.0,No clear directional edge.,FAR
2026-07-03T00:14:07.738039+00:00,BTC/USDT,SHORT,68.0,18.0,12.0,18.0,6.0,No clear directional edge.,FAR
2026-07-03T00:14:12.239569+00:00,LINK/USDT,LONG,71.0,18.0,18.0,11.0,7.0,No clear directional edge.,FAR
2026-07-03T00:14:14.132571+00:00,AVAX/USDT,LONG,65.0,21.0,21.0,16.0,5.0,No clear directional edge.,FAR
2026-07-03T00:19:17.515708+00:00,BTC/USDT,SHORT,68.0,18.0,12.0,18.0,6.0,No clear directional edge.,FAR
2026-07-03T00:19:22.646603+00:00,LINK/USDT,LONG,71.0,18.0,18.0,11.0,7.0,No clear directional edge.,FAR
2026-07-03T00:19:24.741424+00:00,AVAX/USDT,LONG,74.0,20.0,20.0,12.0,8.0,No clear directional edge.,FAR
2026-07-03T00:24:28.221681+00:00,BTC/USDT,SHORT,68.0,18.0,12.0,18.0,6.0,No clear directional edge.,FAR
2026-07-03T00:24:32.991119+00:00,LINK/USDT,LONG,74.0,18.0,18.0,10.0,8.0,No clear directional edge.,FAR
2026-07-03T00:24:34.909757+00:00,AVAX/USDT,LONG,68.0,18.0,18.0,12.0,6.0,No clear directional edge.,FAR
2026-07-03T00:29:43.185202+00:00,LINK/USDT,LONG,74.0,18.0,18.0,10.0,8.0,No clear directional edge.,FAR
2026-07-03T00:29:45.100024+00:00,AVAX/USDT,LONG,68.0,18.0,18.0,12.0,6.0,No clear directional edge.,FAR
2026-07-03T00:34:50.901923+00:00,SOL/USDT,LONG,65.0,18.0,18.0,13.0,5.0,No clear directional edge.,FAR
2026-07-03T00:34:53.884732+00:00,LINK/USDT,LONG,74.0,18.0,18.0,10.0,8.0,No clear directional edge.,FAR
2026-07-03T00:34:56.826003+00:00,AVAX/USDT,LONG,68.0,18.0,18.0,12.0,6.0,No clear directional edge.,FAR
2026-07-03T00:40:01.661939+00:00,BTC/USDT,SHORT,68.0,18.0,12.0,18.0,6.0,No clear directional edge.,FAR
2026-07-03T00:40:07.937568+00:00,LINK/USDT,LONG,74.0,18.0,18.0,10.0,8.0,No clear directional edge.,FAR
2026-07-03T00:40:10.321874+00:00,AVAX/USDT,LONG,68.0,18.0,18.0,12.0,6.0,No clear directional edge.,FAR
2026-07-03T00:45:13.739571+00:00,BTC/USDT,SHORT,68.0,18.0,12.0,18.0,6.0,No clear directional edge.,FAR
2026-07-03T00:45:19.268235+00:00,LINK/USDT,LONG,74.0,18.0,18.0,10.0,8.0,No clear directional edge.,FAR
2026-07-03T00:45:21.181863+00:00,AVAX/USDT,LONG,68.0,18.0,18.0,12.0,6.0,No clear directional edge.,FAR
2026-07-03T00:50:24.760208+00:00,BTC/USDT,SHORT,68.0,18.0,12.0,18.0,6.0,No clear directional edge.,FAR
2026-07-03T00:50:32.473791+00:00,LINK/USDT,LONG,74.0,18.0,18.0,10.0,8.0,No clear directional edge.,FAR
2026-07-03T00:50:35.272583+00:00,AVAX/USDT,LONG,68.0,18.0,18.0,12.0,6.0,No clear directional edge.,FAR
2026-07-03T00:55:39.805450+00:00,BTC/USDT,SHORT,68.0,18.0,12.0,18.0,6.0,No clear directional edge.,FAR
2026-07-03T00:55:46.230095+00:00,LINK/USDT,LONG,74.0,18.0,18.0,10.0,8.0,No clear directional edge.,FAR
2026-07-03T00:55:48.353610+00:00,AVAX/USDT,LONG,68.0,18.0,18.0,12.0,6.0,No clear directional edge.,FAR
2026-07-03T01:00:57.629286+00:00,LINK/USDT,LONG,74.0,18.0,18.0,10.0,8.0,No clear directional edge.,FAR
2026-07-03T01:00:59.611964+00:00,AVAX/USDT,LONG,68.0,18.0,18.0,12.0,6.0,No clear directional edge.,FAR
2026-07-03T01:06:03.823526+00:00,BTC/USDT,SHORT,68.0,18.0,12.0,18.0,6.0,No clear directional edge.,FAR
2026-07-03T01:06:09.726076+00:00,LINK/USDT,LONG,71.0,18.0,18.0,11.0,7.0,No clear directional edge.,FAR
2026-07-03T01:06:12.333461+00:00,AVAX/USDT,LONG,65.0,21.0,21.0,16.0,5.0,No clear directional edge.,FAR
2026-07-03T01:11:17.233991+00:00,BTC/USDT,SHORT,77.0,22.0,13.0,22.0,9.0,No clear directional edge.,MEDIUM
2026-07-03T01:11:23.462773+00:00,LINK/USDT,LONG,71.0,18.0,18.0,11.0,7.0,No clear directional edge.,FAR
2026-07-03T01:11:25.632463+00:00,AVAX/USDT,LONG,65.0,21.0,21.0,16.0,5.0,No clear directional edge.,FAR
2026-07-03T01:16:28.978520+00:00,BTC/USDT,SHORT,77.0,22.0,13.0,22.0,9.0,No clear directional edge.,MEDIUM
2026-07-03T01:16:36.402293+00:00,AVAX/USDT,LONG,65.0,21.0,21.0,16.0,5.0,No clear directional edge.,FAR
2026-07-03T01:16:37.305910+00:00,DOGE/USDT,SHORT,65.0,18.0,13.0,18.0,5.0,No clear directional edge.,FAR
2026-07-03T01:21:40.729971+00:00,BTC/USDT,SHORT,77.0,22.0,13.0,22.0,9.0,No clear directional edge.,MEDIUM
2026-07-03T01:21:47.747339+00:00,ADA/USDT,LONG,62.0,21.0,21.0,17.0,4.0,No clear directional edge.,FAR
2026-07-03T01:21:48.847868+00:00,AVAX/USDT,LONG,65.0,21.0,21.0,16.0,5.0,No clear directional edge.,FAR
2026-07-03T01:21:49.964489+00:00,DOGE/USDT,SHORT,74.0,22.0,14.0,22.0,8.0,No clear directional edge.,FAR
2026-07-03T01:26:53.732411+00:00,BTC/USDT,SHORT,77.0,22.0,13.0,22.0,9.0,No clear directional edge.,MEDIUM
2026-07-03T01:27:01.543916+00:00,ADA/USDT,LONG,62.0,21.0,21.0,17.0,4.0,No clear directional edge.,FAR
2026-07-03T01:27:02.649685+00:00,AVAX/USDT,LONG,65.0,21.0,21.0,16.0,5.0,No clear directional edge.,FAR
2026-07-03T01:27:03.554219+00:00,DOGE/USDT,SHORT,74.0,22.0,14.0,22.0,8.0,No clear directional edge.,FAR
2026-07-03T01:32:07.437487+00:00,BTC/USDT,SHORT,77.0,22.0,13.0,22.0,9.0,No clear directional edge.,MEDIUM
2026-07-03T01:32:13.425454+00:00,ADA/USDT,LONG,62.0,21.0,21.0,17.0,4.0,No clear directional edge.,FAR
2026-07-03T01:32:15.240005+00:00,DOGE/USDT,SHORT,74.0,22.0,14.0,22.0,8.0,No clear directional edge.,FAR
2026-07-03T01:37:18.544605+00:00,BTC/USDT,SHORT,77.0,22.0,13.0,22.0,9.0,No clear directional edge.,MEDIUM
2026-07-03T01:37:21.742497+00:00,BNB/USDT,SHORT,71.0,20.0,13.0,20.0,7.0,No clear directional edge.,FAR
2026-07-03T01:37:22.760130+00:00,XRP/USDT,SHORT,77.0,22.0,13.0,22.0,9.0,No clear directional edge.,MEDIUM
2026-07-03T01:37:25.482716+00:00,ADA/USDT,LONG,62.0,21.0,21.0,17.0,4.0,No clear directional edge.,FAR
2026-07-03T01:37:27.666787+00:00,DOGE/USDT,SHORT,74.0,22.0,14.0,22.0,8.0,No clear directional edge.,FAR
2026-07-03T01:42:31.020971+00:00,BTC/USDT,SHORT,77.0,22.0,13.0,22.0,9.0,No clear directional edge.,MEDIUM
2026-07-03T01:42:34.337950+00:00,BNB/USDT,SHORT,77.0,22.0,13.0,22.0,9.0,No clear directional edge.,MEDIUM
2026-07-03T01:42:36.211009+00:00,XRP/USDT,SHORT,77.0,22.0,13.0,22.0,9.0,No clear directional edge.,MEDIUM
2026-07-03T01:42:38.803960+00:00,ADA/USDT,LONG,62.0,21.0,21.0,17.0,4.0,No clear directional edge.,FAR
2026-07-03T01:42:41.030810+00:00,DOGE/USDT,SHORT,74.0,22.0,14.0,22.0,8.0,No clear directional edge.,FAR
2026-07-03T01:47:44.454228+00:00,BTC/USDT,SHORT,77.0,22.0,13.0,22.0,9.0,No clear directional edge.,MEDIUM
2026-07-03T01:47:47.709197+00:00,BNB/USDT,SHORT,77.0,22.0,13.0,22.0,9.0,No clear directional edge.,MEDIUM
2026-07-03T01:47:48.516288+00:00,XRP/USDT,SHORT,71.0,20.0,13.0,20.0,7.0,No clear directional edge.,FAR
2026-07-03T01:47:50.526763+00:00,ADA/USDT,LONG,62.0,21.0,21.0,17.0,4.0,No clear directional edge.,FAR
2026-07-03T01:47:52.431330+00:00,DOGE/USDT,SHORT,74.0,22.0,14.0,22.0,8.0,No clear directional edge.,FAR
2026-07-03T01:52:56.861703+00:00,BTC/USDT,SHORT,77.0,22.0,13.0,22.0,9.0,No clear directional edge.,MEDIUM
2026-07-03T01:53:00.682693+00:00,BNB/USDT,SHORT,77.0,22.0,13.0,22.0,9.0,No clear directional edge.,MEDIUM
2026-07-03T01:53:01.751958+00:00,XRP/USDT,SHORT,71.0,20.0,13.0,20.0,7.0,No clear directional edge.,FAR
2026-07-03T01:53:03.818562+00:00,ADA/USDT,LONG,62.0,21.0,21.0,17.0,4.0,No clear directional edge.,FAR
2026-07-03T01:53:05.634737+00:00,DOGE/USDT,SHORT,77.0,23.0,14.0,23.0,9.0,No clear directional edge.,MEDIUM
2026-07-03T01:58:08.996663+00:00,BTC/USDT,SHORT,77.0,22.0,13.0,22.0,9.0,No clear directional edge.,MEDIUM
2026-07-03T01:58:11.979539+00:00,BNB/USDT,SHORT,77.0,22.0,13.0,22.0,9.0,No clear directional edge.,MEDIUM
2026-07-03T01:58:12.805308+00:00,XRP/USDT,SHORT,77.0,22.0,13.0,22.0,9.0,No clear directional edge.,MEDIUM
2026-07-03T01:58:14.767027+00:00,ADA/USDT,LONG,62.0,21.0,21.0,17.0,4.0,No clear directional edge.,FAR
2026-07-03T01:58:16.618112+00:00,DOGE/USDT,SHORT,74.0,22.0,14.0,22.0,8.0,No clear directional edge.,FAR
2026-07-03T02:03:20.148983+00:00,BTC/USDT,SHORT,77.0,22.0,13.0,22.0,9.0,No clear directional edge.,MEDIUM
2026-07-03T02:03:23.122929+00:00,BNB/USDT,SHORT,77.0,22.0,13.0,22.0,9.0,No clear directional edge.,MEDIUM
2026-07-03T02:03:23.977712+00:00,XRP/USDT,SHORT,77.0,22.0,13.0,22.0,9.0,No clear directional edge.,MEDIUM
2026-07-03T02:03:26.089841+00:00,ADA/USDT,LONG,62.0,21.0,21.0,17.0,4.0,No clear directional edge.,FAR
2026-07-03T02:03:28.288731+00:00,DOGE/USDT,SHORT,74.0,22.0,14.0,22.0,8.0,No clear directional edge.,FAR
2026-07-03T02:08:31.345230+00:00,BTC/USDT,SHORT,77.0,22.0,13.0,22.0,9.0,No clear directional edge.,MEDIUM
2026-07-03T02:08:34.182687+00:00,BNB/USDT,SHORT,71.0,20.0,13.0,20.0,7.0,No clear directional edge.,FAR
2026-07-03T02:08:34.992402+00:00,XRP/USDT,SHORT,71.0,20.0,13.0,20.0,7.0,No clear directional edge.,FAR
2026-07-03T02:08:37.002693+00:00,ADA/USDT,LONG,62.0,21.0,21.0,17.0,4.0,No clear directional edge.,FAR
2026-07-03T02:08:38.833866+00:00,DOGE/USDT,SHORT,74.0,22.0,14.0,22.0,8.0,No clear directional edge.,FAR
2026-07-03T02:13:42.093385+00:00,BTC/USDT,SHORT,77.0,22.0,13.0,22.0,9.0,No clear directional edge.,MEDIUM
2026-07-03T02:13:47.948527+00:00,ADA/USDT,LONG,62.0,21.0,21.0,17.0,4.0,No clear directional edge.,FAR
2026-07-03T02:13:49.788285+00:00,DOGE/USDT,SHORT,74.0,22.0,14.0,22.0,8.0,No clear directional edge.,FAR
2026-07-03T02:18:53.239413+00:00,BTC/USDT,SHORT,77.0,22.0,13.0,22.0,9.0,No clear directional edge.,MEDIUM
2026-07-03T02:18:56.175517+00:00,BNB/USDT,SHORT,71.0,20.0,13.0,20.0,7.0,No clear directional edge.,FAR
2026-07-03T02:19:00.121012+00:00,ADA/USDT,LONG,62.0,21.0,21.0,17.0,4.0,No clear directional edge.,FAR
2026-07-03T02:19:03.316124+00:00,DOGE/USDT,SHORT,74.0,22.0,14.0,22.0,8.0,No clear directional edge.,FAR
2026-07-03T02:24:06.386756+00:00,BTC/USDT,SHORT,77.0,22.0,13.0,22.0,9.0,No clear directional edge.,MEDIUM
2026-07-03T02:24:08.998940+00:00,BNB/USDT,SHORT,77.0,22.0,13.0,22.0,9.0,No clear directional edge.,MEDIUM
2026-07-03T02:24:09.896127+00:00,XRP/USDT,SHORT,71.0,20.0,13.0,20.0,7.0,No clear directional edge.,FAR
2026-07-03T02:24:12.998695+00:00,ADA/USDT,LONG,62.0,21.0,21.0,17.0,4.0,No clear directional edge.,FAR
2026-07-03T02:24:15.703844+00:00,DOGE/USDT,SHORT,74.0,22.0,14.0,22.0,8.0,No clear directional edge.,FAR
2026-07-03T02:29:18.990672+00:00,BTC/USDT,SHORT,68.0,18.0,12.0,18.0,6.0,No clear directional edge.,FAR
2026-07-03T02:29:23.721865+00:00,LINK/USDT,LONG,71.0,18.0,18.0,11.0,7.0,No clear directional edge.,FAR
2026-07-03T02:29:24.726036+00:00,ADA/USDT,LONG,62.0,21.0,21.0,17.0,4.0,No clear directional edge.,FAR
2026-07-03T02:29:26.531665+00:00,DOGE/USDT,SHORT,74.0,22.0,14.0,22.0,8.0,No clear directional edge.,FAR
2026-07-03T02:34:29.793143+00:00,BTC/USDT,SHORT,68.0,18.0,12.0,18.0,6.0,No clear directional edge.,FAR
2026-07-03T02:34:35.592686+00:00,ADA/USDT,LONG,62.0,21.0,21.0,17.0,4.0,No clear directional edge.,FAR
2026-07-03T02:34:37.455657+00:00,DOGE/USDT,SHORT,74.0,22.0,14.0,22.0,8.0,No clear directional edge.,FAR
2026-07-03T02:39:40.895179+00:00,BTC/USDT,SHORT,68.0,18.0,12.0,18.0,6.0,No clear directional edge.,FAR
2026-07-03T02:39:46.756417+00:00,ADA/USDT,LONG,62.0,21.0,21.0,17.0,4.0,No clear directional edge.,FAR
2026-07-03T02:39:48.574374+00:00,DOGE/USDT,SHORT,74.0,22.0,14.0,22.0,8.0,No clear directional edge.,FAR
2026-07-03T02:44:51.832120+00:00,BTC/USDT,SHORT,68.0,18.0,12.0,18.0,6.0,No clear directional edge.,FAR
2026-07-03T02:44:58.027316+00:00,LINK/USDT,LONG,71.0,18.0,18.0,11.0,7.0,No clear directional edge.,FAR
2026-07-03T02:44:59.034424+00:00,ADA/USDT,LONG,62.0,21.0,21.0,17.0,4.0,No clear directional edge.,FAR
2026-07-03T02:45:01.014397+00:00,DOGE/USDT,SHORT,74.0,22.0,14.0,22.0,8.0,No clear directional edge.,FAR
2026-07-03T02:50:04.312700+00:00,BTC/USDT,SHORT,68.0,18.0,12.0,18.0,6.0,No clear directional edge.,FAR
2026-07-03T02:50:09.033838+00:00,LINK/USDT,LONG,71.0,18.0,18.0,11.0,7.0,No clear directional edge.,FAR
2026-07-03T02:50:09.937733+00:00,ADA/USDT,LONG,62.0,21.0,21.0,17.0,4.0,No clear directional edge.,FAR
2026-07-03T02:50:11.745251+00:00,DOGE/USDT,SHORT,74.0,22.0,14.0,22.0,8.0,No clear directional edge.,FAR
2026-07-03T02:55:15.100040+00:00,BTC/USDT,SHORT,68.0,18.0,12.0,18.0,6.0,No clear directional edge.,FAR
2026-07-03T02:55:17.815112+00:00,BNB/USDT,SHORT,71.0,20.0,13.0,20.0,7.0,No clear directional edge.,FAR
2026-07-03T02:55:21.474828+00:00,ADA/USDT,LONG,62.0,21.0,21.0,17.0,4.0,No clear directional edge.,FAR
2026-07-03T02:55:24.677207+00:00,DOGE/USDT,SHORT,74.0,22.0,14.0,22.0,8.0,No clear directional edge.,FAR
2026-07-03T03:00:28.219035+00:00,BTC/USDT,SHORT,68.0,18.0,12.0,18.0,6.0,No clear directional edge.,FAR
2026-07-03T03:00:33.246411+00:00,BNB/USDT,SHORT,71.0,20.0,13.0,20.0,7.0,No clear directional edge.,FAR
2026-07-03T03:00:36.465929+00:00,ADA/USDT,LONG,62.0,21.0,21.0,17.0,4.0,No clear directional edge.,FAR
2026-07-03T03:00:38.577544+00:00,DOGE/USDT,SHORT,74.0,22.0,14.0,22.0,8.0,No clear directional edge.,FAR
2026-07-03T03:05:41.787492+00:00,BTC/USDT,SHORT,68.0,18.0,12.0,18.0,6.0,No clear directional edge.,FAR
2026-07-03T03:05:47.010186+00:00,ADA/USDT,LONG,62.0,21.0,21.0,17.0,4.0,No clear directional edge.,FAR
2026-07-03T03:05:48.867183+00:00,DOGE/USDT,SHORT,74.0,22.0,14.0,22.0,8.0,No clear directional edge.,FAR
2026-07-03T03:10:52.241107+00:00,BTC/USDT,SHORT,68.0,18.0,12.0,18.0,6.0,No clear directional edge.,FAR
2026-07-03T03:10:53.942385+00:00,SOL/USDT,LONG,65.0,18.0,18.0,13.0,5.0,No clear directional edge.,FAR
2026-07-03T03:10:56.619700+00:00,LINK/USDT,LONG,71.0,18.0,18.0,11.0,7.0,No clear directional edge.,FAR
2026-07-03T03:10:58.281029+00:00,ADA/USDT,LONG,62.0,21.0,21.0,17.0,4.0,No clear directional edge.,FAR
2026-07-03T03:10:59.830992+00:00,AVAX/USDT,LONG,65.0,21.0,21.0,16.0,5.0,No clear directional edge.,FAR
2026-07-03T03:11:00.621311+00:00,DOGE/USDT,SHORT,65.0,18.0,13.0,18.0,5.0,No clear directional edge.,FAR
2026-07-03T03:16:04.245845+00:00,BTC/USDT,SHORT,68.0,18.0,12.0,18.0,6.0,No clear directional edge.,FAR
2026-07-03T03:16:07.686194+00:00,SOL/USDT,LONG,65.0,18.0,18.0,13.0,5.0,No clear directional edge.,FAR
2026-07-03T03:16:10.861279+00:00,LINK/USDT,LONG,71.0,18.0,18.0,11.0,7.0,No clear directional edge.,FAR
2026-07-03T03:16:11.788835+00:00,ADA/USDT,LONG,62.0,21.0,21.0,17.0,4.0,No clear directional edge.,FAR
2026-07-03T03:16:12.814169+00:00,AVAX/USDT,LONG,65.0,21.0,21.0,16.0,5.0,No clear directional edge.,FAR
2026-07-03T03:16:14.136010+00:00,DOGE/USDT,SHORT,65.0,18.0,13.0,18.0,5.0,No clear directional edge.,FAR
2026-07-03T03:21:17.469543+00:00,BTC/USDT,SHORT,77.0,22.0,13.0,22.0,9.0,No clear directional edge.,MEDIUM
2026-07-03T03:21:20.766917+00:00,BNB/USDT,SHORT,71.0,20.0,13.0,20.0,7.0,No clear directional edge.,FAR
2026-07-03T03:21:24.188507+00:00,ADA/USDT,LONG,62.0,21.0,21.0,17.0,4.0,No clear directional edge.,FAR
2026-07-03T03:21:26.127458+00:00,DOGE/USDT,SHORT,74.0,22.0,14.0,22.0,8.0,No clear directional edge.,FAR
2026-07-03T03:26:29.342043+00:00,BTC/USDT,SHORT,77.0,22.0,13.0,22.0,9.0,No clear directional edge.,MEDIUM
2026-07-03T03:26:32.463966+00:00,BNB/USDT,SHORT,77.0,22.0,13.0,22.0,9.0,No clear directional edge.,MEDIUM
2026-07-03T03:26:35.295456+00:00,ADA/USDT,LONG,62.0,21.0,21.0,17.0,4.0,No clear directional edge.,FAR
2026-07-03T03:26:37.126585+00:00,DOGE/USDT,SHORT,74.0,22.0,14.0,22.0,8.0,No clear directional edge.,FAR
2026-07-03T03:31:40.202804+00:00,BTC/USDT,SHORT,77.0,22.0,13.0,22.0,9.0,No clear directional edge.,MEDIUM
2026-07-03T03:31:42.852530+00:00,BNB/USDT,SHORT,77.0,22.0,13.0,22.0,9.0,No clear directional edge.,MEDIUM
2026-07-03T03:31:45.618261+00:00,ADA/USDT,LONG,62.0,21.0,21.0,17.0,4.0,No clear directional edge.,FAR
2026-07-03T03:31:47.380312+00:00,DOGE/USDT,SHORT,74.0,22.0,14.0,22.0,8.0,No clear directional edge.,FAR
2026-07-03T03:36:50.936724+00:00,BTC/USDT,SHORT,77.0,22.0,13.0,22.0,9.0,No clear directional edge.,MEDIUM
2026-07-03T03:36:53.777893+00:00,BNB/USDT,SHORT,71.0,20.0,13.0,20.0,7.0,No clear directional edge.,FAR
2026-07-03T03:36:56.987922+00:00,ADA/USDT,LONG,62.0,21.0,21.0,17.0,4.0,No clear directional edge.,FAR
2026-07-03T03:36:59.195805+00:00,DOGE/USDT,SHORT,74.0,22.0,14.0,22.0,8.0,No clear directional edge.,FAR
2026-07-03T03:42:02.492266+00:00,BTC/USDT,SHORT,68.0,18.0,12.0,18.0,6.0,No clear directional edge.,FAR
2026-07-03T03:42:07.444981+00:00,LINK/USDT,LONG,71.0,18.0,18.0,11.0,7.0,No clear directional edge.,FAR
2026-07-03T03:42:08.350420+00:00,ADA/USDT,LONG,62.0,21.0,21.0,17.0,4.0,No clear directional edge.,FAR
2026-07-03T03:42:10.066152+00:00,DOGE/USDT,SHORT,74.0,22.0,14.0,22.0,8.0,No clear directional edge.,FAR
2026-07-03T03:47:13.262561+00:00,BTC/USDT,SHORT,68.0,18.0,12.0,18.0,6.0,No clear directional edge.,FAR
2026-07-03T03:47:17.587580+00:00,LINK/USDT,LONG,65.0,18.0,18.0,13.0,5.0,No clear directional edge.,FAR
2026-07-03T03:47:18.737134+00:00,ADA/USDT,LONG,62.0,21.0,21.0,17.0,4.0,No clear directional edge.,FAR
2026-07-03T03:47:21.100035+00:00,DOGE/USDT,SHORT,74.0,22.0,14.0,22.0,8.0,No clear directional edge.,FAR
2026-07-03T03:52:24.317539+00:00,BTC/USDT,SHORT,68.0,18.0,12.0,18.0,6.0,No clear directional edge.,FAR
2026-07-03T03:52:29.661143+00:00,ADA/USDT,LONG,62.0,21.0,21.0,17.0,4.0,No clear directional edge.,FAR
2026-07-03T03:52:31.577141+00:00,DOGE/USDT,SHORT,74.0,22.0,14.0,22.0,8.0,No clear directional edge.,FAR
2026-07-03T03:57:35.025685+00:00,BTC/USDT,SHORT,68.0,18.0,12.0,18.0,6.0,No clear directional edge.,FAR
2026-07-03T03:57:43.026747+00:00,ADA/USDT,LONG,62.0,21.0,21.0,17.0,4.0,No clear directional edge.,FAR
2026-07-03T03:57:45.273259+00:00,DOGE/USDT,SHORT,74.0,22.0,14.0,22.0,8.0,No clear directional edge.,FAR
2026-07-03T04:02:48.628704+00:00,BTC/USDT,SHORT,68.0,18.0,12.0,18.0,6.0,No clear directional edge.,FAR
2026-07-03T04:02:54.703480+00:00,LINK/USDT,LONG,71.0,18.0,18.0,11.0,7.0,No clear directional edge.,FAR
2026-07-03T04:02:57.049238+00:00,ADA/USDT,LONG,62.0,21.0,21.0,17.0,4.0,No clear directional edge.,FAR
2026-07-03T04:08:04.125757+00:00,BTC/USDT,SHORT,68.0,18.0,12.0,18.0,6.0,No clear directional edge.,FAR
2026-07-03T04:08:09.679211+00:00,LINK/USDT,LONG,74.0,18.0,18.0,10.0,8.0,No clear directional edge.,FAR
2026-07-03T04:08:10.585044+00:00,ADA/USDT,LONG,68.0,21.0,21.0,15.0,6.0,No clear directional edge.,FAR
2026-07-03T04:08:11.583258+00:00,AVAX/USDT,LONG,65.0,21.0,21.0,16.0,5.0,No clear directional edge.,FAR
2026-07-03T04:08:12.400465+00:00,DOGE/USDT,SHORT,74.0,22.0,14.0,22.0,8.0,No clear directional edge.,FAR
2026-07-03T04:13:15.661511+00:00,BTC/USDT,SHORT,68.0,18.0,12.0,18.0,6.0,No clear directional edge.,FAR
2026-07-03T04:13:20.739088+00:00,LINK/USDT,LONG,74.0,18.0,18.0,10.0,8.0,No clear directional edge.,FAR
2026-07-03T04:13:21.637826+00:00,ADA/USDT,LONG,68.0,21.0,21.0,15.0,6.0,No clear directional edge.,FAR
2026-07-03T04:13:22.636417+00:00,AVAX/USDT,LONG,65.0,21.0,21.0,16.0,5.0,No clear directional edge.,FAR
2026-07-03T04:13:23.449793+00:00,DOGE/USDT,SHORT,74.0,22.0,14.0,22.0,8.0,No clear directional edge.,FAR
2026-07-03T04:18:26.661145+00:00,BTC/USDT,SHORT,68.0,18.0,12.0,18.0,6.0,No clear directional edge.,FAR
2026-07-03T04:18:28.682657+00:00,SOL/USDT,LONG,65.0,18.0,18.0,13.0,5.0,No clear directional edge.,FAR
2026-07-03T04:18:32.449963+00:00,LINK/USDT,LONG,74.0,18.0,18.0,10.0,8.0,No clear directional edge.,FAR
2026-07-03T04:18:33.351151+00:00,ADA/USDT,LONG,68.0,21.0,21.0,15.0,6.0,No clear directional edge.,FAR
2026-07-03T04:18:34.352134+00:00,AVAX/USDT,LONG,65.0,21.0,21.0,16.0,5.0,No clear directional edge.,FAR
2026-07-03T04:18:35.257167+00:00,DOGE/USDT,SHORT,74.0,22.0,14.0,22.0,8.0,No clear directional edge.,FAR
2026-07-03T04:23:39.059074+00:00,BTC/USDT,SHORT,68.0,18.0,12.0,18.0,6.0,No clear directional edge.,FAR
2026-07-03T04:23:44.932974+00:00,LINK/USDT,LONG,74.0,18.0,18.0,10.0,8.0,No clear directional edge.,FAR
2026-07-03T04:23:45.749906+00:00,ADA/USDT,LONG,68.0,21.0,21.0,15.0,6.0,No clear directional edge.,FAR
2026-07-03T04:23:46.760748+00:00,AVAX/USDT,LONG,65.0,21.0,21.0,16.0,5.0,No clear directional edge.,FAR
2026-07-03T04:23:47.748734+00:00,DOGE/USDT,SHORT,74.0,22.0,14.0,22.0,8.0,No clear directional edge.,FAR
2026-07-03T04:28:50.948554+00:00,BTC/USDT,SHORT,68.0,18.0,12.0,18.0,6.0,No clear directional edge.,FAR
2026-07-03T04:28:55.822497+00:00,LINK/USDT,LONG,74.0,18.0,18.0,10.0,8.0,No clear directional edge.,FAR
2026-07-03T04:28:56.725559+00:00,ADA/USDT,LONG,68.0,21.0,21.0,15.0,6.0,No clear directional edge.,FAR
2026-07-03T04:28:58.229855+00:00,AVAX/USDT,LONG,65.0,21.0,21.0,16.0,5.0,No clear directional edge.,FAR
2026-07-03T04:28:59.141136+00:00,DOGE/USDT,SHORT,65.0,18.0,13.0,18.0,5.0,No clear directional edge.,FAR
2026-07-03T04:34:02.320598+00:00,BTC/USDT,SHORT,68.0,18.0,12.0,18.0,6.0,No clear directional edge.,FAR
2026-07-03T04:34:08.495252+00:00,LINK/USDT,LONG,74.0,18.0,18.0,10.0,8.0,No clear directional edge.,FAR
2026-07-03T04:34:09.892814+00:00,ADA/USDT,LONG,68.0,21.0,21.0,15.0,6.0,No clear directional edge.,FAR
2026-07-03T04:34:11.107544+00:00,AVAX/USDT,LONG,65.0,21.0,21.0,16.0,5.0,No clear directional edge.,FAR
2026-07-03T04:34:11.914068+00:00,DOGE/USDT,SHORT,65.0,18.0,13.0,18.0,5.0,No clear directional edge.,FAR
2026-07-03T04:39:15.317225+00:00,BTC/USDT,SHORT,68.0,18.0,12.0,18.0,6.0,No clear directional edge.,FAR
2026-07-03T04:39:19.768158+00:00,LINK/USDT,LONG,74.0,18.0,18.0,10.0,8.0,No clear directional edge.,FAR
2026-07-03T04:39:20.683485+00:00,ADA/USDT,LONG,68.0,21.0,21.0,15.0,6.0,No clear directional edge.,FAR
2026-07-03T04:39:21.667779+00:00,AVAX/USDT,LONG,65.0,21.0,21.0,16.0,5.0,No clear directional edge.,FAR
2026-07-03T04:39:22.550804+00:00,DOGE/USDT,SHORT,74.0,22.0,14.0,22.0,8.0,No clear directional edge.,FAR
2026-07-03T04:44:26.000994+00:00,BTC/USDT,SHORT,68.0,18.0,12.0,18.0,6.0,No clear directional edge.,FAR
2026-07-03T04:44:32.356266+00:00,LINK/USDT,LONG,74.0,18.0,18.0,10.0,8.0,No clear directional edge.,FAR
2026-07-03T04:44:33.253035+00:00,ADA/USDT,LONG,68.0,21.0,21.0,15.0,6.0,No clear directional edge.,FAR
2026-07-03T04:44:34.318800+00:00,AVAX/USDT,LONG,65.0,21.0,21.0,16.0,5.0,No clear directional edge.,FAR
2026-07-03T04:44:35.700057+00:00,DOGE/USDT,SHORT,74.0,22.0,14.0,22.0,8.0,No clear directional edge.,FAR
2026-07-03T04:49:38.600363+00:00,BTC/USDT,SHORT,68.0,18.0,12.0,18.0,6.0,No clear directional edge.,FAR
2026-07-03T04:49:43.816451+00:00,LINK/USDT,LONG,74.0,18.0,18.0,10.0,8.0,No clear directional edge.,FAR
2026-07-03T04:49:45.808583+00:00,ADA/USDT,LONG,68.0,21.0,21.0,15.0,6.0,No clear directional edge.,FAR
2026-07-03T04:49:47.316992+00:00,AVAX/USDT,LONG,65.0,21.0,21.0,16.0,5.0,No clear directional edge.,FAR
2026-07-03T04:49:48.296297+00:00,DOGE/USDT,SHORT,65.0,18.0,13.0,18.0,5.0,No clear directional edge.,FAR
2026-07-03T04:54:52.479026+00:00,BTC/USDT,SHORT,68.0,18.0,12.0,18.0,6.0,No clear directional edge.,FAR
2026-07-03T04:54:55.325179+00:00,SOL/USDT,LONG,65.0,18.0,18.0,13.0,5.0,No clear directional edge.,FAR
2026-07-03T04:54:59.369297+00:00,LINK/USDT,LONG,74.0,18.0,18.0,10.0,8.0,No clear directional edge.,FAR
2026-07-03T04:55:00.652813+00:00,ADA/USDT,LONG,68.0,21.0,21.0,15.0,6.0,No clear directional edge.,FAR
2026-07-03T04:55:01.570677+00:00,AVAX/USDT,LONG,65.0,21.0,21.0,16.0,5.0,No clear directional edge.,FAR
2026-07-03T04:55:02.378862+00:00,DOGE/USDT,SHORT,65.0,18.0,13.0,18.0,5.0,No clear directional edge.,FAR
2026-07-03T05:00:07.667189+00:00,SOL/USDT,LONG,74.0,22.0,22.0,14.0,8.0,No clear directional edge.,FAR
2026-07-03T05:00:10.750404+00:00,LINK/USDT,LONG,74.0,18.0,18.0,10.0,8.0,No clear directional edge.,FAR
2026-07-03T05:00:11.649375+00:00,ADA/USDT,LONG,77.0,20.0,20.0,11.0,9.0,No clear directional edge.,MEDIUM
2026-07-03T05:00:12.650198+00:00,AVAX/USDT,LONG,74.0,20.0,20.0,12.0,8.0,No clear directional edge.,FAR
2026-07-03T05:00:13.452484+00:00,DOGE/USDT,SHORT,65.0,18.0,13.0,18.0,5.0,No clear directional edge.,FAR
2026-07-03T05:05:16.778554+00:00,BTC/USDT,SHORT,68.0,18.0,12.0,18.0,6.0,No clear directional edge.,FAR
2026-07-03T05:05:21.705743+00:00,LINK/USDT,LONG,74.0,18.0,18.0,10.0,8.0,No clear directional edge.,FAR
2026-07-03T05:05:23.695711+00:00,ADA/USDT,LONG,77.0,20.0,20.0,11.0,9.0,No clear directional edge.,MEDIUM
2026-07-03T05:05:25.342798+00:00,AVAX/USDT,LONG,65.0,21.0,21.0,16.0,5.0,No clear directional edge.,FAR
2026-07-03T05:05:26.170059+00:00,DOGE/USDT,SHORT,65.0,18.0,13.0,18.0,5.0,No clear directional edge.,FAR
2026-07-03T05:10:29.311064+00:00,BTC/USDT,SHORT,68.0,18.0,12.0,18.0,6.0,No clear directional edge.,FAR
2026-07-03T05:10:34.427067+00:00,XRP/USDT,SHORT,68.0,18.0,12.0,18.0,6.0,No clear directional edge.,FAR
2026-07-03T05:10:35.439592+00:00,LINK/USDT,LONG,74.0,18.0,18.0,10.0,8.0,No clear directional edge.,FAR
2026-07-03T05:10:36.834727+00:00,ADA/USDT,LONG,77.0,20.0,20.0,11.0,9.0,No clear directional edge.,MEDIUM
2026-07-03T05:10:37.733766+00:00,AVAX/USDT,LONG,65.0,21.0,21.0,16.0,5.0,No clear directional edge.,FAR
2026-07-03T05:10:38.541228+00:00,DOGE/USDT,SHORT,65.0,18.0,13.0,18.0,5.0,No clear directional edge.,FAR
2026-07-03T05:15:41.945467+00:00,BTC/USDT,SHORT,68.0,18.0,12.0,18.0,6.0,No clear directional edge.,FAR
2026-07-03T05:15:45.852858+00:00,XRP/USDT,SHORT,68.0,18.0,12.0,18.0,6.0,No clear directional edge.,FAR
2026-07-03T05:15:46.854520+00:00,LINK/USDT,LONG,74.0,18.0,18.0,10.0,8.0,No clear directional edge.,FAR
2026-07-03T05:15:47.754572+00:00,ADA/USDT,LONG,77.0,20.0,20.0,11.0,9.0,No clear directional edge.,MEDIUM
2026-07-03T05:15:48.748046+00:00,AVAX/USDT,LONG,65.0,21.0,21.0,16.0,5.0,No clear directional edge.,FAR
2026-07-03T05:15:49.545455+00:00,DOGE/USDT,SHORT,65.0,18.0,13.0,18.0,5.0,No clear directional edge.,FAR
2026-07-03T05:20:52.979300+00:00,BTC/USDT,SHORT,68.0,18.0,12.0,18.0,6.0,No clear directional edge.,FAR
2026-07-03T05:20:55.885177+00:00,BNB/USDT,SHORT,68.0,18.0,12.0,18.0,6.0,No clear directional edge.,FAR
2026-07-03T05:20:56.791344+00:00,XRP/USDT,SHORT,68.0,18.0,12.0,18.0,6.0,No clear directional edge.,FAR
2026-07-03T05:20:57.700260+00:00,LINK/USDT,LONG,74.0,18.0,18.0,10.0,8.0,No clear directional edge.,FAR
2026-07-03T05:20:58.634259+00:00,ADA/USDT,LONG,77.0,20.0,20.0,11.0,9.0,No clear directional edge.,MEDIUM
2026-07-03T05:20:59.652617+00:00,AVAX/USDT,LONG,65.0,21.0,21.0,16.0,5.0,No clear directional edge.,FAR
2026-07-03T05:21:00.952962+00:00,DOGE/USDT,SHORT,65.0,18.0,13.0,18.0,5.0,No clear directional edge.,FAR
2026-07-03T05:26:04.252293+00:00,BTC/USDT,SHORT,68.0,18.0,12.0,18.0,6.0,No clear directional edge.,FAR
2026-07-03T05:26:09.005532+00:00,XRP/USDT,SHORT,68.0,18.0,12.0,18.0,6.0,No clear directional edge.,FAR
2026-07-03T05:26:10.386812+00:00,LINK/USDT,LONG,74.0,18.0,18.0,10.0,8.0,No clear directional edge.,FAR
2026-07-03T05:26:11.388338+00:00,ADA/USDT,LONG,77.0,20.0,20.0,11.0,9.0,No clear directional edge.,MEDIUM
2026-07-03T05:26:12.908090+00:00,AVAX/USDT,LONG,65.0,21.0,21.0,16.0,5.0,No clear directional edge.,FAR
2026-07-03T05:26:14.213577+00:00,DOGE/USDT,SHORT,65.0,18.0,13.0,18.0,5.0,No clear directional edge.,FAR
2026-07-03T05:31:17.924305+00:00,BTC/USDT,SHORT,68.0,18.0,12.0,18.0,6.0,No clear directional edge.,FAR
2026-07-03T05:31:21.321081+00:00,BNB/USDT,SHORT,68.0,18.0,12.0,18.0,6.0,No clear directional edge.,FAR
2026-07-03T05:31:22.671931+00:00,XRP/USDT,SHORT,68.0,18.0,12.0,18.0,6.0,No clear directional edge.,FAR
2026-07-03T05:31:23.716939+00:00,LINK/USDT,LONG,71.0,18.0,18.0,11.0,7.0,No clear directional edge.,FAR
2026-07-03T05:31:24.650181+00:00,ADA/USDT,LONG,77.0,20.0,20.0,11.0,9.0,No clear directional edge.,MEDIUM
2026-07-03T05:31:26.746878+00:00,DOGE/USDT,SHORT,74.0,22.0,14.0,22.0,8.0,No clear directional edge.,FAR
2026-07-03T05:36:30.102284+00:00,BTC/USDT,SHORT,68.0,18.0,12.0,18.0,6.0,No clear directional edge.,FAR
2026-07-03T05:36:33.150089+00:00,BNB/USDT,SHORT,68.0,18.0,12.0,18.0,6.0,No clear directional edge.,FAR
2026-07-03T05:36:34.129126+00:00,XRP/USDT,SHORT,77.0,22.0,13.0,22.0,9.0,No clear directional edge.,MEDIUM
2026-07-03T05:36:36.520173+00:00,LINK/USDT,LONG,65.0,18.0,18.0,13.0,5.0,No clear directional edge.,FAR
2026-07-03T05:36:37.678406+00:00,ADA/USDT,LONG,77.0,20.0,20.0,11.0,9.0,No clear directional edge.,MEDIUM
2026-07-03T05:36:39.495885+00:00,DOGE/USDT,SHORT,68.0,22.0,16.0,22.0,6.0,No clear directional edge.,FAR
2026-07-03T05:41:43.027848+00:00,BTC/USDT,SHORT,68.0,18.0,12.0,18.0,6.0,No clear directional edge.,FAR
2026-07-03T05:41:46.647437+00:00,BNB/USDT,SHORT,68.0,18.0,12.0,18.0,6.0,No clear directional edge.,FAR
2026-07-03T05:41:47.562856+00:00,XRP/USDT,SHORT,77.0,22.0,13.0,22.0,9.0,No clear directional edge.,MEDIUM
2026-07-03T05:41:48.557923+00:00,LINK/USDT,LONG,71.0,18.0,18.0,11.0,7.0,No clear directional edge.,FAR
2026-07-03T05:41:49.631749+00:00,ADA/USDT,LONG,77.0,20.0,20.0,11.0,9.0,No clear directional edge.,MEDIUM
2026-07-03T05:46:55.028999+00:00,BTC/USDT,SHORT,68.0,18.0,12.0,18.0,6.0,No clear directional edge.,FAR
2026-07-03T05:46:58.541381+00:00,BNB/USDT,SHORT,68.0,18.0,12.0,18.0,6.0,No clear directional edge.,FAR
2026-07-03T05:47:02.959280+00:00,XRP/USDT,SHORT,77.0,22.0,13.0,22.0,9.0,No clear directional edge.,MEDIUM
2026-07-03T05:47:04.056744+00:00,LINK/USDT,LONG,71.0,18.0,18.0,11.0,7.0,No clear directional edge.,FAR
2026-07-03T05:47:04.898415+00:00,ADA/USDT,LONG,77.0,20.0,20.0,11.0,9.0,No clear directional edge.,MEDIUM
2026-07-03T05:47:05.877105+00:00,AVAX/USDT,LONG,65.0,21.0,21.0,16.0,5.0,No clear directional edge.,FAR
2026-07-03T05:52:10.329917+00:00,BTC/USDT,SHORT,68.0,18.0,12.0,18.0,6.0,No clear directional edge.,FAR
2026-07-03T05:52:14.429071+00:00,BNB/USDT,SHORT,68.0,18.0,12.0,18.0,6.0,No clear directional edge.,FAR
2026-07-03T05:52:15.566528+00:00,XRP/USDT,SHORT,77.0,22.0,13.0,22.0,9.0,No clear directional edge.,MEDIUM
2026-07-03T05:52:16.579229+00:00,LINK/USDT,LONG,71.0,18.0,18.0,11.0,7.0,No clear directional edge.,FAR
2026-07-03T05:52:17.751037+00:00,ADA/USDT,LONG,77.0,20.0,20.0,11.0,9.0,No clear directional edge.,MEDIUM
2026-07-03T05:52:19.887912+00:00,DOGE/USDT,SHORT,65.0,21.0,16.0,21.0,5.0,No clear directional edge.,FAR
2026-07-03T05:57:23.363467+00:00,BTC/USDT,SHORT,68.0,18.0,12.0,18.0,6.0,No clear directional edge.,FAR
2026-07-03T05:57:26.311943+00:00,BNB/USDT,SHORT,68.0,18.0,12.0,18.0,6.0,No clear directional edge.,FAR
2026-07-03T05:57:27.213387+00:00,XRP/USDT,SHORT,77.0,22.0,13.0,22.0,9.0,No clear directional edge.,MEDIUM
2026-07-03T05:57:28.015782+00:00,LINK/USDT,LONG,65.0,18.0,18.0,13.0,5.0,No clear directional edge.,FAR
2026-07-03T05:57:29.021610+00:00,ADA/USDT,LONG,77.0,20.0,20.0,11.0,9.0,No clear directional edge.,MEDIUM
2026-07-03T05:57:31.566567+00:00,DOGE/USDT,SHORT,65.0,21.0,16.0,21.0,5.0,No clear directional edge.,FAR
2026-07-03T06:02:34.975976+00:00,BTC/USDT,SHORT,68.0,18.0,12.0,18.0,6.0,No clear directional edge.,FAR
2026-07-03T06:02:37.660816+00:00,BNB/USDT,SHORT,68.0,18.0,12.0,18.0,6.0,No clear directional edge.,FAR
2026-07-03T06:02:38.550482+00:00,XRP/USDT,SHORT,65.0,20.0,15.0,20.0,5.0,No clear directional edge.,FAR
2026-07-03T06:02:39.344741+00:00,LINK/USDT,LONG,65.0,18.0,18.0,13.0,5.0,No clear directional edge.,FAR
2026-07-03T06:02:40.247610+00:00,ADA/USDT,LONG,77.0,20.0,20.0,11.0,9.0,No clear directional edge.,MEDIUM
2026-07-03T06:07:47.016980+00:00,BTC/USDT,SHORT,68.0,18.0,12.0,18.0,6.0,No clear directional edge.,FAR
2026-07-03T06:07:50.260173+00:00,BNB/USDT,SHORT,62.0,19.0,15.0,19.0,4.0,No clear directional edge.,FAR
2026-07-03T06:07:51.079306+00:00,XRP/USDT,SHORT,65.0,20.0,15.0,20.0,5.0,No clear directional edge.,FAR
2026-07-03T06:07:52.184704+00:00,LINK/USDT,LONG,65.0,18.0,18.0,13.0,5.0,No clear directional edge.,FAR
2026-07-03T06:07:53.189049+00:00,ADA/USDT,LONG,77.0,20.0,20.0,11.0,9.0,No clear directional edge.,MEDIUM
2026-07-03T06:07:55.024153+00:00,DOGE/USDT,SHORT,68.0,22.0,16.0,22.0,6.0,No clear directional edge.,FAR
2026-07-03T06:12:58.258553+00:00,BTC/USDT,SHORT,68.0,18.0,12.0,18.0,6.0,No clear directional edge.,FAR
2026-07-03T06:13:01.838611+00:00,XRP/USDT,SHORT,65.0,20.0,15.0,20.0,5.0,No clear directional edge.,FAR
2026-07-03T06:13:04.178025+00:00,LINK/USDT,LONG,65.0,18.0,18.0,13.0,5.0,No clear directional edge.,FAR
2026-07-03T06:13:05.676769+00:00,ADA/USDT,LONG,77.0,20.0,20.0,11.0,9.0,No clear directional edge.,MEDIUM
2026-07-03T06:13:07.642357+00:00,DOGE/USDT,SHORT,68.0,22.0,16.0,22.0,6.0,No clear directional edge.,FAR
2026-07-03T06:18:10.883510+00:00,BTC/USDT,SHORT,68.0,18.0,12.0,18.0,6.0,No clear directional edge.,FAR
2026-07-03T06:18:14.722295+00:00,XRP/USDT,SHORT,71.0,22.0,15.0,22.0,7.0,No clear directional edge.,FAR
2026-07-03T06:18:16.360916+00:00,LINK/USDT,LONG,65.0,18.0,18.0,13.0,5.0,No clear directional edge.,FAR
2026-07-03T06:18:18.432269+00:00,ADA/USDT,LONG,68.0,21.0,21.0,15.0,6.0,No clear directional edge.,FAR
2026-07-03T06:18:21.071651+00:00,DOGE/USDT,SHORT,68.0,22.0,16.0,22.0,6.0,No clear directional edge.,FAR
2026-07-03T06:23:23.884778+00:00,BTC/USDT,SHORT,68.0,18.0,12.0,18.0,6.0,No clear directional edge.,FAR
2026-07-03T06:23:25.749718+00:00,SOL/USDT,LONG,68.0,22.0,22.0,16.0,6.0,No clear directional edge.,FAR
2026-07-03T06:23:26.687805+00:00,BNB/USDT,SHORT,68.0,18.0,12.0,18.0,6.0,No clear directional edge.,FAR
2026-07-03T06:23:27.908171+00:00,XRP/USDT,SHORT,68.0,21.0,15.0,21.0,6.0,No clear directional edge.,FAR
2026-07-03T06:23:28.824342+00:00,LINK/USDT,LONG,65.0,18.0,18.0,13.0,5.0,No clear directional edge.,FAR
2026-07-03T06:23:29.628828+00:00,ADA/USDT,LONG,68.0,21.0,21.0,15.0,6.0,No clear directional edge.,FAR
2026-07-03T06:28:34.562945+00:00,BTC/USDT,SHORT,68.0,18.0,12.0,18.0,6.0,No clear directional edge.,FAR
2026-07-03T06:28:37.892566+00:00,BNB/USDT,SHORT,68.0,18.0,12.0,18.0,6.0,No clear directional edge.,FAR
2026-07-03T06:28:38.841633+00:00,XRP/USDT,SHORT,68.0,21.0,15.0,21.0,6.0,No clear directional edge.,FAR
2026-07-03T06:28:39.876267+00:00,LINK/USDT,LONG,65.0,18.0,18.0,13.0,5.0,No clear directional edge.,FAR
2026-07-03T06:28:40.921201+00:00,ADA/USDT,LONG,68.0,21.0,21.0,15.0,6.0,No clear directional edge.,FAR
2026-07-03T06:33:48.683207+00:00,BTC/USDT,SHORT,68.0,18.0,12.0,18.0,6.0,No clear directional edge.,FAR
2026-07-03T06:33:55.350465+00:00,XRP/USDT,SHORT,68.0,21.0,15.0,21.0,6.0,No clear directional edge.,FAR
2026-07-03T06:33:57.047079+00:00,LINK/USDT,LONG,65.0,18.0,18.0,13.0,5.0,No clear directional edge.,FAR
2026-07-03T06:33:58.248327+00:00,ADA/USDT,LONG,68.0,21.0,21.0,15.0,6.0,No clear directional edge.,FAR
2026-07-03T06:34:00.559775+00:00,DOGE/USDT,SHORT,68.0,22.0,16.0,22.0,6.0,No clear directional edge.,FAR
2026-07-03T06:39:03.966354+00:00,BTC/USDT,SHORT,68.0,18.0,12.0,18.0,6.0,No clear directional edge.,FAR
2026-07-03T06:39:06.522989+00:00,SOL/USDT,LONG,68.0,22.0,22.0,16.0,6.0,No clear directional edge.,FAR
2026-07-03T06:39:07.719234+00:00,BNB/USDT,SHORT,68.0,18.0,12.0,18.0,6.0,No clear directional edge.,FAR
2026-07-03T06:39:08.720365+00:00,XRP/USDT,SHORT,65.0,20.0,15.0,20.0,5.0,No clear directional edge.,FAR
2026-07-03T06:39:10.332993+00:00,LINK/USDT,LONG,71.0,18.0,18.0,11.0,7.0,No clear directional edge.,FAR
2026-07-03T06:39:11.291907+00:00,ADA/USDT,LONG,77.0,20.0,20.0,11.0,9.0,No clear directional edge.,MEDIUM
2026-07-03T06:39:12.733936+00:00,AVAX/USDT,LONG,65.0,21.0,21.0,16.0,5.0,No clear directional edge.,FAR
2026-07-03T06:44:17.385341+00:00,BTC/USDT,SHORT,68.0,18.0,12.0,18.0,6.0,No clear directional edge.,FAR
2026-07-03T06:44:19.422970+00:00,SOL/USDT,LONG,68.0,22.0,22.0,16.0,6.0,No clear directional edge.,FAR
2026-07-03T06:44:21.874696+00:00,XRP/USDT,SHORT,65.0,20.0,15.0,20.0,5.0,No clear directional edge.,FAR
2026-07-03T06:44:23.157891+00:00,LINK/USDT,LONG,71.0,18.0,18.0,11.0,7.0,No clear directional edge.,FAR
2026-07-03T06:44:24.185842+00:00,ADA/USDT,LONG,77.0,20.0,20.0,11.0,9.0,No clear directional edge.,MEDIUM
2026-07-03T06:49:29.254507+00:00,BTC/USDT,SHORT,68.0,18.0,12.0,18.0,6.0,No clear directional edge.,FAR
2026-07-03T06:49:30.983214+00:00,SOL/USDT,LONG,68.0,22.0,22.0,16.0,6.0,No clear directional edge.,FAR
2026-07-03T06:49:31.978763+00:00,BNB/USDT,SHORT,68.0,18.0,12.0,18.0,6.0,No clear directional edge.,FAR
2026-07-03T06:49:32.877539+00:00,XRP/USDT,SHORT,65.0,20.0,15.0,20.0,5.0,No clear directional edge.,FAR
2026-07-03T06:49:33.775101+00:00,LINK/USDT,LONG,65.0,18.0,18.0,13.0,5.0,No clear directional edge.,FAR
2026-07-03T06:49:35.179487+00:00,ADA/USDT,LONG,68.0,21.0,21.0,15.0,6.0,No clear directional edge.,FAR
2026-07-03T06:49:37.588507+00:00,DOGE/USDT,SHORT,65.0,21.0,16.0,21.0,5.0,No clear directional edge.,FAR
2026-07-03T06:54:40.930722+00:00,BTC/USDT,SHORT,68.0,18.0,12.0,18.0,6.0,No clear directional edge.,FAR
2026-07-03T06:54:44.092134+00:00,BNB/USDT,SHORT,68.0,18.0,12.0,18.0,6.0,No clear directional edge.,FAR
2026-07-03T06:54:45.012277+00:00,XRP/USDT,SHORT,65.0,20.0,15.0,20.0,5.0,No clear directional edge.,FAR
2026-07-03T06:54:46.042160+00:00,LINK/USDT,LONG,65.0,18.0,18.0,13.0,5.0,No clear directional edge.,FAR
2026-07-03T06:54:46.968296+00:00,ADA/USDT,LONG,68.0,21.0,21.0,15.0,6.0,No clear directional edge.,FAR
2026-07-03T06:54:48.829209+00:00,DOGE/USDT,SHORT,68.0,22.0,16.0,22.0,6.0,No clear directional edge.,FAR
2026-07-03T06:59:52.525750+00:00,BTC/USDT,SHORT,68.0,18.0,12.0,18.0,6.0,No clear directional edge.,FAR
2026-07-03T06:59:55.059615+00:00,SOL/USDT,LONG,68.0,22.0,22.0,16.0,6.0,No clear directional edge.,FAR
2026-07-03T06:59:56.149419+00:00,BNB/USDT,SHORT,68.0,18.0,12.0,18.0,6.0,No clear directional edge.,FAR
2026-07-03T06:59:57.101067+00:00,XRP/USDT,SHORT,65.0,20.0,15.0,20.0,5.0,No clear directional edge.,FAR
2026-07-03T06:59:57.935050+00:00,LINK/USDT,LONG,65.0,18.0,18.0,13.0,5.0,No clear directional edge.,FAR
2026-07-03T06:59:58.976765+00:00,ADA/USDT,LONG,77.0,20.0,20.0,11.0,9.0,No clear directional edge.,MEDIUM
2026-07-03T07:00:01.123575+00:00,DOGE/USDT,SHORT,65.0,21.0,16.0,21.0,5.0,No clear directional edge.,FAR
2026-07-03T07:05:04.580687+00:00,BTC/USDT,SHORT,68.0,18.0,12.0,18.0,6.0,No clear directional edge.,FAR
2026-07-03T07:05:06.542481+00:00,SOL/USDT,LONG,68.0,22.0,22.0,16.0,6.0,No clear directional edge.,FAR
2026-07-03T07:05:09.934690+00:00,LINK/USDT,LONG,71.0,18.0,18.0,11.0,7.0,No clear directional edge.,FAR
2026-07-03T07:05:10.971596+00:00,ADA/USDT,LONG,77.0,20.0,20.0,11.0,9.0,No clear directional edge.,MEDIUM
2026-07-03T07:10:16.050154+00:00,BTC/USDT,SHORT,68.0,18.0,12.0,18.0,6.0,No clear directional edge.,FAR
2026-07-03T07:10:19.268840+00:00,SOL/USDT,LONG,68.0,22.0,22.0,16.0,6.0,No clear directional edge.,FAR
2026-07-03T07:10:22.817350+00:00,LINK/USDT,LONG,65.0,18.0,18.0,13.0,5.0,No clear directional edge.,FAR
2026-07-03T07:10:24.401816+00:00,ADA/USDT,LONG,65.0,18.0,18.0,13.0,5.0,No clear directional edge.,FAR
2026-07-03T07:15:29.607937+00:00,BTC/USDT,SHORT,68.0,18.0,12.0,18.0,6.0,No clear directional edge.,FAR
2026-07-03T07:15:33.715004+00:00,BNB/USDT,SHORT,68.0,18.0,12.0,18.0,6.0,No clear directional edge.,FAR
2026-07-03T07:15:35.656265+00:00,LINK/USDT,LONG,65.0,18.0,18.0,13.0,5.0,No clear directional edge.,FAR
2026-07-03T07:15:36.574376+00:00,ADA/USDT,LONG,65.0,18.0,18.0,13.0,5.0,No clear directional edge.,FAR
2026-07-03T07:15:37.665285+00:00,AVAX/USDT,LONG,65.0,21.0,21.0,16.0,5.0,No clear directional edge.,FAR
2026-07-03T07:20:43.096862+00:00,BTC/USDT,SHORT,68.0,18.0,12.0,18.0,6.0,No clear directional edge.,FAR
2026-07-03T07:20:46.129292+00:00,BNB/USDT,SHORT,68.0,18.0,12.0,18.0,6.0,No clear directional edge.,FAR
2026-07-03T07:20:48.281443+00:00,LINK/USDT,LONG,65.0,18.0,18.0,13.0,5.0,No clear directional edge.,FAR
2026-07-03T07:20:49.323208+00:00,ADA/USDT,LONG,65.0,18.0,18.0,13.0,5.0,No clear directional edge.,FAR
2026-07-03T07:20:50.449148+00:00,AVAX/USDT,LONG,65.0,21.0,21.0,16.0,5.0,No clear directional edge.,FAR
2026-07-03T07:20:51.369685+00:00,DOGE/USDT,SHORT,68.0,22.0,16.0,22.0,6.0,No clear directional edge.,FAR
2026-07-03T07:25:54.562135+00:00,BTC/USDT,SHORT,68.0,18.0,12.0,18.0,6.0,No clear directional edge.,FAR
2026-07-03T07:25:57.887245+00:00,BNB/USDT,SHORT,68.0,18.0,12.0,18.0,6.0,No clear directional edge.,FAR
2026-07-03T07:26:00.788638+00:00,LINK/USDT,LONG,65.0,18.0,18.0,13.0,5.0,No clear directional edge.,FAR
2026-07-03T07:26:01.829252+00:00,ADA/USDT,LONG,65.0,18.0,18.0,13.0,5.0,No clear directional edge.,FAR
2026-07-03T07:26:03.180361+00:00,AVAX/USDT,LONG,65.0,21.0,21.0,16.0,5.0,No clear directional edge.,FAR
2026-07-03T07:26:04.192477+00:00,DOGE/USDT,SHORT,68.0,22.0,16.0,22.0,6.0,No clear directional edge.,FAR
2026-07-03T07:31:07.517819+00:00,BTC/USDT,SHORT,68.0,18.0,12.0,18.0,6.0,No clear directional edge.,FAR
2026-07-03T07:31:10.902991+00:00,BNB/USDT,SHORT,68.0,18.0,12.0,18.0,6.0,No clear directional edge.,FAR
2026-07-03T07:31:12.769302+00:00,XRP/USDT,SHORT,65.0,20.0,15.0,20.0,5.0,No clear directional edge.,FAR
2026-07-03T07:31:14.544513+00:00,LINK/USDT,LONG,65.0,18.0,18.0,13.0,5.0,No clear directional edge.,FAR
2026-07-03T07:31:15.719345+00:00,ADA/USDT,LONG,77.0,20.0,20.0,11.0,9.0,No clear directional edge.,MEDIUM
2026-07-03T07:31:16.676756+00:00,AVAX/USDT,LONG,65.0,21.0,21.0,16.0,5.0,No clear directional edge.,FAR
2026-07-03T07:31:18.002285+00:00,DOGE/USDT,SHORT,68.0,22.0,16.0,22.0,6.0,No clear directional edge.,FAR
2026-07-03T07:36:21.652294+00:00,BTC/USDT,SHORT,68.0,18.0,12.0,18.0,6.0,No clear directional edge.,FAR
2026-07-03T07:36:26.158379+00:00,BNB/USDT,SHORT,68.0,18.0,12.0,18.0,6.0,No clear directional edge.,FAR
2026-07-03T07:36:27.453091+00:00,XRP/USDT,SHORT,65.0,20.0,15.0,20.0,5.0,No clear directional edge.,FAR
2026-07-03T07:36:28.753727+00:00,LINK/USDT,LONG,65.0,18.0,18.0,13.0,5.0,No clear directional edge.,FAR
2026-07-03T07:36:29.919070+00:00,ADA/USDT,LONG,77.0,20.0,20.0,11.0,9.0,No clear directional edge.,MEDIUM
2026-07-03T07:36:31.060006+00:00,AVAX/USDT,LONG,65.0,21.0,21.0,16.0,5.0,No clear directional edge.,FAR
2026-07-03T07:36:31.920760+00:00,DOGE/USDT,SHORT,68.0,22.0,16.0,22.0,6.0,No clear directional edge.,FAR
2026-07-03T07:41:34.242959+00:00,BTC/USDT,SHORT,68.0,18.0,12.0,18.0,6.0,No clear directional edge.,FAR
2026-07-03T07:41:38.243030+00:00,BNB/USDT,SHORT,68.0,18.0,12.0,18.0,6.0,No clear directional edge.,FAR
2026-07-03T07:41:39.161208+00:00,XRP/USDT,SHORT,65.0,20.0,15.0,20.0,5.0,No clear directional edge.,FAR
2026-07-03T07:41:40.441483+00:00,LINK/USDT,LONG,65.0,18.0,18.0,13.0,5.0,No clear directional edge.,FAR
2026-07-03T07:41:42.359617+00:00,ADA/USDT,LONG,68.0,21.0,21.0,15.0,6.0,No clear directional edge.,FAR
2026-07-03T07:41:43.292469+00:00,AVAX/USDT,LONG,65.0,21.0,21.0,16.0,5.0,No clear directional edge.,FAR
2026-07-03T07:41:44.382447+00:00,DOGE/USDT,SHORT,68.0,22.0,16.0,22.0,6.0,No clear directional edge.,FAR
2026-07-03T07:46:48.388103+00:00,BTC/USDT,SHORT,77.0,22.0,13.0,22.0,9.0,No clear directional edge.,MEDIUM
2026-07-03T07:46:51.663798+00:00,BNB/USDT,SHORT,68.0,18.0,12.0,18.0,6.0,No clear directional edge.,FAR
2026-07-03T07:46:53.100732+00:00,XRP/USDT,SHORT,65.0,20.0,15.0,20.0,5.0,No clear directional edge.,FAR
2026-07-03T07:46:54.107485+00:00,LINK/USDT,LONG,65.0,18.0,18.0,13.0,5.0,No clear directional edge.,FAR
2026-07-03T07:46:55.520501+00:00,ADA/USDT,LONG,77.0,20.0,20.0,11.0,9.0,No clear directional edge.,MEDIUM
2026-07-03T07:46:56.628133+00:00,AVAX/USDT,LONG,65.0,21.0,21.0,16.0,5.0,No clear directional edge.,FAR
2026-07-03T07:46:57.682459+00:00,DOGE/USDT,SHORT,68.0,22.0,16.0,22.0,6.0,No clear directional edge.,FAR
2026-07-03T07:52:01.541862+00:00,BTC/USDT,SHORT,68.0,18.0,12.0,18.0,6.0,No clear directional edge.,FAR
2026-07-03T07:52:05.263903+00:00,BNB/USDT,SHORT,68.0,18.0,12.0,18.0,6.0,No clear directional edge.,FAR
2026-07-03T07:52:06.358031+00:00,XRP/USDT,SHORT,68.0,21.0,15.0,21.0,6.0,No clear directional edge.,FAR
2026-07-03T07:52:07.629588+00:00,LINK/USDT,LONG,65.0,18.0,18.0,13.0,5.0,No clear directional edge.,FAR
2026-07-03T07:52:08.752364+00:00,ADA/USDT,LONG,68.0,21.0,21.0,15.0,6.0,No clear directional edge.,FAR
2026-07-03T07:52:09.775573+00:00,AVAX/USDT,LONG,65.0,21.0,21.0,16.0,5.0,No clear directional edge.,FAR
2026-07-03T07:52:10.752019+00:00,DOGE/USDT,SHORT,68.0,22.0,16.0,22.0,6.0,No clear directional edge.,FAR
2026-07-03T07:57:14.092125+00:00,BTC/USDT,SHORT,68.0,18.0,12.0,18.0,6.0,No clear directional edge.,FAR
2026-07-03T07:57:16.888994+00:00,BNB/USDT,SHORT,68.0,18.0,12.0,18.0,6.0,No clear directional edge.,FAR
2026-07-03T07:57:17.935923+00:00,XRP/USDT,SHORT,65.0,20.0,15.0,20.0,5.0,No clear directional edge.,FAR
2026-07-03T07:57:19.008036+00:00,LINK/USDT,LONG,65.0,18.0,18.0,13.0,5.0,No clear directional edge.,FAR
2026-07-03T07:57:19.831046+00:00,ADA/USDT,LONG,77.0,20.0,20.0,11.0,9.0,No clear directional edge.,MEDIUM
2026-07-03T07:57:20.668318+00:00,AVAX/USDT,LONG,65.0,21.0,21.0,16.0,5.0,No clear directional edge.,FAR
2026-07-03T07:57:22.199044+00:00,DOGE/USDT,SHORT,68.0,22.0,16.0,22.0,6.0,No clear directional edge.,FAR
2026-07-03T08:02:25.566334+00:00,BTC/USDT,SHORT,68.0,18.0,12.0,18.0,6.0,No clear directional edge.,FAR
2026-07-03T08:02:28.563224+00:00,BNB/USDT,SHORT,68.0,18.0,12.0,18.0,6.0,No clear directional edge.,FAR
2026-07-03T08:02:29.489649+00:00,XRP/USDT,LONG,65.0,20.0,20.0,15.0,5.0,No clear directional edge.,FAR
2026-07-03T08:02:30.643818+00:00,LINK/USDT,LONG,65.0,18.0,18.0,13.0,5.0,No clear directional edge.,FAR
2026-07-03T08:02:31.610750+00:00,ADA/USDT,LONG,65.0,18.0,18.0,13.0,5.0,No clear directional edge.,FAR
2026-07-03T08:02:32.737077+00:00,AVAX/USDT,LONG,65.0,21.0,21.0,16.0,5.0,No clear directional edge.,FAR
2026-07-03T08:02:33.667301+00:00,DOGE/USDT,SHORT,68.0,22.0,16.0,22.0,6.0,No clear directional edge.,FAR
2026-07-03T08:07:37.077736+00:00,BTC/USDT,SHORT,68.0,18.0,12.0,18.0,6.0,No clear directional edge.,FAR
2026-07-03T08:07:40.411398+00:00,BNB/USDT,SHORT,68.0,18.0,12.0,18.0,6.0,No clear directional edge.,FAR
2026-07-03T08:07:41.961798+00:00,XRP/USDT,LONG,65.0,20.0,20.0,15.0,5.0,No clear directional edge.,FAR
2026-07-03T08:07:43.177614+00:00,LINK/USDT,LONG,71.0,21.0,21.0,14.0,7.0,No clear directional edge.,FAR
2026-07-03T08:07:44.289048+00:00,ADA/USDT,LONG,65.0,18.0,18.0,13.0,5.0,No clear directional edge.,FAR
2026-07-03T08:07:47.067820+00:00,DOGE/USDT,SHORT,68.0,22.0,16.0,22.0,6.0,No clear directional edge.,FAR
2026-07-03T08:12:56.082097+00:00,BTC/USDT,SHORT,68.0,18.0,12.0,18.0,6.0,No clear directional edge.,FAR
2026-07-03T08:13:03.777460+00:00,BNB/USDT,SHORT,68.0,18.0,12.0,18.0,6.0,No clear directional edge.,FAR
2026-07-03T08:13:25.589567+00:00,XRP/USDT,LONG,80.0,20.0,20.0,10.0,10.0,No clear directional edge.,MEDIUM
2026-07-03T08:13:28.428423+00:00,LINK/USDT,LONG,71.0,21.0,21.0,14.0,7.0,No clear directional edge.,FAR
2026-07-03T08:13:33.264946+00:00,ADA/USDT,LONG,65.0,18.0,18.0,13.0,5.0,No clear directional edge.,FAR
2026-07-03T08:13:36.953006+00:00,AVAX/USDT,LONG,65.0,21.0,21.0,16.0,5.0,No clear directional edge.,FAR
2026-07-03T08:13:37.867780+00:00,DOGE/USDT,SHORT,65.0,21.0,16.0,21.0,5.0,No clear directional edge.,FAR
2026-07-03T08:18:41.782173+00:00,BTC/USDT,SHORT,68.0,18.0,12.0,18.0,6.0,No clear directional edge.,FAR
2026-07-03T08:18:45.002903+00:00,BNB/USDT,SHORT,68.0,18.0,12.0,18.0,6.0,No clear directional edge.,FAR
2026-07-03T08:18:46.039798+00:00,XRP/USDT,LONG,80.0,20.0,20.0,10.0,10.0,No clear directional edge.,MEDIUM
2026-07-03T08:18:47.377953+00:00,LINK/USDT,LONG,71.0,21.0,21.0,14.0,7.0,No clear directional edge.,FAR
2026-07-03T08:18:48.439164+00:00,ADA/USDT,LONG,65.0,18.0,18.0,13.0,5.0,No clear directional edge.,FAR
2026-07-03T08:23:54.804963+00:00,BTC/USDT,SHORT,68.0,18.0,12.0,18.0,6.0,No clear directional edge.,FAR
2026-07-03T08:23:58.609314+00:00,BNB/USDT,SHORT,68.0,18.0,12.0,18.0,6.0,No clear directional edge.,FAR
2026-07-03T08:23:59.996627+00:00,XRP/USDT,LONG,65.0,20.0,20.0,15.0,5.0,No clear directional edge.,FAR
2026-07-03T08:24:01.663463+00:00,LINK/USDT,LONG,71.0,21.0,21.0,14.0,7.0,No clear directional edge.,FAR
2026-07-03T08:24:03.847194+00:00,ADA/USDT,LONG,65.0,18.0,18.0,13.0,5.0,No clear directional edge.,FAR
2026-07-03T08:29:09.517686+00:00,BTC/USDT,SHORT,68.0,18.0,12.0,18.0,6.0,No clear directional edge.,FAR
2026-07-03T08:29:14.201289+00:00,BNB/USDT,SHORT,68.0,18.0,12.0,18.0,6.0,No clear directional edge.,FAR
2026-07-03T08:29:15.059948+00:00,XRP/USDT,LONG,65.0,20.0,20.0,15.0,5.0,No clear directional edge.,FAR
2026-07-03T08:29:16.094741+00:00,LINK/USDT,LONG,71.0,21.0,21.0,14.0,7.0,No clear directional edge.,FAR
2026-07-03T08:29:20.151721+00:00,DOGE/USDT,SHORT,65.0,21.0,16.0,21.0,5.0,No clear directional edge.,FAR
2026-07-03T08:34:22.757063+00:00,BTC/USDT,SHORT,68.0,18.0,12.0,18.0,6.0,No clear directional edge.,FAR
2026-07-03T08:34:26.701654+00:00,BNB/USDT,SHORT,68.0,18.0,12.0,18.0,6.0,No clear directional edge.,FAR
2026-07-03T08:34:27.636498+00:00,XRP/USDT,LONG,65.0,20.0,20.0,15.0,5.0,No clear directional edge.,FAR
2026-07-03T08:34:28.758385+00:00,LINK/USDT,LONG,65.0,18.0,18.0,13.0,5.0,No clear directional edge.,FAR
2026-07-03T08:36:00.678555+00:00,BTC/USDT,SHORT,68.0,18.0,12.0,18.0,6.0,No clear directional edge.,FAR
2026-07-03T08:36:04.644253+00:00,BNB/USDT,SHORT,68.0,18.0,12.0,18.0,6.0,No clear directional edge.,FAR
2026-07-03T08:36:05.958732+00:00,XRP/USDT,LONG,65.0,20.0,20.0,15.0,5.0,No clear directional edge.,FAR
2026-07-03T08:36:07.010467+00:00,LINK/USDT,LONG,65.0,18.0,18.0,13.0,5.0,No clear directional edge.,FAR
2026-07-03T08:36:10.403852+00:00,ADA/USDT,LONG,68.0,21.0,21.0,15.0,6.0,No clear directional edge.,FAR
2026-07-03T08:41:17.268377+00:00,BTC/USDT,SHORT,68.0,18.0,12.0,18.0,6.0,No clear directional edge.,FAR
2026-07-03T08:41:19.909791+00:00,BNB/USDT,SHORT,68.0,18.0,12.0,18.0,6.0,No clear directional edge.,FAR
2026-07-03T08:41:20.804605+00:00,XRP/USDT,LONG,65.0,20.0,20.0,15.0,5.0,No clear directional edge.,FAR
2026-07-03T08:41:21.717708+00:00,LINK/USDT,LONG,65.0,18.0,18.0,13.0,5.0,No clear directional edge.,FAR
2026-07-03T08:46:28.435569+00:00,BTC/USDT,SHORT,77.0,22.0,13.0,22.0,9.0,No clear directional edge.,MEDIUM
2026-07-03T08:46:31.523063+00:00,BNB/USDT,SHORT,68.0,18.0,12.0,18.0,6.0,No clear directional edge.,FAR
2026-07-03T08:46:32.552356+00:00,XRP/USDT,LONG,68.0,21.0,21.0,15.0,6.0,No clear directional edge.,FAR
2026-07-03T08:46:33.459328+00:00,LINK/USDT,LONG,65.0,18.0,18.0,13.0,5.0,No clear directional edge.,FAR
2026-07-03T08:46:34.473057+00:00,ADA/USDT,LONG,68.0,21.0,21.0,15.0,6.0,No clear directional edge.,FAR
2026-07-03T08:46:36.317469+00:00,DOGE/USDT,SHORT,68.0,22.0,16.0,22.0,6.0,No clear directional edge.,FAR
2026-07-03T08:51:39.713577+00:00,BTC/USDT,SHORT,68.0,18.0,12.0,18.0,6.0,No clear directional edge.,FAR
2026-07-03T08:51:43.151176+00:00,BNB/USDT,SHORT,68.0,18.0,12.0,18.0,6.0,No clear directional edge.,FAR
2026-07-03T08:51:44.241305+00:00,XRP/USDT,LONG,65.0,20.0,20.0,15.0,5.0,No clear directional edge.,FAR
2026-07-03T08:51:45.465520+00:00,LINK/USDT,LONG,65.0,18.0,18.0,13.0,5.0,No clear directional edge.,FAR
2026-07-03T08:51:46.504007+00:00,ADA/USDT,LONG,68.0,21.0,21.0,15.0,6.0,No clear directional edge.,FAR
2026-07-03T08:51:47.522901+00:00,AVAX/USDT,LONG,65.0,21.0,21.0,16.0,5.0,No clear directional edge.,FAR
2026-07-03T08:56:52.339036+00:00,BTC/USDT,SHORT,68.0,18.0,12.0,18.0,6.0,No clear directional edge.,FAR
2026-07-03T08:56:56.338477+00:00,BNB/USDT,SHORT,68.0,18.0,12.0,18.0,6.0,No clear directional edge.,FAR
2026-07-03T08:56:57.274989+00:00,XRP/USDT,LONG,80.0,20.0,20.0,10.0,10.0,No clear directional edge.,MEDIUM
2026-07-03T08:56:58.581461+00:00,LINK/USDT,LONG,71.0,21.0,21.0,14.0,7.0,No clear directional edge.,FAR
2026-07-03T08:56:59.516782+00:00,ADA/USDT,LONG,68.0,21.0,21.0,15.0,6.0,No clear directional edge.,FAR
2026-07-03T09:02:05.617339+00:00,BTC/USDT,SHORT,68.0,18.0,12.0,18.0,6.0,No clear directional edge.,FAR
2026-07-03T09:02:09.868313+00:00,BNB/USDT,SHORT,68.0,18.0,12.0,18.0,6.0,No clear directional edge.,FAR
2026-07-03T09:02:11.126580+00:00,XRP/USDT,LONG,68.0,20.0,20.0,14.0,6.0,No clear directional edge.,FAR
2026-07-03T09:02:12.149567+00:00,LINK/USDT,LONG,65.0,18.0,18.0,13.0,5.0,No clear directional edge.,FAR
2026-07-03T09:02:13.126101+00:00,ADA/USDT,LONG,62.0,21.0,21.0,17.0,4.0,No clear directional edge.,FAR
2026-07-03T09:07:18.600100+00:00,BTC/USDT,SHORT,68.0,18.0,12.0,18.0,6.0,No clear directional edge.,FAR
2026-07-03T09:07:21.551196+00:00,BNB/USDT,SHORT,68.0,18.0,12.0,18.0,6.0,No clear directional edge.,FAR
2026-07-03T09:07:22.467196+00:00,XRP/USDT,LONG,65.0,20.0,20.0,15.0,5.0,No clear directional edge.,FAR
2026-07-03T09:07:23.475364+00:00,LINK/USDT,LONG,65.0,18.0,18.0,13.0,5.0,No clear directional edge.,FAR
2026-07-03T09:07:24.492319+00:00,ADA/USDT,LONG,62.0,21.0,21.0,17.0,4.0,No clear directional edge.,FAR
2026-07-03T09:12:29.838462+00:00,BTC/USDT,SHORT,68.0,18.0,12.0,18.0,6.0,No clear directional edge.,FAR
2026-07-03T09:12:33.062939+00:00,BNB/USDT,SHORT,68.0,18.0,12.0,18.0,6.0,No clear directional edge.,FAR
2026-07-03T09:12:35.128564+00:00,LINK/USDT,LONG,65.0,18.0,18.0,13.0,5.0,No clear directional edge.,FAR
2026-07-03T09:12:36.349939+00:00,ADA/USDT,LONG,62.0,21.0,21.0,17.0,4.0,No clear directional edge.,FAR
2026-07-03T09:17:42.784048+00:00,BTC/USDT,SHORT,68.0,18.0,12.0,18.0,6.0,No clear directional edge.,FAR
2026-07-03T09:17:45.612583+00:00,BNB/USDT,SHORT,68.0,18.0,12.0,18.0,6.0,No clear directional edge.,FAR
2026-07-03T09:17:47.491071+00:00,LINK/USDT,LONG,65.0,18.0,18.0,13.0,5.0,No clear directional edge.,FAR
2026-07-03T09:17:48.400474+00:00,ADA/USDT,LONG,62.0,21.0,21.0,17.0,4.0,No clear directional edge.,FAR
2026-07-03T09:22:55.483968+00:00,BTC/USDT,SHORT,68.0,18.0,12.0,18.0,6.0,No clear directional edge.,FAR
2026-07-03T09:22:58.663223+00:00,BNB/USDT,SHORT,77.0,22.0,13.0,22.0,9.0,No clear directional edge.,MEDIUM
2026-07-03T09:23:00.695883+00:00,LINK/USDT,LONG,65.0,18.0,18.0,13.0,5.0,No clear directional edge.,FAR
2026-07-03T09:23:01.625061+00:00,ADA/USDT,LONG,68.0,21.0,21.0,15.0,6.0,No clear directional edge.,FAR
2026-07-03T09:28:07.239608+00:00,BTC/USDT,SHORT,68.0,18.0,12.0,18.0,6.0,No clear directional edge.,FAR
2026-07-03T09:28:12.586037+00:00,BNB/USDT,SHORT,77.0,22.0,13.0,22.0,9.0,No clear directional edge.,MEDIUM
2026-07-03T09:28:15.250898+00:00,LINK/USDT,LONG,65.0,18.0,18.0,13.0,5.0,No clear directional edge.,FAR
2026-07-03T09:28:16.390327+00:00,ADA/USDT,LONG,62.0,21.0,21.0,17.0,4.0,No clear directional edge.,FAR
2026-07-03T09:33:23.047344+00:00,BTC/USDT,SHORT,68.0,18.0,12.0,18.0,6.0,No clear directional edge.,FAR
2026-07-03T09:33:26.057529+00:00,BNB/USDT,SHORT,68.0,18.0,12.0,18.0,6.0,No clear directional edge.,FAR
2026-07-03T09:33:28.092955+00:00,LINK/USDT,LONG,65.0,18.0,18.0,13.0,5.0,No clear directional edge.,FAR
2026-07-03T09:33:29.106686+00:00,ADA/USDT,LONG,62.0,21.0,21.0,17.0,4.0,No clear directional edge.,FAR
2026-07-03T09:38:34.863107+00:00,BTC/USDT,SHORT,68.0,18.0,12.0,18.0,6.0,No clear directional edge.,FAR
2026-07-03T09:38:37.827059+00:00,BNB/USDT,SHORT,68.0,18.0,12.0,18.0,6.0,No clear directional edge.,FAR
2026-07-03T09:38:38.954907+00:00,XRP/USDT,LONG,68.0,20.0,20.0,14.0,6.0,No clear directional edge.,FAR
2026-07-03T09:38:39.868113+00:00,LINK/USDT,LONG,77.0,21.0,21.0,12.0,9.0,No clear directional edge.,MEDIUM
2026-07-03T09:38:40.795441+00:00,ADA/USDT,LONG,68.0,21.0,21.0,15.0,6.0,No clear directional edge.,FAR
2026-07-03T09:38:42.692746+00:00,DOGE/USDT,SHORT,65.0,18.0,13.0,18.0,5.0,No clear directional edge.,FAR
2026-07-03T09:43:46.273424+00:00,BTC/USDT,SHORT,68.0,18.0,12.0,18.0,6.0,No clear directional edge.,FAR
2026-07-03T09:43:50.025773+00:00,BNB/USDT,SHORT,77.0,22.0,13.0,22.0,9.0,No clear directional edge.,MEDIUM
2026-07-03T09:43:51.187074+00:00,XRP/USDT,LONG,68.0,20.0,20.0,14.0,6.0,No clear directional edge.,FAR
2026-07-03T09:43:52.302056+00:00,LINK/USDT,LONG,71.0,21.0,21.0,14.0,7.0,No clear directional edge.,FAR
2026-07-03T09:43:53.315564+00:00,ADA/USDT,LONG,68.0,21.0,21.0,15.0,6.0,No clear directional edge.,FAR
2026-07-03T09:43:55.475705+00:00,DOGE/USDT,SHORT,65.0,18.0,13.0,18.0,5.0,No clear directional edge.,FAR
2026-07-03T09:48:58.993198+00:00,BTC/USDT,SHORT,68.0,18.0,12.0,18.0,6.0,No clear directional edge.,FAR
2026-07-03T09:49:02.035536+00:00,BNB/USDT,SHORT,62.0,19.0,15.0,19.0,4.0,No clear directional edge.,FAR
2026-07-03T09:49:04.379503+00:00,LINK/USDT,LONG,65.0,18.0,18.0,13.0,5.0,No clear directional edge.,FAR
2026-07-03T09:49:05.242620+00:00,ADA/USDT,LONG,62.0,21.0,21.0,17.0,4.0,No clear directional edge.,FAR
2026-07-03T09:49:06.365327+00:00,AVAX/USDT,LONG,65.0,21.0,21.0,16.0,5.0,No clear directional edge.,FAR
2026-07-03T09:54:11.169379+00:00,BTC/USDT,SHORT,68.0,18.0,12.0,18.0,6.0,No clear directional edge.,FAR
2026-07-03T09:54:15.190049+00:00,BNB/USDT,SHORT,77.0,22.0,13.0,22.0,9.0,No clear directional edge.,MEDIUM
2026-07-03T09:54:16.767975+00:00,XRP/USDT,LONG,68.0,20.0,20.0,14.0,6.0,No clear directional edge.,FAR
2026-07-03T09:54:18.103245+00:00,LINK/USDT,LONG,65.0,18.0,18.0,13.0,5.0,No clear directional edge.,FAR
2026-07-03T09:54:19.103982+00:00,ADA/USDT,LONG,62.0,21.0,21.0,17.0,4.0,No clear directional edge.,FAR
2026-07-03T09:59:25.458875+00:00,BTC/USDT,SHORT,68.0,18.0,12.0,18.0,6.0,No clear directional edge.,FAR
2026-07-03T09:59:30.714715+00:00,BNB/USDT,SHORT,77.0,22.0,13.0,22.0,9.0,No clear directional edge.,MEDIUM
2026-07-03T09:59:32.570176+00:00,XRP/USDT,LONG,68.0,20.0,20.0,14.0,6.0,No clear directional edge.,FAR
2026-07-03T09:59:34.334140+00:00,LINK/USDT,LONG,65.0,18.0,18.0,13.0,5.0,No clear directional edge.,FAR
2026-07-03T09:59:35.624114+00:00,ADA/USDT,LONG,62.0,21.0,21.0,17.0,4.0,No clear directional edge.,FAR
2026-07-03T10:04:44.289700+00:00,BTC/USDT,SHORT,77.0,22.0,13.0,22.0,9.0,No clear directional edge.,MEDIUM
2026-07-03T10:04:50.470343+00:00,BNB/USDT,SHORT,68.0,21.0,15.0,21.0,6.0,No clear directional edge.,FAR
2026-07-03T10:04:53.346717+00:00,XRP/USDT,LONG,68.0,20.0,20.0,14.0,6.0,No clear directional edge.,FAR
2026-07-03T10:04:57.531486+00:00,ADA/USDT,LONG,62.0,21.0,21.0,17.0,4.0,No clear directional edge.,FAR
2026-07-03T10:05:02.351742+00:00,DOGE/USDT,SHORT,74.0,22.0,14.0,22.0,8.0,No clear directional edge.,FAR
2026-07-03T10:10:06.950133+00:00,BTC/USDT,SHORT,77.0,22.0,13.0,22.0,9.0,No clear directional edge.,MEDIUM
2026-07-03T10:10:11.897981+00:00,BNB/USDT,SHORT,77.0,22.0,13.0,22.0,9.0,No clear directional edge.,MEDIUM
2026-07-03T10:10:17.711316+00:00,ADA/USDT,LONG,62.0,21.0,21.0,17.0,4.0,No clear directional edge.,FAR
2026-07-03T10:10:21.640360+00:00,DOGE/USDT,SHORT,74.0,22.0,14.0,22.0,8.0,No clear directional edge.,FAR
2026-07-03T10:15:26.070330+00:00,BTC/USDT,SHORT,77.0,22.0,13.0,22.0,9.0,No clear directional edge.,MEDIUM
2026-07-03T10:15:33.023883+00:00,BNB/USDT,SHORT,80.0,23.0,13.0,23.0,10.0,No clear directional edge.,MEDIUM
2026-07-03T10:15:35.495455+00:00,XRP/USDT,LONG,68.0,20.0,20.0,14.0,6.0,No clear directional edge.,FAR
2026-07-03T10:15:40.726776+00:00,ADA/USDT,LONG,62.0,21.0,21.0,17.0,4.0,No clear directional edge.,FAR
2026-07-03T10:21:02.992369+00:00,BTC/USDT,SHORT,77.0,22.0,13.0,22.0,9.0,No clear directional edge.,MEDIUM
2026-07-03T10:21:10.472690+00:00,BNB/USDT,SHORT,80.0,23.0,13.0,23.0,10.0,No clear directional edge.,MEDIUM
2026-07-03T10:21:13.057690+00:00,XRP/USDT,LONG,68.0,20.0,20.0,14.0,6.0,No clear directional edge.,FAR
2026-07-03T10:21:18.624570+00:00,ADA/USDT,LONG,62.0,21.0,21.0,17.0,4.0,No clear directional edge.,FAR
2026-07-03T10:21:26.624332+00:00,DOGE/USDT,SHORT,74.0,22.0,14.0,22.0,8.0,No clear directional edge.,FAR
2026-07-03T10:26:31.325551+00:00,BTC/USDT,SHORT,77.0,22.0,13.0,22.0,9.0,No clear directional edge.,MEDIUM
2026-07-03T10:26:35.736801+00:00,BNB/USDT,SHORT,68.0,21.0,15.0,21.0,6.0,No clear directional edge.,FAR
2026-07-03T10:26:39.568363+00:00,ADA/USDT,LONG,62.0,21.0,21.0,17.0,4.0,No clear directional edge.,FAR
2026-07-03T10:26:43.270430+00:00,DOGE/USDT,SHORT,74.0,22.0,14.0,22.0,8.0,No clear directional edge.,FAR
2026-07-03T10:31:46.647773+00:00,BTC/USDT,SHORT,77.0,22.0,13.0,22.0,9.0,No clear directional edge.,MEDIUM
2026-07-03T10:31:50.779910+00:00,BNB/USDT,SHORT,68.0,21.0,15.0,21.0,6.0,No clear directional edge.,FAR
2026-07-03T10:31:53.749430+00:00,ADA/USDT,LONG,62.0,21.0,21.0,17.0,4.0,No clear directional edge.,FAR
2026-07-03T10:31:56.235201+00:00,DOGE/USDT,SHORT,74.0,22.0,14.0,22.0,8.0,No clear directional edge.,FAR
2026-07-03T10:36:59.676587+00:00,BTC/USDT,SHORT,77.0,22.0,13.0,22.0,9.0,No clear directional edge.,MEDIUM
2026-07-03T10:37:02.730352+00:00,BNB/USDT,SHORT,68.0,21.0,15.0,21.0,6.0,No clear directional edge.,FAR
2026-07-03T10:37:06.241850+00:00,ADA/USDT,LONG,62.0,21.0,21.0,17.0,4.0,No clear directional edge.,FAR
2026-07-03T10:42:13.695128+00:00,BTC/USDT,SHORT,80.0,23.0,13.0,23.0,10.0,No clear directional edge.,MEDIUM
2026-07-03T10:42:18.211358+00:00,BNB/USDT,SHORT,68.0,21.0,15.0,21.0,6.0,No clear directional edge.,FAR
2026-07-03T10:42:19.501903+00:00,XRP/USDT,LONG,62.0,21.0,21.0,17.0,4.0,No clear directional edge.,FAR
2026-07-03T10:42:21.555648+00:00,ADA/USDT,LONG,62.0,21.0,21.0,17.0,4.0,No clear directional edge.,FAR
2026-07-03T10:47:27.220712+00:00,BTC/USDT,SHORT,80.0,23.0,13.0,23.0,10.0,No clear directional edge.,MEDIUM
2026-07-03T10:47:28.312996+00:00,ETH/USDT,LONG,62.0,21.0,21.0,17.0,4.0,No clear directional edge.,FAR
2026-07-03T10:47:30.579102+00:00,BNB/USDT,SHORT,71.0,22.0,15.0,22.0,7.0,No clear directional edge.,FAR
2026-07-03T10:47:31.754722+00:00,XRP/USDT,LONG,62.0,21.0,21.0,17.0,4.0,No clear directional edge.,FAR
2026-07-03T10:47:34.142579+00:00,ADA/USDT,LONG,62.0,21.0,21.0,17.0,4.0,No clear directional edge.,FAR
2026-07-03T10:47:36.292091+00:00,DOGE/USDT,SHORT,68.0,21.0,15.0,21.0,6.0,No clear directional edge.,FAR
2026-07-03T10:52:40.632472+00:00,BTC/USDT,SHORT,80.0,23.0,13.0,23.0,10.0,No clear directional edge.,MEDIUM
2026-07-03T10:52:42.104473+00:00,ETH/USDT,LONG,62.0,21.0,21.0,17.0,4.0,No clear directional edge.,FAR
2026-07-03T10:52:44.950550+00:00,BNB/USDT,SHORT,71.0,22.0,15.0,22.0,7.0,No clear directional edge.,FAR
2026-07-03T10:52:46.696020+00:00,XRP/USDT,LONG,62.0,21.0,21.0,17.0,4.0,No clear directional edge.,FAR
2026-07-03T10:52:48.881968+00:00,ADA/USDT,LONG,62.0,21.0,21.0,17.0,4.0,No clear directional edge.,FAR
2026-07-03T10:52:51.629529+00:00,DOGE/USDT,SHORT,71.0,22.0,15.0,22.0,7.0,No clear directional edge.,FAR
2026-07-03T10:57:55.483441+00:00,BTC/USDT,SHORT,80.0,23.0,13.0,23.0,10.0,No clear directional edge.,MEDIUM
2026-07-03T10:57:56.406338+00:00,ETH/USDT,LONG,62.0,21.0,21.0,17.0,4.0,No clear directional edge.,FAR
2026-07-03T10:57:59.028775+00:00,BNB/USDT,SHORT,71.0,22.0,15.0,22.0,7.0,No clear directional edge.,FAR
2026-07-03T10:58:00.850378+00:00,XRP/USDT,LONG,62.0,21.0,21.0,17.0,4.0,No clear directional edge.,FAR
2026-07-03T10:58:03.034492+00:00,ADA/USDT,LONG,62.0,21.0,21.0,17.0,4.0,No clear directional edge.,FAR
2026-07-03T10:58:05.506991+00:00,DOGE/USDT,SHORT,68.0,21.0,15.0,21.0,6.0,No clear directional edge.,FAR
2026-07-03T11:03:08.901262+00:00,BTC/USDT,SHORT,80.0,23.0,13.0,23.0,10.0,No clear directional edge.,MEDIUM
2026-07-03T11:03:10.978706+00:00,ETH/USDT,LONG,62.0,21.0,21.0,17.0,4.0,No clear directional edge.,FAR
2026-07-03T11:03:13.474920+00:00,BNB/USDT,SHORT,71.0,22.0,15.0,22.0,7.0,No clear directional edge.,FAR
2026-07-03T11:03:14.300967+00:00,XRP/USDT,LONG,62.0,21.0,21.0,17.0,4.0,No clear directional edge.,FAR
2026-07-03T11:03:16.596339+00:00,ADA/USDT,LONG,62.0,21.0,21.0,17.0,4.0,No clear directional edge.,FAR
2026-07-03T11:03:19.757891+00:00,DOGE/USDT,SHORT,68.0,21.0,15.0,21.0,6.0,No clear directional edge.,FAR
2026-07-03T11:08:23.320642+00:00,BTC/USDT,SHORT,80.0,23.0,13.0,23.0,10.0,No clear directional edge.,MEDIUM
2026-07-03T11:08:24.271318+00:00,ETH/USDT,LONG,62.0,21.0,21.0,17.0,4.0,No clear directional edge.,FAR
2026-07-03T11:08:26.604637+00:00,BNB/USDT,SHORT,71.0,22.0,15.0,22.0,7.0,No clear directional edge.,FAR
2026-07-03T11:08:27.552266+00:00,XRP/USDT,LONG,62.0,21.0,21.0,17.0,4.0,No clear directional edge.,FAR
2026-07-03T11:08:29.600950+00:00,ADA/USDT,LONG,62.0,21.0,21.0,17.0,4.0,No clear directional edge.,FAR
2026-07-03T11:08:31.675023+00:00,DOGE/USDT,SHORT,71.0,22.0,15.0,22.0,7.0,No clear directional edge.,FAR
2026-07-03T11:13:35.183061+00:00,BTC/USDT,SHORT,80.0,23.0,13.0,23.0,10.0,No clear directional edge.,MEDIUM
2026-07-03T11:13:36.139953+00:00,ETH/USDT,LONG,62.0,21.0,21.0,17.0,4.0,No clear directional edge.,FAR
2026-07-03T11:13:38.253883+00:00,BNB/USDT,SHORT,71.0,22.0,15.0,22.0,7.0,No clear directional edge.,FAR
2026-07-03T11:13:39.197546+00:00,XRP/USDT,LONG,62.0,21.0,21.0,17.0,4.0,No clear directional edge.,FAR
2026-07-03T11:13:41.756427+00:00,ADA/USDT,LONG,62.0,21.0,21.0,17.0,4.0,No clear directional edge.,FAR
2026-07-03T11:13:45.651646+00:00,DOGE/USDT,SHORT,71.0,22.0,15.0,22.0,7.0,No clear directional edge.,FAR
2026-07-03T11:18:50.103330+00:00,BTC/USDT,SHORT,80.0,23.0,13.0,23.0,10.0,No clear directional edge.,MEDIUM
2026-07-03T11:18:51.613264+00:00,ETH/USDT,LONG,62.0,21.0,21.0,17.0,4.0,No clear directional edge.,FAR
2026-07-03T11:18:55.053538+00:00,BNB/USDT,SHORT,71.0,22.0,15.0,22.0,7.0,No clear directional edge.,FAR
2026-07-03T11:18:56.675803+00:00,XRP/USDT,LONG,62.0,21.0,21.0,17.0,4.0,No clear directional edge.,FAR
2026-07-03T11:18:58.843465+00:00,ADA/USDT,LONG,62.0,21.0,21.0,17.0,4.0,No clear directional edge.,FAR
2026-07-03T11:19:00.702763+00:00,DOGE/USDT,SHORT,71.0,22.0,15.0,22.0,7.0,No clear directional edge.,FAR
2026-07-03T11:24:03.975485+00:00,BTC/USDT,SHORT,80.0,23.0,13.0,23.0,10.0,No clear directional edge.,MEDIUM
2026-07-03T11:24:05.633199+00:00,ETH/USDT,LONG,62.0,21.0,21.0,17.0,4.0,No clear directional edge.,FAR
2026-07-03T11:24:08.073637+00:00,BNB/USDT,SHORT,71.0,22.0,15.0,22.0,7.0,No clear directional edge.,FAR
2026-07-03T11:24:09.015859+00:00,XRP/USDT,LONG,62.0,21.0,21.0,17.0,4.0,No clear directional edge.,FAR
2026-07-03T11:24:11.040870+00:00,ADA/USDT,LONG,62.0,21.0,21.0,17.0,4.0,No clear directional edge.,FAR
2026-07-03T11:24:12.965279+00:00,DOGE/USDT,SHORT,71.0,22.0,15.0,22.0,7.0,No clear directional edge.,FAR
2026-07-03T11:29:17.567659+00:00,BTC/USDT,SHORT,80.0,23.0,13.0,23.0,10.0,No clear directional edge.,MEDIUM
2026-07-03T11:29:18.404976+00:00,ETH/USDT,LONG,62.0,21.0,21.0,17.0,4.0,No clear directional edge.,FAR
2026-07-03T11:29:20.694049+00:00,BNB/USDT,SHORT,71.0,22.0,15.0,22.0,7.0,No clear directional edge.,FAR
2026-07-03T11:29:21.730046+00:00,XRP/USDT,LONG,62.0,21.0,21.0,17.0,4.0,No clear directional edge.,FAR
2026-07-03T11:29:23.793510+00:00,ADA/USDT,LONG,62.0,21.0,21.0,17.0,4.0,No clear directional edge.,FAR
2026-07-03T11:29:26.059158+00:00,DOGE/USDT,SHORT,71.0,22.0,15.0,22.0,7.0,No clear directional edge.,FAR
2026-07-03T11:34:30.407371+00:00,BTC/USDT,SHORT,80.0,23.0,13.0,23.0,10.0,No clear directional edge.,MEDIUM
2026-07-03T11:34:31.325370+00:00,ETH/USDT,LONG,62.0,21.0,21.0,17.0,4.0,No clear directional edge.,FAR
2026-07-03T11:34:33.763178+00:00,BNB/USDT,SHORT,71.0,22.0,15.0,22.0,7.0,No clear directional edge.,FAR
2026-07-03T11:34:34.703534+00:00,XRP/USDT,LONG,62.0,21.0,21.0,17.0,4.0,No clear directional edge.,FAR
2026-07-03T11:34:37.000659+00:00,ADA/USDT,LONG,62.0,21.0,21.0,17.0,4.0,No clear directional edge.,FAR
2026-07-03T11:34:38.918977+00:00,DOGE/USDT,SHORT,71.0,22.0,15.0,22.0,7.0,No clear directional edge.,FAR
2026-07-03T11:39:42.793359+00:00,BTC/USDT,SHORT,80.0,23.0,13.0,23.0,10.0,No clear directional edge.,MEDIUM
2026-07-03T11:39:43.710536+00:00,ETH/USDT,LONG,62.0,21.0,21.0,17.0,4.0,No clear directional edge.,FAR
2026-07-03T11:39:45.734559+00:00,BNB/USDT,SHORT,71.0,22.0,15.0,22.0,7.0,No clear directional edge.,FAR
2026-07-03T11:39:46.646840+00:00,XRP/USDT,LONG,62.0,21.0,21.0,17.0,4.0,No clear directional edge.,FAR
2026-07-03T11:39:49.560980+00:00,ADA/USDT,LONG,62.0,21.0,21.0,17.0,4.0,No clear directional edge.,FAR
2026-07-03T11:39:52.729490+00:00,DOGE/USDT,SHORT,71.0,22.0,15.0,22.0,7.0,No clear directional edge.,FAR
2026-07-03T11:44:56.040647+00:00,BTC/USDT,SHORT,80.0,23.0,13.0,23.0,10.0,No clear directional edge.,MEDIUM
2026-07-03T11:44:57.077847+00:00,ETH/USDT,LONG,62.0,21.0,21.0,17.0,4.0,No clear directional edge.,FAR
2026-07-03T11:44:59.473683+00:00,BNB/USDT,SHORT,71.0,22.0,15.0,22.0,7.0,No clear directional edge.,FAR
2026-07-03T11:45:00.863957+00:00,XRP/USDT,LONG,62.0,21.0,21.0,17.0,4.0,No clear directional edge.,FAR
2026-07-03T11:45:04.261231+00:00,ADA/USDT,LONG,62.0,21.0,21.0,17.0,4.0,No clear directional edge.,FAR
2026-07-03T11:45:06.447925+00:00,DOGE/USDT,SHORT,71.0,22.0,15.0,22.0,7.0,No clear directional edge.,FAR
2026-07-03T11:50:10.273328+00:00,BTC/USDT,SHORT,83.0,24.0,13.0,24.0,11.0,No clear directional edge.,MEDIUM
2026-07-03T11:50:11.213063+00:00,ETH/USDT,LONG,62.0,21.0,21.0,17.0,4.0,No clear directional edge.,FAR
2026-07-03T11:50:13.279077+00:00,BNB/USDT,SHORT,71.0,22.0,15.0,22.0,7.0,No clear directional edge.,FAR
2026-07-03T11:50:14.214371+00:00,XRP/USDT,LONG,62.0,21.0,21.0,17.0,4.0,No clear directional edge.,FAR
2026-07-03T11:50:16.721545+00:00,ADA/USDT,LONG,62.0,21.0,21.0,17.0,4.0,No clear directional edge.,FAR
2026-07-03T11:50:18.922250+00:00,DOGE/USDT,SHORT,71.0,22.0,15.0,22.0,7.0,No clear directional edge.,FAR
2026-07-03T11:55:22.375452+00:00,BTC/USDT,SHORT,83.0,24.0,13.0,24.0,11.0,No clear directional edge.,MEDIUM
2026-07-03T11:55:23.307294+00:00,ETH/USDT,LONG,62.0,21.0,21.0,17.0,4.0,No clear directional edge.,FAR
2026-07-03T11:55:27.088100+00:00,BNB/USDT,SHORT,71.0,22.0,15.0,22.0,7.0,No clear directional edge.,FAR
2026-07-03T11:55:27.914069+00:00,XRP/USDT,LONG,62.0,21.0,21.0,17.0,4.0,No clear directional edge.,FAR
2026-07-03T11:55:30.281224+00:00,ADA/USDT,LONG,62.0,21.0,21.0,17.0,4.0,No clear directional edge.,FAR
2026-07-03T11:55:32.138330+00:00,DOGE/USDT,SHORT,71.0,22.0,15.0,22.0,7.0,No clear directional edge.,FAR
2026-07-03T12:00:37.820350+00:00,ETH/USDT,LONG,62.0,21.0,21.0,17.0,4.0,No clear directional edge.,FAR
2026-07-03T12:00:40.029907+00:00,BNB/USDT,SHORT,71.0,22.0,15.0,22.0,7.0,No clear directional edge.,FAR
2026-07-03T12:00:41.210779+00:00,XRP/USDT,LONG,62.0,21.0,21.0,17.0,4.0,No clear directional edge.,FAR
2026-07-03T12:00:43.398996+00:00,ADA/USDT,LONG,62.0,21.0,21.0,17.0,4.0,No clear directional edge.,FAR
2026-07-03T12:00:46.001184+00:00,DOGE/USDT,SHORT,71.0,22.0,15.0,22.0,7.0,No clear directional edge.,FAR
2026-07-03T12:05:53.508434+00:00,ETH/USDT,LONG,62.0,21.0,21.0,17.0,4.0,No clear directional edge.,FAR
2026-07-03T12:05:57.944984+00:00,BNB/USDT,SHORT,71.0,22.0,15.0,22.0,7.0,No clear directional edge.,FAR
2026-07-03T12:06:01.701005+00:00,XRP/USDT,LONG,62.0,21.0,21.0,17.0,4.0,No clear directional edge.,FAR
2026-07-03T12:06:07.712169+00:00,ADA/USDT,LONG,62.0,21.0,21.0,17.0,4.0,No clear directional edge.,FAR
2026-07-03T12:06:22.770621+00:00,DOGE/USDT,SHORT,71.0,22.0,15.0,22.0,7.0,No clear directional edge.,FAR
2026-07-03T12:11:26.126020+00:00,BTC/USDT,LONG,65.0,21.0,21.0,16.0,5.0,No clear directional edge.,FAR
2026-07-03T12:11:27.239115+00:00,ETH/USDT,LONG,62.0,21.0,21.0,17.0,4.0,No clear directional edge.,FAR
2026-07-03T12:11:29.998568+00:00,BNB/USDT,SHORT,71.0,22.0,15.0,22.0,7.0,No clear directional edge.,FAR
2026-07-03T12:11:30.899360+00:00,XRP/USDT,LONG,62.0,21.0,21.0,17.0,4.0,No clear directional edge.,FAR
2026-07-03T12:11:32.941961+00:00,ADA/USDT,LONG,62.0,21.0,21.0,17.0,4.0,No clear directional edge.,FAR
2026-07-03T12:11:35.158106+00:00,DOGE/USDT,SHORT,71.0,22.0,15.0,22.0,7.0,No clear directional edge.,FAR
2026-07-03T12:16:40.812104+00:00,ETH/USDT,LONG,62.0,21.0,21.0,17.0,4.0,No clear directional edge.,FAR
2026-07-03T12:16:43.466977+00:00,BNB/USDT,SHORT,71.0,22.0,15.0,22.0,7.0,No clear directional edge.,FAR
2026-07-03T12:16:44.831829+00:00,XRP/USDT,LONG,62.0,21.0,21.0,17.0,4.0,No clear directional edge.,FAR
2026-07-03T12:16:47.178891+00:00,ADA/USDT,LONG,62.0,21.0,21.0,17.0,4.0,No clear directional edge.,FAR
2026-07-03T12:16:49.774023+00:00,DOGE/USDT,SHORT,71.0,22.0,15.0,22.0,7.0,No clear directional edge.,FAR
2026-07-03T12:21:54.898514+00:00,ETH/USDT,LONG,68.0,21.0,21.0,15.0,6.0,No clear directional edge.,FAR
2026-07-03T12:21:57.522453+00:00,BNB/USDT,SHORT,68.0,21.0,15.0,21.0,6.0,No clear directional edge.,FAR
2026-07-03T12:21:58.449485+00:00,XRP/USDT,LONG,71.0,21.0,21.0,14.0,7.0,No clear directional edge.,FAR
2026-07-03T12:22:00.699240+00:00,ADA/USDT,LONG,62.0,21.0,21.0,17.0,4.0,No clear directional edge.,FAR
2026-07-03T12:22:01.825132+00:00,AVAX/USDT,LONG,65.0,21.0,21.0,16.0,5.0,No clear directional edge.,FAR
2026-07-03T12:22:02.651458+00:00,DOGE/USDT,SHORT,71.0,22.0,15.0,22.0,7.0,No clear directional edge.,FAR
2026-07-03T12:27:08.455232+00:00,ETH/USDT,LONG,68.0,21.0,21.0,15.0,6.0,No clear directional edge.,FAR
2026-07-03T12:27:11.208675+00:00,BNB/USDT,SHORT,62.0,19.0,15.0,19.0,4.0,No clear directional edge.,FAR
2026-07-03T12:27:12.597992+00:00,XRP/USDT,LONG,71.0,21.0,21.0,14.0,7.0,No clear directional edge.,FAR
2026-07-03T12:27:17.144447+00:00,ADA/USDT,LONG,62.0,21.0,21.0,17.0,4.0,No clear directional edge.,FAR
2026-07-03T12:27:18.309274+00:00,AVAX/USDT,LONG,65.0,21.0,21.0,16.0,5.0,No clear directional edge.,FAR
2026-07-03T12:27:19.374904+00:00,DOGE/USDT,SHORT,71.0,22.0,15.0,22.0,7.0,No clear directional edge.,FAR
2026-07-03T12:32:23.842208+00:00,ETH/USDT,LONG,68.0,21.0,21.0,15.0,6.0,No clear directional edge.,FAR
2026-07-03T12:32:25.939022+00:00,BNB/USDT,SHORT,62.0,19.0,15.0,19.0,4.0,No clear directional edge.,FAR
2026-07-03T12:32:26.864715+00:00,XRP/USDT,LONG,71.0,21.0,21.0,14.0,7.0,No clear directional edge.,FAR
2026-07-03T12:32:28.808059+00:00,ADA/USDT,LONG,62.0,21.0,21.0,17.0,4.0,No clear directional edge.,FAR
2026-07-03T12:32:29.838501+00:00,AVAX/USDT,LONG,65.0,21.0,21.0,16.0,5.0,No clear directional edge.,FAR
2026-07-03T12:32:32.144193+00:00,DOGE/USDT,SHORT,71.0,22.0,15.0,22.0,7.0,No clear directional edge.,FAR
2026-07-03T12:37:36.588189+00:00,ETH/USDT,LONG,68.0,21.0,21.0,15.0,6.0,No clear directional edge.,FAR
2026-07-03T12:37:38.705037+00:00,BNB/USDT,SHORT,62.0,19.0,15.0,19.0,4.0,No clear directional edge.,FAR
2026-07-03T12:37:39.532985+00:00,XRP/USDT,LONG,71.0,21.0,21.0,14.0,7.0,No clear directional edge.,FAR
2026-07-03T12:37:41.497019+00:00,ADA/USDT,LONG,62.0,21.0,21.0,17.0,4.0,No clear directional edge.,FAR
2026-07-03T12:37:42.829221+00:00,AVAX/USDT,LONG,65.0,21.0,21.0,16.0,5.0,No clear directional edge.,FAR
2026-07-03T12:37:43.733262+00:00,DOGE/USDT,SHORT,71.0,22.0,15.0,22.0,7.0,No clear directional edge.,FAR
2026-07-03T12:42:49.153645+00:00,ETH/USDT,LONG,68.0,21.0,21.0,15.0,6.0,No clear directional edge.,FAR
2026-07-03T12:42:51.745184+00:00,BNB/USDT,SHORT,62.0,19.0,15.0,19.0,4.0,No clear directional edge.,FAR
2026-07-03T12:42:53.163468+00:00,XRP/USDT,LONG,71.0,21.0,21.0,14.0,7.0,No clear directional edge.,FAR
2026-07-03T12:42:55.771421+00:00,ADA/USDT,LONG,62.0,21.0,21.0,17.0,4.0,No clear directional edge.,FAR
2026-07-03T12:42:56.797738+00:00,AVAX/USDT,LONG,65.0,21.0,21.0,16.0,5.0,No clear directional edge.,FAR
2026-07-03T12:42:58.292511+00:00,DOGE/USDT,SHORT,71.0,22.0,15.0,22.0,7.0,No clear directional edge.,FAR
2026-07-03T12:48:03.649062+00:00,ETH/USDT,LONG,68.0,21.0,21.0,15.0,6.0,No clear directional edge.,FAR
2026-07-03T12:48:05.715661+00:00,BNB/USDT,SHORT,62.0,19.0,15.0,19.0,4.0,No clear directional edge.,FAR
2026-07-03T12:48:06.661463+00:00,XRP/USDT,LONG,71.0,21.0,21.0,14.0,7.0,No clear directional edge.,FAR
2026-07-03T12:48:09.249553+00:00,ADA/USDT,LONG,62.0,21.0,21.0,17.0,4.0,No clear directional edge.,FAR
2026-07-03T12:48:10.254643+00:00,AVAX/USDT,LONG,65.0,21.0,21.0,16.0,5.0,No clear directional edge.,FAR
2026-07-03T12:48:11.094813+00:00,DOGE/USDT,SHORT,71.0,22.0,15.0,22.0,7.0,No clear directional edge.,FAR
2026-07-03T12:53:15.490537+00:00,ETH/USDT,LONG,68.0,21.0,21.0,15.0,6.0,No clear directional edge.,FAR
2026-07-03T12:53:17.747893+00:00,BNB/USDT,SHORT,62.0,19.0,15.0,19.0,4.0,No clear directional edge.,FAR
2026-07-03T12:53:18.642669+00:00,XRP/USDT,LONG,68.0,21.0,21.0,15.0,6.0,No clear directional edge.,FAR
2026-07-03T12:53:20.761265+00:00,ADA/USDT,LONG,62.0,21.0,21.0,17.0,4.0,No clear directional edge.,FAR
2026-07-03T12:53:21.773208+00:00,AVAX/USDT,LONG,65.0,21.0,21.0,16.0,5.0,No clear directional edge.,FAR
2026-07-03T12:53:22.901518+00:00,DOGE/USDT,SHORT,71.0,22.0,15.0,22.0,7.0,No clear directional edge.,FAR
2026-07-03T12:58:27.575405+00:00,ETH/USDT,LONG,68.0,21.0,21.0,15.0,6.0,No clear directional edge.,FAR
2026-07-03T12:58:29.982341+00:00,BNB/USDT,SHORT,62.0,19.0,15.0,19.0,4.0,No clear directional edge.,FAR
2026-07-03T12:58:31.008907+00:00,XRP/USDT,LONG,68.0,21.0,21.0,15.0,6.0,No clear directional edge.,FAR
2026-07-03T12:58:33.045307+00:00,ADA/USDT,LONG,62.0,21.0,21.0,17.0,4.0,No clear directional edge.,FAR
2026-07-03T12:58:34.070254+00:00,AVAX/USDT,LONG,65.0,21.0,21.0,16.0,5.0,No clear directional edge.,FAR
2026-07-03T12:58:35.276735+00:00,DOGE/USDT,SHORT,71.0,22.0,15.0,22.0,7.0,No clear directional edge.,FAR
2026-07-03T13:03:40.333916+00:00,ETH/USDT,LONG,68.0,21.0,21.0,15.0,6.0,No clear directional edge.,FAR
2026-07-03T13:03:43.427133+00:00,BNB/USDT,SHORT,62.0,19.0,15.0,19.0,4.0,No clear directional edge.,FAR
2026-07-03T13:03:45.161627+00:00,XRP/USDT,LONG,62.0,21.0,21.0,17.0,4.0,No clear directional edge.,FAR
2026-07-03T13:03:47.804223+00:00,ADA/USDT,LONG,62.0,21.0,21.0,17.0,4.0,No clear directional edge.,FAR
2026-07-03T13:03:49.881969+00:00,AVAX/USDT,LONG,65.0,21.0,21.0,16.0,5.0,No clear directional edge.,FAR
2026-07-03T13:03:51.387098+00:00,DOGE/USDT,SHORT,71.0,22.0,15.0,22.0,7.0,No clear directional edge.,FAR
2026-07-03T13:08:56.571469+00:00,ETH/USDT,LONG,62.0,21.0,21.0,17.0,4.0,No clear directional edge.,FAR
2026-07-03T13:08:59.484180+00:00,BNB/USDT,SHORT,68.0,21.0,15.0,21.0,6.0,No clear directional edge.,FAR
2026-07-03T13:09:01.682460+00:00,XRP/USDT,LONG,62.0,21.0,21.0,17.0,4.0,No clear directional edge.,FAR
2026-07-03T13:09:04.221471+00:00,ADA/USDT,LONG,62.0,21.0,21.0,17.0,4.0,No clear directional edge.,FAR
2026-07-03T13:09:05.661284+00:00,AVAX/USDT,LONG,65.0,21.0,21.0,16.0,5.0,No clear directional edge.,FAR
2026-07-03T13:09:06.582437+00:00,DOGE/USDT,SHORT,71.0,22.0,15.0,22.0,7.0,No clear directional edge.,FAR
2026-07-03T13:14:11.820157+00:00,ETH/USDT,LONG,62.0,21.0,21.0,17.0,4.0,No clear directional edge.,FAR
2026-07-03T13:14:14.225190+00:00,BNB/USDT,SHORT,68.0,21.0,15.0,21.0,6.0,No clear directional edge.,FAR
2026-07-03T13:14:15.353864+00:00,XRP/USDT,LONG,62.0,21.0,21.0,17.0,4.0,No clear directional edge.,FAR
2026-07-03T13:14:17.906474+00:00,ADA/USDT,LONG,62.0,21.0,21.0,17.0,4.0,No clear directional edge.,FAR
2026-07-03T13:14:19.970238+00:00,DOGE/USDT,SHORT,71.0,22.0,15.0,22.0,7.0,No clear directional edge.,FAR
2026-07-03T13:19:24.595845+00:00,ETH/USDT,LONG,62.0,21.0,21.0,17.0,4.0,No clear directional edge.,FAR
2026-07-03T13:19:26.920330+00:00,BNB/USDT,SHORT,68.0,21.0,15.0,21.0,6.0,No clear directional edge.,FAR
2026-07-03T13:19:27.843744+00:00,XRP/USDT,LONG,62.0,21.0,21.0,17.0,4.0,No clear directional edge.,FAR
2026-07-03T13:19:30.222396+00:00,ADA/USDT,LONG,62.0,21.0,21.0,17.0,4.0,No clear directional edge.,FAR
2026-07-03T13:19:32.794116+00:00,DOGE/USDT,SHORT,71.0,22.0,15.0,22.0,7.0,No clear directional edge.,FAR
2026-07-03T13:24:39.171282+00:00,ETH/USDT,LONG,62.0,21.0,21.0,17.0,4.0,No clear directional edge.,FAR
2026-07-03T13:24:41.520003+00:00,BNB/USDT,SHORT,71.0,22.0,15.0,22.0,7.0,No clear directional edge.,FAR
2026-07-03T13:24:42.344173+00:00,XRP/USDT,LONG,62.0,21.0,21.0,17.0,4.0,No clear directional edge.,FAR
2026-07-03T13:24:44.889010+00:00,ADA/USDT,LONG,62.0,21.0,21.0,17.0,4.0,No clear directional edge.,FAR
2026-07-03T13:24:46.722395+00:00,DOGE/USDT,SHORT,71.0,22.0,15.0,22.0,7.0,No clear directional edge.,FAR
2026-07-03T13:29:51.685417+00:00,ETH/USDT,LONG,62.0,21.0,21.0,17.0,4.0,No clear directional edge.,FAR
2026-07-03T13:29:53.966236+00:00,BNB/USDT,SHORT,71.0,22.0,15.0,22.0,7.0,No clear directional edge.,FAR
2026-07-03T13:29:55.289618+00:00,XRP/USDT,LONG,62.0,21.0,21.0,17.0,4.0,No clear directional edge.,FAR
2026-07-03T13:29:57.369887+00:00,ADA/USDT,LONG,62.0,21.0,21.0,17.0,4.0,No clear directional edge.,FAR
2026-07-03T13:29:59.180175+00:00,DOGE/USDT,SHORT,71.0,22.0,15.0,22.0,7.0,No clear directional edge.,FAR
2026-07-03T13:35:04.458253+00:00,ETH/USDT,LONG,62.0,21.0,21.0,17.0,4.0,No clear directional edge.,FAR
2026-07-03T13:35:06.410017+00:00,BNB/USDT,SHORT,68.0,21.0,15.0,21.0,6.0,No clear directional edge.,FAR
2026-07-03T13:35:07.301114+00:00,XRP/USDT,LONG,62.0,21.0,21.0,17.0,4.0,No clear directional edge.,FAR
2026-07-03T13:35:09.089693+00:00,ADA/USDT,LONG,62.0,21.0,21.0,17.0,4.0,No clear directional edge.,FAR
2026-07-03T13:35:10.914979+00:00,DOGE/USDT,SHORT,71.0,22.0,15.0,22.0,7.0,No clear directional edge.,FAR
2026-07-03T13:40:15.602407+00:00,ETH/USDT,LONG,62.0,21.0,21.0,17.0,4.0,No clear directional edge.,FAR
2026-07-03T13:40:17.734042+00:00,BNB/USDT,SHORT,68.0,21.0,15.0,21.0,6.0,No clear directional edge.,FAR
2026-07-03T13:40:19.133890+00:00,XRP/USDT,LONG,62.0,21.0,21.0,17.0,4.0,No clear directional edge.,FAR
2026-07-03T13:40:21.558335+00:00,ADA/USDT,LONG,62.0,21.0,21.0,17.0,4.0,No clear directional edge.,FAR
2026-07-03T13:40:23.621174+00:00,DOGE/USDT,SHORT,71.0,22.0,15.0,22.0,7.0,No clear directional edge.,FAR
2026-07-03T13:45:28.283327+00:00,ETH/USDT,LONG,62.0,21.0,21.0,17.0,4.0,No clear directional edge.,FAR
2026-07-03T13:45:30.642186+00:00,BNB/USDT,SHORT,71.0,22.0,15.0,22.0,7.0,No clear directional edge.,FAR
2026-07-03T13:45:32.158094+00:00,XRP/USDT,LONG,62.0,21.0,21.0,17.0,4.0,No clear directional edge.,FAR
2026-07-03T13:45:34.239544+00:00,ADA/USDT,LONG,62.0,21.0,21.0,17.0,4.0,No clear directional edge.,FAR
2026-07-03T13:45:36.097215+00:00,DOGE/USDT,SHORT,71.0,22.0,15.0,22.0,7.0,No clear directional edge.,FAR
2026-07-03T13:50:41.397498+00:00,ETH/USDT,LONG,62.0,21.0,21.0,17.0,4.0,No clear directional edge.,FAR
2026-07-03T13:50:43.741889+00:00,BNB/USDT,SHORT,71.0,22.0,15.0,22.0,7.0,No clear directional edge.,FAR
2026-07-03T13:50:44.650291+00:00,XRP/USDT,LONG,62.0,21.0,21.0,17.0,4.0,No clear directional edge.,FAR
2026-07-03T13:50:47.381912+00:00,ADA/USDT,LONG,62.0,21.0,21.0,17.0,4.0,No clear directional edge.,FAR
2026-07-03T13:50:50.261363+00:00,DOGE/USDT,SHORT,71.0,22.0,15.0,22.0,7.0,No clear directional edge.,FAR
2026-07-03T13:55:54.481522+00:00,ETH/USDT,LONG,62.0,21.0,21.0,17.0,4.0,No clear directional edge.,FAR
2026-07-03T13:55:56.714627+00:00,BNB/USDT,SHORT,71.0,22.0,15.0,22.0,7.0,No clear directional edge.,FAR
2026-07-03T13:55:58.308607+00:00,XRP/USDT,LONG,62.0,21.0,21.0,17.0,4.0,No clear directional edge.,FAR
2026-07-03T13:56:00.745571+00:00,ADA/USDT,LONG,62.0,21.0,21.0,17.0,4.0,No clear directional edge.,FAR
2026-07-03T13:56:03.033716+00:00,DOGE/USDT,SHORT,71.0,22.0,15.0,22.0,7.0,No clear directional edge.,FAR
2026-07-03T14:01:08.229101+00:00,ETH/USDT,LONG,62.0,21.0,21.0,17.0,4.0,No clear directional edge.,FAR
2026-07-03T14:01:11.248211+00:00,BNB/USDT,SHORT,68.0,21.0,15.0,21.0,6.0,No clear directional edge.,FAR
2026-07-03T14:01:12.396962+00:00,XRP/USDT,LONG,62.0,21.0,21.0,17.0,4.0,No clear directional edge.,FAR
2026-07-03T14:01:14.543718+00:00,ADA/USDT,LONG,62.0,21.0,21.0,17.0,4.0,No clear directional edge.,FAR
2026-07-03T14:01:17.089975+00:00,DOGE/USDT,SHORT,71.0,22.0,15.0,22.0,7.0,No clear directional edge.,FAR
2026-07-03T14:06:22.160930+00:00,ETH/USDT,LONG,62.0,21.0,21.0,17.0,4.0,No clear directional edge.,FAR
2026-07-03T14:06:25.351797+00:00,BNB/USDT,SHORT,68.0,21.0,15.0,21.0,6.0,No clear directional edge.,FAR
2026-07-03T14:06:26.292556+00:00,XRP/USDT,LONG,62.0,21.0,21.0,17.0,4.0,No clear directional edge.,FAR
2026-07-03T14:06:28.421323+00:00,ADA/USDT,LONG,62.0,21.0,21.0,17.0,4.0,No clear directional edge.,FAR
2026-07-03T14:06:30.841791+00:00,DOGE/USDT,SHORT,71.0,22.0,15.0,22.0,7.0,No clear directional edge.,FAR
2026-07-03T14:11:35.274617+00:00,ETH/USDT,LONG,62.0,21.0,21.0,17.0,4.0,No clear directional edge.,FAR
2026-07-03T14:11:37.700077+00:00,BNB/USDT,SHORT,68.0,21.0,15.0,21.0,6.0,No clear directional edge.,FAR
2026-07-03T14:11:38.729292+00:00,XRP/USDT,LONG,62.0,21.0,21.0,17.0,4.0,No clear directional edge.,FAR
2026-07-03T14:11:41.778038+00:00,ADA/USDT,LONG,62.0,21.0,21.0,17.0,4.0,No clear directional edge.,FAR
2026-07-03T14:11:45.497841+00:00,DOGE/USDT,SHORT,71.0,22.0,15.0,22.0,7.0,No clear directional edge.,FAR
2026-07-03T14:16:52.394128+00:00,BNB/USDT,SHORT,62.0,19.0,15.0,19.0,4.0,No clear directional edge.,FAR
2026-07-03T14:16:53.849282+00:00,XRP/USDT,LONG,62.0,21.0,21.0,17.0,4.0,No clear directional edge.,FAR
2026-07-03T14:16:56.390020+00:00,ADA/USDT,LONG,62.0,21.0,21.0,17.0,4.0,No clear directional edge.,FAR
2026-07-03T14:16:58.906659+00:00,DOGE/USDT,SHORT,71.0,22.0,15.0,22.0,7.0,No clear directional edge.,FAR
2026-07-03T14:22:04.148377+00:00,ETH/USDT,LONG,65.0,18.0,18.0,13.0,5.0,No clear directional edge.,FAR
2026-07-03T14:22:07.349542+00:00,XRP/USDT,LONG,71.0,21.0,21.0,14.0,7.0,No clear directional edge.,FAR
2026-07-03T14:22:08.380314+00:00,LINK/USDT,LONG,65.0,18.0,18.0,13.0,5.0,No clear directional edge.,FAR
2026-07-03T14:22:09.407717+00:00,ADA/USDT,LONG,62.0,21.0,21.0,17.0,4.0,No clear directional edge.,FAR
2026-07-03T14:22:11.717466+00:00,DOGE/USDT,SHORT,62.0,19.0,15.0,19.0,4.0,No clear directional edge.,FAR
2026-07-03T14:27:18.034795+00:00,BNB/USDT,SHORT,62.0,19.0,15.0,19.0,4.0,No clear directional edge.,FAR
2026-07-03T14:27:19.208899+00:00,XRP/USDT,LONG,62.0,21.0,21.0,17.0,4.0,No clear directional edge.,FAR
2026-07-03T14:27:21.043205+00:00,ADA/USDT,LONG,62.0,21.0,21.0,17.0,4.0,No clear directional edge.,FAR
2026-07-03T14:27:24.660339+00:00,DOGE/USDT,SHORT,65.0,20.0,15.0,20.0,5.0,No clear directional edge.,FAR
2026-07-03T14:32:31.307157+00:00,BNB/USDT,SHORT,62.0,19.0,15.0,19.0,4.0,No clear directional edge.,FAR
2026-07-03T14:32:32.873110+00:00,XRP/USDT,LONG,62.0,21.0,21.0,17.0,4.0,No clear directional edge.,FAR
2026-07-03T14:32:35.634052+00:00,ADA/USDT,LONG,62.0,21.0,21.0,17.0,4.0,No clear directional edge.,FAR
2026-07-03T14:32:37.722998+00:00,DOGE/USDT,SHORT,71.0,22.0,15.0,22.0,7.0,No clear directional edge.,FAR
2026-07-03T14:37:45.032654+00:00,BNB/USDT,SHORT,62.0,19.0,15.0,19.0,4.0,No clear directional edge.,FAR
2026-07-03T14:37:46.426527+00:00,XRP/USDT,LONG,62.0,21.0,21.0,17.0,4.0,No clear directional edge.,FAR
2026-07-03T14:37:48.442298+00:00,ADA/USDT,LONG,62.0,21.0,21.0,17.0,4.0,No clear directional edge.,FAR
2026-07-03T14:37:50.675092+00:00,DOGE/USDT,SHORT,71.0,22.0,15.0,22.0,7.0,No clear directional edge.,FAR
2026-07-03T14:42:53.665351+00:00,BTC/USDT,LONG,68.0,20.0,20.0,14.0,6.0,No clear directional edge.,FAR
2026-07-03T14:42:55.606550+00:00,ETH/USDT,LONG,68.0,21.0,21.0,15.0,6.0,No clear directional edge.,FAR
2026-07-03T14:42:57.716073+00:00,BNB/USDT,SHORT,62.0,19.0,15.0,19.0,4.0,No clear directional edge.,FAR
2026-07-03T14:42:58.881247+00:00,XRP/USDT,LONG,62.0,21.0,21.0,17.0,4.0,No clear directional edge.,FAR
2026-07-03T14:43:01.100521+00:00,ADA/USDT,LONG,62.0,21.0,21.0,17.0,4.0,No clear directional edge.,FAR
2026-07-03T14:43:03.031485+00:00,DOGE/USDT,SHORT,71.0,22.0,15.0,22.0,7.0,No clear directional edge.,FAR
2026-07-03T14:48:05.981476+00:00,BTC/USDT,LONG,62.0,20.0,20.0,16.0,4.0,No clear directional edge.,FAR
2026-07-03T14:48:07.226942+00:00,ETH/USDT,LONG,68.0,21.0,21.0,15.0,6.0,No clear directional edge.,FAR
2026-07-03T14:48:10.452013+00:00,BNB/USDT,SHORT,62.0,19.0,15.0,19.0,4.0,No clear directional edge.,FAR
2026-07-03T14:48:11.601088+00:00,XRP/USDT,LONG,62.0,21.0,21.0,17.0,4.0,No clear directional edge.,FAR
2026-07-03T14:48:13.939415+00:00,ADA/USDT,LONG,62.0,21.0,21.0,17.0,4.0,No clear directional edge.,FAR
2026-07-03T14:48:16.362071+00:00,DOGE/USDT,SHORT,71.0,22.0,15.0,22.0,7.0,No clear directional edge.,FAR
2026-07-03T14:53:19.097148+00:00,BTC/USDT,LONG,65.0,21.0,21.0,16.0,5.0,No clear directional edge.,FAR
2026-07-03T14:53:20.128053+00:00,ETH/USDT,LONG,68.0,21.0,21.0,15.0,6.0,No clear directional edge.,FAR
2026-07-03T14:53:22.064395+00:00,BNB/USDT,SHORT,68.0,21.0,15.0,21.0,6.0,No clear directional edge.,FAR
2026-07-03T14:53:23.691970+00:00,XRP/USDT,LONG,62.0,21.0,21.0,17.0,4.0,No clear directional edge.,FAR
2026-07-03T14:53:26.306062+00:00,ADA/USDT,LONG,62.0,21.0,21.0,17.0,4.0,No clear directional edge.,FAR
2026-07-03T14:53:28.375827+00:00,DOGE/USDT,SHORT,71.0,22.0,15.0,22.0,7.0,No clear directional edge.,FAR
2026-07-03T14:55:11.634523+00:00,BTC/USDT,LONG,65.0,21.0,21.0,16.0,5.0,No clear directional edge.,FAR
2026-07-03T14:55:12.695100+00:00,ETH/USDT,LONG,68.0,21.0,21.0,15.0,6.0,No clear directional edge.,FAR
2026-07-03T14:55:14.366311+00:00,BNB/USDT,SHORT,68.0,21.0,15.0,21.0,6.0,No clear directional edge.,FAR
2026-07-03T14:55:15.366443+00:00,XRP/USDT,LONG,62.0,21.0,21.0,17.0,4.0,No clear directional edge.,FAR
2026-07-03T14:55:17.077190+00:00,ADA/USDT,LONG,62.0,21.0,21.0,17.0,4.0,No clear directional edge.,FAR
2026-07-03T14:55:18.911454+00:00,DOGE/USDT,SHORT,74.0,23.0,15.0,23.0,8.0,No clear directional edge.,FAR
2026-07-03T14:58:28.027128+00:00,BTC/USDT,LONG,65.0,21.0,21.0,16.0,5.0,No clear directional edge.,FAR
2026-07-03T14:58:28.995153+00:00,ETH/USDT,LONG,68.0,21.0,21.0,15.0,6.0,No clear directional edge.,FAR
2026-07-03T14:58:31.525251+00:00,BNB/USDT,SHORT,68.0,21.0,15.0,21.0,6.0,No clear directional edge.,FAR
2026-07-03T14:58:32.527563+00:00,XRP/USDT,LONG,62.0,21.0,21.0,17.0,4.0,No clear directional edge.,FAR
2026-07-03T14:58:34.953230+00:00,ADA/USDT,LONG,62.0,21.0,21.0,17.0,4.0,No clear directional edge.,FAR
2026-07-03T14:58:37.087401+00:00,DOGE/USDT,SHORT,74.0,23.0,15.0,23.0,8.0,No clear directional edge.,FAR
2026-07-03T15:00:35.566025+00:00,BTC/USDT,LONG,65.0,21.0,21.0,16.0,5.0,No clear directional edge.,FAR
2026-07-03T15:00:38.855012+00:00,BNB/USDT,SHORT,68.0,21.0,15.0,21.0,6.0,No clear directional edge.,FAR
2026-07-03T15:00:40.525145+00:00,XRP/USDT,LONG,62.0,21.0,21.0,17.0,4.0,No clear directional edge.,FAR
2026-07-03T15:00:43.222695+00:00,ADA/USDT,LONG,62.0,21.0,21.0,17.0,4.0,No clear directional edge.,FAR
2026-07-03T15:00:45.820765+00:00,DOGE/USDT,SHORT,74.0,23.0,15.0,23.0,8.0,No clear directional edge.,FAR
2026-07-03T15:03:39.497920+00:00,BTC/USDT,LONG,65.0,21.0,21.0,16.0,5.0,No clear directional edge.,FAR
2026-07-03T15:03:43.280184+00:00,BNB/USDT,SHORT,68.0,21.0,15.0,21.0,6.0,No clear directional edge.,FAR
2026-07-03T15:03:44.200942+00:00,XRP/USDT,LONG,62.0,21.0,21.0,17.0,4.0,No clear directional edge.,FAR
2026-07-03T15:03:46.693547+00:00,ADA/USDT,LONG,62.0,21.0,21.0,17.0,4.0,No clear directional edge.,FAR
2026-07-03T15:03:48.700096+00:00,DOGE/USDT,SHORT,74.0,23.0,15.0,23.0,8.0,No clear directional edge.,FAR
2026-07-03T15:06:10.260070+00:00,BTC/USDT,LONG,65.0,21.0,21.0,16.0,5.0,No clear directional edge.,FAR
2026-07-03T15:06:14.712513+00:00,BNB/USDT,SHORT,68.0,21.0,15.0,21.0,6.0,No clear directional edge.,FAR
2026-07-03T15:06:16.400776+00:00,XRP/USDT,LONG,62.0,21.0,21.0,17.0,4.0,No clear directional edge.,FAR
2026-07-03T15:06:18.649193+00:00,ADA/USDT,LONG,62.0,21.0,21.0,17.0,4.0,No clear directional edge.,FAR
2026-07-03T15:06:20.833553+00:00,DOGE/USDT,SHORT,74.0,23.0,15.0,23.0,8.0,No clear directional edge.,FAR
2026-07-03T15:08:52.494270+00:00,BTC/USDT,LONG,62.0,21.0,21.0,17.0,4.0,No clear directional edge.,FAR
2026-07-03T15:08:55.208289+00:00,BNB/USDT,SHORT,71.0,22.0,15.0,22.0,7.0,No clear directional edge.,FAR
2026-07-03T15:08:56.143808+00:00,XRP/USDT,LONG,62.0,21.0,21.0,17.0,4.0,No clear directional edge.,FAR
2026-07-03T15:08:58.554017+00:00,ADA/USDT,LONG,62.0,21.0,21.0,17.0,4.0,No clear directional edge.,FAR
2026-07-03T15:09:00.591718+00:00,DOGE/USDT,SHORT,74.0,23.0,15.0,23.0,8.0,No clear directional edge.,FAR
2026-07-03T15:11:55.917661+00:00,BTC/USDT,LONG,62.0,21.0,21.0,17.0,4.0,No clear directional edge.,FAR
2026-07-03T15:12:01.058290+00:00,BNB/USDT,SHORT,71.0,22.0,15.0,22.0,7.0,No clear directional edge.,FAR
2026-07-03T15:12:02.371604+00:00,XRP/USDT,LONG,62.0,21.0,21.0,17.0,4.0,No clear directional edge.,FAR
2026-07-03T15:12:05.021706+00:00,ADA/USDT,LONG,62.0,21.0,21.0,17.0,4.0,No clear directional edge.,FAR
2026-07-03T15:12:08.370742+00:00,DOGE/USDT,SHORT,74.0,23.0,15.0,23.0,8.0,No clear directional edge.,FAR
2026-07-03T15:14:05.412359+00:00,BTC/USDT,LONG,65.0,21.0,21.0,16.0,5.0,No clear directional edge.,FAR
2026-07-03T15:14:09.336403+00:00,BNB/USDT,SHORT,68.0,21.0,15.0,21.0,6.0,No clear directional edge.,FAR
2026-07-03T15:14:10.526230+00:00,XRP/USDT,LONG,62.0,21.0,21.0,17.0,4.0,No clear directional edge.,FAR
2026-07-03T15:14:12.453137+00:00,ADA/USDT,LONG,62.0,21.0,21.0,17.0,4.0,No clear directional edge.,FAR
2026-07-03T15:14:14.548461+00:00,DOGE/USDT,SHORT,74.0,23.0,15.0,23.0,8.0,No clear directional edge.,FAR
2026-07-03T15:17:34.007709+00:00,BTC/USDT,LONG,65.0,20.0,20.0,15.0,5.0,No clear directional edge.,FAR
2026-07-03T15:17:38.967090+00:00,BNB/USDT,SHORT,68.0,21.0,15.0,21.0,6.0,No clear directional edge.,FAR
2026-07-03T15:17:39.910879+00:00,XRP/USDT,LONG,62.0,21.0,21.0,17.0,4.0,No clear directional edge.,FAR
2026-07-03T15:17:43.478924+00:00,ADA/USDT,LONG,62.0,21.0,21.0,17.0,4.0,No clear directional edge.,FAR
2026-07-03T15:17:47.254145+00:00,DOGE/USDT,SHORT,74.0,23.0,15.0,23.0,8.0,No clear directional edge.,FAR
2026-07-03T15:19:37.702713+00:00,BTC/USDT,LONG,68.0,21.0,21.0,15.0,6.0,No clear directional edge.,FAR
2026-07-03T15:19:43.162696+00:00,BNB/USDT,SHORT,68.0,21.0,15.0,21.0,6.0,No clear directional edge.,FAR
2026-07-03T15:19:44.504239+00:00,XRP/USDT,LONG,62.0,21.0,21.0,17.0,4.0,No clear directional edge.,FAR
2026-07-03T15:19:47.400653+00:00,ADA/USDT,LONG,62.0,21.0,21.0,17.0,4.0,No clear directional edge.,FAR
2026-07-03T15:19:52.382885+00:00,DOGE/USDT,SHORT,74.0,23.0,15.0,23.0,8.0,No clear directional edge.,FAR
2026-07-03T15:23:04.158243+00:00,BTC/USDT,LONG,68.0,20.0,20.0,14.0,6.0,No clear directional edge.,FAR
2026-07-03T15:23:08.087993+00:00,BNB/USDT,SHORT,62.0,19.0,15.0,19.0,4.0,No clear directional edge.,FAR
2026-07-03T15:23:09.164389+00:00,XRP/USDT,LONG,62.0,21.0,21.0,17.0,4.0,No clear directional edge.,FAR
2026-07-03T15:23:13.726353+00:00,ADA/USDT,LONG,62.0,21.0,21.0,17.0,4.0,No clear directional edge.,FAR
2026-07-03T15:23:16.674637+00:00,DOGE/USDT,SHORT,65.0,20.0,15.0,20.0,5.0,No clear directional edge.,FAR
2026-07-03T15:24:55.297579+00:00,BTC/USDT,LONG,68.0,20.0,20.0,14.0,6.0,No clear directional edge.,FAR
2026-07-03T15:24:58.327103+00:00,BNB/USDT,SHORT,62.0,19.0,15.0,19.0,4.0,No clear directional edge.,FAR
2026-07-03T15:24:59.422947+00:00,XRP/USDT,LONG,62.0,21.0,21.0,17.0,4.0,No clear directional edge.,FAR
2026-07-03T15:25:09.431881+00:00,BTC/USDT,LONG,68.0,20.0,20.0,14.0,6.0,No clear directional edge.,FAR
2026-07-03T15:25:12.621266+00:00,BNB/USDT,SHORT,62.0,19.0,15.0,19.0,4.0,No clear directional edge.,FAR
2026-07-03T15:25:14.742269+00:00,XRP/USDT,LONG,62.0,21.0,21.0,17.0,4.0,No clear directional edge.,FAR
2026-07-03T15:25:17.955692+00:00,ADA/USDT,LONG,62.0,21.0,21.0,17.0,4.0,No clear directional edge.,FAR
2026-07-03T15:25:21.040320+00:00,DOGE/USDT,SHORT,65.0,20.0,15.0,20.0,5.0,No clear directional edge.,FAR
2026-07-03T15:28:30.152531+00:00,BTC/USDT,LONG,68.0,20.0,20.0,14.0,6.0,No clear directional edge.,FAR
2026-07-03T15:28:33.511585+00:00,BNB/USDT,SHORT,62.0,19.0,15.0,19.0,4.0,No clear directional edge.,FAR
2026-07-03T15:28:34.813236+00:00,XRP/USDT,LONG,62.0,21.0,21.0,17.0,4.0,No clear directional edge.,FAR
2026-07-03T15:28:37.541727+00:00,ADA/USDT,LONG,62.0,21.0,21.0,17.0,4.0,No clear directional edge.,FAR
2026-07-03T15:28:39.471111+00:00,DOGE/USDT,SHORT,65.0,20.0,15.0,20.0,5.0,No clear directional edge.,FAR
2026-07-03T15:30:24.834382+00:00,BTC/USDT,LONG,68.0,20.0,20.0,14.0,6.0,No clear directional edge.,FAR
2026-07-03T15:30:28.710754+00:00,BNB/USDT,SHORT,62.0,19.0,15.0,19.0,4.0,No clear directional edge.,FAR
2026-07-03T15:30:29.694390+00:00,XRP/USDT,LONG,62.0,21.0,21.0,17.0,4.0,No clear directional edge.,FAR
2026-07-03T15:30:32.998183+00:00,ADA/USDT,LONG,62.0,21.0,21.0,17.0,4.0,No clear directional edge.,FAR
2026-07-03T15:30:35.770415+00:00,DOGE/USDT,SHORT,65.0,20.0,15.0,20.0,5.0,No clear directional edge.,FAR
2026-07-03T15:33:55.675249+00:00,BTC/USDT,LONG,68.0,20.0,20.0,14.0,6.0,No clear directional edge.,FAR
2026-07-03T15:34:06.778470+00:00,BNB/USDT,SHORT,62.0,19.0,15.0,19.0,4.0,No clear directional edge.,FAR
2026-07-03T15:34:08.606877+00:00,XRP/USDT,LONG,62.0,21.0,21.0,17.0,4.0,No clear directional edge.,FAR
2026-07-03T15:34:14.937530+00:00,ADA/USDT,LONG,62.0,21.0,21.0,17.0,4.0,No clear directional edge.,FAR
2026-07-03T15:34:24.967811+00:00,DOGE/USDT,SHORT,65.0,20.0,15.0,20.0,5.0,No clear directional edge.,FAR
2026-07-03T15:35:42.039057+00:00,BTC/USDT,LONG,68.0,20.0,20.0,14.0,6.0,No clear directional edge.,FAR
2026-07-03T15:35:46.829850+00:00,BNB/USDT,SHORT,62.0,19.0,15.0,19.0,4.0,No clear directional edge.,FAR
2026-07-03T15:35:47.966492+00:00,XRP/USDT,LONG,62.0,21.0,21.0,17.0,4.0,No clear directional edge.,FAR
2026-07-03T15:35:52.019150+00:00,ADA/USDT,LONG,62.0,21.0,21.0,17.0,4.0,No clear directional edge.,FAR
2026-07-03T15:35:55.055185+00:00,DOGE/USDT,SHORT,65.0,20.0,15.0,20.0,5.0,No clear directional edge.,FAR
2026-07-03T15:39:46.217290+00:00,BNB/USDT,SHORT,62.0,19.0,15.0,19.0,4.0,No clear directional edge.,FAR
2026-07-03T15:39:47.632832+00:00,XRP/USDT,LONG,62.0,21.0,21.0,17.0,4.0,No clear directional edge.,FAR
2026-07-03T15:39:51.072933+00:00,ADA/USDT,LONG,62.0,21.0,21.0,17.0,4.0,No clear directional edge.,FAR
2026-07-03T15:39:53.695562+00:00,DOGE/USDT,SHORT,65.0,20.0,15.0,20.0,5.0,No clear directional edge.,FAR
2026-07-03T15:41:03.085220+00:00,BNB/USDT,SHORT,62.0,19.0,15.0,19.0,4.0,No clear directional edge.,FAR
2026-07-03T15:41:06.887092+00:00,XRP/USDT,LONG,62.0,21.0,21.0,17.0,4.0,No clear directional edge.,FAR
2026-07-03T15:41:15.081891+00:00,ADA/USDT,LONG,62.0,21.0,21.0,17.0,4.0,No clear directional edge.,FAR
2026-07-03T15:41:19.898052+00:00,DOGE/USDT,SHORT,65.0,20.0,15.0,20.0,5.0,No clear directional edge.,FAR
2026-07-03T15:45:24.063887+00:00,BNB/USDT,SHORT,62.0,19.0,15.0,19.0,4.0,No clear directional edge.,FAR
2026-07-03T15:45:25.031544+00:00,XRP/USDT,LONG,62.0,21.0,21.0,17.0,4.0,No clear directional edge.,FAR
2026-07-03T15:45:29.534193+00:00,ADA/USDT,LONG,62.0,21.0,21.0,17.0,4.0,No clear directional edge.,FAR
2026-07-03T15:45:32.355974+00:00,DOGE/USDT,SHORT,65.0,20.0,15.0,20.0,5.0,No clear directional edge.,FAR
2026-07-03T15:46:30.609727+00:00,BNB/USDT,SHORT,62.0,19.0,15.0,19.0,4.0,No clear directional edge.,FAR
2026-07-03T15:46:33.352066+00:00,XRP/USDT,LONG,62.0,21.0,21.0,17.0,4.0,No clear directional edge.,FAR
2026-07-03T15:46:36.663191+00:00,ADA/USDT,LONG,62.0,21.0,21.0,17.0,4.0,No clear directional edge.,FAR
2026-07-03T15:46:42.705122+00:00,DOGE/USDT,SHORT,65.0,20.0,15.0,20.0,5.0,No clear directional edge.,FAR
2026-07-03T15:51:04.364330+00:00,BNB/USDT,SHORT,62.0,19.0,15.0,19.0,4.0,No clear directional edge.,FAR
2026-07-03T15:51:05.669262+00:00,XRP/USDT,LONG,62.0,21.0,21.0,17.0,4.0,No clear directional edge.,FAR
2026-07-03T15:51:08.162008+00:00,ADA/USDT,LONG,62.0,21.0,21.0,17.0,4.0,No clear directional edge.,FAR
2026-07-03T15:51:11.425394+00:00,DOGE/USDT,SHORT,65.0,20.0,15.0,20.0,5.0,No clear directional edge.,FAR
2026-07-03T15:51:52.198631+00:00,BNB/USDT,SHORT,62.0,19.0,15.0,19.0,4.0,No clear directional edge.,FAR
2026-07-03T15:51:53.634327+00:00,XRP/USDT,LONG,62.0,21.0,21.0,17.0,4.0,No clear directional edge.,FAR
2026-07-03T15:51:58.242947+00:00,ADA/USDT,LONG,62.0,21.0,21.0,17.0,4.0,No clear directional edge.,FAR
2026-07-03T15:52:04.649842+00:00,DOGE/USDT,SHORT,65.0,20.0,15.0,20.0,5.0,No clear directional edge.,FAR
2026-07-03T15:52:46.656773+00:00,BNB/USDT,SHORT,62.0,19.0,15.0,19.0,4.0,No clear directional edge.,FAR
2026-07-03T15:52:47.966593+00:00,XRP/USDT,LONG,62.0,21.0,21.0,17.0,4.0,No clear directional edge.,FAR
2026-07-03T15:52:51.282643+00:00,ADA/USDT,LONG,62.0,21.0,21.0,17.0,4.0,No clear directional edge.,FAR
2026-07-03T15:52:55.029031+00:00,DOGE/USDT,SHORT,65.0,20.0,15.0,20.0,5.0,No clear directional edge.,FAR
2026-07-03T15:56:29.439700+00:00,ETH/USDT,LONG,65.0,18.0,18.0,13.0,5.0,No clear directional edge.,FAR
2026-07-03T15:56:31.988028+00:00,BNB/USDT,SHORT,62.0,19.0,15.0,19.0,4.0,No clear directional edge.,FAR
2026-07-03T15:56:33.170841+00:00,XRP/USDT,LONG,62.0,21.0,21.0,17.0,4.0,No clear directional edge.,FAR
2026-07-03T15:56:35.365940+00:00,ADA/USDT,LONG,62.0,21.0,21.0,17.0,4.0,No clear directional edge.,FAR
2026-07-03T15:56:37.586565+00:00,DOGE/USDT,SHORT,65.0,20.0,15.0,20.0,5.0,No clear directional edge.,FAR
2026-07-03T15:58:04.964866+00:00,ETH/USDT,LONG,65.0,18.0,18.0,13.0,5.0,No clear directional edge.,FAR
2026-07-03T15:58:13.240801+00:00,BNB/USDT,SHORT,62.0,19.0,15.0,19.0,4.0,No clear directional edge.,FAR
2026-07-03T15:58:14.445320+00:00,XRP/USDT,LONG,62.0,21.0,21.0,17.0,4.0,No clear directional edge.,FAR
2026-07-03T15:58:18.919417+00:00,ADA/USDT,LONG,62.0,21.0,21.0,17.0,4.0,No clear directional edge.,FAR
2026-07-03T15:58:27.349466+00:00,DOGE/USDT,SHORT,65.0,20.0,15.0,20.0,5.0,No clear directional edge.,FAR
2026-07-03T16:01:58.092234+00:00,ETH/USDT,LONG,65.0,18.0,18.0,13.0,5.0,No clear directional edge.,FAR
2026-07-03T16:02:02.488965+00:00,BNB/USDT,SHORT,62.0,19.0,15.0,19.0,4.0,No clear directional edge.,FAR
2026-07-03T16:02:04.568312+00:00,XRP/USDT,LONG,62.0,21.0,21.0,17.0,4.0,No clear directional edge.,FAR
2026-07-03T16:02:09.855468+00:00,ADA/USDT,LONG,62.0,21.0,21.0,17.0,4.0,No clear directional edge.,FAR
2026-07-03T16:02:14.569503+00:00,DOGE/USDT,SHORT,65.0,20.0,15.0,20.0,5.0,No clear directional edge.,FAR
2026-07-03T16:03:33.052085+00:00,ETH/USDT,LONG,65.0,18.0,18.0,13.0,5.0,No clear directional edge.,FAR
2026-07-03T16:03:37.176714+00:00,BNB/USDT,SHORT,62.0,19.0,15.0,19.0,4.0,No clear directional edge.,FAR
2026-07-03T16:03:38.427775+00:00,XRP/USDT,LONG,62.0,21.0,21.0,17.0,4.0,No clear directional edge.,FAR
2026-07-03T16:03:41.653377+00:00,ADA/USDT,LONG,62.0,21.0,21.0,17.0,4.0,No clear directional edge.,FAR
2026-07-03T16:03:46.165434+00:00,DOGE/USDT,SHORT,65.0,20.0,15.0,20.0,5.0,No clear directional edge.,FAR
2026-07-03T16:07:49.293987+00:00,ETH/USDT,LONG,65.0,18.0,18.0,13.0,5.0,No clear directional edge.,FAR
2026-07-03T16:07:55.057179+00:00,BNB/USDT,SHORT,62.0,19.0,15.0,19.0,4.0,No clear directional edge.,FAR
2026-07-03T16:07:57.140871+00:00,XRP/USDT,LONG,62.0,21.0,21.0,17.0,4.0,No clear directional edge.,FAR
2026-07-03T16:08:00.786217+00:00,ADA/USDT,LONG,62.0,21.0,21.0,17.0,4.0,No clear directional edge.,FAR
2026-07-03T16:08:03.055154+00:00,DOGE/USDT,SHORT,65.0,20.0,15.0,20.0,5.0,No clear directional edge.,FAR
2026-07-03T16:08:53.890061+00:00,BNB/USDT,SHORT,62.0,19.0,15.0,19.0,4.0,No clear directional edge.,FAR
2026-07-03T16:08:56.005886+00:00,XRP/USDT,LONG,62.0,21.0,21.0,17.0,4.0,No clear directional edge.,FAR
2026-07-03T16:09:00.633738+00:00,ADA/USDT,LONG,62.0,21.0,21.0,17.0,4.0,No clear directional edge.,FAR
2026-07-03T16:09:04.529670+00:00,DOGE/USDT,SHORT,65.0,20.0,15.0,20.0,5.0,No clear directional edge.,FAR
2026-07-03T16:13:20.901352+00:00,ETH/USDT,LONG,65.0,18.0,18.0,13.0,5.0,No clear directional edge.,FAR
2026-07-03T16:13:24.717601+00:00,BNB/USDT,SHORT,62.0,19.0,15.0,19.0,4.0,No clear directional edge.,FAR
2026-07-03T16:13:28.358549+00:00,XRP/USDT,LONG,62.0,21.0,21.0,17.0,4.0,No clear directional edge.,FAR
2026-07-03T16:13:29.427706+00:00,LINK/USDT,LONG,65.0,18.0,18.0,13.0,5.0,No clear directional edge.,FAR
2026-07-03T16:13:31.872870+00:00,ADA/USDT,LONG,62.0,21.0,21.0,17.0,4.0,No clear directional edge.,FAR
2026-07-03T16:13:40.696326+00:00,DOGE/USDT,SHORT,62.0,19.0,15.0,19.0,4.0,No clear directional edge.,FAR
2026-07-03T16:14:08.289719+00:00,ETH/USDT,LONG,65.0,18.0,18.0,13.0,5.0,No clear directional edge.,FAR
2026-07-03T16:14:10.647550+00:00,BNB/USDT,SHORT,62.0,19.0,15.0,19.0,4.0,No clear directional edge.,FAR
2026-07-03T16:14:12.326494+00:00,XRP/USDT,LONG,62.0,21.0,21.0,17.0,4.0,No clear directional edge.,FAR
2026-07-03T16:14:15.156871+00:00,ADA/USDT,LONG,62.0,21.0,21.0,17.0,4.0,No clear directional edge.,FAR
2026-07-03T16:14:17.425067+00:00,AVAX/USDT,LONG,71.0,21.0,21.0,14.0,7.0,No clear directional edge.,FAR
2026-07-03T16:14:19.507132+00:00,DOGE/USDT,SHORT,65.0,20.0,15.0,20.0,5.0,No clear directional edge.,FAR
2026-07-03T16:19:11.508561+00:00,ETH/USDT,LONG,65.0,18.0,18.0,13.0,5.0,No clear directional edge.,FAR
2026-07-03T16:19:15.895031+00:00,BNB/USDT,SHORT,62.0,19.0,15.0,19.0,4.0,No clear directional edge.,FAR
2026-07-03T16:19:18.048972+00:00,XRP/USDT,LONG,62.0,21.0,21.0,17.0,4.0,No clear directional edge.,FAR
2026-07-03T16:19:22.629528+00:00,ADA/USDT,LONG,62.0,21.0,21.0,17.0,4.0,No clear directional edge.,FAR
2026-07-03T16:19:26.309021+00:00,ETH/USDT,LONG,65.0,18.0,18.0,13.0,5.0,No clear directional edge.,FAR
2026-07-03T16:19:26.311972+00:00,AVAX/USDT,LONG,71.0,21.0,21.0,14.0,7.0,No clear directional edge.,FAR
2026-07-03T16:19:27.717700+00:00,DOGE/USDT,SHORT,65.0,20.0,15.0,20.0,5.0,No clear directional edge.,FAR
2026-07-03T16:19:29.394859+00:00,BNB/USDT,SHORT,62.0,19.0,15.0,19.0,4.0,No clear directional edge.,FAR
2026-07-03T16:19:31.912890+00:00,XRP/USDT,LONG,62.0,21.0,21.0,17.0,4.0,No clear directional edge.,FAR
2026-07-03T16:19:34.086568+00:00,ADA/USDT,LONG,62.0,21.0,21.0,17.0,4.0,No clear directional edge.,FAR
2026-07-03T16:19:37.440723+00:00,AVAX/USDT,LONG,71.0,21.0,21.0,14.0,7.0,No clear directional edge.,FAR
2026-07-03T16:19:38.515798+00:00,DOGE/USDT,SHORT,65.0,20.0,15.0,20.0,5.0,No clear directional edge.,FAR
2026-07-03T16:24:49.309473+00:00,BNB/USDT,SHORT,68.0,21.0,15.0,21.0,6.0,No clear directional edge.,FAR
2026-07-03T16:24:50.483474+00:00,XRP/USDT,LONG,62.0,21.0,21.0,17.0,4.0,No clear directional edge.,FAR
2026-07-03T16:24:53.733949+00:00,ADA/USDT,LONG,62.0,21.0,21.0,17.0,4.0,No clear directional edge.,FAR
2026-07-03T16:24:56.943297+00:00,DOGE/USDT,SHORT,74.0,23.0,15.0,23.0,8.0,No clear directional edge.,FAR
2026-07-03T16:25:10.048522+00:00,BNB/USDT,SHORT,68.0,21.0,15.0,21.0,6.0,No clear directional edge.,FAR
2026-07-03T16:25:12.307151+00:00,XRP/USDT,LONG,62.0,21.0,21.0,17.0,4.0,No clear directional edge.,FAR
2026-07-03T16:25:15.548208+00:00,ADA/USDT,LONG,62.0,21.0,21.0,17.0,4.0,No clear directional edge.,FAR
2026-07-03T16:25:27.810461+00:00,DOGE/USDT,SHORT,74.0,23.0,15.0,23.0,8.0,No clear directional edge.,FAR
2026-07-03T16:30:08.168669+00:00,BNB/USDT,SHORT,68.0,21.0,15.0,21.0,6.0,No clear directional edge.,FAR
2026-07-03T16:30:10.090175+00:00,XRP/USDT,LONG,62.0,21.0,21.0,17.0,4.0,No clear directional edge.,FAR
2026-07-03T16:30:12.389464+00:00,ADA/USDT,LONG,62.0,21.0,21.0,17.0,4.0,No clear directional edge.,FAR
2026-07-03T16:30:16.316617+00:00,DOGE/USDT,SHORT,74.0,23.0,15.0,23.0,8.0,No clear directional edge.,FAR
2026-07-03T16:31:07.521980+00:00,BNB/USDT,SHORT,68.0,21.0,15.0,21.0,6.0,No clear directional edge.,FAR
2026-07-03T16:31:08.653802+00:00,XRP/USDT,LONG,62.0,21.0,21.0,17.0,4.0,No clear directional edge.,FAR
2026-07-03T16:31:12.506445+00:00,ADA/USDT,LONG,62.0,21.0,21.0,17.0,4.0,No clear directional edge.,FAR
2026-07-03T16:31:15.791876+00:00,DOGE/USDT,SHORT,74.0,23.0,15.0,23.0,8.0,No clear directional edge.,FAR
2026-07-03T16:35:26.708930+00:00,BNB/USDT,SHORT,68.0,21.0,15.0,21.0,6.0,No clear directional edge.,FAR
2026-07-03T16:35:28.839093+00:00,XRP/USDT,LONG,62.0,21.0,21.0,17.0,4.0,No clear directional edge.,FAR
2026-07-03T16:35:32.769554+00:00,ADA/USDT,LONG,62.0,21.0,21.0,17.0,4.0,No clear directional edge.,FAR
2026-07-03T16:35:35.167516+00:00,AVAX/USDT,LONG,71.0,21.0,21.0,14.0,7.0,No clear directional edge.,FAR
2026-07-03T16:35:38.656389+00:00,DOGE/USDT,SHORT,74.0,23.0,15.0,23.0,8.0,No clear directional edge.,FAR
2026-07-03T16:36:40.462884+00:00,BNB/USDT,SHORT,68.0,21.0,15.0,21.0,6.0,No clear directional edge.,FAR
2026-07-03T16:36:41.872588+00:00,XRP/USDT,LONG,62.0,21.0,21.0,17.0,4.0,No clear directional edge.,FAR
2026-07-03T16:36:45.534287+00:00,ADA/USDT,LONG,62.0,21.0,21.0,17.0,4.0,No clear directional edge.,FAR
2026-07-03T16:36:47.150762+00:00,AVAX/USDT,LONG,71.0,21.0,21.0,14.0,7.0,No clear directional edge.,FAR
2026-07-03T16:36:48.626809+00:00,DOGE/USDT,SHORT,74.0,23.0,15.0,23.0,8.0,No clear directional edge.,FAR
2026-07-03T16:40:47.664254+00:00,BNB/USDT,SHORT,68.0,21.0,15.0,21.0,6.0,No clear directional edge.,FAR
2026-07-03T16:40:48.791691+00:00,XRP/USDT,LONG,62.0,21.0,21.0,17.0,4.0,No clear directional edge.,FAR
2026-07-03T16:40:51.236746+00:00,ADA/USDT,LONG,62.0,21.0,21.0,17.0,4.0,No clear directional edge.,FAR
2026-07-03T16:40:53.485024+00:00,DOGE/USDT,SHORT,65.0,20.0,15.0,20.0,5.0,No clear directional edge.,FAR
2026-07-03T16:42:28.563872+00:00,BNB/USDT,SHORT,68.0,21.0,15.0,21.0,6.0,No clear directional edge.,FAR
2026-07-03T16:42:38.143533+00:00,XRP/USDT,LONG,62.0,21.0,21.0,17.0,4.0,No clear directional edge.,FAR
2026-07-03T16:42:42.794850+00:00,ADA/USDT,LONG,62.0,21.0,21.0,17.0,4.0,No clear directional edge.,FAR
2026-07-03T16:42:46.653089+00:00,DOGE/USDT,SHORT,65.0,20.0,15.0,20.0,5.0,No clear directional edge.,FAR
2026-07-03T16:46:04.790351+00:00,BNB/USDT,SHORT,68.0,21.0,15.0,21.0,6.0,No clear directional edge.,FAR
2026-07-03T16:46:08.706450+00:00,XRP/USDT,LONG,62.0,21.0,21.0,17.0,4.0,No clear directional edge.,FAR
2026-07-03T16:46:11.517985+00:00,ADA/USDT,LONG,62.0,21.0,21.0,17.0,4.0,No clear directional edge.,FAR
2026-07-03T16:46:13.822564+00:00,DOGE/USDT,SHORT,65.0,20.0,15.0,20.0,5.0,No clear directional edge.,FAR
2026-07-03T16:48:25.791242+00:00,BNB/USDT,SHORT,68.0,21.0,15.0,21.0,6.0,No clear directional edge.,FAR
2026-07-03T16:48:27.417442+00:00,XRP/USDT,LONG,62.0,21.0,21.0,17.0,4.0,No clear directional edge.,FAR
2026-07-03T16:48:31.424146+00:00,ADA/USDT,LONG,62.0,21.0,21.0,17.0,4.0,No clear directional edge.,FAR
2026-07-03T16:48:33.897271+00:00,AVAX/USDT,LONG,71.0,21.0,21.0,14.0,7.0,No clear directional edge.,FAR
2026-07-03T16:48:35.860618+00:00,DOGE/USDT,SHORT,65.0,20.0,15.0,20.0,5.0,No clear directional edge.,FAR
2026-07-03T16:51:23.799760+00:00,BNB/USDT,SHORT,68.0,21.0,15.0,21.0,6.0,No clear directional edge.,FAR
2026-07-03T16:51:24.708924+00:00,XRP/USDT,LONG,68.0,21.0,21.0,15.0,6.0,No clear directional edge.,FAR
2026-07-03T16:51:27.378608+00:00,ADA/USDT,LONG,62.0,21.0,21.0,17.0,4.0,No clear directional edge.,FAR
2026-07-03T16:51:30.191216+00:00,DOGE/USDT,SHORT,65.0,20.0,15.0,20.0,5.0,No clear directional edge.,FAR
2026-07-03T16:54:17.608070+00:00,BNB/USDT,SHORT,68.0,21.0,15.0,21.0,6.0,No clear directional edge.,FAR
2026-07-03T16:54:19.028633+00:00,XRP/USDT,LONG,62.0,21.0,21.0,17.0,4.0,No clear directional edge.,FAR
2026-07-03T16:54:22.638870+00:00,ADA/USDT,LONG,62.0,21.0,21.0,17.0,4.0,No clear directional edge.,FAR
2026-07-03T16:54:25.674511+00:00,DOGE/USDT,SHORT,65.0,20.0,15.0,20.0,5.0,No clear directional edge.,FAR
2026-07-03T16:56:40.242903+00:00,BNB/USDT,SHORT,68.0,21.0,15.0,21.0,6.0,No clear directional edge.,FAR
2026-07-03T16:56:41.717614+00:00,XRP/USDT,LONG,62.0,21.0,21.0,17.0,4.0,No clear directional edge.,FAR
2026-07-03T16:56:44.982964+00:00,ADA/USDT,LONG,62.0,21.0,21.0,17.0,4.0,No clear directional edge.,FAR
2026-07-03T16:56:47.471209+00:00,DOGE/USDT,SHORT,65.0,20.0,15.0,20.0,5.0,No clear directional edge.,FAR
2026-07-03T17:00:08.244345+00:00,BNB/USDT,SHORT,68.0,21.0,15.0,21.0,6.0,No clear directional edge.,FAR
2026-07-03T17:00:09.385539+00:00,XRP/USDT,LONG,62.0,21.0,21.0,17.0,4.0,No clear directional edge.,FAR
2026-07-03T17:00:13.149834+00:00,ADA/USDT,LONG,62.0,21.0,21.0,17.0,4.0,No clear directional edge.,FAR
2026-07-03T17:00:26.219581+00:00,DOGE/USDT,SHORT,65.0,20.0,15.0,20.0,5.0,No clear directional edge.,FAR
2026-07-03T17:01:55.407349+00:00,BNB/USDT,SHORT,68.0,21.0,15.0,21.0,6.0,No clear directional edge.,FAR
2026-07-03T17:01:56.893527+00:00,XRP/USDT,LONG,62.0,21.0,21.0,17.0,4.0,No clear directional edge.,FAR
2026-07-03T17:01:59.276847+00:00,ADA/USDT,LONG,62.0,21.0,21.0,17.0,4.0,No clear directional edge.,FAR
2026-07-03T17:02:01.781348+00:00,DOGE/USDT,SHORT,65.0,20.0,15.0,20.0,5.0,No clear directional edge.,FAR
2026-07-03T17:06:02.593312+00:00,BTC/USDT,LONG,65.0,21.0,21.0,16.0,5.0,No clear directional edge.,FAR
2026-07-03T17:06:06.948259+00:00,BNB/USDT,SHORT,71.0,22.0,15.0,22.0,7.0,No clear directional edge.,FAR
2026-07-03T17:06:10.104693+00:00,XRP/USDT,LONG,62.0,21.0,21.0,17.0,4.0,No clear directional edge.,FAR
2026-07-03T17:06:16.311159+00:00,ADA/USDT,LONG,62.0,21.0,21.0,17.0,4.0,No clear directional edge.,FAR
2026-07-03T17:06:19.320044+00:00,DOGE/USDT,SHORT,68.0,21.0,15.0,21.0,6.0,No clear directional edge.,FAR
2026-07-03T17:07:06.629363+00:00,BTC/USDT,LONG,65.0,21.0,21.0,16.0,5.0,No clear directional edge.,FAR
2026-07-03T17:07:13.231213+00:00,BNB/USDT,SHORT,71.0,22.0,15.0,22.0,7.0,No clear directional edge.,FAR
2026-07-03T17:07:15.879804+00:00,XRP/USDT,LONG,62.0,21.0,21.0,17.0,4.0,No clear directional edge.,FAR
2026-07-03T17:07:18.702582+00:00,ADA/USDT,LONG,62.0,21.0,21.0,17.0,4.0,No clear directional edge.,FAR
2026-07-03T17:07:22.869988+00:00,DOGE/USDT,SHORT,74.0,23.0,15.0,23.0,8.0,No clear directional edge.,FAR
2026-07-03T17:11:56.033073+00:00,BTC/USDT,LONG,65.0,21.0,21.0,16.0,5.0,No clear directional edge.,FAR
2026-07-03T17:12:01.805129+00:00,BNB/USDT,SHORT,71.0,22.0,15.0,22.0,7.0,No clear directional edge.,FAR
2026-07-03T17:12:05.126166+00:00,XRP/USDT,LONG,62.0,21.0,21.0,17.0,4.0,No clear directional edge.,FAR
2026-07-03T17:12:08.397334+00:00,ADA/USDT,LONG,62.0,21.0,21.0,17.0,4.0,No clear directional edge.,FAR
2026-07-03T17:12:13.749119+00:00,DOGE/USDT,SHORT,65.0,20.0,15.0,20.0,5.0,No clear directional edge.,FAR
2026-07-03T17:12:27.158356+00:00,BTC/USDT,LONG,65.0,21.0,21.0,16.0,5.0,No clear directional edge.,FAR
2026-07-03T17:12:30.806648+00:00,BNB/USDT,SHORT,71.0,22.0,15.0,22.0,7.0,No clear directional edge.,FAR
2026-07-03T17:12:31.900362+00:00,XRP/USDT,LONG,62.0,21.0,21.0,17.0,4.0,No clear directional edge.,FAR
2026-07-03T17:12:35.120235+00:00,ADA/USDT,LONG,62.0,21.0,21.0,17.0,4.0,No clear directional edge.,FAR
2026-07-03T17:12:37.528833+00:00,DOGE/USDT,SHORT,65.0,20.0,15.0,20.0,5.0,No clear directional edge.,FAR
2026-07-03T17:17:42.674874+00:00,BTC/USDT,LONG,65.0,21.0,21.0,16.0,5.0,No clear directional edge.,FAR
2026-07-03T17:17:47.256928+00:00,BTC/USDT,LONG,65.0,21.0,21.0,16.0,5.0,No clear directional edge.,FAR
2026-07-03T17:17:50.199204+00:00,BNB/USDT,SHORT,71.0,22.0,15.0,22.0,7.0,No clear directional edge.,FAR
2026-07-03T17:17:51.553201+00:00,XRP/USDT,LONG,62.0,21.0,21.0,17.0,4.0,No clear directional edge.,FAR
2026-07-03T17:17:52.491984+00:00,BNB/USDT,SHORT,71.0,22.0,15.0,22.0,7.0,No clear directional edge.,FAR
2026-07-03T17:17:54.007964+00:00,XRP/USDT,LONG,62.0,21.0,21.0,17.0,4.0,No clear directional edge.,FAR
2026-07-03T17:17:55.408408+00:00,ADA/USDT,LONG,62.0,21.0,21.0,17.0,4.0,No clear directional edge.,FAR
2026-07-03T17:17:57.553905+00:00,ADA/USDT,LONG,62.0,21.0,21.0,17.0,4.0,No clear directional edge.,FAR
2026-07-03T17:18:01.435224+00:00,DOGE/USDT,SHORT,65.0,20.0,15.0,20.0,5.0,No clear directional edge.,FAR
2026-07-03T17:18:07.333670+00:00,DOGE/USDT,SHORT,65.0,20.0,15.0,20.0,5.0,No clear directional edge.,FAR
2026-07-03T17:23:12.451121+00:00,BTC/USDT,LONG,65.0,21.0,21.0,16.0,5.0,No clear directional edge.,FAR
2026-07-03T17:23:16.298087+00:00,BNB/USDT,SHORT,71.0,22.0,15.0,22.0,7.0,No clear directional edge.,FAR
2026-07-03T17:23:17.234507+00:00,XRP/USDT,LONG,62.0,21.0,21.0,17.0,4.0,No clear directional edge.,FAR
2026-07-03T17:23:20.795208+00:00,ADA/USDT,LONG,62.0,21.0,21.0,17.0,4.0,No clear directional edge.,FAR
2026-07-03T17:23:23.949980+00:00,DOGE/USDT,SHORT,74.0,23.0,15.0,23.0,8.0,No clear directional edge.,FAR
2026-07-03T17:23:41.196804+00:00,BTC/USDT,LONG,65.0,21.0,21.0,16.0,5.0,No clear directional edge.,FAR
2026-07-03T17:23:46.930370+00:00,BNB/USDT,SHORT,71.0,22.0,15.0,22.0,7.0,No clear directional edge.,FAR
2026-07-03T17:23:51.497112+00:00,XRP/USDT,LONG,62.0,21.0,21.0,17.0,4.0,No clear directional edge.,FAR
2026-07-03T17:23:57.075086+00:00,ADA/USDT,LONG,62.0,21.0,21.0,17.0,4.0,No clear directional edge.,FAR
2026-07-03T17:24:05.849566+00:00,DOGE/USDT,SHORT,74.0,23.0,15.0,23.0,8.0,No clear directional edge.,FAR
2026-07-03T17:28:32.915245+00:00,BNB/USDT,SHORT,68.0,21.0,15.0,21.0,6.0,No clear directional edge.,FAR
2026-07-03T17:28:34.118441+00:00,XRP/USDT,LONG,62.0,21.0,21.0,17.0,4.0,No clear directional edge.,FAR
2026-07-03T17:28:38.274822+00:00,ADA/USDT,LONG,62.0,21.0,21.0,17.0,4.0,No clear directional edge.,FAR
2026-07-03T17:28:41.084209+00:00,DOGE/USDT,SHORT,74.0,23.0,15.0,23.0,8.0,No clear directional edge.,FAR
2026-07-03T17:29:40.838935+00:00,BTC/USDT,LONG,65.0,21.0,21.0,16.0,5.0,No clear directional edge.,FAR
2026-07-03T17:29:44.406703+00:00,BNB/USDT,SHORT,68.0,21.0,15.0,21.0,6.0,No clear directional edge.,FAR
2026-07-03T17:29:46.413893+00:00,XRP/USDT,LONG,62.0,21.0,21.0,17.0,4.0,No clear directional edge.,FAR
2026-07-03T17:29:49.846297+00:00,ADA/USDT,LONG,62.0,21.0,21.0,17.0,4.0,No clear directional edge.,FAR
2026-07-03T17:29:51.804427+00:00,DOGE/USDT,SHORT,74.0,23.0,15.0,23.0,8.0,No clear directional edge.,FAR
2026-07-03T17:34:05.946018+00:00,BNB/USDT,SHORT,68.0,21.0,15.0,21.0,6.0,No clear directional edge.,FAR
2026-07-03T17:34:09.000568+00:00,XRP/USDT,LONG,62.0,21.0,21.0,17.0,4.0,No clear directional edge.,FAR
2026-07-03T17:34:13.687112+00:00,ADA/USDT,LONG,62.0,21.0,21.0,17.0,4.0,No clear directional edge.,FAR
2026-07-03T17:34:23.274118+00:00,DOGE/USDT,SHORT,74.0,23.0,15.0,23.0,8.0,No clear directional edge.,FAR
2026-07-03T17:35:26.837512+00:00,BTC/USDT,LONG,65.0,21.0,21.0,16.0,5.0,No clear directional edge.,FAR
2026-07-03T17:35:34.220072+00:00,BNB/USDT,SHORT,71.0,22.0,15.0,22.0,7.0,No clear directional edge.,FAR
2026-07-03T17:35:36.585281+00:00,XRP/USDT,LONG,62.0,21.0,21.0,17.0,4.0,No clear directional edge.,FAR
2026-07-03T17:35:42.955260+00:00,ADA/USDT,LONG,62.0,21.0,21.0,17.0,4.0,No clear directional edge.,FAR
2026-07-03T17:35:47.459623+00:00,DOGE/USDT,SHORT,74.0,23.0,15.0,23.0,8.0,No clear directional edge.,FAR
2026-07-03T17:39:32.143167+00:00,BTC/USDT,LONG,65.0,21.0,21.0,16.0,5.0,No clear directional edge.,FAR
2026-07-03T17:39:39.022387+00:00,BNB/USDT,SHORT,71.0,22.0,15.0,22.0,7.0,No clear directional edge.,FAR
2026-07-03T17:39:40.403580+00:00,XRP/USDT,LONG,62.0,21.0,21.0,17.0,4.0,No clear directional edge.,FAR
2026-07-03T17:39:44.780258+00:00,ADA/USDT,LONG,62.0,21.0,21.0,17.0,4.0,No clear directional edge.,FAR
2026-07-03T17:39:50.095255+00:00,DOGE/USDT,SHORT,74.0,23.0,15.0,23.0,8.0,No clear directional edge.,FAR
2026-07-03T17:41:23.985425+00:00,BTC/USDT,LONG,65.0,21.0,21.0,16.0,5.0,No clear directional edge.,FAR
2026-07-03T17:41:31.231546+00:00,BNB/USDT,SHORT,71.0,22.0,15.0,22.0,7.0,No clear directional edge.,FAR
2026-07-03T17:41:32.780528+00:00,XRP/USDT,LONG,62.0,21.0,21.0,17.0,4.0,No clear directional edge.,FAR
2026-07-03T17:41:35.669163+00:00,ADA/USDT,LONG,62.0,21.0,21.0,17.0,4.0,No clear directional edge.,FAR
2026-07-03T17:41:38.441065+00:00,DOGE/USDT,SHORT,74.0,23.0,15.0,23.0,8.0,No clear directional edge.,FAR
2026-07-03T17:44:57.376299+00:00,BTC/USDT,LONG,65.0,21.0,21.0,16.0,5.0,No clear directional edge.,FAR
2026-07-03T17:45:07.449852+00:00,BNB/USDT,SHORT,71.0,22.0,15.0,22.0,7.0,No clear directional edge.,FAR
2026-07-03T17:45:11.501684+00:00,XRP/USDT,LONG,62.0,21.0,21.0,17.0,4.0,No clear directional edge.,FAR
2026-07-03T17:45:15.236348+00:00,ADA/USDT,LONG,62.0,21.0,21.0,17.0,4.0,No clear directional edge.,FAR
2026-07-03T17:45:23.283834+00:00,DOGE/USDT,SHORT,74.0,23.0,15.0,23.0,8.0,No clear directional edge.,FAR
2026-07-03T17:47:14.706658+00:00,BTC/USDT,LONG,65.0,21.0,21.0,16.0,5.0,No clear directional edge.,FAR
2026-07-03T17:47:19.762003+00:00,BNB/USDT,SHORT,71.0,22.0,15.0,22.0,7.0,No clear directional edge.,FAR
2026-07-03T17:47:21.768035+00:00,XRP/USDT,LONG,62.0,21.0,21.0,17.0,4.0,No clear directional edge.,FAR
2026-07-03T17:47:25.694177+00:00,ADA/USDT,LONG,62.0,21.0,21.0,17.0,4.0,No clear directional edge.,FAR
2026-07-03T17:47:30.441213+00:00,DOGE/USDT,SHORT,74.0,23.0,15.0,23.0,8.0,No clear directional edge.,FAR
2026-07-03T17:50:27.837345+00:00,BTC/USDT,LONG,65.0,21.0,21.0,16.0,5.0,No clear directional edge.,FAR
2026-07-03T17:50:34.531373+00:00,BNB/USDT,SHORT,71.0,22.0,15.0,22.0,7.0,No clear directional edge.,FAR
2026-07-03T17:50:35.928633+00:00,XRP/USDT,LONG,62.0,21.0,21.0,17.0,4.0,No clear directional edge.,FAR
2026-07-03T17:50:39.365959+00:00,ADA/USDT,LONG,62.0,21.0,21.0,17.0,4.0,No clear directional edge.,FAR
2026-07-03T17:50:42.051627+00:00,DOGE/USDT,SHORT,74.0,23.0,15.0,23.0,8.0,No clear directional edge.,FAR
2026-07-03T17:52:56.551607+00:00,BTC/USDT,LONG,65.0,21.0,21.0,16.0,5.0,No clear directional edge.,FAR
2026-07-03T17:56:03.019587+00:00,BNB/USDT,SHORT,71.0,22.0,15.0,22.0,7.0,No clear directional edge.,FAR
2026-07-03T17:56:05.043858+00:00,XRP/USDT,LONG,62.0,21.0,21.0,17.0,4.0,No clear directional edge.,FAR
2026-07-03T17:56:08.782354+00:00,ADA/USDT,LONG,62.0,21.0,21.0,17.0,4.0,No clear directional edge.,FAR
2026-07-03T17:56:11.786862+00:00,DOGE/USDT,SHORT,74.0,23.0,15.0,23.0,8.0,No clear directional edge.,FAR
2026-07-03T17:56:25.376270+00:00,BTC/USDT,LONG,65.0,21.0,21.0,16.0,5.0,No clear directional edge.,FAR
2026-07-03T17:56:33.085040+00:00,BNB/USDT,SHORT,71.0,22.0,15.0,22.0,7.0,No clear directional edge.,FAR
2026-07-03T17:56:35.854890+00:00,XRP/USDT,LONG,62.0,21.0,21.0,17.0,4.0,No clear directional edge.,FAR
2026-07-03T17:56:40.634313+00:00,ADA/USDT,LONG,62.0,21.0,21.0,17.0,4.0,No clear directional edge.,FAR
2026-07-03T17:56:45.525522+00:00,DOGE/USDT,SHORT,74.0,23.0,15.0,23.0,8.0,No clear directional edge.,FAR
2026-07-03T18:01:43.575275+00:00,BNB/USDT,SHORT,71.0,22.0,15.0,22.0,7.0,No clear directional edge.,FAR
2026-07-03T18:01:44.769228+00:00,XRP/USDT,LONG,62.0,21.0,21.0,17.0,4.0,No clear directional edge.,FAR
2026-07-03T18:01:47.355953+00:00,ADA/USDT,LONG,62.0,21.0,21.0,17.0,4.0,No clear directional edge.,FAR
2026-07-03T18:01:49.847502+00:00,DOGE/USDT,SHORT,74.0,23.0,15.0,23.0,8.0,No clear directional edge.,FAR
2026-07-03T18:01:56.456234+00:00,BNB/USDT,SHORT,71.0,22.0,15.0,22.0,7.0,No clear directional edge.,FAR
2026-07-03T18:01:57.670977+00:00,XRP/USDT,LONG,62.0,21.0,21.0,17.0,4.0,No clear directional edge.,FAR
2026-07-03T18:02:00.573968+00:00,ADA/USDT,LONG,62.0,21.0,21.0,17.0,4.0,No clear directional edge.,FAR
2026-07-03T18:02:03.009149+00:00,DOGE/USDT,SHORT,74.0,23.0,15.0,23.0,8.0,No clear directional edge.,FAR
2026-07-03T18:09:26.679663+00:00,BNB/USDT,SHORT,71.0,22.0,15.0,22.0,7.0,No clear directional edge.,FAR
2026-07-03T18:09:28.556544+00:00,XRP/USDT,LONG,62.0,21.0,21.0,17.0,4.0,No clear directional edge.,FAR
2026-07-03T18:09:33.816513+00:00,ADA/USDT,LONG,62.0,21.0,21.0,17.0,4.0,No clear directional edge.,FAR
2026-07-03T18:09:37.978922+00:00,DOGE/USDT,SHORT,74.0,23.0,15.0,23.0,8.0,No clear directional edge.,FAR
2026-07-03T18:12:38.436691+00:00,BNB/USDT,SHORT,71.0,22.0,15.0,22.0,7.0,No clear directional edge.,FAR
2026-07-03T18:12:40.187578+00:00,XRP/USDT,LONG,62.0,21.0,21.0,17.0,4.0,No clear directional edge.,FAR
2026-07-03T18:12:44.313698+00:00,ADA/USDT,LONG,62.0,21.0,21.0,17.0,4.0,No clear directional edge.,FAR
2026-07-03T18:12:47.947031+00:00,DOGE/USDT,SHORT,74.0,23.0,15.0,23.0,8.0,No clear directional edge.,FAR
2026-07-03T18:14:48.062860+00:00,BNB/USDT,SHORT,71.0,22.0,15.0,22.0,7.0,No clear directional edge.,FAR
2026-07-03T18:14:49.805820+00:00,XRP/USDT,LONG,62.0,21.0,21.0,17.0,4.0,No clear directional edge.,FAR
2026-07-03T18:14:52.554170+00:00,ADA/USDT,LONG,62.0,21.0,21.0,17.0,4.0,No clear directional edge.,FAR
2026-07-03T18:14:58.414025+00:00,DOGE/USDT,SHORT,74.0,23.0,15.0,23.0,8.0,No clear directional edge.,FAR
2026-07-03T18:19:01.680385+00:00,BNB/USDT,SHORT,71.0,22.0,15.0,22.0,7.0,No clear directional edge.,FAR
2026-07-03T18:19:06.263755+00:00,XRP/USDT,LONG,62.0,21.0,21.0,17.0,4.0,No clear directional edge.,FAR
2026-07-03T18:20:20.566722+00:00,BNB/USDT,SHORT,71.0,22.0,15.0,22.0,7.0,No clear directional edge.,FAR
2026-07-03T18:20:25.172601+00:00,XRP/USDT,LONG,62.0,21.0,21.0,17.0,4.0,No clear directional edge.,FAR
2026-07-03T18:20:37.970674+00:00,ADA/USDT,LONG,62.0,21.0,21.0,17.0,4.0,No clear directional edge.,FAR
2026-07-03T18:21:14.322312+00:00,DOGE/USDT,SHORT,74.0,23.0,15.0,23.0,8.0,No clear directional edge.,FAR
2026-07-03T18:25:03.873068+00:00,ADA/USDT,LONG,62.0,21.0,21.0,17.0,4.0,No clear directional edge.,FAR
2026-07-03T18:25:08.033147+00:00,DOGE/USDT,SHORT,74.0,23.0,15.0,23.0,8.0,No clear directional edge.,FAR
2026-07-03T18:26:21.857602+00:00,BNB/USDT,SHORT,71.0,22.0,15.0,22.0,7.0,No clear directional edge.,FAR
2026-07-03T18:26:23.300272+00:00,XRP/USDT,LONG,62.0,21.0,21.0,17.0,4.0,No clear directional edge.,FAR
2026-07-03T18:26:26.315381+00:00,ADA/USDT,LONG,62.0,21.0,21.0,17.0,4.0,No clear directional edge.,FAR
2026-07-03T18:26:29.079624+00:00,DOGE/USDT,SHORT,74.0,23.0,15.0,23.0,8.0,No clear directional edge.,FAR
2026-07-03T18:30:41.334518+00:00,BTC/USDT,LONG,65.0,21.0,21.0,16.0,5.0,No clear directional edge.,FAR
2026-07-03T18:30:51.319286+00:00,BNB/USDT,SHORT,71.0,22.0,15.0,22.0,7.0,No clear directional edge.,FAR
2026-07-03T18:30:52.802653+00:00,XRP/USDT,LONG,62.0,21.0,21.0,17.0,4.0,No clear directional edge.,FAR
2026-07-03T18:31:05.706526+00:00,ADA/USDT,LONG,62.0,21.0,21.0,17.0,4.0,No clear directional edge.,FAR
2026-07-03T18:31:15.825421+00:00,DOGE/USDT,SHORT,74.0,23.0,15.0,23.0,8.0,No clear directional edge.,FAR
2026-07-03T18:31:40.908309+00:00,BNB/USDT,SHORT,71.0,22.0,15.0,22.0,7.0,No clear directional edge.,FAR
2026-07-03T18:31:43.246371+00:00,XRP/USDT,LONG,62.0,21.0,21.0,17.0,4.0,No clear directional edge.,FAR
2026-07-03T18:31:48.901807+00:00,ADA/USDT,LONG,62.0,21.0,21.0,17.0,4.0,No clear directional edge.,FAR
2026-07-03T18:31:52.174415+00:00,DOGE/USDT,SHORT,74.0,23.0,15.0,23.0,8.0,No clear directional edge.,FAR
2026-07-03T18:36:54.478729+00:00,BTC/USDT,LONG,65.0,21.0,21.0,16.0,5.0,No clear directional edge.,FAR
2026-07-03T18:36:56.537289+00:00,BTC/USDT,LONG,65.0,21.0,21.0,16.0,5.0,No clear directional edge.,FAR
2026-07-03T18:37:01.259983+00:00,BNB/USDT,SHORT,71.0,22.0,15.0,22.0,7.0,No clear directional edge.,FAR
2026-07-03T18:37:03.204579+00:00,BNB/USDT,SHORT,71.0,22.0,15.0,22.0,7.0,No clear directional edge.,FAR
2026-07-03T18:37:03.289153+00:00,XRP/USDT,LONG,62.0,21.0,21.0,17.0,4.0,No clear directional edge.,FAR
2026-07-03T18:37:04.959266+00:00,XRP/USDT,LONG,62.0,21.0,21.0,17.0,4.0,No clear directional edge.,FAR
2026-07-03T18:37:16.713092+00:00,DOGE/USDT,SHORT,74.0,23.0,15.0,23.0,8.0,No clear directional edge.,FAR
2026-07-03T18:37:45.695203+00:00,DOGE/USDT,SHORT,74.0,23.0,15.0,23.0,8.0,No clear directional edge.,FAR
2026-07-03T18:42:20.572983+00:00,BTC/USDT,LONG,65.0,21.0,21.0,16.0,5.0,No clear directional edge.,FAR
2026-07-03T18:42:24.671900+00:00,BNB/USDT,SHORT,71.0,22.0,15.0,22.0,7.0,No clear directional edge.,FAR
2026-07-03T18:42:25.939029+00:00,XRP/USDT,LONG,62.0,21.0,21.0,17.0,4.0,No clear directional edge.,FAR
2026-07-03T18:42:31.887371+00:00,DOGE/USDT,SHORT,74.0,23.0,15.0,23.0,8.0,No clear directional edge.,FAR
2026-07-03T18:43:14.419535+00:00,BTC/USDT,LONG,65.0,21.0,21.0,16.0,5.0,No clear directional edge.,FAR
2026-07-03T18:43:18.671573+00:00,BNB/USDT,SHORT,71.0,22.0,15.0,22.0,7.0,No clear directional edge.,FAR
2026-07-03T18:43:20.029811+00:00,XRP/USDT,LONG,62.0,21.0,21.0,17.0,4.0,No clear directional edge.,FAR
2026-07-03T18:43:27.058730+00:00,DOGE/USDT,SHORT,74.0,23.0,15.0,23.0,8.0,No clear directional edge.,FAR
2026-07-03T18:47:36.444419+00:00,BTC/USDT,LONG,65.0,21.0,21.0,16.0,5.0,No clear directional edge.,FAR
2026-07-03T18:47:43.606141+00:00,BNB/USDT,SHORT,71.0,22.0,15.0,22.0,7.0,No clear directional edge.,FAR
2026-07-03T18:47:46.688342+00:00,XRP/USDT,LONG,62.0,21.0,21.0,17.0,4.0,No clear directional edge.,FAR
2026-07-03T18:48:00.244588+00:00,DOGE/USDT,SHORT,74.0,23.0,15.0,23.0,8.0,No clear directional edge.,FAR
2026-07-03T18:48:52.294942+00:00,BTC/USDT,LONG,65.0,21.0,21.0,16.0,5.0,No clear directional edge.,FAR
2026-07-03T18:48:58.117395+00:00,BNB/USDT,SHORT,71.0,22.0,15.0,22.0,7.0,No clear directional edge.,FAR
2026-07-03T18:49:01.613829+00:00,XRP/USDT,LONG,62.0,21.0,21.0,17.0,4.0,No clear directional edge.,FAR
2026-07-03T18:49:05.094069+00:00,ADA/USDT,LONG,62.0,21.0,21.0,17.0,4.0,No clear directional edge.,FAR
2026-07-03T18:49:11.980660+00:00,DOGE/USDT,SHORT,74.0,23.0,15.0,23.0,8.0,No clear directional edge.,FAR
2026-07-03T18:53:02.635532+00:00,BTC/USDT,LONG,65.0,21.0,21.0,16.0,5.0,No clear directional edge.,FAR
2026-07-03T18:53:05.481548+00:00,BNB/USDT,SHORT,71.0,22.0,15.0,22.0,7.0,No clear directional edge.,FAR
2026-07-03T18:53:07.504040+00:00,XRP/USDT,LONG,62.0,21.0,21.0,17.0,4.0,No clear directional edge.,FAR
2026-07-03T18:53:12.111435+00:00,DOGE/USDT,SHORT,74.0,23.0,15.0,23.0,8.0,No clear directional edge.,FAR
2026-07-03T18:54:27.065484+00:00,BTC/USDT,LONG,65.0,21.0,21.0,16.0,5.0,No clear directional edge.,FAR
2026-07-03T18:54:33.449296+00:00,BNB/USDT,SHORT,71.0,22.0,15.0,22.0,7.0,No clear directional edge.,FAR
2026-07-03T18:54:35.584695+00:00,XRP/USDT,LONG,62.0,21.0,21.0,17.0,4.0,No clear directional edge.,FAR
2026-07-03T18:54:39.943485+00:00,ADA/USDT,LONG,62.0,21.0,21.0,17.0,4.0,No clear directional edge.,FAR
2026-07-03T18:54:43.910915+00:00,DOGE/USDT,SHORT,74.0,23.0,15.0,23.0,8.0,No clear directional edge.,FAR
2026-07-03T18:58:18.880934+00:00,BTC/USDT,LONG,65.0,21.0,21.0,16.0,5.0,No clear directional edge.,FAR
2026-07-03T18:58:27.608929+00:00,SOL/USDT,SHORT,62.0,23.0,19.0,23.0,4.0,No clear directional edge.,FAR
2026-07-03T18:58:34.427673+00:00,BNB/USDT,SHORT,71.0,22.0,15.0,22.0,7.0,No clear directional edge.,FAR
2026-07-03T18:58:37.320462+00:00,XRP/USDT,LONG,62.0,21.0,21.0,17.0,4.0,No clear directional edge.,FAR
2026-07-03T18:58:44.773818+00:00,DOGE/USDT,SHORT,74.0,23.0,15.0,23.0,8.0,No clear directional edge.,FAR
2026-07-03T18:59:58.860335+00:00,BTC/USDT,LONG,65.0,21.0,21.0,16.0,5.0,No clear directional edge.,FAR
2026-07-03T19:00:03.002912+00:00,BNB/USDT,SHORT,71.0,22.0,15.0,22.0,7.0,No clear directional edge.,FAR
2026-07-03T19:00:04.352758+00:00,XRP/USDT,LONG,62.0,21.0,21.0,17.0,4.0,No clear directional edge.,FAR
2026-07-03T19:00:08.546980+00:00,ADA/USDT,LONG,62.0,21.0,21.0,17.0,4.0,No clear directional edge.,FAR
2026-07-03T19:00:12.459851+00:00,DOGE/USDT,SHORT,74.0,23.0,15.0,23.0,8.0,No clear directional edge.,FAR
2026-07-03T19:03:49.279363+00:00,BTC/USDT,LONG,65.0,21.0,21.0,16.0,5.0,No clear directional edge.,FAR
2026-07-03T19:03:54.977590+00:00,BNB/USDT,SHORT,71.0,22.0,15.0,22.0,7.0,No clear directional edge.,FAR
2026-07-03T19:03:57.235593+00:00,XRP/USDT,LONG,62.0,21.0,21.0,17.0,4.0,No clear directional edge.,FAR
2026-07-03T19:04:00.414308+00:00,LINK/USDT,LONG,62.0,21.0,21.0,17.0,4.0,No clear directional edge.,FAR
2026-07-03T19:04:05.953164+00:00,DOGE/USDT,SHORT,74.0,23.0,15.0,23.0,8.0,No clear directional edge.,FAR
2026-07-03T19:05:31.555001+00:00,BNB/USDT,SHORT,68.0,21.0,15.0,21.0,6.0,No clear directional edge.,FAR
2026-07-03T19:05:33.376286+00:00,XRP/USDT,LONG,62.0,21.0,21.0,17.0,4.0,No clear directional edge.,FAR
2026-07-03T19:05:35.851499+00:00,ADA/USDT,LONG,62.0,21.0,21.0,17.0,4.0,No clear directional edge.,FAR
2026-07-03T19:05:39.059295+00:00,DOGE/USDT,SHORT,74.0,23.0,15.0,23.0,8.0,No clear directional edge.,FAR
2026-07-03T19:09:12.908694+00:00,BNB/USDT,SHORT,71.0,22.0,15.0,22.0,7.0,No clear directional edge.,FAR
2026-07-03T19:09:15.018290+00:00,XRP/USDT,LONG,62.0,21.0,21.0,17.0,4.0,No clear directional edge.,FAR
2026-07-03T19:09:23.051152+00:00,DOGE/USDT,SHORT,74.0,23.0,15.0,23.0,8.0,No clear directional edge.,FAR
2026-07-03T19:11:03.027672+00:00,BNB/USDT,SHORT,71.0,22.0,15.0,22.0,7.0,No clear directional edge.,FAR
2026-07-03T19:11:04.881772+00:00,XRP/USDT,LONG,62.0,21.0,21.0,17.0,4.0,No clear directional edge.,FAR
2026-07-03T19:11:06.808854+00:00,LINK/USDT,LONG,62.0,21.0,21.0,17.0,4.0,No clear directional edge.,FAR
2026-07-03T19:11:15.897860+00:00,DOGE/USDT,SHORT,74.0,23.0,15.0,23.0,8.0,No clear directional edge.,FAR
2026-07-03T19:14:37.646850+00:00,BNB/USDT,SHORT,71.0,22.0,15.0,22.0,7.0,No clear directional edge.,FAR
2026-07-03T19:14:39.043822+00:00,XRP/USDT,LONG,62.0,21.0,21.0,17.0,4.0,No clear directional edge.,FAR
2026-07-03T19:14:40.324439+00:00,LINK/USDT,LONG,62.0,21.0,21.0,17.0,4.0,No clear directional edge.,FAR
2026-07-03T19:14:47.619426+00:00,DOGE/USDT,SHORT,74.0,23.0,15.0,23.0,8.0,No clear directional edge.,FAR
2026-07-03T19:16:36.166166+00:00,BTC/USDT,LONG,65.0,21.0,21.0,16.0,5.0,No clear directional edge.,FAR
2026-07-03T19:16:42.175726+00:00,BNB/USDT,SHORT,71.0,22.0,15.0,22.0,7.0,No clear directional edge.,FAR
2026-07-03T19:16:44.031611+00:00,XRP/USDT,LONG,62.0,21.0,21.0,17.0,4.0,No clear directional edge.,FAR
2026-07-03T19:16:47.074710+00:00,LINK/USDT,LONG,62.0,21.0,21.0,17.0,4.0,No clear directional edge.,FAR
2026-07-03T19:17:09.305300+00:00,DOGE/USDT,SHORT,74.0,23.0,15.0,23.0,8.0,No clear directional edge.,FAR
2026-07-03T19:19:54.261279+00:00,BTC/USDT,LONG,65.0,21.0,21.0,16.0,5.0,No clear directional edge.,FAR
2026-07-03T19:20:07.411770+00:00,BNB/USDT,SHORT,71.0,22.0,15.0,22.0,7.0,No clear directional edge.,FAR
2026-07-03T19:20:08.919995+00:00,XRP/USDT,LONG,62.0,21.0,21.0,17.0,4.0,No clear directional edge.,FAR
2026-07-03T19:20:10.759010+00:00,LINK/USDT,LONG,62.0,21.0,21.0,17.0,4.0,No clear directional edge.,FAR
2026-07-03T19:20:18.638345+00:00,DOGE/USDT,SHORT,74.0,23.0,15.0,23.0,8.0,No clear directional edge.,FAR
2026-07-03T19:22:32.281521+00:00,BTC/USDT,LONG,65.0,21.0,21.0,16.0,5.0,No clear directional edge.,FAR
2026-07-03T19:22:37.748899+00:00,BNB/USDT,SHORT,71.0,22.0,15.0,22.0,7.0,No clear directional edge.,FAR
2026-07-03T19:22:40.123410+00:00,XRP/USDT,LONG,62.0,21.0,21.0,17.0,4.0,No clear directional edge.,FAR
2026-07-03T19:22:43.343490+00:00,LINK/USDT,LONG,62.0,21.0,21.0,17.0,4.0,No clear directional edge.,FAR
2026-07-03T19:22:53.236168+00:00,DOGE/USDT,SHORT,74.0,23.0,15.0,23.0,8.0,No clear directional edge.,FAR
2026-07-03T19:25:32.492931+00:00,SOL/USDT,SHORT,62.0,23.0,19.0,23.0,4.0,No clear directional edge.,FAR
2026-07-03T19:25:34.853282+00:00,BNB/USDT,SHORT,71.0,22.0,15.0,22.0,7.0,No clear directional edge.,FAR
2026-07-03T19:25:37.317848+00:00,XRP/USDT,LONG,62.0,21.0,21.0,17.0,4.0,No clear directional edge.,FAR
2026-07-03T19:25:38.843469+00:00,LINK/USDT,LONG,62.0,21.0,21.0,17.0,4.0,No clear directional edge.,FAR
2026-07-03T19:25:43.449679+00:00,DOGE/USDT,SHORT,74.0,23.0,15.0,23.0,8.0,No clear directional edge.,FAR
2026-07-03T19:28:10.216979+00:00,BTC/USDT,LONG,65.0,21.0,21.0,16.0,5.0,No clear directional edge.,FAR
2026-07-03T19:28:16.171574+00:00,BNB/USDT,SHORT,71.0,22.0,15.0,22.0,7.0,No clear directional edge.,FAR
2026-07-03T19:28:17.394528+00:00,XRP/USDT,LONG,62.0,21.0,21.0,17.0,4.0,No clear directional edge.,FAR
2026-07-03T19:28:18.962270+00:00,LINK/USDT,LONG,62.0,21.0,21.0,17.0,4.0,No clear directional edge.,FAR
2026-07-03T19:28:23.238220+00:00,DOGE/USDT,SHORT,74.0,23.0,15.0,23.0,8.0,No clear directional edge.,FAR
2026-07-03T19:30:59.443660+00:00,BNB/USDT,SHORT,71.0,22.0,15.0,22.0,7.0,No clear directional edge.,FAR
2026-07-03T19:31:00.638253+00:00,XRP/USDT,LONG,62.0,21.0,21.0,17.0,4.0,No clear directional edge.,FAR
2026-07-03T19:31:57.583985+00:00,LINK/USDT,LONG,62.0,21.0,21.0,17.0,4.0,No clear directional edge.,FAR
2026-07-03T19:32:01.574882+00:00,DOGE/USDT,SHORT,74.0,23.0,15.0,23.0,8.0,No clear directional edge.,FAR
2026-07-03T19:33:41.491974+00:00,BTC/USDT,LONG,65.0,21.0,21.0,16.0,5.0,No clear directional edge.,FAR
2026-07-03T19:33:57.115927+00:00,BNB/USDT,SHORT,71.0,22.0,15.0,22.0,7.0,No clear directional edge.,FAR
2026-07-03T19:34:02.066573+00:00,XRP/USDT,LONG,62.0,21.0,21.0,17.0,4.0,No clear directional edge.,FAR
2026-07-03T19:34:06.243242+00:00,LINK/USDT,LONG,62.0,21.0,21.0,17.0,4.0,No clear directional edge.,FAR
2026-07-03T19:34:15.191547+00:00,DOGE/USDT,SHORT,74.0,23.0,15.0,23.0,8.0,No clear directional edge.,FAR
2026-07-03T19:39:30.416285+00:00,BTC/USDT,LONG,65.0,21.0,21.0,16.0,5.0,No clear directional edge.,FAR
2026-07-03T19:39:35.028482+00:00,BNB/USDT,SHORT,71.0,22.0,15.0,22.0,7.0,No clear directional edge.,FAR
2026-07-03T19:39:36.978663+00:00,XRP/USDT,LONG,62.0,21.0,21.0,17.0,4.0,No clear directional edge.,FAR
2026-07-03T19:39:39.002838+00:00,LINK/USDT,LONG,62.0,21.0,21.0,17.0,4.0,No clear directional edge.,FAR
2026-07-03T19:39:44.661060+00:00,DOGE/USDT,SHORT,74.0,23.0,15.0,23.0,8.0,No clear directional edge.,FAR
2026-07-03T19:45:02.424380+00:00,BTC/USDT,LONG,65.0,21.0,21.0,16.0,5.0,No clear directional edge.,FAR
2026-07-03T19:45:11.168410+00:00,BNB/USDT,SHORT,71.0,22.0,15.0,22.0,7.0,No clear directional edge.,FAR
2026-07-03T19:45:14.284347+00:00,XRP/USDT,LONG,62.0,21.0,21.0,17.0,4.0,No clear directional edge.,FAR
2026-07-03T19:45:17.403758+00:00,LINK/USDT,LONG,62.0,21.0,21.0,17.0,4.0,No clear directional edge.,FAR
2026-07-03T19:45:25.684991+00:00,DOGE/USDT,SHORT,74.0,23.0,15.0,23.0,8.0,No clear directional edge.,FAR
2026-07-03T19:46:37.614527+00:00,BNB/USDT,SHORT,71.0,22.0,15.0,22.0,7.0,No clear directional edge.,FAR
2026-07-03T19:46:39.718714+00:00,XRP/USDT,LONG,62.0,21.0,21.0,17.0,4.0,No clear directional edge.,FAR
2026-07-03T19:46:41.846154+00:00,LINK/USDT,LONG,62.0,21.0,21.0,17.0,4.0,No clear directional edge.,FAR
2026-07-03T19:46:48.634189+00:00,DOGE/USDT,SHORT,74.0,23.0,15.0,23.0,8.0,No clear directional edge.,FAR
2026-07-03T19:50:45.015277+00:00,BTC/USDT,LONG,65.0,21.0,21.0,16.0,5.0,No clear directional edge.,FAR
2026-07-03T19:50:55.237625+00:00,BNB/USDT,SHORT,71.0,22.0,15.0,22.0,7.0,No clear directional edge.,FAR
2026-07-03T19:50:59.038960+00:00,XRP/USDT,LONG,68.0,21.0,21.0,15.0,6.0,No clear directional edge.,FAR
2026-07-03T19:51:01.335607+00:00,LINK/USDT,LONG,62.0,21.0,21.0,17.0,4.0,No clear directional edge.,FAR
2026-07-03T19:51:10.395858+00:00,DOGE/USDT,SHORT,74.0,23.0,15.0,23.0,8.0,No clear directional edge.,FAR
2026-07-03T19:51:51.580019+00:00,BTC/USDT,LONG,65.0,21.0,21.0,16.0,5.0,No clear directional edge.,FAR
2026-07-03T19:51:56.179222+00:00,BNB/USDT,SHORT,71.0,22.0,15.0,22.0,7.0,No clear directional edge.,FAR
2026-07-03T19:51:58.133879+00:00,XRP/USDT,LONG,62.0,21.0,21.0,17.0,4.0,No clear directional edge.,FAR
2026-07-03T19:51:59.375041+00:00,LINK/USDT,LONG,62.0,21.0,21.0,17.0,4.0,No clear directional edge.,FAR
2026-07-03T19:52:05.540315+00:00,DOGE/USDT,SHORT,74.0,23.0,15.0,23.0,8.0,No clear directional edge.,FAR
2026-07-03T19:56:27.450527+00:00,BTC/USDT,LONG,65.0,21.0,21.0,16.0,5.0,No clear directional edge.,FAR
2026-07-03T19:56:32.453087+00:00,BNB/USDT,SHORT,71.0,22.0,15.0,22.0,7.0,No clear directional edge.,FAR
2026-07-03T19:56:34.839037+00:00,XRP/USDT,LONG,68.0,21.0,21.0,15.0,6.0,No clear directional edge.,FAR
2026-07-03T19:56:35.976939+00:00,LINK/USDT,LONG,62.0,21.0,21.0,17.0,4.0,No clear directional edge.,FAR
2026-07-03T19:56:41.913085+00:00,DOGE/USDT,SHORT,74.0,23.0,15.0,23.0,8.0,No clear directional edge.,FAR
2026-07-03T19:57:30.876481+00:00,BNB/USDT,SHORT,71.0,22.0,15.0,22.0,7.0,No clear directional edge.,FAR
2026-07-03T19:57:35.389961+00:00,XRP/USDT,LONG,68.0,21.0,21.0,15.0,6.0,No clear directional edge.,FAR
2026-07-03T19:57:39.892761+00:00,LINK/USDT,LONG,62.0,21.0,21.0,17.0,4.0,No clear directional edge.,FAR
2026-07-03T19:57:48.303135+00:00,DOGE/USDT,SHORT,74.0,23.0,15.0,23.0,8.0,No clear directional edge.,FAR
2026-07-03T20:02:19.251329+00:00,BNB/USDT,SHORT,71.0,22.0,15.0,22.0,7.0,No clear directional edge.,FAR
2026-07-03T20:02:20.367561+00:00,XRP/USDT,LONG,68.0,21.0,21.0,15.0,6.0,No clear directional edge.,FAR
2026-07-03T20:02:21.976090+00:00,LINK/USDT,LONG,62.0,21.0,21.0,17.0,4.0,No clear directional edge.,FAR
2026-07-03T20:02:26.362045+00:00,DOGE/USDT,SHORT,74.0,23.0,15.0,23.0,8.0,No clear directional edge.,FAR
2026-07-03T20:03:04.871826+00:00,BNB/USDT,SHORT,71.0,22.0,15.0,22.0,7.0,No clear directional edge.,FAR
2026-07-03T20:03:07.234903+00:00,XRP/USDT,LONG,68.0,21.0,21.0,15.0,6.0,No clear directional edge.,FAR
2026-07-03T20:03:09.342717+00:00,LINK/USDT,LONG,62.0,21.0,21.0,17.0,4.0,No clear directional edge.,FAR
2026-07-03T20:03:18.247423+00:00,DOGE/USDT,SHORT,74.0,23.0,15.0,23.0,8.0,No clear directional edge.,FAR
2026-07-03T20:07:44.936602+00:00,BTC/USDT,LONG,62.0,21.0,21.0,17.0,4.0,No clear directional edge.,FAR
2026-07-03T20:07:51.128375+00:00,BNB/USDT,SHORT,71.0,22.0,15.0,22.0,7.0,No clear directional edge.,FAR
2026-07-03T20:07:52.885617+00:00,XRP/USDT,LONG,62.0,21.0,21.0,17.0,4.0,No clear directional edge.,FAR
2026-07-03T20:07:54.401630+00:00,LINK/USDT,LONG,62.0,21.0,21.0,17.0,4.0,No clear directional edge.,FAR
2026-07-03T20:07:59.569525+00:00,DOGE/USDT,SHORT,74.0,23.0,15.0,23.0,8.0,No clear directional edge.,FAR
2026-07-03T20:08:25.278999+00:00,BTC/USDT,LONG,62.0,21.0,21.0,17.0,4.0,No clear directional edge.,FAR
2026-07-03T20:08:31.353891+00:00,BNB/USDT,SHORT,71.0,22.0,15.0,22.0,7.0,No clear directional edge.,FAR
2026-07-03T20:08:33.180990+00:00,XRP/USDT,LONG,62.0,21.0,21.0,17.0,4.0,No clear directional edge.,FAR
2026-07-03T20:08:34.842608+00:00,LINK/USDT,LONG,62.0,21.0,21.0,17.0,4.0,No clear directional edge.,FAR
2026-07-03T20:08:39.520010+00:00,DOGE/USDT,SHORT,74.0,23.0,15.0,23.0,8.0,No clear directional edge.,FAR
2026-07-03T20:13:17.242726+00:00,BTC/USDT,LONG,62.0,21.0,21.0,17.0,4.0,No clear directional edge.,FAR
2026-07-03T20:13:24.151453+00:00,BNB/USDT,SHORT,71.0,22.0,15.0,22.0,7.0,No clear directional edge.,FAR
2026-07-03T20:13:25.837820+00:00,XRP/USDT,LONG,68.0,21.0,21.0,15.0,6.0,No clear directional edge.,FAR
2026-07-03T20:13:28.273068+00:00,LINK/USDT,LONG,62.0,21.0,21.0,17.0,4.0,No clear directional edge.,FAR
2026-07-03T20:13:35.853158+00:00,DOGE/USDT,SHORT,74.0,23.0,15.0,23.0,8.0,No clear directional edge.,FAR
2026-07-03T20:13:43.549509+00:00,BTC/USDT,LONG,62.0,21.0,21.0,17.0,4.0,No clear directional edge.,FAR
2026-07-03T20:14:02.171175+00:00,BNB/USDT,SHORT,71.0,22.0,15.0,22.0,7.0,No clear directional edge.,FAR
2026-07-03T20:14:03.389919+00:00,XRP/USDT,LONG,68.0,21.0,21.0,15.0,6.0,No clear directional edge.,FAR
2026-07-03T20:14:04.808381+00:00,LINK/USDT,LONG,62.0,21.0,21.0,17.0,4.0,No clear directional edge.,FAR
2026-07-03T20:14:10.752341+00:00,DOGE/USDT,SHORT,74.0,23.0,15.0,23.0,8.0,No clear directional edge.,FAR
2026-07-03T20:18:55.737269+00:00,BTC/USDT,LONG,62.0,21.0,21.0,17.0,4.0,No clear directional edge.,FAR
2026-07-03T20:19:06.454467+00:00,BNB/USDT,SHORT,71.0,22.0,15.0,22.0,7.0,No clear directional edge.,FAR
2026-07-03T20:19:07.999963+00:00,XRP/USDT,LONG,62.0,21.0,21.0,17.0,4.0,No clear directional edge.,FAR
2026-07-03T20:19:15.406928+00:00,LINK/USDT,LONG,62.0,21.0,21.0,17.0,4.0,No clear directional edge.,FAR
2026-07-03T20:19:20.996364+00:00,BTC/USDT,LONG,62.0,21.0,21.0,17.0,4.0,No clear directional edge.,FAR
2026-07-03T20:19:27.185034+00:00,DOGE/USDT,SHORT,74.0,23.0,15.0,23.0,8.0,No clear directional edge.,FAR
2026-07-03T20:19:31.361985+00:00,BNB/USDT,SHORT,71.0,22.0,15.0,22.0,7.0,No clear directional edge.,FAR
2026-07-03T20:19:33.174104+00:00,XRP/USDT,LONG,62.0,21.0,21.0,17.0,4.0,No clear directional edge.,FAR
2026-07-03T20:19:36.312251+00:00,LINK/USDT,LONG,62.0,21.0,21.0,17.0,4.0,No clear directional edge.,FAR
2026-07-03T20:19:51.771153+00:00,DOGE/USDT,SHORT,74.0,23.0,15.0,23.0,8.0,No clear directional edge.,FAR
2026-07-03T20:24:47.061557+00:00,BTC/USDT,LONG,62.0,21.0,21.0,17.0,4.0,No clear directional edge.,FAR
2026-07-03T20:24:57.185007+00:00,BNB/USDT,SHORT,71.0,22.0,15.0,22.0,7.0,No clear directional edge.,FAR
2026-07-03T20:24:59.429845+00:00,XRP/USDT,LONG,62.0,21.0,21.0,17.0,4.0,No clear directional edge.,FAR
2026-07-03T20:25:01.206684+00:00,LINK/USDT,LONG,62.0,21.0,21.0,17.0,4.0,No clear directional edge.,FAR
2026-07-03T20:25:07.822715+00:00,DOGE/USDT,SHORT,74.0,23.0,15.0,23.0,8.0,No clear directional edge.,FAR
2026-07-03T20:33:37.350198+00:00,BTC/USDT,LONG,62.0,21.0,21.0,17.0,4.0,No clear directional edge.,FAR
2026-07-03T20:33:39.676026+00:00,BNB/USDT,SHORT,71.0,22.0,15.0,22.0,7.0,No clear directional edge.,FAR
2026-07-03T20:33:40.488595+00:00,XRP/USDT,LONG,62.0,21.0,21.0,17.0,4.0,No clear directional edge.,FAR
2026-07-03T20:33:41.280193+00:00,LINK/USDT,LONG,62.0,21.0,21.0,17.0,4.0,No clear directional edge.,FAR
2026-07-03T20:33:43.633178+00:00,DOGE/USDT,SHORT,74.0,23.0,15.0,23.0,8.0,No clear directional edge.,FAR
2026-07-03T20:38:58.845534+00:00,BTC/USDT,LONG,62.0,21.0,21.0,17.0,4.0,No clear directional edge.,FAR
2026-07-03T20:39:05.202390+00:00,BNB/USDT,SHORT,71.0,22.0,15.0,22.0,7.0,No clear directional edge.,FAR
2026-07-03T20:39:06.159910+00:00,XRP/USDT,LONG,62.0,21.0,21.0,17.0,4.0,No clear directional edge.,FAR
2026-07-03T20:39:07.714942+00:00,LINK/USDT,LONG,62.0,21.0,21.0,17.0,4.0,No clear directional edge.,FAR
2026-07-03T20:39:13.060959+00:00,DOGE/USDT,SHORT,74.0,23.0,15.0,23.0,8.0,No clear directional edge.,FAR
2026-07-04T10:35:35.427641+00:00,BTC/USDT,LONG,68.0,18.0,18.0,12.0,6.0,No clear directional edge.,FAR
2026-07-04T10:35:40.120813+00:00,ETH/USDT,LONG,65.0,18.0,18.0,13.0,5.0,No clear directional edge.,FAR
2026-07-04T10:35:47.469954+00:00,LINK/USDT,LONG,71.0,21.0,21.0,14.0,7.0,No clear directional edge.,FAR
2026-07-04T10:35:57.169298+00:00,DOGE/USDT,LONG,80.0,21.0,21.0,11.0,10.0,No clear directional edge.,MEDIUM
2026-07-04T10:41:14.768224+00:00,BTC/USDT,LONG,68.0,18.0,18.0,12.0,6.0,No clear directional edge.,FAR
2026-07-04T10:41:17.554147+00:00,ETH/USDT,LONG,65.0,18.0,18.0,13.0,5.0,No clear directional edge.,FAR
2026-07-04T10:41:27.121959+00:00,LINK/USDT,LONG,71.0,21.0,21.0,14.0,7.0,No clear directional edge.,FAR
2026-07-04T10:41:34.826537+00:00,DOGE/USDT,LONG,80.0,21.0,21.0,11.0,10.0,No clear directional edge.,MEDIUM
2026-07-04T10:46:57.920132+00:00,BTC/USDT,LONG,68.0,18.0,18.0,12.0,6.0,No clear directional edge.,FAR
2026-07-04T10:46:59.950753+00:00,ETH/USDT,LONG,65.0,18.0,18.0,13.0,5.0,No clear directional edge.,FAR
2026-07-04T10:47:15.442568+00:00,DOGE/USDT,LONG,80.0,21.0,21.0,11.0,10.0,No clear directional edge.,MEDIUM
2026-07-04T10:52:46.736111+00:00,BTC/USDT,LONG,65.0,18.0,18.0,13.0,5.0,No clear directional edge.,FAR
2026-07-04T10:52:59.173911+00:00,ADA/USDT,LONG,71.0,18.0,18.0,11.0,7.0,No clear directional edge.,FAR
2026-07-04T10:53:03.092735+00:00,DOGE/USDT,LONG,74.0,21.0,21.0,13.0,8.0,No clear directional edge.,FAR
2026-07-04T11:20:31.474132+00:00,BTC/USDT,LONG,65.0,18.0,18.0,13.0,5.0,No clear directional edge.,FAR
2026-07-04T11:20:32.748548+00:00,ETH/USDT,LONG,65.0,18.0,18.0,13.0,5.0,No clear directional edge.,FAR
2026-07-04T11:38:28.631189+00:00,LINK/USDT,LONG,65.0,18.0,18.0,13.0,5.0,No clear directional edge.,FAR
2026-07-04T11:38:30.395477+00:00,ADA/USDT,LONG,65.0,18.0,18.0,13.0,5.0,No clear directional edge.,FAR
2026-07-04T11:43:55.283666+00:00,BTC/USDT,LONG,65.0,18.0,18.0,13.0,5.0,No clear directional edge.,FAR
2026-07-04T11:43:56.927241+00:00,ETH/USDT,LONG,65.0,18.0,18.0,13.0,5.0,No clear directional edge.,FAR
2026-07-04T11:44:10.141883+00:00,LINK/USDT,LONG,65.0,18.0,18.0,13.0,5.0,No clear directional edge.,FAR
2026-07-04T11:44:13.589469+00:00,ADA/USDT,LONG,65.0,18.0,18.0,13.0,5.0,No clear directional edge.,FAR
2026-07-04T11:49:31.850028+00:00,BTC/USDT,LONG,68.0,18.0,18.0,12.0,6.0,No clear directional edge.,FAR
2026-07-04T11:49:33.202847+00:00,ETH/USDT,LONG,65.0,18.0,18.0,13.0,5.0,No clear directional edge.,FAR
2026-07-04T11:49:38.573958+00:00,LINK/USDT,LONG,65.0,18.0,18.0,13.0,5.0,No clear directional edge.,FAR
2026-07-04T11:49:40.128215+00:00,ADA/USDT,LONG,65.0,18.0,18.0,13.0,5.0,No clear directional edge.,FAR
2026-07-04T11:54:58.561132+00:00,BTC/USDT,LONG,65.0,18.0,18.0,13.0,5.0,No clear directional edge.,FAR
2026-07-04T11:54:59.830454+00:00,ETH/USDT,LONG,65.0,18.0,18.0,13.0,5.0,No clear directional edge.,FAR
2026-07-04T11:55:05.072954+00:00,LINK/USDT,LONG,65.0,18.0,18.0,13.0,5.0,No clear directional edge.,FAR
2026-07-04T11:55:06.412679+00:00,ADA/USDT,LONG,65.0,18.0,18.0,13.0,5.0,No clear directional edge.,FAR
2026-07-04T11:55:09.586885+00:00,DOGE/USDT,LONG,74.0,21.0,21.0,13.0,8.0,No clear directional edge.,FAR
2026-07-04T12:00:29.533724+00:00,BTC/USDT,LONG,65.0,18.0,18.0,13.0,5.0,No clear directional edge.,FAR
2026-07-04T12:00:32.197780+00:00,ETH/USDT,LONG,65.0,18.0,18.0,13.0,5.0,No clear directional edge.,FAR
2026-07-04T12:00:39.488358+00:00,LINK/USDT,LONG,71.0,21.0,21.0,14.0,7.0,No clear directional edge.,FAR
2026-07-04T12:00:41.210762+00:00,ADA/USDT,LONG,71.0,21.0,21.0,14.0,7.0,No clear directional edge.,FAR
2026-07-04T12:00:43.582007+00:00,DOGE/USDT,LONG,80.0,21.0,21.0,11.0,10.0,No clear directional edge.,MEDIUM
2026-07-04T12:06:03.394300+00:00,BTC/USDT,LONG,65.0,18.0,18.0,13.0,5.0,No clear directional edge.,FAR
2026-07-04T12:06:16.580579+00:00,LINK/USDT,LONG,65.0,18.0,18.0,13.0,5.0,No clear directional edge.,FAR
2026-07-04T12:06:17.585181+00:00,ADA/USDT,LONG,71.0,21.0,21.0,14.0,7.0,No clear directional edge.,FAR
2026-07-04T12:06:20.987006+00:00,DOGE/USDT,LONG,74.0,21.0,21.0,13.0,8.0,No clear directional edge.,FAR
2026-07-04T12:11:37.221592+00:00,BTC/USDT,LONG,65.0,18.0,18.0,13.0,5.0,No clear directional edge.,FAR
2026-07-04T12:11:46.869774+00:00,LINK/USDT,LONG,65.0,18.0,18.0,13.0,5.0,No clear directional edge.,FAR
2026-07-04T12:11:48.549856+00:00,ADA/USDT,LONG,71.0,21.0,21.0,14.0,7.0,No clear directional edge.,FAR
2026-07-04T12:11:52.286638+00:00,DOGE/USDT,LONG,80.0,21.0,21.0,11.0,10.0,No clear directional edge.,MEDIUM
2026-07-04T13:10:23.469407+00:00,BTC/USDT,LONG,65.0,18.0,18.0,13.0,5.0,No clear directional edge.,FAR
2026-07-04T13:10:32.325593+00:00,LINK/USDT,LONG,65.0,18.0,18.0,13.0,5.0,No clear directional edge.,FAR
2026-07-04T13:10:34.266914+00:00,ADA/USDT,LONG,71.0,21.0,21.0,14.0,7.0,No clear directional edge.,FAR
2026-07-04T13:10:38.727283+00:00,DOGE/USDT,LONG,74.0,21.0,21.0,13.0,8.0,No clear directional edge.,FAR
2026-07-04T13:31:55.270907+00:00,BTC/USDT,LONG,65.0,18.0,18.0,13.0,5.0,No clear directional edge.,FAR
2026-07-04T13:32:00.355786+00:00,LINK/USDT,LONG,65.0,18.0,18.0,13.0,5.0,No clear directional edge.,FAR
2026-07-04T13:32:01.117504+00:00,ADA/USDT,LONG,65.0,18.0,18.0,13.0,5.0,No clear directional edge.,FAR
2026-07-04T13:32:03.353077+00:00,DOGE/USDT,LONG,74.0,21.0,21.0,13.0,8.0,No clear directional edge.,FAR
2026-07-04T13:56:29.557239+00:00,BTC/USDT,LONG,65.0,18.0,18.0,13.0,5.0,No clear directional edge.,FAR
2026-07-04T13:56:31.124060+00:00,ETH/USDT,LONG,65.0,18.0,18.0,13.0,5.0,No clear directional edge.,FAR
2026-07-04T13:56:37.234256+00:00,LINK/USDT,LONG,71.0,21.0,21.0,14.0,7.0,No clear directional edge.,FAR
2026-07-04T13:56:39.293174+00:00,ADA/USDT,LONG,65.0,18.0,18.0,13.0,5.0,No clear directional edge.,FAR
2026-07-04T13:56:43.717302+00:00,DOGE/USDT,LONG,74.0,21.0,21.0,13.0,8.0,No clear directional edge.,FAR
2026-07-04T14:01:58.248563+00:00,BTC/USDT,LONG,65.0,18.0,18.0,13.0,5.0,No clear directional edge.,FAR
2026-07-04T14:02:35.977932+00:00,XRP/USDT,LONG,62.0,21.0,21.0,17.0,4.0,No clear directional edge.,FAR
2026-07-04T14:02:40.807705+00:00,LINK/USDT,LONG,65.0,18.0,18.0,13.0,5.0,No clear directional edge.,FAR
2026-07-04T14:02:44.764648+00:00,ADA/USDT,LONG,65.0,18.0,18.0,13.0,5.0,No clear directional edge.,FAR
2026-07-04T14:08:20.015879+00:00,BTC/USDT,LONG,65.0,18.0,18.0,13.0,5.0,No clear directional edge.,FAR
2026-07-04T14:08:26.225673+00:00,XRP/USDT,LONG,62.0,21.0,21.0,17.0,4.0,No clear directional edge.,FAR
2026-07-04T14:08:28.901218+00:00,LINK/USDT,LONG,65.0,18.0,18.0,13.0,5.0,No clear directional edge.,FAR
2026-07-04T14:14:01.541347+00:00,BTC/USDT,LONG,65.0,18.0,18.0,13.0,5.0,No clear directional edge.,FAR
2026-07-04T14:14:09.292373+00:00,XRP/USDT,LONG,62.0,21.0,21.0,17.0,4.0,No clear directional edge.,FAR
2026-07-04T14:14:11.875456+00:00,LINK/USDT,LONG,65.0,18.0,18.0,13.0,5.0,No clear directional edge.,FAR
2026-07-04T14:19:50.657434+00:00,BTC/USDT,LONG,65.0,18.0,18.0,13.0,5.0,No clear directional edge.,FAR
2026-07-04T14:19:56.901516+00:00,XRP/USDT,LONG,62.0,21.0,21.0,17.0,4.0,No clear directional edge.,FAR
2026-07-04T14:19:58.872286+00:00,LINK/USDT,LONG,65.0,18.0,18.0,13.0,5.0,No clear directional edge.,FAR
2026-07-04T14:25:30.205846+00:00,XRP/USDT,LONG,62.0,21.0,21.0,17.0,4.0,No clear directional edge.,FAR
2026-07-04T14:25:32.855668+00:00,LINK/USDT,LONG,65.0,18.0,18.0,13.0,5.0,No clear directional edge.,FAR
2026-07-04T14:31:11.349439+00:00,BTC/USDT,LONG,65.0,18.0,18.0,13.0,5.0,No clear directional edge.,FAR
2026-07-04T14:31:18.770977+00:00,XRP/USDT,LONG,62.0,21.0,21.0,17.0,4.0,No clear directional edge.,FAR
2026-07-04T14:31:21.483032+00:00,LINK/USDT,LONG,65.0,18.0,18.0,13.0,5.0,No clear directional edge.,FAR
2026-07-04T14:36:52.057143+00:00,BTC/USDT,LONG,65.0,18.0,18.0,13.0,5.0,No clear directional edge.,FAR
2026-07-04T14:37:05.526527+00:00,XRP/USDT,LONG,62.0,21.0,21.0,17.0,4.0,No clear directional edge.,FAR
2026-07-04T14:37:06.932848+00:00,LINK/USDT,LONG,65.0,18.0,18.0,13.0,5.0,No clear directional edge.,FAR
2026-07-04T14:42:32.823597+00:00,BTC/USDT,LONG,65.0,18.0,18.0,13.0,5.0,No clear directional edge.,FAR
2026-07-04T14:43:14.629667+00:00,XRP/USDT,LONG,62.0,21.0,21.0,17.0,4.0,No clear directional edge.,FAR
2026-07-04T14:43:16.161253+00:00,ADA/USDT,SHORT,62.0,22.0,18.0,22.0,4.0,No clear directional edge.,FAR
2026-07-04T14:48:44.108295+00:00,XRP/USDT,LONG,62.0,21.0,21.0,17.0,4.0,No clear directional edge.,FAR
2026-07-04T14:54:03.585022+00:00,BTC/USDT,LONG,65.0,18.0,18.0,13.0,5.0,No clear directional edge.,FAR
2026-07-04T14:54:07.542102+00:00,XRP/USDT,LONG,62.0,21.0,21.0,17.0,4.0,No clear directional edge.,FAR
2026-07-04T14:54:09.695801+00:00,ADA/USDT,SHORT,62.0,22.0,18.0,22.0,4.0,No clear directional edge.,FAR
2026-07-04T14:59:27.613608+00:00,XRP/USDT,LONG,62.0,21.0,21.0,17.0,4.0,No clear directional edge.,FAR
2026-07-04T14:59:29.182548+00:00,ADA/USDT,SHORT,62.0,22.0,18.0,22.0,4.0,No clear directional edge.,FAR
2026-07-04T15:04:47.284950+00:00,XRP/USDT,LONG,62.0,21.0,21.0,17.0,4.0,No clear directional edge.,FAR
2026-07-04T15:04:48.048850+00:00,LINK/USDT,LONG,62.0,21.0,21.0,17.0,4.0,No clear directional edge.,FAR
2026-07-04T15:04:49.577374+00:00,AVAX/USDT,LONG,74.0,20.0,20.0,12.0,8.0,No clear directional edge.,FAR
2026-07-04T15:10:06.935369+00:00,XRP/USDT,LONG,62.0,21.0,21.0,17.0,4.0,No clear directional edge.,FAR
2026-07-04T15:10:07.692045+00:00,LINK/USDT,LONG,62.0,21.0,21.0,17.0,4.0,No clear directional edge.,FAR
2026-07-04T15:15:26.368890+00:00,XRP/USDT,LONG,68.0,21.0,21.0,15.0,6.0,No clear directional edge.,FAR
2026-07-04T15:15:27.128205+00:00,LINK/USDT,LONG,68.0,21.0,21.0,15.0,6.0,No clear directional edge.,FAR
2026-07-04T15:15:28.639818+00:00,AVAX/USDT,LONG,65.0,21.0,21.0,16.0,5.0,No clear directional edge.,FAR
2026-07-04T15:20:47.112569+00:00,XRP/USDT,LONG,68.0,21.0,21.0,15.0,6.0,No clear directional edge.,FAR
2026-07-04T15:20:47.907639+00:00,LINK/USDT,LONG,68.0,21.0,21.0,15.0,6.0,No clear directional edge.,FAR
2026-07-04T15:20:49.443350+00:00,AVAX/USDT,LONG,65.0,21.0,21.0,16.0,5.0,No clear directional edge.,FAR
2026-07-04T15:26:06.487572+00:00,XRP/USDT,LONG,68.0,21.0,21.0,15.0,6.0,No clear directional edge.,FAR
2026-07-04T15:26:07.246385+00:00,LINK/USDT,LONG,62.0,21.0,21.0,17.0,4.0,No clear directional edge.,FAR
2026-07-04T15:26:08.769715+00:00,AVAX/USDT,LONG,65.0,21.0,21.0,16.0,5.0,No clear directional edge.,FAR
2026-07-04T15:31:29.352952+00:00,XRP/USDT,LONG,62.0,21.0,21.0,17.0,4.0,No clear directional edge.,FAR
2026-07-04T15:31:30.377869+00:00,LINK/USDT,LONG,62.0,21.0,21.0,17.0,4.0,No clear directional edge.,FAR
2026-07-04T15:31:32.528003+00:00,AVAX/USDT,LONG,65.0,21.0,21.0,16.0,5.0,No clear directional edge.,FAR
2026-07-04T15:37:28.332905+00:00,XRP/USDT,LONG,62.0,21.0,21.0,17.0,4.0,No clear directional edge.,FAR
2026-07-04T15:37:29.105996+00:00,LINK/USDT,LONG,62.0,21.0,21.0,17.0,4.0,No clear directional edge.,FAR
2026-07-04T15:37:31.018591+00:00,AVAX/USDT,LONG,65.0,21.0,21.0,16.0,5.0,No clear directional edge.,FAR
2026-07-04T15:42:48.857558+00:00,XRP/USDT,LONG,62.0,21.0,21.0,17.0,4.0,No clear directional edge.,FAR
2026-07-04T15:42:49.626487+00:00,LINK/USDT,LONG,62.0,21.0,21.0,17.0,4.0,No clear directional edge.,FAR
2026-07-04T15:42:51.163638+00:00,AVAX/USDT,LONG,65.0,21.0,21.0,16.0,5.0,No clear directional edge.,FAR
2026-07-04T16:28:57.691354+00:00,XRP/USDT,LONG,62.0,21.0,21.0,17.0,4.0,No clear directional edge.,FAR
2026-07-04T16:28:58.703157+00:00,LINK/USDT,LONG,62.0,21.0,21.0,17.0,4.0,No clear directional edge.,FAR
2026-07-04T16:29:02.762591+00:00,AVAX/USDT,LONG,62.0,21.0,21.0,17.0,4.0,No clear directional edge.,FAR
2026-07-04T16:29:05.138219+00:00,DOGE/USDT,LONG,62.0,21.0,21.0,17.0,4.0,No clear directional edge.,FAR
2026-07-04T16:34:26.952442+00:00,SOL/USDT,SHORT,62.0,19.0,15.0,19.0,4.0,No clear directional edge.,FAR
2026-07-04T16:34:29.631586+00:00,XRP/USDT,LONG,68.0,21.0,21.0,15.0,6.0,No clear directional edge.,FAR
2026-07-04T16:34:32.469015+00:00,LINK/USDT,LONG,62.0,21.0,21.0,17.0,4.0,No clear directional edge.,FAR
2026-07-04T16:34:38.275899+00:00,AVAX/USDT,LONG,62.0,21.0,21.0,17.0,4.0,No clear directional edge.,FAR
2026-07-04T16:40:00.712069+00:00,SOL/USDT,SHORT,62.0,19.0,15.0,19.0,4.0,No clear directional edge.,FAR
2026-07-04T16:40:06.276496+00:00,XRP/USDT,LONG,68.0,21.0,21.0,15.0,6.0,No clear directional edge.,FAR
2026-07-04T16:40:08.839048+00:00,LINK/USDT,LONG,62.0,21.0,21.0,17.0,4.0,No clear directional edge.,FAR
2026-07-04T16:40:14.723160+00:00,AVAX/USDT,LONG,65.0,21.0,21.0,16.0,5.0,No clear directional edge.,FAR
2026-07-04T16:45:39.668000+00:00,XRP/USDT,LONG,68.0,21.0,21.0,15.0,6.0,No clear directional edge.,FAR
2026-07-04T16:45:41.250327+00:00,LINK/USDT,LONG,62.0,21.0,21.0,17.0,4.0,No clear directional edge.,FAR
2026-07-04T16:45:47.194532+00:00,AVAX/USDT,LONG,65.0,21.0,21.0,16.0,5.0,No clear directional edge.,FAR
2026-07-04T16:51:10.540065+00:00,SOL/USDT,SHORT,62.0,19.0,15.0,19.0,4.0,No clear directional edge.,FAR
2026-07-04T16:51:11.924604+00:00,BNB/USDT,LONG,68.0,21.0,21.0,15.0,6.0,No clear directional edge.,FAR
2026-07-04T16:51:13.222860+00:00,XRP/USDT,LONG,62.0,21.0,21.0,17.0,4.0,No clear directional edge.,FAR
2026-07-04T16:51:15.368133+00:00,LINK/USDT,LONG,62.0,21.0,21.0,17.0,4.0,No clear directional edge.,FAR
2026-07-04T16:56:44.695344+00:00,XRP/USDT,LONG,62.0,21.0,21.0,17.0,4.0,No clear directional edge.,FAR
2026-07-04T16:56:46.051498+00:00,LINK/USDT,LONG,62.0,21.0,21.0,17.0,4.0,No clear directional edge.,FAR
2026-07-04T16:56:48.476438+00:00,AVAX/USDT,LONG,65.0,21.0,21.0,16.0,5.0,No clear directional edge.,FAR
2026-07-04T16:56:49.721181+00:00,DOGE/USDT,LONG,62.0,20.0,20.0,16.0,4.0,No clear directional edge.,FAR
2026-07-04T17:02:04.671850+00:00,BTC/USDT,LONG,65.0,18.0,18.0,13.0,5.0,No clear directional edge.,FAR
2026-07-04T17:02:07.232662+00:00,ETH/USDT,LONG,74.0,20.0,20.0,12.0,8.0,No clear directional edge.,FAR
2026-07-04T17:02:13.612851+00:00,XRP/USDT,LONG,68.0,21.0,21.0,15.0,6.0,No clear directional edge.,FAR
2026-07-04T17:02:16.148036+00:00,LINK/USDT,LONG,62.0,21.0,21.0,17.0,4.0,No clear directional edge.,FAR
2026-07-04T17:02:22.860535+00:00,AVAX/USDT,LONG,65.0,21.0,21.0,16.0,5.0,No clear directional edge.,FAR
2026-07-04T17:02:24.991218+00:00,DOGE/USDT,LONG,65.0,20.0,20.0,15.0,5.0,No clear directional edge.,FAR
2026-07-04T17:07:47.031595+00:00,BTC/USDT,LONG,68.0,21.0,21.0,15.0,6.0,No clear directional edge.,FAR
2026-07-04T17:07:49.949722+00:00,ETH/USDT,LONG,68.0,21.0,21.0,15.0,6.0,No clear directional edge.,FAR
2026-07-04T17:07:58.687709+00:00,XRP/USDT,LONG,62.0,21.0,21.0,17.0,4.0,No clear directional edge.,FAR
2026-07-04T17:08:00.866934+00:00,LINK/USDT,LONG,62.0,21.0,21.0,17.0,4.0,No clear directional edge.,FAR
2026-07-04T17:08:05.501529+00:00,DOGE/USDT,LONG,62.0,20.0,20.0,16.0,4.0,No clear directional edge.,FAR
2026-07-04T17:13:23.228394+00:00,BTC/USDT,LONG,68.0,21.0,21.0,15.0,6.0,No clear directional edge.,FAR
2026-07-04T17:13:35.794572+00:00,ETH/USDT,LONG,68.0,21.0,21.0,15.0,6.0,No clear directional edge.,FAR
2026-07-04T17:13:46.376473+00:00,XRP/USDT,LONG,68.0,21.0,21.0,15.0,6.0,No clear directional edge.,FAR
2026-07-04T17:13:47.861277+00:00,LINK/USDT,LONG,62.0,21.0,21.0,17.0,4.0,No clear directional edge.,FAR
2026-07-04T17:13:54.934075+00:00,DOGE/USDT,LONG,62.0,20.0,20.0,16.0,4.0,No clear directional edge.,FAR
