timestamp,source,symbol,direction,signal,score,confidence,quality,one_hour_ema_trend,momentum_long,momentum_short,long_total,short_total,diff,status,entry_time,entry_price,return_1h,favorable_1h,return_2h,favorable_2h,return_4h,favorable_4h,return_8h,favorable_8h
2026-06-26T12:26:48.193505+00:00,decision_debug,SOL/USDT,SHORT,NO TRADE,15.0,51.7,,BULLISH,12.0,0.0,14.0,15.0,1.0,OK,2026-06-26T11:00:00+00:00,68.6,-3.0758,False,-2.7259,False,-5.6851,False,-5.2187,False
2026-06-26T12:31:53.515436+00:00,decision_debug,SOL/USDT,SHORT,NO TRADE,15.0,51.7,,BULLISH,12.0,0.0,14.0,15.0,1.0,OK,2026-06-26T11:00:00+00:00,68.6,-3.0758,False,-2.7259,False,-5.6851,False,-5.2187,False
2026-06-26T12:36:59.008317+00:00,decision_debug,SOL/USDT,SHORT,NO TRADE,15.0,51.7,,BULLISH,12.0,0.0,14.0,15.0,1.0,OK,2026-06-26T11:00:00+00:00,68.6,-3.0758,False,-2.7259,False,-5.6851,False,-5.2187,False
2026-06-26T13:38:06.315639+00:00,decision_debug,SOL/USDT,SHORT,NO TRADE,15.0,51.7,,BULLISH,12.0,0.0,14.0,15.0,1.0,OK,2026-06-26T12:00:00+00:00,68.88,-2.3084,False,-4.6312,False,-5.3571,False,-4.5006,False
2026-06-26T13:43:11.781326+00:00,decision_debug,SOL/USDT,SHORT,NO TRADE,17.0,54.8,,BULLISH,12.0,0.0,14.0,17.0,3.0,OK,2026-06-26T12:00:00+00:00,68.88,-2.3084,False,-4.6312,False,-5.3571,False,-4.5006,False
2026-06-26T13:48:16.504256+00:00,decision_debug,SOL/USDT,SHORT,NO TRADE,17.0,54.8,,BULLISH,12.0,0.0,14.0,17.0,3.0,OK,2026-06-26T12:00:00+00:00,68.88,-2.3084,False,-4.6312,False,-5.3571,False,-4.5006,False
2026-06-26T13:53:22.012985+00:00,decision_debug,SOL/USDT,SHORT,NO TRADE,19.0,57.6,,BULLISH,12.0,0.0,14.0,19.0,5.0,OK,2026-06-26T12:00:00+00:00,68.88,-2.3084,False,-4.6312,False,-5.3571,False,-4.5006,False
2026-06-26T13:58:26.974364+00:00,decision_debug,SOL/USDT,SHORT,NO TRADE,19.0,57.6,,BULLISH,12.0,0.0,14.0,19.0,5.0,OK,2026-06-26T12:00:00+00:00,68.88,-2.3084,False,-4.6312,False,-5.3571,False,-4.5006,False
2026-06-26T14:02:15.220843+00:00,decision_debug,SOL/USDT,SHORT,NO TRADE,19.0,57.6,,BULLISH,12.0,0.0,14.0,19.0,5.0,OK,2026-06-26T13:00:00+00:00,70.71,-1.9233,False,-2.5315,False,-2.687,False,-1.5698,False
2026-06-26T14:07:21.271326+00:00,decision_debug,SOL/USDT,SHORT,NO TRADE,19.0,57.6,,BULLISH,12.0,0.0,14.0,19.0,5.0,OK,2026-06-26T13:00:00+00:00,70.71,-1.9233,False,-2.5315,False,-2.687,False,-1.5698,False
2026-06-26T14:12:26.572013+00:00,decision_debug,SOL/USDT,SHORT,NO TRADE,19.0,57.6,,BULLISH,12.0,0.0,14.0,19.0,5.0,OK,2026-06-26T13:00:00+00:00,70.71,-1.9233,False,-2.5315,False,-2.687,False,-1.5698,False
2026-06-26T14:17:31.891693+00:00,decision_debug,SOL/USDT,SHORT,NO TRADE,19.0,57.6,,BULLISH,12.0,0.0,14.0,19.0,5.0,OK,2026-06-26T13:00:00+00:00,70.71,-1.9233,False,-2.5315,False,-2.687,False,-1.5698,False
2026-06-26T14:22:37.352119+00:00,decision_debug,SOL/USDT,SHORT,NO TRADE,20.0,58.8,,BULLISH,12.0,4.0,14.0,20.0,6.0,OK,2026-06-26T13:00:00+00:00,70.71,-1.9233,False,-2.5315,False,-2.687,False,-1.5698,False
2026-06-26T14:27:43.388486+00:00,decision_debug,SOL/USDT,SHORT,NO TRADE,20.0,58.8,,BULLISH,12.0,4.0,14.0,20.0,6.0,OK,2026-06-26T13:00:00+00:00,70.71,-1.9233,False,-2.5315,False,-2.687,False,-1.5698,False
2026-06-26T14:32:48.237590+00:00,decision_debug,SOL/USDT,SHORT,NO TRADE,20.0,58.8,,BULLISH,12.0,4.0,14.0,20.0,6.0,OK,2026-06-26T13:00:00+00:00,70.71,-1.9233,False,-2.5315,False,-2.687,False,-1.5698,False
2026-06-26T14:37:53.296653+00:00,decision_debug,SOL/USDT,SHORT,NO TRADE,19.0,57.6,,BULLISH,12.0,0.0,14.0,19.0,5.0,OK,2026-06-26T13:00:00+00:00,70.71,-1.9233,False,-2.5315,False,-2.687,False,-1.5698,False
2026-06-26T14:42:58.655761+00:00,decision_debug,SOL/USDT,SHORT,NO TRADE,19.0,57.6,,BULLISH,12.0,0.0,14.0,19.0,5.0,OK,2026-06-26T13:00:00+00:00,70.71,-1.9233,False,-2.5315,False,-2.687,False,-1.5698,False
2026-06-26T14:48:05.250571+00:00,decision_debug,SOL/USDT,SHORT,NO TRADE,19.0,57.6,,BULLISH,12.0,0.0,14.0,19.0,5.0,OK,2026-06-26T13:00:00+00:00,70.71,-1.9233,False,-2.5315,False,-2.687,False,-1.5698,False
2026-06-26T14:53:12.656209+00:00,decision_debug,SOL/USDT,SHORT,NO TRADE,19.0,57.6,,BULLISH,12.0,0.0,14.0,19.0,5.0,OK,2026-06-26T13:00:00+00:00,70.71,-1.9233,False,-2.5315,False,-2.687,False,-1.5698,False
2026-06-26T14:58:23.243691+00:00,decision_debug,SOL/USDT,SHORT,NO TRADE,17.0,54.8,,BULLISH,12.0,0.0,14.0,17.0,3.0,OK,2026-06-26T13:00:00+00:00,70.71,-1.9233,False,-2.5315,False,-2.687,False,-1.5698,False
2026-06-26T15:03:28.215646+00:00,decision_debug,SOL/USDT,SHORT,NO TRADE,17.0,54.8,,BULLISH,12.0,0.0,14.0,17.0,3.0,OK,2026-06-26T14:00:00+00:00,70.47,-2.8807,False,-2.98,False,-3.6186,False,-2.0292,False
2026-06-26T15:08:33.114883+00:00,decision_debug,SOL/USDT,SHORT,NO TRADE,17.0,54.8,,BULLISH,12.0,0.0,14.0,17.0,3.0,OK,2026-06-26T14:00:00+00:00,70.47,-2.8807,False,-2.98,False,-3.6186,False,-2.0292,False
2026-06-26T15:14:55.564099+00:00,decision_debug,SOL/USDT,SHORT,NO TRADE,19.0,57.6,,BULLISH,12.0,0.0,14.0,19.0,5.0,OK,2026-06-26T14:00:00+00:00,70.47,-2.8807,False,-2.98,False,-3.6186,False,-2.0292,False
2026-06-26T15:29:07.622735+00:00,decision_debug,SOL/USDT,SHORT,NO TRADE,19.0,57.6,,BULLISH,12.0,0.0,14.0,19.0,5.0,OK,2026-06-26T14:00:00+00:00,70.47,-2.8807,False,-2.98,False,-3.6186,False,-2.0292,False
2026-06-26T15:57:53.334946+00:00,decision_debug,SOL/USDT,SHORT,NO TRADE,20.0,58.8,,BULLISH,12.0,4.0,14.0,20.0,6.0,OK,2026-06-26T14:00:00+00:00,70.47,-2.8807,False,-2.98,False,-3.6186,False,-2.0292,False
2026-06-26T16:02:59.943394+00:00,decision_debug,SOL/USDT,SHORT,NO TRADE,20.0,58.8,,BULLISH,12.0,4.0,14.0,20.0,6.0,OK,2026-06-26T15:00:00+00:00,72.07,-0.6938,False,-0.7493,False,-0.1526,False,0.3608,True
2026-06-26T16:08:09.246978+00:00,decision_debug,SOL/USDT,SHORT,NO TRADE,20.0,58.8,,BULLISH,12.0,4.0,14.0,20.0,6.0,OK,2026-06-26T15:00:00+00:00,72.07,-0.6938,False,-0.7493,False,-0.1526,False,0.3608,True
2026-06-26T16:13:14.336793+00:00,decision_debug,SOL/USDT,SHORT,NO TRADE,20.0,58.8,,BULLISH,12.0,4.0,14.0,20.0,6.0,OK,2026-06-26T15:00:00+00:00,72.07,-0.6938,False,-0.7493,False,-0.1526,False,0.3608,True
2026-06-26T16:18:19.077763+00:00,decision_debug,SOL/USDT,SHORT,NO TRADE,20.0,58.8,,BULLISH,12.0,4.0,14.0,20.0,6.0,OK,2026-06-26T15:00:00+00:00,72.07,-0.6938,False,-0.7493,False,-0.1526,False,0.3608,True
2026-06-26T16:23:23.645825+00:00,decision_debug,SOL/USDT,SHORT,NO TRADE,20.0,58.8,,BULLISH,12.0,4.0,14.0,20.0,6.0,OK,2026-06-26T15:00:00+00:00,72.07,-0.6938,False,-0.7493,False,-0.1526,False,0.3608,True
2026-06-26T16:24:30.025275+00:00,decision_debug,SOL/USDT,SHORT,NO TRADE,20.0,58.8,,BULLISH,12.0,4.0,14.0,20.0,6.0,OK,2026-06-26T15:00:00+00:00,72.07,-0.6938,False,-0.7493,False,-0.1526,False,0.3608,True
2026-06-26T16:29:34.394017+00:00,decision_debug,SOL/USDT,SHORT,NO TRADE,20.0,58.8,,BULLISH,12.0,4.0,14.0,20.0,6.0,OK,2026-06-26T15:00:00+00:00,72.07,-0.6938,False,-0.7493,False,-0.1526,False,0.3608,True
2026-06-26T16:34:39.941153+00:00,decision_debug,SOL/USDT,SHORT,NO TRADE,20.0,58.8,,BULLISH,12.0,4.0,14.0,20.0,6.0,OK,2026-06-26T15:00:00+00:00,72.07,-0.6938,False,-0.7493,False,-0.1526,False,0.3608,True
2026-06-26T16:39:47.975149+00:00,decision_debug,SOL/USDT,SHORT,NO TRADE,20.0,58.8,,BULLISH,12.0,4.0,14.0,20.0,6.0,OK,2026-06-26T15:00:00+00:00,72.07,-0.6938,False,-0.7493,False,-0.1526,False,0.3608,True
2026-06-26T16:44:54.028595+00:00,decision_debug,SOL/USDT,SHORT,NO TRADE,20.0,58.8,,BULLISH,12.0,4.0,14.0,20.0,6.0,OK,2026-06-26T15:00:00+00:00,72.07,-0.6938,False,-0.7493,False,-0.1526,False,0.3608,True
2026-06-26T16:49:57.776136+00:00,decision_debug,SOL/USDT,SHORT,NO TRADE,20.0,58.8,,BULLISH,12.0,4.0,14.0,20.0,6.0,OK,2026-06-26T15:00:00+00:00,72.07,-0.6938,False,-0.7493,False,-0.1526,False,0.3608,True
2026-06-26T16:55:01.565146+00:00,decision_debug,SOL/USDT,SHORT,NO TRADE,20.0,58.8,,BULLISH,12.0,4.0,14.0,20.0,6.0,OK,2026-06-26T15:00:00+00:00,72.07,-0.6938,False,-0.7493,False,-0.1526,False,0.3608,True
2026-06-26T17:00:06.543275+00:00,decision_debug,SOL/USDT,SHORT,NO TRADE,20.0,58.8,,BULLISH,12.0,4.0,14.0,20.0,6.0,OK,2026-06-26T16:00:00+00:00,72.5,-0.1517,False,-0.7172,False,0.7172,True,1.4483,True
2026-06-26T17:05:16.865684+00:00,decision_debug,SOL/USDT,SHORT,NO TRADE,20.0,58.8,,BULLISH,12.0,4.0,14.0,20.0,6.0,OK,2026-06-26T16:00:00+00:00,72.5,-0.1517,False,-0.7172,False,0.7172,True,1.4483,True
2026-06-26T17:10:25.916871+00:00,decision_debug,SOL/USDT,SHORT,NO TRADE,20.0,58.8,,BULLISH,12.0,4.0,14.0,20.0,6.0,OK,2026-06-26T16:00:00+00:00,72.5,-0.1517,False,-0.7172,False,0.7172,True,1.4483,True
2026-06-26T17:15:33.863156+00:00,decision_debug,SOL/USDT,SHORT,NO TRADE,20.0,58.8,,BULLISH,12.0,4.0,14.0,20.0,6.0,OK,2026-06-26T16:00:00+00:00,72.5,-0.1517,False,-0.7172,False,0.7172,True,1.4483,True
2026-06-26T17:20:42.040125+00:00,decision_debug,SOL/USDT,SHORT,NO TRADE,20.0,58.8,,BULLISH,12.0,4.0,14.0,20.0,6.0,OK,2026-06-26T16:00:00+00:00,72.5,-0.1517,False,-0.7172,False,0.7172,True,1.4483,True
2026-06-26T17:25:49.238819+00:00,decision_debug,SOL/USDT,SHORT,NO TRADE,20.0,58.8,,BULLISH,12.0,4.0,14.0,20.0,6.0,OK,2026-06-26T16:00:00+00:00,72.5,-0.1517,False,-0.7172,False,0.7172,True,1.4483,True
2026-06-26T17:30:55.450199+00:00,decision_debug,SOL/USDT,SHORT,NO TRADE,20.0,58.8,,BULLISH,12.0,4.0,14.0,20.0,6.0,OK,2026-06-26T16:00:00+00:00,72.5,-0.1517,False,-0.7172,False,0.7172,True,1.4483,True
2026-06-26T17:36:00.547385+00:00,decision_debug,SOL/USDT,SHORT,NO TRADE,20.0,58.8,,BULLISH,12.0,4.0,14.0,20.0,6.0,OK,2026-06-26T16:00:00+00:00,72.5,-0.1517,False,-0.7172,False,0.7172,True,1.4483,True
2026-06-26T17:41:07.369168+00:00,decision_debug,SOL/USDT,SHORT,NO TRADE,20.0,58.8,,BULLISH,12.0,4.0,14.0,20.0,6.0,OK,2026-06-26T16:00:00+00:00,72.5,-0.1517,False,-0.7172,False,0.7172,True,1.4483,True
2026-06-26T17:47:57.276185+00:00,decision_debug,SOL/USDT,SHORT,NO TRADE,20.0,58.8,E,BULLISH,12.0,4.0,14.0,20.0,6.0,OK,2026-06-26T16:00:00+00:00,72.5,-0.1517,False,-0.7172,False,0.7172,True,1.4483,True
2026-06-26T17:52:28.571946+00:00,decision_debug,SOL/USDT,SHORT,NO TRADE,20.0,58.8,E,BULLISH,12.0,4.0,14.0,20.0,6.0,OK,2026-06-26T16:00:00+00:00,72.5,-0.1517,False,-0.7172,False,0.7172,True,1.4483,True
2026-06-26T17:57:34.634921+00:00,decision_debug,SOL/USDT,SHORT,NO TRADE,20.0,58.8,E,BULLISH,12.0,4.0,14.0,20.0,6.0,OK,2026-06-26T16:00:00+00:00,72.5,-0.1517,False,-0.7172,False,0.7172,True,1.4483,True
2026-06-26T18:02:41.205129+00:00,decision_debug,SOL/USDT,SHORT,NO TRADE,20.0,58.8,E,BULLISH,12.0,4.0,14.0,20.0,6.0,OK,2026-06-26T17:00:00+00:00,72.57,-0.6201,False,0.5374,True,1.0335,True,0.6201,True
2026-06-26T18:07:48.685144+00:00,decision_debug,SOL/USDT,SHORT,NO TRADE,20.0,58.8,E,BULLISH,12.0,4.0,14.0,20.0,6.0,OK,2026-06-26T17:00:00+00:00,72.57,-0.6201,False,0.5374,True,1.0335,True,0.6201,True
2026-06-26T18:12:56.745054+00:00,decision_debug,SOL/USDT,SHORT,NO TRADE,20.0,58.8,E,BULLISH,12.0,4.0,14.0,20.0,6.0,OK,2026-06-26T17:00:00+00:00,72.57,-0.6201,False,0.5374,True,1.0335,True,0.6201,True
2026-06-26T18:18:02.221072+00:00,decision_debug,SOL/USDT,SHORT,NO TRADE,20.0,58.8,E,BULLISH,12.0,4.0,14.0,20.0,6.0,OK,2026-06-26T17:00:00+00:00,72.57,-0.6201,False,0.5374,True,1.0335,True,0.6201,True
2026-06-26T18:23:09.446358+00:00,decision_debug,SOL/USDT,SHORT,NO TRADE,20.0,58.8,E,BULLISH,12.0,4.0,14.0,20.0,6.0,OK,2026-06-26T17:00:00+00:00,72.57,-0.6201,False,0.5374,True,1.0335,True,0.6201,True
2026-06-26T18:28:15.644947+00:00,decision_debug,SOL/USDT,SHORT,NO TRADE,20.0,58.8,E,BULLISH,12.0,4.0,14.0,20.0,6.0,OK,2026-06-26T17:00:00+00:00,72.57,-0.6201,False,0.5374,True,1.0335,True,0.6201,True
2026-06-26T18:33:20.841727+00:00,decision_debug,SOL/USDT,SHORT,NO TRADE,20.0,58.8,E,BULLISH,12.0,4.0,14.0,20.0,6.0,OK,2026-06-26T17:00:00+00:00,72.57,-0.6201,False,0.5374,True,1.0335,True,0.6201,True
2026-06-26T18:38:27.827768+00:00,decision_debug,SOL/USDT,SHORT,NO TRADE,20.0,58.8,E,BULLISH,12.0,4.0,14.0,20.0,6.0,OK,2026-06-26T17:00:00+00:00,72.57,-0.6201,False,0.5374,True,1.0335,True,0.6201,True
2026-06-26T18:43:32.294084+00:00,decision_debug,SOL/USDT,SHORT,NO TRADE,20.0,58.8,E,BULLISH,12.0,4.0,14.0,20.0,6.0,OK,2026-06-26T17:00:00+00:00,72.57,-0.6201,False,0.5374,True,1.0335,True,0.6201,True
2026-06-26T18:48:37.159467+00:00,decision_debug,SOL/USDT,SHORT,NO TRADE,20.0,58.8,E,BULLISH,12.0,4.0,14.0,20.0,6.0,OK,2026-06-26T17:00:00+00:00,72.57,-0.6201,False,0.5374,True,1.0335,True,0.6201,True
2026-06-26T18:51:34.615418+00:00,decision_debug,SOL/USDT,SHORT,NO TRADE,20.0,58.8,E,BULLISH,12.0,4.0,14.0,20.0,6.0,OK,2026-06-26T17:00:00+00:00,72.57,-0.6201,False,0.5374,True,1.0335,True,0.6201,True
2026-06-26T18:56:42.693935+00:00,decision_debug,SOL/USDT,SHORT,NO TRADE,20.0,58.8,E,BULLISH,12.0,4.0,14.0,20.0,6.0,OK,2026-06-26T17:00:00+00:00,72.57,-0.6201,False,0.5374,True,1.0335,True,0.6201,True
2026-06-26T19:01:48.051281+00:00,decision_debug,SOL/USDT,SHORT,NO TRADE,20.0,58.8,E,BULLISH,12.0,4.0,14.0,20.0,6.0,OK,2026-06-26T18:00:00+00:00,72.61,0.5922,True,0.8676,True,0.9778,True,0.4958,True
2026-06-26T19:06:54.949015+00:00,decision_debug,SOL/USDT,SHORT,NO TRADE,20.0,58.8,E,BULLISH,12.0,4.0,14.0,20.0,6.0,OK,2026-06-26T18:00:00+00:00,72.61,0.5922,True,0.8676,True,0.9778,True,0.4958,True
2026-06-26T19:12:00.687764+00:00,decision_debug,SOL/USDT,SHORT,NO TRADE,22.0,61.1,E,BULLISH,12.0,4.0,14.0,22.0,8.0,OK,2026-06-26T18:00:00+00:00,72.61,0.5922,True,0.8676,True,0.9778,True,0.4958,True
2026-06-26T19:17:06.005090+00:00,decision_debug,SOL/USDT,SHORT,NO TRADE,20.0,58.8,E,BULLISH,12.0,4.0,14.0,20.0,6.0,OK,2026-06-26T18:00:00+00:00,72.61,0.5922,True,0.8676,True,0.9778,True,0.4958,True
2026-06-26T19:22:12.387231+00:00,decision_debug,SOL/USDT,SHORT,NO TRADE,22.0,61.1,E,BULLISH,12.0,4.0,14.0,22.0,8.0,OK,2026-06-26T18:00:00+00:00,72.61,0.5922,True,0.8676,True,0.9778,True,0.4958,True
2026-06-26T19:27:22.320008+00:00,decision_debug,SOL/USDT,SHORT,NO TRADE,22.0,61.1,E,BULLISH,12.0,4.0,14.0,22.0,8.0,OK,2026-06-26T18:00:00+00:00,72.61,0.5922,True,0.8676,True,0.9778,True,0.4958,True
2026-06-26T19:32:28.722645+00:00,decision_debug,SOL/USDT,SHORT,NO TRADE,22.0,61.1,E,BULLISH,12.0,4.0,14.0,22.0,8.0,OK,2026-06-26T18:00:00+00:00,72.61,0.5922,True,0.8676,True,0.9778,True,0.4958,True
2026-06-26T19:37:34.930782+00:00,decision_debug,SOL/USDT,SHORT,NO TRADE,22.0,61.1,E,BULLISH,12.0,4.0,14.0,22.0,8.0,OK,2026-06-26T18:00:00+00:00,72.61,0.5922,True,0.8676,True,0.9778,True,0.4958,True
2026-06-26T19:42:40.293650+00:00,decision_debug,SOL/USDT,SHORT,NO TRADE,22.0,61.1,E,BULLISH,12.0,4.0,14.0,22.0,8.0,OK,2026-06-26T18:00:00+00:00,72.61,0.5922,True,0.8676,True,0.9778,True,0.4958,True
2026-06-26T19:47:44.765737+00:00,decision_debug,SOL/USDT,SHORT,NO TRADE,22.0,61.1,E,BULLISH,12.0,4.0,14.0,22.0,8.0,OK,2026-06-26T18:00:00+00:00,72.61,0.5922,True,0.8676,True,0.9778,True,0.4958,True
2026-06-26T19:52:49.799644+00:00,decision_debug,SOL/USDT,SHORT,NO TRADE,22.0,61.1,E,BULLISH,12.0,4.0,14.0,22.0,8.0,OK,2026-06-26T18:00:00+00:00,72.61,0.5922,True,0.8676,True,0.9778,True,0.4958,True
2026-06-26T19:57:54.495791+00:00,decision_debug,SOL/USDT,SHORT,NO TRADE,22.0,61.1,E,BULLISH,12.0,4.0,14.0,22.0,8.0,OK,2026-06-26T18:00:00+00:00,72.61,0.5922,True,0.8676,True,0.9778,True,0.4958,True
2026-06-26T20:02:59.435516+00:00,decision_debug,SOL/USDT,SHORT,NO TRADE,22.0,61.1,E,BULLISH,12.0,4.0,14.0,22.0,8.0,OK,2026-06-26T19:00:00+00:00,73.02,1.4243,True,1.6434,True,1.6571,True,1.4927,True
2026-06-26T20:08:03.848995+00:00,decision_debug,SOL/USDT,SHORT,NO TRADE,22.0,61.1,E,BULLISH,12.0,4.0,14.0,22.0,8.0,OK,2026-06-26T19:00:00+00:00,73.02,1.4243,True,1.6434,True,1.6571,True,1.4927,True
2026-06-26T20:13:08.483052+00:00,decision_debug,SOL/USDT,SHORT,NO TRADE,20.0,58.8,E,BULLISH,12.0,4.0,14.0,20.0,6.0,OK,2026-06-26T19:00:00+00:00,73.02,1.4243,True,1.6434,True,1.6571,True,1.4927,True
2026-06-26T20:18:12.758686+00:00,decision_debug,SOL/USDT,SHORT,NO TRADE,20.0,58.8,E,BULLISH,12.0,4.0,14.0,20.0,6.0,OK,2026-06-26T19:00:00+00:00,73.02,1.4243,True,1.6434,True,1.6571,True,1.4927,True
2026-06-26T20:23:18.020652+00:00,decision_debug,SOL/USDT,SHORT,NO TRADE,20.0,58.8,E,BULLISH,12.0,4.0,14.0,20.0,6.0,OK,2026-06-26T19:00:00+00:00,73.02,1.4243,True,1.6434,True,1.6571,True,1.4927,True
2026-06-26T20:28:22.406475+00:00,decision_debug,SOL/USDT,SHORT,NO TRADE,20.0,58.8,E,BULLISH,12.0,4.0,14.0,20.0,6.0,OK,2026-06-26T19:00:00+00:00,73.02,1.4243,True,1.6434,True,1.6571,True,1.4927,True
2026-06-26T20:33:26.575134+00:00,decision_debug,SOL/USDT,SHORT,NO TRADE,20.0,58.8,E,BULLISH,12.0,4.0,14.0,20.0,6.0,OK,2026-06-26T19:00:00+00:00,73.02,1.4243,True,1.6434,True,1.6571,True,1.4927,True
2026-06-26T20:38:31.475138+00:00,decision_debug,SOL/USDT,SHORT,NO TRADE,17.0,54.8,E,BULLISH,12.0,0.0,14.0,17.0,3.0,OK,2026-06-26T19:00:00+00:00,73.02,1.4243,True,1.6434,True,1.6571,True,1.4927,True
2026-06-26T20:43:37.122556+00:00,decision_debug,SOL/USDT,SHORT,NO TRADE,17.0,54.8,E,BULLISH,12.0,0.0,14.0,17.0,3.0,OK,2026-06-26T19:00:00+00:00,73.02,1.4243,True,1.6434,True,1.6571,True,1.4927,True
2026-06-26T20:48:42.658323+00:00,decision_debug,SOL/USDT,SHORT,NO TRADE,17.0,54.8,E,BULLISH,12.0,0.0,14.0,17.0,3.0,OK,2026-06-26T19:00:00+00:00,73.02,1.4243,True,1.6434,True,1.6571,True,1.4927,True
2026-06-26T20:53:47.839078+00:00,decision_debug,SOL/USDT,SHORT,NO TRADE,17.0,54.8,E,BULLISH,12.0,0.0,14.0,17.0,3.0,OK,2026-06-26T19:00:00+00:00,73.02,1.4243,True,1.6434,True,1.6571,True,1.4927,True
2026-06-26T20:58:54.665209+00:00,decision_debug,SOL/USDT,SHORT,NO TRADE,17.0,54.8,E,BULLISH,12.0,0.0,14.0,17.0,3.0,OK,2026-06-26T19:00:00+00:00,73.02,1.4243,True,1.6434,True,1.6571,True,1.4927,True
2026-06-26T21:03:59.910628+00:00,decision_debug,SOL/USDT,SHORT,NO TRADE,15.0,51.7,E,BULLISH,12.0,0.0,14.0,15.0,1.0,OK,2026-06-26T20:00:00+00:00,72.18,0.4988,True,0.3879,True,1.0114,True,0.5265,True
2026-06-26T21:09:06.859497+00:00,decision_debug,SOL/USDT,SHORT,NO TRADE,15.0,51.7,E,BULLISH,12.0,0.0,14.0,15.0,1.0,OK,2026-06-26T20:00:00+00:00,72.18,0.4988,True,0.3879,True,1.0114,True,0.5265,True
2026-06-26T21:14:12.138803+00:00,decision_debug,SOL/USDT,SHORT,NO TRADE,15.0,51.7,E,BULLISH,12.0,0.0,14.0,15.0,1.0,OK,2026-06-26T20:00:00+00:00,72.18,0.4988,True,0.3879,True,1.0114,True,0.5265,True
2026-06-26T21:19:19.528703+00:00,decision_debug,SOL/USDT,SHORT,NO TRADE,15.0,51.7,E,BULLISH,12.0,0.0,14.0,15.0,1.0,OK,2026-06-26T20:00:00+00:00,72.18,0.4988,True,0.3879,True,1.0114,True,0.5265,True
2026-06-26T21:24:24.525320+00:00,decision_debug,SOL/USDT,SHORT,NO TRADE,17.0,54.8,E,BULLISH,12.0,0.0,14.0,17.0,3.0,OK,2026-06-26T20:00:00+00:00,72.18,0.4988,True,0.3879,True,1.0114,True,0.5265,True
2026-06-26T21:29:29.826445+00:00,decision_debug,SOL/USDT,SHORT,NO TRADE,17.0,54.8,E,BULLISH,12.0,0.0,14.0,17.0,3.0,OK,2026-06-26T20:00:00+00:00,72.18,0.4988,True,0.3879,True,1.0114,True,0.5265,True
2026-06-26T21:34:37.079379+00:00,decision_debug,SOL/USDT,SHORT,NO TRADE,17.0,54.8,E,BULLISH,12.0,0.0,14.0,17.0,3.0,OK,2026-06-26T20:00:00+00:00,72.18,0.4988,True,0.3879,True,1.0114,True,0.5265,True
2026-06-26T21:39:44.172090+00:00,decision_debug,SOL/USDT,SHORT,NO TRADE,17.0,54.8,E,BULLISH,12.0,0.0,14.0,17.0,3.0,OK,2026-06-26T20:00:00+00:00,72.18,0.4988,True,0.3879,True,1.0114,True,0.5265,True
2026-06-26T21:44:49.261212+00:00,decision_debug,SOL/USDT,SHORT,NO TRADE,17.0,54.8,E,BULLISH,12.0,0.0,14.0,17.0,3.0,OK,2026-06-26T20:00:00+00:00,72.18,0.4988,True,0.3879,True,1.0114,True,0.5265,True
2026-06-26T21:49:55.441305+00:00,decision_debug,SOL/USDT,SHORT,NO TRADE,17.0,54.8,E,BULLISH,12.0,0.0,14.0,17.0,3.0,OK,2026-06-26T20:00:00+00:00,72.18,0.4988,True,0.3879,True,1.0114,True,0.5265,True
2026-06-26T21:55:01.138732+00:00,decision_debug,SOL/USDT,SHORT,NO TRADE,17.0,54.8,E,BULLISH,12.0,0.0,14.0,17.0,3.0,OK,2026-06-26T20:00:00+00:00,72.18,0.4988,True,0.3879,True,1.0114,True,0.5265,True
2026-06-26T22:00:06.491919+00:00,decision_debug,SOL/USDT,SHORT,NO TRADE,17.0,54.8,E,BULLISH,12.0,0.0,14.0,17.0,3.0,OK,2026-06-26T21:00:00+00:00,71.98,0.1111,True,0.2362,True,-0.1945,False,-0.2084,False
2026-06-26T22:05:11.858563+00:00,decision_debug,SOL/USDT,SHORT,NO TRADE,15.0,51.7,E,BULLISH,12.0,0.0,14.0,15.0,1.0,OK,2026-06-26T21:00:00+00:00,71.98,0.1111,True,0.2362,True,-0.1945,False,-0.2084,False
2026-06-26T22:10:17.592659+00:00,decision_debug,SOL/USDT,SHORT,NO TRADE,15.0,51.7,E,BULLISH,12.0,0.0,14.0,15.0,1.0,OK,2026-06-26T21:00:00+00:00,71.98,0.1111,True,0.2362,True,-0.1945,False,-0.2084,False
2026-06-26T22:15:23.936542+00:00,decision_debug,SOL/USDT,SHORT,NO TRADE,15.0,51.7,E,BULLISH,12.0,0.0,14.0,15.0,1.0,OK,2026-06-26T21:00:00+00:00,71.98,0.1111,True,0.2362,True,-0.1945,False,-0.2084,False
2026-06-26T22:20:29.230985+00:00,decision_debug,SOL/USDT,SHORT,NO TRADE,15.0,51.7,E,BULLISH,12.0,0.0,14.0,15.0,1.0,OK,2026-06-26T21:00:00+00:00,71.98,0.1111,True,0.2362,True,-0.1945,False,-0.2084,False
2026-06-26T22:25:34.890826+00:00,decision_debug,SOL/USDT,SHORT,NO TRADE,15.0,51.7,E,BULLISH,12.0,0.0,14.0,15.0,1.0,OK,2026-06-26T21:00:00+00:00,71.98,0.1111,True,0.2362,True,-0.1945,False,-0.2084,False
2026-06-26T22:30:42.309674+00:00,decision_debug,SOL/USDT,SHORT,NO TRADE,15.0,51.7,E,BULLISH,12.0,0.0,14.0,15.0,1.0,OK,2026-06-26T21:00:00+00:00,71.98,0.1111,True,0.2362,True,-0.1945,False,-0.2084,False
2026-06-26T22:35:48.026879+00:00,decision_debug,SOL/USDT,SHORT,NO TRADE,15.0,51.7,E,BULLISH,12.0,0.0,14.0,15.0,1.0,OK,2026-06-26T21:00:00+00:00,71.98,0.1111,True,0.2362,True,-0.1945,False,-0.2084,False
2026-06-26T22:40:54.588880+00:00,decision_debug,SOL/USDT,SHORT,NO TRADE,15.0,51.7,E,BULLISH,12.0,0.0,14.0,15.0,1.0,OK,2026-06-26T21:00:00+00:00,71.98,0.1111,True,0.2362,True,-0.1945,False,-0.2084,False
2026-06-26T22:45:59.526952+00:00,decision_debug,SOL/USDT,SHORT,NO TRADE,15.0,51.7,E,BULLISH,12.0,0.0,14.0,15.0,1.0,OK,2026-06-26T21:00:00+00:00,71.98,0.1111,True,0.2362,True,-0.1945,False,-0.2084,False
2026-06-26T22:51:05.652021+00:00,decision_debug,SOL/USDT,SHORT,NO TRADE,15.0,51.7,E,BULLISH,12.0,0.0,14.0,15.0,1.0,OK,2026-06-26T21:00:00+00:00,71.98,0.1111,True,0.2362,True,-0.1945,False,-0.2084,False
2026-06-26T22:56:10.911095+00:00,decision_debug,SOL/USDT,SHORT,NO TRADE,15.0,51.7,E,BULLISH,12.0,0.0,14.0,15.0,1.0,OK,2026-06-26T21:00:00+00:00,71.98,0.1111,True,0.2362,True,-0.1945,False,-0.2084,False
2026-06-26T23:01:17.139961+00:00,decision_debug,SOL/USDT,SHORT,NO TRADE,15.0,51.7,E,BULLISH,12.0,0.0,14.0,15.0,1.0,OK,2026-06-26T22:00:00+00:00,71.82,0.0139,True,0.5152,True,-0.5987,False,-0.6683,False
2026-06-26T23:06:22.200958+00:00,decision_debug,SOL/USDT,SHORT,NO TRADE,15.0,51.7,E,BULLISH,12.0,0.0,14.0,15.0,1.0,OK,2026-06-26T22:00:00+00:00,71.82,0.0139,True,0.5152,True,-0.5987,False,-0.6683,False
2026-06-26T23:11:27.269341+00:00,decision_debug,SOL/USDT,SHORT,NO TRADE,15.0,51.7,E,BULLISH,12.0,0.0,14.0,15.0,1.0,OK,2026-06-26T22:00:00+00:00,71.82,0.0139,True,0.5152,True,-0.5987,False,-0.6683,False
2026-06-26T23:36:53.469441+00:00,decision_debug,SOL/USDT,SHORT,NO TRADE,15.0,51.7,E,BULLISH,12.0,0.0,14.0,15.0,1.0,OK,2026-06-26T22:00:00+00:00,71.82,0.0139,True,0.5152,True,-0.5987,False,-0.6683,False
2026-06-26T23:41:58.981506+00:00,decision_debug,SOL/USDT,SHORT,NO TRADE,15.0,51.7,E,BULLISH,12.0,0.0,14.0,15.0,1.0,OK,2026-06-26T22:00:00+00:00,71.82,0.0139,True,0.5152,True,-0.5987,False,-0.6683,False
2026-06-26T23:47:05.824068+00:00,decision_debug,SOL/USDT,SHORT,NO TRADE,17.0,54.8,E,BULLISH,12.0,0.0,14.0,17.0,3.0,OK,2026-06-26T22:00:00+00:00,71.82,0.0139,True,0.5152,True,-0.5987,False,-0.6683,False
2026-06-26T23:52:11.531458+00:00,decision_debug,SOL/USDT,SHORT,NO TRADE,15.0,51.7,E,BULLISH,12.0,0.0,14.0,15.0,1.0,OK,2026-06-26T22:00:00+00:00,71.82,0.0139,True,0.5152,True,-0.5987,False,-0.6683,False
2026-06-26T23:57:17.795032+00:00,decision_debug,SOL/USDT,SHORT,NO TRADE,15.0,51.7,E,BULLISH,12.0,0.0,14.0,15.0,1.0,OK,2026-06-26T22:00:00+00:00,71.82,0.0139,True,0.5152,True,-0.5987,False,-0.6683,False
2026-06-27T00:02:22.985570+00:00,decision_debug,SOL/USDT,SHORT,NO TRADE,15.0,51.7,E,BULLISH,12.0,0.0,14.0,15.0,1.0,OK,2026-06-26T23:00:00+00:00,71.9,0.6259,True,-0.306,False,-0.0417,False,-0.1669,False
2026-06-27T00:07:28.016534+00:00,decision_debug,SOL/USDT,SHORT,NO TRADE,17.0,54.8,E,BULLISH,12.0,0.0,14.0,17.0,3.0,OK,2026-06-26T23:00:00+00:00,71.9,0.6259,True,-0.306,False,-0.0417,False,-0.1669,False
2026-06-27T00:12:33.663060+00:00,decision_debug,SOL/USDT,SHORT,NO TRADE,17.0,54.8,E,BULLISH,12.0,0.0,14.0,17.0,3.0,OK,2026-06-26T23:00:00+00:00,71.9,0.6259,True,-0.306,False,-0.0417,False,-0.1669,False
2026-06-27T00:17:38.679158+00:00,decision_debug,SOL/USDT,SHORT,NO TRADE,17.0,54.8,E,BULLISH,12.0,0.0,14.0,17.0,3.0,OK,2026-06-26T23:00:00+00:00,71.9,0.6259,True,-0.306,False,-0.0417,False,-0.1669,False
2026-06-27T00:22:44.797822+00:00,decision_debug,SOL/USDT,SHORT,NO TRADE,17.0,54.8,E,BULLISH,12.0,0.0,14.0,17.0,3.0,OK,2026-06-26T23:00:00+00:00,71.9,0.6259,True,-0.306,False,-0.0417,False,-0.1669,False
2026-06-27T00:27:51.541403+00:00,decision_debug,SOL/USDT,SHORT,NO TRADE,17.0,54.8,E,BULLISH,12.0,0.0,14.0,17.0,3.0,OK,2026-06-26T23:00:00+00:00,71.9,0.6259,True,-0.306,False,-0.0417,False,-0.1669,False
2026-06-27T00:32:57.210397+00:00,decision_debug,SOL/USDT,SHORT,NO TRADE,15.0,57.7,E,BULLISH,9.0,3.0,11.0,15.0,4.0,OK,2026-06-26T23:00:00+00:00,71.9,0.6259,True,-0.306,False,-0.0417,False,-0.1669,False
2026-06-27T00:38:02.333446+00:00,decision_debug,SOL/USDT,SHORT,NO TRADE,15.0,57.7,E,BULLISH,9.0,3.0,11.0,15.0,4.0,OK,2026-06-26T23:00:00+00:00,71.9,0.6259,True,-0.306,False,-0.0417,False,-0.1669,False
2026-06-27T00:43:08.646720+00:00,decision_debug,SOL/USDT,SHORT,NO TRADE,15.0,57.7,E,BULLISH,9.0,3.0,11.0,15.0,4.0,OK,2026-06-26T23:00:00+00:00,71.9,0.6259,True,-0.306,False,-0.0417,False,-0.1669,False
2026-06-27T00:48:14.965067+00:00,decision_debug,SOL/USDT,SHORT,NO TRADE,15.0,57.7,E,BULLISH,9.0,3.0,11.0,15.0,4.0,OK,2026-06-26T23:00:00+00:00,71.9,0.6259,True,-0.306,False,-0.0417,False,-0.1669,False
2026-06-27T00:53:20.195370+00:00,decision_debug,SOL/USDT,SHORT,NO TRADE,15.0,57.7,E,BULLISH,9.0,3.0,11.0,15.0,4.0,OK,2026-06-26T23:00:00+00:00,71.9,0.6259,True,-0.306,False,-0.0417,False,-0.1669,False
2026-06-27T00:58:25.654777+00:00,decision_debug,SOL/USDT,SHORT,NO TRADE,15.0,57.7,E,BULLISH,9.0,3.0,11.0,15.0,4.0,OK,2026-06-26T23:00:00+00:00,71.9,0.6259,True,-0.306,False,-0.0417,False,-0.1669,False
2026-06-27T01:03:30.675982+00:00,decision_debug,SOL/USDT,SHORT,NO TRADE,15.0,57.7,E,BULLISH,9.0,3.0,11.0,15.0,4.0,OK,2026-06-27T00:00:00+00:00,71.81,-0.4317,False,-0.6127,False,0.0139,True,-0.0975,False
2026-06-27T01:08:35.890711+00:00,decision_debug,SOL/USDT,SHORT,NO TRADE,15.0,57.7,E,BULLISH,9.0,3.0,11.0,15.0,4.0,OK,2026-06-27T00:00:00+00:00,71.81,-0.4317,False,-0.6127,False,0.0139,True,-0.0975,False
2026-06-27T01:13:43.000248+00:00,decision_debug,SOL/USDT,SHORT,NO TRADE,15.0,57.7,E,BULLISH,9.0,3.0,11.0,15.0,4.0,OK,2026-06-27T00:00:00+00:00,71.81,-0.4317,False,-0.6127,False,0.0139,True,-0.0975,False
2026-06-27T01:18:49.229966+00:00,decision_debug,SOL/USDT,SHORT,NO TRADE,15.0,57.7,E,BULLISH,9.0,3.0,11.0,15.0,4.0,OK,2026-06-27T00:00:00+00:00,71.81,-0.4317,False,-0.6127,False,0.0139,True,-0.0975,False
2026-06-27T01:23:54.599901+00:00,decision_debug,SOL/USDT,SHORT,NO TRADE,15.0,57.7,E,BULLISH,9.0,3.0,11.0,15.0,4.0,OK,2026-06-27T00:00:00+00:00,71.81,-0.4317,False,-0.6127,False,0.0139,True,-0.0975,False
2026-06-27T01:29:01.369501+00:00,decision_debug,SOL/USDT,SHORT,NO TRADE,15.0,57.7,E,BULLISH,9.0,3.0,11.0,15.0,4.0,OK,2026-06-27T00:00:00+00:00,71.81,-0.4317,False,-0.6127,False,0.0139,True,-0.0975,False
2026-06-27T01:34:07.921514+00:00,decision_debug,SOL/USDT,SHORT,NO TRADE,15.0,57.7,E,BULLISH,9.0,3.0,11.0,15.0,4.0,OK,2026-06-27T00:00:00+00:00,71.81,-0.4317,False,-0.6127,False,0.0139,True,-0.0975,False
2026-06-27T01:39:16.255822+00:00,decision_debug,SOL/USDT,SHORT,NO TRADE,15.0,57.7,E,BULLISH,9.0,3.0,11.0,15.0,4.0,OK,2026-06-27T00:00:00+00:00,71.81,-0.4317,False,-0.6127,False,0.0139,True,-0.0975,False
2026-06-27T01:44:21.349074+00:00,decision_debug,SOL/USDT,SHORT,NO TRADE,15.0,57.7,E,BULLISH,9.0,3.0,11.0,15.0,4.0,OK,2026-06-27T00:00:00+00:00,71.81,-0.4317,False,-0.6127,False,0.0139,True,-0.0975,False
2026-06-27T01:49:26.444636+00:00,decision_debug,SOL/USDT,SHORT,NO TRADE,15.0,57.7,E,BULLISH,9.0,3.0,11.0,15.0,4.0,OK,2026-06-27T00:00:00+00:00,71.81,-0.4317,False,-0.6127,False,0.0139,True,-0.0975,False
2026-06-27T01:54:33.794761+00:00,decision_debug,SOL/USDT,SHORT,NO TRADE,15.0,57.7,E,BULLISH,9.0,3.0,11.0,15.0,4.0,OK,2026-06-27T00:00:00+00:00,71.81,-0.4317,False,-0.6127,False,0.0139,True,-0.0975,False
2026-06-27T01:59:40.244840+00:00,decision_debug,SOL/USDT,SHORT,NO TRADE,15.0,57.7,E,BULLISH,9.0,3.0,11.0,15.0,4.0,OK,2026-06-27T00:00:00+00:00,71.81,-0.4317,False,-0.6127,False,0.0139,True,-0.0975,False
2026-06-27T02:04:45.573759+00:00,decision_debug,SOL/USDT,SHORT,NO TRADE,15.0,57.7,E,BULLISH,9.0,3.0,11.0,15.0,4.0,OK,2026-06-27T01:00:00+00:00,71.45,-1.1197,False,-0.6718,False,-0.9517,False,-0.7978,False
2026-06-27T02:09:51.294546+00:00,decision_debug,SOL/USDT,SHORT,NO TRADE,15.0,57.7,E,BULLISH,9.0,3.0,11.0,15.0,4.0,OK,2026-06-27T01:00:00+00:00,71.45,-1.1197,False,-0.6718,False,-0.9517,False,-0.7978,False
2026-06-27T02:14:57.176599+00:00,decision_debug,SOL/USDT,SHORT,NO TRADE,15.0,57.7,E,BULLISH,9.0,3.0,11.0,15.0,4.0,OK,2026-06-27T01:00:00+00:00,71.45,-1.1197,False,-0.6718,False,-0.9517,False,-0.7978,False
2026-06-27T02:20:04.393336+00:00,decision_debug,SOL/USDT,SHORT,NO TRADE,15.0,57.7,E,BULLISH,9.0,3.0,11.0,15.0,4.0,OK,2026-06-27T01:00:00+00:00,71.45,-1.1197,False,-0.6718,False,-0.9517,False,-0.7978,False
2026-06-27T02:25:10.402685+00:00,decision_debug,SOL/USDT,SHORT,NO TRADE,19.0,63.3,E,BULLISH,9.0,3.0,11.0,19.0,8.0,OK,2026-06-27T01:00:00+00:00,71.45,-1.1197,False,-0.6718,False,-0.9517,False,-0.7978,False
2026-06-27T02:30:15.990982+00:00,decision_debug,SOL/USDT,SHORT,NO TRADE,19.0,63.3,E,BULLISH,9.0,3.0,11.0,19.0,8.0,OK,2026-06-27T01:00:00+00:00,71.45,-1.1197,False,-0.6718,False,-0.9517,False,-0.7978,False
2026-06-27T02:35:21.569653+00:00,decision_debug,SOL/USDT,SHORT,NO TRADE,19.0,63.3,E,BULLISH,9.0,3.0,11.0,19.0,8.0,OK,2026-06-27T01:00:00+00:00,71.45,-1.1197,False,-0.6718,False,-0.9517,False,-0.7978,False
2026-06-27T02:40:27.050543+00:00,decision_debug,SOL/USDT,SHORT,NO TRADE,19.0,63.3,E,BULLISH,9.0,3.0,11.0,19.0,8.0,OK,2026-06-27T01:00:00+00:00,71.45,-1.1197,False,-0.6718,False,-0.9517,False,-0.7978,False
2026-06-27T02:45:32.558099+00:00,decision_debug,SOL/USDT,SHORT,NO TRADE,19.0,63.3,E,BULLISH,9.0,3.0,11.0,19.0,8.0,OK,2026-06-27T01:00:00+00:00,71.45,-1.1197,False,-0.6718,False,-0.9517,False,-0.7978,False
2026-06-27T02:50:38.034366+00:00,decision_debug,SOL/USDT,SHORT,NO TRADE,19.0,63.3,E,BULLISH,9.0,3.0,11.0,19.0,8.0,OK,2026-06-27T01:00:00+00:00,71.45,-1.1197,False,-0.6718,False,-0.9517,False,-0.7978,False
2026-06-27T02:55:43.505575+00:00,decision_debug,SOL/USDT,SHORT,NO TRADE,19.0,63.3,E,BULLISH,9.0,3.0,11.0,19.0,8.0,OK,2026-06-27T01:00:00+00:00,71.45,-1.1197,False,-0.6718,False,-0.9517,False,-0.7978,False
2026-06-27T03:00:48.988997+00:00,decision_debug,SOL/USDT,SHORT,NO TRADE,19.0,63.3,E,BULLISH,9.0,3.0,11.0,19.0,8.0,OK,2026-06-27T02:00:00+00:00,72.12,0.2634,True,0.4437,True,-0.2496,False,0.4437,True
2026-06-27T03:05:54.950302+00:00,decision_debug,SOL/USDT,SHORT,NO TRADE,19.0,63.3,E,BULLISH,9.0,3.0,11.0,19.0,8.0,OK,2026-06-27T02:00:00+00:00,72.12,0.2634,True,0.4437,True,-0.2496,False,0.4437,True
2026-06-27T03:11:01.093477+00:00,decision_debug,SOL/USDT,SHORT,NO TRADE,15.0,57.7,E,BULLISH,9.0,3.0,11.0,15.0,4.0,OK,2026-06-27T02:00:00+00:00,72.12,0.2634,True,0.4437,True,-0.2496,False,0.4437,True
2026-06-27T03:16:06.141294+00:00,decision_debug,SOL/USDT,SHORT,NO TRADE,15.0,57.7,E,BULLISH,9.0,3.0,11.0,15.0,4.0,OK,2026-06-27T02:00:00+00:00,72.12,0.2634,True,0.4437,True,-0.2496,False,0.4437,True
2026-06-27T03:17:14.927924+00:00,decision_debug,SOL/USDT,SHORT,NO TRADE,19.0,63.3,E,BULLISH,9.0,3.0,11.0,19.0,8.0,OK,2026-06-27T02:00:00+00:00,72.12,0.2634,True,0.4437,True,-0.2496,False,0.4437,True
2026-06-27T03:20:10.948059+00:00,decision_debug,SOL/USDT,SHORT,NO TRADE,19.0,63.3,E,BULLISH,9.0,3.0,11.0,19.0,8.0,OK,2026-06-27T02:00:00+00:00,72.12,0.2634,True,0.4437,True,-0.2496,False,0.4437,True
2026-06-27T03:22:24.396528+00:00,decision_debug,SOL/USDT,SHORT,NO TRADE,19.0,63.3,E,BULLISH,9.0,3.0,11.0,19.0,8.0,OK,2026-06-27T02:00:00+00:00,72.12,0.2634,True,0.4437,True,-0.2496,False,0.4437,True
2026-06-27T03:24:24.294034+00:00,decision_debug,SOL/USDT,SHORT,NO TRADE,19.0,63.3,E,BULLISH,9.0,3.0,11.0,19.0,8.0,OK,2026-06-27T02:00:00+00:00,72.12,0.2634,True,0.4437,True,-0.2496,False,0.4437,True
2026-06-27T03:27:11.267889+00:00,decision_debug,SOL/USDT,SHORT,NO TRADE,19.0,63.3,E,BULLISH,9.0,3.0,11.0,19.0,8.0,OK,2026-06-27T02:00:00+00:00,72.12,0.2634,True,0.4437,True,-0.2496,False,0.4437,True
2026-06-27T03:32:15.542049+00:00,decision_debug,SOL/USDT,SHORT,NO TRADE,19.0,63.3,E,BULLISH,9.0,3.0,11.0,19.0,8.0,OK,2026-06-27T02:00:00+00:00,72.12,0.2634,True,0.4437,True,-0.2496,False,0.4437,True
2026-06-27T03:37:18.254623+00:00,decision_debug,SOL/USDT,SHORT,NO TRADE,19.0,63.3,E,BULLISH,9.0,3.0,11.0,19.0,8.0,OK,2026-06-27T02:00:00+00:00,72.12,0.2634,True,0.4437,True,-0.2496,False,0.4437,True
2026-06-27T03:42:15.305362+00:00,decision_debug,SOL/USDT,SHORT,NO TRADE,19.0,63.3,E,BULLISH,9.0,3.0,11.0,19.0,8.0,OK,2026-06-27T02:00:00+00:00,72.12,0.2634,True,0.4437,True,-0.2496,False,0.4437,True
2026-06-27T03:44:31.746217+00:00,decision_debug,SOL/USDT,SHORT,NO TRADE,19.0,63.3,E,BULLISH,9.0,3.0,11.0,19.0,8.0,OK,2026-06-27T02:00:00+00:00,72.12,0.2634,True,0.4437,True,-0.2496,False,0.4437,True
2026-06-27T03:49:35.843392+00:00,decision_debug,SOL/USDT,SHORT,NO TRADE,19.0,63.3,E,BULLISH,9.0,3.0,11.0,19.0,8.0,OK,2026-06-27T02:00:00+00:00,72.12,0.2634,True,0.4437,True,-0.2496,False,0.4437,True
2026-06-27T03:54:41.113546+00:00,decision_debug,SOL/USDT,SHORT,NO TRADE,19.0,63.3,E,BULLISH,9.0,3.0,11.0,19.0,8.0,OK,2026-06-27T02:00:00+00:00,72.12,0.2634,True,0.4437,True,-0.2496,False,0.4437,True
2026-06-27T03:59:47.118435+00:00,decision_debug,SOL/USDT,SHORT,NO TRADE,19.0,63.3,E,BULLISH,9.0,3.0,11.0,19.0,8.0,OK,2026-06-27T02:00:00+00:00,72.12,0.2634,True,0.4437,True,-0.2496,False,0.4437,True
2026-06-27T04:04:52.868040+00:00,decision_debug,SOL/USDT,SHORT,NO TRADE,19.0,63.3,E,BULLISH,9.0,3.0,11.0,19.0,8.0,OK,2026-06-27T03:00:00+00:00,72.25,0.6228,True,0.1661,True,0.3183,True,0.1246,True
2026-06-27T04:09:57.772299+00:00,decision_debug,SOL/USDT,SHORT,NO TRADE,19.0,63.3,E,BULLISH,9.0,3.0,11.0,19.0,8.0,OK,2026-06-27T03:00:00+00:00,72.25,0.6228,True,0.1661,True,0.3183,True,0.1246,True
2026-06-27T04:15:03.087568+00:00,decision_debug,SOL/USDT,SHORT,NO TRADE,19.0,63.3,E,BULLISH,9.0,3.0,11.0,19.0,8.0,OK,2026-06-27T03:00:00+00:00,72.25,0.6228,True,0.1661,True,0.3183,True,0.1246,True
2026-06-27T04:18:49.493535+00:00,decision_debug,SOL/USDT,SHORT,NO TRADE,19.0,63.3,E,BULLISH,9.0,3.0,11.0,19.0,8.0,OK,2026-06-27T03:00:00+00:00,72.25,0.6228,True,0.1661,True,0.3183,True,0.1246,True
2026-06-27T04:30:37.708490+00:00,decision_debug,SOL/USDT,SHORT,NO TRADE,19.0,63.3,E,BULLISH,9.0,3.0,11.0,19.0,8.0,OK,2026-06-27T03:00:00+00:00,72.25,0.6228,True,0.1661,True,0.3183,True,0.1246,True
2026-06-27T04:35:44.439985+00:00,decision_debug,SOL/USDT,SHORT,NO TRADE,19.0,63.3,E,BULLISH,9.0,3.0,11.0,19.0,8.0,OK,2026-06-27T03:00:00+00:00,72.25,0.6228,True,0.1661,True,0.3183,True,0.1246,True
2026-06-27T04:40:52.712976+00:00,decision_debug,SOL/USDT,SHORT,NO TRADE,19.0,63.3,E,BULLISH,9.0,3.0,11.0,19.0,8.0,OK,2026-06-27T03:00:00+00:00,72.25,0.6228,True,0.1661,True,0.3183,True,0.1246,True
2026-06-27T04:46:01.002642+00:00,decision_debug,SOL/USDT,SHORT,NO TRADE,19.0,63.3,E,BULLISH,9.0,3.0,11.0,19.0,8.0,OK,2026-06-27T03:00:00+00:00,72.25,0.6228,True,0.1661,True,0.3183,True,0.1246,True
2026-06-27T04:51:09.702091+00:00,decision_debug,SOL/USDT,SHORT,NO TRADE,19.0,63.3,E,BULLISH,9.0,3.0,11.0,19.0,8.0,OK,2026-06-27T03:00:00+00:00,72.25,0.6228,True,0.1661,True,0.3183,True,0.1246,True
2026-06-27T04:56:18.963082+00:00,decision_debug,SOL/USDT,SHORT,NO TRADE,15.0,57.7,E,BULLISH,9.0,3.0,11.0,15.0,4.0,OK,2026-06-27T03:00:00+00:00,72.25,0.6228,True,0.1661,True,0.3183,True,0.1246,True
2026-06-27T05:01:27.600073+00:00,decision_debug,SOL/USDT,SHORT,NO TRADE,17.0,60.7,E,BULLISH,9.0,3.0,11.0,17.0,6.0,OK,2026-06-27T04:00:00+00:00,71.93,-0.278,False,-0.5144,False,0.0695,True,-0.5978,False
2026-06-27T05:06:36.210747+00:00,decision_debug,SOL/USDT,SHORT,NO TRADE,15.0,57.7,E,BULLISH,9.0,3.0,11.0,15.0,4.0,OK,2026-06-27T04:00:00+00:00,71.93,-0.278,False,-0.5144,False,0.0695,True,-0.5978,False
2026-06-27T05:11:44.205051+00:00,decision_debug,SOL/USDT,SHORT,NO TRADE,19.0,63.3,E,BULLISH,9.0,3.0,11.0,19.0,8.0,OK,2026-06-27T04:00:00+00:00,71.93,-0.278,False,-0.5144,False,0.0695,True,-0.5978,False
2026-06-27T05:16:52.574268+00:00,decision_debug,SOL/USDT,SHORT,NO TRADE,15.0,57.7,E,BULLISH,9.0,3.0,11.0,15.0,4.0,OK,2026-06-27T04:00:00+00:00,71.93,-0.278,False,-0.5144,False,0.0695,True,-0.5978,False
2026-06-27T05:22:01.463317+00:00,decision_debug,SOL/USDT,SHORT,NO TRADE,19.0,63.3,E,BULLISH,9.0,3.0,11.0,19.0,8.0,OK,2026-06-27T04:00:00+00:00,71.93,-0.278,False,-0.5144,False,0.0695,True,-0.5978,False
2026-06-27T05:27:10.157178+00:00,decision_debug,SOL/USDT,SHORT,NO TRADE,19.0,63.3,E,BULLISH,9.0,3.0,11.0,19.0,8.0,OK,2026-06-27T04:00:00+00:00,71.93,-0.278,False,-0.5144,False,0.0695,True,-0.5978,False
2026-06-27T05:32:17.601210+00:00,decision_debug,SOL/USDT,SHORT,NO TRADE,15.0,57.7,E,BULLISH,9.0,3.0,11.0,15.0,4.0,OK,2026-06-27T04:00:00+00:00,71.93,-0.278,False,-0.5144,False,0.0695,True,-0.5978,False
2026-06-27T05:37:25.383005+00:00,decision_debug,SOL/USDT,SHORT,NO TRADE,15.0,57.7,E,BULLISH,9.0,3.0,11.0,15.0,4.0,OK,2026-06-27T04:00:00+00:00,71.93,-0.278,False,-0.5144,False,0.0695,True,-0.5978,False
2026-06-27T05:42:34.955928+00:00,decision_debug,SOL/USDT,SHORT,NO TRADE,15.0,57.7,E,BULLISH,9.0,3.0,11.0,15.0,4.0,OK,2026-06-27T04:00:00+00:00,71.93,-0.278,False,-0.5144,False,0.0695,True,-0.5978,False
2026-06-27T05:47:43.663923+00:00,decision_debug,SOL/USDT,SHORT,NO TRADE,15.0,57.7,E,BULLISH,9.0,3.0,11.0,15.0,4.0,OK,2026-06-27T04:00:00+00:00,71.93,-0.278,False,-0.5144,False,0.0695,True,-0.5978,False
2026-06-27T05:52:51.039949+00:00,decision_debug,SOL/USDT,SHORT,NO TRADE,15.0,57.7,E,BULLISH,9.0,3.0,11.0,15.0,4.0,OK,2026-06-27T04:00:00+00:00,71.93,-0.278,False,-0.5144,False,0.0695,True,-0.5978,False
2026-06-27T05:57:58.927215+00:00,decision_debug,SOL/USDT,SHORT,NO TRADE,15.0,57.7,E,BULLISH,9.0,3.0,11.0,15.0,4.0,OK,2026-06-27T04:00:00+00:00,71.93,-0.278,False,-0.5144,False,0.0695,True,-0.5978,False
2026-06-27T06:03:07.133375+00:00,decision_debug,SOL/USDT,SHORT,NO TRADE,15.0,57.7,E,BULLISH,9.0,3.0,11.0,15.0,4.0,OK,2026-06-27T05:00:00+00:00,71.8,-0.6964,False,-0.3064,False,-0.3064,False,-1.2813,False
2026-06-27T06:08:17.228234+00:00,decision_debug,SOL/USDT,SHORT,NO TRADE,15.0,57.7,E,BULLISH,9.0,3.0,11.0,15.0,4.0,OK,2026-06-27T05:00:00+00:00,71.8,-0.6964,False,-0.3064,False,-0.3064,False,-1.2813,False
2026-06-27T06:13:26.090364+00:00,decision_debug,SOL/USDT,SHORT,NO TRADE,15.0,57.7,E,BULLISH,9.0,3.0,11.0,15.0,4.0,OK,2026-06-27T05:00:00+00:00,71.8,-0.6964,False,-0.3064,False,-0.3064,False,-1.2813,False
2026-06-27T06:18:35.005518+00:00,decision_debug,SOL/USDT,SHORT,NO TRADE,15.0,57.7,E,BULLISH,9.0,3.0,11.0,15.0,4.0,OK,2026-06-27T05:00:00+00:00,71.8,-0.6964,False,-0.3064,False,-0.3064,False,-1.2813,False
2026-06-27T06:23:43.378006+00:00,decision_debug,SOL/USDT,SHORT,NO TRADE,15.0,57.7,E,BULLISH,9.0,3.0,11.0,15.0,4.0,OK,2026-06-27T05:00:00+00:00,71.8,-0.6964,False,-0.3064,False,-0.3064,False,-1.2813,False
2026-06-27T06:28:52.733368+00:00,decision_debug,SOL/USDT,SHORT,NO TRADE,15.0,57.7,E,BULLISH,9.0,3.0,11.0,15.0,4.0,OK,2026-06-27T05:00:00+00:00,71.8,-0.6964,False,-0.3064,False,-0.3064,False,-1.2813,False
2026-06-27T06:34:00.432286+00:00,decision_debug,SOL/USDT,SHORT,NO TRADE,19.0,63.3,E,BULLISH,9.0,3.0,11.0,19.0,8.0,OK,2026-06-27T05:00:00+00:00,71.8,-0.6964,False,-0.3064,False,-0.3064,False,-1.2813,False
2026-06-27T06:39:07.991863+00:00,decision_debug,SOL/USDT,SHORT,NO TRADE,19.0,63.3,E,BULLISH,9.0,3.0,11.0,19.0,8.0,OK,2026-06-27T05:00:00+00:00,71.8,-0.6964,False,-0.3064,False,-0.3064,False,-1.2813,False
2026-06-27T06:44:19.948318+00:00,decision_debug,SOL/USDT,SHORT,NO TRADE,19.0,63.3,E,BULLISH,9.0,3.0,11.0,19.0,8.0,OK,2026-06-27T05:00:00+00:00,71.8,-0.6964,False,-0.3064,False,-0.3064,False,-1.2813,False
2026-06-27T06:49:31.309851+00:00,decision_debug,SOL/USDT,SHORT,NO TRADE,19.0,63.3,E,BULLISH,9.0,3.0,11.0,19.0,8.0,OK,2026-06-27T05:00:00+00:00,71.8,-0.6964,False,-0.3064,False,-0.3064,False,-1.2813,False
2026-06-27T06:54:39.339252+00:00,decision_debug,SOL/USDT,SHORT,NO TRADE,19.0,63.3,E,BULLISH,9.0,3.0,11.0,19.0,8.0,OK,2026-06-27T05:00:00+00:00,71.8,-0.6964,False,-0.3064,False,-0.3064,False,-1.2813,False
2026-06-27T06:59:59.188805+00:00,decision_debug,SOL/USDT,SHORT,NO TRADE,19.0,63.3,E,BULLISH,9.0,3.0,11.0,19.0,8.0,OK,2026-06-27T05:00:00+00:00,71.8,-0.6964,False,-0.3064,False,-0.3064,False,-1.2813,False
2026-06-27T07:05:07.379281+00:00,decision_debug,SOL/USDT,SHORT,NO TRADE,19.0,63.3,E,BULLISH,9.0,3.0,11.0,19.0,8.0,OK,2026-06-27T06:00:00+00:00,72.13,0.1525,True,0.3466,True,0.4575,True,-0.9982,False
2026-06-27T07:10:16.387523+00:00,decision_debug,SOL/USDT,SHORT,NO TRADE,19.0,63.3,E,BULLISH,9.0,3.0,11.0,19.0,8.0,OK,2026-06-27T06:00:00+00:00,72.13,0.1525,True,0.3466,True,0.4575,True,-0.9982,False
2026-06-27T07:15:26.472110+00:00,decision_debug,SOL/USDT,SHORT,NO TRADE,19.0,63.3,E,BULLISH,9.0,3.0,11.0,19.0,8.0,OK,2026-06-27T06:00:00+00:00,72.13,0.1525,True,0.3466,True,0.4575,True,-0.9982,False
2026-06-27T07:20:37.238831+00:00,decision_debug,SOL/USDT,SHORT,NO TRADE,19.0,63.3,E,BULLISH,9.0,3.0,11.0,19.0,8.0,OK,2026-06-27T06:00:00+00:00,72.13,0.1525,True,0.3466,True,0.4575,True,-0.9982,False
2026-06-27T07:25:45.501007+00:00,decision_debug,SOL/USDT,SHORT,NO TRADE,19.0,63.3,E,BULLISH,9.0,3.0,11.0,19.0,8.0,OK,2026-06-27T06:00:00+00:00,72.13,0.1525,True,0.3466,True,0.4575,True,-0.9982,False
2026-06-27T07:30:53.658493+00:00,decision_debug,SOL/USDT,SHORT,NO TRADE,19.0,63.3,E,BULLISH,9.0,3.0,11.0,19.0,8.0,OK,2026-06-27T06:00:00+00:00,72.13,0.1525,True,0.3466,True,0.4575,True,-0.9982,False
2026-06-27T07:36:02.350153+00:00,decision_debug,SOL/USDT,SHORT,NO TRADE,19.0,63.3,E,BULLISH,9.0,3.0,11.0,19.0,8.0,OK,2026-06-27T06:00:00+00:00,72.13,0.1525,True,0.3466,True,0.4575,True,-0.9982,False
2026-06-27T07:41:10.953197+00:00,decision_debug,SOL/USDT,SHORT,NO TRADE,19.0,63.3,E,BULLISH,9.0,3.0,11.0,19.0,8.0,OK,2026-06-27T06:00:00+00:00,72.13,0.1525,True,0.3466,True,0.4575,True,-0.9982,False
2026-06-27T07:46:18.805354+00:00,decision_debug,SOL/USDT,SHORT,NO TRADE,19.0,63.3,E,BULLISH,9.0,3.0,11.0,19.0,8.0,OK,2026-06-27T06:00:00+00:00,72.13,0.1525,True,0.3466,True,0.4575,True,-0.9982,False
2026-06-27T07:51:28.377155+00:00,decision_debug,SOL/USDT,SHORT,NO TRADE,19.0,63.3,E,BULLISH,9.0,3.0,11.0,19.0,8.0,OK,2026-06-27T06:00:00+00:00,72.13,0.1525,True,0.3466,True,0.4575,True,-0.9982,False
2026-06-27T07:56:37.920109+00:00,decision_debug,SOL/USDT,SHORT,NO TRADE,19.0,63.3,E,BULLISH,9.0,3.0,11.0,19.0,8.0,OK,2026-06-27T06:00:00+00:00,72.13,0.1525,True,0.3466,True,0.4575,True,-0.9982,False
2026-06-27T15:12:27.058002+00:00,decision_debug,BTC/USDT,SHORT,NO TRADE,19.0,55.9,E,BULLISH,12.0,0.0,15.0,19.0,4.0,OK,2026-06-27T14:00:00+00:00,60614.0,-0.3243,False,0.1475,True,0.7317,True,0.9739,True
2026-06-27T15:37:52.084518+00:00,decision_debug,BTC/USDT,SHORT,NO TRADE,19.0,55.9,E,BULLISH,12.0,0.0,15.0,19.0,4.0,OK,2026-06-27T14:00:00+00:00,60614.0,-0.3243,False,0.1475,True,0.7317,True,0.9739,True
2026-06-27T16:03:20.105581+00:00,decision_debug,BTC/USDT,SHORT,NO TRADE,19.0,55.9,E,BULLISH,12.0,0.0,15.0,19.0,4.0,OK,2026-06-27T15:00:00+00:00,60840.2,0.5187,True,0.4528,True,0.8958,True,1.144,True
2026-06-27T16:08:25.900306+00:00,decision_debug,BTC/USDT,SHORT,NO TRADE,19.0,55.9,E,BULLISH,12.0,0.0,15.0,19.0,4.0,OK,2026-06-27T15:00:00+00:00,60840.2,0.5187,True,0.4528,True,0.8958,True,1.144,True
2026-06-27T16:13:32.217552+00:00,decision_debug,BTC/USDT,SHORT,NO TRADE,19.0,55.9,E,BULLISH,12.0,0.0,15.0,19.0,4.0,OK,2026-06-27T15:00:00+00:00,60840.2,0.5187,True,0.4528,True,0.8958,True,1.144,True
2026-06-27T16:18:37.234835+00:00,decision_debug,BTC/USDT,SHORT,NO TRADE,19.0,54.3,E,BULLISH,17.0,0.0,16.0,19.0,3.0,OK,2026-06-27T15:00:00+00:00,60840.2,0.5187,True,0.4528,True,0.8958,True,1.144,True
2026-06-27T16:23:43.290472+00:00,decision_debug,BTC/USDT,SHORT,NO TRADE,19.0,54.3,E,BULLISH,17.0,0.0,16.0,19.0,3.0,OK,2026-06-27T15:00:00+00:00,60840.2,0.5187,True,0.4528,True,0.8958,True,1.144,True
2026-06-27T16:28:48.394339+00:00,decision_debug,BTC/USDT,SHORT,NO TRADE,19.0,54.3,E,BULLISH,17.0,0.0,16.0,19.0,3.0,OK,2026-06-27T15:00:00+00:00,60840.2,0.5187,True,0.4528,True,0.8958,True,1.144,True
2026-06-27T16:33:54.326582+00:00,decision_debug,BTC/USDT,SHORT,NO TRADE,17.0,51.5,E,BULLISH,17.0,0.0,16.0,17.0,1.0,OK,2026-06-27T15:00:00+00:00,60840.2,0.5187,True,0.4528,True,0.8958,True,1.144,True
2026-06-27T16:38:59.143863+00:00,decision_debug,BTC/USDT,SHORT,NO TRADE,19.0,55.9,E,BULLISH,12.0,0.0,15.0,19.0,4.0,OK,2026-06-27T15:00:00+00:00,60840.2,0.5187,True,0.4528,True,0.8958,True,1.144,True
2026-06-27T16:44:03.975850+00:00,decision_debug,BTC/USDT,SHORT,NO TRADE,19.0,55.9,E,BULLISH,12.0,0.0,15.0,19.0,4.0,OK,2026-06-27T15:00:00+00:00,60840.2,0.5187,True,0.4528,True,0.8958,True,1.144,True
2026-06-27T16:49:09.319079+00:00,decision_debug,BTC/USDT,SHORT,NO TRADE,19.0,55.9,E,BULLISH,12.0,0.0,15.0,19.0,4.0,OK,2026-06-27T15:00:00+00:00,60840.2,0.5187,True,0.4528,True,0.8958,True,1.144,True
2026-06-27T16:54:16.573184+00:00,decision_debug,BTC/USDT,SHORT,NO TRADE,19.0,55.9,E,BULLISH,12.0,0.0,15.0,19.0,4.0,OK,2026-06-27T15:00:00+00:00,60840.2,0.5187,True,0.4528,True,0.8958,True,1.144,True
2026-06-27T16:59:22.008084+00:00,decision_debug,BTC/USDT,SHORT,NO TRADE,19.0,55.9,E,BULLISH,12.0,0.0,15.0,19.0,4.0,OK,2026-06-27T15:00:00+00:00,60840.2,0.5187,True,0.4528,True,0.8958,True,1.144,True
2026-06-27T17:09:35.313481+00:00,decision_debug,BTC/USDT,SHORT,NO TRADE,17.0,51.5,E,BULLISH,17.0,0.0,16.0,17.0,1.0,OK,2026-06-27T16:00:00+00:00,60810.6,0.4044,True,1.0526,True,1.0136,True,0.9808,True
2026-06-27T17:14:40.639138+00:00,decision_debug,BTC/USDT,SHORT,NO TRADE,17.0,51.5,E,BULLISH,17.0,0.0,16.0,17.0,1.0,OK,2026-06-27T16:00:00+00:00,60810.6,0.4044,True,1.0526,True,1.0136,True,0.9808,True
2026-06-27T17:19:45.507756+00:00,decision_debug,BTC/USDT,SHORT,NO TRADE,17.0,51.5,E,BULLISH,17.0,0.0,16.0,17.0,1.0,OK,2026-06-27T16:00:00+00:00,60810.6,0.4044,True,1.0526,True,1.0136,True,0.9808,True
2026-06-27T17:24:50.541128+00:00,decision_debug,BTC/USDT,SHORT,NO TRADE,17.0,51.5,E,BULLISH,17.0,0.0,16.0,17.0,1.0,OK,2026-06-27T16:00:00+00:00,60810.6,0.4044,True,1.0526,True,1.0136,True,0.9808,True
2026-06-27T17:29:56.348945+00:00,decision_debug,BTC/USDT,SHORT,NO TRADE,17.0,51.5,E,BULLISH,17.0,0.0,16.0,17.0,1.0,OK,2026-06-27T16:00:00+00:00,60810.6,0.4044,True,1.0526,True,1.0136,True,0.9808,True
2026-06-27T17:35:02.068049+00:00,decision_debug,BTC/USDT,SHORT,NO TRADE,17.0,51.5,E,BULLISH,17.0,0.0,16.0,17.0,1.0,OK,2026-06-27T16:00:00+00:00,60810.6,0.4044,True,1.0526,True,1.0136,True,0.9808,True
2026-06-27T17:40:07.168026+00:00,decision_debug,BTC/USDT,SHORT,NO TRADE,17.0,51.5,E,BULLISH,17.0,0.0,16.0,17.0,1.0,OK,2026-06-27T16:00:00+00:00,60810.6,0.4044,True,1.0526,True,1.0136,True,0.9808,True
2026-06-27T17:45:12.078506+00:00,decision_debug,BTC/USDT,SHORT,NO TRADE,17.0,51.5,E,BULLISH,17.0,0.0,16.0,17.0,1.0,OK,2026-06-27T16:00:00+00:00,60810.6,0.4044,True,1.0526,True,1.0136,True,0.9808,True
2026-06-27T17:50:18.845438+00:00,decision_debug,BTC/USDT,SHORT,NO TRADE,17.0,51.5,E,BULLISH,17.0,0.0,16.0,17.0,1.0,OK,2026-06-27T16:00:00+00:00,60810.6,0.4044,True,1.0526,True,1.0136,True,0.9808,True
2026-06-27T17:55:24.149662+00:00,decision_debug,BTC/USDT,SHORT,NO TRADE,17.0,51.5,E,BULLISH,17.0,0.0,16.0,17.0,1.0,OK,2026-06-27T16:00:00+00:00,60810.6,0.4044,True,1.0526,True,1.0136,True,0.9808,True
2026-06-27T17:55:35.854584+00:00,decision_debug,BTC/USDT,SHORT,NO TRADE,17.0,51.5,E,BULLISH,17.0,0.0,16.0,17.0,1.0,OK,2026-06-27T16:00:00+00:00,60810.6,0.4044,True,1.0526,True,1.0136,True,0.9808,True
2026-06-27T19:01:42.514124+00:00,decision_debug,BTC/USDT,SHORT,NO TRADE,17.0,51.5,E,BULLISH,17.0,0.0,16.0,17.0,1.0,OK,2026-06-27T18:00:00+00:00,60564.7,0.445,True,0.6117,True,0.8933,True,0.604,True
2026-06-27T19:06:48.128181+00:00,decision_debug,BTC/USDT,SHORT,NO TRADE,17.0,51.5,E,BULLISH,17.0,0.0,16.0,17.0,1.0,OK,2026-06-27T18:00:00+00:00,60564.7,0.445,True,0.6117,True,0.8933,True,0.604,True
2026-06-27T19:11:54.982986+00:00,decision_debug,BTC/USDT,SHORT,NO TRADE,17.0,51.5,E,BULLISH,17.0,0.0,16.0,17.0,1.0,OK,2026-06-27T18:00:00+00:00,60564.7,0.445,True,0.6117,True,0.8933,True,0.604,True
2026-06-27T19:17:00.358379+00:00,decision_debug,BTC/USDT,SHORT,NO TRADE,17.0,51.5,E,BULLISH,17.0,0.0,16.0,17.0,1.0,OK,2026-06-27T18:00:00+00:00,60564.7,0.445,True,0.6117,True,0.8933,True,0.604,True
2026-06-27T19:22:04.757150+00:00,decision_debug,BTC/USDT,SHORT,NO TRADE,17.0,56.7,E,BULLISH,14.0,3.0,13.0,17.0,4.0,OK,2026-06-27T18:00:00+00:00,60564.7,0.445,True,0.6117,True,0.8933,True,0.604,True
2026-06-27T19:22:05.529472+00:00,decision_debug,ETH/USDT,SHORT,NO TRADE,20.0,64.5,E,BULLISH,12.0,5.0,11.0,20.0,9.0,OK,2026-06-27T18:00:00+00:00,1594.11,0.7917,True,1.1888,True,1.2634,True,1.1994,True
2026-06-27T19:27:08.828613+00:00,decision_debug,BTC/USDT,SHORT,WATCH,23.0,74.2,C,BULLISH,9.0,8.0,8.0,23.0,15.0,OK,2026-06-27T18:00:00+00:00,60564.7,0.445,True,0.6117,True,0.8933,True,0.604,True
2026-06-27T19:32:13.268287+00:00,decision_debug,BTC/USDT,SHORT,WATCH,23.0,69.7,C,BULLISH,9.0,8.0,10.0,23.0,13.0,OK,2026-06-27T18:00:00+00:00,60564.7,0.445,True,0.6117,True,0.8933,True,0.604,True
2026-06-27T19:37:18.093892+00:00,decision_debug,BTC/USDT,SHORT,WATCH,23.0,69.7,C,BULLISH,9.0,8.0,10.0,23.0,13.0,OK,2026-06-27T18:00:00+00:00,60564.7,0.445,True,0.6117,True,0.8933,True,0.604,True
2026-06-27T19:42:23.134304+00:00,decision_debug,BTC/USDT,SHORT,WATCH,23.0,69.7,C,BULLISH,9.0,8.0,10.0,23.0,13.0,OK,2026-06-27T18:00:00+00:00,60564.7,0.445,True,0.6117,True,0.8933,True,0.604,True
2026-06-27T19:47:28.567924+00:00,decision_debug,BTC/USDT,SHORT,WATCH,23.0,69.7,C,BULLISH,9.0,8.0,10.0,23.0,13.0,OK,2026-06-27T18:00:00+00:00,60564.7,0.445,True,0.6117,True,0.8933,True,0.604,True
2026-06-27T19:52:33.576368+00:00,decision_debug,BTC/USDT,SHORT,WATCH,23.0,69.7,C,BULLISH,9.0,8.0,10.0,23.0,13.0,OK,2026-06-27T18:00:00+00:00,60564.7,0.445,True,0.6117,True,0.8933,True,0.604,True
2026-06-27T19:57:37.916684+00:00,decision_debug,BTC/USDT,SHORT,WATCH,23.0,69.7,C,BULLISH,9.0,8.0,10.0,23.0,13.0,OK,2026-06-27T18:00:00+00:00,60564.7,0.445,True,0.6117,True,0.8933,True,0.604,True
2026-06-27T20:02:43.623560+00:00,decision_debug,BTC/USDT,SHORT,WATCH,23.0,69.7,C,BULLISH,9.0,8.0,10.0,23.0,13.0,OK,2026-06-27T19:00:00+00:00,60170.5,-0.0394,False,-0.0941,False,0.0437,True,0.0656,True
2026-06-27T20:07:48.439170+00:00,decision_debug,BTC/USDT,SHORT,WATCH,23.0,69.7,C,BULLISH,9.0,8.0,10.0,23.0,13.0,OK,2026-06-27T19:00:00+00:00,60170.5,-0.0394,False,-0.0941,False,0.0437,True,0.0656,True
2026-06-27T20:12:52.790910+00:00,decision_debug,BTC/USDT,SHORT,WATCH,23.0,69.7,C,BULLISH,9.0,8.0,10.0,23.0,13.0,OK,2026-06-27T19:00:00+00:00,60170.5,-0.0394,False,-0.0941,False,0.0437,True,0.0656,True
2026-06-27T20:17:57.208577+00:00,decision_debug,BTC/USDT,SHORT,WATCH,23.0,69.7,C,BULLISH,9.0,8.0,10.0,23.0,13.0,OK,2026-06-27T19:00:00+00:00,60170.5,-0.0394,False,-0.0941,False,0.0437,True,0.0656,True
2026-06-27T20:23:02.507151+00:00,decision_debug,BTC/USDT,SHORT,WATCH,23.0,74.2,C,BULLISH,9.0,8.0,8.0,23.0,15.0,OK,2026-06-27T19:00:00+00:00,60170.5,-0.0394,False,-0.0941,False,0.0437,True,0.0656,True
2026-06-27T20:28:08.423324+00:00,decision_debug,BTC/USDT,SHORT,WATCH,23.0,69.7,C,BULLISH,9.0,8.0,10.0,23.0,13.0,OK,2026-06-27T19:00:00+00:00,60170.5,-0.0394,False,-0.0941,False,0.0437,True,0.0656,True
2026-06-27T20:33:14.259915+00:00,decision_debug,BTC/USDT,SHORT,WATCH,23.0,69.7,C,BULLISH,9.0,8.0,10.0,23.0,13.0,OK,2026-06-27T19:00:00+00:00,60170.5,-0.0394,False,-0.0941,False,0.0437,True,0.0656,True
2026-06-27T20:38:20.684974+00:00,decision_debug,BTC/USDT,SHORT,WATCH,23.0,69.7,C,BULLISH,9.0,8.0,10.0,23.0,13.0,OK,2026-06-27T19:00:00+00:00,60170.5,-0.0394,False,-0.0941,False,0.0437,True,0.0656,True
2026-06-27T20:43:25.983816+00:00,decision_debug,BTC/USDT,SHORT,WATCH,23.0,69.7,C,BULLISH,9.0,8.0,10.0,23.0,13.0,OK,2026-06-27T19:00:00+00:00,60170.5,-0.0394,False,-0.0941,False,0.0437,True,0.0656,True
2026-06-27T20:48:31.418816+00:00,decision_debug,BTC/USDT,SHORT,WATCH,23.0,74.2,C,BULLISH,9.0,8.0,8.0,23.0,15.0,OK,2026-06-27T19:00:00+00:00,60170.5,-0.0394,False,-0.0941,False,0.0437,True,0.0656,True
2026-06-27T20:53:36.504366+00:00,decision_debug,BTC/USDT,SHORT,WATCH,23.0,74.2,C,BULLISH,9.0,8.0,8.0,23.0,15.0,OK,2026-06-27T19:00:00+00:00,60170.5,-0.0394,False,-0.0941,False,0.0437,True,0.0656,True
2026-06-27T20:58:42.123897+00:00,decision_debug,BTC/USDT,SHORT,WATCH,23.0,69.7,C,BULLISH,9.0,8.0,10.0,23.0,13.0,OK,2026-06-27T19:00:00+00:00,60170.5,-0.0394,False,-0.0941,False,0.0437,True,0.0656,True
2026-06-27T21:03:46.955086+00:00,decision_debug,BTC/USDT,SHORT,WATCH,23.0,74.2,C,BULLISH,9.0,8.0,8.0,23.0,15.0,OK,2026-06-27T20:00:00+00:00,60295.2,0.1129,True,0.4503,True,0.1343,True,0.5112,True
2026-06-27T21:08:52.531594+00:00,decision_debug,BTC/USDT,SHORT,WATCH,23.0,74.2,C,BULLISH,9.0,8.0,8.0,23.0,15.0,OK,2026-06-27T20:00:00+00:00,60295.2,0.1129,True,0.4503,True,0.1343,True,0.5112,True
2026-06-27T21:13:57.633348+00:00,decision_debug,BTC/USDT,SHORT,NO TRADE,17.0,56.7,E,BULLISH,14.0,3.0,13.0,17.0,4.0,OK,2026-06-27T20:00:00+00:00,60295.2,0.1129,True,0.4503,True,0.1343,True,0.5112,True
2026-06-27T21:19:03.524370+00:00,decision_debug,BTC/USDT,SHORT,WATCH,23.0,74.2,C,BULLISH,9.0,8.0,8.0,23.0,15.0,OK,2026-06-27T20:00:00+00:00,60295.2,0.1129,True,0.4503,True,0.1343,True,0.5112,True
2026-06-27T21:24:08.464075+00:00,decision_debug,BTC/USDT,SHORT,NO TRADE,17.0,56.7,E,BULLISH,14.0,3.0,13.0,17.0,4.0,OK,2026-06-27T20:00:00+00:00,60295.2,0.1129,True,0.4503,True,0.1343,True,0.5112,True
2026-06-27T21:29:13.680198+00:00,decision_debug,BTC/USDT,SHORT,NO TRADE,17.0,56.7,E,BULLISH,14.0,3.0,13.0,17.0,4.0,OK,2026-06-27T20:00:00+00:00,60295.2,0.1129,True,0.4503,True,0.1343,True,0.5112,True
2026-06-27T21:34:30.367551+00:00,decision_debug,BTC/USDT,SHORT,NO TRADE,17.0,56.7,E,BULLISH,14.0,3.0,13.0,17.0,4.0,OK,2026-06-27T20:00:00+00:00,60295.2,0.1129,True,0.4503,True,0.1343,True,0.5112,True
2026-06-27T21:39:35.581568+00:00,decision_debug,BTC/USDT,SHORT,WATCH,23.0,74.2,C,BULLISH,9.0,8.0,8.0,23.0,15.0,OK,2026-06-27T20:00:00+00:00,60295.2,0.1129,True,0.4503,True,0.1343,True,0.5112,True
2026-06-27T21:44:41.063567+00:00,decision_debug,BTC/USDT,SHORT,WATCH,23.0,69.7,C,BULLISH,9.0,8.0,10.0,23.0,13.0,OK,2026-06-27T20:00:00+00:00,60295.2,0.1129,True,0.4503,True,0.1343,True,0.5112,True
2026-06-27T21:49:46.253079+00:00,decision_debug,BTC/USDT,SHORT,WATCH,23.0,69.7,C,BULLISH,9.0,8.0,10.0,23.0,13.0,OK,2026-06-27T20:00:00+00:00,60295.2,0.1129,True,0.4503,True,0.1343,True,0.5112,True
2026-06-27T21:54:51.990148+00:00,decision_debug,BTC/USDT,SHORT,WATCH,23.0,69.7,C,BULLISH,9.0,8.0,10.0,23.0,13.0,OK,2026-06-27T20:00:00+00:00,60295.2,0.1129,True,0.4503,True,0.1343,True,0.5112,True
2026-06-27T21:59:56.393844+00:00,decision_debug,BTC/USDT,SHORT,WATCH,23.0,69.7,C,BULLISH,9.0,8.0,10.0,23.0,13.0,OK,2026-06-27T20:00:00+00:00,60295.2,0.1129,True,0.4503,True,0.1343,True,0.5112,True
2026-06-29T17:13:18.328546+00:00,decision_debug,ETH/USDT,SHORT,NO TRADE,0.0,71.0,E,BULLISH,12.0,4.0,15.0,22.0,7.0,OK,2026-06-29T16:00:00+00:00,1585.35,-2.2563,False,-2.5445,False,-2.1932,False,-0.5374,False
2026-06-29T17:18:23.679567+00:00,decision_debug,ETH/USDT,SHORT,NO TRADE,0.0,71.0,E,BULLISH,12.0,4.0,15.0,22.0,7.0,OK,2026-06-29T16:00:00+00:00,1585.35,-2.2563,False,-2.5445,False,-2.1932,False,-0.5374,False
2026-06-29T17:23:29.168353+00:00,decision_debug,ETH/USDT,SHORT,NO TRADE,0.0,71.0,E,BULLISH,12.0,4.0,15.0,22.0,7.0,OK,2026-06-29T16:00:00+00:00,1585.35,-2.2563,False,-2.5445,False,-2.1932,False,-0.5374,False
2026-06-29T17:28:33.711202+00:00,decision_debug,ETH/USDT,SHORT,NO TRADE,0.0,71.0,E,BULLISH,12.0,4.0,15.0,22.0,7.0,OK,2026-06-29T16:00:00+00:00,1585.35,-2.2563,False,-2.5445,False,-2.1932,False,-0.5374,False
2026-06-29T17:33:38.625050+00:00,decision_debug,ETH/USDT,SHORT,NO TRADE,0.0,71.0,E,BULLISH,12.0,4.0,15.0,22.0,7.0,OK,2026-06-29T16:00:00+00:00,1585.35,-2.2563,False,-2.5445,False,-2.1932,False,-0.5374,False
2026-06-29T17:38:43.887425+00:00,decision_debug,ETH/USDT,SHORT,NO TRADE,0.0,71.0,E,BULLISH,12.0,4.0,15.0,22.0,7.0,OK,2026-06-29T16:00:00+00:00,1585.35,-2.2563,False,-2.5445,False,-2.1932,False,-0.5374,False
2026-06-29T17:43:48.699071+00:00,decision_debug,ETH/USDT,SHORT,NO TRADE,0.0,71.0,E,BULLISH,12.0,4.0,15.0,22.0,7.0,OK,2026-06-29T16:00:00+00:00,1585.35,-2.2563,False,-2.5445,False,-2.1932,False,-0.5374,False
2026-06-29T17:48:54.106016+00:00,decision_debug,ETH/USDT,SHORT,NO TRADE,0.0,71.0,E,BULLISH,12.0,4.0,15.0,22.0,7.0,OK,2026-06-29T16:00:00+00:00,1585.35,-2.2563,False,-2.5445,False,-2.1932,False,-0.5374,False
2026-06-29T17:53:59.470513+00:00,decision_debug,ETH/USDT,SHORT,NO TRADE,0.0,71.0,E,BULLISH,12.0,4.0,15.0,22.0,7.0,OK,2026-06-29T16:00:00+00:00,1585.35,-2.2563,False,-2.5445,False,-2.1932,False,-0.5374,False
2026-06-29T17:59:04.719601+00:00,decision_debug,ETH/USDT,SHORT,NO TRADE,0.0,71.0,E,BULLISH,12.0,4.0,15.0,22.0,7.0,OK,2026-06-29T16:00:00+00:00,1585.35,-2.2563,False,-2.5445,False,-2.1932,False,-0.5374,False
2026-06-29T18:04:09.762518+00:00,decision_debug,ETH/USDT,SHORT,NO TRADE,0.0,71.0,E,BULLISH,12.0,4.0,15.0,22.0,7.0,OK,2026-06-29T17:00:00+00:00,1628.14,0.1505,True,0.6375,True,0.9281,True,2.3014,True
2026-06-29T18:09:14.244109+00:00,decision_debug,ETH/USDT,SHORT,NO TRADE,0.0,71.0,E,BULLISH,12.0,4.0,15.0,22.0,7.0,OK,2026-06-29T17:00:00+00:00,1628.14,0.1505,True,0.6375,True,0.9281,True,2.3014,True
2026-06-29T18:14:18.710297+00:00,decision_debug,ETH/USDT,SHORT,NO TRADE,0.0,71.0,E,BULLISH,12.0,4.0,15.0,22.0,7.0,OK,2026-06-29T17:00:00+00:00,1628.14,0.1505,True,0.6375,True,0.9281,True,2.3014,True
2026-06-29T18:19:24.730478+00:00,decision_debug,ETH/USDT,SHORT,NO TRADE,0.0,71.0,E,BULLISH,12.0,4.0,15.0,22.0,7.0,OK,2026-06-29T17:00:00+00:00,1628.14,0.1505,True,0.6375,True,0.9281,True,2.3014,True
2026-06-29T18:24:31.047406+00:00,decision_debug,ETH/USDT,SHORT,NO TRADE,0.0,71.0,E,BULLISH,12.0,4.0,15.0,22.0,7.0,OK,2026-06-29T17:00:00+00:00,1628.14,0.1505,True,0.6375,True,0.9281,True,2.3014,True
2026-06-29T18:29:36.713967+00:00,decision_debug,ETH/USDT,SHORT,NO TRADE,0.0,65.0,E,BULLISH,12.0,4.0,15.0,20.0,5.0,OK,2026-06-29T17:00:00+00:00,1628.14,0.1505,True,0.6375,True,0.9281,True,2.3014,True
2026-06-29T18:34:41.635186+00:00,decision_debug,ETH/USDT,SHORT,NO TRADE,0.0,71.0,E,BULLISH,12.0,4.0,15.0,22.0,7.0,OK,2026-06-29T17:00:00+00:00,1628.14,0.1505,True,0.6375,True,0.9281,True,2.3014,True
2026-06-29T18:39:47.052763+00:00,decision_debug,ETH/USDT,SHORT,NO TRADE,0.0,71.0,E,BULLISH,12.0,4.0,15.0,22.0,7.0,OK,2026-06-29T17:00:00+00:00,1628.14,0.1505,True,0.6375,True,0.9281,True,2.3014,True
2026-06-29T18:44:53.572803+00:00,decision_debug,ETH/USDT,SHORT,NO TRADE,0.0,71.0,E,BULLISH,12.0,4.0,15.0,22.0,7.0,OK,2026-06-29T17:00:00+00:00,1628.14,0.1505,True,0.6375,True,0.9281,True,2.3014,True
2026-06-29T18:49:58.720585+00:00,decision_debug,ETH/USDT,SHORT,NO TRADE,0.0,71.0,E,BULLISH,12.0,4.0,15.0,22.0,7.0,OK,2026-06-29T17:00:00+00:00,1628.14,0.1505,True,0.6375,True,0.9281,True,2.3014,True
2026-06-29T18:55:03.703839+00:00,decision_debug,ETH/USDT,SHORT,NO TRADE,0.0,71.0,E,BULLISH,12.0,4.0,15.0,22.0,7.0,OK,2026-06-29T17:00:00+00:00,1628.14,0.1505,True,0.6375,True,0.9281,True,2.3014,True
2026-06-29T19:00:08.632456+00:00,decision_debug,ETH/USDT,SHORT,NO TRADE,0.0,71.0,E,BULLISH,12.0,4.0,15.0,22.0,7.0,OK,2026-06-29T18:00:00+00:00,1621.12,0.2073,True,0.0617,True,0.499,True,2.0924,True
2026-06-29T19:05:13.936679+00:00,decision_debug,ETH/USDT,SHORT,NO TRADE,0.0,65.0,E,BULLISH,12.0,4.0,15.0,20.0,5.0,OK,2026-06-29T18:00:00+00:00,1621.12,0.2073,True,0.0617,True,0.499,True,2.0924,True
2026-06-29T19:10:19.484252+00:00,decision_debug,ETH/USDT,SHORT,NO TRADE,0.0,65.0,E,BULLISH,12.0,4.0,15.0,20.0,5.0,OK,2026-06-29T18:00:00+00:00,1621.12,0.2073,True,0.0617,True,0.499,True,2.0924,True
2026-06-29T19:15:23.725685+00:00,decision_debug,ETH/USDT,SHORT,NO TRADE,0.0,65.0,E,BULLISH,12.0,4.0,15.0,20.0,5.0,OK,2026-06-29T18:00:00+00:00,1621.12,0.2073,True,0.0617,True,0.499,True,2.0924,True
2026-06-29T19:20:27.748165+00:00,decision_debug,ETH/USDT,SHORT,NO TRADE,0.0,71.0,E,BULLISH,12.0,4.0,15.0,22.0,7.0,OK,2026-06-29T18:00:00+00:00,1621.12,0.2073,True,0.0617,True,0.499,True,2.0924,True
2026-06-29T19:25:32.040902+00:00,decision_debug,ETH/USDT,SHORT,NO TRADE,0.0,71.0,E,BULLISH,12.0,4.0,15.0,22.0,7.0,OK,2026-06-29T18:00:00+00:00,1621.12,0.2073,True,0.0617,True,0.499,True,2.0924,True
2026-06-29T19:30:36.212592+00:00,decision_debug,ETH/USDT,SHORT,NO TRADE,0.0,71.0,E,BULLISH,12.0,4.0,15.0,22.0,7.0,OK,2026-06-29T18:00:00+00:00,1621.12,0.2073,True,0.0617,True,0.499,True,2.0924,True
2026-06-29T19:32:56.974343+00:00,decision_debug,ETH/USDT,SHORT,NO TRADE,0.0,71.0,E,BULLISH,12.0,4.0,15.0,22.0,7.0,OK,2026-06-29T18:00:00+00:00,1621.12,0.2073,True,0.0617,True,0.499,True,2.0924,True
2026-06-29T19:38:00.895045+00:00,decision_debug,ETH/USDT,SHORT,NO TRADE,0.0,71.0,E,BULLISH,12.0,4.0,15.0,22.0,7.0,OK,2026-06-29T18:00:00+00:00,1621.12,0.2073,True,0.0617,True,0.499,True,2.0924,True
2026-06-29T19:43:05.949910+00:00,decision_debug,ETH/USDT,SHORT,NO TRADE,0.0,71.0,E,BULLISH,12.0,4.0,15.0,22.0,7.0,OK,2026-06-29T18:00:00+00:00,1621.12,0.2073,True,0.0617,True,0.499,True,2.0924,True
2026-06-29T19:48:11.483124+00:00,decision_debug,ETH/USDT,SHORT,NO TRADE,0.0,71.0,E,BULLISH,12.0,4.0,15.0,22.0,7.0,OK,2026-06-29T18:00:00+00:00,1621.12,0.2073,True,0.0617,True,0.499,True,2.0924,True
2026-06-29T19:53:16.242239+00:00,decision_debug,ETH/USDT,SHORT,NO TRADE,0.0,71.0,E,BULLISH,12.0,4.0,15.0,22.0,7.0,OK,2026-06-29T18:00:00+00:00,1621.12,0.2073,True,0.0617,True,0.499,True,2.0924,True
2026-06-29T19:58:21.227384+00:00,decision_debug,ETH/USDT,SHORT,NO TRADE,0.0,71.0,E,BULLISH,12.0,4.0,15.0,22.0,7.0,OK,2026-06-29T18:00:00+00:00,1621.12,0.2073,True,0.0617,True,0.499,True,2.0924,True
2026-06-29T20:03:25.222190+00:00,decision_debug,BTC/USDT,SHORT,NO TRADE,0.0,62.0,E,BULLISH,12.0,0.0,15.0,19.0,4.0,OK,2026-06-29T19:00:00+00:00,60434.4,-0.0849,False,0.1289,True,0.989,True,1.568,True
2026-06-29T20:03:26.039214+00:00,decision_debug,ETH/USDT,SHORT,NO TRADE,0.0,71.0,E,BULLISH,12.0,4.0,15.0,22.0,7.0,OK,2026-06-29T19:00:00+00:00,1625.69,0.3426,True,0.7787,True,1.9186,True,2.327,True
2026-06-29T20:08:29.462024+00:00,decision_debug,BTC/USDT,SHORT,NO TRADE,0.0,62.0,E,BULLISH,12.0,0.0,15.0,19.0,4.0,OK,2026-06-29T19:00:00+00:00,60434.4,-0.0849,False,0.1289,True,0.989,True,1.568,True
2026-06-29T20:08:30.412543+00:00,decision_debug,ETH/USDT,SHORT,NO TRADE,0.0,71.0,E,BULLISH,12.0,4.0,15.0,22.0,7.0,OK,2026-06-29T19:00:00+00:00,1625.69,0.3426,True,0.7787,True,1.9186,True,2.327,True
2026-06-29T20:13:33.727446+00:00,decision_debug,BTC/USDT,SHORT,NO TRADE,0.0,62.0,E,BULLISH,12.0,0.0,15.0,19.0,4.0,OK,2026-06-29T19:00:00+00:00,60434.4,-0.0849,False,0.1289,True,0.989,True,1.568,True
2026-06-29T20:13:34.825040+00:00,decision_debug,ETH/USDT,SHORT,NO TRADE,0.0,71.0,E,BULLISH,12.0,4.0,15.0,22.0,7.0,OK,2026-06-29T19:00:00+00:00,1625.69,0.3426,True,0.7787,True,1.9186,True,2.327,True
2026-06-29T20:18:38.889925+00:00,decision_debug,BTC/USDT,SHORT,NO TRADE,0.0,56.0,E,BULLISH,17.0,0.0,16.0,18.0,2.0,OK,2026-06-29T19:00:00+00:00,60434.4,-0.0849,False,0.1289,True,0.989,True,1.568,True
2026-06-29T20:18:39.618879+00:00,decision_debug,ETH/USDT,SHORT,NO TRADE,0.0,71.0,E,BULLISH,12.0,4.0,15.0,22.0,7.0,OK,2026-06-29T19:00:00+00:00,1625.69,0.3426,True,0.7787,True,1.9186,True,2.327,True
2026-06-29T20:23:43.714905+00:00,decision_debug,BTC/USDT,SHORT,NO TRADE,0.0,62.0,E,BULLISH,12.0,0.0,15.0,19.0,4.0,OK,2026-06-29T19:00:00+00:00,60434.4,-0.0849,False,0.1289,True,0.989,True,1.568,True
2026-06-29T20:23:44.441859+00:00,decision_debug,ETH/USDT,SHORT,NO TRADE,0.0,71.0,E,BULLISH,12.0,4.0,15.0,22.0,7.0,OK,2026-06-29T19:00:00+00:00,1625.69,0.3426,True,0.7787,True,1.9186,True,2.327,True
2026-06-29T20:28:48.723073+00:00,decision_debug,BTC/USDT,SHORT,NO TRADE,0.0,62.0,E,BULLISH,12.0,0.0,15.0,19.0,4.0,OK,2026-06-29T19:00:00+00:00,60434.4,-0.0849,False,0.1289,True,0.989,True,1.568,True
2026-06-29T20:28:49.603388+00:00,decision_debug,ETH/USDT,SHORT,NO TRADE,0.0,71.0,E,BULLISH,12.0,4.0,15.0,22.0,7.0,OK,2026-06-29T19:00:00+00:00,1625.69,0.3426,True,0.7787,True,1.9186,True,2.327,True
2026-06-29T20:33:53.987010+00:00,decision_debug,BTC/USDT,SHORT,NO TRADE,0.0,62.0,E,BULLISH,12.0,0.0,15.0,19.0,4.0,OK,2026-06-29T19:00:00+00:00,60434.4,-0.0849,False,0.1289,True,0.989,True,1.568,True
2026-06-29T20:33:55.623145+00:00,decision_debug,ETH/USDT,SHORT,NO TRADE,0.0,71.0,E,BULLISH,12.0,4.0,15.0,22.0,7.0,OK,2026-06-29T19:00:00+00:00,1625.69,0.3426,True,0.7787,True,1.9186,True,2.327,True
2026-06-29T20:38:59.516442+00:00,decision_debug,BTC/USDT,SHORT,NO TRADE,0.0,62.0,E,BULLISH,12.0,0.0,15.0,19.0,4.0,OK,2026-06-29T19:00:00+00:00,60434.4,-0.0849,False,0.1289,True,0.989,True,1.568,True
2026-06-29T20:39:00.280978+00:00,decision_debug,ETH/USDT,SHORT,NO TRADE,0.0,71.0,E,BULLISH,12.0,4.0,15.0,22.0,7.0,OK,2026-06-29T19:00:00+00:00,1625.69,0.3426,True,0.7787,True,1.9186,True,2.327,True
2026-06-29T20:44:03.628029+00:00,decision_debug,BTC/USDT,SHORT,NO TRADE,0.0,62.0,E,BULLISH,12.0,0.0,15.0,19.0,4.0,OK,2026-06-29T19:00:00+00:00,60434.4,-0.0849,False,0.1289,True,0.989,True,1.568,True
2026-06-29T20:44:04.380457+00:00,decision_debug,ETH/USDT,SHORT,NO TRADE,0.0,71.0,E,BULLISH,12.0,4.0,15.0,22.0,7.0,OK,2026-06-29T19:00:00+00:00,1625.69,0.3426,True,0.7787,True,1.9186,True,2.327,True
2026-06-29T20:49:10.082597+00:00,decision_debug,BTC/USDT,SHORT,NO TRADE,0.0,59.0,E,BULLISH,12.0,0.0,15.0,18.0,3.0,OK,2026-06-29T19:00:00+00:00,60434.4,-0.0849,False,0.1289,True,0.989,True,1.568,True
2026-06-29T20:49:11.061279+00:00,decision_debug,ETH/USDT,SHORT,NO TRADE,0.0,71.0,E,BULLISH,12.0,4.0,15.0,22.0,7.0,OK,2026-06-29T19:00:00+00:00,1625.69,0.3426,True,0.7787,True,1.9186,True,2.327,True
2026-06-29T20:54:15.859168+00:00,decision_debug,ETH/USDT,SHORT,NO TRADE,0.0,65.0,E,BULLISH,12.0,4.0,15.0,20.0,5.0,OK,2026-06-29T19:00:00+00:00,1625.69,0.3426,True,0.7787,True,1.9186,True,2.327,True
2026-06-29T20:59:21.766672+00:00,decision_debug,ETH/USDT,SHORT,NO TRADE,0.0,59.0,E,BULLISH,12.0,4.0,15.0,18.0,3.0,OK,2026-06-29T19:00:00+00:00,1625.69,0.3426,True,0.7787,True,1.9186,True,2.327,True
2026-06-29T21:04:25.820051+00:00,decision_debug,BTC/USDT,SHORT,NO TRADE,0.0,56.0,E,BULLISH,17.0,0.0,16.0,18.0,2.0,OK,2026-06-29T20:00:00+00:00,60298.8,-0.0957,False,0.065,True,0.5974,True,1.0732,True
2026-06-29T21:04:26.720292+00:00,decision_debug,ETH/USDT,SHORT,NO TRADE,0.0,59.0,E,BULLISH,12.0,0.0,15.0,18.0,3.0,OK,2026-06-29T20:00:00+00:00,1617.76,0.2924,True,0.2924,True,1.4767,True,1.6239,True
2026-06-29T21:09:31.463238+00:00,decision_debug,BTC/USDT,SHORT,NO TRADE,0.0,56.0,E,BULLISH,17.0,0.0,16.0,18.0,2.0,OK,2026-06-29T20:00:00+00:00,60298.8,-0.0957,False,0.065,True,0.5974,True,1.0732,True
2026-06-29T21:09:32.189067+00:00,decision_debug,ETH/USDT,SHORT,NO TRADE,0.0,59.0,E,BULLISH,12.0,0.0,15.0,18.0,3.0,OK,2026-06-29T20:00:00+00:00,1617.76,0.2924,True,0.2924,True,1.4767,True,1.6239,True
2026-06-29T21:14:36.358995+00:00,decision_debug,BTC/USDT,SHORT,NO TRADE,0.0,59.0,E,BULLISH,12.0,0.0,15.0,18.0,3.0,OK,2026-06-29T20:00:00+00:00,60298.8,-0.0957,False,0.065,True,0.5974,True,1.0732,True
2026-06-29T21:14:37.190955+00:00,decision_debug,ETH/USDT,SHORT,NO TRADE,0.0,59.0,E,BULLISH,12.0,4.0,15.0,18.0,3.0,OK,2026-06-29T20:00:00+00:00,1617.76,0.2924,True,0.2924,True,1.4767,True,1.6239,True
2026-06-29T21:19:41.631613+00:00,decision_debug,BTC/USDT,SHORT,NO TRADE,0.0,56.0,E,BULLISH,17.0,0.0,16.0,18.0,2.0,OK,2026-06-29T20:00:00+00:00,60298.8,-0.0957,False,0.065,True,0.5974,True,1.0732,True
2026-06-29T21:19:42.613899+00:00,decision_debug,ETH/USDT,SHORT,NO TRADE,0.0,59.0,E,BULLISH,12.0,4.0,15.0,18.0,3.0,OK,2026-06-29T20:00:00+00:00,1617.76,0.2924,True,0.2924,True,1.4767,True,1.6239,True
2026-06-29T21:24:46.626403+00:00,decision_debug,BTC/USDT,SHORT,NO TRADE,0.0,56.0,E,BULLISH,17.0,0.0,16.0,18.0,2.0,OK,2026-06-29T20:00:00+00:00,60298.8,-0.0957,False,0.065,True,0.5974,True,1.0732,True
2026-06-29T21:24:47.442506+00:00,decision_debug,ETH/USDT,SHORT,NO TRADE,0.0,59.0,E,BULLISH,12.0,0.0,15.0,18.0,3.0,OK,2026-06-29T20:00:00+00:00,1617.76,0.2924,True,0.2924,True,1.4767,True,1.6239,True
2026-06-29T21:29:51.389047+00:00,decision_debug,BTC/USDT,SHORT,NO TRADE,0.0,56.0,E,BULLISH,17.0,0.0,16.0,18.0,2.0,OK,2026-06-29T20:00:00+00:00,60298.8,-0.0957,False,0.065,True,0.5974,True,1.0732,True
2026-06-29T21:29:52.202381+00:00,decision_debug,ETH/USDT,SHORT,NO TRADE,0.0,59.0,E,BULLISH,12.0,0.0,15.0,18.0,3.0,OK,2026-06-29T20:00:00+00:00,1617.76,0.2924,True,0.2924,True,1.4767,True,1.6239,True
2026-06-29T21:34:55.943951+00:00,decision_debug,BTC/USDT,SHORT,NO TRADE,0.0,59.0,E,BULLISH,12.0,0.0,15.0,18.0,3.0,OK,2026-06-29T20:00:00+00:00,60298.8,-0.0957,False,0.065,True,0.5974,True,1.0732,True
2026-06-29T21:34:56.657292+00:00,decision_debug,ETH/USDT,SHORT,NO TRADE,0.0,59.0,E,BULLISH,12.0,4.0,15.0,18.0,3.0,OK,2026-06-29T20:00:00+00:00,1617.76,0.2924,True,0.2924,True,1.4767,True,1.6239,True
2026-06-29T21:40:00.940432+00:00,decision_debug,BTC/USDT,SHORT,NO TRADE,0.0,62.0,E,BULLISH,12.0,0.0,15.0,19.0,4.0,OK,2026-06-29T20:00:00+00:00,60298.8,-0.0957,False,0.065,True,0.5974,True,1.0732,True
2026-06-29T21:40:01.767687+00:00,decision_debug,ETH/USDT,SHORT,NO TRADE,0.0,71.0,E,BULLISH,12.0,4.0,15.0,22.0,7.0,OK,2026-06-29T20:00:00+00:00,1617.76,0.2924,True,0.2924,True,1.4767,True,1.6239,True
2026-06-29T21:45:06.554884+00:00,decision_debug,BTC/USDT,SHORT,NO TRADE,0.0,62.0,E,BULLISH,12.0,0.0,15.0,19.0,4.0,OK,2026-06-29T20:00:00+00:00,60298.8,-0.0957,False,0.065,True,0.5974,True,1.0732,True
2026-06-29T21:45:07.545039+00:00,decision_debug,ETH/USDT,SHORT,NO TRADE,0.0,71.0,E,BULLISH,12.0,4.0,15.0,22.0,7.0,OK,2026-06-29T20:00:00+00:00,1617.76,0.2924,True,0.2924,True,1.4767,True,1.6239,True
2026-06-29T21:50:12.274220+00:00,decision_debug,BTC/USDT,SHORT,NO TRADE,0.0,62.0,E,BULLISH,12.0,0.0,15.0,19.0,4.0,OK,2026-06-29T20:00:00+00:00,60298.8,-0.0957,False,0.065,True,0.5974,True,1.0732,True
2026-06-29T21:50:14.697294+00:00,decision_debug,ETH/USDT,SHORT,NO TRADE,0.0,71.0,E,BULLISH,12.0,4.0,15.0,22.0,7.0,OK,2026-06-29T20:00:00+00:00,1617.76,0.2924,True,0.2924,True,1.4767,True,1.6239,True
2026-06-29T21:55:19.824018+00:00,decision_debug,BTC/USDT,SHORT,NO TRADE,0.0,68.0,E,BULLISH,12.0,0.0,15.0,21.0,6.0,OK,2026-06-29T20:00:00+00:00,60298.8,-0.0957,False,0.065,True,0.5974,True,1.0732,True
2026-06-29T21:55:20.807782+00:00,decision_debug,ETH/USDT,SHORT,NO TRADE,0.0,71.0,E,BULLISH,12.0,4.0,15.0,22.0,7.0,OK,2026-06-29T20:00:00+00:00,1617.76,0.2924,True,0.2924,True,1.4767,True,1.6239,True
2026-06-29T22:00:24.942065+00:00,decision_debug,BTC/USDT,SHORT,NO TRADE,0.0,62.0,E,BULLISH,12.0,0.0,15.0,19.0,4.0,OK,2026-06-29T21:00:00+00:00,60485.7,0.3738,True,1.073,True,0.8969,True,1.4736,True
2026-06-29T22:00:25.841027+00:00,decision_debug,ETH/USDT,SHORT,NO TRADE,0.0,59.0,E,BULLISH,12.0,4.0,15.0,18.0,3.0,OK,2026-06-29T21:00:00+00:00,1620.12,0.4376,True,1.5814,True,1.8178,True,1.6246,True
2026-06-29T22:05:30.011506+00:00,decision_debug,BTC/USDT,SHORT,NO TRADE,0.0,62.0,E,BULLISH,12.0,0.0,15.0,19.0,4.0,OK,2026-06-29T21:00:00+00:00,60485.7,0.3738,True,1.073,True,0.8969,True,1.4736,True
2026-06-29T22:05:30.849164+00:00,decision_debug,ETH/USDT,SHORT,NO TRADE,0.0,59.0,E,BULLISH,12.0,4.0,15.0,18.0,3.0,OK,2026-06-29T21:00:00+00:00,1620.12,0.4376,True,1.5814,True,1.8178,True,1.6246,True
2026-06-29T22:10:35.072509+00:00,decision_debug,BTC/USDT,SHORT,NO TRADE,0.0,62.0,E,BULLISH,12.0,0.0,15.0,19.0,4.0,OK,2026-06-29T21:00:00+00:00,60485.7,0.3738,True,1.073,True,0.8969,True,1.4736,True
2026-06-29T22:10:36.302623+00:00,decision_debug,ETH/USDT,SHORT,NO TRADE,0.0,65.0,E,BULLISH,12.0,4.0,15.0,20.0,5.0,OK,2026-06-29T21:00:00+00:00,1620.12,0.4376,True,1.5814,True,1.8178,True,1.6246,True
2026-06-29T22:15:40.467313+00:00,decision_debug,BTC/USDT,SHORT,NO TRADE,0.0,62.0,E,BULLISH,12.0,0.0,15.0,19.0,4.0,OK,2026-06-29T21:00:00+00:00,60485.7,0.3738,True,1.073,True,0.8969,True,1.4736,True
2026-06-29T22:15:41.425835+00:00,decision_debug,ETH/USDT,SHORT,NO TRADE,0.0,65.0,E,BULLISH,12.0,4.0,15.0,20.0,5.0,OK,2026-06-29T21:00:00+00:00,1620.12,0.4376,True,1.5814,True,1.8178,True,1.6246,True
2026-06-29T22:20:46.048548+00:00,decision_debug,BTC/USDT,SHORT,NO TRADE,0.0,62.0,E,BULLISH,12.0,0.0,15.0,19.0,4.0,OK,2026-06-29T21:00:00+00:00,60485.7,0.3738,True,1.073,True,0.8969,True,1.4736,True
2026-06-29T22:20:47.097483+00:00,decision_debug,ETH/USDT,SHORT,NO TRADE,0.0,71.0,E,BULLISH,12.0,4.0,15.0,22.0,7.0,OK,2026-06-29T21:00:00+00:00,1620.12,0.4376,True,1.5814,True,1.8178,True,1.6246,True
2026-06-29T22:25:51.757288+00:00,decision_debug,BTC/USDT,SHORT,NO TRADE,0.0,62.0,E,BULLISH,12.0,0.0,15.0,19.0,4.0,OK,2026-06-29T21:00:00+00:00,60485.7,0.3738,True,1.073,True,0.8969,True,1.4736,True
2026-06-29T22:25:52.846282+00:00,decision_debug,ETH/USDT,SHORT,NO TRADE,0.0,59.0,E,BULLISH,12.0,4.0,15.0,18.0,3.0,OK,2026-06-29T21:00:00+00:00,1620.12,0.4376,True,1.5814,True,1.8178,True,1.6246,True
2026-06-29T22:30:57.203730+00:00,decision_debug,BTC/USDT,SHORT,NO TRADE,0.0,62.0,E,BULLISH,12.0,0.0,15.0,19.0,4.0,OK,2026-06-29T21:00:00+00:00,60485.7,0.3738,True,1.073,True,0.8969,True,1.4736,True
2026-06-29T22:30:58.232346+00:00,decision_debug,ETH/USDT,SHORT,NO TRADE,0.0,59.0,E,BULLISH,12.0,4.0,15.0,18.0,3.0,OK,2026-06-29T21:00:00+00:00,1620.12,0.4376,True,1.5814,True,1.8178,True,1.6246,True
2026-06-29T22:36:02.862771+00:00,decision_debug,BTC/USDT,SHORT,NO TRADE,0.0,56.0,E,BULLISH,17.0,0.0,16.0,18.0,2.0,OK,2026-06-29T21:00:00+00:00,60485.7,0.3738,True,1.073,True,0.8969,True,1.4736,True
2026-06-29T22:36:04.129699+00:00,decision_debug,ETH/USDT,SHORT,NO TRADE,0.0,59.0,E,BULLISH,12.0,0.0,15.0,18.0,3.0,OK,2026-06-29T21:00:00+00:00,1620.12,0.4376,True,1.5814,True,1.8178,True,1.6246,True
2026-06-29T22:41:08.137490+00:00,decision_debug,BTC/USDT,SHORT,NO TRADE,0.0,56.0,E,BULLISH,17.0,0.0,16.0,18.0,2.0,OK,2026-06-29T21:00:00+00:00,60485.7,0.3738,True,1.073,True,0.8969,True,1.4736,True
2026-06-29T22:41:10.062037+00:00,decision_debug,ETH/USDT,SHORT,NO TRADE,0.0,59.0,E,BULLISH,12.0,0.0,15.0,18.0,3.0,OK,2026-06-29T21:00:00+00:00,1620.12,0.4376,True,1.5814,True,1.8178,True,1.6246,True
2026-06-29T22:46:14.392970+00:00,decision_debug,BTC/USDT,SHORT,NO TRADE,0.0,59.0,E,BULLISH,12.0,0.0,15.0,18.0,3.0,OK,2026-06-29T21:00:00+00:00,60485.7,0.3738,True,1.073,True,0.8969,True,1.4736,True
2026-06-29T22:46:15.350388+00:00,decision_debug,ETH/USDT,SHORT,NO TRADE,0.0,59.0,E,BULLISH,12.0,0.0,15.0,18.0,3.0,OK,2026-06-29T21:00:00+00:00,1620.12,0.4376,True,1.5814,True,1.8178,True,1.6246,True
2026-06-29T22:51:19.763690+00:00,decision_debug,BTC/USDT,SHORT,NO TRADE,0.0,59.0,E,BULLISH,12.0,0.0,15.0,18.0,3.0,OK,2026-06-29T21:00:00+00:00,60485.7,0.3738,True,1.073,True,0.8969,True,1.4736,True
2026-06-29T22:51:20.522765+00:00,decision_debug,ETH/USDT,SHORT,NO TRADE,0.0,59.0,E,BULLISH,12.0,0.0,15.0,18.0,3.0,OK,2026-06-29T21:00:00+00:00,1620.12,0.4376,True,1.5814,True,1.8178,True,1.6246,True
2026-06-29T22:56:25.473993+00:00,decision_debug,BTC/USDT,SHORT,NO TRADE,0.0,59.0,E,BULLISH,12.0,0.0,15.0,18.0,3.0,OK,2026-06-29T21:00:00+00:00,60485.7,0.3738,True,1.073,True,0.8969,True,1.4736,True
2026-06-29T22:56:26.641514+00:00,decision_debug,ETH/USDT,SHORT,NO TRADE,0.0,59.0,E,BULLISH,12.0,0.0,15.0,18.0,3.0,OK,2026-06-29T21:00:00+00:00,1620.12,0.4376,True,1.5814,True,1.8178,True,1.6246,True
2026-06-29T23:01:31.231676+00:00,decision_debug,BTC/USDT,SHORT,NO TRADE,0.0,56.0,E,BULLISH,17.0,0.0,16.0,18.0,2.0,OK,2026-06-29T22:00:00+00:00,60356.5,0.8612,True,0.6924,True,1.2264,True,1.3796,True
2026-06-29T23:01:32.339926+00:00,decision_debug,ETH/USDT,SHORT,NO TRADE,0.0,59.0,E,BULLISH,12.0,0.0,15.0,18.0,3.0,OK,2026-06-29T22:00:00+00:00,1613.03,1.1488,True,1.1878,True,1.6013,True,1.2895,True
2026-06-29T23:06:36.746349+00:00,decision_debug,BTC/USDT,SHORT,NO TRADE,0.0,56.0,E,BULLISH,17.0,0.0,16.0,18.0,2.0,OK,2026-06-29T22:00:00+00:00,60356.5,0.8612,True,0.6924,True,1.2264,True,1.3796,True
2026-06-29T23:06:37.628757+00:00,decision_debug,ETH/USDT,SHORT,NO TRADE,0.0,59.0,E,BULLISH,12.0,0.0,15.0,18.0,3.0,OK,2026-06-29T22:00:00+00:00,1613.03,1.1488,True,1.1878,True,1.6013,True,1.2895,True
2026-06-29T23:11:41.744287+00:00,decision_debug,BTC/USDT,SHORT,NO TRADE,0.0,56.0,E,BULLISH,17.0,0.0,16.0,18.0,2.0,OK,2026-06-29T22:00:00+00:00,60356.5,0.8612,True,0.6924,True,1.2264,True,1.3796,True
2026-06-29T23:11:42.743464+00:00,decision_debug,ETH/USDT,SHORT,NO TRADE,0.0,59.0,E,BULLISH,12.0,0.0,15.0,18.0,3.0,OK,2026-06-29T22:00:00+00:00,1613.03,1.1488,True,1.1878,True,1.6013,True,1.2895,True
2026-06-29T23:16:46.867267+00:00,decision_debug,BTC/USDT,SHORT,NO TRADE,0.0,56.0,E,BULLISH,17.0,0.0,16.0,18.0,2.0,OK,2026-06-29T22:00:00+00:00,60356.5,0.8612,True,0.6924,True,1.2264,True,1.3796,True
2026-06-29T23:16:47.877031+00:00,decision_debug,ETH/USDT,SHORT,NO TRADE,0.0,59.0,E,BULLISH,12.0,0.0,15.0,18.0,3.0,OK,2026-06-29T22:00:00+00:00,1613.03,1.1488,True,1.1878,True,1.6013,True,1.2895,True
2026-06-29T23:21:51.860452+00:00,decision_debug,BTC/USDT,SHORT,NO TRADE,0.0,56.0,E,BULLISH,17.0,0.0,16.0,18.0,2.0,OK,2026-06-29T22:00:00+00:00,60356.5,0.8612,True,0.6924,True,1.2264,True,1.3796,True
2026-06-29T23:21:52.869478+00:00,decision_debug,ETH/USDT,SHORT,NO TRADE,0.0,59.0,E,BULLISH,12.0,0.0,15.0,18.0,3.0,OK,2026-06-29T22:00:00+00:00,1613.03,1.1488,True,1.1878,True,1.6013,True,1.2895,True
2026-06-29T23:26:56.884903+00:00,decision_debug,BTC/USDT,SHORT,NO TRADE,0.0,56.0,E,BULLISH,17.0,0.0,16.0,18.0,2.0,OK,2026-06-29T22:00:00+00:00,60356.5,0.8612,True,0.6924,True,1.2264,True,1.3796,True
2026-06-29T23:32:01.820358+00:00,decision_debug,BTC/USDT,SHORT,NO TRADE,0.0,56.0,E,BULLISH,17.0,0.0,16.0,18.0,2.0,OK,2026-06-29T22:00:00+00:00,60356.5,0.8612,True,0.6924,True,1.2264,True,1.3796,True
2026-06-29T23:32:02.682144+00:00,decision_debug,ETH/USDT,SHORT,NO TRADE,0.0,59.0,E,BULLISH,12.0,0.0,15.0,18.0,3.0,OK,2026-06-29T22:00:00+00:00,1613.03,1.1488,True,1.1878,True,1.6013,True,1.2895,True
2026-06-29T23:37:06.816481+00:00,decision_debug,BTC/USDT,SHORT,NO TRADE,0.0,56.0,E,BULLISH,17.0,0.0,16.0,18.0,2.0,OK,2026-06-29T22:00:00+00:00,60356.5,0.8612,True,0.6924,True,1.2264,True,1.3796,True
2026-06-29T23:37:07.650595+00:00,decision_debug,ETH/USDT,SHORT,NO TRADE,0.0,59.0,E,BULLISH,12.0,0.0,15.0,18.0,3.0,OK,2026-06-29T22:00:00+00:00,1613.03,1.1488,True,1.1878,True,1.6013,True,1.2895,True
2026-06-29T23:43:46.311867+00:00,decision_debug,BTC/USDT,SHORT,NO TRADE,0.0,56.0,E,BULLISH,17.0,0.0,16.0,18.0,2.0,OK,2026-06-29T22:00:00+00:00,60356.5,0.8612,True,0.6924,True,1.2264,True,1.3796,True
2026-06-29T23:43:47.252746+00:00,decision_debug,ETH/USDT,SHORT,NO TRADE,0.0,59.0,E,BULLISH,12.0,0.0,15.0,18.0,3.0,OK,2026-06-29T22:00:00+00:00,1613.03,1.1488,True,1.1878,True,1.6013,True,1.2895,True
2026-06-29T23:48:51.572405+00:00,decision_debug,BTC/USDT,SHORT,NO TRADE,0.0,56.0,E,BULLISH,17.0,0.0,16.0,18.0,2.0,OK,2026-06-29T22:00:00+00:00,60356.5,0.8612,True,0.6924,True,1.2264,True,1.3796,True
2026-06-29T23:48:52.519195+00:00,decision_debug,ETH/USDT,SHORT,NO TRADE,0.0,59.0,E,BULLISH,12.0,0.0,15.0,18.0,3.0,OK,2026-06-29T22:00:00+00:00,1613.03,1.1488,True,1.1878,True,1.6013,True,1.2895,True
2026-06-29T23:53:56.586631+00:00,decision_debug,BTC/USDT,SHORT,NO TRADE,0.0,56.0,E,BULLISH,17.0,0.0,16.0,18.0,2.0,OK,2026-06-29T22:00:00+00:00,60356.5,0.8612,True,0.6924,True,1.2264,True,1.3796,True
2026-06-29T23:53:57.518507+00:00,decision_debug,ETH/USDT,SHORT,NO TRADE,0.0,59.0,E,BULLISH,12.0,0.0,15.0,18.0,3.0,OK,2026-06-29T22:00:00+00:00,1613.03,1.1488,True,1.1878,True,1.6013,True,1.2895,True
2026-06-29T23:59:02.826336+00:00,decision_debug,BTC/USDT,SHORT,NO TRADE,0.0,56.0,E,BULLISH,17.0,0.0,16.0,18.0,2.0,OK,2026-06-29T22:00:00+00:00,60356.5,0.8612,True,0.6924,True,1.2264,True,1.3796,True
2026-06-29T23:59:03.914450+00:00,decision_debug,ETH/USDT,SHORT,NO TRADE,0.0,59.0,E,BULLISH,12.0,0.0,15.0,18.0,3.0,OK,2026-06-29T22:00:00+00:00,1613.03,1.1488,True,1.1878,True,1.6013,True,1.2895,True
2026-06-30T00:04:08.270010+00:00,decision_debug,BTC/USDT,SHORT,NO TRADE,0.0,56.0,E,BULLISH,17.0,0.0,16.0,18.0,2.0,OK,2026-06-29T23:00:00+00:00,60259.6,0.5327,True,0.5251,True,1.2825,True,1.5778,True
2026-06-30T00:04:09.084231+00:00,decision_debug,ETH/USDT,SHORT,NO TRADE,0.0,59.0,E,BULLISH,12.0,0.0,15.0,18.0,3.0,OK,2026-06-29T23:00:00+00:00,1613.03,1.1878,True,1.3862,True,1.5604,True,1.8072,True
2026-06-30T00:09:13.634359+00:00,decision_debug,BTC/USDT,SHORT,NO TRADE,0.0,56.0,E,BULLISH,17.0,0.0,16.0,18.0,2.0,OK,2026-06-29T23:00:00+00:00,60259.6,0.5327,True,0.5251,True,1.2825,True,1.5778,True
2026-06-30T00:09:14.681992+00:00,decision_debug,ETH/USDT,SHORT,NO TRADE,0.0,59.0,E,BULLISH,12.0,0.0,15.0,18.0,3.0,OK,2026-06-29T23:00:00+00:00,1613.03,1.1878,True,1.3862,True,1.5604,True,1.8072,True
2026-06-30T00:14:18.606689+00:00,decision_debug,BTC/USDT,SHORT,NO TRADE,0.0,56.0,E,BULLISH,17.0,0.0,16.0,18.0,2.0,OK,2026-06-29T23:00:00+00:00,60259.6,0.5327,True,0.5251,True,1.2825,True,1.5778,True
2026-06-30T00:14:19.433375+00:00,decision_debug,ETH/USDT,SHORT,NO TRADE,0.0,59.0,E,BULLISH,12.0,0.0,15.0,18.0,3.0,OK,2026-06-29T23:00:00+00:00,1613.03,1.1878,True,1.3862,True,1.5604,True,1.8072,True
2026-06-30T00:19:24.745922+00:00,decision_debug,ETH/USDT,SHORT,NO TRADE,0.0,59.0,E,BULLISH,12.0,0.0,15.0,18.0,3.0,OK,2026-06-29T23:00:00+00:00,1613.03,1.1878,True,1.3862,True,1.5604,True,1.8072,True
2026-06-30T00:29:33.625685+00:00,decision_debug,BTC/USDT,SHORT,NO TRADE,0.0,53.0,E,BULLISH,17.0,0.0,14.0,15.0,1.0,OK,2026-06-29T23:00:00+00:00,60259.6,0.5327,True,0.5251,True,1.2825,True,1.5778,True
2026-06-30T01:00:08.232322+00:00,decision_debug,BTC/USDT,SHORT,NO TRADE,0.0,56.0,E,BULLISH,14.0,3.0,15.0,17.0,2.0,OK,2026-06-30T00:00:00+00:00,59836.7,-0.178,False,0.3683,True,0.3092,True,0.7751,True
2026-06-30T01:00:09.694534+00:00,decision_debug,ETH/USDT,SHORT,NO TRADE,0.0,62.0,E,BULLISH,9.0,3.0,12.0,16.0,4.0,OK,2026-06-30T00:00:00+00:00,1594.5,0.2402,True,0.4578,True,0.1888,True,0.5676,True
2026-06-30T01:05:15.158424+00:00,decision_debug,BTC/USDT,SHORT,NO TRADE,0.0,56.0,E,BULLISH,14.0,3.0,15.0,17.0,2.0,OK,2026-06-30T00:00:00+00:00,59836.7,-0.178,False,0.3683,True,0.3092,True,0.7751,True
2026-06-30T01:05:16.201117+00:00,decision_debug,ETH/USDT,SHORT,NO TRADE,0.0,62.0,E,BULLISH,9.0,3.0,12.0,16.0,4.0,OK,2026-06-30T00:00:00+00:00,1594.5,0.2402,True,0.4578,True,0.1888,True,0.5676,True
2026-06-30T01:10:20.434531+00:00,decision_debug,BTC/USDT,SHORT,NO TRADE,0.0,56.0,E,BULLISH,14.0,3.0,15.0,17.0,2.0,OK,2026-06-30T00:00:00+00:00,59836.7,-0.178,False,0.3683,True,0.3092,True,0.7751,True
2026-06-30T01:10:21.282237+00:00,decision_debug,ETH/USDT,SHORT,NO TRADE,0.0,62.0,E,BULLISH,9.0,3.0,12.0,16.0,4.0,OK,2026-06-30T00:00:00+00:00,1594.5,0.2402,True,0.4578,True,0.1888,True,0.5676,True
2026-06-30T01:15:25.633285+00:00,decision_debug,BTC/USDT,SHORT,NO TRADE,0.0,56.0,E,BULLISH,14.0,3.0,15.0,17.0,2.0,OK,2026-06-30T00:00:00+00:00,59836.7,-0.178,False,0.3683,True,0.3092,True,0.7751,True
2026-06-30T01:15:26.680443+00:00,decision_debug,ETH/USDT,SHORT,NO TRADE,0.0,62.0,E,BULLISH,9.0,3.0,12.0,16.0,4.0,OK,2026-06-30T00:00:00+00:00,1594.5,0.2402,True,0.4578,True,0.1888,True,0.5676,True
2026-06-30T01:20:30.738075+00:00,decision_debug,BTC/USDT,SHORT,NO TRADE,0.0,65.0,E,BULLISH,14.0,3.0,12.0,17.0,5.0,OK,2026-06-30T00:00:00+00:00,59836.7,-0.178,False,0.3683,True,0.3092,True,0.7751,True
2026-06-30T01:20:31.457348+00:00,decision_debug,ETH/USDT,SHORT,NO TRADE,0.0,62.0,E,BULLISH,9.0,3.0,12.0,16.0,4.0,OK,2026-06-30T00:00:00+00:00,1594.5,0.2402,True,0.4578,True,0.1888,True,0.5676,True
2026-06-30T01:25:35.697772+00:00,decision_debug,BTC/USDT,SHORT,NO TRADE,0.0,56.0,E,BULLISH,14.0,3.0,15.0,17.0,2.0,OK,2026-06-30T00:00:00+00:00,59836.7,-0.178,False,0.3683,True,0.3092,True,0.7751,True
2026-06-30T01:25:36.757706+00:00,decision_debug,ETH/USDT,SHORT,NO TRADE,0.0,62.0,E,BULLISH,9.0,3.0,12.0,16.0,4.0,OK,2026-06-30T00:00:00+00:00,1594.5,0.2402,True,0.4578,True,0.1888,True,0.5676,True
2026-06-30T01:30:40.956903+00:00,decision_debug,BTC/USDT,SHORT,NO TRADE,0.0,65.0,E,BULLISH,14.0,3.0,12.0,17.0,5.0,OK,2026-06-30T00:00:00+00:00,59836.7,-0.178,False,0.3683,True,0.3092,True,0.7751,True
2026-06-30T01:30:41.842121+00:00,decision_debug,ETH/USDT,SHORT,NO TRADE,0.0,62.0,E,BULLISH,9.0,3.0,12.0,16.0,4.0,OK,2026-06-30T00:00:00+00:00,1594.5,0.2402,True,0.4578,True,0.1888,True,0.5676,True
2026-06-30T01:35:46.019122+00:00,decision_debug,BTC/USDT,SHORT,NO TRADE,0.0,65.0,E,BULLISH,14.0,3.0,12.0,17.0,5.0,OK,2026-06-30T00:00:00+00:00,59836.7,-0.178,False,0.3683,True,0.3092,True,0.7751,True
2026-06-30T01:35:46.994385+00:00,decision_debug,ETH/USDT,SHORT,NO TRADE,0.0,62.0,E,BULLISH,9.0,3.0,12.0,16.0,4.0,OK,2026-06-30T00:00:00+00:00,1594.5,0.2402,True,0.4578,True,0.1888,True,0.5676,True
2026-06-30T01:40:51.558757+00:00,decision_debug,BTC/USDT,SHORT,NO TRADE,0.0,56.0,E,BULLISH,14.0,3.0,15.0,17.0,2.0,OK,2026-06-30T00:00:00+00:00,59836.7,-0.178,False,0.3683,True,0.3092,True,0.7751,True
2026-06-30T01:40:52.522655+00:00,decision_debug,ETH/USDT,SHORT,NO TRADE,0.0,62.0,E,BULLISH,9.0,3.0,12.0,16.0,4.0,OK,2026-06-30T00:00:00+00:00,1594.5,0.2402,True,0.4578,True,0.1888,True,0.5676,True
2026-06-30T01:45:56.583653+00:00,decision_debug,BTC/USDT,SHORT,NO TRADE,0.0,56.0,E,BULLISH,14.0,3.0,15.0,17.0,2.0,OK,2026-06-30T00:00:00+00:00,59836.7,-0.178,False,0.3683,True,0.3092,True,0.7751,True
2026-06-30T01:45:57.541213+00:00,decision_debug,ETH/USDT,SHORT,NO TRADE,0.0,62.0,E,BULLISH,9.0,3.0,12.0,16.0,4.0,OK,2026-06-30T00:00:00+00:00,1594.5,0.2402,True,0.4578,True,0.1888,True,0.5676,True
2026-06-30T01:51:01.633180+00:00,decision_debug,BTC/USDT,SHORT,NO TRADE,0.0,56.0,E,BULLISH,14.0,3.0,15.0,17.0,2.0,OK,2026-06-30T00:00:00+00:00,59836.7,-0.178,False,0.3683,True,0.3092,True,0.7751,True
2026-06-30T01:51:02.566795+00:00,decision_debug,ETH/USDT,SHORT,NO TRADE,0.0,62.0,E,BULLISH,9.0,3.0,12.0,16.0,4.0,OK,2026-06-30T00:00:00+00:00,1594.5,0.2402,True,0.4578,True,0.1888,True,0.5676,True
2026-06-30T01:56:06.434597+00:00,decision_debug,BTC/USDT,SHORT,NO TRADE,0.0,56.0,E,BULLISH,14.0,3.0,15.0,17.0,2.0,OK,2026-06-30T00:00:00+00:00,59836.7,-0.178,False,0.3683,True,0.3092,True,0.7751,True
2026-06-30T01:56:07.254821+00:00,decision_debug,ETH/USDT,SHORT,NO TRADE,0.0,62.0,E,BULLISH,9.0,3.0,12.0,16.0,4.0,OK,2026-06-30T00:00:00+00:00,1594.5,0.2402,True,0.4578,True,0.1888,True,0.5676,True
2026-06-30T02:01:12.479310+00:00,decision_debug,BTC/USDT,SHORT,NO TRADE,0.0,56.0,E,BULLISH,14.0,3.0,15.0,17.0,2.0,OK,2026-06-30T01:00:00+00:00,59938.6,0.5377,True,0.7538,True,0.5743,True,1.0194,True
2026-06-30T02:01:13.517500+00:00,decision_debug,ETH/USDT,SHORT,NO TRADE,0.0,62.0,E,BULLISH,9.0,3.0,12.0,16.0,4.0,OK,2026-06-30T01:00:00+00:00,1593.87,0.4185,True,0.3771,True,0.0044,True,0.5847,True
2026-06-30T02:06:17.829205+00:00,decision_debug,BTC/USDT,SHORT,NO TRADE,0.0,56.0,E,BULLISH,14.0,3.0,15.0,17.0,2.0,OK,2026-06-30T01:00:00+00:00,59938.6,0.5377,True,0.7538,True,0.5743,True,1.0194,True
2026-06-30T02:06:18.785947+00:00,decision_debug,ETH/USDT,SHORT,NO TRADE,0.0,62.0,E,BULLISH,9.0,3.0,12.0,16.0,4.0,OK,2026-06-30T01:00:00+00:00,1593.87,0.4185,True,0.3771,True,0.0044,True,0.5847,True
2026-06-30T02:11:23.068985+00:00,decision_debug,BTC/USDT,SHORT,NO TRADE,0.0,56.0,E,BULLISH,14.0,3.0,15.0,17.0,2.0,OK,2026-06-30T01:00:00+00:00,59938.6,0.5377,True,0.7538,True,0.5743,True,1.0194,True
2026-06-30T02:11:24.015717+00:00,decision_debug,ETH/USDT,SHORT,NO TRADE,0.0,62.0,E,BULLISH,9.0,3.0,12.0,16.0,4.0,OK,2026-06-30T01:00:00+00:00,1593.87,0.4185,True,0.3771,True,0.0044,True,0.5847,True
2026-06-30T02:16:28.455655+00:00,decision_debug,BTC/USDT,SHORT,NO TRADE,0.0,56.0,E,BULLISH,14.0,3.0,15.0,17.0,2.0,OK,2026-06-30T01:00:00+00:00,59938.6,0.5377,True,0.7538,True,0.5743,True,1.0194,True
2026-06-30T02:16:30.028486+00:00,decision_debug,ETH/USDT,SHORT,NO TRADE,0.0,68.0,E,BULLISH,9.0,3.0,11.0,17.0,6.0,OK,2026-06-30T01:00:00+00:00,1593.87,0.4185,True,0.3771,True,0.0044,True,0.5847,True
2026-06-30T02:21:33.930544+00:00,decision_debug,BTC/USDT,SHORT,NO TRADE,0.0,56.0,E,BULLISH,14.0,3.0,15.0,17.0,2.0,OK,2026-06-30T01:00:00+00:00,59938.6,0.5377,True,0.7538,True,0.5743,True,1.0194,True
2026-06-30T02:21:35.153895+00:00,decision_debug,ETH/USDT,SHORT,NO TRADE,0.0,65.0,E,BULLISH,9.0,3.0,11.0,16.0,5.0,OK,2026-06-30T01:00:00+00:00,1593.87,0.4185,True,0.3771,True,0.0044,True,0.5847,True
2026-06-30T02:26:39.968116+00:00,decision_debug,BTC/USDT,SHORT,NO TRADE,0.0,65.0,E,BULLISH,14.0,3.0,12.0,17.0,5.0,OK,2026-06-30T01:00:00+00:00,59938.6,0.5377,True,0.7538,True,0.5743,True,1.0194,True
2026-06-30T02:26:40.743796+00:00,decision_debug,ETH/USDT,SHORT,NO TRADE,0.0,62.0,E,BULLISH,9.0,3.0,12.0,16.0,4.0,OK,2026-06-30T01:00:00+00:00,1593.87,0.4185,True,0.3771,True,0.0044,True,0.5847,True
2026-06-30T02:31:44.876298+00:00,decision_debug,BTC/USDT,SHORT,NO TRADE,0.0,56.0,E,BULLISH,14.0,3.0,15.0,17.0,2.0,OK,2026-06-30T01:00:00+00:00,59938.6,0.5377,True,0.7538,True,0.5743,True,1.0194,True
2026-06-30T02:31:45.772710+00:00,decision_debug,ETH/USDT,SHORT,NO TRADE,0.0,65.0,E,BULLISH,9.0,3.0,11.0,16.0,5.0,OK,2026-06-30T01:00:00+00:00,1593.87,0.4185,True,0.3771,True,0.0044,True,0.5847,True
2026-06-30T02:36:49.908369+00:00,decision_debug,BTC/USDT,SHORT,NO TRADE,0.0,65.0,E,BULLISH,14.0,3.0,12.0,17.0,5.0,OK,2026-06-30T01:00:00+00:00,59938.6,0.5377,True,0.7538,True,0.5743,True,1.0194,True
2026-06-30T02:36:50.687517+00:00,decision_debug,ETH/USDT,SHORT,NO TRADE,0.0,62.0,E,BULLISH,9.0,3.0,12.0,16.0,4.0,OK,2026-06-30T01:00:00+00:00,1593.87,0.4185,True,0.3771,True,0.0044,True,0.5847,True
2026-06-30T02:41:55.336526+00:00,decision_debug,BTC/USDT,SHORT,NO TRADE,0.0,65.0,E,BULLISH,14.0,3.0,12.0,17.0,5.0,OK,2026-06-30T01:00:00+00:00,59938.6,0.5377,True,0.7538,True,0.5743,True,1.0194,True
2026-06-30T02:41:56.385339+00:00,decision_debug,ETH/USDT,SHORT,NO TRADE,0.0,62.0,E,BULLISH,9.0,3.0,12.0,16.0,4.0,OK,2026-06-30T01:00:00+00:00,1593.87,0.4185,True,0.3771,True,0.0044,True,0.5847,True
2026-06-30T02:47:01.257167+00:00,decision_debug,BTC/USDT,SHORT,NO TRADE,0.0,65.0,E,BULLISH,14.0,3.0,12.0,17.0,5.0,OK,2026-06-30T01:00:00+00:00,59938.6,0.5377,True,0.7538,True,0.5743,True,1.0194,True
2026-06-30T02:47:02.140069+00:00,decision_debug,ETH/USDT,SHORT,NO TRADE,0.0,62.0,E,BULLISH,9.0,3.0,12.0,16.0,4.0,OK,2026-06-30T01:00:00+00:00,1593.87,0.4185,True,0.3771,True,0.0044,True,0.5847,True
2026-06-30T02:52:06.345343+00:00,decision_debug,BTC/USDT,SHORT,NO TRADE,0.0,65.0,E,BULLISH,14.0,3.0,12.0,17.0,5.0,OK,2026-06-30T01:00:00+00:00,59938.6,0.5377,True,0.7538,True,0.5743,True,1.0194,True
2026-06-30T02:52:07.108524+00:00,decision_debug,ETH/USDT,SHORT,NO TRADE,0.0,62.0,E,BULLISH,9.0,3.0,12.0,16.0,4.0,OK,2026-06-30T01:00:00+00:00,1593.87,0.4185,True,0.3771,True,0.0044,True,0.5847,True
2026-06-30T02:57:11.151611+00:00,decision_debug,BTC/USDT,SHORT,NO TRADE,0.0,65.0,E,BULLISH,14.0,3.0,12.0,17.0,5.0,OK,2026-06-30T01:00:00+00:00,59938.6,0.5377,True,0.7538,True,0.5743,True,1.0194,True
2026-06-30T02:57:11.909678+00:00,decision_debug,ETH/USDT,SHORT,NO TRADE,0.0,62.0,E,BULLISH,9.0,3.0,12.0,16.0,4.0,OK,2026-06-30T01:00:00+00:00,1593.87,0.4185,True,0.3771,True,0.0044,True,0.5847,True
2026-06-30T03:02:15.986828+00:00,decision_debug,BTC/USDT,SHORT,NO TRADE,0.0,65.0,E,BULLISH,14.0,3.0,12.0,17.0,5.0,OK,2026-06-30T02:00:00+00:00,59943.2,0.7614,True,0.4863,True,0.6997,True,1.2619,True
2026-06-30T03:02:16.946868+00:00,decision_debug,ETH/USDT,SHORT,NO TRADE,0.0,62.0,E,BULLISH,9.0,3.0,12.0,16.0,4.0,OK,2026-06-30T02:00:00+00:00,1590.67,0.1767,True,-0.0516,False,-0.0981,False,0.7663,True
2026-06-30T03:07:21.260014+00:00,decision_debug,BTC/USDT,SHORT,NO TRADE,0.0,65.0,E,BULLISH,14.0,3.0,12.0,17.0,5.0,OK,2026-06-30T02:00:00+00:00,59943.2,0.7614,True,0.4863,True,0.6997,True,1.2619,True
2026-06-30T03:07:22.076350+00:00,decision_debug,ETH/USDT,SHORT,NO TRADE,0.0,62.0,E,BULLISH,9.0,3.0,12.0,16.0,4.0,OK,2026-06-30T02:00:00+00:00,1590.67,0.1767,True,-0.0516,False,-0.0981,False,0.7663,True
2026-06-30T03:12:26.741183+00:00,decision_debug,BTC/USDT,SHORT,NO TRADE,0.0,56.0,E,BULLISH,14.0,3.0,15.0,17.0,2.0,OK,2026-06-30T02:00:00+00:00,59943.2,0.7614,True,0.4863,True,0.6997,True,1.2619,True
2026-06-30T03:12:27.626360+00:00,decision_debug,ETH/USDT,SHORT,NO TRADE,0.0,62.0,E,BULLISH,9.0,3.0,12.0,16.0,4.0,OK,2026-06-30T02:00:00+00:00,1590.67,0.1767,True,-0.0516,False,-0.0981,False,0.7663,True
2026-06-30T03:17:31.797165+00:00,decision_debug,BTC/USDT,SHORT,NO TRADE,0.0,65.0,E,BULLISH,14.0,3.0,12.0,17.0,5.0,OK,2026-06-30T02:00:00+00:00,59943.2,0.7614,True,0.4863,True,0.6997,True,1.2619,True
2026-06-30T03:17:32.848194+00:00,decision_debug,ETH/USDT,SHORT,NO TRADE,0.0,62.0,E,BULLISH,9.0,3.0,12.0,16.0,4.0,OK,2026-06-30T02:00:00+00:00,1590.67,0.1767,True,-0.0516,False,-0.0981,False,0.7663,True
2026-06-30T03:22:37.529867+00:00,decision_debug,BTC/USDT,SHORT,NO TRADE,0.0,56.0,E,BULLISH,14.0,3.0,15.0,17.0,2.0,OK,2026-06-30T02:00:00+00:00,59943.2,0.7614,True,0.4863,True,0.6997,True,1.2619,True
2026-06-30T03:22:38.504820+00:00,decision_debug,ETH/USDT,SHORT,NO TRADE,0.0,62.0,E,BULLISH,9.0,3.0,12.0,16.0,4.0,OK,2026-06-30T02:00:00+00:00,1590.67,0.1767,True,-0.0516,False,-0.0981,False,0.7663,True
2026-06-30T03:27:42.900127+00:00,decision_debug,BTC/USDT,SHORT,NO TRADE,0.0,56.0,E,BULLISH,14.0,3.0,15.0,17.0,2.0,OK,2026-06-30T02:00:00+00:00,59943.2,0.7614,True,0.4863,True,0.6997,True,1.2619,True
2026-06-30T03:27:44.141713+00:00,decision_debug,ETH/USDT,SHORT,NO TRADE,0.0,62.0,E,BULLISH,9.0,3.0,12.0,16.0,4.0,OK,2026-06-30T02:00:00+00:00,1590.67,0.1767,True,-0.0516,False,-0.0981,False,0.7663,True
2026-06-30T03:32:48.844409+00:00,decision_debug,BTC/USDT,SHORT,NO TRADE,0.0,56.0,E,BULLISH,14.0,3.0,15.0,17.0,2.0,OK,2026-06-30T02:00:00+00:00,59943.2,0.7614,True,0.4863,True,0.6997,True,1.2619,True
2026-06-30T03:32:49.989011+00:00,decision_debug,ETH/USDT,SHORT,NO TRADE,0.0,65.0,E,BULLISH,9.0,3.0,11.0,16.0,5.0,OK,2026-06-30T02:00:00+00:00,1590.67,0.1767,True,-0.0516,False,-0.0981,False,0.7663,True
2026-06-30T03:37:54.607756+00:00,decision_debug,ETH/USDT,SHORT,NO TRADE,0.0,62.0,E,BULLISH,9.0,3.0,12.0,16.0,4.0,OK,2026-06-30T02:00:00+00:00,1590.67,0.1767,True,-0.0516,False,-0.0981,False,0.7663,True
2026-06-30T03:42:59.384373+00:00,decision_debug,ETH/USDT,SHORT,NO TRADE,0.0,65.0,E,BULLISH,9.0,3.0,11.0,16.0,5.0,OK,2026-06-30T02:00:00+00:00,1590.67,0.1767,True,-0.0516,False,-0.0981,False,0.7663,True
2026-06-30T03:48:04.086438+00:00,decision_debug,ETH/USDT,SHORT,NO TRADE,0.0,65.0,E,BULLISH,9.0,3.0,11.0,16.0,5.0,OK,2026-06-30T02:00:00+00:00,1590.67,0.1767,True,-0.0516,False,-0.0981,False,0.7663,True
2026-06-30T03:53:09.143659+00:00,decision_debug,ETH/USDT,SHORT,NO TRADE,0.0,65.0,E,BULLISH,9.0,3.0,11.0,16.0,5.0,OK,2026-06-30T02:00:00+00:00,1590.67,0.1767,True,-0.0516,False,-0.0981,False,0.7663,True
2026-06-30T03:58:13.922936+00:00,decision_debug,ETH/USDT,SHORT,NO TRADE,0.0,68.0,E,BULLISH,9.0,3.0,11.0,17.0,6.0,OK,2026-06-30T02:00:00+00:00,1590.67,0.1767,True,-0.0516,False,-0.0981,False,0.7663,True
2026-06-30T04:03:19.917870+00:00,decision_debug,ETH/USDT,SHORT,NO TRADE,0.0,59.0,E,BULLISH,9.0,3.0,15.0,18.0,3.0,OK,2026-06-30T03:00:00+00:00,1587.2,-0.2703,False,-0.4158,False,0.2092,True,2.1692,True
2026-06-30T04:08:24.740650+00:00,decision_debug,ETH/USDT,SHORT,NO TRADE,0.0,59.0,E,BULLISH,9.0,3.0,15.0,18.0,3.0,OK,2026-06-30T03:00:00+00:00,1587.2,-0.2703,False,-0.4158,False,0.2092,True,2.1692,True
2026-06-30T04:13:29.756865+00:00,decision_debug,ETH/USDT,SHORT,NO TRADE,0.0,68.0,E,BULLISH,9.0,3.0,11.0,17.0,6.0,OK,2026-06-30T03:00:00+00:00,1587.2,-0.2703,False,-0.4158,False,0.2092,True,2.1692,True
2026-06-30T04:18:34.609898+00:00,decision_debug,ETH/USDT,SHORT,NO TRADE,0.0,68.0,E,BULLISH,9.0,3.0,11.0,17.0,6.0,OK,2026-06-30T03:00:00+00:00,1587.2,-0.2703,False,-0.4158,False,0.2092,True,2.1692,True
2026-06-30T04:23:40.045815+00:00,decision_debug,ETH/USDT,SHORT,NO TRADE,0.0,68.0,E,BULLISH,9.0,3.0,11.0,17.0,6.0,OK,2026-06-30T03:00:00+00:00,1587.2,-0.2703,False,-0.4158,False,0.2092,True,2.1692,True
2026-06-30T04:28:45.964265+00:00,decision_debug,ETH/USDT,SHORT,NO TRADE,0.0,68.0,E,BULLISH,9.0,3.0,11.0,17.0,6.0,OK,2026-06-30T03:00:00+00:00,1587.2,-0.2703,False,-0.4158,False,0.2092,True,2.1692,True
2026-06-30T04:33:50.600189+00:00,decision_debug,ETH/USDT,SHORT,NO TRADE,0.0,62.0,E,BULLISH,9.0,3.0,12.0,16.0,4.0,OK,2026-06-30T03:00:00+00:00,1587.2,-0.2703,False,-0.4158,False,0.2092,True,2.1692,True
2026-06-30T04:38:55.451285+00:00,decision_debug,ETH/USDT,SHORT,NO TRADE,0.0,65.0,E,BULLISH,9.0,3.0,11.0,16.0,5.0,OK,2026-06-30T03:00:00+00:00,1587.2,-0.2703,False,-0.4158,False,0.2092,True,2.1692,True
2026-06-30T04:43:59.702887+00:00,decision_debug,ETH/USDT,SHORT,NO TRADE,0.0,68.0,E,BULLISH,9.0,3.0,11.0,17.0,6.0,OK,2026-06-30T03:00:00+00:00,1587.2,-0.2703,False,-0.4158,False,0.2092,True,2.1692,True
2026-06-30T04:49:04.599133+00:00,decision_debug,ETH/USDT,SHORT,NO TRADE,0.0,65.0,E,BULLISH,9.0,3.0,11.0,16.0,5.0,OK,2026-06-30T03:00:00+00:00,1587.2,-0.2703,False,-0.4158,False,0.2092,True,2.1692,True
2026-06-30T04:54:10.987694+00:00,decision_debug,ETH/USDT,SHORT,NO TRADE,0.0,68.0,E,BULLISH,9.0,3.0,11.0,17.0,6.0,OK,2026-06-30T03:00:00+00:00,1587.2,-0.2703,False,-0.4158,False,0.2092,True,2.1692,True
2026-06-30T04:59:16.345708+00:00,decision_debug,ETH/USDT,SHORT,NO TRADE,0.0,68.0,E,BULLISH,9.0,3.0,11.0,17.0,6.0,OK,2026-06-30T03:00:00+00:00,1587.2,-0.2703,False,-0.4158,False,0.2092,True,2.1692,True
2026-06-30T05:04:20.861552+00:00,decision_debug,ETH/USDT,SHORT,NO TRADE,0.0,65.0,E,BULLISH,9.0,3.0,11.0,16.0,5.0,OK,2026-06-30T04:00:00+00:00,1587.86,-0.3741,False,-0.2752,False,0.1518,True,1.298,True
2026-06-30T05:09:25.110314+00:00,decision_debug,ETH/USDT,SHORT,NO TRADE,0.0,65.0,E,BULLISH,9.0,3.0,11.0,16.0,5.0,OK,2026-06-30T04:00:00+00:00,1587.86,-0.3741,False,-0.2752,False,0.1518,True,1.298,True
2026-06-30T05:14:30.225954+00:00,decision_debug,ETH/USDT,SHORT,NO TRADE,0.0,65.0,E,BULLISH,9.0,3.0,11.0,16.0,5.0,OK,2026-06-30T04:00:00+00:00,1587.86,-0.3741,False,-0.2752,False,0.1518,True,1.298,True
2026-06-30T05:19:34.866442+00:00,decision_debug,ETH/USDT,SHORT,NO TRADE,0.0,68.0,E,BULLISH,9.0,3.0,11.0,17.0,6.0,OK,2026-06-30T04:00:00+00:00,1587.86,-0.3741,False,-0.2752,False,0.1518,True,1.298,True
2026-06-30T05:24:39.546025+00:00,decision_debug,ETH/USDT,SHORT,NO TRADE,0.0,65.0,E,BULLISH,9.0,3.0,11.0,16.0,5.0,OK,2026-06-30T04:00:00+00:00,1587.86,-0.3741,False,-0.2752,False,0.1518,True,1.298,True
2026-06-30T05:29:43.976806+00:00,decision_debug,ETH/USDT,SHORT,NO TRADE,0.0,68.0,E,BULLISH,9.0,3.0,11.0,17.0,6.0,OK,2026-06-30T04:00:00+00:00,1587.86,-0.3741,False,-0.2752,False,0.1518,True,1.298,True
2026-06-30T05:34:49.298758+00:00,decision_debug,ETH/USDT,SHORT,NO TRADE,0.0,68.0,E,BULLISH,9.0,3.0,11.0,17.0,6.0,OK,2026-06-30T04:00:00+00:00,1587.86,-0.3741,False,-0.2752,False,0.1518,True,1.298,True
2026-06-30T05:39:54.652499+00:00,decision_debug,ETH/USDT,SHORT,NO TRADE,0.0,65.0,E,BULLISH,9.0,3.0,11.0,16.0,5.0,OK,2026-06-30T04:00:00+00:00,1587.86,-0.3741,False,-0.2752,False,0.1518,True,1.298,True
2026-06-30T05:45:00.155623+00:00,decision_debug,ETH/USDT,SHORT,NO TRADE,0.0,65.0,E,BULLISH,9.0,3.0,11.0,16.0,5.0,OK,2026-06-30T04:00:00+00:00,1587.86,-0.3741,False,-0.2752,False,0.1518,True,1.298,True
2026-06-30T05:50:05.060365+00:00,decision_debug,ETH/USDT,SHORT,NO TRADE,0.0,62.0,E,BULLISH,9.0,3.0,12.0,16.0,4.0,OK,2026-06-30T04:00:00+00:00,1587.86,-0.3741,False,-0.2752,False,0.1518,True,1.298,True
2026-06-30T05:55:09.438563+00:00,decision_debug,ETH/USDT,SHORT,NO TRADE,0.0,62.0,E,BULLISH,9.0,3.0,12.0,16.0,4.0,OK,2026-06-30T04:00:00+00:00,1587.86,-0.3741,False,-0.2752,False,0.1518,True,1.298,True
2026-06-30T06:00:14.146787+00:00,decision_debug,ETH/USDT,SHORT,NO TRADE,0.0,62.0,E,BULLISH,9.0,3.0,12.0,16.0,4.0,OK,2026-06-30T05:00:00+00:00,1591.49,-0.0465,False,0.4782,True,0.4361,True,1.7707,True
2026-06-30T06:05:20.926188+00:00,decision_debug,ETH/USDT,SHORT,NO TRADE,0.0,65.0,E,BULLISH,9.0,3.0,11.0,16.0,5.0,OK,2026-06-30T05:00:00+00:00,1591.49,-0.0465,False,0.4782,True,0.4361,True,1.7707,True
2026-06-30T06:10:26.280117+00:00,decision_debug,ETH/USDT,SHORT,NO TRADE,0.0,65.0,E,BULLISH,9.0,3.0,11.0,16.0,5.0,OK,2026-06-30T05:00:00+00:00,1591.49,-0.0465,False,0.4782,True,0.4361,True,1.7707,True
2026-06-30T06:15:31.325741+00:00,decision_debug,ETH/USDT,SHORT,NO TRADE,0.0,62.0,E,BULLISH,9.0,3.0,12.0,16.0,4.0,OK,2026-06-30T05:00:00+00:00,1591.49,-0.0465,False,0.4782,True,0.4361,True,1.7707,True
2026-06-30T06:20:36.278719+00:00,decision_debug,ETH/USDT,SHORT,NO TRADE,0.0,65.0,E,BULLISH,9.0,3.0,11.0,16.0,5.0,OK,2026-06-30T05:00:00+00:00,1591.49,-0.0465,False,0.4782,True,0.4361,True,1.7707,True
2026-06-30T06:25:41.234288+00:00,decision_debug,ETH/USDT,SHORT,NO TRADE,0.0,65.0,E,BULLISH,9.0,3.0,11.0,16.0,5.0,OK,2026-06-30T05:00:00+00:00,1591.49,-0.0465,False,0.4782,True,0.4361,True,1.7707,True
2026-06-30T06:30:46.706903+00:00,decision_debug,ETH/USDT,SHORT,NO TRADE,0.0,62.0,E,BULLISH,9.0,3.0,12.0,16.0,4.0,OK,2026-06-30T05:00:00+00:00,1591.49,-0.0465,False,0.4782,True,0.4361,True,1.7707,True
2026-06-30T06:35:51.580254+00:00,decision_debug,ETH/USDT,SHORT,NO TRADE,0.0,62.0,E,BULLISH,9.0,3.0,12.0,16.0,4.0,OK,2026-06-30T05:00:00+00:00,1591.49,-0.0465,False,0.4782,True,0.4361,True,1.7707,True
2026-06-30T06:40:56.166751+00:00,decision_debug,ETH/USDT,SHORT,NO TRADE,0.0,62.0,E,BULLISH,9.0,3.0,12.0,16.0,4.0,OK,2026-06-30T05:00:00+00:00,1591.49,-0.0465,False,0.4782,True,0.4361,True,1.7707,True
2026-06-30T06:46:00.995555+00:00,decision_debug,ETH/USDT,SHORT,NO TRADE,0.0,62.0,E,BULLISH,9.0,3.0,12.0,16.0,4.0,OK,2026-06-30T05:00:00+00:00,1591.49,-0.0465,False,0.4782,True,0.4361,True,1.7707,True
2026-06-30T06:51:06.682840+00:00,decision_debug,ETH/USDT,SHORT,NO TRADE,0.0,62.0,E,BULLISH,9.0,3.0,12.0,16.0,4.0,OK,2026-06-30T05:00:00+00:00,1591.49,-0.0465,False,0.4782,True,0.4361,True,1.7707,True
2026-06-30T06:56:12.006167+00:00,decision_debug,ETH/USDT,SHORT,NO TRADE,0.0,62.0,E,BULLISH,9.0,3.0,12.0,16.0,4.0,OK,2026-06-30T05:00:00+00:00,1591.49,-0.0465,False,0.4782,True,0.4361,True,1.7707,True
2026-06-30T07:01:16.646715+00:00,decision_debug,ETH/USDT,SHORT,NO TRADE,0.0,62.0,E,BULLISH,9.0,3.0,12.0,16.0,4.0,OK,2026-06-30T06:00:00+00:00,1593.8,0.6224,True,0.5239,True,0.9612,True,1.7926,True
2026-06-30T07:06:21.403250+00:00,decision_debug,ETH/USDT,SHORT,NO TRADE,0.0,62.0,E,BULLISH,9.0,3.0,12.0,16.0,4.0,OK,2026-06-30T06:00:00+00:00,1593.8,0.6224,True,0.5239,True,0.9612,True,1.7926,True
2026-06-30T07:11:25.947943+00:00,decision_debug,ETH/USDT,SHORT,NO TRADE,0.0,65.0,E,BULLISH,9.0,3.0,11.0,16.0,5.0,OK,2026-06-30T06:00:00+00:00,1593.8,0.6224,True,0.5239,True,0.9612,True,1.7926,True
2026-06-30T07:16:30.582015+00:00,decision_debug,ETH/USDT,SHORT,NO TRADE,0.0,62.0,E,BULLISH,9.0,3.0,12.0,16.0,4.0,OK,2026-06-30T06:00:00+00:00,1593.8,0.6224,True,0.5239,True,0.9612,True,1.7926,True
2026-06-30T07:21:35.634865+00:00,decision_debug,ETH/USDT,SHORT,NO TRADE,0.0,62.0,E,BULLISH,9.0,3.0,12.0,16.0,4.0,OK,2026-06-30T06:00:00+00:00,1593.8,0.6224,True,0.5239,True,0.9612,True,1.7926,True
2026-06-30T07:26:40.124560+00:00,decision_debug,ETH/USDT,SHORT,NO TRADE,0.0,62.0,E,BULLISH,9.0,3.0,12.0,16.0,4.0,OK,2026-06-30T06:00:00+00:00,1593.8,0.6224,True,0.5239,True,0.9612,True,1.7926,True
2026-06-30T07:31:44.904480+00:00,decision_debug,ETH/USDT,SHORT,NO TRADE,0.0,62.0,E,BULLISH,9.0,3.0,12.0,16.0,4.0,OK,2026-06-30T06:00:00+00:00,1593.8,0.6224,True,0.5239,True,0.9612,True,1.7926,True
2026-06-30T07:36:51.483296+00:00,decision_debug,ETH/USDT,SHORT,NO TRADE,0.0,62.0,E,BULLISH,9.0,3.0,12.0,16.0,4.0,OK,2026-06-30T06:00:00+00:00,1593.8,0.6224,True,0.5239,True,0.9612,True,1.7926,True
2026-06-30T07:41:56.206566+00:00,decision_debug,ETH/USDT,SHORT,NO TRADE,0.0,62.0,E,BULLISH,9.0,3.0,12.0,16.0,4.0,OK,2026-06-30T06:00:00+00:00,1593.8,0.6224,True,0.5239,True,0.9612,True,1.7926,True
2026-06-30T07:47:01.236020+00:00,decision_debug,ETH/USDT,SHORT,NO TRADE,0.0,62.0,E,BULLISH,9.0,3.0,12.0,16.0,4.0,OK,2026-06-30T06:00:00+00:00,1593.8,0.6224,True,0.5239,True,0.9612,True,1.7926,True
2026-06-30T07:52:05.878606+00:00,decision_debug,ETH/USDT,SHORT,NO TRADE,0.0,62.0,E,BULLISH,9.0,3.0,12.0,16.0,4.0,OK,2026-06-30T06:00:00+00:00,1593.8,0.6224,True,0.5239,True,0.9612,True,1.7926,True
2026-06-30T07:57:11.208755+00:00,decision_debug,ETH/USDT,SHORT,NO TRADE,0.0,62.0,E,BULLISH,9.0,3.0,12.0,16.0,4.0,OK,2026-06-30T06:00:00+00:00,1593.8,0.6224,True,0.5239,True,0.9612,True,1.7926,True
2026-06-30T08:02:16.768063+00:00,decision_debug,ETH/USDT,SHORT,NO TRADE,0.0,62.0,E,BULLISH,9.0,3.0,12.0,16.0,4.0,OK,2026-06-30T07:00:00+00:00,1592.23,0.4258,True,0.4823,True,2.4783,True,1.2423,True
2026-06-30T08:07:21.319506+00:00,decision_debug,ETH/USDT,SHORT,NO TRADE,0.0,62.0,E,BULLISH,9.0,3.0,12.0,16.0,4.0,OK,2026-06-30T07:00:00+00:00,1592.23,0.4258,True,0.4823,True,2.4783,True,1.2423,True
2026-06-30T08:12:26.074534+00:00,decision_debug,ETH/USDT,SHORT,NO TRADE,0.0,62.0,E,BULLISH,9.0,3.0,12.0,16.0,4.0,OK,2026-06-30T07:00:00+00:00,1592.23,0.4258,True,0.4823,True,2.4783,True,1.2423,True
2026-06-30T08:17:31.217823+00:00,decision_debug,ETH/USDT,SHORT,NO TRADE,0.0,68.0,E,BULLISH,9.0,3.0,11.0,17.0,6.0,OK,2026-06-30T07:00:00+00:00,1592.23,0.4258,True,0.4823,True,2.4783,True,1.2423,True
2026-06-30T08:22:36.539608+00:00,decision_debug,ETH/USDT,SHORT,NO TRADE,0.0,65.0,E,BULLISH,9.0,3.0,11.0,16.0,5.0,OK,2026-06-30T07:00:00+00:00,1592.23,0.4258,True,0.4823,True,2.4783,True,1.2423,True
2026-06-30T08:27:41.440123+00:00,decision_debug,ETH/USDT,SHORT,NO TRADE,0.0,65.0,E,BULLISH,9.0,3.0,11.0,16.0,5.0,OK,2026-06-30T07:00:00+00:00,1592.23,0.4258,True,0.4823,True,2.4783,True,1.2423,True
2026-06-30T08:32:46.188760+00:00,decision_debug,ETH/USDT,SHORT,NO TRADE,0.0,68.0,E,BULLISH,9.0,3.0,11.0,17.0,6.0,OK,2026-06-30T07:00:00+00:00,1592.23,0.4258,True,0.4823,True,2.4783,True,1.2423,True
2026-06-30T08:37:51.236353+00:00,decision_debug,ETH/USDT,SHORT,NO TRADE,0.0,59.0,E,BULLISH,9.0,3.0,15.0,18.0,3.0,OK,2026-06-30T07:00:00+00:00,1592.23,0.4258,True,0.4823,True,2.4783,True,1.2423,True
2026-06-30T08:42:55.831910+00:00,decision_debug,ETH/USDT,SHORT,NO TRADE,0.0,59.0,E,BULLISH,9.0,3.0,15.0,18.0,3.0,OK,2026-06-30T07:00:00+00:00,1592.23,0.4258,True,0.4823,True,2.4783,True,1.2423,True
2026-06-30T08:48:00.608073+00:00,decision_debug,ETH/USDT,SHORT,NO TRADE,0.0,59.0,E,BULLISH,9.0,3.0,15.0,18.0,3.0,OK,2026-06-30T07:00:00+00:00,1592.23,0.4258,True,0.4823,True,2.4783,True,1.2423,True
2026-06-30T08:53:05.118829+00:00,decision_debug,ETH/USDT,SHORT,NO TRADE,0.0,59.0,E,BULLISH,9.0,3.0,15.0,18.0,3.0,OK,2026-06-30T07:00:00+00:00,1592.23,0.4258,True,0.4823,True,2.4783,True,1.2423,True
2026-06-30T08:58:10.065828+00:00,decision_debug,ETH/USDT,SHORT,NO TRADE,0.0,59.0,E,BULLISH,9.0,3.0,15.0,18.0,3.0,OK,2026-06-30T07:00:00+00:00,1592.23,0.4258,True,0.4823,True,2.4783,True,1.2423,True
2026-06-30T09:03:16.345531+00:00,decision_debug,ETH/USDT,SHORT,NO TRADE,0.0,68.0,E,BULLISH,9.0,3.0,11.0,17.0,6.0,OK,2026-06-30T08:00:00+00:00,1583.88,-0.0423,False,0.3409,True,1.05,True,0.8189,True
2026-06-30T09:08:21.441372+00:00,decision_debug,ETH/USDT,SHORT,NO TRADE,0.0,59.0,E,BULLISH,9.0,3.0,15.0,18.0,3.0,OK,2026-06-30T08:00:00+00:00,1583.88,-0.0423,False,0.3409,True,1.05,True,0.8189,True
2026-06-30T09:13:26.192005+00:00,decision_debug,ETH/USDT,SHORT,NO TRADE,0.0,59.0,E,BULLISH,9.0,3.0,15.0,18.0,3.0,OK,2026-06-30T08:00:00+00:00,1583.88,-0.0423,False,0.3409,True,1.05,True,0.8189,True
2026-06-30T09:18:30.943749+00:00,decision_debug,ETH/USDT,SHORT,NO TRADE,0.0,59.0,E,BULLISH,9.0,3.0,15.0,18.0,3.0,OK,2026-06-30T08:00:00+00:00,1583.88,-0.0423,False,0.3409,True,1.05,True,0.8189,True
2026-06-30T09:23:35.505798+00:00,decision_debug,ETH/USDT,SHORT,NO TRADE,0.0,59.0,E,BULLISH,9.0,3.0,15.0,18.0,3.0,OK,2026-06-30T08:00:00+00:00,1583.88,-0.0423,False,0.3409,True,1.05,True,0.8189,True
2026-06-30T09:28:39.471821+00:00,decision_debug,ETH/USDT,SHORT,NO TRADE,0.0,59.0,E,BULLISH,9.0,3.0,15.0,18.0,3.0,OK,2026-06-30T08:00:00+00:00,1583.88,-0.0423,False,0.3409,True,1.05,True,0.8189,True
2026-06-30T09:33:45.373230+00:00,decision_debug,ETH/USDT,SHORT,NO TRADE,0.0,59.0,E,BULLISH,9.0,3.0,15.0,18.0,3.0,OK,2026-06-30T08:00:00+00:00,1583.88,-0.0423,False,0.3409,True,1.05,True,0.8189,True
2026-06-30T09:38:51.018478+00:00,decision_debug,ETH/USDT,SHORT,NO TRADE,0.0,59.0,E,BULLISH,9.0,3.0,15.0,18.0,3.0,OK,2026-06-30T08:00:00+00:00,1583.88,-0.0423,False,0.3409,True,1.05,True,0.8189,True
2026-06-30T09:43:56.121286+00:00,decision_debug,ETH/USDT,SHORT,NO TRADE,0.0,59.0,E,BULLISH,9.0,3.0,15.0,18.0,3.0,OK,2026-06-30T08:00:00+00:00,1583.88,-0.0423,False,0.3409,True,1.05,True,0.8189,True
2026-06-30T09:49:00.787028+00:00,decision_debug,ETH/USDT,SHORT,NO TRADE,0.0,59.0,E,BULLISH,9.0,3.0,15.0,18.0,3.0,OK,2026-06-30T08:00:00+00:00,1583.88,-0.0423,False,0.3409,True,1.05,True,0.8189,True
2026-06-30T09:54:07.755864+00:00,decision_debug,ETH/USDT,SHORT,NO TRADE,0.0,68.0,E,BULLISH,9.0,3.0,11.0,17.0,6.0,OK,2026-06-30T08:00:00+00:00,1583.88,-0.0423,False,0.3409,True,1.05,True,0.8189,True
2026-06-30T09:59:12.621768+00:00,decision_debug,ETH/USDT,SHORT,NO TRADE,0.0,68.0,E,BULLISH,9.0,3.0,11.0,17.0,6.0,OK,2026-06-30T08:00:00+00:00,1583.88,-0.0423,False,0.3409,True,1.05,True,0.8189,True
2026-06-30T10:04:18.500710+00:00,decision_debug,ETH/USDT,SHORT,NO TRADE,0.0,59.0,E,BULLISH,9.0,3.0,15.0,18.0,3.0,OK,2026-06-30T09:00:00+00:00,1585.45,0.4396,True,2.0612,True,1.3964,True,0.3936,True
2026-06-30T10:09:23.982930+00:00,decision_debug,ETH/USDT,SHORT,NO TRADE,0.0,59.0,E,BULLISH,9.0,3.0,15.0,18.0,3.0,OK,2026-06-30T09:00:00+00:00,1585.45,0.4396,True,2.0612,True,1.3964,True,0.3936,True
2026-06-30T10:14:28.543602+00:00,decision_debug,ETH/USDT,SHORT,NO TRADE,0.0,59.0,E,BULLISH,9.0,3.0,15.0,18.0,3.0,OK,2026-06-30T09:00:00+00:00,1585.45,0.4396,True,2.0612,True,1.3964,True,0.3936,True
2026-06-30T10:19:34.530658+00:00,decision_debug,ETH/USDT,SHORT,NO TRADE,0.0,59.0,E,BULLISH,9.0,3.0,15.0,18.0,3.0,OK,2026-06-30T09:00:00+00:00,1585.45,0.4396,True,2.0612,True,1.3964,True,0.3936,True
2026-06-30T10:24:40.434854+00:00,decision_debug,ETH/USDT,SHORT,NO TRADE,0.0,59.0,E,BULLISH,9.0,3.0,15.0,18.0,3.0,OK,2026-06-30T09:00:00+00:00,1585.45,0.4396,True,2.0612,True,1.3964,True,0.3936,True
2026-06-30T10:29:47.001506+00:00,decision_debug,ETH/USDT,SHORT,NO TRADE,0.0,59.0,E,BULLISH,9.0,3.0,15.0,18.0,3.0,OK,2026-06-30T09:00:00+00:00,1585.45,0.4396,True,2.0612,True,1.3964,True,0.3936,True
2026-06-30T10:34:52.138705+00:00,decision_debug,ETH/USDT,SHORT,NO TRADE,0.0,59.0,E,BULLISH,9.0,3.0,15.0,18.0,3.0,OK,2026-06-30T09:00:00+00:00,1585.45,0.4396,True,2.0612,True,1.3964,True,0.3936,True
2026-06-30T10:39:58.072430+00:00,decision_debug,ETH/USDT,SHORT,NO TRADE,0.0,59.0,E,BULLISH,9.0,3.0,15.0,18.0,3.0,OK,2026-06-30T09:00:00+00:00,1585.45,0.4396,True,2.0612,True,1.3964,True,0.3936,True
2026-06-30T10:45:02.743602+00:00,decision_debug,ETH/USDT,SHORT,NO TRADE,0.0,59.0,E,BULLISH,9.0,3.0,15.0,18.0,3.0,OK,2026-06-30T09:00:00+00:00,1585.45,0.4396,True,2.0612,True,1.3964,True,0.3936,True
2026-06-30T10:50:08.566832+00:00,decision_debug,ETH/USDT,SHORT,NO TRADE,0.0,59.0,E,BULLISH,9.0,3.0,15.0,18.0,3.0,OK,2026-06-30T09:00:00+00:00,1585.45,0.4396,True,2.0612,True,1.3964,True,0.3936,True
2026-06-30T10:55:14.327008+00:00,decision_debug,ETH/USDT,SHORT,NO TRADE,0.0,59.0,E,BULLISH,9.0,3.0,15.0,18.0,3.0,OK,2026-06-30T09:00:00+00:00,1585.45,0.4396,True,2.0612,True,1.3964,True,0.3936,True
2026-06-30T11:00:19.236809+00:00,decision_debug,ETH/USDT,SHORT,NO TRADE,0.0,53.0,E,BULLISH,9.0,3.0,17.0,18.0,1.0,OK,2026-06-30T10:00:00+00:00,1584.55,2.0056,True,1.0918,True,1.2193,True,0.2404,True
2026-06-30T11:05:24.866746+00:00,decision_debug,ETH/USDT,SHORT,NO TRADE,0.0,53.0,E,BULLISH,9.0,3.0,17.0,18.0,1.0,OK,2026-06-30T10:00:00+00:00,1584.55,2.0056,True,1.0918,True,1.2193,True,0.2404,True
2026-06-30T11:10:29.844401+00:00,decision_debug,ETH/USDT,SHORT,NO TRADE,0.0,53.0,E,BULLISH,9.0,3.0,17.0,18.0,1.0,OK,2026-06-30T10:00:00+00:00,1584.55,2.0056,True,1.0918,True,1.2193,True,0.2404,True
2026-06-30T11:15:34.819094+00:00,decision_debug,ETH/USDT,SHORT,NO TRADE,0.0,53.0,E,BULLISH,9.0,3.0,17.0,18.0,1.0,OK,2026-06-30T10:00:00+00:00,1584.55,2.0056,True,1.0918,True,1.2193,True,0.2404,True
2026-06-30T11:20:41.248804+00:00,decision_debug,ETH/USDT,SHORT,NO TRADE,0.0,53.0,E,BULLISH,9.0,3.0,17.0,18.0,1.0,OK,2026-06-30T10:00:00+00:00,1584.55,2.0056,True,1.0918,True,1.2193,True,0.2404,True
2026-06-30T11:46:08.719593+00:00,decision_debug,ETH/USDT,SHORT,NO TRADE,0.0,53.0,E,BULLISH,9.0,3.0,17.0,18.0,1.0,OK,2026-06-30T10:00:00+00:00,1584.55,2.0056,True,1.0918,True,1.2193,True,0.2404,True
2026-06-30T11:51:13.242438+00:00,decision_debug,ETH/USDT,SHORT,NO TRADE,0.0,53.0,E,BULLISH,9.0,3.0,17.0,18.0,1.0,OK,2026-06-30T10:00:00+00:00,1584.55,2.0056,True,1.0918,True,1.2193,True,0.2404,True
2026-07-01T01:45:47.917451+00:00,decision_debug,SOL/USDT,SHORT,NO TRADE,0.0,56.0,E,BULLISH,8.0,4.0,17.0,19.0,2.0,OK,2026-07-01T00:00:00+00:00,73.63,-1.5619,False,-2.499,False,-2.2138,False,-2.4854,False
2026-07-01T01:55:57.404109+00:00,decision_debug,SOL/USDT,SHORT,NO TRADE,0.0,56.0,E,BULLISH,8.0,4.0,17.0,19.0,2.0,OK,2026-07-01T00:00:00+00:00,73.63,-1.5619,False,-2.499,False,-2.2138,False,-2.4854,False
2026-07-01T02:01:02.437612+00:00,decision_debug,SOL/USDT,SHORT,NO TRADE,0.0,56.0,E,BULLISH,8.0,4.0,17.0,19.0,2.0,OK,2026-07-01T01:00:00+00:00,73.95,-2.0554,False,-2.2042,False,-0.5003,False,-1.4199,False
2026-07-01T02:11:11.784997+00:00,decision_debug,SOL/USDT,SHORT,NO TRADE,0.0,56.0,E,BULLISH,8.0,4.0,17.0,19.0,2.0,OK,2026-07-01T01:00:00+00:00,73.95,-2.0554,False,-2.2042,False,-0.5003,False,-1.4199,False
2026-07-01T02:16:17.276697+00:00,decision_debug,SOL/USDT,SHORT,NO TRADE,0.0,56.0,E,BULLISH,8.0,4.0,17.0,19.0,2.0,OK,2026-07-01T01:00:00+00:00,73.95,-2.0554,False,-2.2042,False,-0.5003,False,-1.4199,False
2026-07-01T02:21:21.993408+00:00,decision_debug,SOL/USDT,SHORT,NO TRADE,0.0,56.0,E,BULLISH,8.0,4.0,17.0,19.0,2.0,OK,2026-07-01T01:00:00+00:00,73.95,-2.0554,False,-2.2042,False,-0.5003,False,-1.4199,False
2026-07-01T02:26:26.968619+00:00,decision_debug,SOL/USDT,SHORT,NO TRADE,0.0,56.0,E,BULLISH,8.0,4.0,17.0,19.0,2.0,OK,2026-07-01T01:00:00+00:00,73.95,-2.0554,False,-2.2042,False,-0.5003,False,-1.4199,False
2026-07-01T03:02:00.748931+00:00,decision_debug,SOL/USDT,SHORT,NO TRADE,0.0,56.0,E,BULLISH,8.0,4.0,17.0,19.0,2.0,OK,2026-07-01T02:00:00+00:00,74.78,-1.0698,False,-0.6419,False,-0.1337,False,-0.0802,False
2026-07-01T03:12:10.960747+00:00,decision_debug,SOL/USDT,SHORT,NO TRADE,0.0,56.0,E,BULLISH,8.0,4.0,17.0,19.0,2.0,OK,2026-07-01T02:00:00+00:00,74.78,-1.0698,False,-0.6419,False,-0.1337,False,-0.0802,False
2026-07-01T03:17:15.782197+00:00,decision_debug,SOL/USDT,SHORT,NO TRADE,0.0,56.0,E,BULLISH,8.0,4.0,17.0,19.0,2.0,OK,2026-07-01T02:00:00+00:00,74.78,-1.0698,False,-0.6419,False,-0.1337,False,-0.0802,False
2026-07-01T03:22:20.553946+00:00,decision_debug,SOL/USDT,SHORT,NO TRADE,0.0,56.0,E,BULLISH,8.0,4.0,17.0,19.0,2.0,OK,2026-07-01T02:00:00+00:00,74.78,-1.0698,False,-0.6419,False,-0.1337,False,-0.0802,False
2026-07-01T03:32:31.114625+00:00,decision_debug,SOL/USDT,SHORT,NO TRADE,0.0,56.0,E,BULLISH,8.0,4.0,17.0,19.0,2.0,OK,2026-07-01T02:00:00+00:00,74.78,-1.0698,False,-0.6419,False,-0.1337,False,-0.0802,False
2026-07-01T06:04:56.397047+00:00,decision_debug,ETH/USDT,SHORT,NO TRADE,0.0,59.0,E,BULLISH,12.0,0.0,15.0,18.0,3.0,OK,2026-07-01T05:00:00+00:00,1592.88,0.9009,True,0.6579,True,1.2198,True,-0.5343,False
2026-07-01T14:12:53.306492+00:00,decision_debug,ETH/USDT,SHORT,NO TRADE,0.0,62.0,E,BULLISH,12.0,0.0,15.0,19.0,4.0,OK,2026-07-01T13:00:00+00:00,1597.54,-1.4128,False,-1.076,False,-1.2094,False,-1.5217,False
2026-07-01T14:17:58.972594+00:00,decision_debug,ETH/USDT,SHORT,NO TRADE,0.0,65.0,E,BULLISH,12.0,4.0,15.0,20.0,5.0,OK,2026-07-01T13:00:00+00:00,1597.54,-1.4128,False,-1.076,False,-1.2094,False,-1.5217,False
2026-07-01T14:23:03.518869+00:00,decision_debug,ETH/USDT,SHORT,NO TRADE,0.0,65.0,E,BULLISH,12.0,4.0,15.0,20.0,5.0,OK,2026-07-01T13:00:00+00:00,1597.54,-1.4128,False,-1.076,False,-1.2094,False,-1.5217,False
2026-07-01T14:28:08.054478+00:00,decision_debug,ETH/USDT,SHORT,NO TRADE,0.0,62.0,E,BULLISH,12.0,0.0,15.0,19.0,4.0,OK,2026-07-01T13:00:00+00:00,1597.54,-1.4128,False,-1.076,False,-1.2094,False,-1.5217,False
2026-07-01T14:33:13.760930+00:00,decision_debug,ETH/USDT,SHORT,NO TRADE,0.0,59.0,E,BULLISH,12.0,0.0,15.0,18.0,3.0,OK,2026-07-01T13:00:00+00:00,1597.54,-1.4128,False,-1.076,False,-1.2094,False,-1.5217,False
2026-07-01T14:43:23.437659+00:00,decision_debug,ETH/USDT,SHORT,NO TRADE,0.0,59.0,E,BULLISH,12.0,0.0,15.0,18.0,3.0,OK,2026-07-01T13:00:00+00:00,1597.54,-1.4128,False,-1.076,False,-1.2094,False,-1.5217,False
2026-07-01T14:53:32.492166+00:00,decision_debug,ETH/USDT,SHORT,NO TRADE,0.0,59.0,E,BULLISH,12.0,0.0,15.0,18.0,3.0,OK,2026-07-01T13:00:00+00:00,1597.54,-1.4128,False,-1.076,False,-1.2094,False,-1.5217,False
2026-07-01T14:58:37.704767+00:00,decision_debug,ETH/USDT,SHORT,NO TRADE,0.0,59.0,E,BULLISH,12.0,0.0,15.0,18.0,3.0,OK,2026-07-01T13:00:00+00:00,1597.54,-1.4128,False,-1.076,False,-1.2094,False,-1.5217,False
2026-07-01T15:03:43.655044+00:00,decision_debug,ETH/USDT,SHORT,NO TRADE,0.0,62.0,E,BULLISH,12.0,0.0,15.0,19.0,4.0,OK,2026-07-01T14:00:00+00:00,1601.39,-0.833,False,-1.352,False,-1.0572,False,-0.5058,False
2026-07-01T15:08:48.794477+00:00,decision_debug,ETH/USDT,SHORT,NO TRADE,0.0,62.0,E,BULLISH,12.0,0.0,15.0,19.0,4.0,OK,2026-07-01T14:00:00+00:00,1601.39,-0.833,False,-1.352,False,-1.0572,False,-0.5058,False
2026-07-01T15:13:54.251612+00:00,decision_debug,ETH/USDT,SHORT,NO TRADE,0.0,65.0,E,BULLISH,12.0,4.0,15.0,20.0,5.0,OK,2026-07-01T14:00:00+00:00,1601.39,-0.833,False,-1.352,False,-1.0572,False,-0.5058,False
2026-07-01T15:18:58.678789+00:00,decision_debug,ETH/USDT,SHORT,NO TRADE,0.0,62.0,E,BULLISH,12.0,0.0,15.0,19.0,4.0,OK,2026-07-01T14:00:00+00:00,1601.39,-0.833,False,-1.352,False,-1.0572,False,-0.5058,False
2026-07-01T15:24:04.426660+00:00,decision_debug,ETH/USDT,SHORT,NO TRADE,0.0,71.0,E,BULLISH,12.0,4.0,15.0,22.0,7.0,OK,2026-07-01T14:00:00+00:00,1601.39,-0.833,False,-1.352,False,-1.0572,False,-0.5058,False
2026-07-01T15:29:09.588116+00:00,decision_debug,ETH/USDT,SHORT,NO TRADE,0.0,71.0,E,BULLISH,12.0,4.0,15.0,22.0,7.0,OK,2026-07-01T14:00:00+00:00,1601.39,-0.833,False,-1.352,False,-1.0572,False,-0.5058,False
2026-07-01T15:34:14.586644+00:00,decision_debug,ETH/USDT,SHORT,NO TRADE,0.0,71.0,E,BULLISH,12.0,4.0,15.0,22.0,7.0,OK,2026-07-01T14:00:00+00:00,1601.39,-0.833,False,-1.352,False,-1.0572,False,-0.5058,False
2026-07-01T15:39:19.421663+00:00,decision_debug,ETH/USDT,SHORT,NO TRADE,0.0,71.0,E,BULLISH,12.0,4.0,15.0,22.0,7.0,OK,2026-07-01T14:00:00+00:00,1601.39,-0.833,False,-1.352,False,-1.0572,False,-0.5058,False
2026-07-01T15:44:24.021528+00:00,decision_debug,ETH/USDT,SHORT,NO TRADE,0.0,71.0,E,BULLISH,12.0,4.0,15.0,22.0,7.0,OK,2026-07-01T14:00:00+00:00,1601.39,-0.833,False,-1.352,False,-1.0572,False,-0.5058,False
2026-07-01T15:49:29.248086+00:00,decision_debug,ETH/USDT,SHORT,NO TRADE,0.0,71.0,E,BULLISH,12.0,4.0,15.0,22.0,7.0,OK,2026-07-01T14:00:00+00:00,1601.39,-0.833,False,-1.352,False,-1.0572,False,-0.5058,False
2026-07-01T15:54:34.087492+00:00,decision_debug,ETH/USDT,SHORT,NO TRADE,0.0,65.0,E,BULLISH,12.0,4.0,15.0,20.0,5.0,OK,2026-07-01T14:00:00+00:00,1601.39,-0.833,False,-1.352,False,-1.0572,False,-0.5058,False
2026-07-01T15:59:38.729706+00:00,decision_debug,ETH/USDT,SHORT,NO TRADE,0.0,71.0,E,BULLISH,12.0,4.0,15.0,22.0,7.0,OK,2026-07-01T14:00:00+00:00,1601.39,-0.833,False,-1.352,False,-1.0572,False,-0.5058,False
2026-07-01T16:04:43.409612+00:00,decision_debug,ETH/USDT,SHORT,NO TRADE,0.0,65.0,E,BULLISH,12.0,4.0,15.0,20.0,5.0,OK,2026-07-01T15:00:00+00:00,1620.11,-0.1809,False,0.2006,True,0.1364,True,1.0296,True
2026-07-01T16:09:48.727396+00:00,decision_debug,ETH/USDT,SHORT,NO TRADE,0.0,65.0,E,BULLISH,12.0,4.0,15.0,20.0,5.0,OK,2026-07-01T15:00:00+00:00,1620.11,-0.1809,False,0.2006,True,0.1364,True,1.0296,True
2026-07-01T16:14:54.939714+00:00,decision_debug,ETH/USDT,SHORT,NO TRADE,0.0,65.0,E,BULLISH,12.0,4.0,15.0,20.0,5.0,OK,2026-07-01T15:00:00+00:00,1620.11,-0.1809,False,0.2006,True,0.1364,True,1.0296,True
2026-07-01T16:20:00.280843+00:00,decision_debug,ETH/USDT,SHORT,NO TRADE,0.0,71.0,E,BULLISH,12.0,4.0,15.0,22.0,7.0,OK,2026-07-01T15:00:00+00:00,1620.11,-0.1809,False,0.2006,True,0.1364,True,1.0296,True
2026-07-01T16:25:05.216170+00:00,decision_debug,ETH/USDT,SHORT,NO TRADE,0.0,65.0,E,BULLISH,12.0,4.0,15.0,20.0,5.0,OK,2026-07-01T15:00:00+00:00,1620.11,-0.1809,False,0.2006,True,0.1364,True,1.0296,True
2026-07-01T16:30:09.756925+00:00,decision_debug,ETH/USDT,SHORT,NO TRADE,0.0,71.0,E,BULLISH,12.0,4.0,15.0,22.0,7.0,OK,2026-07-01T15:00:00+00:00,1620.11,-0.1809,False,0.2006,True,0.1364,True,1.0296,True
2026-07-01T16:35:14.471834+00:00,decision_debug,ETH/USDT,SHORT,NO TRADE,0.0,71.0,E,BULLISH,12.0,4.0,15.0,22.0,7.0,OK,2026-07-01T15:00:00+00:00,1620.11,-0.1809,False,0.2006,True,0.1364,True,1.0296,True
2026-07-01T16:40:18.956996+00:00,decision_debug,ETH/USDT,SHORT,NO TRADE,0.0,65.0,E,BULLISH,12.0,4.0,15.0,20.0,5.0,OK,2026-07-01T15:00:00+00:00,1620.11,-0.1809,False,0.2006,True,0.1364,True,1.0296,True
2026-07-01T16:45:23.490039+00:00,decision_debug,ETH/USDT,SHORT,NO TRADE,0.0,65.0,E,BULLISH,12.0,4.0,15.0,20.0,5.0,OK,2026-07-01T15:00:00+00:00,1620.11,-0.1809,False,0.2006,True,0.1364,True,1.0296,True
2026-07-01T16:50:28.238393+00:00,decision_debug,ETH/USDT,SHORT,NO TRADE,0.0,65.0,E,BULLISH,12.0,4.0,15.0,20.0,5.0,OK,2026-07-01T15:00:00+00:00,1620.11,-0.1809,False,0.2006,True,0.1364,True,1.0296,True
2026-07-01T16:55:34.671727+00:00,decision_debug,ETH/USDT,SHORT,NO TRADE,0.0,56.0,E,BULLISH,12.0,0.0,15.0,17.0,2.0,OK,2026-07-01T15:00:00+00:00,1620.11,-0.1809,False,0.2006,True,0.1364,True,1.0296,True
2026-07-01T17:00:40.078037+00:00,decision_debug,ETH/USDT,SHORT,NO TRADE,0.0,56.0,E,BULLISH,12.0,0.0,15.0,17.0,2.0,OK,2026-07-01T16:00:00+00:00,1614.73,-0.1319,False,-0.2223,False,-1.0937,False,-0.3641,False
2026-07-01T17:05:44.418682+00:00,decision_debug,ETH/USDT,SHORT,NO TRADE,0.0,56.0,E,BULLISH,12.0,0.0,15.0,17.0,2.0,OK,2026-07-01T16:00:00+00:00,1614.73,-0.1319,False,-0.2223,False,-1.0937,False,-0.3641,False
2026-07-01T17:10:49.632958+00:00,decision_debug,ETH/USDT,SHORT,NO TRADE,0.0,56.0,E,BULLISH,12.0,0.0,15.0,17.0,2.0,OK,2026-07-01T16:00:00+00:00,1614.73,-0.1319,False,-0.2223,False,-1.0937,False,-0.3641,False
2026-07-01T17:15:56.058883+00:00,decision_debug,ETH/USDT,SHORT,NO TRADE,0.0,56.0,E,BULLISH,12.0,0.0,15.0,17.0,2.0,OK,2026-07-01T16:00:00+00:00,1614.73,-0.1319,False,-0.2223,False,-1.0937,False,-0.3641,False
2026-07-01T17:21:02.484501+00:00,decision_debug,ETH/USDT,SHORT,NO TRADE,0.0,71.0,E,BULLISH,12.0,4.0,15.0,22.0,7.0,OK,2026-07-01T16:00:00+00:00,1614.73,-0.1319,False,-0.2223,False,-1.0937,False,-0.3641,False
2026-07-01T17:26:07.889605+00:00,decision_debug,ETH/USDT,SHORT,NO TRADE,0.0,71.0,E,BULLISH,12.0,4.0,15.0,22.0,7.0,OK,2026-07-01T16:00:00+00:00,1614.73,-0.1319,False,-0.2223,False,-1.0937,False,-0.3641,False
2026-07-01T17:31:13.329420+00:00,decision_debug,ETH/USDT,SHORT,NO TRADE,0.0,71.0,E,BULLISH,12.0,4.0,15.0,22.0,7.0,OK,2026-07-01T16:00:00+00:00,1614.73,-0.1319,False,-0.2223,False,-1.0937,False,-0.3641,False
2026-07-01T17:36:18.366681+00:00,decision_debug,ETH/USDT,SHORT,NO TRADE,0.0,71.0,E,BULLISH,12.0,4.0,15.0,22.0,7.0,OK,2026-07-01T16:00:00+00:00,1614.73,-0.1319,False,-0.2223,False,-1.0937,False,-0.3641,False
2026-07-01T17:41:23.339774+00:00,decision_debug,ETH/USDT,SHORT,NO TRADE,0.0,71.0,E,BULLISH,12.0,4.0,15.0,22.0,7.0,OK,2026-07-01T16:00:00+00:00,1614.73,-0.1319,False,-0.2223,False,-1.0937,False,-0.3641,False
2026-07-01T17:46:27.840272+00:00,decision_debug,ETH/USDT,SHORT,NO TRADE,0.0,71.0,E,BULLISH,12.0,4.0,15.0,22.0,7.0,OK,2026-07-01T16:00:00+00:00,1614.73,-0.1319,False,-0.2223,False,-1.0937,False,-0.3641,False
2026-07-01T17:51:33.021029+00:00,decision_debug,ETH/USDT,SHORT,NO TRADE,0.0,71.0,E,BULLISH,12.0,4.0,15.0,22.0,7.0,OK,2026-07-01T16:00:00+00:00,1614.73,-0.1319,False,-0.2223,False,-1.0937,False,-0.3641,False
2026-07-01T17:56:37.608121+00:00,decision_debug,ETH/USDT,SHORT,NO TRADE,0.0,71.0,E,BULLISH,12.0,4.0,15.0,22.0,7.0,OK,2026-07-01T16:00:00+00:00,1614.73,-0.1319,False,-0.2223,False,-1.0937,False,-0.3641,False
2026-07-01T18:01:41.337000+00:00,decision_debug,BTC/USDT,SHORT,NO TRADE,0.0,65.0,E,BULLISH,12.0,4.0,15.0,20.0,5.0,OK,2026-07-01T17:00:00+00:00,60193.9,0.2666,True,0.1068,True,-0.4708,False,-0.3766,False
2026-07-01T18:01:42.062449+00:00,decision_debug,ETH/USDT,SHORT,NO TRADE,0.0,71.0,E,BULLISH,12.0,4.0,15.0,22.0,7.0,OK,2026-07-01T17:00:00+00:00,1623.04,0.2908,True,0.3167,True,0.0733,True,0.1232,True
2026-07-01T18:06:46.548926+00:00,decision_debug,BTC/USDT,SHORT,NO TRADE,0.0,62.0,E,BULLISH,12.0,0.0,15.0,19.0,4.0,OK,2026-07-01T17:00:00+00:00,60193.9,0.2666,True,0.1068,True,-0.4708,False,-0.3766,False
2026-07-01T18:06:47.698226+00:00,decision_debug,ETH/USDT,SHORT,NO TRADE,0.0,71.0,E,BULLISH,12.0,4.0,15.0,22.0,7.0,OK,2026-07-01T17:00:00+00:00,1623.04,0.2908,True,0.3167,True,0.0733,True,0.1232,True
2026-07-01T18:11:51.662911+00:00,decision_debug,BTC/USDT,SHORT,NO TRADE,0.0,62.0,E,BULLISH,12.0,0.0,15.0,19.0,4.0,OK,2026-07-01T17:00:00+00:00,60193.9,0.2666,True,0.1068,True,-0.4708,False,-0.3766,False
2026-07-01T18:11:52.645545+00:00,decision_debug,ETH/USDT,SHORT,NO TRADE,0.0,62.0,E,BULLISH,12.0,0.0,15.0,19.0,4.0,OK,2026-07-01T17:00:00+00:00,1623.04,0.2908,True,0.3167,True,0.0733,True,0.1232,True
2026-07-01T18:16:55.823341+00:00,decision_debug,BTC/USDT,SHORT,NO TRADE,0.0,62.0,E,BULLISH,12.0,0.0,15.0,19.0,4.0,OK,2026-07-01T17:00:00+00:00,60193.9,0.2666,True,0.1068,True,-0.4708,False,-0.3766,False
2026-07-01T18:16:56.539973+00:00,decision_debug,ETH/USDT,SHORT,NO TRADE,0.0,71.0,E,BULLISH,12.0,4.0,15.0,22.0,7.0,OK,2026-07-01T17:00:00+00:00,1623.04,0.2908,True,0.3167,True,0.0733,True,0.1232,True
2026-07-01T18:22:00.237495+00:00,decision_debug,BTC/USDT,SHORT,NO TRADE,0.0,62.0,E,BULLISH,12.0,0.0,15.0,19.0,4.0,OK,2026-07-01T17:00:00+00:00,60193.9,0.2666,True,0.1068,True,-0.4708,False,-0.3766,False
2026-07-01T18:22:00.969327+00:00,decision_debug,ETH/USDT,SHORT,NO TRADE,0.0,71.0,E,BULLISH,12.0,4.0,15.0,22.0,7.0,OK,2026-07-01T17:00:00+00:00,1623.04,0.2908,True,0.3167,True,0.0733,True,0.1232,True
2026-07-01T18:27:04.954959+00:00,decision_debug,BTC/USDT,SHORT,NO TRADE,0.0,62.0,E,BULLISH,12.0,0.0,15.0,19.0,4.0,OK,2026-07-01T17:00:00+00:00,60193.9,0.2666,True,0.1068,True,-0.4708,False,-0.3766,False
2026-07-01T18:27:05.669633+00:00,decision_debug,ETH/USDT,SHORT,NO TRADE,0.0,71.0,E,BULLISH,12.0,4.0,15.0,22.0,7.0,OK,2026-07-01T17:00:00+00:00,1623.04,0.2908,True,0.3167,True,0.0733,True,0.1232,True
2026-07-01T18:32:09.609240+00:00,decision_debug,BTC/USDT,SHORT,NO TRADE,0.0,65.0,E,BULLISH,12.0,4.0,15.0,20.0,5.0,OK,2026-07-01T17:00:00+00:00,60193.9,0.2666,True,0.1068,True,-0.4708,False,-0.3766,False
2026-07-01T18:32:10.425301+00:00,decision_debug,ETH/USDT,SHORT,NO TRADE,0.0,62.0,E,BULLISH,12.0,0.0,15.0,19.0,4.0,OK,2026-07-01T17:00:00+00:00,1623.04,0.2908,True,0.3167,True,0.0733,True,0.1232,True
2026-07-01T18:37:15.513689+00:00,decision_debug,BTC/USDT,SHORT,NO TRADE,0.0,71.0,E,BULLISH,12.0,4.0,15.0,22.0,7.0,OK,2026-07-01T17:00:00+00:00,60193.9,0.2666,True,0.1068,True,-0.4708,False,-0.3766,False
2026-07-01T18:37:16.237445+00:00,decision_debug,ETH/USDT,SHORT,NO TRADE,0.0,71.0,E,BULLISH,12.0,4.0,15.0,22.0,7.0,OK,2026-07-01T17:00:00+00:00,1623.04,0.2908,True,0.3167,True,0.0733,True,0.1232,True
2026-07-01T18:42:22.246757+00:00,decision_debug,BTC/USDT,SHORT,NO TRADE,0.0,71.0,E,BULLISH,12.0,4.0,15.0,22.0,7.0,OK,2026-07-01T17:00:00+00:00,60193.9,0.2666,True,0.1068,True,-0.4708,False,-0.3766,False
2026-07-01T18:42:23.228431+00:00,decision_debug,ETH/USDT,SHORT,NO TRADE,0.0,62.0,E,BULLISH,12.0,0.0,15.0,19.0,4.0,OK,2026-07-01T17:00:00+00:00,1623.04,0.2908,True,0.3167,True,0.0733,True,0.1232,True
2026-07-01T18:47:28.001887+00:00,decision_debug,BTC/USDT,SHORT,NO TRADE,0.0,65.0,E,BULLISH,12.0,4.0,15.0,20.0,5.0,OK,2026-07-01T17:00:00+00:00,60193.9,0.2666,True,0.1068,True,-0.4708,False,-0.3766,False
2026-07-01T18:47:29.046379+00:00,decision_debug,ETH/USDT,SHORT,NO TRADE,0.0,62.0,E,BULLISH,12.0,0.0,15.0,19.0,4.0,OK,2026-07-01T17:00:00+00:00,1623.04,0.2908,True,0.3167,True,0.0733,True,0.1232,True
2026-07-01T18:52:32.865649+00:00,decision_debug,BTC/USDT,SHORT,NO TRADE,0.0,71.0,E,BULLISH,12.0,4.0,15.0,22.0,7.0,OK,2026-07-01T17:00:00+00:00,60193.9,0.2666,True,0.1068,True,-0.4708,False,-0.3766,False
2026-07-01T18:52:33.597942+00:00,decision_debug,ETH/USDT,SHORT,NO TRADE,0.0,62.0,E,BULLISH,12.0,0.0,15.0,19.0,4.0,OK,2026-07-01T17:00:00+00:00,1623.04,0.2908,True,0.3167,True,0.0733,True,0.1232,True
2026-07-01T18:57:37.800661+00:00,decision_debug,BTC/USDT,SHORT,NO TRADE,0.0,65.0,E,BULLISH,12.0,4.0,15.0,20.0,5.0,OK,2026-07-01T17:00:00+00:00,60193.9,0.2666,True,0.1068,True,-0.4708,False,-0.3766,False
2026-07-01T18:57:38.691786+00:00,decision_debug,ETH/USDT,SHORT,NO TRADE,0.0,56.0,E,BULLISH,12.0,0.0,15.0,17.0,2.0,OK,2026-07-01T17:00:00+00:00,1623.04,0.2908,True,0.3167,True,0.0733,True,0.1232,True
2026-07-01T19:02:43.060884+00:00,decision_debug,BTC/USDT,SHORT,NO TRADE,0.0,71.0,E,BULLISH,12.0,4.0,15.0,22.0,7.0,OK,2026-07-01T18:00:00+00:00,60174.1,0.074,True,-1.0614,False,0.2433,True,-1.4805,False
2026-07-01T19:02:44.048511+00:00,decision_debug,ETH/USDT,SHORT,NO TRADE,0.0,68.0,E,BULLISH,12.0,0.0,15.0,21.0,6.0,OK,2026-07-01T18:00:00+00:00,1616.86,-0.0643,False,-0.9605,False,0.4558,True,-1.4083,False
2026-07-01T19:07:48.227988+00:00,decision_debug,BTC/USDT,SHORT,NO TRADE,0.0,71.0,E,BULLISH,12.0,4.0,15.0,22.0,7.0,OK,2026-07-01T18:00:00+00:00,60174.1,0.074,True,-1.0614,False,0.2433,True,-1.4805,False
2026-07-01T19:07:48.938544+00:00,decision_debug,ETH/USDT,SHORT,NO TRADE,0.0,68.0,E,BULLISH,12.0,0.0,15.0,21.0,6.0,OK,2026-07-01T18:00:00+00:00,1616.86,-0.0643,False,-0.9605,False,0.4558,True,-1.4083,False
2026-07-01T19:12:52.728631+00:00,decision_debug,BTC/USDT,SHORT,NO TRADE,0.0,71.0,E,BULLISH,12.0,4.0,15.0,22.0,7.0,OK,2026-07-01T18:00:00+00:00,60174.1,0.074,True,-1.0614,False,0.2433,True,-1.4805,False
2026-07-01T19:12:53.837585+00:00,decision_debug,ETH/USDT,SHORT,NO TRADE,0.0,68.0,E,BULLISH,12.0,0.0,15.0,21.0,6.0,OK,2026-07-01T18:00:00+00:00,1616.86,-0.0643,False,-0.9605,False,0.4558,True,-1.4083,False
2026-07-01T19:17:58.707327+00:00,decision_debug,BTC/USDT,SHORT,NO TRADE,0.0,71.0,E,BULLISH,12.0,4.0,15.0,22.0,7.0,OK,2026-07-01T18:00:00+00:00,60174.1,0.074,True,-1.0614,False,0.2433,True,-1.4805,False
2026-07-01T19:17:59.536360+00:00,decision_debug,ETH/USDT,SHORT,NO TRADE,0.0,71.0,E,BULLISH,12.0,4.0,15.0,22.0,7.0,OK,2026-07-01T18:00:00+00:00,1616.86,-0.0643,False,-0.9605,False,0.4558,True,-1.4083,False
2026-07-01T19:23:03.064176+00:00,decision_debug,BTC/USDT,SHORT,NO TRADE,0.0,71.0,E,BULLISH,12.0,4.0,15.0,22.0,7.0,OK,2026-07-01T18:00:00+00:00,60174.1,0.074,True,-1.0614,False,0.2433,True,-1.4805,False
2026-07-01T19:23:03.935354+00:00,decision_debug,ETH/USDT,SHORT,NO TRADE,0.0,71.0,E,BULLISH,12.0,4.0,15.0,22.0,7.0,OK,2026-07-01T18:00:00+00:00,1616.86,-0.0643,False,-0.9605,False,0.4558,True,-1.4083,False
2026-07-01T19:28:09.216164+00:00,decision_debug,BTC/USDT,SHORT,NO TRADE,0.0,65.0,E,BULLISH,12.0,4.0,15.0,20.0,5.0,OK,2026-07-01T18:00:00+00:00,60174.1,0.074,True,-1.0614,False,0.2433,True,-1.4805,False
2026-07-01T19:28:09.947009+00:00,decision_debug,ETH/USDT,SHORT,NO TRADE,0.0,62.0,E,BULLISH,12.0,0.0,15.0,19.0,4.0,OK,2026-07-01T18:00:00+00:00,1616.86,-0.0643,False,-0.9605,False,0.4558,True,-1.4083,False
2026-07-01T19:33:13.948854+00:00,decision_debug,BTC/USDT,SHORT,NO TRADE,0.0,71.0,E,BULLISH,12.0,4.0,15.0,22.0,7.0,OK,2026-07-01T18:00:00+00:00,60174.1,0.074,True,-1.0614,False,0.2433,True,-1.4805,False
2026-07-01T19:33:14.786179+00:00,decision_debug,ETH/USDT,SHORT,NO TRADE,0.0,68.0,E,BULLISH,12.0,0.0,15.0,21.0,6.0,OK,2026-07-01T18:00:00+00:00,1616.86,-0.0643,False,-0.9605,False,0.4558,True,-1.4083,False
2026-07-01T19:38:18.413230+00:00,decision_debug,BTC/USDT,SHORT,NO TRADE,0.0,71.0,E,BULLISH,12.0,4.0,15.0,22.0,7.0,OK,2026-07-01T18:00:00+00:00,60174.1,0.074,True,-1.0614,False,0.2433,True,-1.4805,False
2026-07-01T19:38:19.518424+00:00,decision_debug,ETH/USDT,SHORT,NO TRADE,0.0,68.0,E,BULLISH,12.0,0.0,15.0,21.0,6.0,OK,2026-07-01T18:00:00+00:00,1616.86,-0.0643,False,-0.9605,False,0.4558,True,-1.4083,False
2026-07-01T19:43:22.954439+00:00,decision_debug,BTC/USDT,SHORT,NO TRADE,0.0,65.0,E,BULLISH,12.0,4.0,15.0,20.0,5.0,OK,2026-07-01T18:00:00+00:00,60174.1,0.074,True,-1.0614,False,0.2433,True,-1.4805,False
2026-07-01T19:43:23.689182+00:00,decision_debug,ETH/USDT,SHORT,NO TRADE,0.0,62.0,E,BULLISH,12.0,0.0,15.0,19.0,4.0,OK,2026-07-01T18:00:00+00:00,1616.86,-0.0643,False,-0.9605,False,0.4558,True,-1.4083,False
2026-07-01T19:48:27.048500+00:00,decision_debug,BTC/USDT,SHORT,NO TRADE,0.0,65.0,E,BULLISH,12.0,4.0,15.0,20.0,5.0,OK,2026-07-01T18:00:00+00:00,60174.1,0.074,True,-1.0614,False,0.2433,True,-1.4805,False
2026-07-01T19:48:27.795297+00:00,decision_debug,ETH/USDT,SHORT,NO TRADE,0.0,62.0,E,BULLISH,12.0,0.0,15.0,19.0,4.0,OK,2026-07-01T18:00:00+00:00,1616.86,-0.0643,False,-0.9605,False,0.4558,True,-1.4083,False
2026-07-01T19:53:30.688810+00:00,decision_debug,BTC/USDT,SHORT,NO TRADE,0.0,62.0,E,BULLISH,12.0,0.0,15.0,19.0,4.0,OK,2026-07-01T18:00:00+00:00,60174.1,0.074,True,-1.0614,False,0.2433,True,-1.4805,False
2026-07-01T19:53:31.667810+00:00,decision_debug,ETH/USDT,SHORT,NO TRADE,0.0,62.0,E,BULLISH,12.0,0.0,15.0,19.0,4.0,OK,2026-07-01T18:00:00+00:00,1616.86,-0.0643,False,-0.9605,False,0.4558,True,-1.4083,False
2026-07-01T19:58:35.859534+00:00,decision_debug,BTC/USDT,SHORT,NO TRADE,0.0,62.0,E,BULLISH,12.0,0.0,15.0,19.0,4.0,OK,2026-07-01T18:00:00+00:00,60174.1,0.074,True,-1.0614,False,0.2433,True,-1.4805,False
2026-07-01T19:58:36.797631+00:00,decision_debug,ETH/USDT,SHORT,NO TRADE,0.0,56.0,E,BULLISH,12.0,0.0,15.0,17.0,2.0,OK,2026-07-01T18:00:00+00:00,1616.86,-0.0643,False,-0.9605,False,0.4558,True,-1.4083,False
2026-07-01T20:03:39.964652+00:00,decision_debug,BTC/USDT,SHORT,NO TRADE,0.0,59.0,E,BULLISH,12.0,0.0,15.0,18.0,3.0,OK,2026-07-01T19:00:00+00:00,60033.4,-1.2983,False,-0.7394,False,0.4679,True,-1.261,False
2026-07-01T20:03:40.725095+00:00,decision_debug,ETH/USDT,SHORT,NO TRADE,0.0,56.0,E,BULLISH,12.0,0.0,15.0,17.0,2.0,OK,2026-07-01T19:00:00+00:00,1618.32,-0.8694,False,-0.2181,False,0.9201,True,-0.8929,False
2026-07-01T20:08:44.145355+00:00,decision_debug,BTC/USDT,SHORT,NO TRADE,0.0,62.0,E,BULLISH,12.0,0.0,15.0,19.0,4.0,OK,2026-07-01T19:00:00+00:00,60033.4,-1.2983,False,-0.7394,False,0.4679,True,-1.261,False
2026-07-01T20:08:45.009167+00:00,decision_debug,ETH/USDT,SHORT,NO TRADE,0.0,56.0,E,BULLISH,12.0,0.0,15.0,17.0,2.0,OK,2026-07-01T19:00:00+00:00,1618.32,-0.8694,False,-0.2181,False,0.9201,True,-0.8929,False
2026-07-01T20:13:47.615676+00:00,decision_debug,BTC/USDT,SHORT,NO TRADE,0.0,62.0,E,BULLISH,12.0,0.0,15.0,19.0,4.0,OK,2026-07-01T19:00:00+00:00,60033.4,-1.2983,False,-0.7394,False,0.4679,True,-1.261,False
2026-07-01T20:13:48.344971+00:00,decision_debug,ETH/USDT,SHORT,NO TRADE,0.0,62.0,E,BULLISH,12.0,0.0,15.0,19.0,4.0,OK,2026-07-01T19:00:00+00:00,1618.32,-0.8694,False,-0.2181,False,0.9201,True,-0.8929,False
2026-07-01T20:14:33.531521+00:00,decision_debug,BTC/USDT,SHORT,NO TRADE,0.0,62.0,E,BULLISH,12.0,0.0,15.0,19.0,4.0,OK,2026-07-01T19:00:00+00:00,60033.4,-1.2983,False,-0.7394,False,0.4679,True,-1.261,False
2026-07-01T20:14:34.337726+00:00,decision_debug,ETH/USDT,SHORT,NO TRADE,0.0,62.0,E,BULLISH,12.0,0.0,15.0,19.0,4.0,OK,2026-07-01T19:00:00+00:00,1618.32,-0.8694,False,-0.2181,False,0.9201,True,-0.8929,False
2026-07-01T20:19:37.260705+00:00,decision_debug,BTC/USDT,SHORT,NO TRADE,0.0,59.0,E,BULLISH,12.0,0.0,15.0,18.0,3.0,OK,2026-07-01T19:00:00+00:00,60033.4,-1.2983,False,-0.7394,False,0.4679,True,-1.261,False
2026-07-01T20:19:38.248621+00:00,decision_debug,ETH/USDT,SHORT,NO TRADE,0.0,56.0,E,BULLISH,12.0,0.0,15.0,17.0,2.0,OK,2026-07-01T19:00:00+00:00,1618.32,-0.8694,False,-0.2181,False,0.9201,True,-0.8929,False
2026-07-01T20:24:42.028643+00:00,decision_debug,BTC/USDT,SHORT,NO TRADE,0.0,59.0,E,BULLISH,12.0,0.0,15.0,18.0,3.0,OK,2026-07-01T19:00:00+00:00,60033.4,-1.2983,False,-0.7394,False,0.4679,True,-1.261,False
2026-07-01T20:24:42.744308+00:00,decision_debug,ETH/USDT,SHORT,NO TRADE,0.0,56.0,E,BULLISH,12.0,0.0,15.0,17.0,2.0,OK,2026-07-01T19:00:00+00:00,1618.32,-0.8694,False,-0.2181,False,0.9201,True,-0.8929,False
2026-07-01T20:29:47.397147+00:00,decision_debug,BTC/USDT,SHORT,NO TRADE,0.0,59.0,E,BULLISH,12.0,0.0,15.0,18.0,3.0,OK,2026-07-01T19:00:00+00:00,60033.4,-1.2983,False,-0.7394,False,0.4679,True,-1.261,False
2026-07-01T20:29:48.407342+00:00,decision_debug,ETH/USDT,SHORT,NO TRADE,0.0,62.0,E,BULLISH,12.0,0.0,15.0,19.0,4.0,OK,2026-07-01T19:00:00+00:00,1618.32,-0.8694,False,-0.2181,False,0.9201,True,-0.8929,False
2026-07-01T20:34:52.508076+00:00,decision_debug,BTC/USDT,SHORT,NO TRADE,0.0,62.0,E,BULLISH,12.0,0.0,15.0,19.0,4.0,OK,2026-07-01T19:00:00+00:00,60033.4,-1.2983,False,-0.7394,False,0.4679,True,-1.261,False
2026-07-01T20:34:53.316659+00:00,decision_debug,ETH/USDT,SHORT,NO TRADE,0.0,62.0,E,BULLISH,12.0,0.0,15.0,19.0,4.0,OK,2026-07-01T19:00:00+00:00,1618.32,-0.8694,False,-0.2181,False,0.9201,True,-0.8929,False
2026-07-01T20:39:57.745069+00:00,decision_debug,BTC/USDT,SHORT,NO TRADE,0.0,62.0,E,BULLISH,12.0,0.0,15.0,19.0,4.0,OK,2026-07-01T19:00:00+00:00,60033.4,-1.2983,False,-0.7394,False,0.4679,True,-1.261,False
2026-07-01T20:39:59.060929+00:00,decision_debug,ETH/USDT,SHORT,NO TRADE,0.0,62.0,E,BULLISH,12.0,0.0,15.0,19.0,4.0,OK,2026-07-01T19:00:00+00:00,1618.32,-0.8694,False,-0.2181,False,0.9201,True,-0.8929,False
2026-07-01T20:45:02.109960+00:00,decision_debug,BTC/USDT,SHORT,NO TRADE,0.0,62.0,E,BULLISH,12.0,0.0,15.0,19.0,4.0,OK,2026-07-01T19:00:00+00:00,60033.4,-1.2983,False,-0.7394,False,0.4679,True,-1.261,False
2026-07-01T20:45:03.105689+00:00,decision_debug,ETH/USDT,SHORT,NO TRADE,0.0,62.0,E,BULLISH,12.0,0.0,15.0,19.0,4.0,OK,2026-07-01T19:00:00+00:00,1618.32,-0.8694,False,-0.2181,False,0.9201,True,-0.8929,False
2026-07-01T20:50:05.974511+00:00,decision_debug,BTC/USDT,SHORT,NO TRADE,0.0,62.0,E,BULLISH,12.0,0.0,15.0,19.0,4.0,OK,2026-07-01T19:00:00+00:00,60033.4,-1.2983,False,-0.7394,False,0.4679,True,-1.261,False
2026-07-01T20:50:07.387373+00:00,decision_debug,ETH/USDT,SHORT,NO TRADE,0.0,62.0,E,BULLISH,12.0,0.0,15.0,19.0,4.0,OK,2026-07-01T19:00:00+00:00,1618.32,-0.8694,False,-0.2181,False,0.9201,True,-0.8929,False
2026-07-01T20:55:12.564573+00:00,decision_debug,BTC/USDT,SHORT,NO TRADE,0.0,62.0,E,BULLISH,12.0,0.0,15.0,19.0,4.0,OK,2026-07-01T19:00:00+00:00,60033.4,-1.2983,False,-0.7394,False,0.4679,True,-1.261,False
2026-07-01T20:55:14.010199+00:00,decision_debug,ETH/USDT,SHORT,NO TRADE,0.0,62.0,E,BULLISH,12.0,0.0,15.0,19.0,4.0,OK,2026-07-01T19:00:00+00:00,1618.32,-0.8694,False,-0.2181,False,0.9201,True,-0.8929,False
2026-07-01T21:00:17.215437+00:00,decision_debug,BTC/USDT,SHORT,NO TRADE,0.0,62.0,E,BULLISH,12.0,0.0,15.0,19.0,4.0,OK,2026-07-01T20:00:00+00:00,60129.6,-0.5783,False,0.1695,True,-0.082,False,-0.6256,False
2026-07-01T21:00:18.171196+00:00,decision_debug,ETH/USDT,SHORT,NO TRADE,0.0,56.0,E,BULLISH,12.0,0.0,15.0,17.0,2.0,OK,2026-07-01T20:00:00+00:00,1617.9,-0.2441,False,0.5198,True,-0.1675,False,-0.5427,False
2026-07-01T21:05:21.216652+00:00,decision_debug,BTC/USDT,SHORT,NO TRADE,0.0,68.0,E,BULLISH,12.0,0.0,15.0,21.0,6.0,OK,2026-07-01T20:00:00+00:00,60129.6,-0.5783,False,0.1695,True,-0.082,False,-0.6256,False
2026-07-01T21:05:22.393433+00:00,decision_debug,ETH/USDT,SHORT,NO TRADE,0.0,68.0,E,BULLISH,12.0,0.0,15.0,21.0,6.0,OK,2026-07-01T20:00:00+00:00,1617.9,-0.2441,False,0.5198,True,-0.1675,False,-0.5427,False
2026-07-01T21:10:25.656148+00:00,decision_debug,BTC/USDT,SHORT,NO TRADE,0.0,71.0,E,BULLISH,12.0,4.0,15.0,22.0,7.0,OK,2026-07-01T20:00:00+00:00,60129.6,-0.5783,False,0.1695,True,-0.082,False,-0.6256,False
2026-07-01T21:10:26.648354+00:00,decision_debug,ETH/USDT,SHORT,NO TRADE,0.0,62.0,E,BULLISH,12.0,0.0,15.0,19.0,4.0,OK,2026-07-01T20:00:00+00:00,1617.9,-0.2441,False,0.5198,True,-0.1675,False,-0.5427,False
2026-07-01T21:15:30.040782+00:00,decision_debug,BTC/USDT,SHORT,NO TRADE,0.0,71.0,E,BULLISH,12.0,4.0,15.0,22.0,7.0,OK,2026-07-01T20:00:00+00:00,60129.6,-0.5783,False,0.1695,True,-0.082,False,-0.6256,False
2026-07-01T21:15:30.918762+00:00,decision_debug,ETH/USDT,SHORT,NO TRADE,0.0,71.0,E,BULLISH,12.0,4.0,15.0,22.0,7.0,OK,2026-07-01T20:00:00+00:00,1617.9,-0.2441,False,0.5198,True,-0.1675,False,-0.5427,False
2026-07-01T21:20:34.089633+00:00,decision_debug,BTC/USDT,SHORT,NO TRADE,0.0,71.0,E,BULLISH,12.0,4.0,15.0,22.0,7.0,OK,2026-07-01T20:00:00+00:00,60129.6,-0.5783,False,0.1695,True,-0.082,False,-0.6256,False
2026-07-01T21:20:35.339467+00:00,decision_debug,ETH/USDT,SHORT,NO TRADE,0.0,71.0,E,BULLISH,12.0,4.0,15.0,22.0,7.0,OK,2026-07-01T20:00:00+00:00,1617.9,-0.2441,False,0.5198,True,-0.1675,False,-0.5427,False
2026-07-01T21:25:38.707294+00:00,decision_debug,BTC/USDT,SHORT,NO TRADE,0.0,71.0,E,BULLISH,12.0,4.0,15.0,22.0,7.0,OK,2026-07-01T20:00:00+00:00,60129.6,-0.5783,False,0.1695,True,-0.082,False,-0.6256,False
2026-07-01T21:25:39.424597+00:00,decision_debug,ETH/USDT,SHORT,NO TRADE,0.0,71.0,E,BULLISH,12.0,4.0,15.0,22.0,7.0,OK,2026-07-01T20:00:00+00:00,1617.9,-0.2441,False,0.5198,True,-0.1675,False,-0.5427,False
2026-07-01T21:30:43.240441+00:00,decision_debug,BTC/USDT,SHORT,NO TRADE,0.0,71.0,E,BULLISH,12.0,4.0,15.0,22.0,7.0,OK,2026-07-01T20:00:00+00:00,60129.6,-0.5783,False,0.1695,True,-0.082,False,-0.6256,False
2026-07-01T21:30:44.277176+00:00,decision_debug,ETH/USDT,SHORT,NO TRADE,0.0,71.0,E,BULLISH,12.0,4.0,15.0,22.0,7.0,OK,2026-07-01T20:00:00+00:00,1617.9,-0.2441,False,0.5198,True,-0.1675,False,-0.5427,False
2026-07-01T21:35:48.513560+00:00,decision_debug,BTC/USDT,SHORT,NO TRADE,0.0,71.0,E,BULLISH,12.0,4.0,15.0,22.0,7.0,OK,2026-07-01T20:00:00+00:00,60129.6,-0.5783,False,0.1695,True,-0.082,False,-0.6256,False
2026-07-01T21:35:49.381128+00:00,decision_debug,ETH/USDT,SHORT,NO TRADE,0.0,71.0,E,BULLISH,12.0,4.0,15.0,22.0,7.0,OK,2026-07-01T20:00:00+00:00,1617.9,-0.2441,False,0.5198,True,-0.1675,False,-0.5427,False
2026-07-01T21:40:54.001276+00:00,decision_debug,BTC/USDT,SHORT,NO TRADE,0.0,71.0,E,BULLISH,12.0,4.0,15.0,22.0,7.0,OK,2026-07-01T20:00:00+00:00,60129.6,-0.5783,False,0.1695,True,-0.082,False,-0.6256,False
2026-07-01T21:40:54.729313+00:00,decision_debug,ETH/USDT,SHORT,NO TRADE,0.0,71.0,E,BULLISH,12.0,4.0,15.0,22.0,7.0,OK,2026-07-01T20:00:00+00:00,1617.9,-0.2441,False,0.5198,True,-0.1675,False,-0.5427,False
2026-07-01T21:45:59.496962+00:00,decision_debug,BTC/USDT,SHORT,NO TRADE,0.0,71.0,E,BULLISH,12.0,4.0,15.0,22.0,7.0,OK,2026-07-01T20:00:00+00:00,60129.6,-0.5783,False,0.1695,True,-0.082,False,-0.6256,False
2026-07-01T21:46:00.303259+00:00,decision_debug,ETH/USDT,SHORT,NO TRADE,0.0,71.0,E,BULLISH,12.0,4.0,15.0,22.0,7.0,OK,2026-07-01T20:00:00+00:00,1617.9,-0.2441,False,0.5198,True,-0.1675,False,-0.5427,False
2026-07-01T21:51:04.296142+00:00,decision_debug,BTC/USDT,SHORT,NO TRADE,0.0,71.0,E,BULLISH,12.0,4.0,15.0,22.0,7.0,OK,2026-07-01T20:00:00+00:00,60129.6,-0.5783,False,0.1695,True,-0.082,False,-0.6256,False
2026-07-01T21:51:05.653115+00:00,decision_debug,ETH/USDT,SHORT,NO TRADE,0.0,71.0,E,BULLISH,12.0,4.0,15.0,22.0,7.0,OK,2026-07-01T20:00:00+00:00,1617.9,-0.2441,False,0.5198,True,-0.1675,False,-0.5427,False
2026-07-01T21:56:10.232718+00:00,decision_debug,BTC/USDT,SHORT,NO TRADE,0.0,71.0,E,BULLISH,12.0,4.0,15.0,22.0,7.0,OK,2026-07-01T20:00:00+00:00,60129.6,-0.5783,False,0.1695,True,-0.082,False,-0.6256,False
2026-07-01T21:56:11.164632+00:00,decision_debug,ETH/USDT,SHORT,NO TRADE,0.0,71.0,E,BULLISH,12.0,4.0,15.0,22.0,7.0,OK,2026-07-01T20:00:00+00:00,1617.9,-0.2441,False,0.5198,True,-0.1675,False,-0.5427,False
2026-07-01T22:01:15.332966+00:00,decision_debug,BTC/USDT,SHORT,NO TRADE,0.0,71.0,E,BULLISH,12.0,4.0,15.0,22.0,7.0,OK,2026-07-01T21:00:00+00:00,60812.8,1.291,True,1.7435,True,0.6449,True,0.8853,True
2026-07-01T22:01:16.033509+00:00,decision_debug,ETH/USDT,SHORT,NO TRADE,0.0,71.0,E,BULLISH,12.0,4.0,15.0,22.0,7.0,OK,2026-07-01T21:00:00+00:00,1632.39,1.4029,True,1.7741,True,0.6953,True,0.8154,True
2026-07-01T22:06:21.108160+00:00,decision_debug,BTC/USDT,SHORT,NO TRADE,0.0,71.0,E,BULLISH,12.0,4.0,15.0,22.0,7.0,OK,2026-07-01T21:00:00+00:00,60812.8,1.291,True,1.7435,True,0.6449,True,0.8853,True
2026-07-01T22:06:21.810277+00:00,decision_debug,ETH/USDT,SHORT,NO TRADE,0.0,71.0,E,BULLISH,12.0,4.0,15.0,22.0,7.0,OK,2026-07-01T21:00:00+00:00,1632.39,1.4029,True,1.7741,True,0.6953,True,0.8154,True
2026-07-01T22:11:25.897199+00:00,decision_debug,BTC/USDT,SHORT,NO TRADE,0.0,71.0,E,BULLISH,12.0,4.0,15.0,22.0,7.0,OK,2026-07-01T21:00:00+00:00,60812.8,1.291,True,1.7435,True,0.6449,True,0.8853,True
2026-07-01T22:11:26.728023+00:00,decision_debug,ETH/USDT,SHORT,NO TRADE,0.0,71.0,E,BULLISH,12.0,4.0,15.0,22.0,7.0,OK,2026-07-01T21:00:00+00:00,1632.39,1.4029,True,1.7741,True,0.6953,True,0.8154,True
2026-07-01T22:16:31.087231+00:00,decision_debug,BTC/USDT,SHORT,NO TRADE,0.0,71.0,E,BULLISH,12.0,4.0,15.0,22.0,7.0,OK,2026-07-01T21:00:00+00:00,60812.8,1.291,True,1.7435,True,0.6449,True,0.8853,True
2026-07-01T22:16:32.064595+00:00,decision_debug,ETH/USDT,SHORT,NO TRADE,0.0,71.0,E,BULLISH,12.0,4.0,15.0,22.0,7.0,OK,2026-07-01T21:00:00+00:00,1632.39,1.4029,True,1.7741,True,0.6953,True,0.8154,True
2026-07-01T22:21:35.904781+00:00,decision_debug,BTC/USDT,SHORT,NO TRADE,0.0,71.0,E,BULLISH,12.0,4.0,15.0,22.0,7.0,OK,2026-07-01T21:00:00+00:00,60812.8,1.291,True,1.7435,True,0.6449,True,0.8853,True
2026-07-01T22:21:36.613152+00:00,decision_debug,ETH/USDT,SHORT,NO TRADE,0.0,71.0,E,BULLISH,12.0,4.0,15.0,22.0,7.0,OK,2026-07-01T21:00:00+00:00,1632.39,1.4029,True,1.7741,True,0.6953,True,0.8154,True
2026-07-01T22:26:41.822111+00:00,decision_debug,BTC/USDT,SHORT,NO TRADE,0.0,71.0,E,BULLISH,12.0,4.0,15.0,22.0,7.0,OK,2026-07-01T21:00:00+00:00,60812.8,1.291,True,1.7435,True,0.6449,True,0.8853,True
2026-07-01T22:26:42.941548+00:00,decision_debug,ETH/USDT,SHORT,NO TRADE,0.0,71.0,E,BULLISH,12.0,4.0,15.0,22.0,7.0,OK,2026-07-01T21:00:00+00:00,1632.39,1.4029,True,1.7741,True,0.6953,True,0.8154,True
2026-07-01T22:31:46.806855+00:00,decision_debug,BTC/USDT,SHORT,NO TRADE,0.0,59.0,E,BULLISH,12.0,4.0,15.0,18.0,3.0,OK,2026-07-01T21:00:00+00:00,60812.8,1.291,True,1.7435,True,0.6449,True,0.8853,True
2026-07-01T22:31:47.510008+00:00,decision_debug,ETH/USDT,SHORT,NO TRADE,0.0,65.0,E,BULLISH,12.0,4.0,15.0,20.0,5.0,OK,2026-07-01T21:00:00+00:00,1632.39,1.4029,True,1.7741,True,0.6953,True,0.8154,True
2026-07-01T22:36:51.481865+00:00,decision_debug,BTC/USDT,SHORT,NO TRADE,0.0,56.0,E,BULLISH,12.0,0.0,15.0,17.0,2.0,OK,2026-07-01T21:00:00+00:00,60812.8,1.291,True,1.7435,True,0.6449,True,0.8853,True
2026-07-01T22:36:52.286303+00:00,decision_debug,ETH/USDT,SHORT,NO TRADE,0.0,56.0,E,BULLISH,12.0,0.0,15.0,17.0,2.0,OK,2026-07-01T21:00:00+00:00,1632.39,1.4029,True,1.7741,True,0.6953,True,0.8154,True
2026-07-01T22:41:56.254137+00:00,decision_debug,BTC/USDT,SHORT,NO TRADE,0.0,59.0,E,BULLISH,12.0,4.0,15.0,18.0,3.0,OK,2026-07-01T21:00:00+00:00,60812.8,1.291,True,1.7435,True,0.6449,True,0.8853,True
2026-07-01T22:41:57.063423+00:00,decision_debug,ETH/USDT,SHORT,NO TRADE,0.0,65.0,E,BULLISH,12.0,4.0,15.0,20.0,5.0,OK,2026-07-01T21:00:00+00:00,1632.39,1.4029,True,1.7741,True,0.6953,True,0.8154,True
2026-07-01T22:47:02.005847+00:00,decision_debug,BTC/USDT,SHORT,NO TRADE,0.0,59.0,E,BULLISH,12.0,0.0,15.0,18.0,3.0,OK,2026-07-01T21:00:00+00:00,60812.8,1.291,True,1.7435,True,0.6449,True,0.8853,True
2026-07-01T22:47:02.816548+00:00,decision_debug,ETH/USDT,SHORT,NO TRADE,0.0,56.0,E,BULLISH,12.0,0.0,15.0,17.0,2.0,OK,2026-07-01T21:00:00+00:00,1632.39,1.4029,True,1.7741,True,0.6953,True,0.8154,True
2026-07-01T22:52:06.760535+00:00,decision_debug,BTC/USDT,SHORT,NO TRADE,0.0,59.0,E,BULLISH,12.0,0.0,15.0,18.0,3.0,OK,2026-07-01T21:00:00+00:00,60812.8,1.291,True,1.7435,True,0.6449,True,0.8853,True
2026-07-01T22:52:07.565674+00:00,decision_debug,ETH/USDT,SHORT,NO TRADE,0.0,56.0,E,BULLISH,12.0,0.0,15.0,17.0,2.0,OK,2026-07-01T21:00:00+00:00,1632.39,1.4029,True,1.7741,True,0.6953,True,0.8154,True
2026-07-01T22:57:11.724011+00:00,decision_debug,BTC/USDT,SHORT,NO TRADE,0.0,56.0,E,BULLISH,12.0,0.0,15.0,17.0,2.0,OK,2026-07-01T21:00:00+00:00,60812.8,1.291,True,1.7435,True,0.6449,True,0.8853,True
2026-07-01T22:57:12.530136+00:00,decision_debug,ETH/USDT,SHORT,NO TRADE,0.0,56.0,E,BULLISH,12.0,0.0,15.0,17.0,2.0,OK,2026-07-01T21:00:00+00:00,1632.39,1.4029,True,1.7741,True,0.6953,True,0.8154,True
2026-07-01T23:02:16.575176+00:00,decision_debug,BTC/USDT,SHORT,NO TRADE,0.0,59.0,E,BULLISH,12.0,0.0,15.0,18.0,3.0,OK,2026-07-01T22:00:00+00:00,60477.3,1.1985,True,0.4934,True,-0.9718,False,0.5524,True
2026-07-01T23:07:21.448988+00:00,decision_debug,BTC/USDT,SHORT,NO TRADE,0.0,59.0,E,BULLISH,12.0,0.0,15.0,18.0,3.0,OK,2026-07-01T22:00:00+00:00,60477.3,1.1985,True,0.4934,True,-0.9718,False,0.5524,True
2026-07-01T23:12:26.412989+00:00,decision_debug,BTC/USDT,SHORT,NO TRADE,0.0,59.0,E,BULLISH,12.0,0.0,15.0,18.0,3.0,OK,2026-07-01T22:00:00+00:00,60477.3,1.1985,True,0.4934,True,-0.9718,False,0.5524,True
2026-07-02T01:04:21.504110+00:00,decision_debug,ETH/USDT,SHORT,NO TRADE,0.0,62.0,E,BULLISH,9.0,3.0,12.0,16.0,4.0,OK,2026-07-02T00:00:00+00:00,1603.43,-1.0983,False,-2.2577,False,-1.45,False,-2.4822,False
2026-07-02T01:09:26.247685+00:00,decision_debug,ETH/USDT,SHORT,NO TRADE,0.0,62.0,E,BULLISH,9.0,3.0,12.0,16.0,4.0,OK,2026-07-02T00:00:00+00:00,1603.43,-1.0983,False,-2.2577,False,-1.45,False,-2.4822,False
2026-07-02T01:14:31.589922+00:00,decision_debug,ETH/USDT,SHORT,NO TRADE,0.0,62.0,E,BULLISH,9.0,3.0,12.0,16.0,4.0,OK,2026-07-02T00:00:00+00:00,1603.43,-1.0983,False,-2.2577,False,-1.45,False,-2.4822,False
2026-07-02T01:19:36.641405+00:00,decision_debug,ETH/USDT,SHORT,NO TRADE,0.0,62.0,E,BULLISH,9.0,3.0,12.0,16.0,4.0,OK,2026-07-02T00:00:00+00:00,1603.43,-1.0983,False,-2.2577,False,-1.45,False,-2.4822,False
2026-07-02T01:24:41.501419+00:00,decision_debug,ETH/USDT,SHORT,NO TRADE,0.0,62.0,E,BULLISH,9.0,3.0,12.0,16.0,4.0,OK,2026-07-02T00:00:00+00:00,1603.43,-1.0983,False,-2.2577,False,-1.45,False,-2.4822,False
2026-07-02T01:29:46.238747+00:00,decision_debug,ETH/USDT,SHORT,NO TRADE,0.0,62.0,E,BULLISH,9.0,3.0,12.0,16.0,4.0,OK,2026-07-02T00:00:00+00:00,1603.43,-1.0983,False,-2.2577,False,-1.45,False,-2.4822,False
2026-07-02T01:39:57.727462+00:00,decision_debug,ETH/USDT,SHORT,NO TRADE,0.0,56.0,E,BULLISH,12.0,0.0,15.0,17.0,2.0,OK,2026-07-02T00:00:00+00:00,1603.43,-1.0983,False,-2.2577,False,-1.45,False,-2.4822,False
2026-07-02T01:45:05.117963+00:00,decision_debug,ETH/USDT,SHORT,NO TRADE,0.0,56.0,E,BULLISH,12.0,0.0,15.0,17.0,2.0,OK,2026-07-02T00:00:00+00:00,1603.43,-1.0983,False,-2.2577,False,-1.45,False,-2.4822,False
2026-07-02T01:50:10.814780+00:00,decision_debug,ETH/USDT,SHORT,NO TRADE,0.0,56.0,E,BULLISH,12.0,0.0,15.0,17.0,2.0,OK,2026-07-02T00:00:00+00:00,1603.43,-1.0983,False,-2.2577,False,-1.45,False,-2.4822,False
2026-07-02T01:55:16.548398+00:00,decision_debug,ETH/USDT,SHORT,NO TRADE,0.0,56.0,E,BULLISH,12.0,0.0,15.0,17.0,2.0,OK,2026-07-02T00:00:00+00:00,1603.43,-1.0983,False,-2.2577,False,-1.45,False,-2.4822,False
2026-07-02T02:00:22.517788+00:00,decision_debug,ETH/USDT,SHORT,NO TRADE,0.0,56.0,E,BULLISH,12.0,0.0,15.0,17.0,2.0,OK,2026-07-02T01:00:00+00:00,1620.61,-1.1736,False,-0.7503,False,0.0944,True,-1.5932,False
2026-07-02T02:05:28.452024+00:00,decision_debug,ETH/USDT,SHORT,NO TRADE,0.0,56.0,E,BULLISH,12.0,0.0,15.0,17.0,2.0,OK,2026-07-02T01:00:00+00:00,1620.61,-1.1736,False,-0.7503,False,0.0944,True,-1.5932,False
2026-07-02T02:15:38.895081+00:00,decision_debug,ETH/USDT,SHORT,NO TRADE,0.0,56.0,E,BULLISH,12.0,0.0,15.0,17.0,2.0,OK,2026-07-02T01:00:00+00:00,1620.61,-1.1736,False,-0.7503,False,0.0944,True,-1.5932,False
2026-07-02T02:20:43.580150+00:00,decision_debug,ETH/USDT,SHORT,NO TRADE,0.0,56.0,E,BULLISH,12.0,0.0,15.0,17.0,2.0,OK,2026-07-02T01:00:00+00:00,1620.61,-1.1736,False,-0.7503,False,0.0944,True,-1.5932,False
2026-07-02T02:25:47.960535+00:00,decision_debug,ETH/USDT,SHORT,NO TRADE,0.0,56.0,E,BULLISH,12.0,0.0,15.0,17.0,2.0,OK,2026-07-02T01:00:00+00:00,1620.61,-1.1736,False,-0.7503,False,0.0944,True,-1.5932,False
2026-07-02T02:30:52.569947+00:00,decision_debug,ETH/USDT,SHORT,NO TRADE,0.0,56.0,E,BULLISH,12.0,0.0,15.0,17.0,2.0,OK,2026-07-02T01:00:00+00:00,1620.61,-1.1736,False,-0.7503,False,0.0944,True,-1.5932,False
2026-07-02T02:35:56.719396+00:00,decision_debug,BTC/USDT,SHORT,NO TRADE,0.0,59.0,E,BULLISH,12.0,0.0,15.0,18.0,3.0,OK,2026-07-02T01:00:00+00:00,60178.9,-1.4724,False,-1.0161,False,-0.1587,False,-1.803,False
2026-07-02T02:35:57.420980+00:00,decision_debug,ETH/USDT,SHORT,NO TRADE,0.0,56.0,E,BULLISH,12.0,0.0,15.0,17.0,2.0,OK,2026-07-02T01:00:00+00:00,1620.61,-1.1736,False,-0.7503,False,0.0944,True,-1.5932,False
2026-07-02T02:41:01.256727+00:00,decision_debug,BTC/USDT,SHORT,NO TRADE,0.0,59.0,E,BULLISH,12.0,0.0,15.0,18.0,3.0,OK,2026-07-02T01:00:00+00:00,60178.9,-1.4724,False,-1.0161,False,-0.1587,False,-1.803,False
2026-07-02T02:41:01.986226+00:00,decision_debug,ETH/USDT,SHORT,NO TRADE,0.0,56.0,E,BULLISH,12.0,0.0,15.0,17.0,2.0,OK,2026-07-02T01:00:00+00:00,1620.61,-1.1736,False,-0.7503,False,0.0944,True,-1.5932,False
2026-07-02T02:46:06.132263+00:00,decision_debug,BTC/USDT,SHORT,NO TRADE,0.0,56.0,E,BULLISH,12.0,0.0,15.0,17.0,2.0,OK,2026-07-02T01:00:00+00:00,60178.9,-1.4724,False,-1.0161,False,-0.1587,False,-1.803,False
2026-07-02T02:46:06.933458+00:00,decision_debug,ETH/USDT,SHORT,NO TRADE,0.0,56.0,E,BULLISH,12.0,0.0,15.0,17.0,2.0,OK,2026-07-02T01:00:00+00:00,1620.61,-1.1736,False,-0.7503,False,0.0944,True,-1.5932,False
2026-07-02T02:51:10.958097+00:00,decision_debug,BTC/USDT,SHORT,NO TRADE,0.0,59.0,E,BULLISH,12.0,0.0,15.0,18.0,3.0,OK,2026-07-02T01:00:00+00:00,60178.9,-1.4724,False,-1.0161,False,-0.1587,False,-1.803,False
2026-07-02T02:51:11.759149+00:00,decision_debug,ETH/USDT,SHORT,NO TRADE,0.0,56.0,E,BULLISH,12.0,0.0,15.0,17.0,2.0,OK,2026-07-02T01:00:00+00:00,1620.61,-1.1736,False,-0.7503,False,0.0944,True,-1.5932,False
2026-07-02T02:56:15.636052+00:00,decision_debug,BTC/USDT,SHORT,NO TRADE,0.0,56.0,E,BULLISH,12.0,0.0,15.0,17.0,2.0,OK,2026-07-02T01:00:00+00:00,60178.9,-1.4724,False,-1.0161,False,-0.1587,False,-1.803,False
2026-07-02T02:56:16.865533+00:00,decision_debug,ETH/USDT,SHORT,NO TRADE,0.0,56.0,E,BULLISH,12.0,0.0,15.0,17.0,2.0,OK,2026-07-02T01:00:00+00:00,1620.61,-1.1736,False,-0.7503,False,0.0944,True,-1.5932,False
2026-07-02T03:01:21.005461+00:00,decision_debug,BTC/USDT,SHORT,NO TRADE,0.0,56.0,E,BULLISH,12.0,0.0,15.0,17.0,2.0,OK,2026-07-02T02:00:00+00:00,60420.6,-0.612,False,-0.141,False,0.4591,True,-1.541,False
2026-07-02T03:01:22.077912+00:00,decision_debug,ETH/USDT,SHORT,NO TRADE,0.0,56.0,E,BULLISH,12.0,0.0,15.0,17.0,2.0,OK,2026-07-02T02:00:00+00:00,1621.04,-0.7236,False,-0.3479,False,0.2949,True,-1.8161,False
2026-07-02T03:06:26.409403+00:00,decision_debug,BTC/USDT,SHORT,NO TRADE,0.0,56.0,E,BULLISH,12.0,0.0,15.0,17.0,2.0,OK,2026-07-02T02:00:00+00:00,60420.6,-0.612,False,-0.141,False,0.4591,True,-1.541,False
2026-07-02T03:06:27.133393+00:00,decision_debug,ETH/USDT,SHORT,NO TRADE,0.0,56.0,E,BULLISH,12.0,0.0,15.0,17.0,2.0,OK,2026-07-02T02:00:00+00:00,1621.04,-0.7236,False,-0.3479,False,0.2949,True,-1.8161,False
2026-07-02T03:11:32.035020+00:00,decision_debug,BTC/USDT,SHORT,NO TRADE,0.0,56.0,E,BULLISH,12.0,0.0,15.0,17.0,2.0,OK,2026-07-02T02:00:00+00:00,60420.6,-0.612,False,-0.141,False,0.4591,True,-1.541,False
2026-07-02T03:11:32.853644+00:00,decision_debug,ETH/USDT,SHORT,NO TRADE,0.0,56.0,E,BULLISH,12.0,0.0,15.0,17.0,2.0,OK,2026-07-02T02:00:00+00:00,1621.04,-0.7236,False,-0.3479,False,0.2949,True,-1.8161,False
2026-07-02T03:16:36.469368+00:00,decision_debug,BTC/USDT,SHORT,NO TRADE,0.0,56.0,E,BULLISH,12.0,0.0,15.0,17.0,2.0,OK,2026-07-02T02:00:00+00:00,60420.6,-0.612,False,-0.141,False,0.4591,True,-1.541,False
2026-07-02T03:16:37.175308+00:00,decision_debug,ETH/USDT,SHORT,NO TRADE,0.0,56.0,E,BULLISH,12.0,0.0,15.0,17.0,2.0,OK,2026-07-02T02:00:00+00:00,1621.04,-0.7236,False,-0.3479,False,0.2949,True,-1.8161,False
2026-07-02T03:21:41.101805+00:00,decision_debug,BTC/USDT,SHORT,NO TRADE,0.0,59.0,E,BULLISH,12.0,0.0,15.0,18.0,3.0,OK,2026-07-02T02:00:00+00:00,60420.6,-0.612,False,-0.141,False,0.4591,True,-1.541,False
2026-07-02T03:21:41.905208+00:00,decision_debug,ETH/USDT,SHORT,NO TRADE,0.0,56.0,E,BULLISH,12.0,0.0,15.0,17.0,2.0,OK,2026-07-02T02:00:00+00:00,1621.04,-0.7236,False,-0.3479,False,0.2949,True,-1.8161,False
2026-07-02T03:26:45.885067+00:00,decision_debug,BTC/USDT,SHORT,NO TRADE,0.0,59.0,E,BULLISH,12.0,0.0,15.0,18.0,3.0,OK,2026-07-02T02:00:00+00:00,60420.6,-0.612,False,-0.141,False,0.4591,True,-1.541,False
2026-07-02T03:26:46.582808+00:00,decision_debug,ETH/USDT,SHORT,NO TRADE,0.0,56.0,E,BULLISH,12.0,0.0,15.0,17.0,2.0,OK,2026-07-02T02:00:00+00:00,1621.04,-0.7236,False,-0.3479,False,0.2949,True,-1.8161,False
2026-07-02T03:31:50.692701+00:00,decision_debug,BTC/USDT,SHORT,NO TRADE,0.0,56.0,E,BULLISH,12.0,0.0,15.0,17.0,2.0,OK,2026-07-02T02:00:00+00:00,60420.6,-0.612,False,-0.141,False,0.4591,True,-1.541,False
2026-07-02T03:31:51.391705+00:00,decision_debug,ETH/USDT,SHORT,NO TRADE,0.0,62.0,E,BULLISH,12.0,0.0,15.0,19.0,4.0,OK,2026-07-02T02:00:00+00:00,1621.04,-0.7236,False,-0.3479,False,0.2949,True,-1.8161,False
2026-07-02T03:36:55.375203+00:00,decision_debug,BTC/USDT,SHORT,NO TRADE,0.0,56.0,E,BULLISH,12.0,0.0,15.0,17.0,2.0,OK,2026-07-02T02:00:00+00:00,60420.6,-0.612,False,-0.141,False,0.4591,True,-1.541,False
2026-07-02T03:36:56.073659+00:00,decision_debug,ETH/USDT,SHORT,NO TRADE,0.0,62.0,E,BULLISH,12.0,0.0,15.0,19.0,4.0,OK,2026-07-02T02:00:00+00:00,1621.04,-0.7236,False,-0.3479,False,0.2949,True,-1.8161,False
2026-07-02T03:42:00.330034+00:00,decision_debug,BTC/USDT,SHORT,NO TRADE,0.0,68.0,E,BULLISH,12.0,0.0,15.0,21.0,6.0,OK,2026-07-02T02:00:00+00:00,60420.6,-0.612,False,-0.141,False,0.4591,True,-1.541,False
2026-07-02T03:42:01.049223+00:00,decision_debug,ETH/USDT,SHORT,NO TRADE,0.0,68.0,E,BULLISH,12.0,0.0,15.0,21.0,6.0,OK,2026-07-02T02:00:00+00:00,1621.04,-0.7236,False,-0.3479,False,0.2949,True,-1.8161,False
2026-07-02T03:47:05.385893+00:00,decision_debug,BTC/USDT,SHORT,NO TRADE,0.0,68.0,E,BULLISH,12.0,0.0,15.0,21.0,6.0,OK,2026-07-02T02:00:00+00:00,60420.6,-0.612,False,-0.141,False,0.4591,True,-1.541,False
2026-07-02T03:47:06.185115+00:00,decision_debug,ETH/USDT,SHORT,NO TRADE,0.0,68.0,E,BULLISH,12.0,0.0,15.0,21.0,6.0,OK,2026-07-02T02:00:00+00:00,1621.04,-0.7236,False,-0.3479,False,0.2949,True,-1.8161,False
2026-07-02T03:52:10.294190+00:00,decision_debug,BTC/USDT,SHORT,NO TRADE,0.0,68.0,E,BULLISH,12.0,0.0,15.0,21.0,6.0,OK,2026-07-02T02:00:00+00:00,60420.6,-0.612,False,-0.141,False,0.4591,True,-1.541,False
2026-07-02T03:52:10.995373+00:00,decision_debug,ETH/USDT,SHORT,NO TRADE,0.0,68.0,E,BULLISH,12.0,0.0,15.0,21.0,6.0,OK,2026-07-02T02:00:00+00:00,1621.04,-0.7236,False,-0.3479,False,0.2949,True,-1.8161,False
2026-07-02T03:57:15.148994+00:00,decision_debug,BTC/USDT,SHORT,NO TRADE,0.0,71.0,E,BULLISH,12.0,4.0,15.0,22.0,7.0,OK,2026-07-02T02:00:00+00:00,60420.6,-0.612,False,-0.141,False,0.4591,True,-1.541,False
2026-07-02T03:57:16.421944+00:00,decision_debug,ETH/USDT,SHORT,NO TRADE,0.0,71.0,E,BULLISH,12.0,4.0,15.0,22.0,7.0,OK,2026-07-02T02:00:00+00:00,1621.04,-0.7236,False,-0.3479,False,0.2949,True,-1.8161,False
2026-07-02T04:02:20.467436+00:00,decision_debug,BTC/USDT,SHORT,NO TRADE,0.0,71.0,E,BULLISH,12.0,4.0,15.0,22.0,7.0,OK,2026-07-02T03:00:00+00:00,61065.0,0.9157,True,1.2947,True,0.902,True,-0.7806,False
2026-07-02T04:02:21.172522+00:00,decision_debug,ETH/USDT,SHORT,NO TRADE,0.0,68.0,E,BULLISH,12.0,0.0,15.0,21.0,6.0,OK,2026-07-02T03:00:00+00:00,1639.63,0.7898,True,1.2533,True,0.8929,True,-1.4089,False
2026-07-02T04:07:25.401029+00:00,decision_debug,BTC/USDT,SHORT,NO TRADE,0.0,68.0,E,BULLISH,12.0,0.0,15.0,21.0,6.0,OK,2026-07-02T03:00:00+00:00,61065.0,0.9157,True,1.2947,True,0.902,True,-0.7806,False
2026-07-02T04:07:26.207618+00:00,decision_debug,ETH/USDT,SHORT,NO TRADE,0.0,68.0,E,BULLISH,12.0,0.0,15.0,21.0,6.0,OK,2026-07-02T03:00:00+00:00,1639.63,0.7898,True,1.2533,True,0.8929,True,-1.4089,False
2026-07-02T04:12:30.253764+00:00,decision_debug,BTC/USDT,SHORT,NO TRADE,0.0,68.0,E,BULLISH,12.0,0.0,15.0,21.0,6.0,OK,2026-07-02T03:00:00+00:00,61065.0,0.9157,True,1.2947,True,0.902,True,-0.7806,False
2026-07-02T04:12:31.055606+00:00,decision_debug,ETH/USDT,SHORT,NO TRADE,0.0,68.0,E,BULLISH,12.0,0.0,15.0,21.0,6.0,OK,2026-07-02T03:00:00+00:00,1639.63,0.7898,True,1.2533,True,0.8929,True,-1.4089,False
2026-07-02T04:17:35.075733+00:00,decision_debug,BTC/USDT,SHORT,NO TRADE,0.0,68.0,E,BULLISH,12.0,0.0,15.0,21.0,6.0,OK,2026-07-02T03:00:00+00:00,61065.0,0.9157,True,1.2947,True,0.902,True,-0.7806,False
2026-07-02T04:17:35.883054+00:00,decision_debug,ETH/USDT,SHORT,NO TRADE,0.0,68.0,E,BULLISH,12.0,0.0,15.0,21.0,6.0,OK,2026-07-02T03:00:00+00:00,1639.63,0.7898,True,1.2533,True,0.8929,True,-1.4089,False
2026-07-02T04:22:39.948064+00:00,decision_debug,BTC/USDT,SHORT,NO TRADE,0.0,68.0,E,BULLISH,12.0,0.0,15.0,21.0,6.0,OK,2026-07-02T03:00:00+00:00,61065.0,0.9157,True,1.2947,True,0.902,True,-0.7806,False
2026-07-02T04:22:41.008484+00:00,decision_debug,ETH/USDT,SHORT,NO TRADE,0.0,68.0,E,BULLISH,12.0,0.0,15.0,21.0,6.0,OK,2026-07-02T03:00:00+00:00,1639.63,0.7898,True,1.2533,True,0.8929,True,-1.4089,False
2026-07-02T04:27:45.219490+00:00,decision_debug,BTC/USDT,SHORT,NO TRADE,0.0,68.0,E,BULLISH,12.0,0.0,15.0,21.0,6.0,OK,2026-07-02T03:00:00+00:00,61065.0,0.9157,True,1.2947,True,0.902,True,-0.7806,False
2026-07-02T04:27:46.280036+00:00,decision_debug,ETH/USDT,SHORT,NO TRADE,0.0,68.0,E,BULLISH,12.0,0.0,15.0,21.0,6.0,OK,2026-07-02T03:00:00+00:00,1639.63,0.7898,True,1.2533,True,0.8929,True,-1.4089,False
2026-07-02T04:32:50.028520+00:00,decision_debug,BTC/USDT,SHORT,NO TRADE,0.0,68.0,E,BULLISH,12.0,0.0,15.0,21.0,6.0,OK,2026-07-02T03:00:00+00:00,61065.0,0.9157,True,1.2947,True,0.902,True,-0.7806,False
2026-07-02T04:32:51.115698+00:00,decision_debug,ETH/USDT,SHORT,NO TRADE,0.0,68.0,E,BULLISH,12.0,0.0,15.0,21.0,6.0,OK,2026-07-02T03:00:00+00:00,1639.63,0.7898,True,1.2533,True,0.8929,True,-1.4089,False
2026-07-02T04:37:54.139392+00:00,decision_debug,BTC/USDT,SHORT,NO TRADE,0.0,68.0,E,BULLISH,12.0,0.0,15.0,21.0,6.0,OK,2026-07-02T03:00:00+00:00,61065.0,0.9157,True,1.2947,True,0.902,True,-0.7806,False
2026-07-02T04:37:54.852356+00:00,decision_debug,ETH/USDT,SHORT,NO TRADE,0.0,68.0,E,BULLISH,12.0,0.0,15.0,21.0,6.0,OK,2026-07-02T03:00:00+00:00,1639.63,0.7898,True,1.2533,True,0.8929,True,-1.4089,False
2026-07-02T04:42:58.876735+00:00,decision_debug,BTC/USDT,SHORT,NO TRADE,0.0,68.0,E,BULLISH,12.0,0.0,15.0,21.0,6.0,OK,2026-07-02T03:00:00+00:00,61065.0,0.9157,True,1.2947,True,0.902,True,-0.7806,False
2026-07-02T04:42:59.589650+00:00,decision_debug,ETH/USDT,SHORT,NO TRADE,0.0,68.0,E,BULLISH,12.0,0.0,15.0,21.0,6.0,OK,2026-07-02T03:00:00+00:00,1639.63,0.7898,True,1.2533,True,0.8929,True,-1.4089,False
2026-07-02T04:48:03.754567+00:00,decision_debug,BTC/USDT,SHORT,NO TRADE,0.0,68.0,E,BULLISH,12.0,0.0,15.0,21.0,6.0,OK,2026-07-02T03:00:00+00:00,61065.0,0.9157,True,1.2947,True,0.902,True,-0.7806,False
2026-07-02T04:48:04.579681+00:00,decision_debug,ETH/USDT,SHORT,NO TRADE,0.0,68.0,E,BULLISH,12.0,0.0,15.0,21.0,6.0,OK,2026-07-02T03:00:00+00:00,1639.63,0.7898,True,1.2533,True,0.8929,True,-1.4089,False
2026-07-02T04:53:08.400252+00:00,decision_debug,BTC/USDT,SHORT,NO TRADE,0.0,68.0,E,BULLISH,12.0,0.0,15.0,21.0,6.0,OK,2026-07-02T03:00:00+00:00,61065.0,0.9157,True,1.2947,True,0.902,True,-0.7806,False
2026-07-02T04:53:09.114718+00:00,decision_debug,ETH/USDT,SHORT,NO TRADE,0.0,68.0,E,BULLISH,12.0,0.0,15.0,21.0,6.0,OK,2026-07-02T03:00:00+00:00,1639.63,0.7898,True,1.2533,True,0.8929,True,-1.4089,False
2026-07-02T04:58:13.821503+00:00,decision_debug,BTC/USDT,SHORT,NO TRADE,0.0,68.0,E,BULLISH,12.0,0.0,15.0,21.0,6.0,OK,2026-07-02T03:00:00+00:00,61065.0,0.9157,True,1.2947,True,0.902,True,-0.7806,False
2026-07-02T04:58:15.154064+00:00,decision_debug,ETH/USDT,SHORT,NO TRADE,0.0,68.0,E,BULLISH,12.0,0.0,15.0,21.0,6.0,OK,2026-07-02T03:00:00+00:00,1639.63,0.7898,True,1.2533,True,0.8929,True,-1.4089,False
2026-07-02T05:03:19.511149+00:00,decision_debug,BTC/USDT,SHORT,NO TRADE,0.0,62.0,E,BULLISH,12.0,0.0,15.0,19.0,4.0,OK,2026-07-02T04:00:00+00:00,60790.4,0.8488,True,1.0646,True,-0.6345,False,-1.8972,False
2026-07-02T05:03:20.332940+00:00,decision_debug,ETH/USDT,SHORT,NO TRADE,0.0,62.0,E,BULLISH,12.0,0.0,15.0,19.0,4.0,OK,2026-07-02T04:00:00+00:00,1632.77,0.8385,True,1.0112,True,-0.6406,False,-4.7765,False
2026-07-02T05:03:21.048986+00:00,decision_debug,SOL/USDT,SHORT,NO TRADE,0.0,56.0,E,BULLISH,9.0,7.0,19.0,21.0,2.0,OK,2026-07-02T04:00:00+00:00,78.3,0.4981,True,0.3959,True,-1.507,False,-4.0996,False
2026-07-02T05:08:24.443736+00:00,decision_debug,BTC/USDT,SHORT,NO TRADE,0.0,68.0,E,BULLISH,12.0,0.0,15.0,21.0,6.0,OK,2026-07-02T04:00:00+00:00,60790.4,0.8488,True,1.0646,True,-0.6345,False,-1.8972,False
2026-07-02T05:08:25.265868+00:00,decision_debug,ETH/USDT,SHORT,NO TRADE,0.0,68.0,E,BULLISH,12.0,0.0,15.0,21.0,6.0,OK,2026-07-02T04:00:00+00:00,1632.77,0.8385,True,1.0112,True,-0.6406,False,-4.7765,False
2026-07-02T05:13:56.643033+00:00,decision_debug,BTC/USDT,SHORT,NO TRADE,0.0,68.0,E,BULLISH,12.0,0.0,15.0,21.0,6.0,OK,2026-07-02T04:00:00+00:00,60790.4,0.8488,True,1.0646,True,-0.6345,False,-1.8972,False
2026-07-02T05:13:57.648839+00:00,decision_debug,ETH/USDT,SHORT,NO TRADE,0.0,68.0,E,BULLISH,12.0,0.0,15.0,21.0,6.0,OK,2026-07-02T04:00:00+00:00,1632.77,0.8385,True,1.0112,True,-0.6406,False,-4.7765,False
2026-07-02T05:19:01.895076+00:00,decision_debug,BTC/USDT,SHORT,NO TRADE,0.0,68.0,E,BULLISH,12.0,0.0,15.0,21.0,6.0,OK,2026-07-02T04:00:00+00:00,60790.4,0.8488,True,1.0646,True,-0.6345,False,-1.8972,False
2026-07-02T05:19:03.280545+00:00,decision_debug,ETH/USDT,SHORT,NO TRADE,0.0,68.0,E,BULLISH,12.0,0.0,15.0,21.0,6.0,OK,2026-07-02T04:00:00+00:00,1632.77,0.8385,True,1.0112,True,-0.6406,False,-4.7765,False
2026-07-02T05:24:07.890606+00:00,decision_debug,BTC/USDT,SHORT,NO TRADE,0.0,68.0,E,BULLISH,12.0,0.0,15.0,21.0,6.0,OK,2026-07-02T04:00:00+00:00,60790.4,0.8488,True,1.0646,True,-0.6345,False,-1.8972,False
2026-07-02T05:24:08.825012+00:00,decision_debug,ETH/USDT,SHORT,NO TRADE,0.0,68.0,E,BULLISH,12.0,0.0,15.0,21.0,6.0,OK,2026-07-02T04:00:00+00:00,1632.77,0.8385,True,1.0112,True,-0.6406,False,-4.7765,False
2026-07-02T05:29:12.966377+00:00,decision_debug,BTC/USDT,SHORT,NO TRADE,0.0,68.0,E,BULLISH,12.0,0.0,15.0,21.0,6.0,OK,2026-07-02T04:00:00+00:00,60790.4,0.8488,True,1.0646,True,-0.6345,False,-1.8972,False
2026-07-02T05:29:14.168289+00:00,decision_debug,ETH/USDT,SHORT,NO TRADE,0.0,68.0,E,BULLISH,12.0,0.0,15.0,21.0,6.0,OK,2026-07-02T04:00:00+00:00,1632.77,0.8385,True,1.0112,True,-0.6406,False,-4.7765,False
2026-07-02T05:29:15.604645+00:00,decision_debug,SOL/USDT,SHORT,NO TRADE,0.0,56.0,E,BULLISH,9.0,7.0,19.0,21.0,2.0,OK,2026-07-02T04:00:00+00:00,78.3,0.4981,True,0.3959,True,-1.507,False,-4.0996,False
2026-07-02T05:34:18.619559+00:00,decision_debug,BTC/USDT,SHORT,NO TRADE,0.0,68.0,E,BULLISH,12.0,0.0,15.0,21.0,6.0,OK,2026-07-02T04:00:00+00:00,60790.4,0.8488,True,1.0646,True,-0.6345,False,-1.8972,False
2026-07-02T05:34:19.532905+00:00,decision_debug,ETH/USDT,SHORT,NO TRADE,0.0,68.0,E,BULLISH,12.0,0.0,15.0,21.0,6.0,OK,2026-07-02T04:00:00+00:00,1632.77,0.8385,True,1.0112,True,-0.6406,False,-4.7765,False
2026-07-02T05:39:23.265425+00:00,decision_debug,BTC/USDT,SHORT,NO TRADE,0.0,62.0,E,BULLISH,12.0,0.0,15.0,19.0,4.0,OK,2026-07-02T04:00:00+00:00,60790.4,0.8488,True,1.0646,True,-0.6345,False,-1.8972,False
2026-07-02T05:39:24.244677+00:00,decision_debug,ETH/USDT,SHORT,NO TRADE,0.0,62.0,E,BULLISH,12.0,0.0,15.0,19.0,4.0,OK,2026-07-02T04:00:00+00:00,1632.77,0.8385,True,1.0112,True,-0.6406,False,-4.7765,False
2026-07-02T05:44:28.179352+00:00,decision_debug,BTC/USDT,SHORT,NO TRADE,0.0,62.0,E,BULLISH,12.0,0.0,15.0,19.0,4.0,OK,2026-07-02T04:00:00+00:00,60790.4,0.8488,True,1.0646,True,-0.6345,False,-1.8972,False
2026-07-02T05:44:29.586284+00:00,decision_debug,ETH/USDT,SHORT,NO TRADE,0.0,62.0,E,BULLISH,12.0,0.0,15.0,19.0,4.0,OK,2026-07-02T04:00:00+00:00,1632.77,0.8385,True,1.0112,True,-0.6406,False,-4.7765,False
2026-07-02T05:49:33.117501+00:00,decision_debug,BTC/USDT,SHORT,NO TRADE,0.0,56.0,E,BULLISH,12.0,0.0,15.0,17.0,2.0,OK,2026-07-02T04:00:00+00:00,60790.4,0.8488,True,1.0646,True,-0.6345,False,-1.8972,False
2026-07-02T05:49:33.931185+00:00,decision_debug,ETH/USDT,SHORT,NO TRADE,0.0,56.0,E,BULLISH,12.0,0.0,15.0,17.0,2.0,OK,2026-07-02T04:00:00+00:00,1632.77,0.8385,True,1.0112,True,-0.6406,False,-4.7765,False
2026-07-02T05:54:38.063785+00:00,decision_debug,BTC/USDT,SHORT,NO TRADE,0.0,56.0,E,BULLISH,12.0,0.0,15.0,17.0,2.0,OK,2026-07-02T04:00:00+00:00,60790.4,0.8488,True,1.0646,True,-0.6345,False,-1.8972,False
2026-07-02T05:54:38.986040+00:00,decision_debug,ETH/USDT,SHORT,NO TRADE,0.0,62.0,E,BULLISH,12.0,0.0,15.0,19.0,4.0,OK,2026-07-02T04:00:00+00:00,1632.77,0.8385,True,1.0112,True,-0.6406,False,-4.7765,False
2026-07-02T05:54:39.709801+00:00,decision_debug,SOL/USDT,SHORT,NO TRADE,0.0,56.0,E,BULLISH,9.0,7.0,19.0,21.0,2.0,OK,2026-07-02T04:00:00+00:00,78.3,0.4981,True,0.3959,True,-1.507,False,-4.0996,False
2026-07-02T05:59:42.746136+00:00,decision_debug,BTC/USDT,SHORT,NO TRADE,0.0,56.0,E,BULLISH,12.0,0.0,15.0,17.0,2.0,OK,2026-07-02T04:00:00+00:00,60790.4,0.8488,True,1.0646,True,-0.6345,False,-1.8972,False
2026-07-02T05:59:43.459465+00:00,decision_debug,ETH/USDT,SHORT,NO TRADE,0.0,56.0,E,BULLISH,12.0,0.0,15.0,17.0,2.0,OK,2026-07-02T04:00:00+00:00,1632.77,0.8385,True,1.0112,True,-0.6406,False,-4.7765,False
2026-07-02T05:59:44.172896+00:00,decision_debug,SOL/USDT,SHORT,NO TRADE,0.0,56.0,E,BULLISH,9.0,7.0,19.0,21.0,2.0,OK,2026-07-02T04:00:00+00:00,78.3,0.4981,True,0.3959,True,-1.507,False,-4.0996,False
2026-07-02T06:04:47.310474+00:00,decision_debug,BTC/USDT,SHORT,NO TRADE,0.0,56.0,E,BULLISH,12.0,0.0,15.0,17.0,2.0,OK,2026-07-02T05:00:00+00:00,60505.8,0.5993,True,-0.0139,False,-1.2529,False,-1.978,False
2026-07-02T06:04:48.557070+00:00,decision_debug,ETH/USDT,SHORT,NO TRADE,0.0,56.0,E,BULLISH,12.0,0.0,15.0,17.0,2.0,OK,2026-07-02T05:00:00+00:00,1626.68,0.6406,True,0.1039,True,-1.2141,False,-4.6002,False
2026-07-02T06:09:52.955178+00:00,decision_debug,BTC/USDT,SHORT,NO TRADE,0.0,59.0,E,BULLISH,12.0,0.0,15.0,18.0,3.0,OK,2026-07-02T05:00:00+00:00,60505.8,0.5993,True,-0.0139,False,-1.2529,False,-1.978,False
2026-07-02T06:09:53.769761+00:00,decision_debug,ETH/USDT,SHORT,NO TRADE,0.0,56.0,E,BULLISH,12.0,0.0,15.0,17.0,2.0,OK,2026-07-02T05:00:00+00:00,1626.68,0.6406,True,0.1039,True,-1.2141,False,-4.6002,False
2026-07-02T06:14:57.554197+00:00,decision_debug,BTC/USDT,SHORT,NO TRADE,0.0,59.0,E,BULLISH,12.0,0.0,15.0,18.0,3.0,OK,2026-07-02T05:00:00+00:00,60505.8,0.5993,True,-0.0139,False,-1.2529,False,-1.978,False
2026-07-02T06:14:59.430283+00:00,decision_debug,ETH/USDT,SHORT,NO TRADE,0.0,56.0,E,BULLISH,12.0,0.0,15.0,17.0,2.0,OK,2026-07-02T05:00:00+00:00,1626.68,0.6406,True,0.1039,True,-1.2141,False,-4.6002,False
2026-07-02T06:15:00.796639+00:00,decision_debug,SOL/USDT,SHORT,NO TRADE,0.0,56.0,E,BULLISH,9.0,7.0,19.0,21.0,2.0,OK,2026-07-02T05:00:00+00:00,78.13,0.1792,True,-0.4608,False,-5.0685,False,-3.0846,False
2026-07-02T06:20:04.083719+00:00,decision_debug,BTC/USDT,SHORT,NO TRADE,0.0,56.0,E,BULLISH,12.0,0.0,15.0,17.0,2.0,OK,2026-07-02T05:00:00+00:00,60505.8,0.5993,True,-0.0139,False,-1.2529,False,-1.978,False
2026-07-02T06:20:04.894585+00:00,decision_debug,ETH/USDT,SHORT,NO TRADE,0.0,56.0,E,BULLISH,12.0,0.0,15.0,17.0,2.0,OK,2026-07-02T05:00:00+00:00,1626.68,0.6406,True,0.1039,True,-1.2141,False,-4.6002,False
2026-07-02T06:20:05.797339+00:00,decision_debug,SOL/USDT,SHORT,NO TRADE,0.0,56.0,E,BULLISH,9.0,7.0,19.0,21.0,2.0,OK,2026-07-02T05:00:00+00:00,78.13,0.1792,True,-0.4608,False,-5.0685,False,-3.0846,False
2026-07-02T06:25:08.799610+00:00,decision_debug,BTC/USDT,SHORT,NO TRADE,0.0,56.0,E,BULLISH,12.0,0.0,15.0,17.0,2.0,OK,2026-07-02T05:00:00+00:00,60505.8,0.5993,True,-0.0139,False,-1.2529,False,-1.978,False
2026-07-02T06:25:09.510108+00:00,decision_debug,ETH/USDT,SHORT,NO TRADE,0.0,56.0,E,BULLISH,12.0,0.0,15.0,17.0,2.0,OK,2026-07-02T05:00:00+00:00,1626.68,0.6406,True,0.1039,True,-1.2141,False,-4.6002,False
2026-07-02T06:25:11.471838+00:00,decision_debug,SOL/USDT,SHORT,NO TRADE,0.0,56.0,E,BULLISH,9.0,7.0,19.0,21.0,2.0,OK,2026-07-02T05:00:00+00:00,78.13,0.1792,True,-0.4608,False,-5.0685,False,-3.0846,False
2026-07-02T06:30:14.810568+00:00,decision_debug,BTC/USDT,SHORT,NO TRADE,0.0,56.0,E,BULLISH,12.0,0.0,15.0,17.0,2.0,OK,2026-07-02T05:00:00+00:00,60505.8,0.5993,True,-0.0139,False,-1.2529,False,-1.978,False
2026-07-02T06:30:15.524487+00:00,decision_debug,ETH/USDT,SHORT,NO TRADE,0.0,56.0,E,BULLISH,12.0,0.0,15.0,17.0,2.0,OK,2026-07-02T05:00:00+00:00,1626.68,0.6406,True,0.1039,True,-1.2141,False,-4.6002,False
2026-07-02T06:30:16.348024+00:00,decision_debug,SOL/USDT,SHORT,NO TRADE,0.0,56.0,E,BULLISH,9.0,7.0,19.0,21.0,2.0,OK,2026-07-02T05:00:00+00:00,78.13,0.1792,True,-0.4608,False,-5.0685,False,-3.0846,False
2026-07-02T06:35:19.574021+00:00,decision_debug,BTC/USDT,SHORT,NO TRADE,0.0,56.0,E,BULLISH,12.0,0.0,15.0,17.0,2.0,OK,2026-07-02T05:00:00+00:00,60505.8,0.5993,True,-0.0139,False,-1.2529,False,-1.978,False
2026-07-02T06:35:20.396117+00:00,decision_debug,ETH/USDT,SHORT,NO TRADE,0.0,62.0,E,BULLISH,12.0,0.0,15.0,19.0,4.0,OK,2026-07-02T05:00:00+00:00,1626.68,0.6406,True,0.1039,True,-1.2141,False,-4.6002,False
2026-07-02T06:35:21.120407+00:00,decision_debug,SOL/USDT,SHORT,NO TRADE,0.0,56.0,E,BULLISH,9.0,7.0,19.0,21.0,2.0,OK,2026-07-02T05:00:00+00:00,78.13,0.1792,True,-0.4608,False,-5.0685,False,-3.0846,False
2026-07-02T06:40:24.205456+00:00,decision_debug,BTC/USDT,SHORT,NO TRADE,0.0,56.0,E,BULLISH,12.0,0.0,15.0,17.0,2.0,OK,2026-07-02T05:00:00+00:00,60505.8,0.5993,True,-0.0139,False,-1.2529,False,-1.978,False
2026-07-02T06:40:24.931862+00:00,decision_debug,ETH/USDT,SHORT,NO TRADE,0.0,62.0,E,BULLISH,12.0,0.0,15.0,19.0,4.0,OK,2026-07-02T05:00:00+00:00,1626.68,0.6406,True,0.1039,True,-1.2141,False,-4.6002,False
2026-07-02T06:40:25.658192+00:00,decision_debug,SOL/USDT,SHORT,NO TRADE,0.0,56.0,E,BULLISH,9.0,7.0,19.0,21.0,2.0,OK,2026-07-02T05:00:00+00:00,78.13,0.1792,True,-0.4608,False,-5.0685,False,-3.0846,False
2026-07-02T06:45:28.910220+00:00,decision_debug,BTC/USDT,SHORT,NO TRADE,0.0,56.0,E,BULLISH,12.0,0.0,15.0,17.0,2.0,OK,2026-07-02T05:00:00+00:00,60505.8,0.5993,True,-0.0139,False,-1.2529,False,-1.978,False
2026-07-02T06:45:29.731517+00:00,decision_debug,ETH/USDT,SHORT,NO TRADE,0.0,56.0,E,BULLISH,12.0,0.0,15.0,17.0,2.0,OK,2026-07-02T05:00:00+00:00,1626.68,0.6406,True,0.1039,True,-1.2141,False,-4.6002,False
2026-07-02T06:45:30.453013+00:00,decision_debug,SOL/USDT,SHORT,NO TRADE,0.0,56.0,E,BULLISH,9.0,7.0,19.0,21.0,2.0,OK,2026-07-02T05:00:00+00:00,78.13,0.1792,True,-0.4608,False,-5.0685,False,-3.0846,False
2026-07-02T06:50:33.546026+00:00,decision_debug,BTC/USDT,SHORT,NO TRADE,0.0,59.0,E,BULLISH,12.0,0.0,15.0,18.0,3.0,OK,2026-07-02T05:00:00+00:00,60505.8,0.5993,True,-0.0139,False,-1.2529,False,-1.978,False
2026-07-02T06:50:34.280857+00:00,decision_debug,ETH/USDT,SHORT,NO TRADE,0.0,62.0,E,BULLISH,9.0,3.0,12.0,16.0,4.0,OK,2026-07-02T05:00:00+00:00,1626.68,0.6406,True,0.1039,True,-1.2141,False,-4.6002,False
2026-07-02T06:55:38.082843+00:00,decision_debug,BTC/USDT,SHORT,NO TRADE,0.0,59.0,E,BULLISH,12.0,0.0,15.0,18.0,3.0,OK,2026-07-02T05:00:00+00:00,60505.8,0.5993,True,-0.0139,False,-1.2529,False,-1.978,False
2026-07-02T06:55:38.907403+00:00,decision_debug,ETH/USDT,SHORT,NO TRADE,0.0,56.0,E,BULLISH,12.0,0.0,15.0,17.0,2.0,OK,2026-07-02T05:00:00+00:00,1626.68,0.6406,True,0.1039,True,-1.2141,False,-4.6002,False
2026-07-02T07:00:42.664264+00:00,decision_debug,BTC/USDT,SHORT,NO TRADE,0.0,62.0,E,BULLISH,9.0,3.0,12.0,16.0,4.0,OK,2026-07-02T06:00:00+00:00,60274.4,-0.3978,False,-1.496,False,-1.7873,False,-2.2127,False
2026-07-02T07:00:43.383616+00:00,decision_debug,ETH/USDT,SHORT,NO TRADE,0.0,71.0,E,BULLISH,9.0,3.0,13.0,20.0,7.0,OK,2026-07-02T06:00:00+00:00,1619.08,-0.365,False,-1.4916,False,-1.9394,False,-4.8064,False
2026-07-02T07:05:47.300154+00:00,decision_debug,BTC/USDT,SHORT,NO TRADE,0.0,62.0,E,BULLISH,9.0,3.0,12.0,16.0,4.0,OK,2026-07-02T06:00:00+00:00,60274.4,-0.3978,False,-1.496,False,-1.7873,False,-2.2127,False
2026-07-02T07:05:48.285832+00:00,decision_debug,ETH/USDT,SHORT,NO TRADE,0.0,62.0,E,BULLISH,9.0,3.0,12.0,16.0,4.0,OK,2026-07-02T06:00:00+00:00,1619.08,-0.365,False,-1.4916,False,-1.9394,False,-4.8064,False
2026-07-02T07:10:53.381562+00:00,decision_debug,BTC/USDT,SHORT,NO TRADE,0.0,62.0,E,BULLISH,9.0,3.0,12.0,16.0,4.0,OK,2026-07-02T06:00:00+00:00,60274.4,-0.3978,False,-1.496,False,-1.7873,False,-2.2127,False
2026-07-02T07:10:54.259929+00:00,decision_debug,ETH/USDT,SHORT,NO TRADE,0.0,71.0,E,BULLISH,9.0,3.0,13.0,20.0,7.0,OK,2026-07-02T06:00:00+00:00,1619.08,-0.365,False,-1.4916,False,-1.9394,False,-4.8064,False
2026-07-02T07:15:59.681189+00:00,decision_debug,BTC/USDT,SHORT,NO TRADE,0.0,62.0,E,BULLISH,9.0,3.0,12.0,16.0,4.0,OK,2026-07-02T06:00:00+00:00,60274.4,-0.3978,False,-1.496,False,-1.7873,False,-2.2127,False
2026-07-02T07:16:00.496967+00:00,decision_debug,ETH/USDT,SHORT,NO TRADE,0.0,62.0,E,BULLISH,9.0,3.0,12.0,16.0,4.0,OK,2026-07-02T06:00:00+00:00,1619.08,-0.365,False,-1.4916,False,-1.9394,False,-4.8064,False
2026-07-02T07:21:04.409818+00:00,decision_debug,BTC/USDT,SHORT,NO TRADE,0.0,62.0,E,BULLISH,9.0,3.0,12.0,16.0,4.0,OK,2026-07-02T06:00:00+00:00,60274.4,-0.3978,False,-1.496,False,-1.7873,False,-2.2127,False
2026-07-02T07:21:05.226947+00:00,decision_debug,ETH/USDT,SHORT,NO TRADE,0.0,62.0,E,BULLISH,9.0,3.0,12.0,16.0,4.0,OK,2026-07-02T06:00:00+00:00,1619.08,-0.365,False,-1.4916,False,-1.9394,False,-4.8064,False
2026-07-02T07:26:10.382311+00:00,decision_debug,BTC/USDT,SHORT,NO TRADE,0.0,62.0,E,BULLISH,9.0,3.0,12.0,16.0,4.0,OK,2026-07-02T06:00:00+00:00,60274.4,-0.3978,False,-1.496,False,-1.7873,False,-2.2127,False
2026-07-02T07:26:11.202568+00:00,decision_debug,ETH/USDT,SHORT,NO TRADE,0.0,62.0,E,BULLISH,9.0,3.0,12.0,16.0,4.0,OK,2026-07-02T06:00:00+00:00,1619.08,-0.365,False,-1.4916,False,-1.9394,False,-4.8064,False
2026-07-02T07:31:15.659444+00:00,decision_debug,BTC/USDT,SHORT,NO TRADE,0.0,62.0,E,BULLISH,9.0,3.0,12.0,16.0,4.0,OK,2026-07-02T06:00:00+00:00,60274.4,-0.3978,False,-1.496,False,-1.7873,False,-2.2127,False
2026-07-02T07:31:16.493841+00:00,decision_debug,ETH/USDT,SHORT,NO TRADE,0.0,62.0,E,BULLISH,9.0,3.0,12.0,16.0,4.0,OK,2026-07-02T06:00:00+00:00,1619.08,-0.365,False,-1.4916,False,-1.9394,False,-4.8064,False
2026-07-02T07:36:20.625061+00:00,decision_debug,BTC/USDT,SHORT,NO TRADE,0.0,62.0,E,BULLISH,9.0,3.0,12.0,16.0,4.0,OK,2026-07-02T06:00:00+00:00,60274.4,-0.3978,False,-1.496,False,-1.7873,False,-2.2127,False
2026-07-02T07:36:21.460227+00:00,decision_debug,ETH/USDT,SHORT,NO TRADE,0.0,62.0,E,BULLISH,9.0,3.0,12.0,16.0,4.0,OK,2026-07-02T06:00:00+00:00,1619.08,-0.365,False,-1.4916,False,-1.9394,False,-4.8064,False
2026-07-02T07:41:25.524070+00:00,decision_debug,BTC/USDT,SHORT,NO TRADE,0.0,62.0,E,BULLISH,9.0,3.0,12.0,16.0,4.0,OK,2026-07-02T06:00:00+00:00,60274.4,-0.3978,False,-1.496,False,-1.7873,False,-2.2127,False
2026-07-02T07:41:26.390275+00:00,decision_debug,ETH/USDT,SHORT,NO TRADE,0.0,62.0,E,BULLISH,9.0,3.0,12.0,16.0,4.0,OK,2026-07-02T06:00:00+00:00,1619.08,-0.365,False,-1.4916,False,-1.9394,False,-4.8064,False
2026-07-02T07:46:30.113241+00:00,decision_debug,BTC/USDT,SHORT,NO TRADE,0.0,62.0,E,BULLISH,9.0,3.0,12.0,16.0,4.0,OK,2026-07-02T06:00:00+00:00,60274.4,-0.3978,False,-1.496,False,-1.7873,False,-2.2127,False
2026-07-02T07:46:31.424015+00:00,decision_debug,ETH/USDT,SHORT,NO TRADE,0.0,62.0,E,BULLISH,9.0,3.0,12.0,16.0,4.0,OK,2026-07-02T06:00:00+00:00,1619.08,-0.365,False,-1.4916,False,-1.9394,False,-4.8064,False
2026-07-02T07:51:35.393799+00:00,decision_debug,BTC/USDT,SHORT,NO TRADE,0.0,62.0,E,BULLISH,9.0,3.0,12.0,16.0,4.0,OK,2026-07-02T06:00:00+00:00,60274.4,-0.3978,False,-1.496,False,-1.7873,False,-2.2127,False
2026-07-02T07:51:36.462753+00:00,decision_debug,ETH/USDT,SHORT,NO TRADE,0.0,62.0,E,BULLISH,9.0,3.0,12.0,16.0,4.0,OK,2026-07-02T06:00:00+00:00,1619.08,-0.365,False,-1.4916,False,-1.9394,False,-4.8064,False
2026-07-02T07:51:37.525331+00:00,decision_debug,SOL/USDT,SHORT,NO TRADE,0.0,56.0,E,BULLISH,9.0,7.0,19.0,21.0,2.0,OK,2026-07-02T06:00:00+00:00,77.91,-0.7444,False,-2.0151,False,-5.7502,False,-3.7864,False
2026-07-02T07:56:39.614981+00:00,decision_debug,BTC/USDT,SHORT,NO TRADE,0.0,62.0,E,BULLISH,9.0,3.0,12.0,16.0,4.0,OK,2026-07-02T06:00:00+00:00,60274.4,-0.3978,False,-1.496,False,-1.7873,False,-2.2127,False
2026-07-02T07:56:40.330140+00:00,decision_debug,ETH/USDT,SHORT,NO TRADE,0.0,62.0,E,BULLISH,9.0,3.0,12.0,16.0,4.0,OK,2026-07-02T06:00:00+00:00,1619.08,-0.365,False,-1.4916,False,-1.9394,False,-4.8064,False
2026-07-02T08:01:43.442199+00:00,decision_debug,BTC/USDT,SHORT,NO TRADE,0.0,62.0,E,BULLISH,9.0,3.0,12.0,16.0,4.0,OK,2026-07-02T07:00:00+00:00,60143.2,-1.7174,False,-1.8634,False,-2.3253,False,-2.5497,False
2026-07-02T08:01:44.329177+00:00,decision_debug,ETH/USDT,SHORT,NO TRADE,0.0,62.0,E,BULLISH,9.0,3.0,12.0,16.0,4.0,OK,2026-07-02T07:00:00+00:00,1616.26,-1.6687,False,-1.8667,False,-2.8752,False,-5.1551,False
2026-07-02T08:06:47.745009+00:00,decision_debug,BTC/USDT,SHORT,NO TRADE,0.0,62.0,E,BULLISH,9.0,3.0,12.0,16.0,4.0,OK,2026-07-02T07:00:00+00:00,60143.2,-1.7174,False,-1.8634,False,-2.3253,False,-2.5497,False
2026-07-02T08:06:49.459927+00:00,decision_debug,ETH/USDT,SHORT,NO TRADE,0.0,62.0,E,BULLISH,9.0,3.0,12.0,16.0,4.0,OK,2026-07-02T07:00:00+00:00,1616.26,-1.6687,False,-1.8667,False,-2.8752,False,-5.1551,False
2026-07-02T08:06:51.023560+00:00,decision_debug,SOL/USDT,SHORT,NO TRADE,0.0,56.0,E,BULLISH,9.0,7.0,19.0,21.0,2.0,OK,2026-07-02T07:00:00+00:00,77.99,-1.9105,False,-5.2571,False,-4.3852,False,-3.2953,False
2026-07-02T08:11:53.102940+00:00,decision_debug,BTC/USDT,SHORT,NO TRADE,0.0,62.0,E,BULLISH,9.0,3.0,12.0,16.0,4.0,OK,2026-07-02T07:00:00+00:00,60143.2,-1.7174,False,-1.8634,False,-2.3253,False,-2.5497,False
2026-07-02T08:11:53.875201+00:00,decision_debug,ETH/USDT,SHORT,NO TRADE,0.0,62.0,E,BULLISH,9.0,3.0,12.0,16.0,4.0,OK,2026-07-02T07:00:00+00:00,1616.26,-1.6687,False,-1.8667,False,-2.8752,False,-5.1551,False
2026-07-02T08:16:56.860026+00:00,decision_debug,BTC/USDT,SHORT,NO TRADE,0.0,62.0,E,BULLISH,9.0,3.0,12.0,16.0,4.0,OK,2026-07-02T07:00:00+00:00,60143.2,-1.7174,False,-1.8634,False,-2.3253,False,-2.5497,False
2026-07-02T08:16:57.585474+00:00,decision_debug,ETH/USDT,SHORT,NO TRADE,0.0,62.0,E,BULLISH,9.0,3.0,12.0,16.0,4.0,OK,2026-07-02T07:00:00+00:00,1616.26,-1.6687,False,-1.8667,False,-2.8752,False,-5.1551,False
2026-07-02T08:16:58.303537+00:00,decision_debug,SOL/USDT,SHORT,NO TRADE,0.0,56.0,E,BULLISH,9.0,7.0,19.0,21.0,2.0,OK,2026-07-02T07:00:00+00:00,77.99,-1.9105,False,-5.2571,False,-4.3852,False,-3.2953,False
2026-07-02T08:22:00.446341+00:00,decision_debug,BTC/USDT,SHORT,NO TRADE,0.0,62.0,E,BULLISH,9.0,3.0,12.0,16.0,4.0,OK,2026-07-02T07:00:00+00:00,60143.2,-1.7174,False,-1.8634,False,-2.3253,False,-2.5497,False
2026-07-02T08:22:01.258206+00:00,decision_debug,ETH/USDT,SHORT,NO TRADE,0.0,62.0,E,BULLISH,9.0,3.0,12.0,16.0,4.0,OK,2026-07-02T07:00:00+00:00,1616.26,-1.6687,False,-1.8667,False,-2.8752,False,-5.1551,False
2026-07-02T08:22:03.440398+00:00,decision_debug,SOL/USDT,SHORT,NO TRADE,0.0,56.0,E,BULLISH,9.0,7.0,19.0,21.0,2.0,OK,2026-07-02T07:00:00+00:00,77.99,-1.9105,False,-5.2571,False,-4.3852,False,-3.2953,False
2026-07-02T08:27:06.856748+00:00,decision_debug,BTC/USDT,SHORT,NO TRADE,0.0,71.0,E,BULLISH,9.0,3.0,13.0,20.0,7.0,OK,2026-07-02T07:00:00+00:00,60143.2,-1.7174,False,-1.8634,False,-2.3253,False,-2.5497,False
2026-07-02T08:27:07.673004+00:00,decision_debug,ETH/USDT,SHORT,NO TRADE,0.0,71.0,E,BULLISH,9.0,3.0,13.0,20.0,7.0,OK,2026-07-02T07:00:00+00:00,1616.26,-1.6687,False,-1.8667,False,-2.8752,False,-5.1551,False
2026-07-02T08:27:08.387081+00:00,decision_debug,SOL/USDT,SHORT,NO TRADE,0.0,56.0,E,BULLISH,9.0,7.0,19.0,21.0,2.0,OK,2026-07-02T07:00:00+00:00,77.99,-1.9105,False,-5.2571,False,-4.3852,False,-3.2953,False
2026-07-02T08:32:11.739235+00:00,decision_debug,BTC/USDT,SHORT,NO TRADE,0.0,71.0,E,BULLISH,9.0,3.0,13.0,20.0,7.0,OK,2026-07-02T07:00:00+00:00,60143.2,-1.7174,False,-1.8634,False,-2.3253,False,-2.5497,False
2026-07-02T08:32:12.480934+00:00,decision_debug,ETH/USDT,SHORT,NO TRADE,0.0,71.0,E,BULLISH,9.0,3.0,13.0,20.0,7.0,OK,2026-07-02T07:00:00+00:00,1616.26,-1.6687,False,-1.8667,False,-2.8752,False,-5.1551,False
2026-07-02T08:32:13.401756+00:00,decision_debug,SOL/USDT,SHORT,NO TRADE,0.0,56.0,E,BULLISH,9.0,7.0,19.0,21.0,2.0,OK,2026-07-02T07:00:00+00:00,77.99,-1.9105,False,-5.2571,False,-4.3852,False,-3.2953,False
2026-07-02T08:37:16.868290+00:00,decision_debug,BTC/USDT,SHORT,NO TRADE,0.0,71.0,E,BULLISH,9.0,3.0,13.0,20.0,7.0,OK,2026-07-02T07:00:00+00:00,60143.2,-1.7174,False,-1.8634,False,-2.3253,False,-2.5497,False
2026-07-02T08:37:17.592509+00:00,decision_debug,ETH/USDT,SHORT,NO TRADE,0.0,71.0,E,BULLISH,9.0,3.0,13.0,20.0,7.0,OK,2026-07-02T07:00:00+00:00,1616.26,-1.6687,False,-1.8667,False,-2.8752,False,-5.1551,False
2026-07-02T08:37:18.307226+00:00,decision_debug,SOL/USDT,SHORT,NO TRADE,0.0,56.0,E,BULLISH,9.0,7.0,19.0,21.0,2.0,OK,2026-07-02T07:00:00+00:00,77.99,-1.9105,False,-5.2571,False,-4.3852,False,-3.2953,False
2026-07-02T08:42:21.778268+00:00,decision_debug,BTC/USDT,SHORT,NO TRADE,0.0,71.0,E,BULLISH,9.0,3.0,13.0,20.0,7.0,OK,2026-07-02T07:00:00+00:00,60143.2,-1.7174,False,-1.8634,False,-2.3253,False,-2.5497,False
2026-07-02T08:42:22.594732+00:00,decision_debug,ETH/USDT,SHORT,NO TRADE,0.0,71.0,E,BULLISH,9.0,3.0,13.0,20.0,7.0,OK,2026-07-02T07:00:00+00:00,1616.26,-1.6687,False,-1.8667,False,-2.8752,False,-5.1551,False
2026-07-02T08:42:23.315327+00:00,decision_debug,SOL/USDT,SHORT,NO TRADE,0.0,56.0,E,BULLISH,9.0,7.0,19.0,21.0,2.0,OK,2026-07-02T07:00:00+00:00,77.99,-1.9105,False,-5.2571,False,-4.3852,False,-3.2953,False
2026-07-02T08:47:26.423759+00:00,decision_debug,BTC/USDT,SHORT,NO TRADE,0.0,71.0,E,BULLISH,9.0,3.0,13.0,20.0,7.0,OK,2026-07-02T07:00:00+00:00,60143.2,-1.7174,False,-1.8634,False,-2.3253,False,-2.5497,False
2026-07-02T08:47:27.148893+00:00,decision_debug,ETH/USDT,SHORT,NO TRADE,0.0,71.0,E,BULLISH,9.0,3.0,13.0,20.0,7.0,OK,2026-07-02T07:00:00+00:00,1616.26,-1.6687,False,-1.8667,False,-2.8752,False,-5.1551,False
2026-07-02T08:47:27.869388+00:00,decision_debug,SOL/USDT,SHORT,NO TRADE,0.0,56.0,E,BULLISH,9.0,7.0,19.0,21.0,2.0,OK,2026-07-02T07:00:00+00:00,77.99,-1.9105,False,-5.2571,False,-4.3852,False,-3.2953,False
2026-07-02T08:52:31.363148+00:00,decision_debug,BTC/USDT,SHORT,NO TRADE,0.0,71.0,E,BULLISH,9.0,3.0,13.0,20.0,7.0,OK,2026-07-02T07:00:00+00:00,60143.2,-1.7174,False,-1.8634,False,-2.3253,False,-2.5497,False
2026-07-02T08:52:32.183936+00:00,decision_debug,ETH/USDT,SHORT,NO TRADE,0.0,71.0,E,BULLISH,9.0,3.0,13.0,20.0,7.0,OK,2026-07-02T07:00:00+00:00,1616.26,-1.6687,False,-1.8667,False,-2.8752,False,-5.1551,False
2026-07-02T08:52:32.903356+00:00,decision_debug,SOL/USDT,SHORT,NO TRADE,0.0,56.0,E,BULLISH,9.0,7.0,19.0,21.0,2.0,OK,2026-07-02T07:00:00+00:00,77.99,-1.9105,False,-5.2571,False,-4.3852,False,-3.2953,False
2026-07-02T08:57:36.210552+00:00,decision_debug,BTC/USDT,SHORT,NO TRADE,0.0,71.0,E,BULLISH,9.0,3.0,13.0,20.0,7.0,OK,2026-07-02T07:00:00+00:00,60143.2,-1.7174,False,-1.8634,False,-2.3253,False,-2.5497,False
2026-07-02T08:57:36.967125+00:00,decision_debug,ETH/USDT,SHORT,NO TRADE,0.0,71.0,E,BULLISH,9.0,3.0,13.0,20.0,7.0,OK,2026-07-02T07:00:00+00:00,1616.26,-1.6687,False,-1.8667,False,-2.8752,False,-5.1551,False
2026-07-02T08:57:37.718448+00:00,decision_debug,SOL/USDT,SHORT,NO TRADE,0.0,56.0,E,BULLISH,9.0,7.0,19.0,21.0,2.0,OK,2026-07-02T07:00:00+00:00,77.99,-1.9105,False,-5.2571,False,-4.3852,False,-3.2953,False
2026-07-02T09:02:42.022445+00:00,decision_debug,BTC/USDT,SHORT,NO TRADE,0.0,62.0,E,BULLISH,9.0,3.0,12.0,16.0,4.0,OK,2026-07-02T08:00:00+00:00,60514.2,-1.2389,False,-1.384,False,-2.3623,False,-1.9073,False
2026-07-02T09:02:43.582731+00:00,decision_debug,ETH/USDT,SHORT,NO TRADE,0.0,62.0,E,BULLISH,9.0,3.0,12.0,16.0,4.0,OK,2026-07-02T08:00:00+00:00,1624.99,-1.3194,False,-1.5686,False,-5.2782,False,-4.3526,False
2026-07-02T09:02:44.748245+00:00,decision_debug,SOL/USDT,SHORT,NO TRADE,0.0,56.0,E,BULLISH,9.0,7.0,19.0,21.0,2.0,OK,2026-07-02T08:00:00+00:00,78.49,-4.5866,False,-4.9688,False,-3.8476,False,-2.7519,False
2026-07-02T09:07:48.682433+00:00,decision_debug,BTC/USDT,SHORT,NO TRADE,0.0,62.0,E,BULLISH,9.0,3.0,12.0,16.0,4.0,OK,2026-07-02T08:00:00+00:00,60514.2,-1.2389,False,-1.384,False,-2.3623,False,-1.9073,False
2026-07-02T09:07:49.443195+00:00,decision_debug,ETH/USDT,SHORT,NO TRADE,0.0,62.0,E,BULLISH,9.0,3.0,12.0,16.0,4.0,OK,2026-07-02T08:00:00+00:00,1624.99,-1.3194,False,-1.5686,False,-5.2782,False,-4.3526,False
2026-07-02T09:12:53.502737+00:00,decision_debug,BTC/USDT,SHORT,NO TRADE,0.0,62.0,E,BULLISH,9.0,3.0,12.0,16.0,4.0,OK,2026-07-02T08:00:00+00:00,60514.2,-1.2389,False,-1.384,False,-2.3623,False,-1.9073,False
2026-07-02T09:12:54.223714+00:00,decision_debug,ETH/USDT,SHORT,NO TRADE,0.0,62.0,E,BULLISH,9.0,3.0,12.0,16.0,4.0,OK,2026-07-02T08:00:00+00:00,1624.99,-1.3194,False,-1.5686,False,-5.2782,False,-4.3526,False
2026-07-02T09:12:55.054380+00:00,decision_debug,SOL/USDT,SHORT,NO TRADE,0.0,56.0,E,BULLISH,9.0,7.0,19.0,21.0,2.0,OK,2026-07-02T08:00:00+00:00,78.49,-4.5866,False,-4.9688,False,-3.8476,False,-2.7519,False
2026-07-02T09:17:58.978326+00:00,decision_debug,BTC/USDT,SHORT,NO TRADE,0.0,62.0,E,BULLISH,9.0,3.0,12.0,16.0,4.0,OK,2026-07-02T08:00:00+00:00,60514.2,-1.2389,False,-1.384,False,-2.3623,False,-1.9073,False
2026-07-02T09:17:59.880764+00:00,decision_debug,ETH/USDT,SHORT,NO TRADE,0.0,62.0,E,BULLISH,9.0,3.0,12.0,16.0,4.0,OK,2026-07-02T08:00:00+00:00,1624.99,-1.3194,False,-1.5686,False,-5.2782,False,-4.3526,False
2026-07-02T09:18:00.660841+00:00,decision_debug,SOL/USDT,SHORT,NO TRADE,0.0,56.0,E,BULLISH,9.0,7.0,19.0,21.0,2.0,OK,2026-07-02T08:00:00+00:00,78.49,-4.5866,False,-4.9688,False,-3.8476,False,-2.7519,False
2026-07-02T09:23:04.296469+00:00,decision_debug,BTC/USDT,SHORT,NO TRADE,0.0,62.0,E,BULLISH,9.0,3.0,12.0,16.0,4.0,OK,2026-07-02T08:00:00+00:00,60514.2,-1.2389,False,-1.384,False,-2.3623,False,-1.9073,False
2026-07-02T09:23:05.135528+00:00,decision_debug,ETH/USDT,SHORT,NO TRADE,0.0,62.0,E,BULLISH,9.0,3.0,12.0,16.0,4.0,OK,2026-07-02T08:00:00+00:00,1624.99,-1.3194,False,-1.5686,False,-5.2782,False,-4.3526,False
2026-07-02T09:23:06.030735+00:00,decision_debug,SOL/USDT,SHORT,NO TRADE,0.0,56.0,E,BULLISH,9.0,7.0,19.0,21.0,2.0,OK,2026-07-02T08:00:00+00:00,78.49,-4.5866,False,-4.9688,False,-3.8476,False,-2.7519,False
2026-07-02T09:28:09.741193+00:00,decision_debug,BTC/USDT,SHORT,NO TRADE,0.0,62.0,E,BULLISH,9.0,3.0,12.0,16.0,4.0,OK,2026-07-02T08:00:00+00:00,60514.2,-1.2389,False,-1.384,False,-2.3623,False,-1.9073,False
2026-07-02T09:28:10.607302+00:00,decision_debug,ETH/USDT,SHORT,NO TRADE,0.0,77.0,E,BULLISH,9.0,3.0,13.0,22.0,9.0,OK,2026-07-02T08:00:00+00:00,1624.99,-1.3194,False,-1.5686,False,-5.2782,False,-4.3526,False
2026-07-02T09:28:11.501422+00:00,decision_debug,SOL/USDT,SHORT,NO TRADE,0.0,56.0,E,BULLISH,9.0,7.0,19.0,21.0,2.0,OK,2026-07-02T08:00:00+00:00,78.49,-4.5866,False,-4.9688,False,-3.8476,False,-2.7519,False
2026-07-02T09:33:15.299744+00:00,decision_debug,BTC/USDT,SHORT,NO TRADE,0.0,77.0,E,BULLISH,9.0,3.0,13.0,22.0,9.0,OK,2026-07-02T08:00:00+00:00,60514.2,-1.2389,False,-1.384,False,-2.3623,False,-1.9073,False
2026-07-02T09:33:16.043408+00:00,decision_debug,ETH/USDT,SHORT,NO TRADE,0.0,77.0,E,BULLISH,9.0,3.0,13.0,22.0,9.0,OK,2026-07-02T08:00:00+00:00,1624.99,-1.3194,False,-1.5686,False,-5.2782,False,-4.3526,False
2026-07-02T09:38:19.276206+00:00,decision_debug,BTC/USDT,SHORT,NO TRADE,0.0,77.0,E,BULLISH,9.0,3.0,13.0,22.0,9.0,OK,2026-07-02T08:00:00+00:00,60514.2,-1.2389,False,-1.384,False,-2.3623,False,-1.9073,False
2026-07-02T09:38:19.994121+00:00,decision_debug,ETH/USDT,SHORT,NO TRADE,0.0,68.0,E,BULLISH,12.0,0.0,15.0,21.0,6.0,OK,2026-07-02T08:00:00+00:00,1624.99,-1.3194,False,-1.5686,False,-5.2782,False,-4.3526,False
2026-07-02T09:43:23.352094+00:00,decision_debug,BTC/USDT,SHORT,NO TRADE,0.0,68.0,E,BULLISH,12.0,0.0,15.0,21.0,6.0,OK,2026-07-02T08:00:00+00:00,60514.2,-1.2389,False,-1.384,False,-2.3623,False,-1.9073,False
2026-07-02T09:43:24.749559+00:00,decision_debug,ETH/USDT,SHORT,NO TRADE,0.0,68.0,E,BULLISH,12.0,0.0,15.0,21.0,6.0,OK,2026-07-02T08:00:00+00:00,1624.99,-1.3194,False,-1.5686,False,-5.2782,False,-4.3526,False
2026-07-02T09:48:28.474550+00:00,decision_debug,BTC/USDT,SHORT,NO TRADE,0.0,68.0,E,BULLISH,12.0,0.0,15.0,21.0,6.0,OK,2026-07-02T08:00:00+00:00,60514.2,-1.2389,False,-1.384,False,-2.3623,False,-1.9073,False
2026-07-02T09:48:29.331566+00:00,decision_debug,ETH/USDT,SHORT,NO TRADE,0.0,68.0,E,BULLISH,12.0,0.0,15.0,21.0,6.0,OK,2026-07-02T08:00:00+00:00,1624.99,-1.3194,False,-1.5686,False,-5.2782,False,-4.3526,False
2026-07-02T09:53:33.696012+00:00,decision_debug,BTC/USDT,SHORT,NO TRADE,0.0,68.0,E,BULLISH,12.0,0.0,15.0,21.0,6.0,OK,2026-07-02T08:00:00+00:00,60514.2,-1.2389,False,-1.384,False,-2.3623,False,-1.9073,False
2026-07-02T09:53:34.411253+00:00,decision_debug,ETH/USDT,SHORT,NO TRADE,0.0,68.0,E,BULLISH,12.0,0.0,15.0,21.0,6.0,OK,2026-07-02T08:00:00+00:00,1624.99,-1.3194,False,-1.5686,False,-5.2782,False,-4.3526,False
2026-07-02T09:58:38.469331+00:00,decision_debug,BTC/USDT,SHORT,NO TRADE,0.0,68.0,E,BULLISH,12.0,0.0,15.0,21.0,6.0,OK,2026-07-02T08:00:00+00:00,60514.2,-1.2389,False,-1.384,False,-2.3623,False,-1.9073,False
2026-07-02T09:58:39.183664+00:00,decision_debug,ETH/USDT,SHORT,NO TRADE,0.0,68.0,E,BULLISH,12.0,0.0,15.0,21.0,6.0,OK,2026-07-02T08:00:00+00:00,1624.99,-1.3194,False,-1.5686,False,-5.2782,False,-4.3526,False
2026-07-02T10:03:43.204609+00:00,decision_debug,BTC/USDT,SHORT,NO TRADE,0.0,68.0,E,BULLISH,12.0,0.0,15.0,21.0,6.0,OK,2026-07-02T09:00:00+00:00,61176.1,-0.287,False,-0.5976,False,-0.8606,False,-0.9543,False
2026-07-02T10:03:43.923032+00:00,decision_debug,ETH/USDT,SHORT,NO TRADE,0.0,68.0,E,BULLISH,12.0,0.0,15.0,21.0,6.0,OK,2026-07-02T09:00:00+00:00,1643.23,-0.4412,False,-1.1867,False,-3.5467,False,-3.5838,False
2026-07-02T10:08:47.878191+00:00,decision_debug,BTC/USDT,SHORT,NO TRADE,0.0,68.0,E,BULLISH,12.0,0.0,15.0,21.0,6.0,OK,2026-07-02T09:00:00+00:00,61176.1,-0.287,False,-0.5976,False,-0.8606,False,-0.9543,False
2026-07-02T10:08:48.687028+00:00,decision_debug,ETH/USDT,SHORT,NO TRADE,0.0,68.0,E,BULLISH,12.0,0.0,15.0,21.0,6.0,OK,2026-07-02T09:00:00+00:00,1643.23,-0.4412,False,-1.1867,False,-3.5467,False,-3.5838,False
2026-07-02T10:13:52.507854+00:00,decision_debug,BTC/USDT,SHORT,NO TRADE,0.0,68.0,E,BULLISH,12.0,0.0,15.0,21.0,6.0,OK,2026-07-02T09:00:00+00:00,61176.1,-0.287,False,-0.5976,False,-0.8606,False,-0.9543,False
2026-07-02T10:13:53.225490+00:00,decision_debug,ETH/USDT,SHORT,NO TRADE,0.0,68.0,E,BULLISH,12.0,0.0,15.0,21.0,6.0,OK,2026-07-02T09:00:00+00:00,1643.23,-0.4412,False,-1.1867,False,-3.5467,False,-3.5838,False
2026-07-02T10:18:57.156086+00:00,decision_debug,BTC/USDT,SHORT,NO TRADE,0.0,68.0,E,BULLISH,12.0,0.0,15.0,21.0,6.0,OK,2026-07-02T09:00:00+00:00,61176.1,-0.287,False,-0.5976,False,-0.8606,False,-0.9543,False
2026-07-02T10:18:57.970807+00:00,decision_debug,ETH/USDT,SHORT,NO TRADE,0.0,68.0,E,BULLISH,12.0,0.0,15.0,21.0,6.0,OK,2026-07-02T09:00:00+00:00,1643.23,-0.4412,False,-1.1867,False,-3.5467,False,-3.5838,False
2026-07-02T10:24:01.217850+00:00,decision_debug,BTC/USDT,SHORT,NO TRADE,0.0,68.0,E,BULLISH,12.0,0.0,15.0,21.0,6.0,OK,2026-07-02T09:00:00+00:00,61176.1,-0.287,False,-0.5976,False,-0.8606,False,-0.9543,False
2026-07-02T10:24:02.657646+00:00,decision_debug,ETH/USDT,SHORT,NO TRADE,0.0,68.0,E,BULLISH,12.0,0.0,15.0,21.0,6.0,OK,2026-07-02T09:00:00+00:00,1643.23,-0.4412,False,-1.1867,False,-3.5467,False,-3.5838,False
2026-07-02T10:29:05.694282+00:00,decision_debug,BTC/USDT,SHORT,NO TRADE,0.0,68.0,E,BULLISH,12.0,0.0,15.0,21.0,6.0,OK,2026-07-02T09:00:00+00:00,61176.1,-0.287,False,-0.5976,False,-0.8606,False,-0.9543,False
2026-07-02T10:29:06.668646+00:00,decision_debug,ETH/USDT,SHORT,NO TRADE,0.0,68.0,E,BULLISH,12.0,0.0,15.0,21.0,6.0,OK,2026-07-02T09:00:00+00:00,1643.23,-0.4412,False,-1.1867,False,-3.5467,False,-3.5838,False
2026-07-02T10:34:09.640917+00:00,decision_debug,BTC/USDT,SHORT,NO TRADE,0.0,68.0,E,BULLISH,12.0,0.0,15.0,21.0,6.0,OK,2026-07-02T09:00:00+00:00,61176.1,-0.287,False,-0.5976,False,-0.8606,False,-0.9543,False
2026-07-02T10:34:10.486427+00:00,decision_debug,ETH/USDT,SHORT,NO TRADE,0.0,68.0,E,BULLISH,12.0,0.0,15.0,21.0,6.0,OK,2026-07-02T09:00:00+00:00,1643.23,-0.4412,False,-1.1867,False,-3.5467,False,-3.5838,False
2026-07-02T10:39:13.506896+00:00,decision_debug,BTC/USDT,SHORT,NO TRADE,0.0,68.0,E,BULLISH,12.0,0.0,15.0,21.0,6.0,OK,2026-07-02T09:00:00+00:00,61176.1,-0.287,False,-0.5976,False,-0.8606,False,-0.9543,False
2026-07-02T10:39:14.873328+00:00,decision_debug,ETH/USDT,SHORT,NO TRADE,0.0,68.0,E,BULLISH,12.0,0.0,15.0,21.0,6.0,OK,2026-07-02T09:00:00+00:00,1643.23,-0.4412,False,-1.1867,False,-3.5467,False,-3.5838,False
2026-07-02T10:44:19.124121+00:00,decision_debug,BTC/USDT,SHORT,NO TRADE,0.0,68.0,E,BULLISH,12.0,0.0,15.0,21.0,6.0,OK,2026-07-02T09:00:00+00:00,61176.1,-0.287,False,-0.5976,False,-0.8606,False,-0.9543,False
2026-07-02T10:44:20.145504+00:00,decision_debug,ETH/USDT,SHORT,NO TRADE,0.0,68.0,E,BULLISH,12.0,0.0,15.0,21.0,6.0,OK,2026-07-02T09:00:00+00:00,1643.23,-0.4412,False,-1.1867,False,-3.5467,False,-3.5838,False
2026-07-02T10:49:23.121906+00:00,decision_debug,BTC/USDT,SHORT,NO TRADE,0.0,68.0,E,BULLISH,12.0,0.0,15.0,21.0,6.0,OK,2026-07-02T09:00:00+00:00,61176.1,-0.287,False,-0.5976,False,-0.8606,False,-0.9543,False
2026-07-02T10:49:23.945522+00:00,decision_debug,ETH/USDT,SHORT,NO TRADE,0.0,68.0,E,BULLISH,12.0,0.0,15.0,21.0,6.0,OK,2026-07-02T09:00:00+00:00,1643.23,-0.4412,False,-1.1867,False,-3.5467,False,-3.5838,False
2026-07-02T10:54:27.572064+00:00,decision_debug,BTC/USDT,SHORT,NO TRADE,0.0,68.0,E,BULLISH,12.0,0.0,15.0,21.0,6.0,OK,2026-07-02T09:00:00+00:00,61176.1,-0.287,False,-0.5976,False,-0.8606,False,-0.9543,False
2026-07-02T10:54:28.451011+00:00,decision_debug,ETH/USDT,SHORT,NO TRADE,0.0,68.0,E,BULLISH,12.0,0.0,15.0,21.0,6.0,OK,2026-07-02T09:00:00+00:00,1643.23,-0.4412,False,-1.1867,False,-3.5467,False,-3.5838,False
2026-07-02T10:56:28.461610+00:00,decision_debug,BTC/USDT,SHORT,NO TRADE,0.0,68.0,E,BULLISH,12.0,0.0,15.0,21.0,6.0,OK,2026-07-02T09:00:00+00:00,61176.1,-0.287,False,-0.5976,False,-0.8606,False,-0.9543,False
2026-07-02T10:56:29.180641+00:00,decision_debug,ETH/USDT,SHORT,NO TRADE,0.0,68.0,E,BULLISH,12.0,0.0,15.0,21.0,6.0,OK,2026-07-02T09:00:00+00:00,1643.23,-0.4412,False,-1.1867,False,-3.5467,False,-3.5838,False
2026-07-02T10:58:02.476749+00:00,decision_debug,BTC/USDT,SHORT,NO TRADE,0.0,68.0,E,BULLISH,12.0,0.0,15.0,21.0,6.0,OK,2026-07-02T09:00:00+00:00,61176.1,-0.287,False,-0.5976,False,-0.8606,False,-0.9543,False
2026-07-02T10:58:03.192263+00:00,decision_debug,ETH/USDT,SHORT,NO TRADE,0.0,68.0,E,BULLISH,12.0,0.0,15.0,21.0,6.0,OK,2026-07-02T09:00:00+00:00,1643.23,-0.4412,False,-1.1867,False,-3.5467,False,-3.5838,False
2026-07-02T11:01:37.669864+00:00,decision_debug,BTC/USDT,SHORT,NO TRADE,0.0,68.0,E,BULLISH,12.0,0.0,15.0,21.0,6.0,OK,2026-07-02T10:00:00+00:00,61263.9,-0.4534,False,-1.1096,False,-0.5618,False,-0.3369,False
2026-07-02T11:01:38.485738+00:00,decision_debug,ETH/USDT,SHORT,NO TRADE,0.0,68.0,E,BULLISH,12.0,0.0,15.0,21.0,6.0,OK,2026-07-02T10:00:00+00:00,1646.43,-0.99,False,-3.9072,False,-3.0654,False,-3.2689,False
2026-07-02T11:03:06.398559+00:00,decision_debug,BTC/USDT,SHORT,NO TRADE,0.0,68.0,E,BULLISH,12.0,0.0,15.0,21.0,6.0,OK,2026-07-02T10:00:00+00:00,61263.9,-0.4534,False,-1.1096,False,-0.5618,False,-0.3369,False
2026-07-02T11:03:07.118446+00:00,decision_debug,ETH/USDT,SHORT,NO TRADE,0.0,68.0,E,BULLISH,12.0,0.0,15.0,21.0,6.0,OK,2026-07-02T10:00:00+00:00,1646.43,-0.99,False,-3.9072,False,-3.0654,False,-3.2689,False
2026-07-02T11:04:19.653796+00:00,decision_debug,BTC/USDT,SHORT,NO TRADE,0.0,68.0,E,BULLISH,12.0,0.0,15.0,21.0,6.0,OK,2026-07-02T10:00:00+00:00,61263.9,-0.4534,False,-1.1096,False,-0.5618,False,-0.3369,False
2026-07-02T11:04:20.475300+00:00,decision_debug,ETH/USDT,SHORT,NO TRADE,0.0,68.0,E,BULLISH,12.0,0.0,15.0,21.0,6.0,OK,2026-07-02T10:00:00+00:00,1646.43,-0.99,False,-3.9072,False,-3.0654,False,-3.2689,False
2026-07-02T11:09:23.483899+00:00,decision_debug,BTC/USDT,SHORT,NO TRADE,0.0,68.0,E,BULLISH,12.0,0.0,15.0,21.0,6.0,OK,2026-07-02T10:00:00+00:00,61263.9,-0.4534,False,-1.1096,False,-0.5618,False,-0.3369,False
2026-07-02T11:09:24.561222+00:00,decision_debug,ETH/USDT,SHORT,NO TRADE,0.0,68.0,E,BULLISH,12.0,0.0,15.0,21.0,6.0,OK,2026-07-02T10:00:00+00:00,1646.43,-0.99,False,-3.9072,False,-3.0654,False,-3.2689,False
2026-07-02T11:14:28.178621+00:00,decision_debug,BTC/USDT,SHORT,NO TRADE,0.0,68.0,E,BULLISH,12.0,0.0,15.0,21.0,6.0,OK,2026-07-02T10:00:00+00:00,61263.9,-0.4534,False,-1.1096,False,-0.5618,False,-0.3369,False
2026-07-02T11:14:29.005239+00:00,decision_debug,ETH/USDT,SHORT,NO TRADE,0.0,71.0,E,BULLISH,12.0,4.0,15.0,22.0,7.0,OK,2026-07-02T10:00:00+00:00,1646.43,-0.99,False,-3.9072,False,-3.0654,False,-3.2689,False
2026-07-02T11:19:32.008331+00:00,decision_debug,BTC/USDT,SHORT,NO TRADE,0.0,68.0,E,BULLISH,12.0,0.0,15.0,21.0,6.0,OK,2026-07-02T10:00:00+00:00,61263.9,-0.4534,False,-1.1096,False,-0.5618,False,-0.3369,False
2026-07-02T11:19:32.874834+00:00,decision_debug,ETH/USDT,SHORT,NO TRADE,0.0,71.0,E,BULLISH,12.0,4.0,15.0,22.0,7.0,OK,2026-07-02T10:00:00+00:00,1646.43,-0.99,False,-3.9072,False,-3.0654,False,-3.2689,False
2026-07-02T11:24:35.716536+00:00,decision_debug,BTC/USDT,SHORT,NO TRADE,0.0,68.0,E,BULLISH,12.0,0.0,15.0,21.0,6.0,OK,2026-07-02T10:00:00+00:00,61263.9,-0.4534,False,-1.1096,False,-0.5618,False,-0.3369,False
2026-07-02T11:24:36.528897+00:00,decision_debug,ETH/USDT,SHORT,NO TRADE,0.0,71.0,E,BULLISH,12.0,4.0,15.0,22.0,7.0,OK,2026-07-02T10:00:00+00:00,1646.43,-0.99,False,-3.9072,False,-3.0654,False,-3.2689,False
2026-07-02T11:29:40.018649+00:00,decision_debug,BTC/USDT,SHORT,NO TRADE,0.0,68.0,E,BULLISH,12.0,0.0,15.0,21.0,6.0,OK,2026-07-02T10:00:00+00:00,61263.9,-0.4534,False,-1.1096,False,-0.5618,False,-0.3369,False
2026-07-02T11:29:41.178068+00:00,decision_debug,ETH/USDT,SHORT,NO TRADE,0.0,68.0,E,BULLISH,12.0,0.0,15.0,21.0,6.0,OK,2026-07-02T10:00:00+00:00,1646.43,-0.99,False,-3.9072,False,-3.0654,False,-3.2689,False
2026-07-02T11:34:44.583397+00:00,decision_debug,BTC/USDT,SHORT,NO TRADE,0.0,68.0,E,BULLISH,12.0,0.0,15.0,21.0,6.0,OK,2026-07-02T10:00:00+00:00,61263.9,-0.4534,False,-1.1096,False,-0.5618,False,-0.3369,False
2026-07-02T11:34:45.304066+00:00,decision_debug,ETH/USDT,SHORT,NO TRADE,0.0,68.0,E,BULLISH,12.0,0.0,15.0,21.0,6.0,OK,2026-07-02T10:00:00+00:00,1646.43,-0.99,False,-3.9072,False,-3.0654,False,-3.2689,False
2026-07-02T11:39:49.410181+00:00,decision_debug,BTC/USDT,SHORT,NO TRADE,0.0,68.0,E,BULLISH,12.0,0.0,15.0,21.0,6.0,OK,2026-07-02T10:00:00+00:00,61263.9,-0.4534,False,-1.1096,False,-0.5618,False,-0.3369,False
2026-07-02T11:39:50.242134+00:00,decision_debug,ETH/USDT,SHORT,NO TRADE,0.0,68.0,E,BULLISH,12.0,0.0,15.0,21.0,6.0,OK,2026-07-02T10:00:00+00:00,1646.43,-0.99,False,-3.9072,False,-3.0654,False,-3.2689,False
2026-07-02T11:43:45.403333+00:00,decision_debug,BTC/USDT,SHORT,NO TRADE,0.0,68.0,E,BULLISH,12.0,0.0,15.0,21.0,6.0,OK,2026-07-02T10:00:00+00:00,61263.9,-0.4534,False,-1.1096,False,-0.5618,False,-0.3369,False
2026-07-02T11:43:46.163462+00:00,decision_debug,ETH/USDT,SHORT,NO TRADE,0.0,68.0,E,BULLISH,12.0,0.0,15.0,21.0,6.0,OK,2026-07-02T10:00:00+00:00,1646.43,-0.99,False,-3.9072,False,-3.0654,False,-3.2689,False
2026-07-02T11:45:36.315082+00:00,decision_debug,BTC/USDT,SHORT,NO TRADE,0.0,68.0,E,BULLISH,12.0,0.0,15.0,21.0,6.0,OK,2026-07-02T10:00:00+00:00,61263.9,-0.4534,False,-1.1096,False,-0.5618,False,-0.3369,False
2026-07-02T11:45:37.079085+00:00,decision_debug,ETH/USDT,SHORT,NO TRADE,0.0,68.0,E,BULLISH,12.0,0.0,15.0,21.0,6.0,OK,2026-07-02T10:00:00+00:00,1646.43,-0.99,False,-3.9072,False,-3.0654,False,-3.2689,False
2026-07-02T11:50:40.244164+00:00,decision_debug,BTC/USDT,SHORT,NO TRADE,0.0,68.0,E,BULLISH,12.0,0.0,15.0,21.0,6.0,OK,2026-07-02T10:00:00+00:00,61263.9,-0.4534,False,-1.1096,False,-0.5618,False,-0.3369,False
2026-07-02T11:50:41.102748+00:00,decision_debug,ETH/USDT,SHORT,NO TRADE,0.0,71.0,E,BULLISH,12.0,4.0,15.0,22.0,7.0,OK,2026-07-02T10:00:00+00:00,1646.43,-0.99,False,-3.9072,False,-3.0654,False,-3.2689,False
2026-07-02T11:55:44.455484+00:00,decision_debug,BTC/USDT,SHORT,NO TRADE,0.0,68.0,E,BULLISH,12.0,0.0,15.0,21.0,6.0,OK,2026-07-02T10:00:00+00:00,61263.9,-0.4534,False,-1.1096,False,-0.5618,False,-0.3369,False
2026-07-02T11:55:45.238221+00:00,decision_debug,ETH/USDT,SHORT,NO TRADE,0.0,68.0,E,BULLISH,12.0,0.0,15.0,21.0,6.0,OK,2026-07-02T10:00:00+00:00,1646.43,-0.99,False,-3.9072,False,-3.0654,False,-3.2689,False
2026-07-02T12:00:49.743884+00:00,decision_debug,BTC/USDT,SHORT,NO TRADE,0.0,68.0,E,BULLISH,12.0,0.0,15.0,21.0,6.0,OK,2026-07-02T11:00:00+00:00,61351.7,-0.9649,False,-0.5719,False,-0.5297,False,-0.3658,False
2026-07-02T12:00:50.574277+00:00,decision_debug,ETH/USDT,SHORT,NO TRADE,0.0,68.0,E,BULLISH,12.0,0.0,15.0,21.0,6.0,OK,2026-07-02T11:00:00+00:00,1650.48,-3.6523,False,-3.0918,False,-2.9749,False,-3.3493,False
2026-07-02T12:05:53.911216+00:00,decision_debug,BTC/USDT,SHORT,NO TRADE,0.0,68.0,E,BULLISH,12.0,0.0,15.0,21.0,6.0,OK,2026-07-02T11:00:00+00:00,61351.7,-0.9649,False,-0.5719,False,-0.5297,False,-0.3658,False
2026-07-02T12:05:54.797096+00:00,decision_debug,ETH/USDT,SHORT,NO TRADE,0.0,71.0,E,BULLISH,12.0,4.0,15.0,22.0,7.0,OK,2026-07-02T11:00:00+00:00,1650.48,-3.6523,False,-3.0918,False,-2.9749,False,-3.3493,False
2026-07-02T12:10:58.002880+00:00,decision_debug,BTC/USDT,SHORT,NO TRADE,0.0,68.0,E,BULLISH,12.0,0.0,15.0,21.0,6.0,OK,2026-07-02T11:00:00+00:00,61351.7,-0.9649,False,-0.5719,False,-0.5297,False,-0.3658,False
2026-07-02T12:10:58.955768+00:00,decision_debug,ETH/USDT,SHORT,NO TRADE,0.0,71.0,E,BULLISH,12.0,4.0,15.0,22.0,7.0,OK,2026-07-02T11:00:00+00:00,1650.48,-3.6523,False,-3.0918,False,-2.9749,False,-3.3493,False
2026-07-02T12:16:02.615208+00:00,decision_debug,BTC/USDT,SHORT,NO TRADE,0.0,68.0,E,BULLISH,12.0,0.0,15.0,21.0,6.0,OK,2026-07-02T11:00:00+00:00,61351.7,-0.9649,False,-0.5719,False,-0.5297,False,-0.3658,False
2026-07-02T12:16:03.715616+00:00,decision_debug,ETH/USDT,SHORT,NO TRADE,0.0,71.0,E,BULLISH,12.0,4.0,15.0,22.0,7.0,OK,2026-07-02T11:00:00+00:00,1650.48,-3.6523,False,-3.0918,False,-2.9749,False,-3.3493,False
2026-07-02T12:21:07.320055+00:00,decision_debug,BTC/USDT,SHORT,NO TRADE,0.0,68.0,E,BULLISH,12.0,0.0,15.0,21.0,6.0,OK,2026-07-02T11:00:00+00:00,61351.7,-0.9649,False,-0.5719,False,-0.5297,False,-0.3658,False
2026-07-02T12:21:08.964898+00:00,decision_debug,ETH/USDT,SHORT,NO TRADE,0.0,71.0,E,BULLISH,12.0,4.0,15.0,22.0,7.0,OK,2026-07-02T11:00:00+00:00,1650.48,-3.6523,False,-3.0918,False,-2.9749,False,-3.3493,False
2026-07-02T12:24:28.845690+00:00,decision_debug,BTC/USDT,SHORT,NO TRADE,0.0,68.0,E,BULLISH,12.0,0.0,15.0,21.0,6.0,OK,2026-07-02T11:00:00+00:00,61351.7,-0.9649,False,-0.5719,False,-0.5297,False,-0.3658,False
2026-07-02T12:24:29.595788+00:00,decision_debug,ETH/USDT,SHORT,NO TRADE,0.0,71.0,E,BULLISH,12.0,4.0,15.0,22.0,7.0,OK,2026-07-02T11:00:00+00:00,1650.48,-3.6523,False,-3.0918,False,-2.9749,False,-3.3493,False
2026-07-02T12:29:32.561542+00:00,decision_debug,BTC/USDT,SHORT,NO TRADE,0.0,68.0,E,BULLISH,12.0,0.0,15.0,21.0,6.0,OK,2026-07-02T11:00:00+00:00,61351.7,-0.9649,False,-0.5719,False,-0.5297,False,-0.3658,False
2026-07-02T12:29:33.452256+00:00,decision_debug,ETH/USDT,SHORT,NO TRADE,0.0,71.0,E,BULLISH,12.0,4.0,15.0,22.0,7.0,OK,2026-07-02T11:00:00+00:00,1650.48,-3.6523,False,-3.0918,False,-2.9749,False,-3.3493,False
2026-07-02T12:34:36.990252+00:00,decision_debug,BTC/USDT,SHORT,NO TRADE,0.0,68.0,E,BULLISH,12.0,0.0,15.0,21.0,6.0,OK,2026-07-02T11:00:00+00:00,61351.7,-0.9649,False,-0.5719,False,-0.5297,False,-0.3658,False
2026-07-02T12:34:38.507886+00:00,decision_debug,ETH/USDT,SHORT,NO TRADE,0.0,65.0,E,BULLISH,12.0,4.0,15.0,20.0,5.0,OK,2026-07-02T11:00:00+00:00,1650.48,-3.6523,False,-3.0918,False,-2.9749,False,-3.3493,False
2026-07-02T12:39:42.066550+00:00,decision_debug,BTC/USDT,SHORT,NO TRADE,0.0,71.0,E,BULLISH,12.0,4.0,15.0,22.0,7.0,OK,2026-07-02T11:00:00+00:00,61351.7,-0.9649,False,-0.5719,False,-0.5297,False,-0.3658,False
2026-07-02T12:39:42.932151+00:00,decision_debug,ETH/USDT,SHORT,NO TRADE,0.0,71.0,E,BULLISH,12.0,4.0,15.0,22.0,7.0,OK,2026-07-02T11:00:00+00:00,1650.48,-3.6523,False,-3.0918,False,-2.9749,False,-3.3493,False
2026-07-02T12:44:46.553226+00:00,decision_debug,BTC/USDT,SHORT,NO TRADE,0.0,71.0,E,BULLISH,12.0,4.0,15.0,22.0,7.0,OK,2026-07-02T11:00:00+00:00,61351.7,-0.9649,False,-0.5719,False,-0.5297,False,-0.3658,False
2026-07-02T12:44:47.829498+00:00,decision_debug,ETH/USDT,SHORT,NO TRADE,0.0,71.0,E,BULLISH,12.0,4.0,15.0,22.0,7.0,OK,2026-07-02T11:00:00+00:00,1650.48,-3.6523,False,-3.0918,False,-2.9749,False,-3.3493,False
2026-07-02T12:47:29.694035+00:00,decision_debug,BTC/USDT,SHORT,NO TRADE,0.0,71.0,E,BULLISH,12.0,4.0,15.0,22.0,7.0,OK,2026-07-02T11:00:00+00:00,61351.7,-0.9649,False,-0.5719,False,-0.5297,False,-0.3658,False
2026-07-02T12:47:31.700129+00:00,decision_debug,ETH/USDT,SHORT,NO TRADE,0.0,71.0,E,BULLISH,12.0,4.0,15.0,22.0,7.0,OK,2026-07-02T11:00:00+00:00,1650.48,-3.6523,False,-3.0918,False,-2.9749,False,-3.3493,False
2026-07-02T12:52:35.450994+00:00,decision_debug,BTC/USDT,SHORT,NO TRADE,0.0,71.0,E,BULLISH,12.0,4.0,15.0,22.0,7.0,OK,2026-07-02T11:00:00+00:00,61351.7,-0.9649,False,-0.5719,False,-0.5297,False,-0.3658,False
2026-07-02T12:52:36.281854+00:00,decision_debug,ETH/USDT,SHORT,NO TRADE,0.0,71.0,E,BULLISH,12.0,4.0,15.0,22.0,7.0,OK,2026-07-02T11:00:00+00:00,1650.48,-3.6523,False,-3.0918,False,-2.9749,False,-3.3493,False
2026-07-02T12:57:40.874169+00:00,decision_debug,BTC/USDT,SHORT,NO TRADE,0.0,71.0,E,BULLISH,12.0,4.0,15.0,22.0,7.0,OK,2026-07-02T11:00:00+00:00,61351.7,-0.9649,False,-0.5719,False,-0.5297,False,-0.3658,False
2026-07-02T12:57:42.613126+00:00,decision_debug,ETH/USDT,SHORT,NO TRADE,0.0,71.0,E,BULLISH,12.0,4.0,15.0,22.0,7.0,OK,2026-07-02T11:00:00+00:00,1650.48,-3.6523,False,-3.0918,False,-2.9749,False,-3.3493,False
2026-07-02T13:02:46.547682+00:00,decision_debug,BTC/USDT,SHORT,NO TRADE,0.0,71.0,E,BULLISH,12.0,4.0,15.0,22.0,7.0,OK,2026-07-02T12:00:00+00:00,61541.7,-0.2614,False,-0.1079,False,-0.2059,False,-0.0717,False
2026-07-02T13:02:47.798797+00:00,decision_debug,ETH/USDT,SHORT,NO TRADE,0.0,71.0,E,BULLISH,12.0,4.0,15.0,22.0,7.0,OK,2026-07-02T12:00:00+00:00,1662.73,-2.3323,False,-2.0551,False,-1.9841,False,-2.2559,False
2026-07-02T13:05:43.270052+00:00,decision_debug,BTC/USDT,SHORT,NO TRADE,0.0,71.0,E,BULLISH,12.0,4.0,15.0,22.0,7.0,OK,2026-07-02T12:00:00+00:00,61541.7,-0.2614,False,-0.1079,False,-0.2059,False,-0.0717,False
2026-07-02T13:05:44.354878+00:00,decision_debug,ETH/USDT,SHORT,NO TRADE,0.0,71.0,E,BULLISH,12.0,4.0,15.0,22.0,7.0,OK,2026-07-02T12:00:00+00:00,1662.73,-2.3323,False,-2.0551,False,-1.9841,False,-2.2559,False
2026-07-02T13:06:23.625520+00:00,decision_debug,BTC/USDT,SHORT,NO TRADE,0.0,71.0,E,BULLISH,12.0,4.0,15.0,22.0,7.0,OK,2026-07-02T12:00:00+00:00,61541.7,-0.2614,False,-0.1079,False,-0.2059,False,-0.0717,False
2026-07-02T13:06:24.506793+00:00,decision_debug,ETH/USDT,SHORT,NO TRADE,0.0,71.0,E,BULLISH,12.0,4.0,15.0,22.0,7.0,OK,2026-07-02T12:00:00+00:00,1662.73,-2.3323,False,-2.0551,False,-1.9841,False,-2.2559,False
2026-07-02T13:11:27.853289+00:00,decision_debug,BTC/USDT,SHORT,NO TRADE,0.0,71.0,E,BULLISH,12.0,4.0,15.0,22.0,7.0,OK,2026-07-02T12:00:00+00:00,61541.7,-0.2614,False,-0.1079,False,-0.2059,False,-0.0717,False
2026-07-02T13:11:28.752592+00:00,decision_debug,ETH/USDT,SHORT,NO TRADE,0.0,71.0,E,BULLISH,12.0,4.0,15.0,22.0,7.0,OK,2026-07-02T12:00:00+00:00,1662.73,-2.3323,False,-2.0551,False,-1.9841,False,-2.2559,False
2026-07-02T13:16:32.045485+00:00,decision_debug,BTC/USDT,SHORT,NO TRADE,0.0,71.0,E,BULLISH,12.0,4.0,15.0,22.0,7.0,OK,2026-07-02T12:00:00+00:00,61541.7,-0.2614,False,-0.1079,False,-0.2059,False,-0.0717,False
2026-07-02T13:16:33.292607+00:00,decision_debug,ETH/USDT,SHORT,NO TRADE,0.0,71.0,E,BULLISH,12.0,4.0,15.0,22.0,7.0,OK,2026-07-02T12:00:00+00:00,1662.73,-2.3323,False,-2.0551,False,-1.9841,False,-2.2559,False
2026-07-02T13:21:37.298860+00:00,decision_debug,BTC/USDT,SHORT,NO TRADE,0.0,71.0,E,BULLISH,12.0,4.0,15.0,22.0,7.0,OK,2026-07-02T12:00:00+00:00,61541.7,-0.2614,False,-0.1079,False,-0.2059,False,-0.0717,False
2026-07-02T13:21:38.098748+00:00,decision_debug,ETH/USDT,SHORT,NO TRADE,0.0,71.0,E,BULLISH,12.0,4.0,15.0,22.0,7.0,OK,2026-07-02T12:00:00+00:00,1662.73,-2.3323,False,-2.0551,False,-1.9841,False,-2.2559,False
2026-07-02T13:23:46.652610+00:00,decision_debug,BTC/USDT,SHORT,NO TRADE,0.0,71.0,E,BULLISH,12.0,4.0,15.0,22.0,7.0,OK,2026-07-02T12:00:00+00:00,61541.7,-0.2614,False,-0.1079,False,-0.2059,False,-0.0717,False
2026-07-02T13:23:47.410540+00:00,decision_debug,ETH/USDT,SHORT,NO TRADE,0.0,71.0,E,BULLISH,12.0,8.0,15.0,22.0,7.0,OK,2026-07-02T12:00:00+00:00,1662.73,-2.3323,False,-2.0551,False,-1.9841,False,-2.2559,False
2026-07-02T13:28:50.938047+00:00,decision_debug,BTC/USDT,SHORT,NO TRADE,0.0,71.0,E,BULLISH,12.0,4.0,15.0,22.0,7.0,OK,2026-07-02T12:00:00+00:00,61541.7,-0.2614,False,-0.1079,False,-0.2059,False,-0.0717,False
2026-07-02T13:28:51.916023+00:00,decision_debug,ETH/USDT,SHORT,NO TRADE,0.0,71.0,E,BULLISH,12.0,8.0,15.0,22.0,7.0,OK,2026-07-02T12:00:00+00:00,1662.73,-2.3323,False,-2.0551,False,-1.9841,False,-2.2559,False
2026-07-02T13:33:55.101639+00:00,decision_debug,BTC/USDT,SHORT,NO TRADE,0.0,71.0,E,BULLISH,12.0,4.0,15.0,22.0,7.0,OK,2026-07-02T12:00:00+00:00,61541.7,-0.2614,False,-0.1079,False,-0.2059,False,-0.0717,False
2026-07-02T13:33:56.003241+00:00,decision_debug,ETH/USDT,SHORT,NO TRADE,0.0,71.0,E,BULLISH,12.0,8.0,15.0,22.0,7.0,OK,2026-07-02T12:00:00+00:00,1662.73,-2.3323,False,-2.0551,False,-1.9841,False,-2.2559,False
2026-07-02T13:38:59.404347+00:00,decision_debug,BTC/USDT,SHORT,NO TRADE,0.0,71.0,E,BULLISH,12.0,4.0,15.0,22.0,7.0,OK,2026-07-02T12:00:00+00:00,61541.7,-0.2614,False,-0.1079,False,-0.2059,False,-0.0717,False
2026-07-02T13:39:00.299581+00:00,decision_debug,ETH/USDT,SHORT,NO TRADE,0.0,71.0,E,BULLISH,12.0,8.0,15.0,22.0,7.0,OK,2026-07-02T12:00:00+00:00,1662.73,-2.3323,False,-2.0551,False,-1.9841,False,-2.2559,False
2026-07-02T13:44:04.692972+00:00,decision_debug,BTC/USDT,SHORT,NO TRADE,0.0,71.0,E,BULLISH,12.0,4.0,15.0,22.0,7.0,OK,2026-07-02T12:00:00+00:00,61541.7,-0.2614,False,-0.1079,False,-0.2059,False,-0.0717,False
2026-07-02T13:44:05.607526+00:00,decision_debug,ETH/USDT,SHORT,NO TRADE,0.0,71.0,E,BULLISH,12.0,8.0,15.0,22.0,7.0,OK,2026-07-02T12:00:00+00:00,1662.73,-2.3323,False,-2.0551,False,-1.9841,False,-2.2559,False
2026-07-02T13:49:11.653237+00:00,decision_debug,BTC/USDT,SHORT,NO TRADE,0.0,71.0,E,BULLISH,12.0,4.0,15.0,22.0,7.0,OK,2026-07-02T12:00:00+00:00,61541.7,-0.2614,False,-0.1079,False,-0.2059,False,-0.0717,False
2026-07-02T13:49:12.657242+00:00,decision_debug,ETH/USDT,SHORT,NO TRADE,0.0,71.0,E,BULLISH,12.0,8.0,15.0,22.0,7.0,OK,2026-07-02T12:00:00+00:00,1662.73,-2.3323,False,-2.0551,False,-1.9841,False,-2.2559,False
2026-07-02T13:54:16.590735+00:00,decision_debug,BTC/USDT,SHORT,NO TRADE,0.0,71.0,E,BULLISH,12.0,4.0,15.0,22.0,7.0,OK,2026-07-02T12:00:00+00:00,61541.7,-0.2614,False,-0.1079,False,-0.2059,False,-0.0717,False
2026-07-02T13:54:17.384549+00:00,decision_debug,ETH/USDT,SHORT,NO TRADE,0.0,71.0,E,BULLISH,12.0,8.0,15.0,22.0,7.0,OK,2026-07-02T12:00:00+00:00,1662.73,-2.3323,False,-2.0551,False,-1.9841,False,-2.2559,False
2026-07-02T13:59:21.478306+00:00,decision_debug,BTC/USDT,SHORT,NO TRADE,0.0,71.0,E,BULLISH,12.0,4.0,15.0,22.0,7.0,OK,2026-07-02T12:00:00+00:00,61541.7,-0.2614,False,-0.1079,False,-0.2059,False,-0.0717,False
2026-07-02T13:59:22.478224+00:00,decision_debug,ETH/USDT,SHORT,NO TRADE,0.0,71.0,E,BULLISH,12.0,8.0,15.0,22.0,7.0,OK,2026-07-02T12:00:00+00:00,1662.73,-2.3323,False,-2.0551,False,-1.9841,False,-2.2559,False
2026-07-02T14:04:26.135334+00:00,decision_debug,BTC/USDT,SHORT,NO TRADE,0.0,71.0,E,BULLISH,12.0,4.0,15.0,22.0,7.0,OK,2026-07-02T13:00:00+00:00,61943.7,0.5418,True,0.431,True,0.2967,True,0.7747,True
2026-07-02T14:04:26.955895+00:00,decision_debug,ETH/USDT,SHORT,NO TRADE,0.0,71.0,E,BULLISH,12.0,8.0,15.0,22.0,7.0,OK,2026-07-02T13:00:00+00:00,1710.76,0.8102,True,0.6535,True,0.505,True,0.8224,True
2026-07-02T14:09:30.143990+00:00,decision_debug,BTC/USDT,SHORT,NO TRADE,0.0,71.0,E,BULLISH,12.0,4.0,15.0,22.0,7.0,OK,2026-07-02T13:00:00+00:00,61943.7,0.5418,True,0.431,True,0.2967,True,0.7747,True
2026-07-02T14:09:31.015451+00:00,decision_debug,ETH/USDT,SHORT,NO TRADE,0.0,71.0,E,BULLISH,12.0,8.0,15.0,22.0,7.0,OK,2026-07-02T13:00:00+00:00,1710.76,0.8102,True,0.6535,True,0.505,True,0.8224,True
2026-07-02T14:14:34.115335+00:00,decision_debug,BTC/USDT,SHORT,NO TRADE,0.0,71.0,E,BULLISH,12.0,4.0,15.0,22.0,7.0,OK,2026-07-02T13:00:00+00:00,61943.7,0.5418,True,0.431,True,0.2967,True,0.7747,True
2026-07-02T14:14:34.978142+00:00,decision_debug,ETH/USDT,SHORT,NO TRADE,0.0,71.0,E,BULLISH,12.0,8.0,15.0,22.0,7.0,OK,2026-07-02T13:00:00+00:00,1710.76,0.8102,True,0.6535,True,0.505,True,0.8224,True
2026-07-02T14:19:38.012413+00:00,decision_debug,BTC/USDT,SHORT,NO TRADE,0.0,71.0,E,BULLISH,12.0,4.0,15.0,22.0,7.0,OK,2026-07-02T13:00:00+00:00,61943.7,0.5418,True,0.431,True,0.2967,True,0.7747,True
2026-07-02T14:19:38.793241+00:00,decision_debug,ETH/USDT,SHORT,NO TRADE,0.0,71.0,E,BULLISH,12.0,8.0,15.0,22.0,7.0,OK,2026-07-02T13:00:00+00:00,1710.76,0.8102,True,0.6535,True,0.505,True,0.8224,True
2026-07-02T14:24:42.871300+00:00,decision_debug,BTC/USDT,SHORT,NO TRADE,0.0,71.0,E,BULLISH,12.0,4.0,15.0,22.0,7.0,OK,2026-07-02T13:00:00+00:00,61943.7,0.5418,True,0.431,True,0.2967,True,0.7747,True
2026-07-02T14:24:44.134584+00:00,decision_debug,ETH/USDT,SHORT,NO TRADE,0.0,71.0,E,BULLISH,12.0,8.0,15.0,22.0,7.0,OK,2026-07-02T13:00:00+00:00,1710.76,0.8102,True,0.6535,True,0.505,True,0.8224,True
2026-07-02T14:29:49.061434+00:00,decision_debug,BTC/USDT,SHORT,NO TRADE,0.0,71.0,E,BULLISH,12.0,4.0,15.0,22.0,7.0,OK,2026-07-02T13:00:00+00:00,61943.7,0.5418,True,0.431,True,0.2967,True,0.7747,True
2026-07-02T14:29:50.597741+00:00,decision_debug,ETH/USDT,SHORT,NO TRADE,0.0,71.0,E,BULLISH,12.0,8.0,15.0,22.0,7.0,OK,2026-07-02T13:00:00+00:00,1710.76,0.8102,True,0.6535,True,0.505,True,0.8224,True
2026-07-02T14:34:53.812975+00:00,decision_debug,BTC/USDT,SHORT,NO TRADE,0.0,62.0,E,BULLISH,12.0,0.0,15.0,19.0,4.0,OK,2026-07-02T13:00:00+00:00,61943.7,0.5418,True,0.431,True,0.2967,True,0.7747,True
2026-07-02T14:34:54.687010+00:00,decision_debug,ETH/USDT,SHORT,NO TRADE,0.0,68.0,E,BULLISH,12.0,8.0,15.0,21.0,6.0,OK,2026-07-02T13:00:00+00:00,1710.76,0.8102,True,0.6535,True,0.505,True,0.8224,True
2026-07-02T14:37:54.392507+00:00,decision_debug,BTC/USDT,SHORT,NO TRADE,0.0,71.0,E,BULLISH,12.0,4.0,15.0,22.0,7.0,OK,2026-07-02T13:00:00+00:00,61943.7,0.5418,True,0.431,True,0.2967,True,0.7747,True
2026-07-02T14:37:55.262398+00:00,decision_debug,ETH/USDT,SHORT,NO TRADE,0.0,71.0,E,BULLISH,12.0,8.0,15.0,22.0,7.0,OK,2026-07-02T13:00:00+00:00,1710.76,0.8102,True,0.6535,True,0.505,True,0.8224,True
2026-07-02T14:37:56.782963+00:00,decision_debug,BNB/USDT,SHORT,NO TRADE,0.0,92.0,E,BULLISH,7.0,5.0,10.0,24.0,14.0,OK,2026-07-02T13:00:00+00:00,565.2,0.4423,True,0.5485,True,0.8846,True,1.3447,True
2026-07-02T14:37:57.528751+00:00,decision_debug,XRP/USDT,SHORT,NO TRADE,0.0,59.0,E,BULLISH,12.0,4.0,15.0,18.0,3.0,OK,2026-07-02T13:00:00+00:00,1.1042,0.9962,True,1.1954,True,1.3494,True,1.8294,True
2026-07-02T14:37:58.395434+00:00,decision_debug,LINK/USDT,SHORT,NO TRADE,0.0,71.0,E,BULLISH,12.0,8.0,15.0,22.0,7.0,OK,2026-07-02T13:00:00+00:00,7.878,1.1678,True,1.3074,True,1.5232,True,2.0564,True
2026-07-02T14:38:00.953954+00:00,decision_debug,DOGE/USDT,SHORT,NO TRADE,0.0,92.0,E,BULLISH,12.0,5.0,11.0,25.0,14.0,OK,2026-07-02T13:00:00+00:00,0.07509,0.7325,True,1.0254,True,0.9322,True,1.4516,True
2026-07-02T14:43:04.166694+00:00,decision_debug,BTC/USDT,SHORT,NO TRADE,0.0,62.0,E,BULLISH,12.0,0.0,15.0,19.0,4.0,OK,2026-07-02T13:00:00+00:00,61943.7,0.5418,True,0.431,True,0.2967,True,0.7747,True
2026-07-02T14:43:05.076100+00:00,decision_debug,ETH/USDT,SHORT,NO TRADE,0.0,68.0,E,BULLISH,12.0,8.0,15.0,21.0,6.0,OK,2026-07-02T13:00:00+00:00,1710.76,0.8102,True,0.6535,True,0.505,True,0.8224,True
2026-07-02T14:43:07.135173+00:00,decision_debug,BNB/USDT,SHORT,NO TRADE,0.0,86.0,E,BULLISH,7.0,5.0,10.0,22.0,12.0,OK,2026-07-02T13:00:00+00:00,565.2,0.4423,True,0.5485,True,0.8846,True,1.3447,True
2026-07-02T14:43:07.992617+00:00,decision_debug,XRP/USDT,SHORT,NO TRADE,0.0,56.0,E,BULLISH,12.0,0.0,15.0,17.0,2.0,OK,2026-07-02T13:00:00+00:00,1.1042,0.9962,True,1.1954,True,1.3494,True,1.8294,True
2026-07-02T14:43:08.974849+00:00,decision_debug,LINK/USDT,SHORT,NO TRADE,0.0,68.0,E,BULLISH,12.0,8.0,15.0,21.0,6.0,OK,2026-07-02T13:00:00+00:00,7.878,1.1678,True,1.3074,True,1.5232,True,2.0564,True
2026-07-02T14:43:12.111968+00:00,decision_debug,DOGE/USDT,SHORT,NO TRADE,0.0,92.0,E,BULLISH,12.0,5.0,11.0,25.0,14.0,OK,2026-07-02T13:00:00+00:00,0.07509,0.7325,True,1.0254,True,0.9322,True,1.4516,True
2026-07-02T14:48:14.416750+00:00,decision_debug,BTC/USDT,SHORT,NO TRADE,0.0,62.0,E,BULLISH,12.0,0.0,15.0,19.0,4.0,OK,2026-07-02T13:00:00+00:00,61943.7,0.5418,True,0.431,True,0.2967,True,0.7747,True
2026-07-02T14:48:15.438489+00:00,decision_debug,ETH/USDT,SHORT,NO TRADE,0.0,68.0,E,BULLISH,12.0,8.0,15.0,21.0,6.0,OK,2026-07-02T13:00:00+00:00,1710.76,0.8102,True,0.6535,True,0.505,True,0.8224,True
2026-07-02T14:48:17.076706+00:00,decision_debug,BNB/USDT,SHORT,NO TRADE,0.0,86.0,E,BULLISH,7.0,5.0,10.0,22.0,12.0,OK,2026-07-02T13:00:00+00:00,565.2,0.4423,True,0.5485,True,0.8846,True,1.3447,True
2026-07-02T14:48:18.120896+00:00,decision_debug,XRP/USDT,SHORT,NO TRADE,0.0,56.0,E,BULLISH,12.0,0.0,15.0,17.0,2.0,OK,2026-07-02T13:00:00+00:00,1.1042,0.9962,True,1.1954,True,1.3494,True,1.8294,True
2026-07-02T14:48:19.001189+00:00,decision_debug,LINK/USDT,SHORT,NO TRADE,0.0,68.0,E,BULLISH,12.0,8.0,15.0,21.0,6.0,OK,2026-07-02T13:00:00+00:00,7.878,1.1678,True,1.3074,True,1.5232,True,2.0564,True
2026-07-02T14:48:21.606109+00:00,decision_debug,DOGE/USDT,SHORT,NO TRADE,0.0,92.0,E,BULLISH,12.0,5.0,11.0,25.0,14.0,OK,2026-07-02T13:00:00+00:00,0.07509,0.7325,True,1.0254,True,0.9322,True,1.4516,True
2026-07-02T14:53:23.982729+00:00,decision_debug,BTC/USDT,SHORT,NO TRADE,0.0,62.0,E,BULLISH,12.0,0.0,15.0,19.0,4.0,OK,2026-07-02T13:00:00+00:00,61943.7,0.5418,True,0.431,True,0.2967,True,0.7747,True
2026-07-02T14:53:25.467149+00:00,decision_debug,ETH/USDT,SHORT,NO TRADE,0.0,68.0,E,BULLISH,12.0,8.0,15.0,21.0,6.0,OK,2026-07-02T13:00:00+00:00,1710.76,0.8102,True,0.6535,True,0.505,True,0.8224,True
2026-07-02T14:53:27.152954+00:00,decision_debug,BNB/USDT,SHORT,NO TRADE,0.0,86.0,E,BULLISH,7.0,5.0,10.0,22.0,12.0,OK,2026-07-02T13:00:00+00:00,565.2,0.4423,True,0.5485,True,0.8846,True,1.3447,True
2026-07-02T14:53:27.944630+00:00,decision_debug,XRP/USDT,SHORT,NO TRADE,0.0,56.0,E,BULLISH,12.0,0.0,15.0,17.0,2.0,OK,2026-07-02T13:00:00+00:00,1.1042,0.9962,True,1.1954,True,1.3494,True,1.8294,True
2026-07-02T14:53:29.146133+00:00,decision_debug,LINK/USDT,SHORT,NO TRADE,0.0,68.0,E,BULLISH,12.0,8.0,15.0,21.0,6.0,OK,2026-07-02T13:00:00+00:00,7.878,1.1678,True,1.3074,True,1.5232,True,2.0564,True
2026-07-02T14:53:33.080536+00:00,decision_debug,DOGE/USDT,SHORT,NO TRADE,0.0,92.0,E,BULLISH,12.0,5.0,11.0,25.0,14.0,OK,2026-07-02T13:00:00+00:00,0.07509,0.7325,True,1.0254,True,0.9322,True,1.4516,True
2026-07-02T14:58:35.403429+00:00,decision_debug,BTC/USDT,SHORT,NO TRADE,0.0,62.0,E,BULLISH,12.0,0.0,15.0,19.0,4.0,OK,2026-07-02T13:00:00+00:00,61943.7,0.5418,True,0.431,True,0.2967,True,0.7747,True
2026-07-02T14:58:38.470789+00:00,decision_debug,ETH/USDT,SHORT,NO TRADE,0.0,68.0,E,BULLISH,12.0,8.0,15.0,21.0,6.0,OK,2026-07-02T13:00:00+00:00,1710.76,0.8102,True,0.6535,True,0.505,True,0.8224,True
2026-07-02T14:58:40.888637+00:00,decision_debug,BNB/USDT,SHORT,NO TRADE,0.0,86.0,E,BULLISH,7.0,5.0,10.0,22.0,12.0,OK,2026-07-02T13:00:00+00:00,565.2,0.4423,True,0.5485,True,0.8846,True,1.3447,True
2026-07-02T14:58:41.765579+00:00,decision_debug,XRP/USDT,SHORT,NO TRADE,0.0,56.0,E,BULLISH,12.0,0.0,15.0,17.0,2.0,OK,2026-07-02T13:00:00+00:00,1.1042,0.9962,True,1.1954,True,1.3494,True,1.8294,True
2026-07-02T14:58:43.366524+00:00,decision_debug,LINK/USDT,SHORT,NO TRADE,0.0,68.0,E,BULLISH,12.0,8.0,15.0,21.0,6.0,OK,2026-07-02T13:00:00+00:00,7.878,1.1678,True,1.3074,True,1.5232,True,2.0564,True
2026-07-02T14:58:46.515519+00:00,decision_debug,DOGE/USDT,SHORT,NO TRADE,0.0,86.0,E,BULLISH,12.0,5.0,11.0,23.0,12.0,OK,2026-07-02T13:00:00+00:00,0.07509,0.7325,True,1.0254,True,0.9322,True,1.4516,True
2026-07-02T15:03:48.864338+00:00,decision_debug,BTC/USDT,SHORT,NO TRADE,0.0,71.0,E,BULLISH,12.0,4.0,15.0,22.0,7.0,OK,2026-07-02T14:00:00+00:00,61702.6,0.042,True,0.0554,True,0.3765,True,0.235,True
2026-07-02T15:03:49.736000+00:00,decision_debug,ETH/USDT,SHORT,NO TRADE,0.0,68.0,E,BULLISH,12.0,8.0,15.0,21.0,6.0,OK,2026-07-02T14:00:00+00:00,1701.51,0.1134,True,0.3403,True,0.0741,True,0.05,True
2026-07-02T15:03:51.368120+00:00,decision_debug,BNB/USDT,SHORT,NO TRADE,0.0,92.0,E,BULLISH,7.0,5.0,10.0,24.0,14.0,OK,2026-07-02T14:00:00+00:00,562.1,0.0,False,0.2135,True,0.676,True,0.5871,True
2026-07-02T15:03:52.136049+00:00,decision_debug,XRP/USDT,SHORT,NO TRADE,0.0,56.0,E,BULLISH,12.0,0.0,15.0,17.0,2.0,OK,2026-07-02T14:00:00+00:00,1.092,0.0916,True,0.3205,True,0.6044,True,0.348,True
2026-07-02T15:03:53.162406+00:00,decision_debug,LINK/USDT,SHORT,NO TRADE,0.0,68.0,E,BULLISH,12.0,8.0,15.0,21.0,6.0,OK,2026-07-02T14:00:00+00:00,7.799,0.3077,True,0.5642,True,0.718,True,0.6924,True
2026-07-02T15:03:56.082736+00:00,decision_debug,DOGE/USDT,SHORT,NO TRADE,0.0,92.0,E,BULLISH,12.0,5.0,11.0,25.0,14.0,OK,2026-07-02T14:00:00+00:00,0.07449,0.2282,True,0.3356,True,0.349,True,0.4162,True
2026-07-02T15:08:58.736146+00:00,decision_debug,BTC/USDT,SHORT,NO TRADE,0.0,62.0,E,BULLISH,12.0,0.0,15.0,19.0,4.0,OK,2026-07-02T14:00:00+00:00,61702.6,0.042,True,0.0554,True,0.3765,True,0.235,True
2026-07-02T15:08:59.939803+00:00,decision_debug,ETH/USDT,SHORT,NO TRADE,0.0,68.0,E,BULLISH,12.0,8.0,15.0,21.0,6.0,OK,2026-07-02T14:00:00+00:00,1701.51,0.1134,True,0.3403,True,0.0741,True,0.05,True
2026-07-02T15:09:01.923015+00:00,decision_debug,BNB/USDT,SHORT,NO TRADE,0.0,92.0,E,BULLISH,7.0,5.0,10.0,24.0,14.0,OK,2026-07-02T14:00:00+00:00,562.1,0.0,False,0.2135,True,0.676,True,0.5871,True
2026-07-02T15:09:02.842670+00:00,decision_debug,XRP/USDT,SHORT,NO TRADE,0.0,56.0,E,BULLISH,12.0,0.0,15.0,17.0,2.0,OK,2026-07-02T14:00:00+00:00,1.092,0.0916,True,0.3205,True,0.6044,True,0.348,True
2026-07-02T15:09:03.593936+00:00,decision_debug,LINK/USDT,SHORT,NO TRADE,0.0,62.0,E,BULLISH,12.0,8.0,15.0,19.0,4.0,OK,2026-07-02T14:00:00+00:00,7.799,0.3077,True,0.5642,True,0.718,True,0.6924,True
2026-07-02T15:09:06.134495+00:00,decision_debug,DOGE/USDT,SHORT,NO TRADE,0.0,86.0,E,BULLISH,12.0,5.0,11.0,23.0,12.0,OK,2026-07-02T14:00:00+00:00,0.07449,0.2282,True,0.3356,True,0.349,True,0.4162,True
2026-07-02T15:14:08.570461+00:00,decision_debug,BTC/USDT,SHORT,NO TRADE,0.0,62.0,E,BULLISH,12.0,0.0,15.0,19.0,4.0,OK,2026-07-02T14:00:00+00:00,61702.6,0.042,True,0.0554,True,0.3765,True,0.235,True
2026-07-02T15:14:09.696636+00:00,decision_debug,ETH/USDT,SHORT,NO TRADE,0.0,68.0,E,BULLISH,12.0,8.0,15.0,21.0,6.0,OK,2026-07-02T14:00:00+00:00,1701.51,0.1134,True,0.3403,True,0.0741,True,0.05,True
2026-07-02T15:14:11.608310+00:00,decision_debug,BNB/USDT,SHORT,NO TRADE,0.0,92.0,E,BULLISH,7.0,5.0,10.0,24.0,14.0,OK,2026-07-02T14:00:00+00:00,562.1,0.0,False,0.2135,True,0.676,True,0.5871,True
2026-07-02T15:14:12.809018+00:00,decision_debug,XRP/USDT,SHORT,NO TRADE,0.0,56.0,E,BULLISH,12.0,0.0,15.0,17.0,2.0,OK,2026-07-02T14:00:00+00:00,1.092,0.0916,True,0.3205,True,0.6044,True,0.348,True
2026-07-02T15:14:13.756102+00:00,decision_debug,LINK/USDT,SHORT,NO TRADE,0.0,68.0,E,BULLISH,12.0,8.0,15.0,21.0,6.0,OK,2026-07-02T14:00:00+00:00,7.799,0.3077,True,0.5642,True,0.718,True,0.6924,True
2026-07-02T15:14:16.232113+00:00,decision_debug,DOGE/USDT,SHORT,NO TRADE,0.0,86.0,E,BULLISH,12.0,5.0,11.0,23.0,12.0,OK,2026-07-02T14:00:00+00:00,0.07449,0.2282,True,0.3356,True,0.349,True,0.4162,True
2026-07-02T15:19:19.897718+00:00,decision_debug,BTC/USDT,SHORT,NO TRADE,0.0,62.0,E,BULLISH,12.0,0.0,15.0,19.0,4.0,OK,2026-07-02T14:00:00+00:00,61702.6,0.042,True,0.0554,True,0.3765,True,0.235,True
2026-07-02T15:19:20.777526+00:00,decision_debug,ETH/USDT,SHORT,NO TRADE,0.0,68.0,E,BULLISH,12.0,8.0,15.0,21.0,6.0,OK,2026-07-02T14:00:00+00:00,1701.51,0.1134,True,0.3403,True,0.0741,True,0.05,True
2026-07-02T15:19:23.162229+00:00,decision_debug,BNB/USDT,SHORT,NO TRADE,0.0,92.0,E,BULLISH,7.0,5.0,10.0,24.0,14.0,OK,2026-07-02T14:00:00+00:00,562.1,0.0,False,0.2135,True,0.676,True,0.5871,True
2026-07-02T15:19:23.942577+00:00,decision_debug,XRP/USDT,SHORT,NO TRADE,0.0,56.0,E,BULLISH,12.0,0.0,15.0,17.0,2.0,OK,2026-07-02T14:00:00+00:00,1.092,0.0916,True,0.3205,True,0.6044,True,0.348,True
2026-07-02T15:19:25.002976+00:00,decision_debug,LINK/USDT,SHORT,NO TRADE,0.0,62.0,E,BULLISH,12.0,8.0,15.0,19.0,4.0,OK,2026-07-02T14:00:00+00:00,7.799,0.3077,True,0.5642,True,0.718,True,0.6924,True
2026-07-02T15:19:28.958680+00:00,decision_debug,DOGE/USDT,SHORT,NO TRADE,0.0,86.0,E,BULLISH,12.0,5.0,11.0,23.0,12.0,OK,2026-07-02T14:00:00+00:00,0.07449,0.2282,True,0.3356,True,0.349,True,0.4162,True
2026-07-02T15:24:32.544529+00:00,decision_debug,BTC/USDT,SHORT,NO TRADE,0.0,71.0,E,BULLISH,12.0,4.0,15.0,22.0,7.0,OK,2026-07-02T14:00:00+00:00,61702.6,0.042,True,0.0554,True,0.3765,True,0.235,True
2026-07-02T15:24:33.699766+00:00,decision_debug,ETH/USDT,SHORT,NO TRADE,0.0,68.0,E,BULLISH,12.0,8.0,15.0,21.0,6.0,OK,2026-07-02T14:00:00+00:00,1701.51,0.1134,True,0.3403,True,0.0741,True,0.05,True
2026-07-02T15:24:35.407158+00:00,decision_debug,BNB/USDT,SHORT,NO TRADE,0.0,92.0,E,BULLISH,7.0,5.0,10.0,24.0,14.0,OK,2026-07-02T14:00:00+00:00,562.1,0.0,False,0.2135,True,0.676,True,0.5871,True
2026-07-02T15:24:36.177706+00:00,decision_debug,XRP/USDT,SHORT,NO TRADE,0.0,59.0,E,BULLISH,12.0,4.0,15.0,18.0,3.0,OK,2026-07-02T14:00:00+00:00,1.092,0.0916,True,0.3205,True,0.6044,True,0.348,True
2026-07-02T15:24:37.103767+00:00,decision_debug,LINK/USDT,SHORT,NO TRADE,0.0,68.0,E,BULLISH,12.0,8.0,15.0,21.0,6.0,OK,2026-07-02T14:00:00+00:00,7.799,0.3077,True,0.5642,True,0.718,True,0.6924,True
2026-07-02T15:24:39.578486+00:00,decision_debug,DOGE/USDT,SHORT,NO TRADE,0.0,92.0,E,BULLISH,12.0,5.0,11.0,25.0,14.0,OK,2026-07-02T14:00:00+00:00,0.07449,0.2282,True,0.3356,True,0.349,True,0.4162,True
2026-07-02T15:29:42.999624+00:00,decision_debug,BTC/USDT,SHORT,NO TRADE,0.0,71.0,E,BULLISH,12.0,4.0,15.0,22.0,7.0,OK,2026-07-02T14:00:00+00:00,61702.6,0.042,True,0.0554,True,0.3765,True,0.235,True
2026-07-02T15:29:44.168387+00:00,decision_debug,ETH/USDT,SHORT,NO TRADE,0.0,68.0,E,BULLISH,12.0,8.0,15.0,21.0,6.0,OK,2026-07-02T14:00:00+00:00,1701.51,0.1134,True,0.3403,True,0.0741,True,0.05,True
2026-07-02T15:29:45.725667+00:00,decision_debug,BNB/USDT,SHORT,NO TRADE,0.0,92.0,E,BULLISH,7.0,5.0,10.0,24.0,14.0,OK,2026-07-02T14:00:00+00:00,562.1,0.0,False,0.2135,True,0.676,True,0.5871,True
2026-07-02T15:29:46.686904+00:00,decision_debug,XRP/USDT,SHORT,NO TRADE,0.0,59.0,E,BULLISH,12.0,4.0,15.0,18.0,3.0,OK,2026-07-02T14:00:00+00:00,1.092,0.0916,True,0.3205,True,0.6044,True,0.348,True
2026-07-02T15:29:47.460320+00:00,decision_debug,LINK/USDT,SHORT,NO TRADE,0.0,68.0,E,BULLISH,12.0,8.0,15.0,21.0,6.0,OK,2026-07-02T14:00:00+00:00,7.799,0.3077,True,0.5642,True,0.718,True,0.6924,True
2026-07-02T15:29:49.922414+00:00,decision_debug,DOGE/USDT,SHORT,NO TRADE,0.0,92.0,E,BULLISH,12.0,5.0,11.0,25.0,14.0,OK,2026-07-02T14:00:00+00:00,0.07449,0.2282,True,0.3356,True,0.349,True,0.4162,True
2026-07-02T15:34:53.068578+00:00,decision_debug,BTC/USDT,SHORT,NO TRADE,0.0,71.0,E,BULLISH,12.0,4.0,15.0,22.0,7.0,OK,2026-07-02T14:00:00+00:00,61702.6,0.042,True,0.0554,True,0.3765,True,0.235,True
2026-07-02T15:34:53.991548+00:00,decision_debug,ETH/USDT,SHORT,NO TRADE,0.0,68.0,E,BULLISH,12.0,8.0,15.0,21.0,6.0,OK,2026-07-02T14:00:00+00:00,1701.51,0.1134,True,0.3403,True,0.0741,True,0.05,True
2026-07-02T15:34:55.566671+00:00,decision_debug,BNB/USDT,SHORT,SETUP,26.0,98.0,B,BULLISH,7.0,5.0,10.0,26.0,16.0,OK,2026-07-02T14:00:00+00:00,562.1,0.0,False,0.2135,True,0.676,True,0.5871,True
2026-07-02T15:34:56.967994+00:00,decision_debug,XRP/USDT,SHORT,NO TRADE,0.0,59.0,E,BULLISH,12.0,4.0,15.0,18.0,3.0,OK,2026-07-02T14:00:00+00:00,1.092,0.0916,True,0.3205,True,0.6044,True,0.348,True
2026-07-02T15:34:57.740253+00:00,decision_debug,LINK/USDT,SHORT,NO TRADE,0.0,68.0,E,BULLISH,12.0,8.0,15.0,21.0,6.0,OK,2026-07-02T14:00:00+00:00,7.799,0.3077,True,0.5642,True,0.718,True,0.6924,True
2026-07-02T15:35:00.303588+00:00,decision_debug,DOGE/USDT,SHORT,NO TRADE,0.0,92.0,E,BULLISH,12.0,5.0,11.0,25.0,14.0,OK,2026-07-02T14:00:00+00:00,0.07449,0.2282,True,0.3356,True,0.349,True,0.4162,True
2026-07-02T15:40:02.529600+00:00,decision_debug,BTC/USDT,SHORT,NO TRADE,0.0,65.0,E,BULLISH,12.0,4.0,15.0,20.0,5.0,OK,2026-07-02T14:00:00+00:00,61702.6,0.042,True,0.0554,True,0.3765,True,0.235,True
2026-07-02T15:40:03.534357+00:00,decision_debug,ETH/USDT,SHORT,NO TRADE,0.0,68.0,E,BULLISH,12.0,8.0,15.0,21.0,6.0,OK,2026-07-02T14:00:00+00:00,1701.51,0.1134,True,0.3403,True,0.0741,True,0.05,True
2026-07-02T15:40:05.279436+00:00,decision_debug,BNB/USDT,SHORT,NO TRADE,0.0,92.0,E,BULLISH,7.0,5.0,10.0,24.0,14.0,OK,2026-07-02T14:00:00+00:00,562.1,0.0,False,0.2135,True,0.676,True,0.5871,True
2026-07-02T15:40:06.065187+00:00,decision_debug,XRP/USDT,SHORT,NO TRADE,0.0,59.0,E,BULLISH,12.0,4.0,15.0,18.0,3.0,OK,2026-07-02T14:00:00+00:00,1.092,0.0916,True,0.3205,True,0.6044,True,0.348,True
2026-07-02T15:40:06.857631+00:00,decision_debug,LINK/USDT,SHORT,NO TRADE,0.0,68.0,E,BULLISH,12.0,8.0,15.0,21.0,6.0,OK,2026-07-02T14:00:00+00:00,7.799,0.3077,True,0.5642,True,0.718,True,0.6924,True
2026-07-02T15:40:09.392274+00:00,decision_debug,DOGE/USDT,SHORT,NO TRADE,0.0,92.0,E,BULLISH,12.0,5.0,11.0,25.0,14.0,OK,2026-07-02T14:00:00+00:00,0.07449,0.2282,True,0.3356,True,0.349,True,0.4162,True
2026-07-02T15:45:11.694843+00:00,decision_debug,BTC/USDT,SHORT,NO TRADE,0.0,71.0,E,BULLISH,12.0,4.0,15.0,22.0,7.0,OK,2026-07-02T14:00:00+00:00,61702.6,0.042,True,0.0554,True,0.3765,True,0.235,True
2026-07-02T15:45:12.841440+00:00,decision_debug,ETH/USDT,SHORT,NO TRADE,0.0,71.0,E,BULLISH,12.0,8.0,15.0,22.0,7.0,OK,2026-07-02T14:00:00+00:00,1701.51,0.1134,True,0.3403,True,0.0741,True,0.05,True
2026-07-02T15:45:14.373397+00:00,decision_debug,BNB/USDT,SHORT,SETUP,26.0,98.0,B,BULLISH,7.0,5.0,10.0,26.0,16.0,OK,2026-07-02T14:00:00+00:00,562.1,0.0,False,0.2135,True,0.676,True,0.5871,True
2026-07-02T15:45:15.151895+00:00,decision_debug,XRP/USDT,SHORT,NO TRADE,0.0,65.0,E,BULLISH,12.0,4.0,15.0,20.0,5.0,OK,2026-07-02T14:00:00+00:00,1.092,0.0916,True,0.3205,True,0.6044,True,0.348,True
2026-07-02T15:45:16.200321+00:00,decision_debug,LINK/USDT,SHORT,NO TRADE,0.0,68.0,E,BULLISH,12.0,8.0,15.0,21.0,6.0,OK,2026-07-02T14:00:00+00:00,7.799,0.3077,True,0.5642,True,0.718,True,0.6924,True
2026-07-02T15:45:19.192146+00:00,decision_debug,DOGE/USDT,SHORT,NO TRADE,0.0,89.0,E,BULLISH,12.0,5.0,11.0,24.0,13.0,OK,2026-07-02T14:00:00+00:00,0.07449,0.2282,True,0.3356,True,0.349,True,0.4162,True
2026-07-02T15:50:21.896782+00:00,decision_debug,BTC/USDT,SHORT,NO TRADE,0.0,62.0,E,BULLISH,12.0,0.0,15.0,19.0,4.0,OK,2026-07-02T14:00:00+00:00,61702.6,0.042,True,0.0554,True,0.3765,True,0.235,True
2026-07-02T15:50:22.848860+00:00,decision_debug,ETH/USDT,SHORT,NO TRADE,0.0,68.0,E,BULLISH,12.0,8.0,15.0,21.0,6.0,OK,2026-07-02T14:00:00+00:00,1701.51,0.1134,True,0.3403,True,0.0741,True,0.05,True
2026-07-02T15:50:24.395643+00:00,decision_debug,BNB/USDT,SHORT,NO TRADE,0.0,92.0,E,BULLISH,7.0,5.0,10.0,24.0,14.0,OK,2026-07-02T14:00:00+00:00,562.1,0.0,False,0.2135,True,0.676,True,0.5871,True
2026-07-02T15:50:25.251506+00:00,decision_debug,XRP/USDT,SHORT,NO TRADE,0.0,59.0,E,BULLISH,12.0,4.0,15.0,18.0,3.0,OK,2026-07-02T14:00:00+00:00,1.092,0.0916,True,0.3205,True,0.6044,True,0.348,True
2026-07-02T15:50:26.676244+00:00,decision_debug,LINK/USDT,SHORT,NO TRADE,0.0,68.0,E,BULLISH,12.0,8.0,15.0,21.0,6.0,OK,2026-07-02T14:00:00+00:00,7.799,0.3077,True,0.5642,True,0.718,True,0.6924,True
2026-07-02T15:50:30.487866+00:00,decision_debug,DOGE/USDT,SHORT,NO TRADE,0.0,92.0,E,BULLISH,12.0,5.0,11.0,25.0,14.0,OK,2026-07-02T14:00:00+00:00,0.07449,0.2282,True,0.3356,True,0.349,True,0.4162,True
2026-07-02T15:55:33.545534+00:00,decision_debug,BTC/USDT,SHORT,NO TRADE,0.0,62.0,E,BULLISH,12.0,0.0,15.0,19.0,4.0,OK,2026-07-02T14:00:00+00:00,61702.6,0.042,True,0.0554,True,0.3765,True,0.235,True
2026-07-02T15:55:35.386320+00:00,decision_debug,ETH/USDT,SHORT,NO TRADE,0.0,68.0,E,BULLISH,12.0,8.0,15.0,21.0,6.0,OK,2026-07-02T14:00:00+00:00,1701.51,0.1134,True,0.3403,True,0.0741,True,0.05,True
2026-07-02T15:55:37.993966+00:00,decision_debug,BNB/USDT,SHORT,NO TRADE,0.0,92.0,E,BULLISH,7.0,5.0,10.0,24.0,14.0,OK,2026-07-02T14:00:00+00:00,562.1,0.0,False,0.2135,True,0.676,True,0.5871,True
2026-07-02T15:55:38.915394+00:00,decision_debug,XRP/USDT,SHORT,NO TRADE,0.0,59.0,E,BULLISH,12.0,4.0,15.0,18.0,3.0,OK,2026-07-02T14:00:00+00:00,1.092,0.0916,True,0.3205,True,0.6044,True,0.348,True
2026-07-02T15:55:39.992426+00:00,decision_debug,LINK/USDT,SHORT,NO TRADE,0.0,68.0,E,BULLISH,12.0,8.0,15.0,21.0,6.0,OK,2026-07-02T14:00:00+00:00,7.799,0.3077,True,0.5642,True,0.718,True,0.6924,True
2026-07-02T15:55:42.526190+00:00,decision_debug,DOGE/USDT,SHORT,NO TRADE,0.0,92.0,E,BULLISH,12.0,5.0,11.0,25.0,14.0,OK,2026-07-02T14:00:00+00:00,0.07449,0.2282,True,0.3356,True,0.349,True,0.4162,True
2026-07-02T16:00:46.308540+00:00,decision_debug,BTC/USDT,SHORT,NO TRADE,0.0,62.0,E,BULLISH,12.0,0.0,15.0,19.0,4.0,OK,2026-07-02T15:00:00+00:00,61608.1,-0.0979,False,-0.2464,False,0.0519,True,0.4975,True
2026-07-02T16:00:49.342430+00:00,decision_debug,BNB/USDT,SHORT,NO TRADE,0.0,92.0,E,BULLISH,7.0,5.0,10.0,24.0,14.0,OK,2026-07-02T15:00:00+00:00,562.7,0.3199,True,0.4443,True,0.7642,True,0.853,True
2026-07-02T16:00:50.714815+00:00,decision_debug,XRP/USDT,SHORT,NO TRADE,0.0,59.0,E,BULLISH,12.0,4.0,15.0,18.0,3.0,OK,2026-07-02T15:00:00+00:00,1.0932,0.4299,True,0.3568,True,0.9056,True,0.7958,True
2026-07-02T16:00:54.392623+00:00,decision_debug,DOGE/USDT,SHORT,NO TRADE,0.0,92.0,E,BULLISH,12.0,5.0,11.0,25.0,14.0,OK,2026-07-02T15:00:00+00:00,0.07454,0.4025,True,0.2012,True,0.5769,True,0.7244,True
2026-07-02T16:05:59.261312+00:00,decision_debug,BTC/USDT,SHORT,NO TRADE,0.0,62.0,E,BULLISH,12.0,0.0,15.0,19.0,4.0,OK,2026-07-02T15:00:00+00:00,61608.1,-0.0979,False,-0.2464,False,0.0519,True,0.4975,True
2026-07-02T16:06:02.809175+00:00,decision_debug,BNB/USDT,SHORT,SETUP,26.0,98.0,B,BULLISH,7.0,5.0,10.0,26.0,16.0,OK,2026-07-02T15:00:00+00:00,562.7,0.3199,True,0.4443,True,0.7642,True,0.853,True
2026-07-02T16:06:03.615309+00:00,decision_debug,XRP/USDT,SHORT,NO TRADE,0.0,65.0,E,BULLISH,12.0,4.0,15.0,20.0,5.0,OK,2026-07-02T15:00:00+00:00,1.0932,0.4299,True,0.3568,True,0.9056,True,0.7958,True
2026-07-02T16:06:08.193552+00:00,decision_debug,DOGE/USDT,SHORT,NO TRADE,0.0,92.0,E,BULLISH,12.0,5.0,11.0,25.0,14.0,OK,2026-07-02T15:00:00+00:00,0.07454,0.4025,True,0.2012,True,0.5769,True,0.7244,True
2026-07-02T16:11:12.097772+00:00,decision_debug,BTC/USDT,SHORT,NO TRADE,0.0,71.0,E,BULLISH,12.0,4.0,15.0,22.0,7.0,OK,2026-07-02T15:00:00+00:00,61608.1,-0.0979,False,-0.2464,False,0.0519,True,0.4975,True
2026-07-02T16:11:16.196742+00:00,decision_debug,BNB/USDT,SHORT,SETUP,26.0,98.0,B,BULLISH,7.0,5.0,10.0,26.0,16.0,OK,2026-07-02T15:00:00+00:00,562.7,0.3199,True,0.4443,True,0.7642,True,0.853,True
2026-07-02T16:11:17.254475+00:00,decision_debug,XRP/USDT,SHORT,NO TRADE,0.0,65.0,E,BULLISH,12.0,4.0,15.0,20.0,5.0,OK,2026-07-02T15:00:00+00:00,1.0932,0.4299,True,0.3568,True,0.9056,True,0.7958,True
2026-07-02T16:11:21.892233+00:00,decision_debug,DOGE/USDT,SHORT,NO TRADE,0.0,92.0,E,BULLISH,12.0,5.0,11.0,25.0,14.0,OK,2026-07-02T15:00:00+00:00,0.07454,0.4025,True,0.2012,True,0.5769,True,0.7244,True
2026-07-02T16:16:24.347963+00:00,decision_debug,BTC/USDT,SHORT,NO TRADE,0.0,62.0,E,BULLISH,12.0,0.0,15.0,19.0,4.0,OK,2026-07-02T15:00:00+00:00,61608.1,-0.0979,False,-0.2464,False,0.0519,True,0.4975,True
2026-07-02T16:16:27.455833+00:00,decision_debug,BNB/USDT,SHORT,NO TRADE,0.0,92.0,E,BULLISH,7.0,5.0,10.0,24.0,14.0,OK,2026-07-02T15:00:00+00:00,562.7,0.3199,True,0.4443,True,0.7642,True,0.853,True
2026-07-02T16:16:28.233623+00:00,decision_debug,XRP/USDT,SHORT,NO TRADE,0.0,56.0,E,BULLISH,12.0,0.0,15.0,17.0,2.0,OK,2026-07-02T15:00:00+00:00,1.0932,0.4299,True,0.3568,True,0.9056,True,0.7958,True
2026-07-02T16:16:31.773416+00:00,decision_debug,DOGE/USDT,SHORT,NO TRADE,0.0,92.0,E,BULLISH,12.0,5.0,11.0,25.0,14.0,OK,2026-07-02T15:00:00+00:00,0.07454,0.4025,True,0.2012,True,0.5769,True,0.7244,True
2026-07-02T16:21:35.334535+00:00,decision_debug,BTC/USDT,SHORT,NO TRADE,0.0,62.0,E,BULLISH,12.0,0.0,15.0,19.0,4.0,OK,2026-07-02T15:00:00+00:00,61608.1,-0.0979,False,-0.2464,False,0.0519,True,0.4975,True
2026-07-02T16:21:37.681346+00:00,decision_debug,BNB/USDT,SHORT,NO TRADE,0.0,92.0,E,BULLISH,7.0,5.0,10.0,24.0,14.0,OK,2026-07-02T15:00:00+00:00,562.7,0.3199,True,0.4443,True,0.7642,True,0.853,True
2026-07-02T16:21:38.469343+00:00,decision_debug,XRP/USDT,SHORT,NO TRADE,0.0,56.0,E,BULLISH,12.0,0.0,15.0,17.0,2.0,OK,2026-07-02T15:00:00+00:00,1.0932,0.4299,True,0.3568,True,0.9056,True,0.7958,True
2026-07-02T16:21:39.246646+00:00,decision_debug,LINK/USDT,SHORT,NO TRADE,0.0,68.0,E,BULLISH,12.0,8.0,15.0,21.0,6.0,OK,2026-07-02T15:00:00+00:00,7.786,0.3982,True,0.3596,True,0.4367,True,0.7449,True
2026-07-02T16:21:42.876449+00:00,decision_debug,DOGE/USDT,SHORT,NO TRADE,0.0,92.0,E,BULLISH,12.0,5.0,11.0,25.0,14.0,OK,2026-07-02T15:00:00+00:00,0.07454,0.4025,True,0.2012,True,0.5769,True,0.7244,True
2026-07-02T16:26:46.658545+00:00,decision_debug,BTC/USDT,SHORT,NO TRADE,0.0,62.0,E,BULLISH,12.0,0.0,15.0,19.0,4.0,OK,2026-07-02T15:00:00+00:00,61608.1,-0.0979,False,-0.2464,False,0.0519,True,0.4975,True
2026-07-02T16:26:49.272859+00:00,decision_debug,BNB/USDT,SHORT,NO TRADE,0.0,86.0,E,BULLISH,7.0,5.0,10.0,22.0,12.0,OK,2026-07-02T15:00:00+00:00,562.7,0.3199,True,0.4443,True,0.7642,True,0.853,True
2026-07-02T16:26:50.250355+00:00,decision_debug,XRP/USDT,SHORT,NO TRADE,0.0,56.0,E,BULLISH,12.0,0.0,15.0,17.0,2.0,OK,2026-07-02T15:00:00+00:00,1.0932,0.4299,True,0.3568,True,0.9056,True,0.7958,True
2026-07-02T16:26:51.222929+00:00,decision_debug,LINK/USDT,SHORT,NO TRADE,0.0,62.0,E,BULLISH,12.0,8.0,15.0,19.0,4.0,OK,2026-07-02T15:00:00+00:00,7.786,0.3982,True,0.3596,True,0.4367,True,0.7449,True
2026-07-02T16:26:53.734612+00:00,decision_debug,DOGE/USDT,SHORT,NO TRADE,0.0,92.0,E,BULLISH,12.0,5.0,11.0,25.0,14.0,OK,2026-07-02T15:00:00+00:00,0.07454,0.4025,True,0.2012,True,0.5769,True,0.7244,True
2026-07-02T16:31:59.597331+00:00,decision_debug,BNB/USDT,SHORT,NO TRADE,0.0,86.0,E,BULLISH,7.0,5.0,10.0,22.0,12.0,OK,2026-07-02T15:00:00+00:00,562.7,0.3199,True,0.4443,True,0.7642,True,0.853,True
2026-07-02T16:32:00.466196+00:00,decision_debug,XRP/USDT,SHORT,NO TRADE,0.0,56.0,E,BULLISH,12.0,0.0,15.0,17.0,2.0,OK,2026-07-02T15:00:00+00:00,1.0932,0.4299,True,0.3568,True,0.9056,True,0.7958,True
2026-07-02T16:32:01.772491+00:00,decision_debug,LINK/USDT,SHORT,NO TRADE,0.0,62.0,E,BULLISH,12.0,8.0,15.0,19.0,4.0,OK,2026-07-02T15:00:00+00:00,7.786,0.3982,True,0.3596,True,0.4367,True,0.7449,True
2026-07-02T16:32:06.296776+00:00,decision_debug,DOGE/USDT,SHORT,NO TRADE,0.0,86.0,E,BULLISH,12.0,5.0,11.0,23.0,12.0,OK,2026-07-02T15:00:00+00:00,0.07454,0.4025,True,0.2012,True,0.5769,True,0.7244,True
2026-07-02T16:37:14.727031+00:00,decision_debug,BNB/USDT,SHORT,NO TRADE,0.0,86.0,E,BULLISH,7.0,5.0,10.0,22.0,12.0,OK,2026-07-02T15:00:00+00:00,562.7,0.3199,True,0.4443,True,0.7642,True,0.853,True
2026-07-02T16:37:15.982765+00:00,decision_debug,XRP/USDT,SHORT,NO TRADE,0.0,56.0,E,BULLISH,12.0,0.0,15.0,17.0,2.0,OK,2026-07-02T15:00:00+00:00,1.0932,0.4299,True,0.3568,True,0.9056,True,0.7958,True
2026-07-02T16:37:16.994547+00:00,decision_debug,LINK/USDT,SHORT,NO TRADE,0.0,62.0,E,BULLISH,12.0,8.0,15.0,19.0,4.0,OK,2026-07-02T15:00:00+00:00,7.786,0.3982,True,0.3596,True,0.4367,True,0.7449,True
2026-07-02T16:37:21.033338+00:00,decision_debug,DOGE/USDT,SHORT,NO TRADE,0.0,86.0,E,BULLISH,12.0,5.0,11.0,23.0,12.0,OK,2026-07-02T15:00:00+00:00,0.07454,0.4025,True,0.2012,True,0.5769,True,0.7244,True
2026-07-02T16:42:25.156355+00:00,decision_debug,BTC/USDT,SHORT,NO TRADE,0.0,62.0,E,BULLISH,12.0,0.0,15.0,19.0,4.0,OK,2026-07-02T15:00:00+00:00,61608.1,-0.0979,False,-0.2464,False,0.0519,True,0.4975,True
2026-07-02T16:42:28.451367+00:00,decision_debug,BNB/USDT,SHORT,NO TRADE,0.0,86.0,E,BULLISH,7.0,5.0,10.0,22.0,12.0,OK,2026-07-02T15:00:00+00:00,562.7,0.3199,True,0.4443,True,0.7642,True,0.853,True
2026-07-02T16:42:29.706499+00:00,decision_debug,XRP/USDT,SHORT,NO TRADE,0.0,56.0,E,BULLISH,12.0,0.0,15.0,17.0,2.0,OK,2026-07-02T15:00:00+00:00,1.0932,0.4299,True,0.3568,True,0.9056,True,0.7958,True
2026-07-02T16:42:30.900734+00:00,decision_debug,LINK/USDT,SHORT,NO TRADE,0.0,62.0,E,BULLISH,12.0,8.0,15.0,19.0,4.0,OK,2026-07-02T15:00:00+00:00,7.786,0.3982,True,0.3596,True,0.4367,True,0.7449,True
2026-07-02T16:42:33.814870+00:00,decision_debug,DOGE/USDT,SHORT,NO TRADE,0.0,86.0,E,BULLISH,12.0,5.0,11.0,23.0,12.0,OK,2026-07-02T15:00:00+00:00,0.07454,0.4025,True,0.2012,True,0.5769,True,0.7244,True
2026-07-02T16:47:39.032422+00:00,decision_debug,BTC/USDT,SHORT,NO TRADE,0.0,62.0,E,BULLISH,12.0,0.0,15.0,19.0,4.0,OK,2026-07-02T15:00:00+00:00,61608.1,-0.0979,False,-0.2464,False,0.0519,True,0.4975,True
2026-07-02T16:47:42.793630+00:00,decision_debug,BNB/USDT,SHORT,NO TRADE,0.0,92.0,E,BULLISH,7.0,5.0,10.0,24.0,14.0,OK,2026-07-02T15:00:00+00:00,562.7,0.3199,True,0.4443,True,0.7642,True,0.853,True
2026-07-02T16:47:43.698944+00:00,decision_debug,XRP/USDT,SHORT,NO TRADE,0.0,56.0,E,BULLISH,12.0,0.0,15.0,17.0,2.0,OK,2026-07-02T15:00:00+00:00,1.0932,0.4299,True,0.3568,True,0.9056,True,0.7958,True
2026-07-02T16:47:44.947759+00:00,decision_debug,LINK/USDT,SHORT,NO TRADE,0.0,68.0,E,BULLISH,12.0,8.0,15.0,21.0,6.0,OK,2026-07-02T15:00:00+00:00,7.786,0.3982,True,0.3596,True,0.4367,True,0.7449,True
2026-07-02T16:47:49.042841+00:00,decision_debug,DOGE/USDT,SHORT,NO TRADE,0.0,92.0,E,BULLISH,12.0,5.0,11.0,25.0,14.0,OK,2026-07-02T15:00:00+00:00,0.07454,0.4025,True,0.2012,True,0.5769,True,0.7244,True
2026-07-02T16:52:52.142850+00:00,decision_debug,BTC/USDT,SHORT,NO TRADE,0.0,71.0,E,BULLISH,12.0,4.0,15.0,22.0,7.0,OK,2026-07-02T15:00:00+00:00,61608.1,-0.0979,False,-0.2464,False,0.0519,True,0.4975,True
2026-07-02T16:52:54.580588+00:00,decision_debug,BNB/USDT,SHORT,NO TRADE,0.0,92.0,E,BULLISH,7.0,5.0,10.0,24.0,14.0,OK,2026-07-02T15:00:00+00:00,562.7,0.3199,True,0.4443,True,0.7642,True,0.853,True
2026-07-02T16:52:55.906555+00:00,decision_debug,XRP/USDT,SHORT,NO TRADE,0.0,59.0,E,BULLISH,12.0,4.0,15.0,18.0,3.0,OK,2026-07-02T15:00:00+00:00,1.0932,0.4299,True,0.3568,True,0.9056,True,0.7958,True
2026-07-02T16:53:01.298659+00:00,decision_debug,DOGE/USDT,SHORT,NO TRADE,0.0,92.0,E,BULLISH,12.0,5.0,11.0,25.0,14.0,OK,2026-07-02T15:00:00+00:00,0.07454,0.4025,True,0.2012,True,0.5769,True,0.7244,True
2026-07-02T16:58:03.779269+00:00,decision_debug,BTC/USDT,SHORT,NO TRADE,0.0,62.0,E,BULLISH,12.0,0.0,15.0,19.0,4.0,OK,2026-07-02T15:00:00+00:00,61608.1,-0.0979,False,-0.2464,False,0.0519,True,0.4975,True
2026-07-02T16:58:07.295354+00:00,decision_debug,BNB/USDT,SHORT,NO TRADE,0.0,92.0,E,BULLISH,7.0,5.0,10.0,24.0,14.0,OK,2026-07-02T15:00:00+00:00,562.7,0.3199,True,0.4443,True,0.7642,True,0.853,True
2026-07-02T16:58:08.452718+00:00,decision_debug,XRP/USDT,SHORT,NO TRADE,0.0,56.0,E,BULLISH,12.0,0.0,15.0,17.0,2.0,OK,2026-07-02T15:00:00+00:00,1.0932,0.4299,True,0.3568,True,0.9056,True,0.7958,True
2026-07-02T16:58:09.442059+00:00,decision_debug,LINK/USDT,SHORT,NO TRADE,0.0,68.0,E,BULLISH,12.0,8.0,15.0,21.0,6.0,OK,2026-07-02T15:00:00+00:00,7.786,0.3982,True,0.3596,True,0.4367,True,0.7449,True
2026-07-02T16:58:12.490846+00:00,decision_debug,DOGE/USDT,SHORT,NO TRADE,0.0,86.0,E,BULLISH,12.0,5.0,11.0,23.0,12.0,OK,2026-07-02T15:00:00+00:00,0.07454,0.4025,True,0.2012,True,0.5769,True,0.7244,True
2026-07-02T17:03:14.782828+00:00,decision_debug,BTC/USDT,SHORT,NO TRADE,0.0,62.0,E,BULLISH,12.0,0.0,15.0,19.0,4.0,OK,2026-07-02T16:00:00+00:00,61676.7,-0.1349,False,0.3346,True,0.1474,True,0.1477,True
2026-07-02T17:03:17.482457+00:00,decision_debug,BNB/USDT,SHORT,NO TRADE,0.0,92.0,E,BULLISH,7.0,5.0,10.0,24.0,14.0,OK,2026-07-02T16:00:00+00:00,562.1,0.338,True,0.676,True,0.8184,True,0.1067,True
2026-07-02T17:03:18.917365+00:00,decision_debug,XRP/USDT,SHORT,NO TRADE,0.0,56.0,E,BULLISH,12.0,0.0,15.0,17.0,2.0,OK,2026-07-02T16:00:00+00:00,1.091,0.1558,True,0.5133,True,0.8616,True,-0.275,False
2026-07-02T17:03:20.866335+00:00,decision_debug,LINK/USDT,SHORT,NO TRADE,0.0,62.0,E,BULLISH,12.0,8.0,15.0,19.0,4.0,OK,2026-07-02T16:00:00+00:00,7.775,0.2186,True,0.4116,True,0.4502,True,-0.5016,False
2026-07-02T17:03:24.796525+00:00,decision_debug,DOGE/USDT,SHORT,NO TRADE,0.0,86.0,E,BULLISH,12.0,5.0,11.0,23.0,12.0,OK,2026-07-02T16:00:00+00:00,0.07432,-0.0942,False,0.1211,True,0.3229,True,-0.6459,False
2026-07-02T17:08:27.471745+00:00,decision_debug,BTC/USDT,SHORT,NO TRADE,0.0,71.0,E,BULLISH,12.0,4.0,15.0,22.0,7.0,OK,2026-07-02T16:00:00+00:00,61676.7,-0.1349,False,0.3346,True,0.1474,True,0.1477,True
2026-07-02T17:08:30.579926+00:00,decision_debug,BNB/USDT,SHORT,NO TRADE,0.0,92.0,E,BULLISH,7.0,5.0,10.0,24.0,14.0,OK,2026-07-02T16:00:00+00:00,562.1,0.338,True,0.676,True,0.8184,True,0.1067,True
2026-07-02T17:08:31.429410+00:00,decision_debug,XRP/USDT,SHORT,NO TRADE,0.0,56.0,E,BULLISH,12.0,0.0,15.0,17.0,2.0,OK,2026-07-02T16:00:00+00:00,1.091,0.1558,True,0.5133,True,0.8616,True,-0.275,False
2026-07-02T17:08:32.237174+00:00,decision_debug,LINK/USDT,SHORT,NO TRADE,0.0,68.0,E,BULLISH,12.0,8.0,15.0,21.0,6.0,OK,2026-07-02T16:00:00+00:00,7.775,0.2186,True,0.4116,True,0.4502,True,-0.5016,False
2026-07-02T17:08:36.017899+00:00,decision_debug,DOGE/USDT,SHORT,NO TRADE,0.0,86.0,E,BULLISH,12.0,5.0,11.0,23.0,12.0,OK,2026-07-02T16:00:00+00:00,0.07432,-0.0942,False,0.1211,True,0.3229,True,-0.6459,False
2026-07-02T17:13:38.160972+00:00,decision_debug,BTC/USDT,SHORT,NO TRADE,0.0,71.0,E,BULLISH,12.0,4.0,15.0,22.0,7.0,OK,2026-07-02T16:00:00+00:00,61676.7,-0.1349,False,0.3346,True,0.1474,True,0.1477,True
2026-07-02T17:13:41.263100+00:00,decision_debug,BNB/USDT,SHORT,NO TRADE,0.0,92.0,E,BULLISH,7.0,5.0,10.0,24.0,14.0,OK,2026-07-02T16:00:00+00:00,562.1,0.338,True,0.676,True,0.8184,True,0.1067,True
2026-07-02T17:13:42.240825+00:00,decision_debug,XRP/USDT,SHORT,NO TRADE,0.0,56.0,E,BULLISH,12.0,0.0,15.0,17.0,2.0,OK,2026-07-02T16:00:00+00:00,1.091,0.1558,True,0.5133,True,0.8616,True,-0.275,False
2026-07-02T17:13:43.066646+00:00,decision_debug,LINK/USDT,SHORT,NO TRADE,0.0,68.0,E,BULLISH,12.0,8.0,15.0,21.0,6.0,OK,2026-07-02T16:00:00+00:00,7.775,0.2186,True,0.4116,True,0.4502,True,-0.5016,False
2026-07-02T17:13:46.611349+00:00,decision_debug,DOGE/USDT,SHORT,NO TRADE,0.0,86.0,E,BULLISH,12.0,5.0,11.0,23.0,12.0,OK,2026-07-02T16:00:00+00:00,0.07432,-0.0942,False,0.1211,True,0.3229,True,-0.6459,False
2026-07-02T17:18:48.877241+00:00,decision_debug,BTC/USDT,SHORT,NO TRADE,0.0,71.0,E,BULLISH,12.0,4.0,15.0,22.0,7.0,OK,2026-07-02T16:00:00+00:00,61676.7,-0.1349,False,0.3346,True,0.1474,True,0.1477,True
2026-07-02T17:18:51.387454+00:00,decision_debug,BNB/USDT,SHORT,NO TRADE,0.0,92.0,E,BULLISH,7.0,5.0,10.0,24.0,14.0,OK,2026-07-02T16:00:00+00:00,562.1,0.338,True,0.676,True,0.8184,True,0.1067,True
2026-07-02T17:18:52.208738+00:00,decision_debug,XRP/USDT,SHORT,NO TRADE,0.0,56.0,E,BULLISH,12.0,0.0,15.0,17.0,2.0,OK,2026-07-02T16:00:00+00:00,1.091,0.1558,True,0.5133,True,0.8616,True,-0.275,False
2026-07-02T17:18:53.112285+00:00,decision_debug,LINK/USDT,SHORT,NO TRADE,0.0,68.0,E,BULLISH,12.0,8.0,15.0,21.0,6.0,OK,2026-07-02T16:00:00+00:00,7.775,0.2186,True,0.4116,True,0.4502,True,-0.5016,False
2026-07-02T17:18:56.791465+00:00,decision_debug,DOGE/USDT,SHORT,NO TRADE,0.0,92.0,E,BULLISH,12.0,5.0,11.0,25.0,14.0,OK,2026-07-02T16:00:00+00:00,0.07432,-0.0942,False,0.1211,True,0.3229,True,-0.6459,False
2026-07-02T17:23:59.531725+00:00,decision_debug,BTC/USDT,SHORT,NO TRADE,0.0,71.0,E,BULLISH,12.0,4.0,15.0,22.0,7.0,OK,2026-07-02T16:00:00+00:00,61676.7,-0.1349,False,0.3346,True,0.1474,True,0.1477,True
2026-07-02T17:24:04.465283+00:00,decision_debug,BNB/USDT,SHORT,SETUP,26.0,98.0,B,BULLISH,7.0,5.0,10.0,26.0,16.0,OK,2026-07-02T16:00:00+00:00,562.1,0.338,True,0.676,True,0.8184,True,0.1067,True
2026-07-02T17:24:06.224492+00:00,decision_debug,XRP/USDT,SHORT,NO TRADE,0.0,56.0,E,BULLISH,12.0,0.0,15.0,17.0,2.0,OK,2026-07-02T16:00:00+00:00,1.091,0.1558,True,0.5133,True,0.8616,True,-0.275,False
2026-07-02T17:24:07.476311+00:00,decision_debug,LINK/USDT,SHORT,NO TRADE,0.0,68.0,E,BULLISH,12.0,8.0,15.0,21.0,6.0,OK,2026-07-02T16:00:00+00:00,7.775,0.2186,True,0.4116,True,0.4502,True,-0.5016,False
2026-07-02T17:24:10.779525+00:00,decision_debug,DOGE/USDT,SHORT,NO TRADE,0.0,92.0,E,BULLISH,12.0,5.0,11.0,25.0,14.0,OK,2026-07-02T16:00:00+00:00,0.07432,-0.0942,False,0.1211,True,0.3229,True,-0.6459,False
2026-07-02T17:29:13.190843+00:00,decision_debug,BTC/USDT,SHORT,NO TRADE,0.0,71.0,E,BULLISH,12.0,4.0,15.0,22.0,7.0,OK,2026-07-02T16:00:00+00:00,61676.7,-0.1349,False,0.3346,True,0.1474,True,0.1477,True
2026-07-02T17:29:17.092690+00:00,decision_debug,BNB/USDT,SHORT,NO TRADE,0.0,92.0,E,BULLISH,7.0,5.0,10.0,24.0,14.0,OK,2026-07-02T16:00:00+00:00,562.1,0.338,True,0.676,True,0.8184,True,0.1067,True
2026-07-02T17:29:18.210609+00:00,decision_debug,XRP/USDT,SHORT,NO TRADE,0.0,59.0,E,BULLISH,12.0,4.0,15.0,18.0,3.0,OK,2026-07-02T16:00:00+00:00,1.091,0.1558,True,0.5133,True,0.8616,True,-0.275,False
2026-07-02T17:29:21.786567+00:00,decision_debug,DOGE/USDT,SHORT,NO TRADE,0.0,92.0,E,BULLISH,12.0,5.0,11.0,25.0,14.0,OK,2026-07-02T16:00:00+00:00,0.07432,-0.0942,False,0.1211,True,0.3229,True,-0.6459,False
2026-07-02T17:34:24.038732+00:00,decision_debug,BTC/USDT,SHORT,NO TRADE,0.0,71.0,E,BULLISH,12.0,4.0,15.0,22.0,7.0,OK,2026-07-02T16:00:00+00:00,61676.7,-0.1349,False,0.3346,True,0.1474,True,0.1477,True
2026-07-02T17:34:27.705041+00:00,decision_debug,BNB/USDT,SHORT,NO TRADE,0.0,92.0,E,BULLISH,7.0,5.0,10.0,24.0,14.0,OK,2026-07-02T16:00:00+00:00,562.1,0.338,True,0.676,True,0.8184,True,0.1067,True
2026-07-02T17:34:28.919599+00:00,decision_debug,XRP/USDT,SHORT,NO TRADE,0.0,56.0,E,BULLISH,12.0,0.0,15.0,17.0,2.0,OK,2026-07-02T16:00:00+00:00,1.091,0.1558,True,0.5133,True,0.8616,True,-0.275,False
2026-07-02T17:34:29.779614+00:00,decision_debug,LINK/USDT,SHORT,NO TRADE,0.0,68.0,E,BULLISH,12.0,8.0,15.0,21.0,6.0,OK,2026-07-02T16:00:00+00:00,7.775,0.2186,True,0.4116,True,0.4502,True,-0.5016,False
2026-07-02T17:34:32.479850+00:00,decision_debug,DOGE/USDT,SHORT,NO TRADE,0.0,92.0,E,BULLISH,12.0,5.0,11.0,25.0,14.0,OK,2026-07-02T16:00:00+00:00,0.07432,-0.0942,False,0.1211,True,0.3229,True,-0.6459,False
2026-07-02T17:39:35.497434+00:00,decision_debug,BTC/USDT,SHORT,NO TRADE,0.0,71.0,E,BULLISH,12.0,4.0,15.0,22.0,7.0,OK,2026-07-02T16:00:00+00:00,61676.7,-0.1349,False,0.3346,True,0.1474,True,0.1477,True
2026-07-02T17:39:39.213719+00:00,decision_debug,BNB/USDT,SHORT,NO TRADE,0.0,86.0,E,BULLISH,7.0,5.0,10.0,22.0,12.0,OK,2026-07-02T16:00:00+00:00,562.1,0.338,True,0.676,True,0.8184,True,0.1067,True
2026-07-02T17:39:41.017240+00:00,decision_debug,LINK/USDT,SHORT,NO TRADE,0.0,62.0,E,BULLISH,12.0,8.0,15.0,19.0,4.0,OK,2026-07-02T16:00:00+00:00,7.775,0.2186,True,0.4116,True,0.4502,True,-0.5016,False
2026-07-02T17:39:44.345864+00:00,decision_debug,DOGE/USDT,SHORT,NO TRADE,0.0,77.0,E,BULLISH,12.0,5.0,10.0,19.0,9.0,OK,2026-07-02T16:00:00+00:00,0.07432,-0.0942,False,0.1211,True,0.3229,True,-0.6459,False
2026-07-02T17:44:46.569281+00:00,decision_debug,BTC/USDT,SHORT,NO TRADE,0.0,71.0,E,BULLISH,12.0,4.0,15.0,22.0,7.0,OK,2026-07-02T16:00:00+00:00,61676.7,-0.1349,False,0.3346,True,0.1474,True,0.1477,True
2026-07-02T17:44:52.276491+00:00,decision_debug,BNB/USDT,SHORT,NO TRADE,0.0,92.0,E,BULLISH,7.0,5.0,10.0,24.0,14.0,OK,2026-07-02T16:00:00+00:00,562.1,0.338,True,0.676,True,0.8184,True,0.1067,True
2026-07-02T17:44:53.436657+00:00,decision_debug,XRP/USDT,SHORT,NO TRADE,0.0,56.0,E,BULLISH,12.0,0.0,15.0,17.0,2.0,OK,2026-07-02T16:00:00+00:00,1.091,0.1558,True,0.5133,True,0.8616,True,-0.275,False
2026-07-02T17:44:54.283331+00:00,decision_debug,LINK/USDT,SHORT,NO TRADE,0.0,62.0,E,BULLISH,12.0,8.0,15.0,19.0,4.0,OK,2026-07-02T16:00:00+00:00,7.775,0.2186,True,0.4116,True,0.4502,True,-0.5016,False
2026-07-02T17:44:57.461231+00:00,decision_debug,DOGE/USDT,SHORT,NO TRADE,0.0,86.0,E,BULLISH,12.0,5.0,11.0,23.0,12.0,OK,2026-07-02T16:00:00+00:00,0.07432,-0.0942,False,0.1211,True,0.3229,True,-0.6459,False
2026-07-02T17:49:59.917944+00:00,decision_debug,BTC/USDT,SHORT,NO TRADE,0.0,62.0,E,BULLISH,12.0,0.0,15.0,19.0,4.0,OK,2026-07-02T16:00:00+00:00,61676.7,-0.1349,False,0.3346,True,0.1474,True,0.1477,True
2026-07-02T17:50:03.482726+00:00,decision_debug,BNB/USDT,SHORT,NO TRADE,0.0,86.0,E,BULLISH,7.0,5.0,10.0,22.0,12.0,OK,2026-07-02T16:00:00+00:00,562.1,0.338,True,0.676,True,0.8184,True,0.1067,True
2026-07-02T17:50:05.141778+00:00,decision_debug,LINK/USDT,SHORT,NO TRADE,0.0,62.0,E,BULLISH,12.0,8.0,15.0,19.0,4.0,OK,2026-07-02T16:00:00+00:00,7.775,0.2186,True,0.4116,True,0.4502,True,-0.5016,False
2026-07-02T17:50:08.514350+00:00,decision_debug,DOGE/USDT,SHORT,NO TRADE,0.0,86.0,E,BULLISH,12.0,5.0,11.0,23.0,12.0,OK,2026-07-02T16:00:00+00:00,0.07432,-0.0942,False,0.1211,True,0.3229,True,-0.6459,False
2026-07-02T17:55:10.770514+00:00,decision_debug,BTC/USDT,SHORT,NO TRADE,0.0,71.0,E,BULLISH,12.0,4.0,15.0,22.0,7.0,OK,2026-07-02T16:00:00+00:00,61676.7,-0.1349,False,0.3346,True,0.1474,True,0.1477,True
2026-07-02T17:55:13.260146+00:00,decision_debug,BNB/USDT,SHORT,NO TRADE,0.0,86.0,E,BULLISH,7.0,5.0,10.0,22.0,12.0,OK,2026-07-02T16:00:00+00:00,562.1,0.338,True,0.676,True,0.8184,True,0.1067,True
2026-07-02T17:55:15.239245+00:00,decision_debug,XRP/USDT,SHORT,NO TRADE,0.0,56.0,E,BULLISH,12.0,0.0,15.0,17.0,2.0,OK,2026-07-02T16:00:00+00:00,1.091,0.1558,True,0.5133,True,0.8616,True,-0.275,False
2026-07-02T17:55:16.270386+00:00,decision_debug,LINK/USDT,SHORT,NO TRADE,0.0,62.0,E,BULLISH,12.0,8.0,15.0,19.0,4.0,OK,2026-07-02T16:00:00+00:00,7.775,0.2186,True,0.4116,True,0.4502,True,-0.5016,False
2026-07-02T17:55:19.894607+00:00,decision_debug,DOGE/USDT,SHORT,NO TRADE,0.0,86.0,E,BULLISH,12.0,5.0,11.0,23.0,12.0,OK,2026-07-02T16:00:00+00:00,0.07432,-0.0942,False,0.1211,True,0.3229,True,-0.6459,False
2026-07-02T18:00:22.261049+00:00,decision_debug,BTC/USDT,SHORT,NO TRADE,0.0,62.0,E,BULLISH,12.0,0.0,15.0,19.0,4.0,OK,2026-07-02T17:00:00+00:00,61668.4,0.3212,True,0.1497,True,0.3318,True,0.3854,True
2026-07-02T18:00:25.272215+00:00,decision_debug,BNB/USDT,SHORT,NO TRADE,0.0,86.0,E,BULLISH,7.0,5.0,10.0,22.0,12.0,OK,2026-07-02T17:00:00+00:00,560.9,0.4635,True,0.4457,True,0.5883,True,-0.1426,False
2026-07-02T18:00:27.166051+00:00,decision_debug,LINK/USDT,SHORT,NO TRADE,0.0,62.0,E,BULLISH,12.0,8.0,15.0,19.0,4.0,OK,2026-07-02T17:00:00+00:00,7.755,0.1547,True,0.0387,True,0.5029,True,-0.3482,False
2026-07-02T18:00:29.751626+00:00,decision_debug,DOGE/USDT,SHORT,NO TRADE,0.0,86.0,E,BULLISH,12.0,5.0,11.0,23.0,12.0,OK,2026-07-02T17:00:00+00:00,0.07424,0.0135,True,0.1751,True,0.3233,True,-0.687,False
2026-07-02T18:05:32.559065+00:00,decision_debug,BTC/USDT,SHORT,NO TRADE,0.0,71.0,E,BULLISH,12.0,4.0,15.0,22.0,7.0,OK,2026-07-02T17:00:00+00:00,61668.4,0.3212,True,0.1497,True,0.3318,True,0.3854,True
2026-07-02T18:05:35.835485+00:00,decision_debug,BNB/USDT,SHORT,NO TRADE,0.0,92.0,E,BULLISH,7.0,5.0,10.0,24.0,14.0,OK,2026-07-02T17:00:00+00:00,560.9,0.4635,True,0.4457,True,0.5883,True,-0.1426,False
2026-07-02T18:05:36.802655+00:00,decision_debug,XRP/USDT,SHORT,NO TRADE,0.0,56.0,E,BULLISH,12.0,0.0,15.0,17.0,2.0,OK,2026-07-02T17:00:00+00:00,1.0885,0.2848,True,0.4777,True,0.4134,True,-0.2664,False
2026-07-02T18:05:37.805568+00:00,decision_debug,LINK/USDT,SHORT,NO TRADE,0.0,62.0,E,BULLISH,12.0,8.0,15.0,19.0,4.0,OK,2026-07-02T17:00:00+00:00,7.755,0.1547,True,0.0387,True,0.5029,True,-0.3482,False
2026-07-02T18:05:41.459349+00:00,decision_debug,DOGE/USDT,SHORT,NO TRADE,0.0,92.0,E,BULLISH,12.0,5.0,11.0,25.0,14.0,OK,2026-07-02T17:00:00+00:00,0.07424,0.0135,True,0.1751,True,0.3233,True,-0.687,False
2026-07-02T18:10:44.077870+00:00,decision_debug,BTC/USDT,SHORT,NO TRADE,0.0,71.0,E,BULLISH,12.0,4.0,15.0,22.0,7.0,OK,2026-07-02T17:00:00+00:00,61668.4,0.3212,True,0.1497,True,0.3318,True,0.3854,True
2026-07-02T18:10:48.827996+00:00,decision_debug,BNB/USDT,SHORT,NO TRADE,0.0,92.0,E,BULLISH,7.0,5.0,10.0,24.0,14.0,OK,2026-07-02T17:00:00+00:00,560.9,0.4635,True,0.4457,True,0.5883,True,-0.1426,False
2026-07-02T18:10:50.195983+00:00,decision_debug,XRP/USDT,SHORT,NO TRADE,0.0,56.0,E,BULLISH,12.0,0.0,15.0,17.0,2.0,OK,2026-07-02T17:00:00+00:00,1.0885,0.2848,True,0.4777,True,0.4134,True,-0.2664,False
2026-07-02T18:10:51.175986+00:00,decision_debug,LINK/USDT,SHORT,NO TRADE,0.0,62.0,E,BULLISH,12.0,8.0,15.0,19.0,4.0,OK,2026-07-02T17:00:00+00:00,7.755,0.1547,True,0.0387,True,0.5029,True,-0.3482,False
2026-07-02T18:10:54.398944+00:00,decision_debug,DOGE/USDT,SHORT,NO TRADE,0.0,92.0,E,BULLISH,12.0,5.0,11.0,25.0,14.0,OK,2026-07-02T17:00:00+00:00,0.07424,0.0135,True,0.1751,True,0.3233,True,-0.687,False
2026-07-02T18:15:57.709665+00:00,decision_debug,BTC/USDT,SHORT,NO TRADE,0.0,71.0,E,BULLISH,12.0,4.0,15.0,22.0,7.0,OK,2026-07-02T17:00:00+00:00,61668.4,0.3212,True,0.1497,True,0.3318,True,0.3854,True
2026-07-02T18:16:01.459730+00:00,decision_debug,BNB/USDT,SHORT,NO TRADE,0.0,92.0,E,BULLISH,7.0,5.0,10.0,24.0,14.0,OK,2026-07-02T17:00:00+00:00,560.9,0.4635,True,0.4457,True,0.5883,True,-0.1426,False
2026-07-02T18:16:02.724764+00:00,decision_debug,XRP/USDT,SHORT,NO TRADE,0.0,56.0,E,BULLISH,12.0,0.0,15.0,17.0,2.0,OK,2026-07-02T17:00:00+00:00,1.0885,0.2848,True,0.4777,True,0.4134,True,-0.2664,False
2026-07-02T18:16:03.771342+00:00,decision_debug,LINK/USDT,SHORT,NO TRADE,0.0,62.0,E,BULLISH,12.0,8.0,15.0,19.0,4.0,OK,2026-07-02T17:00:00+00:00,7.755,0.1547,True,0.0387,True,0.5029,True,-0.3482,False
2026-07-02T18:16:06.580067+00:00,decision_debug,DOGE/USDT,SHORT,NO TRADE,0.0,92.0,E,BULLISH,12.0,5.0,11.0,25.0,14.0,OK,2026-07-02T17:00:00+00:00,0.07424,0.0135,True,0.1751,True,0.3233,True,-0.687,False
2026-07-02T18:25:48.028202+00:00,decision_debug,BTC/USDT,SHORT,NO TRADE,0.0,71.0,E,BULLISH,12.0,4.0,15.0,22.0,7.0,OK,2026-07-02T17:00:00+00:00,61668.4,0.3212,True,0.1497,True,0.3318,True,0.3854,True
2026-07-02T18:26:03.072590+00:00,decision_debug,BNB/USDT,SHORT,NO TRADE,0.0,92.0,E,BULLISH,7.0,5.0,10.0,24.0,14.0,OK,2026-07-02T17:00:00+00:00,560.9,0.4635,True,0.4457,True,0.5883,True,-0.1426,False
2026-07-02T18:26:06.883143+00:00,decision_debug,XRP/USDT,SHORT,NO TRADE,0.0,56.0,E,BULLISH,12.0,0.0,15.0,17.0,2.0,OK,2026-07-02T17:00:00+00:00,1.0885,0.2848,True,0.4777,True,0.4134,True,-0.2664,False
2026-07-02T18:26:16.644006+00:00,decision_debug,LINK/USDT,SHORT,NO TRADE,0.0,62.0,E,BULLISH,12.0,8.0,15.0,19.0,4.0,OK,2026-07-02T17:00:00+00:00,7.755,0.1547,True,0.0387,True,0.5029,True,-0.3482,False
2026-07-02T18:26:24.399420+00:00,decision_debug,DOGE/USDT,SHORT,NO TRADE,0.0,92.0,E,BULLISH,12.0,5.0,11.0,25.0,14.0,OK,2026-07-02T17:00:00+00:00,0.07424,0.0135,True,0.1751,True,0.3233,True,-0.687,False
2026-07-02T18:31:36.399466+00:00,decision_debug,BTC/USDT,SHORT,NO TRADE,0.0,71.0,E,BULLISH,12.0,4.0,15.0,22.0,7.0,OK,2026-07-02T17:00:00+00:00,61668.4,0.3212,True,0.1497,True,0.3318,True,0.3854,True
2026-07-02T18:31:40.099745+00:00,decision_debug,BNB/USDT,SHORT,NO TRADE,0.0,92.0,E,BULLISH,7.0,5.0,10.0,24.0,14.0,OK,2026-07-02T17:00:00+00:00,560.9,0.4635,True,0.4457,True,0.5883,True,-0.1426,False
2026-07-02T18:31:41.075142+00:00,decision_debug,XRP/USDT,SHORT,NO TRADE,0.0,56.0,E,BULLISH,12.0,0.0,15.0,17.0,2.0,OK,2026-07-02T17:00:00+00:00,1.0885,0.2848,True,0.4777,True,0.4134,True,-0.2664,False
2026-07-02T18:31:42.781146+00:00,decision_debug,LINK/USDT,SHORT,NO TRADE,0.0,68.0,E,BULLISH,12.0,8.0,15.0,21.0,6.0,OK,2026-07-02T17:00:00+00:00,7.755,0.1547,True,0.0387,True,0.5029,True,-0.3482,False
2026-07-02T18:31:46.664848+00:00,decision_debug,DOGE/USDT,SHORT,NO TRADE,0.0,92.0,E,BULLISH,12.0,5.0,11.0,25.0,14.0,OK,2026-07-02T17:00:00+00:00,0.07424,0.0135,True,0.1751,True,0.3233,True,-0.687,False
2026-07-02T18:36:49.714090+00:00,decision_debug,BTC/USDT,SHORT,NO TRADE,0.0,71.0,E,BULLISH,12.0,4.0,15.0,22.0,7.0,OK,2026-07-02T17:00:00+00:00,61668.4,0.3212,True,0.1497,True,0.3318,True,0.3854,True
2026-07-02T18:36:53.416394+00:00,decision_debug,BNB/USDT,SHORT,NO TRADE,0.0,86.0,E,BULLISH,7.0,5.0,10.0,22.0,12.0,OK,2026-07-02T17:00:00+00:00,560.9,0.4635,True,0.4457,True,0.5883,True,-0.1426,False
2026-07-02T18:36:54.365483+00:00,decision_debug,XRP/USDT,SHORT,NO TRADE,0.0,56.0,E,BULLISH,12.0,0.0,15.0,17.0,2.0,OK,2026-07-02T17:00:00+00:00,1.0885,0.2848,True,0.4777,True,0.4134,True,-0.2664,False
2026-07-02T18:36:55.541624+00:00,decision_debug,LINK/USDT,SHORT,NO TRADE,0.0,68.0,E,BULLISH,12.0,8.0,15.0,21.0,6.0,OK,2026-07-02T17:00:00+00:00,7.755,0.1547,True,0.0387,True,0.5029,True,-0.3482,False
2026-07-02T18:36:58.870601+00:00,decision_debug,DOGE/USDT,SHORT,NO TRADE,0.0,92.0,E,BULLISH,12.0,5.0,11.0,25.0,14.0,OK,2026-07-02T17:00:00+00:00,0.07424,0.0135,True,0.1751,True,0.3233,True,-0.687,False
2026-07-02T18:42:02.658731+00:00,decision_debug,BTC/USDT,SHORT,NO TRADE,0.0,71.0,E,BULLISH,12.0,4.0,15.0,22.0,7.0,OK,2026-07-02T17:00:00+00:00,61668.4,0.3212,True,0.1497,True,0.3318,True,0.3854,True
2026-07-02T18:42:05.604582+00:00,decision_debug,BNB/USDT,SHORT,NO TRADE,0.0,86.0,E,BULLISH,7.0,5.0,10.0,22.0,12.0,OK,2026-07-02T17:00:00+00:00,560.9,0.4635,True,0.4457,True,0.5883,True,-0.1426,False
2026-07-02T18:42:08.003487+00:00,decision_debug,XRP/USDT,SHORT,NO TRADE,0.0,56.0,E,BULLISH,12.0,0.0,15.0,17.0,2.0,OK,2026-07-02T17:00:00+00:00,1.0885,0.2848,True,0.4777,True,0.4134,True,-0.2664,False
2026-07-02T18:42:08.930733+00:00,decision_debug,LINK/USDT,SHORT,NO TRADE,0.0,68.0,E,BULLISH,12.0,8.0,15.0,21.0,6.0,OK,2026-07-02T17:00:00+00:00,7.755,0.1547,True,0.0387,True,0.5029,True,-0.3482,False
2026-07-02T18:42:14.791457+00:00,decision_debug,DOGE/USDT,SHORT,NO TRADE,0.0,92.0,E,BULLISH,12.0,5.0,11.0,25.0,14.0,OK,2026-07-02T17:00:00+00:00,0.07424,0.0135,True,0.1751,True,0.3233,True,-0.687,False
2026-07-02T18:47:22.462508+00:00,decision_debug,BTC/USDT,SHORT,NO TRADE,0.0,71.0,E,BULLISH,12.0,4.0,15.0,22.0,7.0,OK,2026-07-02T17:00:00+00:00,61668.4,0.3212,True,0.1497,True,0.3318,True,0.3854,True
2026-07-02T18:47:26.189807+00:00,decision_debug,BNB/USDT,SHORT,NO TRADE,0.0,86.0,E,BULLISH,7.0,5.0,10.0,22.0,12.0,OK,2026-07-02T17:00:00+00:00,560.9,0.4635,True,0.4457,True,0.5883,True,-0.1426,False
2026-07-02T18:47:27.964641+00:00,decision_debug,XRP/USDT,SHORT,NO TRADE,0.0,56.0,E,BULLISH,12.0,0.0,15.0,17.0,2.0,OK,2026-07-02T17:00:00+00:00,1.0885,0.2848,True,0.4777,True,0.4134,True,-0.2664,False
2026-07-02T18:47:29.494332+00:00,decision_debug,LINK/USDT,SHORT,NO TRADE,0.0,68.0,E,BULLISH,12.0,8.0,15.0,21.0,6.0,OK,2026-07-02T17:00:00+00:00,7.755,0.1547,True,0.0387,True,0.5029,True,-0.3482,False
2026-07-02T18:47:35.364694+00:00,decision_debug,DOGE/USDT,SHORT,NO TRADE,0.0,92.0,E,BULLISH,12.0,5.0,11.0,25.0,14.0,OK,2026-07-02T17:00:00+00:00,0.07424,0.0135,True,0.1751,True,0.3233,True,-0.687,False
2026-07-02T18:52:39.987110+00:00,decision_debug,BTC/USDT,SHORT,NO TRADE,0.0,71.0,E,BULLISH,12.0,4.0,15.0,22.0,7.0,OK,2026-07-02T17:00:00+00:00,61668.4,0.3212,True,0.1497,True,0.3318,True,0.3854,True
2026-07-02T18:52:44.895504+00:00,decision_debug,BNB/USDT,SHORT,NO TRADE,0.0,86.0,E,BULLISH,7.0,5.0,10.0,22.0,12.0,OK,2026-07-02T17:00:00+00:00,560.9,0.4635,True,0.4457,True,0.5883,True,-0.1426,False
2026-07-02T18:52:45.867127+00:00,decision_debug,XRP/USDT,SHORT,NO TRADE,0.0,56.0,E,BULLISH,12.0,0.0,15.0,17.0,2.0,OK,2026-07-02T17:00:00+00:00,1.0885,0.2848,True,0.4777,True,0.4134,True,-0.2664,False
2026-07-02T18:52:47.517463+00:00,decision_debug,LINK/USDT,SHORT,NO TRADE,0.0,68.0,E,BULLISH,12.0,8.0,15.0,21.0,6.0,OK,2026-07-02T17:00:00+00:00,7.755,0.1547,True,0.0387,True,0.5029,True,-0.3482,False
2026-07-02T18:52:51.606744+00:00,decision_debug,DOGE/USDT,SHORT,NO TRADE,0.0,92.0,E,BULLISH,12.0,5.0,11.0,25.0,14.0,OK,2026-07-02T17:00:00+00:00,0.07424,0.0135,True,0.1751,True,0.3233,True,-0.687,False
2026-07-02T18:57:55.772854+00:00,decision_debug,BTC/USDT,SHORT,NO TRADE,0.0,71.0,E,BULLISH,12.0,4.0,15.0,22.0,7.0,OK,2026-07-02T17:00:00+00:00,61668.4,0.3212,True,0.1497,True,0.3318,True,0.3854,True
2026-07-02T18:57:58.939672+00:00,decision_debug,BNB/USDT,SHORT,NO TRADE,0.0,86.0,E,BULLISH,7.0,5.0,10.0,22.0,12.0,OK,2026-07-02T17:00:00+00:00,560.9,0.4635,True,0.4457,True,0.5883,True,-0.1426,False
2026-07-02T18:58:02.060068+00:00,decision_debug,LINK/USDT,SHORT,NO TRADE,0.0,62.0,E,BULLISH,12.0,8.0,15.0,19.0,4.0,OK,2026-07-02T17:00:00+00:00,7.755,0.1547,True,0.0387,True,0.5029,True,-0.3482,False
2026-07-02T18:58:05.561190+00:00,decision_debug,DOGE/USDT,SHORT,NO TRADE,0.0,86.0,E,BULLISH,12.0,5.0,11.0,23.0,12.0,OK,2026-07-02T17:00:00+00:00,0.07424,0.0135,True,0.1751,True,0.3233,True,-0.687,False
2026-07-02T19:03:09.477559+00:00,decision_debug,BTC/USDT,SHORT,NO TRADE,0.0,71.0,E,BULLISH,12.0,4.0,15.0,22.0,7.0,OK,2026-07-02T18:00:00+00:00,61759.9,0.2976,True,0.2819,True,0.3276,True,0.5324,True
2026-07-02T19:03:13.120098+00:00,decision_debug,BNB/USDT,SHORT,NO TRADE,0.0,86.0,E,BULLISH,7.0,5.0,10.0,22.0,12.0,OK,2026-07-02T18:00:00+00:00,560.2,0.3213,True,0.482,True,0.2499,True,-0.1785,False
2026-07-02T19:03:16.358627+00:00,decision_debug,LINK/USDT,SHORT,NO TRADE,0.0,62.0,E,BULLISH,12.0,8.0,15.0,19.0,4.0,OK,2026-07-02T18:00:00+00:00,7.758,0.0773,True,0.232,True,0.1676,True,-0.116,False
2026-07-02T19:03:19.582932+00:00,decision_debug,DOGE/USDT,SHORT,NO TRADE,0.0,86.0,E,BULLISH,12.0,5.0,11.0,23.0,12.0,OK,2026-07-02T18:00:00+00:00,0.07439,0.3764,True,0.4167,True,0.2823,True,-0.5915,False
2026-07-02T19:08:22.779833+00:00,decision_debug,BTC/USDT,SHORT,NO TRADE,0.0,62.0,E,BULLISH,12.0,0.0,15.0,19.0,4.0,OK,2026-07-02T18:00:00+00:00,61759.9,0.2976,True,0.2819,True,0.3276,True,0.5324,True
2026-07-02T19:08:26.310300+00:00,decision_debug,BNB/USDT,SHORT,NO TRADE,0.0,86.0,E,BULLISH,7.0,5.0,10.0,22.0,12.0,OK,2026-07-02T18:00:00+00:00,560.2,0.3213,True,0.482,True,0.2499,True,-0.1785,False
2026-07-02T19:08:28.913152+00:00,decision_debug,LINK/USDT,SHORT,NO TRADE,0.0,62.0,E,BULLISH,12.0,8.0,15.0,19.0,4.0,OK,2026-07-02T18:00:00+00:00,7.758,0.0773,True,0.232,True,0.1676,True,-0.116,False
2026-07-02T19:08:31.939837+00:00,decision_debug,DOGE/USDT,SHORT,NO TRADE,0.0,86.0,E,BULLISH,12.0,5.0,11.0,23.0,12.0,OK,2026-07-02T18:00:00+00:00,0.07439,0.3764,True,0.4167,True,0.2823,True,-0.5915,False
2026-07-02T19:13:34.732546+00:00,decision_debug,BTC/USDT,SHORT,NO TRADE,0.0,62.0,E,BULLISH,12.0,0.0,15.0,19.0,4.0,OK,2026-07-02T18:00:00+00:00,61759.9,0.2976,True,0.2819,True,0.3276,True,0.5324,True
2026-07-02T19:13:39.912871+00:00,decision_debug,BNB/USDT,SHORT,NO TRADE,0.0,86.0,E,BULLISH,7.0,5.0,10.0,22.0,12.0,OK,2026-07-02T18:00:00+00:00,560.2,0.3213,True,0.482,True,0.2499,True,-0.1785,False
2026-07-02T19:13:42.853920+00:00,decision_debug,LINK/USDT,SHORT,NO TRADE,0.0,62.0,E,BULLISH,12.0,8.0,15.0,19.0,4.0,OK,2026-07-02T18:00:00+00:00,7.758,0.0773,True,0.232,True,0.1676,True,-0.116,False
2026-07-02T19:13:46.701765+00:00,decision_debug,DOGE/USDT,SHORT,NO TRADE,0.0,86.0,E,BULLISH,12.0,5.0,11.0,23.0,12.0,OK,2026-07-02T18:00:00+00:00,0.07439,0.3764,True,0.4167,True,0.2823,True,-0.5915,False
2026-07-02T19:18:50.205186+00:00,decision_debug,BTC/USDT,SHORT,NO TRADE,0.0,62.0,E,BULLISH,12.0,0.0,15.0,19.0,4.0,OK,2026-07-02T18:00:00+00:00,61759.9,0.2976,True,0.2819,True,0.3276,True,0.5324,True
2026-07-02T19:18:55.283877+00:00,decision_debug,BNB/USDT,SHORT,NO TRADE,0.0,80.0,E,BULLISH,7.0,5.0,9.0,19.0,10.0,OK,2026-07-02T18:00:00+00:00,560.2,0.3213,True,0.482,True,0.2499,True,-0.1785,False
2026-07-02T19:18:57.533868+00:00,decision_debug,LINK/USDT,SHORT,NO TRADE,0.0,56.0,E,BULLISH,12.0,0.0,15.0,17.0,2.0,OK,2026-07-02T18:00:00+00:00,7.758,0.0773,True,0.232,True,0.1676,True,-0.116,False
2026-07-02T19:19:01.923153+00:00,decision_debug,DOGE/USDT,SHORT,NO TRADE,0.0,77.0,E,BULLISH,12.0,5.0,10.0,19.0,9.0,OK,2026-07-02T18:00:00+00:00,0.07439,0.3764,True,0.4167,True,0.2823,True,-0.5915,False
2026-07-02T19:24:04.966740+00:00,decision_debug,BTC/USDT,SHORT,NO TRADE,0.0,62.0,E,BULLISH,12.0,0.0,15.0,19.0,4.0,OK,2026-07-02T18:00:00+00:00,61759.9,0.2976,True,0.2819,True,0.3276,True,0.5324,True
2026-07-02T19:24:08.636152+00:00,decision_debug,BNB/USDT,SHORT,NO TRADE,0.0,80.0,E,BULLISH,7.0,5.0,9.0,19.0,10.0,OK,2026-07-02T18:00:00+00:00,560.2,0.3213,True,0.482,True,0.2499,True,-0.1785,False
2026-07-02T19:24:11.611066+00:00,decision_debug,LINK/USDT,SHORT,NO TRADE,0.0,56.0,E,BULLISH,12.0,0.0,15.0,17.0,2.0,OK,2026-07-02T18:00:00+00:00,7.758,0.0773,True,0.232,True,0.1676,True,-0.116,False
2026-07-02T19:24:15.071850+00:00,decision_debug,DOGE/USDT,SHORT,NO TRADE,0.0,77.0,E,BULLISH,12.0,5.0,10.0,19.0,9.0,OK,2026-07-02T18:00:00+00:00,0.07439,0.3764,True,0.4167,True,0.2823,True,-0.5915,False
2026-07-02T19:29:18.767490+00:00,decision_debug,BTC/USDT,SHORT,NO TRADE,0.0,62.0,E,BULLISH,12.0,0.0,15.0,19.0,4.0,OK,2026-07-02T18:00:00+00:00,61759.9,0.2976,True,0.2819,True,0.3276,True,0.5324,True
2026-07-02T19:29:22.722153+00:00,decision_debug,BNB/USDT,SHORT,NO TRADE,0.0,80.0,E,BULLISH,7.0,5.0,9.0,19.0,10.0,OK,2026-07-02T18:00:00+00:00,560.2,0.3213,True,0.482,True,0.2499,True,-0.1785,False
2026-07-02T19:29:25.065501+00:00,decision_debug,LINK/USDT,SHORT,NO TRADE,0.0,56.0,E,BULLISH,12.0,0.0,15.0,17.0,2.0,OK,2026-07-02T18:00:00+00:00,7.758,0.0773,True,0.232,True,0.1676,True,-0.116,False
2026-07-02T19:29:28.954870+00:00,decision_debug,DOGE/USDT,SHORT,NO TRADE,0.0,86.0,E,BULLISH,12.0,5.0,11.0,23.0,12.0,OK,2026-07-02T18:00:00+00:00,0.07439,0.3764,True,0.4167,True,0.2823,True,-0.5915,False
2026-07-02T19:34:32.786137+00:00,decision_debug,BTC/USDT,SHORT,NO TRADE,0.0,62.0,E,BULLISH,12.0,0.0,15.0,19.0,4.0,OK,2026-07-02T18:00:00+00:00,61759.9,0.2976,True,0.2819,True,0.3276,True,0.5324,True
2026-07-02T19:34:37.115102+00:00,decision_debug,BNB/USDT,SHORT,NO TRADE,0.0,80.0,E,BULLISH,7.0,5.0,9.0,19.0,10.0,OK,2026-07-02T18:00:00+00:00,560.2,0.3213,True,0.482,True,0.2499,True,-0.1785,False
2026-07-02T19:34:40.807612+00:00,decision_debug,LINK/USDT,SHORT,NO TRADE,0.0,56.0,E,BULLISH,12.0,0.0,15.0,17.0,2.0,OK,2026-07-02T18:00:00+00:00,7.758,0.0773,True,0.232,True,0.1676,True,-0.116,False
2026-07-02T19:34:46.332130+00:00,decision_debug,DOGE/USDT,SHORT,NO TRADE,0.0,86.0,E,BULLISH,12.0,5.0,11.0,23.0,12.0,OK,2026-07-02T18:00:00+00:00,0.07439,0.3764,True,0.4167,True,0.2823,True,-0.5915,False
2026-07-02T19:39:48.718115+00:00,decision_debug,BTC/USDT,SHORT,NO TRADE,0.0,62.0,E,BULLISH,12.0,0.0,15.0,19.0,4.0,OK,2026-07-02T18:00:00+00:00,61759.9,0.2976,True,0.2819,True,0.3276,True,0.5324,True
2026-07-02T19:39:52.150845+00:00,decision_debug,BNB/USDT,SHORT,NO TRADE,0.0,80.0,E,BULLISH,7.0,5.0,9.0,19.0,10.0,OK,2026-07-02T18:00:00+00:00,560.2,0.3213,True,0.482,True,0.2499,True,-0.1785,False
2026-07-02T19:39:54.500277+00:00,decision_debug,LINK/USDT,SHORT,NO TRADE,0.0,56.0,E,BULLISH,12.0,0.0,15.0,17.0,2.0,OK,2026-07-02T18:00:00+00:00,7.758,0.0773,True,0.232,True,0.1676,True,-0.116,False
2026-07-02T19:39:58.691913+00:00,decision_debug,DOGE/USDT,SHORT,NO TRADE,0.0,77.0,E,BULLISH,12.0,5.0,10.0,19.0,9.0,OK,2026-07-02T18:00:00+00:00,0.07439,0.3764,True,0.4167,True,0.2823,True,-0.5915,False
2026-07-02T19:45:03.944997+00:00,decision_debug,BTC/USDT,SHORT,NO TRADE,0.0,62.0,E,BULLISH,12.0,0.0,15.0,19.0,4.0,OK,2026-07-02T18:00:00+00:00,61759.9,0.2976,True,0.2819,True,0.3276,True,0.5324,True
2026-07-02T19:45:08.348660+00:00,decision_debug,BNB/USDT,SHORT,NO TRADE,0.0,80.0,E,BULLISH,7.0,5.0,9.0,19.0,10.0,OK,2026-07-02T18:00:00+00:00,560.2,0.3213,True,0.482,True,0.2499,True,-0.1785,False
2026-07-02T19:45:11.056928+00:00,decision_debug,LINK/USDT,SHORT,NO TRADE,0.0,59.0,E,BULLISH,12.0,4.0,15.0,18.0,3.0,OK,2026-07-02T18:00:00+00:00,7.758,0.0773,True,0.232,True,0.1676,True,-0.116,False
2026-07-02T19:45:14.987590+00:00,decision_debug,DOGE/USDT,SHORT,NO TRADE,0.0,86.0,E,BULLISH,12.0,5.0,11.0,23.0,12.0,OK,2026-07-02T18:00:00+00:00,0.07439,0.3764,True,0.4167,True,0.2823,True,-0.5915,False
2026-07-02T19:50:17.943194+00:00,decision_debug,BTC/USDT,SHORT,NO TRADE,0.0,62.0,E,BULLISH,12.0,0.0,15.0,19.0,4.0,OK,2026-07-02T18:00:00+00:00,61759.9,0.2976,True,0.2819,True,0.3276,True,0.5324,True
2026-07-02T19:50:22.018946+00:00,decision_debug,BNB/USDT,SHORT,NO TRADE,0.0,80.0,E,BULLISH,7.0,5.0,9.0,19.0,10.0,OK,2026-07-02T18:00:00+00:00,560.2,0.3213,True,0.482,True,0.2499,True,-0.1785,False
2026-07-02T19:50:25.740514+00:00,decision_debug,LINK/USDT,SHORT,NO TRADE,0.0,62.0,E,BULLISH,12.0,8.0,15.0,19.0,4.0,OK,2026-07-02T18:00:00+00:00,7.758,0.0773,True,0.232,True,0.1676,True,-0.116,False
2026-07-02T19:50:30.205124+00:00,decision_debug,DOGE/USDT,SHORT,NO TRADE,0.0,92.0,E,BULLISH,12.0,5.0,11.0,25.0,14.0,OK,2026-07-02T18:00:00+00:00,0.07439,0.3764,True,0.4167,True,0.2823,True,-0.5915,False
2026-07-02T19:55:33.459655+00:00,decision_debug,BTC/USDT,SHORT,NO TRADE,0.0,62.0,E,BULLISH,12.0,0.0,15.0,19.0,4.0,OK,2026-07-02T18:00:00+00:00,61759.9,0.2976,True,0.2819,True,0.3276,True,0.5324,True
2026-07-02T19:55:36.963183+00:00,decision_debug,BNB/USDT,SHORT,NO TRADE,0.0,80.0,E,BULLISH,7.0,5.0,9.0,19.0,10.0,OK,2026-07-02T18:00:00+00:00,560.2,0.3213,True,0.482,True,0.2499,True,-0.1785,False
2026-07-02T19:55:39.381475+00:00,decision_debug,LINK/USDT,SHORT,NO TRADE,0.0,59.0,E,BULLISH,12.0,4.0,15.0,18.0,3.0,OK,2026-07-02T18:00:00+00:00,7.758,0.0773,True,0.232,True,0.1676,True,-0.116,False
2026-07-02T19:55:43.693441+00:00,decision_debug,DOGE/USDT,SHORT,NO TRADE,0.0,86.0,E,BULLISH,12.0,5.0,11.0,23.0,12.0,OK,2026-07-02T18:00:00+00:00,0.07439,0.3764,True,0.4167,True,0.2823,True,-0.5915,False
2026-07-02T20:00:47.383176+00:00,decision_debug,BTC/USDT,SHORT,NO TRADE,0.0,77.0,E,BULLISH,9.0,3.0,13.0,22.0,9.0,OK,2026-07-02T19:00:00+00:00,61470.3,-0.1879,False,0.0106,True,0.2744,True,0.0511,True
2026-07-02T20:00:53.277589+00:00,decision_debug,XRP/USDT,SHORT,NO TRADE,0.0,62.0,E,BULLISH,9.0,3.0,12.0,16.0,4.0,OK,2026-07-02T19:00:00+00:00,1.0854,0.3501,True,0.129,True,0.0829,True,-0.6726,False
2026-07-02T20:00:59.218346+00:00,decision_debug,DOGE/USDT,SHORT,NO TRADE,0.0,89.0,E,BULLISH,9.0,8.0,8.0,21.0,13.0,OK,2026-07-02T19:00:00+00:00,0.07423,0.2021,True,0.3098,True,0.3098,True,-0.3772,False
2026-07-02T20:06:01.960240+00:00,decision_debug,BTC/USDT,SHORT,NO TRADE,0.0,77.0,E,BULLISH,9.0,3.0,13.0,22.0,9.0,OK,2026-07-02T19:00:00+00:00,61470.3,-0.1879,False,0.0106,True,0.2744,True,0.0511,True
2026-07-02T20:06:06.586701+00:00,decision_debug,XRP/USDT,SHORT,NO TRADE,0.0,62.0,E,BULLISH,9.0,3.0,12.0,16.0,4.0,OK,2026-07-02T19:00:00+00:00,1.0854,0.3501,True,0.129,True,0.0829,True,-0.6726,False
2026-07-02T20:06:11.171217+00:00,decision_debug,DOGE/USDT,SHORT,NO TRADE,0.0,89.0,E,BULLISH,9.0,8.0,8.0,21.0,13.0,OK,2026-07-02T19:00:00+00:00,0.07423,0.2021,True,0.3098,True,0.3098,True,-0.3772,False
2026-07-02T20:11:14.130416+00:00,decision_debug,BTC/USDT,SHORT,NO TRADE,0.0,77.0,E,BULLISH,9.0,3.0,13.0,22.0,9.0,OK,2026-07-02T19:00:00+00:00,61470.3,-0.1879,False,0.0106,True,0.2744,True,0.0511,True
2026-07-02T20:11:18.157084+00:00,decision_debug,XRP/USDT,SHORT,NO TRADE,0.0,62.0,E,BULLISH,9.0,3.0,12.0,16.0,4.0,OK,2026-07-02T19:00:00+00:00,1.0854,0.3501,True,0.129,True,0.0829,True,-0.6726,False
2026-07-02T20:11:24.020164+00:00,decision_debug,DOGE/USDT,SHORT,NO TRADE,0.0,89.0,E,BULLISH,9.0,8.0,8.0,21.0,13.0,OK,2026-07-02T19:00:00+00:00,0.07423,0.2021,True,0.3098,True,0.3098,True,-0.3772,False
2026-07-02T20:16:27.316008+00:00,decision_debug,BTC/USDT,SHORT,NO TRADE,0.0,77.0,E,BULLISH,9.0,3.0,13.0,22.0,9.0,OK,2026-07-02T19:00:00+00:00,61470.3,-0.1879,False,0.0106,True,0.2744,True,0.0511,True
2026-07-02T20:16:31.301011+00:00,decision_debug,XRP/USDT,SHORT,NO TRADE,0.0,62.0,E,BULLISH,9.0,3.0,12.0,16.0,4.0,OK,2026-07-02T19:00:00+00:00,1.0854,0.3501,True,0.129,True,0.0829,True,-0.6726,False
2026-07-02T20:16:35.650473+00:00,decision_debug,DOGE/USDT,SHORT,NO TRADE,0.0,89.0,E,BULLISH,9.0,8.0,8.0,21.0,13.0,OK,2026-07-02T19:00:00+00:00,0.07423,0.2021,True,0.3098,True,0.3098,True,-0.3772,False
2026-07-02T20:21:38.867552+00:00,decision_debug,BTC/USDT,SHORT,NO TRADE,0.0,77.0,E,BULLISH,9.0,3.0,13.0,22.0,9.0,OK,2026-07-02T19:00:00+00:00,61470.3,-0.1879,False,0.0106,True,0.2744,True,0.0511,True
2026-07-02T20:21:44.106403+00:00,decision_debug,XRP/USDT,SHORT,NO TRADE,0.0,62.0,E,BULLISH,9.0,3.0,12.0,16.0,4.0,OK,2026-07-02T19:00:00+00:00,1.0854,0.3501,True,0.129,True,0.0829,True,-0.6726,False
2026-07-02T20:21:49.294467+00:00,decision_debug,DOGE/USDT,SHORT,NO TRADE,0.0,89.0,E,BULLISH,9.0,8.0,8.0,21.0,13.0,OK,2026-07-02T19:00:00+00:00,0.07423,0.2021,True,0.3098,True,0.3098,True,-0.3772,False
2026-07-02T20:26:53.882130+00:00,decision_debug,BTC/USDT,SHORT,NO TRADE,0.0,77.0,E,BULLISH,9.0,3.0,13.0,22.0,9.0,OK,2026-07-02T19:00:00+00:00,61470.3,-0.1879,False,0.0106,True,0.2744,True,0.0511,True
2026-07-02T20:27:00.655092+00:00,decision_debug,XRP/USDT,SHORT,NO TRADE,0.0,62.0,E,BULLISH,9.0,3.0,12.0,16.0,4.0,OK,2026-07-02T19:00:00+00:00,1.0854,0.3501,True,0.129,True,0.0829,True,-0.6726,False
2026-07-02T20:27:05.272606+00:00,decision_debug,DOGE/USDT,SHORT,NO TRADE,0.0,89.0,E,BULLISH,9.0,8.0,8.0,21.0,13.0,OK,2026-07-02T19:00:00+00:00,0.07423,0.2021,True,0.3098,True,0.3098,True,-0.3772,False
2026-07-02T20:32:09.571062+00:00,decision_debug,BTC/USDT,SHORT,NO TRADE,0.0,77.0,E,BULLISH,9.0,3.0,13.0,22.0,9.0,OK,2026-07-02T19:00:00+00:00,61470.3,-0.1879,False,0.0106,True,0.2744,True,0.0511,True
2026-07-02T20:32:14.525687+00:00,decision_debug,XRP/USDT,SHORT,NO TRADE,0.0,62.0,E,BULLISH,9.0,3.0,12.0,16.0,4.0,OK,2026-07-02T19:00:00+00:00,1.0854,0.3501,True,0.129,True,0.0829,True,-0.6726,False
2026-07-02T20:32:19.841201+00:00,decision_debug,DOGE/USDT,SHORT,NO TRADE,0.0,89.0,E,BULLISH,9.0,8.0,8.0,21.0,13.0,OK,2026-07-02T19:00:00+00:00,0.07423,0.2021,True,0.3098,True,0.3098,True,-0.3772,False
2026-07-02T20:37:22.360912+00:00,decision_debug,BTC/USDT,SHORT,NO TRADE,0.0,77.0,E,BULLISH,9.0,3.0,13.0,22.0,9.0,OK,2026-07-02T19:00:00+00:00,61470.3,-0.1879,False,0.0106,True,0.2744,True,0.0511,True
2026-07-02T20:37:26.576788+00:00,decision_debug,XRP/USDT,SHORT,NO TRADE,0.0,62.0,E,BULLISH,9.0,3.0,12.0,16.0,4.0,OK,2026-07-02T19:00:00+00:00,1.0854,0.3501,True,0.129,True,0.0829,True,-0.6726,False
2026-07-02T20:37:31.749829+00:00,decision_debug,DOGE/USDT,SHORT,NO TRADE,0.0,89.0,E,BULLISH,9.0,8.0,8.0,21.0,13.0,OK,2026-07-02T19:00:00+00:00,0.07423,0.2021,True,0.3098,True,0.3098,True,-0.3772,False
2026-07-02T20:42:35.339451+00:00,decision_debug,BTC/USDT,SHORT,NO TRADE,0.0,77.0,E,BULLISH,9.0,3.0,13.0,22.0,9.0,OK,2026-07-02T19:00:00+00:00,61470.3,-0.1879,False,0.0106,True,0.2744,True,0.0511,True
2026-07-02T20:42:39.822968+00:00,decision_debug,XRP/USDT,SHORT,NO TRADE,0.0,62.0,E,BULLISH,9.0,3.0,12.0,16.0,4.0,OK,2026-07-02T19:00:00+00:00,1.0854,0.3501,True,0.129,True,0.0829,True,-0.6726,False
2026-07-02T20:42:44.053548+00:00,decision_debug,DOGE/USDT,SHORT,NO TRADE,0.0,89.0,E,BULLISH,9.0,8.0,8.0,21.0,13.0,OK,2026-07-02T19:00:00+00:00,0.07423,0.2021,True,0.3098,True,0.3098,True,-0.3772,False
2026-07-02T20:47:47.664424+00:00,decision_debug,BTC/USDT,SHORT,NO TRADE,0.0,77.0,E,BULLISH,9.0,3.0,13.0,22.0,9.0,OK,2026-07-02T19:00:00+00:00,61470.3,-0.1879,False,0.0106,True,0.2744,True,0.0511,True
2026-07-02T20:47:52.185908+00:00,decision_debug,XRP/USDT,SHORT,NO TRADE,0.0,62.0,E,BULLISH,9.0,3.0,12.0,16.0,4.0,OK,2026-07-02T19:00:00+00:00,1.0854,0.3501,True,0.129,True,0.0829,True,-0.6726,False
2026-07-02T20:47:57.051921+00:00,decision_debug,DOGE/USDT,SHORT,NO TRADE,0.0,89.0,E,BULLISH,9.0,8.0,8.0,21.0,13.0,OK,2026-07-02T19:00:00+00:00,0.07423,0.2021,True,0.3098,True,0.3098,True,-0.3772,False
2026-07-02T20:53:00.630593+00:00,decision_debug,BTC/USDT,SHORT,NO TRADE,0.0,77.0,E,BULLISH,9.0,3.0,13.0,22.0,9.0,OK,2026-07-02T19:00:00+00:00,61470.3,-0.1879,False,0.0106,True,0.2744,True,0.0511,True
2026-07-02T20:53:04.719594+00:00,decision_debug,XRP/USDT,SHORT,NO TRADE,0.0,62.0,E,BULLISH,9.0,3.0,12.0,16.0,4.0,OK,2026-07-02T19:00:00+00:00,1.0854,0.3501,True,0.129,True,0.0829,True,-0.6726,False
2026-07-02T20:53:08.902831+00:00,decision_debug,DOGE/USDT,SHORT,NO TRADE,0.0,89.0,E,BULLISH,9.0,8.0,8.0,21.0,13.0,OK,2026-07-02T19:00:00+00:00,0.07423,0.2021,True,0.3098,True,0.3098,True,-0.3772,False
2026-07-02T20:58:12.340676+00:00,decision_debug,BTC/USDT,SHORT,NO TRADE,0.0,77.0,E,BULLISH,9.0,3.0,13.0,22.0,9.0,OK,2026-07-02T19:00:00+00:00,61470.3,-0.1879,False,0.0106,True,0.2744,True,0.0511,True
2026-07-02T20:58:17.849861+00:00,decision_debug,XRP/USDT,SHORT,NO TRADE,0.0,62.0,E,BULLISH,9.0,3.0,12.0,16.0,4.0,OK,2026-07-02T19:00:00+00:00,1.0854,0.3501,True,0.129,True,0.0829,True,-0.6726,False
2026-07-02T20:58:22.500278+00:00,decision_debug,DOGE/USDT,SHORT,NO TRADE,0.0,89.0,E,BULLISH,9.0,8.0,8.0,21.0,13.0,OK,2026-07-02T19:00:00+00:00,0.07423,0.2021,True,0.3098,True,0.3098,True,-0.3772,False
2026-07-02T21:03:27.239988+00:00,decision_debug,BTC/USDT,SHORT,NO TRADE,0.0,77.0,E,BULLISH,9.0,3.0,13.0,22.0,9.0,OK,2026-07-02T20:00:00+00:00,61576.1,0.1824,True,0.03,True,-0.0154,False,-0.197,False
2026-07-02T21:03:33.053563+00:00,decision_debug,XRP/USDT,SHORT,NO TRADE,0.0,62.0,E,BULLISH,9.0,3.0,12.0,16.0,4.0,OK,2026-07-02T20:00:00+00:00,1.0833,-0.0646,False,-0.4523,False,-0.9877,False,-1.5416,False
2026-07-02T21:03:37.949413+00:00,decision_debug,DOGE/USDT,SHORT,NO TRADE,0.0,89.0,E,BULLISH,9.0,8.0,8.0,21.0,13.0,OK,2026-07-02T20:00:00+00:00,0.07411,0.1484,True,-0.0945,False,-0.931,False,-1.2819,False
2026-07-02T21:08:41.549983+00:00,decision_debug,BTC/USDT,SHORT,NO TRADE,0.0,77.0,E,BULLISH,9.0,3.0,13.0,22.0,9.0,OK,2026-07-02T20:00:00+00:00,61576.1,0.1824,True,0.03,True,-0.0154,False,-0.197,False
2026-07-02T21:08:45.588826+00:00,decision_debug,XRP/USDT,SHORT,NO TRADE,0.0,62.0,E,BULLISH,9.0,3.0,12.0,16.0,4.0,OK,2026-07-02T20:00:00+00:00,1.0833,-0.0646,False,-0.4523,False,-0.9877,False,-1.5416,False
2026-07-02T21:08:50.566295+00:00,decision_debug,DOGE/USDT,SHORT,NO TRADE,0.0,89.0,E,BULLISH,9.0,8.0,8.0,21.0,13.0,OK,2026-07-02T20:00:00+00:00,0.07411,0.1484,True,-0.0945,False,-0.931,False,-1.2819,False
2026-07-02T21:13:53.979381+00:00,decision_debug,BTC/USDT,SHORT,NO TRADE,0.0,77.0,E,BULLISH,9.0,3.0,13.0,22.0,9.0,OK,2026-07-02T20:00:00+00:00,61576.1,0.1824,True,0.03,True,-0.0154,False,-0.197,False
2026-07-02T21:13:58.380684+00:00,decision_debug,XRP/USDT,SHORT,NO TRADE,0.0,62.0,E,BULLISH,9.0,3.0,12.0,16.0,4.0,OK,2026-07-02T20:00:00+00:00,1.0833,-0.0646,False,-0.4523,False,-0.9877,False,-1.5416,False
2026-07-02T21:14:02.662749+00:00,decision_debug,DOGE/USDT,SHORT,NO TRADE,0.0,89.0,E,BULLISH,9.0,8.0,8.0,21.0,13.0,OK,2026-07-02T20:00:00+00:00,0.07411,0.1484,True,-0.0945,False,-0.931,False,-1.2819,False
2026-07-02T21:19:06.300410+00:00,decision_debug,BTC/USDT,SHORT,NO TRADE,0.0,77.0,E,BULLISH,9.0,3.0,13.0,22.0,9.0,OK,2026-07-02T20:00:00+00:00,61576.1,0.1824,True,0.03,True,-0.0154,False,-0.197,False
2026-07-02T21:19:10.101945+00:00,decision_debug,XRP/USDT,SHORT,NO TRADE,0.0,62.0,E,BULLISH,9.0,3.0,12.0,16.0,4.0,OK,2026-07-02T20:00:00+00:00,1.0833,-0.0646,False,-0.4523,False,-0.9877,False,-1.5416,False
2026-07-02T21:19:13.895714+00:00,decision_debug,DOGE/USDT,SHORT,NO TRADE,0.0,89.0,E,BULLISH,9.0,8.0,8.0,21.0,13.0,OK,2026-07-02T20:00:00+00:00,0.07411,0.1484,True,-0.0945,False,-0.931,False,-1.2819,False
2026-07-02T21:24:16.940598+00:00,decision_debug,BTC/USDT,SHORT,NO TRADE,0.0,77.0,E,BULLISH,9.0,3.0,13.0,22.0,9.0,OK,2026-07-02T20:00:00+00:00,61576.1,0.1824,True,0.03,True,-0.0154,False,-0.197,False
2026-07-02T21:24:20.709834+00:00,decision_debug,XRP/USDT,SHORT,NO TRADE,0.0,62.0,E,BULLISH,9.0,3.0,12.0,16.0,4.0,OK,2026-07-02T20:00:00+00:00,1.0833,-0.0646,False,-0.4523,False,-0.9877,False,-1.5416,False
2026-07-02T21:24:26.665299+00:00,decision_debug,DOGE/USDT,SHORT,NO TRADE,0.0,89.0,E,BULLISH,9.0,8.0,8.0,21.0,13.0,OK,2026-07-02T20:00:00+00:00,0.07411,0.1484,True,-0.0945,False,-0.931,False,-1.2819,False
2026-07-02T21:29:30.174803+00:00,decision_debug,BTC/USDT,SHORT,NO TRADE,0.0,77.0,E,BULLISH,9.0,3.0,13.0,22.0,9.0,OK,2026-07-02T20:00:00+00:00,61576.1,0.1824,True,0.03,True,-0.0154,False,-0.197,False
2026-07-02T21:29:34.317031+00:00,decision_debug,XRP/USDT,SHORT,NO TRADE,0.0,62.0,E,BULLISH,9.0,3.0,12.0,16.0,4.0,OK,2026-07-02T20:00:00+00:00,1.0833,-0.0646,False,-0.4523,False,-0.9877,False,-1.5416,False
2026-07-02T21:29:38.238400+00:00,decision_debug,DOGE/USDT,SHORT,NO TRADE,0.0,89.0,E,BULLISH,9.0,8.0,8.0,21.0,13.0,OK,2026-07-02T20:00:00+00:00,0.07411,0.1484,True,-0.0945,False,-0.931,False,-1.2819,False
2026-07-02T21:34:41.714616+00:00,decision_debug,BTC/USDT,SHORT,NO TRADE,0.0,77.0,E,BULLISH,9.0,3.0,13.0,22.0,9.0,OK,2026-07-02T20:00:00+00:00,61576.1,0.1824,True,0.03,True,-0.0154,False,-0.197,False
2026-07-02T21:34:45.721618+00:00,decision_debug,XRP/USDT,SHORT,NO TRADE,0.0,62.0,E,BULLISH,9.0,3.0,12.0,16.0,4.0,OK,2026-07-02T20:00:00+00:00,1.0833,-0.0646,False,-0.4523,False,-0.9877,False,-1.5416,False
2026-07-02T21:34:49.959227+00:00,decision_debug,DOGE/USDT,SHORT,NO TRADE,0.0,89.0,E,BULLISH,9.0,8.0,8.0,21.0,13.0,OK,2026-07-02T20:00:00+00:00,0.07411,0.1484,True,-0.0945,False,-0.931,False,-1.2819,False
2026-07-02T21:39:53.461121+00:00,decision_debug,BTC/USDT,SHORT,NO TRADE,0.0,77.0,E,BULLISH,9.0,3.0,13.0,22.0,9.0,OK,2026-07-02T20:00:00+00:00,61576.1,0.1824,True,0.03,True,-0.0154,False,-0.197,False
2026-07-02T21:39:58.259117+00:00,decision_debug,XRP/USDT,SHORT,NO TRADE,0.0,62.0,E,BULLISH,9.0,3.0,12.0,16.0,4.0,OK,2026-07-02T20:00:00+00:00,1.0833,-0.0646,False,-0.4523,False,-0.9877,False,-1.5416,False
2026-07-02T21:40:02.764442+00:00,decision_debug,DOGE/USDT,SHORT,NO TRADE,0.0,89.0,E,BULLISH,9.0,8.0,8.0,21.0,13.0,OK,2026-07-02T20:00:00+00:00,0.07411,0.1484,True,-0.0945,False,-0.931,False,-1.2819,False
2026-07-02T21:45:06.262599+00:00,decision_debug,BTC/USDT,SHORT,NO TRADE,0.0,77.0,E,BULLISH,9.0,3.0,13.0,22.0,9.0,OK,2026-07-02T20:00:00+00:00,61576.1,0.1824,True,0.03,True,-0.0154,False,-0.197,False
2026-07-02T21:45:11.858079+00:00,decision_debug,XRP/USDT,SHORT,NO TRADE,0.0,62.0,E,BULLISH,9.0,3.0,12.0,16.0,4.0,OK,2026-07-02T20:00:00+00:00,1.0833,-0.0646,False,-0.4523,False,-0.9877,False,-1.5416,False
2026-07-02T21:45:16.507336+00:00,decision_debug,DOGE/USDT,SHORT,NO TRADE,0.0,89.0,E,BULLISH,9.0,8.0,8.0,21.0,13.0,OK,2026-07-02T20:00:00+00:00,0.07411,0.1484,True,-0.0945,False,-0.931,False,-1.2819,False
2026-07-02T21:50:20.132918+00:00,decision_debug,BTC/USDT,SHORT,NO TRADE,0.0,77.0,E,BULLISH,9.0,3.0,13.0,22.0,9.0,OK,2026-07-02T20:00:00+00:00,61576.1,0.1824,True,0.03,True,-0.0154,False,-0.197,False
2026-07-02T21:50:24.282976+00:00,decision_debug,XRP/USDT,SHORT,NO TRADE,0.0,62.0,E,BULLISH,9.0,3.0,12.0,16.0,4.0,OK,2026-07-02T20:00:00+00:00,1.0833,-0.0646,False,-0.4523,False,-0.9877,False,-1.5416,False
2026-07-02T21:50:29.114691+00:00,decision_debug,DOGE/USDT,SHORT,NO TRADE,0.0,89.0,E,BULLISH,9.0,8.0,8.0,21.0,13.0,OK,2026-07-02T20:00:00+00:00,0.07411,0.1484,True,-0.0945,False,-0.931,False,-1.2819,False
2026-07-02T22:00:52.447504+00:00,decision_debug,BTC/USDT,SHORT,NO TRADE,0.0,77.0,E,BULLISH,9.0,3.0,13.0,22.0,9.0,OK,2026-07-02T21:00:00+00:00,61585.8,0.0458,True,0.4615,True,0.2518,True,-0.1949,False
2026-07-02T22:12:22.158379+00:00,decision_debug,XRP/USDT,SHORT,NO TRADE,0.0,62.0,E,BULLISH,9.0,3.0,12.0,16.0,4.0,OK,2026-07-02T21:00:00+00:00,1.0816,-0.6102,False,-0.2681,False,-0.9061,False,-1.7936,False
2026-07-02T22:12:26.236467+00:00,decision_debug,DOGE/USDT,SHORT,NO TRADE,0.0,89.0,E,BULLISH,9.0,8.0,8.0,21.0,13.0,OK,2026-07-02T21:00:00+00:00,0.07408,-0.135,False,0.108,True,-0.9044,False,-1.5119,False
2026-07-02T22:17:33.619964+00:00,decision_debug,BTC/USDT,SHORT,NO TRADE,0.0,77.0,E,BULLISH,9.0,3.0,13.0,22.0,9.0,OK,2026-07-02T21:00:00+00:00,61585.8,0.0458,True,0.4615,True,0.2518,True,-0.1949,False
2026-07-02T22:17:37.588597+00:00,decision_debug,XRP/USDT,SHORT,NO TRADE,0.0,62.0,E,BULLISH,9.0,3.0,12.0,16.0,4.0,OK,2026-07-02T21:00:00+00:00,1.0816,-0.6102,False,-0.2681,False,-0.9061,False,-1.7936,False
2026-07-02T22:17:42.298198+00:00,decision_debug,DOGE/USDT,SHORT,NO TRADE,0.0,89.0,E,BULLISH,9.0,8.0,8.0,21.0,13.0,OK,2026-07-02T21:00:00+00:00,0.07408,-0.135,False,0.108,True,-0.9044,False,-1.5119,False
2026-07-02T22:22:44.752967+00:00,decision_debug,BTC/USDT,SHORT,NO TRADE,0.0,77.0,E,BULLISH,9.0,3.0,13.0,22.0,9.0,OK,2026-07-02T21:00:00+00:00,61585.8,0.0458,True,0.4615,True,0.2518,True,-0.1949,False
2026-07-02T22:22:50.478529+00:00,decision_debug,XRP/USDT,SHORT,NO TRADE,0.0,62.0,E,BULLISH,9.0,3.0,12.0,16.0,4.0,OK,2026-07-02T21:00:00+00:00,1.0816,-0.6102,False,-0.2681,False,-0.9061,False,-1.7936,False
2026-07-02T22:22:56.516965+00:00,decision_debug,DOGE/USDT,SHORT,NO TRADE,0.0,89.0,E,BULLISH,9.0,8.0,8.0,21.0,13.0,OK,2026-07-02T21:00:00+00:00,0.07408,-0.135,False,0.108,True,-0.9044,False,-1.5119,False
2026-07-02T22:27:59.877069+00:00,decision_debug,BTC/USDT,SHORT,NO TRADE,0.0,77.0,E,BULLISH,9.0,3.0,13.0,22.0,9.0,OK,2026-07-02T21:00:00+00:00,61585.8,0.0458,True,0.4615,True,0.2518,True,-0.1949,False
2026-07-02T22:28:04.043316+00:00,decision_debug,XRP/USDT,SHORT,NO TRADE,0.0,62.0,E,BULLISH,9.0,3.0,12.0,16.0,4.0,OK,2026-07-02T21:00:00+00:00,1.0816,-0.6102,False,-0.2681,False,-0.9061,False,-1.7936,False
2026-07-02T22:28:08.354803+00:00,decision_debug,DOGE/USDT,SHORT,NO TRADE,0.0,83.0,E,BULLISH,9.0,8.0,10.0,21.0,11.0,OK,2026-07-02T21:00:00+00:00,0.07408,-0.135,False,0.108,True,-0.9044,False,-1.5119,False
2026-07-02T22:33:11.449119+00:00,decision_debug,BTC/USDT,SHORT,NO TRADE,0.0,77.0,E,BULLISH,9.0,3.0,13.0,22.0,9.0,OK,2026-07-02T21:00:00+00:00,61585.8,0.0458,True,0.4615,True,0.2518,True,-0.1949,False
2026-07-02T22:33:17.086342+00:00,decision_debug,XRP/USDT,SHORT,NO TRADE,0.0,62.0,E,BULLISH,9.0,3.0,12.0,16.0,4.0,OK,2026-07-02T21:00:00+00:00,1.0816,-0.6102,False,-0.2681,False,-0.9061,False,-1.7936,False
2026-07-02T22:33:21.490477+00:00,decision_debug,DOGE/USDT,SHORT,NO TRADE,0.0,89.0,E,BULLISH,9.0,8.0,8.0,21.0,13.0,OK,2026-07-02T21:00:00+00:00,0.07408,-0.135,False,0.108,True,-0.9044,False,-1.5119,False
2026-07-02T22:38:24.177154+00:00,decision_debug,BTC/USDT,SHORT,NO TRADE,0.0,77.0,E,BULLISH,9.0,3.0,13.0,22.0,9.0,OK,2026-07-02T21:00:00+00:00,61585.8,0.0458,True,0.4615,True,0.2518,True,-0.1949,False
2026-07-02T22:38:28.130508+00:00,decision_debug,XRP/USDT,SHORT,NO TRADE,0.0,62.0,E,BULLISH,9.0,3.0,12.0,16.0,4.0,OK,2026-07-02T21:00:00+00:00,1.0816,-0.6102,False,-0.2681,False,-0.9061,False,-1.7936,False
2026-07-02T22:38:32.364743+00:00,decision_debug,DOGE/USDT,SHORT,NO TRADE,0.0,89.0,E,BULLISH,9.0,8.0,8.0,21.0,13.0,OK,2026-07-02T21:00:00+00:00,0.07408,-0.135,False,0.108,True,-0.9044,False,-1.5119,False
2026-07-02T22:43:34.744149+00:00,decision_debug,BTC/USDT,SHORT,NO TRADE,0.0,77.0,E,BULLISH,9.0,3.0,13.0,22.0,9.0,OK,2026-07-02T21:00:00+00:00,61585.8,0.0458,True,0.4615,True,0.2518,True,-0.1949,False
2026-07-02T22:43:38.471346+00:00,decision_debug,XRP/USDT,SHORT,NO TRADE,0.0,62.0,E,BULLISH,9.0,3.0,12.0,16.0,4.0,OK,2026-07-02T21:00:00+00:00,1.0816,-0.6102,False,-0.2681,False,-0.9061,False,-1.7936,False
2026-07-02T22:43:42.144073+00:00,decision_debug,DOGE/USDT,SHORT,NO TRADE,0.0,89.0,E,BULLISH,9.0,8.0,8.0,21.0,13.0,OK,2026-07-02T21:00:00+00:00,0.07408,-0.135,False,0.108,True,-0.9044,False,-1.5119,False
2026-07-02T22:48:44.637663+00:00,decision_debug,BTC/USDT,SHORT,NO TRADE,0.0,77.0,E,BULLISH,9.0,3.0,13.0,22.0,9.0,OK,2026-07-02T21:00:00+00:00,61585.8,0.0458,True,0.4615,True,0.2518,True,-0.1949,False
2026-07-02T22:48:48.511124+00:00,decision_debug,XRP/USDT,SHORT,NO TRADE,0.0,62.0,E,BULLISH,9.0,3.0,12.0,16.0,4.0,OK,2026-07-02T21:00:00+00:00,1.0816,-0.6102,False,-0.2681,False,-0.9061,False,-1.7936,False
2026-07-02T22:48:52.626438+00:00,decision_debug,DOGE/USDT,SHORT,NO TRADE,0.0,83.0,E,BULLISH,9.0,8.0,10.0,21.0,11.0,OK,2026-07-02T21:00:00+00:00,0.07408,-0.135,False,0.108,True,-0.9044,False,-1.5119,False
2026-07-02T22:53:55.339054+00:00,decision_debug,BTC/USDT,SHORT,NO TRADE,0.0,77.0,E,BULLISH,9.0,3.0,13.0,22.0,9.0,OK,2026-07-02T21:00:00+00:00,61585.8,0.0458,True,0.4615,True,0.2518,True,-0.1949,False
2026-07-02T22:53:59.491294+00:00,decision_debug,XRP/USDT,SHORT,NO TRADE,0.0,62.0,E,BULLISH,9.0,3.0,12.0,16.0,4.0,OK,2026-07-02T21:00:00+00:00,1.0816,-0.6102,False,-0.2681,False,-0.9061,False,-1.7936,False
2026-07-02T22:54:04.950490+00:00,decision_debug,DOGE/USDT,SHORT,NO TRADE,0.0,89.0,E,BULLISH,9.0,8.0,8.0,21.0,13.0,OK,2026-07-02T21:00:00+00:00,0.07408,-0.135,False,0.108,True,-0.9044,False,-1.5119,False
2026-07-02T22:59:08.086607+00:00,decision_debug,BTC/USDT,SHORT,NO TRADE,0.0,77.0,E,BULLISH,9.0,3.0,13.0,22.0,9.0,OK,2026-07-02T21:00:00+00:00,61585.8,0.0458,True,0.4615,True,0.2518,True,-0.1949,False
2026-07-02T22:59:12.483584+00:00,decision_debug,XRP/USDT,SHORT,NO TRADE,0.0,62.0,E,BULLISH,9.0,3.0,12.0,16.0,4.0,OK,2026-07-02T21:00:00+00:00,1.0816,-0.6102,False,-0.2681,False,-0.9061,False,-1.7936,False
2026-07-02T22:59:16.864889+00:00,decision_debug,DOGE/USDT,SHORT,NO TRADE,0.0,89.0,E,BULLISH,9.0,8.0,8.0,21.0,13.0,OK,2026-07-02T21:00:00+00:00,0.07408,-0.135,False,0.108,True,-0.9044,False,-1.5119,False
2026-07-02T23:13:17.826463+00:00,decision_debug,BTC/USDT,SHORT,NO TRADE,0.0,68.0,E,BULLISH,9.0,3.0,12.0,18.0,6.0,OK,2026-07-02T22:00:00+00:00,61463.8,0.2639,True,-0.1982,False,0.0532,True,-0.4777,False
2026-07-02T23:13:22.667748+00:00,decision_debug,XRP/USDT,SHORT,NO TRADE,0.0,62.0,E,BULLISH,9.0,3.0,12.0,16.0,4.0,OK,2026-07-02T22:00:00+00:00,1.084,-0.0461,False,-0.9225,False,-0.6089,False,-1.7251,False
2026-07-02T23:13:25.914341+00:00,decision_debug,DOGE/USDT,SHORT,NO TRADE,0.0,89.0,E,BULLISH,9.0,8.0,8.0,21.0,13.0,OK,2026-07-02T22:00:00+00:00,0.074,0.0,False,-1.0811,False,-1.1216,False,-1.7703,False
2026-07-02T23:18:28.888063+00:00,decision_debug,BTC/USDT,SHORT,NO TRADE,0.0,68.0,E,BULLISH,9.0,3.0,12.0,18.0,6.0,OK,2026-07-02T22:00:00+00:00,61463.8,0.2639,True,-0.1982,False,0.0532,True,-0.4777,False
2026-07-02T23:18:33.783001+00:00,decision_debug,XRP/USDT,SHORT,NO TRADE,0.0,62.0,E,BULLISH,9.0,3.0,12.0,16.0,4.0,OK,2026-07-02T22:00:00+00:00,1.084,-0.0461,False,-0.9225,False,-0.6089,False,-1.7251,False
2026-07-02T23:18:38.311571+00:00,decision_debug,DOGE/USDT,SHORT,NO TRADE,0.0,89.0,E,BULLISH,9.0,8.0,8.0,21.0,13.0,OK,2026-07-02T22:00:00+00:00,0.074,0.0,False,-1.0811,False,-1.1216,False,-1.7703,False
2026-07-02T23:22:22.318509+00:00,decision_debug,BTC/USDT,SHORT,NO TRADE,0.0,68.0,E,BULLISH,9.0,3.0,12.0,18.0,6.0,OK,2026-07-02T22:00:00+00:00,61463.8,0.2639,True,-0.1982,False,0.0532,True,-0.4777,False
2026-07-02T23:22:25.608851+00:00,decision_debug,XRP/USDT,SHORT,NO TRADE,0.0,62.0,E,BULLISH,9.0,3.0,12.0,16.0,4.0,OK,2026-07-02T22:00:00+00:00,1.084,-0.0461,False,-0.9225,False,-0.6089,False,-1.7251,False
2026-07-02T23:22:29.165258+00:00,decision_debug,DOGE/USDT,SHORT,NO TRADE,0.0,89.0,E,BULLISH,9.0,8.0,8.0,21.0,13.0,OK,2026-07-02T22:00:00+00:00,0.074,0.0,False,-1.0811,False,-1.1216,False,-1.7703,False
2026-07-02T23:27:31.512805+00:00,decision_debug,BTC/USDT,SHORT,NO TRADE,0.0,77.0,E,BULLISH,9.0,3.0,13.0,22.0,9.0,OK,2026-07-02T22:00:00+00:00,61463.8,0.2639,True,-0.1982,False,0.0532,True,-0.4777,False
2026-07-02T23:27:34.995766+00:00,decision_debug,XRP/USDT,SHORT,NO TRADE,0.0,62.0,E,BULLISH,9.0,3.0,12.0,16.0,4.0,OK,2026-07-02T22:00:00+00:00,1.084,-0.0461,False,-0.9225,False,-0.6089,False,-1.7251,False
2026-07-02T23:27:38.775334+00:00,decision_debug,DOGE/USDT,SHORT,NO TRADE,0.0,89.0,E,BULLISH,9.0,8.0,8.0,21.0,13.0,OK,2026-07-02T22:00:00+00:00,0.074,0.0,False,-1.0811,False,-1.1216,False,-1.7703,False
2026-07-02T23:32:41.173258+00:00,decision_debug,BTC/USDT,SHORT,NO TRADE,0.0,77.0,E,BULLISH,9.0,3.0,13.0,22.0,9.0,OK,2026-07-02T22:00:00+00:00,61463.8,0.2639,True,-0.1982,False,0.0532,True,-0.4777,False
2026-07-02T23:32:45.070876+00:00,decision_debug,XRP/USDT,SHORT,NO TRADE,0.0,62.0,E,BULLISH,9.0,3.0,12.0,16.0,4.0,OK,2026-07-02T22:00:00+00:00,1.084,-0.0461,False,-0.9225,False,-0.6089,False,-1.7251,False
2026-07-02T23:32:48.958678+00:00,decision_debug,DOGE/USDT,SHORT,NO TRADE,0.0,89.0,E,BULLISH,9.0,8.0,8.0,21.0,13.0,OK,2026-07-02T22:00:00+00:00,0.074,0.0,False,-1.0811,False,-1.1216,False,-1.7703,False
2026-07-02T23:37:51.531200+00:00,decision_debug,BTC/USDT,SHORT,NO TRADE,0.0,77.0,E,BULLISH,9.0,3.0,13.0,22.0,9.0,OK,2026-07-02T22:00:00+00:00,61463.8,0.2639,True,-0.1982,False,0.0532,True,-0.4777,False
2026-07-02T23:37:55.272643+00:00,decision_debug,XRP/USDT,SHORT,NO TRADE,0.0,62.0,E,BULLISH,9.0,3.0,12.0,16.0,4.0,OK,2026-07-02T22:00:00+00:00,1.084,-0.0461,False,-0.9225,False,-0.6089,False,-1.7251,False
2026-07-02T23:37:59.346298+00:00,decision_debug,DOGE/USDT,SHORT,NO TRADE,0.0,89.0,E,BULLISH,9.0,8.0,8.0,21.0,13.0,OK,2026-07-02T22:00:00+00:00,0.074,0.0,False,-1.0811,False,-1.1216,False,-1.7703,False
2026-07-02T23:43:01.903598+00:00,decision_debug,BTC/USDT,SHORT,NO TRADE,0.0,68.0,E,BULLISH,9.0,3.0,12.0,18.0,6.0,OK,2026-07-02T22:00:00+00:00,61463.8,0.2639,True,-0.1982,False,0.0532,True,-0.4777,False
2026-07-02T23:43:06.344053+00:00,decision_debug,XRP/USDT,SHORT,NO TRADE,0.0,62.0,E,BULLISH,9.0,3.0,12.0,16.0,4.0,OK,2026-07-02T22:00:00+00:00,1.084,-0.0461,False,-0.9225,False,-0.6089,False,-1.7251,False
2026-07-02T23:43:11.547553+00:00,decision_debug,DOGE/USDT,SHORT,NO TRADE,0.0,89.0,E,BULLISH,9.0,8.0,8.0,21.0,13.0,OK,2026-07-02T22:00:00+00:00,0.074,0.0,False,-1.0811,False,-1.1216,False,-1.7703,False
2026-07-02T23:48:14.673913+00:00,decision_debug,BTC/USDT,SHORT,NO TRADE,0.0,77.0,E,BULLISH,9.0,3.0,13.0,22.0,9.0,OK,2026-07-02T22:00:00+00:00,61463.8,0.2639,True,-0.1982,False,0.0532,True,-0.4777,False
2026-07-02T23:48:19.295450+00:00,decision_debug,XRP/USDT,SHORT,NO TRADE,0.0,62.0,E,BULLISH,9.0,3.0,12.0,16.0,4.0,OK,2026-07-02T22:00:00+00:00,1.084,-0.0461,False,-0.9225,False,-0.6089,False,-1.7251,False
2026-07-02T23:48:23.728621+00:00,decision_debug,DOGE/USDT,SHORT,NO TRADE,0.0,89.0,E,BULLISH,9.0,8.0,8.0,21.0,13.0,OK,2026-07-02T22:00:00+00:00,0.074,0.0,False,-1.0811,False,-1.1216,False,-1.7703,False
2026-07-02T23:53:26.609945+00:00,decision_debug,BTC/USDT,SHORT,NO TRADE,0.0,77.0,E,BULLISH,9.0,3.0,13.0,22.0,9.0,OK,2026-07-02T22:00:00+00:00,61463.8,0.2639,True,-0.1982,False,0.0532,True,-0.4777,False
2026-07-02T23:53:30.347670+00:00,decision_debug,XRP/USDT,SHORT,NO TRADE,0.0,62.0,E,BULLISH,9.0,3.0,12.0,16.0,4.0,OK,2026-07-02T22:00:00+00:00,1.084,-0.0461,False,-0.9225,False,-0.6089,False,-1.7251,False
2026-07-02T23:53:34.294293+00:00,decision_debug,DOGE/USDT,SHORT,NO TRADE,0.0,89.0,E,BULLISH,9.0,8.0,8.0,21.0,13.0,OK,2026-07-02T22:00:00+00:00,0.074,0.0,False,-1.0811,False,-1.1216,False,-1.7703,False
2026-07-02T23:58:36.613215+00:00,decision_debug,BTC/USDT,SHORT,NO TRADE,0.0,77.0,E,BULLISH,9.0,3.0,13.0,22.0,9.0,OK,2026-07-02T22:00:00+00:00,61463.8,0.2639,True,-0.1982,False,0.0532,True,-0.4777,False
2026-07-02T23:58:40.526308+00:00,decision_debug,XRP/USDT,SHORT,NO TRADE,0.0,62.0,E,BULLISH,9.0,3.0,12.0,16.0,4.0,OK,2026-07-02T22:00:00+00:00,1.084,-0.0461,False,-0.9225,False,-0.6089,False,-1.7251,False
2026-07-02T23:58:45.265205+00:00,decision_debug,DOGE/USDT,SHORT,NO TRADE,0.0,89.0,E,BULLISH,9.0,8.0,8.0,21.0,13.0,OK,2026-07-02T22:00:00+00:00,0.074,0.0,False,-1.0811,False,-1.1216,False,-1.7703,False
2026-07-03T00:03:47.481963+00:00,decision_debug,BTC/USDT,SHORT,NO TRADE,0.0,68.0,E,BULLISH,9.0,3.0,12.0,18.0,6.0,OK,2026-07-02T23:00:00+00:00,61557.6,-0.0455,False,0.2061,True,0.1928,True,-0.046,False
2026-07-03T00:03:50.064086+00:00,decision_debug,BNB/USDT,SHORT,NO TRADE,0.0,62.0,E,BULLISH,9.0,3.0,12.0,16.0,4.0,OK,2026-07-02T23:00:00+00:00,558.8,-0.4832,False,-0.519,False,-0.3579,False,-0.5906,False
2026-07-03T00:03:51.041155+00:00,decision_debug,XRP/USDT,SHORT,NO TRADE,0.0,62.0,E,BULLISH,9.0,3.0,12.0,16.0,4.0,OK,2026-07-02T23:00:00+00:00,1.0882,-0.533,False,-0.2941,False,-0.4135,False,-1.1119,False
2026-07-03T00:03:54.798149+00:00,decision_debug,DOGE/USDT,SHORT,NO TRADE,0.0,59.0,E,BULLISH,14.0,3.0,13.0,16.0,3.0,OK,2026-07-02T23:00:00+00:00,0.07418,-0.8358,False,-0.7684,False,-0.4449,False,-0.9841,False
2026-07-03T00:08:57.644593+00:00,decision_debug,BTC/USDT,SHORT,NO TRADE,0.0,68.0,E,BULLISH,9.0,3.0,12.0,18.0,6.0,OK,2026-07-02T23:00:00+00:00,61557.6,-0.0455,False,0.2061,True,0.1928,True,-0.046,False
2026-07-03T00:09:00.736475+00:00,decision_debug,BNB/USDT,SHORT,NO TRADE,0.0,62.0,E,BULLISH,9.0,3.0,12.0,16.0,4.0,OK,2026-07-02T23:00:00+00:00,558.8,-0.4832,False,-0.519,False,-0.3579,False,-0.5906,False
2026-07-03T00:09:01.549226+00:00,decision_debug,XRP/USDT,SHORT,NO TRADE,0.0,62.0,E,BULLISH,9.0,3.0,12.0,16.0,4.0,OK,2026-07-02T23:00:00+00:00,1.0882,-0.533,False,-0.2941,False,-0.4135,False,-1.1119,False
2026-07-03T00:09:05.393085+00:00,decision_debug,DOGE/USDT,SHORT,NO TRADE,0.0,59.0,E,BULLISH,14.0,3.0,13.0,16.0,3.0,OK,2026-07-02T23:00:00+00:00,0.07418,-0.8358,False,-0.7684,False,-0.4449,False,-0.9841,False
2026-07-03T00:14:07.738039+00:00,decision_debug,BTC/USDT,SHORT,NO TRADE,0.0,68.0,E,BULLISH,9.0,3.0,12.0,18.0,6.0,OK,2026-07-02T23:00:00+00:00,61557.6,-0.0455,False,0.2061,True,0.1928,True,-0.046,False
2026-07-03T00:14:10.349971+00:00,decision_debug,BNB/USDT,SHORT,NO TRADE,0.0,62.0,E,BULLISH,9.0,3.0,12.0,16.0,4.0,OK,2026-07-02T23:00:00+00:00,558.8,-0.4832,False,-0.519,False,-0.3579,False,-0.5906,False
2026-07-03T00:14:11.247685+00:00,decision_debug,XRP/USDT,SHORT,NO TRADE,0.0,62.0,E,BULLISH,9.0,3.0,12.0,16.0,4.0,OK,2026-07-02T23:00:00+00:00,1.0882,-0.533,False,-0.2941,False,-0.4135,False,-1.1119,False
2026-07-03T00:14:15.030580+00:00,decision_debug,DOGE/USDT,SHORT,NO TRADE,0.0,59.0,E,BULLISH,14.0,3.0,13.0,16.0,3.0,OK,2026-07-02T23:00:00+00:00,0.07418,-0.8358,False,-0.7684,False,-0.4449,False,-0.9841,False
2026-07-03T00:19:17.515708+00:00,decision_debug,BTC/USDT,SHORT,NO TRADE,0.0,68.0,E,BULLISH,9.0,3.0,12.0,18.0,6.0,OK,2026-07-02T23:00:00+00:00,61557.6,-0.0455,False,0.2061,True,0.1928,True,-0.046,False
2026-07-03T00:19:20.618435+00:00,decision_debug,BNB/USDT,SHORT,NO TRADE,0.0,62.0,E,BULLISH,9.0,3.0,12.0,16.0,4.0,OK,2026-07-02T23:00:00+00:00,558.8,-0.4832,False,-0.519,False,-0.3579,False,-0.5906,False
2026-07-03T00:19:21.534245+00:00,decision_debug,XRP/USDT,SHORT,NO TRADE,0.0,62.0,E,BULLISH,9.0,3.0,12.0,16.0,4.0,OK,2026-07-02T23:00:00+00:00,1.0882,-0.533,False,-0.2941,False,-0.4135,False,-1.1119,False
2026-07-03T00:19:25.557851+00:00,decision_debug,DOGE/USDT,SHORT,NO TRADE,0.0,59.0,E,BULLISH,14.0,3.0,13.0,16.0,3.0,OK,2026-07-02T23:00:00+00:00,0.07418,-0.8358,False,-0.7684,False,-0.4449,False,-0.9841,False
2026-07-03T00:24:28.221681+00:00,decision_debug,BTC/USDT,SHORT,NO TRADE,0.0,68.0,E,BULLISH,9.0,3.0,12.0,18.0,6.0,OK,2026-07-02T23:00:00+00:00,61557.6,-0.0455,False,0.2061,True,0.1928,True,-0.046,False
2026-07-03T00:24:31.076291+00:00,decision_debug,BNB/USDT,SHORT,NO TRADE,0.0,62.0,E,BULLISH,9.0,3.0,12.0,16.0,4.0,OK,2026-07-02T23:00:00+00:00,558.8,-0.4832,False,-0.519,False,-0.3579,False,-0.5906,False
2026-07-03T00:24:31.878740+00:00,decision_debug,XRP/USDT,SHORT,NO TRADE,0.0,62.0,E,BULLISH,9.0,3.0,12.0,16.0,4.0,OK,2026-07-02T23:00:00+00:00,1.0882,-0.533,False,-0.2941,False,-0.4135,False,-1.1119,False
2026-07-03T00:24:35.723052+00:00,decision_debug,DOGE/USDT,SHORT,NO TRADE,0.0,59.0,E,BULLISH,14.0,3.0,13.0,16.0,3.0,OK,2026-07-02T23:00:00+00:00,0.07418,-0.8358,False,-0.7684,False,-0.4449,False,-0.9841,False
2026-07-03T00:29:38.173602+00:00,decision_debug,BTC/USDT,SHORT,NO TRADE,0.0,62.0,E,BULLISH,9.0,3.0,12.0,16.0,4.0,OK,2026-07-02T23:00:00+00:00,61557.6,-0.0455,False,0.2061,True,0.1928,True,-0.046,False
2026-07-03T00:29:41.471124+00:00,decision_debug,BNB/USDT,SHORT,NO TRADE,0.0,62.0,E,BULLISH,9.0,3.0,12.0,16.0,4.0,OK,2026-07-02T23:00:00+00:00,558.8,-0.4832,False,-0.519,False,-0.3579,False,-0.5906,False
2026-07-03T00:29:42.278225+00:00,decision_debug,XRP/USDT,SHORT,NO TRADE,0.0,62.0,E,BULLISH,9.0,3.0,12.0,16.0,4.0,OK,2026-07-02T23:00:00+00:00,1.0882,-0.533,False,-0.2941,False,-0.4135,False,-1.1119,False
2026-07-03T00:29:46.010839+00:00,decision_debug,DOGE/USDT,SHORT,NO TRADE,0.0,59.0,E,BULLISH,14.0,3.0,13.0,16.0,3.0,OK,2026-07-02T23:00:00+00:00,0.07418,-0.8358,False,-0.7684,False,-0.4449,False,-0.9841,False
2026-07-03T00:34:48.462105+00:00,decision_debug,BTC/USDT,SHORT,NO TRADE,0.0,62.0,E,BULLISH,9.0,3.0,12.0,16.0,4.0,OK,2026-07-02T23:00:00+00:00,61557.6,-0.0455,False,0.2061,True,0.1928,True,-0.046,False
2026-07-03T00:34:51.966467+00:00,decision_debug,BNB/USDT,SHORT,NO TRADE,0.0,62.0,E,BULLISH,9.0,3.0,12.0,16.0,4.0,OK,2026-07-02T23:00:00+00:00,558.8,-0.4832,False,-0.519,False,-0.3579,False,-0.5906,False
2026-07-03T00:34:52.872860+00:00,decision_debug,XRP/USDT,SHORT,NO TRADE,0.0,62.0,E,BULLISH,9.0,3.0,12.0,16.0,4.0,OK,2026-07-02T23:00:00+00:00,1.0882,-0.533,False,-0.2941,False,-0.4135,False,-1.1119,False
2026-07-03T00:34:58.653802+00:00,decision_debug,DOGE/USDT,SHORT,NO TRADE,0.0,59.0,E,BULLISH,14.0,3.0,13.0,16.0,3.0,OK,2026-07-02T23:00:00+00:00,0.07418,-0.8358,False,-0.7684,False,-0.4449,False,-0.9841,False
2026-07-03T00:40:01.661939+00:00,decision_debug,BTC/USDT,SHORT,NO TRADE,0.0,68.0,E,BULLISH,9.0,3.0,12.0,18.0,6.0,OK,2026-07-02T23:00:00+00:00,61557.6,-0.0455,False,0.2061,True,0.1928,True,-0.046,False
2026-07-03T00:40:05.860091+00:00,decision_debug,BNB/USDT,SHORT,NO TRADE,0.0,62.0,E,BULLISH,9.0,3.0,12.0,16.0,4.0,OK,2026-07-02T23:00:00+00:00,558.8,-0.4832,False,-0.519,False,-0.3579,False,-0.5906,False
2026-07-03T00:40:06.827837+00:00,decision_debug,XRP/USDT,SHORT,NO TRADE,0.0,62.0,E,BULLISH,9.0,3.0,12.0,16.0,4.0,OK,2026-07-02T23:00:00+00:00,1.0882,-0.533,False,-0.2941,False,-0.4135,False,-1.1119,False
2026-07-03T00:40:11.240745+00:00,decision_debug,DOGE/USDT,SHORT,NO TRADE,0.0,59.0,E,BULLISH,14.0,3.0,13.0,16.0,3.0,OK,2026-07-02T23:00:00+00:00,0.07418,-0.8358,False,-0.7684,False,-0.4449,False,-0.9841,False
2026-07-03T00:45:13.739571+00:00,decision_debug,BTC/USDT,SHORT,NO TRADE,0.0,68.0,E,BULLISH,9.0,3.0,12.0,18.0,6.0,OK,2026-07-02T23:00:00+00:00,61557.6,-0.0455,False,0.2061,True,0.1928,True,-0.046,False
2026-07-03T00:45:17.272189+00:00,decision_debug,BNB/USDT,SHORT,NO TRADE,0.0,62.0,E,BULLISH,9.0,3.0,12.0,16.0,4.0,OK,2026-07-02T23:00:00+00:00,558.8,-0.4832,False,-0.519,False,-0.3579,False,-0.5906,False
2026-07-03T00:45:18.264805+00:00,decision_debug,XRP/USDT,SHORT,NO TRADE,0.0,62.0,E,BULLISH,9.0,3.0,12.0,16.0,4.0,OK,2026-07-02T23:00:00+00:00,1.0882,-0.533,False,-0.2941,False,-0.4135,False,-1.1119,False
2026-07-03T00:45:22.167505+00:00,decision_debug,DOGE/USDT,SHORT,NO TRADE,0.0,59.0,E,BULLISH,14.0,3.0,13.0,16.0,3.0,OK,2026-07-02T23:00:00+00:00,0.07418,-0.8358,False,-0.7684,False,-0.4449,False,-0.9841,False
2026-07-03T00:50:24.760208+00:00,decision_debug,BTC/USDT,SHORT,NO TRADE,0.0,68.0,E,BULLISH,9.0,3.0,12.0,18.0,6.0,OK,2026-07-02T23:00:00+00:00,61557.6,-0.0455,False,0.2061,True,0.1928,True,-0.046,False
2026-07-03T00:50:29.701314+00:00,decision_debug,BNB/USDT,SHORT,NO TRADE,0.0,62.0,E,BULLISH,9.0,3.0,12.0,16.0,4.0,OK,2026-07-02T23:00:00+00:00,558.8,-0.4832,False,-0.519,False,-0.3579,False,-0.5906,False
2026-07-03T00:50:31.328385+00:00,decision_debug,XRP/USDT,SHORT,NO TRADE,0.0,62.0,E,BULLISH,9.0,3.0,12.0,16.0,4.0,OK,2026-07-02T23:00:00+00:00,1.0882,-0.533,False,-0.2941,False,-0.4135,False,-1.1119,False
2026-07-03T00:50:36.220660+00:00,decision_debug,DOGE/USDT,SHORT,NO TRADE,0.0,59.0,E,BULLISH,14.0,3.0,13.0,16.0,3.0,OK,2026-07-02T23:00:00+00:00,0.07418,-0.8358,False,-0.7684,False,-0.4449,False,-0.9841,False
2026-07-03T00:55:39.805450+00:00,decision_debug,BTC/USDT,SHORT,NO TRADE,0.0,68.0,E,BULLISH,9.0,3.0,12.0,18.0,6.0,OK,2026-07-02T23:00:00+00:00,61557.6,-0.0455,False,0.2061,True,0.1928,True,-0.046,False
2026-07-03T00:55:43.533130+00:00,decision_debug,BNB/USDT,SHORT,NO TRADE,0.0,62.0,E,BULLISH,9.0,3.0,12.0,16.0,4.0,OK,2026-07-02T23:00:00+00:00,558.8,-0.4832,False,-0.519,False,-0.3579,False,-0.5906,False
2026-07-03T00:55:45.224835+00:00,decision_debug,XRP/USDT,SHORT,NO TRADE,0.0,62.0,E,BULLISH,9.0,3.0,12.0,16.0,4.0,OK,2026-07-02T23:00:00+00:00,1.0882,-0.533,False,-0.2941,False,-0.4135,False,-1.1119,False
2026-07-03T00:55:49.163985+00:00,decision_debug,DOGE/USDT,SHORT,NO TRADE,0.0,59.0,E,BULLISH,14.0,3.0,13.0,16.0,3.0,OK,2026-07-02T23:00:00+00:00,0.07418,-0.8358,False,-0.7684,False,-0.4449,False,-0.9841,False
2026-07-03T01:00:52.575134+00:00,decision_debug,BTC/USDT,SHORT,NO TRADE,0.0,62.0,E,BULLISH,9.0,3.0,12.0,16.0,4.0,OK,2026-07-03T00:00:00+00:00,61301.6,-0.2106,False,-0.2113,False,-0.6457,False,-0.6755,False
2026-07-03T01:00:55.406282+00:00,decision_debug,BNB/USDT,SHORT,NO TRADE,0.0,62.0,E,BULLISH,9.0,3.0,12.0,16.0,4.0,OK,2026-07-03T00:00:00+00:00,557.9,-0.6811,False,-0.5915,False,-0.8066,False,-0.9141,False
2026-07-03T01:00:56.526268+00:00,decision_debug,XRP/USDT,SHORT,NO TRADE,0.0,62.0,E,BULLISH,9.0,3.0,12.0,16.0,4.0,OK,2026-07-03T00:00:00+00:00,1.0845,-0.6362,False,-0.5625,False,-1.4292,False,-1.5307,False
2026-07-03T01:01:00.424497+00:00,decision_debug,DOGE/USDT,SHORT,NO TRADE,0.0,59.0,E,BULLISH,14.0,3.0,13.0,16.0,3.0,OK,2026-07-03T00:00:00+00:00,0.074,-1.0135,False,-1.1216,False,-1.4324,False,-1.3649,False
2026-07-03T01:06:03.823526+00:00,decision_debug,BTC/USDT,SHORT,NO TRADE,0.0,68.0,E,BULLISH,9.0,3.0,12.0,18.0,6.0,OK,2026-07-03T00:00:00+00:00,61301.6,-0.2106,False,-0.2113,False,-0.6457,False,-0.6755,False
2026-07-03T01:06:06.910643+00:00,decision_debug,BNB/USDT,SHORT,NO TRADE,0.0,62.0,E,BULLISH,9.0,3.0,12.0,16.0,4.0,OK,2026-07-03T00:00:00+00:00,557.9,-0.6811,False,-0.5915,False,-0.8066,False,-0.9141,False
2026-07-03T01:06:08.618168+00:00,decision_debug,XRP/USDT,SHORT,NO TRADE,0.0,62.0,E,BULLISH,9.0,3.0,12.0,16.0,4.0,OK,2026-07-03T00:00:00+00:00,1.0845,-0.6362,False,-0.5625,False,-1.4292,False,-1.5307,False
2026-07-03T01:06:13.525857+00:00,decision_debug,DOGE/USDT,SHORT,NO TRADE,0.0,59.0,E,BULLISH,14.0,3.0,13.0,16.0,3.0,OK,2026-07-03T00:00:00+00:00,0.074,-1.0135,False,-1.1216,False,-1.4324,False,-1.3649,False
2026-07-03T01:11:17.233991+00:00,decision_debug,BTC/USDT,SHORT,NO TRADE,0.0,77.0,E,BULLISH,9.0,3.0,13.0,22.0,9.0,OK,2026-07-03T00:00:00+00:00,61301.6,-0.2106,False,-0.2113,False,-0.6457,False,-0.6755,False
2026-07-03T01:11:21.259509+00:00,decision_debug,BNB/USDT,SHORT,NO TRADE,0.0,62.0,E,BULLISH,9.0,3.0,12.0,16.0,4.0,OK,2026-07-03T00:00:00+00:00,557.9,-0.6811,False,-0.5915,False,-0.8066,False,-0.9141,False
2026-07-03T01:11:22.256661+00:00,decision_debug,XRP/USDT,SHORT,NO TRADE,0.0,62.0,E,BULLISH,9.0,3.0,12.0,16.0,4.0,OK,2026-07-03T00:00:00+00:00,1.0845,-0.6362,False,-0.5625,False,-1.4292,False,-1.5307,False
2026-07-03T01:11:26.535327+00:00,decision_debug,DOGE/USDT,SHORT,NO TRADE,0.0,59.0,E,BULLISH,14.0,3.0,13.0,16.0,3.0,OK,2026-07-03T00:00:00+00:00,0.074,-1.0135,False,-1.1216,False,-1.4324,False,-1.3649,False
2026-07-03T01:16:28.978520+00:00,decision_debug,BTC/USDT,SHORT,NO TRADE,0.0,77.0,E,BULLISH,9.0,3.0,13.0,22.0,9.0,OK,2026-07-03T00:00:00+00:00,61301.6,-0.2106,False,-0.2113,False,-0.6457,False,-0.6755,False
2026-07-03T01:16:31.934985+00:00,decision_debug,BNB/USDT,SHORT,NO TRADE,0.0,62.0,E,BULLISH,9.0,3.0,12.0,16.0,4.0,OK,2026-07-03T00:00:00+00:00,557.9,-0.6811,False,-0.5915,False,-0.8066,False,-0.9141,False
2026-07-03T01:16:32.739746+00:00,decision_debug,XRP/USDT,SHORT,NO TRADE,0.0,62.0,E,BULLISH,9.0,3.0,12.0,16.0,4.0,OK,2026-07-03T00:00:00+00:00,1.0845,-0.6362,False,-0.5625,False,-1.4292,False,-1.5307,False
2026-07-03T01:16:37.305910+00:00,decision_debug,DOGE/USDT,SHORT,NO TRADE,0.0,65.0,E,BULLISH,14.0,3.0,13.0,18.0,5.0,OK,2026-07-03T00:00:00+00:00,0.074,-1.0135,False,-1.1216,False,-1.4324,False,-1.3649,False
2026-07-03T01:21:40.729971+00:00,decision_debug,BTC/USDT,SHORT,NO TRADE,0.0,77.0,E,BULLISH,9.0,3.0,13.0,22.0,9.0,OK,2026-07-03T00:00:00+00:00,61301.6,-0.2106,False,-0.2113,False,-0.6457,False,-0.6755,False
2026-07-03T01:21:44.913277+00:00,decision_debug,BNB/USDT,SHORT,NO TRADE,0.0,62.0,E,BULLISH,9.0,3.0,12.0,16.0,4.0,OK,2026-07-03T00:00:00+00:00,557.9,-0.6811,False,-0.5915,False,-0.8066,False,-0.9141,False
2026-07-03T01:21:45.716488+00:00,decision_debug,XRP/USDT,SHORT,NO TRADE,0.0,62.0,E,BULLISH,9.0,3.0,12.0,16.0,4.0,OK,2026-07-03T00:00:00+00:00,1.0845,-0.6362,False,-0.5625,False,-1.4292,False,-1.5307,False
2026-07-03T01:21:49.964489+00:00,decision_debug,DOGE/USDT,SHORT,NO TRADE,0.0,74.0,E,BULLISH,14.0,3.0,14.0,22.0,8.0,OK,2026-07-03T00:00:00+00:00,0.074,-1.0135,False,-1.1216,False,-1.4324,False,-1.3649,False
2026-07-03T01:26:53.732411+00:00,decision_debug,BTC/USDT,SHORT,NO TRADE,0.0,77.0,E,BULLISH,9.0,3.0,13.0,22.0,9.0,OK,2026-07-03T00:00:00+00:00,61301.6,-0.2106,False,-0.2113,False,-0.6457,False,-0.6755,False
2026-07-03T01:26:58.433912+00:00,decision_debug,BNB/USDT,SHORT,NO TRADE,0.0,62.0,E,BULLISH,9.0,3.0,12.0,16.0,4.0,OK,2026-07-03T00:00:00+00:00,557.9,-0.6811,False,-0.5915,False,-0.8066,False,-0.9141,False
2026-07-03T01:26:59.238053+00:00,decision_debug,XRP/USDT,SHORT,NO TRADE,0.0,62.0,E,BULLISH,9.0,3.0,12.0,16.0,4.0,OK,2026-07-03T00:00:00+00:00,1.0845,-0.6362,False,-0.5625,False,-1.4292,False,-1.5307,False
2026-07-03T01:27:03.554219+00:00,decision_debug,DOGE/USDT,SHORT,NO TRADE,0.0,74.0,E,BULLISH,14.0,3.0,14.0,22.0,8.0,OK,2026-07-03T00:00:00+00:00,0.074,-1.0135,False,-1.1216,False,-1.4324,False,-1.3649,False
2026-07-03T01:32:07.437487+00:00,decision_debug,BTC/USDT,SHORT,NO TRADE,0.0,77.0,E,BULLISH,9.0,3.0,13.0,22.0,9.0,OK,2026-07-03T00:00:00+00:00,61301.6,-0.2106,False,-0.2113,False,-0.6457,False,-0.6755,False
2026-07-03T01:32:10.696157+00:00,decision_debug,BNB/USDT,SHORT,NO TRADE,0.0,62.0,E,BULLISH,9.0,3.0,12.0,16.0,4.0,OK,2026-07-03T00:00:00+00:00,557.9,-0.6811,False,-0.5915,False,-0.8066,False,-0.9141,False
2026-07-03T01:32:11.505268+00:00,decision_debug,XRP/USDT,SHORT,NO TRADE,0.0,62.0,E,BULLISH,9.0,3.0,12.0,16.0,4.0,OK,2026-07-03T00:00:00+00:00,1.0845,-0.6362,False,-0.5625,False,-1.4292,False,-1.5307,False
2026-07-03T01:32:15.240005+00:00,decision_debug,DOGE/USDT,SHORT,NO TRADE,0.0,74.0,E,BULLISH,14.0,3.0,14.0,22.0,8.0,OK,2026-07-03T00:00:00+00:00,0.074,-1.0135,False,-1.1216,False,-1.4324,False,-1.3649,False
2026-07-03T01:37:18.544605+00:00,decision_debug,BTC/USDT,SHORT,NO TRADE,0.0,77.0,E,BULLISH,9.0,3.0,13.0,22.0,9.0,OK,2026-07-03T00:00:00+00:00,61301.6,-0.2106,False,-0.2113,False,-0.6457,False,-0.6755,False
2026-07-03T01:37:21.742497+00:00,decision_debug,BNB/USDT,SHORT,NO TRADE,0.0,71.0,E,BULLISH,9.0,3.0,13.0,20.0,7.0,OK,2026-07-03T00:00:00+00:00,557.9,-0.6811,False,-0.5915,False,-0.8066,False,-0.9141,False
2026-07-03T01:37:22.760130+00:00,decision_debug,XRP/USDT,SHORT,NO TRADE,0.0,77.0,E,BULLISH,9.0,3.0,13.0,22.0,9.0,OK,2026-07-03T00:00:00+00:00,1.0845,-0.6362,False,-0.5625,False,-1.4292,False,-1.5307,False
2026-07-03T01:37:27.666787+00:00,decision_debug,DOGE/USDT,SHORT,NO TRADE,0.0,74.0,E,BULLISH,14.0,3.0,14.0,22.0,8.0,OK,2026-07-03T00:00:00+00:00,0.074,-1.0135,False,-1.1216,False,-1.4324,False,-1.3649,False
2026-07-03T01:42:31.020971+00:00,decision_debug,BTC/USDT,SHORT,NO TRADE,0.0,77.0,E,BULLISH,9.0,3.0,13.0,22.0,9.0,OK,2026-07-03T00:00:00+00:00,61301.6,-0.2106,False,-0.2113,False,-0.6457,False,-0.6755,False
2026-07-03T01:42:34.337950+00:00,decision_debug,BNB/USDT,SHORT,NO TRADE,0.0,77.0,E,BULLISH,9.0,3.0,13.0,22.0,9.0,OK,2026-07-03T00:00:00+00:00,557.9,-0.6811,False,-0.5915,False,-0.8066,False,-0.9141,False
2026-07-03T01:42:36.211009+00:00,decision_debug,XRP/USDT,SHORT,NO TRADE,0.0,77.0,E,BULLISH,9.0,3.0,13.0,22.0,9.0,OK,2026-07-03T00:00:00+00:00,1.0845,-0.6362,False,-0.5625,False,-1.4292,False,-1.5307,False
2026-07-03T01:42:41.030810+00:00,decision_debug,DOGE/USDT,SHORT,NO TRADE,0.0,74.0,E,BULLISH,14.0,3.0,14.0,22.0,8.0,OK,2026-07-03T00:00:00+00:00,0.074,-1.0135,False,-1.1216,False,-1.4324,False,-1.3649,False
2026-07-03T01:47:44.454228+00:00,decision_debug,BTC/USDT,SHORT,NO TRADE,0.0,77.0,E,BULLISH,9.0,3.0,13.0,22.0,9.0,OK,2026-07-03T00:00:00+00:00,61301.6,-0.2106,False,-0.2113,False,-0.6457,False,-0.6755,False
2026-07-03T01:47:47.709197+00:00,decision_debug,BNB/USDT,SHORT,NO TRADE,0.0,77.0,E,BULLISH,9.0,3.0,13.0,22.0,9.0,OK,2026-07-03T00:00:00+00:00,557.9,-0.6811,False,-0.5915,False,-0.8066,False,-0.9141,False
2026-07-03T01:47:48.516288+00:00,decision_debug,XRP/USDT,SHORT,NO TRADE,0.0,71.0,E,BULLISH,9.0,3.0,13.0,20.0,7.0,OK,2026-07-03T00:00:00+00:00,1.0845,-0.6362,False,-0.5625,False,-1.4292,False,-1.5307,False
2026-07-03T01:47:52.431330+00:00,decision_debug,DOGE/USDT,SHORT,NO TRADE,0.0,74.0,E,BULLISH,14.0,3.0,14.0,22.0,8.0,OK,2026-07-03T00:00:00+00:00,0.074,-1.0135,False,-1.1216,False,-1.4324,False,-1.3649,False
2026-07-03T01:52:56.861703+00:00,decision_debug,BTC/USDT,SHORT,NO TRADE,0.0,77.0,E,BULLISH,9.0,3.0,13.0,22.0,9.0,OK,2026-07-03T00:00:00+00:00,61301.6,-0.2106,False,-0.2113,False,-0.6457,False,-0.6755,False
2026-07-03T01:53:00.682693+00:00,decision_debug,BNB/USDT,SHORT,NO TRADE,0.0,77.0,E,BULLISH,9.0,3.0,13.0,22.0,9.0,OK,2026-07-03T00:00:00+00:00,557.9,-0.6811,False,-0.5915,False,-0.8066,False,-0.9141,False
2026-07-03T01:53:01.751958+00:00,decision_debug,XRP/USDT,SHORT,NO TRADE,0.0,71.0,E,BULLISH,9.0,3.0,13.0,20.0,7.0,OK,2026-07-03T00:00:00+00:00,1.0845,-0.6362,False,-0.5625,False,-1.4292,False,-1.5307,False
2026-07-03T01:53:05.634737+00:00,decision_debug,DOGE/USDT,SHORT,NO TRADE,0.0,77.0,E,BULLISH,14.0,3.0,14.0,23.0,9.0,OK,2026-07-03T00:00:00+00:00,0.074,-1.0135,False,-1.1216,False,-1.4324,False,-1.3649,False
2026-07-03T01:58:08.996663+00:00,decision_debug,BTC/USDT,SHORT,NO TRADE,0.0,77.0,E,BULLISH,9.0,3.0,13.0,22.0,9.0,OK,2026-07-03T00:00:00+00:00,61301.6,-0.2106,False,-0.2113,False,-0.6457,False,-0.6755,False
2026-07-03T01:58:11.979539+00:00,decision_debug,BNB/USDT,SHORT,NO TRADE,0.0,77.0,E,BULLISH,9.0,3.0,13.0,22.0,9.0,OK,2026-07-03T00:00:00+00:00,557.9,-0.6811,False,-0.5915,False,-0.8066,False,-0.9141,False
2026-07-03T01:58:12.805308+00:00,decision_debug,XRP/USDT,SHORT,NO TRADE,0.0,77.0,E,BULLISH,9.0,3.0,13.0,22.0,9.0,OK,2026-07-03T00:00:00+00:00,1.0845,-0.6362,False,-0.5625,False,-1.4292,False,-1.5307,False
2026-07-03T01:58:16.618112+00:00,decision_debug,DOGE/USDT,SHORT,NO TRADE,0.0,74.0,E,BULLISH,14.0,3.0,14.0,22.0,8.0,OK,2026-07-03T00:00:00+00:00,0.074,-1.0135,False,-1.1216,False,-1.4324,False,-1.3649,False
2026-07-03T02:03:20.148983+00:00,decision_debug,BTC/USDT,SHORT,NO TRADE,0.0,77.0,E,BULLISH,9.0,3.0,13.0,22.0,9.0,OK,2026-07-03T01:00:00+00:00,61585.6,0.2509,True,0.2382,True,-0.1952,False,-0.5378,False
2026-07-03T02:03:23.122929+00:00,decision_debug,BNB/USDT,SHORT,NO TRADE,0.0,77.0,E,BULLISH,9.0,3.0,13.0,22.0,9.0,OK,2026-07-03T01:00:00+00:00,561.5,0.0534,True,0.1247,True,-0.0178,False,-0.8014,False
2026-07-03T02:03:23.977712+00:00,decision_debug,XRP/USDT,SHORT,NO TRADE,0.0,77.0,E,BULLISH,9.0,3.0,13.0,22.0,9.0,OK,2026-07-03T01:00:00+00:00,1.094,0.3108,True,0.1188,True,-0.6399,False,-1.3803,False
2026-07-03T02:03:28.288731+00:00,decision_debug,DOGE/USDT,SHORT,NO TRADE,0.0,74.0,E,BULLISH,14.0,3.0,14.0,22.0,8.0,OK,2026-07-03T01:00:00+00:00,0.0748,-0.0401,False,0.3877,True,-0.5348,False,-0.8021,False
2026-07-03T02:08:31.345230+00:00,decision_debug,BTC/USDT,SHORT,NO TRADE,0.0,77.0,E,BULLISH,9.0,3.0,13.0,22.0,9.0,OK,2026-07-03T01:00:00+00:00,61585.6,0.2509,True,0.2382,True,-0.1952,False,-0.5378,False
2026-07-03T02:08:34.182687+00:00,decision_debug,BNB/USDT,SHORT,NO TRADE,0.0,71.0,E,BULLISH,9.0,3.0,13.0,20.0,7.0,OK,2026-07-03T01:00:00+00:00,561.5,0.0534,True,0.1247,True,-0.0178,False,-0.8014,False
2026-07-03T02:08:34.992402+00:00,decision_debug,XRP/USDT,SHORT,NO TRADE,0.0,71.0,E,BULLISH,9.0,3.0,13.0,20.0,7.0,OK,2026-07-03T01:00:00+00:00,1.094,0.3108,True,0.1188,True,-0.6399,False,-1.3803,False
2026-07-03T02:08:38.833866+00:00,decision_debug,DOGE/USDT,SHORT,NO TRADE,0.0,74.0,E,BULLISH,14.0,3.0,14.0,22.0,8.0,OK,2026-07-03T01:00:00+00:00,0.0748,-0.0401,False,0.3877,True,-0.5348,False,-0.8021,False
2026-07-03T02:13:42.093385+00:00,decision_debug,BTC/USDT,SHORT,NO TRADE,0.0,77.0,E,BULLISH,9.0,3.0,13.0,22.0,9.0,OK,2026-07-03T01:00:00+00:00,61585.6,0.2509,True,0.2382,True,-0.1952,False,-0.5378,False
2026-07-03T02:13:45.156429+00:00,decision_debug,BNB/USDT,SHORT,NO TRADE,0.0,62.0,E,BULLISH,9.0,3.0,12.0,16.0,4.0,OK,2026-07-03T01:00:00+00:00,561.5,0.0534,True,0.1247,True,-0.0178,False,-0.8014,False
2026-07-03T02:13:45.997775+00:00,decision_debug,XRP/USDT,SHORT,NO TRADE,0.0,62.0,E,BULLISH,9.0,3.0,12.0,16.0,4.0,OK,2026-07-03T01:00:00+00:00,1.094,0.3108,True,0.1188,True,-0.6399,False,-1.3803,False
2026-07-03T02:13:49.788285+00:00,decision_debug,DOGE/USDT,SHORT,NO TRADE,0.0,74.0,E,BULLISH,14.0,3.0,14.0,22.0,8.0,OK,2026-07-03T01:00:00+00:00,0.0748,-0.0401,False,0.3877,True,-0.5348,False,-0.8021,False
2026-07-03T02:18:53.239413+00:00,decision_debug,BTC/USDT,SHORT,NO TRADE,0.0,77.0,E,BULLISH,9.0,3.0,13.0,22.0,9.0,OK,2026-07-03T01:00:00+00:00,61585.6,0.2509,True,0.2382,True,-0.1952,False,-0.5378,False
2026-07-03T02:18:56.175517+00:00,decision_debug,BNB/USDT,SHORT,NO TRADE,0.0,71.0,E,BULLISH,9.0,3.0,13.0,20.0,7.0,OK,2026-07-03T01:00:00+00:00,561.5,0.0534,True,0.1247,True,-0.0178,False,-0.8014,False
2026-07-03T02:18:56.980183+00:00,decision_debug,XRP/USDT,SHORT,NO TRADE,0.0,62.0,E,BULLISH,9.0,3.0,12.0,16.0,4.0,OK,2026-07-03T01:00:00+00:00,1.094,0.3108,True,0.1188,True,-0.6399,False,-1.3803,False
2026-07-03T02:19:03.316124+00:00,decision_debug,DOGE/USDT,SHORT,NO TRADE,0.0,74.0,E,BULLISH,14.0,3.0,14.0,22.0,8.0,OK,2026-07-03T01:00:00+00:00,0.0748,-0.0401,False,0.3877,True,-0.5348,False,-0.8021,False
2026-07-03T02:24:06.386756+00:00,decision_debug,BTC/USDT,SHORT,NO TRADE,0.0,77.0,E,BULLISH,9.0,3.0,13.0,22.0,9.0,OK,2026-07-03T01:00:00+00:00,61585.6,0.2509,True,0.2382,True,-0.1952,False,-0.5378,False
2026-07-03T02:24:08.998940+00:00,decision_debug,BNB/USDT,SHORT,NO TRADE,0.0,77.0,E,BULLISH,9.0,3.0,13.0,22.0,9.0,OK,2026-07-03T01:00:00+00:00,561.5,0.0534,True,0.1247,True,-0.0178,False,-0.8014,False
2026-07-03T02:24:09.896127+00:00,decision_debug,XRP/USDT,SHORT,NO TRADE,0.0,71.0,E,BULLISH,9.0,3.0,13.0,20.0,7.0,OK,2026-07-03T01:00:00+00:00,1.094,0.3108,True,0.1188,True,-0.6399,False,-1.3803,False
2026-07-03T02:24:15.703844+00:00,decision_debug,DOGE/USDT,SHORT,NO TRADE,0.0,74.0,E,BULLISH,14.0,3.0,14.0,22.0,8.0,OK,2026-07-03T01:00:00+00:00,0.0748,-0.0401,False,0.3877,True,-0.5348,False,-0.8021,False
2026-07-03T02:29:18.990672+00:00,decision_debug,BTC/USDT,SHORT,NO TRADE,0.0,68.0,E,BULLISH,9.0,3.0,12.0,18.0,6.0,OK,2026-07-03T01:00:00+00:00,61585.6,0.2509,True,0.2382,True,-0.1952,False,-0.5378,False
2026-07-03T02:29:21.912450+00:00,decision_debug,BNB/USDT,SHORT,NO TRADE,0.0,62.0,E,BULLISH,9.0,3.0,12.0,16.0,4.0,OK,2026-07-03T01:00:00+00:00,561.5,0.0534,True,0.1247,True,-0.0178,False,-0.8014,False
2026-07-03T02:29:22.715460+00:00,decision_debug,XRP/USDT,SHORT,NO TRADE,0.0,62.0,E,BULLISH,9.0,3.0,12.0,16.0,4.0,OK,2026-07-03T01:00:00+00:00,1.094,0.3108,True,0.1188,True,-0.6399,False,-1.3803,False
2026-07-03T02:29:26.531665+00:00,decision_debug,DOGE/USDT,SHORT,NO TRADE,0.0,74.0,E,BULLISH,14.0,3.0,14.0,22.0,8.0,OK,2026-07-03T01:00:00+00:00,0.0748,-0.0401,False,0.3877,True,-0.5348,False,-0.8021,False
2026-07-03T02:34:29.793143+00:00,decision_debug,BTC/USDT,SHORT,NO TRADE,0.0,68.0,E,BULLISH,9.0,3.0,12.0,18.0,6.0,OK,2026-07-03T01:00:00+00:00,61585.6,0.2509,True,0.2382,True,-0.1952,False,-0.5378,False
2026-07-03T02:34:32.759269+00:00,decision_debug,BNB/USDT,SHORT,NO TRADE,0.0,62.0,E,BULLISH,9.0,3.0,12.0,16.0,4.0,OK,2026-07-03T01:00:00+00:00,561.5,0.0534,True,0.1247,True,-0.0178,False,-0.8014,False
2026-07-03T02:34:33.608337+00:00,decision_debug,XRP/USDT,SHORT,NO TRADE,0.0,62.0,E,BULLISH,9.0,3.0,12.0,16.0,4.0,OK,2026-07-03T01:00:00+00:00,1.094,0.3108,True,0.1188,True,-0.6399,False,-1.3803,False
2026-07-03T02:34:37.455657+00:00,decision_debug,DOGE/USDT,SHORT,NO TRADE,0.0,74.0,E,BULLISH,14.0,3.0,14.0,22.0,8.0,OK,2026-07-03T01:00:00+00:00,0.0748,-0.0401,False,0.3877,True,-0.5348,False,-0.8021,False
2026-07-03T02:39:40.895179+00:00,decision_debug,BTC/USDT,SHORT,NO TRADE,0.0,68.0,E,BULLISH,9.0,3.0,12.0,18.0,6.0,OK,2026-07-03T01:00:00+00:00,61585.6,0.2509,True,0.2382,True,-0.1952,False,-0.5378,False
2026-07-03T02:39:44.048889+00:00,decision_debug,BNB/USDT,SHORT,NO TRADE,0.0,62.0,E,BULLISH,9.0,3.0,12.0,16.0,4.0,OK,2026-07-03T01:00:00+00:00,561.5,0.0534,True,0.1247,True,-0.0178,False,-0.8014,False
2026-07-03T02:39:45.036500+00:00,decision_debug,XRP/USDT,SHORT,NO TRADE,0.0,62.0,E,BULLISH,9.0,3.0,12.0,16.0,4.0,OK,2026-07-03T01:00:00+00:00,1.094,0.3108,True,0.1188,True,-0.6399,False,-1.3803,False
2026-07-03T02:39:48.574374+00:00,decision_debug,DOGE/USDT,SHORT,NO TRADE,0.0,74.0,E,BULLISH,14.0,3.0,14.0,22.0,8.0,OK,2026-07-03T01:00:00+00:00,0.0748,-0.0401,False,0.3877,True,-0.5348,False,-0.8021,False
2026-07-03T02:44:51.832120+00:00,decision_debug,BTC/USDT,SHORT,NO TRADE,0.0,68.0,E,BULLISH,9.0,3.0,12.0,18.0,6.0,OK,2026-07-03T01:00:00+00:00,61585.6,0.2509,True,0.2382,True,-0.1952,False,-0.5378,False
2026-07-03T02:44:55.930318+00:00,decision_debug,BNB/USDT,SHORT,NO TRADE,0.0,62.0,E,BULLISH,9.0,3.0,12.0,16.0,4.0,OK,2026-07-03T01:00:00+00:00,561.5,0.0534,True,0.1247,True,-0.0178,False,-0.8014,False
2026-07-03T02:44:56.849925+00:00,decision_debug,XRP/USDT,SHORT,NO TRADE,0.0,62.0,E,BULLISH,9.0,3.0,12.0,16.0,4.0,OK,2026-07-03T01:00:00+00:00,1.094,0.3108,True,0.1188,True,-0.6399,False,-1.3803,False
2026-07-03T02:45:01.014397+00:00,decision_debug,DOGE/USDT,SHORT,NO TRADE,0.0,74.0,E,BULLISH,14.0,3.0,14.0,22.0,8.0,OK,2026-07-03T01:00:00+00:00,0.0748,-0.0401,False,0.3877,True,-0.5348,False,-0.8021,False
2026-07-03T02:50:04.312700+00:00,decision_debug,BTC/USDT,SHORT,NO TRADE,0.0,68.0,E,BULLISH,9.0,3.0,12.0,18.0,6.0,OK,2026-07-03T01:00:00+00:00,61585.6,0.2509,True,0.2382,True,-0.1952,False,-0.5378,False
2026-07-03T02:50:07.318288+00:00,decision_debug,BNB/USDT,SHORT,NO TRADE,0.0,62.0,E,BULLISH,9.0,3.0,12.0,16.0,4.0,OK,2026-07-03T01:00:00+00:00,561.5,0.0534,True,0.1247,True,-0.0178,False,-0.8014,False
2026-07-03T02:50:08.219471+00:00,decision_debug,XRP/USDT,SHORT,NO TRADE,0.0,62.0,E,BULLISH,9.0,3.0,12.0,16.0,4.0,OK,2026-07-03T01:00:00+00:00,1.094,0.3108,True,0.1188,True,-0.6399,False,-1.3803,False
2026-07-03T02:50:11.745251+00:00,decision_debug,DOGE/USDT,SHORT,NO TRADE,0.0,74.0,E,BULLISH,14.0,3.0,14.0,22.0,8.0,OK,2026-07-03T01:00:00+00:00,0.0748,-0.0401,False,0.3877,True,-0.5348,False,-0.8021,False
2026-07-03T02:55:15.100040+00:00,decision_debug,BTC/USDT,SHORT,NO TRADE,0.0,68.0,E,BULLISH,9.0,3.0,12.0,18.0,6.0,OK,2026-07-03T01:00:00+00:00,61585.6,0.2509,True,0.2382,True,-0.1952,False,-0.5378,False
2026-07-03T02:55:17.815112+00:00,decision_debug,BNB/USDT,SHORT,NO TRADE,0.0,71.0,E,BULLISH,9.0,3.0,13.0,20.0,7.0,OK,2026-07-03T01:00:00+00:00,561.5,0.0534,True,0.1247,True,-0.0178,False,-0.8014,False
2026-07-03T02:55:18.738481+00:00,decision_debug,XRP/USDT,SHORT,NO TRADE,0.0,62.0,E,BULLISH,9.0,3.0,12.0,16.0,4.0,OK,2026-07-03T01:00:00+00:00,1.094,0.3108,True,0.1188,True,-0.6399,False,-1.3803,False
2026-07-03T02:55:24.677207+00:00,decision_debug,DOGE/USDT,SHORT,NO TRADE,0.0,74.0,E,BULLISH,14.0,3.0,14.0,22.0,8.0,OK,2026-07-03T01:00:00+00:00,0.0748,-0.0401,False,0.3877,True,-0.5348,False,-0.8021,False
2026-07-03T03:00:28.219035+00:00,decision_debug,BTC/USDT,SHORT,NO TRADE,0.0,68.0,E,BULLISH,9.0,3.0,12.0,18.0,6.0,OK,2026-07-03T02:00:00+00:00,61430.7,-0.0133,False,-0.4341,False,-0.5318,False,-0.9634,False
2026-07-03T03:00:33.246411+00:00,decision_debug,BNB/USDT,SHORT,NO TRADE,0.0,71.0,E,BULLISH,9.0,3.0,13.0,20.0,7.0,OK,2026-07-03T02:00:00+00:00,561.7,0.1602,True,-0.1246,False,0.0356,True,-0.8902,False
2026-07-03T03:00:34.639269+00:00,decision_debug,XRP/USDT,SHORT,NO TRADE,0.0,62.0,E,BULLISH,9.0,3.0,12.0,16.0,4.0,OK,2026-07-03T02:00:00+00:00,1.0914,-0.1191,False,-0.788,False,-1.0354,False,-1.7134,False
2026-07-03T03:00:38.577544+00:00,decision_debug,DOGE/USDT,SHORT,NO TRADE,0.0,74.0,E,BULLISH,14.0,3.0,14.0,22.0,8.0,OK,2026-07-03T02:00:00+00:00,0.07475,0.3211,True,-0.4147,False,-0.7492,False,-1.592,False
2026-07-03T03:05:41.787492+00:00,decision_debug,BTC/USDT,SHORT,NO TRADE,0.0,68.0,E,BULLISH,9.0,3.0,12.0,18.0,6.0,OK,2026-07-03T02:00:00+00:00,61430.7,-0.0133,False,-0.4341,False,-0.5318,False,-0.9634,False
2026-07-03T03:05:44.332731+00:00,decision_debug,BNB/USDT,SHORT,NO TRADE,0.0,62.0,E,BULLISH,9.0,3.0,12.0,16.0,4.0,OK,2026-07-03T02:00:00+00:00,561.7,0.1602,True,-0.1246,False,0.0356,True,-0.8902,False
2026-07-03T03:05:45.219959+00:00,decision_debug,XRP/USDT,SHORT,NO TRADE,0.0,62.0,E,BULLISH,9.0,3.0,12.0,16.0,4.0,OK,2026-07-03T02:00:00+00:00,1.0914,-0.1191,False,-0.788,False,-1.0354,False,-1.7134,False
2026-07-03T03:05:48.867183+00:00,decision_debug,DOGE/USDT,SHORT,NO TRADE,0.0,74.0,E,BULLISH,14.0,3.0,14.0,22.0,8.0,OK,2026-07-03T02:00:00+00:00,0.07475,0.3211,True,-0.4147,False,-0.7492,False,-1.592,False
2026-07-03T03:10:52.241107+00:00,decision_debug,BTC/USDT,SHORT,NO TRADE,0.0,68.0,E,BULLISH,9.0,3.0,12.0,18.0,6.0,OK,2026-07-03T02:00:00+00:00,61430.7,-0.0133,False,-0.4341,False,-0.5318,False,-0.9634,False
2026-07-03T03:10:54.822435+00:00,decision_debug,BNB/USDT,SHORT,NO TRADE,0.0,62.0,E,BULLISH,9.0,3.0,12.0,16.0,4.0,OK,2026-07-03T02:00:00+00:00,561.7,0.1602,True,-0.1246,False,0.0356,True,-0.8902,False
2026-07-03T03:10:55.708388+00:00,decision_debug,XRP/USDT,SHORT,NO TRADE,0.0,62.0,E,BULLISH,9.0,3.0,12.0,16.0,4.0,OK,2026-07-03T02:00:00+00:00,1.0914,-0.1191,False,-0.788,False,-1.0354,False,-1.7134,False
2026-07-03T03:11:00.621311+00:00,decision_debug,DOGE/USDT,SHORT,NO TRADE,0.0,65.0,E,BULLISH,14.0,3.0,13.0,18.0,5.0,OK,2026-07-03T02:00:00+00:00,0.07475,0.3211,True,-0.4147,False,-0.7492,False,-1.592,False
2026-07-03T03:16:04.245845+00:00,decision_debug,BTC/USDT,SHORT,NO TRADE,0.0,68.0,E,BULLISH,9.0,3.0,12.0,18.0,6.0,OK,2026-07-03T02:00:00+00:00,61430.7,-0.0133,False,-0.4341,False,-0.5318,False,-0.9634,False
2026-07-03T03:16:09.005786+00:00,decision_debug,BNB/USDT,SHORT,NO TRADE,0.0,62.0,E,BULLISH,9.0,3.0,12.0,16.0,4.0,OK,2026-07-03T02:00:00+00:00,561.7,0.1602,True,-0.1246,False,0.0356,True,-0.8902,False
2026-07-03T03:16:09.834794+00:00,decision_debug,XRP/USDT,SHORT,NO TRADE,0.0,62.0,E,BULLISH,9.0,3.0,12.0,16.0,4.0,OK,2026-07-03T02:00:00+00:00,1.0914,-0.1191,False,-0.788,False,-1.0354,False,-1.7134,False
2026-07-03T03:16:14.136010+00:00,decision_debug,DOGE/USDT,SHORT,NO TRADE,0.0,65.0,E,BULLISH,14.0,3.0,13.0,18.0,5.0,OK,2026-07-03T02:00:00+00:00,0.07475,0.3211,True,-0.4147,False,-0.7492,False,-1.592,False
2026-07-03T03:21:17.469543+00:00,decision_debug,BTC/USDT,SHORT,NO TRADE,0.0,77.0,E,BULLISH,9.0,3.0,13.0,22.0,9.0,OK,2026-07-03T02:00:00+00:00,61430.7,-0.0133,False,-0.4341,False,-0.5318,False,-0.9634,False
2026-07-03T03:21:20.766917+00:00,decision_debug,BNB/USDT,SHORT,NO TRADE,0.0,71.0,E,BULLISH,9.0,3.0,13.0,20.0,7.0,OK,2026-07-03T02:00:00+00:00,561.7,0.1602,True,-0.1246,False,0.0356,True,-0.8902,False
2026-07-03T03:21:21.767885+00:00,decision_debug,XRP/USDT,SHORT,NO TRADE,0.0,62.0,E,BULLISH,9.0,3.0,12.0,16.0,4.0,OK,2026-07-03T02:00:00+00:00,1.0914,-0.1191,False,-0.788,False,-1.0354,False,-1.7134,False
2026-07-03T03:21:26.127458+00:00,decision_debug,DOGE/USDT,SHORT,NO TRADE,0.0,74.0,E,BULLISH,14.0,3.0,14.0,22.0,8.0,OK,2026-07-03T02:00:00+00:00,0.07475,0.3211,True,-0.4147,False,-0.7492,False,-1.592,False
2026-07-03T03:26:29.342043+00:00,decision_debug,BTC/USDT,SHORT,NO TRADE,0.0,77.0,E,BULLISH,9.0,3.0,13.0,22.0,9.0,OK,2026-07-03T02:00:00+00:00,61430.7,-0.0133,False,-0.4341,False,-0.5318,False,-0.9634,False
2026-07-03T03:26:32.463966+00:00,decision_debug,BNB/USDT,SHORT,NO TRADE,0.0,77.0,E,BULLISH,9.0,3.0,13.0,22.0,9.0,OK,2026-07-03T02:00:00+00:00,561.7,0.1602,True,-0.1246,False,0.0356,True,-0.8902,False
2026-07-03T03:26:33.373216+00:00,decision_debug,XRP/USDT,SHORT,NO TRADE,0.0,62.0,E,BULLISH,9.0,3.0,12.0,16.0,4.0,OK,2026-07-03T02:00:00+00:00,1.0914,-0.1191,False,-0.788,False,-1.0354,False,-1.7134,False
2026-07-03T03:26:37.126585+00:00,decision_debug,DOGE/USDT,SHORT,NO TRADE,0.0,74.0,E,BULLISH,14.0,3.0,14.0,22.0,8.0,OK,2026-07-03T02:00:00+00:00,0.07475,0.3211,True,-0.4147,False,-0.7492,False,-1.592,False
2026-07-03T03:31:40.202804+00:00,decision_debug,BTC/USDT,SHORT,NO TRADE,0.0,77.0,E,BULLISH,9.0,3.0,13.0,22.0,9.0,OK,2026-07-03T02:00:00+00:00,61430.7,-0.0133,False,-0.4341,False,-0.5318,False,-0.9634,False
2026-07-03T03:31:42.852530+00:00,decision_debug,BNB/USDT,SHORT,NO TRADE,0.0,77.0,E,BULLISH,9.0,3.0,13.0,22.0,9.0,OK,2026-07-03T02:00:00+00:00,561.7,0.1602,True,-0.1246,False,0.0356,True,-0.8902,False
2026-07-03T03:31:43.739889+00:00,decision_debug,XRP/USDT,SHORT,NO TRADE,0.0,62.0,E,BULLISH,9.0,3.0,12.0,16.0,4.0,OK,2026-07-03T02:00:00+00:00,1.0914,-0.1191,False,-0.788,False,-1.0354,False,-1.7134,False
2026-07-03T03:31:47.380312+00:00,decision_debug,DOGE/USDT,SHORT,NO TRADE,0.0,74.0,E,BULLISH,14.0,3.0,14.0,22.0,8.0,OK,2026-07-03T02:00:00+00:00,0.07475,0.3211,True,-0.4147,False,-0.7492,False,-1.592,False
2026-07-03T03:36:50.936724+00:00,decision_debug,BTC/USDT,SHORT,NO TRADE,0.0,77.0,E,BULLISH,9.0,3.0,13.0,22.0,9.0,OK,2026-07-03T02:00:00+00:00,61430.7,-0.0133,False,-0.4341,False,-0.5318,False,-0.9634,False
2026-07-03T03:36:53.777893+00:00,decision_debug,BNB/USDT,SHORT,NO TRADE,0.0,71.0,E,BULLISH,9.0,3.0,13.0,20.0,7.0,OK,2026-07-03T02:00:00+00:00,561.7,0.1602,True,-0.1246,False,0.0356,True,-0.8902,False
2026-07-03T03:36:54.692112+00:00,decision_debug,XRP/USDT,SHORT,NO TRADE,0.0,62.0,E,BULLISH,9.0,3.0,12.0,16.0,4.0,OK,2026-07-03T02:00:00+00:00,1.0914,-0.1191,False,-0.788,False,-1.0354,False,-1.7134,False
2026-07-03T03:36:59.195805+00:00,decision_debug,DOGE/USDT,SHORT,NO TRADE,0.0,74.0,E,BULLISH,14.0,3.0,14.0,22.0,8.0,OK,2026-07-03T02:00:00+00:00,0.07475,0.3211,True,-0.4147,False,-0.7492,False,-1.592,False
2026-07-03T03:42:02.492266+00:00,decision_debug,BTC/USDT,SHORT,NO TRADE,0.0,68.0,E,BULLISH,9.0,3.0,12.0,18.0,6.0,OK,2026-07-03T02:00:00+00:00,61430.7,-0.0133,False,-0.4341,False,-0.5318,False,-0.9634,False
2026-07-03T03:42:05.520844+00:00,decision_debug,BNB/USDT,SHORT,NO TRADE,0.0,62.0,E,BULLISH,9.0,3.0,12.0,16.0,4.0,OK,2026-07-03T02:00:00+00:00,561.7,0.1602,True,-0.1246,False,0.0356,True,-0.8902,False
2026-07-03T03:42:06.451770+00:00,decision_debug,XRP/USDT,SHORT,NO TRADE,0.0,62.0,E,BULLISH,9.0,3.0,12.0,16.0,4.0,OK,2026-07-03T02:00:00+00:00,1.0914,-0.1191,False,-0.788,False,-1.0354,False,-1.7134,False
2026-07-03T03:42:10.066152+00:00,decision_debug,DOGE/USDT,SHORT,NO TRADE,0.0,74.0,E,BULLISH,14.0,3.0,14.0,22.0,8.0,OK,2026-07-03T02:00:00+00:00,0.07475,0.3211,True,-0.4147,False,-0.7492,False,-1.592,False
2026-07-03T03:47:13.262561+00:00,decision_debug,BTC/USDT,SHORT,NO TRADE,0.0,68.0,E,BULLISH,9.0,3.0,12.0,18.0,6.0,OK,2026-07-03T02:00:00+00:00,61430.7,-0.0133,False,-0.4341,False,-0.5318,False,-0.9634,False
2026-07-03T03:47:15.928059+00:00,decision_debug,BNB/USDT,SHORT,NO TRADE,0.0,62.0,E,BULLISH,9.0,3.0,12.0,16.0,4.0,OK,2026-07-03T02:00:00+00:00,561.7,0.1602,True,-0.1246,False,0.0356,True,-0.8902,False
2026-07-03T03:47:16.713564+00:00,decision_debug,XRP/USDT,SHORT,NO TRADE,0.0,62.0,E,BULLISH,9.0,3.0,12.0,16.0,4.0,OK,2026-07-03T02:00:00+00:00,1.0914,-0.1191,False,-0.788,False,-1.0354,False,-1.7134,False
2026-07-03T03:47:21.100035+00:00,decision_debug,DOGE/USDT,SHORT,NO TRADE,0.0,74.0,E,BULLISH,14.0,3.0,14.0,22.0,8.0,OK,2026-07-03T02:00:00+00:00,0.07475,0.3211,True,-0.4147,False,-0.7492,False,-1.592,False
2026-07-03T03:52:24.317539+00:00,decision_debug,BTC/USDT,SHORT,NO TRADE,0.0,68.0,E,BULLISH,9.0,3.0,12.0,18.0,6.0,OK,2026-07-03T02:00:00+00:00,61430.7,-0.0133,False,-0.4341,False,-0.5318,False,-0.9634,False
2026-07-03T03:52:26.996690+00:00,decision_debug,BNB/USDT,SHORT,NO TRADE,0.0,62.0,E,BULLISH,9.0,3.0,12.0,16.0,4.0,OK,2026-07-03T02:00:00+00:00,561.7,0.1602,True,-0.1246,False,0.0356,True,-0.8902,False
2026-07-03T03:52:27.993017+00:00,decision_debug,XRP/USDT,SHORT,NO TRADE,0.0,62.0,E,BULLISH,9.0,3.0,12.0,16.0,4.0,OK,2026-07-03T02:00:00+00:00,1.0914,-0.1191,False,-0.788,False,-1.0354,False,-1.7134,False
2026-07-03T03:52:31.577141+00:00,decision_debug,DOGE/USDT,SHORT,NO TRADE,0.0,74.0,E,BULLISH,14.0,3.0,14.0,22.0,8.0,OK,2026-07-03T02:00:00+00:00,0.07475,0.3211,True,-0.4147,False,-0.7492,False,-1.592,False
2026-07-03T03:57:35.025685+00:00,decision_debug,BTC/USDT,SHORT,NO TRADE,0.0,68.0,E,BULLISH,9.0,3.0,12.0,18.0,6.0,OK,2026-07-03T02:00:00+00:00,61430.7,-0.0133,False,-0.4341,False,-0.5318,False,-0.9634,False
2026-07-03T03:57:37.975390+00:00,decision_debug,BNB/USDT,SHORT,NO TRADE,0.0,62.0,E,BULLISH,9.0,3.0,12.0,16.0,4.0,OK,2026-07-03T02:00:00+00:00,561.7,0.1602,True,-0.1246,False,0.0356,True,-0.8902,False
2026-07-03T03:57:39.882732+00:00,decision_debug,XRP/USDT,SHORT,NO TRADE,0.0,62.0,E,BULLISH,9.0,3.0,12.0,16.0,4.0,OK,2026-07-03T02:00:00+00:00,1.0914,-0.1191,False,-0.788,False,-1.0354,False,-1.7134,False
2026-07-03T03:57:45.273259+00:00,decision_debug,DOGE/USDT,SHORT,NO TRADE,0.0,74.0,E,BULLISH,14.0,3.0,14.0,22.0,8.0,OK,2026-07-03T02:00:00+00:00,0.07475,0.3211,True,-0.4147,False,-0.7492,False,-1.592,False
2026-07-03T04:02:48.628704+00:00,decision_debug,BTC/USDT,SHORT,NO TRADE,0.0,68.0,E,BULLISH,9.0,3.0,12.0,18.0,6.0,OK,2026-07-03T03:00:00+00:00,61431.1,-0.4335,False,-0.4472,False,-0.252,False,-0.8987,False
2026-07-03T04:02:51.784584+00:00,decision_debug,BNB/USDT,SHORT,NO TRADE,0.0,62.0,E,BULLISH,9.0,3.0,12.0,16.0,4.0,OK,2026-07-03T03:00:00+00:00,561.2,-0.2138,False,-0.0713,False,-0.1604,False,-0.6593,False
2026-07-03T04:02:53.277564+00:00,decision_debug,XRP/USDT,SHORT,NO TRADE,0.0,62.0,E,BULLISH,9.0,3.0,12.0,16.0,4.0,OK,2026-07-03T03:00:00+00:00,1.0906,-0.8619,False,-0.9536,False,-0.8894,False,-1.5679,False
2026-07-03T04:03:00.510432+00:00,decision_debug,DOGE/USDT,SHORT,NO TRADE,0.0,59.0,E,BULLISH,17.0,0.0,16.0,19.0,3.0,OK,2026-07-03T03:00:00+00:00,0.07483,-0.3074,False,-0.4945,False,-0.1069,False,-1.6036,False
2026-07-03T04:08:04.125757+00:00,decision_debug,BTC/USDT,SHORT,NO TRADE,0.0,68.0,E,BULLISH,9.0,3.0,12.0,18.0,6.0,OK,2026-07-03T03:00:00+00:00,61431.1,-0.4335,False,-0.4472,False,-0.252,False,-0.8987,False
2026-07-03T04:08:07.710619+00:00,decision_debug,BNB/USDT,SHORT,NO TRADE,0.0,62.0,E,BULLISH,9.0,3.0,12.0,16.0,4.0,OK,2026-07-03T03:00:00+00:00,561.2,-0.2138,False,-0.0713,False,-0.1604,False,-0.6593,False
2026-07-03T04:08:08.779005+00:00,decision_debug,XRP/USDT,SHORT,NO TRADE,0.0,62.0,E,BULLISH,9.0,3.0,12.0,16.0,4.0,OK,2026-07-03T03:00:00+00:00,1.0906,-0.8619,False,-0.9536,False,-0.8894,False,-1.5679,False
2026-07-03T04:08:12.400465+00:00,decision_debug,DOGE/USDT,SHORT,NO TRADE,0.0,74.0,E,BULLISH,14.0,3.0,14.0,22.0,8.0,OK,2026-07-03T03:00:00+00:00,0.07483,-0.3074,False,-0.4945,False,-0.1069,False,-1.6036,False
2026-07-03T04:13:15.661511+00:00,decision_debug,BTC/USDT,SHORT,NO TRADE,0.0,68.0,E,BULLISH,9.0,3.0,12.0,18.0,6.0,OK,2026-07-03T03:00:00+00:00,61431.1,-0.4335,False,-0.4472,False,-0.252,False,-0.8987,False
2026-07-03T04:13:18.743321+00:00,decision_debug,BNB/USDT,SHORT,NO TRADE,0.0,62.0,E,BULLISH,9.0,3.0,12.0,16.0,4.0,OK,2026-07-03T03:00:00+00:00,561.2,-0.2138,False,-0.0713,False,-0.1604,False,-0.6593,False
2026-07-03T04:13:19.641437+00:00,decision_debug,XRP/USDT,SHORT,NO TRADE,0.0,62.0,E,BULLISH,9.0,3.0,12.0,16.0,4.0,OK,2026-07-03T03:00:00+00:00,1.0906,-0.8619,False,-0.9536,False,-0.8894,False,-1.5679,False
2026-07-03T04:13:23.449793+00:00,decision_debug,DOGE/USDT,SHORT,NO TRADE,0.0,74.0,E,BULLISH,14.0,3.0,14.0,22.0,8.0,OK,2026-07-03T03:00:00+00:00,0.07483,-0.3074,False,-0.4945,False,-0.1069,False,-1.6036,False
2026-07-03T04:18:26.661145+00:00,decision_debug,BTC/USDT,SHORT,NO TRADE,0.0,68.0,E,BULLISH,9.0,3.0,12.0,18.0,6.0,OK,2026-07-03T03:00:00+00:00,61431.1,-0.4335,False,-0.4472,False,-0.252,False,-0.8987,False
2026-07-03T04:18:29.809096+00:00,decision_debug,BNB/USDT,SHORT,NO TRADE,0.0,62.0,E,BULLISH,9.0,3.0,12.0,16.0,4.0,OK,2026-07-03T03:00:00+00:00,561.2,-0.2138,False,-0.0713,False,-0.1604,False,-0.6593,False
2026-07-03T04:18:30.959855+00:00,decision_debug,XRP/USDT,SHORT,NO TRADE,0.0,62.0,E,BULLISH,9.0,3.0,12.0,16.0,4.0,OK,2026-07-03T03:00:00+00:00,1.0906,-0.8619,False,-0.9536,False,-0.8894,False,-1.5679,False
2026-07-03T04:18:35.257167+00:00,decision_debug,DOGE/USDT,SHORT,NO TRADE,0.0,74.0,E,BULLISH,14.0,3.0,14.0,22.0,8.0,OK,2026-07-03T03:00:00+00:00,0.07483,-0.3074,False,-0.4945,False,-0.1069,False,-1.6036,False
2026-07-03T04:23:39.059074+00:00,decision_debug,BTC/USDT,SHORT,NO TRADE,0.0,68.0,E,BULLISH,9.0,3.0,12.0,18.0,6.0,OK,2026-07-03T03:00:00+00:00,61431.1,-0.4335,False,-0.4472,False,-0.252,False,-0.8987,False
2026-07-03T04:23:42.602817+00:00,decision_debug,BNB/USDT,SHORT,NO TRADE,0.0,62.0,E,BULLISH,9.0,3.0,12.0,16.0,4.0,OK,2026-07-03T03:00:00+00:00,561.2,-0.2138,False,-0.0713,False,-0.1604,False,-0.6593,False
2026-07-03T04:23:43.755151+00:00,decision_debug,XRP/USDT,SHORT,NO TRADE,0.0,62.0,E,BULLISH,9.0,3.0,12.0,16.0,4.0,OK,2026-07-03T03:00:00+00:00,1.0906,-0.8619,False,-0.9536,False,-0.8894,False,-1.5679,False
2026-07-03T04:23:47.748734+00:00,decision_debug,DOGE/USDT,SHORT,NO TRADE,0.0,74.0,E,BULLISH,14.0,3.0,14.0,22.0,8.0,OK,2026-07-03T03:00:00+00:00,0.07483,-0.3074,False,-0.4945,False,-0.1069,False,-1.6036,False
2026-07-03T04:28:50.948554+00:00,decision_debug,BTC/USDT,SHORT,NO TRADE,0.0,68.0,E,BULLISH,9.0,3.0,12.0,18.0,6.0,OK,2026-07-03T03:00:00+00:00,61431.1,-0.4335,False,-0.4472,False,-0.252,False,-0.8987,False
2026-07-03T04:28:54.022981+00:00,decision_debug,BNB/USDT,SHORT,NO TRADE,0.0,62.0,E,BULLISH,9.0,3.0,12.0,16.0,4.0,OK,2026-07-03T03:00:00+00:00,561.2,-0.2138,False,-0.0713,False,-0.1604,False,-0.6593,False
2026-07-03T04:28:54.926453+00:00,decision_debug,XRP/USDT,SHORT,NO TRADE,0.0,62.0,E,BULLISH,9.0,3.0,12.0,16.0,4.0,OK,2026-07-03T03:00:00+00:00,1.0906,-0.8619,False,-0.9536,False,-0.8894,False,-1.5679,False
2026-07-03T04:28:59.141136+00:00,decision_debug,DOGE/USDT,SHORT,NO TRADE,0.0,65.0,E,BULLISH,14.0,3.0,13.0,18.0,5.0,OK,2026-07-03T03:00:00+00:00,0.07483,-0.3074,False,-0.4945,False,-0.1069,False,-1.6036,False
2026-07-03T04:34:02.320598+00:00,decision_debug,BTC/USDT,SHORT,NO TRADE,0.0,68.0,E,BULLISH,9.0,3.0,12.0,18.0,6.0,OK,2026-07-03T03:00:00+00:00,61431.1,-0.4335,False,-0.4472,False,-0.252,False,-0.8987,False
2026-07-03T04:34:05.090109+00:00,decision_debug,BNB/USDT,SHORT,NO TRADE,0.0,62.0,E,BULLISH,9.0,3.0,12.0,16.0,4.0,OK,2026-07-03T03:00:00+00:00,561.2,-0.2138,False,-0.0713,False,-0.1604,False,-0.6593,False
2026-07-03T04:34:07.084894+00:00,decision_debug,XRP/USDT,SHORT,NO TRADE,0.0,62.0,E,BULLISH,9.0,3.0,12.0,16.0,4.0,OK,2026-07-03T03:00:00+00:00,1.0906,-0.8619,False,-0.9536,False,-0.8894,False,-1.5679,False
2026-07-03T04:34:11.914068+00:00,decision_debug,DOGE/USDT,SHORT,NO TRADE,0.0,65.0,E,BULLISH,14.0,3.0,13.0,18.0,5.0,OK,2026-07-03T03:00:00+00:00,0.07483,-0.3074,False,-0.4945,False,-0.1069,False,-1.6036,False
2026-07-03T04:39:15.317225+00:00,decision_debug,BTC/USDT,SHORT,NO TRADE,0.0,68.0,E,BULLISH,9.0,3.0,12.0,18.0,6.0,OK,2026-07-03T03:00:00+00:00,61431.1,-0.4335,False,-0.4472,False,-0.252,False,-0.8987,False
2026-07-03T04:39:17.866705+00:00,decision_debug,BNB/USDT,SHORT,NO TRADE,0.0,62.0,E,BULLISH,9.0,3.0,12.0,16.0,4.0,OK,2026-07-03T03:00:00+00:00,561.2,-0.2138,False,-0.0713,False,-0.1604,False,-0.6593,False
2026-07-03T04:39:18.855972+00:00,decision_debug,XRP/USDT,SHORT,NO TRADE,0.0,62.0,E,BULLISH,9.0,3.0,12.0,16.0,4.0,OK,2026-07-03T03:00:00+00:00,1.0906,-0.8619,False,-0.9536,False,-0.8894,False,-1.5679,False
2026-07-03T04:39:22.550804+00:00,decision_debug,DOGE/USDT,SHORT,NO TRADE,0.0,74.0,E,BULLISH,14.0,3.0,14.0,22.0,8.0,OK,2026-07-03T03:00:00+00:00,0.07483,-0.3074,False,-0.4945,False,-0.1069,False,-1.6036,False
2026-07-03T04:44:26.000994+00:00,decision_debug,BTC/USDT,SHORT,NO TRADE,0.0,68.0,E,BULLISH,9.0,3.0,12.0,18.0,6.0,OK,2026-07-03T03:00:00+00:00,61431.1,-0.4335,False,-0.4472,False,-0.252,False,-0.8987,False
2026-07-03T04:44:29.021114+00:00,decision_debug,BNB/USDT,SHORT,NO TRADE,0.0,62.0,E,BULLISH,9.0,3.0,12.0,16.0,4.0,OK,2026-07-03T03:00:00+00:00,561.2,-0.2138,False,-0.0713,False,-0.1604,False,-0.6593,False
2026-07-03T04:44:30.407386+00:00,decision_debug,XRP/USDT,SHORT,NO TRADE,0.0,62.0,E,BULLISH,9.0,3.0,12.0,16.0,4.0,OK,2026-07-03T03:00:00+00:00,1.0906,-0.8619,False,-0.9536,False,-0.8894,False,-1.5679,False
2026-07-03T04:44:35.700057+00:00,decision_debug,DOGE/USDT,SHORT,NO TRADE,0.0,74.0,E,BULLISH,14.0,3.0,14.0,22.0,8.0,OK,2026-07-03T03:00:00+00:00,0.07483,-0.3074,False,-0.4945,False,-0.1069,False,-1.6036,False
2026-07-03T04:49:38.600363+00:00,decision_debug,BTC/USDT,SHORT,NO TRADE,0.0,68.0,E,BULLISH,9.0,3.0,12.0,18.0,6.0,OK,2026-07-03T03:00:00+00:00,61431.1,-0.4335,False,-0.4472,False,-0.252,False,-0.8987,False
2026-07-03T04:49:41.276371+00:00,decision_debug,BNB/USDT,SHORT,NO TRADE,0.0,62.0,E,BULLISH,9.0,3.0,12.0,16.0,4.0,OK,2026-07-03T03:00:00+00:00,561.2,-0.2138,False,-0.0713,False,-0.1604,False,-0.6593,False
2026-07-03T04:49:42.429471+00:00,decision_debug,XRP/USDT,SHORT,NO TRADE,0.0,62.0,E,BULLISH,9.0,3.0,12.0,16.0,4.0,OK,2026-07-03T03:00:00+00:00,1.0906,-0.8619,False,-0.9536,False,-0.8894,False,-1.5679,False
2026-07-03T04:49:48.296297+00:00,decision_debug,DOGE/USDT,SHORT,NO TRADE,0.0,65.0,E,BULLISH,14.0,3.0,13.0,18.0,5.0,OK,2026-07-03T03:00:00+00:00,0.07483,-0.3074,False,-0.4945,False,-0.1069,False,-1.6036,False
2026-07-03T04:54:52.479026+00:00,decision_debug,BTC/USDT,SHORT,NO TRADE,0.0,68.0,E,BULLISH,9.0,3.0,12.0,18.0,6.0,OK,2026-07-03T03:00:00+00:00,61431.1,-0.4335,False,-0.4472,False,-0.252,False,-0.8987,False
2026-07-03T04:54:56.724968+00:00,decision_debug,BNB/USDT,SHORT,NO TRADE,0.0,62.0,E,BULLISH,9.0,3.0,12.0,16.0,4.0,OK,2026-07-03T03:00:00+00:00,561.2,-0.2138,False,-0.0713,False,-0.1604,False,-0.6593,False
2026-07-03T04:54:58.139337+00:00,decision_debug,XRP/USDT,SHORT,NO TRADE,0.0,62.0,E,BULLISH,9.0,3.0,12.0,16.0,4.0,OK,2026-07-03T03:00:00+00:00,1.0906,-0.8619,False,-0.9536,False,-0.8894,False,-1.5679,False
2026-07-03T04:55:02.378862+00:00,decision_debug,DOGE/USDT,SHORT,NO TRADE,0.0,65.0,E,BULLISH,14.0,3.0,13.0,18.0,5.0,OK,2026-07-03T03:00:00+00:00,0.07483,-0.3074,False,-0.4945,False,-0.1069,False,-1.6036,False
2026-07-03T05:00:05.763123+00:00,decision_debug,BTC/USDT,SHORT,NO TRADE,0.0,56.0,E,BULLISH,9.0,3.0,16.0,18.0,2.0,OK,2026-07-03T04:00:00+00:00,61438.9,-0.4344,False,-0.5184,False,-0.4505,False,-1.1021,False
2026-07-03T05:00:08.798914+00:00,decision_debug,BNB/USDT,SHORT,NO TRADE,0.0,62.0,E,BULLISH,9.0,3.0,12.0,16.0,4.0,OK,2026-07-03T04:00:00+00:00,560.8,-0.1427,False,-0.1248,False,-0.3923,False,-1.0877,False
2026-07-03T05:00:09.597578+00:00,decision_debug,XRP/USDT,SHORT,NO TRADE,0.0,62.0,E,BULLISH,9.0,3.0,12.0,16.0,4.0,OK,2026-07-03T04:00:00+00:00,1.0927,-0.7596,False,-0.9152,False,-0.7687,False,-1.6931,False
2026-07-03T05:00:13.452484+00:00,decision_debug,DOGE/USDT,SHORT,NO TRADE,0.0,65.0,E,BULLISH,14.0,3.0,13.0,18.0,5.0,OK,2026-07-03T04:00:00+00:00,0.07451,-0.9261,False,-1.0737,False,-0.6711,False,-2.8453,False
2026-07-03T05:05:16.778554+00:00,decision_debug,BTC/USDT,SHORT,NO TRADE,0.0,68.0,E,BULLISH,9.0,3.0,12.0,18.0,6.0,OK,2026-07-03T04:00:00+00:00,61438.9,-0.4344,False,-0.5184,False,-0.4505,False,-1.1021,False
2026-07-03T05:05:19.444948+00:00,decision_debug,BNB/USDT,SHORT,NO TRADE,0.0,62.0,E,BULLISH,9.0,3.0,12.0,16.0,4.0,OK,2026-07-03T04:00:00+00:00,560.8,-0.1427,False,-0.1248,False,-0.3923,False,-1.0877,False
2026-07-03T05:05:20.327255+00:00,decision_debug,XRP/USDT,SHORT,NO TRADE,0.0,62.0,E,BULLISH,9.0,3.0,12.0,16.0,4.0,OK,2026-07-03T04:00:00+00:00,1.0927,-0.7596,False,-0.9152,False,-0.7687,False,-1.6931,False
2026-07-03T05:05:26.170059+00:00,decision_debug,DOGE/USDT,SHORT,NO TRADE,0.0,65.0,E,BULLISH,14.0,3.0,13.0,18.0,5.0,OK,2026-07-03T04:00:00+00:00,0.07451,-0.9261,False,-1.0737,False,-0.6711,False,-2.8453,False
2026-07-03T05:10:29.311064+00:00,decision_debug,BTC/USDT,SHORT,NO TRADE,0.0,68.0,E,BULLISH,9.0,3.0,12.0,18.0,6.0,OK,2026-07-03T04:00:00+00:00,61438.9,-0.4344,False,-0.5184,False,-0.4505,False,-1.1021,False
2026-07-03T05:10:33.442931+00:00,decision_debug,BNB/USDT,SHORT,NO TRADE,0.0,62.0,E,BULLISH,9.0,3.0,12.0,16.0,4.0,OK,2026-07-03T04:00:00+00:00,560.8,-0.1427,False,-0.1248,False,-0.3923,False,-1.0877,False
2026-07-03T05:10:34.427067+00:00,decision_debug,XRP/USDT,SHORT,NO TRADE,0.0,68.0,E,BULLISH,9.0,3.0,12.0,18.0,6.0,OK,2026-07-03T04:00:00+00:00,1.0927,-0.7596,False,-0.9152,False,-0.7687,False,-1.6931,False
2026-07-03T05:10:38.541228+00:00,decision_debug,DOGE/USDT,SHORT,NO TRADE,0.0,65.0,E,BULLISH,14.0,3.0,13.0,18.0,5.0,OK,2026-07-03T04:00:00+00:00,0.07451,-0.9261,False,-1.0737,False,-0.6711,False,-2.8453,False
2026-07-03T05:15:41.945467+00:00,decision_debug,BTC/USDT,SHORT,NO TRADE,0.0,68.0,E,BULLISH,9.0,3.0,12.0,18.0,6.0,OK,2026-07-03T04:00:00+00:00,61438.9,-0.4344,False,-0.5184,False,-0.4505,False,-1.1021,False
2026-07-03T05:15:44.787547+00:00,decision_debug,BNB/USDT,SHORT,NO TRADE,0.0,62.0,E,BULLISH,9.0,3.0,12.0,16.0,4.0,OK,2026-07-03T04:00:00+00:00,560.8,-0.1427,False,-0.1248,False,-0.3923,False,-1.0877,False
2026-07-03T05:15:45.852858+00:00,decision_debug,XRP/USDT,SHORT,NO TRADE,0.0,68.0,E,BULLISH,9.0,3.0,12.0,18.0,6.0,OK,2026-07-03T04:00:00+00:00,1.0927,-0.7596,False,-0.9152,False,-0.7687,False,-1.6931,False
2026-07-03T05:15:49.545455+00:00,decision_debug,DOGE/USDT,SHORT,NO TRADE,0.0,65.0,E,BULLISH,14.0,3.0,13.0,18.0,5.0,OK,2026-07-03T04:00:00+00:00,0.07451,-0.9261,False,-1.0737,False,-0.6711,False,-2.8453,False
2026-07-03T05:20:52.979300+00:00,decision_debug,BTC/USDT,SHORT,NO TRADE,0.0,68.0,E,BULLISH,9.0,3.0,12.0,18.0,6.0,OK,2026-07-03T04:00:00+00:00,61438.9,-0.4344,False,-0.5184,False,-0.4505,False,-1.1021,False
2026-07-03T05:20:55.885177+00:00,decision_debug,BNB/USDT,SHORT,NO TRADE,0.0,68.0,E,BULLISH,9.0,3.0,12.0,18.0,6.0,OK,2026-07-03T04:00:00+00:00,560.8,-0.1427,False,-0.1248,False,-0.3923,False,-1.0877,False
2026-07-03T05:20:56.791344+00:00,decision_debug,XRP/USDT,SHORT,NO TRADE,0.0,68.0,E,BULLISH,9.0,3.0,12.0,18.0,6.0,OK,2026-07-03T04:00:00+00:00,1.0927,-0.7596,False,-0.9152,False,-0.7687,False,-1.6931,False
2026-07-03T05:21:00.952962+00:00,decision_debug,DOGE/USDT,SHORT,NO TRADE,0.0,65.0,E,BULLISH,14.0,3.0,13.0,18.0,5.0,OK,2026-07-03T04:00:00+00:00,0.07451,-0.9261,False,-1.0737,False,-0.6711,False,-2.8453,False
2026-07-03T05:26:04.252293+00:00,decision_debug,BTC/USDT,SHORT,NO TRADE,0.0,68.0,E,BULLISH,9.0,3.0,12.0,18.0,6.0,OK,2026-07-03T04:00:00+00:00,61438.9,-0.4344,False,-0.5184,False,-0.4505,False,-1.1021,False
2026-07-03T05:26:06.910544+00:00,decision_debug,BNB/USDT,SHORT,NO TRADE,0.0,62.0,E,BULLISH,9.0,3.0,12.0,16.0,4.0,OK,2026-07-03T04:00:00+00:00,560.8,-0.1427,False,-0.1248,False,-0.3923,False,-1.0877,False
2026-07-03T05:26:09.005532+00:00,decision_debug,XRP/USDT,SHORT,NO TRADE,0.0,68.0,E,BULLISH,9.0,3.0,12.0,18.0,6.0,OK,2026-07-03T04:00:00+00:00,1.0927,-0.7596,False,-0.9152,False,-0.7687,False,-1.6931,False
2026-07-03T05:26:14.213577+00:00,decision_debug,DOGE/USDT,SHORT,NO TRADE,0.0,65.0,E,BULLISH,14.0,3.0,13.0,18.0,5.0,OK,2026-07-03T04:00:00+00:00,0.07451,-0.9261,False,-1.0737,False,-0.6711,False,-2.8453,False
2026-07-03T05:31:17.924305+00:00,decision_debug,BTC/USDT,SHORT,NO TRADE,0.0,68.0,E,BULLISH,9.0,3.0,12.0,18.0,6.0,OK,2026-07-03T04:00:00+00:00,61438.9,-0.4344,False,-0.5184,False,-0.4505,False,-1.1021,False
2026-07-03T05:31:21.321081+00:00,decision_debug,BNB/USDT,SHORT,NO TRADE,0.0,68.0,E,BULLISH,9.0,3.0,12.0,18.0,6.0,OK,2026-07-03T04:00:00+00:00,560.8,-0.1427,False,-0.1248,False,-0.3923,False,-1.0877,False
2026-07-03T05:31:22.671931+00:00,decision_debug,XRP/USDT,SHORT,NO TRADE,0.0,68.0,E,BULLISH,9.0,3.0,12.0,18.0,6.0,OK,2026-07-03T04:00:00+00:00,1.0927,-0.7596,False,-0.9152,False,-0.7687,False,-1.6931,False
2026-07-03T05:31:26.746878+00:00,decision_debug,DOGE/USDT,SHORT,NO TRADE,0.0,74.0,E,BULLISH,14.0,3.0,14.0,22.0,8.0,OK,2026-07-03T04:00:00+00:00,0.07451,-0.9261,False,-1.0737,False,-0.6711,False,-2.8453,False
2026-07-03T05:36:30.102284+00:00,decision_debug,BTC/USDT,SHORT,NO TRADE,0.0,68.0,E,BULLISH,9.0,3.0,12.0,18.0,6.0,OK,2026-07-03T04:00:00+00:00,61438.9,-0.4344,False,-0.5184,False,-0.4505,False,-1.1021,False
2026-07-03T05:36:33.150089+00:00,decision_debug,BNB/USDT,SHORT,NO TRADE,0.0,68.0,E,BULLISH,9.0,3.0,12.0,18.0,6.0,OK,2026-07-03T04:00:00+00:00,560.8,-0.1427,False,-0.1248,False,-0.3923,False,-1.0877,False
2026-07-03T05:36:34.129126+00:00,decision_debug,XRP/USDT,SHORT,NO TRADE,0.0,77.0,E,BULLISH,9.0,7.0,13.0,22.0,9.0,OK,2026-07-03T04:00:00+00:00,1.0927,-0.7596,False,-0.9152,False,-0.7687,False,-1.6931,False
2026-07-03T05:36:39.495885+00:00,decision_debug,DOGE/USDT,SHORT,NO TRADE,0.0,68.0,E,BULLISH,17.0,4.0,16.0,22.0,6.0,OK,2026-07-03T04:00:00+00:00,0.07451,-0.9261,False,-1.0737,False,-0.6711,False,-2.8453,False
2026-07-03T05:41:43.027848+00:00,decision_debug,BTC/USDT,SHORT,NO TRADE,0.0,68.0,E,BULLISH,9.0,3.0,12.0,18.0,6.0,OK,2026-07-03T04:00:00+00:00,61438.9,-0.4344,False,-0.5184,False,-0.4505,False,-1.1021,False
2026-07-03T05:41:46.647437+00:00,decision_debug,BNB/USDT,SHORT,NO TRADE,0.0,68.0,E,BULLISH,9.0,3.0,12.0,18.0,6.0,OK,2026-07-03T04:00:00+00:00,560.8,-0.1427,False,-0.1248,False,-0.3923,False,-1.0877,False
2026-07-03T05:41:47.562856+00:00,decision_debug,XRP/USDT,SHORT,NO TRADE,0.0,77.0,E,BULLISH,9.0,3.0,13.0,22.0,9.0,OK,2026-07-03T04:00:00+00:00,1.0927,-0.7596,False,-0.9152,False,-0.7687,False,-1.6931,False
2026-07-03T05:41:51.574015+00:00,decision_debug,DOGE/USDT,SHORT,NO TRADE,0.0,59.0,E,BULLISH,17.0,0.0,16.0,19.0,3.0,OK,2026-07-03T04:00:00+00:00,0.07451,-0.9261,False,-1.0737,False,-0.6711,False,-2.8453,False
2026-07-03T05:46:55.028999+00:00,decision_debug,BTC/USDT,SHORT,NO TRADE,0.0,68.0,E,BULLISH,9.0,3.0,12.0,18.0,6.0,OK,2026-07-03T04:00:00+00:00,61438.9,-0.4344,False,-0.5184,False,-0.4505,False,-1.1021,False
2026-07-03T05:46:58.541381+00:00,decision_debug,BNB/USDT,SHORT,NO TRADE,0.0,68.0,E,BULLISH,9.0,3.0,12.0,18.0,6.0,OK,2026-07-03T04:00:00+00:00,560.8,-0.1427,False,-0.1248,False,-0.3923,False,-1.0877,False
2026-07-03T05:47:02.959280+00:00,decision_debug,XRP/USDT,SHORT,NO TRADE,0.0,77.0,E,BULLISH,9.0,3.0,13.0,22.0,9.0,OK,2026-07-03T04:00:00+00:00,1.0927,-0.7596,False,-0.9152,False,-0.7687,False,-1.6931,False
2026-07-03T05:47:06.730231+00:00,decision_debug,DOGE/USDT,SHORT,NO TRADE,0.0,59.0,E,BULLISH,17.0,0.0,16.0,19.0,3.0,OK,2026-07-03T04:00:00+00:00,0.07451,-0.9261,False,-1.0737,False,-0.6711,False,-2.8453,False
2026-07-03T05:52:10.329917+00:00,decision_debug,BTC/USDT,SHORT,NO TRADE,0.0,68.0,E,BULLISH,9.0,3.0,12.0,18.0,6.0,OK,2026-07-03T04:00:00+00:00,61438.9,-0.4344,False,-0.5184,False,-0.4505,False,-1.1021,False
2026-07-03T05:52:14.429071+00:00,decision_debug,BNB/USDT,SHORT,NO TRADE,0.0,68.0,E,BULLISH,9.0,3.0,12.0,18.0,6.0,OK,2026-07-03T04:00:00+00:00,560.8,-0.1427,False,-0.1248,False,-0.3923,False,-1.0877,False
2026-07-03T05:52:15.566528+00:00,decision_debug,XRP/USDT,SHORT,NO TRADE,0.0,77.0,E,BULLISH,9.0,7.0,13.0,22.0,9.0,OK,2026-07-03T04:00:00+00:00,1.0927,-0.7596,False,-0.9152,False,-0.7687,False,-1.6931,False
2026-07-03T05:52:19.887912+00:00,decision_debug,DOGE/USDT,SHORT,NO TRADE,0.0,65.0,E,BULLISH,17.0,0.0,16.0,21.0,5.0,OK,2026-07-03T04:00:00+00:00,0.07451,-0.9261,False,-1.0737,False,-0.6711,False,-2.8453,False
2026-07-03T05:57:23.363467+00:00,decision_debug,BTC/USDT,SHORT,NO TRADE,0.0,68.0,E,BULLISH,9.0,3.0,12.0,18.0,6.0,OK,2026-07-03T04:00:00+00:00,61438.9,-0.4344,False,-0.5184,False,-0.4505,False,-1.1021,False
2026-07-03T05:57:26.311943+00:00,decision_debug,BNB/USDT,SHORT,NO TRADE,0.0,68.0,E,BULLISH,9.0,3.0,12.0,18.0,6.0,OK,2026-07-03T04:00:00+00:00,560.8,-0.1427,False,-0.1248,False,-0.3923,False,-1.0877,False
2026-07-03T05:57:27.213387+00:00,decision_debug,XRP/USDT,SHORT,NO TRADE,0.0,77.0,E,BULLISH,9.0,7.0,13.0,22.0,9.0,OK,2026-07-03T04:00:00+00:00,1.0927,-0.7596,False,-0.9152,False,-0.7687,False,-1.6931,False
2026-07-03T05:57:31.566567+00:00,decision_debug,DOGE/USDT,SHORT,NO TRADE,0.0,65.0,E,BULLISH,17.0,0.0,16.0,21.0,5.0,OK,2026-07-03T04:00:00+00:00,0.07451,-0.9261,False,-1.0737,False,-0.6711,False,-2.8453,False
2026-07-03T06:02:34.975976+00:00,decision_debug,BTC/USDT,SHORT,NO TRADE,0.0,68.0,E,BULLISH,9.0,3.0,12.0,18.0,6.0,OK,2026-07-03T05:00:00+00:00,61697.4,-0.0972,False,0.1807,True,-0.3556,False,-0.9188,False
2026-07-03T06:02:37.660816+00:00,decision_debug,BNB/USDT,SHORT,NO TRADE,0.0,68.0,E,BULLISH,9.0,3.0,12.0,18.0,6.0,OK,2026-07-03T05:00:00+00:00,562.4,0.16,True,0.0533,True,-0.6401,False,-0.6757,False
2026-07-03T06:02:38.550482+00:00,decision_debug,XRP/USDT,SHORT,NO TRADE,0.0,65.0,E,BULLISH,12.0,4.0,15.0,20.0,5.0,OK,2026-07-03T05:00:00+00:00,1.1,-0.2455,False,-0.0273,False,-0.8273,False,-1.2455,False
2026-07-03T06:02:43.105568+00:00,decision_debug,DOGE/USDT,SHORT,NO TRADE,0.0,59.0,E,BULLISH,17.0,0.0,16.0,19.0,3.0,OK,2026-07-03T05:00:00+00:00,0.07506,-0.3331,False,0.1998,True,-0.453,False,-2.0917,False
2026-07-03T06:07:47.016980+00:00,decision_debug,BTC/USDT,SHORT,NO TRADE,0.0,68.0,E,BULLISH,9.0,3.0,12.0,18.0,6.0,OK,2026-07-03T05:00:00+00:00,61697.4,-0.0972,False,0.1807,True,-0.3556,False,-0.9188,False
2026-07-03T06:07:50.260173+00:00,decision_debug,BNB/USDT,SHORT,NO TRADE,0.0,62.0,E,BULLISH,12.0,0.0,15.0,19.0,4.0,OK,2026-07-03T05:00:00+00:00,562.4,0.16,True,0.0533,True,-0.6401,False,-0.6757,False
2026-07-03T06:07:51.079306+00:00,decision_debug,XRP/USDT,SHORT,NO TRADE,0.0,65.0,E,BULLISH,12.0,4.0,15.0,20.0,5.0,OK,2026-07-03T05:00:00+00:00,1.1,-0.2455,False,-0.0273,False,-0.8273,False,-1.2455,False
2026-07-03T06:07:55.024153+00:00,decision_debug,DOGE/USDT,SHORT,NO TRADE,0.0,68.0,E,BULLISH,17.0,4.0,16.0,22.0,6.0,OK,2026-07-03T05:00:00+00:00,0.07506,-0.3331,False,0.1998,True,-0.453,False,-2.0917,False
2026-07-03T06:12:58.258553+00:00,decision_debug,BTC/USDT,SHORT,NO TRADE,0.0,68.0,E,BULLISH,9.0,3.0,12.0,18.0,6.0,OK,2026-07-03T05:00:00+00:00,61697.4,-0.0972,False,0.1807,True,-0.3556,False,-0.9188,False
2026-07-03T06:13:00.949399+00:00,decision_debug,BNB/USDT,SHORT,NO TRADE,0.0,56.0,E,BULLISH,12.0,0.0,14.0,16.0,2.0,OK,2026-07-03T05:00:00+00:00,562.4,0.16,True,0.0533,True,-0.6401,False,-0.6757,False
2026-07-03T06:13:01.838611+00:00,decision_debug,XRP/USDT,SHORT,NO TRADE,0.0,65.0,E,BULLISH,12.0,4.0,15.0,20.0,5.0,OK,2026-07-03T05:00:00+00:00,1.1,-0.2455,False,-0.0273,False,-0.8273,False,-1.2455,False
2026-07-03T06:13:07.642357+00:00,decision_debug,DOGE/USDT,SHORT,NO TRADE,0.0,68.0,E,BULLISH,17.0,4.0,16.0,22.0,6.0,OK,2026-07-03T05:00:00+00:00,0.07506,-0.3331,False,0.1998,True,-0.453,False,-2.0917,False
2026-07-03T06:18:10.883510+00:00,decision_debug,BTC/USDT,SHORT,NO TRADE,0.0,68.0,E,BULLISH,9.0,3.0,12.0,18.0,6.0,OK,2026-07-03T05:00:00+00:00,61697.4,-0.0972,False,0.1807,True,-0.3556,False,-0.9188,False
2026-07-03T06:18:13.773982+00:00,decision_debug,BNB/USDT,SHORT,NO TRADE,0.0,56.0,E,BULLISH,12.0,0.0,14.0,16.0,2.0,OK,2026-07-03T05:00:00+00:00,562.4,0.16,True,0.0533,True,-0.6401,False,-0.6757,False
2026-07-03T06:18:14.722295+00:00,decision_debug,XRP/USDT,SHORT,NO TRADE,0.0,71.0,E,BULLISH,12.0,8.0,15.0,22.0,7.0,OK,2026-07-03T05:00:00+00:00,1.1,-0.2455,False,-0.0273,False,-0.8273,False,-1.2455,False
2026-07-03T06:18:21.071651+00:00,decision_debug,DOGE/USDT,SHORT,NO TRADE,0.0,68.0,E,BULLISH,17.0,4.0,16.0,22.0,6.0,OK,2026-07-03T05:00:00+00:00,0.07506,-0.3331,False,0.1998,True,-0.453,False,-2.0917,False
2026-07-03T06:23:23.884778+00:00,decision_debug,BTC/USDT,SHORT,NO TRADE,0.0,68.0,E,BULLISH,9.0,3.0,12.0,18.0,6.0,OK,2026-07-03T05:00:00+00:00,61697.4,-0.0972,False,0.1807,True,-0.3556,False,-0.9188,False
2026-07-03T06:23:26.687805+00:00,decision_debug,BNB/USDT,SHORT,NO TRADE,0.0,68.0,E,BULLISH,9.0,3.0,12.0,18.0,6.0,OK,2026-07-03T05:00:00+00:00,562.4,0.16,True,0.0533,True,-0.6401,False,-0.6757,False
2026-07-03T06:23:27.908171+00:00,decision_debug,XRP/USDT,SHORT,NO TRADE,0.0,68.0,E,BULLISH,12.0,8.0,15.0,21.0,6.0,OK,2026-07-03T05:00:00+00:00,1.1,-0.2455,False,-0.0273,False,-0.8273,False,-1.2455,False
2026-07-03T06:23:31.462640+00:00,decision_debug,DOGE/USDT,SHORT,NO TRADE,0.0,59.0,E,BULLISH,17.0,0.0,16.0,19.0,3.0,OK,2026-07-03T05:00:00+00:00,0.07506,-0.3331,False,0.1998,True,-0.453,False,-2.0917,False
2026-07-03T06:28:34.562945+00:00,decision_debug,BTC/USDT,SHORT,NO TRADE,0.0,68.0,E,BULLISH,9.0,3.0,12.0,18.0,6.0,OK,2026-07-03T05:00:00+00:00,61697.4,-0.0972,False,0.1807,True,-0.3556,False,-0.9188,False
2026-07-03T06:28:37.892566+00:00,decision_debug,BNB/USDT,SHORT,NO TRADE,0.0,68.0,E,BULLISH,9.0,3.0,12.0,18.0,6.0,OK,2026-07-03T05:00:00+00:00,562.4,0.16,True,0.0533,True,-0.6401,False,-0.6757,False
2026-07-03T06:28:38.841633+00:00,decision_debug,XRP/USDT,SHORT,NO TRADE,0.0,68.0,E,BULLISH,12.0,8.0,15.0,21.0,6.0,OK,2026-07-03T05:00:00+00:00,1.1,-0.2455,False,-0.0273,False,-0.8273,False,-1.2455,False
2026-07-03T06:28:44.807209+00:00,decision_debug,DOGE/USDT,SHORT,NO TRADE,0.0,59.0,E,BULLISH,17.0,0.0,16.0,19.0,3.0,OK,2026-07-03T05:00:00+00:00,0.07506,-0.3331,False,0.1998,True,-0.453,False,-2.0917,False
2026-07-03T06:33:48.683207+00:00,decision_debug,BTC/USDT,SHORT,NO TRADE,0.0,68.0,E,BULLISH,9.0,3.0,12.0,18.0,6.0,OK,2026-07-03T05:00:00+00:00,61697.4,-0.0972,False,0.1807,True,-0.3556,False,-0.9188,False
2026-07-03T06:33:53.774325+00:00,decision_debug,BNB/USDT,SHORT,NO TRADE,0.0,56.0,E,BULLISH,12.0,0.0,14.0,16.0,2.0,OK,2026-07-03T05:00:00+00:00,562.4,0.16,True,0.0533,True,-0.6401,False,-0.6757,False
2026-07-03T06:33:55.350465+00:00,decision_debug,XRP/USDT,SHORT,NO TRADE,0.0,68.0,E,BULLISH,12.0,8.0,15.0,21.0,6.0,OK,2026-07-03T05:00:00+00:00,1.1,-0.2455,False,-0.0273,False,-0.8273,False,-1.2455,False
2026-07-03T06:34:00.559775+00:00,decision_debug,DOGE/USDT,SHORT,NO TRADE,0.0,68.0,E,BULLISH,17.0,4.0,16.0,22.0,6.0,OK,2026-07-03T05:00:00+00:00,0.07506,-0.3331,False,0.1998,True,-0.453,False,-2.0917,False
2026-07-03T06:39:03.966354+00:00,decision_debug,BTC/USDT,SHORT,NO TRADE,0.0,68.0,E,BULLISH,9.0,3.0,12.0,18.0,6.0,OK,2026-07-03T05:00:00+00:00,61697.4,-0.0972,False,0.1807,True,-0.3556,False,-0.9188,False
2026-07-03T06:39:07.719234+00:00,decision_debug,BNB/USDT,SHORT,NO TRADE,0.0,68.0,E,BULLISH,9.0,3.0,12.0,18.0,6.0,OK,2026-07-03T05:00:00+00:00,562.4,0.16,True,0.0533,True,-0.6401,False,-0.6757,False
2026-07-03T06:39:08.720365+00:00,decision_debug,XRP/USDT,SHORT,NO TRADE,0.0,65.0,E,BULLISH,12.0,4.0,15.0,20.0,5.0,OK,2026-07-03T05:00:00+00:00,1.1,-0.2455,False,-0.0273,False,-0.8273,False,-1.2455,False
2026-07-03T06:39:13.836144+00:00,decision_debug,DOGE/USDT,SHORT,NO TRADE,0.0,59.0,E,BULLISH,17.0,0.0,16.0,19.0,3.0,OK,2026-07-03T05:00:00+00:00,0.07506,-0.3331,False,0.1998,True,-0.453,False,-2.0917,False
2026-07-03T06:44:17.385341+00:00,decision_debug,BTC/USDT,SHORT,NO TRADE,0.0,68.0,E,BULLISH,9.0,3.0,12.0,18.0,6.0,OK,2026-07-03T05:00:00+00:00,61697.4,-0.0972,False,0.1807,True,-0.3556,False,-0.9188,False
2026-07-03T06:44:20.952952+00:00,decision_debug,BNB/USDT,SHORT,NO TRADE,0.0,62.0,E,BULLISH,9.0,3.0,12.0,16.0,4.0,OK,2026-07-03T05:00:00+00:00,562.4,0.16,True,0.0533,True,-0.6401,False,-0.6757,False
2026-07-03T06:44:21.874696+00:00,decision_debug,XRP/USDT,SHORT,NO TRADE,0.0,65.0,E,BULLISH,12.0,4.0,15.0,20.0,5.0,OK,2026-07-03T05:00:00+00:00,1.1,-0.2455,False,-0.0273,False,-0.8273,False,-1.2455,False
2026-07-03T06:44:26.034942+00:00,decision_debug,DOGE/USDT,SHORT,NO TRADE,0.0,59.0,E,BULLISH,17.0,0.0,16.0,19.0,3.0,OK,2026-07-03T05:00:00+00:00,0.07506,-0.3331,False,0.1998,True,-0.453,False,-2.0917,False
2026-07-03T06:49:29.254507+00:00,decision_debug,BTC/USDT,SHORT,NO TRADE,0.0,68.0,E,BULLISH,9.0,3.0,12.0,18.0,6.0,OK,2026-07-03T05:00:00+00:00,61697.4,-0.0972,False,0.1807,True,-0.3556,False,-0.9188,False
2026-07-03T06:49:31.978763+00:00,decision_debug,BNB/USDT,SHORT,NO TRADE,0.0,68.0,E,BULLISH,9.0,3.0,12.0,18.0,6.0,OK,2026-07-03T05:00:00+00:00,562.4,0.16,True,0.0533,True,-0.6401,False,-0.6757,False
2026-07-03T06:49:32.877539+00:00,decision_debug,XRP/USDT,SHORT,NO TRADE,0.0,65.0,E,BULLISH,12.0,4.0,15.0,20.0,5.0,OK,2026-07-03T05:00:00+00:00,1.1,-0.2455,False,-0.0273,False,-0.8273,False,-1.2455,False
2026-07-03T06:49:37.588507+00:00,decision_debug,DOGE/USDT,SHORT,NO TRADE,0.0,65.0,E,BULLISH,17.0,0.0,16.0,21.0,5.0,OK,2026-07-03T05:00:00+00:00,0.07506,-0.3331,False,0.1998,True,-0.453,False,-2.0917,False
2026-07-03T06:54:40.930722+00:00,decision_debug,BTC/USDT,SHORT,NO TRADE,0.0,68.0,E,BULLISH,9.0,3.0,12.0,18.0,6.0,OK,2026-07-03T05:00:00+00:00,61697.4,-0.0972,False,0.1807,True,-0.3556,False,-0.9188,False
2026-07-03T06:54:44.092134+00:00,decision_debug,BNB/USDT,SHORT,NO TRADE,0.0,68.0,E,BULLISH,9.0,3.0,12.0,18.0,6.0,OK,2026-07-03T05:00:00+00:00,562.4,0.16,True,0.0533,True,-0.6401,False,-0.6757,False
2026-07-03T06:54:45.012277+00:00,decision_debug,XRP/USDT,SHORT,NO TRADE,0.0,65.0,E,BULLISH,12.0,4.0,15.0,20.0,5.0,OK,2026-07-03T05:00:00+00:00,1.1,-0.2455,False,-0.0273,False,-0.8273,False,-1.2455,False
2026-07-03T06:54:48.829209+00:00,decision_debug,DOGE/USDT,SHORT,NO TRADE,0.0,68.0,E,BULLISH,17.0,4.0,16.0,22.0,6.0,OK,2026-07-03T05:00:00+00:00,0.07506,-0.3331,False,0.1998,True,-0.453,False,-2.0917,False
2026-07-03T06:59:52.525750+00:00,decision_debug,BTC/USDT,SHORT,NO TRADE,0.0,68.0,E,BULLISH,9.0,3.0,12.0,18.0,6.0,OK,2026-07-03T05:00:00+00:00,61697.4,-0.0972,False,0.1807,True,-0.3556,False,-0.9188,False
2026-07-03T06:59:56.149419+00:00,decision_debug,BNB/USDT,SHORT,NO TRADE,0.0,68.0,E,BULLISH,9.0,3.0,12.0,18.0,6.0,OK,2026-07-03T05:00:00+00:00,562.4,0.16,True,0.0533,True,-0.6401,False,-0.6757,False
2026-07-03T06:59:57.101067+00:00,decision_debug,XRP/USDT,SHORT,NO TRADE,0.0,65.0,E,BULLISH,12.0,4.0,15.0,20.0,5.0,OK,2026-07-03T05:00:00+00:00,1.1,-0.2455,False,-0.0273,False,-0.8273,False,-1.2455,False
2026-07-03T07:00:01.123575+00:00,decision_debug,DOGE/USDT,SHORT,NO TRADE,0.0,65.0,E,BULLISH,17.0,0.0,16.0,21.0,5.0,OK,2026-07-03T06:00:00+00:00,0.0752,0.3856,True,0.2527,True,-0.984,False,0.0,False
2026-07-03T07:05:04.580687+00:00,decision_debug,BTC/USDT,SHORT,NO TRADE,0.0,68.0,E,BULLISH,9.0,3.0,12.0,18.0,6.0,OK,2026-07-03T06:00:00+00:00,61705.8,0.1943,True,-0.016,False,-0.5132,False,0.0,False
2026-07-03T07:05:07.562990+00:00,decision_debug,BNB/USDT,SHORT,NO TRADE,0.0,62.0,E,BULLISH,9.0,3.0,12.0,16.0,4.0,OK,2026-07-03T06:00:00+00:00,561.6,-0.089,False,-0.2493,False,-0.9081,False,0.0,False
2026-07-03T07:05:08.386630+00:00,decision_debug,XRP/USDT,SHORT,NO TRADE,0.0,56.0,E,BULLISH,12.0,0.0,14.0,16.0,2.0,OK,2026-07-03T06:00:00+00:00,1.101,0.0636,True,-0.0091,False,-0.8265,False,0.0,False
2026-07-03T07:05:12.789932+00:00,decision_debug,DOGE/USDT,SHORT,NO TRADE,0.0,59.0,E,BULLISH,17.0,0.0,16.0,19.0,3.0,OK,2026-07-03T06:00:00+00:00,0.0752,0.3856,True,0.2527,True,-0.984,False,0.0,False
2026-07-03T07:10:16.050154+00:00,decision_debug,BTC/USDT,SHORT,NO TRADE,0.0,68.0,E,BULLISH,9.0,3.0,12.0,18.0,6.0,OK,2026-07-03T06:00:00+00:00,61705.8,0.1943,True,-0.016,False,-0.5132,False,0.0,False
2026-07-03T07:10:20.615957+00:00,decision_debug,BNB/USDT,SHORT,NO TRADE,0.0,62.0,E,BULLISH,9.0,3.0,12.0,16.0,4.0,OK,2026-07-03T06:00:00+00:00,561.6,-0.089,False,-0.2493,False,-0.9081,False,0.0,False
2026-07-03T07:10:21.736428+00:00,decision_debug,XRP/USDT,SHORT,NO TRADE,0.0,56.0,E,BULLISH,12.0,0.0,14.0,16.0,2.0,OK,2026-07-03T06:00:00+00:00,1.101,0.0636,True,-0.0091,False,-0.8265,False,0.0,False
2026-07-03T07:10:26.445900+00:00,decision_debug,DOGE/USDT,SHORT,NO TRADE,0.0,59.0,E,BULLISH,17.0,0.0,16.0,19.0,3.0,OK,2026-07-03T06:00:00+00:00,0.0752,0.3856,True,0.2527,True,-0.984,False,0.0,False
2026-07-03T07:15:29.607937+00:00,decision_debug,BTC/USDT,SHORT,NO TRADE,0.0,68.0,E,BULLISH,9.0,3.0,12.0,18.0,6.0,OK,2026-07-03T06:00:00+00:00,61705.8,0.1943,True,-0.016,False,-0.5132,False,0.0,False
2026-07-03T07:15:33.715004+00:00,decision_debug,BNB/USDT,SHORT,NO TRADE,0.0,68.0,E,BULLISH,9.0,3.0,12.0,18.0,6.0,OK,2026-07-03T06:00:00+00:00,561.6,-0.089,False,-0.2493,False,-0.9081,False,0.0,False
2026-07-03T07:15:34.738294+00:00,decision_debug,XRP/USDT,SHORT,NO TRADE,0.0,56.0,E,BULLISH,12.0,0.0,14.0,16.0,2.0,OK,2026-07-03T06:00:00+00:00,1.101,0.0636,True,-0.0091,False,-0.8265,False,0.0,False
2026-07-03T07:15:38.487318+00:00,decision_debug,DOGE/USDT,SHORT,NO TRADE,0.0,59.0,E,BULLISH,17.0,0.0,16.0,19.0,3.0,OK,2026-07-03T06:00:00+00:00,0.0752,0.3856,True,0.2527,True,-0.984,False,0.0,False
2026-07-03T07:20:43.096862+00:00,decision_debug,BTC/USDT,SHORT,NO TRADE,0.0,68.0,E,BULLISH,9.0,3.0,12.0,18.0,6.0,OK,2026-07-03T06:00:00+00:00,61705.8,0.1943,True,-0.016,False,-0.5132,False,0.0,False
2026-07-03T07:20:46.129292+00:00,decision_debug,BNB/USDT,SHORT,NO TRADE,0.0,68.0,E,BULLISH,9.0,3.0,12.0,18.0,6.0,OK,2026-07-03T06:00:00+00:00,561.6,-0.089,False,-0.2493,False,-0.9081,False,0.0,False
2026-07-03T07:20:47.221825+00:00,decision_debug,XRP/USDT,SHORT,NO TRADE,0.0,56.0,E,BULLISH,12.0,0.0,14.0,16.0,2.0,OK,2026-07-03T06:00:00+00:00,1.101,0.0636,True,-0.0091,False,-0.8265,False,0.0,False
2026-07-03T07:20:51.369685+00:00,decision_debug,DOGE/USDT,SHORT,NO TRADE,0.0,68.0,E,BULLISH,17.0,4.0,16.0,22.0,6.0,OK,2026-07-03T06:00:00+00:00,0.0752,0.3856,True,0.2527,True,-0.984,False,0.0,False
2026-07-03T07:25:54.562135+00:00,decision_debug,BTC/USDT,SHORT,NO TRADE,0.0,68.0,E,BULLISH,9.0,3.0,12.0,18.0,6.0,OK,2026-07-03T06:00:00+00:00,61705.8,0.1943,True,-0.016,False,-0.5132,False,0.0,False
2026-07-03T07:25:57.887245+00:00,decision_debug,BNB/USDT,SHORT,NO TRADE,0.0,68.0,E,BULLISH,9.0,3.0,12.0,18.0,6.0,OK,2026-07-03T06:00:00+00:00,561.6,-0.089,False,-0.2493,False,-0.9081,False,0.0,False
2026-07-03T07:25:59.216348+00:00,decision_debug,XRP/USDT,SHORT,NO TRADE,0.0,56.0,E,BULLISH,12.0,4.0,14.0,16.0,2.0,OK,2026-07-03T06:00:00+00:00,1.101,0.0636,True,-0.0091,False,-0.8265,False,0.0,False
2026-07-03T07:26:04.192477+00:00,decision_debug,DOGE/USDT,SHORT,NO TRADE,0.0,68.0,E,BULLISH,17.0,4.0,16.0,22.0,6.0,OK,2026-07-03T06:00:00+00:00,0.0752,0.3856,True,0.2527,True,-0.984,False,0.0,False
2026-07-03T07:31:07.517819+00:00,decision_debug,BTC/USDT,SHORT,NO TRADE,0.0,68.0,E,BULLISH,9.0,3.0,12.0,18.0,6.0,OK,2026-07-03T06:00:00+00:00,61705.8,0.1943,True,-0.016,False,-0.5132,False,0.0,False
2026-07-03T07:31:10.902991+00:00,decision_debug,BNB/USDT,SHORT,NO TRADE,0.0,68.0,E,BULLISH,9.0,3.0,12.0,18.0,6.0,OK,2026-07-03T06:00:00+00:00,561.6,-0.089,False,-0.2493,False,-0.9081,False,0.0,False
2026-07-03T07:31:12.769302+00:00,decision_debug,XRP/USDT,SHORT,NO TRADE,0.0,65.0,E,BULLISH,12.0,4.0,15.0,20.0,5.0,OK,2026-07-03T06:00:00+00:00,1.101,0.0636,True,-0.0091,False,-0.8265,False,0.0,False
2026-07-03T07:31:18.002285+00:00,decision_debug,DOGE/USDT,SHORT,NO TRADE,0.0,68.0,E,BULLISH,17.0,4.0,16.0,22.0,6.0,OK,2026-07-03T06:00:00+00:00,0.0752,0.3856,True,0.2527,True,-0.984,False,0.0,False
2026-07-03T07:36:21.652294+00:00,decision_debug,BTC/USDT,SHORT,NO TRADE,0.0,68.0,E,BULLISH,9.0,3.0,12.0,18.0,6.0,OK,2026-07-03T06:00:00+00:00,61705.8,0.1943,True,-0.016,False,-0.5132,False,0.0,False
2026-07-03T07:36:26.158379+00:00,decision_debug,BNB/USDT,SHORT,NO TRADE,0.0,68.0,E,BULLISH,9.0,3.0,12.0,18.0,6.0,OK,2026-07-03T06:00:00+00:00,561.6,-0.089,False,-0.2493,False,-0.9081,False,0.0,False
2026-07-03T07:36:27.453091+00:00,decision_debug,XRP/USDT,SHORT,NO TRADE,0.0,65.0,E,BULLISH,12.0,4.0,15.0,20.0,5.0,OK,2026-07-03T06:00:00+00:00,1.101,0.0636,True,-0.0091,False,-0.8265,False,0.0,False
2026-07-03T07:36:31.920760+00:00,decision_debug,DOGE/USDT,SHORT,NO TRADE,0.0,68.0,E,BULLISH,17.0,4.0,16.0,22.0,6.0,OK,2026-07-03T06:00:00+00:00,0.0752,0.3856,True,0.2527,True,-0.984,False,0.0,False
2026-07-03T07:41:34.242959+00:00,decision_debug,BTC/USDT,SHORT,NO TRADE,0.0,68.0,E,BULLISH,9.0,3.0,12.0,18.0,6.0,OK,2026-07-03T06:00:00+00:00,61705.8,0.1943,True,-0.016,False,-0.5132,False,0.0,False
2026-07-03T07:41:38.243030+00:00,decision_debug,BNB/USDT,SHORT,NO TRADE,0.0,68.0,E,BULLISH,9.0,3.0,12.0,18.0,6.0,OK,2026-07-03T06:00:00+00:00,561.6,-0.089,False,-0.2493,False,-0.9081,False,0.0,False
2026-07-03T07:41:39.161208+00:00,decision_debug,XRP/USDT,SHORT,NO TRADE,0.0,65.0,E,BULLISH,12.0,4.0,15.0,20.0,5.0,OK,2026-07-03T06:00:00+00:00,1.101,0.0636,True,-0.0091,False,-0.8265,False,0.0,False
2026-07-03T07:41:44.382447+00:00,decision_debug,DOGE/USDT,SHORT,NO TRADE,0.0,68.0,E,BULLISH,17.0,4.0,16.0,22.0,6.0,OK,2026-07-03T06:00:00+00:00,0.0752,0.3856,True,0.2527,True,-0.984,False,0.0,False
2026-07-03T07:46:48.388103+00:00,decision_debug,BTC/USDT,SHORT,NO TRADE,0.0,77.0,E,BULLISH,9.0,3.0,13.0,22.0,9.0,OK,2026-07-03T06:00:00+00:00,61705.8,0.1943,True,-0.016,False,-0.5132,False,0.0,False
2026-07-03T07:46:51.663798+00:00,decision_debug,BNB/USDT,SHORT,NO TRADE,0.0,68.0,E,BULLISH,9.0,3.0,12.0,18.0,6.0,OK,2026-07-03T06:00:00+00:00,561.6,-0.089,False,-0.2493,False,-0.9081,False,0.0,False
2026-07-03T07:46:53.100732+00:00,decision_debug,XRP/USDT,SHORT,NO TRADE,0.0,65.0,E,BULLISH,12.0,4.0,15.0,20.0,5.0,OK,2026-07-03T06:00:00+00:00,1.101,0.0636,True,-0.0091,False,-0.8265,False,0.0,False
2026-07-03T07:46:57.682459+00:00,decision_debug,DOGE/USDT,SHORT,NO TRADE,0.0,68.0,E,BULLISH,17.0,4.0,16.0,22.0,6.0,OK,2026-07-03T06:00:00+00:00,0.0752,0.3856,True,0.2527,True,-0.984,False,0.0,False
2026-07-03T07:52:01.541862+00:00,decision_debug,BTC/USDT,SHORT,NO TRADE,0.0,68.0,E,BULLISH,9.0,3.0,12.0,18.0,6.0,OK,2026-07-03T06:00:00+00:00,61705.8,0.1943,True,-0.016,False,-0.5132,False,0.0,False
2026-07-03T07:52:05.263903+00:00,decision_debug,BNB/USDT,SHORT,NO TRADE,0.0,68.0,E,BULLISH,9.0,3.0,12.0,18.0,6.0,OK,2026-07-03T06:00:00+00:00,561.6,-0.089,False,-0.2493,False,-0.9081,False,0.0,False
2026-07-03T07:52:06.358031+00:00,decision_debug,XRP/USDT,SHORT,NO TRADE,0.0,68.0,E,BULLISH,12.0,8.0,15.0,21.0,6.0,OK,2026-07-03T06:00:00+00:00,1.101,0.0636,True,-0.0091,False,-0.8265,False,0.0,False
2026-07-03T07:52:10.752019+00:00,decision_debug,DOGE/USDT,SHORT,NO TRADE,0.0,68.0,E,BULLISH,17.0,4.0,16.0,22.0,6.0,OK,2026-07-03T06:00:00+00:00,0.0752,0.3856,True,0.2527,True,-0.984,False,0.0,False
2026-07-03T07:57:14.092125+00:00,decision_debug,BTC/USDT,SHORT,NO TRADE,0.0,68.0,E,BULLISH,9.0,3.0,12.0,18.0,6.0,OK,2026-07-03T06:00:00+00:00,61705.8,0.1943,True,-0.016,False,-0.5132,False,0.0,False
2026-07-03T07:57:16.888994+00:00,decision_debug,BNB/USDT,SHORT,NO TRADE,0.0,68.0,E,BULLISH,9.0,3.0,12.0,18.0,6.0,OK,2026-07-03T06:00:00+00:00,561.6,-0.089,False,-0.2493,False,-0.9081,False,0.0,False
2026-07-03T07:57:17.935923+00:00,decision_debug,XRP/USDT,SHORT,NO TRADE,0.0,65.0,E,BULLISH,12.0,4.0,15.0,20.0,5.0,OK,2026-07-03T06:00:00+00:00,1.101,0.0636,True,-0.0091,False,-0.8265,False,0.0,False
2026-07-03T07:57:22.199044+00:00,decision_debug,DOGE/USDT,SHORT,NO TRADE,0.0,68.0,E,BULLISH,17.0,4.0,16.0,22.0,6.0,OK,2026-07-03T06:00:00+00:00,0.0752,0.3856,True,0.2527,True,-0.984,False,0.0,False
2026-07-03T08:02:25.566334+00:00,decision_debug,BTC/USDT,SHORT,NO TRADE,0.0,68.0,E,BULLISH,9.0,3.0,12.0,18.0,6.0,OK,2026-07-03T07:00:00+00:00,61757.4,0.0675,True,-0.2581,False,-0.3656,False,0.0,False
2026-07-03T08:02:28.563224+00:00,decision_debug,BNB/USDT,SHORT,NO TRADE,0.0,68.0,E,BULLISH,9.0,3.0,12.0,18.0,6.0,OK,2026-07-03T07:00:00+00:00,561.5,-0.2671,False,-0.8014,False,-0.6055,False,0.0,False
2026-07-03T08:02:33.667301+00:00,decision_debug,DOGE/USDT,SHORT,NO TRADE,0.0,68.0,E,BULLISH,17.0,4.0,16.0,22.0,6.0,OK,2026-07-03T07:00:00+00:00,0.07531,0.3984,True,-0.1195,False,-0.956,False,0.0,False
2026-07-03T08:07:37.077736+00:00,decision_debug,BTC/USDT,SHORT,NO TRADE,0.0,68.0,E,BULLISH,9.0,3.0,12.0,18.0,6.0,OK,2026-07-03T07:00:00+00:00,61757.4,0.0675,True,-0.2581,False,-0.3656,False,0.0,False
2026-07-03T08:07:40.411398+00:00,decision_debug,BNB/USDT,SHORT,NO TRADE,0.0,68.0,E,BULLISH,9.0,3.0,12.0,18.0,6.0,OK,2026-07-03T07:00:00+00:00,561.5,-0.2671,False,-0.8014,False,-0.6055,False,0.0,False
2026-07-03T08:07:47.067820+00:00,decision_debug,DOGE/USDT,SHORT,NO TRADE,0.0,68.0,E,BULLISH,17.0,4.0,16.0,22.0,6.0,OK,2026-07-03T07:00:00+00:00,0.07531,0.3984,True,-0.1195,False,-0.956,False,0.0,False
2026-07-03T08:12:56.082097+00:00,decision_debug,BTC/USDT,SHORT,NO TRADE,0.0,68.0,E,BULLISH,9.0,3.0,12.0,18.0,6.0,OK,2026-07-03T07:00:00+00:00,61757.4,0.0675,True,-0.2581,False,-0.3656,False,0.0,False
2026-07-03T08:13:03.777460+00:00,decision_debug,BNB/USDT,SHORT,NO TRADE,0.0,68.0,E,BULLISH,9.0,3.0,12.0,18.0,6.0,OK,2026-07-03T07:00:00+00:00,561.5,-0.2671,False,-0.8014,False,-0.6055,False,0.0,False
2026-07-03T08:13:37.867780+00:00,decision_debug,DOGE/USDT,SHORT,NO TRADE,0.0,65.0,E,BULLISH,17.0,0.0,16.0,21.0,5.0,OK,2026-07-03T07:00:00+00:00,0.07531,0.3984,True,-0.1195,False,-0.956,False,0.0,False
2026-07-03T08:18:41.782173+00:00,decision_debug,BTC/USDT,SHORT,NO TRADE,0.0,68.0,E,BULLISH,9.0,3.0,12.0,18.0,6.0,OK,2026-07-03T07:00:00+00:00,61757.4,0.0675,True,-0.2581,False,-0.3656,False,0.0,False
2026-07-03T08:18:45.002903+00:00,decision_debug,BNB/USDT,SHORT,NO TRADE,0.0,68.0,E,BULLISH,9.0,3.0,12.0,18.0,6.0,OK,2026-07-03T07:00:00+00:00,561.5,-0.2671,False,-0.8014,False,-0.6055,False,0.0,False
2026-07-03T08:18:52.241429+00:00,decision_debug,DOGE/USDT,SHORT,NO TRADE,0.0,59.0,E,BULLISH,17.0,0.0,16.0,19.0,3.0,OK,2026-07-03T07:00:00+00:00,0.07531,0.3984,True,-0.1195,False,-0.956,False,0.0,False
2026-07-03T08:23:54.804963+00:00,decision_debug,BTC/USDT,SHORT,NO TRADE,0.0,68.0,E,BULLISH,9.0,3.0,12.0,18.0,6.0,OK,2026-07-03T07:00:00+00:00,61757.4,0.0675,True,-0.2581,False,-0.3656,False,0.0,False
2026-07-03T08:23:58.609314+00:00,decision_debug,BNB/USDT,SHORT,NO TRADE,0.0,68.0,E,BULLISH,9.0,3.0,12.0,18.0,6.0,OK,2026-07-03T07:00:00+00:00,561.5,-0.2671,False,-0.8014,False,-0.6055,False,0.0,False
2026-07-03T08:24:06.579850+00:00,decision_debug,DOGE/USDT,SHORT,NO TRADE,0.0,59.0,E,BULLISH,17.0,0.0,16.0,19.0,3.0,OK,2026-07-03T07:00:00+00:00,0.07531,0.3984,True,-0.1195,False,-0.956,False,0.0,False
2026-07-03T08:29:09.517686+00:00,decision_debug,BTC/USDT,SHORT,NO TRADE,0.0,68.0,E,BULLISH,9.0,3.0,12.0,18.0,6.0,OK,2026-07-03T07:00:00+00:00,61757.4,0.0675,True,-0.2581,False,-0.3656,False,0.0,False
2026-07-03T08:29:14.201289+00:00,decision_debug,BNB/USDT,SHORT,NO TRADE,0.0,68.0,E,BULLISH,9.0,3.0,12.0,18.0,6.0,OK,2026-07-03T07:00:00+00:00,561.5,-0.2671,False,-0.8014,False,-0.6055,False,0.0,False
2026-07-03T08:29:20.151721+00:00,decision_debug,DOGE/USDT,SHORT,NO TRADE,0.0,65.0,E,BULLISH,17.0,0.0,16.0,21.0,5.0,OK,2026-07-03T07:00:00+00:00,0.07531,0.3984,True,-0.1195,False,-0.956,False,0.0,False
2026-07-03T08:34:22.757063+00:00,decision_debug,BTC/USDT,SHORT,NO TRADE,0.0,68.0,E,BULLISH,9.0,3.0,12.0,18.0,6.0,OK,2026-07-03T07:00:00+00:00,61757.4,0.0675,True,-0.2581,False,-0.3656,False,0.0,False
2026-07-03T08:34:26.701654+00:00,decision_debug,BNB/USDT,SHORT,NO TRADE,0.0,68.0,E,BULLISH,9.0,3.0,12.0,18.0,6.0,OK,2026-07-03T07:00:00+00:00,561.5,-0.2671,False,-0.8014,False,-0.6055,False,0.0,False
2026-07-03T08:34:31.770166+00:00,decision_debug,DOGE/USDT,SHORT,NO TRADE,0.0,59.0,E,BULLISH,17.0,0.0,16.0,19.0,3.0,OK,2026-07-03T07:00:00+00:00,0.07531,0.3984,True,-0.1195,False,-0.956,False,0.0,False
2026-07-03T08:36:00.678555+00:00,decision_debug,BTC/USDT,SHORT,NO TRADE,0.0,68.0,E,BULLISH,9.0,3.0,12.0,18.0,6.0,OK,2026-07-03T07:00:00+00:00,61757.4,0.0675,True,-0.2581,False,-0.3656,False,0.0,False
2026-07-03T08:36:04.644253+00:00,decision_debug,BNB/USDT,SHORT,NO TRADE,0.0,68.0,E,BULLISH,9.0,3.0,12.0,18.0,6.0,OK,2026-07-03T07:00:00+00:00,561.5,-0.2671,False,-0.8014,False,-0.6055,False,0.0,False
2026-07-03T08:36:14.500240+00:00,decision_debug,DOGE/USDT,SHORT,NO TRADE,0.0,59.0,E,BULLISH,17.0,0.0,16.0,19.0,3.0,OK,2026-07-03T07:00:00+00:00,0.07531,0.3984,True,-0.1195,False,-0.956,False,0.0,False
2026-07-03T08:41:17.268377+00:00,decision_debug,BTC/USDT,SHORT,NO TRADE,0.0,68.0,E,BULLISH,9.0,3.0,12.0,18.0,6.0,OK,2026-07-03T07:00:00+00:00,61757.4,0.0675,True,-0.2581,False,-0.3656,False,0.0,False
2026-07-03T08:41:19.909791+00:00,decision_debug,BNB/USDT,SHORT,NO TRADE,0.0,68.0,E,BULLISH,9.0,3.0,12.0,18.0,6.0,OK,2026-07-03T07:00:00+00:00,561.5,-0.2671,False,-0.8014,False,-0.6055,False,0.0,False
2026-07-03T08:41:24.707431+00:00,decision_debug,DOGE/USDT,SHORT,NO TRADE,0.0,59.0,E,BULLISH,17.0,0.0,16.0,19.0,3.0,OK,2026-07-03T07:00:00+00:00,0.07531,0.3984,True,-0.1195,False,-0.956,False,0.0,False
2026-07-03T08:46:28.435569+00:00,decision_debug,BTC/USDT,SHORT,NO TRADE,0.0,77.0,E,BULLISH,9.0,3.0,13.0,22.0,9.0,OK,2026-07-03T07:00:00+00:00,61757.4,0.0675,True,-0.2581,False,-0.3656,False,0.0,False
2026-07-03T08:46:31.523063+00:00,decision_debug,BNB/USDT,SHORT,NO TRADE,0.0,68.0,E,BULLISH,9.0,3.0,12.0,18.0,6.0,OK,2026-07-03T07:00:00+00:00,561.5,-0.2671,False,-0.8014,False,-0.6055,False,0.0,False
2026-07-03T08:46:36.317469+00:00,decision_debug,DOGE/USDT,SHORT,NO TRADE,0.0,68.0,E,BULLISH,17.0,4.0,16.0,22.0,6.0,OK,2026-07-03T07:00:00+00:00,0.07531,0.3984,True,-0.1195,False,-0.956,False,0.0,False
2026-07-03T08:51:39.713577+00:00,decision_debug,BTC/USDT,SHORT,NO TRADE,0.0,68.0,E,BULLISH,9.0,3.0,12.0,18.0,6.0,OK,2026-07-03T07:00:00+00:00,61757.4,0.0675,True,-0.2581,False,-0.3656,False,0.0,False
2026-07-03T08:51:43.151176+00:00,decision_debug,BNB/USDT,SHORT,NO TRADE,0.0,68.0,E,BULLISH,9.0,3.0,12.0,18.0,6.0,OK,2026-07-03T07:00:00+00:00,561.5,-0.2671,False,-0.8014,False,-0.6055,False,0.0,False
2026-07-03T08:51:48.358513+00:00,decision_debug,DOGE/USDT,SHORT,NO TRADE,0.0,59.0,E,BULLISH,17.0,0.0,16.0,19.0,3.0,OK,2026-07-03T07:00:00+00:00,0.07531,0.3984,True,-0.1195,False,-0.956,False,0.0,False
2026-07-03T08:56:52.339036+00:00,decision_debug,BTC/USDT,SHORT,NO TRADE,0.0,68.0,E,BULLISH,9.0,3.0,12.0,18.0,6.0,OK,2026-07-03T07:00:00+00:00,61757.4,0.0675,True,-0.2581,False,-0.3656,False,0.0,False
2026-07-03T08:56:56.338477+00:00,decision_debug,BNB/USDT,SHORT,NO TRADE,0.0,68.0,E,BULLISH,9.0,3.0,12.0,18.0,6.0,OK,2026-07-03T07:00:00+00:00,561.5,-0.2671,False,-0.8014,False,-0.6055,False,0.0,False
2026-07-03T08:57:01.629256+00:00,decision_debug,DOGE/USDT,SHORT,NO TRADE,0.0,53.0,E,BULLISH,17.0,0.0,15.0,16.0,1.0,OK,2026-07-03T07:00:00+00:00,0.07531,0.3984,True,-0.1195,False,-0.956,False,0.0,False
2026-07-03T09:02:05.617339+00:00,decision_debug,BTC/USDT,SHORT,NO TRADE,0.0,68.0,E,BULLISH,9.0,3.0,12.0,18.0,6.0,OK,2026-07-03T08:00:00+00:00,61585.9,-0.5373,False,-0.7089,False,-0.8607,False,0.0,False
2026-07-03T09:02:09.868313+00:00,decision_debug,BNB/USDT,SHORT,NO TRADE,0.0,68.0,E,BULLISH,9.0,3.0,12.0,18.0,6.0,OK,2026-07-03T08:00:00+00:00,562.1,-0.6938,False,-0.8184,False,-0.8539,False,0.0,False
2026-07-03T09:02:15.207336+00:00,decision_debug,DOGE/USDT,SHORT,NO TRADE,0.0,53.0,E,BULLISH,17.0,0.0,15.0,16.0,1.0,OK,2026-07-03T08:00:00+00:00,0.07491,-0.6541,False,-1.375,False,-2.2961,False,0.0,False
2026-07-03T09:07:18.600100+00:00,decision_debug,BTC/USDT,SHORT,NO TRADE,0.0,68.0,E,BULLISH,9.0,3.0,12.0,18.0,6.0,OK,2026-07-03T08:00:00+00:00,61585.9,-0.5373,False,-0.7089,False,-0.8607,False,0.0,False
2026-07-03T09:07:21.551196+00:00,decision_debug,BNB/USDT,SHORT,NO TRADE,0.0,68.0,E,BULLISH,9.0,3.0,12.0,18.0,6.0,OK,2026-07-03T08:00:00+00:00,562.1,-0.6938,False,-0.8184,False,-0.8539,False,0.0,False
2026-07-03T09:07:26.318727+00:00,decision_debug,DOGE/USDT,SHORT,NO TRADE,0.0,59.0,E,BULLISH,17.0,0.0,16.0,19.0,3.0,OK,2026-07-03T08:00:00+00:00,0.07491,-0.6541,False,-1.375,False,-2.2961,False,0.0,False
2026-07-03T09:12:29.838462+00:00,decision_debug,BTC/USDT,SHORT,NO TRADE,0.0,68.0,E,BULLISH,9.0,3.0,12.0,18.0,6.0,OK,2026-07-03T08:00:00+00:00,61585.9,-0.5373,False,-0.7089,False,-0.8607,False,0.0,False
2026-07-03T09:12:33.062939+00:00,decision_debug,BNB/USDT,SHORT,NO TRADE,0.0,68.0,E,BULLISH,9.0,3.0,12.0,18.0,6.0,OK,2026-07-03T08:00:00+00:00,562.1,-0.6938,False,-0.8184,False,-0.8539,False,0.0,False
2026-07-03T09:12:38.521827+00:00,decision_debug,DOGE/USDT,SHORT,NO TRADE,0.0,59.0,E,BULLISH,17.0,0.0,16.0,19.0,3.0,OK,2026-07-03T08:00:00+00:00,0.07491,-0.6541,False,-1.375,False,-2.2961,False,0.0,False
2026-07-03T09:17:42.784048+00:00,decision_debug,BTC/USDT,SHORT,NO TRADE,0.0,68.0,E,BULLISH,9.0,3.0,12.0,18.0,6.0,OK,2026-07-03T08:00:00+00:00,61585.9,-0.5373,False,-0.7089,False,-0.8607,False,0.0,False
2026-07-03T09:17:45.612583+00:00,decision_debug,BNB/USDT,SHORT,NO TRADE,0.0,68.0,E,BULLISH,9.0,3.0,12.0,18.0,6.0,OK,2026-07-03T08:00:00+00:00,562.1,-0.6938,False,-0.8184,False,-0.8539,False,0.0,False
2026-07-03T09:17:50.315445+00:00,decision_debug,DOGE/USDT,SHORT,NO TRADE,0.0,59.0,E,BULLISH,17.0,0.0,16.0,19.0,3.0,OK,2026-07-03T08:00:00+00:00,0.07491,-0.6541,False,-1.375,False,-2.2961,False,0.0,False
2026-07-03T09:22:55.483968+00:00,decision_debug,BTC/USDT,SHORT,NO TRADE,0.0,68.0,E,BULLISH,9.0,3.0,12.0,18.0,6.0,OK,2026-07-03T08:00:00+00:00,61585.9,-0.5373,False,-0.7089,False,-0.8607,False,0.0,False
2026-07-03T09:22:58.663223+00:00,decision_debug,BNB/USDT,SHORT,NO TRADE,0.0,77.0,E,BULLISH,9.0,3.0,13.0,22.0,9.0,OK,2026-07-03T08:00:00+00:00,562.1,-0.6938,False,-0.8184,False,-0.8539,False,0.0,False
2026-07-03T09:23:03.741609+00:00,decision_debug,DOGE/USDT,SHORT,NO TRADE,0.0,59.0,E,BULLISH,17.0,0.0,16.0,19.0,3.0,OK,2026-07-03T08:00:00+00:00,0.07491,-0.6541,False,-1.375,False,-2.2961,False,0.0,False
2026-07-03T09:28:07.239608+00:00,decision_debug,BTC/USDT,SHORT,NO TRADE,0.0,68.0,E,BULLISH,9.0,3.0,12.0,18.0,6.0,OK,2026-07-03T08:00:00+00:00,61585.9,-0.5373,False,-0.7089,False,-0.8607,False,0.0,False
2026-07-03T09:28:12.586037+00:00,decision_debug,BNB/USDT,SHORT,NO TRADE,0.0,77.0,E,BULLISH,9.0,3.0,13.0,22.0,9.0,OK,2026-07-03T08:00:00+00:00,562.1,-0.6938,False,-0.8184,False,-0.8539,False,0.0,False
2026-07-03T09:28:19.618444+00:00,decision_debug,DOGE/USDT,SHORT,NO TRADE,0.0,59.0,E,BULLISH,17.0,0.0,16.0,19.0,3.0,OK,2026-07-03T08:00:00+00:00,0.07491,-0.6541,False,-1.375,False,-2.2961,False,0.0,False
2026-07-03T09:33:23.047344+00:00,decision_debug,BTC/USDT,SHORT,NO TRADE,0.0,68.0,E,BULLISH,9.0,3.0,12.0,18.0,6.0,OK,2026-07-03T08:00:00+00:00,61585.9,-0.5373,False,-0.7089,False,-0.8607,False,0.0,False
2026-07-03T09:33:26.057529+00:00,decision_debug,BNB/USDT,SHORT,NO TRADE,0.0,68.0,E,BULLISH,9.0,3.0,12.0,18.0,6.0,OK,2026-07-03T08:00:00+00:00,562.1,-0.6938,False,-0.8184,False,-0.8539,False,0.0,False
2026-07-03T09:33:31.259742+00:00,decision_debug,DOGE/USDT,SHORT,NO TRADE,0.0,59.0,E,BULLISH,17.0,0.0,16.0,19.0,3.0,OK,2026-07-03T08:00:00+00:00,0.07491,-0.6541,False,-1.375,False,-2.2961,False,0.0,False
2026-07-03T09:38:34.863107+00:00,decision_debug,BTC/USDT,SHORT,NO TRADE,0.0,68.0,E,BULLISH,9.0,3.0,12.0,18.0,6.0,OK,2026-07-03T08:00:00+00:00,61585.9,-0.5373,False,-0.7089,False,-0.8607,False,0.0,False
2026-07-03T09:38:37.827059+00:00,decision_debug,BNB/USDT,SHORT,NO TRADE,0.0,68.0,E,BULLISH,9.0,3.0,12.0,18.0,6.0,OK,2026-07-03T08:00:00+00:00,562.1,-0.6938,False,-0.8184,False,-0.8539,False,0.0,False
2026-07-03T09:38:42.692746+00:00,decision_debug,DOGE/USDT,SHORT,NO TRADE,0.0,65.0,E,BULLISH,14.0,3.0,13.0,18.0,5.0,OK,2026-07-03T08:00:00+00:00,0.07491,-0.6541,False,-1.375,False,-2.2961,False,0.0,False
2026-07-03T09:43:46.273424+00:00,decision_debug,BTC/USDT,SHORT,NO TRADE,0.0,68.0,E,BULLISH,9.0,3.0,12.0,18.0,6.0,OK,2026-07-03T08:00:00+00:00,61585.9,-0.5373,False,-0.7089,False,-0.8607,False,0.0,False
2026-07-03T09:43:50.025773+00:00,decision_debug,BNB/USDT,SHORT,NO TRADE,0.0,77.0,E,BULLISH,9.0,3.0,13.0,22.0,9.0,OK,2026-07-03T08:00:00+00:00,562.1,-0.6938,False,-0.8184,False,-0.8539,False,0.0,False
2026-07-03T09:43:55.475705+00:00,decision_debug,DOGE/USDT,SHORT,NO TRADE,0.0,65.0,E,BULLISH,14.0,3.0,13.0,18.0,5.0,OK,2026-07-03T08:00:00+00:00,0.07491,-0.6541,False,-1.375,False,-2.2961,False,0.0,False
2026-07-03T09:48:58.993198+00:00,decision_debug,BTC/USDT,SHORT,NO TRADE,0.0,68.0,E,BULLISH,9.0,3.0,12.0,18.0,6.0,OK,2026-07-03T08:00:00+00:00,61585.9,-0.5373,False,-0.7089,False,-0.8607,False,0.0,False
2026-07-03T09:49:02.035536+00:00,decision_debug,BNB/USDT,SHORT,NO TRADE,0.0,62.0,E,BULLISH,12.0,0.0,15.0,19.0,4.0,OK,2026-07-03T08:00:00+00:00,562.1,-0.6938,False,-0.8184,False,-0.8539,False,0.0,False
2026-07-03T09:49:07.192335+00:00,decision_debug,DOGE/USDT,SHORT,NO TRADE,0.0,59.0,E,BULLISH,17.0,0.0,16.0,19.0,3.0,OK,2026-07-03T08:00:00+00:00,0.07491,-0.6541,False,-1.375,False,-2.2961,False,0.0,False
2026-07-03T09:54:11.169379+00:00,decision_debug,BTC/USDT,SHORT,NO TRADE,0.0,68.0,E,BULLISH,9.0,3.0,12.0,18.0,6.0,OK,2026-07-03T08:00:00+00:00,61585.9,-0.5373,False,-0.7089,False,-0.8607,False,0.0,False
2026-07-03T09:54:15.190049+00:00,decision_debug,BNB/USDT,SHORT,NO TRADE,0.0,77.0,E,BULLISH,9.0,3.0,13.0,22.0,9.0,OK,2026-07-03T08:00:00+00:00,562.1,-0.6938,False,-0.8184,False,-0.8539,False,0.0,False
2026-07-03T09:54:21.717087+00:00,decision_debug,DOGE/USDT,SHORT,NO TRADE,0.0,59.0,E,BULLISH,17.0,0.0,16.0,19.0,3.0,OK,2026-07-03T08:00:00+00:00,0.07491,-0.6541,False,-1.375,False,-2.2961,False,0.0,False
2026-07-03T09:59:25.458875+00:00,decision_debug,BTC/USDT,SHORT,NO TRADE,0.0,68.0,E,BULLISH,9.0,3.0,12.0,18.0,6.0,OK,2026-07-03T08:00:00+00:00,61585.9,-0.5373,False,-0.7089,False,-0.8607,False,0.0,False
2026-07-03T09:59:30.714715+00:00,decision_debug,BNB/USDT,SHORT,NO TRADE,0.0,77.0,E,BULLISH,9.0,3.0,13.0,22.0,9.0,OK,2026-07-03T08:00:00+00:00,562.1,-0.6938,False,-0.8184,False,-0.8539,False,0.0,False
2026-07-03T09:59:39.483155+00:00,decision_debug,DOGE/USDT,SHORT,NO TRADE,0.0,59.0,E,BULLISH,17.0,0.0,16.0,19.0,3.0,OK,2026-07-03T08:00:00+00:00,0.07491,-0.6541,False,-1.375,False,-2.2961,False,0.0,False
2026-07-03T10:04:44.289700+00:00,decision_debug,BTC/USDT,SHORT,NO TRADE,0.0,77.0,E,BULLISH,9.0,3.0,13.0,22.0,9.0,OK,2026-07-03T09:00:00+00:00,61715.7,-0.4971,False,-0.4334,False,-0.8889,False,0.0,False
2026-07-03T10:04:50.470343+00:00,decision_debug,BNB/USDT,SHORT,NO TRADE,0.0,68.0,E,BULLISH,12.0,0.0,15.0,21.0,6.0,OK,2026-07-03T09:00:00+00:00,563.0,-0.6572,False,-0.3375,False,-0.5684,False,0.0,False
2026-07-03T10:05:02.351742+00:00,decision_debug,DOGE/USDT,SHORT,NO TRADE,0.0,74.0,E,BULLISH,14.0,3.0,14.0,22.0,8.0,OK,2026-07-03T09:00:00+00:00,0.07501,-1.2398,False,-1.3598,False,-2.1597,False,0.0,False
2026-07-03T10:10:06.950133+00:00,decision_debug,BTC/USDT,SHORT,NO TRADE,0.0,77.0,E,BULLISH,9.0,3.0,13.0,22.0,9.0,OK,2026-07-03T09:00:00+00:00,61715.7,-0.4971,False,-0.4334,False,-0.8889,False,0.0,False
2026-07-03T10:10:11.897981+00:00,decision_debug,BNB/USDT,SHORT,NO TRADE,0.0,77.0,E,BULLISH,9.0,3.0,13.0,22.0,9.0,OK,2026-07-03T09:00:00+00:00,563.0,-0.6572,False,-0.3375,False,-0.5684,False,0.0,False
2026-07-03T10:10:21.640360+00:00,decision_debug,DOGE/USDT,SHORT,NO TRADE,0.0,74.0,E,BULLISH,14.0,3.0,14.0,22.0,8.0,OK,2026-07-03T09:00:00+00:00,0.07501,-1.2398,False,-1.3598,False,-2.1597,False,0.0,False
2026-07-03T10:15:26.070330+00:00,decision_debug,BTC/USDT,SHORT,NO TRADE,0.0,77.0,E,BULLISH,9.0,3.0,13.0,22.0,9.0,OK,2026-07-03T09:00:00+00:00,61715.7,-0.4971,False,-0.4334,False,-0.8889,False,0.0,False
2026-07-03T10:15:33.023883+00:00,decision_debug,BNB/USDT,SHORT,NO TRADE,0.0,80.0,E,BULLISH,9.0,3.0,13.0,23.0,10.0,OK,2026-07-03T09:00:00+00:00,563.0,-0.6572,False,-0.3375,False,-0.5684,False,0.0,False
2026-07-03T10:15:43.259364+00:00,decision_debug,AVAX/USDT,SHORT,NO TRADE,0.0,56.0,E,BULLISH,9.0,3.0,18.0,20.0,2.0,OK,2026-07-03T09:00:00+00:00,6.837,-0.9215,False,-0.4534,False,-0.3072,False,0.0,False
2026-07-03T10:15:45.493992+00:00,decision_debug,DOGE/USDT,SHORT,NO TRADE,0.0,59.0,E,BULLISH,17.0,0.0,16.0,19.0,3.0,OK,2026-07-03T09:00:00+00:00,0.07501,-1.2398,False,-1.3598,False,-2.1597,False,0.0,False
2026-07-03T10:21:02.992369+00:00,decision_debug,BTC/USDT,SHORT,NO TRADE,0.0,77.0,E,BULLISH,9.0,3.0,13.0,22.0,9.0,OK,2026-07-03T09:00:00+00:00,61715.7,-0.4971,False,-0.4334,False,-0.8889,False,0.0,False
2026-07-03T10:21:10.472690+00:00,decision_debug,BNB/USDT,SHORT,NO TRADE,0.0,80.0,E,BULLISH,9.0,3.0,13.0,23.0,10.0,OK,2026-07-03T09:00:00+00:00,563.0,-0.6572,False,-0.3375,False,-0.5684,False,0.0,False
2026-07-03T10:21:26.624332+00:00,decision_debug,DOGE/USDT,SHORT,NO TRADE,0.0,74.0,E,BULLISH,14.0,3.0,14.0,22.0,8.0,OK,2026-07-03T09:00:00+00:00,0.07501,-1.2398,False,-1.3598,False,-2.1597,False,0.0,False
2026-07-03T10:26:31.325551+00:00,decision_debug,BTC/USDT,SHORT,NO TRADE,0.0,77.0,E,BULLISH,9.0,3.0,13.0,22.0,9.0,OK,2026-07-03T09:00:00+00:00,61715.7,-0.4971,False,-0.4334,False,-0.8889,False,0.0,False
2026-07-03T10:26:35.736801+00:00,decision_debug,BNB/USDT,SHORT,NO TRADE,0.0,68.0,E,BULLISH,12.0,0.0,15.0,21.0,6.0,OK,2026-07-03T09:00:00+00:00,563.0,-0.6572,False,-0.3375,False,-0.5684,False,0.0,False
2026-07-03T10:26:41.088074+00:00,decision_debug,AVAX/USDT,SHORT,NO TRADE,0.0,56.0,E,BULLISH,9.0,3.0,18.0,20.0,2.0,OK,2026-07-03T09:00:00+00:00,6.837,-0.9215,False,-0.4534,False,-0.3072,False,0.0,False
2026-07-03T10:26:43.270430+00:00,decision_debug,DOGE/USDT,SHORT,NO TRADE,0.0,74.0,E,BULLISH,14.0,3.0,14.0,22.0,8.0,OK,2026-07-03T09:00:00+00:00,0.07501,-1.2398,False,-1.3598,False,-2.1597,False,0.0,False
2026-07-03T10:31:46.647773+00:00,decision_debug,BTC/USDT,SHORT,NO TRADE,0.0,77.0,E,BULLISH,9.0,3.0,13.0,22.0,9.0,OK,2026-07-03T09:00:00+00:00,61715.7,-0.4971,False,-0.4334,False,-0.8889,False,0.0,False
2026-07-03T10:31:50.779910+00:00,decision_debug,BNB/USDT,SHORT,NO TRADE,0.0,68.0,E,BULLISH,12.0,0.0,15.0,21.0,6.0,OK,2026-07-03T09:00:00+00:00,563.0,-0.6572,False,-0.3375,False,-0.5684,False,0.0,False
2026-07-03T10:31:55.123484+00:00,decision_debug,AVAX/USDT,SHORT,NO TRADE,0.0,56.0,E,BULLISH,9.0,3.0,18.0,20.0,2.0,OK,2026-07-03T09:00:00+00:00,6.837,-0.9215,False,-0.4534,False,-0.3072,False,0.0,False
2026-07-03T10:31:56.235201+00:00,decision_debug,DOGE/USDT,SHORT,NO TRADE,0.0,74.0,E,BULLISH,14.0,3.0,14.0,22.0,8.0,OK,2026-07-03T09:00:00+00:00,0.07501,-1.2398,False,-1.3598,False,-2.1597,False,0.0,False
2026-07-03T10:36:59.676587+00:00,decision_debug,BTC/USDT,SHORT,NO TRADE,0.0,77.0,E,BULLISH,9.0,3.0,13.0,22.0,9.0,OK,2026-07-03T09:00:00+00:00,61715.7,-0.4971,False,-0.4334,False,-0.8889,False,0.0,False
2026-07-03T10:37:02.730352+00:00,decision_debug,BNB/USDT,SHORT,NO TRADE,0.0,68.0,E,BULLISH,12.0,0.0,15.0,21.0,6.0,OK,2026-07-03T09:00:00+00:00,563.0,-0.6572,False,-0.3375,False,-0.5684,False,0.0,False
2026-07-03T10:37:09.441801+00:00,decision_debug,DOGE/USDT,SHORT,NO TRADE,0.0,59.0,E,BULLISH,17.0,0.0,16.0,19.0,3.0,OK,2026-07-03T09:00:00+00:00,0.07501,-1.2398,False,-1.3598,False,-2.1597,False,0.0,False
2026-07-03T10:42:13.695128+00:00,decision_debug,BTC/USDT,SHORT,NO TRADE,0.0,80.0,E,BULLISH,9.0,3.0,13.0,23.0,10.0,OK,2026-07-03T09:00:00+00:00,61715.7,-0.4971,False,-0.4334,False,-0.8889,False,0.0,False
2026-07-03T10:42:18.211358+00:00,decision_debug,BNB/USDT,SHORT,NO TRADE,0.0,68.0,E,BULLISH,12.0,0.0,15.0,21.0,6.0,OK,2026-07-03T09:00:00+00:00,563.0,-0.6572,False,-0.3375,False,-0.5684,False,0.0,False
2026-07-03T10:42:23.566113+00:00,decision_debug,DOGE/USDT,SHORT,NO TRADE,0.0,59.0,E,BULLISH,17.0,0.0,16.0,19.0,3.0,OK,2026-07-03T09:00:00+00:00,0.07501,-1.2398,False,-1.3598,False,-2.1597,False,0.0,False
2026-07-03T10:47:27.220712+00:00,decision_debug,BTC/USDT,SHORT,NO TRADE,0.0,80.0,E,BULLISH,9.0,3.0,13.0,23.0,10.0,OK,2026-07-03T09:00:00+00:00,61715.7,-0.4971,False,-0.4334,False,-0.8889,False,0.0,False
2026-07-03T10:47:30.579102+00:00,decision_debug,BNB/USDT,SHORT,NO TRADE,0.0,71.0,E,BULLISH,12.0,4.0,15.0,22.0,7.0,OK,2026-07-03T09:00:00+00:00,563.0,-0.6572,False,-0.3375,False,-0.5684,False,0.0,False
2026-07-03T10:47:36.292091+00:00,decision_debug,DOGE/USDT,SHORT,NO TRADE,0.0,68.0,E,BULLISH,12.0,0.0,15.0,21.0,6.0,OK,2026-07-03T09:00:00+00:00,0.07501,-1.2398,False,-1.3598,False,-2.1597,False,0.0,False
2026-07-03T10:52:40.632472+00:00,decision_debug,BTC/USDT,SHORT,NO TRADE,0.0,80.0,E,BULLISH,9.0,3.0,13.0,23.0,10.0,OK,2026-07-03T09:00:00+00:00,61715.7,-0.4971,False,-0.4334,False,-0.8889,False,0.0,False
2026-07-03T10:52:43.763523+00:00,decision_debug,SOL/USDT,SHORT,NO TRADE,0.0,56.0,E,BULLISH,9.0,7.0,19.0,21.0,2.0,OK,2026-07-03T09:00:00+00:00,81.02,-0.6665,False,-0.6171,False,-0.938,False,0.0,False
2026-07-03T10:52:44.950550+00:00,decision_debug,BNB/USDT,SHORT,NO TRADE,0.0,71.0,E,BULLISH,12.0,4.0,15.0,22.0,7.0,OK,2026-07-03T09:00:00+00:00,563.0,-0.6572,False,-0.3375,False,-0.5684,False,0.0,False
2026-07-03T10:52:51.629529+00:00,decision_debug,DOGE/USDT,SHORT,NO TRADE,0.0,71.0,E,BULLISH,12.0,4.0,15.0,22.0,7.0,OK,2026-07-03T09:00:00+00:00,0.07501,-1.2398,False,-1.3598,False,-2.1597,False,0.0,False
2026-07-03T10:57:55.483441+00:00,decision_debug,BTC/USDT,SHORT,NO TRADE,0.0,80.0,E,BULLISH,9.0,3.0,13.0,23.0,10.0,OK,2026-07-03T09:00:00+00:00,61715.7,-0.4971,False,-0.4334,False,-0.8889,False,0.0,False
2026-07-03T10:57:57.564106+00:00,decision_debug,SOL/USDT,SHORT,NO TRADE,0.0,56.0,E,BULLISH,9.0,7.0,19.0,21.0,2.0,OK,2026-07-03T09:00:00+00:00,81.02,-0.6665,False,-0.6171,False,-0.938,False,0.0,False
2026-07-03T10:57:59.028775+00:00,decision_debug,BNB/USDT,SHORT,NO TRADE,0.0,71.0,E,BULLISH,12.0,4.0,15.0,22.0,7.0,OK,2026-07-03T09:00:00+00:00,563.0,-0.6572,False,-0.3375,False,-0.5684,False,0.0,False
2026-07-03T10:58:05.506991+00:00,decision_debug,DOGE/USDT,SHORT,NO TRADE,0.0,68.0,E,BULLISH,12.0,0.0,15.0,21.0,6.0,OK,2026-07-03T09:00:00+00:00,0.07501,-1.2398,False,-1.3598,False,-2.1597,False,0.0,False
2026-07-03T11:03:08.901262+00:00,decision_debug,BTC/USDT,SHORT,NO TRADE,0.0,80.0,E,BULLISH,9.0,3.0,13.0,23.0,10.0,OK,2026-07-03T10:00:00+00:00,61916.8,-0.1072,False,-0.3217,False,0.0,False,0.0,False
2026-07-03T11:03:13.474920+00:00,decision_debug,BNB/USDT,SHORT,NO TRADE,0.0,71.0,E,BULLISH,12.0,4.0,15.0,22.0,7.0,OK,2026-07-03T10:00:00+00:00,566.0,0.1943,True,-0.159,False,0.0,False,0.0,False
2026-07-03T11:03:19.757891+00:00,decision_debug,DOGE/USDT,SHORT,NO TRADE,0.0,68.0,E,BULLISH,12.0,0.0,15.0,21.0,6.0,OK,2026-07-03T10:00:00+00:00,0.0754,-0.8355,False,-1.6313,False,0.0,False,0.0,False
2026-07-03T11:08:23.320642+00:00,decision_debug,BTC/USDT,SHORT,NO TRADE,0.0,80.0,E,BULLISH,9.0,3.0,13.0,23.0,10.0,OK,2026-07-03T10:00:00+00:00,61916.8,-0.1072,False,-0.3217,False,0.0,False,0.0,False
2026-07-03T11:08:25.382257+00:00,decision_debug,SOL/USDT,SHORT,NO TRADE,0.0,56.0,E,BULLISH,9.0,7.0,19.0,21.0,2.0,OK,2026-07-03T10:00:00+00:00,81.56,0.049,True,-0.049,False,0.0,False,0.0,False
2026-07-03T11:08:26.604637+00:00,decision_debug,BNB/USDT,SHORT,NO TRADE,0.0,71.0,E,BULLISH,12.0,4.0,15.0,22.0,7.0,OK,2026-07-03T10:00:00+00:00,566.0,0.1943,True,-0.159,False,0.0,False,0.0,False
2026-07-03T11:08:31.675023+00:00,decision_debug,DOGE/USDT,SHORT,NO TRADE,0.0,71.0,E,BULLISH,12.0,4.0,15.0,22.0,7.0,OK,2026-07-03T10:00:00+00:00,0.0754,-0.8355,False,-1.6313,False,0.0,False,0.0,False
2026-07-03T11:13:35.183061+00:00,decision_debug,BTC/USDT,SHORT,NO TRADE,0.0,80.0,E,BULLISH,9.0,3.0,13.0,23.0,10.0,OK,2026-07-03T10:00:00+00:00,61916.8,-0.1072,False,-0.3217,False,0.0,False,0.0,False
2026-07-03T11:13:37.277971+00:00,decision_debug,SOL/USDT,SHORT,NO TRADE,0.0,56.0,E,BULLISH,9.0,7.0,19.0,21.0,2.0,OK,2026-07-03T10:00:00+00:00,81.56,0.049,True,-0.049,False,0.0,False,0.0,False
2026-07-03T11:13:38.253883+00:00,decision_debug,BNB/USDT,SHORT,NO TRADE,0.0,71.0,E,BULLISH,12.0,4.0,15.0,22.0,7.0,OK,2026-07-03T10:00:00+00:00,566.0,0.1943,True,-0.159,False,0.0,False,0.0,False
2026-07-03T11:13:45.651646+00:00,decision_debug,DOGE/USDT,SHORT,NO TRADE,0.0,71.0,E,BULLISH,12.0,4.0,15.0,22.0,7.0,OK,2026-07-03T10:00:00+00:00,0.0754,-0.8355,False,-1.6313,False,0.0,False,0.0,False
2026-07-03T11:18:50.103330+00:00,decision_debug,BTC/USDT,SHORT,NO TRADE,0.0,80.0,E,BULLISH,9.0,3.0,13.0,23.0,10.0,OK,2026-07-03T10:00:00+00:00,61916.8,-0.1072,False,-0.3217,False,0.0,False,0.0,False
2026-07-03T11:18:55.053538+00:00,decision_debug,BNB/USDT,SHORT,NO TRADE,0.0,71.0,E,BULLISH,12.0,4.0,15.0,22.0,7.0,OK,2026-07-03T10:00:00+00:00,566.0,0.1943,True,-0.159,False,0.0,False,0.0,False
2026-07-03T11:19:00.702763+00:00,decision_debug,DOGE/USDT,SHORT,NO TRADE,0.0,71.0,E,BULLISH,12.0,4.0,15.0,22.0,7.0,OK,2026-07-03T10:00:00+00:00,0.0754,-0.8355,False,-1.6313,False,0.0,False,0.0,False
2026-07-03T11:24:03.975485+00:00,decision_debug,BTC/USDT,SHORT,NO TRADE,0.0,80.0,E,BULLISH,9.0,3.0,13.0,23.0,10.0,OK,2026-07-03T10:00:00+00:00,61916.8,-0.1072,False,-0.3217,False,0.0,False,0.0,False
2026-07-03T11:24:07.169326+00:00,decision_debug,SOL/USDT,SHORT,NO TRADE,0.0,56.0,E,BULLISH,9.0,7.0,19.0,21.0,2.0,OK,2026-07-03T10:00:00+00:00,81.56,0.049,True,-0.049,False,0.0,False,0.0,False
2026-07-03T11:24:08.073637+00:00,decision_debug,BNB/USDT,SHORT,NO TRADE,0.0,71.0,E,BULLISH,12.0,4.0,15.0,22.0,7.0,OK,2026-07-03T10:00:00+00:00,566.0,0.1943,True,-0.159,False,0.0,False,0.0,False
2026-07-03T11:24:12.965279+00:00,decision_debug,DOGE/USDT,SHORT,NO TRADE,0.0,71.0,E,BULLISH,12.0,4.0,15.0,22.0,7.0,OK,2026-07-03T10:00:00+00:00,0.0754,-0.8355,False,-1.6313,False,0.0,False,0.0,False
2026-07-03T11:29:17.567659+00:00,decision_debug,BTC/USDT,SHORT,NO TRADE,0.0,80.0,E,BULLISH,9.0,3.0,13.0,23.0,10.0,OK,2026-07-03T10:00:00+00:00,61916.8,-0.1072,False,-0.3217,False,0.0,False,0.0,False
2026-07-03T11:29:20.694049+00:00,decision_debug,BNB/USDT,SHORT,NO TRADE,0.0,71.0,E,BULLISH,12.0,4.0,15.0,22.0,7.0,OK,2026-07-03T10:00:00+00:00,566.0,0.1943,True,-0.159,False,0.0,False,0.0,False
2026-07-03T11:29:26.059158+00:00,decision_debug,DOGE/USDT,SHORT,NO TRADE,0.0,71.0,E,BULLISH,12.0,4.0,15.0,22.0,7.0,OK,2026-07-03T10:00:00+00:00,0.0754,-0.8355,False,-1.6313,False,0.0,False,0.0,False
2026-07-03T11:34:30.407371+00:00,decision_debug,BTC/USDT,SHORT,NO TRADE,0.0,80.0,E,BULLISH,9.0,3.0,13.0,23.0,10.0,OK,2026-07-03T10:00:00+00:00,61916.8,-0.1072,False,-0.3217,False,0.0,False,0.0,False
2026-07-03T11:34:33.763178+00:00,decision_debug,BNB/USDT,SHORT,NO TRADE,0.0,71.0,E,BULLISH,12.0,4.0,15.0,22.0,7.0,OK,2026-07-03T10:00:00+00:00,566.0,0.1943,True,-0.159,False,0.0,False,0.0,False
2026-07-03T11:34:38.918977+00:00,decision_debug,DOGE/USDT,SHORT,NO TRADE,0.0,71.0,E,BULLISH,12.0,4.0,15.0,22.0,7.0,OK,2026-07-03T10:00:00+00:00,0.0754,-0.8355,False,-1.6313,False,0.0,False,0.0,False
2026-07-03T11:39:42.793359+00:00,decision_debug,BTC/USDT,SHORT,NO TRADE,0.0,80.0,E,BULLISH,9.0,3.0,13.0,23.0,10.0,OK,2026-07-03T10:00:00+00:00,61916.8,-0.1072,False,-0.3217,False,0.0,False,0.0,False
2026-07-03T11:39:45.734559+00:00,decision_debug,BNB/USDT,SHORT,NO TRADE,0.0,71.0,E,BULLISH,12.0,4.0,15.0,22.0,7.0,OK,2026-07-03T10:00:00+00:00,566.0,0.1943,True,-0.159,False,0.0,False,0.0,False
2026-07-03T11:39:52.729490+00:00,decision_debug,DOGE/USDT,SHORT,NO TRADE,0.0,71.0,E,BULLISH,12.0,4.0,15.0,22.0,7.0,OK,2026-07-03T10:00:00+00:00,0.0754,-0.8355,False,-1.6313,False,0.0,False,0.0,False
2026-07-03T11:44:56.040647+00:00,decision_debug,BTC/USDT,SHORT,NO TRADE,0.0,80.0,E,BULLISH,9.0,3.0,13.0,23.0,10.0,OK,2026-07-03T10:00:00+00:00,61916.8,-0.1072,False,-0.3217,False,0.0,False,0.0,False
2026-07-03T11:44:59.473683+00:00,decision_debug,BNB/USDT,SHORT,NO TRADE,0.0,71.0,E,BULLISH,12.0,4.0,15.0,22.0,7.0,OK,2026-07-03T10:00:00+00:00,566.0,0.1943,True,-0.159,False,0.0,False,0.0,False
2026-07-03T11:45:06.447925+00:00,decision_debug,DOGE/USDT,SHORT,NO TRADE,0.0,71.0,E,BULLISH,12.0,4.0,15.0,22.0,7.0,OK,2026-07-03T10:00:00+00:00,0.0754,-0.8355,False,-1.6313,False,0.0,False,0.0,False
2026-07-03T11:50:10.273328+00:00,decision_debug,BTC/USDT,SHORT,NO TRADE,0.0,83.0,E,BULLISH,9.0,7.0,13.0,24.0,11.0,OK,2026-07-03T10:00:00+00:00,61916.8,-0.1072,False,-0.3217,False,0.0,False,0.0,False
2026-07-03T11:50:13.279077+00:00,decision_debug,BNB/USDT,SHORT,NO TRADE,0.0,71.0,E,BULLISH,12.0,4.0,15.0,22.0,7.0,OK,2026-07-03T10:00:00+00:00,566.0,0.1943,True,-0.159,False,0.0,False,0.0,False
2026-07-03T11:50:18.922250+00:00,decision_debug,DOGE/USDT,SHORT,NO TRADE,0.0,71.0,E,BULLISH,12.0,4.0,15.0,22.0,7.0,OK,2026-07-03T10:00:00+00:00,0.0754,-0.8355,False,-1.6313,False,0.0,False,0.0,False
2026-07-03T11:55:22.375452+00:00,decision_debug,BTC/USDT,SHORT,NO TRADE,0.0,83.0,E,BULLISH,9.0,7.0,13.0,24.0,11.0,OK,2026-07-03T10:00:00+00:00,61916.8,-0.1072,False,-0.3217,False,0.0,False,0.0,False
2026-07-03T11:55:25.334916+00:00,decision_debug,SOL/USDT,SHORT,NO TRADE,0.0,56.0,E,BULLISH,9.0,7.0,19.0,21.0,2.0,OK,2026-07-03T10:00:00+00:00,81.56,0.049,True,-0.049,False,0.0,False,0.0,False
2026-07-03T11:55:27.088100+00:00,decision_debug,BNB/USDT,SHORT,NO TRADE,0.0,71.0,E,BULLISH,12.0,4.0,15.0,22.0,7.0,OK,2026-07-03T10:00:00+00:00,566.0,0.1943,True,-0.159,False,0.0,False,0.0,False
2026-07-03T11:55:32.138330+00:00,decision_debug,DOGE/USDT,SHORT,NO TRADE,0.0,71.0,E,BULLISH,12.0,4.0,15.0,22.0,7.0,OK,2026-07-03T10:00:00+00:00,0.0754,-0.8355,False,-1.6313,False,0.0,False,0.0,False
2026-07-03T12:00:40.029907+00:00,decision_debug,BNB/USDT,SHORT,NO TRADE,0.0,71.0,E,BULLISH,12.0,4.0,15.0,22.0,7.0,OK,2026-07-03T11:00:00+00:00,566.7,-0.0353,False,0.0882,True,0.0,False,0.0,False
2026-07-03T12:00:46.001184+00:00,decision_debug,DOGE/USDT,SHORT,NO TRADE,0.0,71.0,E,BULLISH,12.0,4.0,15.0,22.0,7.0,OK,2026-07-03T11:00:00+00:00,0.07594,-0.9086,False,-0.9086,False,0.0,False,0.0,False
2026-07-03T12:05:51.775564+00:00,decision_debug,BTC/USDT,SHORT,NO TRADE,0.0,53.0,E,BULLISH,9.0,7.0,18.0,19.0,1.0,OK,2026-07-03T11:00:00+00:00,62022.5,-0.1508,False,-0.3899,False,0.0,False,0.0,False
2026-07-03T12:05:57.944984+00:00,decision_debug,BNB/USDT,SHORT,NO TRADE,0.0,71.0,E,BULLISH,12.0,4.0,15.0,22.0,7.0,OK,2026-07-03T11:00:00+00:00,566.7,-0.0353,False,0.0882,True,0.0,False,0.0,False
2026-07-03T12:06:22.770621+00:00,decision_debug,DOGE/USDT,SHORT,NO TRADE,0.0,71.0,E,BULLISH,12.0,4.0,15.0,22.0,7.0,OK,2026-07-03T11:00:00+00:00,0.07594,-0.9086,False,-0.9086,False,0.0,False,0.0,False
2026-07-03T12:11:28.771542+00:00,decision_debug,SOL/USDT,SHORT,NO TRADE,0.0,56.0,E,BULLISH,9.0,7.0,19.0,21.0,2.0,OK,2026-07-03T11:00:00+00:00,81.56,-0.049,False,-0.2697,False,0.0,False,0.0,False
2026-07-03T12:11:29.998568+00:00,decision_debug,BNB/USDT,SHORT,NO TRADE,0.0,71.0,E,BULLISH,12.0,4.0,15.0,22.0,7.0,OK,2026-07-03T11:00:00+00:00,566.7,-0.0353,False,0.0882,True,0.0,False,0.0,False
2026-07-03T12:11:35.158106+00:00,decision_debug,DOGE/USDT,SHORT,NO TRADE,0.0,71.0,E,BULLISH,12.0,4.0,15.0,22.0,7.0,OK,2026-07-03T11:00:00+00:00,0.07594,-0.9086,False,-0.9086,False,0.0,False,0.0,False
2026-07-03T12:16:43.466977+00:00,decision_debug,BNB/USDT,SHORT,NO TRADE,0.0,71.0,E,BULLISH,12.0,4.0,15.0,22.0,7.0,OK,2026-07-03T11:00:00+00:00,566.7,-0.0353,False,0.0882,True,0.0,False,0.0,False
2026-07-03T12:16:49.774023+00:00,decision_debug,DOGE/USDT,SHORT,NO TRADE,0.0,71.0,E,BULLISH,12.0,4.0,15.0,22.0,7.0,OK,2026-07-03T11:00:00+00:00,0.07594,-0.9086,False,-0.9086,False,0.0,False,0.0,False
2026-07-03T12:21:57.522453+00:00,decision_debug,BNB/USDT,SHORT,NO TRADE,0.0,68.0,E,BULLISH,12.0,0.0,15.0,21.0,6.0,OK,2026-07-03T11:00:00+00:00,566.7,-0.0353,False,0.0882,True,0.0,False,0.0,False
2026-07-03T12:22:02.651458+00:00,decision_debug,DOGE/USDT,SHORT,NO TRADE,0.0,71.0,E,BULLISH,12.0,4.0,15.0,22.0,7.0,OK,2026-07-03T11:00:00+00:00,0.07594,-0.9086,False,-0.9086,False,0.0,False,0.0,False
2026-07-03T12:27:11.208675+00:00,decision_debug,BNB/USDT,SHORT,NO TRADE,0.0,62.0,E,BULLISH,12.0,0.0,15.0,19.0,4.0,OK,2026-07-03T11:00:00+00:00,566.7,-0.0353,False,0.0882,True,0.0,False,0.0,False
2026-07-03T12:27:19.374904+00:00,decision_debug,DOGE/USDT,SHORT,NO TRADE,0.0,71.0,E,BULLISH,12.0,4.0,15.0,22.0,7.0,OK,2026-07-03T11:00:00+00:00,0.07594,-0.9086,False,-0.9086,False,0.0,False,0.0,False
2026-07-03T12:32:25.939022+00:00,decision_debug,BNB/USDT,SHORT,NO TRADE,0.0,62.0,E,BULLISH,12.0,0.0,15.0,19.0,4.0,OK,2026-07-03T11:00:00+00:00,566.7,-0.0353,False,0.0882,True,0.0,False,0.0,False
2026-07-03T12:32:32.144193+00:00,decision_debug,DOGE/USDT,SHORT,NO TRADE,0.0,71.0,E,BULLISH,12.0,4.0,15.0,22.0,7.0,OK,2026-07-03T11:00:00+00:00,0.07594,-0.9086,False,-0.9086,False,0.0,False,0.0,False
2026-07-03T12:37:38.705037+00:00,decision_debug,BNB/USDT,SHORT,NO TRADE,0.0,62.0,E,BULLISH,12.0,0.0,15.0,19.0,4.0,OK,2026-07-03T11:00:00+00:00,566.7,-0.0353,False,0.0882,True,0.0,False,0.0,False
2026-07-03T12:37:43.733262+00:00,decision_debug,DOGE/USDT,SHORT,NO TRADE,0.0,71.0,E,BULLISH,12.0,4.0,15.0,22.0,7.0,OK,2026-07-03T11:00:00+00:00,0.07594,-0.9086,False,-0.9086,False,0.0,False,0.0,False
2026-07-03T12:42:51.745184+00:00,decision_debug,BNB/USDT,SHORT,NO TRADE,0.0,62.0,E,BULLISH,12.0,0.0,15.0,19.0,4.0,OK,2026-07-03T11:00:00+00:00,566.7,-0.0353,False,0.0882,True,0.0,False,0.0,False
2026-07-03T12:42:58.292511+00:00,decision_debug,DOGE/USDT,SHORT,NO TRADE,0.0,71.0,E,BULLISH,12.0,4.0,15.0,22.0,7.0,OK,2026-07-03T11:00:00+00:00,0.07594,-0.9086,False,-0.9086,False,0.0,False,0.0,False
2026-07-03T12:48:05.715661+00:00,decision_debug,BNB/USDT,SHORT,NO TRADE,0.0,62.0,E,BULLISH,12.0,0.0,15.0,19.0,4.0,OK,2026-07-03T11:00:00+00:00,566.7,-0.0353,False,0.0882,True,0.0,False,0.0,False
2026-07-03T12:48:11.094813+00:00,decision_debug,DOGE/USDT,SHORT,NO TRADE,0.0,71.0,E,BULLISH,12.0,4.0,15.0,22.0,7.0,OK,2026-07-03T11:00:00+00:00,0.07594,-0.9086,False,-0.9086,False,0.0,False,0.0,False
2026-07-03T12:53:17.747893+00:00,decision_debug,BNB/USDT,SHORT,NO TRADE,0.0,62.0,E,BULLISH,12.0,0.0,15.0,19.0,4.0,OK,2026-07-03T11:00:00+00:00,566.7,-0.0353,False,0.0882,True,0.0,False,0.0,False
2026-07-03T12:53:22.901518+00:00,decision_debug,DOGE/USDT,SHORT,NO TRADE,0.0,71.0,E,BULLISH,12.0,4.0,15.0,22.0,7.0,OK,2026-07-03T11:00:00+00:00,0.07594,-0.9086,False,-0.9086,False,0.0,False,0.0,False
2026-07-03T12:58:29.982341+00:00,decision_debug,BNB/USDT,SHORT,NO TRADE,0.0,62.0,E,BULLISH,12.0,0.0,15.0,19.0,4.0,OK,2026-07-03T11:00:00+00:00,566.7,-0.0353,False,0.0882,True,0.0,False,0.0,False
2026-07-03T12:58:35.276735+00:00,decision_debug,DOGE/USDT,SHORT,NO TRADE,0.0,71.0,E,BULLISH,12.0,4.0,15.0,22.0,7.0,OK,2026-07-03T11:00:00+00:00,0.07594,-0.9086,False,-0.9086,False,0.0,False,0.0,False
2026-07-03T13:03:43.427133+00:00,decision_debug,BNB/USDT,SHORT,NO TRADE,0.0,62.0,E,BULLISH,12.0,0.0,15.0,19.0,4.0,OK,2026-07-03T12:00:00+00:00,564.9,-0.2301,False,0.0,False,0.0,False,0.0,False
2026-07-03T13:03:51.387098+00:00,decision_debug,DOGE/USDT,SHORT,NO TRADE,0.0,71.0,E,BULLISH,12.0,4.0,15.0,22.0,7.0,OK,2026-07-03T12:00:00+00:00,0.07603,-0.7892,False,0.0,False,0.0,False,0.0,False
2026-07-03T13:08:57.664247+00:00,decision_debug,SOL/USDT,SHORT,NO TRADE,0.0,56.0,E,BULLISH,9.0,7.0,19.0,21.0,2.0,OK,2026-07-03T12:00:00+00:00,81.52,-0.3189,False,0.0,False,0.0,False,0.0,False
2026-07-03T13:08:59.484180+00:00,decision_debug,BNB/USDT,SHORT,NO TRADE,0.0,68.0,E,BULLISH,12.0,0.0,15.0,21.0,6.0,OK,2026-07-03T12:00:00+00:00,564.9,-0.2301,False,0.0,False,0.0,False,0.0,False
2026-07-03T13:09:06.582437+00:00,decision_debug,DOGE/USDT,SHORT,NO TRADE,0.0,71.0,E,BULLISH,12.0,4.0,15.0,22.0,7.0,OK,2026-07-03T12:00:00+00:00,0.07603,-0.7892,False,0.0,False,0.0,False,0.0,False
2026-07-03T13:14:13.205174+00:00,decision_debug,SOL/USDT,SHORT,NO TRADE,0.0,56.0,E,BULLISH,9.0,7.0,19.0,21.0,2.0,OK,2026-07-03T12:00:00+00:00,81.52,-0.3189,False,0.0,False,0.0,False,0.0,False
2026-07-03T13:14:14.225190+00:00,decision_debug,BNB/USDT,SHORT,NO TRADE,0.0,68.0,E,BULLISH,12.0,0.0,15.0,21.0,6.0,OK,2026-07-03T12:00:00+00:00,564.9,-0.2301,False,0.0,False,0.0,False,0.0,False
2026-07-03T13:14:19.970238+00:00,decision_debug,DOGE/USDT,SHORT,NO TRADE,0.0,71.0,E,BULLISH,12.0,4.0,15.0,22.0,7.0,OK,2026-07-03T12:00:00+00:00,0.07603,-0.7892,False,0.0,False,0.0,False,0.0,False
2026-07-03T13:19:25.714264+00:00,decision_debug,SOL/USDT,SHORT,NO TRADE,0.0,56.0,E,BULLISH,9.0,7.0,19.0,21.0,2.0,OK,2026-07-03T12:00:00+00:00,81.52,-0.3189,False,0.0,False,0.0,False,0.0,False
2026-07-03T13:19:26.920330+00:00,decision_debug,BNB/USDT,SHORT,NO TRADE,0.0,68.0,E,BULLISH,12.0,0.0,15.0,21.0,6.0,OK,2026-07-03T12:00:00+00:00,564.9,-0.2301,False,0.0,False,0.0,False,0.0,False
2026-07-03T13:19:32.794116+00:00,decision_debug,DOGE/USDT,SHORT,NO TRADE,0.0,71.0,E,BULLISH,12.0,4.0,15.0,22.0,7.0,OK,2026-07-03T12:00:00+00:00,0.07603,-0.7892,False,0.0,False,0.0,False,0.0,False
2026-07-03T13:24:41.520003+00:00,decision_debug,BNB/USDT,SHORT,NO TRADE,0.0,71.0,E,BULLISH,12.0,4.0,15.0,22.0,7.0,OK,2026-07-03T12:00:00+00:00,564.9,-0.2301,False,0.0,False,0.0,False,0.0,False
2026-07-03T13:24:46.722395+00:00,decision_debug,DOGE/USDT,SHORT,NO TRADE,0.0,71.0,E,BULLISH,12.0,4.0,15.0,22.0,7.0,OK,2026-07-03T12:00:00+00:00,0.07603,-0.7892,False,0.0,False,0.0,False,0.0,False
2026-07-03T13:29:52.701464+00:00,decision_debug,SOL/USDT,SHORT,NO TRADE,0.0,56.0,E,BULLISH,9.0,7.0,19.0,21.0,2.0,OK,2026-07-03T12:00:00+00:00,81.52,-0.3189,False,0.0,False,0.0,False,0.0,False
2026-07-03T13:29:53.966236+00:00,decision_debug,BNB/USDT,SHORT,NO TRADE,0.0,71.0,E,BULLISH,12.0,4.0,15.0,22.0,7.0,OK,2026-07-03T12:00:00+00:00,564.9,-0.2301,False,0.0,False,0.0,False,0.0,False
2026-07-03T13:29:59.180175+00:00,decision_debug,DOGE/USDT,SHORT,NO TRADE,0.0,71.0,E,BULLISH,12.0,4.0,15.0,22.0,7.0,OK,2026-07-03T12:00:00+00:00,0.07603,-0.7892,False,0.0,False,0.0,False,0.0,False
2026-07-03T13:35:06.410017+00:00,decision_debug,BNB/USDT,SHORT,NO TRADE,0.0,68.0,E,BULLISH,12.0,0.0,15.0,21.0,6.0,OK,2026-07-03T12:00:00+00:00,564.9,-0.2301,False,0.0,False,0.0,False,0.0,False
2026-07-03T13:35:10.914979+00:00,decision_debug,DOGE/USDT,SHORT,NO TRADE,0.0,71.0,E,BULLISH,12.0,4.0,15.0,22.0,7.0,OK,2026-07-03T12:00:00+00:00,0.07603,-0.7892,False,0.0,False,0.0,False,0.0,False
2026-07-03T13:40:17.734042+00:00,decision_debug,BNB/USDT,SHORT,NO TRADE,0.0,68.0,E,BULLISH,12.0,0.0,15.0,21.0,6.0,OK,2026-07-03T12:00:00+00:00,564.9,-0.2301,False,0.0,False,0.0,False,0.0,False
2026-07-03T13:40:23.621174+00:00,decision_debug,DOGE/USDT,SHORT,NO TRADE,0.0,71.0,E,BULLISH,12.0,4.0,15.0,22.0,7.0,OK,2026-07-03T12:00:00+00:00,0.07603,-0.7892,False,0.0,False,0.0,False,0.0,False
2026-07-03T13:45:29.433964+00:00,decision_debug,SOL/USDT,SHORT,NO TRADE,0.0,56.0,E,BULLISH,9.0,7.0,19.0,21.0,2.0,OK,2026-07-03T12:00:00+00:00,81.52,-0.3189,False,0.0,False,0.0,False,0.0,False
2026-07-03T13:45:30.642186+00:00,decision_debug,BNB/USDT,SHORT,NO TRADE,0.0,71.0,E,BULLISH,12.0,4.0,15.0,22.0,7.0,OK,2026-07-03T12:00:00+00:00,564.9,-0.2301,False,0.0,False,0.0,False,0.0,False
2026-07-03T13:45:36.097215+00:00,decision_debug,DOGE/USDT,SHORT,NO TRADE,0.0,71.0,E,BULLISH,12.0,4.0,15.0,22.0,7.0,OK,2026-07-03T12:00:00+00:00,0.07603,-0.7892,False,0.0,False,0.0,False,0.0,False
2026-07-03T13:50:43.741889+00:00,decision_debug,BNB/USDT,SHORT,NO TRADE,0.0,71.0,E,BULLISH,12.0,4.0,15.0,22.0,7.0,OK,2026-07-03T12:00:00+00:00,564.9,-0.2301,False,0.0,False,0.0,False,0.0,False
2026-07-03T13:50:50.261363+00:00,decision_debug,DOGE/USDT,SHORT,NO TRADE,0.0,71.0,E,BULLISH,12.0,4.0,15.0,22.0,7.0,OK,2026-07-03T12:00:00+00:00,0.07603,-0.7892,False,0.0,False,0.0,False,0.0,False
2026-07-03T13:55:55.663902+00:00,decision_debug,SOL/USDT,SHORT,NO TRADE,0.0,56.0,E,BULLISH,9.0,7.0,19.0,21.0,2.0,OK,2026-07-03T12:00:00+00:00,81.52,-0.3189,False,0.0,False,0.0,False,0.0,False
2026-07-03T13:55:56.714627+00:00,decision_debug,BNB/USDT,SHORT,NO TRADE,0.0,71.0,E,BULLISH,12.0,4.0,15.0,22.0,7.0,OK,2026-07-03T12:00:00+00:00,564.9,-0.2301,False,0.0,False,0.0,False,0.0,False
2026-07-03T13:56:03.033716+00:00,decision_debug,DOGE/USDT,SHORT,NO TRADE,0.0,71.0,E,BULLISH,12.0,4.0,15.0,22.0,7.0,OK,2026-07-03T12:00:00+00:00,0.07603,-0.7892,False,0.0,False,0.0,False,0.0,False
2026-07-03T14:01:11.248211+00:00,decision_debug,BNB/USDT,SHORT,NO TRADE,0.0,68.0,E,BULLISH,12.0,0.0,15.0,21.0,6.0,OK,2026-07-03T13:00:00+00:00,566.9,0.0,False,0.0,False,0.0,False,0.0,False
2026-07-03T14:01:17.089975+00:00,decision_debug,DOGE/USDT,SHORT,NO TRADE,0.0,71.0,E,BULLISH,12.0,4.0,15.0,22.0,7.0,OK,2026-07-03T13:00:00+00:00,0.07663,0.0,False,0.0,False,0.0,False,0.0,False
2026-07-03T14:06:25.351797+00:00,decision_debug,BNB/USDT,SHORT,NO TRADE,0.0,68.0,E,BULLISH,12.0,0.0,15.0,21.0,6.0,OK,2026-07-03T13:00:00+00:00,566.9,0.0,False,0.0,False,0.0,False,0.0,False
2026-07-03T14:06:30.841791+00:00,decision_debug,DOGE/USDT,SHORT,NO TRADE,0.0,71.0,E,BULLISH,12.0,4.0,15.0,22.0,7.0,OK,2026-07-03T13:00:00+00:00,0.07663,0.0,False,0.0,False,0.0,False,0.0,False
2026-07-03T14:11:37.700077+00:00,decision_debug,BNB/USDT,SHORT,NO TRADE,0.0,68.0,E,BULLISH,12.0,0.0,15.0,21.0,6.0,OK,2026-07-03T13:00:00+00:00,566.9,0.0,False,0.0,False,0.0,False,0.0,False
2026-07-03T14:11:45.497841+00:00,decision_debug,DOGE/USDT,SHORT,NO TRADE,0.0,71.0,E,BULLISH,12.0,4.0,15.0,22.0,7.0,OK,2026-07-03T13:00:00+00:00,0.07663,0.0,False,0.0,False,0.0,False,0.0,False
2026-07-03T14:16:52.394128+00:00,decision_debug,BNB/USDT,SHORT,NO TRADE,0.0,62.0,E,BULLISH,12.0,0.0,15.0,19.0,4.0,OK,2026-07-03T13:00:00+00:00,566.9,0.0,False,0.0,False,0.0,False,0.0,False
2026-07-03T14:16:58.906659+00:00,decision_debug,DOGE/USDT,SHORT,NO TRADE,0.0,71.0,E,BULLISH,12.0,4.0,15.0,22.0,7.0,OK,2026-07-03T13:00:00+00:00,0.07663,0.0,False,0.0,False,0.0,False,0.0,False
2026-07-03T14:22:06.523794+00:00,decision_debug,BNB/USDT,SHORT,NO TRADE,0.0,56.0,E,BULLISH,12.0,0.0,14.0,16.0,2.0,OK,2026-07-03T13:00:00+00:00,566.9,0.0,False,0.0,False,0.0,False,0.0,False
2026-07-03T14:22:11.717466+00:00,decision_debug,DOGE/USDT,SHORT,NO TRADE,0.0,62.0,E,BULLISH,12.0,0.0,15.0,19.0,4.0,OK,2026-07-03T13:00:00+00:00,0.07663,0.0,False,0.0,False,0.0,False,0.0,False
2026-07-03T14:27:18.034795+00:00,decision_debug,BNB/USDT,SHORT,NO TRADE,0.0,62.0,E,BULLISH,12.0,0.0,15.0,19.0,4.0,OK,2026-07-03T13:00:00+00:00,566.9,0.0,False,0.0,False,0.0,False,0.0,False
2026-07-03T14:27:24.660339+00:00,decision_debug,DOGE/USDT,SHORT,NO TRADE,0.0,65.0,E,BULLISH,12.0,4.0,15.0,20.0,5.0,OK,2026-07-03T13:00:00+00:00,0.07663,0.0,False,0.0,False,0.0,False,0.0,False
2026-07-03T14:32:31.307157+00:00,decision_debug,BNB/USDT,SHORT,NO TRADE,0.0,62.0,E,BULLISH,12.0,0.0,15.0,19.0,4.0,OK,2026-07-03T13:00:00+00:00,566.9,0.0,False,0.0,False,0.0,False,0.0,False
2026-07-03T14:32:37.722998+00:00,decision_debug,DOGE/USDT,SHORT,NO TRADE,0.0,71.0,E,BULLISH,12.0,4.0,15.0,22.0,7.0,OK,2026-07-03T13:00:00+00:00,0.07663,0.0,False,0.0,False,0.0,False,0.0,False
2026-07-03T14:37:45.032654+00:00,decision_debug,BNB/USDT,SHORT,NO TRADE,0.0,62.0,E,BULLISH,12.0,0.0,15.0,19.0,4.0,OK,2026-07-03T13:00:00+00:00,566.9,0.0,False,0.0,False,0.0,False,0.0,False
2026-07-03T14:37:50.675092+00:00,decision_debug,DOGE/USDT,SHORT,NO TRADE,0.0,71.0,E,BULLISH,12.0,4.0,15.0,22.0,7.0,OK,2026-07-03T13:00:00+00:00,0.07663,0.0,False,0.0,False,0.0,False,0.0,False
2026-07-03T14:42:57.716073+00:00,decision_debug,BNB/USDT,SHORT,NO TRADE,0.0,62.0,E,BULLISH,12.0,0.0,15.0,19.0,4.0,OK,2026-07-03T13:00:00+00:00,566.9,0.0,False,0.0,False,0.0,False,0.0,False
2026-07-03T14:43:03.031485+00:00,decision_debug,DOGE/USDT,SHORT,NO TRADE,0.0,71.0,E,BULLISH,12.0,4.0,15.0,22.0,7.0,OK,2026-07-03T13:00:00+00:00,0.07663,0.0,False,0.0,False,0.0,False,0.0,False
2026-07-03T14:48:10.452013+00:00,decision_debug,BNB/USDT,SHORT,NO TRADE,0.0,62.0,E,BULLISH,12.0,0.0,15.0,19.0,4.0,OK,2026-07-03T13:00:00+00:00,566.9,0.0,False,0.0,False,0.0,False,0.0,False
2026-07-03T14:48:16.362071+00:00,decision_debug,DOGE/USDT,SHORT,NO TRADE,0.0,71.0,E,BULLISH,12.0,4.0,15.0,22.0,7.0,OK,2026-07-03T13:00:00+00:00,0.07663,0.0,False,0.0,False,0.0,False,0.0,False
2026-07-03T14:53:21.070300+00:00,decision_debug,SOL/USDT,SHORT,NO TRADE,0.0,56.0,E,BULLISH,9.0,7.0,19.0,21.0,2.0,OK,2026-07-03T13:00:00+00:00,81.6,0.0,False,0.0,False,0.0,False,0.0,False
2026-07-03T14:53:22.064395+00:00,decision_debug,BNB/USDT,SHORT,NO TRADE,0.0,68.0,E,BULLISH,12.0,0.0,15.0,21.0,6.0,OK,2026-07-03T13:00:00+00:00,566.9,0.0,False,0.0,False,0.0,False,0.0,False
2026-07-03T14:53:28.375827+00:00,decision_debug,DOGE/USDT,SHORT,NO TRADE,0.0,71.0,E,BULLISH,12.0,4.0,15.0,22.0,7.0,OK,2026-07-03T13:00:00+00:00,0.07663,0.0,False,0.0,False,0.0,False,0.0,False
2026-07-03T14:55:13.580780+00:00,decision_debug,SOL/USDT,SHORT,NO TRADE,0.0,56.0,E,BULLISH,9.0,7.0,19.0,21.0,2.0,OK,2026-07-03T13:00:00+00:00,81.6,0.0,False,0.0,False,0.0,False,0.0,False
2026-07-03T14:55:14.366311+00:00,decision_debug,BNB/USDT,SHORT,NO TRADE,0.0,68.0,E,BULLISH,12.0,0.0,15.0,21.0,6.0,OK,2026-07-03T13:00:00+00:00,566.9,0.0,False,0.0,False,0.0,False,0.0,False
2026-07-03T14:55:18.911454+00:00,decision_debug,DOGE/USDT,SHORT,NO TRADE,0.0,74.0,E,BULLISH,12.0,8.0,15.0,23.0,8.0,OK,2026-07-03T13:00:00+00:00,0.07663,0.0,False,0.0,False,0.0,False,0.0,False
2026-07-03T14:58:30.229078+00:00,decision_debug,SOL/USDT,SHORT,NO TRADE,0.0,56.0,E,BULLISH,9.0,7.0,19.0,21.0,2.0,OK,2026-07-03T13:00:00+00:00,81.6,0.0,False,0.0,False,0.0,False,0.0,False
2026-07-03T14:58:31.525251+00:00,decision_debug,BNB/USDT,SHORT,NO TRADE,0.0,68.0,E,BULLISH,12.0,0.0,15.0,21.0,6.0,OK,2026-07-03T13:00:00+00:00,566.9,0.0,False,0.0,False,0.0,False,0.0,False
2026-07-03T14:58:37.087401+00:00,decision_debug,DOGE/USDT,SHORT,NO TRADE,0.0,74.0,E,BULLISH,12.0,8.0,15.0,23.0,8.0,OK,2026-07-03T13:00:00+00:00,0.07663,0.0,False,0.0,False,0.0,False,0.0,False
2026-07-03T15:00:37.394783+00:00,decision_debug,SOL/USDT,SHORT,NO TRADE,0.0,56.0,E,BULLISH,9.0,7.0,19.0,21.0,2.0,OK,2026-07-03T14:00:00+00:00,81.78,0.0,False,0.0,False,0.0,False,0.0,False
2026-07-03T15:00:38.855012+00:00,decision_debug,BNB/USDT,SHORT,NO TRADE,0.0,68.0,E,BULLISH,12.0,0.0,15.0,21.0,6.0,OK,2026-07-03T14:00:00+00:00,566.2,0.0,False,0.0,False,0.0,False,0.0,False
2026-07-03T15:00:45.820765+00:00,decision_debug,DOGE/USDT,SHORT,NO TRADE,0.0,74.0,E,BULLISH,12.0,8.0,15.0,23.0,8.0,OK,2026-07-03T14:00:00+00:00,0.07663,0.0,False,0.0,False,0.0,False,0.0,False
2026-07-03T15:03:41.849474+00:00,decision_debug,SOL/USDT,SHORT,NO TRADE,0.0,56.0,E,BULLISH,9.0,7.0,19.0,21.0,2.0,OK,2026-07-03T14:00:00+00:00,81.78,0.0,False,0.0,False,0.0,False,0.0,False
2026-07-03T15:03:43.280184+00:00,decision_debug,BNB/USDT,SHORT,NO TRADE,0.0,68.0,E,BULLISH,12.0,0.0,15.0,21.0,6.0,OK,2026-07-03T14:00:00+00:00,566.2,0.0,False,0.0,False,0.0,False,0.0,False
2026-07-03T15:03:48.700096+00:00,decision_debug,DOGE/USDT,SHORT,NO TRADE,0.0,74.0,E,BULLISH,12.0,8.0,15.0,23.0,8.0,OK,2026-07-03T14:00:00+00:00,0.07663,0.0,False,0.0,False,0.0,False,0.0,False
2026-07-03T15:06:13.326773+00:00,decision_debug,SOL/USDT,SHORT,NO TRADE,0.0,56.0,E,BULLISH,9.0,7.0,19.0,21.0,2.0,OK,2026-07-03T14:00:00+00:00,81.78,0.0,False,0.0,False,0.0,False,0.0,False
2026-07-03T15:06:14.712513+00:00,decision_debug,BNB/USDT,SHORT,NO TRADE,0.0,68.0,E,BULLISH,12.0,0.0,15.0,21.0,6.0,OK,2026-07-03T14:00:00+00:00,566.2,0.0,False,0.0,False,0.0,False,0.0,False
2026-07-03T15:06:20.833553+00:00,decision_debug,DOGE/USDT,SHORT,NO TRADE,0.0,74.0,E,BULLISH,12.0,8.0,15.0,23.0,8.0,OK,2026-07-03T14:00:00+00:00,0.07663,0.0,False,0.0,False,0.0,False,0.0,False
2026-07-03T15:08:55.208289+00:00,decision_debug,BNB/USDT,SHORT,NO TRADE,0.0,71.0,E,BULLISH,12.0,4.0,15.0,22.0,7.0,OK,2026-07-03T14:00:00+00:00,566.2,0.0,False,0.0,False,0.0,False,0.0,False
2026-07-03T15:08:59.602817+00:00,decision_debug,AVAX/USDT,SHORT,NO TRADE,0.0,56.0,E,BULLISH,9.0,3.0,18.0,20.0,2.0,OK,2026-07-03T14:00:00+00:00,6.858,0.0,False,0.0,False,0.0,False,0.0,False
2026-07-03T15:09:00.591718+00:00,decision_debug,DOGE/USDT,SHORT,NO TRADE,0.0,74.0,E,BULLISH,12.0,8.0,15.0,23.0,8.0,OK,2026-07-03T14:00:00+00:00,0.07663,0.0,False,0.0,False,0.0,False,0.0,False
2026-07-03T15:12:01.058290+00:00,decision_debug,BNB/USDT,SHORT,NO TRADE,0.0,71.0,E,BULLISH,12.0,4.0,15.0,22.0,7.0,OK,2026-07-03T14:00:00+00:00,566.2,0.0,False,0.0,False,0.0,False,0.0,False
2026-07-03T15:12:06.683687+00:00,decision_debug,AVAX/USDT,SHORT,NO TRADE,0.0,56.0,E,BULLISH,9.0,3.0,18.0,20.0,2.0,OK,2026-07-03T14:00:00+00:00,6.858,0.0,False,0.0,False,0.0,False,0.0,False
2026-07-03T15:12:08.370742+00:00,decision_debug,DOGE/USDT,SHORT,NO TRADE,0.0,74.0,E,BULLISH,12.0,8.0,15.0,23.0,8.0,OK,2026-07-03T14:00:00+00:00,0.07663,0.0,False,0.0,False,0.0,False,0.0,False
2026-07-03T15:14:09.336403+00:00,decision_debug,BNB/USDT,SHORT,NO TRADE,0.0,68.0,E,BULLISH,12.0,0.0,15.0,21.0,6.0,OK,2026-07-03T14:00:00+00:00,566.2,0.0,False,0.0,False,0.0,False,0.0,False
2026-07-03T15:14:14.548461+00:00,decision_debug,DOGE/USDT,SHORT,NO TRADE,0.0,74.0,E,BULLISH,12.0,8.0,15.0,23.0,8.0,OK,2026-07-03T14:00:00+00:00,0.07663,0.0,False,0.0,False,0.0,False,0.0,False
2026-07-03T15:17:38.967090+00:00,decision_debug,BNB/USDT,SHORT,NO TRADE,0.0,68.0,E,BULLISH,12.0,0.0,15.0,21.0,6.0,OK,2026-07-03T14:00:00+00:00,566.2,0.0,False,0.0,False,0.0,False,0.0,False
2026-07-03T15:17:47.254145+00:00,decision_debug,DOGE/USDT,SHORT,NO TRADE,0.0,74.0,E,BULLISH,12.0,8.0,15.0,23.0,8.0,OK,2026-07-03T14:00:00+00:00,0.07663,0.0,False,0.0,False,0.0,False,0.0,False
2026-07-03T15:19:43.162696+00:00,decision_debug,BNB/USDT,SHORT,NO TRADE,0.0,68.0,E,BULLISH,12.0,0.0,15.0,21.0,6.0,OK,2026-07-03T14:00:00+00:00,566.2,0.0,False,0.0,False,0.0,False,0.0,False
2026-07-03T15:19:52.382885+00:00,decision_debug,DOGE/USDT,SHORT,NO TRADE,0.0,74.0,E,BULLISH,12.0,8.0,15.0,23.0,8.0,OK,2026-07-03T14:00:00+00:00,0.07663,0.0,False,0.0,False,0.0,False,0.0,False
2026-07-03T15:23:08.087993+00:00,decision_debug,BNB/USDT,SHORT,NO TRADE,0.0,62.0,E,BULLISH,12.0,0.0,15.0,19.0,4.0,OK,2026-07-03T14:00:00+00:00,566.2,0.0,False,0.0,False,0.0,False,0.0,False
2026-07-03T15:23:16.674637+00:00,decision_debug,DOGE/USDT,SHORT,NO TRADE,0.0,65.0,E,BULLISH,12.0,4.0,15.0,20.0,5.0,OK,2026-07-03T14:00:00+00:00,0.07663,0.0,False,0.0,False,0.0,False,0.0,False
2026-07-03T15:24:58.327103+00:00,decision_debug,BNB/USDT,SHORT,NO TRADE,0.0,62.0,E,BULLISH,12.0,0.0,15.0,19.0,4.0,OK,2026-07-03T14:00:00+00:00,566.2,0.0,False,0.0,False,0.0,False,0.0,False
2026-07-03T15:25:12.621266+00:00,decision_debug,BNB/USDT,SHORT,NO TRADE,0.0,62.0,E,BULLISH,12.0,0.0,15.0,19.0,4.0,OK,2026-07-03T14:00:00+00:00,566.2,0.0,False,0.0,False,0.0,False,0.0,False
2026-07-03T15:25:21.040320+00:00,decision_debug,DOGE/USDT,SHORT,NO TRADE,0.0,65.0,E,BULLISH,12.0,4.0,15.0,20.0,5.0,OK,2026-07-03T14:00:00+00:00,0.07663,0.0,False,0.0,False,0.0,False,0.0,False
2026-07-03T15:28:33.511585+00:00,decision_debug,BNB/USDT,SHORT,NO TRADE,0.0,62.0,E,BULLISH,12.0,0.0,15.0,19.0,4.0,OK,2026-07-03T14:00:00+00:00,566.2,0.0,False,0.0,False,0.0,False,0.0,False
2026-07-03T15:28:39.471111+00:00,decision_debug,DOGE/USDT,SHORT,NO TRADE,0.0,65.0,E,BULLISH,12.0,4.0,15.0,20.0,5.0,OK,2026-07-03T14:00:00+00:00,0.07663,0.0,False,0.0,False,0.0,False,0.0,False
2026-07-03T15:30:28.710754+00:00,decision_debug,BNB/USDT,SHORT,NO TRADE,0.0,62.0,E,BULLISH,12.0,0.0,15.0,19.0,4.0,OK,2026-07-03T14:00:00+00:00,566.2,0.0,False,0.0,False,0.0,False,0.0,False
2026-07-03T15:30:35.770415+00:00,decision_debug,DOGE/USDT,SHORT,NO TRADE,0.0,65.0,E,BULLISH,12.0,4.0,15.0,20.0,5.0,OK,2026-07-03T14:00:00+00:00,0.07663,0.0,False,0.0,False,0.0,False,0.0,False
2026-07-03T15:34:06.778470+00:00,decision_debug,BNB/USDT,SHORT,NO TRADE,0.0,62.0,E,BULLISH,12.0,0.0,15.0,19.0,4.0,OK,2026-07-03T14:00:00+00:00,566.2,0.0,False,0.0,False,0.0,False,0.0,False
2026-07-03T15:34:24.967811+00:00,decision_debug,DOGE/USDT,SHORT,NO TRADE,0.0,65.0,E,BULLISH,12.0,4.0,15.0,20.0,5.0,OK,2026-07-03T14:00:00+00:00,0.07663,0.0,False,0.0,False,0.0,False,0.0,False
2026-07-03T15:35:46.829850+00:00,decision_debug,BNB/USDT,SHORT,NO TRADE,0.0,62.0,E,BULLISH,12.0,0.0,15.0,19.0,4.0,OK,2026-07-03T14:00:00+00:00,566.2,0.0,False,0.0,False,0.0,False,0.0,False
2026-07-03T15:35:55.055185+00:00,decision_debug,DOGE/USDT,SHORT,NO TRADE,0.0,65.0,E,BULLISH,12.0,4.0,15.0,20.0,5.0,OK,2026-07-03T14:00:00+00:00,0.07663,0.0,False,0.0,False,0.0,False,0.0,False
2026-07-03T15:39:46.217290+00:00,decision_debug,BNB/USDT,SHORT,NO TRADE,0.0,62.0,E,BULLISH,12.0,0.0,15.0,19.0,4.0,OK,2026-07-03T14:00:00+00:00,566.2,0.0,False,0.0,False,0.0,False,0.0,False
2026-07-03T15:39:53.695562+00:00,decision_debug,DOGE/USDT,SHORT,NO TRADE,0.0,65.0,E,BULLISH,12.0,4.0,15.0,20.0,5.0,OK,2026-07-03T14:00:00+00:00,0.07663,0.0,False,0.0,False,0.0,False,0.0,False
2026-07-03T15:41:03.085220+00:00,decision_debug,BNB/USDT,SHORT,NO TRADE,0.0,62.0,E,BULLISH,12.0,0.0,15.0,19.0,4.0,OK,2026-07-03T14:00:00+00:00,566.2,0.0,False,0.0,False,0.0,False,0.0,False
2026-07-03T15:41:19.898052+00:00,decision_debug,DOGE/USDT,SHORT,NO TRADE,0.0,65.0,E,BULLISH,12.0,4.0,15.0,20.0,5.0,OK,2026-07-03T14:00:00+00:00,0.07663,0.0,False,0.0,False,0.0,False,0.0,False
